{
"type": "FeatureCollection",
"name": "geo_0_町丁目境界01",
"crs": { "type": "name", "properties": { "name": "urn:ogc:def:crs:EPSG::4612" } },
"features": [
{ "type": "Feature", "properties": { "CITY_NAME": "別府市", "S_NAME": "幸町", "JINKO": 928, "medical_area": "44_東部医療圏", "町丁目名": "別府市幸町" }, "geometry": { "type": "Polygon", "coordinates": [ [ [ 131.496250951802637, 33.288469495587712 ], [ 131.498187641832601, 33.288312277047176 ], [ 131.498954199624762, 33.286663214479951 ], [ 131.498806935110082, 33.286651576339636 ], [ 131.499059255415034, 33.284745354280091 ], [ 131.496729753517855, 33.284527356870584 ], [ 131.496250951802637, 33.288469495587712 ] ] ] } },
{ "type": "Feature", "properties": { "CITY_NAME": "別府市", "S_NAME": "富士見町", "JINKO": 617, "medical_area": "44_東部医療圏", "町丁目名": "別府市富士見町" }, "geometry": { "type": "Polygon", "coordinates": [ [ [ 131.500852786409837, 33.288493656275065 ], [ 131.50139174065734, 33.284960796981792 ], [ 131.499059255415034, 33.284745354280091 ], [ 131.498806935110082, 33.286651576339636 ], [ 131.498954199624762, 33.286663214479951 ], [ 131.498187641832601, 33.288312277047176 ], [ 131.500852786409837, 33.288493656275065 ] ] ] } },
{ "type": "Feature", "properties": { "CITY_NAME": "別府市", "S_NAME": "野口中町", "JINKO": 973, "medical_area": "44_東部医療圏", "町丁目名": "別府市野口中町" }, "geometry": { "type": "Polygon", "coordinates": [ [ [ 131.499631698613939, 33.280100166452776 ], [ 131.499221663310351, 33.280049488682046 ], [ 131.497199896077603, 33.280626362294164 ], [ 131.496729753517855, 33.284527356870584 ], [ 131.499059255415034, 33.284745354280091 ], [ 131.499631698613939, 33.280100166452776 ] ] ] } },
{ "type": "Feature", "properties": { "CITY_NAME": "別府市", "S_NAME": "野口元町", "JINKO": 519, "medical_area": "44_東部医療圏", "町丁目名": "別府市野口元町" }, "geometry": { "type": "Polygon", "coordinates": [ [ [ 131.499816503234086, 33.283446791932434 ], [ 131.499860430617133, 33.283021971087877 ], [ 131.500289123426768, 33.283215436798415 ], [ 131.500408471254985, 33.282924770412698 ], [ 131.500705762130224, 33.282868512331099 ], [ 131.500543549897657, 33.282512244885801 ], [ 131.500748312610028, 33.282503483316141 ], [ 131.500862847068021, 33.282345760698291 ], [ 131.50076376278119, 33.282216948092433 ], [ 131.501464967065033, 33.282029136152488 ], [ 131.500367490233032, 33.280181467208692 ], [ 131.499631698613939, 33.280100166452776 ], [ 131.499204442136886, 33.283394500659618 ], [ 131.499816503234086, 33.283446791932434 ] ] ] } },
{ "type": "Feature", "properties": { "CITY_NAME": "別府市", "S_NAME": "野口元町", "JINKO": 405, "medical_area": "44_東部医療圏", "町丁目名": "別府市野口元町" }, "geometry": { "type": "Polygon", "coordinates": [ [ [ 131.50139174065734, 33.284960796981792 ], [ 131.501650019117903, 33.282787770069987 ], [ 131.501464967065033, 33.282029136152488 ], [ 131.50076376278119, 33.282216948092433 ], [ 131.500862847068021, 33.282345760698291 ], [ 131.500748312610028, 33.282503483316141 ], [ 131.500543549897657, 33.282512244885801 ], [ 131.500705762130224, 33.282868512331099 ], [ 131.500408471254985, 33.282924770412698 ], [ 131.500289123426768, 33.283215436798415 ], [ 131.499860430617133, 33.283021971087877 ], [ 131.499816503234086, 33.283446791932434 ], [ 131.499204442136886, 33.283394500659618 ], [ 131.499059255415034, 33.284745354280091 ], [ 131.50139174065734, 33.284960796981792 ] ] ] } },
{ "type": "Feature", "properties": { "CITY_NAME": "別府市", "S_NAME": "駅前本町", "JINKO": 411, "medical_area": "44_東部医療圏", "町丁目名": "別府市駅前本町" }, "geometry": { "type": "Polygon", "coordinates": [ [ [ 131.503283399211853, 33.279239844715256 ], [ 131.502318673511098, 33.279126764821555 ], [ 131.500987844983854, 33.279560733809987 ], [ 131.501260114990146, 33.28008808614382 ], [ 131.500853642514528, 33.280218118445347 ], [ 131.501377469316395, 33.281475204042984 ], [ 131.501246588789797, 33.281525375160484 ], [ 131.50154691082696, 33.282304679495418 ], [ 131.502862469554373, 33.282413690797348 ], [ 131.503283399211853, 33.279239844715256 ] ] ] } },
{ "type": "Feature", "properties": { "CITY_NAME": "別府市", "S_NAME": "駅前町", "JINKO": 347, "medical_area": "44_東部医療圏", "町丁目名": "別府市駅前町" }, "geometry": { "type": "Polygon", "coordinates": [ [ [ 131.500091467110138, 33.277538319655648 ], [ 131.499250809836269, 33.2777539226635 ], [ 131.499614859365039, 33.278810677459667 ], [ 131.501246588789797, 33.281525375160484 ], [ 131.501377469316395, 33.281475204042984 ], [ 131.500853642514528, 33.280218118445347 ], [ 131.501260114990146, 33.28008808614382 ], [ 131.500987844983854, 33.279560733809987 ], [ 131.502318673511098, 33.279126764821555 ], [ 131.502680454497522, 33.277770760530061 ], [ 131.500091467110138, 33.277538319655648 ] ] ] } },
{ "type": "Feature", "properties": { "CITY_NAME": "別府市", "S_NAME": "上野口町", "JINKO": 332, "medical_area": "44_東部医療圏", "町丁目名": "別府市上野口町" }, "geometry": { "type": "Polygon", "coordinates": [ [ [ 131.492759796196935, 33.28526901401213 ], [ 131.492781883873278, 33.285111447471188 ], [ 131.493066446665523, 33.285103971036399 ], [ 131.492947385653025, 33.286108041152033 ], [ 131.493982812482301, 33.28487853315012 ], [ 131.494098498824798, 33.284271162374822 ], [ 131.493177626005604, 33.284188923046742 ], [ 131.49326579992865, 33.283550773482816 ], [ 131.494252718758077, 33.283632923038979 ], [ 131.494357722475797, 33.282976426228515 ], [ 131.49391431888759, 33.282928262709163 ], [ 131.494039551048445, 33.282296357314195 ], [ 131.494578672809979, 33.282333637798985 ], [ 131.494685044404633, 33.281477731058331 ], [ 131.494343449865482, 33.281446377607288 ], [ 131.494407361180777, 33.280982852326389 ], [ 131.493639447590283, 33.28091007501375 ], [ 131.493713140777345, 33.280322686436982 ], [ 131.48905049410277, 33.279874963007735 ], [ 131.488396593506423, 33.285196576768669 ], [ 131.48877922702232, 33.2852509539929 ], [ 131.489422031836654, 33.285873735148883 ], [ 131.489936900028113, 33.286105412343296 ], [ 131.490003318113253, 33.286429802705797 ], [ 131.4901131742605, 33.286082458462566 ], [ 131.491392540870862, 33.285846198511884 ], [ 131.492759796196935, 33.28526901401213 ] ] ] } },
{ "type": "Feature", "properties": { "CITY_NAME": "別府市", "S_NAME": "上野口町", "JINKO": 774, "medical_area": "44_東部医療圏", "町丁目名": "別府市上野口町" }, "geometry": { "type": "Polygon", "coordinates": [ [ [ 131.492587942293653, 33.288924244240803 ], [ 131.493066446665523, 33.285103971036399 ], [ 131.492781883873278, 33.285111447471188 ], [ 131.492750567033369, 33.285334792600679 ], [ 131.492544891738902, 33.285438278009501 ], [ 131.49102516650666, 33.285954546983014 ], [ 131.4901131742605, 33.286082458462566 ], [ 131.489596199486982, 33.287037381055256 ], [ 131.488153246294075, 33.28854795252245 ], [ 131.487336973244282, 33.289077534768282 ], [ 131.486760218359336, 33.290022642031929 ], [ 131.488806808220289, 33.290000901643261 ], [ 131.492587942293653, 33.288924244240803 ] ] ] } },
{ "type": "Feature", "properties": { "CITY_NAME": "別府市", "S_NAME": "天満町", "JINKO": 317, "medical_area": "44_東部医療圏", "町丁目名": "別府市天満町" }, "geometry": { "type": "Polygon", "coordinates": [ [ [ 131.496729753517855, 33.284527356870584 ], [ 131.494098498824798, 33.284271162374822 ], [ 131.493982812482301, 33.28487853315012 ], [ 131.493413889477011, 33.28548137043996 ], [ 131.496562627328188, 33.285776890976287 ], [ 131.496729753517855, 33.284527356870584 ] ] ] } },
{ "type": "Feature", "properties": { "CITY_NAME": "別府市", "S_NAME": "天満町", "JINKO": 839, "medical_area": "44_東部医療圏", "町丁目名": "別府市天満町" }, "geometry": { "type": "Polygon", "coordinates": [ [ [ 131.496562627328188, 33.285776890976287 ], [ 131.493413889477011, 33.28548137043996 ], [ 131.492947385653025, 33.286108041152033 ], [ 131.492587942293653, 33.288924244240803 ], [ 131.496250951802637, 33.288469495587712 ], [ 131.496562627328188, 33.285776890976287 ] ] ] } },
{ "type": "Feature", "properties": { "CITY_NAME": "別府市", "S_NAME": "楠町", "JINKO": 293, "medical_area": "44_東部医療圏", "町丁目名": "別府市楠町" }, "geometry": { "type": "Polygon", "coordinates": [ [ [ 131.504881629170541, 33.276646682177514 ], [ 131.504934997238507, 33.276263461749757 ], [ 131.505520833475998, 33.276103479725208 ], [ 131.505353410246613, 33.276077215785222 ], [ 131.505569051888045, 33.275305149181385 ], [ 131.505767614867409, 33.27512055209219 ], [ 131.502968069031624, 33.274925087132203 ], [ 131.502852449428872, 33.276460919328343 ], [ 131.504881629170541, 33.276646682177514 ] ] ] } },
{ "type": "Feature", "properties": { "CITY_NAME": "別府市", "S_NAME": "楠町", "JINKO": 113, "medical_area": "44_東部医療圏", "町丁目名": "別府市楠町" }, "geometry": { "type": "Polygon", "coordinates": [ [ [ 131.50836887988541, 33.277354487649255 ], [ 131.509379559928647, 33.277076233621699 ], [ 131.509598151505656, 33.274998747341336 ], [ 131.509495094618387, 33.274993745013724 ], [ 131.509277331502716, 33.277034281770753 ], [ 131.508747967565483, 33.27719152952686 ], [ 131.508294571918242, 33.277311500756525 ], [ 131.508476822704466, 33.275625507511158 ], [ 131.508777357741081, 33.275618853254528 ], [ 131.508470254413879, 33.27559938341701 ], [ 131.508507328407205, 33.27533592476231 ], [ 131.50903127373158, 33.275350020202758 ], [ 131.505767614867409, 33.27512055209219 ], [ 131.505569051888045, 33.275305149181385 ], [ 131.505353410246613, 33.276077215785222 ], [ 131.505520833475998, 33.276103479725208 ], [ 131.504934997238507, 33.276263461749757 ], [ 131.504881629170541, 33.276646682177514 ], [ 131.507016773474589, 33.276852976681695 ], [ 131.506965403265724, 33.277461545460362 ], [ 131.508001074261927, 33.277603954988251 ], [ 131.50836887988541, 33.277354487649255 ] ] ] } },
{ "type": "Feature", "properties": { "CITY_NAME": "別府市", "S_NAME": "元町", "JINKO": 438, "medical_area": "44_東部医療圏", "町丁目名": "別府市元町" }, "geometry": { "type": "Polygon", "coordinates": [ [ [ 131.507359463697867, 33.278201228079894 ], [ 131.507533616347843, 33.277485647016427 ], [ 131.506965403265724, 33.277461545460362 ], [ 131.507016773474589, 33.276852976681695 ], [ 131.502852449428843, 33.276460919328343 ], [ 131.502680454497522, 33.277770760530061 ], [ 131.507359463697867, 33.278201228079894 ] ] ] } },
{ "type": "Feature", "properties": { "CITY_NAME": "別府市", "S_NAME": "北浜一丁目", "JINKO": 291, "medical_area": "44_東部医療圏", "町丁目名": "別府市北浜一丁目" }, "geometry": { "type": "Polygon", "coordinates": [ [ [ 131.506210735424389, 33.279568815555315 ], [ 131.506281457871239, 33.27924175344706 ], [ 131.507985322988986, 33.279254683367355 ], [ 131.508304715080783, 33.277939951428131 ], [ 131.508527828014877, 33.27772983463484 ], [ 131.508253075945959, 33.277922128474387 ], [ 131.507967143868939, 33.279143278423746 ], [ 131.507783703892358, 33.279168384804358 ], [ 131.507272453245037, 33.279119974193726 ], [ 131.507359463697867, 33.278201228079894 ], [ 131.502680454497522, 33.277770760530061 ], [ 131.502318673511098, 33.279126764821555 ], [ 131.506210735424389, 33.279568815555315 ] ] ] } },
{ "type": "Feature", "properties": { "CITY_NAME": "別府市", "S_NAME": "北浜二丁目", "JINKO": 126, "medical_area": "44_東部医療圏", "町丁目名": "別府市北浜二丁目" }, "geometry": { "type": "Polygon", "coordinates": [ [ [ 131.505788529755904, 33.281330199649219 ], [ 131.505987920979976, 33.280644880638796 ], [ 131.507225323016115, 33.280657820986846 ], [ 131.507192173739952, 33.280826831059045 ], [ 131.507596371724077, 33.280896355189 ], [ 131.507985322988986, 33.279254683367355 ], [ 131.506281457871239, 33.27924175344706 ], [ 131.506210735424389, 33.279568815555315 ], [ 131.503283399211853, 33.279239844715256 ], [ 131.503019717760509, 33.281104373956026 ], [ 131.505788529755904, 33.281330199649219 ] ] ] } },
{ "type": "Feature", "properties": { "CITY_NAME": "別府市", "S_NAME": "北浜三丁目", "JINKO": 345, "medical_area": "44_東部医療圏", "町丁目名": "別府市北浜三丁目" }, "geometry": { "type": "Polygon", "coordinates": [ [ [ 131.507112159175819, 33.282851056085555 ], [ 131.507596371724077, 33.280896355189 ], [ 131.507192173739952, 33.280826831059045 ], [ 131.507225323016115, 33.280657820986846 ], [ 131.505987920979976, 33.280644880638796 ], [ 131.505788529755904, 33.281330199649219 ], [ 131.503019717760509, 33.281104373956026 ], [ 131.502862469554373, 33.282413690797348 ], [ 131.505359883679887, 33.282657292294566 ], [ 131.505411134596585, 33.282478511379388 ], [ 131.507112159175819, 33.282851056085555 ] ] ] } },
{ "type": "Feature", "properties": { "CITY_NAME": "別府市", "S_NAME": "南的ケ浜町", "JINKO": 498, "medical_area": "44_東部医療圏", "町丁目名": "別府市南的ケ浜町" }, "geometry": { "type": "Polygon", "coordinates": [ [ [ 131.505192973750013, 33.28573127632017 ], [ 131.506214822784756, 33.282614195043188 ], [ 131.50154691082696, 33.282304679495418 ], [ 131.501601145469721, 33.283610144553769 ], [ 131.504955447629186, 33.283923631340777 ], [ 131.504511792868925, 33.285723028322941 ], [ 131.506135089240502, 33.286056809902213 ], [ 131.506172061870245, 33.285939087683573 ], [ 131.505192973750013, 33.28573127632017 ] ] ] } },
{ "type": "Feature", "properties": { "CITY_NAME": "別府市", "S_NAME": "北的ケ浜町", "JINKO": 466, "medical_area": "44_東部医療圏", "町丁目名": "別府市北的ケ浜町" }, "geometry": { "type": "Polygon", "coordinates": [ [ [ 131.504591396240215, 33.285263164414431 ], [ 131.504955447629186, 33.283923631340777 ], [ 131.501601145469721, 33.283610144553769 ], [ 131.50139174065734, 33.284960796981792 ], [ 131.504591396240215, 33.285263164414431 ] ] ] } },
{ "type": "Feature", "properties": { "CITY_NAME": "別府市", "S_NAME": "弓ケ浜町", "JINKO": 277, "medical_area": "44_東部医療圏", "町丁目名": "別府市弓ケ浜町" }, "geometry": { "type": "Polygon", "coordinates": [ [ [ 131.504591396240215, 33.285263164414431 ], [ 131.50139174065734, 33.284960796981792 ], [ 131.501175919590821, 33.28621864498659 ], [ 131.504378025185162, 33.286510759518862 ], [ 131.504591396240215, 33.285263164414431 ] ] ] } },
{ "type": "Feature", "properties": { "CITY_NAME": "別府市", "S_NAME": "京町", "JINKO": 625, "medical_area": "44_東部医療圏", "町丁目名": "別府市京町" }, "geometry": { "type": "Polygon", "coordinates": [ [ [ 131.504136527130299, 33.288884949445659 ], [ 131.504168471831861, 33.288693177101884 ], [ 131.505243072960781, 33.288827020037637 ], [ 131.506135089240502, 33.286056809902213 ], [ 131.504511792868925, 33.285723028322941 ], [ 131.504378025185162, 33.286510759518862 ], [ 131.501175919590821, 33.28621864498659 ], [ 131.500852786409837, 33.288493656275065 ], [ 131.504136527130299, 33.288884949445659 ] ] ] } },
{ "type": "Feature", "properties": { "CITY_NAME": "別府市", "S_NAME": "若草町", "JINKO": 819, "medical_area": "44_東部医療圏", "町丁目名": "別府市若草町" }, "geometry": { "type": "Polygon", "coordinates": [ [ [ 131.504046362778297, 33.292274660966086 ], [ 131.50443385999381, 33.290203559624842 ], [ 131.505315582878069, 33.290246005542109 ], [ 131.505830237937772, 33.28919518170062 ], [ 131.505278805518998, 33.290195641165248 ], [ 131.504496965051942, 33.290157319012891 ], [ 131.504324615910122, 33.290058820351149 ], [ 131.504522310445367, 33.289153570861089 ], [ 131.505208877306927, 33.289239164545492 ], [ 131.505286989556652, 33.289199168687411 ], [ 131.504085158244919, 33.289083471282815 ], [ 131.504136527130299, 33.288884949445659 ], [ 131.500939033279252, 33.288504778679652 ], [ 131.500423607981105, 33.291691161956031 ], [ 131.503191434683714, 33.291731292143091 ], [ 131.503095744656122, 33.292107619820023 ], [ 131.504046362778297, 33.292274660966086 ] ] ] } },
{ "type": "Feature", "properties": { "CITY_NAME": "別府市", "S_NAME": "餅ケ浜町", "JINKO": 766, "medical_area": "44_東部医療圏", "町丁目名": "別府市餅ケ浜町" }, "geometry": { "type": "Polygon", "coordinates": [ [ [ 131.503542199992779, 33.294973880657302 ], [ 131.504046362778297, 33.292274660966086 ], [ 131.503095744656122, 33.292107619820023 ], [ 131.503191434683714, 33.291731292143091 ], [ 131.500423607981105, 33.291691161956031 ], [ 131.500157137227859, 33.295929208654734 ], [ 131.503492615633178, 33.296061599924229 ], [ 131.503542199992779, 33.294973880657302 ] ] ] } },
{ "type": "Feature", "properties": { "CITY_NAME": "別府市", "S_NAME": "新港町", "JINKO": 373, "medical_area": "44_東部医療圏", "町丁目名": "別府市新港町" }, "geometry": { "type": "Polygon", "coordinates": [ [ [ 131.502376067215835, 33.299712867489013 ], [ 131.502378898435524, 33.299181874745074 ], [ 131.503922938503052, 33.299198303665996 ], [ 131.503806505597481, 33.298928815292378 ], [ 131.503422695557418, 33.299035868026415 ], [ 131.50343377668932, 33.29853263522255 ], [ 131.503683094432603, 33.298569527088603 ], [ 131.503433626689144, 33.298506501145326 ], [ 131.50344392904509, 33.298058291142723 ], [ 131.503775835368259, 33.298080369822273 ], [ 131.503444910794258, 33.298039335609161 ], [ 131.503448355831949, 33.297894160317824 ], [ 131.503985289364863, 33.297902797684841 ], [ 131.505422081643445, 33.298666165416279 ], [ 131.505730407949471, 33.298505271252075 ], [ 131.506509674884626, 33.299568876858764 ], [ 131.505779533703446, 33.298455474770641 ], [ 131.503387127678906, 33.297143236894762 ], [ 131.503492615633178, 33.296061599924229 ], [ 131.500157137227859, 33.295929208654734 ], [ 131.499998489460012, 33.29975610643713 ], [ 131.501004753862134, 33.299778431730246 ], [ 131.501271157650223, 33.299626030142875 ], [ 131.502376067215835, 33.299712867489013 ] ] ] } },
{ "type": "Feature", "properties": { "CITY_NAME": "別府市", "S_NAME": "中央町", "JINKO": 307, "medical_area": "44_東部医療圏", "町丁目名": "別府市中央町" }, "geometry": { "type": "Polygon", "coordinates": [ [ [ 131.502680454497522, 33.277770760530061 ], [ 131.502852449428872, 33.276460919328343 ], [ 131.498954545462539, 33.276110556086117 ], [ 131.499250809836269, 33.2777539226635 ], [ 131.500093175748304, 33.277514943119044 ], [ 131.502680454497522, 33.277770760530061 ] ] ] } },
{ "type": "Feature", "properties": { "CITY_NAME": "別府市", "S_NAME": "西野口町", "JINKO": 1153, "medical_area": "44_東部医療圏", "町丁目名": "別府市西野口町" }, "geometry": { "type": "Polygon", "coordinates": [ [ [ 131.496729753517855, 33.284527356870584 ], [ 131.497199896077603, 33.280626362294164 ], [ 131.493713140777345, 33.280322686436982 ], [ 131.493639447590283, 33.28091007501375 ], [ 131.494407361180777, 33.280982852326389 ], [ 131.494343449865482, 33.281446377607288 ], [ 131.494685044404633, 33.281477731058331 ], [ 131.494608823268976, 33.2821202510425 ], [ 131.494578672809979, 33.282333637798985 ], [ 131.494039551048445, 33.282296357314195 ], [ 131.49391431888759, 33.282928262709163 ], [ 131.494357722475797, 33.282976426228515 ], [ 131.494252718758077, 33.283632923038979 ], [ 131.49326579992865, 33.283550773482816 ], [ 131.493177626005604, 33.284188923046742 ], [ 131.496729753517855, 33.284527356870584 ] ] ] } },
{ "type": "Feature", "properties": { "CITY_NAME": "別府市", "S_NAME": "田の湯町", "JINKO": 798, "medical_area": "44_東部医療圏", "町丁目名": "別府市田の湯町" }, "geometry": { "type": "Polygon", "coordinates": [ [ [ 131.499069797185626, 33.280089561819317 ], [ 131.500367490233032, 33.280181467208692 ], [ 131.499614859365039, 33.278810677459667 ], [ 131.499250809836269, 33.2777539226635 ], [ 131.498954545462539, 33.276110556086117 ], [ 131.497789557640289, 33.275993233338632 ], [ 131.497199896077603, 33.280626362294164 ], [ 131.499069797185626, 33.280089561819317 ] ] ] } },
{ "type": "Feature", "properties": { "CITY_NAME": "別府市", "S_NAME": "上田の湯町", "JINKO": 1268, "medical_area": "44_東部医療圏", "町丁目名": "別府市上田の湯町" }, "geometry": { "type": "Polygon", "coordinates": [ [ [ 131.497789557640289, 33.275993233338632 ], [ 131.494323390890571, 33.275669419830436 ], [ 131.493713140777345, 33.280322686436982 ], [ 131.497199896077603, 33.280626362294164 ], [ 131.497789557640289, 33.275993233338632 ] ] ] } },
{ "type": "Feature", "properties": { "CITY_NAME": "別府市", "S_NAME": "青山町", "JINKO": 1064, "medical_area": "44_東部医療圏", "町丁目名": "別府市青山町" }, "geometry": { "type": "Polygon", "coordinates": [ [ [ 131.494321184355869, 33.275686793132195 ], [ 131.493114648367055, 33.275656095882219 ], [ 131.492109002959097, 33.275992214192733 ], [ 131.489501034130399, 33.277882770974664 ], [ 131.489253706229675, 33.278277668930443 ], [ 131.48905049410277, 33.279874963007735 ], [ 131.493713140777345, 33.280322686436982 ], [ 131.494321184355869, 33.275686793132195 ] ] ] } },
{ "type": "Feature", "properties": { "CITY_NAME": "別府市", "S_NAME": "上原町", "JINKO": 737, "medical_area": "44_東部医療圏", "町丁目名": "別府市上原町" }, "geometry": { "type": "Polygon", "coordinates": [ [ [ 131.489305462786888, 33.277870821154593 ], [ 131.484890128401361, 33.277496588996733 ], [ 131.484601455256012, 33.277708255630316 ], [ 131.484423508205083, 33.279409137579172 ], [ 131.489057319930367, 33.279821135468723 ], [ 131.489305462786888, 33.277870821154593 ] ] ] } },
{ "type": "Feature", "properties": { "CITY_NAME": "別府市", "S_NAME": "山の手町", "JINKO": 835, "medical_area": "44_東部医療圏", "町丁目名": "別府市山の手町" }, "geometry": { "type": "Polygon", "coordinates": [ [ [ 131.488563425022249, 33.283746934277296 ], [ 131.489057319930396, 33.279821135468723 ], [ 131.484423508205083, 33.279409137579172 ], [ 131.483955341372535, 33.283422853646613 ], [ 131.488563425022249, 33.283746934277296 ] ] ] } },
{ "type": "Feature", "properties": { "CITY_NAME": "別府市", "S_NAME": "原町", "JINKO": 936, "medical_area": "44_東部医療圏", "町丁目名": "別府市原町" }, "geometry": { "type": "Polygon", "coordinates": [ [ [ 131.489305462786888, 33.277870821154593 ], [ 131.489785212800172, 33.274099148867322 ], [ 131.489697578387222, 33.274011093558251 ], [ 131.488030337121216, 33.275134216939534 ], [ 131.487550950859202, 33.275074836314417 ], [ 131.487123298191563, 33.27451225510471 ], [ 131.48684810016502, 33.273788539712797 ], [ 131.485920835091349, 33.273218616865258 ], [ 131.486181031317813, 33.273722006997843 ], [ 131.485790880872543, 33.276796231342267 ], [ 131.484713863522984, 33.277546667468329 ], [ 131.489305462786888, 33.277870821154593 ] ] ] } },
{ "type": "Feature", "properties": { "CITY_NAME": "別府市", "S_NAME": "中島町", "JINKO": 1334, "medical_area": "44_東部医療圏", "町丁目名": "別府市中島町" }, "geometry": { "type": "Polygon", "coordinates": [ [ [ 131.493303674347828, 33.275632124530368 ], [ 131.494321184355869, 33.275686793132195 ], [ 131.494551163609685, 33.273427912627035 ], [ 131.493471289103269, 33.272946056133115 ], [ 131.492721007082594, 33.272809362732481 ], [ 131.490861929271006, 33.273209659512247 ], [ 131.489697578387222, 33.274011093558251 ], [ 131.489253706229675, 33.278277668930443 ], [ 131.489501034130399, 33.277882770974664 ], [ 131.49188598763368, 33.276109093199054 ], [ 131.493303674347828, 33.275632124530368 ] ] ] } },
{ "type": "Feature", "properties": { "CITY_NAME": "別府市", "S_NAME": "光町", "JINKO": 335, "medical_area": "44_東部医療圏", "町丁目名": "別府市光町" }, "geometry": { "type": "Polygon", "coordinates": [ [ [ 131.499477550506384, 33.274428535602112 ], [ 131.500413742323815, 33.272088627356453 ], [ 131.499704586510887, 33.272267821627771 ], [ 131.498815625524344, 33.272250245549522 ], [ 131.498200430634569, 33.272610973638535 ], [ 131.49800410643897, 33.274299973421002 ], [ 131.499477550506384, 33.274428535602112 ] ] ] } },
{ "type": "Feature", "properties": { "CITY_NAME": "別府市", "S_NAME": "光町", "JINKO": 673, "medical_area": "44_東部医療圏", "町丁目名": "別府市光町" }, "geometry": { "type": "Polygon", "coordinates": [ [ [ 131.499477550506384, 33.274428535602112 ], [ 131.49452870992593, 33.274099896215489 ], [ 131.494323390890571, 33.275669419830436 ], [ 131.498954545462539, 33.276110556086117 ], [ 131.499477550506384, 33.274428535602112 ] ] ] } },
{ "type": "Feature", "properties": { "CITY_NAME": "別府市", "S_NAME": "光町", "JINKO": 233, "medical_area": "44_東部医療圏", "町丁目名": "別府市光町" }, "geometry": { "type": "Polygon", "coordinates": [ [ [ 131.498002600508073, 33.274315053239349 ], [ 131.498200430634569, 33.272610973638535 ], [ 131.496389334584819, 33.2733550322748 ], [ 131.494551163609685, 33.273427912627035 ], [ 131.49452870992593, 33.274099896215489 ], [ 131.498002600508073, 33.274315053239349 ] ] ] } },
{ "type": "Feature", "properties": { "CITY_NAME": "別府市", "S_NAME": "朝見一丁目", "JINKO": 1117, "medical_area": "44_東部医療圏", "町丁目名": "別府市朝見一丁目" }, "geometry": { "type": "Polygon", "coordinates": [ [ [ 131.499048842843649, 33.272205791178287 ], [ 131.499704586510887, 33.272267821627771 ], [ 131.500413742323815, 33.272088627356453 ], [ 131.501285249031184, 33.270352191842989 ], [ 131.50233622367972, 33.269496223915219 ], [ 131.503204713576224, 33.269133605563979 ], [ 131.502708254890109, 33.268474643611441 ], [ 131.501372594756049, 33.265779988441977 ], [ 131.495823159520455, 33.26609183962573 ], [ 131.496608997509099, 33.269025375994957 ], [ 131.496948187152185, 33.268742876024135 ], [ 131.497738206266774, 33.268467518266945 ], [ 131.498124511381292, 33.269205417807356 ], [ 131.496865840371726, 33.270110416346036 ], [ 131.496712202140287, 33.270767024634146 ], [ 131.496431517780735, 33.271118613569548 ], [ 131.495732348191581, 33.271520675906039 ], [ 131.4957118032018, 33.271674801458758 ], [ 131.498252511055938, 33.272574610661785 ], [ 131.499048842843649, 33.272205791178287 ] ] ] } },
{ "type": "Feature", "properties": { "CITY_NAME": "別府市", "S_NAME": "朝見二丁目", "JINKO": 544, "medical_area": "44_東部医療圏", "町丁目名": "別府市朝見二丁目" }, "geometry": { "type": "Polygon", "coordinates": [ [ [ 131.496810019116225, 33.270232597198657 ], [ 131.498124511381292, 33.269205417807356 ], [ 131.497738206266774, 33.268467518266945 ], [ 131.496948187152128, 33.268742876024135 ], [ 131.496608997509099, 33.269025375994957 ], [ 131.496453419795984, 33.268597712268793 ], [ 131.495925947910678, 33.26896623066007 ], [ 131.495968952369736, 33.269395351895199 ], [ 131.49584184896645, 33.269510602987914 ], [ 131.494279007731308, 33.269091297225941 ], [ 131.493986828538738, 33.268384122254659 ], [ 131.493743715455935, 33.268398429462074 ], [ 131.493235643594346, 33.268920062191263 ], [ 131.492030253274919, 33.268910096408398 ], [ 131.491796152141291, 33.268650488769694 ], [ 131.490244559419352, 33.268190385829698 ], [ 131.489939322973953, 33.267970280570793 ], [ 131.489852325047849, 33.26816456446678 ], [ 131.489725581443707, 33.268655795806666 ], [ 131.491347469546781, 33.269081579131893 ], [ 131.491823885314432, 33.269503052279113 ], [ 131.491328749969682, 33.270128247230431 ], [ 131.490708521622821, 33.270145519327109 ], [ 131.490387086588726, 33.270644191836524 ], [ 131.490932128817889, 33.27166934038074 ], [ 131.494036126148501, 33.272322115711013 ], [ 131.494551163609685, 33.273427912627035 ], [ 131.496389334584819, 33.2733550322748 ], [ 131.498252511055938, 33.272574610661785 ], [ 131.4957118032018, 33.271674801458758 ], [ 131.495732348191581, 33.271520675906039 ], [ 131.496431517780735, 33.271118613569548 ], [ 131.496712202140287, 33.270767024634146 ], [ 131.496810019116225, 33.270232597198657 ] ] ] } },
{ "type": "Feature", "properties": { "CITY_NAME": "別府市", "S_NAME": "朝見三丁目", "JINKO": 427, "medical_area": "44_東部医療圏", "町丁目名": "別府市朝見三丁目" }, "geometry": { "type": "Polygon", "coordinates": [ [ [ 131.492421288369542, 33.272819035664661 ], [ 131.493290130203661, 33.272885496839216 ], [ 131.494551163609685, 33.273427912627035 ], [ 131.494036126148501, 33.272322115711013 ], [ 131.490932128817889, 33.27166934038074 ], [ 131.490387086588726, 33.270644191836524 ], [ 131.490708521622821, 33.270145519327109 ], [ 131.491328749969682, 33.270128247230431 ], [ 131.491823885314432, 33.269503052279113 ], [ 131.491347469546781, 33.269081579131893 ], [ 131.489725581443707, 33.268655795806666 ], [ 131.489852325047849, 33.26816456446678 ], [ 131.489408219187965, 33.268115489354734 ], [ 131.489116545726745, 33.26780249922092 ], [ 131.488893537439623, 33.267842339964332 ], [ 131.488746803401256, 33.26752634158062 ], [ 131.484248242725727, 33.269227789822665 ], [ 131.483880116459233, 33.272303496688771 ], [ 131.484275542996926, 33.272583241245776 ], [ 131.48509249291547, 33.272534452511159 ], [ 131.485600574632059, 33.273057472599064 ], [ 131.486276718174565, 33.273346490433745 ], [ 131.48684810016502, 33.273788539712797 ], [ 131.487123298191563, 33.27451225510471 ], [ 131.487550950859202, 33.275074836314417 ], [ 131.488030337121216, 33.275134216939534 ], [ 131.490861929271006, 33.273209659512247 ], [ 131.492421288369542, 33.272819035664661 ] ] ] } },
{ "type": "Feature", "properties": { "CITY_NAME": "別府市", "S_NAME": "秋葉町", "JINKO": 666, "medical_area": "44_東部医療圏", "町丁目名": "別府市秋葉町" }, "geometry": { "type": "Polygon", "coordinates": [ [ [ 131.502968069031624, 33.274925087132203 ], [ 131.499369068984976, 33.274718741710217 ], [ 131.498954545462539, 33.276110556086117 ], [ 131.502852449428872, 33.276460919328343 ], [ 131.502968069031624, 33.274925087132203 ] ] ] } },
{ "type": "Feature", "properties": { "CITY_NAME": "別府市", "S_NAME": "末広町", "JINKO": 478, "medical_area": "44_東部医療圏", "町丁目名": "別府市末広町" }, "geometry": { "type": "Polygon", "coordinates": [ [ [ 131.503295304731807, 33.273200314079524 ], [ 131.500088907274176, 33.27282991202356 ], [ 131.499369068984976, 33.274718741710217 ], [ 131.502968069031624, 33.274925087132203 ], [ 131.503295304731807, 33.273200314079524 ] ] ] } },
{ "type": "Feature", "properties": { "CITY_NAME": "別府市", "S_NAME": "千代町", "JINKO": 720, "medical_area": "44_東部医療圏", "町丁目名": "別府市千代町" }, "geometry": { "type": "Polygon", "coordinates": [ [ [ 131.506836617437301, 33.273624817236417 ], [ 131.503295304731807, 33.273200314079524 ], [ 131.502968069031624, 33.274925087132203 ], [ 131.506471281220826, 33.275170097153094 ], [ 131.506836617437301, 33.273624817236417 ] ] ] } },
{ "type": "Feature", "properties": { "CITY_NAME": "別府市", "S_NAME": "浜町", "JINKO": 300, "medical_area": "44_東部医療圏", "町丁目名": "別府市浜町" }, "geometry": { "type": "Polygon", "coordinates": [ [ [ 131.508392253637339, 33.275298533579857 ], [ 131.509299000838752, 33.273191972041168 ], [ 131.50793257459793, 33.272534117105089 ], [ 131.507136178146084, 33.272406312120566 ], [ 131.506471281220826, 33.275170097153094 ], [ 131.508392253637339, 33.275298533579857 ] ] ] } },
{ "type": "Feature", "properties": { "CITY_NAME": "別府市", "S_NAME": "浜町", "JINKO": 234, "medical_area": "44_東部医療圏", "町丁目名": "別府市浜町" }, "geometry": { "type": "Polygon", "coordinates": [ [ [ 131.509299000838752, 33.273191972041168 ], [ 131.510562825695786, 33.271654014507106 ], [ 131.510102496642645, 33.272043625781876 ], [ 131.509803683518044, 33.271792378305776 ], [ 131.510002644573433, 33.271492186821462 ], [ 131.510316571094194, 33.271576562850335 ], [ 131.509771135885529, 33.271369615003351 ], [ 131.509845913737252, 33.271244440797012 ], [ 131.507595632915468, 33.27046778620663 ], [ 131.507136178146084, 33.272406312120566 ], [ 131.50793257459793, 33.272534117105089 ], [ 131.509299000838752, 33.273191972041168 ] ] ] } },
{ "type": "Feature", "properties": { "CITY_NAME": "別府市", "S_NAME": "松原町", "JINKO": 255, "medical_area": "44_東部医療圏", "町丁目名": "別府市松原町" }, "geometry": { "type": "Polygon", "coordinates": [ [ [ 131.506828389913125, 33.27149369118095 ], [ 131.505781335254994, 33.271329372434437 ], [ 131.505414966495579, 33.273453617150452 ], [ 131.506836617437301, 33.273624817236417 ], [ 131.507136178146084, 33.272406312120566 ], [ 131.506674563235435, 33.272328875247922 ], [ 131.506828389913125, 33.27149369118095 ] ] ] } },
{ "type": "Feature", "properties": { "CITY_NAME": "別府市", "S_NAME": "松原町", "JINKO": 187, "medical_area": "44_東部医療圏", "町丁目名": "別府市松原町" }, "geometry": { "type": "Polygon", "coordinates": [ [ [ 131.507595632915468, 33.27046778620663 ], [ 131.505912668922264, 33.270353779606651 ], [ 131.505781335254994, 33.271329372434437 ], [ 131.506828389913125, 33.27149369118095 ], [ 131.506674563235435, 33.272328875247922 ], [ 131.507136178146084, 33.272406312120566 ], [ 131.507595632915468, 33.27046778620663 ] ] ] } },
{ "type": "Feature", "properties": { "CITY_NAME": "別府市", "S_NAME": "南町", "JINKO": 397, "medical_area": "44_東部医療圏", "町丁目名": "別府市南町" }, "geometry": { "type": "Polygon", "coordinates": [ [ [ 131.505414966495579, 33.273453617150452 ], [ 131.505912668922264, 33.270353779606651 ], [ 131.505169666218222, 33.270404956125567 ], [ 131.503811447118352, 33.270843958635297 ], [ 131.503870670401909, 33.271077646194058 ], [ 131.503295304731807, 33.273200314079524 ], [ 131.505414966495579, 33.273453617150452 ] ] ] } },
{ "type": "Feature", "properties": { "CITY_NAME": "別府市", "S_NAME": "立田町", "JINKO": 371, "medical_area": "44_東部医療圏", "町丁目名": "別府市立田町" }, "geometry": { "type": "Polygon", "coordinates": [ [ [ 131.503295304731807, 33.273200314079524 ], [ 131.503811447118352, 33.270843958635297 ], [ 131.500413742323815, 33.272088627356453 ], [ 131.500088907274176, 33.27282991202356 ], [ 131.503295304731807, 33.273200314079524 ] ] ] } },
{ "type": "Feature", "properties": { "CITY_NAME": "別府市", "S_NAME": "浜脇一丁目", "JINKO": 885, "medical_area": "44_東部医療圏", "町丁目名": "別府市浜脇一丁目" }, "geometry": { "type": "Polygon", "coordinates": [ [ [ 131.511458608376529, 33.271379837906856 ], [ 131.512152552034991, 33.270377006563955 ], [ 131.511308274356111, 33.271370520567714 ], [ 131.510311251745378, 33.271035566879974 ], [ 131.510490481363547, 33.270668750788971 ], [ 131.51029901390487, 33.270601906749249 ], [ 131.510544792499672, 33.270591884369679 ], [ 131.510713254777016, 33.270219701246837 ], [ 131.511551099749312, 33.270496694785813 ], [ 131.511166742144184, 33.270307097422055 ], [ 131.512753440077688, 33.267251018442131 ], [ 131.512911148787282, 33.267175711613575 ], [ 131.512701711430879, 33.266869903520941 ], [ 131.508377877772745, 33.268455950915872 ], [ 131.507182804926174, 33.268664961548353 ], [ 131.50797082123816, 33.268820362486139 ], [ 131.507595632915468, 33.27046778620663 ], [ 131.509845913737252, 33.271244440797012 ], [ 131.509916750861606, 33.271125558910278 ], [ 131.510619153740436, 33.271371547674484 ], [ 131.510692455531142, 33.271245010223005 ], [ 131.511225973263947, 33.271428569862131 ], [ 131.511458608376529, 33.271379837906856 ] ] ] } },
{ "type": "Feature", "properties": { "CITY_NAME": "別府市", "S_NAME": "浜脇二丁目", "JINKO": 281, "medical_area": "44_東部医療圏", "町丁目名": "別府市浜脇二丁目" }, "geometry": { "type": "Polygon", "coordinates": [ [ [ 131.507595632915468, 33.27046778620663 ], [ 131.50797082123816, 33.268820362486139 ], [ 131.507182804926174, 33.268664961548353 ], [ 131.505323132654382, 33.268808371756009 ], [ 131.504718299096936, 33.270004538348438 ], [ 131.504934097949388, 33.270447813176474 ], [ 131.506368063151882, 33.270351411128424 ], [ 131.507595632915468, 33.27046778620663 ] ] ] } },
{ "type": "Feature", "properties": { "CITY_NAME": "別府市", "S_NAME": "浜脇三丁目", "JINKO": 404, "medical_area": "44_東部医療圏", "町丁目名": "別府市浜脇三丁目" }, "geometry": { "type": "Polygon", "coordinates": [ [ [ 131.504718299096936, 33.270004538348438 ], [ 131.505323132654382, 33.268808371756009 ], [ 131.503921080998367, 33.268923338964257 ], [ 131.50233622367972, 33.269496223915219 ], [ 131.501045563465539, 33.270669065632092 ], [ 131.500413742323815, 33.272088627356453 ], [ 131.504934097949388, 33.270447813176474 ], [ 131.504718299096936, 33.270004538348438 ] ] ] } },
{ "type": "Feature", "properties": { "CITY_NAME": "別府市", "S_NAME": "船小路町", "JINKO": 552, "medical_area": "44_東部医療圏", "町丁目名": "別府市船小路町" }, "geometry": { "type": "Polygon", "coordinates": [ [ [ 131.502866914943468, 33.302787321075542 ], [ 131.504339213787716, 33.302789056335079 ], [ 131.50435933025193, 33.301888840176559 ], [ 131.503160734678886, 33.301292241077277 ], [ 131.50349916003799, 33.301322429637665 ], [ 131.503160026024773, 33.301168710168319 ], [ 131.503167646503186, 33.300245257458357 ], [ 131.503544547259878, 33.300249154234777 ], [ 131.503396310344357, 33.300051368821585 ], [ 131.503627326970303, 33.300077484511995 ], [ 131.504933251461637, 33.30048519031871 ], [ 131.504943353754925, 33.299996369206859 ], [ 131.503969870361288, 33.299518803237746 ], [ 131.504149281745697, 33.299345823117974 ], [ 131.503923667184608, 33.299325113027784 ], [ 131.503922938503052, 33.299198303665996 ], [ 131.502378898435524, 33.299181874745074 ], [ 131.502381146307698, 33.299779563038065 ], [ 131.501271157650223, 33.299626030142875 ], [ 131.501004753862134, 33.299778431730246 ], [ 131.499998489460012, 33.29975610643713 ], [ 131.499827802280237, 33.302517069379661 ], [ 131.502176590651601, 33.302566368875731 ], [ 131.502170051383132, 33.303021608750996 ], [ 131.502645479555582, 33.303021619430389 ], [ 131.502866914943468, 33.302787321075542 ] ] ] } },
{ "type": "Feature", "properties": { "CITY_NAME": "別府市", "S_NAME": "汐見町", "JINKO": 304, "medical_area": "44_東部医療圏", "町丁目名": "別府市汐見町" }, "geometry": { "type": "Polygon", "coordinates": [ [ [ 131.503258612819849, 33.306919622880223 ], [ 131.504290366383543, 33.306873055325369 ], [ 131.504339213787716, 33.302789056335079 ], [ 131.502866914943468, 33.302787321075542 ], [ 131.502645479555582, 33.303021619430389 ], [ 131.502170051383132, 33.303021608750996 ], [ 131.502176590651601, 33.302566368875731 ], [ 131.499827802280237, 33.302517069379661 ], [ 131.499612707684719, 33.306938808631507 ], [ 131.502255329122079, 33.307058952779492 ], [ 131.502257757801459, 33.306919173241944 ], [ 131.502448797668819, 33.306898567848982 ], [ 131.502908513335882, 33.307102309694393 ], [ 131.503258612819849, 33.306919622880223 ] ] ] } },
{ "type": "Feature", "properties": { "CITY_NAME": "別府市", "S_NAME": "亀川四の湯町", "JINKO": 581, "medical_area": "44_東部医療圏", "町丁目名": "別府市亀川四の湯町" }, "geometry": { "type": "Polygon", "coordinates": [ [ [ 131.492401004984231, 33.324259940807892 ], [ 131.492927743866318, 33.324359891573813 ], [ 131.493241649933083, 33.324037866064522 ], [ 131.49588015303047, 33.324436119288187 ], [ 131.49663195148554, 33.323104596357354 ], [ 131.49564266712909, 33.322216097361704 ], [ 131.495206483019558, 33.322982819006405 ], [ 131.494351187258189, 33.322614409889631 ], [ 131.493641209242583, 33.322531606650244 ], [ 131.493300023566349, 33.322263363330464 ], [ 131.492683008366754, 33.322833227334201 ], [ 131.492302603314528, 33.322744600493742 ], [ 131.491773151600796, 33.323682617587643 ], [ 131.492075009043617, 33.324999199325845 ], [ 131.491926363086151, 33.325365759807333 ], [ 131.492444527119005, 33.324738875675379 ], [ 131.492401004984231, 33.324259940807892 ] ] ] } },
{ "type": "Feature", "properties": { "CITY_NAME": "別府市", "S_NAME": "亀川四の湯町", "JINKO": 480, "medical_area": "44_東部医療圏", "町丁目名": "別府市亀川四の湯町" }, "geometry": { "type": "Polygon", "coordinates": [ [ [ 131.495206483019558, 33.322982819006405 ], [ 131.49564266712909, 33.322216097361704 ], [ 131.493266927373384, 33.319893598012648 ], [ 131.49292492561554, 33.319066718097382 ], [ 131.492469386825832, 33.319280676315586 ], [ 131.492352873917355, 33.319582858731927 ], [ 131.49247095191285, 33.320380478624699 ], [ 131.492319483395022, 33.320653567929511 ], [ 131.492620295126159, 33.321167234268771 ], [ 131.492080822038645, 33.321297868530863 ], [ 131.491798134652299, 33.32173889399342 ], [ 131.492183883303682, 33.322098440078356 ], [ 131.492302603314528, 33.322744600493742 ], [ 131.492683008366754, 33.322833227334201 ], [ 131.493300023566349, 33.322263363330464 ], [ 131.493641209242583, 33.322531606650244 ], [ 131.494351187258189, 33.322614409889631 ], [ 131.495206483019558, 33.322982819006405 ] ] ] } },
{ "type": "Feature", "properties": { "CITY_NAME": "別府市", "S_NAME": "平田町", "JINKO": 1047, "medical_area": "44_東部医療圏", "町丁目名": "別府市平田町" }, "geometry": { "type": "Polygon", "coordinates": [ [ [ 131.49663195148554, 33.323104596357354 ], [ 131.498203617457364, 33.320288394542231 ], [ 131.497829917682282, 33.320138696778933 ], [ 131.497507382048099, 33.320561652359864 ], [ 131.497571528231532, 33.320430606719988 ], [ 131.497099585410353, 33.320248609893561 ], [ 131.497281186373527, 33.319917987009013 ], [ 131.493014111421758, 33.318044856191243 ], [ 131.493006989591834, 33.319229898084245 ], [ 131.493175855429712, 33.31977715914622 ], [ 131.49663195148554, 33.323104596357354 ] ] ] } },
{ "type": "Feature", "properties": { "CITY_NAME": "別府市", "S_NAME": "照波園町", "JINKO": 929, "medical_area": "44_東部医療圏", "町丁目名": "別府市照波園町" }, "geometry": { "type": "Polygon", "coordinates": [ [ [ 131.49758485036341, 33.320591122136292 ], [ 131.497829917682282, 33.320138696778933 ], [ 131.498203617457364, 33.320288394542231 ], [ 131.498654999456704, 33.319486797620058 ], [ 131.499108300760611, 33.318223969313557 ], [ 131.499226502571446, 33.317054772310634 ], [ 131.493486390344032, 33.316709003722011 ], [ 131.493014111421758, 33.318044856191243 ], [ 131.497281186373527, 33.319917987009013 ], [ 131.497099585410353, 33.320248609893561 ], [ 131.497571528231532, 33.320430606719988 ], [ 131.49758485036341, 33.320591122136292 ] ] ] } },
{ "type": "Feature", "properties": { "CITY_NAME": "別府市", "S_NAME": "上人ケ浜町", "JINKO": 361, "medical_area": "44_東部医療圏", "町丁目名": "別府市上人ケ浜町" }, "geometry": { "type": "Polygon", "coordinates": [ [ [ 131.502057921548982, 33.315872407130151 ], [ 131.502453843579389, 33.315430754016646 ], [ 131.502320470601944, 33.315211288770115 ], [ 131.502450488824451, 33.314658909987202 ], [ 131.501672267289194, 33.31249069371917 ], [ 131.502004010697505, 33.311169227124402 ], [ 131.501661168502551, 33.311121899284593 ], [ 131.50227419702793, 33.311086062063978 ], [ 131.502428088094604, 33.310184296183273 ], [ 131.501769951706649, 33.310093018181469 ], [ 131.501631483233865, 33.309882232244064 ], [ 131.500951810678202, 33.31272030425415 ], [ 131.499405946180531, 33.312646933703043 ], [ 131.499169673233695, 33.317907871420303 ], [ 131.498864603074395, 33.319032344910902 ], [ 131.498203617457364, 33.320288394542231 ], [ 131.49916233942912, 33.320672529627522 ], [ 131.499031517146477, 33.320920780659428 ], [ 131.500176995053806, 33.32137171595641 ], [ 131.500461926560462, 33.320781176065154 ], [ 131.500435210140125, 33.320263077133816 ], [ 131.500040345801438, 33.319416201994819 ], [ 131.500402829934387, 33.317354332995968 ], [ 131.500948468009796, 33.316615427809751 ], [ 131.502057921548982, 33.315872407130151 ] ] ] } },
{ "type": "Feature", "properties": { "CITY_NAME": "別府市", "S_NAME": "上人本町", "JINKO": 548, "medical_area": "44_東部医療圏", "町丁目名": "別府市上人本町" }, "geometry": { "type": "Polygon", "coordinates": [ [ [ 131.499405946180531, 33.312646933703043 ], [ 131.497525288093044, 33.312459144973275 ], [ 131.497228044115133, 33.314780238473986 ], [ 131.496823334978188, 33.314921068787591 ], [ 131.496739828399257, 33.315344086690821 ], [ 131.49645278841848, 33.315631217540016 ], [ 131.496327036631726, 33.316871836405326 ], [ 131.499226502571446, 33.317054772310634 ], [ 131.499405946180531, 33.312646933703043 ] ] ] } },
{ "type": "Feature", "properties": { "CITY_NAME": "別府市", "S_NAME": "上人仲町", "JINKO": 1083, "medical_area": "44_東部医療圏", "町丁目名": "別府市上人仲町" }, "geometry": { "type": "Polygon", "coordinates": [ [ [ 131.497228044115133, 33.314780238473986 ], [ 131.497525288093044, 33.312459144973275 ], [ 131.496480799571771, 33.312581698000962 ], [ 131.494805128618793, 33.312346999653975 ], [ 131.493740808572255, 33.312545338016896 ], [ 131.493888162457722, 33.313109871108196 ], [ 131.493486390344032, 33.316709003722011 ], [ 131.496327036631726, 33.316871836405326 ], [ 131.49645278841848, 33.315631217540016 ], [ 131.496739828399257, 33.315344086690821 ], [ 131.496823334978188, 33.314921068787591 ], [ 131.497228044115133, 33.314780238473986 ] ] ] } },
{ "type": "Feature", "properties": { "CITY_NAME": "別府市", "S_NAME": "古市町", "JINKO": 354, "medical_area": "44_東部医療圏", "町丁目名": "別府市古市町" }, "geometry": { "type": "Polygon", "coordinates": [ [ [ 131.495429142123982, 33.343304920292127 ], [ 131.494893074955939, 33.340274562265222 ], [ 131.495027222115766, 33.339679816195066 ], [ 131.495304275045129, 33.339465894725102 ], [ 131.497388979938563, 33.339387232507988 ], [ 131.4968595758574, 33.334887131550119 ], [ 131.496670225051162, 33.334773062533195 ], [ 131.494482824475597, 33.334852054273988 ], [ 131.493978702629136, 33.335053914497962 ], [ 131.493073106656368, 33.334344595320729 ], [ 131.492973415392697, 33.333780647957106 ], [ 131.492984543369545, 33.335084385104906 ], [ 131.493693459090451, 33.335813964012225 ], [ 131.493726026939612, 33.336074663788452 ], [ 131.493407287581107, 33.336313261322111 ], [ 131.493544332452956, 33.336364881029631 ], [ 131.493375619299343, 33.336569000274814 ], [ 131.493005746480492, 33.336737388526231 ], [ 131.493084792924662, 33.343014276416334 ], [ 131.494678068807531, 33.342754942206831 ], [ 131.495021606962467, 33.343148708192373 ], [ 131.495429142123982, 33.343304920292127 ] ] ] } },
{ "type": "Feature", "properties": { "CITY_NAME": "別府市", "S_NAME": "大字内竃", "JINKO": 0, "medical_area": "44_東部医療圏", "町丁目名": "別府市大字内竃" }, "geometry": { "type": "Polygon", "coordinates": [ [ [ 131.493084792924662, 33.343014276416334 ], [ 131.493020379933569, 33.337263528591158 ], [ 131.492670545257141, 33.337682450319861 ], [ 131.491770742141654, 33.338206924832626 ], [ 131.491573698778296, 33.338560849492765 ], [ 131.491305234511231, 33.338601360376323 ], [ 131.491141055286676, 33.338382112806606 ], [ 131.489947027592876, 33.337805996720405 ], [ 131.489713601571026, 33.337509456909757 ], [ 131.489084739634592, 33.337298728515513 ], [ 131.48932191675587, 33.337605016432988 ], [ 131.489092701717027, 33.338204068813923 ], [ 131.489469356931096, 33.338434495431159 ], [ 131.489740782196122, 33.338316413592672 ], [ 131.490295512616569, 33.338550624939394 ], [ 131.490054756433921, 33.339167185294421 ], [ 131.489688742392843, 33.339041006647399 ], [ 131.489142069229587, 33.339978091229156 ], [ 131.489118069519122, 33.340338378718627 ], [ 131.488845918456263, 33.340479704101682 ], [ 131.488795613393421, 33.340788632446348 ], [ 131.488471116189942, 33.340882260550778 ], [ 131.488332166039356, 33.341414990872686 ], [ 131.486110743793972, 33.341391957801335 ], [ 131.484767918907977, 33.341848337702487 ], [ 131.484285699635393, 33.341819216337221 ], [ 131.484842727461427, 33.342405977733151 ], [ 131.485719639954738, 33.34280635203681 ], [ 131.486027839254319, 33.342648546704609 ], [ 131.486055233065485, 33.342360031864274 ], [ 131.486479744674739, 33.342055982868956 ], [ 131.487265658713397, 33.342407567195835 ], [ 131.487372116772548, 33.342669525373118 ], [ 131.487726384949923, 33.342472366717146 ], [ 131.488095993062245, 33.342618503930375 ], [ 131.48852788378926, 33.342547134056716 ], [ 131.488839015702553, 33.342720124872443 ], [ 131.490162222219766, 33.342410522685114 ], [ 131.492435461924941, 33.34318662516165 ], [ 131.493084792924662, 33.343014276416334 ] ] ] } },
{ "type": "Feature", "properties": { "CITY_NAME": "別府市", "S_NAME": "大字内竃", "JINKO": 886, "medical_area": "44_東部医療圏", "町丁目名": "別府市大字内竃" }, "geometry": { "type": "Polygon", "coordinates": [ [ [ 131.489532922809531, 33.33545917045226 ], [ 131.491197996895778, 33.335021367538722 ], [ 131.49208207852385, 33.335123079637846 ], [ 131.492538271236015, 33.335023034870318 ], [ 131.49244160450894, 33.33514514879667 ], [ 131.492583223749421, 33.335278469831593 ], [ 131.492984543369545, 33.335084385104906 ], [ 131.492973415392697, 33.333780647957106 ], [ 131.490185062202016, 33.333762057517838 ], [ 131.490211262566248, 33.334385611661972 ], [ 131.488871748084279, 33.334427909368131 ], [ 131.488903680336222, 33.335064966036377 ], [ 131.488308145650876, 33.33518319133718 ], [ 131.489532922809531, 33.33545917045226 ] ] ] } },
{ "type": "Feature", "properties": { "CITY_NAME": "別府市", "S_NAME": "大字内竃", "JINKO": 0, "medical_area": "44_東部医療圏", "町丁目名": "別府市大字内竃" }, "geometry": { "type": "Polygon", "coordinates": [ [ [ 131.493084792924662, 33.343014276416334 ], [ 131.493459923605457, 33.345852498825096 ], [ 131.495702660751647, 33.34623124612866 ], [ 131.496423105290489, 33.345985298592488 ], [ 131.495747564264093, 33.344322548854031 ], [ 131.495514745761511, 33.343311094958011 ], [ 131.495021606962467, 33.343148708192373 ], [ 131.494678068807531, 33.342754942206831 ], [ 131.493084792924662, 33.343014276416334 ] ] ] } },
{ "type": "Feature", "properties": { "CITY_NAME": "別府市", "S_NAME": "大字内竃", "JINKO": 181, "medical_area": "44_東部医療圏", "町丁目名": "別府市大字内竃" }, "geometry": { "type": "Polygon", "coordinates": [ [ [ 131.488903680336222, 33.335064966036377 ], [ 131.488871748084279, 33.334427909368131 ], [ 131.490211262566248, 33.334385611661972 ], [ 131.490185062202016, 33.333762057517838 ], [ 131.487900854698694, 33.333844135761929 ], [ 131.487928030872411, 33.334998602766824 ], [ 131.488903680336222, 33.335064966036377 ] ] ] } },
{ "type": "Feature", "properties": { "CITY_NAME": "別府市", "S_NAME": "亀川浜田町", "JINKO": 691, "medical_area": "44_東部医療圏", "町丁目名": "別府市亀川浜田町" }, "geometry": { "type": "Polygon", "coordinates": [ [ [ 131.496823879864735, 33.334653708733519 ], [ 131.496416979950283, 33.332430816869262 ], [ 131.496921346677027, 33.332342219088922 ], [ 131.496006526109539, 33.332409913904357 ], [ 131.495956267152195, 33.329801448217275 ], [ 131.497539661385019, 33.32981135156097 ], [ 131.497788869283397, 33.332480149458668 ], [ 131.4975027397048, 33.328043219718282 ], [ 131.496884852686577, 33.327997933288472 ], [ 131.496983682586716, 33.327883342507626 ], [ 131.495085430204483, 33.32803703757893 ], [ 131.493659440253566, 33.328380933041537 ], [ 131.492821500045068, 33.330028442072667 ], [ 131.492643682889735, 33.331294890313622 ], [ 131.49278376702668, 33.333754208115835 ], [ 131.493067046821835, 33.333783553246263 ], [ 131.493073106656368, 33.334344595320729 ], [ 131.494036860596054, 33.335068302002455 ], [ 131.494482824475597, 33.334852054273988 ], [ 131.496670225051162, 33.334773062533195 ], [ 131.496823879864735, 33.334653708733519 ] ] ] } },
{ "type": "Feature", "properties": { "CITY_NAME": "別府市", "S_NAME": "亀川中央町", "JINKO": 292, "medical_area": "44_東部医療圏", "町丁目名": "別府市亀川中央町" }, "geometry": { "type": "Polygon", "coordinates": [ [ [ 131.495293041812431, 33.325499180221151 ], [ 131.49588015303047, 33.324436119288187 ], [ 131.493241649933083, 33.324037866064522 ], [ 131.492927743866318, 33.324359891573813 ], [ 131.492374124164172, 33.324284528777603 ], [ 131.492468223870247, 33.324960865997191 ], [ 131.49301520612417, 33.32544287510386 ], [ 131.493701624369805, 33.325338807838733 ], [ 131.495293041812431, 33.325499180221151 ] ] ] } },
{ "type": "Feature", "properties": { "CITY_NAME": "別府市", "S_NAME": "亀川中央町", "JINKO": 844, "medical_area": "44_東部医療圏", "町丁目名": "別府市亀川中央町" }, "geometry": { "type": "Polygon", "coordinates": [ [ [ 131.493738930816221, 33.328324964704123 ], [ 131.495293041812431, 33.325499180221151 ], [ 131.493701624369805, 33.325338807838733 ], [ 131.49301520612417, 33.32544287510386 ], [ 131.492402955193796, 33.324770179154662 ], [ 131.492097493762486, 33.32528917286259 ], [ 131.491258524037733, 33.325901864269873 ], [ 131.490034320885741, 33.326325104155529 ], [ 131.489908247481054, 33.326575139702463 ], [ 131.489349280949796, 33.326776780427004 ], [ 131.489227064384522, 33.327408149317357 ], [ 131.489874184902106, 33.327430532276608 ], [ 131.490677093603267, 33.327138528994212 ], [ 131.490801645262678, 33.327410806126736 ], [ 131.491042679608285, 33.32735529322408 ], [ 131.490619942352254, 33.327713529747292 ], [ 131.488868143065247, 33.328225090714469 ], [ 131.488598639263159, 33.328179374496735 ], [ 131.488379284776471, 33.328382877073942 ], [ 131.488821097055563, 33.328860838900837 ], [ 131.48874401740585, 33.329160327417554 ], [ 131.489077299145265, 33.329363379227942 ], [ 131.490021915862684, 33.32895726568195 ], [ 131.492310755540643, 33.328819218803154 ], [ 131.493738930816221, 33.328324964704123 ] ] ] } },
{ "type": "Feature", "properties": { "CITY_NAME": "別府市", "S_NAME": "亀川東町", "JINKO": 617, "medical_area": "44_東部医療圏", "町丁目名": "別府市亀川東町" }, "geometry": { "type": "Polygon", "coordinates": [ [ [ 131.497233087755973, 33.327471710869418 ], [ 131.497879453703433, 33.327611598882939 ], [ 131.497251102351811, 33.327430181428028 ], [ 131.497373775807802, 33.327088835728247 ], [ 131.497522208369418, 33.327123391354959 ], [ 131.497892741646098, 33.325991170895506 ], [ 131.498934807920847, 33.323930264040506 ], [ 131.50071488537867, 33.324338911802556 ], [ 131.50185601689364, 33.323250201379174 ], [ 131.502562965678607, 33.321994729596227 ], [ 131.502615374367423, 33.321726117523767 ], [ 131.500086866251991, 33.319151450147132 ], [ 131.500040345801438, 33.319416201994819 ], [ 131.500460343660905, 33.320504995538926 ], [ 131.500176995053806, 33.32137171595641 ], [ 131.499031517146477, 33.320920780659428 ], [ 131.49916233942912, 33.320672529627522 ], [ 131.498203617457364, 33.320288394542231 ], [ 131.493719457995695, 33.328361391976173 ], [ 131.495085430204483, 33.32803703757893 ], [ 131.496983682586716, 33.327883342507626 ], [ 131.497233087755973, 33.327471710869418 ] ] ] } },
{ "type": "Feature", "properties": { "CITY_NAME": "別府市", "S_NAME": "大字別府", "JINKO": 36, "medical_area": "44_東部医療圏", "町丁目名": "別府市大字別府" }, "geometry": { "type": "Polygon", "coordinates": [ [ [ 131.486760218359336, 33.290022642031929 ], [ 131.487535387194271, 33.288938711397805 ], [ 131.486644413274973, 33.288954432136407 ], [ 131.486746682852868, 33.289456991677085 ], [ 131.485156627727861, 33.289673063980096 ], [ 131.485085660783625, 33.289893059145221 ], [ 131.486760218359336, 33.290022642031929 ] ] ] } },
{ "type": "Feature", "properties": { "CITY_NAME": "別府市", "S_NAME": "大字別府", "JINKO": 241, "medical_area": "44_東部医療圏", "町丁目名": "別府市大字別府" }, "geometry": { "type": "Polygon", "coordinates": [ [ [ 131.482020095485041, 33.279904370788508 ], [ 131.483306122010134, 33.279052067441334 ], [ 131.48436238368248, 33.2799333526116 ], [ 131.484601455256012, 33.277708255630316 ], [ 131.484806089882397, 33.277436110566022 ], [ 131.48390197563856, 33.277383231607082 ], [ 131.481618392907848, 33.276855841833758 ], [ 131.480954032397847, 33.278381342375283 ], [ 131.480069767132505, 33.279323436122027 ], [ 131.480816000366417, 33.28044755987505 ], [ 131.481298710184035, 33.28042897256239 ], [ 131.481707252823639, 33.280329802860315 ], [ 131.482020095485041, 33.279904370788508 ] ] ] } },
{ "type": "Feature", "properties": { "CITY_NAME": "別府市", "S_NAME": "大字別府", "JINKO": 1184, "medical_area": "44_東部医療圏", "町丁目名": "別府市大字別府" }, "geometry": { "type": "Polygon", "coordinates": [ [ [ 131.483128388054354, 33.287946801912334 ], [ 131.482908174939439, 33.287057751276649 ], [ 131.482741892581117, 33.287104866579163 ], [ 131.482732851429972, 33.286681069365663 ], [ 131.482189989764777, 33.286514910230757 ], [ 131.482073307686449, 33.285757265558736 ], [ 131.483960758932483, 33.285139587486881 ], [ 131.484628132710554, 33.285215587374076 ], [ 131.485032978700048, 33.286491164246065 ], [ 131.485749264631437, 33.286735549128636 ], [ 131.485695219082714, 33.286928583210106 ], [ 131.485854804520301, 33.286958344270083 ], [ 131.487383308654358, 33.285306998491393 ], [ 131.488401028662224, 33.285134726316315 ], [ 131.488563425022249, 33.283746934277296 ], [ 131.483955341372564, 33.283422853646613 ], [ 131.48436238368248, 33.2799333526116 ], [ 131.483306122010134, 33.279052067441334 ], [ 131.482020095485041, 33.279904370788508 ], [ 131.481707252823639, 33.280329802860315 ], [ 131.480816000366417, 33.28044755987505 ], [ 131.480802979485645, 33.280626382517667 ], [ 131.481680001745701, 33.281098418527627 ], [ 131.481358969417357, 33.28150016005754 ], [ 131.482014889264946, 33.282863983875828 ], [ 131.482231634448652, 33.283093454727641 ], [ 131.482626774831317, 33.283003069405453 ], [ 131.482981600151817, 33.283463496766934 ], [ 131.482618558141866, 33.283466122340812 ], [ 131.482827476804573, 33.284569463685642 ], [ 131.481869734817593, 33.284862306627552 ], [ 131.48206965396318, 33.285926216996309 ], [ 131.481445619687179, 33.286000956519132 ], [ 131.481670842349587, 33.288092104488889 ], [ 131.483128388054354, 33.287946801912334 ] ] ] } },
{ "type": "Feature", "properties": { "CITY_NAME": "別府市", "S_NAME": "大字別府", "JINKO": 10, "medical_area": "44_東部医療圏", "町丁目名": "別府市大字別府" }, "geometry": { "type": "Polygon", "coordinates": [ [ [ 131.484437514078763, 33.289848925410396 ], [ 131.485085660783625, 33.2898930591452 ], [ 131.485156627727918, 33.289673063980096 ], [ 131.486746682852868, 33.289456991677085 ], [ 131.486644413274973, 33.288954432136407 ], [ 131.487535387194299, 33.288938711397783 ], [ 131.487862222012126, 33.288769204820447 ], [ 131.48985466645712, 33.286717958695071 ], [ 131.490003318113253, 33.286429802705797 ], [ 131.489936900028113, 33.286105412343296 ], [ 131.489422031836654, 33.285873735148883 ], [ 131.48877922702232, 33.2852509539929 ], [ 131.488401028662224, 33.285134726316315 ], [ 131.487383308654358, 33.285306998491393 ], [ 131.485854804520329, 33.286958344270083 ], [ 131.485695219082743, 33.286928583210106 ], [ 131.485749264631437, 33.286735549128636 ], [ 131.485032978700048, 33.286491164246065 ], [ 131.484628132710554, 33.285215587374076 ], [ 131.483960758932483, 33.285139587486881 ], [ 131.482073307686449, 33.285757265558736 ], [ 131.482189989764777, 33.286514910230757 ], [ 131.482732851429972, 33.286681069365663 ], [ 131.482741892581117, 33.287104866579163 ], [ 131.482908174939439, 33.287057751276649 ], [ 131.483128388054354, 33.287946801912334 ], [ 131.482478067628193, 33.288069437959464 ], [ 131.482375021469835, 33.288909037833484 ], [ 131.482627727659576, 33.289285276636008 ], [ 131.482591540677276, 33.289744562490426 ], [ 131.48293378070619, 33.289874622347831 ], [ 131.483024932441595, 33.290243006862383 ], [ 131.484437514078763, 33.289848925410396 ] ] ] } },
{ "type": "Feature", "properties": { "CITY_NAME": "別府市", "S_NAME": "大字別府", "JINKO": 69, "medical_area": "44_東部医療圏", "町丁目名": "別府市大字別府" }, "geometry": { "type": "Polygon", "coordinates": [ [ [ 131.485920835091349, 33.273218616865258 ], [ 131.484995276513501, 33.272509264680743 ], [ 131.484157405646528, 33.272558135370311 ], [ 131.483880116459233, 33.272303496688771 ], [ 131.483872250031567, 33.272713254307092 ], [ 131.484072553429684, 33.272923111909797 ], [ 131.483689523709387, 33.273017556943778 ], [ 131.484210944129131, 33.273143749035327 ], [ 131.484505009283566, 33.274248049945406 ], [ 131.48390197563856, 33.277383231607082 ], [ 131.484806089882397, 33.277436110566022 ], [ 131.485790880872543, 33.276796231342267 ], [ 131.486181031317813, 33.273722006997843 ], [ 131.485920835091349, 33.273218616865258 ] ] ] } },
{ "type": "Feature", "properties": { "CITY_NAME": "別府市", "S_NAME": "大字別府", "JINKO": 54, "medical_area": "44_東部医療圏", "町丁目名": "別府市大字別府" }, "geometry": { "type": "Polygon", "coordinates": [ [ [ 131.484505009283538, 33.274248049945392 ], [ 131.484210944129131, 33.273143749035327 ], [ 131.483689523709387, 33.273017556943778 ], [ 131.484072553429684, 33.272923111909819 ], [ 131.483834211926705, 33.272508952988716 ], [ 131.484229750377978, 33.269385237557898 ], [ 131.481178409271052, 33.26717246032684 ], [ 131.469832023066317, 33.27505048486146 ], [ 131.471004641968364, 33.275145453950472 ], [ 131.476699791390701, 33.273989953444044 ], [ 131.479984260268338, 33.274829745213346 ], [ 131.480326972292517, 33.274994934677899 ], [ 131.480934062583913, 33.276120489398018 ], [ 131.481610940884394, 33.276872968848672 ], [ 131.48390197563856, 33.277383231607082 ], [ 131.484505009283538, 33.274248049945392 ] ] ] } },
{ "type": "Feature", "properties": { "CITY_NAME": "別府市", "S_NAME": "大字別府", "JINKO": 353, "medical_area": "44_東部医療圏", "町丁目名": "別府市大字別府" }, "geometry": { "type": "Polygon", "coordinates": [ [ [ 131.482375021469807, 33.288909037833484 ], [ 131.482478067628193, 33.288069437959464 ], [ 131.481670842349558, 33.288092104488889 ], [ 131.481572714297272, 33.286475135907445 ], [ 131.479106001407985, 33.286835283012294 ], [ 131.478951606118727, 33.287147474481841 ], [ 131.479267372550936, 33.287838301429247 ], [ 131.480061026098895, 33.288110103356438 ], [ 131.480504524581562, 33.288014867814333 ], [ 131.480360723457324, 33.29098814394299 ], [ 131.483024932441595, 33.290243006862383 ], [ 131.48293378070619, 33.289874622347831 ], [ 131.482591540677276, 33.289744562490426 ], [ 131.482627727659548, 33.289285276636008 ], [ 131.482375021469807, 33.288909037833484 ] ] ] } },
{ "type": "Feature", "properties": { "CITY_NAME": "別府市", "S_NAME": "大字別府", "JINKO": 63, "medical_area": "44_東部医療圏", "町丁目名": "別府市大字別府" }, "geometry": { "type": "Polygon", "coordinates": [ [ [ 131.461047876372533, 33.269171662474356 ], [ 131.468354784641349, 33.260793746903488 ], [ 131.470066943276805, 33.258607908524723 ], [ 131.483968477046375, 33.259104881576434 ], [ 131.482239583990719, 33.253731419499545 ], [ 131.482720626148136, 33.253508504444916 ], [ 131.481334887852825, 33.251310865640718 ], [ 131.475564731916478, 33.25223856702808 ], [ 131.473300438323605, 33.248010162254047 ], [ 131.47342382044522, 33.246923238549456 ], [ 131.471915230304631, 33.246892760638893 ], [ 131.471658445497781, 33.247219660252767 ], [ 131.471099366091863, 33.247439077851936 ], [ 131.471183187829382, 33.247004180045941 ], [ 131.47083642698513, 33.246643330355155 ], [ 131.470104778472404, 33.24682716358582 ], [ 131.468686915981351, 33.247629211920149 ], [ 131.468600336124666, 33.247557114606401 ], [ 131.467902953683051, 33.246111134909235 ], [ 131.466646325505906, 33.24484832640514 ], [ 131.467372165258183, 33.243578121917388 ], [ 131.464939873909856, 33.237992169676801 ], [ 131.466153672439447, 33.235298733176791 ], [ 131.465627937808648, 33.235108566496272 ], [ 131.464540534760403, 33.235254308026093 ], [ 131.463915297040643, 33.235849145161438 ], [ 131.463612796854989, 33.236610235270085 ], [ 131.463638322699495, 33.237093149137941 ], [ 131.463116977222654, 33.237774545284339 ], [ 131.462465980545034, 33.241243964693076 ], [ 131.461963125227015, 33.242133006045826 ], [ 131.460982702537933, 33.242947034370118 ], [ 131.457438913737803, 33.242746820425793 ], [ 131.455633823219785, 33.242117924721541 ], [ 131.455059768407693, 33.241623283163172 ], [ 131.453523034028933, 33.240843200239603 ], [ 131.452655606259015, 33.240562968875125 ], [ 131.450612333938835, 33.240380394037672 ], [ 131.45010407562188, 33.239892783139418 ], [ 131.449863425829648, 33.239294710804948 ], [ 131.44880703795252, 33.239628996946159 ], [ 131.448764893510628, 33.240286934971557 ], [ 131.448575135511135, 33.240555344359208 ], [ 131.447619715426356, 33.240604657971069 ], [ 131.447506126298293, 33.241530576647619 ], [ 131.447236377325396, 33.242174039193984 ], [ 131.446239844138006, 33.243986539482634 ], [ 131.445257413323162, 33.244988217742289 ], [ 131.445197846142179, 33.245806853239053 ], [ 131.444645074267953, 33.246283048523921 ], [ 131.444333102705798, 33.24757679076275 ], [ 131.444377476159218, 33.248245898190227 ], [ 131.445169284086262, 33.248227796659151 ], [ 131.445966472212262, 33.249249890995976 ], [ 131.446968427270093, 33.249376349133357 ], [ 131.451259596466201, 33.249234744453879 ], [ 131.452484428868331, 33.249333563357474 ], [ 131.454197101526546, 33.249595061381001 ], [ 131.454803725186252, 33.249841460532771 ], [ 131.455243912478721, 33.25023616005236 ], [ 131.455237847419681, 33.250891353604587 ], [ 131.4548511834453, 33.251492013128924 ], [ 131.45375627663941, 33.252131162913045 ], [ 131.452683847818861, 33.252526553755011 ], [ 131.453106938761493, 33.252841768007038 ], [ 131.453686183367239, 33.253825387590098 ], [ 131.453801088263447, 33.255508001341504 ], [ 131.454357077560672, 33.256806275095123 ], [ 131.455001916945974, 33.257792273507761 ], [ 131.455003727067776, 33.258135688343948 ], [ 131.454271834922423, 33.259282643952702 ], [ 131.454152427108397, 33.259904155361092 ], [ 131.453289056616597, 33.26036296622317 ], [ 131.452574074252368, 33.261369684506654 ], [ 131.452475971393199, 33.262340636220479 ], [ 131.451548139038891, 33.262546727717705 ], [ 131.451439250113992, 33.262706894581008 ], [ 131.451304874581751, 33.263592245146171 ], [ 131.45184270386352, 33.264268869315273 ], [ 131.452227131253181, 33.264065007375635 ], [ 131.452423743332247, 33.264242656878075 ], [ 131.452370555019229, 33.265256763162618 ], [ 131.452576847364867, 33.265544842152288 ], [ 131.452646317096253, 33.266856766259757 ], [ 131.45391684161379, 33.266184821942687 ], [ 131.454939126555757, 33.266334420436834 ], [ 131.455838920922275, 33.266059599590868 ], [ 131.457142675886388, 33.266603378938107 ], [ 131.45762239047599, 33.267060770837404 ], [ 131.457742526239883, 33.267330434831173 ], [ 131.457498727498177, 33.267991962766587 ], [ 131.458144287546361, 33.268471632795226 ], [ 131.458009695128567, 33.269207565590818 ], [ 131.461047876372533, 33.269171662474356 ] ] ] } },
{ "type": "Feature", "properties": { "CITY_NAME": "別府市", "S_NAME": "大字別府", "JINKO": 0, "medical_area": "44_東部医療圏", "町丁目名": "別府市大字別府" }, "geometry": { "type": "Polygon", "coordinates": [ [ [ 131.450664488167973, 33.297355147881817 ], [ 131.451525700730826, 33.296932901362972 ], [ 131.452234971038337, 33.296087879158399 ], [ 131.453417016676156, 33.295099855124839 ], [ 131.45461501699927, 33.294496450728857 ], [ 131.454827296977186, 33.294618839104011 ], [ 131.453610863865464, 33.28933252368472 ], [ 131.454892882279978, 33.286857053037757 ], [ 131.455130093422582, 33.284903537139698 ], [ 131.45771933824912, 33.278915620370874 ], [ 131.457929398655949, 33.277900047169368 ], [ 131.458640864007123, 33.276979756083342 ], [ 131.459895434537856, 33.277607280756037 ], [ 131.462525233579527, 33.275963976341963 ], [ 131.464091445761568, 33.27594862240133 ], [ 131.464944397807585, 33.276078721150078 ], [ 131.465535160212141, 33.276346882122048 ], [ 131.469832023066317, 33.275050484861445 ], [ 131.481178409271081, 33.267172460326847 ], [ 131.484229750377978, 33.269385237557913 ], [ 131.484248242725727, 33.269227789822665 ], [ 131.488746803401256, 33.26752634158062 ], [ 131.488893537439679, 33.267842339964325 ], [ 131.489116545726745, 33.26780249922092 ], [ 131.489408219187965, 33.268115489354734 ], [ 131.489852325047849, 33.26816456446678 ], [ 131.489939322973953, 33.267970280570793 ], [ 131.490244559419352, 33.268190385829698 ], [ 131.491796152141291, 33.268650488769694 ], [ 131.492030253274891, 33.268910096408405 ], [ 131.493235643594346, 33.268920062191263 ], [ 131.493743715455935, 33.268398429462074 ], [ 131.493986828538823, 33.268384122254659 ], [ 131.494279007731279, 33.269091297225934 ], [ 131.495841848966421, 33.269510602987914 ], [ 131.495968952369736, 33.269395351895199 ], [ 131.495925947910678, 33.26896623066007 ], [ 131.496453419795984, 33.268597712268793 ], [ 131.495823159520427, 33.266091839625716 ], [ 131.501372594756049, 33.265779988441977 ], [ 131.495319256459851, 33.261977177349188 ], [ 131.483968477046375, 33.259104881576434 ], [ 131.470066943276805, 33.258607908524723 ], [ 131.468354784641349, 33.260793746903488 ], [ 131.461047876372533, 33.269171662474356 ], [ 131.458009695128538, 33.269207565590825 ], [ 131.458144287546361, 33.268471632795226 ], [ 131.457498727498177, 33.267991962766587 ], [ 131.457742526239883, 33.267330434831173 ], [ 131.45762239047599, 33.267060770837404 ], [ 131.457142675886388, 33.266603378938107 ], [ 131.455838920922275, 33.266059599590868 ], [ 131.454939126555701, 33.266334420436834 ], [ 131.45391684161379, 33.266184821942687 ], [ 131.452646317096253, 33.266856766259757 ], [ 131.452576847364867, 33.265544842152288 ], [ 131.452370555019229, 33.265256763162618 ], [ 131.45242374333219, 33.264242656878075 ], [ 131.452066321377202, 33.26411000079262 ], [ 131.451842703863463, 33.264268869315288 ], [ 131.450652908288959, 33.266293567985699 ], [ 131.450029419838756, 33.266392882566642 ], [ 131.449236729531151, 33.26618212516631 ], [ 131.447164069752489, 33.267046171955748 ], [ 131.445578340263893, 33.267097904704769 ], [ 131.446909571868446, 33.270352454905762 ], [ 131.446017141017364, 33.275485954771241 ], [ 131.446978606453598, 33.275929100844088 ], [ 131.445407551351167, 33.277191744100662 ], [ 131.442884802386089, 33.276530798046316 ], [ 131.441234429760954, 33.275842500760191 ], [ 131.43740973363839, 33.275962566421583 ], [ 131.436956059858659, 33.275371991528679 ], [ 131.436963690141965, 33.274595398774451 ], [ 131.432922397156574, 33.272580739780686 ], [ 131.432671553009101, 33.270370429363474 ], [ 131.432209504162188, 33.270173163437988 ], [ 131.432156778261998, 33.269587183837338 ], [ 131.431756106042229, 33.269201275026994 ], [ 131.432064673540566, 33.268603580492112 ], [ 131.431900164922922, 33.268101726726208 ], [ 131.431430769248522, 33.268030455509006 ], [ 131.430618466699684, 33.268974291391103 ], [ 131.430454226613932, 33.269729124576251 ], [ 131.429660970689014, 33.269779928824477 ], [ 131.429085558143669, 33.270050130425965 ], [ 131.428806622141792, 33.270715626972695 ], [ 131.4286233086099, 33.270796999619677 ], [ 131.427815496057093, 33.270803443463507 ], [ 131.426976099673226, 33.271081917716558 ], [ 131.426690845036546, 33.270837756544253 ], [ 131.426670130249391, 33.270557161088647 ], [ 131.427524773438023, 33.269251026597864 ], [ 131.427161410893234, 33.268518938009358 ], [ 131.426171370017528, 33.268583315554217 ], [ 131.424157619603704, 33.269400277128298 ], [ 131.42285000685186, 33.268980975985436 ], [ 131.421292584300602, 33.268098884222937 ], [ 131.419634178096288, 33.267431373373832 ], [ 131.419696491631754, 33.267163974709767 ], [ 131.420642689999056, 33.266652110321502 ], [ 131.421103969185367, 33.265912879415708 ], [ 131.421656936540501, 33.265433672714579 ], [ 131.421747858600867, 33.264962851376787 ], [ 131.422300280990186, 33.264260643830184 ], [ 131.422400667444123, 33.263028274017429 ], [ 131.422279601344911, 33.262030628688457 ], [ 131.421863018861274, 33.261337745238507 ], [ 131.421448588003358, 33.261078794486771 ], [ 131.42099837183838, 33.261438312260026 ], [ 131.420379644796895, 33.261657381921871 ], [ 131.42061451987226, 33.260826681588554 ], [ 131.420636199751499, 33.259969595283444 ], [ 131.419616597891945, 33.257391134323825 ], [ 131.418861978024722, 33.256200344668002 ], [ 131.419124245254721, 33.255695023168698 ], [ 131.418796428255433, 33.254654684506754 ], [ 131.419580244007108, 33.253870976194364 ], [ 131.419601880035685, 33.253003021134916 ], [ 131.412316281273718, 33.254889036238204 ], [ 131.410083946801933, 33.242326949195018 ], [ 131.419683654271466, 33.234251871453729 ], [ 131.417606621966229, 33.233211198937674 ], [ 131.416267057226122, 33.233151982172359 ], [ 131.415693455961673, 33.232969832810085 ], [ 131.414338157389977, 33.231360404059693 ], [ 131.412352954380907, 33.230128218969995 ], [ 131.411138602975939, 33.229806610043575 ], [ 131.410055831804016, 33.228819155931575 ], [ 131.408671152740339, 33.228087485614317 ], [ 131.407947371457141, 33.22820309916878 ], [ 131.406985531875819, 33.22783810441102 ], [ 131.40529963337309, 33.227517943280496 ], [ 131.403999448948781, 33.226828405253798 ], [ 131.403544617519032, 33.226829868865018 ], [ 131.40312443537735, 33.227029425898536 ], [ 131.402790246398752, 33.227610961825256 ], [ 131.402471167554097, 33.227824352363932 ], [ 131.401327253995873, 33.228153642316556 ], [ 131.400468921790775, 33.228312108614858 ], [ 131.397630870412428, 33.228370665881158 ], [ 131.396417463078762, 33.228247120159232 ], [ 131.396099044317339, 33.228602067420852 ], [ 131.394700806771908, 33.228578175925094 ], [ 131.393660175043294, 33.229416783423439 ], [ 131.393021287455753, 33.229687792205645 ], [ 131.387546420594987, 33.23153834375168 ], [ 131.386334240889227, 33.231697848641275 ], [ 131.385513222453937, 33.232691418913234 ], [ 131.38477407267996, 33.233160903939854 ], [ 131.381841450727137, 33.232830152672847 ], [ 131.381455641759629, 33.233213595297741 ], [ 131.38079614698708, 33.234567706557769 ], [ 131.380359390795633, 33.234852202403523 ], [ 131.379332690690461, 33.235067714999907 ], [ 131.378912653469854, 33.23532383552071 ], [ 131.378762526814484, 33.235664098643269 ], [ 131.37883428845268, 33.236669094855564 ], [ 131.379482275648741, 33.23846519623708 ], [ 131.380350798701556, 33.242532954481547 ], [ 131.380066397712284, 33.24298688132437 ], [ 131.3784665815067, 33.243161700719057 ], [ 131.378247812175857, 33.243218992654512 ], [ 131.378181314812764, 33.24341741069486 ], [ 131.378094505514866, 33.244769769775139 ], [ 131.37894289822836, 33.246154651164566 ], [ 131.378994985770561, 33.246508432266275 ], [ 131.378509624268133, 33.247260283164643 ], [ 131.378612939777923, 33.247769655289474 ], [ 131.380340033460214, 33.249732271697134 ], [ 131.382427495359252, 33.251233630136639 ], [ 131.38296108343053, 33.253794529156032 ], [ 131.383520133932336, 33.25447238090878 ], [ 131.385228159438697, 33.25586866617018 ], [ 131.388354226573426, 33.256907281041649 ], [ 131.389060581736032, 33.257614025214679 ], [ 131.390283232729871, 33.258463529316622 ], [ 131.39014387143132, 33.260492385443946 ], [ 131.39279486053988, 33.262715865920661 ], [ 131.393336755484768, 33.263324635337604 ], [ 131.393606080656099, 33.264137781619056 ], [ 131.393527619459746, 33.266681044902221 ], [ 131.393673152390477, 33.269559546768335 ], [ 131.39144221425147, 33.271214589057102 ], [ 131.390695329413859, 33.271952159125384 ], [ 131.389648688348046, 33.273800073080956 ], [ 131.38922719863146, 33.275659134438698 ], [ 131.389294892076521, 33.276814261121757 ], [ 131.390654276848551, 33.280236645214416 ], [ 131.391265417341941, 33.280589199792743 ], [ 131.392798354966459, 33.280846916860376 ], [ 131.393260813441231, 33.281153981969283 ], [ 131.394015327195206, 33.282110021503492 ], [ 131.394826658362263, 33.281779181085447 ], [ 131.39623221567561, 33.281512086334544 ], [ 131.400703988338734, 33.281839061134981 ], [ 131.403985448732556, 33.281644604641926 ], [ 131.404931419045482, 33.281713731595687 ], [ 131.405854953903088, 33.281999539022635 ], [ 131.414407971264751, 33.287596913159575 ], [ 131.420394806115979, 33.290806366085185 ], [ 131.420218589436615, 33.292050652864525 ], [ 131.421114204026736, 33.293777457286581 ], [ 131.422276890126199, 33.295024294970972 ], [ 131.425012117184366, 33.297064246721412 ], [ 131.426851438494054, 33.297337426346829 ], [ 131.427706867400474, 33.297307870763142 ], [ 131.428901374791309, 33.296951144414969 ], [ 131.429487948010632, 33.297015672547559 ], [ 131.42979345793492, 33.297208879654058 ], [ 131.430590960089518, 33.29718011746931 ], [ 131.432006529006713, 33.296654283508374 ], [ 131.433051760502394, 33.296604233527191 ], [ 131.433986550013969, 33.29560415201955 ], [ 131.43429564827477, 33.295466502199226 ], [ 131.43521837032273, 33.295703940858772 ], [ 131.438255298611921, 33.297481886023647 ], [ 131.439287329591281, 33.297888002456538 ], [ 131.440897990630987, 33.297869285493078 ], [ 131.44342782592534, 33.297379025195248 ], [ 131.444767581324811, 33.297387243908823 ], [ 131.445300326878254, 33.29707317694595 ], [ 131.446422577372402, 33.29694559217004 ], [ 131.447235877955109, 33.296981684695965 ], [ 131.449290480481977, 33.297455577697335 ], [ 131.450664488167973, 33.297355147881817 ] ] ] } },
{ "type": "Feature", "properties": { "CITY_NAME": "別府市", "S_NAME": "大字浜脇", "JINKO": 57, "medical_area": "44_東部医療圏", "町丁目名": "別府市大字浜脇" }, "geometry": { "type": "Polygon", "coordinates": [ [ [ 131.505323132654382, 33.268808371756009 ], [ 131.508377877772745, 33.268455950915872 ], [ 131.508541729088677, 33.268068109569107 ], [ 131.508507215958105, 33.267480890530251 ], [ 131.507212970594935, 33.267011915159472 ], [ 131.50615451104818, 33.267636233392125 ], [ 131.505323132654382, 33.268808371756009 ] ] ] } },
{ "type": "Feature", "properties": { "CITY_NAME": "別府市", "S_NAME": "大字浜脇", "JINKO": 102, "medical_area": "44_東部医療圏", "町丁目名": "別府市大字浜脇" }, "geometry": { "type": "Polygon", "coordinates": [ [ [ 131.516866074166387, 33.26063695459554 ], [ 131.516451788231279, 33.260775466575986 ], [ 131.516377728671756, 33.261245640128543 ], [ 131.516006074597584, 33.261616995695697 ], [ 131.515816084220774, 33.26235518038915 ], [ 131.516452818805277, 33.262544736454572 ], [ 131.516633541150355, 33.263069498060901 ], [ 131.515982223213825, 33.263284648498491 ], [ 131.515757267412965, 33.263868136068723 ], [ 131.51535135570461, 33.264205616582501 ], [ 131.515664573227212, 33.264745735184725 ], [ 131.515037727199427, 33.264967646790254 ], [ 131.514340832309898, 33.265758660300058 ], [ 131.514784299378022, 33.26625300078404 ], [ 131.515525004017746, 33.265792970490153 ], [ 131.517826583553983, 33.265225029362099 ], [ 131.51768239432036, 33.264457639776467 ], [ 131.517833321070469, 33.264216332377103 ], [ 131.517605990148297, 33.263575474160618 ], [ 131.517854423023437, 33.262640741816561 ], [ 131.516834202001633, 33.261192424078352 ], [ 131.516866074166387, 33.26063695459554 ] ] ] } },
{ "type": "Feature", "properties": { "CITY_NAME": "別府市", "S_NAME": "大字浜脇", "JINKO": 479, "medical_area": "44_東部医療圏", "町丁目名": "別府市大字浜脇" }, "geometry": { "type": "Polygon", "coordinates": [ [ [ 131.508377877772745, 33.268455950915872 ], [ 131.512701711430879, 33.266869903520941 ], [ 131.512922889358805, 33.267310869092427 ], [ 131.514784299378022, 33.26625300078404 ], [ 131.514340832309898, 33.265758660300058 ], [ 131.515037727199427, 33.264967646790254 ], [ 131.515664573227212, 33.264745735184725 ], [ 131.51535135570461, 33.264205616582501 ], [ 131.515757267412965, 33.263868136068723 ], [ 131.515982223213825, 33.263284648498491 ], [ 131.516633541150355, 33.263069498060901 ], [ 131.516452818805277, 33.262544736454572 ], [ 131.515715292799996, 33.262298871136316 ], [ 131.515146863689068, 33.262739841416689 ], [ 131.511765072186932, 33.262668128399739 ], [ 131.509417056567003, 33.264406423379121 ], [ 131.509383703192242, 33.264852871109312 ], [ 131.509209093880258, 33.264892033514428 ], [ 131.508597951459336, 33.264284515348848 ], [ 131.507998141803171, 33.266455226612052 ], [ 131.507212970594907, 33.267011915159465 ], [ 131.508507215958133, 33.267480890530244 ], [ 131.508541729088677, 33.268068109569107 ], [ 131.508377877772745, 33.268455950915872 ] ] ] } },
{ "type": "Feature", "properties": { "CITY_NAME": "別府市", "S_NAME": "大字浜脇", "JINKO": 26, "medical_area": "44_東部医療圏", "町丁目名": "別府市大字浜脇" }, "geometry": { "type": "Polygon", "coordinates": [ [ [ 131.515816084220774, 33.26235518038915 ], [ 131.516006074597527, 33.261616995695697 ], [ 131.516377728671785, 33.261245640128543 ], [ 131.516451788231308, 33.260775466575986 ], [ 131.516841826932449, 33.260598767726613 ], [ 131.516724085484583, 33.2604130467708 ], [ 131.516294553152903, 33.260314406646543 ], [ 131.516157228813199, 33.259682853452794 ], [ 131.516346222842031, 33.259540292799308 ], [ 131.51650088438609, 33.258346289935787 ], [ 131.516706333157998, 33.258017558063592 ], [ 131.516367056512735, 33.257123949450964 ], [ 131.51636006543535, 33.254173077608435 ], [ 131.517537207818947, 33.252541196374843 ], [ 131.518736815320551, 33.25121892995201 ], [ 131.519026555415536, 33.250210616336659 ], [ 131.518982375171362, 33.249515745741597 ], [ 131.52100207634399, 33.248308666300119 ], [ 131.52086655993881, 33.248240809946743 ], [ 131.515531884755603, 33.247899424478405 ], [ 131.514947906484849, 33.248298927626294 ], [ 131.513760477218995, 33.248585420770695 ], [ 131.512827321228229, 33.249829155172527 ], [ 131.512058763175503, 33.25011162799855 ], [ 131.511878919102315, 33.250779983344003 ], [ 131.509529008947396, 33.251934136845996 ], [ 131.508708935535822, 33.254075429803507 ], [ 131.511765072186932, 33.262668128399767 ], [ 131.515146863689125, 33.262739841416725 ], [ 131.515816084220774, 33.26235518038915 ] ] ] } },
{ "type": "Feature", "properties": { "CITY_NAME": "別府市", "S_NAME": "大字浜脇", "JINKO": 96, "medical_area": "44_東部医療圏", "町丁目名": "別府市大字浜脇" }, "geometry": { "type": "Polygon", "coordinates": [ [ [ 131.505383302398286, 33.268434394662428 ], [ 131.504594887027281, 33.267791300483843 ], [ 131.50364233994344, 33.268232166672867 ], [ 131.502984587392831, 33.26796412974852 ], [ 131.502708254890109, 33.268474643611441 ], [ 131.503204713576224, 33.269133605563979 ], [ 131.505323132654382, 33.268808371756009 ], [ 131.505383302398286, 33.268434394662428 ] ] ] } },
{ "type": "Feature", "properties": { "CITY_NAME": "別府市", "S_NAME": "大字浜脇", "JINKO": 37, "medical_area": "44_東部医療圏", "町丁目名": "別府市大字浜脇" }, "geometry": { "type": "Polygon", "coordinates": [ [ [ 131.502708254890138, 33.268474643611441 ], [ 131.502984587392802, 33.267964129748528 ], [ 131.50364233994344, 33.268232166672867 ], [ 131.504594887027281, 33.267791300483822 ], [ 131.504645762941607, 33.267527115499604 ], [ 131.505139769981639, 33.267116431071315 ], [ 131.50520775058601, 33.266758853072581 ], [ 131.503558502994849, 33.266243787521269 ], [ 131.503422343120263, 33.265641498833432 ], [ 131.502765113216071, 33.265135055196588 ], [ 131.502588355270291, 33.264811561456256 ], [ 131.502646603411335, 33.264451647231773 ], [ 131.502927930594979, 33.264095899357791 ], [ 131.502888940440016, 33.26257125768943 ], [ 131.502645183558428, 33.262131520434572 ], [ 131.50234923464194, 33.262046599773242 ], [ 131.502388694756547, 33.261570259043559 ], [ 131.500877656717762, 33.261423940842043 ], [ 131.49908788252435, 33.260460146740975 ], [ 131.495319256459851, 33.261977177349188 ], [ 131.501372594756049, 33.265779988441977 ], [ 131.502708254890138, 33.268474643611441 ] ] ] } },
{ "type": "Feature", "properties": { "CITY_NAME": "別府市", "S_NAME": "大字浜脇", "JINKO": 98, "medical_area": "44_東部医療圏", "町丁目名": "別府市大字浜脇" }, "geometry": { "type": "Polygon", "coordinates": [ [ [ 131.507998141803171, 33.266455226612052 ], [ 131.508072786889073, 33.266185148557938 ], [ 131.505883333294634, 33.264190338534107 ], [ 131.505780826450689, 33.264356674220096 ], [ 131.504606888979339, 33.264630068020914 ], [ 131.504834990870449, 33.26379731531366 ], [ 131.502388694756547, 33.261570259043559 ], [ 131.50234923464194, 33.262046599773242 ], [ 131.502645183558428, 33.262131520434572 ], [ 131.502888940440016, 33.262571257689416 ], [ 131.502927930595035, 33.264095899357805 ], [ 131.502646603411335, 33.26445164723178 ], [ 131.502588355270291, 33.264811561456256 ], [ 131.502765113216043, 33.265135055196602 ], [ 131.503422343120263, 33.265641498833439 ], [ 131.503558502994849, 33.266243787521269 ], [ 131.50520775058601, 33.266758853072581 ], [ 131.505139769981639, 33.267116431071308 ], [ 131.504645762941664, 33.267527115499604 ], [ 131.50464152595228, 33.267915959330487 ], [ 131.50494598253627, 33.268032241157108 ], [ 131.505398261499266, 33.268569272581253 ], [ 131.50610772563661, 33.267853062754213 ], [ 131.50615451104818, 33.267636233392125 ], [ 131.507998141803171, 33.266455226612052 ] ] ] } },
{ "type": "Feature", "properties": { "CITY_NAME": "別府市", "S_NAME": "大字浜脇", "JINKO": 64, "medical_area": "44_東部医療圏", "町丁目名": "別府市大字浜脇" }, "geometry": { "type": "Polygon", "coordinates": [ [ [ 131.509383703192242, 33.264852871109298 ], [ 131.509417056566974, 33.264406423379121 ], [ 131.511765072186932, 33.262668128399767 ], [ 131.508708935535822, 33.254075429803507 ], [ 131.509529008947396, 33.251934136845996 ], [ 131.508587972946344, 33.25184715779509 ], [ 131.507096576465528, 33.251003972979369 ], [ 131.505938515165894, 33.250772540657401 ], [ 131.504645227350892, 33.249596971391405 ], [ 131.503995529414425, 33.249408856267884 ], [ 131.503715087576637, 33.249518992765594 ], [ 131.503057099134935, 33.250697956800373 ], [ 131.502764927030569, 33.250644646902764 ], [ 131.502657232369899, 33.251014001514676 ], [ 131.502408612430287, 33.25115472436476 ], [ 131.500463952221764, 33.251302299199601 ], [ 131.499807532765317, 33.252813892632759 ], [ 131.498308964655109, 33.252470622977533 ], [ 131.498312738871505, 33.253127273740986 ], [ 131.501477116807592, 33.25829097981476 ], [ 131.501432637826213, 33.25922724691965 ], [ 131.502024540531494, 33.260929378962146 ], [ 131.50238869475649, 33.261570259043538 ], [ 131.504834990870421, 33.263797315313653 ], [ 131.504606888979339, 33.264630068020914 ], [ 131.505780826450689, 33.264356674220096 ], [ 131.505883333294662, 33.264190338534107 ], [ 131.50807278688913, 33.266185148557938 ], [ 131.508597951459336, 33.264284515348848 ], [ 131.509209093880287, 33.264892033514428 ], [ 131.509383703192242, 33.264852871109298 ] ] ] } },
{ "type": "Feature", "properties": { "CITY_NAME": "別府市", "S_NAME": "大字浜脇", "JINKO": 52, "medical_area": "44_東部医療圏", "町丁目名": "別府市大字浜脇" }, "geometry": { "type": "Polygon", "coordinates": [ [ [ 131.50238869475649, 33.261570259043538 ], [ 131.501432637826213, 33.25922724691965 ], [ 131.501477116807592, 33.25829097981476 ], [ 131.498312738871505, 33.253127273740986 ], [ 131.498308964655109, 33.252470622977533 ], [ 131.495649323035167, 33.252523310104777 ], [ 131.493758307495483, 33.25141780064731 ], [ 131.492942074706548, 33.251357310024012 ], [ 131.49170319611278, 33.250766324329149 ], [ 131.490061366571382, 33.250758007455531 ], [ 131.487890421610615, 33.251103111290064 ], [ 131.487233348002093, 33.251671788503494 ], [ 131.486641424836421, 33.251765073286869 ], [ 131.485508006453102, 33.251456532546925 ], [ 131.485021347371429, 33.251166854235386 ], [ 131.484051887033957, 33.251172491398052 ], [ 131.483565230158348, 33.25092778369369 ], [ 131.482355893418116, 33.251294765375313 ], [ 131.482055669624259, 33.250733761665899 ], [ 131.481334887852796, 33.251310865640718 ], [ 131.482720626148136, 33.253508504444916 ], [ 131.48223958399069, 33.253731419499545 ], [ 131.483979743866172, 33.25913979570015 ], [ 131.495319256459851, 33.261977177349188 ], [ 131.49908788252435, 33.260460146741003 ], [ 131.500877656717762, 33.261423940842064 ], [ 131.50238869475649, 33.261570259043538 ] ] ] } },
{ "type": "Feature", "properties": { "CITY_NAME": "別府市", "S_NAME": "大字南立石", "JINKO": 10, "medical_area": "44_東部医療圏", "町丁目名": "別府市大字南立石" }, "geometry": { "type": "Polygon", "coordinates": [ [ [ 131.480069767132505, 33.279323436122034 ], [ 131.480954032397875, 33.278381342375283 ], [ 131.481610940884394, 33.276872968848672 ], [ 131.480934062583913, 33.276120489398018 ], [ 131.480326972292517, 33.274994934677899 ], [ 131.479847740165923, 33.274779188869694 ], [ 131.476699791390701, 33.273989953444044 ], [ 131.471004641968364, 33.275145453950472 ], [ 131.469832023066317, 33.27505048486146 ], [ 131.474104226843821, 33.277524019325895 ], [ 131.477445515720575, 33.277447987901887 ], [ 131.478310418697731, 33.278562339211128 ], [ 131.478969682375123, 33.279005233655575 ], [ 131.479934686557868, 33.279299784197569 ], [ 131.480069767132505, 33.279323436122034 ] ] ] } },
{ "type": "Feature", "properties": { "CITY_NAME": "別府市", "S_NAME": "大字南立石", "JINKO": 1487, "medical_area": "44_東部医療圏", "町丁目名": "別府市大字南立石" }, "geometry": { "type": "Polygon", "coordinates": [ [ [ 131.475171821746414, 33.285997448881339 ], [ 131.475410020351148, 33.285639858135433 ], [ 131.475931126396517, 33.285842342700903 ], [ 131.476514092366756, 33.285529413666652 ], [ 131.477389892368535, 33.285481223164027 ], [ 131.479059346404142, 33.284668889627909 ], [ 131.479924548830894, 33.28488429551259 ], [ 131.481445619687179, 33.286000956519132 ], [ 131.48206965396318, 33.285926216996309 ], [ 131.481869734817536, 33.284862306627552 ], [ 131.482827476804545, 33.284569463685607 ], [ 131.482618558141866, 33.283466122340812 ], [ 131.482981600151817, 33.283463496766934 ], [ 131.482626774831317, 33.283003069405453 ], [ 131.482231634448652, 33.283093454727641 ], [ 131.482014889264946, 33.282863983875828 ], [ 131.481358969417357, 33.28150016005754 ], [ 131.481680001745701, 33.281098418527627 ], [ 131.481188429588997, 33.28075815723971 ], [ 131.481032261060278, 33.280857480491413 ], [ 131.480816000366417, 33.28044755987505 ], [ 131.480626035014524, 33.280486766906073 ], [ 131.480197704988768, 33.280747242385182 ], [ 131.480088529392106, 33.281385078314557 ], [ 131.478865996360895, 33.281570405251273 ], [ 131.47844642136053, 33.282642375039053 ], [ 131.4781035019993, 33.282957017275919 ], [ 131.475359383393993, 33.28385649339355 ], [ 131.473889137985054, 33.284881407744685 ], [ 131.474529882666729, 33.286264263311629 ], [ 131.475171821746414, 33.285997448881339 ] ] ] } },
{ "type": "Feature", "properties": { "CITY_NAME": "別府市", "S_NAME": "大字南立石", "JINKO": 363, "medical_area": "44_東部医療圏", "町丁目名": "別府市大字南立石" }, "geometry": { "type": "Polygon", "coordinates": [ [ [ 131.478932986806029, 33.281535433473934 ], [ 131.480088529392106, 33.281385078314557 ], [ 131.480197704988768, 33.280747242385182 ], [ 131.480816000366417, 33.28044755987505 ], [ 131.480069767132505, 33.279323436122027 ], [ 131.478969682375123, 33.279005233655546 ], [ 131.478310418697731, 33.278562339211085 ], [ 131.477445515720575, 33.277447987901887 ], [ 131.474104226843821, 33.277524019325895 ], [ 131.471106352266617, 33.280715536057933 ], [ 131.471028866476615, 33.283683473593889 ], [ 131.470206991909095, 33.284434032140183 ], [ 131.471349091918569, 33.285813126237599 ], [ 131.471364773853566, 33.286255606980419 ], [ 131.470943717190494, 33.286459084855068 ], [ 131.470632582332257, 33.287100037979869 ], [ 131.47146120563778, 33.286934658511932 ], [ 131.471568021614928, 33.286809949758563 ], [ 131.471242601926662, 33.28662046838771 ], [ 131.471323178786719, 33.286521416874294 ], [ 131.471924754925368, 33.28604918928486 ], [ 131.472746544540371, 33.285800853356072 ], [ 131.473367508515594, 33.285168461767277 ], [ 131.475181447343147, 33.283942316264849 ], [ 131.4781035019993, 33.282957017275919 ], [ 131.47844642136053, 33.282642375039053 ], [ 131.478932986806029, 33.281535433473934 ] ] ] } },
{ "type": "Feature", "properties": { "CITY_NAME": "別府市", "S_NAME": "大字南立石", "JINKO": 759, "medical_area": "44_東部医療圏", "町丁目名": "別府市大字南立石" }, "geometry": { "type": "Polygon", "coordinates": [ [ [ 131.471241329399618, 33.292432486908908 ], [ 131.474619155684081, 33.292611944602008 ], [ 131.476195182386931, 33.292128276686348 ], [ 131.476014130879292, 33.29059494203468 ], [ 131.475590141934163, 33.289806061507939 ], [ 131.474983888473474, 33.28918026669151 ], [ 131.473611493972982, 33.288372278843717 ], [ 131.472377051131417, 33.288710518659911 ], [ 131.472025033053995, 33.289126980285296 ], [ 131.470471914937946, 33.28971195837584 ], [ 131.468371014169918, 33.289110709403985 ], [ 131.468069489653089, 33.289224612378739 ], [ 131.468089781208363, 33.290163306871065 ], [ 131.469055957361064, 33.292741772633832 ], [ 131.469882588962633, 33.292735619145056 ], [ 131.471241329399618, 33.292432486908908 ] ] ] } },
{ "type": "Feature", "properties": { "CITY_NAME": "別府市", "S_NAME": "大字南立石", "JINKO": 854, "medical_area": "44_東部医療圏", "町丁目名": "別府市大字南立石" }, "geometry": { "type": "Polygon", "coordinates": [ [ [ 131.469055957361064, 33.292741772633832 ], [ 131.468089781208363, 33.290163306871065 ], [ 131.468032350649366, 33.289291095299966 ], [ 131.468591687023007, 33.289021976620042 ], [ 131.46819729472341, 33.288467798716304 ], [ 131.468144594505446, 33.287742696749582 ], [ 131.467353828557265, 33.287593756017827 ], [ 131.46397078323298, 33.287693489556709 ], [ 131.463605192586698, 33.290615391880998 ], [ 131.463521754911397, 33.292753422376059 ], [ 131.465069915831464, 33.292709084647207 ], [ 131.466084124476765, 33.292218110431243 ], [ 131.468063235334085, 33.29266177457864 ], [ 131.469055957361064, 33.292741772633832 ] ] ] } },
{ "type": "Feature", "properties": { "CITY_NAME": "別府市", "S_NAME": "大字南立石", "JINKO": 436, "medical_area": "44_東部医療圏", "町丁目名": "別府市大字南立石" }, "geometry": { "type": "Polygon", "coordinates": [ [ [ 131.472682863311547, 33.288273446080524 ], [ 131.47226387762737, 33.287650147851117 ], [ 131.47183057519527, 33.287753958427032 ], [ 131.47182496379321, 33.287467933878538 ], [ 131.471307169547032, 33.287691239115382 ], [ 131.470623954793012, 33.287101762473327 ], [ 131.469126530070469, 33.287166458421765 ], [ 131.468144594505446, 33.287742696749582 ], [ 131.468117866212594, 33.287998729742789 ], [ 131.46819729472341, 33.288467798716304 ], [ 131.46857544879046, 33.288934138203295 ], [ 131.468432352489799, 33.289130379315971 ], [ 131.470333507008235, 33.2897264302404 ], [ 131.472143606866354, 33.289035829091631 ], [ 131.472682863311547, 33.288273446080524 ] ] ] } },
{ "type": "Feature", "properties": { "CITY_NAME": "別府市", "S_NAME": "大字南立石", "JINKO": 335, "medical_area": "44_東部医療圏", "町丁目名": "別府市大字南立石" }, "geometry": { "type": "Polygon", "coordinates": [ [ [ 131.468144594505446, 33.287742696749582 ], [ 131.469126530070469, 33.287166458421765 ], [ 131.470632582332257, 33.287100037979869 ], [ 131.470943717190494, 33.286459084855068 ], [ 131.471346255242196, 33.286305656950255 ], [ 131.471349091918569, 33.285813126237599 ], [ 131.470206991909095, 33.284434032140183 ], [ 131.471028866476615, 33.283683473593889 ], [ 131.471106352266617, 33.280715536057933 ], [ 131.474104226843821, 33.277524019325895 ], [ 131.469832023066317, 33.275050484861445 ], [ 131.464584717952448, 33.281753881451074 ], [ 131.466233378627862, 33.282622462675413 ], [ 131.465398630104659, 33.28371865315949 ], [ 131.464672389647234, 33.285019433185454 ], [ 131.46397078323298, 33.287693489556709 ], [ 131.467353828557265, 33.287593756017827 ], [ 131.468144594505446, 33.287742696749582 ] ] ] } },
{ "type": "Feature", "properties": { "CITY_NAME": "別府市", "S_NAME": "大字南立石", "JINKO": 1029, "medical_area": "44_東部医療圏", "町丁目名": "別府市大字南立石" }, "geometry": { "type": "Polygon", "coordinates": [ [ [ 131.464584717952476, 33.281753881451074 ], [ 131.469832023066317, 33.275050484861445 ], [ 131.46553516021217, 33.276346882122048 ], [ 131.464944397807585, 33.276078721150078 ], [ 131.464091445761625, 33.27594862240133 ], [ 131.462525233579527, 33.275963976341963 ], [ 131.460022150239723, 33.277564937960243 ], [ 131.459809180239205, 33.277584752611745 ], [ 131.458640864007123, 33.276979756083342 ], [ 131.458059223205765, 33.277594937956408 ], [ 131.45771933824912, 33.278915620370874 ], [ 131.455130093422582, 33.284903537139698 ], [ 131.454892882279978, 33.286857053037757 ], [ 131.453610863865464, 33.28933252368472 ], [ 131.454827296977186, 33.294618839104011 ], [ 131.460252029041186, 33.293117704305999 ], [ 131.462094792385642, 33.292803595059468 ], [ 131.463521754911397, 33.292753422376059 ], [ 131.463682806199444, 33.28979831013519 ], [ 131.464256833344336, 33.286339704880476 ], [ 131.464672389647234, 33.285019433185454 ], [ 131.465144803100628, 33.28411658579634 ], [ 131.466233378627862, 33.282622462675413 ], [ 131.464584717952476, 33.281753881451074 ] ] ] } },
{ "type": "Feature", "properties": { "CITY_NAME": "別府市", "S_NAME": "大字南立石", "JINKO": 1233, "medical_area": "44_東部医療圏", "町丁目名": "別府市大字南立石" }, "geometry": { "type": "Polygon", "coordinates": [ [ [ 131.478063530501089, 33.291237938615133 ], [ 131.480360723457324, 33.29098814394299 ], [ 131.480504524581534, 33.288014867814333 ], [ 131.480061026098895, 33.288110103356438 ], [ 131.478853439176845, 33.287733610574925 ], [ 131.476914181555941, 33.287919938179549 ], [ 131.475497000945694, 33.287537220099431 ], [ 131.473326293141753, 33.287378249882046 ], [ 131.473203758793005, 33.287869611437728 ], [ 131.47388826093632, 33.288023960954277 ], [ 131.473449327549901, 33.288297737218535 ], [ 131.474983888473474, 33.28918026669151 ], [ 131.47580420773312, 33.290137900953354 ], [ 131.476129119074812, 33.29097781565212 ], [ 131.476195182386931, 33.292128276686348 ], [ 131.478063530501089, 33.291237938615133 ] ] ] } },
{ "type": "Feature", "properties": { "CITY_NAME": "別府市", "S_NAME": "大字南立石", "JINKO": 615, "medical_area": "44_東部医療圏", "町丁目名": "別府市大字南立石" }, "geometry": { "type": "Polygon", "coordinates": [ [ [ 131.477394021489317, 33.28779718607845 ], [ 131.479267372550936, 33.287838301429247 ], [ 131.478951606118756, 33.287147474481841 ], [ 131.479106001407985, 33.286835283012294 ], [ 131.481572714297272, 33.286475135907445 ], [ 131.481539611731989, 33.286161572569021 ], [ 131.479924548830894, 33.28488429551259 ], [ 131.479059346404142, 33.284668889627909 ], [ 131.477389892368535, 33.285481223164027 ], [ 131.476514092366756, 33.285529413666652 ], [ 131.475734790265903, 33.285861508168686 ], [ 131.475410020351148, 33.285639858135433 ], [ 131.475171821746414, 33.285997448881339 ], [ 131.474397527254723, 33.286327400985876 ], [ 131.47448186617757, 33.286496921730759 ], [ 131.473948766020357, 33.286899216781855 ], [ 131.474144003922135, 33.286892076434235 ], [ 131.474150118187083, 33.287091626232559 ], [ 131.473892312873659, 33.287098997740266 ], [ 131.473962201618207, 33.287404465957906 ], [ 131.474245724992187, 33.287475648882818 ], [ 131.475497000945694, 33.287537220099431 ], [ 131.476914181555941, 33.287919938179549 ], [ 131.477394021489317, 33.28779718607845 ] ] ] } },
{ "type": "Feature", "properties": { "CITY_NAME": "別府市", "S_NAME": "大字南立石", "JINKO": 312, "medical_area": "44_東部医療圏", "町丁目名": "別府市大字南立石" }, "geometry": { "type": "Polygon", "coordinates": [ [ [ 131.473888260936377, 33.288023960954277 ], [ 131.473203758793005, 33.287869611437742 ], [ 131.473170027882645, 33.287634748719491 ], [ 131.473326293141781, 33.287378249882046 ], [ 131.473962201618207, 33.287404465957906 ], [ 131.473892312873659, 33.287098997740266 ], [ 131.474150118187083, 33.287091626232559 ], [ 131.474144003922135, 33.286892076434235 ], [ 131.473948766020357, 33.286899216781855 ], [ 131.47448186617757, 33.286496921730759 ], [ 131.474397527254723, 33.286327400985876 ], [ 131.474529882666729, 33.286264263311629 ], [ 131.473889137985054, 33.284881407744685 ], [ 131.473185852903981, 33.285312203903182 ], [ 131.472746544540371, 33.285800853356072 ], [ 131.471924754925368, 33.28604918928486 ], [ 131.471323178786719, 33.286521416874294 ], [ 131.471242601926662, 33.28662046838771 ], [ 131.471568021614928, 33.286809949758563 ], [ 131.47146120563778, 33.286934658511932 ], [ 131.470623954793012, 33.287101762473327 ], [ 131.471307169547032, 33.287691239115382 ], [ 131.47182496379321, 33.287467933878538 ], [ 131.47183057519527, 33.287753958427032 ], [ 131.472263877627427, 33.287650147851117 ], [ 131.472420550908311, 33.287756824155593 ], [ 131.472682863311547, 33.288273446080524 ], [ 131.472377051131417, 33.288710518659911 ], [ 131.473611493972982, 33.288372278843717 ], [ 131.473449327549929, 33.288297737218535 ], [ 131.473888260936377, 33.288023960954277 ] ] ] } },
{ "type": "Feature", "properties": { "CITY_NAME": "別府市", "S_NAME": "大字内成", "JINKO": 59, "medical_area": "44_東部医療圏", "町丁目名": "別府市大字内成" }, "geometry": { "type": "Polygon", "coordinates": [ [ [ 131.499906904819881, 33.25274362520306 ], [ 131.500463952221764, 33.251302299199601 ], [ 131.502408612430287, 33.25115472436476 ], [ 131.502657232369899, 33.251014001514676 ], [ 131.502935978867754, 33.248454868072812 ], [ 131.502768100347026, 33.247465465179097 ], [ 131.503510332352107, 33.245904676594016 ], [ 131.504352193116659, 33.244724696939265 ], [ 131.504124232875967, 33.244111093269851 ], [ 131.504599983233049, 33.24398742966752 ], [ 131.505087026309127, 33.242841712941697 ], [ 131.503292733020317, 33.242201709844885 ], [ 131.502774855270388, 33.241444385367018 ], [ 131.502645170944021, 33.240323044758455 ], [ 131.502480018580258, 33.240185631625849 ], [ 131.500816605168779, 33.240226868188053 ], [ 131.500279850657364, 33.239745749753062 ], [ 131.49990597500809, 33.239022369943399 ], [ 131.499158148501692, 33.239344667612826 ], [ 131.498932023709358, 33.239311055149102 ], [ 131.498601263158406, 33.238932662966128 ], [ 131.498171536092769, 33.239210546957693 ], [ 131.49776075981697, 33.239212193093699 ], [ 131.496730621893249, 33.238646762375907 ], [ 131.496523362516854, 33.238319668746826 ], [ 131.496318079341137, 33.238337750571723 ], [ 131.496054337994906, 33.238908369970488 ], [ 131.495582649224531, 33.239031080437144 ], [ 131.495074112346714, 33.239896097347149 ], [ 131.494336735917557, 33.240244228331044 ], [ 131.49371113036122, 33.242197061265593 ], [ 131.49330342879145, 33.242733750350354 ], [ 131.492790436493607, 33.242822094074633 ], [ 131.492295049237697, 33.242392562080774 ], [ 131.491781470425963, 33.242377343918925 ], [ 131.490454557140339, 33.243815182592577 ], [ 131.490106456871359, 33.244006407381811 ], [ 131.489716397565104, 33.244042472713417 ], [ 131.489117682176357, 33.243492531800371 ], [ 131.488665231325427, 33.243390756833364 ], [ 131.488015144592623, 33.244670543555642 ], [ 131.487155419332851, 33.245191737152304 ], [ 131.487070550152083, 33.244708787365461 ], [ 131.486557344164595, 33.244762587693288 ], [ 131.484584829100299, 33.246072082483309 ], [ 131.483931185882767, 33.246997408111866 ], [ 131.483770038846416, 33.248618581680859 ], [ 131.48405224476673, 33.249037606728066 ], [ 131.483188273229899, 33.249793551217657 ], [ 131.482561515936254, 33.251293715243492 ], [ 131.483565230158348, 33.25092778369369 ], [ 131.484051887033957, 33.251172491398052 ], [ 131.485021347371429, 33.251166854235386 ], [ 131.485508006453102, 33.251456532546925 ], [ 131.486641424836421, 33.251765073286869 ], [ 131.487233348002093, 33.251671788503494 ], [ 131.487890421610615, 33.251103111290064 ], [ 131.490061366571382, 33.250758007455531 ], [ 131.49170319611278, 33.250766324329149 ], [ 131.492942074706548, 33.251357310024012 ], [ 131.493758307495483, 33.25141780064731 ], [ 131.495649323035167, 33.252523310104777 ], [ 131.497543662125025, 33.25240384302991 ], [ 131.499906904819881, 33.25274362520306 ] ] ] } },
{ "type": "Feature", "properties": { "CITY_NAME": "別府市", "S_NAME": "大字内成", "JINKO": 138, "medical_area": "44_東部医療圏", "町丁目名": "別府市大字内成" }, "geometry": { "type": "Polygon", "coordinates": [ [ [ 131.48194818898429, 33.25075707666835 ], [ 131.482163992717204, 33.250823356892596 ], [ 131.482355893418116, 33.251294765375313 ], [ 131.482561515936254, 33.251293715243492 ], [ 131.483188273229928, 33.249793551217664 ], [ 131.484014224850199, 33.249105615613594 ], [ 131.484024645567672, 33.248839696606112 ], [ 131.483770038846416, 33.248618581680859 ], [ 131.483931185882767, 33.246997408111866 ], [ 131.484584829100299, 33.246072082483309 ], [ 131.486557344164652, 33.24476258769328 ], [ 131.487070550152083, 33.244708787365461 ], [ 131.487155419332908, 33.245191737152304 ], [ 131.488015144592623, 33.244670543555642 ], [ 131.488665231325427, 33.243390756833364 ], [ 131.489117682176385, 33.243492531800371 ], [ 131.489716397565132, 33.24404247271341 ], [ 131.490106456871416, 33.244006407381818 ], [ 131.490454557140367, 33.243815182592577 ], [ 131.491781470425991, 33.242377343918925 ], [ 131.492295049237697, 33.242392562080788 ], [ 131.492790436493607, 33.242822094074633 ], [ 131.493303428791478, 33.242733750350347 ], [ 131.49371113036122, 33.242197061265593 ], [ 131.494336735917614, 33.240244228331044 ], [ 131.495074112346714, 33.239896097347149 ], [ 131.495582649224588, 33.239031080437144 ], [ 131.496054337994906, 33.238908369970488 ], [ 131.496318079341165, 33.238337750571709 ], [ 131.496523362516882, 33.238319668746826 ], [ 131.496730621893249, 33.238646762375907 ], [ 131.497760759816941, 33.239212193093714 ], [ 131.498171536092769, 33.239210546957707 ], [ 131.498601263158406, 33.238932662966128 ], [ 131.498932023709358, 33.239311055149102 ], [ 131.499158148501692, 33.239344667612826 ], [ 131.49990597500809, 33.239022369943399 ], [ 131.500279850657364, 33.239745749753062 ], [ 131.500816605168808, 33.240226868188053 ], [ 131.502480018580258, 33.240185631625849 ], [ 131.502645170944021, 33.240323044758455 ], [ 131.502774855270388, 33.241444385367018 ], [ 131.503292733020317, 33.242201709844885 ], [ 131.505087026309127, 33.242841712941697 ], [ 131.50561194798243, 33.24203114048872 ], [ 131.504990684159111, 33.240212457585201 ], [ 131.505699191367995, 33.239373896109626 ], [ 131.50557551234678, 33.238547800854604 ], [ 131.506031772744819, 33.238014565415199 ], [ 131.506244633417026, 33.236510405383903 ], [ 131.505808287323021, 33.235821834728533 ], [ 131.505933816506882, 33.235103726156467 ], [ 131.506340005674787, 33.23432089184903 ], [ 131.506208023878884, 33.232990712863369 ], [ 131.506316308071433, 33.232480798001106 ], [ 131.506132201440096, 33.231825471118846 ], [ 131.505595884947752, 33.231507532080236 ], [ 131.505541923397118, 33.231316042060854 ], [ 131.505631738618575, 33.230996382526776 ], [ 131.50622065107126, 33.230539516044303 ], [ 131.505912935494308, 33.230026470890927 ], [ 131.506371881475815, 33.226340250900542 ], [ 131.506159784767078, 33.226139258884444 ], [ 131.505792680656953, 33.226260604833818 ], [ 131.505499143560201, 33.226123224304175 ], [ 131.504575609340606, 33.224499730327501 ], [ 131.504011152776172, 33.224066006148973 ], [ 131.501912941660578, 33.223783815926666 ], [ 131.500944958531051, 33.224824530517949 ], [ 131.500682882634237, 33.22543842675762 ], [ 131.500010702897299, 33.225757064739938 ], [ 131.500254964767691, 33.226523123005741 ], [ 131.499779313394896, 33.22758787819064 ], [ 131.499204535372002, 33.228227231477256 ], [ 131.498043142392333, 33.2281116324218 ], [ 131.49659044272974, 33.228484734865219 ], [ 131.496124662276713, 33.228191760936198 ], [ 131.496357428512454, 33.227820248120508 ], [ 131.495881671950343, 33.227592549634799 ], [ 131.494155710003724, 33.228328490574249 ], [ 131.493370590040342, 33.228476629601921 ], [ 131.493229544193099, 33.228964578038905 ], [ 131.492851699553256, 33.229103033161934 ], [ 131.492158849840507, 33.229897281667178 ], [ 131.491188584466954, 33.229514420843657 ], [ 131.490034356013325, 33.230084921986737 ], [ 131.489162536304462, 33.230164882662912 ], [ 131.48820200358054, 33.230660086574765 ], [ 131.487817471283364, 33.230474181771882 ], [ 131.487590282022268, 33.230003233474278 ], [ 131.486592036150597, 33.229755919149781 ], [ 131.485749830994877, 33.229191734861381 ], [ 131.483028359269213, 33.226270530133903 ], [ 131.481481672948433, 33.22653616541934 ], [ 131.480480292091357, 33.227142845270059 ], [ 131.479771683330085, 33.227274363756059 ], [ 131.478781976138094, 33.227996503874067 ], [ 131.477779180693034, 33.228065420208715 ], [ 131.476874821646248, 33.228509716620287 ], [ 131.476053218966172, 33.22864384907092 ], [ 131.476032666291644, 33.228917876180667 ], [ 131.476981829169603, 33.229940725836265 ], [ 131.475017199298463, 33.229820218015988 ], [ 131.472812028071814, 33.230627109300428 ], [ 131.470945925289271, 33.231852833655019 ], [ 131.469652821594792, 33.233497448316477 ], [ 131.468466114415207, 33.234050786119816 ], [ 131.467859899598977, 33.234063142713076 ], [ 131.466980768805826, 33.234850930558174 ], [ 131.466153672439447, 33.235298733176791 ], [ 131.464939873909856, 33.237992169676801 ], [ 131.467372165258183, 33.243578121917388 ], [ 131.466646325505906, 33.24484832640514 ], [ 131.467902953683051, 33.246111134909235 ], [ 131.468600336124666, 33.247557114606401 ], [ 131.468686915981351, 33.247629211920149 ], [ 131.470104778472404, 33.24682716358582 ], [ 131.47083642698513, 33.246643330355155 ], [ 131.471183187829382, 33.247004180045941 ], [ 131.471099366091863, 33.247439077851936 ], [ 131.471658445497781, 33.247219660252767 ], [ 131.471915230304631, 33.246892760638893 ], [ 131.47342382044522, 33.246923238549456 ], [ 131.473300438323605, 33.248010162254047 ], [ 131.475564731916478, 33.25223856702808 ], [ 131.481334887852825, 33.251310865640718 ], [ 131.48194818898429, 33.25075707666835 ] ] ] } },
{ "type": "Feature", "properties": { "CITY_NAME": "別府市", "S_NAME": "大字南石垣", "JINKO": 389, "medical_area": "44_東部医療圏", "町丁目名": "別府市大字南石垣" }, "geometry": { "type": "Polygon", "coordinates": [ [ [ 131.476224413712828, 33.292760249519404 ], [ 131.483764600673965, 33.290843627016436 ], [ 131.486211969013709, 33.290890841232347 ], [ 131.486760218359336, 33.290022642031929 ], [ 131.484023174063395, 33.2899012283319 ], [ 131.481034128367327, 33.290856610878961 ], [ 131.478063530501089, 33.291237938615133 ], [ 131.476195182386931, 33.292128276686348 ], [ 131.476224413712828, 33.292760249519404 ] ] ] } },
{ "type": "Feature", "properties": { "CITY_NAME": "別府市", "S_NAME": "大字南石垣", "JINKO": 526, "medical_area": "44_東部医療圏", "町丁目名": "別府市大字南石垣" }, "geometry": { "type": "Polygon", "coordinates": [ [ [ 131.490188574337338, 33.292088222844008 ], [ 131.491792729213358, 33.292064298721549 ], [ 131.492273640210072, 33.290944330511152 ], [ 131.492587942293653, 33.288924244240803 ], [ 131.488806808220289, 33.290000901643261 ], [ 131.486760218359336, 33.290022642031929 ], [ 131.485653917719873, 33.291664088391947 ], [ 131.489617359232966, 33.291570367701667 ], [ 131.490188574337338, 33.292088222844008 ] ] ] } },
{ "type": "Feature", "properties": { "CITY_NAME": "別府市", "S_NAME": "大字北石垣", "JINKO": 180, "medical_area": "44_東部医療圏", "町丁目名": "別府市大字北石垣" }, "geometry": { "type": "Polygon", "coordinates": [ [ [ 131.489854450022676, 33.303788916348388 ], [ 131.490582674170298, 33.303734647354872 ], [ 131.490782429411496, 33.30027032209869 ], [ 131.490012272475383, 33.301407475791542 ], [ 131.489208332332225, 33.303763668219311 ], [ 131.489763732984727, 33.303569519319666 ], [ 131.489854450022676, 33.303788916348388 ] ] ] } },
{ "type": "Feature", "properties": { "CITY_NAME": "別府市", "S_NAME": "大字北石垣", "JINKO": 701, "medical_area": "44_東部医療圏", "町丁目名": "別府市大字北石垣" }, "geometry": { "type": "Polygon", "coordinates": [ [ [ 131.493448105973613, 33.311287307400555 ], [ 131.492933255895906, 33.30912797094858 ], [ 131.491905887494283, 33.307082100978391 ], [ 131.490277312172935, 33.307894021584666 ], [ 131.489648196468778, 33.308461402966486 ], [ 131.488392900127735, 33.308980925680942 ], [ 131.487288348364103, 33.310369988502615 ], [ 131.488018738596253, 33.3100310003556 ], [ 131.488314402646523, 33.310193968255632 ], [ 131.489014672516987, 33.310019268862803 ], [ 131.488953803092073, 33.310227926888743 ], [ 131.489099827778603, 33.310263802710104 ], [ 131.489902539198425, 33.310096512019207 ], [ 131.490627345339874, 33.310144421426735 ], [ 131.49078637568843, 33.31028447078738 ], [ 131.491645126769299, 33.310153400928236 ], [ 131.492229224670183, 33.310556176896597 ], [ 131.49227375137491, 33.310996539730546 ], [ 131.492091037712186, 33.311089518377734 ], [ 131.493448105973613, 33.311287307400555 ] ] ] } },
{ "type": "Feature", "properties": { "CITY_NAME": "別府市", "S_NAME": "大字北石垣", "JINKO": 762, "medical_area": "44_東部医療圏", "町丁目名": "別府市大字北石垣" }, "geometry": { "type": "Polygon", "coordinates": [ [ [ 131.493591130613339, 33.311341436317633 ], [ 131.493788586321841, 33.311051037034716 ], [ 131.494207733714177, 33.311275389686507 ], [ 131.494373929502672, 33.310902690860487 ], [ 131.49551892685335, 33.310788588023442 ], [ 131.495332550885763, 33.309018770027322 ], [ 131.495441381969187, 33.308629389637346 ], [ 131.495156792942851, 33.30804648586745 ], [ 131.495233204904707, 33.307754523844956 ], [ 131.496086735034623, 33.30808821660974 ], [ 131.496098755593863, 33.307303023499159 ], [ 131.495747797453703, 33.306549589742509 ], [ 131.495846947580219, 33.306154998077197 ], [ 131.494451408498861, 33.306141175443216 ], [ 131.493029202279217, 33.306388594770411 ], [ 131.491905887494283, 33.307082100978391 ], [ 131.492933255895906, 33.30912797094858 ], [ 131.493507651022327, 33.311556460212486 ], [ 131.49367632210695, 33.311531868409361 ], [ 131.493591130613339, 33.311341436317633 ] ] ] } },
{ "type": "Feature", "properties": { "CITY_NAME": "別府市", "S_NAME": "大字北石垣", "JINKO": 1712, "medical_area": "44_東部医療圏", "町丁目名": "別府市大字北石垣" }, "geometry": { "type": "Polygon", "coordinates": [ [ [ 131.49551892685335, 33.310788588023442 ], [ 131.498029537357951, 33.310643086395856 ], [ 131.498125959769141, 33.309851493260652 ], [ 131.498701361915266, 33.309795674356003 ], [ 131.499250985027004, 33.309927031197255 ], [ 131.499950435994066, 33.309746261446399 ], [ 131.501619039505755, 33.309863229054137 ], [ 131.501769951706649, 33.310093018181469 ], [ 131.502428088094604, 33.310184296183273 ], [ 131.502891878833708, 33.307244154105909 ], [ 131.502254536144648, 33.307198338220346 ], [ 131.502255329122079, 33.307058952779492 ], [ 131.499608091036805, 33.307011882802932 ], [ 131.498612123419633, 33.306523281112213 ], [ 131.495846947580219, 33.306154998077197 ], [ 131.495747797453703, 33.306549589742509 ], [ 131.496098755593863, 33.307303023499159 ], [ 131.496086735034623, 33.30808821660974 ], [ 131.495233204904707, 33.307754523844956 ], [ 131.495156792942851, 33.30804648586745 ], [ 131.495441381969187, 33.308629389637346 ], [ 131.495332550885763, 33.309018770027322 ], [ 131.49551892685335, 33.310788588023442 ] ] ] } },
{ "type": "Feature", "properties": { "CITY_NAME": "別府市", "S_NAME": "大字北石垣", "JINKO": 579, "medical_area": "44_東部医療圏", "町丁目名": "別府市大字北石垣" }, "geometry": { "type": "Polygon", "coordinates": [ [ [ 131.488134803756992, 33.309201630648346 ], [ 131.489648196468778, 33.308461402966486 ], [ 131.490277312172935, 33.307894021584666 ], [ 131.490582674170298, 33.303734647354872 ], [ 131.489854450022676, 33.303788916348388 ], [ 131.489763732984727, 33.303569519319666 ], [ 131.489208332332225, 33.303763668219311 ], [ 131.488893555032263, 33.304189608949791 ], [ 131.488281777223619, 33.305763523756269 ], [ 131.488344943849825, 33.306439592448854 ], [ 131.488842606643431, 33.306463749943553 ], [ 131.487485625976689, 33.308726017754829 ], [ 131.487551507205069, 33.308998949427135 ], [ 131.488134803756992, 33.309201630648346 ] ] ] } },
{ "type": "Feature", "properties": { "CITY_NAME": "別府市", "S_NAME": "大字北石垣", "JINKO": 805, "medical_area": "44_東部医療圏", "町丁目名": "別府市大字北石垣" }, "geometry": { "type": "Polygon", "coordinates": [ [ [ 131.499405946180531, 33.312646933703043 ], [ 131.49950364937618, 33.309831226215493 ], [ 131.498125959769141, 33.309851493260652 ], [ 131.498029537357951, 33.310643086395856 ], [ 131.494373929502672, 33.310902690860487 ], [ 131.494207733714177, 33.311275389686507 ], [ 131.493788586321841, 33.311051037034716 ], [ 131.493591130613339, 33.311341436317633 ], [ 131.49367632210695, 33.311531868409361 ], [ 131.493507651022327, 33.311556460212486 ], [ 131.493740808572255, 33.312545338016896 ], [ 131.494949450503555, 33.312348321896614 ], [ 131.496480799571771, 33.312581698000962 ], [ 131.497630547497181, 33.312460025484739 ], [ 131.499405946180531, 33.312646933703043 ] ] ] } },
{ "type": "Feature", "properties": { "CITY_NAME": "別府市", "S_NAME": "大字北石垣", "JINKO": 962, "medical_area": "44_東部医療圏", "町丁目名": "別府市大字北石垣" }, "geometry": { "type": "Polygon", "coordinates": [ [ [ 131.489828944424005, 33.313096617293446 ], [ 131.489337716585595, 33.31255158509461 ], [ 131.489077526548385, 33.311539182299327 ], [ 131.491039359329392, 33.311696973598117 ], [ 131.491062492140458, 33.311402019499553 ], [ 131.491841679430621, 33.311555824307831 ], [ 131.491716221163756, 33.311752756326335 ], [ 131.491907857059971, 33.311893977983075 ], [ 131.492002755095569, 33.312516309568146 ], [ 131.492397952284989, 33.31240786964689 ], [ 131.492488279265444, 33.311920337337575 ], [ 131.492091037712186, 33.311089518377734 ], [ 131.49227375137491, 33.310996539730546 ], [ 131.492141463589661, 33.310408024590913 ], [ 131.49181245681595, 33.310388519841922 ], [ 131.491645126769299, 33.310153400928236 ], [ 131.49078637568843, 33.31028447078738 ], [ 131.490627345339874, 33.310144421426735 ], [ 131.489902539198425, 33.310096512019207 ], [ 131.489099827778603, 33.310263802710104 ], [ 131.488953803092073, 33.310227926888743 ], [ 131.489014672516987, 33.310019268862803 ], [ 131.488314402646523, 33.310193968255632 ], [ 131.488018738596253, 33.3100310003556 ], [ 131.487288348364103, 33.310369988502615 ], [ 131.486591113569688, 33.311361410001922 ], [ 131.485835144965876, 33.312114703532814 ], [ 131.485497334832388, 33.312194188526938 ], [ 131.48569800737863, 33.312563342329824 ], [ 131.486896463287934, 33.312141799415571 ], [ 131.487700114437132, 33.312138628541135 ], [ 131.488591944608743, 33.312641818348865 ], [ 131.489088128850341, 33.312592975149521 ], [ 131.489648119839302, 33.313123539132391 ], [ 131.489828944424005, 33.313096617293446 ] ] ] } },
{ "type": "Feature", "properties": { "CITY_NAME": "別府市", "S_NAME": "大字北石垣", "JINKO": 360, "medical_area": "44_東部医療圏", "町丁目名": "別府市大字北石垣" }, "geometry": { "type": "Polygon", "coordinates": [ [ [ 131.501631483233865, 33.309882232244064 ], [ 131.49950364937618, 33.309831226215493 ], [ 131.499405946180531, 33.312646933703043 ], [ 131.500951810678202, 33.31272030425415 ], [ 131.501631483233865, 33.309882232244064 ] ] ] } },
{ "type": "Feature", "properties": { "CITY_NAME": "別府市", "S_NAME": "大字北石垣", "JINKO": 852, "medical_area": "44_東部医療圏", "町丁目名": "別府市大字北石垣" }, "geometry": { "type": "Polygon", "coordinates": [ [ [ 131.493866224106426, 33.313287696073125 ], [ 131.493448105973613, 33.311287307400555 ], [ 131.492091037712186, 33.311089518377734 ], [ 131.492488279265444, 33.311920337337575 ], [ 131.492397952284989, 33.31240786964689 ], [ 131.492002755095569, 33.312516309568146 ], [ 131.491907857059971, 33.311893977983075 ], [ 131.491716221163756, 33.311752756326335 ], [ 131.491841679430621, 33.311555824307831 ], [ 131.491062492140458, 33.311402019499553 ], [ 131.491039359329392, 33.311696973598117 ], [ 131.489077526548385, 33.311539182299327 ], [ 131.489337716585595, 33.31255158509461 ], [ 131.489830592620336, 33.313180332329907 ], [ 131.490306543428488, 33.313217932811661 ], [ 131.490651201699677, 33.31400150778277 ], [ 131.491622201493925, 33.314515536328038 ], [ 131.491641495219454, 33.314996183109379 ], [ 131.492057613680259, 33.315475924586934 ], [ 131.491549304484835, 33.316029606598235 ], [ 131.492082836991358, 33.316543753846155 ], [ 131.493452947239376, 33.317092118620906 ], [ 131.493866224106426, 33.313287696073125 ] ] ] } },
{ "type": "Feature", "properties": { "CITY_NAME": "別府市", "S_NAME": "大字北石垣", "JINKO": 30, "medical_area": "44_東部医療圏", "町丁目名": "別府市大字北石垣" }, "geometry": { "type": "Polygon", "coordinates": [ [ [ 131.488842606643431, 33.306463749943553 ], [ 131.488344943849825, 33.306439592448854 ], [ 131.488337964409908, 33.306936020164173 ], [ 131.487422110812588, 33.307398151892535 ], [ 131.487315819037462, 33.307810223859065 ], [ 131.487485625976689, 33.308726017754829 ], [ 131.488842606643431, 33.306463749943553 ] ] ] } },
{ "type": "Feature", "properties": { "CITY_NAME": "別府市", "S_NAME": "大字鶴見", "JINKO": 1805, "medical_area": "44_東部医療圏", "町丁目名": "別府市大字鶴見" }, "geometry": { "type": "Polygon", "coordinates": [ [ [ 131.479990065460328, 33.310465886765932 ], [ 131.480618754294227, 33.309161190303683 ], [ 131.481874628590674, 33.309627772186737 ], [ 131.48411124889131, 33.310092385249327 ], [ 131.485473881382887, 33.309749615096088 ], [ 131.486574493681076, 33.30978490000895 ], [ 131.486548889775065, 33.309117772681667 ], [ 131.486402975381679, 33.309078690103441 ], [ 131.486479061315691, 33.308815239463961 ], [ 131.486255081291915, 33.308709326014792 ], [ 131.486674810917151, 33.307204425478069 ], [ 131.486325038540741, 33.307123809533991 ], [ 131.486317212154205, 33.306850510372826 ], [ 131.486943333502808, 33.306853527220582 ], [ 131.487008870530474, 33.306355672848184 ], [ 131.48614181239347, 33.306304263902419 ], [ 131.48613213270437, 33.305454585229192 ], [ 131.486418827053541, 33.305471166662812 ], [ 131.486408820797152, 33.30512334656855 ], [ 131.486126909305824, 33.305166978164181 ], [ 131.485012707027408, 33.302863482561513 ], [ 131.485133976382713, 33.302345269444174 ], [ 131.484413349254169, 33.29964999669631 ], [ 131.484099026573091, 33.299499444681622 ], [ 131.483250109592746, 33.300094678665204 ], [ 131.482731279886792, 33.300122628217778 ], [ 131.481623153819953, 33.300706846857253 ], [ 131.481859086792326, 33.301195975029536 ], [ 131.48187206376349, 33.301934339773553 ], [ 131.481808813787666, 33.30271618643868 ], [ 131.481508101605158, 33.303554700420563 ], [ 131.48121846994519, 33.304129919272732 ], [ 131.480381377969849, 33.304392685221885 ], [ 131.480155442512483, 33.304647622133736 ], [ 131.480170364499287, 33.304895955756365 ], [ 131.480476551674343, 33.305133686646663 ], [ 131.481988874240074, 33.305219789791074 ], [ 131.48224754324724, 33.305442557308268 ], [ 131.482263011482246, 33.30578761215483 ], [ 131.480583286210134, 33.305652847278367 ], [ 131.479835371215529, 33.307063952409592 ], [ 131.479979442991862, 33.307120949303545 ], [ 131.47984284906633, 33.307551232809594 ], [ 131.479656968717762, 33.307497003419854 ], [ 131.479117494187221, 33.308678209952404 ], [ 131.478259775754026, 33.308551619028336 ], [ 131.478258596127063, 33.308748839557396 ], [ 131.478799159969185, 33.30889465142883 ], [ 131.478947298940199, 33.309140570433016 ], [ 131.478354107218308, 33.310300496386994 ], [ 131.479990065460328, 33.310465886765932 ] ] ] } },
{ "type": "Feature", "properties": { "CITY_NAME": "別府市", "S_NAME": "大字鶴見", "JINKO": 2501, "medical_area": "44_東部医療圏", "町丁目名": "別府市大字鶴見" }, "geometry": { "type": "Polygon", "coordinates": [ [ [ 131.477250298843927, 33.310395767364703 ], [ 131.478354107218308, 33.310300496386994 ], [ 131.478947298940199, 33.309140570433016 ], [ 131.478799159969185, 33.30889465142883 ], [ 131.478258596127063, 33.308748839557396 ], [ 131.478259775754026, 33.308551619028336 ], [ 131.479117494187221, 33.308678209952404 ], [ 131.479656968717762, 33.307497003419854 ], [ 131.479842849066301, 33.307551232809594 ], [ 131.479979442991862, 33.307120949303545 ], [ 131.479835371215529, 33.307063952409592 ], [ 131.480583286210077, 33.305652847278353 ], [ 131.482263011482246, 33.30578761215483 ], [ 131.482186109150035, 33.30536315607808 ], [ 131.48168357914949, 33.30514324092978 ], [ 131.480356667537535, 33.305096252502459 ], [ 131.48013131059713, 33.304774764486233 ], [ 131.480205204034348, 33.304544474749648 ], [ 131.47953584377106, 33.304472105239654 ], [ 131.477724269810409, 33.303420535114533 ], [ 131.47731087954125, 33.303524836878395 ], [ 131.477483716464405, 33.303749631922642 ], [ 131.477027886982171, 33.304406816527468 ], [ 131.476566098175994, 33.303985594853799 ], [ 131.476041990547913, 33.303810964352564 ], [ 131.475416685160525, 33.30587260265613 ], [ 131.475247699217476, 33.305845352746928 ], [ 131.475120702243657, 33.305149762194475 ], [ 131.47389003925656, 33.304574553674286 ], [ 131.473640557908396, 33.304508124628732 ], [ 131.473177254490821, 33.30482365799503 ], [ 131.472739844547306, 33.304802078557785 ], [ 131.472589332368329, 33.305373231789105 ], [ 131.472986203611356, 33.305576260533975 ], [ 131.472824253079779, 33.306334561114213 ], [ 131.473574861496417, 33.306172492325615 ], [ 131.473112512718131, 33.30773192471387 ], [ 131.47470305697226, 33.308198436073226 ], [ 131.474471851685166, 33.308955278532409 ], [ 131.474743730663931, 33.308780094129226 ], [ 131.474849248627606, 33.309258866030035 ], [ 131.474819023270783, 33.309431785458131 ], [ 131.474647424856357, 33.309419375266494 ], [ 131.474722884863212, 33.309679737987423 ], [ 131.475348115104367, 33.310043133550153 ], [ 131.475991037596316, 33.310150137655071 ], [ 131.476338418301623, 33.310003264213883 ], [ 131.477250298843927, 33.310395767364703 ] ] ] } },
{ "type": "Feature", "properties": { "CITY_NAME": "別府市", "S_NAME": "大字鶴見", "JINKO": 2272, "medical_area": "44_東部医療圏", "町丁目名": "別府市大字鶴見" }, "geometry": { "type": "Polygon", "coordinates": [ [ [ 131.47500385122791, 33.311928072520999 ], [ 131.47660172333832, 33.311920597564246 ], [ 131.476450764856253, 33.310777104135383 ], [ 131.476808271830919, 33.310450021539125 ], [ 131.47665214290177, 33.310099520420543 ], [ 131.475348115104367, 33.310043133550153 ], [ 131.474722884863212, 33.309679737987423 ], [ 131.474647424856357, 33.309419375266494 ], [ 131.474819023270783, 33.309431785458131 ], [ 131.474849248627606, 33.309258866030035 ], [ 131.474743730663931, 33.308780094129226 ], [ 131.474471851685195, 33.308955278532409 ], [ 131.47470305697226, 33.308198436073226 ], [ 131.473112512718131, 33.30773192471387 ], [ 131.471378648498074, 33.307729962389828 ], [ 131.470385818340816, 33.307434823933107 ], [ 131.470145727982356, 33.307415307091318 ], [ 131.469672010466695, 33.307922303015502 ], [ 131.469103344525791, 33.307920084481438 ], [ 131.46844425380209, 33.308240884245443 ], [ 131.465848318189444, 33.308329484043128 ], [ 131.465554234988844, 33.308759603942136 ], [ 131.465581334199612, 33.309327215305153 ], [ 131.465337900282606, 33.309338353069961 ], [ 131.465459030994452, 33.309641208311838 ], [ 131.465253992989091, 33.309689949633935 ], [ 131.464878816421418, 33.310724483435472 ], [ 131.469691202845354, 33.313824047729575 ], [ 131.470612385773876, 33.314795664996623 ], [ 131.471140542135998, 33.315039973817001 ], [ 131.472157639933613, 33.314925509004333 ], [ 131.475353359357541, 33.313908495838064 ], [ 131.475273603302696, 33.3127265897241 ], [ 131.47500385122791, 33.311928072520999 ] ] ] } },
{ "type": "Feature", "properties": { "CITY_NAME": "別府市", "S_NAME": "大字鶴見", "JINKO": 1438, "medical_area": "44_東部医療圏", "町丁目名": "別府市大字鶴見" }, "geometry": { "type": "Polygon", "coordinates": [ [ [ 131.475448529566052, 33.314924478616931 ], [ 131.47676468025, 33.314406298284354 ], [ 131.478388355778606, 33.314761598501086 ], [ 131.478680294888733, 33.314607746926363 ], [ 131.479500358276198, 33.314603378150935 ], [ 131.479340855305395, 33.313002566111734 ], [ 131.485613717885485, 33.311530947166226 ], [ 131.485701963994984, 33.310630553802653 ], [ 131.48593324565374, 33.310302704737929 ], [ 131.485631380481635, 33.3099468030778 ], [ 131.485705312282704, 33.309769976286098 ], [ 131.484111248891338, 33.310092385249327 ], [ 131.481874628590674, 33.309627772186737 ], [ 131.480618754294227, 33.309161190303669 ], [ 131.479990065460328, 33.310465886765932 ], [ 131.477644645043824, 33.310238776130142 ], [ 131.477250298843927, 33.310395767364703 ], [ 131.47665214290177, 33.310099520420543 ], [ 131.476802633269557, 33.310497290991655 ], [ 131.476450764856253, 33.310777104135383 ], [ 131.47660172333832, 33.311920597564246 ], [ 131.47500385122791, 33.311928072520999 ], [ 131.475273603302696, 33.3127265897241 ], [ 131.475448529566052, 33.314924478616931 ] ] ] } },
{ "type": "Feature", "properties": { "CITY_NAME": "別府市", "S_NAME": "大字鶴見", "JINKO": 32, "medical_area": "44_東部医療圏", "町丁目名": "別府市大字鶴見" }, "geometry": { "type": "Polygon", "coordinates": [ [ [ 131.475448529566052, 33.314924478616931 ], [ 131.475353359357484, 33.313908495838064 ], [ 131.47327398439225, 33.314561171624291 ], [ 131.474532122750531, 33.315056695752027 ], [ 131.475448529566052, 33.314924478616931 ] ] ] } },
{ "type": "Feature", "properties": { "CITY_NAME": "別府市", "S_NAME": "大字鶴見", "JINKO": 17, "medical_area": "44_東部医療圏", "町丁目名": "別府市大字鶴見" }, "geometry": { "type": "Polygon", "coordinates": [ [ [ 131.48154608713125, 33.312995143097837 ], [ 131.482173284622917, 33.312984251875243 ], [ 131.482622541971011, 33.312637533688232 ], [ 131.483562735350176, 33.312814103085621 ], [ 131.484208528096161, 33.312527123484067 ], [ 131.484937953541589, 33.312500320532251 ], [ 131.485214975582011, 33.312257042607435 ], [ 131.4832298328825, 33.312142121367984 ], [ 131.479340855305395, 33.313002566111734 ], [ 131.479500358276198, 33.314603378150935 ], [ 131.479669938685475, 33.31431621985675 ], [ 131.480128273489356, 33.314097615676843 ], [ 131.480425516630135, 33.31356277210449 ], [ 131.48154608713125, 33.312995143097837 ] ] ] } },
{ "type": "Feature", "properties": { "CITY_NAME": "別府市", "S_NAME": "大字鶴見", "JINKO": 348, "medical_area": "44_東部医療圏", "町丁目名": "別府市大字鶴見" }, "geometry": { "type": "Polygon", "coordinates": [ [ [ 131.460744950310556, 33.316088751537777 ], [ 131.462127576253607, 33.315325762267953 ], [ 131.462348329066856, 33.315017410164835 ], [ 131.462282574475353, 33.314539193102476 ], [ 131.464104249133158, 33.314751479208688 ], [ 131.464897497157835, 33.314314286248482 ], [ 131.465343478796058, 33.314304655605206 ], [ 131.466324928280784, 33.315047270175214 ], [ 131.466897837119831, 33.315111512698614 ], [ 131.466858548341861, 33.313682781578947 ], [ 131.467749816735022, 33.313536000089535 ], [ 131.468398081977512, 33.312996059700978 ], [ 131.468057044805249, 33.312781922411915 ], [ 131.467056674054732, 33.312945142916867 ], [ 131.462297056878356, 33.312427291765651 ], [ 131.459543113870495, 33.312576825292822 ], [ 131.458083637371857, 33.312474552527512 ], [ 131.455523254786186, 33.313131732749497 ], [ 131.454105091212455, 33.312722754433445 ], [ 131.452870356133928, 33.312687400905837 ], [ 131.451530832812125, 33.313041130203437 ], [ 131.451417459819595, 33.314097550416811 ], [ 131.449547044041168, 33.315983536193436 ], [ 131.449027582327631, 33.316028285245224 ], [ 131.448477708436911, 33.317028020269206 ], [ 131.448590108306433, 33.317388678966388 ], [ 131.449045693083548, 33.317678674308191 ], [ 131.450119013947301, 33.317786260534817 ], [ 131.450830455318822, 33.318153726656718 ], [ 131.450817000974979, 33.319105307356253 ], [ 131.451583256684017, 33.32097216741699 ], [ 131.452374990207375, 33.321841111080253 ], [ 131.454564428913557, 33.322864360531945 ], [ 131.455968714397471, 33.321938527684132 ], [ 131.456616224660934, 33.320992318744906 ], [ 131.457666211345554, 33.320283785628952 ], [ 131.458054463084096, 33.319551975928192 ], [ 131.46019864391755, 33.318381623982113 ], [ 131.459864678416153, 33.317860370621098 ], [ 131.459781732620371, 33.317014944964029 ], [ 131.460744950310556, 33.316088751537777 ] ] ] } },
{ "type": "Feature", "properties": { "CITY_NAME": "別府市", "S_NAME": "大字鶴見", "JINKO": 1400, "medical_area": "44_東部医療圏", "町丁目名": "別府市大字鶴見" }, "geometry": { "type": "Polygon", "coordinates": [ [ [ 131.455523254786186, 33.313131732749497 ], [ 131.458083637371857, 33.312474552527512 ], [ 131.459543113870495, 33.312576825292822 ], [ 131.462297056878356, 33.312427291765651 ], [ 131.467056674054732, 33.312945142916867 ], [ 131.468057044805249, 33.312781922411915 ], [ 131.464878816421418, 33.310724483435472 ], [ 131.465253992989091, 33.309689949633935 ], [ 131.465459030994509, 33.309641208311838 ], [ 131.465337900282606, 33.309338353069961 ], [ 131.465581334199612, 33.309327215305167 ], [ 131.465554234988844, 33.308759603942136 ], [ 131.465848318189444, 33.308329484043128 ], [ 131.46585459432913, 33.307313796406056 ], [ 131.465302982496638, 33.306694000264599 ], [ 131.463949737172641, 33.306795081532428 ], [ 131.462075601078453, 33.305863160469492 ], [ 131.461507827337812, 33.306161077338544 ], [ 131.461428901022742, 33.305070790418661 ], [ 131.460648070686432, 33.304676299222507 ], [ 131.460249691434143, 33.303918190610119 ], [ 131.459103925220234, 33.303382840091082 ], [ 131.457171846171576, 33.306341290295777 ], [ 131.45614213607891, 33.308436428370072 ], [ 131.455397614324283, 33.310914597836593 ], [ 131.455157120211595, 33.313012932739746 ], [ 131.455523254786186, 33.313131732749497 ] ] ] } },
{ "type": "Feature", "properties": { "CITY_NAME": "別府市", "S_NAME": "大字鶴見", "JINKO": 532, "medical_area": "44_東部医療圏", "町丁目名": "別府市大字鶴見" }, "geometry": { "type": "Polygon", "coordinates": [ [ [ 131.472065204581185, 33.307750603638475 ], [ 131.473112512718131, 33.30773192471387 ], [ 131.473574861496417, 33.306172492325615 ], [ 131.472221290893771, 33.306411247468937 ], [ 131.471588108618562, 33.306282344631214 ], [ 131.469648431743735, 33.306660382431858 ], [ 131.469104821200631, 33.306581070129994 ], [ 131.469050069389937, 33.306805403469269 ], [ 131.469606692116969, 33.307423190581837 ], [ 131.472065204581185, 33.307750603638475 ] ] ] } },
{ "type": "Feature", "properties": { "CITY_NAME": "別府市", "S_NAME": "大字鶴見", "JINKO": 2453, "medical_area": "44_東部医療圏", "町丁目名": "別府市大字鶴見" }, "geometry": { "type": "Polygon", "coordinates": [ [ [ 131.469648431743735, 33.306660382431858 ], [ 131.471588108618562, 33.306282344631214 ], [ 131.472221290893742, 33.306411247468937 ], [ 131.472824253079779, 33.306334561114213 ], [ 131.472986203611356, 33.305576260533975 ], [ 131.472589332368273, 33.305373231789105 ], [ 131.472739844547277, 33.304802078557785 ], [ 131.473177254490821, 33.30482365799503 ], [ 131.473695874800882, 33.304498614647301 ], [ 131.475120702243657, 33.305149762194475 ], [ 131.475247699217448, 33.305845352746928 ], [ 131.475416685160525, 33.30587260265613 ], [ 131.476041990547913, 33.303810964352564 ], [ 131.476566098175994, 33.303985594853799 ], [ 131.477027886982171, 33.304406816527468 ], [ 131.477483716464405, 33.303749631922642 ], [ 131.477338357739683, 33.303487568228753 ], [ 131.477793303780942, 33.303441472617152 ], [ 131.477676054348848, 33.30290123956668 ], [ 131.477540934692229, 33.30273701586124 ], [ 131.476858000335397, 33.303150283113929 ], [ 131.476324660731905, 33.302856908496203 ], [ 131.476384756710956, 33.30265413950918 ], [ 131.475127960826683, 33.302409361221343 ], [ 131.475322415162879, 33.301929606307993 ], [ 131.474791667787684, 33.301763801093301 ], [ 131.474731109694886, 33.301557372956772 ], [ 131.474423734538135, 33.301439460503644 ], [ 131.474570513964011, 33.301149461773306 ], [ 131.4743930209344, 33.300954098808369 ], [ 131.473125091184357, 33.300607087467114 ], [ 131.473179484205986, 33.300031293323052 ], [ 131.472693486646733, 33.299530050272352 ], [ 131.472755405554096, 33.300307583419695 ], [ 131.472202240012933, 33.300175841958747 ], [ 131.472225466820959, 33.299894176342292 ], [ 131.471514368577147, 33.299775708431838 ], [ 131.47143863598842, 33.300004491960188 ], [ 131.470731343050289, 33.299829436153004 ], [ 131.468124940167002, 33.300814344608852 ], [ 131.468507296507312, 33.301069893711997 ], [ 131.46869905928628, 33.301450993707384 ], [ 131.469095027112161, 33.301514133940636 ], [ 131.470541715747885, 33.302580406567223 ], [ 131.470925225439885, 33.302666131684575 ], [ 131.470958702577349, 33.302900486494877 ], [ 131.471191966275995, 33.303001820861731 ], [ 131.470790964950226, 33.303562336376494 ], [ 131.471077895745481, 33.303565618216027 ], [ 131.471225131806392, 33.303784076628929 ], [ 131.469703532301367, 33.304741885199213 ], [ 131.469213520706717, 33.305453414189984 ], [ 131.468290179216297, 33.306109584561604 ], [ 131.469104821200602, 33.306581070129994 ], [ 131.469648431743735, 33.306660382431858 ] ] ] } },
{ "type": "Feature", "properties": { "CITY_NAME": "別府市", "S_NAME": "大字鶴見", "JINKO": 2882, "medical_area": "44_東部医療圏", "町丁目名": "別府市大字鶴見" }, "geometry": { "type": "Polygon", "coordinates": [ [ [ 131.465848318189444, 33.308329484043128 ], [ 131.468315651612897, 33.308258909927133 ], [ 131.469103344525791, 33.307920084481438 ], [ 131.469775989173286, 33.307857662677137 ], [ 131.470145727982356, 33.307415307091318 ], [ 131.469773958687483, 33.307480960867771 ], [ 131.469439252584579, 33.307333264472831 ], [ 131.469050069389937, 33.306805403469269 ], [ 131.469104821200631, 33.306581070129994 ], [ 131.468290179216325, 33.306109584561597 ], [ 131.469213520706717, 33.305453414189984 ], [ 131.469703532301367, 33.304741885199213 ], [ 131.471225131806392, 33.303784076628929 ], [ 131.471077895745481, 33.303565618216027 ], [ 131.470790964950226, 33.303562336376494 ], [ 131.471191966275995, 33.303001820861731 ], [ 131.470958702577349, 33.302900486494877 ], [ 131.470925225439885, 33.302666131684575 ], [ 131.470541715747885, 33.302580406567223 ], [ 131.469095027112161, 33.301514133940636 ], [ 131.46869905928628, 33.301450993707384 ], [ 131.468507296507312, 33.301069893711997 ], [ 131.468124940167002, 33.300814344608852 ], [ 131.467643797016564, 33.300917777565331 ], [ 131.466903043473764, 33.300618698800875 ], [ 131.465286168481782, 33.300299511216146 ], [ 131.464424059661638, 33.299838916959253 ], [ 131.462593796294783, 33.29983665783984 ], [ 131.461294812678375, 33.300725778056581 ], [ 131.46125735331097, 33.300478927970467 ], [ 131.459103925220234, 33.303382840091082 ], [ 131.460249691434143, 33.303918190610119 ], [ 131.460648070686432, 33.304676299222507 ], [ 131.461428901022742, 33.305070790418661 ], [ 131.461507827337812, 33.306161077338544 ], [ 131.462075601078453, 33.305863160469492 ], [ 131.463949737172641, 33.306795081532428 ], [ 131.465302982496638, 33.306694000264599 ], [ 131.465617398808973, 33.307183761028341 ], [ 131.465838756112618, 33.307270214882138 ], [ 131.465848318189444, 33.308329484043128 ] ] ] } },
{ "type": "Feature", "properties": { "CITY_NAME": "別府市", "S_NAME": "大字鶴見", "JINKO": 3232, "medical_area": "44_東部医療圏", "町丁目名": "別府市大字鶴見" }, "geometry": { "type": "Polygon", "coordinates": [ [ [ 131.481768278922146, 33.30285135923269 ], [ 131.481881153046913, 33.301418686732994 ], [ 131.48155740354008, 33.300128188279622 ], [ 131.482645018421294, 33.298611084874629 ], [ 131.483062079310997, 33.296318469832528 ], [ 131.483858191018669, 33.295017100443694 ], [ 131.480989443140885, 33.296816575245018 ], [ 131.479478378361932, 33.296977425882226 ], [ 131.479458144807921, 33.296619816947413 ], [ 131.478716289521202, 33.296666568637001 ], [ 131.478102694760111, 33.296512058522005 ], [ 131.477942688806735, 33.296398552531379 ], [ 131.478080548115315, 33.29603386897589 ], [ 131.477368490831765, 33.296045274299992 ], [ 131.476528155977491, 33.296407828945213 ], [ 131.474414579041621, 33.296407412667769 ], [ 131.473168246045049, 33.29661969972738 ], [ 131.473381561210601, 33.297563914428153 ], [ 131.47322001754398, 33.297808861430838 ], [ 131.473755223439952, 33.298932506141952 ], [ 131.473568307548589, 33.299232517302691 ], [ 131.473631039149438, 33.299678807784694 ], [ 131.47286403435416, 33.299584382017763 ], [ 131.473179484205986, 33.300031293323052 ], [ 131.473125091184357, 33.300607087467114 ], [ 131.4743930209344, 33.300954098808369 ], [ 131.474570513964011, 33.301149461773306 ], [ 131.474423734538135, 33.301439460503644 ], [ 131.474731109694886, 33.301557372956772 ], [ 131.474791667787684, 33.301763801093301 ], [ 131.475322415162879, 33.301929606307993 ], [ 131.475127960826683, 33.302409361221343 ], [ 131.476384756710956, 33.30265413950918 ], [ 131.476324660731905, 33.302856908496203 ], [ 131.476858000335397, 33.303150283113929 ], [ 131.477540934692229, 33.30273701586124 ], [ 131.477793303780942, 33.303441472617152 ], [ 131.47953584377106, 33.304472105239654 ], [ 131.480150612870034, 33.304540948993782 ], [ 131.48121846994519, 33.304129919272732 ], [ 131.481768278922146, 33.30285135923269 ] ] ] } },
{ "type": "Feature", "properties": { "CITY_NAME": "別府市", "S_NAME": "大字鶴見", "JINKO": 2304, "medical_area": "44_東部医療圏", "町丁目名": "別府市大字鶴見" }, "geometry": { "type": "Polygon", "coordinates": [ [ [ 131.480989443140885, 33.296816575245018 ], [ 131.481596982822083, 33.296454456684877 ], [ 131.48076265814376, 33.295889150855785 ], [ 131.480996795883613, 33.294542441182344 ], [ 131.481437963195305, 33.294338443339484 ], [ 131.48242921955989, 33.294495575493308 ], [ 131.482286481415542, 33.296039053390309 ], [ 131.483479004214047, 33.295318474936906 ], [ 131.483858191018669, 33.295017100443694 ], [ 131.48515056688862, 33.292334205581923 ], [ 131.486211969013709, 33.290890841232347 ], [ 131.483764600673965, 33.290843627016436 ], [ 131.476224413712828, 33.292760249519404 ], [ 131.476195182386931, 33.292128276686348 ], [ 131.474619155684081, 33.292611944602008 ], [ 131.473096887415267, 33.292552799383735 ], [ 131.472866312425765, 33.292929993142643 ], [ 131.472769689935632, 33.293879225917649 ], [ 131.472527736625352, 33.293896336446487 ], [ 131.472492890655161, 33.294581808175629 ], [ 131.473807718519566, 33.294729365952229 ], [ 131.473641140838168, 33.295105292914009 ], [ 131.473807391063758, 33.295234790239036 ], [ 131.473507950769573, 33.295333562511516 ], [ 131.473470351296129, 33.295578281769366 ], [ 131.474133983053775, 33.29640849125105 ], [ 131.476528155977491, 33.296407828945213 ], [ 131.477368490831765, 33.296045274299992 ], [ 131.478080548115315, 33.29603386897589 ], [ 131.477942688806735, 33.296398552531379 ], [ 131.478102694760111, 33.296512058522005 ], [ 131.478716289521202, 33.296666568637001 ], [ 131.479458144807921, 33.296619816947413 ], [ 131.479478378361932, 33.296977425882226 ], [ 131.480989443140885, 33.296816575245018 ] ] ] } },
{ "type": "Feature", "properties": { "CITY_NAME": "別府市", "S_NAME": "大字鶴見", "JINKO": 6214, "medical_area": "44_東部医療圏", "町丁目名": "別府市大字鶴見" }, "geometry": { "type": "Polygon", "coordinates": [ [ [ 131.451530832812125, 33.313041130203437 ], [ 131.453576356622193, 33.312634977873849 ], [ 131.455157120211595, 33.313012932739746 ], [ 131.455548834810401, 33.310262726247075 ], [ 131.456349937078244, 33.307929469991471 ], [ 131.458396085807834, 33.304395725274155 ], [ 131.46125735331097, 33.300478927970467 ], [ 131.461294812678375, 33.300725778056581 ], [ 131.462593796294783, 33.29983665783984 ], [ 131.463825685283268, 33.299753478236141 ], [ 131.467643797016564, 33.300917777565331 ], [ 131.469286418078127, 33.300474246656684 ], [ 131.470731343050289, 33.299829436153004 ], [ 131.47143863598842, 33.300004491960188 ], [ 131.471514368577147, 33.299775708431838 ], [ 131.472225466820959, 33.299894176342292 ], [ 131.472202240012933, 33.300175841958747 ], [ 131.472755405554096, 33.300307583419695 ], [ 131.472693486646733, 33.299530050272352 ], [ 131.473631039149438, 33.299678807784694 ], [ 131.473568307548589, 33.299232517302691 ], [ 131.473755223439952, 33.298932506141952 ], [ 131.47322001754398, 33.297808861430838 ], [ 131.473381561210601, 33.297563914428153 ], [ 131.473168246045049, 33.29661969972738 ], [ 131.474218983500492, 33.296427977383139 ], [ 131.473470351296129, 33.295578281769366 ], [ 131.473507950769573, 33.295333562511516 ], [ 131.473807391063758, 33.295234790239036 ], [ 131.473641140838168, 33.295105292914009 ], [ 131.473807718519566, 33.294729365952229 ], [ 131.472492890655161, 33.294581808175629 ], [ 131.472527736625324, 33.293896336446487 ], [ 131.472769689935632, 33.293879225917649 ], [ 131.472866312425765, 33.292929993142643 ], [ 131.473096887415267, 33.292552799383735 ], [ 131.471465311925442, 33.292404286282284 ], [ 131.469882588962633, 33.292735619145056 ], [ 131.46861449474298, 33.292721056446105 ], [ 131.466084124476765, 33.292218110431243 ], [ 131.465015943357344, 33.292718498663454 ], [ 131.462094792385642, 33.292803595059468 ], [ 131.460252029041186, 33.293117704305999 ], [ 131.455403448882748, 33.294497562396401 ], [ 131.454785860343719, 33.294627565176349 ], [ 131.454615016999242, 33.294496450728857 ], [ 131.453417016676156, 33.295099855124825 ], [ 131.452234971038337, 33.296087879158399 ], [ 131.451525700730826, 33.296932901362972 ], [ 131.450664488167945, 33.297355147881817 ], [ 131.451367528362994, 33.297231047743956 ], [ 131.452606513844245, 33.296509856452836 ], [ 131.453297143183249, 33.296396290073936 ], [ 131.453714979625062, 33.296130715624642 ], [ 131.454378428382427, 33.296073814230574 ], [ 131.45490553745887, 33.296662865136774 ], [ 131.45547556133593, 33.296866158841397 ], [ 131.455566293470753, 33.297517558548414 ], [ 131.45643882230894, 33.29830653764698 ], [ 131.456612363168716, 33.299039371865049 ], [ 131.457504389029111, 33.30045442176619 ], [ 131.454305543997719, 33.299854355889394 ], [ 131.451884833073137, 33.299923215359776 ], [ 131.450517011076101, 33.303004124257008 ], [ 131.450374045049983, 33.305039209664514 ], [ 131.451001628240846, 33.30519741094821 ], [ 131.450898021758888, 33.306089934026915 ], [ 131.449524466833623, 33.307783295505786 ], [ 131.449531471459267, 33.307945548907718 ], [ 131.450055327660863, 33.308256115580235 ], [ 131.449489131923713, 33.309594980849866 ], [ 131.451530832812125, 33.313041130203437 ] ] ] } },
{ "type": "Feature", "properties": { "CITY_NAME": "別府市", "S_NAME": "大字鶴見", "JINKO": 1446, "medical_area": "44_東部医療圏", "町丁目名": "別府市大字鶴見" }, "geometry": { "type": "Polygon", "coordinates": [ [ [ 131.4832298328825, 33.312142121367984 ], [ 131.485835144965876, 33.312114703532814 ], [ 131.486591113569659, 33.311361410001922 ], [ 131.487529573720423, 33.309953507701351 ], [ 131.486618237572031, 33.310118639869749 ], [ 131.487485625976689, 33.308726017754829 ], [ 131.487315819037462, 33.307810223859065 ], [ 131.487422110812588, 33.307398151892535 ], [ 131.488337964409908, 33.306936020164173 ], [ 131.488311168063603, 33.305626600878817 ], [ 131.488893555032263, 33.304189608949791 ], [ 131.489542464659735, 33.303091986237376 ], [ 131.490012272475383, 33.301407475791542 ], [ 131.490782429411496, 33.30027032209869 ], [ 131.490863261731477, 33.298915871451129 ], [ 131.48904343032541, 33.298708418720757 ], [ 131.488643515949519, 33.297967538743741 ], [ 131.487279802276277, 33.297511239484209 ], [ 131.486222310978377, 33.297619126010524 ], [ 131.485564295953452, 33.298302337154361 ], [ 131.484674061899938, 33.298404372217078 ], [ 131.484099026573091, 33.299499444681622 ], [ 131.484413349254169, 33.29964999669631 ], [ 131.485133976382713, 33.302345269444174 ], [ 131.485012707027408, 33.302863482561513 ], [ 131.486126909305824, 33.305166978164181 ], [ 131.486408820797152, 33.30512334656855 ], [ 131.486418827053541, 33.305471166662812 ], [ 131.48613213270437, 33.305454585229192 ], [ 131.48614181239347, 33.306304263902419 ], [ 131.487008870530474, 33.306355672848184 ], [ 131.486943333502808, 33.306853527220582 ], [ 131.486317212154205, 33.306850510372826 ], [ 131.486325038540741, 33.307123809533991 ], [ 131.486674810917151, 33.307204425478069 ], [ 131.486255081291915, 33.308709326014792 ], [ 131.486479061315691, 33.308815239463961 ], [ 131.486402975381679, 33.309078690103441 ], [ 131.486548889775065, 33.309117772681667 ], [ 131.486574493681076, 33.30978490000895 ], [ 131.485705312282704, 33.309769976286098 ], [ 131.485631380481635, 33.3099468030778 ], [ 131.48593324565374, 33.310302704737929 ], [ 131.485701963994984, 33.310630553802653 ], [ 131.485613717885485, 33.311530947166226 ], [ 131.4832298328825, 33.312142121367984 ] ] ] } },
{ "type": "Feature", "properties": { "CITY_NAME": "別府市", "S_NAME": "大字鶴見", "JINKO": 457, "medical_area": "44_東部医療圏", "町丁目名": "別府市大字鶴見" }, "geometry": { "type": "Polygon", "coordinates": [ [ [ 131.481450052402806, 33.294340210676317 ], [ 131.480996795883613, 33.294542441182344 ], [ 131.48076265814376, 33.295889150855785 ], [ 131.481596982822083, 33.296454456684877 ], [ 131.482286481415542, 33.296039053390309 ], [ 131.48242921955989, 33.294495575493308 ], [ 131.481450052402806, 33.294340210676317 ] ] ] } },
{ "type": "Feature", "properties": { "CITY_NAME": "別府市", "S_NAME": "大字鶴見", "JINKO": 1687, "medical_area": "44_東部医療圏", "町丁目名": "別府市大字鶴見" }, "geometry": { "type": "Polygon", "coordinates": [ [ [ 131.48304441600763, 33.300064976738774 ], [ 131.483250109592746, 33.300094678665204 ], [ 131.484099026573091, 33.299499444681622 ], [ 131.484674061899938, 33.298404372217078 ], [ 131.485564295953452, 33.298302337154361 ], [ 131.486222310978377, 33.297619126010524 ], [ 131.487279802276277, 33.297511239484209 ], [ 131.487970704934895, 33.29772612591978 ], [ 131.488068201889064, 33.297554579260428 ], [ 131.48779683449564, 33.297156981838256 ], [ 131.48735066393445, 33.297112526496107 ], [ 131.487392805479089, 33.296753413938035 ], [ 131.487136677523011, 33.296402499995388 ], [ 131.487131255339818, 33.29604385848679 ], [ 131.487796952521904, 33.296124850952523 ], [ 131.487842166387651, 33.295396780163117 ], [ 131.488092856286869, 33.295387133513039 ], [ 131.488136060971271, 33.294683783862915 ], [ 131.488742977837006, 33.294725869306397 ], [ 131.488902805912517, 33.29505407218803 ], [ 131.490012838053332, 33.295154447624796 ], [ 131.490477986454266, 33.295407404505319 ], [ 131.49141137791915, 33.295391755800566 ], [ 131.491523462598877, 33.292756888467707 ], [ 131.491792729213358, 33.292064298721549 ], [ 131.490188574337338, 33.292088222844008 ], [ 131.489617359232966, 33.291570367701667 ], [ 131.485653917719873, 33.291664088391947 ], [ 131.48515056688862, 33.292334205581923 ], [ 131.483990820001765, 33.294781828626675 ], [ 131.483062079310997, 33.296318469832528 ], [ 131.48277898367536, 33.298273776187976 ], [ 131.482461952783893, 33.298982116926247 ], [ 131.481581216378231, 33.300041513007493 ], [ 131.481623153819953, 33.300706846857253 ], [ 131.48304441600763, 33.300064976738774 ] ] ] } },
{ "type": "Feature", "properties": { "CITY_NAME": "別府市", "S_NAME": "大字鶴見", "JINKO": 735, "medical_area": "44_東部医療圏", "町丁目名": "別府市大字鶴見" }, "geometry": { "type": "Polygon", "coordinates": [ [ [ 131.491312600236569, 33.297196086851045 ], [ 131.49141137791915, 33.295391755800566 ], [ 131.490477986454266, 33.295407404505319 ], [ 131.490012838053332, 33.295154447624796 ], [ 131.489175709072953, 33.295124154798096 ], [ 131.488769490833846, 33.294968073169095 ], [ 131.488742977837006, 33.294725869306397 ], [ 131.488366864332164, 33.294688392504362 ], [ 131.488136060971271, 33.294683783862915 ], [ 131.488092856286869, 33.295387133513039 ], [ 131.487842166387651, 33.295396780163117 ], [ 131.487796952521904, 33.296124850952523 ], [ 131.487131255339818, 33.29604385848679 ], [ 131.487136677523011, 33.296402499995388 ], [ 131.487392805479089, 33.296753413938035 ], [ 131.48735066393445, 33.297112526496107 ], [ 131.48779683449564, 33.297156981838256 ], [ 131.488068201889064, 33.297554579260428 ], [ 131.487970704934895, 33.29772612591978 ], [ 131.488643515949519, 33.297967538743741 ], [ 131.48904343032541, 33.298708418720757 ], [ 131.490863261731477, 33.298915871451129 ], [ 131.491312600236569, 33.297196086851045 ] ] ] } },
{ "type": "Feature", "properties": { "CITY_NAME": "別府市", "S_NAME": "大字鶴見", "JINKO": 0, "medical_area": "44_東部医療圏", "町丁目名": "別府市大字鶴見" }, "geometry": { "type": "Polygon", "coordinates": [ [ [ 131.487529573720423, 33.309953507701351 ], [ 131.488134803756992, 33.309201630648346 ], [ 131.48755150720504, 33.308998949427121 ], [ 131.487485625976689, 33.308726017754829 ], [ 131.486618237572031, 33.310118639869764 ], [ 131.487529573720423, 33.309953507701351 ] ] ] } },
{ "type": "Feature", "properties": { "CITY_NAME": "別府市", "S_NAME": "大字鶴見", "JINKO": 0, "medical_area": "44_東部医療圏", "町丁目名": "別府市大字鶴見" }, "geometry": { "type": "Polygon", "coordinates": [ [ [ 131.450830455318794, 33.31815372665671 ], [ 131.450119013947301, 33.317786260534817 ], [ 131.449045693083519, 33.317678674308191 ], [ 131.448590108306433, 33.317388678966388 ], [ 131.448477708436883, 33.317028020269206 ], [ 131.449027582327631, 33.316028285245224 ], [ 131.449547044041168, 33.315983536193436 ], [ 131.451417459819595, 33.314097550416825 ], [ 131.451530832812125, 33.313041130203445 ], [ 131.449489131923713, 33.309594980849866 ], [ 131.450055327660863, 33.308256115580235 ], [ 131.449531471459238, 33.307945548907696 ], [ 131.449524466833623, 33.307783295505786 ], [ 131.450898021758888, 33.306089934026915 ], [ 131.451001628240789, 33.30519741094821 ], [ 131.450374045049983, 33.305039209664514 ], [ 131.450517011076101, 33.303004124257008 ], [ 131.451884833073137, 33.299923215359776 ], [ 131.454305543997719, 33.299854355889387 ], [ 131.457504389029111, 33.30045442176619 ], [ 131.456612363168716, 33.299039371865049 ], [ 131.45643882230894, 33.29830653764698 ], [ 131.455566293470753, 33.297517558548414 ], [ 131.45547556133593, 33.296866158841397 ], [ 131.45490553745887, 33.296662865136774 ], [ 131.454378428382427, 33.296073814230553 ], [ 131.454044090283674, 33.296079219332121 ], [ 131.452606513844302, 33.296509856452836 ], [ 131.451367528362965, 33.297231047743949 ], [ 131.450206188869572, 33.297447398073686 ], [ 131.448875997442229, 33.297414780867278 ], [ 131.446879357065853, 33.296924437245259 ], [ 131.445300326878254, 33.29707317694595 ], [ 131.444767581324811, 33.297387243908823 ], [ 131.44342782592534, 33.297379025195248 ], [ 131.440897990630987, 33.297869285493078 ], [ 131.439287329591281, 33.297888002456538 ], [ 131.438255298611921, 33.297481886023647 ], [ 131.43521837032273, 33.295703940858772 ], [ 131.43429564827477, 33.295466502199226 ], [ 131.433986550013969, 33.29560415201955 ], [ 131.433051760502394, 33.296604233527191 ], [ 131.432006529006713, 33.296654283508374 ], [ 131.430590960089518, 33.29718011746931 ], [ 131.42979345793492, 33.297208879654058 ], [ 131.429487948010632, 33.297015672547559 ], [ 131.428901374791309, 33.296951144414969 ], [ 131.427706867400474, 33.297307870763142 ], [ 131.426185509118511, 33.297246542585285 ], [ 131.424789823835567, 33.296971847051729 ], [ 131.422276890126199, 33.295024294970972 ], [ 131.421114204026736, 33.293777457286581 ], [ 131.420218589436615, 33.292050652864525 ], [ 131.419291825119956, 33.293717139800201 ], [ 131.418980083394501, 33.294782725564687 ], [ 131.419000319511952, 33.29570082382152 ], [ 131.420176470645515, 33.298883971153643 ], [ 131.420273897547048, 33.300979619841002 ], [ 131.419615165468258, 33.301919945580565 ], [ 131.419776060369543, 33.302706013457012 ], [ 131.420044817150455, 33.302939628822976 ], [ 131.421035138468227, 33.303190299393741 ], [ 131.421409870183993, 33.303677591931311 ], [ 131.421439852240894, 33.305065028580927 ], [ 131.422348790650176, 33.306532562068767 ], [ 131.422883712035969, 33.308856363186486 ], [ 131.423836633056567, 33.309776513925925 ], [ 131.424932564248394, 33.310192946988622 ], [ 131.425528460430343, 33.310689269065044 ], [ 131.426518516926819, 33.310871519555008 ], [ 131.42730317980164, 33.311885041512419 ], [ 131.428430269876316, 33.312706821840408 ], [ 131.428845764232761, 33.314366411665596 ], [ 131.432377646775507, 33.316674725570628 ], [ 131.433434535355275, 33.317675644802321 ], [ 131.43370346849801, 33.318232338913496 ], [ 131.434089401068803, 33.320652814900548 ], [ 131.433827947791769, 33.32137873189869 ], [ 131.4338444056649, 33.322003470584448 ], [ 131.435963731733352, 33.32278683955164 ], [ 131.438405631340572, 33.324802380540653 ], [ 131.438501113357603, 33.323043206468391 ], [ 131.438679114042486, 33.322724244255646 ], [ 131.439275470000837, 33.322253018192058 ], [ 131.441810143003465, 33.320959488215919 ], [ 131.44209411003493, 33.320550785079789 ], [ 131.443581456822955, 33.319998164344959 ], [ 131.444179782327467, 33.319928999451108 ], [ 131.444952260493267, 33.32008262154342 ], [ 131.446677283225853, 33.319194002185583 ], [ 131.450830455318794, 33.31815372665671 ] ] ] } },
{ "type": "Feature", "properties": { "CITY_NAME": "別府市", "S_NAME": "大字亀川", "JINKO": 798, "medical_area": "44_東部医療圏", "町丁目名": "別府市大字亀川" }, "geometry": { "type": "Polygon", "coordinates": [ [ [ 131.490015495505759, 33.322209201106901 ], [ 131.490682917466131, 33.322051616614601 ], [ 131.491631615221138, 33.321604261080758 ], [ 131.491616175136329, 33.321746413340911 ], [ 131.491808172140537, 33.32171856556441 ], [ 131.492080822038702, 33.321297868530849 ], [ 131.492620295126159, 33.321167234268771 ], [ 131.492319483395022, 33.320653567929511 ], [ 131.49247095191285, 33.320380478624699 ], [ 131.492359289876561, 33.319493297218237 ], [ 131.492533968713559, 33.319223990911553 ], [ 131.49292492561554, 33.319066718097382 ], [ 131.492335592003769, 33.318377028581764 ], [ 131.492030823314337, 33.317559619120537 ], [ 131.491404774033839, 33.317392573989416 ], [ 131.491090143161301, 33.316298843164589 ], [ 131.49017001866963, 33.316222391124953 ], [ 131.490392048691433, 33.316358528350555 ], [ 131.489830429508658, 33.316337504652616 ], [ 131.489675424843909, 33.316807250028099 ], [ 131.489759429989505, 33.316988034629588 ], [ 131.489630954121452, 33.31677026619591 ], [ 131.489682760059367, 33.316635368596735 ], [ 131.4895143842256, 33.316453721577197 ], [ 131.489173827977538, 33.316390045053467 ], [ 131.488826625459495, 33.316628289684367 ], [ 131.48842110275217, 33.316575293340456 ], [ 131.488554041815433, 33.316357654821815 ], [ 131.488362650820335, 33.316260877780493 ], [ 131.488395628999058, 33.315978579826641 ], [ 131.487961292109333, 33.315405351063347 ], [ 131.487833174416892, 33.316791271512827 ], [ 131.487240119602035, 33.316902161710104 ], [ 131.486900321564491, 33.317539756889147 ], [ 131.486473346198864, 33.317775664783355 ], [ 131.485967613471047, 33.319308946489784 ], [ 131.488142781372744, 33.320133324895046 ], [ 131.489043373510043, 33.320899941516601 ], [ 131.489094467857342, 33.321348170609717 ], [ 131.489520905876674, 33.321575652838021 ], [ 131.490015495505759, 33.322209201106901 ] ] ] } },
{ "type": "Feature", "properties": { "CITY_NAME": "別府市", "S_NAME": "大字亀川", "JINKO": 806, "medical_area": "44_東部医療圏", "町丁目名": "別府市大字亀川" }, "geometry": { "type": "Polygon", "coordinates": [ [ [ 131.493053915815125, 33.317939909481943 ], [ 131.493452947239376, 33.317092118620906 ], [ 131.492082836991358, 33.316543753846155 ], [ 131.491549304484835, 33.316029606598235 ], [ 131.492057613680259, 33.315475924586934 ], [ 131.491641495219454, 33.314996183109379 ], [ 131.491622201493925, 33.314515536328038 ], [ 131.490651201699677, 33.31400150778277 ], [ 131.490306543428488, 33.313217932811661 ], [ 131.489648119839302, 33.313123539132391 ], [ 131.489088128850256, 33.312592975149521 ], [ 131.488591944608743, 33.312641818348865 ], [ 131.488037303825735, 33.312232397460683 ], [ 131.487538621440933, 33.312113203543113 ], [ 131.486580426859803, 33.312221204470298 ], [ 131.484973950152153, 33.31294236039863 ], [ 131.4848441825078, 33.313725793855632 ], [ 131.485343284484514, 33.314794036645857 ], [ 131.485157578289943, 33.316074786162211 ], [ 131.485870464551198, 33.315190476372308 ], [ 131.485649839991851, 33.314429515150081 ], [ 131.485704779661319, 33.314060377646754 ], [ 131.485471379531219, 33.314012017853344 ], [ 131.485451880237008, 33.313527679909761 ], [ 131.485659209643984, 33.313408588328052 ], [ 131.486243164416095, 33.31346543130865 ], [ 131.486760875213946, 33.313663353181333 ], [ 131.487322440389903, 33.314206105056051 ], [ 131.486922366483554, 33.31494133414909 ], [ 131.487379392608176, 33.315685866993462 ], [ 131.487173859197412, 33.316414693999761 ], [ 131.487233838335328, 33.316822265941191 ], [ 131.487833174416892, 33.316791271512827 ], [ 131.487961292109333, 33.315405351063347 ], [ 131.488395628999029, 33.315978579826641 ], [ 131.488362650820306, 33.316260877780493 ], [ 131.488554041815405, 33.316357654821815 ], [ 131.48842110275217, 33.316575293340456 ], [ 131.488826625459495, 33.316628289684367 ], [ 131.489173827977538, 33.316390045053467 ], [ 131.4895143842256, 33.316453721577197 ], [ 131.489682760059367, 33.316635368596735 ], [ 131.489630954121452, 33.31677026619591 ], [ 131.489759429989505, 33.316988034629588 ], [ 131.489675424843909, 33.316807250028099 ], [ 131.489830429508658, 33.316337504652616 ], [ 131.490392048691433, 33.316358528350555 ], [ 131.49017001866963, 33.316222391124953 ], [ 131.491090143161301, 33.316298843164589 ], [ 131.491404774033839, 33.317392573989416 ], [ 131.492030823314337, 33.317559619120537 ], [ 131.492335592003769, 33.318377028581764 ], [ 131.493006989591834, 33.319229898084245 ], [ 131.493053915815125, 33.317939909481943 ] ] ] } },
{ "type": "Feature", "properties": { "CITY_NAME": "別府市", "S_NAME": "大字亀川", "JINKO": 140, "medical_area": "44_東部医療圏", "町丁目名": "別府市大字亀川" }, "geometry": { "type": "Polygon", "coordinates": [ [ [ 131.491428216886703, 33.330540261813574 ], [ 131.49139711375102, 33.329754382242427 ], [ 131.492972994541589, 33.329711783706323 ], [ 131.493659440253566, 33.328380933041537 ], [ 131.492310755540643, 33.328819218803154 ], [ 131.490021915862684, 33.32895726568195 ], [ 131.489353470255168, 33.329235099356197 ], [ 131.489396520723716, 33.330111911291567 ], [ 131.490429253346662, 33.330071483636225 ], [ 131.490437000428756, 33.330562356086787 ], [ 131.491428216886703, 33.330540261813574 ] ] ] } },
{ "type": "Feature", "properties": { "CITY_NAME": "別府市", "S_NAME": "大字亀川", "JINKO": 83, "medical_area": "44_東部医療圏", "町丁目名": "別府市大字亀川" }, "geometry": { "type": "Polygon", "coordinates": [ [ [ 131.492060390926838, 33.324876645324721 ], [ 131.491745643573779, 33.323745004783468 ], [ 131.492309496548813, 33.322791877587505 ], [ 131.492183883303682, 33.322098440078356 ], [ 131.491880433953185, 33.321944905934998 ], [ 131.491808172140537, 33.32171856556441 ], [ 131.491616175136329, 33.321746413340911 ], [ 131.491631615221138, 33.321604261080758 ], [ 131.490682917466131, 33.322051616614601 ], [ 131.490061440797547, 33.322135049510855 ], [ 131.49016748265791, 33.322438292285362 ], [ 131.490871094420385, 33.322837483525944 ], [ 131.490567773240628, 33.323327266150343 ], [ 131.490592400402392, 33.32377580628232 ], [ 131.490292168661085, 33.323881817335213 ], [ 131.490628791901884, 33.323995247193437 ], [ 131.490790972454448, 33.32456730179166 ], [ 131.490565183906824, 33.324915108877533 ], [ 131.490817999080548, 33.32525641063075 ], [ 131.490478986701902, 33.325750033244354 ], [ 131.4900163723741, 33.326028574409278 ], [ 131.490136293471068, 33.326306719373932 ], [ 131.491108154774025, 33.325992100382912 ], [ 131.491977075101687, 33.32531106606087 ], [ 131.492060390926838, 33.324876645324721 ] ] ] } },
{ "type": "Feature", "properties": { "CITY_NAME": "別府市", "S_NAME": "大字亀川", "JINKO": 5, "medical_area": "44_東部医療圏", "町丁目名": "別府市大字亀川" }, "geometry": { "type": "Polygon", "coordinates": [ [ [ 131.489400367971314, 33.330206997605124 ], [ 131.489383219021278, 33.329819682383508 ], [ 131.488628080732667, 33.329835619948852 ], [ 131.48863905641403, 33.330222605972637 ], [ 131.489400367971314, 33.330206997605124 ] ] ] } },
{ "type": "Feature", "properties": { "CITY_NAME": "別府市", "S_NAME": "大字亀川", "JINKO": 380, "medical_area": "44_東部医療圏", "町丁目名": "別府市大字亀川" }, "geometry": { "type": "Polygon", "coordinates": [ [ [ 131.483908942925666, 33.318935401376926 ], [ 131.486075875178244, 33.318610094982539 ], [ 131.486302990084454, 33.318405234884217 ], [ 131.486473346198864, 33.317775664783355 ], [ 131.486900321564491, 33.317539756889147 ], [ 131.487354907663757, 33.316880681511506 ], [ 131.487173859197412, 33.316414693999761 ], [ 131.487379392608176, 33.315685866993462 ], [ 131.486922366483554, 33.31494133414909 ], [ 131.487339584282125, 33.314270812003251 ], [ 131.486636313985173, 33.313587797368371 ], [ 131.485843619155787, 33.313399409138583 ], [ 131.485451880237008, 33.313527679909761 ], [ 131.485471379531219, 33.314012017853344 ], [ 131.485704779661319, 33.314060377646754 ], [ 131.485649839991851, 33.314429515150081 ], [ 131.485870464551198, 33.315190476372308 ], [ 131.484699488400878, 33.316635630363685 ], [ 131.48392406702996, 33.317139946714214 ], [ 131.48352335275257, 33.317768155738136 ], [ 131.48349791948101, 33.318021719759031 ], [ 131.483908942925666, 33.318935401376926 ] ] ] } },
{ "type": "Feature", "properties": { "CITY_NAME": "別府市", "S_NAME": "大字野田", "JINKO": 751, "medical_area": "44_東部医療圏", "町丁目名": "別府市大字野田" }, "geometry": { "type": "Polygon", "coordinates": [ [ [ 131.471031308012101, 33.328522495806055 ], [ 131.474857798856561, 33.32599172739468 ], [ 131.475483237562031, 33.326933344899999 ], [ 131.475480404661511, 33.327144976663128 ], [ 131.476351133630089, 33.327952895184978 ], [ 131.477435485940987, 33.328299760286527 ], [ 131.47777301036237, 33.328844728458527 ], [ 131.478845942732931, 33.328766061671722 ], [ 131.479588622367089, 33.328070501382484 ], [ 131.479951268436793, 33.327977623677178 ], [ 131.480830881429341, 33.328523805005744 ], [ 131.481460955544776, 33.328624667815653 ], [ 131.481859363155252, 33.328983026666748 ], [ 131.482238151278466, 33.328888427400486 ], [ 131.482845322487293, 33.329051191784679 ], [ 131.483512762214673, 33.328798794124815 ], [ 131.484581754938176, 33.32940306157834 ], [ 131.485636757518563, 33.329428984612264 ], [ 131.487202049130588, 33.329007922458032 ], [ 131.488886375120529, 33.329204110771137 ], [ 131.488740882912651, 33.329148013377065 ], [ 131.488821097055563, 33.328860838900837 ], [ 131.488379284776471, 33.328382877073942 ], [ 131.488448251237287, 33.328259855419674 ], [ 131.490023474842161, 33.3279253253326 ], [ 131.490619942352254, 33.327713529747292 ], [ 131.491042679608285, 33.32735529322408 ], [ 131.490801645262678, 33.327410806126736 ], [ 131.490677093603267, 33.327138528994212 ], [ 131.489874184902106, 33.327430532276608 ], [ 131.489227064384522, 33.327408149317357 ], [ 131.489349280949796, 33.326776780427004 ], [ 131.489999317895752, 33.326503840274704 ], [ 131.490136293471068, 33.326306719373932 ], [ 131.4900163723741, 33.326028574409278 ], [ 131.490478986701902, 33.325750033244354 ], [ 131.490817999080548, 33.32525641063075 ], [ 131.490565183906824, 33.324915108877533 ], [ 131.490790972454448, 33.32456730179166 ], [ 131.490628791901884, 33.323995247193437 ], [ 131.490292168661085, 33.323881817335213 ], [ 131.490592400402392, 33.32377580628232 ], [ 131.490567773240628, 33.323327266150343 ], [ 131.490871094420385, 33.322837483525944 ], [ 131.49016748265791, 33.322438292285362 ], [ 131.489626472404751, 33.321674393173048 ], [ 131.489094467857342, 33.321348170609717 ], [ 131.489043373510043, 33.320899941516601 ], [ 131.48874760211794, 33.320570568542287 ], [ 131.487175721006281, 33.31968211362117 ], [ 131.48689930047982, 33.319587215962137 ], [ 131.486632445199859, 33.320204065818722 ], [ 131.483850367178235, 33.319856556534255 ], [ 131.482707368776317, 33.320030015770534 ], [ 131.482361005536262, 33.319582173295728 ], [ 131.481284886162626, 33.31927323385316 ], [ 131.48132237168025, 33.319699171892886 ], [ 131.481499934545838, 33.319685379869661 ], [ 131.481650714743523, 33.320122333312824 ], [ 131.48149275235042, 33.320328615114384 ], [ 131.481657388456512, 33.320450867958193 ], [ 131.481223723226719, 33.320922079900889 ], [ 131.480640643317258, 33.321202116344608 ], [ 131.480673427174963, 33.321663309279643 ], [ 131.480172683225874, 33.322367462862999 ], [ 131.47971829409255, 33.322444599344571 ], [ 131.479088190168426, 33.321985718225399 ], [ 131.478482473194362, 33.322777130052238 ], [ 131.477963462537872, 33.322815169426683 ], [ 131.477161051173738, 33.323548049577042 ], [ 131.476668933775699, 33.323655119295076 ], [ 131.476865094364882, 33.324725289519911 ], [ 131.476590386001618, 33.325000839431738 ], [ 131.475705296922172, 33.32539511318322 ], [ 131.475396732166587, 33.325371708832357 ], [ 131.474894319430888, 33.324699288352811 ], [ 131.474383403451299, 33.324977358878968 ], [ 131.473967195882437, 33.324539752972953 ], [ 131.473745890887955, 33.324048994193681 ], [ 131.473756266480365, 33.323085356318792 ], [ 131.470417959168998, 33.323561413699672 ], [ 131.46940801416963, 33.324206399544408 ], [ 131.469031359459819, 33.324867477287654 ], [ 131.469052457771028, 33.325255730618174 ], [ 131.469501661823642, 33.326301987469108 ], [ 131.469649186821101, 33.330158181503876 ], [ 131.470132760057083, 33.330374553412703 ], [ 131.471031308012101, 33.328522495806055 ] ] ] } },
{ "type": "Feature", "properties": { "CITY_NAME": "別府市", "S_NAME": "大字野田", "JINKO": 134, "medical_area": "44_東部医療圏", "町丁目名": "別府市大字野田" }, "geometry": { "type": "Polygon", "coordinates": [ [ [ 131.462283788147658, 33.330817006464521 ], [ 131.462126936847, 33.329317660276956 ], [ 131.46179000119858, 33.328080724279495 ], [ 131.459770849204972, 33.324596222324573 ], [ 131.459769363236347, 33.324314973848061 ], [ 131.457194064811944, 33.320618838264238 ], [ 131.456616224660934, 33.320992318744906 ], [ 131.456249086758646, 33.321664907594361 ], [ 131.455383015948826, 33.322408751316736 ], [ 131.454564428913557, 33.322864360531945 ], [ 131.454033662420642, 33.32270427852368 ], [ 131.452374990207375, 33.321841111080253 ], [ 131.451583256684017, 33.32097216741699 ], [ 131.450817000974979, 33.319105307356253 ], [ 131.450830455318822, 33.318153726656718 ], [ 131.446677283225853, 33.319194002185583 ], [ 131.444952260493324, 33.32008262154342 ], [ 131.444179782327495, 33.319928999451108 ], [ 131.443581456822955, 33.319998164344959 ], [ 131.44209411003493, 33.320550785079789 ], [ 131.441810143003465, 33.320959488215919 ], [ 131.439275470000865, 33.322253018192058 ], [ 131.438501113357603, 33.323043206468391 ], [ 131.438226211976058, 33.327897423435388 ], [ 131.4400717982804, 33.329756254235527 ], [ 131.441092034348713, 33.330216199620565 ], [ 131.442211899881727, 33.330636689525981 ], [ 131.443394402105326, 33.330297395471732 ], [ 131.444541679023786, 33.33087415369689 ], [ 131.444929508831649, 33.331252531565767 ], [ 131.445489319738101, 33.331440414783387 ], [ 131.446764333592313, 33.330977904682939 ], [ 131.448275916202419, 33.331234988104228 ], [ 131.45015235470791, 33.3312840510632 ], [ 131.451213413341094, 33.330621207326828 ], [ 131.453615955341661, 33.33077443409649 ], [ 131.45498582205002, 33.330646582455294 ], [ 131.456128437095231, 33.330318461637425 ], [ 131.457326358219234, 33.330392261431626 ], [ 131.458312326266878, 33.330645551660311 ], [ 131.458513444192448, 33.330935224928247 ], [ 131.458475949300094, 33.331393328838701 ], [ 131.459735335797035, 33.332372041035448 ], [ 131.460141915748665, 33.333222582615683 ], [ 131.460347046822108, 33.335948354907792 ], [ 131.459869211823161, 33.337725636781791 ], [ 131.460263866553703, 33.337828121260195 ], [ 131.461691553679998, 33.33442342296231 ], [ 131.462153415591928, 33.332559575495623 ], [ 131.462283788147658, 33.330817006464521 ] ] ] } },
{ "type": "Feature", "properties": { "CITY_NAME": "別府市", "S_NAME": "大字野田", "JINKO": 419, "medical_area": "44_東部医療圏", "町丁目名": "別府市大字野田" }, "geometry": { "type": "Polygon", "coordinates": [ [ [ 131.469214910168432, 33.343884324678662 ], [ 131.46980040101468, 33.343445074460597 ], [ 131.469979960974314, 33.343053463333241 ], [ 131.470051209764108, 33.342015261160192 ], [ 131.47166053457704, 33.339670457586948 ], [ 131.47276005141444, 33.339837107997219 ], [ 131.473269906374554, 33.339664726350136 ], [ 131.474220135463298, 33.339005154350254 ], [ 131.474500397749239, 33.338492759800538 ], [ 131.474448736651311, 33.338043585164378 ], [ 131.474101840932349, 33.33762138997804 ], [ 131.473442220455212, 33.337396609615574 ], [ 131.47273551473765, 33.33755061664764 ], [ 131.47266774198232, 33.337077553876767 ], [ 131.471732337994325, 33.336353979891129 ], [ 131.471608955356629, 33.335932236345052 ], [ 131.471667525027868, 33.335224536880496 ], [ 131.472054912317162, 33.334270333353956 ], [ 131.472083221948168, 33.3331977720769 ], [ 131.472388628905833, 33.332836953210048 ], [ 131.472899605611559, 33.332592641618824 ], [ 131.473451150987955, 33.331859324101387 ], [ 131.469649186821101, 33.330158181503876 ], [ 131.469501661823642, 33.326301987469108 ], [ 131.469052457771028, 33.325255730618174 ], [ 131.469031359459819, 33.324867477287654 ], [ 131.46940801416963, 33.324206399544408 ], [ 131.470417959168998, 33.323561413699672 ], [ 131.469535660608074, 33.323554467289931 ], [ 131.46854453368843, 33.323252158681349 ], [ 131.468046172722097, 33.323431489922328 ], [ 131.467353836528531, 33.32342895568717 ], [ 131.466425771426515, 33.322882085968409 ], [ 131.46573948278342, 33.322864092021355 ], [ 131.465667134836593, 33.321370170709372 ], [ 131.46019864391755, 33.318381623982113 ], [ 131.458054463084096, 33.319551975928192 ], [ 131.457794094972201, 33.320134145557098 ], [ 131.457194064811944, 33.320618838264238 ], [ 131.459769363236347, 33.324314973848061 ], [ 131.459770849204972, 33.324596222324573 ], [ 131.46179000119858, 33.328080724279495 ], [ 131.462223143640273, 33.329911019107321 ], [ 131.462242013527543, 33.331715553252103 ], [ 131.461691553679998, 33.33442342296231 ], [ 131.458306379768601, 33.34234129609731 ], [ 131.459048771848131, 33.342732772980312 ], [ 131.459930189752129, 33.342924980837708 ], [ 131.460204664834009, 33.342715842248516 ], [ 131.460826966033011, 33.342723929531445 ], [ 131.461060048645152, 33.342487255707361 ], [ 131.461934425644074, 33.342904879235249 ], [ 131.462618393374981, 33.342600309213502 ], [ 131.463470609787748, 33.343071504186859 ], [ 131.464474486479332, 33.343178534525066 ], [ 131.466001361992454, 33.343839157167437 ], [ 131.468112646485594, 33.344284266371957 ], [ 131.468420066752799, 33.344280221393532 ], [ 131.468777155005739, 33.343967934172404 ], [ 131.469214910168432, 33.343884324678662 ] ] ] } },
{ "type": "Feature", "properties": { "CITY_NAME": "別府市", "S_NAME": "大字内竃", "JINKO": 1039, "medical_area": "44_東部医療圏", "町丁目名": "別府市大字内竃" }, "geometry": { "type": "Polygon", "coordinates": [ [ [ 131.489575390035128, 33.333781509380806 ], [ 131.49278376702668, 33.333754208115835 ], [ 131.492643682889735, 33.331294890313622 ], [ 131.492972994541589, 33.329711783706323 ], [ 131.49139711375102, 33.329754382242427 ], [ 131.491428216886703, 33.330540261813574 ], [ 131.490437000428756, 33.330562356086787 ], [ 131.490429253346662, 33.330071483636225 ], [ 131.489396520723716, 33.330111911291567 ], [ 131.489442161558514, 33.33112153822151 ], [ 131.490278222473933, 33.331093020583594 ], [ 131.490315599641747, 33.332138432963504 ], [ 131.489499617594021, 33.332157642483537 ], [ 131.489575390035128, 33.333781509380806 ] ] ] } },
{ "type": "Feature", "properties": { "CITY_NAME": "別府市", "S_NAME": "大字内竃", "JINKO": 1147, "medical_area": "44_東部医療圏", "町丁目名": "別府市大字内竃" }, "geometry": { "type": "Polygon", "coordinates": [ [ [ 131.477541331007643, 33.345081016223197 ], [ 131.476626845665606, 33.344799148651305 ], [ 131.476541701849271, 33.344560979871176 ], [ 131.477459425270411, 33.344584834373009 ], [ 131.478462804128498, 33.34493676567017 ], [ 131.479377743644932, 33.344872628802172 ], [ 131.480017569727551, 33.34517902941672 ], [ 131.481878716872785, 33.345240244441577 ], [ 131.484008674383176, 33.345886806992588 ], [ 131.48589340783542, 33.345574542775474 ], [ 131.486345852195001, 33.345740362849185 ], [ 131.48530252162584, 33.34263651343209 ], [ 131.484705115047092, 33.342306198820083 ], [ 131.484157578175513, 33.341621867675144 ], [ 131.484231998201011, 33.341374418220454 ], [ 131.485268751821877, 33.340891945410704 ], [ 131.484505242644616, 33.340171761211721 ], [ 131.483852008118788, 33.338834456726147 ], [ 131.482846786295653, 33.338154334349532 ], [ 131.482932836640089, 33.337125598198433 ], [ 131.48281025531864, 33.336987470974677 ], [ 131.483297145424018, 33.337008511580748 ], [ 131.483873375136625, 33.336727512547334 ], [ 131.484878524740253, 33.336888756856688 ], [ 131.48505467933245, 33.33666084850725 ], [ 131.485576829095976, 33.336676948934667 ], [ 131.485769428113286, 33.336343023870732 ], [ 131.486495486102427, 33.336007962781665 ], [ 131.487420828335388, 33.336336560013841 ], [ 131.487714328221699, 33.336759281390677 ], [ 131.487676522042733, 33.337234448182905 ], [ 131.48833059795075, 33.337279045572252 ], [ 131.488360067622921, 33.336717825136361 ], [ 131.489171185591289, 33.337374115694601 ], [ 131.489713601571026, 33.337509456909757 ], [ 131.489947027592876, 33.337805996720405 ], [ 131.491141055286676, 33.338382112806606 ], [ 131.491278333118828, 33.338601466671633 ], [ 131.491573698778296, 33.338560849492765 ], [ 131.491842609861692, 33.338144577588672 ], [ 131.492954695933889, 33.337440255360356 ], [ 131.493005746480492, 33.336737388526231 ], [ 131.493375619299343, 33.336569000274814 ], [ 131.493544332452956, 33.336364881029631 ], [ 131.493407287581107, 33.336313261322111 ], [ 131.493726026939612, 33.336074663788452 ], [ 131.49369345909048, 33.335813964012225 ], [ 131.493064811806391, 33.335090512491178 ], [ 131.492583223749449, 33.335278469831593 ], [ 131.49244160450894, 33.33514514879667 ], [ 131.492538271236015, 33.335023034870318 ], [ 131.49208207852385, 33.335123079637846 ], [ 131.491197996895806, 33.335021367538701 ], [ 131.489532922809559, 33.335459170452253 ], [ 131.488308145650905, 33.33518319133718 ], [ 131.488642947304839, 33.335046231412861 ], [ 131.487928030872439, 33.334998602766824 ], [ 131.487900854698694, 33.333844135761929 ], [ 131.484115950734747, 33.333938159786747 ], [ 131.485013386518887, 33.332713730637487 ], [ 131.485236562082434, 33.331486645563771 ], [ 131.486217647815749, 33.330983769769958 ], [ 131.486409508519074, 33.330520084597467 ], [ 131.489077299145293, 33.329363379227942 ], [ 131.488988512201587, 33.329205648951266 ], [ 131.487202049130588, 33.329007922458032 ], [ 131.485636757518563, 33.329428984612264 ], [ 131.484581754938176, 33.32940306157834 ], [ 131.483512762214673, 33.328798794124815 ], [ 131.482845322487293, 33.329051191784679 ], [ 131.482238151278466, 33.328888427400486 ], [ 131.481859363155252, 33.328983026666748 ], [ 131.481460955544776, 33.328624667815653 ], [ 131.480830881429341, 33.328523805005744 ], [ 131.479951268436793, 33.327977623677178 ], [ 131.479588622367089, 33.328070501382484 ], [ 131.478945575693501, 33.328724186531652 ], [ 131.477926522920825, 33.328879712687993 ], [ 131.477435485940987, 33.328299760286527 ], [ 131.476351133630089, 33.327952895184978 ], [ 131.475552787279952, 33.327215252678542 ], [ 131.474857798856561, 33.32599172739468 ], [ 131.471031308012101, 33.328522495806055 ], [ 131.470132760057083, 33.330374553412703 ], [ 131.473451150987955, 33.331859324101387 ], [ 131.472899605611616, 33.332592641618852 ], [ 131.472388628905833, 33.332836953210048 ], [ 131.472083221948168, 33.3331977720769 ], [ 131.472054912317162, 33.334270333353963 ], [ 131.471597734957669, 33.335580443222227 ], [ 131.471666115582366, 33.336166566190599 ], [ 131.471910350734362, 33.336540932266232 ], [ 131.47266774198232, 33.337077553876767 ], [ 131.47273551473765, 33.33755061664764 ], [ 131.473442220455212, 33.337396609615574 ], [ 131.474101840932406, 33.337621389978032 ], [ 131.474448736651311, 33.338043585164378 ], [ 131.474500397749239, 33.338492759800538 ], [ 131.474220135463327, 33.339005154350254 ], [ 131.473269906374554, 33.339664726350136 ], [ 131.47276005141444, 33.339837107997219 ], [ 131.47166053457704, 33.339670457586948 ], [ 131.470051209764137, 33.342015261160213 ], [ 131.469979960974314, 33.343053463333241 ], [ 131.46980040101468, 33.343445074460597 ], [ 131.470816684018331, 33.343609351156367 ], [ 131.471636612225467, 33.344069493596308 ], [ 131.472116586576817, 33.344110679905953 ], [ 131.472298265059266, 33.344973967390587 ], [ 131.474135999686524, 33.345008054518054 ], [ 131.477477390262862, 33.345743898894355 ], [ 131.477978111407708, 33.346160279808089 ], [ 131.478064056829169, 33.34655087989799 ], [ 131.478320433483816, 33.346581173253199 ], [ 131.478475109219062, 33.345904277044689 ], [ 131.477541331007643, 33.345081016223197 ] ] ] } },
{ "type": "Feature", "properties": { "CITY_NAME": "別府市", "S_NAME": "大字内竃", "JINKO": 336, "medical_area": "44_東部医療圏", "町丁目名": "別府市大字内竃" }, "geometry": { "type": "Polygon", "coordinates": [ [ [ 131.484386246214768, 33.33351052303243 ], [ 131.488810697348896, 33.333310772388643 ], [ 131.488772730172315, 33.33219449438073 ], [ 131.490315599641747, 33.332138432963504 ], [ 131.490278222473933, 33.331093020583594 ], [ 131.489442161558514, 33.33112153822151 ], [ 131.489400367971314, 33.330206997605124 ], [ 131.48863905641403, 33.330222605972637 ], [ 131.488628080732667, 33.329835619948852 ], [ 131.489383219021278, 33.329819682383508 ], [ 131.489353470255168, 33.329235099356197 ], [ 131.486409508519074, 33.330520084597467 ], [ 131.486217647815749, 33.330983769769958 ], [ 131.485236562082434, 33.331486645563771 ], [ 131.485013386518887, 33.332713730637487 ], [ 131.484386246214768, 33.33351052303243 ] ] ] } },
{ "type": "Feature", "properties": { "CITY_NAME": "別府市", "S_NAME": "大字内竃", "JINKO": 84, "medical_area": "44_東部医療圏", "町丁目名": "別府市大字内竃" }, "geometry": { "type": "Polygon", "coordinates": [ [ [ 131.484109996152114, 33.333901126422418 ], [ 131.489575390035128, 33.333781509380806 ], [ 131.489499617594021, 33.332157642483537 ], [ 131.488772730172315, 33.33219449438073 ], [ 131.488810697348896, 33.333310772388643 ], [ 131.484851554373762, 33.333434598497242 ], [ 131.484386246214768, 33.33351052303243 ], [ 131.484323175929433, 33.333774973431566 ], [ 131.484109996152114, 33.333901126422418 ] ] ] } },
{ "type": "Feature", "properties": { "CITY_NAME": "別府市", "S_NAME": "大字内竃", "JINKO": 1150, "medical_area": "44_東部医療圏", "町丁目名": "別府市大字内竃" }, "geometry": { "type": "Polygon", "coordinates": [ [ [ 131.486110743793972, 33.341391957801335 ], [ 131.488332166039356, 33.341414990872686 ], [ 131.488471116189942, 33.340882260550778 ], [ 131.488795613393421, 33.340788632446348 ], [ 131.488845918456263, 33.340479704101682 ], [ 131.489118069519122, 33.340338378718627 ], [ 131.489142069229587, 33.339978091229156 ], [ 131.489688742392843, 33.339041006647399 ], [ 131.490054756433921, 33.339167185294421 ], [ 131.490295512616569, 33.338550624939394 ], [ 131.489740782196122, 33.338316413592672 ], [ 131.489469356931096, 33.338434495431159 ], [ 131.489092701717027, 33.338204068813923 ], [ 131.489321916755841, 33.337605016432981 ], [ 131.488360067622978, 33.336717825136361 ], [ 131.48833059795075, 33.337279045572252 ], [ 131.487676522042733, 33.337234448182869 ], [ 131.487714328221699, 33.336759281390677 ], [ 131.487420828335388, 33.336336560013841 ], [ 131.48649548610237, 33.336007962781665 ], [ 131.485769428113286, 33.336343023870732 ], [ 131.485576829095976, 33.336676948934667 ], [ 131.48505467933245, 33.33666084850725 ], [ 131.484878524740253, 33.336888756856688 ], [ 131.483873375136625, 33.336727512547334 ], [ 131.483297145424018, 33.337008511580748 ], [ 131.482810255318583, 33.336987470974677 ], [ 131.482932836640089, 33.337125598198433 ], [ 131.482846786295653, 33.338154334349532 ], [ 131.483852008118788, 33.338834456726147 ], [ 131.484505242644616, 33.340171761211721 ], [ 131.485268751821877, 33.340891945410704 ], [ 131.484231998201011, 33.341374418220454 ], [ 131.484204732938821, 33.341717138894303 ], [ 131.484767918907977, 33.341848337702487 ], [ 131.486110743793972, 33.341391957801335 ] ] ] } },
{ "type": "Feature", "properties": { "CITY_NAME": "別府市", "S_NAME": "大字内竃", "JINKO": 712, "medical_area": "44_東部医療圏", "町丁目名": "別府市大字内竃" }, "geometry": { "type": "Polygon", "coordinates": [ [ [ 131.491278911477508, 33.343154953631576 ], [ 131.492435461924941, 33.34318662516165 ], [ 131.490162222219766, 33.342410522685114 ], [ 131.488839015702553, 33.342720124872443 ], [ 131.48852788378926, 33.342547134056716 ], [ 131.488095993062245, 33.342618503930375 ], [ 131.487726384949923, 33.342472366717146 ], [ 131.487372116772548, 33.342669525373118 ], [ 131.487265658713397, 33.342407567195835 ], [ 131.486479744674739, 33.342055982868956 ], [ 131.486055233065485, 33.342360031864274 ], [ 131.48594650344333, 33.342707580110101 ], [ 131.485719639954738, 33.34280635203681 ], [ 131.48530252162584, 33.34263651343209 ], [ 131.486090031100957, 33.345109118332658 ], [ 131.487099797546563, 33.345635654202717 ], [ 131.48867631644822, 33.345317470100575 ], [ 131.489344005700502, 33.345009428002875 ], [ 131.490172467974304, 33.34443241994051 ], [ 131.490768440947761, 33.343409483765967 ], [ 131.491278911477508, 33.343154953631576 ] ] ] } },
{ "type": "Feature", "properties": { "CITY_NAME": "別府市", "S_NAME": "大字南畑", "JINKO": 49, "medical_area": "44_東部医療圏", "町丁目名": "別府市大字南畑" }, "geometry": { "type": "Polygon", "coordinates": [ [ [ 131.471558791303465, 33.354524398697457 ], [ 131.471253336005987, 33.351927440159102 ], [ 131.471033189914095, 33.35184631097178 ], [ 131.470849928270866, 33.35125030939394 ], [ 131.469454230777558, 33.350466778153844 ], [ 131.469458359022951, 33.35010313182277 ], [ 131.469887829115862, 33.348818444642234 ], [ 131.471229745799263, 33.347558521229764 ], [ 131.471835152158832, 33.346088774697094 ], [ 131.47231669987741, 33.345984521807793 ], [ 131.473216099968681, 33.346411347528331 ], [ 131.473336460157753, 33.346093327536877 ], [ 131.472297062586307, 33.345177873913421 ], [ 131.472168058755727, 33.344153492019153 ], [ 131.47163661222541, 33.344069493596308 ], [ 131.470816684018331, 33.343609351156367 ], [ 131.469800401014652, 33.343445074460597 ], [ 131.469507055447963, 33.34378674733599 ], [ 131.468112646485594, 33.344284266371957 ], [ 131.466001361992454, 33.343839157167437 ], [ 131.464474486479332, 33.343178534525066 ], [ 131.463470609787663, 33.343071504186859 ], [ 131.462618393374981, 33.342600309213502 ], [ 131.461934425644074, 33.342904879235249 ], [ 131.461060048645152, 33.342487255707361 ], [ 131.460826966033011, 33.342723929531452 ], [ 131.460204664834009, 33.342715842248516 ], [ 131.459930189752185, 33.342924980837694 ], [ 131.459048771848131, 33.342732772980312 ], [ 131.458306379768544, 33.34234129609731 ], [ 131.456361985649067, 33.342451924850899 ], [ 131.455855126169666, 33.341991769342542 ], [ 131.455664061915257, 33.342503391194604 ], [ 131.455736048137226, 33.342851401075102 ], [ 131.456954188904575, 33.343859827541522 ], [ 131.457123754227297, 33.344480236554666 ], [ 131.455648461584957, 33.34739618224696 ], [ 131.455180190900393, 33.347707736462802 ], [ 131.454738098323674, 33.347775948715736 ], [ 131.453694967557396, 33.347563334438291 ], [ 131.452859207807364, 33.347627826504649 ], [ 131.451929321852788, 33.348072944649971 ], [ 131.451395170870569, 33.348622927711631 ], [ 131.453357678594045, 33.34901404569532 ], [ 131.454074787407478, 33.349307238468995 ], [ 131.454088212939354, 33.349540252760093 ], [ 131.455676132219935, 33.350063299444656 ], [ 131.456059493424164, 33.350430711080548 ], [ 131.458739386744696, 33.35115077432512 ], [ 131.462992786359735, 33.351935372266169 ], [ 131.465769380827481, 33.351871239249931 ], [ 131.466456599564651, 33.351983918189674 ], [ 131.468784754935484, 33.353084074180558 ], [ 131.468946954014825, 33.354027164265432 ], [ 131.470446990199946, 33.35462465151997 ], [ 131.471558791303465, 33.354524398697457 ] ] ] } },
{ "type": "Feature", "properties": { "CITY_NAME": "別府市", "S_NAME": "大字南畑", "JINKO": 69, "medical_area": "44_東部医療圏", "町丁目名": "別府市大字南畑" }, "geometry": { "type": "Polygon", "coordinates": [ [ [ 131.406695020041894, 33.350994756713426 ], [ 131.406775828266206, 33.350362276809918 ], [ 131.407536997047714, 33.350125491143288 ], [ 131.408338459375955, 33.349321026451932 ], [ 131.409848043696883, 33.349554634117673 ], [ 131.410704734936786, 33.349101333846711 ], [ 131.411498687192477, 33.348999573414943 ], [ 131.41231270901531, 33.348609497023958 ], [ 131.414702237369937, 33.348795149237354 ], [ 131.415691153119326, 33.34906206467582 ], [ 131.416184636956075, 33.348988336172447 ], [ 131.416291174640662, 33.348816803549333 ], [ 131.416078937624576, 33.345984297870892 ], [ 131.416183998864341, 33.345506455575347 ], [ 131.417308132344829, 33.344872050057134 ], [ 131.418687090610746, 33.343669205140429 ], [ 131.419843930366739, 33.343151784093209 ], [ 131.421500739546133, 33.342799265736105 ], [ 131.423444016868444, 33.342873713437378 ], [ 131.425112036352488, 33.343741906623194 ], [ 131.427655075131156, 33.344647609191163 ], [ 131.428893126471252, 33.345391120608703 ], [ 131.428627871818861, 33.344815740315283 ], [ 131.428430171391966, 33.343435693711058 ], [ 131.427121588638158, 33.341647545627005 ], [ 131.426454267377096, 33.337654518151545 ], [ 131.425737509934862, 33.336048345039991 ], [ 131.425101330571408, 33.335060222740481 ], [ 131.423439320745814, 33.332759544815914 ], [ 131.419305154284416, 33.328608267095177 ], [ 131.418900315896366, 33.328357742812024 ], [ 131.418513494575876, 33.327551140084346 ], [ 131.417375375293176, 33.326534231962057 ], [ 131.417339738499578, 33.325578787208777 ], [ 131.417555662028661, 33.324407782334809 ], [ 131.417270348252998, 33.323771233127353 ], [ 131.41683282082144, 33.323547958399061 ], [ 131.415837633505362, 33.323546449501279 ], [ 131.41545254360625, 33.32333764571036 ], [ 131.412360012713179, 33.319185695341424 ], [ 131.411911136033694, 33.319021079398091 ], [ 131.409497841612961, 33.319400427905805 ], [ 131.408068367969065, 33.319854642518671 ], [ 131.407461003430257, 33.320648104730651 ], [ 131.406768649555232, 33.3206846062807 ], [ 131.40479168167181, 33.321685293870715 ], [ 131.401966683326776, 33.321799627069197 ], [ 131.400883777741569, 33.322333232915348 ], [ 131.399424208938001, 33.322596954070768 ], [ 131.398780429422743, 33.324995287442555 ], [ 131.399016038955523, 33.326252514847674 ], [ 131.398881330473614, 33.327342374448122 ], [ 131.399032819951316, 33.328013637584178 ], [ 131.398117526455906, 33.32895947553525 ], [ 131.397950663161993, 33.330012800879423 ], [ 131.396817482187544, 33.330412216024918 ], [ 131.397455816116832, 33.331907480103446 ], [ 131.396763824384152, 33.33333137231719 ], [ 131.396799031804733, 33.334032313425105 ], [ 131.397934857052263, 33.336019474222063 ], [ 131.398976058602926, 33.336624315433383 ], [ 131.39944708799635, 33.337343791010397 ], [ 131.400603084185462, 33.337688581756353 ], [ 131.399513364013529, 33.338727564947071 ], [ 131.399229706037687, 33.339352867745518 ], [ 131.399036037260487, 33.340502322601225 ], [ 131.40050874259228, 33.341054186377221 ], [ 131.400375272165093, 33.341974958853434 ], [ 131.400815029956163, 33.342581992883886 ], [ 131.401272017702439, 33.342828687084541 ], [ 131.40251755943379, 33.342955757896718 ], [ 131.402764886661259, 33.343442291432275 ], [ 131.402745029246432, 33.343975078261586 ], [ 131.402498321257212, 33.34441066403177 ], [ 131.402660913522624, 33.345268744560215 ], [ 131.401706174073269, 33.34583425245097 ], [ 131.402249820806617, 33.346632457059705 ], [ 131.401842354483591, 33.347841324323504 ], [ 131.400362927946247, 33.348918331805741 ], [ 131.400328000926891, 33.349318101480286 ], [ 131.401347204901754, 33.350052314833214 ], [ 131.402237739420627, 33.350145394073031 ], [ 131.405410468323936, 33.351061001755838 ], [ 131.406695020041894, 33.350994756713426 ] ] ] } },
{ "type": "Feature", "properties": { "CITY_NAME": "別府市", "S_NAME": "大字南畑", "JINKO": 0, "medical_area": "44_東部医療圏", "町丁目名": "別府市大字南畑" }, "geometry": { "type": "Polygon", "coordinates": [ [ [ 131.449167668287771, 33.348364389901654 ], [ 131.45001429308391, 33.348021276746692 ], [ 131.451395170870569, 33.348622927711631 ], [ 131.451929321852788, 33.348072944649971 ], [ 131.452859207807364, 33.347627826504649 ], [ 131.453694967557396, 33.347563334438291 ], [ 131.454738098323674, 33.347775948715736 ], [ 131.455338488512155, 33.347635481761465 ], [ 131.455805858594857, 33.347152296961781 ], [ 131.457123754227297, 33.344480236554666 ], [ 131.456954188904575, 33.343859827541522 ], [ 131.455736048137226, 33.342851401075102 ], [ 131.455724915082754, 33.342184344216442 ], [ 131.455855126169666, 33.341991769342542 ], [ 131.456361985649067, 33.342451924850899 ], [ 131.458306379768601, 33.34234129609731 ], [ 131.460263866553703, 33.337828121260195 ], [ 131.459869211823133, 33.337725636781784 ], [ 131.460352343017689, 33.335783104723319 ], [ 131.460066841913147, 33.332990496111549 ], [ 131.459615731336925, 33.332248567869655 ], [ 131.458475949300094, 33.331393328838701 ], [ 131.458513444192448, 33.330935224928247 ], [ 131.458312326266878, 33.330645551660311 ], [ 131.457326358219234, 33.330392261431626 ], [ 131.456128437095231, 33.330318461637425 ], [ 131.454985822049991, 33.330646582455294 ], [ 131.453615955341661, 33.33077443409649 ], [ 131.451213413341094, 33.330621207326828 ], [ 131.450152354707882, 33.3312840510632 ], [ 131.448275916202419, 33.331234988104228 ], [ 131.446764333592313, 33.330977904682939 ], [ 131.445489319738101, 33.331440414783387 ], [ 131.444929508831621, 33.331252531565767 ], [ 131.444541679023786, 33.33087415369689 ], [ 131.443394402105326, 33.330297395471732 ], [ 131.442211899881727, 33.330636689525981 ], [ 131.4400717982804, 33.329756254235527 ], [ 131.438226211976058, 33.327897423435388 ], [ 131.438405631340572, 33.324802380540653 ], [ 131.435963731733352, 33.32278683955164 ], [ 131.4338444056649, 33.322003470584448 ], [ 131.434027695875102, 33.323673072294056 ], [ 131.433948345182159, 33.323981788560538 ], [ 131.433405996235393, 33.324526731827405 ], [ 131.430669624092445, 33.32545961045755 ], [ 131.429261580983933, 33.325523106409939 ], [ 131.428007472283582, 33.326113674605736 ], [ 131.427019310429415, 33.32635158918584 ], [ 131.423971169580881, 33.326635625720165 ], [ 131.423015569406317, 33.32639463008654 ], [ 131.422229641158054, 33.325740257154642 ], [ 131.42033862907607, 33.325834616841831 ], [ 131.41905673826767, 33.324918100093576 ], [ 131.418133692886414, 33.324791787892529 ], [ 131.417555662028661, 33.324407782334809 ], [ 131.417339738499578, 33.325578787208777 ], [ 131.417375375293176, 33.326534231962057 ], [ 131.418513494575876, 33.327551140084346 ], [ 131.418900315896423, 33.328357742812024 ], [ 131.419305154284416, 33.328608267095177 ], [ 131.423439320745814, 33.332759544815914 ], [ 131.425737509934862, 33.336048345039991 ], [ 131.426607030747505, 33.338218508735928 ], [ 131.427121588638158, 33.341647545627005 ], [ 131.428430171391994, 33.343435693711058 ], [ 131.42862787181889, 33.344815740315283 ], [ 131.42889312647128, 33.345391120608717 ], [ 131.430305923823369, 33.344566472877226 ], [ 131.431249341385268, 33.344329008751259 ], [ 131.43199568311212, 33.344393991362978 ], [ 131.432934828370492, 33.345462815479664 ], [ 131.434602210218941, 33.345110185452285 ], [ 131.434250315175802, 33.344503306834 ], [ 131.432875086951356, 33.343170256699246 ], [ 131.433250436588025, 33.343105910675355 ], [ 131.440182278435458, 33.344815930854764 ], [ 131.44130523314476, 33.345472417600313 ], [ 131.441547596475345, 33.3458222664337 ], [ 131.441385277092394, 33.346269203227614 ], [ 131.439704309043833, 33.346891491008144 ], [ 131.439540691535626, 33.347083389134468 ], [ 131.439496759632959, 33.348411959741732 ], [ 131.441159631298035, 33.349213820763779 ], [ 131.442376137827466, 33.349390223871751 ], [ 131.446285118705674, 33.348643054041951 ], [ 131.449167668287771, 33.348364389901654 ] ] ] } },
{ "type": "Feature", "properties": { "CITY_NAME": "別府市", "S_NAME": "大字平道", "JINKO": 523, "medical_area": "44_東部医療圏", "町丁目名": "別府市大字平道" }, "geometry": { "type": "Polygon", "coordinates": [ [ [ 131.475201279961766, 33.353178873618425 ], [ 131.476158570088558, 33.353284066645422 ], [ 131.477311092835151, 33.352825084224079 ], [ 131.478790248691183, 33.353489138660471 ], [ 131.479926065090154, 33.353046825267441 ], [ 131.48065968527618, 33.352988950158611 ], [ 131.481250104679674, 33.352421990300932 ], [ 131.482144766947641, 33.351962654593969 ], [ 131.482067011800609, 33.351699170638618 ], [ 131.481290763670415, 33.35121687384958 ], [ 131.481163310958266, 33.350792229509466 ], [ 131.480416197609145, 33.350331583084518 ], [ 131.479848060813822, 33.349675573668414 ], [ 131.479567587630811, 33.349172160621563 ], [ 131.480008517447772, 33.348891292737918 ], [ 131.480520524470478, 33.34905708408845 ], [ 131.481001126487314, 33.348770950466545 ], [ 131.481538962252159, 33.34890973065005 ], [ 131.481362741967956, 33.349884872371469 ], [ 131.481713327565728, 33.350375223176023 ], [ 131.484304971904379, 33.352183514763205 ], [ 131.485380015800928, 33.352338121652139 ], [ 131.486057776924042, 33.352116497664376 ], [ 131.486324020714449, 33.351427842934719 ], [ 131.486797283823137, 33.351474636839555 ], [ 131.487269227480141, 33.351833892867461 ], [ 131.487540892761729, 33.351848223627954 ], [ 131.488020143468731, 33.351051125121302 ], [ 131.490353718796968, 33.350620658672753 ], [ 131.491071226783731, 33.349873856525434 ], [ 131.492378087979347, 33.349744498943231 ], [ 131.494069807292306, 33.35075837789649 ], [ 131.497191371196124, 33.350720308489343 ], [ 131.497326927029945, 33.350409911938229 ], [ 131.497179618041685, 33.348928920004859 ], [ 131.496825223957103, 33.347665305193424 ], [ 131.496196582628386, 33.346697457392324 ], [ 131.495702660751647, 33.34623124612866 ], [ 131.493459923605457, 33.345852498825096 ], [ 131.493084792924662, 33.343014276416334 ], [ 131.492435461924941, 33.34318662516165 ], [ 131.491039963646926, 33.343237861202077 ], [ 131.490683955733118, 33.34351291480381 ], [ 131.490072274374995, 33.344541230539924 ], [ 131.488784838214627, 33.345286611305276 ], [ 131.487099797546563, 33.345635654202717 ], [ 131.486090031100957, 33.345109118332658 ], [ 131.486345852195001, 33.345740362849185 ], [ 131.48589340783542, 33.345574542775474 ], [ 131.484008674383176, 33.345886806992588 ], [ 131.481878716872785, 33.345240244441577 ], [ 131.480017569727551, 33.34517902941672 ], [ 131.479377743644932, 33.344872628802172 ], [ 131.478462804128498, 33.34493676567017 ], [ 131.477459425270411, 33.344584834373009 ], [ 131.476541701849271, 33.344560979871176 ], [ 131.476626845665606, 33.344799148651305 ], [ 131.477232861984845, 33.344894570008833 ], [ 131.477872982441795, 33.34525568033245 ], [ 131.478026397072654, 33.345628448854121 ], [ 131.478475109219062, 33.345904277044689 ], [ 131.478472421855656, 33.346263941175778 ], [ 131.478222759915155, 33.346608916474942 ], [ 131.478064056829169, 33.34655087989799 ], [ 131.47784680078081, 33.346000520587346 ], [ 131.477477390262862, 33.345743898894355 ], [ 131.474135999686524, 33.345008054518054 ], [ 131.472298265059266, 33.344973967390587 ], [ 131.472383223169146, 33.345310720628298 ], [ 131.473262395750652, 33.345939937515709 ], [ 131.473307644392719, 33.346405856805518 ], [ 131.47231669987741, 33.345984521807793 ], [ 131.471835152158832, 33.346088774697094 ], [ 131.471229745799263, 33.347558521229764 ], [ 131.469887829115862, 33.348818444642234 ], [ 131.469454230777558, 33.350466778153859 ], [ 131.470849928270894, 33.35125030939394 ], [ 131.471033189914095, 33.35184631097178 ], [ 131.471253336005987, 33.351927440159102 ], [ 131.471558791303465, 33.354524398697457 ], [ 131.47254009525571, 33.354282511162687 ], [ 131.47393547639723, 33.35357169042738 ], [ 131.475201279961766, 33.353178873618425 ] ] ] } },
{ "type": "Feature", "properties": { "CITY_NAME": "別府市", "S_NAME": "大字鉄輪", "JINKO": 366, "medical_area": "44_東部医療圏", "町丁目名": "別府市大字鉄輪" }, "geometry": { "type": "Polygon", "coordinates": [ [ [ 131.475744345579727, 33.318883349914898 ], [ 131.477079864414861, 33.318830838431467 ], [ 131.476889502470954, 33.318270931892449 ], [ 131.477203096164516, 33.318306181420354 ], [ 131.477286220012274, 33.318673901620784 ], [ 131.477532837618014, 33.31868305695631 ], [ 131.477480567637087, 33.319141436274791 ], [ 131.478503360120584, 33.318997652959446 ], [ 131.479266705198569, 33.319106285823558 ], [ 131.478714332569155, 33.318105318750163 ], [ 131.478408293240022, 33.317858078414062 ], [ 131.4783983572963, 33.317646499726436 ], [ 131.479049961268458, 33.317761765715318 ], [ 131.47870260724693, 33.317569876854591 ], [ 131.478951912087098, 33.317465850730464 ], [ 131.478961826278862, 33.317278147789551 ], [ 131.478433428972181, 33.317250744571972 ], [ 131.478363681656077, 33.317117589302619 ], [ 131.478602327788252, 33.317074365621089 ], [ 131.4787862731838, 33.316644890067039 ], [ 131.478044048571007, 33.316192329193228 ], [ 131.477793356449212, 33.316242080244351 ], [ 131.47759862991532, 33.316505028563746 ], [ 131.477690491510344, 33.316662013525317 ], [ 131.477114007621424, 33.317257664304499 ], [ 131.476950664156476, 33.316445885282633 ], [ 131.47611942218856, 33.316344192629316 ], [ 131.476014962636924, 33.316482593484224 ], [ 131.47583624926537, 33.316262470817676 ], [ 131.474235667516211, 33.317160164205035 ], [ 131.47372405945697, 33.317186954648392 ], [ 131.473598331584867, 33.317450583728991 ], [ 131.472944895828505, 33.317597527735614 ], [ 131.473629468871735, 33.318337368622906 ], [ 131.474780504439593, 33.318591530546392 ], [ 131.474682583514152, 33.319129195341588 ], [ 131.474816284199704, 33.319326490066437 ], [ 131.475809033981221, 33.319438323711566 ], [ 131.475744345579727, 33.318883349914898 ] ] ] } },
{ "type": "Feature", "properties": { "CITY_NAME": "別府市", "S_NAME": "大字鉄輪", "JINKO": 149, "medical_area": "44_東部医療圏", "町丁目名": "別府市大字鉄輪" }, "geometry": { "type": "Polygon", "coordinates": [ [ [ 131.477692199345228, 33.316377690934999 ], [ 131.477881758261844, 33.316174570338049 ], [ 131.477848211612951, 33.315857272885914 ], [ 131.478356412301395, 33.315800119593256 ], [ 131.478797467879161, 33.315496627390679 ], [ 131.478770301288534, 33.315112524746063 ], [ 131.478388355778606, 33.314761598501086 ], [ 131.47676468025, 33.314406298284354 ], [ 131.476032174821597, 33.314571420729045 ], [ 131.475448529566052, 33.314924478616931 ], [ 131.475935729582403, 33.316416682785878 ], [ 131.476950664156476, 33.316445885282633 ], [ 131.477114007621424, 33.317257664304499 ], [ 131.477690491510344, 33.316662013525317 ], [ 131.477692199345228, 33.316377690934999 ] ] ] } },
{ "type": "Feature", "properties": { "CITY_NAME": "別府市", "S_NAME": "大字鉄輪", "JINKO": 203, "medical_area": "44_東部医療圏", "町丁目名": "別府市大字鉄輪" }, "geometry": { "type": "Polygon", "coordinates": [ [ [ 131.469848353639264, 33.323599567729026 ], [ 131.473756266480365, 33.323085356318792 ], [ 131.47372759897803, 33.320648661748486 ], [ 131.473867320310518, 33.320387407032598 ], [ 131.472732393672459, 33.319348903924563 ], [ 131.471510800682466, 33.319085893729032 ], [ 131.470789071171794, 33.317963624001749 ], [ 131.471454788882198, 33.317854372522881 ], [ 131.471780095383906, 33.31802424664847 ], [ 131.473598331584867, 33.317450583728991 ], [ 131.47372405945697, 33.317186954648392 ], [ 131.474235667516211, 33.317160164205035 ], [ 131.475773265020905, 33.31636760510505 ], [ 131.475448529566052, 33.314924478616931 ], [ 131.474532122750531, 33.315056695752027 ], [ 131.47327398439225, 33.314561171624291 ], [ 131.47162556734969, 33.315058241595466 ], [ 131.471140542135998, 33.315039973817001 ], [ 131.470612385773876, 33.314795664996623 ], [ 131.469691202845354, 33.313824047729575 ], [ 131.468398081977512, 33.312996059700978 ], [ 131.467749816735022, 33.313536000089535 ], [ 131.466858548341804, 33.313682781578962 ], [ 131.466897837119831, 33.315111512698614 ], [ 131.466324928280784, 33.315047270175214 ], [ 131.465343478796029, 33.314304655605206 ], [ 131.464897497157835, 33.314314286248482 ], [ 131.464104249133158, 33.314751479208688 ], [ 131.462213087235796, 33.314552730225138 ], [ 131.462348329066828, 33.315017410164835 ], [ 131.462127576253607, 33.315325762267932 ], [ 131.460367108451692, 33.31632445438273 ], [ 131.459781732620371, 33.317014944964029 ], [ 131.459864678416153, 33.317860370621098 ], [ 131.46019864391755, 33.318381623982113 ], [ 131.465667134836593, 33.321370170709372 ], [ 131.46573948278342, 33.322864092021355 ], [ 131.466425771426515, 33.322882085968409 ], [ 131.467353836528531, 33.32342895568717 ], [ 131.468046172722097, 33.323431489922328 ], [ 131.46854453368843, 33.323252158681349 ], [ 131.469848353639264, 33.323599567729026 ] ] ] } },
{ "type": "Feature", "properties": { "CITY_NAME": "別府市", "S_NAME": "大字鉄輪", "JINKO": 70, "medical_area": "44_東部医療圏", "町丁目名": "別府市大字鉄輪" }, "geometry": { "type": "Polygon", "coordinates": [ [ [ 131.479376376407174, 33.317337866392521 ], [ 131.479338903912236, 33.317209011088387 ], [ 131.479824581770771, 33.317105211887267 ], [ 131.479202636278842, 33.316859759313431 ], [ 131.479356016536741, 33.315781954821453 ], [ 131.478798591624582, 33.315677068742332 ], [ 131.478797467879161, 33.315496627390651 ], [ 131.478356412301395, 33.315800119593256 ], [ 131.477848211612923, 33.3158572728859 ], [ 131.47785146861446, 33.316242774061813 ], [ 131.478044048570979, 33.316192329193228 ], [ 131.4787862731838, 33.316644890067039 ], [ 131.478602327788252, 33.317074365621089 ], [ 131.478363681656077, 33.317117589302619 ], [ 131.478433428972181, 33.317250744571972 ], [ 131.478961826278862, 33.317278147789551 ], [ 131.478951912087098, 33.317465850730464 ], [ 131.478702607246902, 33.317569876854591 ], [ 131.480422717096047, 33.318194227164277 ], [ 131.479963927180449, 33.317434179263692 ], [ 131.479376376407174, 33.317337866392521 ] ] ] } },
{ "type": "Feature", "properties": { "CITY_NAME": "別府市", "S_NAME": "大字鉄輪", "JINKO": 1571, "medical_area": "44_東部医療圏", "町丁目名": "別府市大字鉄輪" }, "geometry": { "type": "Polygon", "coordinates": [ [ [ 131.486632445199859, 33.320204065818722 ], [ 131.48689930047982, 33.319587215962137 ], [ 131.485967613471047, 33.319308946489784 ], [ 131.486302990084454, 33.318405234884217 ], [ 131.486013943196895, 33.318631473360284 ], [ 131.483908942925666, 33.318935401376926 ], [ 131.48349791948101, 33.318021719759031 ], [ 131.48392406702996, 33.317139946714214 ], [ 131.484699488400878, 33.316635630363685 ], [ 131.485157578289943, 33.316074786162211 ], [ 131.485343284484514, 33.314794036645857 ], [ 131.484853525453502, 33.313596209051624 ], [ 131.484973950152096, 33.31294236039863 ], [ 131.485699926192012, 33.312598733428679 ], [ 131.485497334832388, 33.312194188526938 ], [ 131.484937953541589, 33.312500320532251 ], [ 131.484208528096161, 33.312527123484067 ], [ 131.483562735350176, 33.312814103085621 ], [ 131.482622541971011, 33.312637533688232 ], [ 131.482173284622917, 33.312984251875243 ], [ 131.48154608713125, 33.312995143097837 ], [ 131.480425516630135, 33.31356277210449 ], [ 131.480128273489356, 33.314097615676843 ], [ 131.479669938685475, 33.31431621985675 ], [ 131.479584198764798, 33.314584103351677 ], [ 131.478680294888733, 33.314607746926363 ], [ 131.478388355778606, 33.314761598501086 ], [ 131.478770301288534, 33.315112524746063 ], [ 131.478798591624582, 33.315677068742332 ], [ 131.479356016536741, 33.315781954821453 ], [ 131.479202636278842, 33.316859759313431 ], [ 131.479824581770828, 33.317105211887281 ], [ 131.479338903912293, 33.317209011088387 ], [ 131.479376376407203, 33.317337866392521 ], [ 131.479963927180449, 33.317434179263692 ], [ 131.480675659242138, 33.318435439484922 ], [ 131.48076654376132, 33.318799777763168 ], [ 131.481270899798972, 33.319006231253411 ], [ 131.481356222800258, 33.319267811328544 ], [ 131.482361005536262, 33.319582173295728 ], [ 131.482707368776317, 33.320030015770534 ], [ 131.483850367178235, 33.319856556534255 ], [ 131.486632445199859, 33.320204065818722 ] ] ] } },
{ "type": "Feature", "properties": { "CITY_NAME": "別府市", "S_NAME": "大字鉄輪", "JINKO": 904, "medical_area": "44_東部医療圏", "町丁目名": "別府市大字鉄輪" }, "geometry": { "type": "Polygon", "coordinates": [ [ [ 131.476865094364882, 33.324725289519911 ], [ 131.476668933775699, 33.323655119295076 ], [ 131.477161051173738, 33.323548049577042 ], [ 131.477963462537872, 33.322815169426683 ], [ 131.478482473194362, 33.322777130052238 ], [ 131.479088190168426, 33.321985718225399 ], [ 131.479868806981614, 33.322484983305401 ], [ 131.480406363582745, 33.322088749171996 ], [ 131.480700202531096, 33.321564860805076 ], [ 131.480640643317258, 33.321202116344608 ], [ 131.481223723226719, 33.320922079900889 ], [ 131.481657388456512, 33.320450867958193 ], [ 131.48149275235042, 33.320328615114384 ], [ 131.481650759704593, 33.320130502752583 ], [ 131.48155515899154, 33.319785127078006 ], [ 131.48132237168025, 33.319699171892886 ], [ 131.481270899798972, 33.319006231253411 ], [ 131.48076654376132, 33.318799777763168 ], [ 131.480675659242138, 33.318435439484922 ], [ 131.480422717096076, 33.318194227164277 ], [ 131.478641748008499, 33.317663944934516 ], [ 131.4783983572963, 33.317646499726436 ], [ 131.47842829626714, 33.317909495404074 ], [ 131.478714332569155, 33.318105318750163 ], [ 131.479266705198569, 33.319106285823558 ], [ 131.478503360120584, 33.318997652959446 ], [ 131.477480567637087, 33.319141436274791 ], [ 131.477532837618014, 33.31868305695631 ], [ 131.477286220012274, 33.318673901620784 ], [ 131.477203096164516, 33.318306181420354 ], [ 131.476889502470954, 33.318270931892449 ], [ 131.477079864414861, 33.318830838431467 ], [ 131.475744345579727, 33.318883349914898 ], [ 131.475809033981221, 33.319438323711566 ], [ 131.474816284199704, 33.319326490066437 ], [ 131.474682583514152, 33.319129195341588 ], [ 131.474780504439593, 33.318591530546392 ], [ 131.473629468871735, 33.318337368622906 ], [ 131.472944895828505, 33.317597527735614 ], [ 131.471707838359521, 33.318037413804817 ], [ 131.471454788882198, 33.317854372522881 ], [ 131.470789071171794, 33.317963624001749 ], [ 131.471510800682466, 33.319085893729032 ], [ 131.472732393672459, 33.319348903924563 ], [ 131.473867320310518, 33.320387407032598 ], [ 131.47372759897803, 33.320648661748486 ], [ 131.473745890887955, 33.324048994193681 ], [ 131.474312900288425, 33.324936665881836 ], [ 131.474894319430888, 33.324699288352811 ], [ 131.475570852153538, 33.325439866993811 ], [ 131.476590386001618, 33.325000839431738 ], [ 131.476865094364882, 33.324725289519911 ] ] ] } },
{ "type": "Feature", "properties": { "CITY_NAME": "別府市", "S_NAME": "大字東山", "JINKO": 75, "medical_area": "44_東部医療圏", "町丁目名": "別府市大字東山" }, "geometry": { "type": "Polygon", "coordinates": [ [ [ 131.446978606453598, 33.275929100844088 ], [ 131.446017141017364, 33.275485954771241 ], [ 131.446909571868474, 33.270352454905741 ], [ 131.445578340263893, 33.267097904704734 ], [ 131.447164069752489, 33.267046171955776 ], [ 131.449236729531151, 33.26618212516631 ], [ 131.450029419838756, 33.266392882566642 ], [ 131.450652908288987, 33.266293567985699 ], [ 131.45184270386352, 33.264268869315273 ], [ 131.450853532337476, 33.264722299709241 ], [ 131.450180066754797, 33.264609558642057 ], [ 131.449605211077937, 33.26427664823423 ], [ 131.448965624619035, 33.263483402982871 ], [ 131.448103243138689, 33.26176460577188 ], [ 131.441815847612503, 33.261446657809714 ], [ 131.440081566237836, 33.260971252656923 ], [ 131.439304940249031, 33.260147039618822 ], [ 131.437281078451321, 33.260295418763917 ], [ 131.435733702267555, 33.259808828189577 ], [ 131.433079522693845, 33.26113899885037 ], [ 131.432978394177411, 33.260147389304791 ], [ 131.432523781397975, 33.259868389605003 ], [ 131.432385055666316, 33.259382162714715 ], [ 131.431964579111622, 33.259113061227637 ], [ 131.431297445826942, 33.259612092085469 ], [ 131.431089021529914, 33.25949939137346 ], [ 131.429519027799472, 33.260003329618392 ], [ 131.427581862620116, 33.260139185542968 ], [ 131.427167436219605, 33.259491799902982 ], [ 131.425694514954387, 33.259301557003234 ], [ 131.424469535407411, 33.259642016893551 ], [ 131.423684173705965, 33.260111146582652 ], [ 131.423327419154191, 33.261099571030023 ], [ 131.423223743008094, 33.262342046407596 ], [ 131.422400667444123, 33.263028274017429 ], [ 131.422300280990186, 33.264260643830184 ], [ 131.421747858600867, 33.264962851376787 ], [ 131.421656936540501, 33.265433672714579 ], [ 131.421103969185367, 33.265912879415708 ], [ 131.420642689999028, 33.266652110321502 ], [ 131.419585924508567, 33.267320214912147 ], [ 131.419729995801731, 33.267512222965848 ], [ 131.421292584300602, 33.268098884222937 ], [ 131.422381311807072, 33.268772318120597 ], [ 131.424157619603733, 33.269400277128305 ], [ 131.426171370017528, 33.268583315554217 ], [ 131.427161410893291, 33.268518938009358 ], [ 131.427524773438023, 33.269251026597864 ], [ 131.426670130249391, 33.270557161088647 ], [ 131.426690845036546, 33.270837756544253 ], [ 131.426976099673226, 33.271081917716558 ], [ 131.427815496057121, 33.270803443463514 ], [ 131.4286233086099, 33.270796999619677 ], [ 131.428806622141821, 33.270715626972695 ], [ 131.429085558143726, 33.270050130425965 ], [ 131.429660970689014, 33.269779928824477 ], [ 131.430454226613961, 33.269729124576251 ], [ 131.430618466699684, 33.268974291391103 ], [ 131.431430769248522, 33.268030455509006 ], [ 131.431613060993811, 33.267998036534834 ], [ 131.432000288653342, 33.268185106187637 ], [ 131.432063632773492, 33.268394235533989 ], [ 131.431756106042229, 33.269201275026994 ], [ 131.432156778262026, 33.269587183837338 ], [ 131.432209504162216, 33.270173163437988 ], [ 131.432671553009101, 33.270370429363474 ], [ 131.432922397156602, 33.272580739780693 ], [ 131.436963690141965, 33.274595398774451 ], [ 131.436956059858659, 33.275371991528679 ], [ 131.43740973363839, 33.275962566421583 ], [ 131.441234429760982, 33.275842500760184 ], [ 131.442884802386089, 33.276530798046316 ], [ 131.445407551351167, 33.277191744100662 ], [ 131.446978606453598, 33.275929100844088 ] ] ] } },
{ "type": "Feature", "properties": { "CITY_NAME": "別府市", "S_NAME": "大字東山", "JINKO": 71, "medical_area": "44_東部医療圏", "町丁目名": "別府市大字東山" }, "geometry": { "type": "Polygon", "coordinates": [ [ [ 131.451842703863463, 33.264268869315288 ], [ 131.451304874581723, 33.263592245146171 ], [ 131.451439250113992, 33.262706894581008 ], [ 131.451548139038891, 33.262546727717705 ], [ 131.452475971393199, 33.262340636220479 ], [ 131.452574074252368, 33.261369684506654 ], [ 131.453289056616569, 33.26036296622317 ], [ 131.454152427108397, 33.259904155361092 ], [ 131.454179278354076, 33.259484831125413 ], [ 131.455021500204765, 33.257959977231195 ], [ 131.453801088263447, 33.255508001341497 ], [ 131.453686183367239, 33.253825387590055 ], [ 131.453106938761493, 33.252841768007038 ], [ 131.452683847818804, 33.252526553755011 ], [ 131.453756276639353, 33.252131162913059 ], [ 131.4548511834453, 33.251492013128924 ], [ 131.455237847419681, 33.250891353604587 ], [ 131.455243912478721, 33.25023616005236 ], [ 131.454803725186224, 33.249841460532771 ], [ 131.454197101526518, 33.249595061381001 ], [ 131.452484428868274, 33.249333563357474 ], [ 131.446276355281725, 33.249325275521834 ], [ 131.445838488352592, 33.249143264051021 ], [ 131.445169284086234, 33.248227796659151 ], [ 131.444377476159218, 33.248245898190227 ], [ 131.44431246964308, 33.247993727569998 ], [ 131.444645074267953, 33.246283048523921 ], [ 131.445197846142179, 33.245806853239053 ], [ 131.445257413323162, 33.244988217742289 ], [ 131.446239844138006, 33.243986539482634 ], [ 131.447236377325396, 33.242174039193984 ], [ 131.447506126298293, 33.241530576647619 ], [ 131.447619715426356, 33.240604657971069 ], [ 131.448575135511135, 33.240555344359208 ], [ 131.448764893510628, 33.240286934971557 ], [ 131.44880703795252, 33.239628996946159 ], [ 131.449597859983641, 33.239427267869367 ], [ 131.450015940205702, 33.239146037940984 ], [ 131.450082239301054, 33.238630586276813 ], [ 131.44970858718122, 33.238242299857028 ], [ 131.449668985737333, 33.237991271090245 ], [ 131.450907531578935, 33.237432936308906 ], [ 131.451063571345884, 33.236479226326544 ], [ 131.45146143934457, 33.235618020178883 ], [ 131.451399167363633, 33.235425036126372 ], [ 131.449717711660924, 33.235543825805969 ], [ 131.447517812356494, 33.234672669621382 ], [ 131.444635057600607, 33.234386740326379 ], [ 131.44336081309001, 33.233190172827193 ], [ 131.442358838527639, 33.232804115190604 ], [ 131.441259018945459, 33.233529302629513 ], [ 131.441077925908871, 33.234090243666046 ], [ 131.441252317226201, 33.235248847909617 ], [ 131.44005072426026, 33.236306059660784 ], [ 131.440828220344059, 33.237005283503201 ], [ 131.440624509598507, 33.237643580761272 ], [ 131.440387362865692, 33.237728148315369 ], [ 131.439841889898133, 33.237453138000369 ], [ 131.439612380663078, 33.237531227784459 ], [ 131.438681576211451, 33.239440451910056 ], [ 131.437761684865933, 33.240156793635023 ], [ 131.436642518131919, 33.240160711071049 ], [ 131.436333843812633, 33.241217017956536 ], [ 131.435370677785613, 33.240834778921972 ], [ 131.434811713478553, 33.241522469767403 ], [ 131.434025753752735, 33.24146727702859 ], [ 131.433190904945235, 33.242118866221908 ], [ 131.431956348903412, 33.242225063780509 ], [ 131.43130377714985, 33.242954769180656 ], [ 131.430046337583178, 33.242894221657771 ], [ 131.429584976767813, 33.243257228157219 ], [ 131.429268334220211, 33.243897722963247 ], [ 131.428331575146586, 33.244021409379116 ], [ 131.426606701066675, 33.245352460634187 ], [ 131.425936480162221, 33.244729240879884 ], [ 131.425430407728868, 33.244971900189249 ], [ 131.424702235293665, 33.244909513957744 ], [ 131.423319375372756, 33.246276405658165 ], [ 131.422638642915643, 33.248025479169677 ], [ 131.422286226428554, 33.248128611944395 ], [ 131.421380609553012, 33.247853671254504 ], [ 131.42051877642686, 33.248977228551531 ], [ 131.420412647277686, 33.249387080244439 ], [ 131.420815623841406, 33.249430226176884 ], [ 131.421774204227432, 33.248427283317547 ], [ 131.42218803845816, 33.248342082735007 ], [ 131.422487138743634, 33.248619056227874 ], [ 131.422868055701741, 33.249850229471527 ], [ 131.422604635411602, 33.250110596356073 ], [ 131.422271702875207, 33.249566496041822 ], [ 131.4219636921176, 33.249517696996733 ], [ 131.422036789612946, 33.250068950899468 ], [ 131.421695429101504, 33.251174687220271 ], [ 131.421823444294006, 33.251569977956613 ], [ 131.422751482313004, 33.252154172174151 ], [ 131.423457911124643, 33.251768531807642 ], [ 131.427154589194686, 33.25279510661921 ], [ 131.428043977826206, 33.252124444880479 ], [ 131.428502064967859, 33.252271787049274 ], [ 131.429093731973296, 33.251928773342875 ], [ 131.429892900111895, 33.251992883869285 ], [ 131.43023538433269, 33.251582191913499 ], [ 131.430486098630752, 33.250900693303414 ], [ 131.430979400184981, 33.251149366832045 ], [ 131.432042692491677, 33.251041310362908 ], [ 131.432347208154368, 33.251167875443308 ], [ 131.432593303247131, 33.251754387530987 ], [ 131.431358308407368, 33.252475323193465 ], [ 131.431153284936414, 33.253011964504999 ], [ 131.430706532706949, 33.25565574400197 ], [ 131.430820209851163, 33.256768718504617 ], [ 131.431154602791935, 33.257759942052132 ], [ 131.43101853964157, 33.258788062283379 ], [ 131.431107989829599, 33.259545463531595 ], [ 131.431297445826914, 33.259612092085469 ], [ 131.431899867363683, 33.259120442790262 ], [ 131.432385055666316, 33.259382162714715 ], [ 131.432451816898237, 33.259787044977962 ], [ 131.432978394177411, 33.260147389304791 ], [ 131.433079522693845, 33.26113899885037 ], [ 131.435733702267555, 33.259808828189577 ], [ 131.437281078451321, 33.260295418763917 ], [ 131.439304940249031, 33.260147039618822 ], [ 131.440081566237836, 33.260971252656923 ], [ 131.441042722745948, 33.261323766326633 ], [ 131.442688527057214, 33.261548271488067 ], [ 131.448103243138661, 33.26176460577188 ], [ 131.448965624619007, 33.263483402982871 ], [ 131.449605211077909, 33.26427664823423 ], [ 131.450180066754797, 33.26460955864205 ], [ 131.450853532337447, 33.264722299709248 ], [ 131.451842703863463, 33.264268869315288 ] ] ] } },
{ "type": "Feature", "properties": { "CITY_NAME": "別府市", "S_NAME": "大字東山", "JINKO": 45, "medical_area": "44_東部医療圏", "町丁目名": "別府市大字東山" }, "geometry": { "type": "Polygon", "coordinates": [ [ [ 131.427581862620116, 33.260139185542968 ], [ 131.429519027799444, 33.260003329618399 ], [ 131.431089021529914, 33.25949939137346 ], [ 131.431154602791935, 33.257759942052139 ], [ 131.430820209851163, 33.256768718504617 ], [ 131.430706532706949, 33.255655744001977 ], [ 131.430806053367348, 33.254782960557307 ], [ 131.431358308407368, 33.252475323193465 ], [ 131.43259330324716, 33.251754387531001 ], [ 131.432347208154368, 33.251167875443315 ], [ 131.432042692491677, 33.251041310362908 ], [ 131.430979400184896, 33.251149366832031 ], [ 131.430486098630752, 33.250900693303429 ], [ 131.430235384332747, 33.251582191913478 ], [ 131.429892900111867, 33.251992883869292 ], [ 131.429093731973296, 33.251928773342875 ], [ 131.428502064967859, 33.252271787049274 ], [ 131.428043977826206, 33.252124444880494 ], [ 131.427154589194743, 33.25279510661921 ], [ 131.423457911124643, 33.25176853180767 ], [ 131.422866516633349, 33.252163118240894 ], [ 131.419601880035685, 33.253003021134916 ], [ 131.419580244007079, 33.253870976194364 ], [ 131.418796428255433, 33.254654684506754 ], [ 131.419124245254721, 33.255695023168727 ], [ 131.418861978024722, 33.256200344667988 ], [ 131.419616597891888, 33.257391134323818 ], [ 131.420636199751499, 33.259969595283444 ], [ 131.420614519872231, 33.260826681588547 ], [ 131.420379644796952, 33.261657381921871 ], [ 131.42099837183838, 33.261438312260019 ], [ 131.421448588003358, 33.261078794486771 ], [ 131.421863018861274, 33.261337745238507 ], [ 131.42227960134494, 33.262030628688457 ], [ 131.422400667444037, 33.263028274017429 ], [ 131.423223743008094, 33.262342046407618 ], [ 131.423327419154191, 33.261099571030023 ], [ 131.423684173705965, 33.260111146582652 ], [ 131.424469535407411, 33.259642016893551 ], [ 131.425694514954387, 33.259301557003234 ], [ 131.426211075523668, 33.259310645952219 ], [ 131.427335727306655, 33.259578016349728 ], [ 131.427300408449639, 33.259830213299978 ], [ 131.427581862620116, 33.260139185542968 ] ] ] } },
{ "type": "Feature", "properties": { "CITY_NAME": "別府市", "S_NAME": "大字東山", "JINKO": 19, "medical_area": "44_東部医療圏", "町丁目名": "別府市大字東山" }, "geometry": { "type": "Polygon", "coordinates": [ [ [ 131.412316281273718, 33.254889036238204 ], [ 131.422866516633349, 33.252163118240887 ], [ 131.422281307379734, 33.251932974569606 ], [ 131.421707259113219, 33.251314857203639 ], [ 131.421723448377804, 33.250831848764349 ], [ 131.422036789612946, 33.250068950899468 ], [ 131.4219636921176, 33.249517696996733 ], [ 131.422271702875207, 33.249566496041822 ], [ 131.422604635411602, 33.250110596356073 ], [ 131.422780801803725, 33.25004513776679 ], [ 131.422911294761803, 33.249664754216447 ], [ 131.422331761041164, 33.24841572330002 ], [ 131.421774204227432, 33.248427283317547 ], [ 131.420874851542976, 33.249403307810248 ], [ 131.42039548083261, 33.249339059804235 ], [ 131.420803823847081, 33.248524925343006 ], [ 131.421380609553012, 33.247853671254504 ], [ 131.422286226428554, 33.248128611944395 ], [ 131.422638642915643, 33.248025479169677 ], [ 131.423319375372756, 33.246276405658165 ], [ 131.424592264344, 33.244974753839536 ], [ 131.425430407728868, 33.244971900189249 ], [ 131.425936480162221, 33.244729240879884 ], [ 131.426606701066675, 33.245352460634187 ], [ 131.428331575146586, 33.244021409379116 ], [ 131.429268334220211, 33.243897722963247 ], [ 131.429584976767813, 33.243257228157219 ], [ 131.430046337583178, 33.242894221657771 ], [ 131.43130377714985, 33.242954769180656 ], [ 131.431956348903412, 33.242225063780509 ], [ 131.433190904945235, 33.242118866221908 ], [ 131.434025753752735, 33.24146727702859 ], [ 131.434811713478553, 33.241522469767403 ], [ 131.435370677785613, 33.240834778921972 ], [ 131.436333843812633, 33.241217017956536 ], [ 131.436642518131919, 33.240160711071049 ], [ 131.437761684865933, 33.240156793635023 ], [ 131.438681576211451, 33.239440451910056 ], [ 131.438853351848394, 33.238982919847032 ], [ 131.436587736269786, 33.238768687086797 ], [ 131.435435991793213, 33.238321911315012 ], [ 131.434781958638609, 33.238559241180901 ], [ 131.434344976110538, 33.238522120637384 ], [ 131.433845160778873, 33.238146326314691 ], [ 131.433488381842807, 33.237538788223901 ], [ 131.432424205956494, 33.236962036734766 ], [ 131.432269836575585, 33.236410411951994 ], [ 131.430986281511622, 33.235749442943174 ], [ 131.430261269538533, 33.235624519740888 ], [ 131.429184137396618, 33.235840596337596 ], [ 131.427600132357384, 33.235746925295409 ], [ 131.426941972260124, 33.235508507805946 ], [ 131.425240280933593, 33.235457674371439 ], [ 131.424093798065655, 33.235263366970109 ], [ 131.42238954121791, 33.234688701639797 ], [ 131.421781359368794, 33.23433681089324 ], [ 131.419683654271466, 33.234251871453729 ], [ 131.410083946801933, 33.242326949195018 ], [ 131.412316281273718, 33.254889036238204 ] ] ] } },
{ "type": "Feature", "properties": { "CITY_NAME": "別府市", "S_NAME": null, "JINKO": 0, "medical_area": "44_東部医療圏", "町丁目名": "別府市" }, "geometry": { "type": "Polygon", "coordinates": [ [ [ 131.510347533135047, 33.348245106285773 ], [ 131.517826583553983, 33.265225029362099 ], [ 131.517290964869176, 33.265318641986234 ], [ 131.515525004017718, 33.265792970490175 ], [ 131.512922889358805, 33.267310869092412 ], [ 131.512753440077688, 33.267251018442131 ], [ 131.511166742144184, 33.270307097422055 ], [ 131.511551099749312, 33.270496694785813 ], [ 131.510713254777016, 33.270219701246866 ], [ 131.510544792499672, 33.270591884369665 ], [ 131.510299013904813, 33.270601906749221 ], [ 131.510490481363547, 33.270668750788971 ], [ 131.510311251745378, 33.271035566879974 ], [ 131.511352247228587, 33.271361323438043 ], [ 131.511994541092349, 33.270522825028863 ], [ 131.512205423801589, 33.270419160111025 ], [ 131.511400842365248, 33.271410717694962 ], [ 131.510692455531142, 33.271245010223005 ], [ 131.510619153740436, 33.27137154767447 ], [ 131.509916750861578, 33.271125558910278 ], [ 131.509771135885501, 33.271369615003351 ], [ 131.510314397568436, 33.271570269109532 ], [ 131.510002644573404, 33.271492186821476 ], [ 131.509803683518044, 33.271792378305776 ], [ 131.510102496642645, 33.272043625781883 ], [ 131.510264259085886, 33.271807607391004 ], [ 131.510562825695786, 33.271654014507092 ], [ 131.510079084284143, 33.27207707897437 ], [ 131.510150544902217, 33.272185886273604 ], [ 131.510015209673838, 33.272167510996745 ], [ 131.508850345380438, 33.273965763431043 ], [ 131.508392253637311, 33.275298533579857 ], [ 131.509031432548682, 33.275377070359326 ], [ 131.508507328407205, 33.275335924762338 ], [ 131.508470254413851, 33.27559938341701 ], [ 131.508777357741053, 33.275618853254528 ], [ 131.508476822704466, 33.275625507511158 ], [ 131.50829457191827, 33.277311500756518 ], [ 131.509277331502716, 33.277034281770753 ], [ 131.509495094618387, 33.274993745013724 ], [ 131.509598151505685, 33.274998747341307 ], [ 131.509379559928647, 33.277076233621699 ], [ 131.508260622450905, 33.277378368168137 ], [ 131.508001074261927, 33.277603954988251 ], [ 131.507473824202549, 33.27757905548345 ], [ 131.507272453245037, 33.279119974193698 ], [ 131.507967143868939, 33.279143278423732 ], [ 131.508253075945959, 33.27792212847438 ], [ 131.508527828014877, 33.27772983463484 ], [ 131.508304715080783, 33.277939951428131 ], [ 131.507142987493438, 33.282823528578504 ], [ 131.506203695752788, 33.282647840529982 ], [ 131.505192973750013, 33.28573127632017 ], [ 131.506172061870245, 33.285939087683609 ], [ 131.505243072960781, 33.288827020037637 ], [ 131.504168471831861, 33.288693177101884 ], [ 131.504085158244919, 33.289083471282815 ], [ 131.505286989556652, 33.289199168687411 ], [ 131.504522310445367, 33.289153570861089 ], [ 131.504324615910122, 33.290058820351163 ], [ 131.504496965051942, 33.290157319012891 ], [ 131.505278805518969, 33.290195641165248 ], [ 131.505649782990133, 33.28936363079351 ], [ 131.505835637138318, 33.28920056468921 ], [ 131.505315582878126, 33.290246005542116 ], [ 131.50443385999381, 33.290203559624842 ], [ 131.503542199992751, 33.294973880657309 ], [ 131.503387127678906, 33.297143236894726 ], [ 131.505779533703446, 33.298455474770641 ], [ 131.506509674884541, 33.299568876858771 ], [ 131.505730407949471, 33.298505271252075 ], [ 131.505422081643502, 33.298666165416279 ], [ 131.503985289364863, 33.297902797684841 ], [ 131.503448355831949, 33.297894160317824 ], [ 131.503444910794173, 33.298039335609161 ], [ 131.503775835368259, 33.298080369822273 ], [ 131.50344392904509, 33.298058291142738 ], [ 131.503433626689144, 33.298506501145326 ], [ 131.503683094432603, 33.298569527088603 ], [ 131.50343377668932, 33.298532635222571 ], [ 131.503422695557418, 33.299035868026415 ], [ 131.503921630765973, 33.298970721568388 ], [ 131.503923667184608, 33.299325113027791 ], [ 131.504149281745697, 33.299345823117967 ], [ 131.503969870361317, 33.299518803237738 ], [ 131.504943353754925, 33.299996369206859 ], [ 131.504933251461637, 33.300485190318682 ], [ 131.503627326970303, 33.300077484511981 ], [ 131.503396310344357, 33.300051368821585 ], [ 131.50354454725985, 33.300249154234777 ], [ 131.50316764650313, 33.300245257458336 ], [ 131.503160026024773, 33.301168710168319 ], [ 131.50349916003799, 33.301322429637665 ], [ 131.503160734678886, 33.301292241077277 ], [ 131.50435933025193, 33.301888840176559 ], [ 131.504290366383543, 33.306873055325369 ], [ 131.503286243747141, 33.306866324333413 ], [ 131.502908513335882, 33.307102309694379 ], [ 131.502257757801459, 33.306919173241923 ], [ 131.502254536144648, 33.307198338220346 ], [ 131.502891878833708, 33.307244154105895 ], [ 131.50227419702793, 33.311086062063978 ], [ 131.501670580202727, 33.311080402874659 ], [ 131.502004134962448, 33.311190855927478 ], [ 131.501669840651203, 33.312441108495371 ], [ 131.502349964519965, 33.314176892555047 ], [ 131.502465000507101, 33.314941979219952 ], [ 131.502320470601944, 33.315211288770115 ], [ 131.502457999397848, 33.315409112001547 ], [ 131.501885175185322, 33.316086808456816 ], [ 131.500948468009796, 33.316615427809737 ], [ 131.500402829934387, 33.317354332995968 ], [ 131.500086866251962, 33.319151450147125 ], [ 131.502615374367423, 33.321726117523767 ], [ 131.502562965678607, 33.321994729596234 ], [ 131.50185601689364, 33.323250201379174 ], [ 131.50071488537867, 33.324338911802556 ], [ 131.498934807920847, 33.32393026404052 ], [ 131.497892741646098, 33.325991170895506 ], [ 131.497522208369418, 33.327123391354995 ], [ 131.497373775807802, 33.327088835728276 ], [ 131.497251102351811, 33.327430181428028 ], [ 131.497891006547121, 33.327570095335084 ], [ 131.497879453703433, 33.327611598882939 ], [ 131.497244765609764, 33.327444612593126 ], [ 131.496884852686549, 33.327997933288472 ], [ 131.4975027397048, 33.328043219718282 ], [ 131.497788869283397, 33.332480149458668 ], [ 131.497539661385019, 33.32981135156097 ], [ 131.495956267152252, 33.329801448217275 ], [ 131.496006526109539, 33.33240991390435 ], [ 131.496921346676999, 33.332342219088922 ], [ 131.496416979950283, 33.332430816869255 ], [ 131.497388979938563, 33.339387232507988 ], [ 131.495228123963244, 33.339490537166128 ], [ 131.495002773244636, 33.339726797043681 ], [ 131.494889573102228, 33.340219593594497 ], [ 131.495312267345923, 33.343156569657275 ], [ 131.495514745761511, 33.343311094958025 ], [ 131.495747564264065, 33.344322548854009 ], [ 131.496423105290489, 33.345985298592488 ], [ 131.495702660751647, 33.34623124612866 ], [ 131.496196582628386, 33.346697457392295 ], [ 131.496825223957075, 33.347665305193424 ], [ 131.510347533135047, 33.348245106285773 ] ] ] } },
{ "type": "Feature", "properties": { "CITY_NAME": "別府市", "S_NAME": "石垣東一丁目", "JINKO": 1505, "medical_area": "44_東部医療圏", "町丁目名": "別府市石垣東一丁目" }, "geometry": { "type": "Polygon", "coordinates": [ [ [ 131.499708811353599, 33.288348019505698 ], [ 131.496250951802637, 33.288469495587712 ], [ 131.49605755453743, 33.290534096461435 ], [ 131.500599081674295, 33.29060633828108 ], [ 131.500939033279252, 33.288504778679652 ], [ 131.499708811353599, 33.288348019505698 ] ] ] } },
{ "type": "Feature", "properties": { "CITY_NAME": "別府市", "S_NAME": "石垣東二丁目", "JINKO": 817, "medical_area": "44_東部医療圏", "町丁目名": "別府市石垣東二丁目" }, "geometry": { "type": "Polygon", "coordinates": [ [ [ 131.500599081674295, 33.29060633828108 ], [ 131.49605755453743, 33.290534096461435 ], [ 131.495895112500307, 33.292256841164935 ], [ 131.500311752289832, 33.292753503362185 ], [ 131.500599081674295, 33.29060633828108 ] ] ] } },
{ "type": "Feature", "properties": { "CITY_NAME": "別府市", "S_NAME": "石垣東三丁目", "JINKO": 897, "medical_area": "44_東部医療圏", "町丁目名": "別府市石垣東三丁目" }, "geometry": { "type": "Polygon", "coordinates": [ [ [ 131.500311752289832, 33.292753503362185 ], [ 131.495895112500307, 33.292256841164935 ], [ 131.495699998162024, 33.294308989676082 ], [ 131.50023089166055, 33.29441445210535 ], [ 131.500311752289832, 33.292753503362185 ] ] ] } },
{ "type": "Feature", "properties": { "CITY_NAME": "別府市", "S_NAME": "石垣東四丁目", "JINKO": 657, "medical_area": "44_東部医療圏", "町丁目名": "別府市石垣東四丁目" }, "geometry": { "type": "Polygon", "coordinates": [ [ [ 131.50023089166055, 33.29441445210535 ], [ 131.495699998162024, 33.294308989676082 ], [ 131.495557867103827, 33.295832097586498 ], [ 131.500157137227859, 33.295929208654734 ], [ 131.50023089166055, 33.29441445210535 ] ] ] } },
{ "type": "Feature", "properties": { "CITY_NAME": "別府市", "S_NAME": "石垣東五丁目", "JINKO": 638, "medical_area": "44_東部医療圏", "町丁目名": "別府市石垣東五丁目" }, "geometry": { "type": "Polygon", "coordinates": [ [ [ 131.500157137227859, 33.295929208654734 ], [ 131.495557867103827, 33.295832097586498 ], [ 131.495417221313033, 33.29735749778952 ], [ 131.500083013041916, 33.29745195418942 ], [ 131.500157137227859, 33.295929208654734 ] ] ] } },
{ "type": "Feature", "properties": { "CITY_NAME": "別府市", "S_NAME": "石垣東六丁目", "JINKO": 1007, "medical_area": "44_東部医療圏", "町丁目名": "別府市石垣東六丁目" }, "geometry": { "type": "Polygon", "coordinates": [ [ [ 131.499736304901973, 33.299434428216017 ], [ 131.499756171028224, 33.298982198880203 ], [ 131.500009976394068, 33.298989246065069 ], [ 131.500083013041916, 33.29745195418942 ], [ 131.495417221313033, 33.29735749778952 ], [ 131.495255590893493, 33.29912011943749 ], [ 131.499356148093568, 33.299086067694681 ], [ 131.499369873185572, 33.299242129345998 ], [ 131.499736304901973, 33.299434428216017 ] ] ] } },
{ "type": "Feature", "properties": { "CITY_NAME": "別府市", "S_NAME": "石垣東七丁目", "JINKO": 896, "medical_area": "44_東部医療圏", "町丁目名": "別府市石垣東七丁目" }, "geometry": { "type": "Polygon", "coordinates": [ [ [ 131.499900087420116, 33.301097170466974 ], [ 131.500009976394068, 33.298989246065069 ], [ 131.499756171028224, 33.298982198880203 ], [ 131.499736304901973, 33.299434428216017 ], [ 131.499369873185572, 33.299242129345998 ], [ 131.499356148093568, 33.299086067694681 ], [ 131.495255590893493, 33.29912011943749 ], [ 131.495076924516439, 33.300972559999728 ], [ 131.499900087420116, 33.301097170466974 ] ] ] } },
{ "type": "Feature", "properties": { "CITY_NAME": "別府市", "S_NAME": "石垣東八丁目", "JINKO": 982, "medical_area": "44_東部医療圏", "町丁目名": "別府市石垣東八丁目" }, "geometry": { "type": "Polygon", "coordinates": [ [ [ 131.499900087420116, 33.301097170466974 ], [ 131.495076924516439, 33.300972559999728 ], [ 131.49493539332866, 33.30239598367281 ], [ 131.499827802280237, 33.302517069379661 ], [ 131.499900087420116, 33.301097170466974 ] ] ] } },
{ "type": "Feature", "properties": { "CITY_NAME": "別府市", "S_NAME": "石垣東九丁目", "JINKO": 339, "medical_area": "44_東部医療圏", "町丁目名": "別府市石垣東九丁目" }, "geometry": { "type": "Polygon", "coordinates": [ [ [ 131.499827802280237, 33.302517069379661 ], [ 131.49493539332866, 33.30239598367281 ], [ 131.494803073065924, 33.303849926641725 ], [ 131.499742977209934, 33.303957223087203 ], [ 131.499827802280237, 33.302517069379661 ] ] ] } },
{ "type": "Feature", "properties": { "CITY_NAME": "別府市", "S_NAME": "石垣東十丁目", "JINKO": 703, "medical_area": "44_東部医療圏", "町丁目名": "別府市石垣東十丁目" }, "geometry": { "type": "Polygon", "coordinates": [ [ [ 131.499742977209934, 33.303957223087203 ], [ 131.494803073065924, 33.303849926641725 ], [ 131.494615043876536, 33.306146540310053 ], [ 131.497677450147705, 33.306328724787285 ], [ 131.498612123419633, 33.306523281112213 ], [ 131.499608091036805, 33.307011882802932 ], [ 131.499742977209934, 33.303957223087203 ] ] ] } },
{ "type": "Feature", "properties": { "CITY_NAME": "別府市", "S_NAME": "石垣西一丁目", "JINKO": 268, "medical_area": "44_東部医療圏", "町丁目名": "別府市石垣西一丁目" }, "geometry": { "type": "Polygon", "coordinates": [ [ [ 131.49605755453743, 33.290534096461435 ], [ 131.496250951802637, 33.288469495587712 ], [ 131.492587942293653, 33.288924244240803 ], [ 131.492380623439459, 33.290439455441394 ], [ 131.49605755453743, 33.290534096461435 ] ] ] } },
{ "type": "Feature", "properties": { "CITY_NAME": "別府市", "S_NAME": "石垣西二丁目", "JINKO": 688, "medical_area": "44_東部医療圏", "町丁目名": "別府市石垣西二丁目" }, "geometry": { "type": "Polygon", "coordinates": [ [ [ 131.49605755453743, 33.290534096461435 ], [ 131.492380623439459, 33.290439455441394 ], [ 131.491792729213358, 33.292064298721549 ], [ 131.495895112500307, 33.292256841164935 ], [ 131.49605755453743, 33.290534096461435 ] ] ] } },
{ "type": "Feature", "properties": { "CITY_NAME": "別府市", "S_NAME": "石垣西三丁目", "JINKO": 904, "medical_area": "44_東部医療圏", "町丁目名": "別府市石垣西三丁目" }, "geometry": { "type": "Polygon", "coordinates": [ [ [ 131.495895112500307, 33.292256841164935 ], [ 131.491792729213358, 33.292064298721549 ], [ 131.491523462598877, 33.292756888467707 ], [ 131.491434946428996, 33.294211496256423 ], [ 131.495699998162024, 33.294308989676082 ], [ 131.495895112500307, 33.292256841164935 ] ] ] } },
{ "type": "Feature", "properties": { "CITY_NAME": "別府市", "S_NAME": "石垣西四丁目", "JINKO": 557, "medical_area": "44_東部医療圏", "町丁目名": "別府市石垣西四丁目" }, "geometry": { "type": "Polygon", "coordinates": [ [ [ 131.495699998162024, 33.294308989676082 ], [ 131.491434946428996, 33.294211496256423 ], [ 131.491406068866667, 33.295733356813166 ], [ 131.495557867103827, 33.295832097586498 ], [ 131.495699998162024, 33.294308989676082 ] ] ] } },
{ "type": "Feature", "properties": { "CITY_NAME": "別府市", "S_NAME": "石垣西五丁目", "JINKO": 489, "medical_area": "44_東部医療圏", "町丁目名": "別府市石垣西五丁目" }, "geometry": { "type": "Polygon", "coordinates": [ [ [ 131.495557867103827, 33.295832097586498 ], [ 131.491406068866667, 33.295733356813166 ], [ 131.491293556970362, 33.29726374326679 ], [ 131.495417221313033, 33.29735749778952 ], [ 131.495557867103827, 33.295832097586498 ] ] ] } },
{ "type": "Feature", "properties": { "CITY_NAME": "別府市", "S_NAME": "石垣西六丁目", "JINKO": 568, "medical_area": "44_東部医療圏", "町丁目名": "別府市石垣西六丁目" }, "geometry": { "type": "Polygon", "coordinates": [ [ [ 131.495417221313033, 33.29735749778952 ], [ 131.491293556970362, 33.29726374326679 ], [ 131.490850523014245, 33.299129106766649 ], [ 131.495255590893493, 33.29912011943749 ], [ 131.495417221313033, 33.29735749778952 ] ] ] } },
{ "type": "Feature", "properties": { "CITY_NAME": "別府市", "S_NAME": "石垣西七丁目", "JINKO": 510, "medical_area": "44_東部医療圏", "町丁目名": "別府市石垣西七丁目" }, "geometry": { "type": "Polygon", "coordinates": [ [ [ 131.495252932229988, 33.299214321361355 ], [ 131.490850523014245, 33.299129106766649 ], [ 131.490756677660983, 33.300850441340849 ], [ 131.495076924516439, 33.300972559999728 ], [ 131.495252932229988, 33.299214321361355 ] ] ] } },
{ "type": "Feature", "properties": { "CITY_NAME": "別府市", "S_NAME": "石垣西八丁目", "JINKO": 594, "medical_area": "44_東部医療圏", "町丁目名": "別府市石垣西八丁目" }, "geometry": { "type": "Polygon", "coordinates": [ [ [ 131.49378176111486, 33.30280565408578 ], [ 131.493824293019969, 33.302371719797485 ], [ 131.49493539332866, 33.30239598367281 ], [ 131.495076924516439, 33.300972559999728 ], [ 131.490756677660983, 33.300850441340849 ], [ 131.490671982361874, 33.302294694566896 ], [ 131.492956820717325, 33.302360663472982 ], [ 131.492939380423877, 33.302789105832247 ], [ 131.49378176111486, 33.30280565408578 ] ] ] } },
{ "type": "Feature", "properties": { "CITY_NAME": "別府市", "S_NAME": "石垣西九丁目", "JINKO": 539, "medical_area": "44_東部医療圏", "町丁目名": "別府市石垣西九丁目" }, "geometry": { "type": "Polygon", "coordinates": [ [ [ 131.494803073065924, 33.303849926641725 ], [ 131.49493539332866, 33.30239598367281 ], [ 131.493824293019969, 33.302371719797485 ], [ 131.49378176111486, 33.30280565408578 ], [ 131.492939380423877, 33.302789105832247 ], [ 131.492956820717325, 33.302360663472982 ], [ 131.490671982361874, 33.302294694566896 ], [ 131.490582674170298, 33.303734647354872 ], [ 131.494803073065924, 33.303849926641725 ] ] ] } },
{ "type": "Feature", "properties": { "CITY_NAME": "別府市", "S_NAME": "石垣西十丁目", "JINKO": 820, "medical_area": "44_東部医療圏", "町丁目名": "別府市石垣西十丁目" }, "geometry": { "type": "Polygon", "coordinates": [ [ [ 131.493029202279217, 33.306388594770411 ], [ 131.494615043876536, 33.306146540310053 ], [ 131.494803073065924, 33.303849926641725 ], [ 131.490582674170298, 33.303734647354872 ], [ 131.490277312172935, 33.307894021584666 ], [ 131.493029202279217, 33.306388594770411 ] ] ] } },
{ "type": "Feature", "properties": { "CITY_NAME": "杵築市", "S_NAME": "大字杵築", "JINKO": 4130, "medical_area": "44_東部医療圏", "町丁目名": "杵築市大字杵築" }, "geometry": { "type": "Polygon", "coordinates": [ [ [ 131.618022394043408, 33.42464114790485 ], [ 131.620382067248528, 33.424579758070124 ], [ 131.623249032903374, 33.422678955773627 ], [ 131.627931641494229, 33.420376803077716 ], [ 131.630354814674774, 33.419714904098257 ], [ 131.635028026212751, 33.421055725386779 ], [ 131.634526094659833, 33.41492841911284 ], [ 131.62772271581585, 33.413369449138116 ], [ 131.625632049804295, 33.413617607347362 ], [ 131.623232790863028, 33.413470277408749 ], [ 131.622880002672076, 33.414844415075194 ], [ 131.622044997736651, 33.41522559506214 ], [ 131.620351360736976, 33.415529134219696 ], [ 131.619234337525967, 33.416059678079357 ], [ 131.617961026385615, 33.416117905084661 ], [ 131.617052639535245, 33.416349472830284 ], [ 131.616617093086205, 33.416708623483018 ], [ 131.615849336396593, 33.416811023632306 ], [ 131.61491275498696, 33.417661583310114 ], [ 131.614575515964248, 33.417620527817931 ], [ 131.614529762470482, 33.417803385622335 ], [ 131.614269273616657, 33.417888751556909 ], [ 131.610854400616063, 33.41762332096372 ], [ 131.609660705335216, 33.418700358521505 ], [ 131.608034017640819, 33.419440806933281 ], [ 131.606040835664771, 33.419749922985197 ], [ 131.605918708254052, 33.419577786661172 ], [ 131.605399006989927, 33.419826461737848 ], [ 131.606322657232681, 33.422932388698335 ], [ 131.605734279093753, 33.423854477704822 ], [ 131.60716095405698, 33.423287914770924 ], [ 131.607938244181923, 33.422677284618395 ], [ 131.608481004949738, 33.422607418788161 ], [ 131.609053274086364, 33.421975385227732 ], [ 131.610501380438677, 33.421338868478955 ], [ 131.612011590235369, 33.422471888974044 ], [ 131.612859328561143, 33.422721633215744 ], [ 131.613377946523656, 33.422456098801597 ], [ 131.615795410265008, 33.422103248464694 ], [ 131.617008494880196, 33.423199009577388 ], [ 131.618022394043408, 33.42464114790485 ] ] ] } },
{ "type": "Feature", "properties": { "CITY_NAME": "杵築市", "S_NAME": "大字南杵築", "JINKO": 3289, "medical_area": "44_東部医療圏", "町丁目名": "杵築市大字南杵築" }, "geometry": { "type": "Polygon", "coordinates": [ [ [ 131.602146944295328, 33.423973280318172 ], [ 131.603007430438112, 33.423476190365143 ], [ 131.603547851510513, 33.422739796848575 ], [ 131.603907847393401, 33.421675684170587 ], [ 131.603643407427484, 33.420769731808512 ], [ 131.605360227642791, 33.419843136482648 ], [ 131.605918708254052, 33.419577786661172 ], [ 131.606040835664771, 33.419749922985197 ], [ 131.608034017640819, 33.419440806933281 ], [ 131.609660705335216, 33.418700358521505 ], [ 131.610854400616063, 33.41762332096372 ], [ 131.614269273616657, 33.417888751556909 ], [ 131.614529762470482, 33.417803385622335 ], [ 131.614575515964248, 33.417620527817931 ], [ 131.61491275498696, 33.417661583310114 ], [ 131.615849336396593, 33.416811023632306 ], [ 131.616617093086205, 33.416708623483018 ], [ 131.617052639535245, 33.416349472830284 ], [ 131.617961026385615, 33.416117905084661 ], [ 131.619234337525967, 33.416059678079357 ], [ 131.620351360736976, 33.415529134219696 ], [ 131.622044997736651, 33.41522559506214 ], [ 131.622880002672076, 33.414844415075194 ], [ 131.623232790863028, 33.413470277408749 ], [ 131.621188042377469, 33.412984191822218 ], [ 131.619781417102644, 33.412315502262913 ], [ 131.613367829622803, 33.408516212225436 ], [ 131.610994102425281, 33.407456750850379 ], [ 131.607447214599802, 33.406706002747086 ], [ 131.604803730697597, 33.407068876679659 ], [ 131.603043817872845, 33.407540496897205 ], [ 131.602714309555409, 33.407717087608241 ], [ 131.602457535904875, 33.408110931613777 ], [ 131.602136145305167, 33.408731328056888 ], [ 131.602008529445413, 33.40940622053553 ], [ 131.602184981012613, 33.409904684648929 ], [ 131.602940203811471, 33.41056891273734 ], [ 131.602924607059435, 33.411256083959017 ], [ 131.602636165932182, 33.41185708846826 ], [ 131.603871489293653, 33.413504796866768 ], [ 131.604044501394895, 33.414238000897988 ], [ 131.60339268103229, 33.415466230748606 ], [ 131.601943620041794, 33.416739716097908 ], [ 131.601835300611924, 33.417049993167495 ], [ 131.602062072824054, 33.417602068414091 ], [ 131.601963840331706, 33.418052659499359 ], [ 131.603138489070432, 33.417743224309731 ], [ 131.603138921744545, 33.418277765488533 ], [ 131.602459488709059, 33.418945585564636 ], [ 131.60106324130146, 33.420839993476179 ], [ 131.599909157004106, 33.420410540836691 ], [ 131.59940588721949, 33.42072476894969 ], [ 131.598401082309181, 33.420953673638479 ], [ 131.597178143587229, 33.421517817546956 ], [ 131.596438227746944, 33.422066561447814 ], [ 131.595811906843124, 33.422293662562303 ], [ 131.595216858795908, 33.422862237247934 ], [ 131.593946542682744, 33.423019543703667 ], [ 131.593583701762469, 33.423357379374934 ], [ 131.593483995683073, 33.423753658500331 ], [ 131.593174120505438, 33.423697270489207 ], [ 131.592763175795739, 33.425799725607121 ], [ 131.592272148015127, 33.425957019643882 ], [ 131.592844357876714, 33.426932637884597 ], [ 131.593061081611211, 33.427698969760009 ], [ 131.594582910200103, 33.430130089566525 ], [ 131.595223294161229, 33.429339113034416 ], [ 131.597023663333118, 33.427887189540421 ], [ 131.597859102814823, 33.426652754476763 ], [ 131.5995757239873, 33.42502012765032 ], [ 131.600349809852503, 33.424581345931031 ], [ 131.602146944295328, 33.423973280318172 ] ] ] } },
{ "type": "Feature", "properties": { "CITY_NAME": "杵築市", "S_NAME": "大字宮司", "JINKO": 557, "medical_area": "44_東部医療圏", "町丁目名": "杵築市大字宮司" }, "geometry": { "type": "Polygon", "coordinates": [ [ [ 131.616484228478072, 33.429974670617938 ], [ 131.617905532644698, 33.42911808019231 ], [ 131.618964819323537, 33.427768533524002 ], [ 131.620050743477805, 33.426106998936071 ], [ 131.620382067248556, 33.424579758070124 ], [ 131.619719737838608, 33.424505959781285 ], [ 131.61810734970831, 33.424703421399137 ], [ 131.617008494880196, 33.423199009577395 ], [ 131.615795410265008, 33.422103248464694 ], [ 131.613377946523656, 33.422456098801597 ], [ 131.612859328561143, 33.422721633215744 ], [ 131.612011590235369, 33.422471888974044 ], [ 131.610501380438677, 33.421338868478955 ], [ 131.609053274086364, 33.421975385227732 ], [ 131.608481004949738, 33.422607418788161 ], [ 131.607938244181923, 33.422677284618395 ], [ 131.60716095405698, 33.423287914770924 ], [ 131.605734279093753, 33.423854477704822 ], [ 131.606055890774428, 33.424792584297329 ], [ 131.605959760203717, 33.426335256073088 ], [ 131.606436636936564, 33.427031222629978 ], [ 131.606339424343957, 33.428097790736928 ], [ 131.606671040979393, 33.428394893885859 ], [ 131.606771823567215, 33.428793969156771 ], [ 131.60914693113827, 33.429002646706728 ], [ 131.613491542422452, 33.42998574756998 ], [ 131.616484228478072, 33.429974670617938 ] ] ] } },
{ "type": "Feature", "properties": { "CITY_NAME": "杵築市", "S_NAME": "大字馬場尾", "JINKO": 407, "medical_area": "44_東部医療圏", "町丁目名": "杵築市大字馬場尾" }, "geometry": { "type": "Polygon", "coordinates": [ [ [ 131.597824237392871, 33.432282179551336 ], [ 131.600257466456924, 33.43217891434783 ], [ 131.600214880058616, 33.431820658543764 ], [ 131.600400963544928, 33.431677843746655 ], [ 131.601705870948763, 33.431352259887447 ], [ 131.601547841962059, 33.43104310184323 ], [ 131.602262043459916, 33.430959327516398 ], [ 131.602332646695373, 33.430215888545845 ], [ 131.602957390672003, 33.429753582545779 ], [ 131.603785660319602, 33.4294190571676 ], [ 131.603797983876859, 33.429269652996034 ], [ 131.603502510279981, 33.429047037480792 ], [ 131.602927565627795, 33.428982629357797 ], [ 131.602979422385971, 33.428754556020998 ], [ 131.603501923053472, 33.428318879974974 ], [ 131.603828198283367, 33.428489073968549 ], [ 131.604108523680509, 33.429096359325101 ], [ 131.604533279984253, 33.429340743354281 ], [ 131.605421482733504, 33.428981647388454 ], [ 131.606771823567215, 33.428793969156771 ], [ 131.606671040979393, 33.428394893885859 ], [ 131.606339424343957, 33.428097790736928 ], [ 131.606436636936564, 33.427031222629978 ], [ 131.605959760203717, 33.426335256073088 ], [ 131.606055890774428, 33.424792584297329 ], [ 131.605728797234661, 33.423791137779261 ], [ 131.606226100428131, 33.423253917648303 ], [ 131.606322657232681, 33.422932388698335 ], [ 131.605399006989927, 33.419826461737848 ], [ 131.603643407427484, 33.420769731808512 ], [ 131.603907847393401, 33.421675684170587 ], [ 131.603547851510513, 33.422739796848575 ], [ 131.603007430438112, 33.423476190365143 ], [ 131.602710757004843, 33.42372035213922 ], [ 131.600349809852503, 33.424581345931031 ], [ 131.5995757239873, 33.42502012765032 ], [ 131.597859102814823, 33.426652754476763 ], [ 131.597023663333118, 33.427887189540421 ], [ 131.595223294161229, 33.429339113034416 ], [ 131.594582910200103, 33.430130089566525 ], [ 131.596090080283687, 33.431702383838257 ], [ 131.597380827764567, 33.431914618000832 ], [ 131.597824237392871, 33.432282179551336 ] ] ] } },
{ "type": "Feature", "properties": { "CITY_NAME": "杵築市", "S_NAME": "大字大内", "JINKO": 1898, "medical_area": "44_東部医療圏", "町丁目名": "杵築市大字大内" }, "geometry": { "type": "Polygon", "coordinates": [ [ [ 131.633493248323902, 33.456548817350253 ], [ 131.634399243277926, 33.456596770489575 ], [ 131.635203028751505, 33.455863181717646 ], [ 131.635757505513169, 33.455574485883616 ], [ 131.637960877642172, 33.455522721036743 ], [ 131.638651062112615, 33.455314219279607 ], [ 131.640185224342986, 33.455472181617424 ], [ 131.64232928270448, 33.455446285197482 ], [ 131.644642845330736, 33.456370063731733 ], [ 131.64541259062446, 33.455836161278043 ], [ 131.646907432701767, 33.455460287249139 ], [ 131.648223589160125, 33.455721749257833 ], [ 131.650139743520953, 33.455549947366514 ], [ 131.651599569887082, 33.455659635686828 ], [ 131.653408421469294, 33.456623661376938 ], [ 131.654459764280404, 33.456963334728997 ], [ 131.656556544077233, 33.457061470725229 ], [ 131.658328259773867, 33.455655220329795 ], [ 131.659161174509904, 33.454334829679901 ], [ 131.658177879418048, 33.453204718075305 ], [ 131.657386974573711, 33.451989934383249 ], [ 131.656631639671531, 33.450579406474176 ], [ 131.656379924728753, 33.44982964300732 ], [ 131.656458600389811, 33.449597319749309 ], [ 131.656064912903958, 33.449003356552907 ], [ 131.655232193646611, 33.448423895742032 ], [ 131.65428307297816, 33.448407339830617 ], [ 131.654134787396771, 33.447933460007661 ], [ 131.65334548756482, 33.447561398318726 ], [ 131.652518663923473, 33.446906377621524 ], [ 131.652618389520882, 33.445828467274218 ], [ 131.652876651774847, 33.445305251220447 ], [ 131.653212774520085, 33.445087743920439 ], [ 131.652681511704429, 33.442434153634004 ], [ 131.651892709549287, 33.440175637308172 ], [ 131.651020300613396, 33.438984170012581 ], [ 131.650586478102696, 33.437794832404329 ], [ 131.651095380102475, 33.436770879243454 ], [ 131.650576629174509, 33.436435503553227 ], [ 131.650042682032279, 33.435716311564335 ], [ 131.649926580490444, 33.435027367608484 ], [ 131.649415033309225, 33.434715547919239 ], [ 131.649230008206274, 33.434350272418833 ], [ 131.648091900674643, 33.434134080525027 ], [ 131.646433205278328, 33.434267039070306 ], [ 131.644865644126043, 33.434722630700513 ], [ 131.645192286016169, 33.433893200313861 ], [ 131.64474540672532, 33.433654600224962 ], [ 131.644469265455939, 33.433172604687222 ], [ 131.644061666648696, 33.433093498728951 ], [ 131.643497259333088, 33.432535364463732 ], [ 131.643781059188512, 33.432071736412375 ], [ 131.64258847384454, 33.431146245395595 ], [ 131.642433885192474, 33.431209072696191 ], [ 131.641649252653281, 33.430885352929216 ], [ 131.641661553019389, 33.430402492208849 ], [ 131.641411630006758, 33.429957865279775 ], [ 131.640806299329626, 33.429577102129905 ], [ 131.640856655765049, 33.42923725965138 ], [ 131.640683681238869, 33.42890544042141 ], [ 131.64092938273626, 33.427471772197123 ], [ 131.640835858860498, 33.426362142458501 ], [ 131.639823935237303, 33.425221466755083 ], [ 131.638687720621391, 33.424290257711469 ], [ 131.638694046139875, 33.423798761874991 ], [ 131.637387837410159, 33.420982694212661 ], [ 131.636670681617204, 33.421167314127445 ], [ 131.635028026212751, 33.421055725386779 ], [ 131.630354814674774, 33.419714904098257 ], [ 131.627931641494229, 33.420376803077716 ], [ 131.623249032903374, 33.422678955773627 ], [ 131.620382067248556, 33.424579758070124 ], [ 131.620196852424215, 33.425671228199462 ], [ 131.61987081582015, 33.42647759885655 ], [ 131.617905532644698, 33.42911808019231 ], [ 131.616755305775683, 33.429891151955033 ], [ 131.613714249445735, 33.429988380984383 ], [ 131.612978554322069, 33.429868769134501 ], [ 131.610678971671973, 33.430762065969951 ], [ 131.610393837921293, 33.431089312631414 ], [ 131.610315682268578, 33.431716800796146 ], [ 131.608964200134238, 33.432948629311802 ], [ 131.608309216974163, 33.434060972953361 ], [ 131.608184934291273, 33.436087979784901 ], [ 131.608275382508282, 33.436846302851976 ], [ 131.608764519457111, 33.437899452758415 ], [ 131.610352373039717, 33.439618960604093 ], [ 131.610931287805329, 33.440564585127383 ], [ 131.611756546466466, 33.443608992248542 ], [ 131.612771770070054, 33.446406938596965 ], [ 131.612818731061623, 33.447027109583118 ], [ 131.612611095423063, 33.448164019246128 ], [ 131.611088442495202, 33.452607251143519 ], [ 131.612062058433708, 33.454267083987254 ], [ 131.612588513590026, 33.454332846796277 ], [ 131.613694924508366, 33.455671346278692 ], [ 131.614375760426014, 33.456886977775319 ], [ 131.614751665700851, 33.457142092734266 ], [ 131.615455825713155, 33.457270641116985 ], [ 131.617358163329214, 33.456990022954948 ], [ 131.619524021132463, 33.456979198205936 ], [ 131.621336442345608, 33.456708376670498 ], [ 131.624686441415378, 33.455906397148496 ], [ 131.625297256240373, 33.455962243430832 ], [ 131.625910329594603, 33.456338772073778 ], [ 131.626394655128991, 33.457194579024353 ], [ 131.626731717317142, 33.459086193310888 ], [ 131.626734715992995, 33.460672995269064 ], [ 131.626919321026833, 33.461702404948362 ], [ 131.627648930293276, 33.46223630021484 ], [ 131.628792769846484, 33.462369165060643 ], [ 131.630308108995479, 33.462330786031295 ], [ 131.630867969914419, 33.461001098205422 ], [ 131.63096614781935, 33.459005002916818 ], [ 131.631383846001256, 33.458037412601094 ], [ 131.631907044085494, 33.457202774661766 ], [ 131.632581736698484, 33.45707260463373 ], [ 131.632969899918493, 33.456699809097437 ], [ 131.633493248323902, 33.456548817350253 ] ] ] } },
{ "type": "Feature", "properties": { "CITY_NAME": "杵築市", "S_NAME": "大字猪尾", "JINKO": 554, "medical_area": "44_東部医療圏", "町丁目名": "杵築市大字猪尾" }, "geometry": { "type": "Polygon", "coordinates": [ [ [ 131.623995072193537, 33.408369904559642 ], [ 131.623105250486304, 33.404138595476837 ], [ 131.622383832758743, 33.403365041659278 ], [ 131.62159333877139, 33.403299968485406 ], [ 131.621439760350597, 33.402772083800414 ], [ 131.621584275594216, 33.402260599567384 ], [ 131.621432670087813, 33.402008780037512 ], [ 131.621367927456475, 33.402158164832031 ], [ 131.618956055973484, 33.402763787547379 ], [ 131.618156870057049, 33.402633854503826 ], [ 131.617420060081088, 33.402251025393817 ], [ 131.616192252130077, 33.401099004939297 ], [ 131.615961076772095, 33.400528662605474 ], [ 131.615301727188722, 33.400388364151894 ], [ 131.615360007784005, 33.399960683184489 ], [ 131.613682607149116, 33.40001047591803 ], [ 131.612837199478548, 33.399726034157496 ], [ 131.61256517007439, 33.399421816892691 ], [ 131.612214434658796, 33.399757424003852 ], [ 131.611646924525104, 33.399650818082989 ], [ 131.611425783280623, 33.399546273209715 ], [ 131.61106065766657, 33.398797325736979 ], [ 131.609689040697134, 33.399311142461748 ], [ 131.608100937313935, 33.400315025794015 ], [ 131.607945099830232, 33.400649774772575 ], [ 131.607900730906522, 33.401769097199114 ], [ 131.607538852725497, 33.402055121803841 ], [ 131.607278854967376, 33.402598126449426 ], [ 131.606268269972958, 33.403298060907076 ], [ 131.606387730997369, 33.403337454154048 ], [ 131.605681603082076, 33.404636590702232 ], [ 131.605456166011237, 33.405467477672786 ], [ 131.60488878553187, 33.406154070605012 ], [ 131.60423766992335, 33.406457171152837 ], [ 131.604308522575678, 33.407205739359767 ], [ 131.607447214599802, 33.406706002747086 ], [ 131.609589572780152, 33.407085963914739 ], [ 131.611397129431623, 33.407599849879688 ], [ 131.613367829622803, 33.408516212225436 ], [ 131.619781417102644, 33.412315502262913 ], [ 131.621188042377469, 33.412984191822218 ], [ 131.622684187134496, 33.413417268897895 ], [ 131.625632049804295, 33.413617607347362 ], [ 131.630059826316938, 33.413173758913643 ], [ 131.630862564396381, 33.412969092205515 ], [ 131.62528645209099, 33.409420571579787 ], [ 131.623995072193537, 33.408369904559642 ] ] ] } },
{ "type": "Feature", "properties": { "CITY_NAME": "杵築市", "S_NAME": "大字片野", "JINKO": 1414, "medical_area": "44_東部医療圏", "町丁目名": "杵築市大字片野" }, "geometry": { "type": "Polygon", "coordinates": [ [ [ 131.63213362191803, 33.408785625200871 ], [ 131.633607512379626, 33.408468836006335 ], [ 131.634398764031033, 33.408013036588663 ], [ 131.634287919795497, 33.407854923892295 ], [ 131.634400901205424, 33.406384574152398 ], [ 131.636939078376741, 33.406363463531392 ], [ 131.636958401853889, 33.40650855289303 ], [ 131.63696595474778, 33.406363325835265 ], [ 131.640054528562132, 33.40633844635375 ], [ 131.637927813472572, 33.40631514124226 ], [ 131.637186204267238, 33.406049314331916 ], [ 131.637177481295907, 33.405589491976244 ], [ 131.637360239024133, 33.405588555259946 ], [ 131.637340578934158, 33.402888984278881 ], [ 131.641533073809825, 33.402860207540876 ], [ 131.64217121342628, 33.406167937540594 ], [ 131.64327084680852, 33.406141506694212 ], [ 131.642242803474545, 33.406108957391631 ], [ 131.64160909304573, 33.402815646586262 ], [ 131.639928855169131, 33.402826100072687 ], [ 131.63989814401441, 33.40024741965729 ], [ 131.641544921462895, 33.400221782387561 ], [ 131.641843662299181, 33.401378034751453 ], [ 131.641617430289301, 33.400145680889068 ], [ 131.6361741796849, 33.400232251872467 ], [ 131.635672907013515, 33.399596408858905 ], [ 131.63600636580955, 33.39877011384381 ], [ 131.635106110286358, 33.398801410772919 ], [ 131.633457467171013, 33.398143964121545 ], [ 131.632912228406042, 33.398318372789021 ], [ 131.631644237928725, 33.398051308050832 ], [ 131.631421092004075, 33.398290120008397 ], [ 131.630795724573147, 33.398266872864561 ], [ 131.630320421240015, 33.399142229078478 ], [ 131.630337809206907, 33.399421631668943 ], [ 131.629574655690874, 33.399619812977434 ], [ 131.629136505096625, 33.399569193184007 ], [ 131.628734382504518, 33.39919754948933 ], [ 131.628145445778586, 33.399119332101698 ], [ 131.625930514500254, 33.399596932497076 ], [ 131.623173358893354, 33.399438095174155 ], [ 131.62160215650411, 33.398425459790957 ], [ 131.619553283459453, 33.398518149586351 ], [ 131.617760261943488, 33.398287387143945 ], [ 131.617212872335159, 33.398440894867335 ], [ 131.617158084534026, 33.398082952064449 ], [ 131.616631910698459, 33.397977325870983 ], [ 131.616447662076581, 33.3977810974338 ], [ 131.616499728631339, 33.397324670618829 ], [ 131.615811553137775, 33.396943556460897 ], [ 131.615233948137274, 33.397407341480765 ], [ 131.615250256193576, 33.398752136104022 ], [ 131.614665720140522, 33.399737779093755 ], [ 131.615330207568462, 33.399560947566926 ], [ 131.615301727188722, 33.400388364151894 ], [ 131.615961076772095, 33.400528662605474 ], [ 131.616192252130077, 33.401099004939297 ], [ 131.617420060081088, 33.402251025393817 ], [ 131.618156870057049, 33.402633854503826 ], [ 131.618956055973484, 33.402763787547379 ], [ 131.621367927456475, 33.402158164832031 ], [ 131.621432670087813, 33.402008780037512 ], [ 131.621584275594216, 33.402260599567384 ], [ 131.621439760350597, 33.402772083800414 ], [ 131.62159333877139, 33.403299968485406 ], [ 131.622383832758743, 33.403365041659278 ], [ 131.623105250486304, 33.404138595476837 ], [ 131.623885007553469, 33.408229951857564 ], [ 131.62609145024291, 33.41001619543102 ], [ 131.630862564396381, 33.412969092205515 ], [ 131.631953545876229, 33.412537914498884 ], [ 131.634192462629244, 33.410851173123476 ], [ 131.63148711839537, 33.409380827366682 ], [ 131.63213362191803, 33.408785625200871 ] ] ] } },
{ "type": "Feature", "properties": { "CITY_NAME": "杵築市", "S_NAME": "大字熊野", "JINKO": 1123, "medical_area": "44_東部医療圏", "町丁目名": "杵築市大字熊野" }, "geometry": { "type": "Polygon", "coordinates": [ [ [ 131.615360007784005, 33.399960683184489 ], [ 131.615226676430183, 33.399553922181056 ], [ 131.614665720140522, 33.399737779093755 ], [ 131.615250256193576, 33.398752136104022 ], [ 131.615233948137274, 33.397407341480765 ], [ 131.615811553137775, 33.396943556460897 ], [ 131.616499728631339, 33.397324670618829 ], [ 131.616447662076581, 33.3977810974338 ], [ 131.616631910698459, 33.397977325870983 ], [ 131.617158084534026, 33.398082952064449 ], [ 131.617212872335159, 33.398440894867335 ], [ 131.617760261943488, 33.398287387143945 ], [ 131.619553283459453, 33.398518149586351 ], [ 131.62160215650411, 33.398425459790957 ], [ 131.623173358893354, 33.399438095174155 ], [ 131.623894329605491, 33.399505353678528 ], [ 131.625930514500254, 33.399596932497076 ], [ 131.628145445778586, 33.399119332101698 ], [ 131.628734382504518, 33.39919754948933 ], [ 131.629136505096625, 33.399569193184007 ], [ 131.629574655690874, 33.399619812977434 ], [ 131.630337809206907, 33.399421631668943 ], [ 131.630320421240015, 33.399142229078478 ], [ 131.630795724573147, 33.398266872864561 ], [ 131.631421092004075, 33.398290120008397 ], [ 131.631644237928725, 33.398051308050832 ], [ 131.632912228406042, 33.398318372789021 ], [ 131.633457467171013, 33.398143964121545 ], [ 131.635259287894627, 33.398834584565883 ], [ 131.637109904289048, 33.3986693300441 ], [ 131.638091141483216, 33.398934807809951 ], [ 131.638417485233788, 33.398575168915649 ], [ 131.638967564737243, 33.3983829889087 ], [ 131.639399388736933, 33.397604398084439 ], [ 131.63969464338922, 33.3975542032383 ], [ 131.640480708790648, 33.397001041626744 ], [ 131.641284230848498, 33.396189887040187 ], [ 131.641961626178727, 33.395920393712537 ], [ 131.642329810578843, 33.395412629580569 ], [ 131.642556939906513, 33.395304169246991 ], [ 131.642916694651177, 33.395404172887311 ], [ 131.644376853933636, 33.394432725644904 ], [ 131.644742359342331, 33.393707684538832 ], [ 131.645375177689459, 33.393666539025183 ], [ 131.645953295615925, 33.393348827180404 ], [ 131.646152736650635, 33.392700371714888 ], [ 131.64651936921436, 33.392419859415419 ], [ 131.646623760763276, 33.392000947194141 ], [ 131.646341614386017, 33.390914046199072 ], [ 131.646399402327006, 33.390297005144348 ], [ 131.646125505716839, 33.388871046474648 ], [ 131.646292397152365, 33.387893642647072 ], [ 131.646647620002341, 33.387237191356817 ], [ 131.647708849652759, 33.387136991843605 ], [ 131.648771765897749, 33.386687826693169 ], [ 131.649573734273446, 33.385839648959234 ], [ 131.649382851972035, 33.385753189536693 ], [ 131.649433020061224, 33.385413879377374 ], [ 131.649250441406537, 33.385292225320121 ], [ 131.64940499580959, 33.384536679198789 ], [ 131.649714124383053, 33.384484591693827 ], [ 131.649795742354826, 33.384326370312877 ], [ 131.649613373308227, 33.384232646252755 ], [ 131.649703137138204, 33.38415912613403 ], [ 131.649178266129297, 33.384112274799946 ], [ 131.648674270383367, 33.383546843450844 ], [ 131.64874985627452, 33.383305706779396 ], [ 131.648614330213661, 33.383147702586207 ], [ 131.647502542561966, 33.383670169531143 ], [ 131.646388899346931, 33.382923971270294 ], [ 131.645998596823972, 33.382468851657187 ], [ 131.645217296980434, 33.380884108704052 ], [ 131.644187786769947, 33.377849889095586 ], [ 131.6440640488035, 33.375667556616357 ], [ 131.643310661091562, 33.374947402705502 ], [ 131.640777463317477, 33.375512334930335 ], [ 131.638321612280521, 33.374628677336339 ], [ 131.639690796998138, 33.375351119039237 ], [ 131.640854428365486, 33.375604782218275 ], [ 131.640215108584187, 33.376638696772574 ], [ 131.639994216962464, 33.376709255516943 ], [ 131.639414783775919, 33.376397565725163 ], [ 131.639585645689948, 33.375812394166985 ], [ 131.639387682956823, 33.376366146422185 ], [ 131.638120671380562, 33.375939849534333 ], [ 131.637920469430696, 33.376339409100503 ], [ 131.637551082338007, 33.376238526871013 ], [ 131.638062747173876, 33.374940203571811 ], [ 131.637466012681926, 33.376213708981481 ], [ 131.636962056821915, 33.376081955520654 ], [ 131.635440490107385, 33.37479942923283 ], [ 131.634389000340832, 33.373574012909444 ], [ 131.633059480496144, 33.373563670831224 ], [ 131.63232150878622, 33.373763081791161 ], [ 131.631676198741019, 33.374142352421153 ], [ 131.630512861717733, 33.374371878561007 ], [ 131.629615713672649, 33.373964366407606 ], [ 131.629322821598635, 33.374036150841846 ], [ 131.628392692101841, 33.373826284988368 ], [ 131.627388523928772, 33.374220871234968 ], [ 131.626564595507148, 33.374275497430133 ], [ 131.626323798548981, 33.374120749697539 ], [ 131.626264859041129, 33.374591713007945 ], [ 131.625947837280165, 33.374741168957918 ], [ 131.624908771548462, 33.374625585252161 ], [ 131.623882170608368, 33.374298917102941 ], [ 131.622992135749115, 33.374578389513353 ], [ 131.620501767643191, 33.373209493295533 ], [ 131.619797711595538, 33.373198565991011 ], [ 131.618178667761441, 33.372536683978112 ], [ 131.617206130148134, 33.371942825642869 ], [ 131.617199667976394, 33.371640798524368 ], [ 131.617060819617478, 33.371454849861045 ], [ 131.617164561695546, 33.37184113594715 ], [ 131.616957855946509, 33.372870383027639 ], [ 131.61553349529683, 33.374962236931275 ], [ 131.615821405438169, 33.375816515098322 ], [ 131.615857646415435, 33.379136620939498 ], [ 131.61633531732042, 33.379716642362865 ], [ 131.61569807106298, 33.380867556495758 ], [ 131.615548163639914, 33.380825503929721 ], [ 131.615389814373515, 33.381040219806131 ], [ 131.615927312697551, 33.382512425859687 ], [ 131.615960639066543, 33.384349373921864 ], [ 131.61619692853651, 33.385302428088337 ], [ 131.615753987573356, 33.385437290533666 ], [ 131.615341926673096, 33.385850107130004 ], [ 131.614340814416721, 33.386418431639989 ], [ 131.614092763882894, 33.386697792730651 ], [ 131.614266230510765, 33.387893664057884 ], [ 131.614141507124913, 33.388054047565987 ], [ 131.611797571978002, 33.38968572935066 ], [ 131.610743619686133, 33.389336301859736 ], [ 131.609228379907023, 33.389761671839196 ], [ 131.60839518666657, 33.389795472986243 ], [ 131.609012213888974, 33.390244024933494 ], [ 131.609140466352756, 33.390685089308079 ], [ 131.609560589715244, 33.390667166552646 ], [ 131.610085956490991, 33.392161975824003 ], [ 131.610016144577116, 33.393297206432642 ], [ 131.609653445956184, 33.393764466283429 ], [ 131.610008433716246, 33.395539364601397 ], [ 131.609254648690239, 33.397808941471283 ], [ 131.60925565004419, 33.399558816967634 ], [ 131.61106065766657, 33.398797325736979 ], [ 131.611425783280623, 33.399546273209715 ], [ 131.611646924525104, 33.399650818082989 ], [ 131.612214434658796, 33.399757424003852 ], [ 131.61256517007439, 33.399421816892691 ], [ 131.613238894579752, 33.399920242851771 ], [ 131.613993251259672, 33.400050433031829 ], [ 131.615360007784005, 33.399960683184489 ] ] ] } },
{ "type": "Feature", "properties": { "CITY_NAME": "杵築市", "S_NAME": "大字本庄", "JINKO": 537, "medical_area": "44_東部医療圏", "町丁目名": "杵築市大字本庄" }, "geometry": { "type": "Polygon", "coordinates": [ [ [ 131.59034878813469, 33.424520925471761 ], [ 131.591802881132992, 33.424291873799298 ], [ 131.592741187270008, 33.423723574053497 ], [ 131.593435247343422, 33.423787493581955 ], [ 131.593583701762469, 33.423357379374934 ], [ 131.593946542682744, 33.423019543703667 ], [ 131.595216858795908, 33.422862237247934 ], [ 131.595811906843124, 33.422293662562303 ], [ 131.596438227746944, 33.422066561447814 ], [ 131.597178143587229, 33.421517817546956 ], [ 131.598401082309181, 33.420953673638479 ], [ 131.59940588721949, 33.42072476894969 ], [ 131.599909157004106, 33.420410540836691 ], [ 131.60106324130146, 33.420839993476179 ], [ 131.602459488709059, 33.418945585564636 ], [ 131.603138921744545, 33.418277765488533 ], [ 131.603138489070432, 33.417743224309731 ], [ 131.601963840331706, 33.418052659499359 ], [ 131.602062072824054, 33.417602068414091 ], [ 131.60183488316946, 33.416989692381733 ], [ 131.603803215119569, 33.414892949283121 ], [ 131.604044501394895, 33.414238000897988 ], [ 131.603871489293653, 33.413504796866768 ], [ 131.602636165932182, 33.41185708846826 ], [ 131.602775361970686, 33.41160386105917 ], [ 131.602271504199223, 33.411715114128803 ], [ 131.601527534192655, 33.411414576786235 ], [ 131.599409974045528, 33.408967962414486 ], [ 131.597821987398618, 33.408465359008453 ], [ 131.596580489317262, 33.408505121869972 ], [ 131.594923650910602, 33.409121385292465 ], [ 131.59458837382391, 33.409616397091199 ], [ 131.594245643892009, 33.410790716153507 ], [ 131.594628601339963, 33.41137012814751 ], [ 131.595414968447812, 33.411981414893553 ], [ 131.596028974892334, 33.412738857394594 ], [ 131.59694276454033, 33.416049711839754 ], [ 131.59655241094157, 33.416747736850247 ], [ 131.59574846912767, 33.417109854130736 ], [ 131.594845531558803, 33.417147969445367 ], [ 131.593211298959687, 33.416378535930171 ], [ 131.592691660112166, 33.415860567169652 ], [ 131.592000854239615, 33.414481685532856 ], [ 131.590521415272434, 33.412744926687211 ], [ 131.589917232731011, 33.412251935240079 ], [ 131.587274965834638, 33.413934115661156 ], [ 131.586916169138334, 33.414340068934159 ], [ 131.586289448801665, 33.414477796586326 ], [ 131.586864566792229, 33.415251986378529 ], [ 131.586729364780666, 33.415307397883687 ], [ 131.585114093583371, 33.414792852311656 ], [ 131.584196595806844, 33.414245554336297 ], [ 131.584001917469408, 33.414419099665594 ], [ 131.584179926069936, 33.414759359935012 ], [ 131.585136616364565, 33.415531756978048 ], [ 131.586160037388908, 33.416141737588056 ], [ 131.583733176558354, 33.415523652062539 ], [ 131.579208418332826, 33.415045877729852 ], [ 131.577605901439256, 33.416824090906346 ], [ 131.577538078067136, 33.417199181104181 ], [ 131.577846919959399, 33.417580932156184 ], [ 131.578696629837822, 33.41774962864131 ], [ 131.579307110059432, 33.418184703118577 ], [ 131.579179721521882, 33.419038048570641 ], [ 131.578052721862747, 33.419841291154299 ], [ 131.577831378319132, 33.420362395790093 ], [ 131.578372681092532, 33.420631336099554 ], [ 131.579254120626416, 33.421493814715795 ], [ 131.580611351426228, 33.422134826527611 ], [ 131.581588612011558, 33.422426043034584 ], [ 131.582244491500376, 33.422443847200469 ], [ 131.583098796715205, 33.422342399650191 ], [ 131.584004812393886, 33.421910025292874 ], [ 131.58442438950064, 33.421967219155142 ], [ 131.586302474050882, 33.421669483128092 ], [ 131.58741340145977, 33.422605667501919 ], [ 131.588179790528926, 33.422776880854791 ], [ 131.58858919322725, 33.423315612813461 ], [ 131.59034878813469, 33.424520925471761 ] ] ] } },
{ "type": "Feature", "properties": { "CITY_NAME": "杵築市", "S_NAME": "大字八坂", "JINKO": 1099, "medical_area": "44_東部医療圏", "町丁目名": "杵築市大字八坂" }, "geometry": { "type": "Polygon", "coordinates": [ [ [ 131.558116987986949, 33.440853292660975 ], [ 131.559104224126571, 33.440443141814136 ], [ 131.560508172286291, 33.439141487577253 ], [ 131.561802440982547, 33.438359253554708 ], [ 131.562234487747844, 33.43680046330374 ], [ 131.561912287025848, 33.434820852090326 ], [ 131.561653550242767, 33.434311293974176 ], [ 131.561567425181153, 33.433141965820475 ], [ 131.561776125157962, 33.431987786299942 ], [ 131.562381076842684, 33.431342537292082 ], [ 131.563379155299629, 33.430728429826544 ], [ 131.566695154613853, 33.430037821014018 ], [ 131.568328789563367, 33.429063776612971 ], [ 131.56884742595966, 33.428346297768499 ], [ 131.569393667708738, 33.428152839576079 ], [ 131.569771994412093, 33.42820798473101 ], [ 131.57188855781115, 33.427344969820233 ], [ 131.571305251339481, 33.425576206054821 ], [ 131.571482653019842, 33.424551512657146 ], [ 131.572119766589935, 33.423063580823012 ], [ 131.571998756880674, 33.421986232393103 ], [ 131.571778199957066, 33.421537202140911 ], [ 131.573464721061043, 33.422001037937811 ], [ 131.574131278623213, 33.421938351906313 ], [ 131.575254605159273, 33.422650320029305 ], [ 131.575645439087168, 33.422661536279605 ], [ 131.575986561062876, 33.422395562013016 ], [ 131.576103834096898, 33.421809921459882 ], [ 131.576958254187844, 33.421382732881419 ], [ 131.577367194412545, 33.420462024136739 ], [ 131.577831378319132, 33.420362395790093 ], [ 131.578052721862747, 33.419841291154299 ], [ 131.579179721521882, 33.419038048570641 ], [ 131.579246097746051, 33.418067096999202 ], [ 131.578696629837822, 33.41774962864131 ], [ 131.577846919959399, 33.417580932156184 ], [ 131.577538078067136, 33.417199181104181 ], [ 131.577605901439256, 33.416824090906346 ], [ 131.579033146214357, 33.415114077830495 ], [ 131.583733176558354, 33.415523652062539 ], [ 131.586160037388908, 33.416141737588056 ], [ 131.585136616364565, 33.415531756978048 ], [ 131.584179926069936, 33.414759359935012 ], [ 131.584001917469408, 33.414419099665594 ], [ 131.584196595806844, 33.414245554336297 ], [ 131.585114093583371, 33.414792852311656 ], [ 131.586729364780666, 33.415307397883687 ], [ 131.586864566792229, 33.415251986378529 ], [ 131.586289448801665, 33.414477796586326 ], [ 131.586916169138334, 33.414340068934159 ], [ 131.587274965834638, 33.413934115661156 ], [ 131.589917232731011, 33.412251935240079 ], [ 131.588732648371035, 33.411307642108333 ], [ 131.588753688886925, 33.410476178922977 ], [ 131.588029503624085, 33.409542056397058 ], [ 131.587142466627256, 33.409173463628598 ], [ 131.584360542920848, 33.408942412575676 ], [ 131.583255760180407, 33.408574817956044 ], [ 131.582464310891368, 33.408080386212667 ], [ 131.580181411339453, 33.407941784074119 ], [ 131.579571784335286, 33.408040616048339 ], [ 131.578405834367544, 33.40872786679882 ], [ 131.577146642348623, 33.409023653027575 ], [ 131.57576433839165, 33.409082069193332 ], [ 131.573956574602533, 33.408612587653046 ], [ 131.572482517372038, 33.408671992283459 ], [ 131.569465128545374, 33.409642397106708 ], [ 131.567237907704367, 33.410622461402028 ], [ 131.566953935274739, 33.410081440786435 ], [ 131.566494670105044, 33.409869781098784 ], [ 131.566492154201455, 33.409482167436707 ], [ 131.565862822185778, 33.408689790683852 ], [ 131.565244052178883, 33.408190838800138 ], [ 131.565125632076359, 33.407919671777186 ], [ 131.565215824175425, 33.406834186570002 ], [ 131.564991749016542, 33.406251922353519 ], [ 131.563592733914078, 33.404990282355897 ], [ 131.562042950589188, 33.403113400496416 ], [ 131.561648225051698, 33.402187713654932 ], [ 131.560781460230402, 33.401057689293701 ], [ 131.557220183959686, 33.401642780105192 ], [ 131.558754631393811, 33.403566596887316 ], [ 131.559133170349384, 33.404690192874376 ], [ 131.559875253174425, 33.405314338444811 ], [ 131.560065635656571, 33.406156363356743 ], [ 131.560989945814811, 33.407837240498289 ], [ 131.561456753560719, 33.408259098747294 ], [ 131.5592794532825, 33.410156319017076 ], [ 131.558293711842879, 33.411350994899266 ], [ 131.557385023930436, 33.4119161965884 ], [ 131.557291196772127, 33.412303441608458 ], [ 131.55741736371192, 33.413008496449756 ], [ 131.557776439455438, 33.413678511365354 ], [ 131.559220633333922, 33.415215036933887 ], [ 131.561109090475981, 33.415674060670959 ], [ 131.562314987916977, 33.415609087474174 ], [ 131.563726893419044, 33.41525834781676 ], [ 131.564205132969107, 33.415536682227334 ], [ 131.564152703258429, 33.415781334093346 ], [ 131.563199735401952, 33.417390056960897 ], [ 131.562524131968814, 33.418122639207908 ], [ 131.559601964896814, 33.419713827538537 ], [ 131.559175632275242, 33.420549666605005 ], [ 131.558992059121152, 33.421346085303092 ], [ 131.558365246101886, 33.421684422418274 ], [ 131.556022205305965, 33.426222823222005 ], [ 131.554227604005945, 33.427013405975828 ], [ 131.554216952289977, 33.427804317745036 ], [ 131.554629426880467, 33.427987634360711 ], [ 131.554804371052796, 33.4282709582751 ], [ 131.55465430218635, 33.430212446088213 ], [ 131.554516840312289, 33.430487413745745 ], [ 131.554679269881234, 33.430995725753576 ], [ 131.553866825864162, 33.431970602913587 ], [ 131.553229394102971, 33.432478906478245 ], [ 131.55312935860772, 33.433053872860341 ], [ 131.5526293920353, 33.433978770437953 ], [ 131.551941908989107, 33.434920352569186 ], [ 131.550929488766542, 33.435845274730369 ], [ 131.5506919917174, 33.436795198069028 ], [ 131.550179523417654, 33.437320143743911 ], [ 131.549404609088413, 33.437678419391915 ], [ 131.549179650355939, 33.438728304437809 ], [ 131.549367121996909, 33.439819855991615 ], [ 131.549629587195199, 33.440261504944225 ], [ 131.550541982727566, 33.440711461058122 ], [ 131.551791857780813, 33.440644812565161 ], [ 131.55259176377254, 33.440811469961552 ], [ 131.552679231106595, 33.442177986717738 ], [ 131.554372218721312, 33.442933567586287 ], [ 131.555064724277543, 33.442909854962643 ], [ 131.555480850443615, 33.442685593069719 ], [ 131.556491940740699, 33.44177083281329 ], [ 131.557139764662196, 33.441673201992138 ], [ 131.558116987986949, 33.440853292660975 ] ] ] } },
{ "type": "Feature", "properties": { "CITY_NAME": "杵築市", "S_NAME": "大字相原", "JINKO": 428, "medical_area": "44_東部医療圏", "町丁目名": "杵築市大字相原" }, "geometry": { "type": "Polygon", "coordinates": [ [ [ 131.572881759716807, 33.408624886905166 ], [ 131.574262078702105, 33.408667141268431 ], [ 131.574929898307317, 33.407405335691465 ], [ 131.575123937286406, 33.406701604977201 ], [ 131.576293394242185, 33.406525870174988 ], [ 131.577642123412772, 33.406686264516289 ], [ 131.580631220033212, 33.406031032040794 ], [ 131.582931606993213, 33.406004522558852 ], [ 131.583373656772494, 33.405109547235924 ], [ 131.58222933555669, 33.402788266935133 ], [ 131.581818135087246, 33.40006941847102 ], [ 131.581883331790635, 33.398833725412381 ], [ 131.582198028742141, 33.398100398114721 ], [ 131.583682489502024, 33.398546263997673 ], [ 131.584891985626058, 33.398569545700624 ], [ 131.585639122258897, 33.398136792912858 ], [ 131.585551520571926, 33.397091914281553 ], [ 131.58503905705075, 33.396032843979356 ], [ 131.584455960447372, 33.395383491967657 ], [ 131.582010788668526, 33.393340830324171 ], [ 131.581407930165767, 33.392307542012063 ], [ 131.581174668374359, 33.39102304059967 ], [ 131.580061675007244, 33.389903698392587 ], [ 131.577218924370527, 33.389502569281397 ], [ 131.573871145507212, 33.389350232552275 ], [ 131.570983946010699, 33.389503821488162 ], [ 131.568225902611999, 33.388872522840707 ], [ 131.566734210359385, 33.38817159672071 ], [ 131.565980067500561, 33.388302541736557 ], [ 131.566724342669232, 33.390167347527147 ], [ 131.566569077139746, 33.39045282555103 ], [ 131.566855935487069, 33.391709745283983 ], [ 131.56880449113541, 33.393690115695058 ], [ 131.569399737556552, 33.394652951295818 ], [ 131.569257856774186, 33.395220395274613 ], [ 131.569492362966059, 33.395825037122655 ], [ 131.569417130334443, 33.396722284576441 ], [ 131.568468015251511, 33.39688179712612 ], [ 131.56833802402204, 33.397154450432694 ], [ 131.568512823735148, 33.397540461510609 ], [ 131.568470819945674, 33.398093256678081 ], [ 131.566123105561843, 33.397088087094822 ], [ 131.565345942016307, 33.397593203044913 ], [ 131.564961117480749, 33.397641734997578 ], [ 131.563061011055908, 33.39727843595913 ], [ 131.561401304035712, 33.397266840740514 ], [ 131.561032144481686, 33.397387531510176 ], [ 131.560467074089303, 33.398008665544779 ], [ 131.560249513126394, 33.397909619295739 ], [ 131.559865252833021, 33.398420249596519 ], [ 131.558002104057806, 33.397721377420098 ], [ 131.556668287562871, 33.399654509484868 ], [ 131.556067188097614, 33.400097632685501 ], [ 131.556522134534504, 33.400909727681601 ], [ 131.557220183959686, 33.401642780105192 ], [ 131.560781460230402, 33.401057689293701 ], [ 131.561648225051698, 33.402187713654932 ], [ 131.562042950589188, 33.403113400496416 ], [ 131.563592733914078, 33.404990282355897 ], [ 131.564991749016542, 33.406251922353519 ], [ 131.565215824175425, 33.406834186570002 ], [ 131.565125632076359, 33.407919671777186 ], [ 131.565244052178883, 33.408190838800138 ], [ 131.565862822185778, 33.408689790683852 ], [ 131.566492154201455, 33.409482167436707 ], [ 131.566494670105044, 33.409869781098784 ], [ 131.566953935274739, 33.410081440786435 ], [ 131.567237907704367, 33.410622461402028 ], [ 131.569906856490519, 33.409482776921962 ], [ 131.572881759716807, 33.408624886905166 ] ] ] } },
{ "type": "Feature", "properties": { "CITY_NAME": "杵築市", "S_NAME": "大字中", "JINKO": 555, "medical_area": "44_東部医療圏", "町丁目名": "杵築市大字中" }, "geometry": { "type": "Polygon", "coordinates": [ [ [ 131.594845531558803, 33.417147969445367 ], [ 131.59574846912767, 33.417109854130736 ], [ 131.59655241094157, 33.416747736850247 ], [ 131.59694276454033, 33.416049711839754 ], [ 131.596028974892334, 33.412738857394594 ], [ 131.595414968447812, 33.411981414893553 ], [ 131.594628601339963, 33.41137012814751 ], [ 131.594245643892009, 33.410790716153507 ], [ 131.594429559986679, 33.409975375625308 ], [ 131.594923650910602, 33.409121385292465 ], [ 131.596741612419351, 33.408484057698388 ], [ 131.597821987398618, 33.408465359008453 ], [ 131.598896614526637, 33.408777811173671 ], [ 131.599653279012188, 33.409169565080454 ], [ 131.601308596927822, 33.411239912710222 ], [ 131.601746285052968, 33.411562227024561 ], [ 131.60245696987306, 33.411714212836465 ], [ 131.602842208591284, 33.411480537767204 ], [ 131.602940203811471, 33.41056891273734 ], [ 131.602184981012613, 33.409904684648929 ], [ 131.602016770341322, 33.409128800399458 ], [ 131.601038169727957, 33.408311657628659 ], [ 131.596424653493244, 33.406758601598057 ], [ 131.595989000359708, 33.407653634876212 ], [ 131.594949628085288, 33.407328168857184 ], [ 131.59439870061891, 33.407705619756229 ], [ 131.593862590503477, 33.407831047676183 ], [ 131.592533874783385, 33.407468906818437 ], [ 131.590641461889646, 33.406211082665763 ], [ 131.589762037108898, 33.405022732269785 ], [ 131.589646649434883, 33.404597296114908 ], [ 131.589682901465181, 33.40215848442103 ], [ 131.589243519414737, 33.401698704850865 ], [ 131.588801099153727, 33.400429139306894 ], [ 131.58908996185383, 33.399789957191999 ], [ 131.588487881032307, 33.399230952162249 ], [ 131.587825954082291, 33.398638276868454 ], [ 131.586667477903518, 33.398285878366814 ], [ 131.586747439632063, 33.398125520877336 ], [ 131.586604518855381, 33.398134192899086 ], [ 131.586156712505954, 33.397476531051737 ], [ 131.585772123256163, 33.398064170533488 ], [ 131.584477872347833, 33.398651208116419 ], [ 131.582198028742141, 33.398100398114721 ], [ 131.581883331790635, 33.398833725412381 ], [ 131.581818135087246, 33.40006941847102 ], [ 131.58222933555669, 33.402788266935133 ], [ 131.583373656772494, 33.405109547235924 ], [ 131.582931606993213, 33.406004522558852 ], [ 131.580631220033212, 33.406031032040794 ], [ 131.577642123412772, 33.406686264516289 ], [ 131.576293394242185, 33.406525870174988 ], [ 131.575123937286406, 33.406701604977201 ], [ 131.574929898307317, 33.407405335691465 ], [ 131.574262078702105, 33.408667141268431 ], [ 131.57576433839165, 33.409082069193332 ], [ 131.577146642348623, 33.409023653027575 ], [ 131.578405834367544, 33.40872786679882 ], [ 131.57975733686979, 33.407979765852538 ], [ 131.580782105771817, 33.407926959984849 ], [ 131.582464310891368, 33.408080386212667 ], [ 131.583255760180407, 33.408574817956044 ], [ 131.584656585531206, 33.4090062491995 ], [ 131.587400540045792, 33.409216974163577 ], [ 131.588029503624085, 33.409542056397058 ], [ 131.588549000143644, 33.410117420231543 ], [ 131.588821944939809, 33.410707020706241 ], [ 131.588732648371035, 33.411307642108333 ], [ 131.590732720438496, 33.412987239766807 ], [ 131.592151436876208, 33.414687091333278 ], [ 131.592691660112166, 33.415860567169652 ], [ 131.593211298959687, 33.416378535930171 ], [ 131.594845531558803, 33.417147969445367 ] ] ] } },
{ "type": "Feature", "properties": { "CITY_NAME": "杵築市", "S_NAME": "大字日野", "JINKO": 562, "medical_area": "44_東部医療圏", "町丁目名": "杵築市大字日野" }, "geometry": { "type": "Polygon", "coordinates": [ [ [ 131.604308522575678, 33.407205739359767 ], [ 131.60423766992335, 33.406457171152837 ], [ 131.60488878553187, 33.406154070605012 ], [ 131.605456166011237, 33.405467477672786 ], [ 131.605681603082076, 33.404636590702232 ], [ 131.606387730997369, 33.403337454154048 ], [ 131.606268269972958, 33.403298060907076 ], [ 131.607278854967376, 33.402598126449426 ], [ 131.607538852725497, 33.402055121803841 ], [ 131.607900730906522, 33.401769097199114 ], [ 131.608006422175436, 33.400460432518045 ], [ 131.60925565004419, 33.399558816967634 ], [ 131.609254648690239, 33.397808941471283 ], [ 131.610008433716246, 33.395539364601397 ], [ 131.609653445956184, 33.393764466283429 ], [ 131.610016144577116, 33.393297206432642 ], [ 131.610085956490991, 33.392161975824003 ], [ 131.609560589715244, 33.390667166552646 ], [ 131.609140466352756, 33.390685089308079 ], [ 131.608793519380072, 33.390039120805262 ], [ 131.607666130872843, 33.389433097688624 ], [ 131.606494220091093, 33.389053097264117 ], [ 131.605776532683109, 33.389127807195123 ], [ 131.604810352982071, 33.38863734691509 ], [ 131.604344484420523, 33.388859595039072 ], [ 131.603692241375597, 33.388878742777216 ], [ 131.60258070931701, 33.389704542731657 ], [ 131.602272014292083, 33.390306488264599 ], [ 131.600069716344819, 33.39058074233084 ], [ 131.599968117827729, 33.391092383021828 ], [ 131.59743724939699, 33.393701871806371 ], [ 131.596201527945993, 33.393805578150811 ], [ 131.595023703532092, 33.394591246881539 ], [ 131.594075580130635, 33.394515041632587 ], [ 131.59239518618952, 33.395175596345929 ], [ 131.588331543517512, 33.395981406058524 ], [ 131.587497418459492, 33.395906719843786 ], [ 131.585607369321139, 33.39403475191471 ], [ 131.583761537102617, 33.393454737933617 ], [ 131.581174668374359, 33.39102304059967 ], [ 131.581407930165767, 33.392307542012063 ], [ 131.582010788668526, 33.393340830324171 ], [ 131.58503905705075, 33.396032843979356 ], [ 131.585551520571926, 33.397091914281553 ], [ 131.585639122258897, 33.398136792912858 ], [ 131.586156712505954, 33.397476531051737 ], [ 131.586604518855381, 33.398134192899086 ], [ 131.586747439632063, 33.398125520877336 ], [ 131.586667477903518, 33.398285878366814 ], [ 131.587825954082291, 33.398638276868454 ], [ 131.58908996185383, 33.399789957191999 ], [ 131.588801099153727, 33.400429139306894 ], [ 131.589243519414737, 33.401698704850865 ], [ 131.589682901465181, 33.40215848442103 ], [ 131.589675135122889, 33.404760417783507 ], [ 131.590641461889646, 33.406211082665763 ], [ 131.591107734085284, 33.406574929401224 ], [ 131.592533874783385, 33.407468906818437 ], [ 131.593862590503477, 33.407831047676183 ], [ 131.59439870061891, 33.407705619756229 ], [ 131.594949628085288, 33.407328168857184 ], [ 131.595989000359708, 33.407653634876212 ], [ 131.596424653493244, 33.406758601598057 ], [ 131.601038169727957, 33.408311657628659 ], [ 131.602016770341322, 33.409128800399458 ], [ 131.602714309555409, 33.407717087608241 ], [ 131.604308522575678, 33.407205739359767 ] ] ] } },
{ "type": "Feature", "properties": { "CITY_NAME": "杵築市", "S_NAME": "大字鴨川", "JINKO": 261, "medical_area": "44_東部医療圏", "町丁目名": "杵築市大字鴨川" }, "geometry": { "type": "Polygon", "coordinates": [ [ [ 131.611297957675674, 33.452063793084839 ], [ 131.612611095423063, 33.448164019246128 ], [ 131.612818731061623, 33.447027109583118 ], [ 131.612771770070054, 33.446406938596965 ], [ 131.610734032781522, 33.440143765637167 ], [ 131.608764519457111, 33.437899452758415 ], [ 131.60841127205083, 33.437247313302812 ], [ 131.608184934291273, 33.436087979784901 ], [ 131.608249073187892, 33.434219735014835 ], [ 131.608964200134238, 33.432948629311802 ], [ 131.610315682268578, 33.431716800796146 ], [ 131.610393837921293, 33.431089312631414 ], [ 131.610678971671973, 33.430762065969951 ], [ 131.612978554322069, 33.429868769134501 ], [ 131.609476956654476, 33.429064496384136 ], [ 131.607426632839037, 33.428816899703534 ], [ 131.606035283916299, 33.428870375253695 ], [ 131.604533279984253, 33.429340743354281 ], [ 131.604108523680509, 33.429096359325101 ], [ 131.603828198283367, 33.428489073968549 ], [ 131.603501923053472, 33.428318879974974 ], [ 131.602979422385971, 33.428754556020998 ], [ 131.602927565627795, 33.428982629357797 ], [ 131.603502510279981, 33.429047037480792 ], [ 131.603797983876859, 33.429269652996034 ], [ 131.603785660319602, 33.4294190571676 ], [ 131.602797721333246, 33.429851432197218 ], [ 131.602213773968231, 33.430418115416316 ], [ 131.602262043459916, 33.430959327516398 ], [ 131.602876763493668, 33.431342734026813 ], [ 131.602829076520862, 33.432853848500102 ], [ 131.602683949897084, 33.433159972080631 ], [ 131.601709172178658, 33.433418169759115 ], [ 131.600633129373449, 33.434167434349483 ], [ 131.599395707169379, 33.434556822155102 ], [ 131.59722002705962, 33.436578586721275 ], [ 131.596034527424536, 33.436629772171003 ], [ 131.595741062581141, 33.436787151644744 ], [ 131.596182708972094, 33.43730579148292 ], [ 131.597333895326756, 33.437952670109091 ], [ 131.599204794317103, 33.438035182630571 ], [ 131.59998712094648, 33.437647965533692 ], [ 131.600047344984574, 33.436480220161464 ], [ 131.600740921900126, 33.43559836809024 ], [ 131.602294054029301, 33.436623844915609 ], [ 131.602692315867387, 33.438438938030608 ], [ 131.605606312094807, 33.441775493674747 ], [ 131.606368978063387, 33.44297644779251 ], [ 131.606533463067734, 33.4435622384607 ], [ 131.60650412690498, 33.44424911680408 ], [ 131.607213954480954, 33.445212816455076 ], [ 131.607015753228666, 33.445668753585878 ], [ 131.607062697853223, 33.446526961773365 ], [ 131.606916923683286, 33.447157203459348 ], [ 131.607036435982792, 33.447654484581136 ], [ 131.60690696227104, 33.449882610719861 ], [ 131.607297926187698, 33.450153280506761 ], [ 131.608576282549535, 33.450258982701946 ], [ 131.609555116134032, 33.450721501327294 ], [ 131.610445135031455, 33.451352390119254 ], [ 131.61082744680499, 33.452046638333933 ], [ 131.611297957675674, 33.452063793084839 ] ] ] } },
{ "type": "Feature", "properties": { "CITY_NAME": "杵築市", "S_NAME": "大字岩谷", "JINKO": 103, "medical_area": "44_東部医療圏", "町丁目名": "杵築市大字岩谷" }, "geometry": { "type": "Polygon", "coordinates": [ [ [ 131.605538846631958, 33.47755532816538 ], [ 131.605912246338676, 33.475887455071422 ], [ 131.608136484524351, 33.472886921185172 ], [ 131.608309765992459, 33.471718531298748 ], [ 131.608598132852848, 33.471221245118016 ], [ 131.608537662416467, 33.470463894466022 ], [ 131.609861927602111, 33.470325146204146 ], [ 131.613106367004946, 33.470662113736928 ], [ 131.614460708151114, 33.471208096032186 ], [ 131.616713107151327, 33.47113603177538 ], [ 131.617627376735015, 33.470799587737396 ], [ 131.618346580892421, 33.470769533945123 ], [ 131.61830225025804, 33.466971010633628 ], [ 131.618527839072243, 33.466526929730861 ], [ 131.619577054008602, 33.46632333737071 ], [ 131.620340780402074, 33.466566761129521 ], [ 131.621512926208794, 33.466564848438473 ], [ 131.622215765577209, 33.466455539140526 ], [ 131.623005177011294, 33.466029959743764 ], [ 131.625424554905436, 33.465545824813844 ], [ 131.626209693586162, 33.465552632748242 ], [ 131.627076431921921, 33.465943327677756 ], [ 131.628425483737402, 33.465838041790541 ], [ 131.629061664864565, 33.464381247930135 ], [ 131.630308108995479, 33.462330786031295 ], [ 131.627947653900947, 33.46231023093987 ], [ 131.626919321026833, 33.461702404948362 ], [ 131.626582982675359, 33.457959915042203 ], [ 131.626188675249352, 33.456714628574431 ], [ 131.625760116841747, 33.456181559380148 ], [ 131.624686441415378, 33.455906397148496 ], [ 131.619923183490187, 33.456939476207452 ], [ 131.617358163329214, 33.456990022954948 ], [ 131.615191333878755, 33.457262517424503 ], [ 131.614375760426014, 33.456886977775319 ], [ 131.613166947783952, 33.454990191862322 ], [ 131.612588513590026, 33.454332846796277 ], [ 131.612306619508956, 33.45424463610874 ], [ 131.612062058433708, 33.454267083987254 ], [ 131.611789102656076, 33.454650385572172 ], [ 131.611620276975344, 33.45544819800071 ], [ 131.61103124745452, 33.456090076879612 ], [ 131.609438038805507, 33.456729820189231 ], [ 131.60897138915206, 33.457173028728114 ], [ 131.608402739179269, 33.457114533775609 ], [ 131.607527542283492, 33.456656674292489 ], [ 131.607015462332356, 33.456635620388269 ], [ 131.606335171800737, 33.457103429257373 ], [ 131.605496544091267, 33.457050963071033 ], [ 131.604236413755132, 33.457460306303318 ], [ 131.602902516070714, 33.457381917838802 ], [ 131.602371818659179, 33.457518908326591 ], [ 131.601768527117429, 33.457323747143434 ], [ 131.600161623624274, 33.457220730626801 ], [ 131.599561483597455, 33.457483015020287 ], [ 131.598105186430786, 33.457190589215926 ], [ 131.597167903962912, 33.457520499214411 ], [ 131.596828453282285, 33.457243912628037 ], [ 131.596516940963937, 33.457346819454905 ], [ 131.595334480961583, 33.457201582622822 ], [ 131.594840466990377, 33.457359570705179 ], [ 131.593408036842305, 33.457265074085171 ], [ 131.592014456423186, 33.457507524817949 ], [ 131.590885787123511, 33.45741154623817 ], [ 131.58807457416836, 33.459334760696187 ], [ 131.586281465577912, 33.462050241280018 ], [ 131.585124825062849, 33.464908680019768 ], [ 131.584183288555835, 33.466495499246903 ], [ 131.584227074152352, 33.466907855335684 ], [ 131.584628829025405, 33.467301301989217 ], [ 131.58545222681505, 33.467281530884058 ], [ 131.586255427189116, 33.467781520791988 ], [ 131.58664736045327, 33.468579607294657 ], [ 131.5865867181314, 33.469415552504806 ], [ 131.587054685863706, 33.470263543224249 ], [ 131.587602535795526, 33.470791154524811 ], [ 131.587788592741958, 33.471476556228367 ], [ 131.591579758491889, 33.473794910704903 ], [ 131.594144387283507, 33.474607693209734 ], [ 131.594916025770914, 33.474623818761415 ], [ 131.595552257219225, 33.475145723053124 ], [ 131.597246150645304, 33.475284338686201 ], [ 131.597833719583662, 33.476068204487405 ], [ 131.598410360321168, 33.476403944873361 ], [ 131.599366388466279, 33.476620128997503 ], [ 131.600287107633079, 33.476286402613454 ], [ 131.600684150986666, 33.476662663676606 ], [ 131.601646922434099, 33.476484761588708 ], [ 131.603198885966009, 33.476631904478133 ], [ 131.604805740648345, 33.477408158590258 ], [ 131.605538846631958, 33.47755532816538 ] ] ] } },
{ "type": "Feature", "properties": { "CITY_NAME": "杵築市", "S_NAME": "大字溝井", "JINKO": 607, "medical_area": "44_東部医療圏", "町丁目名": "杵築市大字溝井" }, "geometry": { "type": "Polygon", "coordinates": [ [ [ 131.607213954480954, 33.445212816455076 ], [ 131.60650412690498, 33.44424911680408 ], [ 131.606533463067734, 33.4435622384607 ], [ 131.606368978063387, 33.44297644779251 ], [ 131.605606312094807, 33.441775493674747 ], [ 131.602692315867387, 33.438438938030608 ], [ 131.602294054029301, 33.436623844915609 ], [ 131.600740921900126, 33.43559836809024 ], [ 131.600047344984574, 33.436480220161464 ], [ 131.59998712094648, 33.437647965533692 ], [ 131.599204794317103, 33.438035182630571 ], [ 131.597333895326756, 33.437952670109091 ], [ 131.596182708972094, 33.43730579148292 ], [ 131.595741062581141, 33.436787151644744 ], [ 131.596034527424536, 33.436629772171003 ], [ 131.59722002705962, 33.436578586721275 ], [ 131.599395707169379, 33.434556822155102 ], [ 131.600633129373449, 33.434167434349483 ], [ 131.601709172178658, 33.433418169759115 ], [ 131.602683949897084, 33.433159972080631 ], [ 131.602829076520862, 33.432853848500102 ], [ 131.602876763493668, 33.431342734026813 ], [ 131.602262043459916, 33.430959327516398 ], [ 131.601547841962059, 33.43104310184323 ], [ 131.601705870948763, 33.431352259887447 ], [ 131.600400963544928, 33.431677843746655 ], [ 131.600214880058616, 33.431820658543764 ], [ 131.600257466456924, 33.43217891434783 ], [ 131.598305331936587, 33.432294793194202 ], [ 131.597824237392871, 33.432282179551336 ], [ 131.596961249304627, 33.431774726833041 ], [ 131.595978334048993, 33.431646916602737 ], [ 131.594582910200103, 33.430130089566525 ], [ 131.593061081611211, 33.427698969760009 ], [ 131.592844357876714, 33.426932637884597 ], [ 131.592272148015127, 33.425957019643882 ], [ 131.592763175795739, 33.425799725607121 ], [ 131.593126731109322, 33.423659104178498 ], [ 131.592223774042935, 33.423927911277517 ], [ 131.591802881132992, 33.424291873799298 ], [ 131.591308859961828, 33.424273378681733 ], [ 131.590386054512152, 33.424534554840918 ], [ 131.58858919322725, 33.423315612813461 ], [ 131.588179790528926, 33.422776880854791 ], [ 131.58741340145977, 33.422605667501919 ], [ 131.586302474050882, 33.421669483128092 ], [ 131.58442438950064, 33.421967219155142 ], [ 131.584004812393886, 33.421910025292874 ], [ 131.583098796715205, 33.422342399650191 ], [ 131.581588612011558, 33.422426043034584 ], [ 131.579254120626416, 33.421493814715795 ], [ 131.578372681092532, 33.420631336099554 ], [ 131.577831378319132, 33.420362395790093 ], [ 131.577367194412545, 33.420462024136739 ], [ 131.576958254187844, 33.421382732881419 ], [ 131.576197557068326, 33.421697756646417 ], [ 131.575986561062876, 33.422395562013016 ], [ 131.574592468574565, 33.423328383210809 ], [ 131.574438914495801, 33.424766844917954 ], [ 131.573731271527777, 33.425715067260406 ], [ 131.573746360104451, 33.426214676430057 ], [ 131.574146863140356, 33.42745705111593 ], [ 131.573963590745791, 33.429194407439915 ], [ 131.574239454732265, 33.429870887916863 ], [ 131.574035654334608, 33.430282465145382 ], [ 131.574308694061131, 33.430759384837089 ], [ 131.574031841586987, 33.431145516273602 ], [ 131.573185910115342, 33.431475710324882 ], [ 131.572298007877578, 33.432253705665261 ], [ 131.571631308202484, 33.434055520052318 ], [ 131.571647065238523, 33.434933871806429 ], [ 131.570997096314443, 33.436241989337816 ], [ 131.570739134824606, 33.437226210092554 ], [ 131.569174721707299, 33.439847764382279 ], [ 131.569297582402129, 33.442612199918898 ], [ 131.570117934946154, 33.442934693826821 ], [ 131.570570066838798, 33.443401106481119 ], [ 131.570423457871868, 33.44385840574023 ], [ 131.571442103185717, 33.445232776216628 ], [ 131.571697602390401, 33.444870253255999 ], [ 131.571927380063784, 33.444819704402846 ], [ 131.572558296686736, 33.444742578021547 ], [ 131.572978295641065, 33.444898958937905 ], [ 131.573790168539148, 33.444519196321572 ], [ 131.576117852309778, 33.444466323653202 ], [ 131.577679522651721, 33.443704609441895 ], [ 131.578924358574398, 33.442768704528966 ], [ 131.579581705512737, 33.442674116880454 ], [ 131.580303205777909, 33.442913137951585 ], [ 131.580993366103087, 33.443755872944415 ], [ 131.581401834831439, 33.443951835455799 ], [ 131.58372448370136, 33.443552005289426 ], [ 131.5849094139991, 33.443883699663566 ], [ 131.586733568441389, 33.443597514692335 ], [ 131.591297640000619, 33.443681681421069 ], [ 131.592358521149436, 33.445596623737828 ], [ 131.592769815027566, 33.445745336889921 ], [ 131.595601452068763, 33.445241311785303 ], [ 131.596715684597712, 33.445355384904332 ], [ 131.597060905842739, 33.444930207005363 ], [ 131.597313021828938, 33.444860342768841 ], [ 131.598386399169016, 33.445095521361452 ], [ 131.600595688478961, 33.446710131833719 ], [ 131.602543094021911, 33.447458945990064 ], [ 131.603975632151105, 33.447798208408216 ], [ 131.604255081579964, 33.448718226192319 ], [ 131.60506198868049, 33.448908858455418 ], [ 131.605944340768474, 33.449645694148636 ], [ 131.606914800316929, 33.449795431362283 ], [ 131.607036435982792, 33.447654484581136 ], [ 131.606916923683286, 33.447157203459348 ], [ 131.607062697853223, 33.446526961773365 ], [ 131.607015753228666, 33.445668753585878 ], [ 131.607213954480954, 33.445212816455076 ] ] ] } },
{ "type": "Feature", "properties": { "CITY_NAME": "杵築市", "S_NAME": "大字船部", "JINKO": 332, "medical_area": "44_東部医療圏", "町丁目名": "杵築市大字船部" }, "geometry": { "type": "Polygon", "coordinates": [ [ [ 131.584752463764204, 33.465555469263847 ], [ 131.586281465577912, 33.462050241280018 ], [ 131.58807457416836, 33.459334760696187 ], [ 131.590706253067083, 33.45748313024292 ], [ 131.592014456423186, 33.457507524817949 ], [ 131.59357673378932, 33.457250104814982 ], [ 131.594840466990377, 33.457359570705179 ], [ 131.595334480961583, 33.457201582622822 ], [ 131.596516940963937, 33.457346819454905 ], [ 131.596828453282285, 33.457243912628037 ], [ 131.597167903962912, 33.457520499214411 ], [ 131.598105186430786, 33.457190589215926 ], [ 131.599561483597455, 33.457483015020287 ], [ 131.600161623624274, 33.457220730626801 ], [ 131.601768527117429, 33.457323747143434 ], [ 131.602371818659179, 33.457518908326591 ], [ 131.602902516070714, 33.457381917838802 ], [ 131.604236413755132, 33.457460306303318 ], [ 131.605496544091267, 33.457050963071033 ], [ 131.606335171800737, 33.457103429257373 ], [ 131.607015462332356, 33.456635620388269 ], [ 131.607527542283492, 33.456656674292489 ], [ 131.608402739179269, 33.457114533775609 ], [ 131.60897138915206, 33.457173028728114 ], [ 131.609438038805507, 33.456729820189231 ], [ 131.61103124745452, 33.456090076879612 ], [ 131.611620276975344, 33.45544819800071 ], [ 131.611789102656076, 33.454650385572172 ], [ 131.612062058433708, 33.454267083987254 ], [ 131.611088442495202, 33.452607251143519 ], [ 131.611297957675674, 33.452063793084839 ], [ 131.61082744680499, 33.452046638333933 ], [ 131.610568055831152, 33.451492990260846 ], [ 131.610167613819129, 33.451112802054595 ], [ 131.608745123429145, 33.450321446994074 ], [ 131.607297926187698, 33.450153280506761 ], [ 131.606914800316929, 33.449795431362283 ], [ 131.605944340768474, 33.449645694148636 ], [ 131.60506198868049, 33.448908858455418 ], [ 131.604186407761063, 33.448661324765297 ], [ 131.604168981874466, 33.448117754084848 ], [ 131.603975632151105, 33.447798208408216 ], [ 131.602543094021911, 33.447458945990064 ], [ 131.600595688478961, 33.446710131833719 ], [ 131.598386399169016, 33.445095521361452 ], [ 131.597313021828938, 33.444860342768841 ], [ 131.597060905842739, 33.444930207005363 ], [ 131.596715684597712, 33.445355384904332 ], [ 131.595601452068763, 33.445241311785303 ], [ 131.592769815027566, 33.445745336889921 ], [ 131.592083445104407, 33.445300346506507 ], [ 131.591297640000619, 33.443681681421069 ], [ 131.586733568441389, 33.443597514692335 ], [ 131.5849094139991, 33.443883699663566 ], [ 131.58372448370136, 33.443552005289426 ], [ 131.581401834831439, 33.443951835455799 ], [ 131.580993366103087, 33.443755872944415 ], [ 131.580303205777909, 33.442913137951585 ], [ 131.579581705512737, 33.442674116880454 ], [ 131.578924358574398, 33.442768704528966 ], [ 131.577679522651721, 33.443704609441895 ], [ 131.576117852309778, 33.444466323653202 ], [ 131.573790168539148, 33.444519196321572 ], [ 131.572978295641065, 33.444898958937905 ], [ 131.572558296686736, 33.444742578021547 ], [ 131.571697602390401, 33.444870253255999 ], [ 131.57132967878303, 33.445361292029418 ], [ 131.570465147783096, 33.445712105875259 ], [ 131.569745902800719, 33.446807509354009 ], [ 131.569070517601233, 33.44727614099186 ], [ 131.568898843254885, 33.447571103678911 ], [ 131.568054240909561, 33.447767993922362 ], [ 131.5676889264561, 33.448013265074636 ], [ 131.566673603489818, 33.448093285020526 ], [ 131.566078857807724, 33.448683331605132 ], [ 131.563706455683757, 33.450128244177286 ], [ 131.563564910457416, 33.45089348892774 ], [ 131.562473384309016, 33.451643253101174 ], [ 131.562613542559035, 33.452854853399536 ], [ 131.56292593253707, 33.453657660559358 ], [ 131.562721551800422, 33.456396088411452 ], [ 131.562970801982232, 33.456933750164239 ], [ 131.563621005131978, 33.457354692683779 ], [ 131.561657994930755, 33.457831071494851 ], [ 131.561090774472007, 33.457668658805233 ], [ 131.560562046976742, 33.457115599822195 ], [ 131.560148626103313, 33.457149415226567 ], [ 131.56015487944677, 33.458002324595441 ], [ 131.560437511094648, 33.458576541178516 ], [ 131.56065501697546, 33.460030582901197 ], [ 131.561141518279697, 33.459943848636271 ], [ 131.561545674538394, 33.460067902914766 ], [ 131.561843087947693, 33.460267990036741 ], [ 131.562173687553354, 33.460953534839597 ], [ 131.563412919435422, 33.461140326958507 ], [ 131.564559558402067, 33.462086818655521 ], [ 131.566087010877283, 33.462398548105121 ], [ 131.567677175473193, 33.46313567369409 ], [ 131.569318912210065, 33.463555253107089 ], [ 131.571343976241593, 33.464445029926495 ], [ 131.571782965021413, 33.464511760386515 ], [ 131.57424035460005, 33.464208196404741 ], [ 131.575451304408858, 33.464351995554949 ], [ 131.577363814287992, 33.465382386211736 ], [ 131.577793158060047, 33.46541740477501 ], [ 131.580218240180187, 33.464997532838474 ], [ 131.581750751433731, 33.465570785707165 ], [ 131.582869783519982, 33.465646191591688 ], [ 131.584183288555835, 33.466495499246903 ], [ 131.584752463764204, 33.465555469263847 ] ] ] } },
{ "type": "Feature", "properties": { "CITY_NAME": "杵築市", "S_NAME": "大字大片平", "JINKO": 89, "medical_area": "44_東部医療圏", "町丁目名": "杵築市大字大片平" }, "geometry": { "type": "Polygon", "coordinates": [ [ [ 131.563573016835761, 33.457243962247261 ], [ 131.562970801982232, 33.456933750164239 ], [ 131.562721551800422, 33.456396088411452 ], [ 131.56292593253707, 33.453657660559358 ], [ 131.562613542559035, 33.452854853399536 ], [ 131.562473384309016, 33.451643253101174 ], [ 131.563564910457416, 33.45089348892774 ], [ 131.563706455683757, 33.450128244177286 ], [ 131.566078857807724, 33.448683331605132 ], [ 131.566673603489818, 33.448093285020526 ], [ 131.5676889264561, 33.448013265074636 ], [ 131.568054240909561, 33.447767993922362 ], [ 131.568746868423773, 33.447679157425647 ], [ 131.569745902800719, 33.446807509354009 ], [ 131.570465147783096, 33.445712105875259 ], [ 131.571442103185717, 33.445232776216628 ], [ 131.570423457871868, 33.44385840574023 ], [ 131.570570066838798, 33.443401106481119 ], [ 131.570117934946154, 33.442934693826821 ], [ 131.569297582402129, 33.442612199918898 ], [ 131.569174721707299, 33.439847764382279 ], [ 131.570739134824606, 33.437226210092554 ], [ 131.570997096314443, 33.436241989337816 ], [ 131.571647065238523, 33.434933871806429 ], [ 131.571631308202484, 33.434055520052318 ], [ 131.572298007877578, 33.432253705665261 ], [ 131.573185910115342, 33.431475710324882 ], [ 131.574031841586987, 33.431145516273602 ], [ 131.574308694061131, 33.430759384837089 ], [ 131.574035654334608, 33.430282465145382 ], [ 131.574239454732265, 33.429870887916863 ], [ 131.573963590745791, 33.429194407439915 ], [ 131.574146863140356, 33.42745705111593 ], [ 131.573746360104451, 33.426214676430057 ], [ 131.573731271527777, 33.425715067260406 ], [ 131.574438914495801, 33.424766844917954 ], [ 131.574592468574565, 33.423328383210809 ], [ 131.575645439087168, 33.422661536279605 ], [ 131.575069487571852, 33.422592039520389 ], [ 131.574131278623213, 33.421938351906313 ], [ 131.573464721061043, 33.422001037937811 ], [ 131.571778199957066, 33.421537202140911 ], [ 131.571998756880674, 33.421986232393103 ], [ 131.572119766589935, 33.423063580823012 ], [ 131.571482653019842, 33.424551512657146 ], [ 131.571305251339481, 33.425576206054821 ], [ 131.57188855781115, 33.427344969820233 ], [ 131.569771994412093, 33.42820798473101 ], [ 131.569393667708738, 33.428152839576079 ], [ 131.56884742595966, 33.428346297768499 ], [ 131.568328789563367, 33.429063776612971 ], [ 131.566695154613853, 33.430037821014018 ], [ 131.563379155299629, 33.430728429826544 ], [ 131.562381076842684, 33.431342537292082 ], [ 131.561776125157962, 33.431987786299942 ], [ 131.561550353518726, 33.433537456270642 ], [ 131.562234487747844, 33.43680046330374 ], [ 131.561802440982547, 33.438359253554708 ], [ 131.560508172286291, 33.439141487577253 ], [ 131.559104224126571, 33.440443141814136 ], [ 131.558116987986949, 33.440853292660975 ], [ 131.557139764662196, 33.441673201992138 ], [ 131.556491940740699, 33.44177083281329 ], [ 131.55577199190347, 33.442501023633582 ], [ 131.555064724277543, 33.442909854962643 ], [ 131.554372218721312, 33.442933567586287 ], [ 131.552786093673205, 33.442261090392044 ], [ 131.553624790107079, 33.443370222459357 ], [ 131.554447112024064, 33.444148894466217 ], [ 131.555883316334842, 33.446656780388665 ], [ 131.557294724158766, 33.447290692383156 ], [ 131.557340752097645, 33.448112426956698 ], [ 131.559306911449568, 33.449267177732018 ], [ 131.55758719422866, 33.45107525414199 ], [ 131.556689250370482, 33.451904802175797 ], [ 131.556227243673646, 33.452122722471756 ], [ 131.556748296474865, 33.452411733967033 ], [ 131.557219748085799, 33.453332250705976 ], [ 131.557221870355676, 33.453663151369405 ], [ 131.556974993173299, 33.453973619201953 ], [ 131.557777347737272, 33.454299115010592 ], [ 131.558622907297888, 33.45433129351958 ], [ 131.559627993329485, 33.45548319461335 ], [ 131.559767482702455, 33.455820659623178 ], [ 131.559710365172208, 33.456281342121265 ], [ 131.560071092832601, 33.456659190886313 ], [ 131.560148626103313, 33.457149415226567 ], [ 131.560620936664293, 33.457144849074616 ], [ 131.561090774472007, 33.457668658805233 ], [ 131.561657994930755, 33.457831071494851 ], [ 131.563583804986109, 33.457449926922237 ], [ 131.563573016835761, 33.457243962247261 ] ] ] } },
{ "type": "Feature", "properties": { "CITY_NAME": "杵築市", "S_NAME": "大字横城", "JINKO": 88, "medical_area": "44_東部医療圏", "町丁目名": "杵築市大字横城" }, "geometry": { "type": "Polygon", "coordinates": [ [ [ 131.70896071362958, 33.451340504316271 ], [ 131.708161777075418, 33.450576353158418 ], [ 131.707934714151776, 33.449935431637584 ], [ 131.708138725947663, 33.449797399433962 ], [ 131.70840458663352, 33.450062593013165 ], [ 131.708465807883471, 33.448837491129154 ], [ 131.708311746331162, 33.448420734822186 ], [ 131.708964101930121, 33.447562493773503 ], [ 131.708746784006905, 33.447354932030564 ], [ 131.708731411238205, 33.447004097994665 ], [ 131.707804877089671, 33.446840895291864 ], [ 131.707098612974931, 33.447508177957623 ], [ 131.706630975190222, 33.447654714034684 ], [ 131.704254900029696, 33.447101401481653 ], [ 131.702455692415214, 33.447209826122474 ], [ 131.701703946725331, 33.447431630981349 ], [ 131.701458012424979, 33.447304946382928 ], [ 131.70132921600262, 33.447428492254659 ], [ 131.701322543903729, 33.447116176091072 ], [ 131.700892923846141, 33.447053678786247 ], [ 131.700836991170348, 33.446864496949132 ], [ 131.699908796857471, 33.446748619957042 ], [ 131.699869732766103, 33.446315462121156 ], [ 131.699596974171186, 33.445971286546602 ], [ 131.699791380134997, 33.445421007665317 ], [ 131.699694222545219, 33.444789874903101 ], [ 131.699504330101604, 33.444597922696524 ], [ 131.699802863607829, 33.44398035046801 ], [ 131.699669055623332, 33.443472245033931 ], [ 131.69910780244561, 33.443433267721588 ], [ 131.698118481197838, 33.44378624760774 ], [ 131.69772670835863, 33.443741067004986 ], [ 131.693248346669264, 33.441999093864553 ], [ 131.692278947381681, 33.441957109062663 ], [ 131.690913483693663, 33.441590946144018 ], [ 131.689271067334431, 33.441671964073869 ], [ 131.689610080654006, 33.44113316461312 ], [ 131.689662289782376, 33.440587183505357 ], [ 131.690023531886567, 33.440209681603761 ], [ 131.690110363245083, 33.439280996469627 ], [ 131.691014738746219, 33.438509199357085 ], [ 131.691266057399986, 33.437737498149708 ], [ 131.691936931912807, 33.43708631964293 ], [ 131.693103897967518, 33.436709570575637 ], [ 131.693336451091852, 33.436473169158361 ], [ 131.693274210377353, 33.4360137987874 ], [ 131.69280939589305, 33.435726863060651 ], [ 131.692577782057526, 33.435019241104278 ], [ 131.692226547430494, 33.434798380871783 ], [ 131.689706663933748, 33.43399293533259 ], [ 131.686548941454589, 33.435643987049524 ], [ 131.685564555423014, 33.435566008142551 ], [ 131.685034366510905, 33.435242316104301 ], [ 131.684694483998442, 33.435256060649635 ], [ 131.685123896793783, 33.435823758204222 ], [ 131.685934803914563, 33.43626467275331 ], [ 131.68647898071444, 33.437015805903776 ], [ 131.686574741836267, 33.437484397124763 ], [ 131.685010130889964, 33.436673549351866 ], [ 131.683318831072427, 33.436412681050477 ], [ 131.681368541739914, 33.435308029159238 ], [ 131.681832648519674, 33.435828876771637 ], [ 131.682637146915681, 33.436373035840958 ], [ 131.681128169527682, 33.436077533896693 ], [ 131.680536786806925, 33.436126669730925 ], [ 131.680547253783288, 33.43646319260349 ], [ 131.680929133286952, 33.436965934984123 ], [ 131.680188611341492, 33.437627487719894 ], [ 131.682757038911433, 33.437353800543576 ], [ 131.684250167555575, 33.438693410687122 ], [ 131.685260764031028, 33.439095492564775 ], [ 131.685871394862147, 33.439821572630741 ], [ 131.687160188510717, 33.44055384557754 ], [ 131.686423034762782, 33.441221593584117 ], [ 131.685360686951753, 33.441745199144279 ], [ 131.684478169357448, 33.443393867558932 ], [ 131.685035069240683, 33.443576932350098 ], [ 131.685902372739889, 33.444427276301909 ], [ 131.686392688752306, 33.445186782865342 ], [ 131.686987763903801, 33.445650808668034 ], [ 131.687673740975072, 33.445572954607201 ], [ 131.688901200892246, 33.446056271014484 ], [ 131.689241146815363, 33.446496050253266 ], [ 131.689879367192731, 33.446180517330745 ], [ 131.690588181731528, 33.446413079692363 ], [ 131.690793224234312, 33.446333607583099 ], [ 131.692432870878292, 33.447146540244113 ], [ 131.692715016530002, 33.447575216238057 ], [ 131.693402349723613, 33.447883430909201 ], [ 131.693558275226252, 33.448252964257449 ], [ 131.693969601684444, 33.448471519909084 ], [ 131.693973954208928, 33.449018571351154 ], [ 131.694624533491123, 33.450043548850509 ], [ 131.696516118568354, 33.450037284719635 ], [ 131.697525924163273, 33.450496076752714 ], [ 131.698030447820344, 33.450460461111568 ], [ 131.698561981790675, 33.450198210247727 ], [ 131.699320663438698, 33.450491691221515 ], [ 131.69991938491242, 33.450978448293895 ], [ 131.700894347500451, 33.450477179382204 ], [ 131.701405566396801, 33.45043298810532 ], [ 131.701709315144342, 33.450166265217575 ], [ 131.702192903333952, 33.45048980629943 ], [ 131.70337488548563, 33.451849416246048 ], [ 131.704793938505617, 33.451837102530078 ], [ 131.705789575344369, 33.452640703340428 ], [ 131.70670430789545, 33.452678243565948 ], [ 131.706696957184079, 33.452196759597449 ], [ 131.7082063380509, 33.451995842904488 ], [ 131.708769805472571, 33.45169490597933 ], [ 131.70896071362958, 33.451340504316271 ] ] ] } },
{ "type": "Feature", "properties": { "CITY_NAME": "杵築市", "S_NAME": "大字奈多", "JINKO": 459, "medical_area": "44_東部医療圏", "町丁目名": "杵築市大字奈多" }, "geometry": { "type": "Polygon", "coordinates": [ [ [ 131.713024036183924, 33.450305253999169 ], [ 131.712681345927308, 33.449407282497496 ], [ 131.71381359470746, 33.449198440130047 ], [ 131.714239679697783, 33.449284402864301 ], [ 131.715832860002337, 33.448544419295338 ], [ 131.716477879404721, 33.448460012750203 ], [ 131.71742333741031, 33.448623034087603 ], [ 131.718502360044738, 33.448045819031343 ], [ 131.717569465316814, 33.446978893478054 ], [ 131.717517578701518, 33.446422855387731 ], [ 131.716895832537148, 33.446412913149977 ], [ 131.716695354653353, 33.445444748055607 ], [ 131.71628007202591, 33.445178427292873 ], [ 131.71593628255448, 33.444571764620051 ], [ 131.715141991080145, 33.443848675370958 ], [ 131.714978229177007, 33.443286060677003 ], [ 131.714553854889601, 33.442687078392701 ], [ 131.714996033529474, 33.442443759155232 ], [ 131.714838261549119, 33.442221955293604 ], [ 131.714454078636464, 33.44245680472627 ], [ 131.713287982475094, 33.441772784922264 ], [ 131.711415622765884, 33.43915507774868 ], [ 131.711045896976231, 33.43786326627648 ], [ 131.710390004405781, 33.436963525984929 ], [ 131.710310903323091, 33.436361624342034 ], [ 131.709938266214579, 33.435500861435131 ], [ 131.709896123648633, 33.434419077955347 ], [ 131.709007949489006, 33.433238416228512 ], [ 131.708812378535583, 33.433262070807743 ], [ 131.708299841637711, 33.431859270784649 ], [ 131.708347142223744, 33.431589376080453 ], [ 131.708555809389424, 33.431461073721756 ], [ 131.708425515030655, 33.430913582186406 ], [ 131.707702583335731, 33.429152180795924 ], [ 131.707209183628066, 33.428375023687387 ], [ 131.7058248103761, 33.424364931190738 ], [ 131.704956346310041, 33.424587523159481 ], [ 131.704776125198009, 33.425075484986877 ], [ 131.703720860101754, 33.425063629411433 ], [ 131.703974847060408, 33.42634106529831 ], [ 131.703183732859742, 33.426553307950883 ], [ 131.702736733539126, 33.426431180177389 ], [ 131.702422433357839, 33.426806691931908 ], [ 131.701957299324391, 33.426686001474017 ], [ 131.701494455185838, 33.426840766972298 ], [ 131.700979993704919, 33.427232795181332 ], [ 131.701052573371271, 33.42758872486862 ], [ 131.700378676003567, 33.428225873557551 ], [ 131.697954672254696, 33.429390952926333 ], [ 131.69757164014041, 33.429980811263199 ], [ 131.695990064288821, 33.430212271468847 ], [ 131.69422340921875, 33.429746503384578 ], [ 131.691700450455244, 33.431461315922895 ], [ 131.691028604612569, 33.431525912254713 ], [ 131.690021568152673, 33.432684561438421 ], [ 131.689376641023614, 33.43228456366095 ], [ 131.688440417206579, 33.432493116976019 ], [ 131.688071539960447, 33.43319019120532 ], [ 131.689706663933748, 33.43399293533259 ], [ 131.692226547430494, 33.434798380871783 ], [ 131.692577782057526, 33.435019241104278 ], [ 131.69280939589305, 33.435726863060651 ], [ 131.693274210377353, 33.4360137987874 ], [ 131.693364453474857, 33.436311555848981 ], [ 131.693103897967518, 33.436709570575637 ], [ 131.69193693191275, 33.43708631964293 ], [ 131.691266057400014, 33.437737498149723 ], [ 131.691014738746219, 33.438509199357085 ], [ 131.690110363245083, 33.439280996469627 ], [ 131.690023531886624, 33.440209681603754 ], [ 131.689662289782348, 33.440587183505357 ], [ 131.689610080654006, 33.441133164613099 ], [ 131.689271067334374, 33.441671964073855 ], [ 131.690913483693663, 33.441590946144032 ], [ 131.692278947381681, 33.44195710906267 ], [ 131.693248346669208, 33.441999093864553 ], [ 131.69772670835863, 33.443741067004986 ], [ 131.698118481197838, 33.44378624760774 ], [ 131.69910780244561, 33.443433267721588 ], [ 131.699669055623332, 33.443472245033931 ], [ 131.6998028636078, 33.443980350467996 ], [ 131.699504330101576, 33.444597922696516 ], [ 131.699694222545219, 33.444789874903115 ], [ 131.699791380134997, 33.445421007665317 ], [ 131.699596974171186, 33.445971286546602 ], [ 131.699869732766103, 33.446315462121156 ], [ 131.699908796857471, 33.446748619957056 ], [ 131.700836991170348, 33.446864496949132 ], [ 131.700892923846141, 33.447053678786247 ], [ 131.701322543903729, 33.447116176091058 ], [ 131.701329216002648, 33.447428492254659 ], [ 131.701458012424979, 33.447304946382928 ], [ 131.701703946725331, 33.447431630981349 ], [ 131.702455692415242, 33.447209826122474 ], [ 131.704254900029696, 33.447101401481639 ], [ 131.706630975190222, 33.447654714034684 ], [ 131.707098612974931, 33.447508177957587 ], [ 131.707804877089671, 33.446840895291864 ], [ 131.708731411238205, 33.447004097994686 ], [ 131.708746784006905, 33.447354932030564 ], [ 131.708964101930121, 33.447562493773503 ], [ 131.708311746331077, 33.448420734822179 ], [ 131.708465807883471, 33.448837491129154 ], [ 131.70840458663352, 33.450062593013165 ], [ 131.708138725947634, 33.449797399433962 ], [ 131.707934714151776, 33.449935431637584 ], [ 131.708161777075418, 33.450576353158418 ], [ 131.70896071362958, 33.451340504316271 ], [ 131.71066822641626, 33.450342108583477 ], [ 131.711246299823955, 33.4503126850474 ], [ 131.712530114974982, 33.45125245530636 ], [ 131.712754546632993, 33.451650282917065 ], [ 131.712934408596425, 33.451414812361698 ], [ 131.713024036183924, 33.450305253999169 ] ] ] } },
{ "type": "Feature", "properties": { "CITY_NAME": "杵築市", "S_NAME": "大字狩宿", "JINKO": 825, "medical_area": "44_東部医療圏", "町丁目名": "杵築市大字狩宿" }, "geometry": { "type": "Polygon", "coordinates": [ [ [ 131.684694483998442, 33.435256060649635 ], [ 131.685034366510905, 33.435242316104322 ], [ 131.685564555423014, 33.435566008142551 ], [ 131.686548941454589, 33.435643987049524 ], [ 131.687958282313843, 33.434951877487727 ], [ 131.689706663933748, 33.43399293533259 ], [ 131.688071539960447, 33.43319019120532 ], [ 131.688440417206579, 33.432493116976019 ], [ 131.689376641023614, 33.43228456366095 ], [ 131.690021568152673, 33.432684561438421 ], [ 131.691028604612569, 33.431525912254713 ], [ 131.691700450455244, 33.431461315922895 ], [ 131.69422340921875, 33.429746503384578 ], [ 131.695990064288821, 33.430212271468847 ], [ 131.69757164014041, 33.429980811263199 ], [ 131.697954672254696, 33.429390952926333 ], [ 131.700378676003567, 33.428225873557551 ], [ 131.701052573371271, 33.42758872486862 ], [ 131.700979993704919, 33.427232795181332 ], [ 131.701494455185838, 33.426840766972298 ], [ 131.701957299324391, 33.426686001474017 ], [ 131.702422433357839, 33.426806691931908 ], [ 131.702736733539126, 33.426431180177389 ], [ 131.703183732859742, 33.426553307950883 ], [ 131.703974847060408, 33.42634106529831 ], [ 131.703720860101754, 33.425063629411433 ], [ 131.704776125198009, 33.425075484986877 ], [ 131.704956346310041, 33.424587523159481 ], [ 131.7058248103761, 33.424364931190738 ], [ 131.705685060292979, 33.423400995878438 ], [ 131.705303404073021, 33.422347274850459 ], [ 131.705274478948382, 33.421290674773978 ], [ 131.704435226446492, 33.419616501997666 ], [ 131.704256369770093, 33.418769016921281 ], [ 131.704316614096285, 33.416639789272942 ], [ 131.704011214853409, 33.414626255833944 ], [ 131.704119902175194, 33.413705924568696 ], [ 131.703661420093397, 33.412301891173861 ], [ 131.703654581662221, 33.410919681106314 ], [ 131.703841910060248, 33.409755455097716 ], [ 131.703076612714256, 33.407238669122016 ], [ 131.70183621990833, 33.406204230348074 ], [ 131.701080655372692, 33.405965951581933 ], [ 131.698920007362915, 33.406533517602163 ], [ 131.697198965446887, 33.406017487794799 ], [ 131.697181821842122, 33.406158260326286 ], [ 131.696939666931257, 33.405858471532426 ], [ 131.69530304912962, 33.405420387897863 ], [ 131.694765951234416, 33.405071735702364 ], [ 131.694465718791861, 33.405034633179078 ], [ 131.695271257018732, 33.405478258436325 ], [ 131.695140711262098, 33.405823458108756 ], [ 131.695267994794051, 33.405606343697499 ], [ 131.696736404939884, 33.405984929846873 ], [ 131.697080709203135, 33.406423025924568 ], [ 131.696415015422787, 33.40680183259321 ], [ 131.69427809277758, 33.406318776536821 ], [ 131.694242634, 33.406454226228789 ], [ 131.693624546623255, 33.40633052453088 ], [ 131.693794060979769, 33.405746200101689 ], [ 131.694385839852629, 33.405398463199823 ], [ 131.693738935622576, 33.405711356872665 ], [ 131.693442423578631, 33.406686823197987 ], [ 131.693078751807263, 33.406377771957153 ], [ 131.691485892355246, 33.406436232794903 ], [ 131.690860528582192, 33.40661824834374 ], [ 131.689872698831095, 33.407327921912774 ], [ 131.689368958298559, 33.407250481084716 ], [ 131.687176344140653, 33.406246433807006 ], [ 131.68645332775796, 33.406177377440535 ], [ 131.685854284867162, 33.406562100082731 ], [ 131.685535697786065, 33.406514264657858 ], [ 131.685530753795007, 33.406708152738958 ], [ 131.685266414121372, 33.406861978817382 ], [ 131.684367521584022, 33.406985948371059 ], [ 131.685068437724169, 33.408369929408906 ], [ 131.685306947218038, 33.410391085559709 ], [ 131.684370506403326, 33.411312082873195 ], [ 131.683712494673699, 33.411562048294172 ], [ 131.683515733180087, 33.411906792706141 ], [ 131.682104816199825, 33.4128086936351 ], [ 131.682836766951056, 33.413200038244355 ], [ 131.683259003679439, 33.414564752448044 ], [ 131.683183112297485, 33.415109560757436 ], [ 131.684484805192625, 33.415567640892959 ], [ 131.683697531386485, 33.417171229703207 ], [ 131.682571186679638, 33.418645369967905 ], [ 131.682411486880397, 33.41930271532874 ], [ 131.677851751160091, 33.41807501314878 ], [ 131.678530456561987, 33.419392412572392 ], [ 131.678204379574652, 33.421204877715645 ], [ 131.6775226858, 33.422034727788194 ], [ 131.676391641489943, 33.422214643987914 ], [ 131.675979943358669, 33.422735914965941 ], [ 131.675408499917069, 33.422990368286904 ], [ 131.675249776610428, 33.42336278685859 ], [ 131.675676064968741, 33.423889358625239 ], [ 131.675570775051426, 33.425446000530094 ], [ 131.676319085413553, 33.426831883274644 ], [ 131.67650079321362, 33.428256919450902 ], [ 131.677135578832292, 33.428775793108315 ], [ 131.677222507872699, 33.429060544024921 ], [ 131.677875572021151, 33.429247104749976 ], [ 131.677932134980068, 33.429652198334139 ], [ 131.679811896315641, 33.430545633595663 ], [ 131.680091811478121, 33.431181154366151 ], [ 131.680873741739731, 33.431849990836184 ], [ 131.679987861111925, 33.432901709754894 ], [ 131.680649107950074, 33.433299121194146 ], [ 131.68104043355558, 33.433846644357587 ], [ 131.681336053453066, 33.434484263602002 ], [ 131.681134544880393, 33.434886404558256 ], [ 131.681368541739886, 33.435308029159238 ], [ 131.683318831072427, 33.436412681050477 ], [ 131.685010130889964, 33.436673549351873 ], [ 131.686574741836267, 33.437484397124784 ], [ 131.68647898071444, 33.437015805903755 ], [ 131.685934803914563, 33.436264672753289 ], [ 131.685123896793783, 33.435823758204222 ], [ 131.684694483998442, 33.435256060649635 ] ] ] } },
{ "type": "Feature", "properties": { "CITY_NAME": "杵築市", "S_NAME": "大字守江", "JINKO": 1534, "medical_area": "44_東部医療圏", "町丁目名": "杵築市大字守江" }, "geometry": { "type": "Polygon", "coordinates": [ [ [ 131.680125611862906, 33.43763537106129 ], [ 131.680929133286952, 33.436965934984123 ], [ 131.680547253783317, 33.436463192603519 ], [ 131.680536786806925, 33.436126669730925 ], [ 131.681128169527682, 33.436077533896693 ], [ 131.682637146915653, 33.436373035840973 ], [ 131.68150055160055, 33.435525855312555 ], [ 131.681134544880393, 33.434886404558256 ], [ 131.681336053453066, 33.434484263602002 ], [ 131.68104043355558, 33.433846644357587 ], [ 131.680649107950074, 33.433299121194146 ], [ 131.679987861111925, 33.432901709754894 ], [ 131.680873741739731, 33.431849990836184 ], [ 131.680091811478121, 33.431181154366151 ], [ 131.679811896315641, 33.430545633595663 ], [ 131.677932134980068, 33.429652198334139 ], [ 131.677875572021151, 33.429247104749976 ], [ 131.677222507872699, 33.429060544024921 ], [ 131.677135578832292, 33.428775793108315 ], [ 131.67650079321362, 33.428256919450902 ], [ 131.676319085413553, 33.426831883274644 ], [ 131.675570775051426, 33.425446000530094 ], [ 131.675676064968741, 33.423889358625239 ], [ 131.675281875036319, 33.423467503055335 ], [ 131.675261820378068, 33.42323595776115 ], [ 131.675408499917069, 33.422990368286904 ], [ 131.675979943358669, 33.422735914965941 ], [ 131.676391641489943, 33.422214643987914 ], [ 131.6775226858, 33.422034727788194 ], [ 131.678204379574652, 33.421204877715645 ], [ 131.678530456561987, 33.419392412572392 ], [ 131.677851751160091, 33.41807501314878 ], [ 131.682411486880397, 33.41930271532874 ], [ 131.682571186679638, 33.418645369967905 ], [ 131.683697531386485, 33.417171229703207 ], [ 131.684484805192625, 33.415567640892959 ], [ 131.683183112297485, 33.415109560757436 ], [ 131.683259003679439, 33.414564752448044 ], [ 131.682836766951056, 33.413200038244355 ], [ 131.682104816199825, 33.4128086936351 ], [ 131.683515733180087, 33.411906792706141 ], [ 131.683712494673699, 33.411562048294172 ], [ 131.684370506403326, 33.411312082873195 ], [ 131.685306947218038, 33.410391085559709 ], [ 131.685068437724169, 33.408369929408906 ], [ 131.684367521584022, 33.406985948371059 ], [ 131.682171221911688, 33.408383017906438 ], [ 131.681492081406532, 33.409254152807854 ], [ 131.680519683134207, 33.409472294130531 ], [ 131.679803550298431, 33.41001359431008 ], [ 131.678408051152559, 33.41015647498714 ], [ 131.677480115450209, 33.410975763478397 ], [ 131.676770935493067, 33.410755125405885 ], [ 131.675745151857853, 33.410884232980813 ], [ 131.673400097564524, 33.41059398788547 ], [ 131.66950586941789, 33.40890634873513 ], [ 131.663822334041242, 33.408846680933635 ], [ 131.661091826875065, 33.409315714402844 ], [ 131.66051841922129, 33.409697474027858 ], [ 131.661704769465217, 33.410609085562335 ], [ 131.662118303084497, 33.410556373121821 ], [ 131.661986357265789, 33.41031362068712 ], [ 131.662787311424466, 33.410027113459307 ], [ 131.664185375028836, 33.409795140174701 ], [ 131.665139270949084, 33.409823391288342 ], [ 131.665869791069383, 33.410034965649132 ], [ 131.666372786679062, 33.409868168420438 ], [ 131.66709649174814, 33.409885030159153 ], [ 131.668893420226141, 33.410496612360632 ], [ 131.671531581449983, 33.412704145738523 ], [ 131.671869518583975, 33.41499618535223 ], [ 131.671594169885708, 33.417227545691802 ], [ 131.671974936102515, 33.417526631539985 ], [ 131.671256669527025, 33.418645014657528 ], [ 131.670409825157975, 33.418847964609157 ], [ 131.670220488045544, 33.418552347825525 ], [ 131.669748538859551, 33.418561201491585 ], [ 131.669743046360594, 33.419112138537294 ], [ 131.669183992342113, 33.419402814893303 ], [ 131.669085853916613, 33.419647679180052 ], [ 131.668797701419038, 33.419651065390084 ], [ 131.668426879718339, 33.419383438837187 ], [ 131.668423623429135, 33.419804536308014 ], [ 131.667885045100917, 33.41982367509798 ], [ 131.666599208275784, 33.419418529514424 ], [ 131.665880253372876, 33.419611745604897 ], [ 131.66483827977089, 33.420317939331539 ], [ 131.664538117877839, 33.420294293766254 ], [ 131.664040830681785, 33.420935360257523 ], [ 131.662898926165468, 33.419945102633854 ], [ 131.662776122662677, 33.419491322091481 ], [ 131.662523325366095, 33.419332164855874 ], [ 131.66106601554327, 33.420429190017501 ], [ 131.661804315435205, 33.421087994796359 ], [ 131.662006509652855, 33.420953458309683 ], [ 131.662570226293838, 33.421413901579058 ], [ 131.661870522620148, 33.421879332595658 ], [ 131.661634752655829, 33.421845403336448 ], [ 131.6617161856027, 33.421949579489755 ], [ 131.660462493579359, 33.422672192251504 ], [ 131.658932356066174, 33.421673149856524 ], [ 131.657260340912643, 33.422109409118434 ], [ 131.656865488216795, 33.422363974985878 ], [ 131.656713074050856, 33.422691223717734 ], [ 131.655712941568822, 33.42267576963274 ], [ 131.655036730121139, 33.422260055426285 ], [ 131.654486982436651, 33.422225093598051 ], [ 131.653825347184465, 33.421600073584976 ], [ 131.653566938555599, 33.421126249475854 ], [ 131.653466845927142, 33.419813930837044 ], [ 131.650462763269928, 33.419880650546268 ], [ 131.650483166990568, 33.420269610917352 ], [ 131.650241350362478, 33.420285320497847 ], [ 131.650244964753057, 33.420483674733255 ], [ 131.649702019092018, 33.420491943924169 ], [ 131.649693210294856, 33.420317955586043 ], [ 131.646791547140708, 33.420378201265216 ], [ 131.646745580060667, 33.418669721626273 ], [ 131.642774636867188, 33.421589310731505 ], [ 131.641735636274092, 33.421546890186029 ], [ 131.640979457344457, 33.421363236514601 ], [ 131.640952648848753, 33.421229916279785 ], [ 131.640799988636701, 33.421232536667752 ], [ 131.640947292974118, 33.421376048106765 ], [ 131.640674210805543, 33.421528034950697 ], [ 131.640607951370782, 33.421439086943586 ], [ 131.638086387647775, 33.42246381387622 ], [ 131.638694046139875, 33.423798761874991 ], [ 131.638687720621391, 33.424290257711469 ], [ 131.639823935237303, 33.425221466755083 ], [ 131.640835858860498, 33.426362142458501 ], [ 131.64092938273626, 33.427471772197123 ], [ 131.640683681238869, 33.42890544042141 ], [ 131.640856655765049, 33.42923725965138 ], [ 131.640806299329626, 33.429577102129905 ], [ 131.641411630006758, 33.429957865279775 ], [ 131.641661553019389, 33.430402492208849 ], [ 131.641649252653281, 33.430885352929216 ], [ 131.642433885192474, 33.431209072696191 ], [ 131.64258847384454, 33.431146245395595 ], [ 131.643781059188512, 33.432071736412375 ], [ 131.643497259333088, 33.432535364463732 ], [ 131.644061666648696, 33.433093498728951 ], [ 131.644469265455939, 33.433172604687222 ], [ 131.64474540672532, 33.433654600224962 ], [ 131.645192286016169, 33.433893200313861 ], [ 131.644865644126043, 33.434722630700513 ], [ 131.64708269038573, 33.434174574179202 ], [ 131.649007387850929, 33.43426302869716 ], [ 131.649926580490444, 33.435027367608484 ], [ 131.650042682032279, 33.435716311564335 ], [ 131.650576629174509, 33.436435503553227 ], [ 131.651095380102475, 33.436770879243454 ], [ 131.651912023267215, 33.435440559147438 ], [ 131.652772836834572, 33.436133929327845 ], [ 131.653588099928101, 33.435681247079941 ], [ 131.6556354118851, 33.436139242850352 ], [ 131.656776670410409, 33.435811757769066 ], [ 131.658120068291652, 33.435042588849285 ], [ 131.66008834943824, 33.434990591656522 ], [ 131.662054128807625, 33.434648169082081 ], [ 131.664121705724625, 33.433529674169669 ], [ 131.664967811279979, 33.434843440536888 ], [ 131.665162916015305, 33.435686762213152 ], [ 131.66740821952763, 33.435410939165962 ], [ 131.670641182093476, 33.435461078896637 ], [ 131.672265542083949, 33.435907023592996 ], [ 131.674372478030307, 33.43712210116324 ], [ 131.674487206518052, 33.436987326220972 ], [ 131.676168605691686, 33.437485774674961 ], [ 131.680125611862906, 33.43763537106129 ] ] ] } },
{ "type": "Feature", "properties": { "CITY_NAME": "杵築市", "S_NAME": "大字内河野字内河野", "JINKO": 41, "medical_area": "44_東部医療圏", "町丁目名": "杵築市大字内河野字内河野" }, "geometry": { "type": "Polygon", "coordinates": [ [ [ 131.480073178924243, 33.469297913514438 ], [ 131.486025997784026, 33.461148679242193 ], [ 131.492980535594938, 33.457329591790078 ], [ 131.492197022477541, 33.45594704469049 ], [ 131.491346303792881, 33.456192307439537 ], [ 131.491153603857157, 33.456413711056747 ], [ 131.490046769687012, 33.456685167138318 ], [ 131.489864339720896, 33.456267863944639 ], [ 131.48757450450654, 33.455556921818271 ], [ 131.486508009822671, 33.455607585331393 ], [ 131.484566222382796, 33.455197171768432 ], [ 131.482856231844693, 33.455372200573301 ], [ 131.480881548634073, 33.456541110488445 ], [ 131.480003641235953, 33.456875465159804 ], [ 131.477979909155323, 33.456685878080975 ], [ 131.47652204347014, 33.456099231834237 ], [ 131.466130589695837, 33.456485264228348 ], [ 131.465558517578472, 33.457625755056497 ], [ 131.463763709647907, 33.458939809545804 ], [ 131.463477475259197, 33.459476234691863 ], [ 131.46321530612974, 33.460750773768751 ], [ 131.46279975504234, 33.461000254702057 ], [ 131.461240352478626, 33.461062402343899 ], [ 131.461039297499866, 33.461187132543436 ], [ 131.46105410809875, 33.461446284972162 ], [ 131.461310791195416, 33.46167072468819 ], [ 131.464303021420534, 33.463023320521934 ], [ 131.468164020527297, 33.463369501451083 ], [ 131.468361994476766, 33.463926652098685 ], [ 131.46870025478421, 33.464319837967629 ], [ 131.469533498258443, 33.46423779775985 ], [ 131.470477046598404, 33.464662509663796 ], [ 131.470880190590492, 33.464615899640435 ], [ 131.471146717046565, 33.46416407267116 ], [ 131.471684396173458, 33.464128221894597 ], [ 131.472629411625178, 33.464823386721612 ], [ 131.473024655801339, 33.465802416498668 ], [ 131.474167731515081, 33.465820603838637 ], [ 131.474982363266662, 33.466014707756976 ], [ 131.475395113155059, 33.467737501924439 ], [ 131.475869247650962, 33.46837808453337 ], [ 131.47644974765123, 33.468792867993869 ], [ 131.478227404870296, 33.469270679719017 ], [ 131.480073178924243, 33.469297913514438 ] ] ] } },
{ "type": "Feature", "properties": { "CITY_NAME": "杵築市", "S_NAME": "大字内河野字鶴成", "JINKO": 76, "medical_area": "44_東部医療圏", "町丁目名": "杵築市大字内河野字鶴成" }, "geometry": { "type": "Polygon", "coordinates": [ [ [ 131.4838128553248, 33.471339699725327 ], [ 131.487538077832028, 33.471358838832238 ], [ 131.490056353672969, 33.470779663294877 ], [ 131.490713799677138, 33.470506570430302 ], [ 131.49126175910331, 33.469895813972954 ], [ 131.491279222785181, 33.468205187955448 ], [ 131.493042536980511, 33.468502411630311 ], [ 131.493270218266076, 33.468332428429896 ], [ 131.493567685434357, 33.467424003449217 ], [ 131.493500060927261, 33.466156363450203 ], [ 131.493722114571511, 33.465081284627857 ], [ 131.494056632639882, 33.464689005700805 ], [ 131.49490921723887, 33.464411160222703 ], [ 131.496106183045924, 33.463294504903757 ], [ 131.496662990668995, 33.463072471907743 ], [ 131.496186206290957, 33.45704388045467 ], [ 131.492980535594938, 33.457329591790078 ], [ 131.486025997784026, 33.461148679242193 ], [ 131.480073178924243, 33.469297913514438 ], [ 131.481009968364589, 33.470302475067641 ], [ 131.483192077647942, 33.470947664248108 ], [ 131.4838128553248, 33.471339699725327 ] ] ] } },
{ "type": "Feature", "properties": { "CITY_NAME": "杵築市", "S_NAME": "大字内河野字階廻", "JINKO": 30, "medical_area": "44_東部医療圏", "町丁目名": "杵築市大字内河野字階廻" }, "geometry": { "type": "Polygon", "coordinates": [ [ [ 131.501552665304644, 33.462196142799819 ], [ 131.502467881923081, 33.458848464340676 ], [ 131.502434075100922, 33.458335903333726 ], [ 131.502096337469737, 33.457612260815907 ], [ 131.500491527255122, 33.455723357082519 ], [ 131.50035404461795, 33.455444248441431 ], [ 131.500662694395913, 33.454889120935654 ], [ 131.499502946734765, 33.454252136647675 ], [ 131.49968765530005, 33.455242553423439 ], [ 131.496186206290957, 33.45704388045467 ], [ 131.496662990668995, 33.463072471907743 ], [ 131.498554370198264, 33.462253372447222 ], [ 131.501552665304644, 33.462196142799819 ] ] ] } },
{ "type": "Feature", "properties": { "CITY_NAME": "杵築市", "S_NAME": "大字内河野字下市", "JINKO": 152, "medical_area": "44_東部医療圏", "町丁目名": "杵築市大字内河野字下市" }, "geometry": { "type": "Polygon", "coordinates": [ [ [ 131.503096163789252, 33.452009967172259 ], [ 131.505767896619716, 33.451424229542326 ], [ 131.506522828969281, 33.451628276312711 ], [ 131.507489761603125, 33.45217323934844 ], [ 131.508146281962894, 33.452251973821689 ], [ 131.50698722145583, 33.450584577183285 ], [ 131.505986557607685, 33.448555661178403 ], [ 131.502252292213228, 33.450414657911594 ], [ 131.500986757771585, 33.449266081390235 ], [ 131.499255931406509, 33.450713015975488 ], [ 131.499502946734765, 33.454252136647661 ], [ 131.500662694395857, 33.454889120935668 ], [ 131.502056672408003, 33.453899266668195 ], [ 131.502399617530131, 33.453369636933402 ], [ 131.503028185607235, 33.45308741113076 ], [ 131.503096163789252, 33.452009967172259 ] ] ] } },
{ "type": "Feature", "properties": { "CITY_NAME": "杵築市", "S_NAME": "大字内河野字上市", "JINKO": 253, "medical_area": "44_東部医療圏", "町丁目名": "杵築市大字内河野字上市" }, "geometry": { "type": "Polygon", "coordinates": [ [ [ 131.496186206290957, 33.45704388045467 ], [ 131.49968765530005, 33.455242553423439 ], [ 131.499392914791287, 33.453092350418984 ], [ 131.492586577645113, 33.452529456067616 ], [ 131.492121700584619, 33.453634459904727 ], [ 131.491906892760198, 33.454854629905405 ], [ 131.491966104254033, 33.455539516969374 ], [ 131.492980535594938, 33.457329591790078 ], [ 131.496186206290957, 33.45704388045467 ] ] ] } },
{ "type": "Feature", "properties": { "CITY_NAME": "杵築市", "S_NAME": "大字内河野字山口大池", "JINKO": 102, "medical_area": "44_東部医療圏", "町丁目名": "杵築市大字内河野字山口大池" }, "geometry": { "type": "Polygon", "coordinates": [ [ [ 131.492197022477541, 33.45594704469049 ], [ 131.491966104254033, 33.455539516969374 ], [ 131.491906892760198, 33.454854629905405 ], [ 131.492121700584619, 33.453634459904727 ], [ 131.492586577645113, 33.452529456067616 ], [ 131.499392914791287, 33.453092350418984 ], [ 131.499255931406537, 33.450713015975488 ], [ 131.498370245350685, 33.450689751167459 ], [ 131.497978912715922, 33.449412391028908 ], [ 131.496327078731213, 33.44974993944728 ], [ 131.49549408030046, 33.450553713333385 ], [ 131.495057771332512, 33.450752213897395 ], [ 131.494438710447497, 33.450709989283325 ], [ 131.493940971361013, 33.450430260799493 ], [ 131.492810229417387, 33.450461568596047 ], [ 131.492207102426619, 33.451367300572628 ], [ 131.476798683477227, 33.451051842221744 ], [ 131.470792566640228, 33.450787380195649 ], [ 131.46895559927907, 33.451718492947357 ], [ 131.468728384377897, 33.451967323080666 ], [ 131.467681088570544, 33.453498412516979 ], [ 131.467215860010299, 33.454503220190489 ], [ 131.466453885641585, 33.455328832252121 ], [ 131.466130589695837, 33.456485264228348 ], [ 131.47652204347014, 33.456099231834237 ], [ 131.477979909155323, 33.456685878080975 ], [ 131.480003641235953, 33.456875465159804 ], [ 131.480881548634073, 33.456541110488445 ], [ 131.482856231844693, 33.455372200573301 ], [ 131.484566222382796, 33.455197171768432 ], [ 131.486508009822671, 33.455607585331393 ], [ 131.48757450450654, 33.455556921818271 ], [ 131.489864339720896, 33.456267863944639 ], [ 131.490046769687012, 33.456685167138318 ], [ 131.491153603857157, 33.456413711056747 ], [ 131.491346303792881, 33.456192307439537 ], [ 131.492197022477541, 33.45594704469049 ] ] ] } },
{ "type": "Feature", "properties": { "CITY_NAME": "杵築市", "S_NAME": "大字内河野字小谷", "JINKO": 55, "medical_area": "44_東部医療圏", "町丁目名": "杵築市大字内河野字小谷" }, "geometry": { "type": "Polygon", "coordinates": [ [ [ 131.499255931406537, 33.450713015975488 ], [ 131.504088756330219, 33.446946105964066 ], [ 131.505952664373751, 33.446409720683008 ], [ 131.50416104814019, 33.446082060548704 ], [ 131.503022108232017, 33.446051603028266 ], [ 131.502478629275998, 33.446161130454307 ], [ 131.502128169704321, 33.446439787401864 ], [ 131.501136477574818, 33.446524319750893 ], [ 131.498819849824059, 33.445915579253125 ], [ 131.498136149718619, 33.445453386707662 ], [ 131.497836038559797, 33.444905399154131 ], [ 131.497978860986166, 33.4439598765196 ], [ 131.498436627252374, 33.443725568960453 ], [ 131.498293030716297, 33.442721352930263 ], [ 131.496925816078942, 33.442422753247399 ], [ 131.496169492469164, 33.442622527872402 ], [ 131.495197947662462, 33.442492236880518 ], [ 131.494525809827138, 33.443429512655499 ], [ 131.493801141749003, 33.443575505401796 ], [ 131.490626211536522, 33.442425403864029 ], [ 131.488336178224046, 33.442125863111343 ], [ 131.487707653682008, 33.44228933435005 ], [ 131.487263873101654, 33.443060209921292 ], [ 131.487008578919614, 33.443195374671113 ], [ 131.486688459856481, 33.443187681794605 ], [ 131.485179309653063, 33.442299224754237 ], [ 131.484307082926279, 33.442767687063437 ], [ 131.483841928238917, 33.44360855928042 ], [ 131.483654112101419, 33.44367692073574 ], [ 131.482966175279614, 33.443262592833911 ], [ 131.481450825187864, 33.44273316054624 ], [ 131.480280783419659, 33.442658797267043 ], [ 131.478776611740727, 33.442935092420505 ], [ 131.477921921401474, 33.443986564674496 ], [ 131.477291882633153, 33.444327099790222 ], [ 131.47708498196701, 33.444604010594517 ], [ 131.477339689690723, 33.446947290527639 ], [ 131.477076026566408, 33.447917582916354 ], [ 131.476511721555084, 33.447987379891998 ], [ 131.474714991752506, 33.447639214053439 ], [ 131.473399693760229, 33.448061246527509 ], [ 131.471368578820829, 33.450390727145674 ], [ 131.470792566640228, 33.450787380195649 ], [ 131.476798683477227, 33.451051842221744 ], [ 131.492207102426619, 33.451367300572628 ], [ 131.492810229417387, 33.450461568596047 ], [ 131.493940971361013, 33.450430260799493 ], [ 131.494438710447497, 33.450709989283325 ], [ 131.495057771332512, 33.450752213897395 ], [ 131.49549408030046, 33.450553713333385 ], [ 131.496327078731213, 33.44974993944728 ], [ 131.497978912715922, 33.449412391028908 ], [ 131.498370245350685, 33.450689751167459 ], [ 131.499255931406537, 33.450713015975488 ] ] ] } },
{ "type": "Feature", "properties": { "CITY_NAME": "杵築市", "S_NAME": "大字内河野字西若宮", "JINKO": 59, "medical_area": "44_東部医療圏", "町丁目名": "杵築市大字内河野字西若宮" }, "geometry": { "type": "Polygon", "coordinates": [ [ [ 131.504482414740124, 33.449322600779382 ], [ 131.502938860995698, 33.447842152689837 ], [ 131.500986757771585, 33.449266081390235 ], [ 131.502252292213228, 33.450414657911594 ], [ 131.504482414740124, 33.449322600779382 ] ] ] } },
{ "type": "Feature", "properties": { "CITY_NAME": "杵築市", "S_NAME": "大字内河野字中若宮", "JINKO": 133, "medical_area": "44_東部医療圏", "町丁目名": "杵築市大字内河野字中若宮" }, "geometry": { "type": "Polygon", "coordinates": [ [ [ 131.506207894370192, 33.448444862791561 ], [ 131.504621319733275, 33.446720525205073 ], [ 131.504404741710744, 33.446789033692596 ], [ 131.502938860995698, 33.447842152689837 ], [ 131.504482414740124, 33.449322600779382 ], [ 131.506207894370192, 33.448444862791561 ] ] ] } },
{ "type": "Feature", "properties": { "CITY_NAME": "杵築市", "S_NAME": "大字野原字東若宮", "JINKO": 99, "medical_area": "44_東部医療圏", "町丁目名": "杵築市大字野原字東若宮" }, "geometry": { "type": "Polygon", "coordinates": [ [ [ 131.506207894370192, 33.448444862791561 ], [ 131.50822205345176, 33.447398550538125 ], [ 131.507239280323347, 33.44658891802311 ], [ 131.506792962687996, 33.446890236130308 ], [ 131.50643181553167, 33.447467593329222 ], [ 131.505302307804271, 33.447575760013969 ], [ 131.506207894370192, 33.448444862791561 ] ] ] } },
{ "type": "Feature", "properties": { "CITY_NAME": "杵築市", "S_NAME": "大字野原字南若宮", "JINKO": 79, "medical_area": "44_東部医療圏", "町丁目名": "杵築市大字野原字南若宮" }, "geometry": { "type": "Polygon", "coordinates": [ [ [ 131.505302307804271, 33.447575760013969 ], [ 131.50643181553167, 33.447467593329222 ], [ 131.506792962687996, 33.446890236130308 ], [ 131.507239280323347, 33.44658891802311 ], [ 131.505952664373751, 33.446409720683008 ], [ 131.504621319733275, 33.446720525205073 ], [ 131.505302307804271, 33.447575760013969 ] ] ] } },
{ "type": "Feature", "properties": { "CITY_NAME": "杵築市", "S_NAME": "大字野原字恒道", "JINKO": 225, "medical_area": "44_東部医療圏", "町丁目名": "杵築市大字野原字恒道" }, "geometry": { "type": "Polygon", "coordinates": [ [ [ 131.512845443196539, 33.446597113561047 ], [ 131.512541903627437, 33.445775590475058 ], [ 131.509640397672996, 33.446704279773499 ], [ 131.505986557607685, 33.448555661178403 ], [ 131.50698722145583, 33.450584577183285 ], [ 131.508146281962894, 33.452251973821689 ], [ 131.50894905288294, 33.452384728497179 ], [ 131.510750864685633, 33.452014796744642 ], [ 131.511661144309073, 33.451337849724219 ], [ 131.512963097146667, 33.450786214631513 ], [ 131.515009455466497, 33.450314138674614 ], [ 131.515956699023803, 33.449351743327526 ], [ 131.513602792058322, 33.447492798887062 ], [ 131.512845443196539, 33.446597113561047 ] ] ] } },
{ "type": "Feature", "properties": { "CITY_NAME": "杵築市", "S_NAME": "大字野原字竜船", "JINKO": 354, "medical_area": "44_東部医療圏", "町丁目名": "杵築市大字野原字竜船" }, "geometry": { "type": "Polygon", "coordinates": [ [ [ 131.512554585059178, 33.444299919994045 ], [ 131.51130283875321, 33.442762341836001 ], [ 131.510660621529667, 33.442389383937581 ], [ 131.508653465252991, 33.442111451921178 ], [ 131.50460496082539, 33.440746520575004 ], [ 131.50505085658628, 33.442037752131966 ], [ 131.505577378061105, 33.4423878287283 ], [ 131.505419050185282, 33.442505449415449 ], [ 131.505518660516032, 33.442666189031449 ], [ 131.506167693739428, 33.443038300013548 ], [ 131.506476836254876, 33.442965468269506 ], [ 131.506842746782382, 33.443518475296884 ], [ 131.506823474234523, 33.443876306232305 ], [ 131.506590131572949, 33.444109758915118 ], [ 131.50710525248823, 33.444635350976817 ], [ 131.506829738920658, 33.444958407106476 ], [ 131.506202648495048, 33.44645096518564 ], [ 131.507239280323347, 33.44658891802311 ], [ 131.50822205345176, 33.447398550538125 ], [ 131.509640397672996, 33.446704279773499 ], [ 131.512541903627437, 33.445775590475058 ], [ 131.512554585059178, 33.444299919994045 ] ] ] } },
{ "type": "Feature", "properties": { "CITY_NAME": "杵築市", "S_NAME": "大字野原字東野原", "JINKO": 83, "medical_area": "44_東部医療圏", "町丁目名": "杵築市大字野原字東野原" }, "geometry": { "type": "Polygon", "coordinates": [ [ [ 131.506202648495048, 33.44645096518564 ], [ 131.506829738920629, 33.444958407106483 ], [ 131.50710525248823, 33.444635350976817 ], [ 131.506590131572949, 33.444109758915133 ], [ 131.506823474234523, 33.443876306232305 ], [ 131.506842746782354, 33.443518475296898 ], [ 131.506476836254876, 33.442965468269506 ], [ 131.506079605589434, 33.443004602154595 ], [ 131.505419050185282, 33.442505449415449 ], [ 131.504106972417731, 33.443702664601183 ], [ 131.503908142626159, 33.444656585929955 ], [ 131.50416104814019, 33.446082060548704 ], [ 131.506202648495048, 33.44645096518564 ] ] ] } },
{ "type": "Feature", "properties": { "CITY_NAME": "杵築市", "S_NAME": "大字野原字西野原", "JINKO": 49, "medical_area": "44_東部医療圏", "町丁目名": "杵築市大字野原字西野原" }, "geometry": { "type": "Polygon", "coordinates": [ [ [ 131.50416104814019, 33.446082060548704 ], [ 131.503908142626159, 33.444656585929955 ], [ 131.504106972417731, 33.443702664601183 ], [ 131.505577378061105, 33.4423878287283 ], [ 131.50505085658628, 33.442037752131966 ], [ 131.50460496082539, 33.440746520575004 ], [ 131.501983099252385, 33.440667395368131 ], [ 131.501750070986219, 33.441889108614461 ], [ 131.501791089594605, 33.442537353134419 ], [ 131.502418942360066, 33.444126718837822 ], [ 131.502825413069928, 33.444312912146131 ], [ 131.502879898660694, 33.444509444028206 ], [ 131.502579971749867, 33.44523060186107 ], [ 131.502478629275998, 33.446161130454271 ], [ 131.50416104814019, 33.446082060548704 ] ] ] } },
{ "type": "Feature", "properties": { "CITY_NAME": "杵築市", "S_NAME": "大字野原字住吉", "JINKO": 415, "medical_area": "44_東部医療圏", "町丁目名": "杵築市大字野原字住吉" }, "geometry": { "type": "Polygon", "coordinates": [ [ [ 131.501791089594605, 33.442537353134419 ], [ 131.501750070986219, 33.441889108614461 ], [ 131.500428888654909, 33.442180621364408 ], [ 131.499837010684047, 33.443148911427031 ], [ 131.498064179589619, 33.443883452892997 ], [ 131.497812462277096, 33.444511987644283 ], [ 131.497836038559797, 33.444905399154102 ], [ 131.49813614971859, 33.445453386707662 ], [ 131.498819849824059, 33.445915579253104 ], [ 131.50064001934814, 33.446459227546427 ], [ 131.501787256548965, 33.446521686221629 ], [ 131.502340755897791, 33.446304798986297 ], [ 131.502879898660694, 33.444509444028206 ], [ 131.502825413069928, 33.444312912146131 ], [ 131.502418942360066, 33.444126718837822 ], [ 131.501791089594605, 33.442537353134419 ] ] ] } },
{ "type": "Feature", "properties": { "CITY_NAME": "杵築市", "S_NAME": "大字野原字下貫井", "JINKO": 119, "medical_area": "44_東部医療圏", "町丁目名": "杵築市大字野原字下貫井" }, "geometry": { "type": "Polygon", "coordinates": [ [ [ 131.498436627252374, 33.443725568960453 ], [ 131.499837010684047, 33.443148911427002 ], [ 131.500428888654909, 33.442180621364386 ], [ 131.501750070986219, 33.441889108614461 ], [ 131.501983099252385, 33.440667395368152 ], [ 131.500913008178202, 33.440090369450864 ], [ 131.500548277154763, 33.439734085091303 ], [ 131.500493484516056, 33.439474961970177 ], [ 131.501139456382248, 33.438649564004685 ], [ 131.501338998224156, 33.43777978913986 ], [ 131.500423527363893, 33.437051271571931 ], [ 131.497114177202462, 33.436013983884656 ], [ 131.495422383018081, 33.435654606385825 ], [ 131.493342437062239, 33.434909389407451 ], [ 131.493166815152961, 33.436051983125267 ], [ 131.493319719042717, 33.439534926550998 ], [ 131.493107781897749, 33.440354873343985 ], [ 131.49337463555446, 33.442961715613166 ], [ 131.494168266437526, 33.443237528200903 ], [ 131.49434508632504, 33.443546502540983 ], [ 131.495197947662462, 33.442492236880518 ], [ 131.496169492469164, 33.442622527872402 ], [ 131.496925816078942, 33.442422753247399 ], [ 131.498293030716297, 33.442721352930263 ], [ 131.498436627252374, 33.443725568960453 ] ] ] } },
{ "type": "Feature", "properties": { "CITY_NAME": "杵築市", "S_NAME": "大字野原字上貫井", "JINKO": 22, "medical_area": "44_東部医療圏", "町丁目名": "杵築市大字野原字上貫井" }, "geometry": { "type": "Polygon", "coordinates": [ [ [ 131.49434508632504, 33.443546502540983 ], [ 131.494168266437526, 33.443237528200903 ], [ 131.493562208940347, 33.443121587626585 ], [ 131.493298111809395, 33.442809856635591 ], [ 131.493107781897749, 33.440354873343985 ], [ 131.493319719042717, 33.439534926550998 ], [ 131.493166815152961, 33.436051983125267 ], [ 131.493342437062239, 33.434909389407451 ], [ 131.491390189385299, 33.434365277120484 ], [ 131.486944033123962, 33.436454557674018 ], [ 131.486896852428856, 33.437046496925831 ], [ 131.485780972747619, 33.438084092956373 ], [ 131.485114987930302, 33.44042534451674 ], [ 131.484179978814069, 33.441522228358352 ], [ 131.483902272604126, 33.442357329954284 ], [ 131.483934058892629, 33.443247548263493 ], [ 131.484307082926279, 33.442767687063437 ], [ 131.485179309653063, 33.442299224754237 ], [ 131.486688459856481, 33.443187681794605 ], [ 131.487008578919614, 33.443195374671113 ], [ 131.487263873101654, 33.443060209921292 ], [ 131.487707653682008, 33.44228933435005 ], [ 131.488336178224046, 33.442125863111343 ], [ 131.490626211536522, 33.442425403864029 ], [ 131.493277787614261, 33.443470259316648 ], [ 131.49434508632504, 33.443546502540983 ] ] ] } },
{ "type": "Feature", "properties": { "CITY_NAME": "杵築市", "S_NAME": "大字野原字八幡森", "JINKO": 61, "medical_area": "44_東部医療圏", "町丁目名": "杵築市大字野原字八幡森" }, "geometry": { "type": "Polygon", "coordinates": [ [ [ 131.515956699023803, 33.449351743327554 ], [ 131.51605942099269, 33.449237794008937 ], [ 131.515930781359344, 33.448378672007593 ], [ 131.516415298028534, 33.446740213078883 ], [ 131.516263873840558, 33.445161356131905 ], [ 131.515255085165961, 33.443788032375465 ], [ 131.515147566971194, 33.443358666844681 ], [ 131.514491734757229, 33.443174964217114 ], [ 131.512212023456584, 33.440993826033981 ], [ 131.511381450783233, 33.440500100742327 ], [ 131.511293663075719, 33.440272613766339 ], [ 131.511501607370008, 33.439919605347221 ], [ 131.511748236224236, 33.439846100379 ], [ 131.51263867763447, 33.440018492715168 ], [ 131.5140468779868, 33.440002298981312 ], [ 131.513968409858791, 33.439267263097115 ], [ 131.513111076383012, 33.438421512107212 ], [ 131.513180724047231, 33.437654758539061 ], [ 131.51052639000099, 33.440408987773253 ], [ 131.508653465252991, 33.442111451921171 ], [ 131.510660621529667, 33.442389383937588 ], [ 131.51130283875321, 33.442762341836001 ], [ 131.512554585059178, 33.444299919994045 ], [ 131.512498053846372, 33.445570075931329 ], [ 131.512845443196539, 33.446597113561062 ], [ 131.514364251525507, 33.448178258661052 ], [ 131.515956699023803, 33.449351743327554 ] ] ] } },
{ "type": "Feature", "properties": { "CITY_NAME": "杵築市", "S_NAME": "大字野原字福林", "JINKO": 99, "medical_area": "44_東部医療圏", "町丁目名": "杵築市大字野原字福林" }, "geometry": { "type": "Polygon", "coordinates": [ [ [ 131.508653465252991, 33.442111451921178 ], [ 131.51052639000099, 33.440408987773253 ], [ 131.513180724047231, 33.437654758539033 ], [ 131.512392630337871, 33.437301188420875 ], [ 131.512527514401228, 33.436425437789552 ], [ 131.511061209289892, 33.436004574636861 ], [ 131.510598978493249, 33.435323426447844 ], [ 131.509613203180379, 33.43546089540726 ], [ 131.507369118246686, 33.434840329247265 ], [ 131.504050994487585, 33.433391589540499 ], [ 131.503366741981012, 33.432834003441073 ], [ 131.502283456265133, 33.432614216864451 ], [ 131.500566213685005, 33.432834604730331 ], [ 131.500287162137624, 33.433006484347018 ], [ 131.50069943274292, 33.433277696725924 ], [ 131.501472365164773, 33.434542702111592 ], [ 131.501453867884493, 33.435731285428403 ], [ 131.502130506397378, 33.436747292631459 ], [ 131.501742018894504, 33.437427982509973 ], [ 131.501338998224156, 33.43777978913986 ], [ 131.501139456382191, 33.438649564004656 ], [ 131.500493484516056, 33.439474961970156 ], [ 131.500548277154792, 33.439734085091274 ], [ 131.501405700670261, 33.44043719116884 ], [ 131.501983099252385, 33.440667395368152 ], [ 131.504938752327519, 33.440789543727583 ], [ 131.508653465252991, 33.442111451921178 ] ] ] } },
{ "type": "Feature", "properties": { "CITY_NAME": "杵築市", "S_NAME": "大字野原字小野尾", "JINKO": 36, "medical_area": "44_東部医療圏", "町丁目名": "杵築市大字野原字小野尾" }, "geometry": { "type": "Polygon", "coordinates": [ [ [ 131.513180724047231, 33.437654758539061 ], [ 131.513586783894795, 33.437383805189683 ], [ 131.513731101798527, 33.435669065512677 ], [ 131.513330281068107, 33.434717871774339 ], [ 131.512365910109168, 33.433515238726905 ], [ 131.512697087238507, 33.433120299643328 ], [ 131.512779879205965, 33.43248814707831 ], [ 131.512641450602217, 33.43205373328707 ], [ 131.514518199915528, 33.430870377443114 ], [ 131.514626220016623, 33.430331349222513 ], [ 131.51653514570873, 33.429380885345211 ], [ 131.51584000301267, 33.428793399422766 ], [ 131.514663387953561, 33.428249369614932 ], [ 131.514594588832551, 33.428099504204852 ], [ 131.515436898372087, 33.427459003773166 ], [ 131.514823236572482, 33.427073169965546 ], [ 131.514596301817733, 33.426286939455451 ], [ 131.514273156074978, 33.425946492619147 ], [ 131.513418530270172, 33.425535772025945 ], [ 131.512740737206684, 33.424735887471073 ], [ 131.510805689055985, 33.423304273121346 ], [ 131.510838339920724, 33.422548072327494 ], [ 131.511278604205586, 33.421800530243473 ], [ 131.511141051853144, 33.42044947072192 ], [ 131.51197852756934, 33.420042060984152 ], [ 131.512520734372544, 33.417761019716551 ], [ 131.511714342599049, 33.415605316227385 ], [ 131.507069514669439, 33.415578615619189 ], [ 131.507904510515516, 33.434966214215969 ], [ 131.509613203180379, 33.43546089540726 ], [ 131.510598978493221, 33.43532342644783 ], [ 131.511061209289863, 33.436004574636847 ], [ 131.512527514401228, 33.436425437789552 ], [ 131.512392630337871, 33.437301188420875 ], [ 131.513180724047231, 33.437654758539061 ] ] ] } },
{ "type": "Feature", "properties": { "CITY_NAME": "杵築市", "S_NAME": "大字野原字津山", "JINKO": 58, "medical_area": "44_東部医療圏", "町丁目名": "杵築市大字野原字津山" }, "geometry": { "type": "Polygon", "coordinates": [ [ [ 131.507904510515516, 33.434966214215969 ], [ 131.507069514669439, 33.415578615619189 ], [ 131.511714342599049, 33.415605316227385 ], [ 131.51085277672729, 33.413091169940472 ], [ 131.510747940571605, 33.411660668029803 ], [ 131.510843696783212, 33.410130929172865 ], [ 131.511131587467702, 33.409201574286492 ], [ 131.512044514321673, 33.40835050415032 ], [ 131.512124507655443, 33.407703276317179 ], [ 131.51100848780851, 33.405384031483749 ], [ 131.511071066913445, 33.404624367895671 ], [ 131.511576655944452, 33.402938238619399 ], [ 131.511561545422524, 33.401799236336586 ], [ 131.511170939690828, 33.40095005944611 ], [ 131.511035040677285, 33.3999345933507 ], [ 131.510422715291469, 33.399859769024687 ], [ 131.509350026296488, 33.399185647396109 ], [ 131.50857774366753, 33.398998936216692 ], [ 131.507559867372976, 33.39981170750827 ], [ 131.507233289839917, 33.399876295851577 ], [ 131.506919360762311, 33.399223675363473 ], [ 131.505878926701115, 33.39905209107706 ], [ 131.505390292739747, 33.398632191639834 ], [ 131.505450790559166, 33.395029179466846 ], [ 131.505824526223847, 33.391408038853584 ], [ 131.50498025605981, 33.391482733749925 ], [ 131.503726074695152, 33.391260343632908 ], [ 131.502744758732462, 33.391444801065958 ], [ 131.501291182996255, 33.391209551728615 ], [ 131.499693415946012, 33.391423502797451 ], [ 131.499073059376059, 33.391183775706196 ], [ 131.498102442185058, 33.390141030861301 ], [ 131.497837563752427, 33.390712954278158 ], [ 131.497641961584947, 33.390782945821897 ], [ 131.496044114701448, 33.390690667130556 ], [ 131.496278010441159, 33.391613554439971 ], [ 131.496065217394744, 33.392101895296264 ], [ 131.495034816523543, 33.392208198374597 ], [ 131.494278765488701, 33.392761631994127 ], [ 131.492899950517966, 33.39422960186149 ], [ 131.493385710224118, 33.395587998783427 ], [ 131.493334010415907, 33.396382365418944 ], [ 131.492149427415228, 33.398238831057007 ], [ 131.491432203068882, 33.39987322720598 ], [ 131.490843861075859, 33.400260851453432 ], [ 131.486812687566413, 33.401043247961844 ], [ 131.486229568300558, 33.401536959172226 ], [ 131.486111583453123, 33.402229356518369 ], [ 131.484881177919362, 33.402982746878642 ], [ 131.483761910178828, 33.405959721125882 ], [ 131.483561998901138, 33.409899595327254 ], [ 131.483033722998414, 33.411497822846833 ], [ 131.499606571601419, 33.415264702748225 ], [ 131.499723127875541, 33.415616477144034 ], [ 131.499158162271556, 33.418078994598773 ], [ 131.499623166254793, 33.419261932538099 ], [ 131.499459435908506, 33.419561420042697 ], [ 131.499249219467174, 33.421755657955956 ], [ 131.498663104381251, 33.423881956233657 ], [ 131.500287162137624, 33.433006484347018 ], [ 131.500566213685005, 33.432834604730331 ], [ 131.502283456265133, 33.432614216864451 ], [ 131.503366741981012, 33.432834003441073 ], [ 131.504357379932486, 33.433539761512783 ], [ 131.507904510515516, 33.434966214215969 ] ] ] } },
{ "type": "Feature", "properties": { "CITY_NAME": "杵築市", "S_NAME": "大字野原字樋掛", "JINKO": 51, "medical_area": "44_東部医療圏", "町丁目名": "杵築市大字野原字樋掛" }, "geometry": { "type": "Polygon", "coordinates": [ [ [ 131.501338998224156, 33.43777978913986 ], [ 131.501742018894504, 33.437427982509973 ], [ 131.502130506397407, 33.436747292631452 ], [ 131.501453867884493, 33.435731285428403 ], [ 131.501472365164773, 33.434542702111592 ], [ 131.50069943274292, 33.433277696725916 ], [ 131.500287162137624, 33.433006484347018 ], [ 131.498832025868211, 33.424489687728283 ], [ 131.493280803714953, 33.429566518652948 ], [ 131.491390189385299, 33.434365277120484 ], [ 131.500423527363893, 33.437051271571931 ], [ 131.501338998224156, 33.43777978913986 ] ] ] } },
{ "type": "Feature", "properties": { "CITY_NAME": "杵築市", "S_NAME": "大字野原字元河内，字仲尾台", "JINKO": 69, "medical_area": "44_東部医療圏", "町丁目名": "杵築市大字野原字元河内，字仲尾台" }, "geometry": { "type": "Polygon", "coordinates": [ [ [ 131.491390189385299, 33.434365277120484 ], [ 131.493280803714953, 33.429566518652948 ], [ 131.498832025868211, 33.424489687728283 ], [ 131.498674433622853, 33.423636443919172 ], [ 131.499249219467174, 33.421755657955956 ], [ 131.499459435908506, 33.419561420042697 ], [ 131.499623166254793, 33.419261932538099 ], [ 131.499158162271556, 33.418078994598773 ], [ 131.499723127875541, 33.415616477144034 ], [ 131.499606571601419, 33.415264702748225 ], [ 131.483033722998414, 33.411497822846833 ], [ 131.482550250365904, 33.412850804435898 ], [ 131.482691671541886, 33.414123795778828 ], [ 131.480030976467475, 33.417847754999656 ], [ 131.479793362805623, 33.418637611186128 ], [ 131.479750916909609, 33.419477435491856 ], [ 131.480078748537267, 33.420434135176464 ], [ 131.480329596439617, 33.422067371034053 ], [ 131.480552483540919, 33.424720698803313 ], [ 131.48100190180628, 33.42578962356675 ], [ 131.480803235739955, 33.42633138623313 ], [ 131.481454982404216, 33.427523503463235 ], [ 131.481480681934329, 33.42853208808517 ], [ 131.483068376022118, 33.43126466241128 ], [ 131.483738275678633, 33.432090443694491 ], [ 131.485493125172582, 33.433146332972541 ], [ 131.485523026354031, 33.434454439841772 ], [ 131.486944033123962, 33.436454557674018 ], [ 131.491390189385299, 33.434365277120484 ] ] ] } },
{ "type": "Feature", "properties": { "CITY_NAME": "杵築市", "S_NAME": "大字倉成字又井", "JINKO": 86, "medical_area": "44_東部医療圏", "町丁目名": "杵築市大字倉成字又井" }, "geometry": { "type": "Polygon", "coordinates": [ [ [ 131.508582075477676, 33.468108163433406 ], [ 131.515207580397345, 33.466724990400941 ], [ 131.515369342497422, 33.463515896819956 ], [ 131.516283251330577, 33.461298642652586 ], [ 131.51081543563771, 33.455143298229558 ], [ 131.508526847720987, 33.45231493278834 ], [ 131.507489761603125, 33.45217323934844 ], [ 131.506522828969281, 33.451628276312711 ], [ 131.505767896619716, 33.451424229542326 ], [ 131.503096163789252, 33.452009967172259 ], [ 131.503028185607235, 33.45308741113076 ], [ 131.502399617530131, 33.453369636933409 ], [ 131.502056672408003, 33.453899266668195 ], [ 131.500662694395913, 33.454889120935654 ], [ 131.50035404461795, 33.455444248441431 ], [ 131.502096337469737, 33.457612260815907 ], [ 131.502434075100922, 33.458335903333726 ], [ 131.502467881923081, 33.458848464340676 ], [ 131.501552665304644, 33.462196142799819 ], [ 131.50330049061256, 33.463914364044051 ], [ 131.504796591183464, 33.464984725647398 ], [ 131.504990960624013, 33.465285356434279 ], [ 131.505014355288608, 33.466001148259544 ], [ 131.50544013715583, 33.466333091122685 ], [ 131.506534147685784, 33.466716133022942 ], [ 131.508582075477676, 33.468108163433406 ] ] ] } },
{ "type": "Feature", "properties": { "CITY_NAME": "杵築市", "S_NAME": "大字倉成字妙善坊", "JINKO": 7, "medical_area": "44_東部医療圏", "町丁目名": "杵築市大字倉成字妙善坊" }, "geometry": { "type": "Polygon", "coordinates": [ [ [ 131.535519717887922, 33.477125445180832 ], [ 131.518584432918317, 33.462163330458253 ], [ 131.517257350192466, 33.461157242663653 ], [ 131.516283251330577, 33.461298642652586 ], [ 131.515369342497422, 33.463515896819956 ], [ 131.515207580397345, 33.466724990400941 ], [ 131.508582075477676, 33.468108163433406 ], [ 131.509383790836694, 33.468609743944718 ], [ 131.510561378670729, 33.469008579454318 ], [ 131.511118894294725, 33.469899748955378 ], [ 131.511211667208698, 33.470394582448201 ], [ 131.511974736705071, 33.47129567660474 ], [ 131.515679652972864, 33.473341804370882 ], [ 131.517294682422261, 33.474928303761423 ], [ 131.51765666319352, 33.475325082296479 ], [ 131.517491399822802, 33.475616423843448 ], [ 131.517724564743247, 33.475949179264539 ], [ 131.517417749054488, 33.476198069079253 ], [ 131.517393909833515, 33.476510341825787 ], [ 131.517977040697303, 33.477409309330014 ], [ 131.518413897253623, 33.47698908200173 ], [ 131.518754569806504, 33.476339114839533 ], [ 131.519333235662259, 33.476261387800285 ], [ 131.52035338947428, 33.476533252884472 ], [ 131.520911642864377, 33.476380300867831 ], [ 131.521121918931783, 33.476479834688845 ], [ 131.521648202752289, 33.475983914513044 ], [ 131.523121698097611, 33.475258040776822 ], [ 131.525257933525779, 33.475989570293379 ], [ 131.525849902168119, 33.476464033481477 ], [ 131.526219872484688, 33.476546113407778 ], [ 131.528158889513492, 33.477688487838499 ], [ 131.529235025837778, 33.477307327151166 ], [ 131.530799742817919, 33.47763953082498 ], [ 131.531947743159293, 33.477584373677161 ], [ 131.53332354505747, 33.477227003170754 ], [ 131.535519717887922, 33.477125445180832 ] ] ] } },
{ "type": "Feature", "properties": { "CITY_NAME": "杵築市", "S_NAME": "大字倉成字柚ノ迫", "JINKO": 20, "medical_area": "44_東部医療圏", "町丁目名": "杵築市大字倉成字柚ノ迫" }, "geometry": { "type": "Polygon", "coordinates": [ [ [ 131.541130684351543, 33.474486234758317 ], [ 131.54098264567159, 33.473452151457174 ], [ 131.528735333541562, 33.458253419114165 ], [ 131.522251144884507, 33.460342261460013 ], [ 131.517257350192466, 33.461157242663653 ], [ 131.518584432918317, 33.462163330458253 ], [ 131.535519717887922, 33.477125445180832 ], [ 131.535927858696255, 33.47647460398229 ], [ 131.536618308200559, 33.476132704973644 ], [ 131.537335854999583, 33.475994619463293 ], [ 131.538130121023386, 33.475191479637353 ], [ 131.540816759988701, 33.474856597625198 ], [ 131.541130684351543, 33.474486234758317 ] ] ] } },
{ "type": "Feature", "properties": { "CITY_NAME": "杵築市", "S_NAME": "大字倉成字倉成", "JINKO": 116, "medical_area": "44_東部医療圏", "町丁目名": "杵築市大字倉成字倉成" }, "geometry": { "type": "Polygon", "coordinates": [ [ [ 131.516283251330577, 33.461298642652586 ], [ 131.522251144884507, 33.460342261460013 ], [ 131.524672183929255, 33.459562500687497 ], [ 131.523745601920183, 33.459243475033865 ], [ 131.523590170468935, 33.459018044454993 ], [ 131.523459985450387, 33.458727944389018 ], [ 131.523560787767138, 33.45840456974144 ], [ 131.524172779037485, 33.457659188784874 ], [ 131.524107223322773, 33.457433412385107 ], [ 131.523460937997442, 33.45673643265215 ], [ 131.522904314333289, 33.454924863689932 ], [ 131.522307458320427, 33.453893976127311 ], [ 131.521844331441059, 33.45375595592688 ], [ 131.521519554755912, 33.453122203197594 ], [ 131.521159673779437, 33.453069897108968 ], [ 131.520911075647859, 33.452295848729129 ], [ 131.517742838254492, 33.452858514040514 ], [ 131.516902160236128, 33.45232101569713 ], [ 131.515314604908326, 33.451744353105376 ], [ 131.514443724286906, 33.45121119158739 ], [ 131.512963097146667, 33.450786214631485 ], [ 131.511661144309073, 33.451337849724219 ], [ 131.510750864685633, 33.452014796744635 ], [ 131.509615914212418, 33.452319847193785 ], [ 131.508526847720987, 33.45231493278834 ], [ 131.51081543563771, 33.455143298229558 ], [ 131.516283251330577, 33.461298642652586 ] ] ] } },
{ "type": "Feature", "properties": { "CITY_NAME": "杵築市", "S_NAME": "大字倉成字中村", "JINKO": 18, "medical_area": "44_東部医療圏", "町丁目名": "杵築市大字倉成字中村" }, "geometry": { "type": "Polygon", "coordinates": [ [ [ 131.520911075647859, 33.452295848729129 ], [ 131.520318267383175, 33.450861216282419 ], [ 131.520328648235022, 33.450452105231108 ], [ 131.520493643688383, 33.450128462823855 ], [ 131.521789630046356, 33.448890421629422 ], [ 131.521966125465383, 33.448340638728986 ], [ 131.521442055576614, 33.446588160112782 ], [ 131.521480871437177, 33.444488806108495 ], [ 131.521022964789609, 33.444140875625692 ], [ 131.520634259172454, 33.444632306173283 ], [ 131.519790566700323, 33.445260227508257 ], [ 131.519501242644367, 33.446273367174697 ], [ 131.519351431332495, 33.44807714436989 ], [ 131.518652334421859, 33.449274975436175 ], [ 131.517730090867019, 33.449666378013355 ], [ 131.516869658635954, 33.449648449346519 ], [ 131.515956699023803, 33.449351743327554 ], [ 131.515009455466497, 33.450314138674614 ], [ 131.512963097146667, 33.450786214631485 ], [ 131.514443724286906, 33.45121119158739 ], [ 131.515314604908326, 33.451744353105376 ], [ 131.516902160236128, 33.45232101569713 ], [ 131.517742838254492, 33.452858514040514 ], [ 131.520911075647859, 33.452295848729129 ] ] ] } },
{ "type": "Feature", "properties": { "CITY_NAME": "杵築市", "S_NAME": "大字倉成字高取", "JINKO": 71, "medical_area": "44_東部医療圏", "町丁目名": "杵築市大字倉成字高取" }, "geometry": { "type": "Polygon", "coordinates": [ [ [ 131.515851215123632, 33.444625415840008 ], [ 131.516263873840558, 33.445161356131905 ], [ 131.516415298028534, 33.446740213078883 ], [ 131.515930781359344, 33.448378672007593 ], [ 131.51605942099269, 33.449237794008937 ], [ 131.515956699023803, 33.449351743327554 ], [ 131.516869658635954, 33.449648449346519 ], [ 131.518268585220113, 33.449524155649293 ], [ 131.519009282481505, 33.44884285652634 ], [ 131.519351431332495, 33.44807714436989 ], [ 131.519501242644367, 33.446273367174697 ], [ 131.519790566700323, 33.445260227508257 ], [ 131.520634259172454, 33.444632306173283 ], [ 131.521022964789609, 33.444140875625692 ], [ 131.518458707046733, 33.440448486728428 ], [ 131.518150059854122, 33.440363660997704 ], [ 131.517914174492148, 33.441731782624842 ], [ 131.517304772694757, 33.442896967712365 ], [ 131.516821321151639, 33.443652523141424 ], [ 131.515851215123632, 33.444625415840008 ] ] ] } },
{ "type": "Feature", "properties": { "CITY_NAME": "杵築市", "S_NAME": "大字小武字山口", "JINKO": 63, "medical_area": "44_東部医療圏", "町丁目名": "杵築市大字小武字山口" }, "geometry": { "type": "Polygon", "coordinates": [ [ [ 131.528735333541562, 33.458253419114165 ], [ 131.528420339439606, 33.449701935092889 ], [ 131.527336836337952, 33.447828069376492 ], [ 131.527611300510358, 33.444371312352011 ], [ 131.526646557970793, 33.444084771524331 ], [ 131.525388093376307, 33.444057823997134 ], [ 131.523578184946786, 33.444140872533566 ], [ 131.521480871437177, 33.444488806108495 ], [ 131.521442055576614, 33.446588160112782 ], [ 131.521966125465383, 33.448340638728986 ], [ 131.521789630046356, 33.448890421629422 ], [ 131.520493643688383, 33.450128462823855 ], [ 131.520318267383175, 33.450861216282419 ], [ 131.521159673779437, 33.453069897108968 ], [ 131.521519554755912, 33.453122203197594 ], [ 131.521844331441059, 33.45375595592688 ], [ 131.522307458320427, 33.453893976127311 ], [ 131.522904314333289, 33.454924863689932 ], [ 131.523460937997442, 33.45673643265215 ], [ 131.524107223322773, 33.457433412385107 ], [ 131.524172779037485, 33.457659188784874 ], [ 131.523560787767138, 33.45840456974144 ], [ 131.523459985450387, 33.458727944389018 ], [ 131.523590170468935, 33.459018044454993 ], [ 131.523745601920183, 33.459243475033865 ], [ 131.524672183929255, 33.459562500687497 ], [ 131.528735333541562, 33.458253419114165 ] ] ] } },
{ "type": "Feature", "properties": { "CITY_NAME": "杵築市", "S_NAME": "大字小武字西岳", "JINKO": 15, "medical_area": "44_東部医療圏", "町丁目名": "杵築市大字小武字西岳" }, "geometry": { "type": "Polygon", "coordinates": [ [ [ 131.542660313522504, 33.470275510012769 ], [ 131.538814248694933, 33.458915038193084 ], [ 131.538184563560918, 33.452609459854493 ], [ 131.528567529339199, 33.453861998252272 ], [ 131.528735333541562, 33.458253419114165 ], [ 131.54098264567159, 33.473452151457174 ], [ 131.540851631058587, 33.472682902895031 ], [ 131.541700241978162, 33.471151481230805 ], [ 131.542660313522504, 33.470275510012769 ] ] ] } },
{ "type": "Feature", "properties": { "CITY_NAME": "杵築市", "S_NAME": "大字小武字小武", "JINKO": 42, "medical_area": "44_東部医療圏", "町丁目名": "杵築市大字小武字小武" }, "geometry": { "type": "Polygon", "coordinates": [ [ [ 131.538184563560918, 33.452609459854493 ], [ 131.536604897880892, 33.450495613660983 ], [ 131.532492547769806, 33.443995608061044 ], [ 131.531494573567528, 33.444241662827672 ], [ 131.528819174804937, 33.444527648765074 ], [ 131.527611300510358, 33.444371312352011 ], [ 131.527336836337952, 33.447828069376492 ], [ 131.528420339439606, 33.449701935092889 ], [ 131.528567529339199, 33.453861998252272 ], [ 131.538184563560918, 33.452609459854493 ] ] ] } },
{ "type": "Feature", "properties": { "CITY_NAME": "杵築市", "S_NAME": "大字小武字上畑", "JINKO": 36, "medical_area": "44_東部医療圏", "町丁目名": "杵築市大字小武字上畑" }, "geometry": { "type": "Polygon", "coordinates": [ [ [ 131.544390415443758, 33.4690767272416 ], [ 131.546311631329985, 33.468045795634005 ], [ 131.546533519631339, 33.467371234893307 ], [ 131.547303808771318, 33.466561881844065 ], [ 131.548445867482968, 33.466007977315229 ], [ 131.550737585824578, 33.46537806648066 ], [ 131.550887921447156, 33.4652154135605 ], [ 131.550384651445938, 33.464119885836851 ], [ 131.550412451117381, 33.463599182335216 ], [ 131.551053596731805, 33.462773866955885 ], [ 131.550989673220187, 33.462295413924195 ], [ 131.551660320628088, 33.462174012999952 ], [ 131.552569580756455, 33.46170517041692 ], [ 131.552741331788553, 33.461350425375578 ], [ 131.553862057490477, 33.460689516636151 ], [ 131.554695451296368, 33.459722503600588 ], [ 131.555138168805371, 33.459563675227812 ], [ 131.555931458896083, 33.459680750276021 ], [ 131.556819469712849, 33.459556122911494 ], [ 131.559322167254749, 33.460056052273423 ], [ 131.56065501697546, 33.460030582901219 ], [ 131.560437511094648, 33.458576541178516 ], [ 131.56011922871906, 33.457797458325636 ], [ 131.560132846483327, 33.456917901110749 ], [ 131.559710365172208, 33.456281342121272 ], [ 131.559767482702455, 33.455820659623178 ], [ 131.559627993329485, 33.455483194613365 ], [ 131.558622907297888, 33.45433129351958 ], [ 131.557777347737272, 33.454299115010592 ], [ 131.556974993173299, 33.453973619201953 ], [ 131.557221870355676, 33.453663151369405 ], [ 131.557219748085799, 33.453332250705969 ], [ 131.556748296474865, 33.452411733967033 ], [ 131.556227243673618, 33.452122722471735 ], [ 131.556689250370482, 33.451904802175797 ], [ 131.55758719422866, 33.45107525414199 ], [ 131.559306911449568, 33.449267177732018 ], [ 131.538184563560918, 33.452609459854493 ], [ 131.538814248694933, 33.458915038193084 ], [ 131.542660313522504, 33.470275510012769 ], [ 131.544390415443758, 33.4690767272416 ] ] ] } },
{ "type": "Feature", "properties": { "CITY_NAME": "杵築市", "S_NAME": "大字小武字今畑", "JINKO": 35, "medical_area": "44_東部医療圏", "町丁目名": "杵築市大字小武字今畑" }, "geometry": { "type": "Polygon", "coordinates": [ [ [ 131.559306911449568, 33.449267177732018 ], [ 131.557340752097645, 33.448112426956676 ], [ 131.557294724158766, 33.447290692383163 ], [ 131.555883316334842, 33.446656780388679 ], [ 131.554447112024064, 33.444148894466217 ], [ 131.552679231106595, 33.442177986717738 ], [ 131.55259176377254, 33.440811469961552 ], [ 131.551791857780813, 33.440644812565161 ], [ 131.550541982727566, 33.4407114610581 ], [ 131.549529608456197, 33.440169843017877 ], [ 131.549179650355939, 33.438728304437824 ], [ 131.549315111952524, 33.437835132644899 ], [ 131.544780942888309, 33.438634361816639 ], [ 131.543313801110315, 33.439109140954329 ], [ 131.540677936718851, 33.440552457061415 ], [ 131.536937016737767, 33.440843299325941 ], [ 131.534759035038746, 33.442655876239513 ], [ 131.534396097972433, 33.443147279724066 ], [ 131.533374803903456, 33.44306018136686 ], [ 131.532492547769806, 33.443995608061044 ], [ 131.536604897880892, 33.450495613660983 ], [ 131.538184563560918, 33.452609459854493 ], [ 131.559306911449568, 33.449267177732018 ] ] ] } },
{ "type": "Feature", "properties": { "CITY_NAME": "杵築市", "S_NAME": "大字広瀬字大久", "JINKO": 25, "medical_area": "44_東部医療圏", "町丁目名": "杵築市大字広瀬字大久" }, "geometry": { "type": "Polygon", "coordinates": [ [ [ 131.549315111952524, 33.437835132644899 ], [ 131.549704597204823, 33.43747843093967 ], [ 131.550179523417654, 33.437320143743911 ], [ 131.5506919917174, 33.436795198069028 ], [ 131.550929488766542, 33.435845274730383 ], [ 131.551941908989107, 33.434920352569165 ], [ 131.552629392035271, 33.433978770437975 ], [ 131.55312935860772, 33.433053872860334 ], [ 131.553229394102971, 33.432478906478245 ], [ 131.553866825864162, 33.431970602913587 ], [ 131.554679269881262, 33.430995725753576 ], [ 131.554516840312289, 33.430487413745723 ], [ 131.55465430218635, 33.430212446088213 ], [ 131.554791902095474, 33.428179292240657 ], [ 131.553855462018817, 33.427466563489013 ], [ 131.550876030445863, 33.427046536992336 ], [ 131.55020631804507, 33.426587466149861 ], [ 131.549799288608256, 33.426659161063647 ], [ 131.54917703056941, 33.427112361746545 ], [ 131.548676573769939, 33.427056326332121 ], [ 131.547830358827412, 33.42761340138113 ], [ 131.547184567861336, 33.427266817810825 ], [ 131.546475367970174, 33.427141818891748 ], [ 131.545464455302522, 33.426530840108249 ], [ 131.544532922284077, 33.426388777839705 ], [ 131.543879010851214, 33.425596182638245 ], [ 131.543972066480251, 33.425188102086913 ], [ 131.544523215351973, 33.424838159281123 ], [ 131.54482890060018, 33.423739859732848 ], [ 131.544488682592345, 33.422275551557888 ], [ 131.544605365710026, 33.421306225699965 ], [ 131.542685369974635, 33.421655987556605 ], [ 131.54199542386462, 33.422175742328577 ], [ 131.541639330269049, 33.422715584125406 ], [ 131.541375715836267, 33.423674846867435 ], [ 131.540880807476213, 33.424602857447439 ], [ 131.541769107848353, 33.426046915804015 ], [ 131.541542196357597, 33.426715354155043 ], [ 131.540530338807173, 33.427085830549544 ], [ 131.538542417826449, 33.427395928460719 ], [ 131.537376386505429, 33.427745531362113 ], [ 131.536490872347997, 33.427792427675968 ], [ 131.5339957249696, 33.435425022991431 ], [ 131.534294184140833, 33.435940480832556 ], [ 131.534486449337948, 33.436935421216376 ], [ 131.534372871309671, 33.437258864978837 ], [ 131.533283439528134, 33.437565003329404 ], [ 131.534047288252225, 33.438605901942637 ], [ 131.535060008111856, 33.439392752981284 ], [ 131.535767075467703, 33.439540402967864 ], [ 131.535845862140206, 33.439830714898328 ], [ 131.535591691494744, 33.44025166567252 ], [ 131.534466012206195, 33.440934744097525 ], [ 131.534314234469463, 33.441312170693195 ], [ 131.534524867433703, 33.442161699891827 ], [ 131.534759035038746, 33.442655876239513 ], [ 131.536937016737767, 33.440843299325941 ], [ 131.540677936718851, 33.440552457061415 ], [ 131.543313801110315, 33.439109140954329 ], [ 131.544780942888309, 33.438634361816639 ], [ 131.549315111952524, 33.437835132644899 ] ] ] } },
{ "type": "Feature", "properties": { "CITY_NAME": "杵築市", "S_NAME": "大字広瀬字報国", "JINKO": 60, "medical_area": "44_東部医療圏", "町丁目名": "杵築市大字広瀬字報国" }, "geometry": { "type": "Polygon", "coordinates": [ [ [ 131.534759035038746, 33.442655876239513 ], [ 131.534314234469463, 33.441312170693195 ], [ 131.534466012206195, 33.440934744097525 ], [ 131.535821520278887, 33.440046133371986 ], [ 131.535767075467703, 33.439540402967864 ], [ 131.535060008111856, 33.439392752981284 ], [ 131.534047288252225, 33.438605901942637 ], [ 131.533283439528134, 33.437565003329404 ], [ 131.534372871309671, 33.437258864978837 ], [ 131.534486449337948, 33.436935421216376 ], [ 131.534294184140833, 33.435940480832556 ], [ 131.5339957249696, 33.435425022991431 ], [ 131.536490872347997, 33.427792427675968 ], [ 131.537376386505429, 33.427745531362113 ], [ 131.538542417826449, 33.427395928460719 ], [ 131.540530338807173, 33.427085830549544 ], [ 131.541542196357597, 33.426715354155043 ], [ 131.541769107848353, 33.426046915804015 ], [ 131.540880807476213, 33.424602857447439 ], [ 131.541375715836267, 33.423674846867435 ], [ 131.541639330269049, 33.422715584125406 ], [ 131.54199542386462, 33.422175742328577 ], [ 131.542685369974635, 33.421655987556605 ], [ 131.544605365710026, 33.421306225699965 ], [ 131.544850275557593, 33.420485855759374 ], [ 131.544689156060116, 33.419972203108159 ], [ 131.5435182898525, 33.418878600625462 ], [ 131.533290394485363, 33.425039590876438 ], [ 131.531543505124546, 33.426974126411196 ], [ 131.527385802365188, 33.430420724631965 ], [ 131.523240816779548, 33.434261951994387 ], [ 131.523158500443969, 33.435169976025293 ], [ 131.523274766245947, 33.435287900380764 ], [ 131.523468025755705, 33.435405499941801 ], [ 131.524512683854425, 33.435126580471909 ], [ 131.525013512614322, 33.4351459717994 ], [ 131.525490098037011, 33.435402300294484 ], [ 131.525863945004318, 33.435659064641413 ], [ 131.525918385362758, 33.436175578432469 ], [ 131.526112600865844, 33.436443883941216 ], [ 131.527107983204814, 33.437569949718508 ], [ 131.52822315884373, 33.438334894216105 ], [ 131.528431178388018, 33.438764593263429 ], [ 131.532292674163187, 33.440362814481098 ], [ 131.532615056664923, 33.440598223173346 ], [ 131.534396097972433, 33.443147279724066 ], [ 131.534759035038746, 33.442655876239513 ] ] ] } },
{ "type": "Feature", "properties": { "CITY_NAME": "杵築市", "S_NAME": "大字広瀬字田居", "JINKO": 91, "medical_area": "44_東部医療圏", "町丁目名": "杵築市大字広瀬字田居" }, "geometry": { "type": "Polygon", "coordinates": [ [ [ 131.518985945200996, 33.441165084129771 ], [ 131.519269956902832, 33.440843375980421 ], [ 131.519718304781321, 33.440669259969212 ], [ 131.521668722714963, 33.440467305080517 ], [ 131.521652631497545, 33.439918335662171 ], [ 131.522229089487951, 33.439700630594558 ], [ 131.524803415515947, 33.440776993334168 ], [ 131.525789045370061, 33.440277584076036 ], [ 131.52696173934126, 33.439933509227465 ], [ 131.528214841753112, 33.439077725977604 ], [ 131.528431178388018, 33.438764593263429 ], [ 131.52822315884373, 33.438334894216105 ], [ 131.527107983204814, 33.437569949718508 ], [ 131.526112600865844, 33.436443883941216 ], [ 131.525918385362758, 33.436175578432469 ], [ 131.525863945004318, 33.435659064641413 ], [ 131.525013512614322, 33.4351459717994 ], [ 131.524512683854425, 33.435126580471909 ], [ 131.522577008136409, 33.435619197264813 ], [ 131.519996851818433, 33.435694654754691 ], [ 131.518346735475632, 33.435642364740467 ], [ 131.517445885805188, 33.43528010489068 ], [ 131.517150708100559, 33.43530289329513 ], [ 131.516308625817288, 33.436199883192522 ], [ 131.516263453538642, 33.437244295038013 ], [ 131.517570929903798, 33.44013999348487 ], [ 131.518458707046733, 33.440448486728428 ], [ 131.518985945200996, 33.441165084129771 ] ] ] } },
{ "type": "Feature", "properties": { "CITY_NAME": "杵築市", "S_NAME": "大字広瀬字北の原", "JINKO": 53, "medical_area": "44_東部医療圏", "町丁目名": "杵築市大字広瀬字北の原" }, "geometry": { "type": "Polygon", "coordinates": [ [ [ 131.521480871437177, 33.444488806108495 ], [ 131.523578184946786, 33.444140872533566 ], [ 131.526107086029981, 33.44405476841645 ], [ 131.527971493814931, 33.444488191990608 ], [ 131.528819174804937, 33.444527648765074 ], [ 131.532340939212389, 33.444065787862655 ], [ 131.532622622125501, 33.443935381859689 ], [ 131.533374803903456, 33.44306018136686 ], [ 131.534396097972433, 33.443147279724066 ], [ 131.532615056664923, 33.440598223173346 ], [ 131.528431178388018, 33.438764593263429 ], [ 131.528214841753112, 33.439077725977604 ], [ 131.52696173934126, 33.439933509227465 ], [ 131.525789045370061, 33.440277584076036 ], [ 131.524803415515947, 33.440776993334168 ], [ 131.522229089487951, 33.439700630594558 ], [ 131.521652631497545, 33.439918335662171 ], [ 131.521668722714963, 33.440467305080517 ], [ 131.519718304781321, 33.440669259969212 ], [ 131.519269956902832, 33.440843375980421 ], [ 131.518985945200996, 33.441165084129771 ], [ 131.521022964789609, 33.444140875625692 ], [ 131.521480871437177, 33.444488806108495 ] ] ] } },
{ "type": "Feature", "properties": { "CITY_NAME": "杵築市", "S_NAME": "大字広瀬字大和", "JINKO": 62, "medical_area": "44_東部医療圏", "町丁目名": "杵築市大字広瀬字大和" }, "geometry": { "type": "Polygon", "coordinates": [ [ [ 131.517570929903854, 33.440139993484856 ], [ 131.516263453538585, 33.437244295038013 ], [ 131.51630862581726, 33.436199883192529 ], [ 131.516511941326655, 33.435843785560124 ], [ 131.517150708100559, 33.43530289329513 ], [ 131.517445885805188, 33.43528010489068 ], [ 131.518346735475632, 33.43564236474046 ], [ 131.522961939242066, 33.435574526894271 ], [ 131.523468025755733, 33.435405499941801 ], [ 131.523158500443969, 33.435169976025314 ], [ 131.52332999291869, 33.433791321959212 ], [ 131.523006203537051, 33.433319026644249 ], [ 131.520884479806796, 33.431675534699565 ], [ 131.520715417276392, 33.431310252341888 ], [ 131.519775727242205, 33.430894357924686 ], [ 131.519554192464284, 33.430335504878499 ], [ 131.5180748548689, 33.429835745983929 ], [ 131.51763625473663, 33.429482334406785 ], [ 131.516954998026392, 33.429334470064354 ], [ 131.516491376372329, 33.429088833279188 ], [ 131.515922652870245, 33.428434529818588 ], [ 131.515394861878718, 33.428189156329331 ], [ 131.514594588832551, 33.428099504204873 ], [ 131.51584000301267, 33.428793399422773 ], [ 131.51653514570873, 33.429380885345211 ], [ 131.514626220016623, 33.430331349222513 ], [ 131.514518199915528, 33.430870377443107 ], [ 131.512641450602217, 33.43205373328707 ], [ 131.512779879205965, 33.43248814707831 ], [ 131.512697087238507, 33.433120299643328 ], [ 131.512365910109168, 33.433515238726905 ], [ 131.513330281068107, 33.434717871774353 ], [ 131.513731101798527, 33.435669065512663 ], [ 131.513586783894795, 33.437383805189683 ], [ 131.513180724047231, 33.437654758539033 ], [ 131.513048048659186, 33.438204242695519 ], [ 131.513968409858819, 33.439267263097115 ], [ 131.5140468779868, 33.440002298981312 ], [ 131.51263867763447, 33.440018492715147 ], [ 131.511748236224292, 33.439846100379 ], [ 131.511501607370064, 33.439919605347214 ], [ 131.511293663075719, 33.440272613766339 ], [ 131.511381450783233, 33.440500100742327 ], [ 131.512212023456584, 33.440993826033981 ], [ 131.514491734757229, 33.443174964217121 ], [ 131.515147566971194, 33.443358666844695 ], [ 131.515255085165961, 33.443788032375465 ], [ 131.515851215123632, 33.444625415840015 ], [ 131.516821321151639, 33.443652523141424 ], [ 131.517914174492148, 33.441731782624842 ], [ 131.518150059854122, 33.440363660997704 ], [ 131.517570929903854, 33.440139993484856 ] ] ] } },
{ "type": "Feature", "properties": { "CITY_NAME": "杵築市", "S_NAME": "大字広瀬字南部", "JINKO": 41, "medical_area": "44_東部医療圏", "町丁目名": "杵築市大字広瀬字南部" }, "geometry": { "type": "Polygon", "coordinates": [ [ [ 131.527385802365188, 33.430420724631965 ], [ 131.52467675492187, 33.426604496300449 ], [ 131.516535434910139, 33.414241136693711 ], [ 131.511714342599049, 33.415605316227385 ], [ 131.512520734372544, 33.417761019716551 ], [ 131.51197852756934, 33.420042060984152 ], [ 131.511141051853144, 33.42044947072192 ], [ 131.511278604205586, 33.421800530243473 ], [ 131.510838339920724, 33.422548072327494 ], [ 131.510805689055985, 33.423304273121346 ], [ 131.512740737206684, 33.424735887471073 ], [ 131.513418530270172, 33.425535772025945 ], [ 131.514273156074978, 33.425946492619147 ], [ 131.514596301817733, 33.426286939455451 ], [ 131.514823236572482, 33.427073169965546 ], [ 131.515436898372087, 33.427459003773166 ], [ 131.514594588832551, 33.428099504204852 ], [ 131.515394861878718, 33.428189156329331 ], [ 131.515922652870245, 33.428434529818588 ], [ 131.516491376372358, 33.429088833279216 ], [ 131.516954998026392, 33.429334470064354 ], [ 131.51763625473663, 33.429482334406785 ], [ 131.5180748548689, 33.429835745983929 ], [ 131.519554192464312, 33.430335504878485 ], [ 131.519775727242205, 33.430894357924686 ], [ 131.520715417276421, 33.431310252341923 ], [ 131.520884479806796, 33.431675534699565 ], [ 131.523251667326292, 33.433576375905972 ], [ 131.523240816779548, 33.434261951994387 ], [ 131.527385802365188, 33.430420724631965 ] ] ] } },
{ "type": "Feature", "properties": { "CITY_NAME": "杵築市", "S_NAME": "大字広瀬字小重見", "JINKO": 13, "medical_area": "44_東部医療圏", "町丁目名": "杵築市大字広瀬字小重見" }, "geometry": { "type": "Polygon", "coordinates": [ [ [ 131.531543505124546, 33.426974126411196 ], [ 131.530431553687265, 33.426725943018099 ], [ 131.530082938303792, 33.426393738142202 ], [ 131.530585072386373, 33.425578768430746 ], [ 131.530770206965911, 33.424361467923951 ], [ 131.529719760350531, 33.422600461320911 ], [ 131.529423399657787, 33.42241871700044 ], [ 131.529207002939188, 33.421660693281034 ], [ 131.528974993480659, 33.421500227690942 ], [ 131.528896728993317, 33.421296023085375 ], [ 131.529355050777184, 33.420669653541033 ], [ 131.529069397456311, 33.420132600592048 ], [ 131.527179470473754, 33.419634723598207 ], [ 131.525789470524103, 33.419027037521879 ], [ 131.525527776137636, 33.418199201185963 ], [ 131.525671286764549, 33.417525746987373 ], [ 131.523055022512835, 33.415760595537002 ], [ 131.522499710747354, 33.415203143595747 ], [ 131.521509954741362, 33.411756956881717 ], [ 131.516535434910139, 33.414241136693711 ], [ 131.52467675492187, 33.426604496300449 ], [ 131.527385802365188, 33.430420724631965 ], [ 131.531543505124546, 33.426974126411196 ] ] ] } },
{ "type": "Feature", "properties": { "CITY_NAME": "杵築市", "S_NAME": "大字広瀬字下村", "JINKO": 58, "medical_area": "44_東部医療圏", "町丁目名": "杵築市大字広瀬字下村" }, "geometry": { "type": "Polygon", "coordinates": [ [ [ 131.5435182898525, 33.418878600625462 ], [ 131.54201348123587, 33.417954503689387 ], [ 131.541556842381823, 33.417219243834502 ], [ 131.540519745338827, 33.416494835900174 ], [ 131.539642477536034, 33.416051368792097 ], [ 131.538897813577506, 33.416267861100323 ], [ 131.538199756058162, 33.415313741357686 ], [ 131.537451558957343, 33.414854899794136 ], [ 131.537080574064703, 33.414755563338822 ], [ 131.536559990877407, 33.414955357713794 ], [ 131.535646697408822, 33.414808387846314 ], [ 131.534560476069828, 33.415017077743947 ], [ 131.532314535346615, 33.413770380088501 ], [ 131.531054929257635, 33.410827806025566 ], [ 131.531120557942614, 33.40985777185584 ], [ 131.531706631960077, 33.409199549669808 ], [ 131.53179154207217, 33.408890550709408 ], [ 131.531106653850543, 33.407994764319348 ], [ 131.530367712163326, 33.407521930793791 ], [ 131.527323386863372, 33.409146741833503 ], [ 131.521509954741362, 33.411756956881717 ], [ 131.522499710747354, 33.415203143595747 ], [ 131.523055022512835, 33.415760595537002 ], [ 131.525671286764549, 33.417525746987373 ], [ 131.525527776137636, 33.418199201185963 ], [ 131.525789470524103, 33.419027037521879 ], [ 131.527179470473754, 33.419634723598207 ], [ 131.528721790620978, 33.419961851766494 ], [ 131.529263740485106, 33.420433203932674 ], [ 131.529355050777184, 33.420669653541033 ], [ 131.528896728993317, 33.421296023085375 ], [ 131.528974993480659, 33.421500227690942 ], [ 131.529207002939188, 33.421660693281034 ], [ 131.529423399657787, 33.42241871700044 ], [ 131.529719760350531, 33.422600461320911 ], [ 131.530770206965911, 33.424361467923951 ], [ 131.530585072386373, 33.425578768430746 ], [ 131.530082938303792, 33.426393738142202 ], [ 131.530431553687265, 33.426725943018099 ], [ 131.531543505124546, 33.426974126411196 ], [ 131.533290394485363, 33.425039590876438 ], [ 131.5435182898525, 33.418878600625462 ] ] ] } },
{ "type": "Feature", "properties": { "CITY_NAME": "杵築市", "S_NAME": "大字広瀬字西鹿鳴越", "JINKO": 39, "medical_area": "44_東部医療圏", "町丁目名": "杵築市大字広瀬字西鹿鳴越" }, "geometry": { "type": "Polygon", "coordinates": [ [ [ 131.516535434910139, 33.414241136693711 ], [ 131.521509954741362, 33.411756956881717 ], [ 131.527323386863372, 33.409146741833503 ], [ 131.530367712163326, 33.407521930793791 ], [ 131.529635179228336, 33.40717632894453 ], [ 131.528437320123771, 33.40606923822876 ], [ 131.528027549710004, 33.405203814267075 ], [ 131.527688087064831, 33.403890391365316 ], [ 131.526907006357447, 33.40294173523165 ], [ 131.52612297735277, 33.401502914364983 ], [ 131.52514996372517, 33.400394839648342 ], [ 131.525354697572538, 33.399379165817244 ], [ 131.525338742443267, 33.398441258695023 ], [ 131.525110192510681, 33.397418064431179 ], [ 131.524913115732375, 33.397170364657335 ], [ 131.523171076997357, 33.396939039058402 ], [ 131.522256961800935, 33.396577431754324 ], [ 131.521062315363451, 33.396580850563566 ], [ 131.518693577546713, 33.397112223130577 ], [ 131.518078338215588, 33.396877534755674 ], [ 131.517167387114569, 33.396849328302245 ], [ 131.514386645170362, 33.39697377997701 ], [ 131.512686126577705, 33.397264847656501 ], [ 131.512538250565882, 33.397053132417149 ], [ 131.513074451545663, 33.39024782269157 ], [ 131.511954100458098, 33.390977070912641 ], [ 131.510247885417584, 33.391705414772758 ], [ 131.51003646088364, 33.391163961475613 ], [ 131.507369732176159, 33.391269425406584 ], [ 131.506954410111177, 33.391067447344753 ], [ 131.506280241593856, 33.391055799782421 ], [ 131.506167304834122, 33.391281472525741 ], [ 131.505824526223847, 33.391408038853584 ], [ 131.505450790559166, 33.395029179466846 ], [ 131.505390292739747, 33.398632191639834 ], [ 131.505878926701115, 33.39905209107706 ], [ 131.506919360762311, 33.399223675363473 ], [ 131.507233289839917, 33.399876295851577 ], [ 131.507559867372976, 33.39981170750827 ], [ 131.50857774366753, 33.398998936216692 ], [ 131.509350026296488, 33.399185647396109 ], [ 131.510422715291469, 33.399859769024687 ], [ 131.511035040677285, 33.3999345933507 ], [ 131.511170939690828, 33.40095005944611 ], [ 131.511561545422524, 33.401799236336586 ], [ 131.511576655944452, 33.402938238619399 ], [ 131.511071066913445, 33.404624367895671 ], [ 131.51100848780851, 33.405384031483749 ], [ 131.512124507655443, 33.407703276317179 ], [ 131.512044514321673, 33.40835050415032 ], [ 131.511131587467702, 33.409201574286492 ], [ 131.510843696783212, 33.410130929172865 ], [ 131.510747940571605, 33.411660668029803 ], [ 131.51085277672729, 33.413091169940472 ], [ 131.511714342599049, 33.415605316227385 ], [ 131.516535434910139, 33.414241136693711 ] ] ] } },
{ "type": "Feature", "properties": { "CITY_NAME": "杵築市", "S_NAME": "大字日指字東畑部", "JINKO": 27, "medical_area": "44_東部医療圏", "町丁目名": "杵築市大字日指字東畑部" }, "geometry": { "type": "Polygon", "coordinates": [ [ [ 131.443557830788109, 33.437839557328481 ], [ 131.447585718890195, 33.43723772109643 ], [ 131.447917002732822, 33.436995389159136 ], [ 131.448379161816916, 33.435984061629675 ], [ 131.450175526929314, 33.434896238006651 ], [ 131.450946996094473, 33.434622177393059 ], [ 131.451402647165224, 33.434100592013799 ], [ 131.451570152571634, 33.433467063385081 ], [ 131.45221477612489, 33.432997513297117 ], [ 131.453647774509875, 33.432913149391155 ], [ 131.454374037661069, 33.432586502677324 ], [ 131.45488610510327, 33.432546930789584 ], [ 131.456035459200962, 33.43322461006521 ], [ 131.457424018974336, 33.433238323247508 ], [ 131.450777060502276, 33.427803645951855 ], [ 131.44121907239375, 33.42671537917218 ], [ 131.440260865492093, 33.427374351684421 ], [ 131.432452569647978, 33.434809288562199 ], [ 131.432759303925167, 33.435084752819485 ], [ 131.432987401727843, 33.435631912793696 ], [ 131.4326257310166, 33.437683212368697 ], [ 131.432787698712531, 33.438532916513921 ], [ 131.43305943821079, 33.438796488844396 ], [ 131.434656132064902, 33.438110710514778 ], [ 131.435088623075359, 33.438073342913604 ], [ 131.435566295783815, 33.438342913049986 ], [ 131.435603800094611, 33.438651716394553 ], [ 131.435282565408045, 33.43911245829284 ], [ 131.434129456898319, 33.439466880315976 ], [ 131.433986664806184, 33.439670821165166 ], [ 131.433881743488911, 33.440258906903523 ], [ 131.434080538865231, 33.440476732311552 ], [ 131.43487156485574, 33.440504084653348 ], [ 131.436162844707184, 33.43991937394555 ], [ 131.43766128243044, 33.440317217591812 ], [ 131.438388961443366, 33.440254384204465 ], [ 131.439150514722769, 33.439784538339893 ], [ 131.440811419185309, 33.439432026940501 ], [ 131.442194431229183, 33.438338312066115 ], [ 131.443557830788109, 33.437839557328481 ] ] ] } },
{ "type": "Feature", "properties": { "CITY_NAME": "杵築市", "S_NAME": "大字日指字瀬口", "JINKO": 32, "medical_area": "44_東部医療圏", "町丁目名": "杵築市大字日指字瀬口" }, "geometry": { "type": "Polygon", "coordinates": [ [ [ 131.463948704133458, 33.435794768233571 ], [ 131.465622768425533, 33.431452318338657 ], [ 131.463966934064217, 33.427332778518441 ], [ 131.455376285727851, 33.420339814531268 ], [ 131.452711325536171, 33.419390651127422 ], [ 131.450396948901442, 33.419038837423493 ], [ 131.447996416196247, 33.419121790802286 ], [ 131.447153296958078, 33.419824232752688 ], [ 131.446219060009156, 33.419986567830833 ], [ 131.445868468952199, 33.420613031353255 ], [ 131.450501792000324, 33.423208285194725 ], [ 131.450777060502276, 33.427803645951855 ], [ 131.457424018974336, 33.433238323247508 ], [ 131.457864721117687, 33.433296958035925 ], [ 131.461120536694636, 33.434629883147345 ], [ 131.461978528422208, 33.435425399703256 ], [ 131.462473984297475, 33.435642035836239 ], [ 131.46326591917753, 33.435842520393152 ], [ 131.463948704133458, 33.435794768233571 ] ] ] } },
{ "type": "Feature", "properties": { "CITY_NAME": "杵築市", "S_NAME": "大字日指字宮平", "JINKO": 21, "medical_area": "44_東部医療圏", "町丁目名": "杵築市大字日指字宮平" }, "geometry": { "type": "Polygon", "coordinates": [ [ [ 131.465284703948782, 33.44029569905517 ], [ 131.470750598907188, 33.432144644361642 ], [ 131.472505632334503, 33.429267061846595 ], [ 131.472377953463621, 33.428920951311547 ], [ 131.471404582147159, 33.429567673911762 ], [ 131.470621590292154, 33.429815005710957 ], [ 131.469786418251033, 33.42985830469221 ], [ 131.468818982498419, 33.429606680980449 ], [ 131.467990087299825, 33.428879540972005 ], [ 131.467656630680892, 33.428313496005046 ], [ 131.467025840011985, 33.427984360887287 ], [ 131.465927477545904, 33.427611726645459 ], [ 131.463966934064217, 33.427332778518441 ], [ 131.465622768425533, 33.431452318338657 ], [ 131.463948704133458, 33.435794768233571 ], [ 131.46535102579054, 33.435849764944138 ], [ 131.465977151726719, 33.436129967990347 ], [ 131.466390499532338, 33.436523613086074 ], [ 131.466512020593115, 33.436994510369132 ], [ 131.465965921924862, 33.438251145706047 ], [ 131.465197803731257, 33.439158249036133 ], [ 131.465103015306823, 33.439927173358505 ], [ 131.465284703948782, 33.44029569905517 ] ] ] } },
{ "type": "Feature", "properties": { "CITY_NAME": "杵築市", "S_NAME": "大字日指字中尾平", "JINKO": 28, "medical_area": "44_東部医療圏", "町丁目名": "杵築市大字日指字中尾平" }, "geometry": { "type": "Polygon", "coordinates": [ [ [ 131.472377953463621, 33.428920951311547 ], [ 131.470407899860618, 33.422948751994134 ], [ 131.477383269395915, 33.410295275173247 ], [ 131.457831551292884, 33.422264561347603 ], [ 131.463966934064217, 33.427332778518441 ], [ 131.465927477545904, 33.427611726645459 ], [ 131.467025840011985, 33.427984360887287 ], [ 131.467656630680892, 33.428313496005046 ], [ 131.467990087299825, 33.428879540972005 ], [ 131.468818982498419, 33.429606680980449 ], [ 131.469786418251033, 33.42985830469221 ], [ 131.470621590292154, 33.429815005710957 ], [ 131.471404582147159, 33.429567673911762 ], [ 131.472377953463621, 33.428920951311547 ] ] ] } },
{ "type": "Feature", "properties": { "CITY_NAME": "杵築市", "S_NAME": "大字日指字尾花，字重永", "JINKO": 41, "medical_area": "44_東部医療圏", "町丁目名": "杵築市大字日指字尾花，字重永" }, "geometry": { "type": "Polygon", "coordinates": [ [ [ 131.470792566640228, 33.450787380195649 ], [ 131.471368578820829, 33.450390727145674 ], [ 131.473399693760229, 33.448061246527509 ], [ 131.474714991752506, 33.447639214053439 ], [ 131.476511721555084, 33.447987379891998 ], [ 131.477076026566408, 33.447917582916354 ], [ 131.477339689690723, 33.446947290527639 ], [ 131.47708498196701, 33.444604010594517 ], [ 131.477291882633153, 33.444327099790222 ], [ 131.477921921401474, 33.443986564674496 ], [ 131.478776611740727, 33.442935092420505 ], [ 131.480280783419659, 33.442658797267043 ], [ 131.481450825187864, 33.44273316054624 ], [ 131.482966175279614, 33.443262592833911 ], [ 131.483654112101419, 33.44367692073574 ], [ 131.483841928238917, 33.44360855928042 ], [ 131.484007226411165, 33.441883554454918 ], [ 131.48498506449792, 33.440590346200572 ], [ 131.484860630431683, 33.4403412046412 ], [ 131.484982099924395, 33.439557079272063 ], [ 131.484740870920803, 33.438980498660648 ], [ 131.483662856617059, 33.438281263853028 ], [ 131.482741095372688, 33.437365562190045 ], [ 131.482520942831599, 33.436552616404718 ], [ 131.482750395841919, 33.435783135057939 ], [ 131.482298893093429, 33.435393061630457 ], [ 131.479992546555195, 33.434377254105705 ], [ 131.478975579587399, 33.434117436639362 ], [ 131.477717069896045, 33.434062031358017 ], [ 131.476549320053323, 33.434172026595171 ], [ 131.4730489292958, 33.435044442800873 ], [ 131.472600710301094, 33.435257143105488 ], [ 131.472208739076933, 33.435906644680614 ], [ 131.471562488496318, 33.436059831282961 ], [ 131.470861644976679, 33.436092618112539 ], [ 131.469493466134054, 33.435706031846927 ], [ 131.468379233342148, 33.435740373296646 ], [ 131.465284703948782, 33.44029569905517 ], [ 131.466535095591581, 33.44134215405662 ], [ 131.466573102986217, 33.442581509775323 ], [ 131.466066296247988, 33.443615737233678 ], [ 131.466042999164642, 33.444309050683543 ], [ 131.4667125389864, 33.447686014238684 ], [ 131.467106204748916, 33.448185614598955 ], [ 131.467918315680151, 33.448777822890989 ], [ 131.468714519469358, 33.450594516515139 ], [ 131.469030871237663, 33.45092487516601 ], [ 131.46983169282305, 33.451080101539247 ], [ 131.470792566640228, 33.450787380195649 ] ] ] } },
{ "type": "Feature", "properties": { "CITY_NAME": "杵築市", "S_NAME": "大字日指字梅田，字長田，字小杉", "JINKO": 58, "medical_area": "44_東部医療圏", "町丁目名": "杵築市大字日指字梅田，字長田，字小杉" }, "geometry": { "type": "Polygon", "coordinates": [ [ [ 131.486944033123962, 33.436454557674018 ], [ 131.485523026354031, 33.434454439841772 ], [ 131.485493125172582, 33.433146332972541 ], [ 131.483738275678633, 33.432090443694491 ], [ 131.48187504386101, 33.429364581619616 ], [ 131.481480681934329, 33.42853208808517 ], [ 131.481454982404216, 33.427523503463235 ], [ 131.480803235739955, 33.42633138623313 ], [ 131.48100190180628, 33.42578962356675 ], [ 131.480552483540919, 33.424720698803313 ], [ 131.480329596439617, 33.422067371034053 ], [ 131.480078748537267, 33.420434135176464 ], [ 131.479750916909609, 33.419477435491856 ], [ 131.479793362805623, 33.418637611186128 ], [ 131.480030976467475, 33.417847754999656 ], [ 131.482691671541886, 33.414123795778828 ], [ 131.482550250365904, 33.412850804435898 ], [ 131.483033722998414, 33.411497822846833 ], [ 131.477383269395915, 33.410295275173247 ], [ 131.470407899860618, 33.422948751994134 ], [ 131.472505632334503, 33.429267061846595 ], [ 131.468379233342148, 33.435740373296646 ], [ 131.469493466134054, 33.435706031846927 ], [ 131.470861644976679, 33.436092618112539 ], [ 131.471562488496318, 33.436059831282961 ], [ 131.472208739076933, 33.435906644680614 ], [ 131.472600710301094, 33.435257143105488 ], [ 131.4730489292958, 33.435044442800873 ], [ 131.476549320053323, 33.434172026595171 ], [ 131.478975579587399, 33.434117436639362 ], [ 131.479992546555195, 33.434377254105705 ], [ 131.482298893093429, 33.435393061630457 ], [ 131.482750395841919, 33.435783135057939 ], [ 131.482520942831599, 33.436552616404718 ], [ 131.482741095372688, 33.437365562190045 ], [ 131.483662856617059, 33.438281263853028 ], [ 131.484740870920803, 33.438980498660648 ], [ 131.484982099924395, 33.439557079272063 ], [ 131.484860630431683, 33.4403412046412 ], [ 131.48498506449792, 33.440590346200572 ], [ 131.485780972747619, 33.438084092956373 ], [ 131.486896852428856, 33.437046496925831 ], [ 131.486944033123962, 33.436454557674018 ] ] ] } },
{ "type": "Feature", "properties": { "CITY_NAME": "杵築市", "S_NAME": "大字日指字トキワ", "JINKO": 6, "medical_area": "44_東部医療圏", "町丁目名": "杵築市大字日指字トキワ" }, "geometry": { "type": "Polygon", "coordinates": [ [ [ 131.483033722998414, 33.411497822846833 ], [ 131.483561998901138, 33.409899595327254 ], [ 131.483761910178828, 33.405959721125882 ], [ 131.484881177919362, 33.402982746878642 ], [ 131.486111583453123, 33.402229356518369 ], [ 131.486229568300558, 33.401536959172226 ], [ 131.486812687566413, 33.401043247961844 ], [ 131.490843861075859, 33.400260851453432 ], [ 131.491432203068882, 33.39987322720598 ], [ 131.492149427415228, 33.398238831057007 ], [ 131.493334010415907, 33.396382365418944 ], [ 131.493385710224118, 33.395587998783427 ], [ 131.492899950517966, 33.39422960186149 ], [ 131.494278765488701, 33.392761631994127 ], [ 131.495034816523543, 33.392208198374597 ], [ 131.496065217394744, 33.392101895296264 ], [ 131.496278010441159, 33.391613554439971 ], [ 131.496044114701448, 33.390690667130556 ], [ 131.495701810139906, 33.390634961250974 ], [ 131.495322793764444, 33.390203950124189 ], [ 131.495040475349157, 33.389539055170012 ], [ 131.494294771334864, 33.389014352161468 ], [ 131.491439887190808, 33.390200950198199 ], [ 131.490153697433954, 33.390531994587896 ], [ 131.488591991474436, 33.390204501246664 ], [ 131.487075487653243, 33.390184808343392 ], [ 131.485425905759968, 33.389412386246221 ], [ 131.484269091003853, 33.38914875242795 ], [ 131.48359156347459, 33.388046233098137 ], [ 131.482828125160381, 33.385993657926733 ], [ 131.48281804101461, 33.385474549582732 ], [ 131.483045273926535, 33.384936418329652 ], [ 131.482891905987145, 33.384599366520952 ], [ 131.481681084371473, 33.38418109113411 ], [ 131.480226675191659, 33.38555587701704 ], [ 131.478401893477269, 33.386239059846744 ], [ 131.477164577587018, 33.38714727582289 ], [ 131.47643965634478, 33.387322253393251 ], [ 131.475682454310032, 33.387248320005916 ], [ 131.477666491985985, 33.39412065940153 ], [ 131.477383269395915, 33.410295275173247 ], [ 131.483033722998414, 33.411497822846833 ] ] ] } },
{ "type": "Feature", "properties": { "CITY_NAME": "杵築市", "S_NAME": "大字日指字下河内", "JINKO": 77, "medical_area": "44_東部医療圏", "町丁目名": "杵築市大字日指字下河内" }, "geometry": { "type": "Polygon", "coordinates": [ [ [ 131.445868468952199, 33.420613031353255 ], [ 131.446219060009156, 33.419986567830833 ], [ 131.447153296958078, 33.419824232752688 ], [ 131.447996416196247, 33.419121790802286 ], [ 131.449512266402053, 33.419010268616027 ], [ 131.451564604581478, 33.419163266921494 ], [ 131.452432054200415, 33.418663976822621 ], [ 131.4525156513659, 33.417992431257865 ], [ 131.457365773402671, 33.417113578821478 ], [ 131.457082314895587, 33.416137015704955 ], [ 131.457844861304523, 33.415550517671626 ], [ 131.458782168045076, 33.415109260998847 ], [ 131.459021102956171, 33.414218290080598 ], [ 131.459745488408544, 33.412989858561936 ], [ 131.460898166196642, 33.412161136760865 ], [ 131.460402165344192, 33.410470341598447 ], [ 131.460485225187966, 33.409711255655715 ], [ 131.46292525814917, 33.402252970820804 ], [ 131.462956762777139, 33.401625432740026 ], [ 131.462620071775433, 33.400459311482429 ], [ 131.462901293527324, 33.399356572664836 ], [ 131.463384759426958, 33.398668974469807 ], [ 131.466623327737551, 33.395928088124251 ], [ 131.466871774243458, 33.395219451560337 ], [ 131.468051975822647, 33.394718897519944 ], [ 131.469441908091255, 33.394407188188232 ], [ 131.470238907777002, 33.393820511376035 ], [ 131.471172412106682, 33.39275180917155 ], [ 131.467545879006934, 33.391204267345174 ], [ 131.465081792591747, 33.392307902024513 ], [ 131.464008443398257, 33.393260361444334 ], [ 131.463690021233759, 33.393896288941534 ], [ 131.462701095526171, 33.394381533725749 ], [ 131.461198874224579, 33.396502932920399 ], [ 131.46066221137977, 33.397001037676198 ], [ 131.459560926463723, 33.397639915760827 ], [ 131.457980534065939, 33.398141883300021 ], [ 131.457808196965402, 33.398448942643519 ], [ 131.457165140569771, 33.398568055884454 ], [ 131.457027723787206, 33.398904186226311 ], [ 131.456715762125782, 33.399124225535488 ], [ 131.456263377081257, 33.399111313167133 ], [ 131.45595186636973, 33.399418884572555 ], [ 131.455013685715073, 33.399655812652277 ], [ 131.45439007847034, 33.400168832019823 ], [ 131.454270029709221, 33.40050489696273 ], [ 131.453628346647491, 33.400886628048248 ], [ 131.453369877459721, 33.401369102100567 ], [ 131.45288286011305, 33.40138550631918 ], [ 131.452892867180225, 33.40164081544696 ], [ 131.452442236016793, 33.401963508541535 ], [ 131.452635256955062, 33.402283805775099 ], [ 131.452566979632451, 33.402546729349929 ], [ 131.452098357749321, 33.402752716948328 ], [ 131.451961657811466, 33.403234777601895 ], [ 131.451701222104219, 33.403337847920675 ], [ 131.451200232975054, 33.404025511168335 ], [ 131.450805531212723, 33.405092189802446 ], [ 131.450773471507091, 33.405632200452992 ], [ 131.45118793667254, 33.406732379075159 ], [ 131.45216808864825, 33.407881560147366 ], [ 131.450622224181245, 33.409499250918714 ], [ 131.442555536380922, 33.419107784326606 ], [ 131.445868468952199, 33.420613031353255 ] ] ] } },
{ "type": "Feature", "properties": { "CITY_NAME": "杵築市", "S_NAME": "大字日指字迫田", "JINKO": 39, "medical_area": "44_東部医療圏", "町丁目名": "杵築市大字日指字迫田" }, "geometry": { "type": "Polygon", "coordinates": [ [ [ 131.457831551292884, 33.422264561347603 ], [ 131.477383269395915, 33.410295275173247 ], [ 131.477666491985985, 33.39412065940153 ], [ 131.471172412106682, 33.39275180917155 ], [ 131.470238907777002, 33.393820511376035 ], [ 131.469441908091255, 33.394407188188232 ], [ 131.468051975822647, 33.394718897519944 ], [ 131.466871774243458, 33.395219451560337 ], [ 131.466623327737551, 33.395928088124251 ], [ 131.463384759426958, 33.398668974469807 ], [ 131.462901293527324, 33.399356572664836 ], [ 131.462620071775433, 33.400459311482429 ], [ 131.462956762777139, 33.401625432740026 ], [ 131.46292525814917, 33.402252970820804 ], [ 131.460485225187966, 33.409711255655715 ], [ 131.460402165344192, 33.410470341598447 ], [ 131.460898166196642, 33.412161136760865 ], [ 131.459745488408544, 33.412989858561936 ], [ 131.459021102956171, 33.414218290080598 ], [ 131.458782168045076, 33.415109260998847 ], [ 131.457844861304523, 33.415550517671626 ], [ 131.457082314895587, 33.416137015704955 ], [ 131.457365773402671, 33.417113578821478 ], [ 131.4525156513659, 33.417992431257865 ], [ 131.452432054200415, 33.418663976822621 ], [ 131.451564604581478, 33.419163266921494 ], [ 131.452711325536171, 33.419390651127422 ], [ 131.455376285727851, 33.420339814531268 ], [ 131.457831551292884, 33.422264561347603 ] ] ] } },
{ "type": "Feature", "properties": { "CITY_NAME": "杵築市", "S_NAME": "大字久木野尾字コモダ", "JINKO": 70, "medical_area": "44_東部医療圏", "町丁目名": "杵築市大字久木野尾字コモダ" }, "geometry": { "type": "Polygon", "coordinates": [ [ [ 131.450777060502276, 33.427803645951855 ], [ 131.450501792000324, 33.423208285194725 ], [ 131.445868468952199, 33.420613031353255 ], [ 131.442555536380922, 33.419107784326606 ], [ 131.436478072676863, 33.422037887398787 ], [ 131.440260865492093, 33.427374351684421 ], [ 131.44121907239375, 33.42671537917218 ], [ 131.450777060502276, 33.427803645951855 ] ] ] } },
{ "type": "Feature", "properties": { "CITY_NAME": "杵築市", "S_NAME": "大字久木野尾字槍ケ原", "JINKO": 24, "medical_area": "44_東部医療圏", "町丁目名": "杵築市大字久木野尾字槍ケ原" }, "geometry": { "type": "Polygon", "coordinates": [ [ [ 131.442555536380922, 33.419107784326606 ], [ 131.440033224982074, 33.418365859515831 ], [ 131.439107169193676, 33.41758118527904 ], [ 131.438858702986039, 33.41660442362069 ], [ 131.439151638546036, 33.416034340599609 ], [ 131.438363564623756, 33.415001127215348 ], [ 131.43855672578735, 33.413606947279284 ], [ 131.438009184039743, 33.411960020749689 ], [ 131.429642437768678, 33.413351243133441 ], [ 131.436478072676863, 33.422037887398787 ], [ 131.442555536380922, 33.419107784326606 ] ] ] } },
{ "type": "Feature", "properties": { "CITY_NAME": "杵築市", "S_NAME": "大字久木野尾字西畑部", "JINKO": 43, "medical_area": "44_東部医療圏", "町丁目名": "杵築市大字久木野尾字西畑部" }, "geometry": { "type": "Polygon", "coordinates": [ [ [ 131.440260865492093, 33.427374351684421 ], [ 131.436478072676863, 33.422037887398787 ], [ 131.429642437768678, 33.413351243133441 ], [ 131.426602848908061, 33.409081772489614 ], [ 131.424996315762172, 33.410393256790655 ], [ 131.424739071320801, 33.411167560910506 ], [ 131.423101658350902, 33.412566688776771 ], [ 131.422843413250774, 33.413136627071282 ], [ 131.422252937483364, 33.413357504827481 ], [ 131.421417729601558, 33.413345700165877 ], [ 131.420932104092174, 33.413668348841647 ], [ 131.420062143769201, 33.413671268991237 ], [ 131.419733721233655, 33.413958092320073 ], [ 131.421085919385149, 33.414029140642363 ], [ 131.421717951832477, 33.414272619649964 ], [ 131.422622840282941, 33.415025363045537 ], [ 131.42463034327281, 33.415490830320437 ], [ 131.424833943311768, 33.415660147045962 ], [ 131.424915472691225, 33.416217261122121 ], [ 131.424626665937552, 33.417068524956143 ], [ 131.424500083559764, 33.418845047450645 ], [ 131.424526156650415, 33.419581844513772 ], [ 131.424935480685633, 33.420355120279773 ], [ 131.425029830284785, 33.421223943281582 ], [ 131.425278698882437, 33.421430934700858 ], [ 131.427454734698983, 33.421772998709628 ], [ 131.427974724345574, 33.422130191243639 ], [ 131.429133377020179, 33.424072334412415 ], [ 131.42927016135846, 33.424393090476812 ], [ 131.429137814940674, 33.424979262226728 ], [ 131.428670079144013, 33.426095668675252 ], [ 131.428744502516395, 33.427493603238382 ], [ 131.428995985425473, 33.428229623962707 ], [ 131.428094876199793, 33.430585117531187 ], [ 131.427963398458957, 33.431341333023283 ], [ 131.428236949076762, 33.431982808982923 ], [ 131.428826215431201, 33.432660991148602 ], [ 131.431469877795053, 33.434087826281228 ], [ 131.432452569647978, 33.434809288562199 ], [ 131.440260865492093, 33.427374351684421 ] ] ] } },
{ "type": "Feature", "properties": { "CITY_NAME": "杵築市", "S_NAME": "大字久木野尾字浄土寺", "JINKO": 56, "medical_area": "44_東部医療圏", "町丁目名": "杵築市大字久木野尾字浄土寺" }, "geometry": { "type": "Polygon", "coordinates": [ [ [ 131.438009184039743, 33.411960020749689 ], [ 131.439790740221639, 33.406364962579296 ], [ 131.439922573847639, 33.404890679081433 ], [ 131.438439271611259, 33.40221830815976 ], [ 131.438541019524422, 33.401692625788243 ], [ 131.438191041601613, 33.40127070236791 ], [ 131.438150910011103, 33.400477808818117 ], [ 131.437091983092472, 33.40064712185022 ], [ 131.437043538660788, 33.401406091562563 ], [ 131.436562146547715, 33.402560593455895 ], [ 131.436394146141339, 33.403772345994902 ], [ 131.435557503875174, 33.404708308248068 ], [ 131.435112726753488, 33.404973431536767 ], [ 131.427906039767635, 33.405896066299739 ], [ 131.427952632795353, 33.406530667478094 ], [ 131.42757362936004, 33.407305359281011 ], [ 131.427284045570957, 33.4085758948669 ], [ 131.426602848908061, 33.409081772489614 ], [ 131.429642437768678, 33.413351243133441 ], [ 131.438009184039743, 33.411960020749689 ] ] ] } },
{ "type": "Feature", "properties": { "CITY_NAME": "杵築市", "S_NAME": "大字久木野尾字口野尾", "JINKO": 27, "medical_area": "44_東部医療圏", "町丁目名": "杵築市大字久木野尾字口野尾" }, "geometry": { "type": "Polygon", "coordinates": [ [ [ 131.427906039767635, 33.405896066299739 ], [ 131.435112726753488, 33.404973431536767 ], [ 131.435557503875174, 33.404708308248068 ], [ 131.436394146141339, 33.403772345994902 ], [ 131.436562146547715, 33.402560593455895 ], [ 131.437043538660788, 33.401406091562563 ], [ 131.437138179831749, 33.400223298902787 ], [ 131.430365760400747, 33.394775430260225 ], [ 131.427831435176046, 33.403072715793961 ], [ 131.427890578127716, 33.404502562905641 ], [ 131.427615134691592, 33.405101789638557 ], [ 131.427948167093291, 33.405611367216018 ], [ 131.427906039767635, 33.405896066299739 ] ] ] } },
{ "type": "Feature", "properties": { "CITY_NAME": "杵築市", "S_NAME": "大字久木野尾字畑", "JINKO": 9, "medical_area": "44_東部医療圏", "町丁目名": "杵築市大字久木野尾字畑" }, "geometry": { "type": "Polygon", "coordinates": [ [ [ 131.424996315762172, 33.410393256790655 ], [ 131.427284045570957, 33.4085758948669 ], [ 131.42757362936004, 33.407305359281011 ], [ 131.427952632795353, 33.406530667478094 ], [ 131.427948167093291, 33.405611367216018 ], [ 131.427615134691592, 33.405101789638557 ], [ 131.427890578127716, 33.404502562905641 ], [ 131.427831435176046, 33.403072715793961 ], [ 131.428036944512826, 33.402670850470003 ], [ 131.41931231737172, 33.40479190864739 ], [ 131.418692193497805, 33.405808062833906 ], [ 131.419238863032461, 33.407053378588635 ], [ 131.419154506847661, 33.408263019164174 ], [ 131.418863094106769, 33.408566336254047 ], [ 131.417784010744413, 33.409061233943795 ], [ 131.417605190412075, 33.4093641692373 ], [ 131.417577220537112, 33.41058308538878 ], [ 131.417964443530565, 33.411469891322362 ], [ 131.417407476528382, 33.412794400925534 ], [ 131.417614031258779, 33.413587274874942 ], [ 131.418111662849896, 33.414001310995431 ], [ 131.419014448848117, 33.414319488192163 ], [ 131.420062143769201, 33.413671268991237 ], [ 131.421192815632764, 33.413609107629682 ], [ 131.421678440027705, 33.413286460346676 ], [ 131.422600559299099, 33.413283353020546 ], [ 131.422843413250774, 33.413136627071282 ], [ 131.423101658350902, 33.412566688776771 ], [ 131.424739071320801, 33.411167560910506 ], [ 131.424996315762172, 33.410393256790655 ] ] ] } },
{ "type": "Feature", "properties": { "CITY_NAME": "杵築市", "S_NAME": "大字久木野尾字唐川", "JINKO": 39, "medical_area": "44_東部医療圏", "町丁目名": "杵築市大字久木野尾字唐川" }, "geometry": { "type": "Polygon", "coordinates": [ [ [ 131.428036944512826, 33.402670850470003 ], [ 131.430365760400747, 33.394775430260225 ], [ 131.412033807236725, 33.391744470783976 ], [ 131.412170509236518, 33.392527992190765 ], [ 131.412088905578145, 33.393009903340328 ], [ 131.412361667532679, 33.393398619787888 ], [ 131.412197143972833, 33.39408102859251 ], [ 131.412365926784076, 33.394307739773396 ], [ 131.412266461285782, 33.395108992142553 ], [ 131.412514060697532, 33.395627664344019 ], [ 131.413401800792286, 33.396452661541332 ], [ 131.413186145447412, 33.39724344545867 ], [ 131.413371650134792, 33.398271011322471 ], [ 131.413618038477551, 33.398529937229753 ], [ 131.417264839228835, 33.400238559407988 ], [ 131.418055210709639, 33.400928569655186 ], [ 131.420102904185484, 33.401446579034328 ], [ 131.419630873686032, 33.40258458968237 ], [ 131.418975988496555, 33.403257850357676 ], [ 131.418978208041864, 33.403723239015008 ], [ 131.419341510862296, 33.404133270748943 ], [ 131.41931231737172, 33.40479190864739 ], [ 131.428036944512826, 33.402670850470003 ] ] ] } },
{ "type": "Feature", "properties": { "CITY_NAME": "杵築市", "S_NAME": "大字久木野尾字井手の上", "JINKO": 20, "medical_area": "44_東部医療圏", "町丁目名": "杵築市大字久木野尾字井手の上" }, "geometry": { "type": "Polygon", "coordinates": [ [ [ 131.427812752587812, 33.390238773051991 ], [ 131.420528149676841, 33.381909696875894 ], [ 131.417199760223184, 33.374371639586577 ], [ 131.415456735093954, 33.374262976703861 ], [ 131.414875093890942, 33.374470546430366 ], [ 131.414330352581942, 33.374426692571923 ], [ 131.41409267549335, 33.374838676555171 ], [ 131.413505588325961, 33.375059927352197 ], [ 131.41196543589686, 33.375252419758738 ], [ 131.410243827092472, 33.37505713726091 ], [ 131.407676254406027, 33.375687146942546 ], [ 131.407493357142556, 33.376172042219174 ], [ 131.407658118818716, 33.376473016963232 ], [ 131.407605467278984, 33.37686613314105 ], [ 131.407371886461362, 33.377451342864774 ], [ 131.406717852163808, 33.378308561843014 ], [ 131.406566633398796, 33.379088320542856 ], [ 131.406016713733123, 33.38013997329211 ], [ 131.405931472104641, 33.381233361247446 ], [ 131.406101624581169, 33.381763142594046 ], [ 131.407379991672173, 33.383398566236046 ], [ 131.407627885217892, 33.383992972326034 ], [ 131.407988382330814, 33.386097916844136 ], [ 131.40842548503889, 33.387383584531548 ], [ 131.40914153958488, 33.387941270822751 ], [ 131.411049424819197, 33.390074905636048 ], [ 131.411945053503331, 33.391219169549046 ], [ 131.412033807236725, 33.391744470783976 ], [ 131.430365760400747, 33.394775430260225 ], [ 131.427812752587812, 33.390238773051991 ] ] ] } },
{ "type": "Feature", "properties": { "CITY_NAME": "杵築市", "S_NAME": "大字久木野尾字下切一", "JINKO": 35, "medical_area": "44_東部医療圏", "町丁目名": "杵築市大字久木野尾字下切一" }, "geometry": { "type": "Polygon", "coordinates": [ [ [ 131.43699378234848, 33.398766379522151 ], [ 131.437767832909998, 33.398111647271698 ], [ 131.437869341275871, 33.397842797327996 ], [ 131.438346275599997, 33.396052874445836 ], [ 131.438734526944273, 33.392527799874635 ], [ 131.439253828133189, 33.391231558585467 ], [ 131.440179920177656, 33.390159178435731 ], [ 131.441002747785518, 33.387855079333548 ], [ 131.441410822846422, 33.386046252169635 ], [ 131.442659970169444, 33.384459797089768 ], [ 131.443995884912852, 33.38197174005311 ], [ 131.444467224514767, 33.381399568307955 ], [ 131.441120495610249, 33.381708631310346 ], [ 131.439135959599156, 33.38248267653222 ], [ 131.43797741457638, 33.383208089013124 ], [ 131.43712980145898, 33.384472597181777 ], [ 131.436206367876451, 33.384706769709389 ], [ 131.435696735698627, 33.385197698202397 ], [ 131.423448637585409, 33.38519752899672 ], [ 131.427812752587812, 33.390238773051991 ], [ 131.430365760400747, 33.394775430260225 ], [ 131.437138179831749, 33.400223298902787 ], [ 131.43699378234848, 33.398766379522151 ] ] ] } },
{ "type": "Feature", "properties": { "CITY_NAME": "杵築市", "S_NAME": "大字久木野尾字下切二", "JINKO": 28, "medical_area": "44_東部医療圏", "町丁目名": "杵築市大字久木野尾字下切二" }, "geometry": { "type": "Polygon", "coordinates": [ [ [ 131.436206367876451, 33.384706769709389 ], [ 131.437129801459008, 33.384472597181777 ], [ 131.43797741457638, 33.383208089013138 ], [ 131.438691505701115, 33.382723945272055 ], [ 131.440675527782361, 33.381844440615289 ], [ 131.444467224514767, 33.381399568307934 ], [ 131.44535886630203, 33.380336951615938 ], [ 131.445675234765275, 33.379626299686315 ], [ 131.447747686190638, 33.378209494230383 ], [ 131.448683834850954, 33.378033573597115 ], [ 131.449971545282949, 33.377261673432322 ], [ 131.450637807694278, 33.377567014794266 ], [ 131.451055974129616, 33.376758401222006 ], [ 131.450858585096114, 33.376079732924936 ], [ 131.453718828216353, 33.374240312222156 ], [ 131.445924207335821, 33.36902841189449 ], [ 131.445965542647656, 33.367616427333793 ], [ 131.442401348649412, 33.363846515916819 ], [ 131.437192345095525, 33.358772423475614 ], [ 131.433294213987239, 33.35529885614023 ], [ 131.432757765769452, 33.360379727620646 ], [ 131.431524077853709, 33.36299248181475 ], [ 131.431193621936728, 33.36441897972059 ], [ 131.430793772960953, 33.3650324943073 ], [ 131.429345047966507, 33.366028832313795 ], [ 131.428292915011269, 33.367964891102737 ], [ 131.427264591763105, 33.369220149018851 ], [ 131.426537689145079, 33.369770859363307 ], [ 131.425954895377913, 33.370841900979798 ], [ 131.425370722514089, 33.372767245867422 ], [ 131.424761221994629, 33.372833304652652 ], [ 131.423812258264235, 33.372507629367 ], [ 131.42231013245987, 33.371521366540584 ], [ 131.422017271166595, 33.371759922638709 ], [ 131.421472460121294, 33.371697849060517 ], [ 131.421277191484592, 33.371862980334988 ], [ 131.420895557191784, 33.371763751180197 ], [ 131.420515709247894, 33.372030039811513 ], [ 131.420058270704317, 33.372022475032217 ], [ 131.418111442409497, 33.373705756541774 ], [ 131.417754618925187, 33.374255207302056 ], [ 131.417199760223184, 33.374371639586585 ], [ 131.420528149676841, 33.381909696875894 ], [ 131.423448637585352, 33.385197528996713 ], [ 131.435696735698627, 33.38519769820239 ], [ 131.436206367876451, 33.384706769709389 ] ] ] } },
{ "type": "Feature", "properties": { "CITY_NAME": "杵築市", "S_NAME": "大字南畑字富田", "JINKO": 30, "medical_area": "44_東部医療圏", "町丁目名": "杵築市大字南畑字富田" }, "geometry": { "type": "Polygon", "coordinates": [ [ [ 131.442462951411102, 33.403267759967903 ], [ 131.443338250702453, 33.403432429109067 ], [ 131.444069559802898, 33.403381858030876 ], [ 131.445706367162387, 33.402680821988405 ], [ 131.445921285040527, 33.402229372488264 ], [ 131.445825121245946, 33.401299665200618 ], [ 131.446086104719711, 33.400915190037061 ], [ 131.446015443467445, 33.400503167603333 ], [ 131.446265153459535, 33.40015709400587 ], [ 131.446022988748012, 33.399736074372285 ], [ 131.44600272854521, 33.399117731180333 ], [ 131.446355084101953, 33.397596732848911 ], [ 131.446884850590862, 33.397254438526986 ], [ 131.447593890526974, 33.397328560335851 ], [ 131.447981505323924, 33.397125808954748 ], [ 131.448161847211338, 33.396626578262207 ], [ 131.447851738816809, 33.396330470028246 ], [ 131.447911266380288, 33.395673443968903 ], [ 131.448443722739853, 33.3947414675944 ], [ 131.449227928145547, 33.393875721832096 ], [ 131.449213414823362, 33.393271702459451 ], [ 131.44979772277307, 33.392430633102506 ], [ 131.449677528903578, 33.391280521271817 ], [ 131.452059411289724, 33.387743481379317 ], [ 131.452238983997887, 33.387100400849221 ], [ 131.452042792578425, 33.386736784780709 ], [ 131.452408032976507, 33.385581025225868 ], [ 131.451079105790512, 33.384923849141273 ], [ 131.450966976846132, 33.384463417366455 ], [ 131.451579444058524, 33.381471980542614 ], [ 131.450929540162889, 33.379530421665763 ], [ 131.449422018006658, 33.378707108408044 ], [ 131.447779919627209, 33.380263582339111 ], [ 131.447379925719957, 33.380396893469793 ], [ 131.447517431685725, 33.380080230812808 ], [ 131.448592329623779, 33.379088682106726 ], [ 131.449426727019187, 33.37767602839353 ], [ 131.448683834850954, 33.378033573597115 ], [ 131.447747686190638, 33.378209494230383 ], [ 131.445675234765275, 33.379626299686308 ], [ 131.44535886630203, 33.380336951615952 ], [ 131.443995884912852, 33.38197174005311 ], [ 131.442659970169444, 33.384459797089768 ], [ 131.441410822846422, 33.386046252169635 ], [ 131.441002747785518, 33.387855079333548 ], [ 131.440179920177656, 33.390159178435731 ], [ 131.439253828133189, 33.391231558585467 ], [ 131.438734526944273, 33.392527799874635 ], [ 131.438346275599997, 33.396052874445836 ], [ 131.437869341275871, 33.397842797327996 ], [ 131.437767832909998, 33.398111647271698 ], [ 131.43699378234848, 33.398766379522151 ], [ 131.442462951411102, 33.403267759967903 ] ] ] } },
{ "type": "Feature", "properties": { "CITY_NAME": "杵築市", "S_NAME": "大字南畑字上河内下", "JINKO": 45, "medical_area": "44_東部医療圏", "町丁目名": "杵築市大字南畑字上河内下" }, "geometry": { "type": "Polygon", "coordinates": [ [ [ 131.442555536380922, 33.419107784326606 ], [ 131.450622224181245, 33.409499250918714 ], [ 131.44828248611833, 33.408002441816457 ], [ 131.446483489411406, 33.406038622582891 ], [ 131.445624159694347, 33.405648618013686 ], [ 131.44433138841697, 33.405442353339041 ], [ 131.443236889132777, 33.40487578671479 ], [ 131.443061768291102, 33.404147715505196 ], [ 131.442464392127533, 33.403555403066669 ], [ 131.442462951411102, 33.403267759967903 ], [ 131.43699378234848, 33.398766379522151 ], [ 131.437091983092472, 33.40064712185022 ], [ 131.438150910011103, 33.400477808818117 ], [ 131.438191041601613, 33.40127070236791 ], [ 131.438541019524422, 33.401692625788243 ], [ 131.438439271611259, 33.40221830815976 ], [ 131.439922573847639, 33.404890679081433 ], [ 131.439790740221639, 33.406364962579296 ], [ 131.438009184039743, 33.411960020749689 ], [ 131.43855672578735, 33.413606947279284 ], [ 131.438363564623756, 33.415001127215348 ], [ 131.439151638546036, 33.416034340599609 ], [ 131.438858702986039, 33.41660442362069 ], [ 131.439107169193676, 33.41758118527904 ], [ 131.439404464381454, 33.417886579602524 ], [ 131.440033224982074, 33.418365859515831 ], [ 131.442555536380922, 33.419107784326606 ] ] ] } },
{ "type": "Feature", "properties": { "CITY_NAME": "杵築市", "S_NAME": "大字南畑字上河内上", "JINKO": 58, "medical_area": "44_東部医療圏", "町丁目名": "杵築市大字南畑字上河内上" }, "geometry": { "type": "Polygon", "coordinates": [ [ [ 131.450622224181245, 33.409499250918714 ], [ 131.45216808864825, 33.407881560147366 ], [ 131.45118793667254, 33.406732379075159 ], [ 131.450773471507091, 33.405632200452992 ], [ 131.450805531212723, 33.405092189802446 ], [ 131.451200232975054, 33.404025511168335 ], [ 131.451701222104219, 33.403337847920675 ], [ 131.451961657811466, 33.403234777601895 ], [ 131.452098357749321, 33.402752716948328 ], [ 131.452566979632451, 33.402546729349929 ], [ 131.452635256955062, 33.402283805775099 ], [ 131.452442236016793, 33.401963508541535 ], [ 131.452892867180225, 33.40164081544696 ], [ 131.45288286011305, 33.40138550631918 ], [ 131.453369877459721, 33.401369102100567 ], [ 131.453628346647491, 33.400886628048248 ], [ 131.454270029709221, 33.40050489696273 ], [ 131.45439007847034, 33.400168832019823 ], [ 131.455013685715073, 33.399655812652277 ], [ 131.45595186636973, 33.399418884572555 ], [ 131.456263377081257, 33.399111313167133 ], [ 131.456715762125782, 33.399124225535488 ], [ 131.457027723787206, 33.398904186226311 ], [ 131.457165140569771, 33.398568055884454 ], [ 131.457808196965402, 33.398448942643519 ], [ 131.457980534065939, 33.398141883300021 ], [ 131.459560926463723, 33.397639915760827 ], [ 131.46066221137977, 33.397001037676198 ], [ 131.461198874224579, 33.396502932920399 ], [ 131.462701095526171, 33.394381533725749 ], [ 131.463690021233759, 33.393896288941534 ], [ 131.464008443398257, 33.393260361444334 ], [ 131.465081792591747, 33.392307902024513 ], [ 131.467545879006934, 33.391204267345174 ], [ 131.471172412106682, 33.39275180917155 ], [ 131.477666491985985, 33.39412065940153 ], [ 131.475682454310032, 33.387248320005916 ], [ 131.472737872609429, 33.385920362896371 ], [ 131.471128386164651, 33.387118216042317 ], [ 131.468265400178069, 33.386472052689378 ], [ 131.467940444831328, 33.386630373967215 ], [ 131.466386219291167, 33.388661331585212 ], [ 131.463009349938403, 33.389641609414845 ], [ 131.461871251763682, 33.390077731544039 ], [ 131.461390971381832, 33.390471632486062 ], [ 131.459703563533935, 33.391046556970821 ], [ 131.458041176967441, 33.391838169134758 ], [ 131.453978972286734, 33.392588065179872 ], [ 131.452829045048304, 33.392663036591131 ], [ 131.452641557783096, 33.392346382878081 ], [ 131.452691612412593, 33.391104779409964 ], [ 131.452466665132988, 33.389738179900604 ], [ 131.453033202278732, 33.38855221612183 ], [ 131.453341725241472, 33.386196687946359 ], [ 131.453266704621427, 33.385996713748376 ], [ 131.452408032976507, 33.385581025225868 ], [ 131.452108860988517, 33.386247563192597 ], [ 131.452042792578425, 33.386736784780709 ], [ 131.452238983997887, 33.387100400849221 ], [ 131.452059411289724, 33.387743481379317 ], [ 131.449677528903578, 33.391280521271817 ], [ 131.44979772277307, 33.392430633102506 ], [ 131.449213414823362, 33.393271702459451 ], [ 131.449227928145547, 33.393875721832096 ], [ 131.447989993267839, 33.395423871028619 ], [ 131.447851738816809, 33.396330470028246 ], [ 131.448161847211338, 33.396626578262207 ], [ 131.447981505323924, 33.397125808954748 ], [ 131.447593890526974, 33.397328560335851 ], [ 131.446884850590862, 33.397254438526986 ], [ 131.446355084101953, 33.397596732848911 ], [ 131.446242188609801, 33.39787517542873 ], [ 131.44600272854521, 33.399117731180333 ], [ 131.446022988748012, 33.399736074372285 ], [ 131.446265153459535, 33.40015709400587 ], [ 131.446015443467445, 33.400503167603333 ], [ 131.446086104719711, 33.400915190037061 ], [ 131.445825121245946, 33.401299665200618 ], [ 131.445921285040527, 33.402229372488264 ], [ 131.445706367162387, 33.402680821988405 ], [ 131.444069559802898, 33.403381858030876 ], [ 131.443338250702453, 33.403432429109067 ], [ 131.442462951411102, 33.403267759967903 ], [ 131.442464392127533, 33.403555403066669 ], [ 131.443061768291102, 33.404147715505196 ], [ 131.443236889132777, 33.40487578671479 ], [ 131.44433138841697, 33.405442353339041 ], [ 131.445624159694347, 33.405648618013686 ], [ 131.446483489411406, 33.406038622582891 ], [ 131.44828248611833, 33.408002441816457 ], [ 131.450622224181245, 33.409499250918714 ] ] ] } },
{ "type": "Feature", "properties": { "CITY_NAME": "杵築市", "S_NAME": "大字山浦字芋恵良", "JINKO": 6, "medical_area": "44_東部医療圏", "町丁目名": "杵築市大字山浦字芋恵良" }, "geometry": { "type": "Polygon", "coordinates": [ [ [ 131.423367638429568, 33.480707509993451 ], [ 131.426274651066109, 33.481299443295789 ], [ 131.426933292123323, 33.480606311381486 ], [ 131.428992048289103, 33.48014486182042 ], [ 131.432277810438137, 33.47808653082982 ], [ 131.433467740528613, 33.477712431601688 ], [ 131.433686408242068, 33.477304773956789 ], [ 131.434228192256541, 33.472352075675886 ], [ 131.434533723532127, 33.471660464665824 ], [ 131.434370899268771, 33.471463751219773 ], [ 131.424039323021589, 33.472414768954337 ], [ 131.422505837673924, 33.472985258634687 ], [ 131.421679828789308, 33.473935396571321 ], [ 131.42161933996033, 33.474333375758704 ], [ 131.421110716389961, 33.475057389864816 ], [ 131.420073386446177, 33.474924844651582 ], [ 131.419187239459603, 33.475063912599786 ], [ 131.418976833755039, 33.475472858863498 ], [ 131.418665507522348, 33.475662319901851 ], [ 131.418291434040583, 33.475799685798187 ], [ 131.417703664790366, 33.475644643369421 ], [ 131.417092394260976, 33.47580372816018 ], [ 131.415666759128555, 33.476755843222463 ], [ 131.41378218971073, 33.477076200952069 ], [ 131.41341137751067, 33.477893908493378 ], [ 131.412254626229327, 33.478923598166453 ], [ 131.411943734128045, 33.480531434976662 ], [ 131.412024778354265, 33.481818669405214 ], [ 131.411727351815586, 33.48232211306351 ], [ 131.413232217074949, 33.482249054639993 ], [ 131.413995361583943, 33.482497752116934 ], [ 131.417081843510857, 33.48272815414682 ], [ 131.419085445975838, 33.482475396269727 ], [ 131.420282993497125, 33.482136370185778 ], [ 131.421651311786547, 33.482241652777709 ], [ 131.423367638429568, 33.480707509993451 ] ] ] } },
{ "type": "Feature", "properties": { "CITY_NAME": "杵築市", "S_NAME": "大字山浦字定野尾", "JINKO": 35, "medical_area": "44_東部医療圏", "町丁目名": "杵築市大字山浦字定野尾" }, "geometry": { "type": "Polygon", "coordinates": [ [ [ 131.4487237625234, 33.483067882948838 ], [ 131.455004693692445, 33.478381518605921 ], [ 131.445993737718311, 33.468255535557738 ], [ 131.448285899975247, 33.462723916228178 ], [ 131.44540700239628, 33.464599544402958 ], [ 131.442425103998062, 33.465485675989754 ], [ 131.440700569633037, 33.466287143433611 ], [ 131.43968925641704, 33.467042916520214 ], [ 131.439736801618153, 33.467720966853442 ], [ 131.437865748185288, 33.46865855689645 ], [ 131.436998727826904, 33.468858892785597 ], [ 131.436135076758944, 33.46972510212747 ], [ 131.435195727916749, 33.470172310869096 ], [ 131.435049337476414, 33.470320792687552 ], [ 131.435008350229481, 33.470949803631527 ], [ 131.434238107955849, 33.471390212683239 ], [ 131.434533723532127, 33.471660464665824 ], [ 131.434228192256541, 33.472352075675886 ], [ 131.433686408242068, 33.477304773956789 ], [ 131.433467740528613, 33.477712431601688 ], [ 131.432277810438137, 33.47808653082982 ], [ 131.428992048289103, 33.48014486182042 ], [ 131.42996755750778, 33.480396921775245 ], [ 131.430651397404063, 33.481027861273496 ], [ 131.431139148236099, 33.48115177103368 ], [ 131.432100088923079, 33.480970478976182 ], [ 131.433145449423762, 33.480192204770709 ], [ 131.433544529335279, 33.480065204816732 ], [ 131.434544413884623, 33.480187310035539 ], [ 131.435842906157973, 33.480078111052059 ], [ 131.436306006505163, 33.480264893515454 ], [ 131.437115536147559, 33.481041888558195 ], [ 131.437365623653051, 33.481093351125175 ], [ 131.439353881169836, 33.480296035590072 ], [ 131.440528500583213, 33.48038606394622 ], [ 131.442030282097903, 33.480956450282072 ], [ 131.443439834355246, 33.480585072791953 ], [ 131.443933355941908, 33.480609481735435 ], [ 131.444496796560088, 33.480869173365591 ], [ 131.444939713368882, 33.481998069293759 ], [ 131.445165441194149, 33.482175206796633 ], [ 131.446440910131599, 33.482442794890247 ], [ 131.446643069877467, 33.482892181974449 ], [ 131.4487237625234, 33.483067882948838 ] ] ] } },
{ "type": "Feature", "properties": { "CITY_NAME": "杵築市", "S_NAME": "大字山浦字原", "JINKO": 30, "medical_area": "44_東部医療圏", "町丁目名": "杵築市大字山浦字原" }, "geometry": { "type": "Polygon", "coordinates": [ [ [ 131.434238107955849, 33.471390212683239 ], [ 131.435008350229481, 33.470949803631527 ], [ 131.435049337476414, 33.470320792687552 ], [ 131.435195727916749, 33.470172310869096 ], [ 131.436135076758944, 33.46972510212747 ], [ 131.436998727826904, 33.468858892785597 ], [ 131.437865748185288, 33.46865855689645 ], [ 131.439736801618153, 33.467720966853442 ], [ 131.43968925641704, 33.467042916520214 ], [ 131.440700569633037, 33.466287143433611 ], [ 131.442425103998062, 33.465485675989754 ], [ 131.44540700239628, 33.464599544402958 ], [ 131.448285899975247, 33.462723916228178 ], [ 131.446358195158609, 33.457930407246216 ], [ 131.444176420720652, 33.458688398760316 ], [ 131.443451846928326, 33.458344752668658 ], [ 131.442691474771351, 33.457727164101414 ], [ 131.442160700501404, 33.458262814798488 ], [ 131.441702615833293, 33.459562743931222 ], [ 131.440835668224338, 33.459991384117806 ], [ 131.4402565351634, 33.461190790534268 ], [ 131.43890429407449, 33.462652608769254 ], [ 131.438492210516131, 33.462841592062446 ], [ 131.438390154508681, 33.463087209897424 ], [ 131.436796540106741, 33.464477725950047 ], [ 131.436640128185786, 33.464175323787067 ], [ 131.434174395740484, 33.463260700774107 ], [ 131.433894114934361, 33.462864646221696 ], [ 131.432260071095868, 33.46709368338098 ], [ 131.434238107955849, 33.471390212683239 ] ] ] } },
{ "type": "Feature", "properties": { "CITY_NAME": "杵築市", "S_NAME": "大字山浦字出河内", "JINKO": 35, "medical_area": "44_東部医療圏", "町丁目名": "杵築市大字山浦字出河内" }, "geometry": { "type": "Polygon", "coordinates": [ [ [ 131.455004693692445, 33.478381518605921 ], [ 131.455199061033142, 33.466048964580104 ], [ 131.453199477397959, 33.460200937832568 ], [ 131.447248218461027, 33.460143640542327 ], [ 131.448285899975247, 33.462723916228178 ], [ 131.445993737718311, 33.468255535557738 ], [ 131.455004693692445, 33.478381518605921 ] ] ] } },
{ "type": "Feature", "properties": { "CITY_NAME": "杵築市", "S_NAME": "大字山浦字長田", "JINKO": 43, "medical_area": "44_東部医療圏", "町丁目名": "杵築市大字山浦字長田" }, "geometry": { "type": "Polygon", "coordinates": [ [ [ 131.455199061033142, 33.466048964580104 ], [ 131.460482986100743, 33.460273713348322 ], [ 131.459962122646971, 33.459410069535949 ], [ 131.459616716733365, 33.45918052841018 ], [ 131.456262607481705, 33.457901727434631 ], [ 131.455778541000768, 33.457485157851778 ], [ 131.454779156246133, 33.457257997671846 ], [ 131.453988319896808, 33.457419561123956 ], [ 131.453199477397959, 33.460200937832568 ], [ 131.455199061033142, 33.466048964580104 ] ] ] } },
{ "type": "Feature", "properties": { "CITY_NAME": "杵築市", "S_NAME": "大字山浦字那留", "JINKO": 24, "medical_area": "44_東部医療圏", "町丁目名": "杵築市大字山浦字那留" }, "geometry": { "type": "Polygon", "coordinates": [ [ [ 131.453199477397959, 33.460200937832568 ], [ 131.453988319896808, 33.457419561123956 ], [ 131.45331548952629, 33.457104621540573 ], [ 131.446618938829516, 33.452611454155011 ], [ 131.446816440512947, 33.453298076036667 ], [ 131.446701128302948, 33.454308316266925 ], [ 131.446807131725279, 33.454841659597776 ], [ 131.446465716404475, 33.455391087650881 ], [ 131.446554271033193, 33.455881241319183 ], [ 131.446194487816911, 33.456199922621323 ], [ 131.446182302679574, 33.457180908775662 ], [ 131.447248218461027, 33.460143640542327 ], [ 131.453199477397959, 33.460200937832568 ] ] ] } },
{ "type": "Feature", "properties": { "CITY_NAME": "杵築市", "S_NAME": "大字山浦字石河野", "JINKO": 33, "medical_area": "44_東部医療圏", "町丁目名": "杵築市大字山浦字石河野" }, "geometry": { "type": "Polygon", "coordinates": [ [ [ 131.46983169282305, 33.451080101539247 ], [ 131.46934626226323, 33.45107436728226 ], [ 131.468714519469358, 33.450594516515139 ], [ 131.467918315680151, 33.448777822890989 ], [ 131.467106204748916, 33.448185614598955 ], [ 131.4667125389864, 33.447686014238684 ], [ 131.466042999164642, 33.444309050683543 ], [ 131.466061723736317, 33.443751892712918 ], [ 131.459101430911659, 33.441946370582507 ], [ 131.456371026662453, 33.43838817345798 ], [ 131.446352512103402, 33.448567530517366 ], [ 131.447556183944101, 33.448952444165137 ], [ 131.447753469986907, 33.448364081093082 ], [ 131.448412073533859, 33.448083128402345 ], [ 131.448611036050096, 33.447822924481244 ], [ 131.448852410589751, 33.446959662719969 ], [ 131.449661265124774, 33.446689606366732 ], [ 131.450326959819336, 33.446908532313444 ], [ 131.450916465728199, 33.447352837498848 ], [ 131.451235109146921, 33.447359322167941 ], [ 131.452033508805386, 33.446822195564074 ], [ 131.452352428029542, 33.44688207489115 ], [ 131.452849697937978, 33.446208668688271 ], [ 131.453321624079251, 33.445924564646688 ], [ 131.453948997410521, 33.445777259070027 ], [ 131.454239144011154, 33.445547249022077 ], [ 131.455258676838326, 33.44553586865603 ], [ 131.455942294235115, 33.445693621158426 ], [ 131.456054221650191, 33.446032510163278 ], [ 131.455873249045283, 33.446418900970791 ], [ 131.455093901616692, 33.447108642154092 ], [ 131.454001969438195, 33.44721186463277 ], [ 131.452794632245627, 33.447887866181027 ], [ 131.453092555129786, 33.448933174773977 ], [ 131.453351108272045, 33.44901877433341 ], [ 131.454397289153235, 33.448336911620302 ], [ 131.454844795065981, 33.448349714171741 ], [ 131.45539807769228, 33.44885260397978 ], [ 131.455486374168004, 33.449285027331499 ], [ 131.45583188118556, 33.449543457246257 ], [ 131.455577743774029, 33.450308971499091 ], [ 131.455664918423366, 33.45052502424619 ], [ 131.455855030969758, 33.450683007084301 ], [ 131.456577582167995, 33.450637098794708 ], [ 131.456494308495877, 33.451171136217056 ], [ 131.456770623578905, 33.451357682220802 ], [ 131.458744835052784, 33.452078923941428 ], [ 131.459677272146905, 33.452681347955348 ], [ 131.46983169282305, 33.451080101539247 ] ] ] } },
{ "type": "Feature", "properties": { "CITY_NAME": "杵築市", "S_NAME": "大字山浦字下山", "JINKO": 19, "medical_area": "44_東部医療圏", "町丁目名": "杵築市大字山浦字下山" }, "geometry": { "type": "Polygon", "coordinates": [ [ [ 131.465284703948782, 33.44029569905517 ], [ 131.465103015306823, 33.439927173358505 ], [ 131.465197803731257, 33.439158249036133 ], [ 131.465965921924862, 33.438251145706047 ], [ 131.466512020593115, 33.436994510369132 ], [ 131.466390499532338, 33.436523613086074 ], [ 131.46527404740732, 33.436481606173665 ], [ 131.463928898234599, 33.437127684745619 ], [ 131.463641591911738, 33.437561372219726 ], [ 131.463348956332595, 33.437677894801034 ], [ 131.460377198171727, 33.437732846162163 ], [ 131.458781603094934, 33.438407372402871 ], [ 131.458190640634598, 33.438300474000222 ], [ 131.456371026662453, 33.43838817345798 ], [ 131.459101430911659, 33.441946370582507 ], [ 131.466061723736317, 33.443751892712918 ], [ 131.466573102986217, 33.442581509775323 ], [ 131.466535095591581, 33.44134215405662 ], [ 131.465284703948782, 33.44029569905517 ] ] ] } },
{ "type": "Feature", "properties": { "CITY_NAME": "杵築市", "S_NAME": "大字山浦字川床", "JINKO": 20, "medical_area": "44_東部医療圏", "町丁目名": "杵築市大字山浦字川床" }, "geometry": { "type": "Polygon", "coordinates": [ [ [ 131.443158526909059, 33.446933794574939 ], [ 131.443557830788109, 33.437839557328481 ], [ 131.442194431229183, 33.438338312066115 ], [ 131.440811419185309, 33.439432026940501 ], [ 131.439150514722769, 33.439784538339893 ], [ 131.438047745095986, 33.440323392399222 ], [ 131.436162844707184, 33.43991937394555 ], [ 131.43487156485574, 33.440504084653348 ], [ 131.434080538865231, 33.440476732311552 ], [ 131.433881743488911, 33.440258906903523 ], [ 131.433889235561281, 33.439957483867971 ], [ 131.434129456898319, 33.439466880315976 ], [ 131.435022677554286, 33.439264084990974 ], [ 131.435603800094611, 33.438651716394553 ], [ 131.435439646152616, 33.438177601620055 ], [ 131.435088623075359, 33.438073342913604 ], [ 131.434656132064902, 33.438110710514778 ], [ 131.43305943821079, 33.438796488844396 ], [ 131.431728039237271, 33.439985078991263 ], [ 131.431555352352746, 33.440499816987874 ], [ 131.431661747334601, 33.441344113797328 ], [ 131.431198433655851, 33.442908641521313 ], [ 131.43180334117946, 33.443738386723055 ], [ 131.435559076793339, 33.447491616734006 ], [ 131.443158526909059, 33.446933794574939 ] ] ] } },
{ "type": "Feature", "properties": { "CITY_NAME": "杵築市", "S_NAME": "大字山浦字勢場", "JINKO": 25, "medical_area": "44_東部医療圏", "町丁目名": "杵築市大字山浦字勢場" }, "geometry": { "type": "Polygon", "coordinates": [ [ [ 131.446352512103402, 33.448567530517366 ], [ 131.456371026662453, 33.43838817345798 ], [ 131.458190640634598, 33.438300474000222 ], [ 131.458781603094934, 33.438407372402871 ], [ 131.460377198171727, 33.437732846162163 ], [ 131.463348956332595, 33.437677894801034 ], [ 131.463641591911738, 33.437561372219726 ], [ 131.463928898234599, 33.437127684745619 ], [ 131.46527404740732, 33.436481606173665 ], [ 131.466390499532338, 33.436523613086074 ], [ 131.465977151726719, 33.436129967990347 ], [ 131.46535102579054, 33.435849764944138 ], [ 131.46326591917753, 33.435842520393152 ], [ 131.462473984297475, 33.435642035836239 ], [ 131.461978528422208, 33.435425399703256 ], [ 131.461120536694636, 33.434629883147345 ], [ 131.460021568220554, 33.434151739173274 ], [ 131.457864721117687, 33.433296958035925 ], [ 131.456035459200962, 33.43322461006521 ], [ 131.45488610510327, 33.432546930789584 ], [ 131.454374037661069, 33.432586502677324 ], [ 131.453647774509875, 33.432913149391155 ], [ 131.452430219358234, 33.432951533428003 ], [ 131.451802411332778, 33.433194964988481 ], [ 131.451206540978063, 33.434410247225202 ], [ 131.448379161816916, 33.435984061629675 ], [ 131.447917002732822, 33.436995389159136 ], [ 131.447585718890195, 33.43723772109643 ], [ 131.443557830788109, 33.437839557328481 ], [ 131.443158526909059, 33.446933794574939 ], [ 131.446075025116642, 33.446817018720324 ], [ 131.446446365668749, 33.448227578407668 ], [ 131.446352512103402, 33.448567530517366 ] ] ] } },
{ "type": "Feature", "properties": { "CITY_NAME": "杵築市", "S_NAME": "大字山浦字浦篠", "JINKO": 34, "medical_area": "44_東部医療圏", "町丁目名": "杵築市大字山浦字浦篠" }, "geometry": { "type": "Polygon", "coordinates": [ [ [ 131.446358195158609, 33.457930407246216 ], [ 131.446425959840923, 33.457713793786901 ], [ 131.446182302679574, 33.457180908775662 ], [ 131.438710806945409, 33.455035007175702 ], [ 131.438180429084298, 33.455600897217096 ], [ 131.436474084950277, 33.455073176460985 ], [ 131.433894114934361, 33.462864646221696 ], [ 131.434174395740484, 33.463260700774107 ], [ 131.436640128185786, 33.464175323787067 ], [ 131.436796540106741, 33.464477725950047 ], [ 131.438390154508681, 33.463087209897424 ], [ 131.438492210516131, 33.462841592062446 ], [ 131.43890429407449, 33.462652608769254 ], [ 131.4402565351634, 33.461190790534268 ], [ 131.440835668224338, 33.459991384117806 ], [ 131.441702615833293, 33.459562743931222 ], [ 131.442160700501404, 33.458262814798488 ], [ 131.442691474771351, 33.457727164101414 ], [ 131.443451846928326, 33.458344752668658 ], [ 131.444176420720652, 33.458688398760316 ], [ 131.446358195158609, 33.457930407246216 ] ] ] } },
{ "type": "Feature", "properties": { "CITY_NAME": "杵築市", "S_NAME": "大字山浦字谷", "JINKO": 25, "medical_area": "44_東部医療圏", "町丁目名": "杵築市大字山浦字谷" }, "geometry": { "type": "Polygon", "coordinates": [ [ [ 131.446182302679574, 33.457180908775662 ], [ 131.446194487816911, 33.456199922621323 ], [ 131.446554271033193, 33.455881241319183 ], [ 131.446465716404475, 33.455391087650881 ], [ 131.446807131725279, 33.454841659597776 ], [ 131.446692573488178, 33.452771451715599 ], [ 131.440015843605892, 33.451435690952223 ], [ 131.440204147065003, 33.4524994120409 ], [ 131.440034661703237, 33.453019330707889 ], [ 131.43977851255903, 33.453409728747431 ], [ 131.43910060428118, 33.453779989719386 ], [ 131.438725828075775, 33.454545888623684 ], [ 131.438710806945409, 33.455035007175702 ], [ 131.446182302679574, 33.457180908775662 ] ] ] } },
{ "type": "Feature", "properties": { "CITY_NAME": "杵築市", "S_NAME": "大字山浦字本篠", "JINKO": 19, "medical_area": "44_東部医療圏", "町丁目名": "杵築市大字山浦字本篠" }, "geometry": { "type": "Polygon", "coordinates": [ [ [ 131.446692573488178, 33.452771451715599 ], [ 131.446329428782235, 33.452074436486299 ], [ 131.44556964043818, 33.451260565180426 ], [ 131.446446365668749, 33.448227578407668 ], [ 131.446075025116642, 33.446817018720324 ], [ 131.440645814381838, 33.447046285845417 ], [ 131.440257119802169, 33.447644932895493 ], [ 131.440182193769829, 33.448142891041023 ], [ 131.440117225425354, 33.44890769620239 ], [ 131.440308831331862, 33.449368643589999 ], [ 131.439934877567197, 33.450293219930472 ], [ 131.439868961661659, 33.45087046783167 ], [ 131.440015843605892, 33.451435690952223 ], [ 131.446692573488178, 33.452771451715599 ] ] ] } },
{ "type": "Feature", "properties": { "CITY_NAME": "杵築市", "S_NAME": "大字山浦字西谷", "JINKO": 10, "medical_area": "44_東部医療圏", "町丁目名": "杵築市大字山浦字西谷" }, "geometry": { "type": "Polygon", "coordinates": [ [ [ 131.434238107955849, 33.471390212683239 ], [ 131.432260071095868, 33.46709368338098 ], [ 131.433894114934361, 33.462864646221696 ], [ 131.435830496337331, 33.457016796911418 ], [ 131.433781221702901, 33.456885824831907 ], [ 131.429548986005102, 33.457160178098292 ], [ 131.428291424788767, 33.456904856450933 ], [ 131.426872968718214, 33.456332084835481 ], [ 131.426134321389782, 33.457583255839985 ], [ 131.426299773638306, 33.458562050989897 ], [ 131.425878905102905, 33.45910211357522 ], [ 131.425831042293794, 33.459769427455669 ], [ 131.423966997993801, 33.462669552639916 ], [ 131.42420212857914, 33.464793693495189 ], [ 131.423420839538522, 33.465678205652608 ], [ 131.423702619057963, 33.466088194083198 ], [ 131.423644133844732, 33.466904865822265 ], [ 131.42439619588086, 33.467467561279939 ], [ 131.424548393735904, 33.467948541676833 ], [ 131.425252239901766, 33.468867325549503 ], [ 131.424564858145715, 33.470047290772058 ], [ 131.424036523797611, 33.471839058805045 ], [ 131.424039323021589, 33.472414768954337 ], [ 131.434238107955849, 33.471390212683239 ] ] ] } },
{ "type": "Feature", "properties": { "CITY_NAME": "杵築市", "S_NAME": "大字山浦字飛松", "JINKO": 31, "medical_area": "44_東部医療圏", "町丁目名": "杵築市大字山浦字飛松" }, "geometry": { "type": "Polygon", "coordinates": [ [ [ 131.435830496337331, 33.457016796911418 ], [ 131.436474084950277, 33.455073176460985 ], [ 131.438180429084298, 33.455600897217096 ], [ 131.438694315931855, 33.455123051217754 ], [ 131.438725828075775, 33.454545888623684 ], [ 131.43910060428118, 33.453779989719386 ], [ 131.43977851255903, 33.453409728747431 ], [ 131.440034661703237, 33.453019330707889 ], [ 131.440184448411912, 33.452009008512128 ], [ 131.439868961661659, 33.45087046783167 ], [ 131.439934877567197, 33.450293219930472 ], [ 131.440275833753702, 33.44965726729874 ], [ 131.440117225425354, 33.44890769620239 ], [ 131.440257119802169, 33.447644932895493 ], [ 131.440645814381838, 33.447046285845417 ], [ 131.435559076793339, 33.447491616734006 ], [ 131.43180334117946, 33.443738386723055 ], [ 131.431828418714673, 33.44404279678502 ], [ 131.43164017662474, 33.444361717828251 ], [ 131.430883626025832, 33.444915219171747 ], [ 131.43041227234346, 33.445571778422085 ], [ 131.429391959961691, 33.445942570944183 ], [ 131.429086864949028, 33.446261895796198 ], [ 131.428401762002267, 33.446509088861959 ], [ 131.427952168378965, 33.447134956886877 ], [ 131.427339777628561, 33.447320677089692 ], [ 131.427226182148274, 33.447982124066534 ], [ 131.427358609930849, 33.448177540546077 ], [ 131.428134038009091, 33.448480884302064 ], [ 131.42869249744524, 33.449201232328519 ], [ 131.42902694513333, 33.45039362699378 ], [ 131.429122035818352, 33.451911246300554 ], [ 131.428918909518899, 33.452181292281999 ], [ 131.426455862411558, 33.453181314763746 ], [ 131.426282152907646, 33.453487958670607 ], [ 131.426312257264499, 33.453671469832017 ], [ 131.427227180175265, 33.454127384027046 ], [ 131.427611115323714, 33.454982993094887 ], [ 131.426872968718214, 33.456332084835481 ], [ 131.428291424788767, 33.456904856450933 ], [ 131.429548986005102, 33.457160178098292 ], [ 131.433781221702901, 33.456885824831907 ], [ 131.435830496337331, 33.457016796911418 ] ] ] } },
{ "type": "Feature", "properties": { "CITY_NAME": "杵築市", "S_NAME": "大字吉野渡字荒平", "JINKO": 10, "medical_area": "44_東部医療圏", "町丁目名": "杵築市大字吉野渡字荒平" }, "geometry": { "type": "Polygon", "coordinates": [ [ [ 131.457533320621707, 33.484862367244325 ], [ 131.457429947686592, 33.483015253123831 ], [ 131.458011219990055, 33.481903532563202 ], [ 131.458746706488341, 33.481618198524622 ], [ 131.459945417653159, 33.481540510764134 ], [ 131.460835538149752, 33.48096670776247 ], [ 131.460431011822465, 33.480057531880227 ], [ 131.460927816813751, 33.479521855683252 ], [ 131.460698686339214, 33.478706248338483 ], [ 131.461144389780003, 33.47795090007196 ], [ 131.461592019790174, 33.476384324131125 ], [ 131.46140271843322, 33.476018675021486 ], [ 131.461357307339256, 33.474511485929703 ], [ 131.459765369494733, 33.472251145041938 ], [ 131.459974820119328, 33.47170607157549 ], [ 131.461247350372105, 33.471429194798667 ], [ 131.46256014541828, 33.471685988942752 ], [ 131.465548118083348, 33.473396768323461 ], [ 131.465998444617554, 33.473520685813376 ], [ 131.465380523186525, 33.472413453409978 ], [ 131.465151203778618, 33.471566432959634 ], [ 131.468767812715157, 33.472871759828529 ], [ 131.469757017330977, 33.472171925804197 ], [ 131.47005647467094, 33.472118489016339 ], [ 131.471120719548281, 33.472595952456203 ], [ 131.472398571906723, 33.472156707703 ], [ 131.472798253198761, 33.472155188635448 ], [ 131.473476002781098, 33.4727596987506 ], [ 131.47401432497071, 33.472987965555582 ], [ 131.475484877427817, 33.472385686391775 ], [ 131.475752004491284, 33.470971552989361 ], [ 131.476873145995341, 33.470433434071545 ], [ 131.477567368446699, 33.469116543184718 ], [ 131.47644974765123, 33.468792867993869 ], [ 131.475869247650962, 33.46837808453337 ], [ 131.47524572604587, 33.467353192052855 ], [ 131.455152908802319, 33.469698123934471 ], [ 131.455004693692445, 33.478381518605921 ], [ 131.4487237625234, 33.483067882948838 ], [ 131.449776235278733, 33.483692140592801 ], [ 131.450939576578094, 33.484001938960674 ], [ 131.452239473718663, 33.484154241631295 ], [ 131.45356320058491, 33.484086619752986 ], [ 131.454557476200449, 33.484318524837832 ], [ 131.455145674547822, 33.484525701151775 ], [ 131.456049140783335, 33.485307467953206 ], [ 131.457533320621707, 33.484862367244325 ] ] ] } },
{ "type": "Feature", "properties": { "CITY_NAME": "杵築市", "S_NAME": "大字吉野渡字速内", "JINKO": 17, "medical_area": "44_東部医療圏", "町丁目名": "杵築市大字吉野渡字速内" }, "geometry": { "type": "Polygon", "coordinates": [ [ [ 131.47524572604587, 33.467353192052855 ], [ 131.474982363266662, 33.466014707756976 ], [ 131.474167731515081, 33.465820603838637 ], [ 131.473024655801339, 33.465802416498668 ], [ 131.472629411625178, 33.464823386721612 ], [ 131.471684396173458, 33.464128221894597 ], [ 131.471146717046565, 33.46416407267116 ], [ 131.470880190590492, 33.464615899640435 ], [ 131.470477046598404, 33.464662509663796 ], [ 131.469533498258443, 33.46423779775985 ], [ 131.46870025478421, 33.464319837967629 ], [ 131.468361994476766, 33.463926652098685 ], [ 131.468164020527297, 33.463369501451083 ], [ 131.465039755299614, 33.463183722360462 ], [ 131.462350968019251, 33.463834935449363 ], [ 131.455199061033142, 33.466048964580104 ], [ 131.455152908802319, 33.469698123934471 ], [ 131.47524572604587, 33.467353192052855 ] ] ] } },
{ "type": "Feature", "properties": { "CITY_NAME": "杵築市", "S_NAME": "大字吉野渡字吉野渡", "JINKO": 28, "medical_area": "44_東部医療圏", "町丁目名": "杵築市大字吉野渡字吉野渡" }, "geometry": { "type": "Polygon", "coordinates": [ [ [ 131.465039755299614, 33.463183722360462 ], [ 131.464303021420534, 33.463023320521934 ], [ 131.461310791195416, 33.46167072468819 ], [ 131.46105410809875, 33.461446284972162 ], [ 131.461039297499866, 33.461187132543436 ], [ 131.461240352478626, 33.461062402343899 ], [ 131.46279975504234, 33.461000254702057 ], [ 131.46321530612974, 33.460750773768751 ], [ 131.463477475259197, 33.459476234691863 ], [ 131.463763709647907, 33.458939809545804 ], [ 131.465558517578472, 33.457625755056497 ], [ 131.466130589695837, 33.456485264228348 ], [ 131.466453885641585, 33.455328832252121 ], [ 131.467215860010299, 33.454503220190489 ], [ 131.468468000808684, 33.452300777270047 ], [ 131.46895559927907, 33.451718492947357 ], [ 131.470792566640228, 33.450787380195649 ], [ 131.46983169282305, 33.451080101539247 ], [ 131.459677272146905, 33.452681347955348 ], [ 131.458744835052784, 33.452078923941428 ], [ 131.456494308495877, 33.451171136217056 ], [ 131.456577582167995, 33.450637098794708 ], [ 131.455855030969758, 33.450683007084301 ], [ 131.455664918423366, 33.45052502424619 ], [ 131.455627918051562, 33.450034684246901 ], [ 131.455832855643138, 33.44973097931927 ], [ 131.455661096476945, 33.449789306211343 ], [ 131.45531824371983, 33.450050225439597 ], [ 131.45509716691987, 33.450555954672211 ], [ 131.454360568026146, 33.451207804557718 ], [ 131.453695023830051, 33.452292207933276 ], [ 131.454492199992274, 33.45502300319913 ], [ 131.455444792946906, 33.456188034023157 ], [ 131.457151344201833, 33.456715545121895 ], [ 131.456978251965296, 33.458180393804142 ], [ 131.459616716733365, 33.45918052841018 ], [ 131.459962122646971, 33.459410069535949 ], [ 131.460482986100743, 33.460273713348322 ], [ 131.455199061033142, 33.466048964580104 ], [ 131.462350968019251, 33.463834935449363 ], [ 131.465039755299614, 33.463183722360462 ] ] ] } },
{ "type": "Feature", "properties": { "CITY_NAME": "杵築市", "S_NAME": "大字吉野渡字楠原", "JINKO": 21, "medical_area": "44_東部医療圏", "町丁目名": "杵築市大字吉野渡字楠原" }, "geometry": { "type": "Polygon", "coordinates": [ [ [ 131.456978251965296, 33.458180393804142 ], [ 131.457151344201833, 33.456715545121895 ], [ 131.455444792946906, 33.456188034023157 ], [ 131.454630828449552, 33.455210021344598 ], [ 131.453695023830051, 33.452292207933276 ], [ 131.454360568026146, 33.451207804557718 ], [ 131.45509716691987, 33.450555954672211 ], [ 131.45531824371983, 33.450050225439597 ], [ 131.455832855643138, 33.44973097931927 ], [ 131.45583188118556, 33.449543457246257 ], [ 131.455486374168004, 33.449285027331499 ], [ 131.45539807769228, 33.44885260397978 ], [ 131.454844795065981, 33.448349714171741 ], [ 131.454397289153235, 33.448336911620302 ], [ 131.453179051909842, 33.449019402407089 ], [ 131.452767835009553, 33.447987185174583 ], [ 131.454001969438195, 33.44721186463277 ], [ 131.455302710307478, 33.44700100973143 ], [ 131.456044638926585, 33.446112995984208 ], [ 131.455942294235115, 33.445693621158426 ], [ 131.454239144011154, 33.445547249022077 ], [ 131.453003731322184, 33.44607073722328 ], [ 131.452352428029542, 33.44688207489115 ], [ 131.452033508805386, 33.446822195564074 ], [ 131.451089599357061, 33.447390390248941 ], [ 131.450326959819336, 33.446908532313444 ], [ 131.449533830994511, 33.446697710839366 ], [ 131.448725521325599, 33.447074596018709 ], [ 131.448611036050096, 33.447822924481244 ], [ 131.448412073533859, 33.448083128402345 ], [ 131.447753469986907, 33.448364081093082 ], [ 131.447556183944101, 33.448952444165137 ], [ 131.446352512103402, 33.448567530517366 ], [ 131.44556964043818, 33.451260565180426 ], [ 131.446329428782235, 33.452074436486299 ], [ 131.446618938829516, 33.452611454155011 ], [ 131.453677948517111, 33.457305267589959 ], [ 131.453988319896808, 33.457419561123956 ], [ 131.454934042155969, 33.457257431885516 ], [ 131.455778541000768, 33.457485157851778 ], [ 131.456262607481705, 33.457901727434631 ], [ 131.456978251965296, 33.458180393804142 ] ] ] } },
{ "type": "Feature", "properties": { "CITY_NAME": "杵築市", "S_NAME": "大字向野字松尾", "JINKO": 32, "medical_area": "44_東部医療圏", "町丁目名": "杵築市大字向野字松尾" }, "geometry": { "type": "Polygon", "coordinates": [ [ [ 131.448530228827281, 33.527393469061387 ], [ 131.448377098619289, 33.526292186647936 ], [ 131.448085992511068, 33.525915455281982 ], [ 131.447879144326066, 33.525054120042491 ], [ 131.44903212834754, 33.5232433458307 ], [ 131.448721943978569, 33.52197311129688 ], [ 131.44903387304592, 33.521344785191502 ], [ 131.449048643708579, 33.520850713357177 ], [ 131.450109841058293, 33.520314087985604 ], [ 131.450257456074809, 33.519231051213474 ], [ 131.45273390318917, 33.517877981040357 ], [ 131.452908838235317, 33.517049138637326 ], [ 131.45355468352389, 33.516712587233485 ], [ 131.453958043462023, 33.514231326287451 ], [ 131.454430507789255, 33.513365071956564 ], [ 131.441443089614097, 33.496837142476103 ], [ 131.438631968277207, 33.49879672175453 ], [ 131.43957255336457, 33.499452533619653 ], [ 131.439225567190846, 33.500298885668826 ], [ 131.439352254909807, 33.500419179018344 ], [ 131.440018713185026, 33.500416809827321 ], [ 131.439531071822813, 33.501048598009447 ], [ 131.439019463649061, 33.501405065217376 ], [ 131.439418898296395, 33.502022429693795 ], [ 131.438232983476638, 33.502213352961242 ], [ 131.437139483200838, 33.503068825501394 ], [ 131.436687456133399, 33.503070423032831 ], [ 131.436101017172319, 33.503633469592657 ], [ 131.435949921614309, 33.50408684242263 ], [ 131.435321659712429, 33.504359382491778 ], [ 131.436280149564539, 33.506353193207701 ], [ 131.437371268768771, 33.509830010923345 ], [ 131.434418076280963, 33.510110786183674 ], [ 131.432764900281995, 33.510461275644971 ], [ 131.429423176220951, 33.51054731744334 ], [ 131.428471695450526, 33.510773651313642 ], [ 131.427546350747292, 33.511391908815007 ], [ 131.428476483386305, 33.511746883102397 ], [ 131.432267494261595, 33.511899215864943 ], [ 131.433940085256012, 33.512197513940521 ], [ 131.434240633245651, 33.512568155762658 ], [ 131.434281615324352, 33.514311790882317 ], [ 131.433948067500324, 33.515421405888986 ], [ 131.429039360592498, 33.516143614311304 ], [ 131.424847998153069, 33.517129535992552 ], [ 131.421060525742888, 33.516932411948652 ], [ 131.421029508961851, 33.517092106500264 ], [ 131.422140154319209, 33.518154897017176 ], [ 131.423556395335197, 33.518759523102666 ], [ 131.42466228663281, 33.518849484857078 ], [ 131.425934592159365, 33.518634125602183 ], [ 131.426505730368717, 33.518104744905827 ], [ 131.426924930071863, 33.517986077907814 ], [ 131.430326664011943, 33.520658853651888 ], [ 131.433466854127005, 33.521637054986016 ], [ 131.435904865340291, 33.522718627863192 ], [ 131.436547710168924, 33.523203963904955 ], [ 131.437970800999722, 33.522561532826472 ], [ 131.441250798641562, 33.523197662323518 ], [ 131.442472082839515, 33.52376796244679 ], [ 131.444020850309983, 33.524124608052929 ], [ 131.444942012097897, 33.524542712251389 ], [ 131.446270077107442, 33.52564548787953 ], [ 131.447174649259267, 33.526070604966527 ], [ 131.447433481098102, 33.526264719603091 ], [ 131.447619762019173, 33.526904900607825 ], [ 131.448530228827281, 33.527393469061387 ] ] ] } },
{ "type": "Feature", "properties": { "CITY_NAME": "杵築市", "S_NAME": "大字向野字薫石", "JINKO": 27, "medical_area": "44_東部医療圏", "町丁目名": "杵築市大字向野字薫石" }, "geometry": { "type": "Polygon", "coordinates": [ [ [ 131.467945852644078, 33.506349855787555 ], [ 131.468815309250999, 33.505687825769797 ], [ 131.469311254155485, 33.504913447375301 ], [ 131.470152990972196, 33.504479150298771 ], [ 131.470912092522383, 33.504795920553562 ], [ 131.472767964497137, 33.504268154943389 ], [ 131.474075205662388, 33.504389092467399 ], [ 131.474622043056058, 33.503946235326566 ], [ 131.475263759927572, 33.503033865447307 ], [ 131.472938080563722, 33.499505222866532 ], [ 131.459111594038291, 33.496092598835332 ], [ 131.449005899504499, 33.496216407122049 ], [ 131.441443089614097, 33.496837142476103 ], [ 131.454430507789255, 33.513365071956564 ], [ 131.454943879862441, 33.513125858794375 ], [ 131.456110995123311, 33.511867131013723 ], [ 131.45680811260317, 33.511389908963437 ], [ 131.457164856454398, 33.510514360308328 ], [ 131.457476990817867, 33.508849560888827 ], [ 131.459708948529595, 33.508889700752377 ], [ 131.461715070486434, 33.508322783467442 ], [ 131.463382481936264, 33.508202722816236 ], [ 131.463904170091382, 33.507372559367568 ], [ 131.464879889896281, 33.506572132701223 ], [ 131.465153226079735, 33.505786502343547 ], [ 131.465900482525512, 33.50605974336613 ], [ 131.467155210000215, 33.506079184698535 ], [ 131.467945852644078, 33.506349855787555 ] ] ] } },
{ "type": "Feature", "properties": { "CITY_NAME": "杵築市", "S_NAME": "大字向野字八丸", "JINKO": 100, "medical_area": "44_東部医療圏", "町丁目名": "杵築市大字向野字八丸" }, "geometry": { "type": "Polygon", "coordinates": [ [ [ 131.438631968277207, 33.49879672175453 ], [ 131.441443089614097, 33.496837142476103 ], [ 131.436878167634859, 33.497390374726251 ], [ 131.436651877439431, 33.49717346407823 ], [ 131.436038977561907, 33.497011136572659 ], [ 131.435793560577878, 33.496431397500992 ], [ 131.434937095837313, 33.496066725152332 ], [ 131.434716261950001, 33.495786883477493 ], [ 131.430708305392642, 33.498026442100311 ], [ 131.430278826249179, 33.498758516870645 ], [ 131.4297958838211, 33.499195648719031 ], [ 131.431960004372115, 33.502218156766908 ], [ 131.433006740420751, 33.502241441818612 ], [ 131.432997548245709, 33.501939762994404 ], [ 131.433747068911202, 33.501789487079336 ], [ 131.433801747265932, 33.501920778094949 ], [ 131.435882879574422, 33.500046614911057 ], [ 131.43630383919924, 33.499577273010246 ], [ 131.436666650014274, 33.498293198479367 ], [ 131.438631968277207, 33.49879672175453 ] ] ] } },
{ "type": "Feature", "properties": { "CITY_NAME": "杵築市", "S_NAME": "大字向野字平山", "JINKO": 28, "medical_area": "44_東部医療圏", "町丁目名": "杵築市大字向野字平山" }, "geometry": { "type": "Polygon", "coordinates": [ [ [ 131.431960004372115, 33.502218156766908 ], [ 131.4297958838211, 33.499195648719031 ], [ 131.42608045256523, 33.495173365186183 ], [ 131.424319237928358, 33.493979543925356 ], [ 131.424033166935573, 33.493337001458634 ], [ 131.42223863953825, 33.492404507215213 ], [ 131.42074318669026, 33.491219374971678 ], [ 131.419948529789878, 33.489277060876091 ], [ 131.408969665582731, 33.483004044313184 ], [ 131.40706713924564, 33.484582000131361 ], [ 131.406834504721672, 33.486177940063818 ], [ 131.406067617968887, 33.487229536455672 ], [ 131.406226447390452, 33.488191865178109 ], [ 131.406040924737141, 33.488867871511921 ], [ 131.405307297041361, 33.489703786656747 ], [ 131.406308600900815, 33.490700619462146 ], [ 131.40830229712418, 33.489969916226649 ], [ 131.409073831397336, 33.48984669413629 ], [ 131.410028479664675, 33.491464209893351 ], [ 131.410933459714187, 33.491816788205433 ], [ 131.41130094729391, 33.49225521936004 ], [ 131.411272160881538, 33.493053288036528 ], [ 131.412017650029554, 33.4941601563822 ], [ 131.41168409679338, 33.495467289515723 ], [ 131.411692479713992, 33.49670213548908 ], [ 131.411874282167219, 33.497046362379713 ], [ 131.412153153998588, 33.497248037429543 ], [ 131.41501952289957, 33.497903337679674 ], [ 131.417027539933088, 33.498553890065054 ], [ 131.419414503909309, 33.499854006023376 ], [ 131.420292006254925, 33.500891965790977 ], [ 131.422162956416798, 33.504579483793975 ], [ 131.423577501862212, 33.505943132351661 ], [ 131.42441410047897, 33.506483351536652 ], [ 131.425383959843828, 33.505318428371126 ], [ 131.426081373398432, 33.504768610485741 ], [ 131.428384300763668, 33.503946604840273 ], [ 131.429339206047445, 33.503238225943875 ], [ 131.431960004372115, 33.502218156766908 ] ] ] } },
{ "type": "Feature", "properties": { "CITY_NAME": "杵築市", "S_NAME": "大字向野字浄土寺", "JINKO": 17, "medical_area": "44_東部医療圏", "町丁目名": "杵築市大字向野字浄土寺" }, "geometry": { "type": "Polygon", "coordinates": [ [ [ 131.434716261950001, 33.495786883477493 ], [ 131.433488978532836, 33.493996172575507 ], [ 131.433060573711458, 33.493775097891422 ], [ 131.432356079947283, 33.493767905888419 ], [ 131.431307083840153, 33.49415862352334 ], [ 131.431009921328922, 33.494788628796698 ], [ 131.430559824619507, 33.494848241603997 ], [ 131.429983937840461, 33.495169568283217 ], [ 131.429325822191601, 33.495200873928333 ], [ 131.428833832087776, 33.49496549454058 ], [ 131.427898613866319, 33.495007437549916 ], [ 131.426799929486663, 33.494691897180566 ], [ 131.425989679227143, 33.49431730716676 ], [ 131.424992094906969, 33.493411137539837 ], [ 131.424631013453507, 33.492783400151865 ], [ 131.42320306107311, 33.49242541703299 ], [ 131.421939477067895, 33.491433023364102 ], [ 131.421048435674948, 33.491058673568325 ], [ 131.419968660817972, 33.489311511666713 ], [ 131.42074318669026, 33.491219374971678 ], [ 131.42223863953825, 33.492404507215213 ], [ 131.424033166935573, 33.493337001458634 ], [ 131.424319237928358, 33.493979543925356 ], [ 131.42608045256523, 33.495173365186183 ], [ 131.4297958838211, 33.499195648719031 ], [ 131.430278826249179, 33.498758516870645 ], [ 131.430708305392642, 33.498026442100311 ], [ 131.434716261950001, 33.495786883477493 ] ] ] } },
{ "type": "Feature", "properties": { "CITY_NAME": "杵築市", "S_NAME": "大字向野字今原", "JINKO": 16, "medical_area": "44_東部医療圏", "町丁目名": "杵築市大字向野字今原" }, "geometry": { "type": "Polygon", "coordinates": [ [ [ 131.430559824619507, 33.494848241603997 ], [ 131.430901521576459, 33.493889065651032 ], [ 131.425411489583752, 33.481125235224752 ], [ 131.423367638429568, 33.480707509993451 ], [ 131.421651311786547, 33.482241652777709 ], [ 131.420282993497125, 33.482136370185778 ], [ 131.419085445975838, 33.482475396269727 ], [ 131.417081843510857, 33.48272815414682 ], [ 131.412470221305426, 33.482241131353142 ], [ 131.409089324649671, 33.483072403985631 ], [ 131.419948529789878, 33.489277060876091 ], [ 131.421048435674948, 33.491058673568325 ], [ 131.421939477067895, 33.491433023364102 ], [ 131.42320306107311, 33.49242541703299 ], [ 131.424631013453507, 33.492783400151865 ], [ 131.424992094906969, 33.493411137539837 ], [ 131.425989679227143, 33.49431730716676 ], [ 131.427898613866319, 33.495007437549916 ], [ 131.428833832087776, 33.49496549454058 ], [ 131.429325822191601, 33.495200873928333 ], [ 131.429983937840461, 33.495169568283217 ], [ 131.430559824619507, 33.494848241603997 ] ] ] } },
{ "type": "Feature", "properties": { "CITY_NAME": "杵築市", "S_NAME": "大字向野字日野地", "JINKO": 30, "medical_area": "44_東部医療圏", "町丁目名": "杵築市大字向野字日野地" }, "geometry": { "type": "Polygon", "coordinates": [ [ [ 131.449005899504499, 33.496216407122049 ], [ 131.444721501779753, 33.492661329011334 ], [ 131.438942776604875, 33.480412490703557 ], [ 131.437365623653051, 33.481093351125175 ], [ 131.437115536147559, 33.481041888558195 ], [ 131.436306006505163, 33.480264893515454 ], [ 131.435842906157973, 33.480078111052059 ], [ 131.434544413884623, 33.480187310035539 ], [ 131.433544529335279, 33.480065204816732 ], [ 131.433145449423762, 33.480192204770709 ], [ 131.432100088923079, 33.480970478976182 ], [ 131.431139148236099, 33.48115177103368 ], [ 131.430651397404063, 33.481027861273496 ], [ 131.42996755750778, 33.480396921775245 ], [ 131.428992048289103, 33.48014486182042 ], [ 131.426933292123323, 33.480606311381486 ], [ 131.426274651066109, 33.481299443295789 ], [ 131.425411489583752, 33.481125235224752 ], [ 131.430901521576459, 33.493889065651032 ], [ 131.430559824619507, 33.494848241603997 ], [ 131.431009921328922, 33.494788628796698 ], [ 131.431307083840153, 33.49415862352334 ], [ 131.432356079947283, 33.493767905888419 ], [ 131.433268827743603, 33.493851788482758 ], [ 131.434937095837313, 33.496066725152332 ], [ 131.435793560577878, 33.496431397500992 ], [ 131.436038977561907, 33.497011136572659 ], [ 131.436651877439431, 33.49717346407823 ], [ 131.436878167634859, 33.497390374726251 ], [ 131.441443089614097, 33.496837142476103 ], [ 131.449005899504499, 33.496216407122049 ] ] ] } },
{ "type": "Feature", "properties": { "CITY_NAME": "杵築市", "S_NAME": "大字向野字影平", "JINKO": 11, "medical_area": "44_東部医療圏", "町丁目名": "杵築市大字向野字影平" }, "geometry": { "type": "Polygon", "coordinates": [ [ [ 131.459111594038291, 33.496092598835332 ], [ 131.457173371464194, 33.489510240649665 ], [ 131.457533320621707, 33.484862367244325 ], [ 131.456049140783335, 33.485307467953206 ], [ 131.455145674547822, 33.484525701151775 ], [ 131.454100873668182, 33.484189339572026 ], [ 131.450939576578094, 33.484001938960674 ], [ 131.449776235278733, 33.483692140592801 ], [ 131.4487237625234, 33.483067882948838 ], [ 131.446643069877467, 33.482892181974449 ], [ 131.446440910131599, 33.482442794890247 ], [ 131.445578277496594, 33.482299365084472 ], [ 131.444939713368882, 33.481998069293759 ], [ 131.444496796560088, 33.480869173365591 ], [ 131.443933355941908, 33.480609481735435 ], [ 131.443439834355246, 33.480585072791953 ], [ 131.442030282097903, 33.480956450282072 ], [ 131.439990873235274, 33.480283285843591 ], [ 131.438942776604875, 33.480412490703557 ], [ 131.444721501779753, 33.492661329011334 ], [ 131.449005899504499, 33.496216407122049 ], [ 131.459111594038291, 33.496092598835332 ] ] ] } },
{ "type": "Feature", "properties": { "CITY_NAME": "杵築市", "S_NAME": "大字立石字舟", "JINKO": 32, "medical_area": "44_東部医療圏", "町丁目名": "杵築市大字立石字舟" }, "geometry": { "type": "Polygon", "coordinates": [ [ [ 131.480845442836795, 33.499314900605484 ], [ 131.475506568817082, 33.491788076081448 ], [ 131.466461358197876, 33.486532086880437 ], [ 131.457173371464194, 33.489510240649665 ], [ 131.459111594038291, 33.496092598835332 ], [ 131.472938080563722, 33.499505222866532 ], [ 131.475263759927572, 33.503033865447307 ], [ 131.475668579487916, 33.502541692329331 ], [ 131.47611740364232, 33.502483936749641 ], [ 131.476430912059016, 33.502154511138123 ], [ 131.477046138271987, 33.50195198974037 ], [ 131.477215926720021, 33.501543091038336 ], [ 131.477829979531805, 33.50112843334152 ], [ 131.477695484439721, 33.500562597160666 ], [ 131.477959504712999, 33.499921122033768 ], [ 131.479746087007953, 33.499866216753617 ], [ 131.480845442836795, 33.499314900605484 ] ] ] } },
{ "type": "Feature", "properties": { "CITY_NAME": "杵築市", "S_NAME": "大字立石字六区", "JINKO": 58, "medical_area": "44_東部医療圏", "町丁目名": "杵築市大字立石字六区" }, "geometry": { "type": "Polygon", "coordinates": [ [ [ 131.475506568817082, 33.491788076081448 ], [ 131.475798762000579, 33.484790702714406 ], [ 131.475355068395885, 33.482796917952747 ], [ 131.473353813627426, 33.484285347710966 ], [ 131.473195637718618, 33.484238684880296 ], [ 131.473126528987734, 33.483974257150855 ], [ 131.472764685008514, 33.483824397569592 ], [ 131.472729208213025, 33.483522011508768 ], [ 131.471454490812164, 33.483536345214951 ], [ 131.470801533732299, 33.483784607203262 ], [ 131.470907788818607, 33.484663344281238 ], [ 131.471237028581584, 33.485049674920482 ], [ 131.466461358197876, 33.486532086880437 ], [ 131.475506568817082, 33.491788076081448 ] ] ] } },
{ "type": "Feature", "properties": { "CITY_NAME": "杵築市", "S_NAME": "大字立石字鍛冶屋", "JINKO": 70, "medical_area": "44_東部医療圏", "町丁目名": "杵築市大字立石字鍛冶屋" }, "geometry": { "type": "Polygon", "coordinates": [ [ [ 131.483589529293681, 33.494330424446559 ], [ 131.478590155686192, 33.486401046448762 ], [ 131.478898320606618, 33.486248823169518 ], [ 131.478791548244175, 33.485558823810948 ], [ 131.478382305429619, 33.484886159024533 ], [ 131.478301440794297, 33.484228426381385 ], [ 131.478159179370209, 33.484110313858871 ], [ 131.480075196950821, 33.483692953164201 ], [ 131.480303478579515, 33.483066390385524 ], [ 131.479797987414429, 33.482448029150333 ], [ 131.479666037143716, 33.481866011114676 ], [ 131.47751030999467, 33.48199300268697 ], [ 131.476388714820672, 33.482296705608263 ], [ 131.475355068395885, 33.482796917952747 ], [ 131.475798762000579, 33.484790702714406 ], [ 131.475506568817082, 33.491788076081448 ], [ 131.480845442836795, 33.499314900605484 ], [ 131.481090928070017, 33.498982411016932 ], [ 131.481401384759351, 33.497674317558996 ], [ 131.480678716168001, 33.497014682828031 ], [ 131.480741682689995, 33.496313956712051 ], [ 131.482579109326679, 33.495532282240333 ], [ 131.483589529293681, 33.494330424446559 ] ] ] } },
{ "type": "Feature", "properties": { "CITY_NAME": "杵築市", "S_NAME": "大字立石字長上", "JINKO": 40, "medical_area": "44_東部医療圏", "町丁目名": "杵築市大字立石字長上" }, "geometry": { "type": "Polygon", "coordinates": [ [ [ 131.489556392310192, 33.4934711598045 ], [ 131.484131070053792, 33.486104399112044 ], [ 131.482734094897182, 33.484923215682912 ], [ 131.482537668249222, 33.484330641178829 ], [ 131.481890395100294, 33.483685899629769 ], [ 131.481369408708844, 33.482296429549912 ], [ 131.479882076415635, 33.482528606712833 ], [ 131.480303478579515, 33.483066390385524 ], [ 131.480075196950821, 33.483692953164201 ], [ 131.478159179370209, 33.484110313858871 ], [ 131.478301440794297, 33.484228426381385 ], [ 131.478382305429619, 33.484886159024533 ], [ 131.478791548244175, 33.485558823810948 ], [ 131.478898320606618, 33.486248823169518 ], [ 131.478590155686192, 33.486401046448762 ], [ 131.483589529293681, 33.494330424446559 ], [ 131.483563538818544, 33.493429008943956 ], [ 131.484673683737071, 33.492884300594973 ], [ 131.484846017043765, 33.492947655449022 ], [ 131.48488875970034, 33.493760036512022 ], [ 131.485812385914471, 33.494474881197263 ], [ 131.486812683267317, 33.493938575987187 ], [ 131.487611323325439, 33.49407955082588 ], [ 131.488845397404617, 33.49392054600613 ], [ 131.489556392310192, 33.4934711598045 ] ] ] } },
{ "type": "Feature", "properties": { "CITY_NAME": "杵築市", "S_NAME": "大字立石字竜ヶ尾", "JINKO": 103, "medical_area": "44_東部医療圏", "町丁目名": "杵築市大字立石字竜ヶ尾" }, "geometry": { "type": "Polygon", "coordinates": [ [ [ 131.492491026347381, 33.491777778543998 ], [ 131.491867848386818, 33.483541091887282 ], [ 131.490658937986467, 33.483877879013875 ], [ 131.490026041129823, 33.483513601147763 ], [ 131.488014340430283, 33.480410832684207 ], [ 131.486325013691811, 33.481268262589722 ], [ 131.484331728447756, 33.481664457113254 ], [ 131.482297889333296, 33.481704761303178 ], [ 131.481839806181284, 33.482304428664342 ], [ 131.481369408708844, 33.482296429549912 ], [ 131.481890395100294, 33.483685899629769 ], [ 131.482537668249222, 33.484330641178829 ], [ 131.482734094897182, 33.484923215682912 ], [ 131.484131070053792, 33.486104399112044 ], [ 131.489556392310192, 33.4934711598045 ], [ 131.490145627959777, 33.493206916435632 ], [ 131.490620587652216, 33.492290406205882 ], [ 131.491403281770403, 33.492147217550738 ], [ 131.491758965478056, 33.491685494114556 ], [ 131.492491026347381, 33.491777778543998 ] ] ] } },
{ "type": "Feature", "properties": { "CITY_NAME": "杵築市", "S_NAME": "大字立石字岡", "JINKO": 38, "medical_area": "44_東部医療圏", "町丁目名": "杵築市大字立石字岡" }, "geometry": { "type": "Polygon", "coordinates": [ [ [ 131.482297889333296, 33.481704761303178 ], [ 131.484331728447756, 33.481664457113254 ], [ 131.486325013691811, 33.481268262589722 ], [ 131.488014340430283, 33.480410832684207 ], [ 131.487633842081209, 33.479836296266683 ], [ 131.485102953566013, 33.471385707772349 ], [ 131.4838128553248, 33.471339699725327 ], [ 131.483192077647942, 33.470947664248108 ], [ 131.481009968364589, 33.470302475067641 ], [ 131.480211403359021, 33.469358844359014 ], [ 131.4798946379602, 33.469219174284142 ], [ 131.478227404870296, 33.469270679719017 ], [ 131.477567368446699, 33.469116543184718 ], [ 131.476873145995341, 33.470433434071545 ], [ 131.475752004491284, 33.470971552989361 ], [ 131.475484877427817, 33.472385686391775 ], [ 131.474413502006399, 33.472892223223838 ], [ 131.473789405372884, 33.472967865933867 ], [ 131.472798253198761, 33.472155188635448 ], [ 131.472398571906723, 33.472156707703 ], [ 131.471120719548281, 33.472595952456203 ], [ 131.47005647467094, 33.472118489016339 ], [ 131.469757017330977, 33.472171925804197 ], [ 131.468767812715157, 33.472871759828529 ], [ 131.46790375366092, 33.472456324840408 ], [ 131.4709144098465, 33.479247687769039 ], [ 131.472598428641987, 33.481626656032518 ], [ 131.474589564106509, 33.481246147957322 ], [ 131.475988322718592, 33.480289020011007 ], [ 131.477048781785442, 33.479993659344821 ], [ 131.478954049364035, 33.480566165075174 ], [ 131.482539462495765, 33.481159049797078 ], [ 131.482297889333296, 33.481704761303178 ] ] ] } },
{ "type": "Feature", "properties": { "CITY_NAME": "杵築市", "S_NAME": "大字立石字駅通り", "JINKO": 97, "medical_area": "44_東部医療圏", "町丁目名": "杵築市大字立石字駅通り" }, "geometry": { "type": "Polygon", "coordinates": [ [ [ 131.480692036290947, 33.482325900008291 ], [ 131.481839806181284, 33.482304428664342 ], [ 131.482539462495765, 33.481159049797078 ], [ 131.478954049364035, 33.480566165075174 ], [ 131.477428753265855, 33.480024565011419 ], [ 131.476733642627067, 33.480043407461196 ], [ 131.475744418685423, 33.480414007691827 ], [ 131.475949680266496, 33.481465011513123 ], [ 131.475849496180615, 33.481977837408564 ], [ 131.476142131369215, 33.482409166555627 ], [ 131.47751030999467, 33.48199300268697 ], [ 131.479582115813429, 33.481823189089219 ], [ 131.479882076415635, 33.482528606712847 ], [ 131.480692036290947, 33.482325900008291 ] ] ] } },
{ "type": "Feature", "properties": { "CITY_NAME": "杵築市", "S_NAME": "大字立石字町下", "JINKO": 72, "medical_area": "44_東部医療圏", "町丁目名": "杵築市大字立石字町下" }, "geometry": { "type": "Polygon", "coordinates": [ [ [ 131.475949680266496, 33.481465011513123 ], [ 131.475744418685423, 33.480414007691827 ], [ 131.474589564106509, 33.4812461479573 ], [ 131.472598428641987, 33.481626656032518 ], [ 131.472764685008514, 33.483824397569592 ], [ 131.473126528987734, 33.483974257150855 ], [ 131.473195637718618, 33.484238684880303 ], [ 131.473353813627426, 33.484285347710966 ], [ 131.474860987784098, 33.483079284596585 ], [ 131.476142131369215, 33.482409166555627 ], [ 131.475849496180615, 33.481977837408564 ], [ 131.475949680266496, 33.481465011513123 ] ] ] } },
{ "type": "Feature", "properties": { "CITY_NAME": "杵築市", "S_NAME": "大字立石字町上", "JINKO": 41, "medical_area": "44_東部医療圏", "町丁目名": "杵築市大字立石字町上" }, "geometry": { "type": "Polygon", "coordinates": [ [ [ 131.470801533732299, 33.483784607203255 ], [ 131.471454490812164, 33.483536345214951 ], [ 131.472729208213025, 33.483522011508768 ], [ 131.472598428641987, 33.481626656032518 ], [ 131.472100015759679, 33.481907935890483 ], [ 131.470967083710519, 33.483103347969958 ], [ 131.470303181079004, 33.483417830940091 ], [ 131.469648755205355, 33.483401400050269 ], [ 131.468788721862154, 33.482903657395696 ], [ 131.467634426493959, 33.484335433376764 ], [ 131.468099647711313, 33.48483467466707 ], [ 131.467746893719152, 33.486072833023563 ], [ 131.471237028581612, 33.485049674920454 ], [ 131.47096496312119, 33.484804931114176 ], [ 131.470838329972622, 33.484332732426033 ], [ 131.470801533732299, 33.483784607203255 ] ] ] } },
{ "type": "Feature", "properties": { "CITY_NAME": "杵築市", "S_NAME": "大字立石字大月", "JINKO": 40, "medical_area": "44_東部医療圏", "町丁目名": "杵築市大字立石字大月" }, "geometry": { "type": "Polygon", "coordinates": [ [ [ 131.457173371464194, 33.489510240649665 ], [ 131.467746893719152, 33.486072833023563 ], [ 131.468099647711313, 33.48483467466707 ], [ 131.467634426493959, 33.484335433376764 ], [ 131.468788721862154, 33.482903657395696 ], [ 131.469648755205355, 33.483401400050269 ], [ 131.470303181079004, 33.483417830940091 ], [ 131.470967083710519, 33.483103347969958 ], [ 131.472100015759679, 33.481907935890483 ], [ 131.472598428641987, 33.481626656032518 ], [ 131.4709144098465, 33.479247687769039 ], [ 131.46790375366092, 33.472456324840408 ], [ 131.465151203778618, 33.471566432959634 ], [ 131.465380523186525, 33.472413453409978 ], [ 131.465998444617554, 33.473520685813376 ], [ 131.465548118083348, 33.473396768323461 ], [ 131.46256014541828, 33.471685988942752 ], [ 131.461247350372105, 33.471429194798667 ], [ 131.459974820119328, 33.47170607157549 ], [ 131.459765369494733, 33.472251145041938 ], [ 131.461357307339256, 33.474511485929703 ], [ 131.46140271843322, 33.476018675021486 ], [ 131.461593624054217, 33.47668790370723 ], [ 131.461144389780003, 33.47795090007196 ], [ 131.460698686339214, 33.478706248338483 ], [ 131.460927816813751, 33.479521855683252 ], [ 131.460431011822465, 33.480057531880227 ], [ 131.460835538149752, 33.48096670776247 ], [ 131.460748996611954, 33.481134512303598 ], [ 131.459945417653159, 33.481540510764134 ], [ 131.458222901785973, 33.481777150100321 ], [ 131.458011219990055, 33.481903532563202 ], [ 131.457429947686592, 33.483015253123831 ], [ 131.457416934449583, 33.484109138628583 ], [ 131.457607166818036, 33.484652768360135 ], [ 131.457173371464194, 33.489510240649665 ] ] ] } },
{ "type": "Feature", "properties": { "CITY_NAME": "杵築市", "S_NAME": "大字下字西部", "JINKO": 9, "medical_area": "44_東部医療圏", "町丁目名": "杵築市大字下字西部" }, "geometry": { "type": "Polygon", "coordinates": [ [ [ 131.496966547754568, 33.489210965464366 ], [ 131.497916055428988, 33.48869159898971 ], [ 131.498661005743173, 33.488739239511311 ], [ 131.500418016137246, 33.487954852755976 ], [ 131.50106265561854, 33.487436234227367 ], [ 131.501170989306871, 33.486902498462783 ], [ 131.502795564591622, 33.485733017878786 ], [ 131.500582816057801, 33.483640993812678 ], [ 131.499183268089183, 33.482996870665758 ], [ 131.498467603565899, 33.482458834707273 ], [ 131.498179821067993, 33.481975277519417 ], [ 131.498350780518848, 33.481082412403886 ], [ 131.497967871203969, 33.480086409725146 ], [ 131.49517655872188, 33.480475154781686 ], [ 131.49183101916185, 33.483285634540174 ], [ 131.492491026347381, 33.491777778543998 ], [ 131.49293292460041, 33.491770027526336 ], [ 131.493319722957494, 33.491303736440052 ], [ 131.494057998782068, 33.48977700068933 ], [ 131.495868160500578, 33.489697708892685 ], [ 131.496355439368585, 33.489281439401402 ], [ 131.496966547754568, 33.489210965464366 ] ] ] } },
{ "type": "Feature", "properties": { "CITY_NAME": "杵築市", "S_NAME": "大字下字東部", "JINKO": 10, "medical_area": "44_東部医療圏", "町丁目名": "杵築市大字下字東部" }, "geometry": { "type": "Polygon", "coordinates": [ [ [ 131.502795564591622, 33.485733017878786 ], [ 131.50324447193168, 33.485544752149856 ], [ 131.503430431810841, 33.485229349036842 ], [ 131.504205142581725, 33.485471505078479 ], [ 131.504769391896303, 33.485363876850457 ], [ 131.505492709904786, 33.484148934577163 ], [ 131.506156330709757, 33.483890207886233 ], [ 131.506117583307429, 33.48085286935806 ], [ 131.506207063141972, 33.480596677464753 ], [ 131.506627411086555, 33.480279243163068 ], [ 131.508008392695558, 33.47984899405089 ], [ 131.510018081903439, 33.4807644526852 ], [ 131.513016940222087, 33.480896145088593 ], [ 131.514653463777847, 33.480239046110114 ], [ 131.516065453359744, 33.478371225962789 ], [ 131.516343902003968, 33.478177613361488 ], [ 131.517331489748244, 33.478006126072813 ], [ 131.517977040697303, 33.477409309330014 ], [ 131.517393909833515, 33.476510341825787 ], [ 131.517417749054488, 33.476198069079253 ], [ 131.517724564743247, 33.475949179264539 ], [ 131.517491399822802, 33.475616423843448 ], [ 131.51765666319352, 33.475325082296479 ], [ 131.515679652972864, 33.473341804370882 ], [ 131.514073025531133, 33.47240393791742 ], [ 131.514096808742664, 33.472819457297163 ], [ 131.513258340978865, 33.472780773381075 ], [ 131.512726915851488, 33.473647033013464 ], [ 131.513205910295341, 33.473855817328612 ], [ 131.513183650660267, 33.474347640702753 ], [ 131.51358323779229, 33.474588347871368 ], [ 131.513351183458809, 33.475038914565019 ], [ 131.513678774220466, 33.475156995289588 ], [ 131.514327941328048, 33.475786533905897 ], [ 131.513683006875539, 33.475880538424754 ], [ 131.513525157963699, 33.476120029981459 ], [ 131.513135037742586, 33.476068954671291 ], [ 131.512927248852947, 33.476371910124612 ], [ 131.512558694397313, 33.476422603874177 ], [ 131.51244421974846, 33.476914807969393 ], [ 131.512035602041806, 33.477281814832956 ], [ 131.507211170835234, 33.478738370320222 ], [ 131.497967871203969, 33.480086409725146 ], [ 131.498350780518848, 33.481082412403886 ], [ 131.498179821067993, 33.481975277519417 ], [ 131.498467603565899, 33.482458834707273 ], [ 131.499183268089183, 33.482996870665758 ], [ 131.500582816057801, 33.483640993812678 ], [ 131.502795564591622, 33.485733017878786 ] ] ] } },
{ "type": "Feature", "properties": { "CITY_NAME": "杵築市", "S_NAME": "大字下字金水", "JINKO": 66, "medical_area": "44_東部医療圏", "町丁目名": "杵築市大字下字金水" }, "geometry": { "type": "Polygon", "coordinates": [ [ [ 131.514073025531133, 33.47240393791742 ], [ 131.497983844686587, 33.471821463875891 ], [ 131.493270218266076, 33.468332428429896 ], [ 131.493042536980511, 33.468502411630311 ], [ 131.491279222785181, 33.468205187955448 ], [ 131.49126175910331, 33.469895813972954 ], [ 131.490713799677138, 33.470506570430302 ], [ 131.489096498340217, 33.471082137237396 ], [ 131.487538077832028, 33.471358838832238 ], [ 131.485102953566013, 33.471385707772349 ], [ 131.507211170835234, 33.478738370320222 ], [ 131.512035602041806, 33.477281814832956 ], [ 131.51244421974846, 33.476914807969393 ], [ 131.512558694397313, 33.476422603874177 ], [ 131.512927248852947, 33.476371910124612 ], [ 131.513135037742586, 33.476068954671291 ], [ 131.513525157963699, 33.476120029981459 ], [ 131.513683006875539, 33.475880538424754 ], [ 131.514286367543377, 33.47584993059462 ], [ 131.514234578307679, 33.475590243605538 ], [ 131.513351183458809, 33.475038914565019 ], [ 131.51358323779229, 33.474588347871368 ], [ 131.513183650660267, 33.474347640702753 ], [ 131.513205910295341, 33.473855817328612 ], [ 131.512726915851488, 33.473647033013464 ], [ 131.513258340978865, 33.472780773381075 ], [ 131.514096808742664, 33.472819457297163 ], [ 131.514073025531133, 33.47240393791742 ] ] ] } },
{ "type": "Feature", "properties": { "CITY_NAME": "杵築市", "S_NAME": "大字下字下四区", "JINKO": 80, "medical_area": "44_東部医療圏", "町丁目名": "杵築市大字下字下四区" }, "geometry": { "type": "Polygon", "coordinates": [ [ [ 131.491867848386818, 33.483541091887282 ], [ 131.49183101916185, 33.483285634540174 ], [ 131.49517655872188, 33.480475154781686 ], [ 131.507211170835234, 33.478738370320222 ], [ 131.485102953566013, 33.471385707772349 ], [ 131.487633842081209, 33.479836296266683 ], [ 131.490026041129823, 33.483513601147763 ], [ 131.490658937986467, 33.483877879013875 ], [ 131.491867848386818, 33.483541091887282 ] ] ] } },
{ "type": "Feature", "properties": { "CITY_NAME": "杵築市", "S_NAME": "大字下字米子瀬", "JINKO": 31, "medical_area": "44_東部医療圏", "町丁目名": "杵築市大字下字米子瀬" }, "geometry": { "type": "Polygon", "coordinates": [ [ [ 131.513953378324146, 33.472339908579748 ], [ 131.511974736705071, 33.47129567660474 ], [ 131.511509798643118, 33.470856235291073 ], [ 131.510561378670729, 33.469008579454318 ], [ 131.509383790836694, 33.468609743944718 ], [ 131.506534147685784, 33.466716133022942 ], [ 131.50544013715583, 33.466333091122685 ], [ 131.505014355288608, 33.466001148259544 ], [ 131.504990960624013, 33.465285356434279 ], [ 131.504796591183464, 33.464984725647398 ], [ 131.50330049061256, 33.463914364044051 ], [ 131.501552665304644, 33.462196142799819 ], [ 131.498554370198264, 33.462253372447222 ], [ 131.497400231165358, 33.462652498289579 ], [ 131.497226554136347, 33.462856080977836 ], [ 131.496106183045924, 33.463294504903757 ], [ 131.495225637869368, 33.464210245655558 ], [ 131.494056632639882, 33.464689005700805 ], [ 131.493722114571511, 33.465081284627857 ], [ 131.493500060927261, 33.466156363450203 ], [ 131.493567685434357, 33.467424003449217 ], [ 131.493270218266076, 33.468332428429896 ], [ 131.497983844686587, 33.471821463875891 ], [ 131.513953378324146, 33.472339908579748 ] ] ] } },
{ "type": "Feature", "properties": { "CITY_NAME": "杵築市", "S_NAME": "大字小野", "JINKO": 97, "medical_area": "44_東部医療圏", "町丁目名": "杵築市大字小野" }, "geometry": { "type": "Polygon", "coordinates": [ [ [ 131.588967024481661, 33.558700211063268 ], [ 131.589115713457147, 33.556496809021752 ], [ 131.588976879781796, 33.556042964754369 ], [ 131.58952627218423, 33.555508269328243 ], [ 131.589171507684227, 33.554658427955872 ], [ 131.589267070557355, 33.554204037352548 ], [ 131.588898832176596, 33.553666992394156 ], [ 131.589184147088162, 33.553012915661512 ], [ 131.589155198773426, 33.552652559062039 ], [ 131.588246664662194, 33.551369540904012 ], [ 131.587440264564606, 33.55067296493273 ], [ 131.587295630691671, 33.549769684954711 ], [ 131.58687361903381, 33.549020432611769 ], [ 131.586852041956092, 33.548349035615466 ], [ 131.586450578282296, 33.54742082906246 ], [ 131.586490890177203, 33.547043029368041 ], [ 131.586863060413521, 33.546581281739911 ], [ 131.586975215839146, 33.546154432054649 ], [ 131.587559591458358, 33.545624764364625 ], [ 131.586816574167131, 33.545111844891011 ], [ 131.586767117083866, 33.544640500542421 ], [ 131.586575055989954, 33.544403307751431 ], [ 131.585779811171761, 33.544183217380422 ], [ 131.585403252242401, 33.5439190322857 ], [ 131.584779392624796, 33.542909704443666 ], [ 131.58066082969637, 33.541267597919564 ], [ 131.578502135160562, 33.539407952063691 ], [ 131.57816814888767, 33.538654141311554 ], [ 131.577894895833197, 33.537173535311965 ], [ 131.578071925466986, 33.535200937429927 ], [ 131.578469669332549, 33.533411028327357 ], [ 131.57826517293006, 33.532238108746398 ], [ 131.577819546737999, 33.532499545444885 ], [ 131.577470322879975, 33.532484677656811 ], [ 131.576892764146777, 33.532153975413159 ], [ 131.576584045081347, 33.531570896265514 ], [ 131.57613890888112, 33.53118607538071 ], [ 131.574624134760711, 33.531143638400252 ], [ 131.574082212238608, 33.530989710991605 ], [ 131.572369188962369, 33.52899094393009 ], [ 131.5708779690938, 33.528631188979332 ], [ 131.568896944893055, 33.527683688904304 ], [ 131.566733265880629, 33.526182663043166 ], [ 131.566339534523735, 33.525441553760018 ], [ 131.565337249594705, 33.524653100329502 ], [ 131.564265995227771, 33.524749842252923 ], [ 131.5634227145122, 33.52451223331245 ], [ 131.562868521770554, 33.5248772935754 ], [ 131.562553312038517, 33.525390960795754 ], [ 131.562500361877255, 33.525978565622367 ], [ 131.563089722373633, 33.527751157208066 ], [ 131.562251203835956, 33.528017788561712 ], [ 131.560179417646225, 33.528038153160658 ], [ 131.558200739549449, 33.528527985513989 ], [ 131.557513823194768, 33.528899751888012 ], [ 131.557169743264041, 33.529489081732663 ], [ 131.557542564975108, 33.530887323196431 ], [ 131.557524681166058, 33.532073601384191 ], [ 131.556239838346386, 33.533882030374357 ], [ 131.555709594497046, 33.535325014695431 ], [ 131.554206014035628, 33.537018240332358 ], [ 131.555157538377244, 33.537639478444241 ], [ 131.556342391837518, 33.538138249650977 ], [ 131.557000358963307, 33.538751422918985 ], [ 131.556981589216406, 33.539305438890537 ], [ 131.557198102414532, 33.540035737385494 ], [ 131.558939371940767, 33.540370167680393 ], [ 131.558854466454392, 33.54103028900446 ], [ 131.559043902221703, 33.541595762759911 ], [ 131.559532975606714, 33.541945205682993 ], [ 131.559512455243862, 33.542219111761085 ], [ 131.559782495689717, 33.542603780331611 ], [ 131.560782440900425, 33.543221631463432 ], [ 131.561000129995534, 33.544126196234537 ], [ 131.561592759479709, 33.544969930591293 ], [ 131.562968366554657, 33.545063274245578 ], [ 131.563276907238048, 33.545646908004464 ], [ 131.563976374044387, 33.546343868992196 ], [ 131.564586323268003, 33.54755472686189 ], [ 131.565113489810926, 33.548040885025543 ], [ 131.565476375989846, 33.547833853551388 ], [ 131.566838777023946, 33.548169917551412 ], [ 131.568305245529785, 33.549074946110352 ], [ 131.569510759192468, 33.549287257888132 ], [ 131.569832534209667, 33.549615625483476 ], [ 131.570503408046818, 33.549905051209713 ], [ 131.571241105136494, 33.550744953193423 ], [ 131.572240614002482, 33.551269323662886 ], [ 131.572466358668294, 33.551685263511395 ], [ 131.573099822430294, 33.551931291042969 ], [ 131.573939084989149, 33.553511327330995 ], [ 131.574710322614777, 33.554360436696825 ], [ 131.574978522378302, 33.554452536986872 ], [ 131.575542562307731, 33.554319258577657 ], [ 131.576170334065239, 33.554826694480269 ], [ 131.576360101530867, 33.555980330673606 ], [ 131.576927539681321, 33.556357362856652 ], [ 131.578139280348353, 33.55637037654823 ], [ 131.578906976913686, 33.556677999102746 ], [ 131.579403808072357, 33.556495210586633 ], [ 131.579806873545095, 33.556748518711544 ], [ 131.582342298372424, 33.557387061284658 ], [ 131.583061242458001, 33.558180346202597 ], [ 131.583491977697093, 33.55812229044021 ], [ 131.584488907163148, 33.558792887077999 ], [ 131.586492986222709, 33.559449398621879 ], [ 131.588589299377389, 33.558901140176246 ], [ 131.588967024481661, 33.558700211063268 ] ] ] } },
{ "type": "Feature", "properties": { "CITY_NAME": "杵築市", "S_NAME": "大字永松", "JINKO": 102, "medical_area": "44_東部医療圏", "町丁目名": "杵築市大字永松" }, "geometry": { "type": "Polygon", "coordinates": [ [ [ 131.57826517293006, 33.532238108746398 ], [ 131.578720191200148, 33.528988703397616 ], [ 131.578507756094069, 33.526690859613389 ], [ 131.578855344762218, 33.525444055638495 ], [ 131.578903861364012, 33.524145379894492 ], [ 131.578605251588243, 33.523220862969502 ], [ 131.577916598736039, 33.522239294926969 ], [ 131.578261939541903, 33.520370186221932 ], [ 131.578138511042539, 33.518725036672805 ], [ 131.577964489238241, 33.518441063810897 ], [ 131.575047714849461, 33.516605194531493 ], [ 131.574257844392406, 33.515264386572809 ], [ 131.57251235046914, 33.513365215437254 ], [ 131.572277346569678, 33.512933342675019 ], [ 131.572261471604094, 33.512455329105563 ], [ 131.570828559584356, 33.510804212990578 ], [ 131.570229193217273, 33.511584618674192 ], [ 131.568906012195527, 33.512268928119759 ], [ 131.567901627791542, 33.512446198979084 ], [ 131.566604606457076, 33.512969953291005 ], [ 131.56610118842022, 33.512865899600563 ], [ 131.56409225924051, 33.513156341569193 ], [ 131.563372852328939, 33.513614602407259 ], [ 131.563426761423131, 33.514585152335933 ], [ 131.563044236024439, 33.514917565983858 ], [ 131.562809409551051, 33.514588078962802 ], [ 131.561576986201942, 33.513731187922097 ], [ 131.561293911241904, 33.513266527158173 ], [ 131.561340075682097, 33.512479810102839 ], [ 131.561803550478402, 33.511552378435184 ], [ 131.560034932681219, 33.51042201922494 ], [ 131.558910620965577, 33.511952214766964 ], [ 131.556840583090803, 33.514113734578864 ], [ 131.557897106807332, 33.515073049350434 ], [ 131.558171334066259, 33.516309396066028 ], [ 131.558037698857817, 33.516883974232201 ], [ 131.557369144099823, 33.517232381335738 ], [ 131.556332744371133, 33.518263348835191 ], [ 131.55620463137609, 33.518665418640239 ], [ 131.556248202010892, 33.521729204887677 ], [ 131.556572355452829, 33.523206535409855 ], [ 131.557663832492096, 33.525033964207338 ], [ 131.557386495836624, 33.525707003257381 ], [ 131.557399761523612, 33.526905757667166 ], [ 131.557580157752653, 33.527981326189284 ], [ 131.557892440929294, 33.528671567769365 ], [ 131.560179417646225, 33.528038153160658 ], [ 131.562251203835956, 33.528017788561712 ], [ 131.563089722373633, 33.527751157208066 ], [ 131.562500361877255, 33.525978565622367 ], [ 131.562745184917105, 33.525052696596774 ], [ 131.5634227145122, 33.52451223331245 ], [ 131.564265995227771, 33.524749842252923 ], [ 131.565112114818902, 33.524617320122438 ], [ 131.566088444548939, 33.525167226652549 ], [ 131.566733265880629, 33.526182663043166 ], [ 131.567256329587394, 33.526617979393784 ], [ 131.568896944893055, 33.527683688904304 ], [ 131.5708779690938, 33.528631188979332 ], [ 131.572369188962369, 33.52899094393009 ], [ 131.574082212238608, 33.530989710991605 ], [ 131.574624134760711, 33.531143638400252 ], [ 131.57613890888112, 33.53118607538071 ], [ 131.576584045081347, 33.531570896265514 ], [ 131.576892764146777, 33.532153975413159 ], [ 131.5777161482834, 33.532528307764302 ], [ 131.57826517293006, 33.532238108746398 ] ] ] } },
{ "type": "Feature", "properties": { "CITY_NAME": "杵築市", "S_NAME": "大字沓掛", "JINKO": 302, "medical_area": "44_東部医療圏", "町丁目名": "杵築市大字沓掛" }, "geometry": { "type": "Polygon", "coordinates": [ [ [ 131.557897106807332, 33.515073049350434 ], [ 131.556840583090803, 33.514113734578864 ], [ 131.558910620965577, 33.511952214766964 ], [ 131.560034932681219, 33.51042201922494 ], [ 131.561803550478402, 33.511552378435184 ], [ 131.561340075682097, 33.512479810102839 ], [ 131.561293911241904, 33.513266527158173 ], [ 131.561576986201942, 33.513731187922097 ], [ 131.562809409551051, 33.514588078962802 ], [ 131.563044236024439, 33.514917565983858 ], [ 131.563426761423131, 33.514585152335933 ], [ 131.563372852328939, 33.513614602407259 ], [ 131.56409225924051, 33.513156341569193 ], [ 131.56610118842022, 33.512865899600563 ], [ 131.566604606457076, 33.512969953291005 ], [ 131.567901627791542, 33.512446198979084 ], [ 131.569443995696588, 33.512080601316349 ], [ 131.570438507539166, 33.511360352213096 ], [ 131.56967978989195, 33.511200905956997 ], [ 131.568129949177631, 33.510265189452873 ], [ 131.565318098011744, 33.509811851912097 ], [ 131.564922910303864, 33.509613540574172 ], [ 131.563833993784613, 33.50799720222642 ], [ 131.561942395173389, 33.50625210095356 ], [ 131.561498371440962, 33.505071740138298 ], [ 131.56015082232102, 33.504191859548349 ], [ 131.559955407348241, 33.503915656889561 ], [ 131.559939992864514, 33.503360211765575 ], [ 131.56029657585762, 33.502589537930113 ], [ 131.560058671905495, 33.502058805434721 ], [ 131.559144922501531, 33.5014354428479 ], [ 131.557095054736635, 33.49924959627711 ], [ 131.554454285301858, 33.498022377701339 ], [ 131.556094297439245, 33.495545369241938 ], [ 131.555900607749635, 33.494894037696064 ], [ 131.552816538227233, 33.49223805475404 ], [ 131.55163847806466, 33.491973537375273 ], [ 131.550960614626689, 33.491468183873842 ], [ 131.550279424438429, 33.490406040649702 ], [ 131.549567599161662, 33.489944608588843 ], [ 131.549257904364708, 33.48938537552791 ], [ 131.548852987166242, 33.487864483054715 ], [ 131.54714072727765, 33.486278176163687 ], [ 131.54636351491115, 33.485293460293889 ], [ 131.545731986262552, 33.484023002988678 ], [ 131.545444042713342, 33.48239471399085 ], [ 131.545515576737756, 33.481140179756295 ], [ 131.546010785820073, 33.478789149234096 ], [ 131.545842307488897, 33.476195279781123 ], [ 131.54479662674666, 33.475176423323909 ], [ 131.541130684351543, 33.474486234758317 ], [ 131.540816759988616, 33.474856597625191 ], [ 131.538130121023386, 33.475191479637353 ], [ 131.537335854999583, 33.475994619463293 ], [ 131.536618308200559, 33.476132704973644 ], [ 131.535822437466351, 33.476568470218893 ], [ 131.535157062704997, 33.478231615361928 ], [ 131.535092491922541, 33.479102215018905 ], [ 131.534795462126596, 33.479521877032099 ], [ 131.534777390568763, 33.479831601688581 ], [ 131.534201437220446, 33.48036130531591 ], [ 131.534641465166573, 33.481284078039579 ], [ 131.534599097771064, 33.482522770227973 ], [ 131.534376511875479, 33.482862645546298 ], [ 131.534480414902106, 33.483523295745407 ], [ 131.534824302696308, 33.484241485173285 ], [ 131.535692884943415, 33.485020172673352 ], [ 131.535455572979174, 33.485406150025746 ], [ 131.534421380742657, 33.486121909456912 ], [ 131.534205198325509, 33.486700252588086 ], [ 131.534232040577081, 33.488645795859256 ], [ 131.534105557721858, 33.489190258628966 ], [ 131.533423269691724, 33.490306216941384 ], [ 131.533637598086358, 33.493522894350811 ], [ 131.533567144983863, 33.49424706714079 ], [ 131.533112924603074, 33.495102620953972 ], [ 131.53361703766592, 33.495878670722718 ], [ 131.532011191658825, 33.496237065550396 ], [ 131.530553573701923, 33.497151255014288 ], [ 131.530545751666409, 33.497511125788741 ], [ 131.531093557471252, 33.498906289229929 ], [ 131.531823358868564, 33.499836256075518 ], [ 131.53195596971409, 33.500287562961176 ], [ 131.531820014962193, 33.500924133936493 ], [ 131.532052677844916, 33.501408509464611 ], [ 131.531596069640017, 33.501879071583403 ], [ 131.53162833616517, 33.502255503689241 ], [ 131.532039842077182, 33.502580117419903 ], [ 131.535009914084242, 33.503969037704493 ], [ 131.535636367305102, 33.505137818444751 ], [ 131.537221311165638, 33.505427976228141 ], [ 131.537998416140084, 33.506721615622155 ], [ 131.539062286622197, 33.507545411953103 ], [ 131.539194018308223, 33.507846083349712 ], [ 131.539053550425137, 33.508553769465792 ], [ 131.539673415274962, 33.508643126432538 ], [ 131.540437679322224, 33.509468187239442 ], [ 131.540481759548413, 33.510936589037648 ], [ 131.541012843509321, 33.511202013942636 ], [ 131.541289379876901, 33.512305379788494 ], [ 131.542314358170302, 33.513279926541841 ], [ 131.543060007455949, 33.515105027791414 ], [ 131.543582480173228, 33.515588079306028 ], [ 131.54399384628158, 33.515879132329495 ], [ 131.544602705516297, 33.515792794805826 ], [ 131.544888318646315, 33.515138809319311 ], [ 131.544794977413062, 33.514595295735681 ], [ 131.545461634473384, 33.514165605129996 ], [ 131.546529320893086, 33.516365820038004 ], [ 131.546370972241164, 33.516600814976798 ], [ 131.546375754000252, 33.517362282418993 ], [ 131.546150838591956, 33.518133150149097 ], [ 131.547110151480155, 33.518969887305872 ], [ 131.546595480804712, 33.519742003110672 ], [ 131.546818480953505, 33.520251483113334 ], [ 131.546551054538355, 33.52062083862473 ], [ 131.547999785161949, 33.521430291158453 ], [ 131.547765775362052, 33.522343465003232 ], [ 131.549879612910388, 33.523262899062395 ], [ 131.549384717877331, 33.524001481927193 ], [ 131.549411310905697, 33.524256578806508 ], [ 131.549586082214461, 33.525034024306876 ], [ 131.550259538326458, 33.525675372750989 ], [ 131.550330120077547, 33.527348652970872 ], [ 131.550684513149974, 33.528091836800456 ], [ 131.550794288511213, 33.52933794678713 ], [ 131.550952169087424, 33.529623559120765 ], [ 131.552299361216114, 33.530547963454161 ], [ 131.55232375388394, 33.530877704878066 ], [ 131.553212759582067, 33.531614370806984 ], [ 131.55334557445849, 33.53262819562525 ], [ 131.554169790686245, 33.53310686473867 ], [ 131.554355400484241, 33.534238726562613 ], [ 131.554255937312462, 33.534948675496778 ], [ 131.554540005335497, 33.535790714497523 ], [ 131.55421183787459, 33.53695548496097 ], [ 131.555709594497046, 33.535325014695431 ], [ 131.556239838346386, 33.533882030374357 ], [ 131.557228247693359, 33.53262527619507 ], [ 131.557580441746921, 33.531811510250179 ], [ 131.557542564975108, 33.530887323196431 ], [ 131.557169743264041, 33.529489081732663 ], [ 131.557513823194768, 33.528899751888012 ], [ 131.557892440929294, 33.528671567769365 ], [ 131.557580157752653, 33.527981326189284 ], [ 131.557399761523612, 33.526905757667166 ], [ 131.557386495836624, 33.525707003257381 ], [ 131.557663832492096, 33.525033964207338 ], [ 131.556572355452829, 33.523206535409855 ], [ 131.556157797683824, 33.520688240360059 ], [ 131.556274481209613, 33.518364698373695 ], [ 131.557369144099823, 33.517232381335738 ], [ 131.558037698857817, 33.516883974232201 ], [ 131.558171334066259, 33.516309396066028 ], [ 131.557897106807332, 33.515073049350434 ] ] ] } },
{ "type": "Feature", "properties": { "CITY_NAME": "杵築市", "S_NAME": "大字石丸", "JINKO": 169, "medical_area": "44_東部医療圏", "町丁目名": "杵築市大字石丸" }, "geometry": { "type": "Polygon", "coordinates": [ [ [ 131.571578458506963, 33.489743913712203 ], [ 131.570990809008549, 33.489155547225252 ], [ 131.570463934481182, 33.488095518411754 ], [ 131.569565706063173, 33.487132714372486 ], [ 131.567774028949486, 33.48746919279256 ], [ 131.567251120129413, 33.487256162522279 ], [ 131.56694082143909, 33.48663516453658 ], [ 131.56646284113009, 33.486439747317171 ], [ 131.565437383807335, 33.486460553496457 ], [ 131.565024729587464, 33.486680214035466 ], [ 131.564457702801292, 33.487977319493368 ], [ 131.56423340597803, 33.488107675717039 ], [ 131.563812355704414, 33.489614355224852 ], [ 131.563257797832108, 33.489708976817177 ], [ 131.563206603749904, 33.489077567752965 ], [ 131.562628051959337, 33.488702958778546 ], [ 131.561951999450855, 33.488631455111047 ], [ 131.560399274418671, 33.488857623024479 ], [ 131.559736415012281, 33.48831801566363 ], [ 131.559241026310048, 33.48754705140167 ], [ 131.558546389403347, 33.487187778410345 ], [ 131.558134271246672, 33.486513362769912 ], [ 131.557773232565154, 33.485136511071175 ], [ 131.557613572049036, 33.482310290968925 ], [ 131.557399755994822, 33.481249813042837 ], [ 131.557096529616558, 33.480772849015359 ], [ 131.556060509782412, 33.480421387761041 ], [ 131.554467205569779, 33.480192866996795 ], [ 131.549581858154568, 33.47854567003931 ], [ 131.54774851367219, 33.477113394640412 ], [ 131.545842307488897, 33.476195279781123 ], [ 131.546010785820073, 33.478789149234096 ], [ 131.545515576737756, 33.481140179756295 ], [ 131.545444042713342, 33.48239471399085 ], [ 131.545731986262552, 33.484023002988678 ], [ 131.54636351491115, 33.485293460293889 ], [ 131.54714072727765, 33.486278176163687 ], [ 131.548852987166242, 33.487864483054715 ], [ 131.549257904364708, 33.48938537552791 ], [ 131.549567599161662, 33.489944608588843 ], [ 131.550279424438429, 33.490406040649702 ], [ 131.550960614626689, 33.491468183873842 ], [ 131.55163847806466, 33.491973537375273 ], [ 131.552816538227233, 33.49223805475404 ], [ 131.555900607749635, 33.494894037696064 ], [ 131.556094297439245, 33.495545369241938 ], [ 131.554454285301858, 33.498022377701339 ], [ 131.557095054736635, 33.49924959627711 ], [ 131.559144922501531, 33.5014354428479 ], [ 131.560058671905495, 33.502058805434721 ], [ 131.56029657585762, 33.502589537930113 ], [ 131.559939992864514, 33.503360211765575 ], [ 131.559955407348241, 33.503915656889561 ], [ 131.56015082232102, 33.504191859548349 ], [ 131.561498371440962, 33.505071740138298 ], [ 131.561942395173389, 33.50625210095356 ], [ 131.563833993784613, 33.50799720222642 ], [ 131.564922910303864, 33.509613540574172 ], [ 131.565318098011744, 33.509811851912097 ], [ 131.568129949177631, 33.510265189452873 ], [ 131.570189144972147, 33.511367531588128 ], [ 131.570438507539166, 33.511360352213096 ], [ 131.570828559584356, 33.510804212990578 ], [ 131.571087415424472, 33.509928496645209 ], [ 131.570800168408681, 33.508839696088572 ], [ 131.570879996833241, 33.508429469605268 ], [ 131.570686067417654, 33.507745546600368 ], [ 131.570582469733608, 33.505710159623781 ], [ 131.571842442450503, 33.502416393296919 ], [ 131.572242992504897, 33.499368056540874 ], [ 131.57254055288638, 33.498553130300323 ], [ 131.572198170722174, 33.497841146454192 ], [ 131.572505285473341, 33.494474291031018 ], [ 131.57330085541841, 33.493656758040636 ], [ 131.571578458506963, 33.489743913712203 ] ] ] } },
{ "type": "Feature", "properties": { "CITY_NAME": "杵築市", "S_NAME": "大字白木原", "JINKO": 56, "medical_area": "44_東部医療圏", "町丁目名": "杵築市大字白木原" }, "geometry": { "type": "Polygon", "coordinates": [ [ [ 131.585504438896095, 33.537458585495656 ], [ 131.586249682611395, 33.537252345113984 ], [ 131.586734072358752, 33.536156369438487 ], [ 131.586580124608531, 33.535725071515571 ], [ 131.585490454046408, 33.535385421659306 ], [ 131.585339688931469, 33.53496960329538 ], [ 131.585864209553961, 33.534429694673499 ], [ 131.585963024406283, 33.533797253877808 ], [ 131.586796164244078, 33.53345812516303 ], [ 131.587056940137728, 33.533044169243681 ], [ 131.587186638906502, 33.532421583590171 ], [ 131.587490751173476, 33.53192416022339 ], [ 131.586991237224936, 33.531407040618596 ], [ 131.587755900554157, 33.53105170636573 ], [ 131.588709405550958, 33.530103293886491 ], [ 131.589127502572239, 33.52856885928626 ], [ 131.589076305358731, 33.526554764800835 ], [ 131.589379012663841, 33.526536175704514 ], [ 131.589679185777157, 33.526263502093371 ], [ 131.590050614257649, 33.525167620168254 ], [ 131.589742483332287, 33.523860737330459 ], [ 131.590288489912979, 33.522244881946961 ], [ 131.589886543042155, 33.521418459594543 ], [ 131.589960080240672, 33.520442725193952 ], [ 131.590125301543736, 33.519980385433691 ], [ 131.591154416450252, 33.518817921007532 ], [ 131.591352079618446, 33.518395865648849 ], [ 131.590873796569525, 33.517243758692999 ], [ 131.590782657669934, 33.51642094148982 ], [ 131.591322716771941, 33.515657751713761 ], [ 131.592431296965458, 33.514558233934025 ], [ 131.592541064398972, 33.513773592817145 ], [ 131.592428218185916, 33.513184614997392 ], [ 131.591315569993327, 33.511180894213048 ], [ 131.588564390300036, 33.510469158889308 ], [ 131.585767774777196, 33.510227399839458 ], [ 131.585007330265825, 33.509555487702187 ], [ 131.584838412003563, 33.50788116946898 ], [ 131.583547711134059, 33.50668220739891 ], [ 131.582886506813992, 33.508106763237549 ], [ 131.582365486379501, 33.509881738939576 ], [ 131.578844198623244, 33.515521449202986 ], [ 131.57798557427671, 33.516182608458855 ], [ 131.577144408887165, 33.516544957858812 ], [ 131.575334702884618, 33.516849133959575 ], [ 131.578077782803376, 33.518579952937444 ], [ 131.578261939541903, 33.520370186221932 ], [ 131.577916598736039, 33.522239294926969 ], [ 131.578605251588243, 33.523220862969502 ], [ 131.578903861364012, 33.524145379894492 ], [ 131.578855344762218, 33.525444055638495 ], [ 131.578507756094069, 33.526690859613389 ], [ 131.578720191200148, 33.528988703397616 ], [ 131.578555291171256, 33.530947686748306 ], [ 131.578261357454039, 33.532038490450361 ], [ 131.578469669332549, 33.533411028327357 ], [ 131.578071925466986, 33.535200937429927 ], [ 131.577894895833197, 33.537173535311965 ], [ 131.578334657850064, 33.539138052294192 ], [ 131.579584958924869, 33.540472345068089 ], [ 131.58066082969637, 33.541267597919564 ], [ 131.584265440750784, 33.542642675872429 ], [ 131.584779392624796, 33.542909704443666 ], [ 131.585148226775345, 33.543326082079084 ], [ 131.585110007386476, 33.542997718146019 ], [ 131.585516605077117, 33.542110696293022 ], [ 131.58509248561225, 33.541372479675317 ], [ 131.585269333753132, 33.540870660899586 ], [ 131.584971078929783, 33.539810140513623 ], [ 131.5851585572847, 33.538932601822722 ], [ 131.584908286504458, 33.538238297885101 ], [ 131.585378369601017, 33.537905114567479 ], [ 131.585504438896095, 33.537458585495656 ] ] ] } },
{ "type": "Feature", "properties": { "CITY_NAME": "杵築市", "S_NAME": "大字波多方", "JINKO": 169, "medical_area": "44_東部医療圏", "町丁目名": "杵築市大字波多方" }, "geometry": { "type": "Polygon", "coordinates": [ [ [ 131.579579486758774, 33.500289417780039 ], [ 131.579078779386435, 33.499253367496244 ], [ 131.579975944193052, 33.499737517118014 ], [ 131.583551179765635, 33.49898230638216 ], [ 131.585343646276215, 33.499166141394021 ], [ 131.585346666213098, 33.49888879111721 ], [ 131.585011530843275, 33.498125070392817 ], [ 131.583162079943435, 33.495827230277285 ], [ 131.58061609802067, 33.493420089969632 ], [ 131.578941154943351, 33.492312764177207 ], [ 131.578493155537728, 33.490385627357334 ], [ 131.578804544390351, 33.48853464929087 ], [ 131.578564874196218, 33.486845696081026 ], [ 131.578636265619593, 33.486133197381669 ], [ 131.578787744744005, 33.486004911863837 ], [ 131.57342403157574, 33.482696701460597 ], [ 131.573047173253684, 33.482314127002297 ], [ 131.572838012897307, 33.481718346467723 ], [ 131.572943713486808, 33.480706890362825 ], [ 131.573334077631415, 33.479316954135001 ], [ 131.573711483716579, 33.472268148536671 ], [ 131.572691182385142, 33.4695747290288 ], [ 131.571877876958553, 33.468543151866491 ], [ 131.57272967349175, 33.467929796866592 ], [ 131.573022175537375, 33.466860143039654 ], [ 131.57356556943688, 33.466524212892203 ], [ 131.573872308612238, 33.46577959727788 ], [ 131.574941941944445, 33.465261940988796 ], [ 131.574987606408826, 33.464973820442616 ], [ 131.576153911868573, 33.464974287065395 ], [ 131.576367957748516, 33.464843602468875 ], [ 131.57623435513355, 33.464677586150295 ], [ 131.57562189314811, 33.464385582130959 ], [ 131.57424035460005, 33.464208196404741 ], [ 131.571782965021413, 33.464511760386515 ], [ 131.571343976241593, 33.464445029926495 ], [ 131.569318912210065, 33.463555253107089 ], [ 131.567677175473193, 33.46313567369409 ], [ 131.566087010877283, 33.462398548105121 ], [ 131.564559558402067, 33.462086818655521 ], [ 131.563412919435422, 33.461140326958507 ], [ 131.562173687553354, 33.460953534839597 ], [ 131.561843087947693, 33.460267990036741 ], [ 131.561291835471849, 33.459964759830179 ], [ 131.559696857739937, 33.460100815564729 ], [ 131.557020641753013, 33.459572652601146 ], [ 131.555931458896083, 33.459680750276021 ], [ 131.555138168805371, 33.459563675227812 ], [ 131.554695451296368, 33.459722503600588 ], [ 131.553862057490477, 33.460689516636137 ], [ 131.552741331788496, 33.461350425375564 ], [ 131.552569580756455, 33.46170517041692 ], [ 131.551660320628088, 33.462174012999945 ], [ 131.550989673220187, 33.462295413924195 ], [ 131.551053596731805, 33.462773866955885 ], [ 131.550412451117381, 33.463599182335187 ], [ 131.550384651445938, 33.464119885836851 ], [ 131.550887921447156, 33.4652154135605 ], [ 131.550737585824578, 33.46537806648066 ], [ 131.548445867482997, 33.466007977315229 ], [ 131.547303808771318, 33.466561881844065 ], [ 131.546533519631367, 33.467371234893285 ], [ 131.546311631329985, 33.468045795633991 ], [ 131.543982841814199, 33.46934314485982 ], [ 131.542099274941961, 33.470662533463631 ], [ 131.541700241978162, 33.471151481230805 ], [ 131.540826938288404, 33.472767544818204 ], [ 131.541130684351543, 33.474486234758317 ], [ 131.54479662674666, 33.475176423323909 ], [ 131.545453762659662, 33.475927680574038 ], [ 131.54774851367219, 33.477113394640412 ], [ 131.549581858154568, 33.47854567003931 ], [ 131.554467205569779, 33.480192866996795 ], [ 131.556060509782412, 33.480421387761041 ], [ 131.557096529616558, 33.480772849015359 ], [ 131.557399755994822, 33.481249813042837 ], [ 131.557613572049036, 33.482310290968925 ], [ 131.557773232565154, 33.485136511071175 ], [ 131.558134271246672, 33.486513362769912 ], [ 131.558546389403347, 33.487187778410345 ], [ 131.559241026310048, 33.48754705140167 ], [ 131.559736415012281, 33.48831801566363 ], [ 131.560399274418671, 33.488857623024479 ], [ 131.561951999450855, 33.488631455111047 ], [ 131.562628051959337, 33.488702958778546 ], [ 131.563206603749904, 33.489077567752965 ], [ 131.563257797832108, 33.489708976817177 ], [ 131.563812355704414, 33.489614355224852 ], [ 131.56423340597803, 33.488107675717039 ], [ 131.564457702801292, 33.487977319493368 ], [ 131.564924406637317, 33.48680567411283 ], [ 131.565278787445465, 33.486505621123847 ], [ 131.565769376477164, 33.486422725802775 ], [ 131.566728187217194, 33.486515144679529 ], [ 131.567034695007806, 33.486733992230924 ], [ 131.567251120129413, 33.487256162522279 ], [ 131.567774028949486, 33.48746919279256 ], [ 131.569565706063173, 33.487132714372486 ], [ 131.570463934481182, 33.488095518411754 ], [ 131.570990809008549, 33.489155547225252 ], [ 131.571578458506963, 33.489743913712203 ], [ 131.57330085541841, 33.493656758040636 ], [ 131.572505285473341, 33.494474291031018 ], [ 131.572198170722174, 33.497841146454192 ], [ 131.57254055288638, 33.498553130300323 ], [ 131.572242992504897, 33.499368056540874 ], [ 131.571842442450503, 33.502416393296919 ], [ 131.571567956732224, 33.503400378561615 ], [ 131.570599863453936, 33.505559370471516 ], [ 131.570618997615298, 33.507095798951383 ], [ 131.570879996833241, 33.508429469605268 ], [ 131.570800168408681, 33.508839696088572 ], [ 131.571091390204145, 33.509666369189453 ], [ 131.570828559584356, 33.510804212990578 ], [ 131.572261471604094, 33.512455329105563 ], [ 131.572277346569678, 33.512933342675019 ], [ 131.57251235046914, 33.513365215437254 ], [ 131.574257844392406, 33.515264386572809 ], [ 131.574998501414257, 33.516540046473317 ], [ 131.575334702884618, 33.516849133959575 ], [ 131.577144408887165, 33.516544957858812 ], [ 131.57798557427671, 33.516182608458855 ], [ 131.578844198623244, 33.515521449202986 ], [ 131.582365486379501, 33.509881738939576 ], [ 131.582886506813992, 33.508106763237549 ], [ 131.583547711134059, 33.50668220739891 ], [ 131.583470328417292, 33.505057802491315 ], [ 131.583100010747046, 33.503819915802296 ], [ 131.582769718578987, 33.503247671467939 ], [ 131.581796236028651, 33.502019374572988 ], [ 131.579579486758774, 33.500289417780039 ] ] ] } },
{ "type": "Feature", "properties": { "CITY_NAME": "杵築市", "S_NAME": "大字俣水", "JINKO": 256, "medical_area": "44_東部医療圏", "町丁目名": "杵築市大字俣水" }, "geometry": { "type": "Polygon", "coordinates": [ [ [ 131.597492967852276, 33.51047182541771 ], [ 131.596682293245607, 33.510013103350815 ], [ 131.596457131675606, 33.50843285609114 ], [ 131.596502034669783, 33.507642190197224 ], [ 131.597285570165781, 33.506982250003951 ], [ 131.597213716495645, 33.504908582942022 ], [ 131.597646841411745, 33.504606376666807 ], [ 131.601648860069929, 33.504410206132512 ], [ 131.601989655071435, 33.502775095900077 ], [ 131.602352286667525, 33.501938893351188 ], [ 131.602361927728623, 33.498916519464366 ], [ 131.601856404879555, 33.498609824654224 ], [ 131.601817462934491, 33.498437883820316 ], [ 131.602176003948983, 33.497814373608087 ], [ 131.602929974481953, 33.49705242257631 ], [ 131.60354666115299, 33.495331197626484 ], [ 131.603219591759057, 33.494275508255271 ], [ 131.603584337206826, 33.493817355265904 ], [ 131.603217334235353, 33.493240390466916 ], [ 131.603305277657341, 33.492949268027267 ], [ 131.603634325620732, 33.492684766395776 ], [ 131.603160016733142, 33.491727423738077 ], [ 131.603665440848403, 33.491055626965782 ], [ 131.603494129718683, 33.490757241578834 ], [ 131.60293161490398, 33.490396756127112 ], [ 131.603152714262592, 33.489636418416858 ], [ 131.602548344006834, 33.489118197779185 ], [ 131.602813680427118, 33.488615159792374 ], [ 131.602856359834846, 33.488052513665046 ], [ 131.604773343654216, 33.486332988875922 ], [ 131.604959995526741, 33.485318137256428 ], [ 131.606926081844477, 33.485200524567901 ], [ 131.607122844070886, 33.48495299590482 ], [ 131.606986034195756, 33.484652894614719 ], [ 131.605527269400028, 33.483246135243931 ], [ 131.604793030520625, 33.482821723247163 ], [ 131.604303953951074, 33.48193310266894 ], [ 131.603239327734428, 33.480939220866027 ], [ 131.603319918406129, 33.480230979935563 ], [ 131.604907325418878, 33.47910975107672 ], [ 131.604909154110658, 33.478004188888164 ], [ 131.605108414448239, 33.477482832022929 ], [ 131.603198885966009, 33.476631904478133 ], [ 131.601646922434099, 33.476484761588708 ], [ 131.600684150986666, 33.476662663676606 ], [ 131.600287107633079, 33.476286402613454 ], [ 131.599366388466279, 33.476620128997503 ], [ 131.598630090957244, 33.476465014674424 ], [ 131.597833719583662, 33.476068204487405 ], [ 131.597246150645304, 33.475284338686201 ], [ 131.595552257219225, 33.475145723053124 ], [ 131.594916025770914, 33.474623818761415 ], [ 131.594144387283507, 33.474607693209734 ], [ 131.591579758491889, 33.473794910704903 ], [ 131.587788592741958, 33.471476556228367 ], [ 131.587602535795526, 33.470791154524811 ], [ 131.587054685863706, 33.470263543224249 ], [ 131.5865867181314, 33.469415552504806 ], [ 131.58664736045327, 33.468579607294657 ], [ 131.586255427189116, 33.467781520791988 ], [ 131.58545222681505, 33.467281530884058 ], [ 131.584628829025405, 33.467301301989217 ], [ 131.584227074152352, 33.466907855335684 ], [ 131.584183288555835, 33.466495499246903 ], [ 131.582869783519982, 33.465646191591688 ], [ 131.581750751433731, 33.465570785707165 ], [ 131.580218240180187, 33.464997532838474 ], [ 131.577793158060047, 33.46541740477501 ], [ 131.577363814287992, 33.465382386211736 ], [ 131.576367957748516, 33.464843602468875 ], [ 131.576153911868573, 33.464974287065395 ], [ 131.574987606408826, 33.464973820442616 ], [ 131.574941941944445, 33.465261940988796 ], [ 131.573872308612238, 33.46577959727788 ], [ 131.57356556943688, 33.466524212892203 ], [ 131.573022175537375, 33.466860143039654 ], [ 131.57272967349175, 33.467929796866592 ], [ 131.571861346464885, 33.468636461846771 ], [ 131.572691182385142, 33.4695747290288 ], [ 131.573711483716579, 33.472268148536671 ], [ 131.573334077631415, 33.479316954135001 ], [ 131.572943713486808, 33.480706890362825 ], [ 131.572838012897307, 33.481718346467723 ], [ 131.573047173253684, 33.482314127002297 ], [ 131.57342403157574, 33.482696701460597 ], [ 131.578787744744005, 33.486004911863837 ], [ 131.578636265619593, 33.486133197381669 ], [ 131.578564874196218, 33.486845696081026 ], [ 131.578804544390351, 33.48853464929087 ], [ 131.578493155537728, 33.490385627357334 ], [ 131.578941154943351, 33.492312764177207 ], [ 131.58061609802067, 33.493420089969632 ], [ 131.583162079943435, 33.495827230277285 ], [ 131.585230023994086, 33.498527965819918 ], [ 131.585343646276215, 33.499166141394021 ], [ 131.583551179765635, 33.49898230638216 ], [ 131.579975944193052, 33.499737517118014 ], [ 131.579078779386435, 33.499253367496244 ], [ 131.579033527832763, 33.499359346880951 ], [ 131.579579486758774, 33.500289417780039 ], [ 131.581796236028651, 33.502019374572988 ], [ 131.582920083497498, 33.503495946975782 ], [ 131.583470328417292, 33.505057802491315 ], [ 131.583547711134059, 33.50668220739891 ], [ 131.584066745772077, 33.507042949714283 ], [ 131.584906335059912, 33.50800912942136 ], [ 131.585007330265825, 33.509555487702187 ], [ 131.585858628750316, 33.510275719627039 ], [ 131.587749883314984, 33.510331692012194 ], [ 131.591315569993327, 33.511180894213048 ], [ 131.592428218185916, 33.513184614997392 ], [ 131.592543115679064, 33.514073712725214 ], [ 131.592431296965458, 33.514558233934025 ], [ 131.591322716771941, 33.515657751713761 ], [ 131.590782657669934, 33.51642094148982 ], [ 131.590873796569525, 33.517243758692999 ], [ 131.591352079618446, 33.518395865648849 ], [ 131.590024182784845, 33.52017381420734 ], [ 131.589883734058475, 33.52100682564101 ], [ 131.589994320714538, 33.521676517750947 ], [ 131.590946411157603, 33.521273279122013 ], [ 131.591643733430686, 33.520573334114047 ], [ 131.592685494277475, 33.518913877442337 ], [ 131.593220100984411, 33.517335524228486 ], [ 131.59350166888791, 33.517003093481442 ], [ 131.594007361101546, 33.516701011106889 ], [ 131.594643395587894, 33.515790159448784 ], [ 131.594987915632061, 33.515668087798161 ], [ 131.59527287872146, 33.515060166302227 ], [ 131.598068315448415, 33.512708829715898 ], [ 131.598195771203763, 33.512271179222552 ], [ 131.598122475811721, 33.511098461216399 ], [ 131.597492967852276, 33.51047182541771 ] ] ] } },
{ "type": "Feature", "properties": { "CITY_NAME": "国東市", "S_NAME": "西方寺", "JINKO": 70, "medical_area": "44_東部医療圏", "町丁目名": "国東市西方寺" }, "geometry": { "type": "Polygon", "coordinates": [ [ [ 131.575393584509754, 33.623887539145294 ], [ 131.574746797502598, 33.618598359758657 ], [ 131.57401065030237, 33.61890079419809 ], [ 131.573637726343179, 33.619248323171739 ], [ 131.5729934605925, 33.618726987740665 ], [ 131.571998699054859, 33.618526521350198 ], [ 131.571322667976176, 33.618499424342474 ], [ 131.570399018762174, 33.618799407102237 ], [ 131.569819377397863, 33.618481770825319 ], [ 131.569216848982137, 33.618633814097628 ], [ 131.568697672432364, 33.618567307837552 ], [ 131.568023283795071, 33.618964322602189 ], [ 131.567978063246187, 33.619477566614059 ], [ 131.567568359174913, 33.619825675573495 ], [ 131.566922012802877, 33.61963921666667 ], [ 131.566012561231219, 33.61976447032842 ], [ 131.564498551929631, 33.620903332143037 ], [ 131.564343213831734, 33.621642282287944 ], [ 131.564693283393694, 33.622057074382298 ], [ 131.564268781043836, 33.622508858611688 ], [ 131.56404731389074, 33.623224511108134 ], [ 131.563391044693276, 33.623347605230535 ], [ 131.562851969832934, 33.623209312561784 ], [ 131.561971455001185, 33.623810808513824 ], [ 131.561198540864638, 33.623931391191825 ], [ 131.560799601039434, 33.623425305745805 ], [ 131.56031446220365, 33.623977730690612 ], [ 131.559985218037468, 33.624054031482309 ], [ 131.559260855933502, 33.624768986693276 ], [ 131.558263656201916, 33.625352313512401 ], [ 131.55717578593206, 33.626548891360081 ], [ 131.556750529106949, 33.626708595188468 ], [ 131.556187910842908, 33.628682397571424 ], [ 131.557091362554218, 33.629319867433551 ], [ 131.557720307139192, 33.630743310969059 ], [ 131.558219542022272, 33.633810291791207 ], [ 131.557997128311342, 33.634371741879946 ], [ 131.557884869944246, 33.636251823258142 ], [ 131.557714195994805, 33.636655597652933 ], [ 131.557300575425188, 33.637068289799501 ], [ 131.555229608389368, 33.637801746754953 ], [ 131.554923697684501, 33.638566591541633 ], [ 131.555137256616092, 33.639864419207548 ], [ 131.554585532359681, 33.641365519787776 ], [ 131.554558879701545, 33.642983534794801 ], [ 131.554691874329734, 33.643355167049009 ], [ 131.556065032472674, 33.64342171576358 ], [ 131.556262144666249, 33.643835677989735 ], [ 131.556964942610364, 33.644352752723059 ], [ 131.556806835768668, 33.645104821581974 ], [ 131.556060302140054, 33.645598603492594 ], [ 131.555751876000841, 33.646315416682086 ], [ 131.555132616645238, 33.646602925122309 ], [ 131.555036536612192, 33.646875973828699 ], [ 131.56363783843517, 33.650459781237103 ], [ 131.564760893048231, 33.648729756012521 ], [ 131.568495755740514, 33.647210608953692 ], [ 131.570162995434316, 33.64601747274093 ], [ 131.571791503676764, 33.643841101547302 ], [ 131.575820899955147, 33.639436370478371 ], [ 131.576493530126925, 33.635989840295686 ], [ 131.578416008500966, 33.630983859680676 ], [ 131.578205248816033, 33.629689955708045 ], [ 131.576194945682289, 33.626327907715414 ], [ 131.575393584509754, 33.623887539145294 ] ] ] } },
{ "type": "Feature", "properties": { "CITY_NAME": "国東市", "S_NAME": "竹田津", "JINKO": 457, "medical_area": "44_東部医療圏", "町丁目名": "国東市竹田津" }, "geometry": { "type": "Polygon", "coordinates": [ [ [ 131.562325832175077, 33.685476988956964 ], [ 131.562462835066185, 33.684657621784559 ], [ 131.563623748044421, 33.68306636431975 ], [ 131.563821977420048, 33.681055687154903 ], [ 131.564754105199995, 33.679785543602513 ], [ 131.565351113325022, 33.67938701542959 ], [ 131.567729601151512, 33.679111948103674 ], [ 131.566506777120765, 33.679146408661801 ], [ 131.56633529086136, 33.678650362915029 ], [ 131.565358389838025, 33.678853174263558 ], [ 131.565523794926776, 33.678745138784208 ], [ 131.565334185836633, 33.678779319178069 ], [ 131.564837760533521, 33.677090115296785 ], [ 131.565013053586426, 33.677012676873872 ], [ 131.564670689234902, 33.67710439965105 ], [ 131.564479500304827, 33.676236925575644 ], [ 131.566140135680115, 33.675710909345334 ], [ 131.566708694342026, 33.676887737353532 ], [ 131.566056424003193, 33.675448046368437 ], [ 131.564717072443102, 33.67529635430855 ], [ 131.564284738231549, 33.675485838773206 ], [ 131.564170756932498, 33.675039117592583 ], [ 131.564638762692937, 33.675034313524499 ], [ 131.564442772787885, 33.674917072900364 ], [ 131.564152099212606, 33.674995035569758 ], [ 131.563453387707085, 33.672216583833844 ], [ 131.564546786393976, 33.672127431030773 ], [ 131.565696194083642, 33.669895991582358 ], [ 131.564543818645063, 33.669852853414994 ], [ 131.563663509951908, 33.669175873599961 ], [ 131.562916677778105, 33.66792676062655 ], [ 131.562189814759392, 33.6659174562229 ], [ 131.561796670977714, 33.665459306168941 ], [ 131.561591926033827, 33.664984943267122 ], [ 131.561540349841465, 33.662670079689825 ], [ 131.561004677405634, 33.662059215422332 ], [ 131.561002998697944, 33.661798577807346 ], [ 131.561276060540678, 33.661490693814208 ], [ 131.561181542651269, 33.661046542231823 ], [ 131.561485762294609, 33.659895289146618 ], [ 131.560877614540544, 33.659407395012586 ], [ 131.560284835972112, 33.658459490371172 ], [ 131.560039199259705, 33.657326082711513 ], [ 131.560110907353902, 33.655646909635095 ], [ 131.560725292300475, 33.654264251645898 ], [ 131.561378551211675, 33.653218706989477 ], [ 131.56363783843517, 33.650459781237103 ], [ 131.555036536612192, 33.646875973828699 ], [ 131.554709082254107, 33.648182980299687 ], [ 131.55422346282603, 33.648700661809507 ], [ 131.553049464446559, 33.649105817821976 ], [ 131.55214069283997, 33.649917017952212 ], [ 131.551150161767453, 33.651737827976348 ], [ 131.550932412261744, 33.652551723154481 ], [ 131.550445865493089, 33.652930690910019 ], [ 131.550436425437795, 33.653827414337087 ], [ 131.550156773604954, 33.654457789560588 ], [ 131.550179424910141, 33.655853108859255 ], [ 131.549924972706634, 33.656353894049928 ], [ 131.549738294954665, 33.657382354341422 ], [ 131.550095899584107, 33.658685105092665 ], [ 131.549470546980785, 33.65928403847888 ], [ 131.549584364936635, 33.660584770052999 ], [ 131.549023586702049, 33.662266340478773 ], [ 131.549513240300826, 33.663035819084847 ], [ 131.549356695691813, 33.663975594703167 ], [ 131.54955406861302, 33.665053992244289 ], [ 131.549112343519994, 33.666289197656276 ], [ 131.549315292540285, 33.666917083234523 ], [ 131.548898136369417, 33.668036086559013 ], [ 131.548324492099795, 33.668981780950986 ], [ 131.547148752517018, 33.670459495222396 ], [ 131.546380025427482, 33.672098131542285 ], [ 131.54448228249359, 33.677088858713461 ], [ 131.544911129565349, 33.677371006565721 ], [ 131.545254213511527, 33.678080903411995 ], [ 131.545648235984885, 33.680360371346005 ], [ 131.546279722936049, 33.680107884731164 ], [ 131.546915866909558, 33.679235837805173 ], [ 131.547815708205974, 33.678628686864471 ], [ 131.548362351029851, 33.678602821836691 ], [ 131.548975552321593, 33.678874278758045 ], [ 131.549201924324478, 33.679195129996025 ], [ 131.549119448531115, 33.67945429829436 ], [ 131.549540512371181, 33.679018728526991 ], [ 131.549304627295669, 33.679742926097987 ], [ 131.548170066872757, 33.679911072020239 ], [ 131.548908365741681, 33.6800124248971 ], [ 131.549070808823359, 33.680283121804351 ], [ 131.549060989423197, 33.68111536536896 ], [ 131.549343198628947, 33.681563188602006 ], [ 131.550631129990222, 33.682271565966367 ], [ 131.55182130378779, 33.682533199539229 ], [ 131.553037699171711, 33.68217347763202 ], [ 131.553540408311335, 33.681693364477368 ], [ 131.554231253486336, 33.681618157171023 ], [ 131.554476984039724, 33.681761327678437 ], [ 131.554402414415478, 33.681571396193 ], [ 131.55403932987133, 33.681456713497511 ], [ 131.554398561514944, 33.681136785402508 ], [ 131.55518883056439, 33.681095436111981 ], [ 131.555803231697467, 33.681382983781205 ], [ 131.555740757638034, 33.681891853667892 ], [ 131.556092784714224, 33.683130059257778 ], [ 131.556020497024349, 33.683626293449009 ], [ 131.555604722420327, 33.68420697226923 ], [ 131.555297365101609, 33.685215523181078 ], [ 131.555312091449366, 33.685493138921203 ], [ 131.555558567241974, 33.685742741025798 ], [ 131.55610930356201, 33.685847565287695 ], [ 131.5574679300654, 33.685131854187809 ], [ 131.558236931119666, 33.685131153576521 ], [ 131.559246596162723, 33.685489044324186 ], [ 131.559902747960933, 33.686208335128612 ], [ 131.560043290952251, 33.686595414876294 ], [ 131.560535422082182, 33.686806000567763 ], [ 131.56199119753316, 33.685931090387975 ], [ 131.562325832175077, 33.685476988956964 ] ] ] } },
{ "type": "Feature", "properties": { "CITY_NAME": "国東市", "S_NAME": "鬼篭", "JINKO": 124, "medical_area": "44_東部医療圏", "町丁目名": "国東市鬼篭" }, "geometry": { "type": "Polygon", "coordinates": [ [ [ 131.569796680139603, 33.672108980080779 ], [ 131.570588480136763, 33.669362052723613 ], [ 131.570835322093188, 33.667212138040306 ], [ 131.571534686227011, 33.665186018456176 ], [ 131.572083936332149, 33.661330218320302 ], [ 131.575344317292661, 33.655959948635491 ], [ 131.576089043595545, 33.653349243684161 ], [ 131.576238710329449, 33.652040801372074 ], [ 131.576156236925669, 33.651544545807106 ], [ 131.575457088596181, 33.650587699069291 ], [ 131.575254587732019, 33.64989334432024 ], [ 131.575201465450988, 33.64785743785481 ], [ 131.575790279079825, 33.644870849806679 ], [ 131.576371350131467, 33.643705277023813 ], [ 131.57695069347065, 33.643023933764475 ], [ 131.576221611693057, 33.642038300685385 ], [ 131.575839019847649, 33.641070216690615 ], [ 131.575820899955147, 33.639436370478371 ], [ 131.571791503676764, 33.643841101547302 ], [ 131.569746896094699, 33.646423536986688 ], [ 131.568495755740514, 33.647210608953692 ], [ 131.565210208536172, 33.648471777601692 ], [ 131.564456791207277, 33.649027504713111 ], [ 131.56363783843517, 33.650459781237103 ], [ 131.561378551211675, 33.653218706989477 ], [ 131.560110907353902, 33.655646909635095 ], [ 131.560039199259705, 33.657326082711513 ], [ 131.560284835972112, 33.658459490371172 ], [ 131.560877614540544, 33.659407395012586 ], [ 131.561485762294609, 33.659895289146618 ], [ 131.561181542651269, 33.661046542231823 ], [ 131.561276060540678, 33.661490693814208 ], [ 131.561002998697944, 33.661798577807346 ], [ 131.561004677405634, 33.662059215422332 ], [ 131.561540349841465, 33.662670079689825 ], [ 131.561591926033827, 33.664984943267122 ], [ 131.562189814759392, 33.6659174562229 ], [ 131.562916677778105, 33.66792676062655 ], [ 131.563663509951908, 33.669175873599961 ], [ 131.564543818645063, 33.669852853414994 ], [ 131.565696194083642, 33.669895991582358 ], [ 131.564025609602538, 33.67311782832526 ], [ 131.564730523966375, 33.675125400855549 ], [ 131.569791338962716, 33.675320647355491 ], [ 131.569910372624548, 33.673521688400392 ], [ 131.569796680139603, 33.672108980080779 ] ] ] } },
{ "type": "Feature", "properties": { "CITY_NAME": "国東市", "S_NAME": "櫛海", "JINKO": 158, "medical_area": "44_東部医療圏", "町丁目名": "国東市櫛海" }, "geometry": { "type": "Polygon", "coordinates": [ [ [ 131.574060915095174, 33.681594889848746 ], [ 131.577158843763101, 33.680359065262429 ], [ 131.581203299165253, 33.679114094523847 ], [ 131.581587886594662, 33.678855254063727 ], [ 131.582228385303011, 33.677955729954732 ], [ 131.585099059724229, 33.675727299329175 ], [ 131.585925903564942, 33.674405837430783 ], [ 131.585897824390543, 33.672814757121955 ], [ 131.585687040422954, 33.671743796240733 ], [ 131.585009004180876, 33.670580230863436 ], [ 131.584765547075023, 33.669553021350751 ], [ 131.58443182277901, 33.669172291885914 ], [ 131.584205666119971, 33.667922887259842 ], [ 131.583392576583208, 33.667941162777964 ], [ 131.583234200750013, 33.66741293691279 ], [ 131.583366045863698, 33.666545276077734 ], [ 131.582682191262279, 33.664306932149245 ], [ 131.58305075409956, 33.663450343637237 ], [ 131.582738068845515, 33.662867684133566 ], [ 131.582641545529015, 33.661483820377072 ], [ 131.583678179551839, 33.65934790140291 ], [ 131.584075175593398, 33.655246480185738 ], [ 131.583786377373769, 33.651531463514743 ], [ 131.582924837296872, 33.647622828453059 ], [ 131.582144180844438, 33.645867848018092 ], [ 131.58224183671058, 33.645936426272669 ], [ 131.581528113049472, 33.645133183693922 ], [ 131.580597229889747, 33.644605483783359 ], [ 131.577885701500406, 33.643671320356674 ], [ 131.57695069347065, 33.643023933764475 ], [ 131.576371350131467, 33.643705277023813 ], [ 131.575790279079825, 33.644870849806679 ], [ 131.575201465450988, 33.64785743785481 ], [ 131.575254587732019, 33.64989334432024 ], [ 131.575457088596181, 33.650587699069291 ], [ 131.576156236925669, 33.651544545807106 ], [ 131.576238710329449, 33.652040801372074 ], [ 131.575945262693779, 33.6540534472283 ], [ 131.575344317292661, 33.655959948635491 ], [ 131.574855594751057, 33.656889204931744 ], [ 131.572083936332149, 33.661330218320302 ], [ 131.571534686227011, 33.665186018456176 ], [ 131.570835322093188, 33.667212138040306 ], [ 131.570588480136763, 33.669362052723613 ], [ 131.569796680139603, 33.672108980080779 ], [ 131.56990768296933, 33.673115102261818 ], [ 131.56982595487699, 33.674898253437149 ], [ 131.575553024542927, 33.675056312801743 ], [ 131.575625500566304, 33.67524800600593 ], [ 131.575248878644999, 33.675375072083597 ], [ 131.575647479082164, 33.675309260103958 ], [ 131.576082810087598, 33.675898686690459 ], [ 131.576884715269301, 33.675506391673757 ], [ 131.577263094602728, 33.675478426450447 ], [ 131.576194875386989, 33.676050607082786 ], [ 131.575930429570462, 33.676018445392252 ], [ 131.573914297251207, 33.678217949408435 ], [ 131.573683352695326, 33.679168503917204 ], [ 131.573983251224661, 33.67999297822999 ], [ 131.573588838268563, 33.68117146157504 ], [ 131.574060915095174, 33.681594889848746 ] ] ] } },
{ "type": "Feature", "properties": { "CITY_NAME": "国東市", "S_NAME": "赤根", "JINKO": 56, "medical_area": "44_東部医療圏", "町丁目名": "国東市赤根" }, "geometry": { "type": "Polygon", "coordinates": [ [ [ 131.598823411163664, 33.60371907863162 ], [ 131.600188779241194, 33.60327278627355 ], [ 131.600431496017279, 33.602744851849678 ], [ 131.601920396324175, 33.601171158209716 ], [ 131.602569650398408, 33.600073344212397 ], [ 131.603001960335376, 33.599661271887143 ], [ 131.603542891766494, 33.599521208081427 ], [ 131.604901208541662, 33.599647441444304 ], [ 131.605256965010028, 33.599244890504679 ], [ 131.605363596560466, 33.598836725056898 ], [ 131.605136990617439, 33.598130173233898 ], [ 131.602757371949991, 33.596753927745198 ], [ 131.601924020303244, 33.595367816046775 ], [ 131.600777713078259, 33.595025258650551 ], [ 131.600657842895089, 33.594707514032336 ], [ 131.599822457660736, 33.59420776135039 ], [ 131.599851182817815, 33.593215939217878 ], [ 131.600352032336957, 33.592828756982883 ], [ 131.601007541712903, 33.592642358991313 ], [ 131.600405239731543, 33.591415467751702 ], [ 131.600269629295184, 33.590797749753541 ], [ 131.599908177682238, 33.59036667135301 ], [ 131.599952108304137, 33.589596949090186 ], [ 131.599762987567345, 33.589158130245032 ], [ 131.599799778034026, 33.588933524211946 ], [ 131.600747510155202, 33.587873390378206 ], [ 131.600706470675334, 33.587488023657862 ], [ 131.600607376403588, 33.587038661798886 ], [ 131.599662863867394, 33.586464871596611 ], [ 131.599374941904841, 33.586118834364974 ], [ 131.59913019018677, 33.585077764965256 ], [ 131.599186685496107, 33.584569414599571 ], [ 131.598064400793135, 33.583269474601963 ], [ 131.598459551200847, 33.582813730575246 ], [ 131.59852926195822, 33.582488047748591 ], [ 131.598164854740958, 33.581483690323275 ], [ 131.597736188845488, 33.58125279976246 ], [ 131.596879043265744, 33.58116657144641 ], [ 131.595061700634574, 33.581319191927683 ], [ 131.594442901079219, 33.581079434302893 ], [ 131.592789553581497, 33.581239796773211 ], [ 131.592428077056923, 33.581658510969007 ], [ 131.592356741840746, 33.582100709031543 ], [ 131.591512734165178, 33.582639988771234 ], [ 131.591208339744355, 33.583254472855565 ], [ 131.590449245544278, 33.583158502944343 ], [ 131.589375499137986, 33.583817060764964 ], [ 131.588881612590455, 33.584447966657713 ], [ 131.588315155563947, 33.584251499429747 ], [ 131.587332076953288, 33.583475061854891 ], [ 131.587063980829072, 33.583420324680326 ], [ 131.586211183016104, 33.582658831454168 ], [ 131.584940234690265, 33.582745715731747 ], [ 131.584228817113541, 33.583103809697917 ], [ 131.582775176584988, 33.583113726689824 ], [ 131.582043572784983, 33.5837893229249 ], [ 131.581283487441283, 33.58354392911918 ], [ 131.580410667778978, 33.583675575765909 ], [ 131.579902270453744, 33.58347295599647 ], [ 131.579347938156985, 33.585183859507929 ], [ 131.578520662262264, 33.586185148611762 ], [ 131.57831011859011, 33.587359699691142 ], [ 131.578122202639975, 33.58758517756749 ], [ 131.578347855849131, 33.588279887284848 ], [ 131.577808468968982, 33.589064050833855 ], [ 131.577686533240978, 33.59011050328786 ], [ 131.577900881634747, 33.591299908523894 ], [ 131.577300006318552, 33.591726223495378 ], [ 131.57690065093837, 33.591807354393147 ], [ 131.576709248051657, 33.592301437632798 ], [ 131.576274459192717, 33.59259849408339 ], [ 131.575454457146435, 33.593688453917693 ], [ 131.573784569604328, 33.594070889258575 ], [ 131.573184001160257, 33.59552356107438 ], [ 131.572884646107667, 33.596808628779407 ], [ 131.572529469077608, 33.597211013860267 ], [ 131.572620166401975, 33.597945463423152 ], [ 131.573067940886801, 33.598672779727011 ], [ 131.572940062549065, 33.599232620257041 ], [ 131.573687551986865, 33.600596210679271 ], [ 131.57244575939248, 33.602732277851018 ], [ 131.572220299680623, 33.6039050050097 ], [ 131.573354298770795, 33.60533555013523 ], [ 131.573544141793434, 33.605865816773111 ], [ 131.575246541707941, 33.606887346334936 ], [ 131.574843910918929, 33.60752030508695 ], [ 131.575039706846781, 33.608076743981819 ], [ 131.575583623801265, 33.608646788914733 ], [ 131.575918860442698, 33.609777042822181 ], [ 131.575281907347915, 33.611200894838262 ], [ 131.575812394540179, 33.611444073235525 ], [ 131.576474088363852, 33.612047521682427 ], [ 131.577779989740492, 33.612311678781111 ], [ 131.578208435133064, 33.612842519374119 ], [ 131.578451138905109, 33.613717772532269 ], [ 131.597092357974276, 33.613886728477233 ], [ 131.598394988920859, 33.612259002979535 ], [ 131.599161097405414, 33.610624654275313 ], [ 131.599797650808654, 33.610049037028652 ], [ 131.600323687319275, 33.60893577491607 ], [ 131.599301539940569, 33.607170375904758 ], [ 131.599117099604456, 33.606225448607674 ], [ 131.598457195410219, 33.605392702400543 ], [ 131.598168489830613, 33.60440242041728 ], [ 131.598823411163664, 33.60371907863162 ] ] ] } },
{ "type": "Feature", "properties": { "CITY_NAME": "国東市", "S_NAME": "千灯", "JINKO": 69, "medical_area": "44_東部医療圏", "町丁目名": "国東市千灯" }, "geometry": { "type": "Polygon", "coordinates": [ [ [ 131.588199677504036, 33.642026903485473 ], [ 131.58925368565238, 33.641979480811337 ], [ 131.589704559954271, 33.642689582984929 ], [ 131.591837322952017, 33.643255904965315 ], [ 131.592010064068319, 33.644056367384849 ], [ 131.599745634241742, 33.644120918230847 ], [ 131.600220855747352, 33.640296391820101 ], [ 131.600520511883872, 33.63922906906263 ], [ 131.601841283002472, 33.635980180009383 ], [ 131.603938869339601, 33.631660382448253 ], [ 131.602757820331306, 33.63082307618194 ], [ 131.602332849867622, 33.629885863564581 ], [ 131.602404972491541, 33.628228636219788 ], [ 131.603040031607264, 33.627280418128549 ], [ 131.604251564264644, 33.6261467339584 ], [ 131.604188657082119, 33.625603011012139 ], [ 131.603697440716047, 33.624576094700842 ], [ 131.601726715412866, 33.621207021997961 ], [ 131.601832536196071, 33.620483201231295 ], [ 131.602051820112962, 33.620135911525907 ], [ 131.603026884755167, 33.619360325295816 ], [ 131.602432973873562, 33.618626875522637 ], [ 131.600765687860729, 33.61820441059465 ], [ 131.600288132118436, 33.617636417078138 ], [ 131.600197044384572, 33.617128472889192 ], [ 131.59948069531427, 33.616854811301792 ], [ 131.598729474055943, 33.616292708521961 ], [ 131.597092357974276, 33.613886728477233 ], [ 131.578451138905109, 33.613717772532269 ], [ 131.577293368816356, 33.614930905296703 ], [ 131.5761810842599, 33.615232703085489 ], [ 131.576086492403761, 33.617153846185964 ], [ 131.575336341858389, 33.617709948483295 ], [ 131.574746797502598, 33.618598359758657 ], [ 131.575289028280167, 33.623313561023572 ], [ 131.575698681686333, 33.625027439526598 ], [ 131.576505443963754, 33.626934880476071 ], [ 131.577374211015183, 33.628152249173787 ], [ 131.578205248816033, 33.629689955708045 ], [ 131.57842917273905, 33.630710056111596 ], [ 131.57622229411956, 33.636912637924894 ], [ 131.575779689600552, 33.640111900759258 ], [ 131.575992500039092, 33.641551052932421 ], [ 131.576741619045151, 33.64283449831396 ], [ 131.577444177393147, 33.643426684818337 ], [ 131.5811589879454, 33.644861027281173 ], [ 131.587973826697208, 33.642354409679733 ], [ 131.588199677504036, 33.642026903485473 ] ] ] } },
{ "type": "Feature", "properties": { "CITY_NAME": "国東市", "S_NAME": "野田", "JINKO": 351, "medical_area": "44_東部医療圏", "町丁目名": "国東市野田" }, "geometry": { "type": "Polygon", "coordinates": [ [ [ 131.599249279526958, 33.646128897706824 ], [ 131.599745634241742, 33.644120918230847 ], [ 131.592010064068319, 33.644056367384849 ], [ 131.591837322952017, 33.643255904965315 ], [ 131.589704559954271, 33.642689582984929 ], [ 131.589437413850192, 33.642165140160614 ], [ 131.589030153629608, 33.641904184275809 ], [ 131.588199677504036, 33.642026903485473 ], [ 131.587973826697208, 33.642354409679733 ], [ 131.5811589879454, 33.644861027281173 ], [ 131.581892959641181, 33.645432411940419 ], [ 131.582592699526913, 33.646741437555065 ], [ 131.583333541742036, 33.649191674035485 ], [ 131.583786377373769, 33.651531463514743 ], [ 131.584075175593398, 33.655246480185738 ], [ 131.583773123193282, 33.658531207729062 ], [ 131.583579419381977, 33.659649380511468 ], [ 131.582754593223285, 33.661170229885379 ], [ 131.582629332314639, 33.66180891265671 ], [ 131.582738068845515, 33.662867684133566 ], [ 131.58305075409956, 33.663450343637237 ], [ 131.582682191262279, 33.664306932149245 ], [ 131.583366045863698, 33.666545276077734 ], [ 131.583234200750013, 33.66741293691279 ], [ 131.583392576583208, 33.667941162777964 ], [ 131.585057166189529, 33.667897025858593 ], [ 131.588141642936108, 33.667185799384185 ], [ 131.590497054331564, 33.666952084767715 ], [ 131.590780899364091, 33.666812864110291 ], [ 131.591274586514118, 33.665582222208414 ], [ 131.592505227480927, 33.665461070489762 ], [ 131.594453711353935, 33.664940342478282 ], [ 131.59505924974269, 33.664674736229593 ], [ 131.595715353376733, 33.663844900216397 ], [ 131.595897822843, 33.662971841524424 ], [ 131.595369251995947, 33.661643408104098 ], [ 131.595412873965557, 33.660676475248074 ], [ 131.59524078320041, 33.660018782166922 ], [ 131.595755526513017, 33.658131813809035 ], [ 131.59549292304095, 33.655281871453766 ], [ 131.596271621629541, 33.654017136553833 ], [ 131.599249279526958, 33.646128897706824 ] ] ] } },
{ "type": "Feature", "properties": { "CITY_NAME": "国東市", "S_NAME": "中", "JINKO": 232, "medical_area": "44_東部医療圏", "町丁目名": "国東市中" }, "geometry": { "type": "Polygon", "coordinates": [ [ [ 131.591616235394042, 33.676559617047637 ], [ 131.59349238689606, 33.675647140434563 ], [ 131.593820479815207, 33.675892326602892 ], [ 131.594864735329224, 33.675406717514818 ], [ 131.594726609500015, 33.675212534989726 ], [ 131.595164847009926, 33.674812548928983 ], [ 131.602910685870597, 33.671320655876997 ], [ 131.602378631069996, 33.66955496654775 ], [ 131.601092412542584, 33.667758975677508 ], [ 131.599841938400317, 33.666684711215261 ], [ 131.599067939241735, 33.666330041145279 ], [ 131.597755548673206, 33.66603946655561 ], [ 131.597157056172819, 33.665381872189101 ], [ 131.595846183215684, 33.663374895431595 ], [ 131.595715353376733, 33.663844900216397 ], [ 131.59505924974269, 33.664674736229593 ], [ 131.59301556996698, 33.665353586501702 ], [ 131.591140313467946, 33.665670639916094 ], [ 131.590780899364091, 33.666812864110291 ], [ 131.590497054331564, 33.666952084767715 ], [ 131.588141642936108, 33.667185799384185 ], [ 131.58672522723873, 33.667595701080046 ], [ 131.584205666119971, 33.667922887259842 ], [ 131.584335429009172, 33.668909070590125 ], [ 131.584877609670059, 33.669802994529874 ], [ 131.585009004180876, 33.670580230863436 ], [ 131.585687040422954, 33.671743796240733 ], [ 131.585897824390543, 33.672814757121955 ], [ 131.589733845376031, 33.67439978848904 ], [ 131.591616235394042, 33.676559617047637 ] ] ] } },
{ "type": "Feature", "properties": { "CITY_NAME": "国東市", "S_NAME": "伊美", "JINKO": 849, "medical_area": "44_東部医療圏", "町丁目名": "国東市伊美" }, "geometry": { "type": "Polygon", "coordinates": [ [ [ 131.586558956958527, 33.69173309497549 ], [ 131.586224137161139, 33.690081087006334 ], [ 131.586593029431043, 33.689604140134264 ], [ 131.587276374881014, 33.68937012759563 ], [ 131.58727596144405, 33.689148312342191 ], [ 131.587547260481699, 33.688918862485046 ], [ 131.58734431042933, 33.689366141527898 ], [ 131.587952328262986, 33.689474193285434 ], [ 131.587961902561716, 33.689772604681579 ], [ 131.588311114111406, 33.690211832105248 ], [ 131.589799920651728, 33.690091108818422 ], [ 131.589896035485168, 33.690264637786832 ], [ 131.590142048703854, 33.689332092793663 ], [ 131.591247083141639, 33.68908878605442 ], [ 131.59175318726389, 33.68881044388182 ], [ 131.592789138262361, 33.689344629347559 ], [ 131.593727683540749, 33.689363577298337 ], [ 131.594082990551527, 33.688645059250518 ], [ 131.594693185117023, 33.688444675556148 ], [ 131.594007079698542, 33.688585901183203 ], [ 131.593712866567301, 33.689249181174091 ], [ 131.592612212974956, 33.688871269274735 ], [ 131.593137562173354, 33.687782262910453 ], [ 131.592835324371805, 33.687430242309922 ], [ 131.593044737339596, 33.687296665169228 ], [ 131.593966378524783, 33.688156969568951 ], [ 131.593086618200999, 33.687272162874791 ], [ 131.593871098019548, 33.68684912561568 ], [ 131.595464916132158, 33.68664216915041 ], [ 131.596666811361615, 33.686685955899257 ], [ 131.597360296291811, 33.687614891624158 ], [ 131.598281181771341, 33.687891771169632 ], [ 131.597423534752551, 33.687559570411956 ], [ 131.597035941936895, 33.687033981313867 ], [ 131.597660497341963, 33.686731654518113 ], [ 131.597635212202619, 33.686505447433973 ], [ 131.597336936255431, 33.686265273836142 ], [ 131.596842359189537, 33.686182854163881 ], [ 131.596631684936796, 33.685973815460756 ], [ 131.596952301480172, 33.685703597509992 ], [ 131.597878111377838, 33.686378037336894 ], [ 131.597957345744589, 33.686765365422623 ], [ 131.598359288289856, 33.687330537912054 ], [ 131.598156922686741, 33.687549747507859 ], [ 131.598564345538051, 33.687196127323951 ], [ 131.598704921658253, 33.687247711724233 ], [ 131.59823814069432, 33.686817185942573 ], [ 131.598603813403997, 33.685977925853592 ], [ 131.600588587369202, 33.688390900846677 ], [ 131.602167000199387, 33.688603192887093 ], [ 131.600616341290305, 33.688352869313618 ], [ 131.600187884710721, 33.687849115470151 ], [ 131.600449931754071, 33.687688289444274 ], [ 131.600127400260192, 33.687214663263561 ], [ 131.600589393926526, 33.686803078897761 ], [ 131.600340422684951, 33.68651667670364 ], [ 131.600689488694371, 33.686303931687377 ], [ 131.600918027839953, 33.686287533168894 ], [ 131.601889309005429, 33.687291731922016 ], [ 131.602284397993287, 33.687341223841294 ], [ 131.60185096273662, 33.687206262331877 ], [ 131.602152897119737, 33.687044321494263 ], [ 131.601616423706474, 33.686367036671321 ], [ 131.601299484268708, 33.686546239116261 ], [ 131.601186390879349, 33.686411541589699 ], [ 131.601404806602034, 33.686181468785165 ], [ 131.601147194009997, 33.686361225099269 ], [ 131.600703411601728, 33.685979266159592 ], [ 131.601180818235576, 33.685767797433734 ], [ 131.601448373611163, 33.686084749894086 ], [ 131.601604069616371, 33.686141681901731 ], [ 131.601299778919838, 33.685813214989068 ], [ 131.60220078465332, 33.685553605981468 ], [ 131.603109516927731, 33.685792612448928 ], [ 131.602847914083583, 33.686015714873207 ], [ 131.603137508564828, 33.686247813907528 ], [ 131.603499073419073, 33.685973785014724 ], [ 131.603769107254408, 33.686179844801835 ], [ 131.602691027446241, 33.687027252879538 ], [ 131.602931792201332, 33.686908861195377 ], [ 131.602854357561171, 33.687405147658374 ], [ 131.602998257716763, 33.686851688800076 ], [ 131.603856236365175, 33.686149621605736 ], [ 131.60594644494941, 33.686903099190701 ], [ 131.60733504869512, 33.686967483634284 ], [ 131.607755194919491, 33.686739083996528 ], [ 131.607769493386428, 33.686165543976763 ], [ 131.607145755881618, 33.685504136941702 ], [ 131.607201869509936, 33.684896999997719 ], [ 131.607922598010845, 33.684623866809673 ], [ 131.609066386029156, 33.683928452074781 ], [ 131.607184468238501, 33.68487278423386 ], [ 131.607026865005139, 33.684244158066925 ], [ 131.606298453112942, 33.683420962882487 ], [ 131.605764961267028, 33.681780730824599 ], [ 131.60586097877939, 33.680860565128427 ], [ 131.605346397425421, 33.680534902604002 ], [ 131.605865954418618, 33.68080101642888 ], [ 131.606234386602807, 33.679815549899324 ], [ 131.606882806187571, 33.679389424865022 ], [ 131.605468210372692, 33.677599102663372 ], [ 131.60345655146557, 33.674166029503034 ], [ 131.603165491941326, 33.673325368363258 ], [ 131.602910685870597, 33.671320655876997 ], [ 131.595164847009926, 33.674812548928983 ], [ 131.594726609500015, 33.675212534989726 ], [ 131.594864735329224, 33.675406717514818 ], [ 131.593820479815207, 33.675892326602892 ], [ 131.59349238689606, 33.675647140434563 ], [ 131.591616235394042, 33.676559617047637 ], [ 131.589733845376031, 33.67439978848904 ], [ 131.585897824390543, 33.672814757121955 ], [ 131.585925903564942, 33.674405837430783 ], [ 131.585099059724229, 33.675727299329175 ], [ 131.582228385303011, 33.677955729954732 ], [ 131.581587886594662, 33.678855254063727 ], [ 131.581203299165253, 33.679114094523847 ], [ 131.577158843763101, 33.680359065262429 ], [ 131.574060915095174, 33.681594889848746 ], [ 131.574510046775401, 33.682001232128499 ], [ 131.574682819498122, 33.68251803828624 ], [ 131.574150269374371, 33.684495127298526 ], [ 131.573797449704358, 33.685127003598517 ], [ 131.573718354986397, 33.685719713375676 ], [ 131.57360932416529, 33.68570852548293 ], [ 131.573554647009701, 33.686728563215325 ], [ 131.574404464420439, 33.687194399341891 ], [ 131.57447176291484, 33.687903640362336 ], [ 131.574679161724362, 33.688272353578149 ], [ 131.575350238689055, 33.688463094779365 ], [ 131.5747133074386, 33.688218096618435 ], [ 131.574480940502383, 33.687176012131047 ], [ 131.574609262961616, 33.687173587144436 ], [ 131.574630713040705, 33.687477369136403 ], [ 131.575592689768229, 33.687455719439271 ], [ 131.575601581994647, 33.687815490709411 ], [ 131.575792209109721, 33.687287988787794 ], [ 131.575855307072516, 33.687531139786373 ], [ 131.576842401046918, 33.688202784501676 ], [ 131.5774364820399, 33.689132375295323 ], [ 131.578238331800151, 33.68999780946131 ], [ 131.579535926998005, 33.69015672212111 ], [ 131.581631071540414, 33.691811356715839 ], [ 131.582494746205697, 33.692245513307171 ], [ 131.583691955219336, 33.691748486351237 ], [ 131.584833214905842, 33.692068612562785 ], [ 131.585711193284055, 33.692540495994308 ], [ 131.58640084895282, 33.692115282220314 ], [ 131.586558956958527, 33.69173309497549 ] ] ] } },
{ "type": "Feature", "properties": { "CITY_NAME": "国東市", "S_NAME": "櫛来", "JINKO": 309, "medical_area": "44_東部医療圏", "町丁目名": "国東市櫛来" }, "geometry": { "type": "Polygon", "coordinates": [ [ [ 131.619076742362722, 33.680655178286706 ], [ 131.621147430580095, 33.676512751382077 ], [ 131.621649187285811, 33.675044942550031 ], [ 131.622051572306731, 33.673510007011295 ], [ 131.622273231569096, 33.671840731334385 ], [ 131.621386998439533, 33.667329095899717 ], [ 131.620670823701005, 33.665213626271111 ], [ 131.619970078433397, 33.663992347514352 ], [ 131.61880920899705, 33.662510331784759 ], [ 131.617151994625743, 33.660722658104582 ], [ 131.617090020326629, 33.65959580120596 ], [ 131.618083010251439, 33.656472379863992 ], [ 131.619179509418387, 33.654002219150598 ], [ 131.619314945032585, 33.652844369136496 ], [ 131.618562305196605, 33.650901090006734 ], [ 131.616205687484211, 33.646495211174013 ], [ 131.614640465142969, 33.642437785762858 ], [ 131.613073204645247, 33.639334640656315 ], [ 131.610607549746561, 33.636205824792199 ], [ 131.60912433200923, 33.634800404442672 ], [ 131.607318956481009, 33.633561942355165 ], [ 131.603938869339601, 33.631660382448253 ], [ 131.601841283002472, 33.635980180009383 ], [ 131.600640891533601, 33.638881765414844 ], [ 131.600220855747352, 33.640296391820101 ], [ 131.599745634241742, 33.644120918230847 ], [ 131.599249279526958, 33.646128897706824 ], [ 131.596271621629541, 33.654017136553833 ], [ 131.59549292304095, 33.655281871453766 ], [ 131.595755526513017, 33.658131813809035 ], [ 131.59524078320041, 33.660018782166922 ], [ 131.595412873965557, 33.660676475248074 ], [ 131.595369251995947, 33.661643408104098 ], [ 131.595742582145675, 33.662328092516503 ], [ 131.595846183215684, 33.663374895431595 ], [ 131.597157056172819, 33.665381872189101 ], [ 131.597755548673206, 33.66603946655561 ], [ 131.599067939241735, 33.666330041145279 ], [ 131.60039547763418, 33.667040446736699 ], [ 131.602143006165051, 33.66913626620957 ], [ 131.6027280904446, 33.670495311614928 ], [ 131.603165491941326, 33.673325368363258 ], [ 131.60345655146557, 33.674166029503034 ], [ 131.605468210372692, 33.677599102663372 ], [ 131.606882806187571, 33.679389424865022 ], [ 131.607196131647669, 33.678543983998658 ], [ 131.61179174222039, 33.676885587225094 ], [ 131.612154651809362, 33.677270659541634 ], [ 131.611832571423093, 33.676862842960013 ], [ 131.61195633682658, 33.676522342726685 ], [ 131.611440666211394, 33.675276086482775 ], [ 131.612030815270032, 33.675311903014382 ], [ 131.612999729047658, 33.677056331891052 ], [ 131.613606259114704, 33.677112841030528 ], [ 131.615076312861959, 33.676374250796584 ], [ 131.615362157217447, 33.675771453243733 ], [ 131.615565232428025, 33.675816368839016 ], [ 131.615669015241053, 33.675701382232141 ], [ 131.615415730941521, 33.675722439465211 ], [ 131.616163600659547, 33.674887410165503 ], [ 131.617190630100254, 33.674484625779243 ], [ 131.616417094268627, 33.67504393593984 ], [ 131.616638993832083, 33.67515912822055 ], [ 131.616960832554867, 33.675075452472186 ], [ 131.617443666751512, 33.675332759241329 ], [ 131.617504516276085, 33.675547940642147 ], [ 131.617302350968885, 33.675483087238639 ], [ 131.617550997615666, 33.675715431435101 ], [ 131.617907738955068, 33.676891168542703 ], [ 131.617722001451256, 33.67746381334068 ], [ 131.616616303970233, 33.677426023782743 ], [ 131.6165698016801, 33.678012341195704 ], [ 131.615850586895959, 33.678786857047129 ], [ 131.616487145993801, 33.678219221928963 ], [ 131.616566949542232, 33.67852271287839 ], [ 131.616629467985916, 33.677913775632653 ], [ 131.616972425050619, 33.677912976420203 ], [ 131.61696687381226, 33.678038322097635 ], [ 131.617190146840301, 33.678043543864753 ], [ 131.617137762408305, 33.67886791347329 ], [ 131.616481638368953, 33.678806246197105 ], [ 131.616518856322784, 33.679039575719095 ], [ 131.615684315504296, 33.67922048434572 ], [ 131.616779920565222, 33.679044611474396 ], [ 131.617971718120259, 33.680116130982483 ], [ 131.619076742362722, 33.680655178286706 ] ] ] } },
{ "type": "Feature", "properties": { "CITY_NAME": "国東市", "S_NAME": "岐部", "JINKO": 437, "medical_area": "44_東部医療圏", "町丁目名": "国東市岐部" }, "geometry": { "type": "Polygon", "coordinates": [ [ [ 131.631178681530542, 33.682436838556811 ], [ 131.632134265006101, 33.681548319005756 ], [ 131.633303372802317, 33.68162537584994 ], [ 131.634173877940498, 33.682157323101109 ], [ 131.635031560883448, 33.68204922088055 ], [ 131.635761690670563, 33.68218972929067 ], [ 131.636526363111756, 33.681894580477653 ], [ 131.638010548070781, 33.680895940000745 ], [ 131.638348667019528, 33.679650818126952 ], [ 131.638342867975069, 33.678431845263674 ], [ 131.639041735429174, 33.676684361534747 ], [ 131.639352926390899, 33.676473609074257 ], [ 131.640200036014704, 33.676249229230734 ], [ 131.640885663896, 33.676359226934132 ], [ 131.641199306824888, 33.676627252336708 ], [ 131.640826868807011, 33.676724704786992 ], [ 131.641393977128189, 33.676848910257242 ], [ 131.641662203120575, 33.677240656032843 ], [ 131.642152817737582, 33.677518537017257 ], [ 131.642391000582393, 33.677206225559061 ], [ 131.643754177413712, 33.676921373838475 ], [ 131.643971361145077, 33.676251253121471 ], [ 131.643587730367187, 33.676869974155053 ], [ 131.64252074510506, 33.67710904430708 ], [ 131.642360296325336, 33.6764138383637 ], [ 131.642062604708087, 33.674086353639446 ], [ 131.642412613354196, 33.673585944200184 ], [ 131.642313647098348, 33.673476427349989 ], [ 131.642803410261848, 33.673642519525949 ], [ 131.642925716231929, 33.673559817870029 ], [ 131.642975357994715, 33.673420717806685 ], [ 131.642844979600312, 33.673579186958058 ], [ 131.642533857936087, 33.673507756748457 ], [ 131.64251756734609, 33.673197684079405 ], [ 131.64301599953393, 33.672649585984978 ], [ 131.643101697340114, 33.672861030338865 ], [ 131.643170307432314, 33.672661391992143 ], [ 131.64598964001857, 33.672283341587352 ], [ 131.647343956862244, 33.672981309880861 ], [ 131.647710447709585, 33.673964944768031 ], [ 131.648221099266181, 33.674470788746746 ], [ 131.648552884672057, 33.674566397424265 ], [ 131.647868764943297, 33.672545127304225 ], [ 131.646994858774349, 33.670966519616307 ], [ 131.644733750427946, 33.667583583139297 ], [ 131.644022978810796, 33.66568555580352 ], [ 131.642939253756623, 33.664912879911697 ], [ 131.642509651447881, 33.664362421306343 ], [ 131.64224668270856, 33.663091950931872 ], [ 131.642274126135135, 33.661910769962127 ], [ 131.640220819764465, 33.660937196432414 ], [ 131.639159788809422, 33.659473958703671 ], [ 131.638631135487373, 33.658992185410931 ], [ 131.636941057093367, 33.658152984708977 ], [ 131.635846125646935, 33.65699272192807 ], [ 131.634674495339851, 33.65628107011144 ], [ 131.632771178650955, 33.652452041954263 ], [ 131.630069343111558, 33.647768987094423 ], [ 131.628342300734857, 33.64510862019511 ], [ 131.627494719046467, 33.643148692339146 ], [ 131.627459334515834, 33.641754877480281 ], [ 131.62847690406943, 33.640181444429153 ], [ 131.629741333488568, 33.63869655911877 ], [ 131.632110394378202, 33.636682912560815 ], [ 131.63412890622385, 33.63561243328796 ], [ 131.632775334971228, 33.635446989907884 ], [ 131.631700706522537, 33.635007497412793 ], [ 131.63149436198546, 33.634450789298093 ], [ 131.630878221601449, 33.634209496961041 ], [ 131.630538621714066, 33.633872823627314 ], [ 131.630491440446974, 33.633055229544787 ], [ 131.62907735726904, 33.632291571847908 ], [ 131.627706408461279, 33.63230479938025 ], [ 131.627344160739483, 33.631943151080357 ], [ 131.626674417570428, 33.630505079084436 ], [ 131.625533890171624, 33.629743088908342 ], [ 131.62479228137579, 33.628719072321054 ], [ 131.623366446571339, 33.628387776207113 ], [ 131.621971324634671, 33.628679939930272 ], [ 131.621206563780646, 33.62807276113498 ], [ 131.620524888331943, 33.628088716019697 ], [ 131.61990594309728, 33.627440017174301 ], [ 131.61896071096362, 33.627263003933116 ], [ 131.618501502122115, 33.626428657197721 ], [ 131.617134686713769, 33.625965412750745 ], [ 131.616526598038519, 33.625257115526836 ], [ 131.61499636847978, 33.624989007409141 ], [ 131.614190449753551, 33.624378819659256 ], [ 131.613604844129469, 33.624199977859796 ], [ 131.612817344294569, 33.623542703029585 ], [ 131.61231582409971, 33.623601535102182 ], [ 131.611801307167781, 33.623942550597853 ], [ 131.611598613308388, 33.623880856528629 ], [ 131.610469824869256, 33.623159454148812 ], [ 131.610396226051023, 33.622818240869265 ], [ 131.609638145869809, 33.622608880904536 ], [ 131.60886817383718, 33.621779116598191 ], [ 131.608013657967803, 33.621701874034876 ], [ 131.606632773543879, 33.620815562775896 ], [ 131.605935462278495, 33.620724929617054 ], [ 131.604296979527874, 33.619949526619443 ], [ 131.603435342419118, 33.619928641017765 ], [ 131.603026884755167, 33.619360325295816 ], [ 131.602051820112962, 33.620135911525907 ], [ 131.601832536196071, 33.620483201231295 ], [ 131.601726715412866, 33.621207021997961 ], [ 131.603697440716047, 33.624576094700842 ], [ 131.604188657082119, 33.625603011012139 ], [ 131.604251564264644, 33.6261467339584 ], [ 131.603040031607264, 33.627280418128549 ], [ 131.602404972491541, 33.628228636219788 ], [ 131.602315135740042, 33.629349248727408 ], [ 131.602432884775567, 33.630229558095159 ], [ 131.602757820331306, 33.63082307618194 ], [ 131.603346950516368, 33.631292809982497 ], [ 131.608473736088911, 33.63426260378634 ], [ 131.609955874570971, 33.63551771350847 ], [ 131.612293095910246, 33.638271423098921 ], [ 131.613901450865882, 33.640840911813541 ], [ 131.616205687484211, 33.646495211174013 ], [ 131.618562305196605, 33.650901090006734 ], [ 131.619314945032585, 33.652844369136496 ], [ 131.619179509418387, 33.654002219150598 ], [ 131.618083010251439, 33.656472379863992 ], [ 131.617090020326629, 33.65959580120596 ], [ 131.617151994625743, 33.660722658104582 ], [ 131.61880920899705, 33.662510331784759 ], [ 131.619970078433397, 33.663992347514352 ], [ 131.620670823701005, 33.665213626271111 ], [ 131.621386998439533, 33.667329095899717 ], [ 131.622273231569096, 33.671840731334385 ], [ 131.622051572306731, 33.673510007011295 ], [ 131.621147430580095, 33.676512751382077 ], [ 131.619076742362722, 33.680655178286706 ], [ 131.619749619065601, 33.680788880461975 ], [ 131.620448381166767, 33.68047246262141 ], [ 131.623427219142798, 33.677330505397485 ], [ 131.624714595743001, 33.677290603888075 ], [ 131.623529498854452, 33.677160431691213 ], [ 131.623721840666462, 33.676615783249943 ], [ 131.62384805583315, 33.67661606098897 ], [ 131.623522533243317, 33.676492387399769 ], [ 131.623850039918921, 33.676447410369384 ], [ 131.623747240627864, 33.675797812891851 ], [ 131.623885293891306, 33.675202930582145 ], [ 131.624345442144886, 33.674707433080584 ], [ 131.625200321381897, 33.675111533847115 ], [ 131.625430003182402, 33.674658620183095 ], [ 131.625115571761711, 33.675025388430043 ], [ 131.624360280964851, 33.67467396923211 ], [ 131.624551012870256, 33.674351079575537 ], [ 131.629817095979462, 33.674370319962819 ], [ 131.629869862287705, 33.674512555554479 ], [ 131.629866077660296, 33.674288003816407 ], [ 131.624552900699712, 33.674315003313815 ], [ 131.624563796716842, 33.674178852704536 ], [ 131.628776420996616, 33.674225934692601 ], [ 131.629168303919016, 33.673836221425795 ], [ 131.629205237397002, 33.672983958907622 ], [ 131.629590921579933, 33.673230866809504 ], [ 131.628940755670726, 33.671614774176319 ], [ 131.625353162524618, 33.67164116994671 ], [ 131.625355899554108, 33.671425601127289 ], [ 131.628915296880024, 33.671375116994291 ], [ 131.628694118881043, 33.670172518740486 ], [ 131.627664327984945, 33.670179519429837 ], [ 131.626687805543042, 33.669649819198398 ], [ 131.625720082939125, 33.669443749281662 ], [ 131.625697385838777, 33.669287833869966 ], [ 131.6254421867107, 33.669192689837445 ], [ 131.625930731467378, 33.669343498132775 ], [ 131.626071368123576, 33.668516843645143 ], [ 131.626015993217749, 33.66935567629249 ], [ 131.626729397908093, 33.66958825128998 ], [ 131.627763342709216, 33.670153798116665 ], [ 131.62871088726078, 33.670109316701129 ], [ 131.628567964777432, 33.669976415085827 ], [ 131.628737300974223, 33.669976469259225 ], [ 131.630466645041537, 33.671905457293185 ], [ 131.630753467345471, 33.67146041451376 ], [ 131.630661851984343, 33.670727786697739 ], [ 131.630875618104653, 33.671499450684053 ], [ 131.630543981039978, 33.672008753861469 ], [ 131.630717788621467, 33.672147483271772 ], [ 131.630742151444565, 33.67290003858966 ], [ 131.630185334298034, 33.674886897928822 ], [ 131.630448245167628, 33.67633096599603 ], [ 131.630270834436431, 33.677438173364344 ], [ 131.630520675520245, 33.679371456173143 ], [ 131.630247998315582, 33.679784444628858 ], [ 131.630276646704544, 33.680160247585462 ], [ 131.630696330500371, 33.680627883056033 ], [ 131.630464886044507, 33.680785588601523 ], [ 131.630814542448576, 33.681008723044485 ], [ 131.630846657996159, 33.681420576163411 ], [ 131.630708883387399, 33.681609712980467 ], [ 131.630412125815667, 33.681586928078424 ], [ 131.630592609701267, 33.681783455435394 ], [ 131.63020891087956, 33.682115437754888 ], [ 131.630453637643001, 33.68224760460474 ], [ 131.630633805307667, 33.682106010172951 ], [ 131.631178681530542, 33.682436838556811 ] ] ] } },
{ "type": "Feature", "properties": { "CITY_NAME": "国東市", "S_NAME": "小熊毛", "JINKO": 228, "medical_area": "44_東部医療圏", "町丁目名": "国東市小熊毛" }, "geometry": { "type": "Polygon", "coordinates": [ [ [ 131.649418619577801, 33.672672871696534 ], [ 131.650189866277884, 33.672552514793651 ], [ 131.651052948080348, 33.672170187331844 ], [ 131.652044514437847, 33.671097405335544 ], [ 131.650998873918269, 33.672149690809718 ], [ 131.650134465630089, 33.672501382544169 ], [ 131.649281330828074, 33.672627594178998 ], [ 131.648930856589601, 33.672050613836994 ], [ 131.64852550705416, 33.671923762044273 ], [ 131.647213928848771, 33.669586323986763 ], [ 131.646351499701609, 33.668399307574788 ], [ 131.646144536048325, 33.667040219366619 ], [ 131.646182107849341, 33.666583838718942 ], [ 131.646609988330368, 33.665689801833501 ], [ 131.646949259086881, 33.665349903726664 ], [ 131.647449652111362, 33.665213867321121 ], [ 131.647067389111186, 33.665285323841559 ], [ 131.646847403634979, 33.664561483137412 ], [ 131.64711398184042, 33.662491410185552 ], [ 131.647222396752426, 33.662372991634548 ], [ 131.647526315148269, 33.662494040939727 ], [ 131.648689072730008, 33.662403199443254 ], [ 131.649142345119003, 33.662164553941935 ], [ 131.64805460368342, 33.659419278283501 ], [ 131.647017713253575, 33.658011001457375 ], [ 131.646201826899386, 33.656374661649068 ], [ 131.645075820634531, 33.654974789082168 ], [ 131.642232425069807, 33.652765994793825 ], [ 131.641372245058449, 33.651617522115878 ], [ 131.640888291504382, 33.650304091068385 ], [ 131.640359773000057, 33.646219175425578 ], [ 131.639852797931297, 33.644360700783665 ], [ 131.638975274268176, 33.6422742098501 ], [ 131.637602673907594, 33.640262327958254 ], [ 131.635220785528332, 33.63874230375729 ], [ 131.63412890622385, 33.63561243328796 ], [ 131.633489013119089, 33.635855706398367 ], [ 131.632110394378202, 33.636682912560815 ], [ 131.629741333488568, 33.63869655911877 ], [ 131.627846056935851, 33.641108716847079 ], [ 131.627459334515834, 33.641754877480281 ], [ 131.627389636760569, 33.642589487357917 ], [ 131.627932421671289, 33.644308145505185 ], [ 131.632771178650955, 33.652452041954263 ], [ 131.634674495339851, 33.65628107011144 ], [ 131.635846125646935, 33.65699272192807 ], [ 131.636941057093367, 33.658152984708977 ], [ 131.638631135487373, 33.658992185410931 ], [ 131.639159788809422, 33.659473958703671 ], [ 131.640220819764465, 33.660937196432414 ], [ 131.642274126135135, 33.661910769962127 ], [ 131.64224668270856, 33.663091950931872 ], [ 131.642509651447881, 33.664362421306343 ], [ 131.642939253756623, 33.664912879911697 ], [ 131.644022978810796, 33.66568555580352 ], [ 131.644733750427946, 33.667583583139297 ], [ 131.646994858774349, 33.670966519616307 ], [ 131.647868764943297, 33.672545127304225 ], [ 131.648552884672057, 33.674566397424265 ], [ 131.648899050363127, 33.674276964433453 ], [ 131.649180374969546, 33.672966247186167 ], [ 131.649418619577801, 33.672672871696534 ] ] ] } },
{ "type": "Feature", "properties": { "CITY_NAME": "国東市", "S_NAME": "大熊毛", "JINKO": 259, "medical_area": "44_東部医療圏", "町丁目名": "国東市大熊毛" }, "geometry": { "type": "Polygon", "coordinates": [ [ [ 131.661673237964862, 33.670235557608407 ], [ 131.662175175112367, 33.670020133472946 ], [ 131.662699338259472, 33.66960523766658 ], [ 131.661734092716529, 33.670156830812402 ], [ 131.661193545879939, 33.66969804685818 ], [ 131.661506958436377, 33.66922123627559 ], [ 131.660878225919902, 33.669215584456005 ], [ 131.66088336052843, 33.669038818698475 ], [ 131.660988840358272, 33.668874123630815 ], [ 131.661310944876732, 33.669114931771844 ], [ 131.661071833368425, 33.66887008759339 ], [ 131.661152929314369, 33.668618104679268 ], [ 131.661987020641078, 33.66798247670841 ], [ 131.662311729034201, 33.667996937688166 ], [ 131.662979923658895, 33.667525407387814 ], [ 131.663459256731528, 33.667457040393401 ], [ 131.664168016722186, 33.66777599952264 ], [ 131.664947505515869, 33.668461576162407 ], [ 131.665525215591174, 33.668564832107428 ], [ 131.665872664829323, 33.668310495565592 ], [ 131.665282822534493, 33.667895317879349 ], [ 131.665386496459718, 33.66763419477477 ], [ 131.665165682636257, 33.66710248852236 ], [ 131.66460984255238, 33.66662133022664 ], [ 131.663995072344591, 33.665338855871298 ], [ 131.664265764940382, 33.664782880305772 ], [ 131.664930187344225, 33.664247327667375 ], [ 131.664849799981482, 33.663888856273445 ], [ 131.665328281148959, 33.663997228542279 ], [ 131.665128775415923, 33.664273308717007 ], [ 131.66557966238679, 33.664150916914124 ], [ 131.666379104978574, 33.664488393690661 ], [ 131.665975685560369, 33.664889060268969 ], [ 131.665839836190059, 33.665172053447357 ], [ 131.66646810700837, 33.664422967153484 ], [ 131.666756102307318, 33.664435854191957 ], [ 131.667003704732167, 33.664241575866512 ], [ 131.667135539727894, 33.663303138524107 ], [ 131.666753968473273, 33.662342183787878 ], [ 131.667012132777472, 33.661983718837753 ], [ 131.666349238465472, 33.660195737262086 ], [ 131.667244658305805, 33.658441681852246 ], [ 131.668134787333173, 33.657408061984007 ], [ 131.669000268575331, 33.656805604663852 ], [ 131.670067189966403, 33.657437257815026 ], [ 131.669977787015796, 33.657591025134032 ], [ 131.670350815578303, 33.65800285058549 ], [ 131.670026290606245, 33.657589000556726 ], [ 131.670092832090631, 33.657409152605489 ], [ 131.668249406022852, 33.656331786158965 ], [ 131.667773175021381, 33.65693481122748 ], [ 131.666105222342878, 33.656794193374779 ], [ 131.666880459179481, 33.656798114288918 ], [ 131.667007693728152, 33.656519672260586 ], [ 131.668311500807505, 33.655996004863461 ], [ 131.669442475629609, 33.65668867175944 ], [ 131.66945035184159, 33.656868045272219 ], [ 131.671224039795419, 33.657568975848442 ], [ 131.671247315367822, 33.6579303596749 ], [ 131.670726726438573, 33.658367816737858 ], [ 131.671304579379949, 33.657944489858494 ], [ 131.671280326640272, 33.657598397895711 ], [ 131.67149568567865, 33.657562077142501 ], [ 131.67117988386812, 33.656373809587926 ], [ 131.670362423070372, 33.65508506418017 ], [ 131.669293270628771, 33.654009498628163 ], [ 131.666724141628293, 33.652095029864398 ], [ 131.6652608080731, 33.651682869419872 ], [ 131.662296022633939, 33.65121521006531 ], [ 131.658531651972282, 33.650815209297512 ], [ 131.654173531536259, 33.64912878708811 ], [ 131.65227198983672, 33.647907922322837 ], [ 131.651177123071847, 33.646770690655529 ], [ 131.650831587353053, 33.645863941722396 ], [ 131.648842393690273, 33.635400716971809 ], [ 131.646895769875016, 33.635825458366135 ], [ 131.64640109745892, 33.635617564126299 ], [ 131.645903052946949, 33.635087764909066 ], [ 131.644960343868547, 33.634763647305547 ], [ 131.644061969073505, 33.634856095151505 ], [ 131.642345335413125, 33.634739629209712 ], [ 131.641521309412354, 33.634251936233447 ], [ 131.640913577470826, 33.633631534342051 ], [ 131.640380464364455, 33.633471362539858 ], [ 131.638354026356694, 33.634008240080767 ], [ 131.637847926579809, 33.634462098488108 ], [ 131.637021419154905, 33.634651263669767 ], [ 131.636477239467496, 33.63503008240496 ], [ 131.635361538917749, 33.635117244227104 ], [ 131.634608268539637, 33.635591167413622 ], [ 131.63412890622385, 33.63561243328796 ], [ 131.635220785528332, 33.63874230375729 ], [ 131.637602673907594, 33.640262327958254 ], [ 131.638975274268176, 33.6422742098501 ], [ 131.639852797931297, 33.644360700783665 ], [ 131.640359773000057, 33.646219175425578 ], [ 131.640888291504382, 33.650304091068385 ], [ 131.641372245058449, 33.651617522115878 ], [ 131.642232425069807, 33.652765994793825 ], [ 131.645075820634531, 33.654974789082168 ], [ 131.646201826899386, 33.656374661649068 ], [ 131.647017713253575, 33.658011001457375 ], [ 131.647900472111729, 33.659113240041663 ], [ 131.649142345119003, 33.662164553941935 ], [ 131.649277130984018, 33.661878976977498 ], [ 131.651829386218452, 33.660305661187657 ], [ 131.651981153801955, 33.659989278499772 ], [ 131.65193323121548, 33.659638728343531 ], [ 131.651256433332151, 33.658253737395221 ], [ 131.652036420085068, 33.659309076968597 ], [ 131.652402848593312, 33.65928643356051 ], [ 131.652829069901543, 33.65989731251215 ], [ 131.653087311092065, 33.661966177774339 ], [ 131.652753078555435, 33.661830863018551 ], [ 131.652693540610386, 33.661515596028259 ], [ 131.65186984989424, 33.662096092155423 ], [ 131.652150087059312, 33.662226270291235 ], [ 131.652614320556239, 33.663585327010423 ], [ 131.65415069597762, 33.666270490480301 ], [ 131.65876147795808, 33.668518172421223 ], [ 131.660562482223241, 33.669668948179968 ], [ 131.66085223821301, 33.669766581168133 ], [ 131.660919607366878, 33.669548062524584 ], [ 131.661413650961435, 33.669990824318212 ], [ 131.66083235398051, 33.669843328596372 ], [ 131.660864155880347, 33.670052372645728 ], [ 131.661299339361022, 33.670416131154013 ], [ 131.66174843092972, 33.670477757152952 ], [ 131.661673237964862, 33.670235557608407 ] ] ] } },
{ "type": "Feature", "properties": { "CITY_NAME": "国東市", "S_NAME": "向田", "JINKO": 153, "medical_area": "44_東部医療圏", "町丁目名": "国東市向田" }, "geometry": { "type": "Polygon", "coordinates": [ [ [ 131.672444414054468, 33.654502958237074 ], [ 131.672981979318678, 33.654583929720189 ], [ 131.673012890053371, 33.654399765932254 ], [ 131.672654136137851, 33.654295351008145 ], [ 131.672758086636691, 33.653247024093815 ], [ 131.672612894194174, 33.652600450983314 ], [ 131.673197329250684, 33.651087905124314 ], [ 131.674812225091898, 33.648999859196948 ], [ 131.675167831480536, 33.648703961980509 ], [ 131.675610625998246, 33.648803473004008 ], [ 131.674909132582997, 33.648569208706945 ], [ 131.674948969615201, 33.648288631009137 ], [ 131.675117085410619, 33.648143447502278 ], [ 131.676239370672278, 33.648415915619445 ], [ 131.676018371401995, 33.649105979018991 ], [ 131.676427441021104, 33.649442780730901 ], [ 131.676076851323302, 33.649141725755122 ], [ 131.676279332244746, 33.648566231138403 ], [ 131.677291230067425, 33.648922273835247 ], [ 131.676919657093862, 33.649657400624143 ], [ 131.677547578669476, 33.64861705140919 ], [ 131.67654686724245, 33.648172545084385 ], [ 131.676814279142519, 33.64790333172018 ], [ 131.676840009787895, 33.646924888262078 ], [ 131.677354263410166, 33.646100644646552 ], [ 131.678726499848921, 33.644512393206895 ], [ 131.677141032118499, 33.644104208267933 ], [ 131.675997483878547, 33.643060454114689 ], [ 131.674580141787516, 33.642380538494699 ], [ 131.673151716891027, 33.640945314955722 ], [ 131.67266937595727, 33.640677231352903 ], [ 131.671473255414639, 33.640583285285182 ], [ 131.66868220294316, 33.639779807117598 ], [ 131.667942373416508, 33.639286060955087 ], [ 131.667474777905085, 33.639233994464853 ], [ 131.666288362031537, 33.638696789868618 ], [ 131.66570002904561, 33.638215315491763 ], [ 131.665114017997553, 33.638035109081208 ], [ 131.664823161319731, 33.638224401693293 ], [ 131.663729131497092, 33.637381518435078 ], [ 131.662080696529529, 33.637143315654157 ], [ 131.661692660853475, 33.636491616563347 ], [ 131.660384271971395, 33.635984315963924 ], [ 131.659108965221549, 33.636115237636815 ], [ 131.658435173337551, 33.636536193672917 ], [ 131.657649214012963, 33.636333485972628 ], [ 131.655809238723521, 33.636364528770734 ], [ 131.653847622266937, 33.635639572206983 ], [ 131.653242702685134, 33.635637978930738 ], [ 131.652867906986756, 33.635046485485177 ], [ 131.65252194700787, 33.635240334209918 ], [ 131.650642078926268, 33.635506997788141 ], [ 131.649309559069223, 33.635293024521623 ], [ 131.648842393690273, 33.635400716971809 ], [ 131.650831587353053, 33.645863941722396 ], [ 131.651177123071847, 33.646770690655529 ], [ 131.65227198983672, 33.647907922322837 ], [ 131.654173531536259, 33.64912878708811 ], [ 131.658531651972282, 33.650815209297512 ], [ 131.662296022633939, 33.65121521006531 ], [ 131.6652608080731, 33.651682869419872 ], [ 131.666724141628293, 33.652095029864398 ], [ 131.669293270628771, 33.654009498628163 ], [ 131.670362423070372, 33.65508506418017 ], [ 131.67117988386812, 33.656373809587926 ], [ 131.67149568567865, 33.657562077142501 ], [ 131.671999884271372, 33.656956982559223 ], [ 131.672041376483492, 33.655219296399494 ], [ 131.672444414054468, 33.654502958237074 ] ] ] } },
{ "type": "Feature", "properties": { "CITY_NAME": "国東市", "S_NAME": "岩戸寺", "JINKO": 82, "medical_area": "44_東部医療圏", "町丁目名": "国東市岩戸寺" }, "geometry": { "type": "Polygon", "coordinates": [ [ [ 131.62788655594656, 33.632353969501729 ], [ 131.628892899129738, 33.63226355864667 ], [ 131.629156297215957, 33.62931899869502 ], [ 131.629784298648076, 33.628407243527633 ], [ 131.629868006863376, 33.62781756996759 ], [ 131.630167984860634, 33.627475036270617 ], [ 131.631581304116111, 33.627122251585284 ], [ 131.632816697357356, 33.624097011555811 ], [ 131.634798770113321, 33.625016777422154 ], [ 131.635009966495318, 33.624742659328156 ], [ 131.63539039426189, 33.624598767896167 ], [ 131.633069339983848, 33.622695823599209 ], [ 131.633010827079062, 33.622443375088388 ], [ 131.633522952895277, 33.620895889739387 ], [ 131.633744852797719, 33.620427932031433 ], [ 131.634171288068302, 33.620048742917561 ], [ 131.635693481491046, 33.616597650235214 ], [ 131.632984287285893, 33.615627452846482 ], [ 131.629874841438948, 33.615242772902747 ], [ 131.62493339500358, 33.611951736973808 ], [ 131.622897259730564, 33.609778419716925 ], [ 131.621420777092027, 33.6087923129842 ], [ 131.619919797086823, 33.607335824488601 ], [ 131.617164562163822, 33.605309352422815 ], [ 131.615167558141536, 33.604354783502075 ], [ 131.614617672898675, 33.604742551969778 ], [ 131.613523780969814, 33.60448832319571 ], [ 131.612853889303636, 33.603816093201985 ], [ 131.612079410970807, 33.602308018303944 ], [ 131.609698625242544, 33.600759818408179 ], [ 131.608215287064525, 33.600034083168531 ], [ 131.605315422921393, 33.599123235589012 ], [ 131.604901208541662, 33.599647441444304 ], [ 131.603542891766494, 33.599521208081427 ], [ 131.603001960335376, 33.599661271887143 ], [ 131.602569650398408, 33.600073344212397 ], [ 131.601920396324175, 33.601171158209716 ], [ 131.600431496017279, 33.602744851849678 ], [ 131.600188779241194, 33.60327278627355 ], [ 131.598823411163664, 33.60371907863162 ], [ 131.598168080391474, 33.604342898891304 ], [ 131.598457195410219, 33.605392702400543 ], [ 131.599117099604456, 33.606225448607674 ], [ 131.599301539940569, 33.607170375904758 ], [ 131.600323687319275, 33.60893577491607 ], [ 131.599797650808654, 33.610049037028652 ], [ 131.599161097405414, 33.610624654275313 ], [ 131.598394988920859, 33.612259002979535 ], [ 131.597092357974276, 33.613886728477233 ], [ 131.598729474055943, 33.616292708521961 ], [ 131.59948069531427, 33.616854811301792 ], [ 131.600197044384572, 33.617128472889192 ], [ 131.600288132118436, 33.617636417078138 ], [ 131.600765687860729, 33.61820441059465 ], [ 131.602592556289892, 33.618745219623371 ], [ 131.60330006277718, 33.619860406183726 ], [ 131.604296979527874, 33.619949526619443 ], [ 131.605935462278495, 33.620724929617054 ], [ 131.606632773543879, 33.620815562775896 ], [ 131.608013657967803, 33.621701874034876 ], [ 131.60886817383718, 33.621779116598191 ], [ 131.609638145869809, 33.622608880904536 ], [ 131.610396226051023, 33.622818240869265 ], [ 131.610469824869256, 33.623159454148812 ], [ 131.611598613308388, 33.623880856528629 ], [ 131.611801307167781, 33.623942550597853 ], [ 131.61231582409971, 33.623601535102182 ], [ 131.612817344294569, 33.623542703029585 ], [ 131.613604844129469, 33.624199977859796 ], [ 131.614190449753551, 33.624378819659256 ], [ 131.61499636847978, 33.624989007409141 ], [ 131.616346159520447, 33.625170312623197 ], [ 131.617134686713769, 33.625965412750745 ], [ 131.618501502122115, 33.626428657197721 ], [ 131.61896071096362, 33.627263003933116 ], [ 131.619717956751572, 33.627346987160642 ], [ 131.620524888331943, 33.628088716019697 ], [ 131.621206563780646, 33.62807276113498 ], [ 131.621813670302998, 33.628630577310325 ], [ 131.623366446571339, 33.628387776207113 ], [ 131.62479228137579, 33.628719072321054 ], [ 131.625533890171624, 33.629743088908342 ], [ 131.626674417570428, 33.630505079084436 ], [ 131.627517904492947, 33.632142750479794 ], [ 131.62788655594656, 33.632353969501729 ] ] ] } },
{ "type": "Feature", "properties": { "CITY_NAME": "国東市", "S_NAME": "来浦", "JINKO": 216, "medical_area": "44_東部医療圏", "町丁目名": "国東市来浦" }, "geometry": { "type": "Polygon", "coordinates": [ [ [ 131.664999322455202, 33.637362435772665 ], [ 131.667546929459036, 33.634545381972956 ], [ 131.666809752881875, 33.633602404782359 ], [ 131.666092351965517, 33.633153329576906 ], [ 131.665402616086908, 33.632249254870707 ], [ 131.664863997642215, 33.63199560486931 ], [ 131.662783801754614, 33.63158793223198 ], [ 131.659232919291014, 33.62933637257882 ], [ 131.658699632289483, 33.629142821035046 ], [ 131.658009827023193, 33.629162486131776 ], [ 131.65782425780435, 33.629331829284801 ], [ 131.657692147876077, 33.630230385467598 ], [ 131.657481301989037, 33.630542084110935 ], [ 131.656701878315602, 33.630754663661264 ], [ 131.654662698962511, 33.629428772256361 ], [ 131.652979338145684, 33.628898583343151 ], [ 131.65172438798345, 33.627997417633459 ], [ 131.651277851778474, 33.628026820672218 ], [ 131.650867413166111, 33.628562018244949 ], [ 131.65009706686385, 33.628452942431558 ], [ 131.650572934633942, 33.627989886707631 ], [ 131.65147704052157, 33.627774502064533 ], [ 131.652192255265135, 33.626635128087493 ], [ 131.652546120104461, 33.626382697456968 ], [ 131.653632921522757, 33.626339480553767 ], [ 131.65450239644872, 33.626024441676492 ], [ 131.654483555889499, 33.625436698176038 ], [ 131.654044797028092, 33.624620478130439 ], [ 131.654593907760983, 33.623147154426306 ], [ 131.655256665456562, 33.619970069709794 ], [ 131.654093112579829, 33.618848590888135 ], [ 131.652656077061124, 33.618295956788501 ], [ 131.651924992772877, 33.617736628436091 ], [ 131.651163454667142, 33.617531921343804 ], [ 131.650316767143266, 33.616952834972764 ], [ 131.649637018344976, 33.617244937496636 ], [ 131.646971856737565, 33.617556595340517 ], [ 131.643279156682922, 33.617265901963414 ], [ 131.642260320613218, 33.617989982811416 ], [ 131.641763451795015, 33.618100477864829 ], [ 131.639543377876976, 33.616987223603701 ], [ 131.63805820056831, 33.617215726032676 ], [ 131.635693481491046, 33.616597650235214 ], [ 131.634171288068302, 33.620048742917561 ], [ 131.633744852797719, 33.620427932031433 ], [ 131.633522952895277, 33.620895889739387 ], [ 131.633010827079062, 33.622443375088388 ], [ 131.633069339983848, 33.622695823599209 ], [ 131.63539039426189, 33.624598767896167 ], [ 131.635009966495318, 33.624742659328156 ], [ 131.634798770113321, 33.625016777422154 ], [ 131.632816697357356, 33.624097011555811 ], [ 131.631581304116111, 33.627122251585284 ], [ 131.629977285613961, 33.627635345140341 ], [ 131.629784298648076, 33.628407243527633 ], [ 131.629156297215957, 33.62931899869502 ], [ 131.628892899129738, 33.63226355864667 ], [ 131.630491440446974, 33.633055229544787 ], [ 131.630538621714066, 33.633872823627314 ], [ 131.630878221601449, 33.634209496961041 ], [ 131.63149436198546, 33.634450789298093 ], [ 131.631700706522537, 33.635007497412793 ], [ 131.633015495535631, 33.635502185711886 ], [ 131.634608268539637, 33.635591167413622 ], [ 131.635099860003805, 33.63519381952127 ], [ 131.636477239467496, 33.63503008240496 ], [ 131.637021419154905, 33.634651263669767 ], [ 131.637847926579809, 33.634462098488108 ], [ 131.638354026356694, 33.634008240080767 ], [ 131.640380464364455, 33.633471362539858 ], [ 131.640913577470826, 33.633631534342051 ], [ 131.641521309412354, 33.634251936233447 ], [ 131.642345335413125, 33.634739629209712 ], [ 131.644061969073505, 33.634856095151505 ], [ 131.644960343868547, 33.634763647305547 ], [ 131.645903052946949, 33.635087764909066 ], [ 131.64640109745892, 33.635617564126299 ], [ 131.647097286308707, 33.635858076133665 ], [ 131.649178771653396, 33.635297938077912 ], [ 131.650642078926268, 33.635506997788141 ], [ 131.65252194700787, 33.635240334209918 ], [ 131.652867906986756, 33.635046485485177 ], [ 131.653242702685134, 33.635637978930738 ], [ 131.653847622266937, 33.635639572206983 ], [ 131.654396903833458, 33.635945202947966 ], [ 131.655942260694246, 33.636387421454941 ], [ 131.657649214012963, 33.636333485972628 ], [ 131.658435173337551, 33.636536193672917 ], [ 131.659108965221549, 33.636115237636815 ], [ 131.66019741586382, 33.635947486091347 ], [ 131.661692660853475, 33.636491616563347 ], [ 131.661928540299812, 33.637024730190639 ], [ 131.662205492038993, 33.637197028412935 ], [ 131.663994340131694, 33.637504284509056 ], [ 131.664738455183993, 33.638177027855313 ], [ 131.664999322455202, 33.637362435772665 ] ] ] } },
{ "type": "Feature", "properties": { "CITY_NAME": "国東市", "S_NAME": "浜", "JINKO": 439, "medical_area": "44_東部医療圏", "町丁目名": "国東市浜" }, "geometry": { "type": "Polygon", "coordinates": [ [ [ 131.681554574808246, 33.641890255614648 ], [ 131.683668997834474, 33.640721700855877 ], [ 131.684083541764664, 33.640932214936065 ], [ 131.681811125920319, 33.639287540000289 ], [ 131.681895503805862, 33.639190567683222 ], [ 131.681756219954821, 33.639298619486603 ], [ 131.68138243173965, 33.639059064084456 ], [ 131.681504273760197, 33.638928566726314 ], [ 131.681897117146349, 33.639122933956536 ], [ 131.681524587996364, 33.638904081045268 ], [ 131.681016417747713, 33.638710348255714 ], [ 131.680831286880107, 33.638744686468307 ], [ 131.681500200810575, 33.638545381889429 ], [ 131.682869647033073, 33.639421454073968 ], [ 131.683324916921634, 33.639191689537604 ], [ 131.684132560251157, 33.639634462144919 ], [ 131.685141184934281, 33.639857884460341 ], [ 131.687557653961676, 33.640763275937672 ], [ 131.687761843350472, 33.640959663008836 ], [ 131.687842664333004, 33.641495704178055 ], [ 131.687727528685514, 33.641658643097088 ], [ 131.687867486808841, 33.641498244224493 ], [ 131.687796816277682, 33.641015330244088 ], [ 131.688069450550927, 33.641007545959319 ], [ 131.688938719620609, 33.641326397702528 ], [ 131.690295642698146, 33.642238537586998 ], [ 131.689450968951149, 33.641621095849281 ], [ 131.690460160927046, 33.64056771291137 ], [ 131.691285108541933, 33.641141091331122 ], [ 131.690630571667015, 33.641926511303602 ], [ 131.691623120487634, 33.640815521685902 ], [ 131.691788934121377, 33.640924554997476 ], [ 131.691685266895746, 33.640767343188543 ], [ 131.691978044771389, 33.640714356414932 ], [ 131.692963744254854, 33.639824301648964 ], [ 131.693566711068257, 33.639066207409201 ], [ 131.693774951990548, 33.637616115469932 ], [ 131.694269095715924, 33.637267122664809 ], [ 131.694124226007631, 33.635603457829639 ], [ 131.694294826568068, 33.634570103003973 ], [ 131.693886251011634, 33.634561542214783 ], [ 131.694307288590011, 33.634512340028188 ], [ 131.695027432654314, 33.632248735567202 ], [ 131.694780128919746, 33.632187919962952 ], [ 131.694621966292885, 33.632091385148343 ], [ 131.695040183164679, 33.632221614348566 ], [ 131.695439747194769, 33.631515165079428 ], [ 131.69583370999365, 33.631180257654016 ], [ 131.696072574108513, 33.631129326145079 ], [ 131.696211002327971, 33.631321489805622 ], [ 131.696459385492915, 33.631380533368954 ], [ 131.696228090407374, 33.631299768188185 ], [ 131.695925869718678, 33.630845211430845 ], [ 131.696817934645367, 33.630529131374502 ], [ 131.69698803889915, 33.630775215034724 ], [ 131.696815658506836, 33.631452426333375 ], [ 131.697062273239851, 33.630755003134297 ], [ 131.696621484592924, 33.630096522999651 ], [ 131.696931548361448, 33.629785541752717 ], [ 131.697234736730536, 33.629822580637232 ], [ 131.696999955667252, 33.62971119282733 ], [ 131.697436616773217, 33.628529400443952 ], [ 131.697601867133756, 33.62710202724363 ], [ 131.697125092547566, 33.626990732484472 ], [ 131.697322764832563, 33.62810111979266 ], [ 131.695901995757879, 33.62852519499404 ], [ 131.694163769110276, 33.628678069724927 ], [ 131.691856327101021, 33.628496677531707 ], [ 131.688560040638606, 33.627687535648107 ], [ 131.686184255348707, 33.627600598528687 ], [ 131.683981627307389, 33.627280091042493 ], [ 131.683307195456678, 33.627243458843111 ], [ 131.682844845439774, 33.627474383950073 ], [ 131.681813113412773, 33.627461766795783 ], [ 131.680922988111917, 33.627814444894248 ], [ 131.68034580664758, 33.627793039627718 ], [ 131.679478216166132, 33.627393760597627 ], [ 131.677624371004839, 33.627356533899111 ], [ 131.676677786875047, 33.626485780537777 ], [ 131.675931086973264, 33.626278330186629 ], [ 131.674416826556723, 33.626344647846004 ], [ 131.672964070244149, 33.626837346497382 ], [ 131.671576154535188, 33.627583060087197 ], [ 131.671087147114235, 33.627655737070747 ], [ 131.670653294966996, 33.627478679246551 ], [ 131.670216695923386, 33.626859893311256 ], [ 131.668317676060553, 33.626250084388658 ], [ 131.668166959559471, 33.626125654022943 ], [ 131.668072570216481, 33.625537409545224 ], [ 131.665015855950799, 33.624407107464961 ], [ 131.664637401950841, 33.623912455961019 ], [ 131.664558144173924, 33.623207473950075 ], [ 131.662025361810834, 33.622780172931243 ], [ 131.660717291317013, 33.622225889628247 ], [ 131.659351851695334, 33.621290166224327 ], [ 131.657697084266744, 33.620875547556835 ], [ 131.655256665456562, 33.619970069709794 ], [ 131.654593907760983, 33.623147154426306 ], [ 131.654044797028092, 33.624620478130439 ], [ 131.654483555889499, 33.625436698176038 ], [ 131.65450239644872, 33.626024441676492 ], [ 131.653632921522757, 33.626339480553767 ], [ 131.652546120104461, 33.626382697456968 ], [ 131.652192255265135, 33.626635128087493 ], [ 131.65147704052157, 33.627774502064533 ], [ 131.650572934633942, 33.627989886707631 ], [ 131.65009706686385, 33.628452942431558 ], [ 131.650867413166111, 33.628562018244949 ], [ 131.651277851778474, 33.628026820672218 ], [ 131.65172438798345, 33.627997417633459 ], [ 131.652979338145684, 33.628898583343151 ], [ 131.654662698962511, 33.629428772256361 ], [ 131.656701878315602, 33.630754663661264 ], [ 131.657481301989037, 33.630542084110935 ], [ 131.657692147876077, 33.630230385467598 ], [ 131.65782425780435, 33.629331829284801 ], [ 131.658009827023193, 33.629162486131776 ], [ 131.658699632289483, 33.629142821035046 ], [ 131.659971249834683, 33.62971120022317 ], [ 131.661925225947357, 33.631161712203806 ], [ 131.662783801754614, 33.63158793223198 ], [ 131.664863997642215, 33.63199560486931 ], [ 131.665402616086908, 33.632249254870707 ], [ 131.666092351965517, 33.633153329576906 ], [ 131.666809752881875, 33.633602404782359 ], [ 131.667546929459036, 33.634545381972956 ], [ 131.665681416821116, 33.636404623652098 ], [ 131.664999322455202, 33.637362435772665 ], [ 131.664738455183993, 33.638177027855313 ], [ 131.664901703853076, 33.638258918747496 ], [ 131.665114017997553, 33.638035109081208 ], [ 131.66570002904561, 33.638215315491763 ], [ 131.666288362031537, 33.638696789868618 ], [ 131.667474777905085, 33.639233994464853 ], [ 131.667942373416508, 33.639286060955087 ], [ 131.66868220294316, 33.639779807117598 ], [ 131.671473255414639, 33.640583285285182 ], [ 131.67266937595727, 33.640677231352903 ], [ 131.673151716891027, 33.640945314955722 ], [ 131.674580141787516, 33.642380538494699 ], [ 131.675997483878547, 33.643060454114689 ], [ 131.677141032118499, 33.644104208267933 ], [ 131.678726499848921, 33.644512393206895 ], [ 131.681554574808246, 33.641890255614648 ] ] ] } },
{ "type": "Feature", "properties": { "CITY_NAME": "国東市", "S_NAME": "深江", "JINKO": 89, "medical_area": "44_東部医療圏", "町丁目名": "国東市深江" }, "geometry": { "type": "Polygon", "coordinates": [ [ [ 131.697322764832563, 33.62810111979266 ], [ 131.697125092547566, 33.626990732484472 ], [ 131.697601867133756, 33.62710202724363 ], [ 131.697759430242911, 33.625260853054328 ], [ 131.698419564346153, 33.622928198463235 ], [ 131.698748000724294, 33.622362816252874 ], [ 131.69928755081753, 33.622445433887087 ], [ 131.69885986797533, 33.622337812365828 ], [ 131.698302099907181, 33.622396884188028 ], [ 131.697962543097731, 33.622790097439768 ], [ 131.697410373014407, 33.623015939597131 ], [ 131.69709252931807, 33.62275624707884 ], [ 131.697362677464753, 33.62271415394595 ], [ 131.698661202120178, 33.62176102775463 ], [ 131.698978620451413, 33.622091937243297 ], [ 131.699316741685664, 33.622192806561621 ], [ 131.698933738206193, 33.622008292945807 ], [ 131.699114545852098, 33.621180501913436 ], [ 131.696286023138811, 33.620125414089237 ], [ 131.694611114412595, 33.620178623211565 ], [ 131.692691107416778, 33.619707546940901 ], [ 131.69045981764512, 33.61945837444236 ], [ 131.69014572695977, 33.619643058109531 ], [ 131.689807749062311, 33.620183532778078 ], [ 131.689361946034722, 33.620222640513056 ], [ 131.686651431016287, 33.619208959018451 ], [ 131.685187086382911, 33.619556938630183 ], [ 131.684742023857154, 33.619562007327204 ], [ 131.683989641647003, 33.619284970325907 ], [ 131.683390309367638, 33.619467906818706 ], [ 131.680363703150448, 33.61947226388822 ], [ 131.678949561907189, 33.61980681102407 ], [ 131.677067984982045, 33.619592488019649 ], [ 131.671655962387632, 33.619938913629397 ], [ 131.669615269720822, 33.619927373949665 ], [ 131.666936027484695, 33.620276247820804 ], [ 131.665167299155257, 33.620217519217064 ], [ 131.663507899750329, 33.62077856487722 ], [ 131.662841012187585, 33.621405908411589 ], [ 131.661414481032836, 33.621494984263549 ], [ 131.659351851695334, 33.621290166224327 ], [ 131.661378571751584, 33.622548077451086 ], [ 131.664558144173924, 33.623207473950075 ], [ 131.664637401950841, 33.623912455961019 ], [ 131.665015855950799, 33.624407107464961 ], [ 131.668072570216481, 33.625537409545224 ], [ 131.668166959559471, 33.626125654022943 ], [ 131.668317676060553, 33.626250084388658 ], [ 131.670216695923386, 33.626859893311256 ], [ 131.670653294966996, 33.627478679246551 ], [ 131.671087147114235, 33.627655737070747 ], [ 131.671576154535188, 33.627583060087197 ], [ 131.672964070244149, 33.626837346497382 ], [ 131.674416826556723, 33.626344647846004 ], [ 131.675931086973264, 33.626278330186629 ], [ 131.676677786875047, 33.626485780537777 ], [ 131.677624371004839, 33.627356533899111 ], [ 131.679478216166132, 33.627393760597627 ], [ 131.68034580664758, 33.627793039627718 ], [ 131.680922988111917, 33.627814444894248 ], [ 131.681813113412773, 33.627461766795783 ], [ 131.682844845439774, 33.627474383950073 ], [ 131.683307195456678, 33.627243458843111 ], [ 131.683981627307389, 33.627280091042493 ], [ 131.686184255348707, 33.627600598528687 ], [ 131.688560040638606, 33.627687535648107 ], [ 131.691856327101021, 33.628496677531707 ], [ 131.694163769110276, 33.628678069724927 ], [ 131.695901995757879, 33.62852519499404 ], [ 131.697322764832563, 33.62810111979266 ] ] ] } },
{ "type": "Feature", "properties": { "CITY_NAME": "国東市", "S_NAME": "東堅来", "JINKO": 278, "medical_area": "44_東部医療圏", "町丁目名": "国東市東堅来" }, "geometry": { "type": "Polygon", "coordinates": [ [ [ 131.664821764469764, 33.620273618680017 ], [ 131.666936027484695, 33.620276247820804 ], [ 131.669615269720822, 33.619927373949665 ], [ 131.671655962387632, 33.619938913629397 ], [ 131.677067984982045, 33.619592488019649 ], [ 131.678949561907189, 33.61980681102407 ], [ 131.680363703150448, 33.61947226388822 ], [ 131.683390309367638, 33.619467906818706 ], [ 131.683989641647003, 33.619284970325907 ], [ 131.684742023857154, 33.619562007327204 ], [ 131.685187086382911, 33.619556938630183 ], [ 131.686651431016287, 33.619208959018451 ], [ 131.689361946034722, 33.620222640513056 ], [ 131.689807749062311, 33.620183532778078 ], [ 131.69014572695977, 33.619643058109531 ], [ 131.69045981764512, 33.61945837444236 ], [ 131.692691107416778, 33.619707546940901 ], [ 131.694611114412595, 33.620178623211565 ], [ 131.696286023138811, 33.620125414089237 ], [ 131.699114545852098, 33.621180501913436 ], [ 131.699905875770071, 33.617223219113683 ], [ 131.700160849926618, 33.616905289050308 ], [ 131.700667828956512, 33.616961949846136 ], [ 131.69977079542042, 33.616513439278179 ], [ 131.699898166604925, 33.616143044764868 ], [ 131.699976049666702, 33.616309410721428 ], [ 131.700129133835702, 33.616446541366741 ], [ 131.700823755935033, 33.616785247850196 ], [ 131.699955414636037, 33.616158078695577 ], [ 131.700069808543759, 33.616175466505446 ], [ 131.700381279851115, 33.614851876836347 ], [ 131.701519547633438, 33.61200933618067 ], [ 131.699992266532519, 33.611753592379728 ], [ 131.699570542477517, 33.611392703182034 ], [ 131.69946349949015, 33.610197709431709 ], [ 131.6989408939003, 33.609225817232009 ], [ 131.698784789399269, 33.611198909219311 ], [ 131.698639674636837, 33.611505862416934 ], [ 131.697420758474578, 33.612318075448933 ], [ 131.694503138059275, 33.612067281067617 ], [ 131.692195678224579, 33.612162115701821 ], [ 131.691585630410628, 33.612122624307624 ], [ 131.688671335693186, 33.611154653273545 ], [ 131.68437226697705, 33.60871380662963 ], [ 131.680737095398541, 33.608445313932286 ], [ 131.676371604921002, 33.608560032011148 ], [ 131.674926769963918, 33.608311085575174 ], [ 131.672477779866824, 33.608191274020349 ], [ 131.668405193452799, 33.607392622965946 ], [ 131.664694409655368, 33.607600755304524 ], [ 131.663719009101044, 33.608633449057507 ], [ 131.662970090076328, 33.609825319386772 ], [ 131.662308039817333, 33.610358374448403 ], [ 131.661493147654255, 33.610645275186407 ], [ 131.66051945552627, 33.611629826704309 ], [ 131.659073984215752, 33.612284973786245 ], [ 131.655972264316688, 33.613077884709448 ], [ 131.653828708701553, 33.613886150815624 ], [ 131.65217845227059, 33.615120486006788 ], [ 131.651963789644583, 33.615979462099581 ], [ 131.650316767143266, 33.616952834972764 ], [ 131.651163454667142, 33.617531921343804 ], [ 131.651924992772877, 33.617736628436091 ], [ 131.652656077061124, 33.618295956788501 ], [ 131.654093112579829, 33.618848590888135 ], [ 131.655256665456562, 33.619970069709794 ], [ 131.658483696418159, 33.621094594672599 ], [ 131.661414481032836, 33.621494984263549 ], [ 131.662841012187585, 33.621405908411589 ], [ 131.663507899750329, 33.62077856487722 ], [ 131.66413896063878, 33.620651761287178 ], [ 131.664821764469764, 33.620273618680017 ] ] ] } },
{ "type": "Feature", "properties": { "CITY_NAME": "国東市", "S_NAME": "富来浦", "JINKO": 1001, "medical_area": "44_東部医療圏", "町丁目名": "国東市富来浦" }, "geometry": { "type": "Polygon", "coordinates": [ [ [ 131.704377135810773, 33.607940668841529 ], [ 131.707161101614219, 33.604979123761289 ], [ 131.707105370427058, 33.604875751683892 ], [ 131.707195381491601, 33.60495011904959 ], [ 131.708014108586326, 33.604399038059114 ], [ 131.709450399581016, 33.603859779182976 ], [ 131.710458651377081, 33.603695308591782 ], [ 131.711804339933025, 33.604323264352054 ], [ 131.713551508278783, 33.604254629449173 ], [ 131.715069553957932, 33.605270182375492 ], [ 131.716436417367476, 33.60428852405186 ], [ 131.71726725707407, 33.604292743938686 ], [ 131.718362040487904, 33.604685815790063 ], [ 131.717281826013703, 33.604232220704361 ], [ 131.715874167982435, 33.604188077402782 ], [ 131.716339203854119, 33.604260203479249 ], [ 131.715021624263699, 33.605205511052027 ], [ 131.714304331130137, 33.604730850052086 ], [ 131.715193544139993, 33.603973772051148 ], [ 131.715528192360125, 33.604047567884308 ], [ 131.7151196795148, 33.603775834986102 ], [ 131.714429879305811, 33.603622017265579 ], [ 131.714780545609273, 33.603811177294268 ], [ 131.714394576093184, 33.604169549331843 ], [ 131.713959403810492, 33.604063854484885 ], [ 131.714385383682071, 33.603320221215519 ], [ 131.716110787735687, 33.603870220699761 ], [ 131.715083677930039, 33.603330642994464 ], [ 131.715333674218698, 33.603327370541173 ], [ 131.716194252179662, 33.602112441506755 ], [ 131.717790738529516, 33.603229367998487 ], [ 131.717546079805714, 33.603744720850102 ], [ 131.717922940679301, 33.603060882680381 ], [ 131.716163862324493, 33.601816832730343 ], [ 131.716541113143933, 33.601444135618827 ], [ 131.715196056648125, 33.599972269634037 ], [ 131.715355531971198, 33.599834271911249 ], [ 131.717056767552606, 33.60152139317789 ], [ 131.717345434648735, 33.601115744523305 ], [ 131.71787392016796, 33.600912568521203 ], [ 131.717928919848447, 33.600265740412752 ], [ 131.718680415429986, 33.599679831718007 ], [ 131.7187141833586, 33.59907194047053 ], [ 131.719207762175699, 33.598559652856558 ], [ 131.719347058030763, 33.59781681746847 ], [ 131.720003751505345, 33.597232295970514 ], [ 131.720159376636104, 33.596774302121879 ], [ 131.722078340584602, 33.593924733120708 ], [ 131.720145918528061, 33.592882846607061 ], [ 131.719843794958734, 33.592828454287549 ], [ 131.718392418900777, 33.593174125304415 ], [ 131.716479460846273, 33.592820278922368 ], [ 131.715529037181028, 33.592489043883859 ], [ 131.715191018671192, 33.593236121699654 ], [ 131.713978126475098, 33.594549368143824 ], [ 131.714378049951705, 33.595307628642914 ], [ 131.713968590273026, 33.595998617328952 ], [ 131.714105193326304, 33.596845664595442 ], [ 131.712890298724886, 33.597728439788526 ], [ 131.711736234347455, 33.597636085817321 ], [ 131.711945382183302, 33.598698976238836 ], [ 131.708652977153463, 33.599094459902382 ], [ 131.708487078453004, 33.598230527387258 ], [ 131.708063568856915, 33.598300427495985 ], [ 131.707491945621399, 33.598117370449955 ], [ 131.707439420873726, 33.599005231689169 ], [ 131.704010671063202, 33.599602773094247 ], [ 131.704318728112412, 33.600770424295057 ], [ 131.703314321694421, 33.600913127804098 ], [ 131.699592795771395, 33.602015225595956 ], [ 131.69828199587792, 33.603528996241316 ], [ 131.697186021773717, 33.604255352562099 ], [ 131.697367075151561, 33.604865903699469 ], [ 131.697710621420754, 33.605179901272372 ], [ 131.697663341394644, 33.605466581209718 ], [ 131.696707804790123, 33.605431804871067 ], [ 131.697311719350296, 33.607327433266846 ], [ 131.69829733095105, 33.608913651408194 ], [ 131.6989408939003, 33.609225817232009 ], [ 131.69946349949015, 33.610197709431709 ], [ 131.699570542477517, 33.611392703182034 ], [ 131.699992266532519, 33.611753592379728 ], [ 131.701519547633438, 33.61200933618067 ], [ 131.703908014674653, 33.608963108206346 ], [ 131.704377135810773, 33.607940668841529 ] ] ] } },
{ "type": "Feature", "properties": { "CITY_NAME": "国東市", "S_NAME": "浜崎", "JINKO": 392, "medical_area": "44_東部医療圏", "町丁目名": "国東市浜崎" }, "geometry": { "type": "Polygon", "coordinates": [ [ [ 131.695022933214972, 33.602356711665628 ], [ 131.696623465483782, 33.601353868018158 ], [ 131.698126388775819, 33.601070270957393 ], [ 131.6992782898933, 33.599977155437557 ], [ 131.70088533412752, 33.599012059672631 ], [ 131.703022502047276, 33.598272663910095 ], [ 131.706186581812091, 33.598019494425763 ], [ 131.707497917063876, 33.598333590173944 ], [ 131.707491945621399, 33.598117370449955 ], [ 131.708063568856915, 33.598300427495985 ], [ 131.708487078453004, 33.598230527387258 ], [ 131.708652977153463, 33.599094459902382 ], [ 131.711945382183302, 33.598698976238836 ], [ 131.711736234347455, 33.597636085817321 ], [ 131.712890298724886, 33.597728439788526 ], [ 131.714105193326304, 33.596845664595442 ], [ 131.713968590273026, 33.595998617328952 ], [ 131.714378049951705, 33.595307628642914 ], [ 131.713978126475098, 33.594549368143824 ], [ 131.715191018671192, 33.593236121699654 ], [ 131.715529037181028, 33.592489043883859 ], [ 131.716479460846273, 33.592820278922368 ], [ 131.718392418900777, 33.593174125304415 ], [ 131.719843794958734, 33.592828454287549 ], [ 131.720145918528061, 33.592882846607061 ], [ 131.722078340584602, 33.593924733120708 ], [ 131.722959099376681, 33.592568052772577 ], [ 131.723824667941301, 33.590685785378554 ], [ 131.724605641603802, 33.589764263998873 ], [ 131.72301129011646, 33.589619846880069 ], [ 131.721290023705251, 33.589951869737661 ], [ 131.720417357653503, 33.589029388992678 ], [ 131.719104609259318, 33.588991165583792 ], [ 131.718228513190496, 33.588280718094559 ], [ 131.717087098937043, 33.588033748598264 ], [ 131.716965710111822, 33.588275677254764 ], [ 131.715913028846927, 33.588000185077135 ], [ 131.71574200123041, 33.58759204346579 ], [ 131.716322152381366, 33.587193032130777 ], [ 131.716128652218316, 33.58682576990833 ], [ 131.714464885619833, 33.586614009738092 ], [ 131.713642688643404, 33.58623717786697 ], [ 131.712247090300821, 33.58530737414408 ], [ 131.711404581238838, 33.584503406960735 ], [ 131.711279729855022, 33.583707765918945 ], [ 131.710814689375525, 33.583384062746205 ], [ 131.710631940977976, 33.583452237020381 ], [ 131.710300313126652, 33.584230937638317 ], [ 131.709556059223303, 33.584292744063738 ], [ 131.709508033831412, 33.584729377227298 ], [ 131.708864916032326, 33.584550818381253 ], [ 131.708100975058215, 33.585181346805435 ], [ 131.70708908552723, 33.585492732585358 ], [ 131.70435529341222, 33.585703586199891 ], [ 131.703337927548262, 33.585341438237947 ], [ 131.701101424943687, 33.586845569625062 ], [ 131.701388074233762, 33.587166573765074 ], [ 131.700558087202467, 33.587397663898393 ], [ 131.699562206176978, 33.587937374166088 ], [ 131.696979405614258, 33.589689998922232 ], [ 131.693093917445822, 33.590920605794679 ], [ 131.691727115586389, 33.591033165307493 ], [ 131.691127526936015, 33.590809510116003 ], [ 131.68997642188549, 33.592915092494692 ], [ 131.688822826029906, 33.593175382088923 ], [ 131.687395242300141, 33.593259875460468 ], [ 131.687214872508747, 33.595073417465777 ], [ 131.685264277834079, 33.595262714332776 ], [ 131.68524438187444, 33.595919198993407 ], [ 131.686351264542054, 33.595935476172855 ], [ 131.687227334666716, 33.596274660435157 ], [ 131.687465242229194, 33.596581311534905 ], [ 131.688140254756064, 33.596345179568935 ], [ 131.688769745901027, 33.597028840170907 ], [ 131.689334989827842, 33.597353603544327 ], [ 131.689322309716971, 33.597828592389064 ], [ 131.689633654142142, 33.598525006393587 ], [ 131.689220547107226, 33.599349639908141 ], [ 131.689633052173406, 33.600672913929827 ], [ 131.69047408875457, 33.601965412059101 ], [ 131.691559142066126, 33.601947526010498 ], [ 131.692899460810111, 33.602355995485112 ], [ 131.693824791108739, 33.602454647889196 ], [ 131.695022933214972, 33.602356711665628 ] ] ] } },
{ "type": "Feature", "properties": { "CITY_NAME": "国東市", "S_NAME": "富来", "JINKO": 178, "medical_area": "44_東部医療圏", "町丁目名": "国東市富来" }, "geometry": { "type": "Polygon", "coordinates": [ [ [ 131.697381417829689, 33.612325341036218 ], [ 131.698639674636837, 33.611505862416934 ], [ 131.698784789399269, 33.611198909219311 ], [ 131.6989408939003, 33.609225817232009 ], [ 131.69829733095105, 33.608913651408194 ], [ 131.697147242401172, 33.607010105861143 ], [ 131.696707804790123, 33.605431804871067 ], [ 131.697593456329059, 33.605501561210303 ], [ 131.697720138430725, 33.605353061742115 ], [ 131.697367075151561, 33.604865903699469 ], [ 131.697186021773717, 33.604255352562099 ], [ 131.69828199587792, 33.603528996241316 ], [ 131.699592795771395, 33.602015225595956 ], [ 131.703314321694421, 33.600913127804098 ], [ 131.704318728112412, 33.600770424295057 ], [ 131.704010671063202, 33.599602773094247 ], [ 131.707439420873726, 33.599005231689169 ], [ 131.707497917063876, 33.598333590173944 ], [ 131.706186581812091, 33.598019494425763 ], [ 131.702546027128477, 33.598377573298457 ], [ 131.701079979422616, 33.598916568172307 ], [ 131.699634111121583, 33.599747131766641 ], [ 131.698126388775819, 33.601070270957393 ], [ 131.696623465483782, 33.601353868018158 ], [ 131.695266605046641, 33.60227983147854 ], [ 131.694587591673439, 33.602434665932691 ], [ 131.692899460810111, 33.602355995485112 ], [ 131.691559142066126, 33.601947526010498 ], [ 131.69047408875457, 33.601965412059101 ], [ 131.690291716543214, 33.601759259043604 ], [ 131.689633052173406, 33.600672913929827 ], [ 131.689220547107226, 33.599349639908141 ], [ 131.689633654142142, 33.598525006393587 ], [ 131.689322309716971, 33.597828592389064 ], [ 131.689334989827842, 33.597353603544327 ], [ 131.688769745901027, 33.597028840170907 ], [ 131.688184748184113, 33.596362049319346 ], [ 131.687465242229194, 33.596581311534905 ], [ 131.687227334666716, 33.596274660435157 ], [ 131.686351264542054, 33.595935476172855 ], [ 131.685220785350253, 33.595899677299975 ], [ 131.68532893131902, 33.595221289949038 ], [ 131.686355493352266, 33.595246533692467 ], [ 131.687214872508747, 33.595073417465777 ], [ 131.687395242300141, 33.593259875460468 ], [ 131.688822826029906, 33.593175382088923 ], [ 131.68997642188549, 33.592915092494692 ], [ 131.691127526936015, 33.590809510116003 ], [ 131.690358203139454, 33.590192815586164 ], [ 131.688898015536296, 33.590261941798758 ], [ 131.687965394204582, 33.590118771937966 ], [ 131.687149354946314, 33.590412638759247 ], [ 131.686614979712544, 33.590397707179839 ], [ 131.683106655551398, 33.59124562953788 ], [ 131.682399575900206, 33.590895871562168 ], [ 131.68121729477599, 33.591019131872613 ], [ 131.680489242940752, 33.590891545783244 ], [ 131.678999222871795, 33.59112041137147 ], [ 131.678826993193894, 33.59124702397164 ], [ 131.678517844885818, 33.592576119670142 ], [ 131.678300110980956, 33.592793216360647 ], [ 131.674781526785324, 33.59392828596566 ], [ 131.675063968347416, 33.594290579501568 ], [ 131.675843057259385, 33.594716169304931 ], [ 131.676070840429901, 33.59621266709496 ], [ 131.675974913869197, 33.596772783997046 ], [ 131.674646428194393, 33.597269383793069 ], [ 131.67443902471507, 33.597589121777212 ], [ 131.674444958227639, 33.598248993497798 ], [ 131.674956108894577, 33.600248177245241 ], [ 131.67524208845353, 33.602510278767106 ], [ 131.675515794598908, 33.60275279662622 ], [ 131.676567302421631, 33.602523263318318 ], [ 131.676250406811334, 33.605869766202382 ], [ 131.675980549705173, 33.605981761874737 ], [ 131.675550725149577, 33.605735450658116 ], [ 131.675145581036872, 33.605981808432517 ], [ 131.674959360293201, 33.606601368365688 ], [ 131.674926769963918, 33.608311085575174 ], [ 131.676371604921002, 33.608560032011148 ], [ 131.680737095398541, 33.608445313932286 ], [ 131.68437226697705, 33.60871380662963 ], [ 131.688671335693186, 33.611154653273545 ], [ 131.691585630410628, 33.612122624307624 ], [ 131.694503138059275, 33.612067281067617 ], [ 131.697381417829689, 33.612325341036218 ] ] ] } },
{ "type": "Feature", "properties": { "CITY_NAME": "国東市", "S_NAME": "大恩寺", "JINKO": 173, "medical_area": "44_東部医療圏", "町丁目名": "国東市大恩寺" }, "geometry": { "type": "Polygon", "coordinates": [ [ [ 131.643130792725145, 33.617310134695323 ], [ 131.646971856737565, 33.617556595340517 ], [ 131.649637018344976, 33.617244937496636 ], [ 131.650500826439867, 33.616886709847201 ], [ 131.651963789644583, 33.615979462099581 ], [ 131.65217845227059, 33.615120486006788 ], [ 131.653828708701553, 33.613886150815624 ], [ 131.655972264316688, 33.613077884709448 ], [ 131.659073984215752, 33.612284973786245 ], [ 131.66051945552627, 33.611629826704309 ], [ 131.661493147654255, 33.610645275186407 ], [ 131.662308039817333, 33.610358374448403 ], [ 131.662970090076328, 33.609825319386772 ], [ 131.663719009101044, 33.608633449057507 ], [ 131.664694409655368, 33.607600755304524 ], [ 131.668405193452799, 33.607392622965946 ], [ 131.672477779866824, 33.608191274020349 ], [ 131.674926769963918, 33.608311085575174 ], [ 131.674959360293201, 33.606601368365688 ], [ 131.675145581036872, 33.605981808432517 ], [ 131.675550725149577, 33.605735450658116 ], [ 131.675980549705173, 33.605981761874737 ], [ 131.676250406811334, 33.605869766202382 ], [ 131.676567302421631, 33.602523263318318 ], [ 131.675297961967487, 33.602691079774289 ], [ 131.674956108894577, 33.600248177245241 ], [ 131.674444958227639, 33.598248993497798 ], [ 131.674545785559559, 33.597343684066473 ], [ 131.675758676884271, 33.596913861287149 ], [ 131.676090754836565, 33.596618305380609 ], [ 131.675843057259385, 33.594716169304931 ], [ 131.675063968347416, 33.594290579501568 ], [ 131.674781526785324, 33.59392828596566 ], [ 131.673323754896103, 33.594712830470705 ], [ 131.672335987208015, 33.595558848992724 ], [ 131.670688658305778, 33.596378640138887 ], [ 131.669341174543177, 33.596005540501366 ], [ 131.666909159321705, 33.596533873934341 ], [ 131.664120646224063, 33.596596827363335 ], [ 131.65991919585511, 33.596193385628581 ], [ 131.655476143429439, 33.596524611713875 ], [ 131.654715804392197, 33.596832311723254 ], [ 131.65253553809103, 33.598345798886726 ], [ 131.65153032094014, 33.598857291870075 ], [ 131.648396025880658, 33.599081903014209 ], [ 131.646728797199472, 33.600161910850787 ], [ 131.645343978310677, 33.600816643978547 ], [ 131.640234124424438, 33.600661359304247 ], [ 131.636416967095499, 33.602384688240697 ], [ 131.634166669598073, 33.602929554092029 ], [ 131.633158097218057, 33.603008822490921 ], [ 131.632071600927162, 33.602925475531237 ], [ 131.630084740585886, 33.602382487239773 ], [ 131.626856629865614, 33.600744592075074 ], [ 131.626144699132908, 33.600224732352793 ], [ 131.623208744440291, 33.597362217805795 ], [ 131.622237668982876, 33.597050598504431 ], [ 131.621029068028179, 33.597035681154686 ], [ 131.618890003201983, 33.597456307794616 ], [ 131.617114873865773, 33.597499411560648 ], [ 131.615918938548475, 33.597817149253409 ], [ 131.614550871768756, 33.597923840051273 ], [ 131.613486566373638, 33.597840928421476 ], [ 131.612079833373656, 33.597442921809439 ], [ 131.611044733776254, 33.597423947973681 ], [ 131.608790752350075, 33.597831990015088 ], [ 131.606248317847076, 33.598782739636661 ], [ 131.60535814413393, 33.598954247980558 ], [ 131.605315422921393, 33.599123235589012 ], [ 131.608215287064525, 33.600034083168531 ], [ 131.611123341695247, 33.601577886387823 ], [ 131.612253399996462, 33.60248474223507 ], [ 131.612853889303636, 33.603816093201985 ], [ 131.613523780969814, 33.60448832319571 ], [ 131.614617672898675, 33.604742551969778 ], [ 131.615167558141536, 33.604354783502075 ], [ 131.617164562163822, 33.605309352422815 ], [ 131.619919797086823, 33.607335824488601 ], [ 131.621420777092027, 33.6087923129842 ], [ 131.622897259730564, 33.609778419716925 ], [ 131.62493339500358, 33.611951736973808 ], [ 131.629874841438948, 33.615242772902747 ], [ 131.632984287285893, 33.615627452846482 ], [ 131.635693481491046, 33.616597650235214 ], [ 131.637858293197695, 33.617183366482791 ], [ 131.638488335397028, 33.617223721601547 ], [ 131.639543377876976, 33.616987223603701 ], [ 131.641763451795015, 33.618100477864829 ], [ 131.642260320613218, 33.617989982811416 ], [ 131.643130792725145, 33.617310134695323 ] ] ] } },
{ "type": "Feature", "properties": { "CITY_NAME": "国東市", "S_NAME": "成仏", "JINKO": 58, "medical_area": "44_東部医療圏", "町丁目名": "国東市成仏" }, "geometry": { "type": "Polygon", "coordinates": [ [ [ 131.639711406837051, 33.599596436554513 ], [ 131.638802511145684, 33.596033008268684 ], [ 131.638273814955738, 33.595902528883322 ], [ 131.638111377490645, 33.595386318043396 ], [ 131.638524248021014, 33.594929764880739 ], [ 131.639636455568933, 33.594180210757273 ], [ 131.640942865284075, 33.59378214184467 ], [ 131.641141722987641, 33.593486659239751 ], [ 131.641597320305237, 33.590812800362322 ], [ 131.640369258184222, 33.588709657568991 ], [ 131.640174617191832, 33.587308590844202 ], [ 131.640538458016721, 33.586003396156755 ], [ 131.638430179156273, 33.584772351391898 ], [ 131.637395324361421, 33.583877575930188 ], [ 131.636314377744355, 33.582530876558955 ], [ 131.635066189653429, 33.581682708300789 ], [ 131.633239437868411, 33.58144317258116 ], [ 131.628692825051417, 33.580177385856537 ], [ 131.625182640361118, 33.579700417908064 ], [ 131.620910253637078, 33.578022102622043 ], [ 131.619752839093081, 33.578005366758447 ], [ 131.617511343799691, 33.578401548762848 ], [ 131.616030935245277, 33.578380086282962 ], [ 131.61546837777621, 33.578213964522618 ], [ 131.61386122380739, 33.577288904042277 ], [ 131.613115477149194, 33.57661293765721 ], [ 131.611950088232476, 33.575018249588481 ], [ 131.611525375095027, 33.575527291310081 ], [ 131.610259908547363, 33.575978001405595 ], [ 131.60913095655215, 33.576694850069423 ], [ 131.608360097395405, 33.576929793476602 ], [ 131.60796974075808, 33.577541568386835 ], [ 131.607060397026942, 33.57835411089782 ], [ 131.605351957768335, 33.578957434068272 ], [ 131.604084111554386, 33.579597613703264 ], [ 131.603652211699796, 33.580136148060397 ], [ 131.603351562130371, 33.581703861442669 ], [ 131.602483002669317, 33.581955592778819 ], [ 131.600695533890331, 33.583817899331457 ], [ 131.599146546515016, 33.584668018564571 ], [ 131.599374941904841, 33.586118834364974 ], [ 131.599662863867394, 33.586464871596611 ], [ 131.600607376403588, 33.587038661798886 ], [ 131.600747510155202, 33.587873390378206 ], [ 131.599799778034026, 33.588933524211946 ], [ 131.599762987567345, 33.589158130245032 ], [ 131.599952108304137, 33.589596949090186 ], [ 131.599908177682238, 33.59036667135301 ], [ 131.600269629295184, 33.590797749753541 ], [ 131.600405239731543, 33.591415467751702 ], [ 131.601007541712903, 33.592642358991313 ], [ 131.600352032336957, 33.592828756982883 ], [ 131.599851182817815, 33.593215939217878 ], [ 131.599822457660736, 33.59420776135039 ], [ 131.600657842895089, 33.594707514032336 ], [ 131.600777713078259, 33.595025258650551 ], [ 131.601924020303244, 33.595367816046775 ], [ 131.602757371949991, 33.596753927745198 ], [ 131.605136990617439, 33.598130173233898 ], [ 131.60535814413393, 33.598954247980558 ], [ 131.606248317847076, 33.598782739636661 ], [ 131.608790752350075, 33.597831990015088 ], [ 131.611044733776254, 33.597423947973681 ], [ 131.612079833373656, 33.597442921809439 ], [ 131.613486566373638, 33.597840928421476 ], [ 131.614550871768756, 33.597923840051273 ], [ 131.615918938548475, 33.597817149253409 ], [ 131.617114873865773, 33.597499411560648 ], [ 131.618890003201983, 33.597456307794616 ], [ 131.621029068028179, 33.597035681154686 ], [ 131.622237668982876, 33.597050598504431 ], [ 131.623208744440291, 33.597362217805795 ], [ 131.626144699132908, 33.600224732352793 ], [ 131.626856629865614, 33.600744592075074 ], [ 131.630084740585886, 33.602382487239773 ], [ 131.632071600927162, 33.602925475531237 ], [ 131.633158097218057, 33.603008822490921 ], [ 131.634166669598073, 33.602929554092029 ], [ 131.636416967095499, 33.602384688240697 ], [ 131.640234124424438, 33.600661359304247 ], [ 131.639711406837051, 33.599596436554513 ] ] ] } },
{ "type": "Feature", "properties": { "CITY_NAME": "国東市", "S_NAME": "下成仏", "JINKO": 61, "medical_area": "44_東部医療圏", "町丁目名": "国東市下成仏" }, "geometry": { "type": "Polygon", "coordinates": [ [ [ 131.645474463641762, 33.600772640598322 ], [ 131.648396025880658, 33.599081903014209 ], [ 131.65153032094014, 33.598857291870075 ], [ 131.65253553809103, 33.598345798886726 ], [ 131.654715804392197, 33.596832311723254 ], [ 131.655476143429439, 33.596524611713875 ], [ 131.65991919585511, 33.596193385628581 ], [ 131.664120646224063, 33.596596827363335 ], [ 131.666909159321705, 33.596533873934341 ], [ 131.667565168577426, 33.596429254849582 ], [ 131.667496288173453, 33.595759153998692 ], [ 131.667254172784084, 33.595027999009211 ], [ 131.665492508622918, 33.592360326264007 ], [ 131.664560442232585, 33.591345115810732 ], [ 131.661737320575611, 33.587452439106869 ], [ 131.659353492382223, 33.587408605900578 ], [ 131.656632221668588, 33.586978833179238 ], [ 131.6558374948292, 33.585562316688154 ], [ 131.653895788070002, 33.585757973633115 ], [ 131.651705173277776, 33.586291586566858 ], [ 131.650223926858075, 33.586091518515687 ], [ 131.647438330158195, 33.586035965906682 ], [ 131.646756796736213, 33.586542838602092 ], [ 131.645433832811278, 33.586181181925006 ], [ 131.6417674698626, 33.586444635649279 ], [ 131.640538458016721, 33.586003396156755 ], [ 131.640174617191832, 33.587308590844202 ], [ 131.640369258184222, 33.588709657568991 ], [ 131.641597320305237, 33.590812800362322 ], [ 131.641141722987641, 33.593486659239751 ], [ 131.640751028983374, 33.593895279639526 ], [ 131.639636455568933, 33.594180210757273 ], [ 131.638524248021014, 33.594929764880739 ], [ 131.638111377490645, 33.595386318043396 ], [ 131.638152265091037, 33.595719863646799 ], [ 131.638273814955738, 33.595902528883322 ], [ 131.638802511145684, 33.596033008268684 ], [ 131.639511592230718, 33.599019206990882 ], [ 131.640234124424438, 33.600661359304247 ], [ 131.643400599661788, 33.600666783356061 ], [ 131.6445771190009, 33.600869103043905 ], [ 131.645474463641762, 33.600772640598322 ] ] ] } },
{ "type": "Feature", "properties": { "CITY_NAME": "国東市", "S_NAME": "見地", "JINKO": 131, "medical_area": "44_東部医療圏", "町丁目名": "国東市見地" }, "geometry": { "type": "Polygon", "coordinates": [ [ [ 131.667565168577426, 33.596429254849582 ], [ 131.66964969772917, 33.596025006343332 ], [ 131.670496318274331, 33.596345869029427 ], [ 131.67090343723757, 33.596330915193612 ], [ 131.672335987208015, 33.595558848992724 ], [ 131.673912072019419, 33.594322768994523 ], [ 131.674983360862569, 33.593792079539504 ], [ 131.67790869432082, 33.593016051496818 ], [ 131.678517844885818, 33.592576119670142 ], [ 131.678826993193894, 33.59124702397164 ], [ 131.678999222871795, 33.59112041137147 ], [ 131.680489242940752, 33.590891545783244 ], [ 131.68121729477599, 33.591019131872613 ], [ 131.682399575900206, 33.590895871562168 ], [ 131.683106655551398, 33.59124562953788 ], [ 131.686614979712544, 33.590397707179839 ], [ 131.686401384132409, 33.590320911492476 ], [ 131.686103720762844, 33.589303616780292 ], [ 131.685557505700331, 33.5892646903051 ], [ 131.685410180816177, 33.588829047308337 ], [ 131.684972344475483, 33.58852508103918 ], [ 131.683251499414325, 33.587919657749865 ], [ 131.682507221172585, 33.588011387651683 ], [ 131.681520466167967, 33.587873856905929 ], [ 131.680547160622922, 33.587342051311836 ], [ 131.679314522093421, 33.585012603038038 ], [ 131.678521506810682, 33.584982465273221 ], [ 131.678029966356092, 33.584662001769111 ], [ 131.676496956402758, 33.584465741691062 ], [ 131.674991516152119, 33.583328588813863 ], [ 131.673600950860248, 33.58381650103113 ], [ 131.673235257010049, 33.583837294556332 ], [ 131.672720352556468, 33.583598860180274 ], [ 131.67205958167068, 33.584123823344108 ], [ 131.671010930025034, 33.584419408706381 ], [ 131.669981570251082, 33.584391830715752 ], [ 131.668436103017399, 33.58409363828828 ], [ 131.667477414315812, 33.582678890351431 ], [ 131.667223458528611, 33.582542331477185 ], [ 131.665591970900408, 33.582841039515891 ], [ 131.664491937850471, 33.58278618233971 ], [ 131.661888068222339, 33.583464345250555 ], [ 131.661105364684204, 33.584215246100158 ], [ 131.660650515130243, 33.584426038872017 ], [ 131.658057714936206, 33.584826725203463 ], [ 131.6558374948292, 33.585562316688154 ], [ 131.656632221668588, 33.586978833179238 ], [ 131.659353492382223, 33.587408605900578 ], [ 131.661737320575611, 33.587452439106869 ], [ 131.664560442232585, 33.591345115810732 ], [ 131.665492508622918, 33.592360326264007 ], [ 131.667254172784084, 33.595027999009211 ], [ 131.667565168577426, 33.596429254849582 ] ] ] } },
{ "type": "Feature", "properties": { "CITY_NAME": "国東市", "S_NAME": "中田", "JINKO": 131, "medical_area": "44_東部医療圏", "町丁目名": "国東市中田" }, "geometry": { "type": "Polygon", "coordinates": [ [ [ 131.690892096909465, 33.590623270854778 ], [ 131.691817241453265, 33.589900554109065 ], [ 131.692884021556608, 33.589705106412708 ], [ 131.693548236956104, 33.589242602886884 ], [ 131.694529236791851, 33.587915546622916 ], [ 131.696033555908542, 33.587172855377993 ], [ 131.696506065618905, 33.586775056298698 ], [ 131.697441068983295, 33.585504765729794 ], [ 131.697573869133379, 33.584806852758703 ], [ 131.694682981769205, 33.583148967509452 ], [ 131.694426687567386, 33.582788579172004 ], [ 131.694378862555027, 33.582402084829035 ], [ 131.694664406447828, 33.580828465987601 ], [ 131.694943094126245, 33.580265478818532 ], [ 131.69634797965162, 33.578872737032249 ], [ 131.697134559864395, 33.577285376583816 ], [ 131.696747836944809, 33.576925727260736 ], [ 131.698026558178384, 33.575278888305256 ], [ 131.697908204692538, 33.574128744165186 ], [ 131.696405743382599, 33.57224681043072 ], [ 131.69400127149143, 33.572839748218549 ], [ 131.692795407662118, 33.570808526886346 ], [ 131.69252650590019, 33.569917173100386 ], [ 131.692555060704933, 33.568670357116339 ], [ 131.693366390685441, 33.567792372952148 ], [ 131.693072571769079, 33.567652919322299 ], [ 131.692047982664633, 33.567751448387902 ], [ 131.691680481310755, 33.567182314207521 ], [ 131.691387034019527, 33.567020278269268 ], [ 131.689683328560903, 33.567492921332423 ], [ 131.687054128326508, 33.56858429766249 ], [ 131.687023145525814, 33.56883207503617 ], [ 131.687891164805364, 33.569573953580878 ], [ 131.687883294974597, 33.570009085557636 ], [ 131.684404540130146, 33.572540698900518 ], [ 131.682083587059537, 33.573909711738118 ], [ 131.681410689071583, 33.574556587053159 ], [ 131.681077226401896, 33.575258369687191 ], [ 131.680706804061202, 33.575572534180502 ], [ 131.679781891209728, 33.575785693181359 ], [ 131.677867036844248, 33.576571776596161 ], [ 131.675534454772929, 33.57819217347199 ], [ 131.67501633394167, 33.57859098593881 ], [ 131.674847205402642, 33.579281397879711 ], [ 131.6750793999378, 33.58127672119199 ], [ 131.674991516152119, 33.583328588813863 ], [ 131.676496956402758, 33.584465741691062 ], [ 131.678029966356092, 33.584662001769111 ], [ 131.678521506810682, 33.584982465273221 ], [ 131.679314522093421, 33.585012603038038 ], [ 131.680251430991319, 33.586916515598197 ], [ 131.681034627969865, 33.587698274091991 ], [ 131.682507221172585, 33.588011387651683 ], [ 131.683251499414325, 33.587919657749865 ], [ 131.684972344475483, 33.58852508103918 ], [ 131.685410180816177, 33.588829047308337 ], [ 131.685557505700331, 33.5892646903051 ], [ 131.686103720762844, 33.589303616780292 ], [ 131.686401384132409, 33.590320911492476 ], [ 131.686614979712544, 33.590397707179839 ], [ 131.687149354946314, 33.590412638759247 ], [ 131.688219166430713, 33.590098450062776 ], [ 131.688898015536296, 33.590261941798758 ], [ 131.690126510155238, 33.59014779131148 ], [ 131.690892096909465, 33.590623270854778 ] ] ] } },
{ "type": "Feature", "properties": { "CITY_NAME": "国東市", "S_NAME": "岩屋", "JINKO": 127, "medical_area": "44_東部医療圏", "町丁目名": "国東市岩屋" }, "geometry": { "type": "Polygon", "coordinates": [ [ [ 131.695858987916864, 33.568352837228495 ], [ 131.695465943379162, 33.568028188374477 ], [ 131.69451648931377, 33.568026076822747 ], [ 131.692886012021205, 33.565236725799053 ], [ 131.688786078695586, 33.565537071784604 ], [ 131.68805233384407, 33.563631235762053 ], [ 131.687150618817043, 33.562824385661706 ], [ 131.686319055690262, 33.56255010728507 ], [ 131.685905341029581, 33.563153483627985 ], [ 131.685611547959809, 33.563014011794316 ], [ 131.684046551886496, 33.563240317722574 ], [ 131.682824978578537, 33.562230523627612 ], [ 131.681527627708419, 33.562550773126034 ], [ 131.678705665177233, 33.560806155626231 ], [ 131.67698241729093, 33.560027630898837 ], [ 131.673442194585419, 33.560205848379915 ], [ 131.667059530864776, 33.561138846009314 ], [ 131.6632194752153, 33.562344866850964 ], [ 131.658583654405447, 33.563129747648283 ], [ 131.658055639324232, 33.564114984946819 ], [ 131.658077641084077, 33.564408615742977 ], [ 131.658550064236749, 33.564535686944602 ], [ 131.6629572614263, 33.564290915600886 ], [ 131.665122801757519, 33.563491531195602 ], [ 131.668151072181558, 33.563164332265359 ], [ 131.669598379408626, 33.564436231630943 ], [ 131.67118272600095, 33.56628605841226 ], [ 131.672930935605024, 33.566378379703778 ], [ 131.674945048594424, 33.566783861548082 ], [ 131.679136647869313, 33.567142400831116 ], [ 131.684220251612714, 33.567812308027662 ], [ 131.686773803043565, 33.570744983225303 ], [ 131.687883294974597, 33.570009085557636 ], [ 131.687960893263039, 33.569819480892313 ], [ 131.687891164805364, 33.569573953580878 ], [ 131.687023145525814, 33.56883207503617 ], [ 131.687054128326508, 33.56858429766249 ], [ 131.689683328560903, 33.567492921332423 ], [ 131.691009859499104, 33.567037595233415 ], [ 131.691521231914606, 33.567044712224437 ], [ 131.692047982664633, 33.567751448387902 ], [ 131.693072571769079, 33.567652919322299 ], [ 131.693366390685441, 33.567792372952148 ], [ 131.692555060704933, 33.568670357116339 ], [ 131.69252650590019, 33.569917173100386 ], [ 131.692795407662118, 33.570808526886346 ], [ 131.694072779707113, 33.572889678346037 ], [ 131.696405743382599, 33.57224681043072 ], [ 131.697184873027567, 33.57061374191067 ], [ 131.695858987916864, 33.568352837228495 ] ] ] } },
{ "type": "Feature", "properties": { "CITY_NAME": "国東市", "S_NAME": "赤松", "JINKO": 95, "medical_area": "44_東部医療圏", "町丁目名": "国東市赤松" }, "geometry": { "type": "Polygon", "coordinates": [ [ [ 131.690088470530128, 33.564752638663656 ], [ 131.689558191645546, 33.56244250197895 ], [ 131.689946314176638, 33.560384224554099 ], [ 131.69009180402702, 33.55814526431466 ], [ 131.690393095863357, 33.55731834804466 ], [ 131.688777124001575, 33.556264382272687 ], [ 131.688137748920042, 33.555029153470663 ], [ 131.68715725702009, 33.554441562287181 ], [ 131.685783675316401, 33.553908828282651 ], [ 131.682850600780228, 33.553213393549001 ], [ 131.680831593684502, 33.55202442267656 ], [ 131.676794553545648, 33.551190909937212 ], [ 131.67295056180825, 33.549397375171523 ], [ 131.671028123896008, 33.548820044786723 ], [ 131.670624169730843, 33.548524323406269 ], [ 131.668195454786655, 33.545195529138091 ], [ 131.666484186138064, 33.54606957396755 ], [ 131.663966802722911, 33.547960496231205 ], [ 131.660034372878926, 33.548831875010627 ], [ 131.659822306406397, 33.549217166255701 ], [ 131.659175192700729, 33.549690040464156 ], [ 131.657417315878803, 33.550504254654783 ], [ 131.656805700771145, 33.551101540970855 ], [ 131.655738959171799, 33.551513959936059 ], [ 131.654819247829778, 33.552224656146606 ], [ 131.652970134346702, 33.552569818514272 ], [ 131.652235241407055, 33.553041107225212 ], [ 131.65139365430403, 33.552911513848656 ], [ 131.65118754653497, 33.552027589493846 ], [ 131.650313840963207, 33.550725570322477 ], [ 131.649634221187625, 33.550735190214645 ], [ 131.64808121819155, 33.551097571468063 ], [ 131.647731603506656, 33.551570199994664 ], [ 131.646543066797591, 33.552478920244205 ], [ 131.644999167028942, 33.553314708611161 ], [ 131.643809081884456, 33.555004031609379 ], [ 131.642767943947263, 33.555844574156858 ], [ 131.642686624252065, 33.556702392675284 ], [ 131.64210063665837, 33.557308914512156 ], [ 131.641730757975722, 33.557546532087457 ], [ 131.640496848511276, 33.55778192640765 ], [ 131.639917642097146, 33.558249454675739 ], [ 131.641124111164629, 33.559338635656481 ], [ 131.642391722792752, 33.560778191988298 ], [ 131.642360193882695, 33.56104850225617 ], [ 131.641570579392123, 33.561578658477472 ], [ 131.641505653126245, 33.562232034266955 ], [ 131.641770544413959, 33.562484010112847 ], [ 131.64367213432314, 33.562548962187648 ], [ 131.644558280662551, 33.563178201444046 ], [ 131.64864781266462, 33.563698819234773 ], [ 131.650531524378579, 33.564315111596272 ], [ 131.651429203409151, 33.564246152057144 ], [ 131.655087406628809, 33.563254226493719 ], [ 131.658583654405447, 33.563129747648283 ], [ 131.662912956287755, 33.562406944683815 ], [ 131.667850785106566, 33.56096869912308 ], [ 131.673442194585419, 33.560205848379915 ], [ 131.676231048054717, 33.560010982456738 ], [ 131.67698241729093, 33.560027630898837 ], [ 131.677843531525468, 33.560354681342702 ], [ 131.681527627708419, 33.562550773126034 ], [ 131.682958797024924, 33.562277512591258 ], [ 131.684046551886496, 33.563240317722574 ], [ 131.685611547959809, 33.563014011794316 ], [ 131.685905341029581, 33.563153483627985 ], [ 131.686319055690262, 33.56255010728507 ], [ 131.687150618817043, 33.562824385661706 ], [ 131.68805233384407, 33.563631235762053 ], [ 131.688786078695586, 33.565537071784604 ], [ 131.689693396966675, 33.565444609378041 ], [ 131.690088470530128, 33.564752638663656 ] ] ] } },
{ "type": "Feature", "properties": { "CITY_NAME": "国東市", "S_NAME": "横手", "JINKO": 298, "medical_area": "44_東部医療圏", "町丁目名": "国東市横手" }, "geometry": { "type": "Polygon", "coordinates": [ [ [ 131.646756796736213, 33.586542838602092 ], [ 131.647438330158195, 33.586035965906682 ], [ 131.650223926858075, 33.586091518515687 ], [ 131.651705173277776, 33.586291586566858 ], [ 131.653895788070002, 33.585757973633115 ], [ 131.655594116328729, 33.585626543123162 ], [ 131.658057714936206, 33.584826725203463 ], [ 131.660650515130243, 33.584426038872017 ], [ 131.661105364684204, 33.584215246100158 ], [ 131.661888068222339, 33.583464345250555 ], [ 131.664491937850471, 33.58278618233971 ], [ 131.665591970900408, 33.582841039515891 ], [ 131.667223458528611, 33.582542331477185 ], [ 131.667477414315812, 33.582678890351431 ], [ 131.668436103017399, 33.58409363828828 ], [ 131.669981570251082, 33.584391830715752 ], [ 131.671010930025034, 33.584419408706381 ], [ 131.671856480363772, 33.584219351553457 ], [ 131.672720352556468, 33.583598860180274 ], [ 131.673415105497952, 33.583836317744201 ], [ 131.674828504073702, 33.583416544740551 ], [ 131.675078262722252, 33.582968825314879 ], [ 131.6750793999378, 33.58127672119199 ], [ 131.674847205402642, 33.579281397879711 ], [ 131.67501633394167, 33.57859098593881 ], [ 131.677867036844248, 33.576571776596161 ], [ 131.679781891209728, 33.575785693181359 ], [ 131.680706804061202, 33.575572534180502 ], [ 131.681077226401896, 33.575258369687191 ], [ 131.681410689071583, 33.574556587053159 ], [ 131.682083587059537, 33.573909711738118 ], [ 131.684404540130146, 33.572540698900518 ], [ 131.686773803043565, 33.570744983225303 ], [ 131.684220251612714, 33.567812308027662 ], [ 131.679136647869313, 33.567142400831116 ], [ 131.674945048594424, 33.566783861548082 ], [ 131.672930935605024, 33.566378379703778 ], [ 131.67118272600095, 33.56628605841226 ], [ 131.669598379408626, 33.564436231630943 ], [ 131.668151072181558, 33.563164332265359 ], [ 131.665122801757519, 33.563491531195602 ], [ 131.6629572614263, 33.564290915600886 ], [ 131.658550064236749, 33.564535686944602 ], [ 131.658077641084077, 33.564408615742977 ], [ 131.658055639324232, 33.564114984946819 ], [ 131.658583654405447, 33.563129747648283 ], [ 131.655087406628809, 33.563254226493719 ], [ 131.650760777997306, 33.564326657509142 ], [ 131.64832350039444, 33.563639195946813 ], [ 131.644745894372534, 33.56322600797526 ], [ 131.64423762538641, 33.563038243620291 ], [ 131.64367213432314, 33.562548962187648 ], [ 131.641770544413959, 33.562484010112847 ], [ 131.641505653126245, 33.562232034266955 ], [ 131.641570579392123, 33.561578658477472 ], [ 131.642360193882695, 33.56104850225617 ], [ 131.642391722792752, 33.560778191988298 ], [ 131.641124111164629, 33.559338635656481 ], [ 131.639917642097146, 33.558249454675739 ], [ 131.639006172488877, 33.558569530466855 ], [ 131.638709003852568, 33.558868117904609 ], [ 131.638197916893631, 33.558950034951287 ], [ 131.637486367239092, 33.559507234251527 ], [ 131.636528317223053, 33.559404735379658 ], [ 131.6351483276068, 33.559970986939284 ], [ 131.634062245304449, 33.55977008427935 ], [ 131.633272001439849, 33.560029761678997 ], [ 131.632273850127348, 33.560065538199716 ], [ 131.631501483252151, 33.560343357787339 ], [ 131.631104173862667, 33.560980068479324 ], [ 131.630807178417598, 33.56111619549187 ], [ 131.63036957051105, 33.560637654729597 ], [ 131.629536568914091, 33.560422849913387 ], [ 131.628841555849391, 33.56074100986239 ], [ 131.628252690245887, 33.560682853596482 ], [ 131.627541325515324, 33.560875703926044 ], [ 131.626588618875928, 33.561339810731013 ], [ 131.625649079455911, 33.56104077624186 ], [ 131.624184526082615, 33.561119310611822 ], [ 131.624048860385386, 33.560922226752886 ], [ 131.622328447889004, 33.56300306756544 ], [ 131.621723084827096, 33.56340960848727 ], [ 131.62107216530552, 33.563488920004907 ], [ 131.620904420748388, 33.564052815286452 ], [ 131.620607844685566, 33.564410497819466 ], [ 131.620910755316089, 33.564779088089516 ], [ 131.620869545395095, 33.565058495887918 ], [ 131.619990422470664, 33.566081406505177 ], [ 131.619738066005311, 33.567052955326915 ], [ 131.619771085752234, 33.567793921673001 ], [ 131.619289952321964, 33.568227655092315 ], [ 131.618316213286732, 33.569972684521346 ], [ 131.618249186482757, 33.570361686410045 ], [ 131.61642148793814, 33.570144370106355 ], [ 131.615951273351271, 33.570348002545089 ], [ 131.615244440558484, 33.570945035214258 ], [ 131.61444772959635, 33.571964111124785 ], [ 131.614532197204028, 33.573105781483868 ], [ 131.61378580464438, 33.57336780068826 ], [ 131.613306353203967, 33.574017266417641 ], [ 131.612901795061248, 33.574161812778989 ], [ 131.612630149148259, 33.574572641977845 ], [ 131.611950088232476, 33.575018249588481 ], [ 131.613115477149194, 33.57661293765721 ], [ 131.61386122380739, 33.577288904042277 ], [ 131.61546837777621, 33.578213964522618 ], [ 131.616675755603723, 33.578457108621095 ], [ 131.619752839093081, 33.578005366758447 ], [ 131.620910253637078, 33.578022102622043 ], [ 131.625182640361118, 33.579700417908064 ], [ 131.628692825051417, 33.580177385856537 ], [ 131.633239437868411, 33.58144317258116 ], [ 131.635066189653429, 33.581682708300789 ], [ 131.636314377744355, 33.582530876558955 ], [ 131.637395324361421, 33.583877575930188 ], [ 131.638430179156273, 33.584772351391898 ], [ 131.640936381862531, 33.58622968297378 ], [ 131.6417674698626, 33.586444635649279 ], [ 131.645433832811278, 33.586181181925006 ], [ 131.646756796736213, 33.586542838602092 ] ] ] } },
{ "type": "Feature", "properties": { "CITY_NAME": "国東市", "S_NAME": "田深", "JINKO": 976, "medical_area": "44_東部医療圏", "町丁目名": "国東市田深" }, "geometry": { "type": "Polygon", "coordinates": [ [ [ 131.729265500044761, 33.578344787673984 ], [ 131.731680666918493, 33.577996550254539 ], [ 131.733166638769745, 33.57822771161355 ], [ 131.732798810497712, 33.575441313089883 ], [ 131.733006517489088, 33.572863983921309 ], [ 131.733198421015487, 33.572628414633151 ], [ 131.733604747415512, 33.57278289778219 ], [ 131.733254219093482, 33.572599203006959 ], [ 131.733444321403283, 33.57253947245929 ], [ 131.734730975506636, 33.572854688966288 ], [ 131.73570743065045, 33.572450800396808 ], [ 131.734728444656213, 33.57281412795772 ], [ 131.73372748766829, 33.572518888413057 ], [ 131.734394625974346, 33.570909946713456 ], [ 131.734211059290033, 33.570856013605272 ], [ 131.734308981070683, 33.570583133091624 ], [ 131.735645639375662, 33.57097808739541 ], [ 131.735506001647764, 33.571665947890814 ], [ 131.735719706873937, 33.570951495945629 ], [ 131.734141107649748, 33.570474126038391 ], [ 131.734682860425949, 33.569455609628257 ], [ 131.735201705799369, 33.569792465875857 ], [ 131.735393733749362, 33.569573122979257 ], [ 131.734916548650205, 33.56867789635298 ], [ 131.734892803499321, 33.56777814561574 ], [ 131.734231468744582, 33.567137350685016 ], [ 131.734413773844921, 33.567042475565898 ], [ 131.734327238046262, 33.566878887279593 ], [ 131.734483066627206, 33.566957321795051 ], [ 131.735272844350305, 33.566485561615906 ], [ 131.735607809480882, 33.566862279406749 ], [ 131.735430015706015, 33.568517933032247 ], [ 131.736474039911428, 33.569444087427797 ], [ 131.737039988425892, 33.570677420651421 ], [ 131.73678011283215, 33.569974259591866 ], [ 131.73752256375829, 33.569378314396971 ], [ 131.736640781009726, 33.568653202929099 ], [ 131.737540287385116, 33.567913884569201 ], [ 131.739554604036243, 33.56957899291632 ], [ 131.739347476619031, 33.571334098900515 ], [ 131.739632979139571, 33.569553270050122 ], [ 131.736854718064336, 33.567204721675708 ], [ 131.736477620688333, 33.567070797653464 ], [ 131.736302345433899, 33.566841910671997 ], [ 131.736414082844078, 33.566681654091127 ], [ 131.734948649651585, 33.565330612690246 ], [ 131.732305999158541, 33.564663871881727 ], [ 131.730046989380526, 33.564799082205496 ], [ 131.728340253822438, 33.564555932195411 ], [ 131.727552414644123, 33.564628071665759 ], [ 131.725852496390615, 33.56519121786738 ], [ 131.72444412117008, 33.565895390957181 ], [ 131.724612348376411, 33.566301889878417 ], [ 131.724429721908365, 33.56736978703848 ], [ 131.724701848165495, 33.56908659897141 ], [ 131.724645247971381, 33.56993908397888 ], [ 131.726480311348951, 33.570010540526127 ], [ 131.727115842951122, 33.570467206538282 ], [ 131.728074465187774, 33.570786832568224 ], [ 131.728352360803001, 33.57197689677281 ], [ 131.728573594603318, 33.572057420868603 ], [ 131.728727560524902, 33.572545819028178 ], [ 131.728779103071588, 33.573596077991276 ], [ 131.729244253973349, 33.574142496053085 ], [ 131.728046549008553, 33.575215212209521 ], [ 131.727460264339328, 33.576113445747723 ], [ 131.72712624665408, 33.57714989259015 ], [ 131.727918903375183, 33.577108243888276 ], [ 131.729265500044761, 33.578344787673984 ] ] ] } },
{ "type": "Feature", "properties": { "CITY_NAME": "国東市", "S_NAME": "北江", "JINKO": 679, "medical_area": "44_東部医療圏", "町丁目名": "国東市北江" }, "geometry": { "type": "Polygon", "coordinates": [ [ [ 131.701101424943687, 33.586845569625062 ], [ 131.703337927548262, 33.585341438237947 ], [ 131.70435529341222, 33.585703586199891 ], [ 131.70708908552723, 33.585492732585358 ], [ 131.708100975058215, 33.585181346805435 ], [ 131.708864916032326, 33.584550818381253 ], [ 131.709508033831412, 33.584729377227298 ], [ 131.709556059223303, 33.584292744063738 ], [ 131.710300313126652, 33.584230937638317 ], [ 131.710631940977976, 33.583452237020381 ], [ 131.710975782834453, 33.583384727654909 ], [ 131.711279729855022, 33.583707765918945 ], [ 131.711404581238838, 33.584503406960735 ], [ 131.712247090300821, 33.58530737414408 ], [ 131.714197902172117, 33.586541261931252 ], [ 131.716128652218316, 33.58682576990833 ], [ 131.716322152381366, 33.587193032130777 ], [ 131.71574200123041, 33.58759204346579 ], [ 131.715913028846927, 33.588000185077135 ], [ 131.716965710111822, 33.588275677254764 ], [ 131.717087098937043, 33.588033748598264 ], [ 131.718228513190496, 33.588280718094559 ], [ 131.719104609259318, 33.588991165583792 ], [ 131.720417357653503, 33.589029388992678 ], [ 131.721290023705251, 33.589951869737661 ], [ 131.72301129011646, 33.589619846880069 ], [ 131.724605641603802, 33.589764263998873 ], [ 131.72553583308877, 33.588652521172733 ], [ 131.726225231826987, 33.588258074177823 ], [ 131.727675140191849, 33.58785195297078 ], [ 131.72950465385594, 33.588259613458753 ], [ 131.730027050200306, 33.587986052753394 ], [ 131.731153041689879, 33.582640795411699 ], [ 131.732155962060887, 33.58276655364125 ], [ 131.731161377369034, 33.582601088826557 ], [ 131.73122949857526, 33.582375278104472 ], [ 131.733388705314468, 33.582679943994556 ], [ 131.732097140713392, 33.582427868131695 ], [ 131.732115599661029, 33.582191537281254 ], [ 131.732296646096586, 33.581564747859296 ], [ 131.732562407689272, 33.581522610520253 ], [ 131.732758802361616, 33.581558400287257 ], [ 131.733196729091105, 33.582270829362791 ], [ 131.733459879390665, 33.582298123814276 ], [ 131.733245818616354, 33.582213729334477 ], [ 131.732836842870398, 33.581491234225098 ], [ 131.73297850576526, 33.581044968639922 ], [ 131.733784593799527, 33.580696718222654 ], [ 131.733586311869516, 33.580567148863459 ], [ 131.73376170565075, 33.579770877385229 ], [ 131.733357005762059, 33.579812918825922 ], [ 131.733231524348156, 33.579244708453423 ], [ 131.734039795698095, 33.578519554164295 ], [ 131.733574040881933, 33.578596223895346 ], [ 131.733166638769745, 33.57822771161355 ], [ 131.731680666918493, 33.577996550254539 ], [ 131.729265500044761, 33.578344787673984 ], [ 131.727918903375183, 33.577108243888276 ], [ 131.72712624665408, 33.57714989259015 ], [ 131.727460264339328, 33.576113445747723 ], [ 131.728046549008553, 33.575215212209521 ], [ 131.729244253973349, 33.574142496053085 ], [ 131.728779103071588, 33.573596077991276 ], [ 131.728727560524902, 33.572545819028178 ], [ 131.728573594603318, 33.572057420868603 ], [ 131.728352360803001, 33.57197689677281 ], [ 131.728074465187774, 33.570786832568224 ], [ 131.727115842951122, 33.570467206538282 ], [ 131.726480311348951, 33.570010540526127 ], [ 131.724645247971381, 33.56993908397888 ], [ 131.724701848165495, 33.56908659897141 ], [ 131.724429721908365, 33.56736978703848 ], [ 131.724612348376411, 33.566301889878417 ], [ 131.72444412117008, 33.565895390957181 ], [ 131.721485701087403, 33.566605245691804 ], [ 131.719636998978558, 33.566738008470722 ], [ 131.719534716275234, 33.567393861945234 ], [ 131.720020106982247, 33.570781896787807 ], [ 131.719893628613733, 33.570985397090404 ], [ 131.71786821056287, 33.570905213019223 ], [ 131.716289016785652, 33.571863350406723 ], [ 131.715724852796711, 33.571851910025565 ], [ 131.715515388155495, 33.57406922174259 ], [ 131.716368916198803, 33.57553433111962 ], [ 131.716020927676539, 33.576258998745509 ], [ 131.713994473052622, 33.577388333579258 ], [ 131.712471069185113, 33.577522442113818 ], [ 131.711933922798096, 33.57800881362499 ], [ 131.711720494964084, 33.577823504877578 ], [ 131.711596064352335, 33.576902979086583 ], [ 131.711421187915988, 33.576790251288593 ], [ 131.709808876993122, 33.578020946688561 ], [ 131.708943147000952, 33.578494518071061 ], [ 131.707385380726919, 33.579929213094843 ], [ 131.705211041290283, 33.580870597357261 ], [ 131.702516040346921, 33.583507656226011 ], [ 131.701203286408798, 33.584253741824689 ], [ 131.700392277821976, 33.584512831475266 ], [ 131.699393246044053, 33.585226658664347 ], [ 131.697507076524346, 33.585167118499456 ], [ 131.697295083635851, 33.585818350179267 ], [ 131.696506065618905, 33.586775056298698 ], [ 131.695537335071322, 33.587479880205954 ], [ 131.694529236791851, 33.587915546622916 ], [ 131.693548236956104, 33.589242602886884 ], [ 131.692884021556608, 33.589705106412708 ], [ 131.691817241453265, 33.589900554109065 ], [ 131.690892096909465, 33.590623270854778 ], [ 131.691727115586389, 33.591033165307493 ], [ 131.693093917445822, 33.590920605794679 ], [ 131.696979405614258, 33.589689998922232 ], [ 131.699562206176978, 33.587937374166088 ], [ 131.700558087202467, 33.587397663898393 ], [ 131.701388074233762, 33.587166573765074 ], [ 131.701101424943687, 33.586845569625062 ] ] ] } },
{ "type": "Feature", "properties": { "CITY_NAME": "国東市", "S_NAME": "川原", "JINKO": 251, "medical_area": "44_東部医療圏", "町丁目名": "国東市川原" }, "geometry": { "type": "Polygon", "coordinates": [ [ [ 131.711421187915988, 33.576790251288593 ], [ 131.711596064352335, 33.576902979086583 ], [ 131.711720494964084, 33.577823504877578 ], [ 131.711933922798096, 33.57800881362499 ], [ 131.712471069185113, 33.577522442113818 ], [ 131.713994473052622, 33.577388333579258 ], [ 131.716020927676539, 33.576258998745509 ], [ 131.716368916198803, 33.57553433111962 ], [ 131.715515388155495, 33.57406922174259 ], [ 131.715724852796711, 33.571851910025565 ], [ 131.716289016785652, 33.571863350406723 ], [ 131.71786821056287, 33.570905213019223 ], [ 131.719893628613733, 33.570985397090404 ], [ 131.720020106982247, 33.570781896787807 ], [ 131.719534716275234, 33.567393861945234 ], [ 131.719636998978558, 33.566738008470722 ], [ 131.717594932862823, 33.566841779596018 ], [ 131.71613090180125, 33.567143478550776 ], [ 131.715697536606882, 33.567367623019294 ], [ 131.714468641391647, 33.568545102474069 ], [ 131.712747773129422, 33.568993697952131 ], [ 131.708741471132385, 33.568719106183487 ], [ 131.707623700949227, 33.569077665730909 ], [ 131.706343702318549, 33.569790865828296 ], [ 131.703491547664697, 33.570062111801029 ], [ 131.701836947709779, 33.569524956076926 ], [ 131.698619891924182, 33.568846335660979 ], [ 131.698058071240979, 33.568458472114102 ], [ 131.695479642342889, 33.565582452579932 ], [ 131.694149336981951, 33.565107090934255 ], [ 131.692886012021205, 33.565236725799053 ], [ 131.69451648931377, 33.568026076822747 ], [ 131.695465943379162, 33.568028188374477 ], [ 131.695858987916864, 33.568352837228495 ], [ 131.697184873027567, 33.57061374191067 ], [ 131.696405743382599, 33.57224681043072 ], [ 131.697908204692538, 33.574128744165186 ], [ 131.698018416005539, 33.575359978723725 ], [ 131.696747836944809, 33.576925727260736 ], [ 131.697134559864395, 33.577285376583816 ], [ 131.69634797965162, 33.578872737032249 ], [ 131.694943094126245, 33.580265478818532 ], [ 131.694664406447828, 33.580828465987601 ], [ 131.694378862555027, 33.582402084829035 ], [ 131.694426687567386, 33.582788579172004 ], [ 131.694682981769205, 33.583148967509452 ], [ 131.697573869133379, 33.584806852758703 ], [ 131.697507076524346, 33.585167118499456 ], [ 131.699393246044053, 33.585226658664347 ], [ 131.700392277821976, 33.584512831475266 ], [ 131.701203286408798, 33.584253741824689 ], [ 131.702516040346921, 33.583507656226011 ], [ 131.705211041290283, 33.580870597357261 ], [ 131.707385380726919, 33.579929213094843 ], [ 131.708943147000952, 33.578494518071061 ], [ 131.709808876993122, 33.578020946688561 ], [ 131.711421187915988, 33.576790251288593 ] ] ] } },
{ "type": "Feature", "properties": { "CITY_NAME": "国東市", "S_NAME": "原", "JINKO": 170, "medical_area": "44_東部医療圏", "町丁目名": "国東市原" }, "geometry": { "type": "Polygon", "coordinates": [ [ [ 131.708741471132385, 33.568719106183487 ], [ 131.710302553142839, 33.568786115975954 ], [ 131.710954830990545, 33.567607228059451 ], [ 131.712093402489586, 33.566986660635955 ], [ 131.712447400062189, 33.566451169504283 ], [ 131.714426224582866, 33.565409864035274 ], [ 131.714690607634395, 33.564825816614245 ], [ 131.714554922904824, 33.563233071835214 ], [ 131.714002732083543, 33.563279640526218 ], [ 131.713057830205599, 33.562893441471694 ], [ 131.711706249136228, 33.562751255351884 ], [ 131.711329049891049, 33.56254733649569 ], [ 131.710738844782526, 33.561792646211373 ], [ 131.710066134687793, 33.561433148991533 ], [ 131.709957416496479, 33.561236390689018 ], [ 131.710094535589263, 33.560233413618704 ], [ 131.709046613952268, 33.558681914664639 ], [ 131.707397661592552, 33.55853797712944 ], [ 131.70626344587825, 33.558173031203445 ], [ 131.705859569103069, 33.557767501739704 ], [ 131.705675066764513, 33.556691337546461 ], [ 131.70489197232331, 33.556418035900741 ], [ 131.701879778084447, 33.556209069188931 ], [ 131.700540777255185, 33.555832692316017 ], [ 131.696357625080225, 33.555163655411143 ], [ 131.695606130320925, 33.55536377363245 ], [ 131.694675375968899, 33.555215881848987 ], [ 131.694188252072337, 33.555302611771097 ], [ 131.69287654436755, 33.556179351142276 ], [ 131.690622123688712, 33.556684178590771 ], [ 131.691361390783044, 33.557016812787005 ], [ 131.690393095863357, 33.55731834804466 ], [ 131.69009180402702, 33.55814526431466 ], [ 131.689946314176638, 33.560384224554099 ], [ 131.689558191645546, 33.56244250197895 ], [ 131.690088470530128, 33.564752638663656 ], [ 131.689679637791528, 33.565444509233799 ], [ 131.690696928882403, 33.565473188858711 ], [ 131.693570094213214, 33.565071341609524 ], [ 131.69446500221261, 33.565190736474449 ], [ 131.695818759549724, 33.565825689487603 ], [ 131.69638454057889, 33.566642781820541 ], [ 131.698377979833452, 33.568722696530045 ], [ 131.701836947709779, 33.569524956076926 ], [ 131.70312841064802, 33.570006478969475 ], [ 131.703865218061964, 33.570078199506497 ], [ 131.706343702318549, 33.569790865828296 ], [ 131.707623700949227, 33.569077665730909 ], [ 131.708741471132385, 33.568719106183487 ] ] ] } },
{ "type": "Feature", "properties": { "CITY_NAME": "国東市", "S_NAME": "安国寺", "JINKO": 413, "medical_area": "44_東部医療圏", "町丁目名": "国東市安国寺" }, "geometry": { "type": "Polygon", "coordinates": [ [ [ 131.724028075622272, 33.566094707755902 ], [ 131.726631652967768, 33.564884737636326 ], [ 131.727990961405624, 33.564565482923364 ], [ 131.729679565712416, 33.564793740238144 ], [ 131.732528866279495, 33.56468995910577 ], [ 131.732550736069328, 33.564458773103894 ], [ 131.731660011403505, 33.56429284697353 ], [ 131.731206355228693, 33.563988491438614 ], [ 131.731642203047983, 33.563905755842214 ], [ 131.731663298239198, 33.562900958408648 ], [ 131.732183784675613, 33.562887673918461 ], [ 131.732186859853954, 33.56119255826188 ], [ 131.731804893143391, 33.561177270472889 ], [ 131.73132200410862, 33.560627873347805 ], [ 131.731875967135352, 33.560375234828378 ], [ 131.731634572468124, 33.560136374222509 ], [ 131.731235540305107, 33.560102131506042 ], [ 131.731370473035952, 33.55924910234782 ], [ 131.730365264313349, 33.558860539035102 ], [ 131.730108505521684, 33.558524202892002 ], [ 131.729934837431216, 33.556720976054486 ], [ 131.729291985145863, 33.554590481160375 ], [ 131.727860706526599, 33.555136802800483 ], [ 131.727068719423244, 33.555959513191041 ], [ 131.725158821395837, 33.556020677174487 ], [ 131.723947650497109, 33.555290559063138 ], [ 131.721910794749618, 33.555147949114293 ], [ 131.720411593227794, 33.556744605842432 ], [ 131.719002079837367, 33.556576777115758 ], [ 131.717761748486424, 33.557343937508286 ], [ 131.71679164882508, 33.557325242582237 ], [ 131.716055960260263, 33.557490381227694 ], [ 131.714925696927992, 33.556207221637997 ], [ 131.711547609277346, 33.555695040182243 ], [ 131.70862585068781, 33.555969341405238 ], [ 131.705675066764513, 33.556691337546461 ], [ 131.705859569103069, 33.557767501739704 ], [ 131.70626344587825, 33.558173031203445 ], [ 131.707397661592552, 33.55853797712944 ], [ 131.709154457479684, 33.558772099592503 ], [ 131.710094535589263, 33.560233413618704 ], [ 131.709957416496479, 33.561236390689018 ], [ 131.710066134687793, 33.561433148991533 ], [ 131.710738844782526, 33.561792646211373 ], [ 131.711329049891049, 33.56254733649569 ], [ 131.711706249136228, 33.562751255351884 ], [ 131.713057830205599, 33.562893441471694 ], [ 131.714002732083543, 33.563279640526218 ], [ 131.714554922904824, 33.563233071835214 ], [ 131.714690607634395, 33.564825816614245 ], [ 131.714507702853183, 33.56532074315701 ], [ 131.713504175782816, 33.565986911869899 ], [ 131.712447400062189, 33.566451169504283 ], [ 131.712093402489586, 33.566986660635955 ], [ 131.710954830990545, 33.567607228059451 ], [ 131.710302553142839, 33.568786115975954 ], [ 131.712747773129422, 33.568993697952131 ], [ 131.714468641391647, 33.568545102474069 ], [ 131.715697536606882, 33.567367623019294 ], [ 131.71613090180125, 33.567143478550776 ], [ 131.717594932862823, 33.566841779596018 ], [ 131.721485701087403, 33.566605245691804 ], [ 131.724028075622272, 33.566094707755902 ] ] ] } },
{ "type": "Feature", "properties": { "CITY_NAME": "国東市", "S_NAME": "鶴川", "JINKO": 1527, "medical_area": "44_東部医療圏", "町丁目名": "国東市鶴川" }, "geometry": { "type": "Polygon", "coordinates": [ [ [ 131.738880266933904, 33.567162878087117 ], [ 131.736984389984173, 33.566240060281046 ], [ 131.737299361424618, 33.565784628426172 ], [ 131.737904687461025, 33.565912644666788 ], [ 131.738210613415106, 33.566177733639833 ], [ 131.737996224930754, 33.565911218755069 ], [ 131.737443372159476, 33.565749499130106 ], [ 131.737608262591522, 33.565377908552215 ], [ 131.737719601370713, 33.565429549710331 ], [ 131.737100821988747, 33.564984189960292 ], [ 131.736305196732843, 33.565267569450647 ], [ 131.736164665622027, 33.564449666235369 ], [ 131.736834398843882, 33.564424054220645 ], [ 131.737195854517353, 33.564630169675596 ], [ 131.737433802636559, 33.564877632215392 ], [ 131.737355889325755, 33.56495745194632 ], [ 131.739379088702833, 33.56679651186527 ], [ 131.738110056997357, 33.565492135725364 ], [ 131.738097186031325, 33.565244248785191 ], [ 131.738266164572252, 33.56472026281611 ], [ 131.739446348674221, 33.563172567779603 ], [ 131.739685212293978, 33.562507168353676 ], [ 131.740726656453802, 33.562757921119974 ], [ 131.740099991962296, 33.56252272288156 ], [ 131.740582810957932, 33.561427000059886 ], [ 131.740448919276446, 33.561384513029203 ], [ 131.740521765662237, 33.561214589328841 ], [ 131.741529481344372, 33.561546689233047 ], [ 131.741279036310829, 33.562875461861076 ], [ 131.741415936164401, 33.562885455122945 ], [ 131.741695706168201, 33.561463626098281 ], [ 131.740492879314786, 33.561112864698657 ], [ 131.740523381082767, 33.560900786351731 ], [ 131.739872477405726, 33.559715334077495 ], [ 131.73953183966853, 33.559670488759231 ], [ 131.739846768075608, 33.559600980778065 ], [ 131.739782767315404, 33.558537374913499 ], [ 131.739958147199872, 33.557247833352442 ], [ 131.739759444973316, 33.557063258975177 ], [ 131.740071473339214, 33.557029835190313 ], [ 131.740157570219964, 33.556390920247722 ], [ 131.740379439665901, 33.556016310537963 ], [ 131.741173825333675, 33.555836644642774 ], [ 131.741866279298364, 33.555208502336271 ], [ 131.741856906625827, 33.554869546446945 ], [ 131.741003651666063, 33.554824147108768 ], [ 131.740996882811515, 33.553783657053529 ], [ 131.741823328817787, 33.553705656925651 ], [ 131.740701436322126, 33.553737628529717 ], [ 131.737351533573332, 33.552501320507062 ], [ 131.736450017173411, 33.552406938216706 ], [ 131.736240440013859, 33.552277297588525 ], [ 131.736027831771651, 33.551779887972408 ], [ 131.735580937844134, 33.551751406398125 ], [ 131.735313700238976, 33.551846473879323 ], [ 131.734716712091483, 33.552554353146263 ], [ 131.734371791151972, 33.552696650188267 ], [ 131.731018212532831, 33.552713370225831 ], [ 131.730219310928817, 33.552877000369698 ], [ 131.725792341933897, 33.554979086065956 ], [ 131.725372891137681, 33.555348095947046 ], [ 131.723947650497109, 33.555290559063138 ], [ 131.725101609985359, 33.556010938247425 ], [ 131.727068719423244, 33.555959513191041 ], [ 131.727860706526599, 33.555136802800483 ], [ 131.729291985145863, 33.554590481160375 ], [ 131.729934837431216, 33.556720976054486 ], [ 131.730108505521684, 33.558524202892002 ], [ 131.730365264313349, 33.558860539035102 ], [ 131.731370473035952, 33.55924910234782 ], [ 131.731235540305107, 33.560102131506042 ], [ 131.731634572468124, 33.560136374222509 ], [ 131.731875967135352, 33.560375234828378 ], [ 131.73132200410862, 33.560627873347805 ], [ 131.731804893143391, 33.561177270472889 ], [ 131.732186859853954, 33.56119255826188 ], [ 131.732183784675613, 33.562887673918461 ], [ 131.731663298239198, 33.562900958408648 ], [ 131.731642203047983, 33.563905755842214 ], [ 131.731206355228693, 33.563988491438614 ], [ 131.731660011403505, 33.56429284697353 ], [ 131.732550736069328, 33.564458773103894 ], [ 131.732528866279495, 33.56468995910577 ], [ 131.733985907505257, 33.56471777286918 ], [ 131.734739222420018, 33.564892737423165 ], [ 131.735949381949638, 33.565739443583098 ], [ 131.73866396871216, 33.56717769494891 ], [ 131.738880266933904, 33.567162878087117 ] ] ] } },
{ "type": "Feature", "properties": { "CITY_NAME": "国東市", "S_NAME": "小原", "JINKO": 957, "medical_area": "44_東部医療圏", "町丁目名": "国東市小原" }, "geometry": { "type": "Polygon", "coordinates": [ [ [ 131.716055960260263, 33.557490381227694 ], [ 131.717761748486424, 33.557343937508286 ], [ 131.719002079837367, 33.556576777115758 ], [ 131.720411593227794, 33.556744605842432 ], [ 131.721910794749618, 33.555147949114293 ], [ 131.725372891137681, 33.555348095947046 ], [ 131.725792341933897, 33.554979086065956 ], [ 131.730219310928817, 33.552877000369698 ], [ 131.731018212532831, 33.552713370225831 ], [ 131.734371791151972, 33.552696650188267 ], [ 131.734716712091483, 33.552554353146263 ], [ 131.735313700238976, 33.551846473879323 ], [ 131.735580937844134, 33.551751406398125 ], [ 131.736027831771651, 33.551779887972408 ], [ 131.736240440013859, 33.552277297588525 ], [ 131.736450017173411, 33.552406938216706 ], [ 131.737351533573332, 33.552501320507062 ], [ 131.740158054648788, 33.553465124295876 ], [ 131.740182864242001, 33.552407150026944 ], [ 131.740387561340583, 33.551785558764905 ], [ 131.740206460947974, 33.550999462187406 ], [ 131.740569249847454, 33.550359807244369 ], [ 131.740575288257105, 33.549676285494805 ], [ 131.740400761806598, 33.549157943047049 ], [ 131.740686055788444, 33.548517870953525 ], [ 131.740688262408639, 33.547641389191789 ], [ 131.740996499156324, 33.547167075302809 ], [ 131.740811245209557, 33.546406258198346 ], [ 131.741260565407202, 33.545301713830384 ], [ 131.741427453135117, 33.545299798177318 ], [ 131.741322267158523, 33.545217480403799 ], [ 131.741468185033341, 33.545025455873962 ], [ 131.74169248990674, 33.545068280352282 ], [ 131.741345497840967, 33.544656500373435 ], [ 131.741726833155923, 33.543788600738061 ], [ 131.742018621507157, 33.543537973262886 ], [ 131.741111040318316, 33.543422598052778 ], [ 131.742174607836972, 33.543520801018289 ], [ 131.742295991126042, 33.543234246934617 ], [ 131.74276385635909, 33.543043884129631 ], [ 131.743101381173005, 33.543224027576791 ], [ 131.744067835087463, 33.543298459253229 ], [ 131.745068563199339, 33.542837092080717 ], [ 131.745089922020554, 33.542570967357555 ], [ 131.744915042618544, 33.542513410202929 ], [ 131.74503774415669, 33.542381928080161 ], [ 131.744804186415621, 33.542269706543344 ], [ 131.745040583602332, 33.541967137217682 ], [ 131.744659744112511, 33.5417485158641 ], [ 131.744358401352684, 33.541893680498191 ], [ 131.744301320644553, 33.541770500157824 ], [ 131.744495773259132, 33.54171702659589 ], [ 131.743691002070591, 33.541414410319241 ], [ 131.743113263627293, 33.540332230643962 ], [ 131.742848459140333, 33.539210343707488 ], [ 131.742839501501777, 33.537777600810443 ], [ 131.742675325392099, 33.537720892209542 ], [ 131.742733809903228, 33.537506849561353 ], [ 131.7423283342508, 33.537434433484954 ], [ 131.742694779797915, 33.537349288961771 ], [ 131.742278646889929, 33.537161513475901 ], [ 131.742394414456072, 33.536976890827901 ], [ 131.741988298872968, 33.537075797320341 ], [ 131.741670201390917, 33.536773841897961 ], [ 131.74106052983808, 33.537120130819837 ], [ 131.740454879610184, 33.536931686938217 ], [ 131.739706666612165, 33.537575437097487 ], [ 131.738865276740825, 33.537768016482588 ], [ 131.738598839759248, 33.537456728454487 ], [ 131.739267998000372, 33.537011826693565 ], [ 131.739596954425053, 33.537335349480358 ], [ 131.741000809649364, 33.535925756513763 ], [ 131.740197666940333, 33.536568041996844 ], [ 131.739873515269721, 33.536304897411412 ], [ 131.739125513222774, 33.536716000964915 ], [ 131.740728067004682, 33.535753355597166 ], [ 131.740004730163093, 33.536037200927133 ], [ 131.739841520725179, 33.535955227871085 ], [ 131.738832163832171, 33.534503234658423 ], [ 131.736535228914335, 33.535435291775229 ], [ 131.736166047329988, 33.535743566780368 ], [ 131.735116879040106, 33.535874167061849 ], [ 131.733272054448406, 33.53650568179566 ], [ 131.732299702510517, 33.537180549327175 ], [ 131.729624735420259, 33.53741975151096 ], [ 131.72738685193255, 33.538636625961203 ], [ 131.727350678136048, 33.538978280372199 ], [ 131.727588158078674, 33.539361475087681 ], [ 131.72599385776897, 33.539798564735598 ], [ 131.725055031270387, 33.540358704129318 ], [ 131.723256533805056, 33.540855808058538 ], [ 131.722552886628392, 33.540576061396862 ], [ 131.718491557781931, 33.540626095852801 ], [ 131.717252331914182, 33.540990285494999 ], [ 131.71557185985526, 33.541025573977223 ], [ 131.714666639491952, 33.541325076236156 ], [ 131.7136246191493, 33.541325975125268 ], [ 131.71164969566766, 33.541801805201288 ], [ 131.710354216009989, 33.541793777333353 ], [ 131.708838726037101, 33.541358478093272 ], [ 131.706538625440913, 33.54117967931878 ], [ 131.705654598406028, 33.541627276980371 ], [ 131.703178038119745, 33.541624154901314 ], [ 131.698894531205184, 33.542460128581233 ], [ 131.69816943763837, 33.542482246489435 ], [ 131.694448176696994, 33.541838683761817 ], [ 131.69339524886098, 33.542018080021386 ], [ 131.69016120221869, 33.541614341659113 ], [ 131.688837517386048, 33.541634171446432 ], [ 131.684880066810734, 33.542737338187209 ], [ 131.683820678744524, 33.542417520026518 ], [ 131.683062844451712, 33.541601095981584 ], [ 131.682613047604121, 33.541397487897505 ], [ 131.678983234405251, 33.540607064567425 ], [ 131.67756929769547, 33.541416512067137 ], [ 131.676416370698746, 33.542583568311841 ], [ 131.674946593433646, 33.5427955757334 ], [ 131.674004406957209, 33.542484443334253 ], [ 131.672934432188072, 33.5426442747682 ], [ 131.672545027037273, 33.542823479165754 ], [ 131.672341677416824, 33.543282707446657 ], [ 131.671535342360272, 33.543951212333937 ], [ 131.670457861946687, 33.544636536629412 ], [ 131.669463997524247, 33.545044560585623 ], [ 131.668557231206194, 33.545025431094864 ], [ 131.668195454786655, 33.545195529138091 ], [ 131.670624169730843, 33.548524323406269 ], [ 131.671028123896008, 33.548820044786723 ], [ 131.67295056180825, 33.549397375171523 ], [ 131.676794553545648, 33.551190909937212 ], [ 131.680831593684502, 33.55202442267656 ], [ 131.682850600780228, 33.553213393549001 ], [ 131.685783675316401, 33.553908828282651 ], [ 131.68715725702009, 33.554441562287181 ], [ 131.688137748920042, 33.555029153470663 ], [ 131.688777124001575, 33.556264382272687 ], [ 131.690393095863357, 33.55731834804466 ], [ 131.691361390783044, 33.557016812787005 ], [ 131.690622123688712, 33.556684178590771 ], [ 131.69287654436755, 33.556179351142276 ], [ 131.694188252072337, 33.555302611771097 ], [ 131.694675375968899, 33.555215881848987 ], [ 131.695606130320925, 33.55536377363245 ], [ 131.696357625080225, 33.555163655411143 ], [ 131.700540777255185, 33.555832692316017 ], [ 131.701879778084447, 33.556209069188931 ], [ 131.704841547682804, 33.556404303273368 ], [ 131.705675066764513, 33.556691337546461 ], [ 131.70862585068781, 33.555969341405238 ], [ 131.711547609277346, 33.555695040182243 ], [ 131.714925696927992, 33.556207221637997 ], [ 131.715785317108868, 33.557330452160706 ], [ 131.716055960260263, 33.557490381227694 ] ] ] } },
{ "type": "Feature", "properties": { "CITY_NAME": "国東市", "S_NAME": "治郎丸", "JINKO": 297, "medical_area": "44_東部医療圏", "町丁目名": "国東市治郎丸" }, "geometry": { "type": "Polygon", "coordinates": [ [ [ 131.689162500809687, 33.541625779522114 ], [ 131.69016120221869, 33.541614341659113 ], [ 131.69339524886098, 33.542018080021386 ], [ 131.694448176696994, 33.541838683761817 ], [ 131.69816943763837, 33.542482246489435 ], [ 131.698894531205184, 33.542460128581233 ], [ 131.703178038119745, 33.541624154901314 ], [ 131.705654598406028, 33.541627276980371 ], [ 131.706538625440913, 33.54117967931878 ], [ 131.708838726037101, 33.541358478093272 ], [ 131.710354216009989, 33.541793777333353 ], [ 131.71164969566766, 33.541801805201288 ], [ 131.7136246191493, 33.541325975125268 ], [ 131.714666639491952, 33.541325076236156 ], [ 131.71557185985526, 33.541025573977223 ], [ 131.717252331914182, 33.540990285494999 ], [ 131.718491557781931, 33.540626095852801 ], [ 131.722552886628392, 33.540576061396862 ], [ 131.723256533805056, 33.540855808058538 ], [ 131.725055031270387, 33.540358704129318 ], [ 131.72599385776897, 33.539798564735598 ], [ 131.727588158078674, 33.539361475087681 ], [ 131.727350678136048, 33.538978280372199 ], [ 131.72738685193255, 33.538636625961203 ], [ 131.729624735420259, 33.53741975151096 ], [ 131.732299702510517, 33.537180549327175 ], [ 131.733272054448406, 33.53650568179566 ], [ 131.735116879040106, 33.535874167061849 ], [ 131.736166047329988, 33.535743566780368 ], [ 131.736535228914335, 33.535435291775229 ], [ 131.738832163832171, 33.534503234658423 ], [ 131.738588906621374, 33.533502898881942 ], [ 131.737707627558365, 33.531456778509124 ], [ 131.732936403161261, 33.532059432948934 ], [ 131.730858146959918, 33.532771719010043 ], [ 131.72926372486873, 33.532515295513271 ], [ 131.72804088936806, 33.532737345731441 ], [ 131.727672972417281, 33.533018609345099 ], [ 131.724967313521404, 33.533406844756293 ], [ 131.724317177208832, 33.533667559694585 ], [ 131.722692871161314, 33.533236208646294 ], [ 131.721104044637315, 33.533177277651781 ], [ 131.714174918689395, 33.535298274089669 ], [ 131.712859737176956, 33.53537868751544 ], [ 131.707706458811032, 33.535064277532449 ], [ 131.703276803904458, 33.534324135989117 ], [ 131.701681379033971, 33.534297386563431 ], [ 131.697001713333322, 33.535608355527465 ], [ 131.695038510445642, 33.536353047293822 ], [ 131.693520422137681, 33.537238716395763 ], [ 131.692870344092597, 33.537274930016693 ], [ 131.692060914607623, 33.537597998889517 ], [ 131.691124279133334, 33.537321658540947 ], [ 131.689716715335635, 33.537395889166547 ], [ 131.68855078168238, 33.53769319754096 ], [ 131.686969431335001, 33.537369966471331 ], [ 131.685152460216614, 33.537930610146446 ], [ 131.684231471066539, 33.538472267849421 ], [ 131.683352221638899, 33.538289524658701 ], [ 131.681918495352335, 33.538324399999553 ], [ 131.681056475690951, 33.537908309166298 ], [ 131.680266157245853, 33.538662097670191 ], [ 131.680253687173803, 33.540078361769346 ], [ 131.679909551563384, 33.540363150107197 ], [ 131.679173036339989, 33.540588942246799 ], [ 131.680640758208654, 33.541044731578438 ], [ 131.682613047604121, 33.541397487897505 ], [ 131.683062844451712, 33.541601095981584 ], [ 131.683820678744524, 33.542417520026518 ], [ 131.684880066810734, 33.542737338187209 ], [ 131.689162500809687, 33.541625779522114 ] ] ] } },
{ "type": "Feature", "properties": { "CITY_NAME": "国東市", "S_NAME": "綱井", "JINKO": 327, "medical_area": "44_東部医療圏", "町丁目名": "国東市綱井" }, "geometry": { "type": "Polygon", "coordinates": [ [ [ 131.684380281643968, 33.53840889175158 ], [ 131.685152460216614, 33.537930610146446 ], [ 131.686969431335001, 33.537369966471331 ], [ 131.68855078168238, 33.53769319754096 ], [ 131.689716715335635, 33.537395889166547 ], [ 131.691124279133334, 33.537321658540947 ], [ 131.692216212202794, 33.537562683824582 ], [ 131.692870344092597, 33.537274930016693 ], [ 131.693520422137681, 33.537238716395763 ], [ 131.695038510445642, 33.536353047293822 ], [ 131.696916737557302, 33.535637644192605 ], [ 131.701681379033971, 33.534297386563431 ], [ 131.703276803904458, 33.534324135989117 ], [ 131.707706458811032, 33.535064277532449 ], [ 131.712859737176956, 33.53537868751544 ], [ 131.714174918689395, 33.535298274089669 ], [ 131.721104044637315, 33.533177277651781 ], [ 131.722692871161314, 33.533236208646294 ], [ 131.724317177208832, 33.533667559694585 ], [ 131.724967313521404, 33.533406844756293 ], [ 131.727672972417281, 33.533018609345099 ], [ 131.72804088936806, 33.532737345731441 ], [ 131.72926372486873, 33.532515295513271 ], [ 131.730858146959918, 33.532771719010043 ], [ 131.732936403161261, 33.532059432948934 ], [ 131.737707627558365, 33.531456778509124 ], [ 131.737692382824264, 33.53112687395906 ], [ 131.737335638388373, 33.530190363967769 ], [ 131.736850956461666, 33.527364662323698 ], [ 131.73571709369341, 33.523770947999722 ], [ 131.735247057754492, 33.523185842323386 ], [ 131.735320338979164, 33.522900318859762 ], [ 131.734618847578588, 33.523291325225792 ], [ 131.734074350829559, 33.523869276300843 ], [ 131.732652708020851, 33.523887555410411 ], [ 131.730834750560604, 33.524445333990649 ], [ 131.730306972441866, 33.524774322874663 ], [ 131.729215501829714, 33.524520076397287 ], [ 131.727291416308361, 33.524801931490749 ], [ 131.726255203270568, 33.524667792778224 ], [ 131.725449621019408, 33.524796920227821 ], [ 131.725165360455179, 33.524960641854243 ], [ 131.724992586017294, 33.526615018321301 ], [ 131.724800350742669, 33.526942583376083 ], [ 131.723541695473955, 33.527319670927739 ], [ 131.722905704056529, 33.527719245910575 ], [ 131.721249582885093, 33.527373123747957 ], [ 131.719537672422689, 33.528040469148706 ], [ 131.718818752178521, 33.52795493345441 ], [ 131.717589016586714, 33.529142676708695 ], [ 131.716607706760982, 33.529133847604037 ], [ 131.715445093028819, 33.529672176335559 ], [ 131.714012059455001, 33.529545829169791 ], [ 131.709656227706603, 33.530262307139523 ], [ 131.706662081461275, 33.530341396333803 ], [ 131.704928323344433, 33.530729583061024 ], [ 131.702231827900562, 33.530542672363097 ], [ 131.700448802058105, 33.530617987383678 ], [ 131.696929593802196, 33.531273819687442 ], [ 131.692198890155822, 33.53287893603018 ], [ 131.687479109706203, 33.533423804833156 ], [ 131.684262314322268, 33.533300327024733 ], [ 131.684139230382755, 33.533704614447402 ], [ 131.684299907110187, 33.534806382612494 ], [ 131.684158682462737, 33.535085837107573 ], [ 131.683502418724999, 33.535531494162925 ], [ 131.681862305968025, 33.535989783571409 ], [ 131.681230559910063, 33.536641902693994 ], [ 131.680942611327424, 33.536725658782807 ], [ 131.680889340896528, 33.537023151942726 ], [ 131.681194694707841, 33.537657968496404 ], [ 131.681056475690951, 33.537908309166298 ], [ 131.68123819292461, 33.538099234839322 ], [ 131.681918495352335, 33.538324399999553 ], [ 131.684380281643968, 33.53840889175158 ] ] ] } },
{ "type": "Feature", "properties": { "CITY_NAME": "国東市", "S_NAME": "重藤", "JINKO": 229, "medical_area": "44_東部医療圏", "町丁目名": "国東市重藤" }, "geometry": { "type": "Polygon", "coordinates": [ [ [ 131.696929593802196, 33.531273819687442 ], [ 131.700448802058105, 33.530617987383678 ], [ 131.702231827900562, 33.530542672363097 ], [ 131.704928323344433, 33.530729583061024 ], [ 131.706662081461275, 33.530341396333803 ], [ 131.709656227706603, 33.530262307139523 ], [ 131.714012059455001, 33.529545829169791 ], [ 131.715643154581301, 33.529628802309077 ], [ 131.716607706760982, 33.529133847604037 ], [ 131.717589016586714, 33.529142676708695 ], [ 131.718818752178521, 33.52795493345441 ], [ 131.719537672422689, 33.528040469148706 ], [ 131.721249582885093, 33.527373123747957 ], [ 131.722905704056529, 33.527719245910575 ], [ 131.723541695473955, 33.527319670927739 ], [ 131.724800350742669, 33.526942583376083 ], [ 131.724992586017294, 33.526615018321301 ], [ 131.725165360455179, 33.524960641854243 ], [ 131.725449621019408, 33.524796920227821 ], [ 131.726255203270568, 33.524667792778224 ], [ 131.727291416308361, 33.524801931490749 ], [ 131.729215501829714, 33.524520076397287 ], [ 131.730306972441866, 33.524774322874663 ], [ 131.730834750560604, 33.524445333990649 ], [ 131.732652708020851, 33.523887555410411 ], [ 131.734074350829559, 33.523869276300843 ], [ 131.734618847578588, 33.523291325225792 ], [ 131.735320338979164, 33.522900318859762 ], [ 131.735415481905591, 33.522604133676104 ], [ 131.734886761266608, 33.52195083297589 ], [ 131.734832978557932, 33.521318173018798 ], [ 131.734397841262961, 33.520910485432331 ], [ 131.733893706105931, 33.519719651193554 ], [ 131.732997933806132, 33.518938689813481 ], [ 131.731924371114332, 33.516303616886674 ], [ 131.726396195747441, 33.517663348332043 ], [ 131.725954707297149, 33.517909356928307 ], [ 131.725709599473674, 33.518328247796084 ], [ 131.724839072825688, 33.518579478607897 ], [ 131.724764782530769, 33.519020542261401 ], [ 131.724478018690064, 33.519315937611779 ], [ 131.722594742690291, 33.51977070395936 ], [ 131.722920221063077, 33.520166816262346 ], [ 131.722919307085277, 33.520502630328814 ], [ 131.72275322555646, 33.520626525308572 ], [ 131.719552634216654, 33.520911970253358 ], [ 131.718536653569231, 33.52152119123717 ], [ 131.715630647607981, 33.521860686903018 ], [ 131.714892091718525, 33.522275679546752 ], [ 131.714382841262818, 33.5229733427309 ], [ 131.712786953545759, 33.523456628609189 ], [ 131.711541244756035, 33.524226002620686 ], [ 131.710953969430022, 33.524282066890805 ], [ 131.710321457468751, 33.524804238307723 ], [ 131.708096683677184, 33.525270417165309 ], [ 131.706404878569145, 33.525249351399758 ], [ 131.705747231421128, 33.525600389061509 ], [ 131.704725743715272, 33.525630324336852 ], [ 131.704175106356473, 33.525964789151637 ], [ 131.703216023518451, 33.525682324425091 ], [ 131.701508943398352, 33.526000788101641 ], [ 131.698065206032311, 33.526829558670016 ], [ 131.697405525623481, 33.527415669577856 ], [ 131.696195876752626, 33.527784342514757 ], [ 131.695188766029929, 33.528307549334542 ], [ 131.694240210777963, 33.528015802740917 ], [ 131.693759544370153, 33.528335000995853 ], [ 131.692775180247025, 33.528601218691534 ], [ 131.692140629603955, 33.529630707472485 ], [ 131.691295096237411, 33.529831295876605 ], [ 131.690886572894982, 33.530261589099148 ], [ 131.690274891112068, 33.530078251150883 ], [ 131.688358332359542, 33.530563628697188 ], [ 131.687693126061703, 33.531245658622836 ], [ 131.68711226279737, 33.531237221034679 ], [ 131.68595782047251, 33.531697905554061 ], [ 131.685305365861126, 33.532352837447029 ], [ 131.684564687913195, 33.532719681318333 ], [ 131.684262314322268, 33.533300327024733 ], [ 131.687479109706203, 33.533423804833156 ], [ 131.692198890155822, 33.53287893603018 ], [ 131.696929593802196, 33.531273819687442 ] ] ] } },
{ "type": "Feature", "properties": { "CITY_NAME": "国東市", "S_NAME": "池ノ内", "JINKO": 334, "medical_area": "44_東部医療圏", "町丁目名": "国東市池ノ内" }, "geometry": { "type": "Polygon", "coordinates": [ [ [ 131.694153870692901, 33.528062990359501 ], [ 131.695188766029929, 33.528307549334542 ], [ 131.696195876752626, 33.527784342514757 ], [ 131.697405525623481, 33.527415669577856 ], [ 131.698065206032311, 33.526829558670016 ], [ 131.701508943398352, 33.526000788101641 ], [ 131.703216023518451, 33.525682324425091 ], [ 131.704175106356473, 33.525964789151637 ], [ 131.704725743715272, 33.525630324336852 ], [ 131.705747231421128, 33.525600389061509 ], [ 131.706404878569145, 33.525249351399758 ], [ 131.708096683677184, 33.525270417165309 ], [ 131.709163982789619, 33.5249483384098 ], [ 131.710072445739371, 33.524879773948108 ], [ 131.710953969430022, 33.524282066890805 ], [ 131.711541244756035, 33.524226002620686 ], [ 131.712786953545759, 33.523456628609189 ], [ 131.714382841262818, 33.5229733427309 ], [ 131.714892091718525, 33.522275679546752 ], [ 131.715630647607981, 33.521860686903018 ], [ 131.718536653569231, 33.52152119123717 ], [ 131.719552634216654, 33.520911970253358 ], [ 131.72275322555646, 33.520626525308572 ], [ 131.722919307085277, 33.520502630328814 ], [ 131.722920221063077, 33.520166816262346 ], [ 131.722594742690291, 33.51977070395936 ], [ 131.724478018690064, 33.519315937611779 ], [ 131.724764782530769, 33.519020542261401 ], [ 131.724839072825688, 33.518579478607897 ], [ 131.725709599473674, 33.518328247796084 ], [ 131.725954707297149, 33.517909356928307 ], [ 131.726396195747441, 33.517663348332043 ], [ 131.731924371114332, 33.516303616886674 ], [ 131.731859230633376, 33.516017609156407 ], [ 131.730264802733728, 33.51560323098802 ], [ 131.731844756945179, 33.515956408518946 ], [ 131.731526226729045, 33.512765391907877 ], [ 131.727701566071715, 33.51327263197301 ], [ 131.726016496093195, 33.513830269560813 ], [ 131.724963375937648, 33.513770260135153 ], [ 131.724610686900803, 33.513397068674415 ], [ 131.724406040351255, 33.513391749464461 ], [ 131.724378689547734, 33.51290383731844 ], [ 131.723213020158937, 33.512858982153723 ], [ 131.7223872996843, 33.512991309443976 ], [ 131.720955124165727, 33.513544819924583 ], [ 131.721006928347634, 33.513941366623655 ], [ 131.720381805104296, 33.514261685205291 ], [ 131.719177211825809, 33.514139033199911 ], [ 131.716891752541954, 33.514978381363356 ], [ 131.716628252705817, 33.514709715363516 ], [ 131.716247080982185, 33.514765211661548 ], [ 131.715334625171408, 33.515194347811715 ], [ 131.713470512679976, 33.51661933988165 ], [ 131.712771051389751, 33.516925925896977 ], [ 131.712259713954808, 33.516892693699631 ], [ 131.711716686930032, 33.517438131451364 ], [ 131.708755403181897, 33.519094377680617 ], [ 131.707681622939106, 33.519883536500991 ], [ 131.704706664832912, 33.520991769523484 ], [ 131.703434451109331, 33.521972255765924 ], [ 131.7026981976625, 33.522231438910829 ], [ 131.701631318306056, 33.521914951521296 ], [ 131.701003668590204, 33.522398016539228 ], [ 131.698162811701422, 33.523395899529923 ], [ 131.697679560507282, 33.523760140448957 ], [ 131.697240973269686, 33.524493574939726 ], [ 131.695044187871645, 33.52717994771433 ], [ 131.693885230118667, 33.527773207502001 ], [ 131.69284084149507, 33.52783047446929 ], [ 131.691921956327661, 33.528769026081079 ], [ 131.691611734363846, 33.529762431915543 ], [ 131.692140629603955, 33.529630707472485 ], [ 131.692775180247025, 33.528601218691534 ], [ 131.693759544370153, 33.528335000995853 ], [ 131.694153870692901, 33.528062990359501 ] ] ] } },
{ "type": "Feature", "properties": { "CITY_NAME": "国東市", "S_NAME": "内田", "JINKO": 274, "medical_area": "44_東部医療圏", "町丁目名": "国東市内田" }, "geometry": { "type": "Polygon", "coordinates": [ [ [ 131.701496467450369, 33.52195280297861 ], [ 131.702001853002372, 33.521943286294636 ], [ 131.7026981976625, 33.522231438910829 ], [ 131.703434451109331, 33.521972255765924 ], [ 131.704706664832912, 33.520991769523484 ], [ 131.707681622939106, 33.519883536500991 ], [ 131.708755403181897, 33.519094377680617 ], [ 131.711716686930032, 33.517438131451364 ], [ 131.712259713954808, 33.516892693699631 ], [ 131.712771051389751, 33.516925925896977 ], [ 131.713470512679976, 33.51661933988165 ], [ 131.715334625171408, 33.515194347811715 ], [ 131.71641816722402, 33.514708077614543 ], [ 131.716704709593301, 33.514752069017362 ], [ 131.716891752541954, 33.514978381363356 ], [ 131.719177211825809, 33.514139033199911 ], [ 131.720381805104296, 33.514261685205291 ], [ 131.721006928347634, 33.513941366623655 ], [ 131.720955124165727, 33.513544819924583 ], [ 131.7223872996843, 33.512991309443976 ], [ 131.723213020158937, 33.512858982153723 ], [ 131.724378689547734, 33.51290383731844 ], [ 131.724406040351255, 33.513391749464461 ], [ 131.724610686900803, 33.513397068674415 ], [ 131.724963375937648, 33.513770260135153 ], [ 131.726016496093195, 33.513830269560813 ], [ 131.727701566071715, 33.51327263197301 ], [ 131.731526226729045, 33.512765391907877 ], [ 131.731092285781017, 33.510180130997959 ], [ 131.731323785569572, 33.51018957587916 ], [ 131.729915418129821, 33.509878710873124 ], [ 131.73136356976201, 33.51006039433355 ], [ 131.731120754098214, 33.509985186509418 ], [ 131.729927562502468, 33.505962513741103 ], [ 131.728114311411019, 33.506034225662901 ], [ 131.727777883646581, 33.506356792884141 ], [ 131.726942787417158, 33.506424955564214 ], [ 131.726759066378406, 33.505116944808286 ], [ 131.724450377817533, 33.505257761526551 ], [ 131.724437027632348, 33.505623970520368 ], [ 131.722514235010152, 33.505708604820562 ], [ 131.721203113678541, 33.505451055966425 ], [ 131.720777283804296, 33.505215857465835 ], [ 131.720106281720746, 33.504342485076073 ], [ 131.716868942402101, 33.504186059123164 ], [ 131.716885544137114, 33.504640221730462 ], [ 131.716127164351519, 33.506664658013371 ], [ 131.715057239819885, 33.507209311358473 ], [ 131.714272167896979, 33.508140495664748 ], [ 131.713250911176544, 33.508953490009503 ], [ 131.711411577116451, 33.509785019299528 ], [ 131.709044181954511, 33.511390728839913 ], [ 131.704901958535032, 33.513070881174237 ], [ 131.703724753018463, 33.514106794822389 ], [ 131.702105490576145, 33.514900760715747 ], [ 131.702007177176256, 33.515516050148868 ], [ 131.703078400011606, 33.517145945008764 ], [ 131.701076925459063, 33.518670845476223 ], [ 131.699652476940543, 33.520200031270207 ], [ 131.696692128884962, 33.521987782006796 ], [ 131.697463198762449, 33.523376414164872 ], [ 131.697534797844355, 33.523999655414691 ], [ 131.698162811701422, 33.523395899529923 ], [ 131.701003668590204, 33.522398016539228 ], [ 131.701496467450369, 33.52195280297861 ] ] ] } },
{ "type": "Feature", "properties": { "CITY_NAME": "国東市", "S_NAME": "古市", "JINKO": 691, "medical_area": "44_東部医療圏", "町丁目名": "国東市古市" }, "geometry": { "type": "Polygon", "coordinates": [ [ [ 131.716868942402101, 33.504186059123164 ], [ 131.720106281720746, 33.504342485076073 ], [ 131.720777283804296, 33.505215857465835 ], [ 131.721203113678541, 33.505451055966425 ], [ 131.722514235010152, 33.505708604820562 ], [ 131.724437027632348, 33.505623970520368 ], [ 131.724450377817533, 33.505257761526551 ], [ 131.726759066378406, 33.505116944808286 ], [ 131.726942787417158, 33.506424955564214 ], [ 131.727777883646581, 33.506356792884141 ], [ 131.728114311411019, 33.506034225662901 ], [ 131.729927562502468, 33.505962513741103 ], [ 131.729853380007995, 33.502230152614743 ], [ 131.731664744915747, 33.502223978000892 ], [ 131.731656080110923, 33.501963459129819 ], [ 131.732309065951966, 33.501413172524103 ], [ 131.731645637546904, 33.501871521192641 ], [ 131.730593976002041, 33.5018578966869 ], [ 131.730584908136535, 33.500777735517502 ], [ 131.730465477989753, 33.500783864267468 ], [ 131.730463782961465, 33.500581912938785 ], [ 131.731686443856802, 33.500584596648466 ], [ 131.731675556559708, 33.500309649933421 ], [ 131.732000765652032, 33.50033749229749 ], [ 131.730187341550902, 33.500083111879889 ], [ 131.729831889602707, 33.501201452155357 ], [ 131.729747709939232, 33.501049579284391 ], [ 131.729039938598277, 33.500963577666944 ], [ 131.729296530837502, 33.499475217278594 ], [ 131.730564053535602, 33.499705780401861 ], [ 131.732089202197216, 33.499845556872202 ], [ 131.728821774995424, 33.49938065606171 ], [ 131.728903730037047, 33.499147041856077 ], [ 131.726318237771579, 33.498782847217669 ], [ 131.725404196557122, 33.498479796910857 ], [ 131.72451807068515, 33.498458704958111 ], [ 131.723029535187464, 33.49873441358092 ], [ 131.720872264344735, 33.499392100031699 ], [ 131.718147948150602, 33.49972818082302 ], [ 131.716550573811134, 33.500250184746136 ], [ 131.712556298879463, 33.502259029499541 ], [ 131.710710785757698, 33.503686929125628 ], [ 131.709362778288039, 33.504261403684794 ], [ 131.71054242181404, 33.506508618078755 ], [ 131.710482397215884, 33.50791252379387 ], [ 131.710891715200177, 33.508351685879141 ], [ 131.710509910127371, 33.508801019101718 ], [ 131.711411577116451, 33.509785019299528 ], [ 131.713250911176544, 33.508953490009503 ], [ 131.714272167896979, 33.508140495664748 ], [ 131.715057239819885, 33.507209311358473 ], [ 131.716127164351519, 33.506664658013371 ], [ 131.716885544137114, 33.504640221730462 ], [ 131.716868942402101, 33.504186059123164 ] ] ] } },
{ "type": "Feature", "properties": { "CITY_NAME": "国東市", "S_NAME": "成吉", "JINKO": 104, "medical_area": "44_東部医療圏", "町丁目名": "国東市成吉" }, "geometry": { "type": "Polygon", "coordinates": [ [ [ 131.70125005895315, 33.514602903336211 ], [ 131.702002334320099, 33.514888805703656 ], [ 131.702960574779752, 33.514539678599014 ], [ 131.703851483054166, 33.514023093100413 ], [ 131.704901958535032, 33.513070881174237 ], [ 131.709044181954511, 33.511390728839913 ], [ 131.711411577116451, 33.509785019299528 ], [ 131.710509910127371, 33.508801019101718 ], [ 131.710891715200177, 33.508351685879141 ], [ 131.710482397215884, 33.50791252379387 ], [ 131.71054242181404, 33.506508618078755 ], [ 131.710349004454741, 33.505929301770891 ], [ 131.709373865229423, 33.504363062803236 ], [ 131.708012145170471, 33.504629331120505 ], [ 131.706501216032336, 33.50438377859691 ], [ 131.705675132675765, 33.504412816345727 ], [ 131.704821293380746, 33.504087671237542 ], [ 131.704244465751316, 33.504119157076218 ], [ 131.703141936279337, 33.504349668622311 ], [ 131.703104902053838, 33.504678818105596 ], [ 131.700937227186756, 33.505232762739809 ], [ 131.700519861483684, 33.505494779430499 ], [ 131.699354207815247, 33.505538090507542 ], [ 131.697996702769217, 33.505916869876799 ], [ 131.697467867142848, 33.505732388672932 ], [ 131.696116428621394, 33.506031989345622 ], [ 131.695713217929779, 33.50580533318962 ], [ 131.695382712629765, 33.505816586171065 ], [ 131.694668630550325, 33.506375400249212 ], [ 131.693844367946184, 33.506367779200602 ], [ 131.693325725608759, 33.506729517773167 ], [ 131.692822617315329, 33.506835029569011 ], [ 131.693084883058702, 33.507118907255716 ], [ 131.693130872492787, 33.507429314241598 ], [ 131.693581518703382, 33.507730806918943 ], [ 131.697859383888044, 33.510032536117599 ], [ 131.698338266473399, 33.510401965565976 ], [ 131.698180749701976, 33.510542367795715 ], [ 131.698348528801887, 33.510690942093156 ], [ 131.700058323571454, 33.511975368211232 ], [ 131.700429452894639, 33.511523098488269 ], [ 131.700907761002298, 33.511839896578962 ], [ 131.699489996237276, 33.513156723533974 ], [ 131.701181022347356, 33.512309939932159 ], [ 131.700301852967868, 33.514998242465154 ], [ 131.70125005895315, 33.514602903336211 ] ] ] } },
{ "type": "Feature", "properties": { "CITY_NAME": "国東市", "S_NAME": "志和利", "JINKO": 140, "medical_area": "44_東部医療圏", "町丁目名": "国東市志和利" }, "geometry": { "type": "Polygon", "coordinates": [ [ [ 131.68070167165672, 33.507269211253202 ], [ 131.68415740096421, 33.505894113227711 ], [ 131.687380343573722, 33.507677109048863 ], [ 131.688311857049626, 33.507385279510544 ], [ 131.689286419066633, 33.506738020358192 ], [ 131.692822617315329, 33.506835029569011 ], [ 131.693325725608759, 33.506729517773167 ], [ 131.693844367946184, 33.506367779200602 ], [ 131.694668630550325, 33.506375400249212 ], [ 131.695382712629765, 33.505816586171065 ], [ 131.695713217929779, 33.50580533318962 ], [ 131.696116428621394, 33.506031989345622 ], [ 131.697467867142848, 33.505732388672932 ], [ 131.697996702769217, 33.505916869876799 ], [ 131.699354207815247, 33.505538090507542 ], [ 131.700519861483684, 33.505494779430499 ], [ 131.700937227186756, 33.505232762739809 ], [ 131.703104902053838, 33.504678818105596 ], [ 131.703141936279337, 33.504349668622311 ], [ 131.703959353651896, 33.504163992014071 ], [ 131.704178990261624, 33.503217557784971 ], [ 131.703660847850216, 33.5025710316363 ], [ 131.702897894646412, 33.502715609776345 ], [ 131.702580690163359, 33.501444259157424 ], [ 131.702163573417067, 33.500820859857932 ], [ 131.702289090635645, 33.499613575167174 ], [ 131.70259918165786, 33.499003390870961 ], [ 131.702435481740935, 33.498873676295197 ], [ 131.701641632698738, 33.498639004571764 ], [ 131.700159406858489, 33.498742683048633 ], [ 131.698491312477074, 33.498153294761551 ], [ 131.69653008167333, 33.49807183256425 ], [ 131.695522707453023, 33.497585506606889 ], [ 131.693884129235101, 33.497199019980698 ], [ 131.691168899238079, 33.496142347867043 ], [ 131.690820360054175, 33.496250934508879 ], [ 131.690031970163403, 33.497194303853583 ], [ 131.688910131093678, 33.497824377456944 ], [ 131.687619530445403, 33.497950769642664 ], [ 131.68647113411771, 33.498723410366956 ], [ 131.685501242759614, 33.498570846325926 ], [ 131.684635078750176, 33.498205694861909 ], [ 131.683897622404629, 33.498609452824184 ], [ 131.683285049183297, 33.499480709232493 ], [ 131.681609228179781, 33.499727288282969 ], [ 131.680267576649527, 33.500732807450945 ], [ 131.679414914177585, 33.500742987306303 ], [ 131.679075425112643, 33.500308669238606 ], [ 131.67865387099593, 33.500164118894375 ], [ 131.676324972563265, 33.501674050433117 ], [ 131.675412787456906, 33.50182144011282 ], [ 131.673992079306487, 33.500984440021107 ], [ 131.672844530828712, 33.501038120799578 ], [ 131.671771486624209, 33.50134644800481 ], [ 131.670424757416669, 33.502058175826505 ], [ 131.669563575286901, 33.503027827458283 ], [ 131.668625660620052, 33.50305780585802 ], [ 131.668257414664112, 33.503314907060002 ], [ 131.668015610290183, 33.503743747539239 ], [ 131.667469921923555, 33.503781017500152 ], [ 131.667272052541477, 33.504658334590921 ], [ 131.667413380534612, 33.50570325828118 ], [ 131.670019474146471, 33.509211356454827 ], [ 131.669926559246676, 33.510761689228133 ], [ 131.670038266223969, 33.511298245797143 ], [ 131.670172041060681, 33.511436869601333 ], [ 131.67207161493252, 33.511692484876299 ], [ 131.674598396306436, 33.510959678898146 ], [ 131.675876853025073, 33.510332912876521 ], [ 131.68070167165672, 33.507269211253202 ] ] ] } },
{ "type": "Feature", "properties": { "CITY_NAME": "国東市", "S_NAME": "三井寺", "JINKO": 78, "medical_area": "44_東部医療圏", "町丁目名": "国東市三井寺" }, "geometry": { "type": "Polygon", "coordinates": [ [ [ 131.709373865229423, 33.504363062803236 ], [ 131.710710785757698, 33.503686929125628 ], [ 131.712556298879463, 33.502259029499541 ], [ 131.714945078739021, 33.501147365840239 ], [ 131.71455490098549, 33.500702718844806 ], [ 131.714917194052106, 33.499123420379505 ], [ 131.71491138698488, 33.498416125149163 ], [ 131.714402439265655, 33.497502860874476 ], [ 131.713991006190128, 33.497211724182812 ], [ 131.710928704420041, 33.495834724916868 ], [ 131.708922441909493, 33.494534137290607 ], [ 131.705543835882679, 33.492745763656274 ], [ 131.704760406209431, 33.491894340995117 ], [ 131.70465868891651, 33.491129361047044 ], [ 131.704366658523156, 33.490761567216957 ], [ 131.702569645089625, 33.490270940531374 ], [ 131.701860155534007, 33.490718432902632 ], [ 131.699580484008521, 33.49109199209397 ], [ 131.697987302015321, 33.491966226723804 ], [ 131.696939530438812, 33.491819014542045 ], [ 131.695666853870307, 33.49262179934113 ], [ 131.694111088298627, 33.49334957343396 ], [ 131.693089285470421, 33.494680795232988 ], [ 131.69223551905165, 33.494874366050844 ], [ 131.691561489804798, 33.495297678609724 ], [ 131.691168899238079, 33.496142347867043 ], [ 131.693884129235101, 33.497199019980698 ], [ 131.695522707453023, 33.497585506606889 ], [ 131.69653008167333, 33.49807183256425 ], [ 131.698491312477074, 33.498153294761551 ], [ 131.700159406858489, 33.498742683048633 ], [ 131.701641632698738, 33.498639004571764 ], [ 131.702435481740935, 33.498873676295197 ], [ 131.70259918165786, 33.499003390870961 ], [ 131.702289090635645, 33.499613575167174 ], [ 131.702163573417067, 33.500820859857932 ], [ 131.702580690163359, 33.501444259157424 ], [ 131.702897894646412, 33.502715609776345 ], [ 131.703660847850216, 33.5025710316363 ], [ 131.704178990261624, 33.503217557784971 ], [ 131.703959353651896, 33.504163992014071 ], [ 131.704821293380746, 33.504087671237542 ], [ 131.705675132675765, 33.504412816345727 ], [ 131.706501216032336, 33.50438377859691 ], [ 131.708012145170471, 33.504629331120505 ], [ 131.709373865229423, 33.504363062803236 ] ] ] } },
{ "type": "Feature", "properties": { "CITY_NAME": "国東市", "S_NAME": "糸原", "JINKO": 1815, "medical_area": "44_東部医療圏", "町丁目名": "国東市糸原" }, "geometry": { "type": "Polygon", "coordinates": [ [ [ 131.72451807068515, 33.498458704958111 ], [ 131.725404196557122, 33.498479796910857 ], [ 131.727093418131858, 33.498868751124029 ], [ 131.727442058756338, 33.498894036904119 ], [ 131.727448751478363, 33.498718735138596 ], [ 131.728896011696122, 33.498817517295251 ], [ 131.729885528282324, 33.499125484481418 ], [ 131.729336031213023, 33.498931266754688 ], [ 131.729206471632807, 33.497848220564968 ], [ 131.729182492071658, 33.496270426799974 ], [ 131.729445246989627, 33.494496169366563 ], [ 131.728770218363707, 33.49433783688248 ], [ 131.729417076557894, 33.494084275400439 ], [ 131.729742729031102, 33.493265424482765 ], [ 131.730433808598548, 33.492392152670966 ], [ 131.730763706498266, 33.491820355654141 ], [ 131.730687757424533, 33.491105765643439 ], [ 131.730824539928818, 33.490865098656094 ], [ 131.730983137156244, 33.490779420812764 ], [ 131.731760215742781, 33.491178796444565 ], [ 131.731634156177421, 33.491544719676156 ], [ 131.732006644245217, 33.490800433778496 ], [ 131.731781388456312, 33.491137180246156 ], [ 131.730939742759006, 33.490707648583076 ], [ 131.7317584095114, 33.489014216441142 ], [ 131.733055291873825, 33.489324506857052 ], [ 131.732085416877965, 33.489030884224384 ], [ 131.732376899479959, 33.488122977104844 ], [ 131.733704282390477, 33.488442411968357 ], [ 131.733701143496944, 33.488070066470662 ], [ 131.7339259955925, 33.488066025686145 ], [ 131.733929629949841, 33.488497011371656 ], [ 131.734559203451852, 33.488623111597335 ], [ 131.734605218852067, 33.494074390953315 ], [ 131.735629681202198, 33.494074623186719 ], [ 131.736282411728808, 33.495412450954227 ], [ 131.738196639210742, 33.495379412028178 ], [ 131.738921529193931, 33.494060445863767 ], [ 131.738949912587714, 33.493343444356746 ], [ 131.738768210734804, 33.476246918685135 ], [ 131.733807587000484, 33.475866971240293 ], [ 131.733805196794776, 33.476870035763767 ], [ 131.732380600795977, 33.476884510964233 ], [ 131.730098870512478, 33.477642693169081 ], [ 131.728968617554131, 33.477614471623433 ], [ 131.727782136062501, 33.478110105993345 ], [ 131.726424469741545, 33.478139267514628 ], [ 131.724858890747214, 33.478921931528838 ], [ 131.724191474433042, 33.478460654614175 ], [ 131.723071234521512, 33.478111131499183 ], [ 131.722439966445563, 33.478519369318775 ], [ 131.72236218474913, 33.477756911869569 ], [ 131.721405921126575, 33.477241080241079 ], [ 131.720001136964555, 33.477661788151856 ], [ 131.719834517928035, 33.477650426367802 ], [ 131.719542238461145, 33.477253935740563 ], [ 131.719085000862293, 33.477646561301633 ], [ 131.718503861545855, 33.477561659365648 ], [ 131.718366996596245, 33.479372680555826 ], [ 131.718072418225063, 33.479288161973891 ], [ 131.717495666865602, 33.479736877376574 ], [ 131.716893569679343, 33.480384808195744 ], [ 131.716609307030751, 33.480961130069062 ], [ 131.7163554510023, 33.481065197356429 ], [ 131.71618975465293, 33.482810519080921 ], [ 131.716638925598772, 33.483709679278441 ], [ 131.716706626583658, 33.485508847325576 ], [ 131.716572269829129, 33.48621096161007 ], [ 131.716699601747905, 33.487380440309174 ], [ 131.716434059070764, 33.487415364119713 ], [ 131.716210546069107, 33.487204405064027 ], [ 131.716036173346197, 33.487407232450728 ], [ 131.715739839229116, 33.487286017163527 ], [ 131.715788572785556, 33.487660745872269 ], [ 131.716189238443633, 33.488067889415809 ], [ 131.713491104976441, 33.489065205412309 ], [ 131.713731358769792, 33.490568438656553 ], [ 131.713235308600616, 33.493180255562471 ], [ 131.712672838039396, 33.49314858283919 ], [ 131.712188308254923, 33.492778468100646 ], [ 131.71012651718101, 33.492250540879162 ], [ 131.707127117877491, 33.492309203327409 ], [ 131.705543835882679, 33.492745763656274 ], [ 131.708922441909493, 33.494534137290607 ], [ 131.710928704420041, 33.495834724916868 ], [ 131.714286482785184, 33.497398848086036 ], [ 131.714954185397744, 33.498580082654385 ], [ 131.71455490098549, 33.500702718844806 ], [ 131.714945078739021, 33.501147365840239 ], [ 131.716550573811134, 33.500250184746136 ], [ 131.717617805077282, 33.499859776434761 ], [ 131.720872264344735, 33.499392100031699 ], [ 131.723029535187464, 33.49873441358092 ], [ 131.72451807068515, 33.498458704958111 ] ] ] } },
{ "type": "Feature", "properties": { "CITY_NAME": "国東市", "S_NAME": "小城", "JINKO": 63, "medical_area": "44_東部医療圏", "町丁目名": "国東市小城" }, "geometry": { "type": "Polygon", "coordinates": [ [ [ 131.713235308600616, 33.493180255562471 ], [ 131.713731358769792, 33.490568438656553 ], [ 131.713491104976441, 33.489065205412309 ], [ 131.716189238443633, 33.488067889415809 ], [ 131.715788572785556, 33.487660745872269 ], [ 131.715739839229116, 33.487286017163527 ], [ 131.716036173346197, 33.487407232450728 ], [ 131.716210546069107, 33.487204405064027 ], [ 131.716434059070764, 33.487415364119713 ], [ 131.716699601747905, 33.487380440309174 ], [ 131.716572269829129, 33.48621096161007 ], [ 131.716706626583658, 33.485508847325576 ], [ 131.716638925598772, 33.483709679278441 ], [ 131.71618975465293, 33.482810519080921 ], [ 131.7163554510023, 33.481065197356429 ], [ 131.71581390038304, 33.481033450481206 ], [ 131.715649619661377, 33.480714193481475 ], [ 131.714227825996176, 33.480260618412032 ], [ 131.712598117131932, 33.480438272911414 ], [ 131.712472534051358, 33.480644547879209 ], [ 131.712736409556697, 33.481126772380996 ], [ 131.712456465987827, 33.481854022063246 ], [ 131.712668590581472, 33.482534878923808 ], [ 131.711631339189694, 33.482661779510785 ], [ 131.711117721137384, 33.483075904056314 ], [ 131.711067843358819, 33.483617480625071 ], [ 131.710806180129509, 33.483848098412231 ], [ 131.710448658740745, 33.483901181831122 ], [ 131.709860883118012, 33.483368496450275 ], [ 131.709311527567024, 33.483289381756862 ], [ 131.708704207392202, 33.48276148035265 ], [ 131.707874560702749, 33.482567087608935 ], [ 131.707336673398856, 33.482129936954706 ], [ 131.707548117511521, 33.481853016634453 ], [ 131.70764012000447, 33.481093001437607 ], [ 131.707365061785254, 33.48064953275918 ], [ 131.707379235467073, 33.479891331354843 ], [ 131.704466602912959, 33.480736995473002 ], [ 131.703843950424243, 33.481579965961288 ], [ 131.704065127859593, 33.481673110610998 ], [ 131.704345207938132, 33.481472452820427 ], [ 131.704282795401241, 33.481934603127229 ], [ 131.704675669308102, 33.482353110837529 ], [ 131.704003934492249, 33.483188151337437 ], [ 131.705472800060846, 33.484300467374318 ], [ 131.704636740052166, 33.486010729456055 ], [ 131.704585003091296, 33.486877135703722 ], [ 131.703548546126996, 33.487443315702258 ], [ 131.70256942707698, 33.488431975633503 ], [ 131.702681993507383, 33.48993164189551 ], [ 131.702569645089625, 33.490270940531374 ], [ 131.704366658523156, 33.490761567216957 ], [ 131.70465868891651, 33.491129361047044 ], [ 131.704760406209431, 33.491894340995117 ], [ 131.705543835882679, 33.492745763656274 ], [ 131.707127117877491, 33.492309203327409 ], [ 131.71012651718101, 33.492250540879162 ], [ 131.712188308254923, 33.492778468100646 ], [ 131.71292053848498, 33.493201683081743 ], [ 131.713235308600616, 33.493180255562471 ] ] ] } },
{ "type": "Feature", "properties": { "CITY_NAME": "国東市", "S_NAME": "丸小野", "JINKO": 155, "medical_area": "44_東部医療圏", "町丁目名": "国東市丸小野" }, "geometry": { "type": "Polygon", "coordinates": [ [ [ 131.627036517355663, 33.561056055777769 ], [ 131.628252690245887, 33.560682853596482 ], [ 131.628841555849391, 33.56074100986239 ], [ 131.629536568914091, 33.560422849913387 ], [ 131.63036957051105, 33.560637654729597 ], [ 131.630884735871234, 33.561101888161311 ], [ 131.631598602760761, 33.5602826696501 ], [ 131.634062245304449, 33.55977008427935 ], [ 131.6351483276068, 33.559970986939284 ], [ 131.636528317223053, 33.559404735379658 ], [ 131.637486367239092, 33.559507234251527 ], [ 131.638197916893631, 33.558950034951287 ], [ 131.638709003852568, 33.558868117904609 ], [ 131.639006172488877, 33.558569530466855 ], [ 131.639996251504812, 33.558207276148096 ], [ 131.640496848511276, 33.55778192640765 ], [ 131.641851048906403, 33.557497410159421 ], [ 131.642686624252065, 33.556702392675284 ], [ 131.642767943947263, 33.555844574156858 ], [ 131.643809081884456, 33.555004031609379 ], [ 131.644999167028942, 33.553314708611161 ], [ 131.646543066797591, 33.552478920244205 ], [ 131.648246436778237, 33.551028026435105 ], [ 131.650313840963207, 33.550725570322477 ], [ 131.65118754653497, 33.552027589493846 ], [ 131.65139365430403, 33.552911513848656 ], [ 131.651643212292925, 33.553037386073136 ], [ 131.652402545577502, 33.552073119640866 ], [ 131.653909200682222, 33.551326522952941 ], [ 131.654693752947338, 33.550671562831624 ], [ 131.655561418482364, 33.54903587247955 ], [ 131.656194112263279, 33.548255892743072 ], [ 131.656413085509371, 33.547285334212383 ], [ 131.657283347693635, 33.545689626226405 ], [ 131.657010602570324, 33.545560577504595 ], [ 131.656474221334179, 33.545617343143206 ], [ 131.655331013041291, 33.545124235603552 ], [ 131.653528065815379, 33.545095894467728 ], [ 131.653336622849991, 33.544987506843697 ], [ 131.653411093818249, 33.544760708276812 ], [ 131.658844321374005, 33.541871866915073 ], [ 131.659974379731267, 33.540923813514482 ], [ 131.663624510925047, 33.538727005907333 ], [ 131.660516100438713, 33.53573680916508 ], [ 131.658657974226259, 33.534288917758353 ], [ 131.657462766758357, 33.533659222850595 ], [ 131.656537709895218, 33.533798500271054 ], [ 131.656083333990836, 33.533962224117666 ], [ 131.654821831383572, 33.535238337627149 ], [ 131.650265320579535, 33.537678765048945 ], [ 131.648640190973509, 33.538209301612021 ], [ 131.646969213339389, 33.538459235081504 ], [ 131.646735601556941, 33.538757268846354 ], [ 131.644292677687531, 33.539891281851958 ], [ 131.642446026895271, 33.541252502512634 ], [ 131.638153832270831, 33.543537918091189 ], [ 131.637248086999278, 33.543850378707766 ], [ 131.635654149419082, 33.543518745047628 ], [ 131.63441678224595, 33.54359630711032 ], [ 131.633165501843678, 33.54407996593897 ], [ 131.632713711105282, 33.544560163069754 ], [ 131.632721642842625, 33.544725135788561 ], [ 131.632278161179244, 33.54407055460068 ], [ 131.631920619938256, 33.543936213684454 ], [ 131.631620216229322, 33.54438270279153 ], [ 131.63118151852504, 33.545815075990348 ], [ 131.631200971639942, 33.546315547086778 ], [ 131.630644313361984, 33.547192370482307 ], [ 131.629911235878268, 33.547728439504823 ], [ 131.629326293997281, 33.548629210080236 ], [ 131.629128874438891, 33.549318793067528 ], [ 131.628801893306161, 33.549590602795739 ], [ 131.628541895702767, 33.550818156952488 ], [ 131.627840638915274, 33.551385818411269 ], [ 131.627748688211369, 33.551794149057713 ], [ 131.62739033005613, 33.552103165994936 ], [ 131.627371398605987, 33.552545537165003 ], [ 131.626557318859284, 33.554141378709716 ], [ 131.624467830281191, 33.556087899638591 ], [ 131.625221951630806, 33.556701172358736 ], [ 131.62463877523831, 33.557866768435098 ], [ 131.624111947441037, 33.558505026958755 ], [ 131.624163459022725, 33.559068905959997 ], [ 131.624854983968646, 33.559772521576157 ], [ 131.624076875858378, 33.561038739523681 ], [ 131.624793238053599, 33.561164459379114 ], [ 131.625798933265088, 33.561058088370032 ], [ 131.626415842305079, 33.561346707363704 ], [ 131.626805574245878, 33.561280844123516 ], [ 131.627036517355663, 33.561056055777769 ] ] ] } },
{ "type": "Feature", "properties": { "CITY_NAME": "国東市", "S_NAME": "挟間", "JINKO": 58, "medical_area": "44_東部医療圏", "町丁目名": "国東市挟間" }, "geometry": { "type": "Polygon", "coordinates": [ [ [ 131.666484186138064, 33.54606957396755 ], [ 131.668557231206194, 33.545025431094864 ], [ 131.669463997524247, 33.545044560585623 ], [ 131.670647904029948, 33.544533507966143 ], [ 131.671535342360272, 33.543951212333937 ], [ 131.672341677416824, 33.543282707446657 ], [ 131.672545027037273, 33.542823479165754 ], [ 131.672934432188072, 33.5426442747682 ], [ 131.674004406957209, 33.542484443334253 ], [ 131.674946593433646, 33.5427955757334 ], [ 131.676416370698746, 33.542583568311841 ], [ 131.67756929769547, 33.541416512067137 ], [ 131.678750026569929, 33.540689950306458 ], [ 131.680113899874328, 33.540247453808533 ], [ 131.680282595289526, 33.53994573413933 ], [ 131.680266157245853, 33.538662097670191 ], [ 131.68118251256891, 33.537740384034457 ], [ 131.680898130494086, 33.536781412187914 ], [ 131.681230559910063, 33.536641902693994 ], [ 131.681862305968025, 33.535989783571409 ], [ 131.683502418724999, 33.535531494162925 ], [ 131.684278003834407, 33.534936260886717 ], [ 131.684139230382755, 33.533704614447402 ], [ 131.684392234899605, 33.532931258817605 ], [ 131.684270376197844, 33.532665761025477 ], [ 131.682051701621447, 33.532440489089559 ], [ 131.681363896711019, 33.532594528033336 ], [ 131.68088110050229, 33.53243420939318 ], [ 131.679029343874305, 33.531339878945275 ], [ 131.6775659579707, 33.529502469487937 ], [ 131.672761528135482, 33.532746162069266 ], [ 131.671496083189936, 33.534116775877649 ], [ 131.669680333544392, 33.535408207775959 ], [ 131.66465599798002, 33.538096194940493 ], [ 131.659974379731267, 33.540923813514482 ], [ 131.658844321374005, 33.541871866915073 ], [ 131.653411093818249, 33.544760708276812 ], [ 131.653336622849991, 33.544987506843697 ], [ 131.653528065815379, 33.545095894467728 ], [ 131.655331013041291, 33.545124235603552 ], [ 131.656474221334179, 33.545617343143206 ], [ 131.657010602570324, 33.545560577504595 ], [ 131.657283347693635, 33.545689626226405 ], [ 131.656413085509371, 33.547285334212383 ], [ 131.656194112263279, 33.548255892743072 ], [ 131.655561418482364, 33.54903587247955 ], [ 131.654693752947338, 33.550671562831624 ], [ 131.653909200682222, 33.551326522952941 ], [ 131.652402545577502, 33.552073119640866 ], [ 131.651643212292925, 33.553037386073136 ], [ 131.652235241407055, 33.553041107225212 ], [ 131.652970134346702, 33.552569818514272 ], [ 131.654819247829778, 33.552224656146606 ], [ 131.655738959171799, 33.551513959936059 ], [ 131.656805700771145, 33.551101540970855 ], [ 131.657417315878803, 33.550504254654783 ], [ 131.659175192700729, 33.549690040464156 ], [ 131.659822306406397, 33.549217166255701 ], [ 131.660034372878926, 33.548831875010627 ], [ 131.663966802722911, 33.547960496231205 ], [ 131.666484186138064, 33.54606957396755 ] ] ] } },
{ "type": "Feature", "properties": { "CITY_NAME": "国東市", "S_NAME": "麻田", "JINKO": 190, "medical_area": "44_東部医療圏", "町丁目名": "国東市麻田" }, "geometry": { "type": "Polygon", "coordinates": [ [ [ 131.672761528135482, 33.532746162069266 ], [ 131.6775659579707, 33.529502469487937 ], [ 131.677946459271737, 33.529907130352548 ], [ 131.679029343874305, 33.531339878945275 ], [ 131.68088110050229, 33.53243420939318 ], [ 131.681363896711019, 33.532594528033336 ], [ 131.682051701621447, 33.532440489089559 ], [ 131.683857659151982, 33.532529228845412 ], [ 131.684270376197844, 33.532665761025477 ], [ 131.684392234899605, 33.532931258817605 ], [ 131.685457561975795, 33.532233790884014 ], [ 131.68595782047251, 33.531697905554061 ], [ 131.68711226279737, 33.531237221034679 ], [ 131.687693126061703, 33.531245658622836 ], [ 131.688358332359542, 33.530563628697188 ], [ 131.690274891112068, 33.530078251150883 ], [ 131.690886572894982, 33.530261589099148 ], [ 131.691295096237411, 33.529831295876605 ], [ 131.691611734363846, 33.529762431915543 ], [ 131.691921956327661, 33.528769026081079 ], [ 131.69284084149507, 33.52783047446929 ], [ 131.693885230118667, 33.527773207502001 ], [ 131.695044187871645, 33.52717994771433 ], [ 131.697352082898021, 33.524336703544257 ], [ 131.697534797844355, 33.523999655414691 ], [ 131.697463198762449, 33.523376414164872 ], [ 131.696692128884962, 33.521987782006796 ], [ 131.696342551160086, 33.52246640839973 ], [ 131.69568627582899, 33.521959053875541 ], [ 131.695183674875267, 33.521294941534428 ], [ 131.694422916776318, 33.521964412688199 ], [ 131.6936958138769, 33.52191304508176 ], [ 131.693728542940903, 33.521169708126585 ], [ 131.690150456472566, 33.519133399865822 ], [ 131.688992137133994, 33.519797697357781 ], [ 131.686776912618285, 33.520273132996685 ], [ 131.685651254057944, 33.520690513607519 ], [ 131.684246413722519, 33.521529977841531 ], [ 131.683480148699488, 33.521699715265399 ], [ 131.679980953622049, 33.523611975709606 ], [ 131.677246238815968, 33.52482023810758 ], [ 131.672386538074562, 33.525985175334611 ], [ 131.669730275612608, 33.527124064309326 ], [ 131.668695198059851, 33.527596793787644 ], [ 131.667931887524645, 33.528176221697301 ], [ 131.66694850671243, 33.529548336353066 ], [ 131.66562976095716, 33.530455018193905 ], [ 131.665000798675578, 33.530783242360727 ], [ 131.663137778194994, 33.531211223175177 ], [ 131.659241272397907, 33.533278109763209 ], [ 131.657462766758357, 33.533659222850595 ], [ 131.658657974226259, 33.534288917758353 ], [ 131.660516100438713, 33.53573680916508 ], [ 131.663624510925047, 33.538727005907333 ], [ 131.666970208711859, 33.536766487606734 ], [ 131.668136605076626, 33.53633663341207 ], [ 131.669680333544392, 33.535408207775959 ], [ 131.671496083189936, 33.534116775877649 ], [ 131.672761528135482, 33.532746162069266 ] ] ] } },
{ "type": "Feature", "properties": { "CITY_NAME": "国東市", "S_NAME": "手野", "JINKO": 230, "medical_area": "44_東部医療圏", "町丁目名": "国東市手野" }, "geometry": { "type": "Polygon", "coordinates": [ [ [ 131.696767429989819, 33.521912441023034 ], [ 131.699652476940543, 33.520200031270207 ], [ 131.701076925459063, 33.518670845476223 ], [ 131.703078400011606, 33.517145945008764 ], [ 131.702007177176256, 33.515516050148868 ], [ 131.701997983772912, 33.515027288193153 ], [ 131.702157693869594, 33.514856437368678 ], [ 131.701813611884575, 33.51486676940263 ], [ 131.701336573263859, 33.514584625155209 ], [ 131.700301852967868, 33.514998242465154 ], [ 131.701181022347356, 33.512309939932159 ], [ 131.699489996237276, 33.513156723533974 ], [ 131.700907761002298, 33.511839896578962 ], [ 131.700429452894639, 33.511523098488269 ], [ 131.700058323571454, 33.511975368211232 ], [ 131.698348528801887, 33.510690942093156 ], [ 131.698180749701976, 33.510542367795715 ], [ 131.698338266473399, 33.510401965565976 ], [ 131.697859383888044, 33.510032536117599 ], [ 131.693581518703382, 33.507730806918943 ], [ 131.693130872492787, 33.507429314241598 ], [ 131.693084883058702, 33.507118907255716 ], [ 131.692822617315329, 33.506835029569011 ], [ 131.689286419066633, 33.506738020358192 ], [ 131.688311857049626, 33.507385279510544 ], [ 131.687250311544489, 33.507689414261449 ], [ 131.686096940852536, 33.506876926022876 ], [ 131.68415740096421, 33.505894113227711 ], [ 131.68070167165672, 33.507269211253202 ], [ 131.675876853025073, 33.510332912876521 ], [ 131.674598396306436, 33.510959678898146 ], [ 131.67207161493252, 33.511692484876299 ], [ 131.670428820329477, 33.511441895332176 ], [ 131.670508495617327, 33.511751187670882 ], [ 131.670948793349339, 33.512025707676038 ], [ 131.671072410134229, 33.512329796696648 ], [ 131.670883496607047, 33.512662341869493 ], [ 131.67017966298431, 33.513060468030069 ], [ 131.670047784609835, 33.513499572446626 ], [ 131.670122765441079, 33.51426327964117 ], [ 131.670541602096421, 33.514816747252574 ], [ 131.672102149758501, 33.515840276393504 ], [ 131.672508310432278, 33.515943929683743 ], [ 131.673031752543267, 33.51543707555193 ], [ 131.673484495846992, 33.515292210521636 ], [ 131.67587596399315, 33.515261990634897 ], [ 131.677444154646054, 33.514642243671574 ], [ 131.67830320774658, 33.514600781706989 ], [ 131.678535650864575, 33.515225854004541 ], [ 131.680041447412691, 33.51620566454416 ], [ 131.680948457163225, 33.517873692524425 ], [ 131.682398872964541, 33.51878712540833 ], [ 131.682390369620521, 33.519439998275288 ], [ 131.682864973338184, 33.520876405143049 ], [ 131.683302325624226, 33.521287926009805 ], [ 131.683480148699488, 33.521699715265399 ], [ 131.684246413722519, 33.521529977841531 ], [ 131.685162237643567, 33.520925402674045 ], [ 131.686438549624711, 33.520382645979652 ], [ 131.689288645050851, 33.519687211658585 ], [ 131.690150456472566, 33.519133399865822 ], [ 131.693728542940903, 33.521169708126585 ], [ 131.693635150974046, 33.521666970999632 ], [ 131.6936958138769, 33.52191304508176 ], [ 131.69391318465037, 33.521998440849863 ], [ 131.694767087567328, 33.521776864423536 ], [ 131.695183674875267, 33.521294941534428 ], [ 131.69568627582899, 33.521959053875541 ], [ 131.696342551160086, 33.52246640839973 ], [ 131.696767429989819, 33.521912441023034 ] ] ] } },
{ "type": "Feature", "properties": { "CITY_NAME": "国東市", "S_NAME": "吉広", "JINKO": 266, "medical_area": "44_東部医療圏", "町丁目名": "国東市吉広" }, "geometry": { "type": "Polygon", "coordinates": [ [ [ 131.63441678224595, 33.54359630711032 ], [ 131.635654149419082, 33.543518745047628 ], [ 131.637248086999278, 33.543850378707766 ], [ 131.638153832270831, 33.543537918091189 ], [ 131.642446026895271, 33.541252502512634 ], [ 131.644292677687531, 33.539891281851958 ], [ 131.646735601556941, 33.538757268846354 ], [ 131.646969213339389, 33.538459235081504 ], [ 131.648640190973509, 33.538209301612021 ], [ 131.650265320579535, 33.537678765048945 ], [ 131.654494605127269, 33.53543783829106 ], [ 131.65526978630831, 33.534913580775644 ], [ 131.65575264234883, 33.534264665317401 ], [ 131.656327761822666, 33.533843604292024 ], [ 131.659241272397907, 33.533278109763209 ], [ 131.663137778194994, 33.531211223175177 ], [ 131.665000798675578, 33.530783242360727 ], [ 131.66562976095716, 33.530455018193905 ], [ 131.66694850671243, 33.529548336353066 ], [ 131.667931887524645, 33.528176221697301 ], [ 131.668695198059851, 33.527596793787644 ], [ 131.672386538074562, 33.525985175334611 ], [ 131.677246238815968, 33.52482023810758 ], [ 131.680776183830289, 33.52321178245333 ], [ 131.683480148699488, 33.521699715265399 ], [ 131.683302325624226, 33.521287926009805 ], [ 131.682864973338184, 33.520876405143049 ], [ 131.682390369620521, 33.519439998275288 ], [ 131.682398872964541, 33.51878712540833 ], [ 131.680948457163225, 33.517873692524425 ], [ 131.680041447412691, 33.51620566454416 ], [ 131.678535650864575, 33.515225854004541 ], [ 131.67830320774658, 33.514600781706989 ], [ 131.677444154646054, 33.514642243671574 ], [ 131.67587596399315, 33.515261990634897 ], [ 131.673484495846992, 33.515292210521636 ], [ 131.673031752543267, 33.51543707555193 ], [ 131.672508310432278, 33.515943929683743 ], [ 131.672102149758501, 33.515840276393504 ], [ 131.670541602096421, 33.514816747252574 ], [ 131.670122765441079, 33.51426327964117 ], [ 131.670047784609835, 33.513499572446626 ], [ 131.67017966298431, 33.513060468030069 ], [ 131.670883496607047, 33.512662341869493 ], [ 131.671072410134229, 33.512329796696648 ], [ 131.670948793349339, 33.512025707676038 ], [ 131.670508495617327, 33.511751187670882 ], [ 131.670428820329477, 33.511441895332176 ], [ 131.670038266223969, 33.511298245797143 ], [ 131.669926559246676, 33.510761689228133 ], [ 131.670019474146471, 33.509211356454827 ], [ 131.667311161178816, 33.505483659775855 ], [ 131.667272052541477, 33.504658334590921 ], [ 131.667469921923555, 33.503781017500152 ], [ 131.666243084650262, 33.504337218579558 ], [ 131.665874213440276, 33.504383643886158 ], [ 131.66508209264245, 33.504025215807275 ], [ 131.663910709209631, 33.504292793647572 ], [ 131.663154857023784, 33.505063041788979 ], [ 131.662662367523723, 33.505174963048738 ], [ 131.662226331027398, 33.506017298434294 ], [ 131.661437530714835, 33.506071967890094 ], [ 131.661208900813108, 33.506254759644378 ], [ 131.660976188016605, 33.507203690374055 ], [ 131.660172088022136, 33.508050050226153 ], [ 131.659686616283665, 33.508920649549701 ], [ 131.6588960345629, 33.509363952001131 ], [ 131.658310009116775, 33.509952553106835 ], [ 131.656216503367574, 33.511100322825669 ], [ 131.65478258457486, 33.510705861809448 ], [ 131.653771070669677, 33.510896477735074 ], [ 131.650240365552122, 33.510516276573831 ], [ 131.649679780935941, 33.511513768529909 ], [ 131.649375067312207, 33.512571935942361 ], [ 131.647900892310332, 33.514108286136377 ], [ 131.647586829666722, 33.514700452801847 ], [ 131.646634329106632, 33.515568711001521 ], [ 131.64597562468748, 33.516495411777036 ], [ 131.645482927982243, 33.516647869331294 ], [ 131.645157599304554, 33.517187189807515 ], [ 131.643808677902371, 33.517345209491737 ], [ 131.642600917149167, 33.518214945784592 ], [ 131.641875133893507, 33.518409392446507 ], [ 131.641650957246185, 33.51930844436626 ], [ 131.64010981845891, 33.519997152310104 ], [ 131.63958970530166, 33.519782662542788 ], [ 131.638630303461184, 33.520468313049086 ], [ 131.638852008954302, 33.521372941016537 ], [ 131.637780001828304, 33.522223327266353 ], [ 131.63755187841204, 33.523456048462123 ], [ 131.637312996125956, 33.523647973682102 ], [ 131.637284691302909, 33.524535365029976 ], [ 131.635996359403265, 33.526075464636563 ], [ 131.635075882663102, 33.526472181226573 ], [ 131.633765664427955, 33.528483761343544 ], [ 131.633155125953493, 33.528889432619529 ], [ 131.633598281869951, 33.529382455644509 ], [ 131.63361937181665, 33.529673666881777 ], [ 131.633233448358595, 33.530091432600699 ], [ 131.633116696764944, 33.530558155375658 ], [ 131.632545350352444, 33.531133145879899 ], [ 131.632057583874882, 33.532335395316629 ], [ 131.630912224978147, 33.53399916133634 ], [ 131.631059293700815, 33.534652549678057 ], [ 131.630428402152859, 33.535309937565572 ], [ 131.63034017085667, 33.536226751746135 ], [ 131.630507169733391, 33.537012470870039 ], [ 131.629756784880158, 33.537765807561861 ], [ 131.630042583056934, 33.539234225071795 ], [ 131.631038822999784, 33.539668821165264 ], [ 131.631578943172514, 33.539573363716968 ], [ 131.632522898706242, 33.539780401500018 ], [ 131.633094722019877, 33.539695377159475 ], [ 131.633274688560448, 33.540086437676784 ], [ 131.633032452183357, 33.540696800805414 ], [ 131.633184771211461, 33.541432013000026 ], [ 131.633962011181012, 33.541960655096091 ], [ 131.634202844868611, 33.542454672662508 ], [ 131.633536998932556, 33.543093728130522 ], [ 131.632518419319126, 33.543509409546843 ], [ 131.631920619938256, 33.543936213684454 ], [ 131.632278161179244, 33.54407055460068 ], [ 131.632721642842625, 33.544725135788561 ], [ 131.632713711105282, 33.544560163069754 ], [ 131.633165501843678, 33.54407996593897 ], [ 131.63441678224595, 33.54359630711032 ] ] ] } },
{ "type": "Feature", "properties": { "CITY_NAME": "国東市", "S_NAME": "武蔵向陽台", "JINKO": 385, "medical_area": "44_東部医療圏", "町丁目名": "国東市武蔵向陽台" }, "geometry": { "type": "Polygon", "coordinates": [ [ [ 131.711067843358819, 33.483617480625071 ], [ 131.711117721137384, 33.483075904056314 ], [ 131.711631339189694, 33.482661779510785 ], [ 131.712668590581472, 33.482534878923808 ], [ 131.712456465987827, 33.481854022063246 ], [ 131.712736409556697, 33.481126772380996 ], [ 131.712472534051358, 33.480644547879209 ], [ 131.712598117131932, 33.480438272911414 ], [ 131.712116003458902, 33.480190644192078 ], [ 131.711042349147675, 33.480077745188481 ], [ 131.707400890535041, 33.480393439743025 ], [ 131.707365061785254, 33.48064953275918 ], [ 131.70764012000447, 33.481093001437607 ], [ 131.707548117511521, 33.481853016634453 ], [ 131.707336673398856, 33.482129936954706 ], [ 131.707874560702749, 33.482567087608935 ], [ 131.708704207392202, 33.48276148035265 ], [ 131.709311527567024, 33.483289381756862 ], [ 131.709860883118012, 33.483368496450275 ], [ 131.710448658740745, 33.483901181831122 ], [ 131.710806180129509, 33.483848098412231 ], [ 131.711067843358819, 33.483617480625071 ] ] ] } },
{ "type": "Feature", "properties": { "CITY_NAME": "国東市", "S_NAME": "両子", "JINKO": 146, "medical_area": "44_東部医療圏", "町丁目名": "国東市両子" }, "geometry": { "type": "Polygon", "coordinates": [ [ [ 131.603351562130371, 33.581703861442669 ], [ 131.603652211699796, 33.580136148060397 ], [ 131.604237243563318, 33.579483664532134 ], [ 131.607060397026942, 33.57835411089782 ], [ 131.60796974075808, 33.577541568386835 ], [ 131.608360097395405, 33.576929793476602 ], [ 131.60913095655215, 33.576694850069423 ], [ 131.610259908547363, 33.575978001405595 ], [ 131.611525375095027, 33.575527291310081 ], [ 131.611950088232476, 33.575018249588481 ], [ 131.612630149148259, 33.574572641977845 ], [ 131.612901795061248, 33.574161812778989 ], [ 131.613306353203967, 33.574017266417641 ], [ 131.61378580464438, 33.57336780068826 ], [ 131.614532197204028, 33.573105781483868 ], [ 131.61444772959635, 33.571964111124785 ], [ 131.615244440558484, 33.570945035214258 ], [ 131.615951273351271, 33.570348002545089 ], [ 131.61642148793814, 33.570144370106355 ], [ 131.618189779862746, 33.570421367640172 ], [ 131.619289952321964, 33.568227655092315 ], [ 131.619771085752234, 33.567793921673001 ], [ 131.619738066005311, 33.567052955326915 ], [ 131.619990422470664, 33.566081406505177 ], [ 131.620869545395095, 33.565058495887918 ], [ 131.620910755316089, 33.564779088089516 ], [ 131.620607844685566, 33.564410497819466 ], [ 131.620904420748388, 33.564052815286452 ], [ 131.62107216530552, 33.563488920004907 ], [ 131.621723084827096, 33.56340960848727 ], [ 131.622328447889004, 33.56300306756544 ], [ 131.624733521221515, 33.560040640139192 ], [ 131.62480973031802, 33.559640318987995 ], [ 131.624163459022725, 33.559068905959997 ], [ 131.624111947441037, 33.558505026958755 ], [ 131.62463877523831, 33.557866768435098 ], [ 131.625221951630806, 33.556701172358736 ], [ 131.624467830281191, 33.556087899638591 ], [ 131.626557318859284, 33.554141378709716 ], [ 131.627371398605987, 33.552545537165003 ], [ 131.62739033005613, 33.552103165994936 ], [ 131.627748688211369, 33.551794149057713 ], [ 131.627840638915274, 33.551385818411269 ], [ 131.628541895702767, 33.550818156952488 ], [ 131.628801893306161, 33.549590602795739 ], [ 131.629128874438891, 33.549318793067528 ], [ 131.629326293997281, 33.548629210080236 ], [ 131.629911235878268, 33.547728439504823 ], [ 131.630644313361984, 33.547192370482307 ], [ 131.631200971639942, 33.546315547086778 ], [ 131.63118151852504, 33.545815075990348 ], [ 131.631620216229322, 33.54438270279153 ], [ 131.631920619938256, 33.543936213684454 ], [ 131.632518419319126, 33.543509409546843 ], [ 131.633536998932556, 33.543093728130522 ], [ 131.634202844868611, 33.542454672662508 ], [ 131.633962011181012, 33.541960655096091 ], [ 131.633184771211461, 33.541432013000026 ], [ 131.633032452183357, 33.540696800805414 ], [ 131.633274688560448, 33.540086437676784 ], [ 131.633094722019877, 33.539695377159475 ], [ 131.632522898706242, 33.539780401500018 ], [ 131.631578943172514, 33.539573363716968 ], [ 131.630779181532034, 33.539627773413507 ], [ 131.630549553428295, 33.539364076526425 ], [ 131.630042583056934, 33.539234225071795 ], [ 131.6299141508552, 33.538970046537045 ], [ 131.629756784880158, 33.537765807561861 ], [ 131.630507169733391, 33.537012470870039 ], [ 131.63034017085667, 33.536226751746135 ], [ 131.630428402152859, 33.535309937565572 ], [ 131.630896508385234, 33.534881158956125 ], [ 131.63102248237098, 33.5344889908271 ], [ 131.629888077160047, 33.534120607300636 ], [ 131.627771321925167, 33.533888855907037 ], [ 131.627466110929049, 33.533929711164916 ], [ 131.626831416465677, 33.534453962229897 ], [ 131.62626773143171, 33.534502708914594 ], [ 131.623870525010688, 33.533941329658397 ], [ 131.62267307145197, 33.533003587990045 ], [ 131.617716584681261, 33.533303626214767 ], [ 131.615911587147991, 33.53284069852333 ], [ 131.615326865243617, 33.533790678399136 ], [ 131.615403004091434, 33.534583318479307 ], [ 131.615218588237326, 33.535095441987316 ], [ 131.614899530560194, 33.535391970935734 ], [ 131.614070647276094, 33.535605785914356 ], [ 131.614045511897473, 33.537591779069864 ], [ 131.612510295742027, 33.539853934956156 ], [ 131.612360361643709, 33.540811575365332 ], [ 131.612391878295483, 33.543065989934675 ], [ 131.61212071460136, 33.544053708515136 ], [ 131.609394118140813, 33.547390008825737 ], [ 131.608731822354684, 33.549031736276447 ], [ 131.607015975557687, 33.550154340547181 ], [ 131.605379288630218, 33.553655611723748 ], [ 131.603381613973227, 33.554831942530107 ], [ 131.60317755235755, 33.555715833207742 ], [ 131.601308592002908, 33.557575014691658 ], [ 131.601011222516206, 33.558195788616629 ], [ 131.601023033768456, 33.55989978650716 ], [ 131.60088911575059, 33.560365745623294 ], [ 131.598646096667665, 33.564623580941372 ], [ 131.596636790773061, 33.566442167704004 ], [ 131.595366099332296, 33.568397717692221 ], [ 131.594611956913951, 33.568924264530516 ], [ 131.594469716282475, 33.569269871756497 ], [ 131.594513725604429, 33.570810018748467 ], [ 131.594280446320425, 33.571483272351792 ], [ 131.59490400284372, 33.572426315233272 ], [ 131.594988400272797, 33.572805533061974 ], [ 131.594868892938194, 33.573269800007445 ], [ 131.595424798513704, 33.574101087065628 ], [ 131.595288034900619, 33.57529981076317 ], [ 131.596178296491871, 33.576098394447705 ], [ 131.596049500497458, 33.57682718737334 ], [ 131.596638658240522, 33.577624108205846 ], [ 131.59564923736383, 33.578630878148985 ], [ 131.595296597573679, 33.579793273318607 ], [ 131.595538055890728, 33.580308683554883 ], [ 131.595388653009877, 33.581286527750862 ], [ 131.596879043265744, 33.58116657144641 ], [ 131.597736188845488, 33.58125279976246 ], [ 131.598164854740958, 33.581483690323275 ], [ 131.59852926195822, 33.582488047748591 ], [ 131.598459551200847, 33.582813730575246 ], [ 131.598064400793135, 33.583269474601963 ], [ 131.599186685496107, 33.584569414599571 ], [ 131.600695533890331, 33.583817899331457 ], [ 131.602483002669317, 33.581955592778819 ], [ 131.603351562130371, 33.581703861442669 ] ] ] } },
{ "type": "Feature", "properties": { "CITY_NAME": "国東市", "S_NAME": "富清", "JINKO": 179, "medical_area": "44_東部医療圏", "町丁目名": "国東市富清" }, "geometry": { "type": "Polygon", "coordinates": [ [ [ 131.630912224978147, 33.53399916133634 ], [ 131.632057583874882, 33.532335395316629 ], [ 131.632545350352444, 33.531133145879899 ], [ 131.633116696764944, 33.530558155375658 ], [ 131.633233448358595, 33.530091432600699 ], [ 131.63361937181665, 33.529673666881777 ], [ 131.633598281869951, 33.529382455644509 ], [ 131.633155125953493, 33.528889432619529 ], [ 131.633765664427955, 33.528483761343544 ], [ 131.635075882663102, 33.526472181226573 ], [ 131.635996359403265, 33.526075464636563 ], [ 131.637284691302909, 33.524535365029976 ], [ 131.637312996125956, 33.523647973682102 ], [ 131.63755187841204, 33.523456048462123 ], [ 131.637780001828304, 33.522223327266353 ], [ 131.638852008954302, 33.521372941016537 ], [ 131.638630303461184, 33.520468313049086 ], [ 131.63958970530166, 33.519782662542788 ], [ 131.64010981845891, 33.519997152310104 ], [ 131.641650957246185, 33.51930844436626 ], [ 131.641875133893507, 33.518409392446507 ], [ 131.642600917149167, 33.518214945784592 ], [ 131.643436916204735, 33.517527248043891 ], [ 131.644130674309508, 33.517279949013442 ], [ 131.645157599304554, 33.517187189807515 ], [ 131.645482927982243, 33.516647869331294 ], [ 131.64597562468748, 33.516495411777036 ], [ 131.646252554884398, 33.516200194320298 ], [ 131.646634329106632, 33.515568711001521 ], [ 131.647586829666722, 33.514700452801847 ], [ 131.647900892310332, 33.514108286136377 ], [ 131.648603963331368, 33.513502637014227 ], [ 131.648812295124799, 33.513083795163375 ], [ 131.648359682306165, 33.513454531429666 ], [ 131.646047775825565, 33.513847764829826 ], [ 131.645439397838203, 33.513685787652918 ], [ 131.643826250710987, 33.511594999630162 ], [ 131.642097264489564, 33.510814225742251 ], [ 131.641299544782356, 33.509862049164049 ], [ 131.640923767444121, 33.508937194115006 ], [ 131.640575010774825, 33.509874132273595 ], [ 131.640856927631347, 33.510842485243622 ], [ 131.639963044634044, 33.511902644506876 ], [ 131.639084449169445, 33.511574162427642 ], [ 131.638597906872917, 33.511205884390499 ], [ 131.637301384727948, 33.511474410643913 ], [ 131.634441322672899, 33.511015366415783 ], [ 131.634010778465779, 33.510734379055329 ], [ 131.632380553987673, 33.51100451836647 ], [ 131.629670691639063, 33.510769510042635 ], [ 131.628260303135136, 33.511747086712624 ], [ 131.626428468928367, 33.512011296808573 ], [ 131.624886389999887, 33.51186915952119 ], [ 131.623341302137391, 33.511307096927418 ], [ 131.622774987976783, 33.512299709322633 ], [ 131.622095075960488, 33.514641849057774 ], [ 131.620365330479046, 33.51589583057747 ], [ 131.619303405759752, 33.519643579231818 ], [ 131.618981519548981, 33.522830473663248 ], [ 131.61591467004888, 33.526640579457364 ], [ 131.615713141552078, 33.527794963473696 ], [ 131.616247421918615, 33.530486146813715 ], [ 131.616209135395678, 33.531718501041304 ], [ 131.615911587147991, 33.53284069852333 ], [ 131.617716584681261, 33.533303626214767 ], [ 131.62267307145197, 33.533003587990045 ], [ 131.623870525010688, 33.533941329658397 ], [ 131.62626773143171, 33.534502708914594 ], [ 131.626831416465677, 33.534453962229897 ], [ 131.627466110929049, 33.533929711164916 ], [ 131.627771321925167, 33.533888855907037 ], [ 131.629888077160047, 33.534120607300636 ], [ 131.63102248237098, 33.5344889908271 ], [ 131.630912224978147, 33.53399916133634 ] ] ] } },
{ "type": "Feature", "properties": { "CITY_NAME": "国東市", "S_NAME": "糸永", "JINKO": 114, "medical_area": "44_東部医療圏", "町丁目名": "国東市糸永" }, "geometry": { "type": "Polygon", "coordinates": [ [ [ 131.628260303135136, 33.511747086712624 ], [ 131.629670691639063, 33.510769510042635 ], [ 131.632380553987673, 33.51100451836647 ], [ 131.634010778465779, 33.510734379055329 ], [ 131.634441322672899, 33.511015366415783 ], [ 131.637301384727948, 33.511474410643913 ], [ 131.638597906872917, 33.511205884390499 ], [ 131.639084449169445, 33.511574162427642 ], [ 131.639963044634044, 33.511902644506876 ], [ 131.64078656760222, 33.511022809232749 ], [ 131.640867319353418, 33.510632461176208 ], [ 131.640603498104383, 33.509689058901962 ], [ 131.641786279584892, 33.506670377624353 ], [ 131.642983517801355, 33.505400152167297 ], [ 131.643260409196358, 33.50384888499152 ], [ 131.645269665010574, 33.499525521473146 ], [ 131.645582927196585, 33.498169562178234 ], [ 131.646685422474718, 33.497552187569497 ], [ 131.647710691506859, 33.495634897929001 ], [ 131.648293428416451, 33.493402519176996 ], [ 131.648741545112017, 33.492447523783078 ], [ 131.648533046884836, 33.49195956536942 ], [ 131.64668588868966, 33.491106605259162 ], [ 131.646015679197291, 33.490156306517001 ], [ 131.644160533737761, 33.489645255465092 ], [ 131.642324479803221, 33.488632303142879 ], [ 131.639188423901913, 33.487264051368207 ], [ 131.638865007335852, 33.486617886207732 ], [ 131.639290848968699, 33.4857201320673 ], [ 131.637906304391095, 33.486040885506789 ], [ 131.637056122838402, 33.486550152115989 ], [ 131.636447873667493, 33.487478060305477 ], [ 131.635980264829982, 33.488860144559759 ], [ 131.635171224372584, 33.490099019617162 ], [ 131.633740148056631, 33.49202597796446 ], [ 131.631201014529978, 33.494764947998767 ], [ 131.630986645908166, 33.495869415588047 ], [ 131.63064354337439, 33.496677932385296 ], [ 131.629111625002224, 33.499728083658432 ], [ 131.627592549627877, 33.502190331299339 ], [ 131.625364604831162, 33.507772694608668 ], [ 131.623921742807397, 33.509953872288314 ], [ 131.623341302137391, 33.511307096927418 ], [ 131.624886389999887, 33.51186915952119 ], [ 131.626428468928367, 33.512011296808573 ], [ 131.628260303135136, 33.511747086712624 ] ] ] } },
{ "type": "Feature", "properties": { "CITY_NAME": "国東市", "S_NAME": "明治", "JINKO": 174, "medical_area": "44_東部医療圏", "町丁目名": "国東市明治" }, "geometry": { "type": "Polygon", "coordinates": [ [ [ 131.614045511897473, 33.537591779069864 ], [ 131.614070647276094, 33.535605785914356 ], [ 131.614899530560194, 33.535391970935734 ], [ 131.615373341855076, 33.534819416085689 ], [ 131.615326865243617, 33.533790678399136 ], [ 131.615911587147991, 33.53284069852333 ], [ 131.616209135395678, 33.531718501041304 ], [ 131.616247421918615, 33.530486146813715 ], [ 131.615713141552078, 33.527794963473696 ], [ 131.615730655243198, 33.527205153361386 ], [ 131.616131181246317, 33.526246250281609 ], [ 131.618251977395005, 33.523777927379264 ], [ 131.617909150310538, 33.522930853731083 ], [ 131.616445096290335, 33.520821188890345 ], [ 131.61603654318256, 33.520639713077678 ], [ 131.613089327490655, 33.520326627284433 ], [ 131.610690409107036, 33.518349304221168 ], [ 131.6088524433126, 33.518164998643471 ], [ 131.608540743797676, 33.518389341018725 ], [ 131.607157044393091, 33.518769709706838 ], [ 131.606460040376021, 33.518779664718423 ], [ 131.605722013005135, 33.518521105598218 ], [ 131.603982755539647, 33.517330150358447 ], [ 131.601142505328227, 33.516609855561775 ], [ 131.60035874348705, 33.515401156464669 ], [ 131.599628809369307, 33.515175278418489 ], [ 131.598767839679113, 33.515258081949469 ], [ 131.598358579735788, 33.514971688135383 ], [ 131.598422353788237, 33.512860940741284 ], [ 131.598145372021406, 33.512444327371803 ], [ 131.598068315448415, 33.512708829715898 ], [ 131.596993425082559, 33.513697287481861 ], [ 131.59527287872146, 33.515060166302227 ], [ 131.594987915632061, 33.515668087798161 ], [ 131.594643395587894, 33.515790159448784 ], [ 131.594007361101546, 33.516701011106889 ], [ 131.593294438605255, 33.517241866889549 ], [ 131.592685494277475, 33.518913877442337 ], [ 131.591643733430686, 33.520573334114047 ], [ 131.590946411157603, 33.521273279122013 ], [ 131.589994320714538, 33.521676517750947 ], [ 131.59028052456361, 33.522334631684842 ], [ 131.589743107622866, 33.523921317806263 ], [ 131.590050614257649, 33.525167620168254 ], [ 131.589679185777157, 33.526263502093371 ], [ 131.589379012663841, 33.526536175704514 ], [ 131.589076305358731, 33.526554764800835 ], [ 131.589127502572239, 33.52856885928626 ], [ 131.588776603888874, 33.529903796494452 ], [ 131.588632066167833, 33.53023376778372 ], [ 131.587755900554157, 33.53105170636573 ], [ 131.586991237224936, 33.531407040618596 ], [ 131.587490751173476, 33.53192416022339 ], [ 131.587186638906502, 33.532421583590171 ], [ 131.587056940137728, 33.533044169243681 ], [ 131.586796164244078, 33.53345812516303 ], [ 131.585963024406283, 33.533797253877808 ], [ 131.585864209553961, 33.534429694673499 ], [ 131.58532302522957, 33.535043259402599 ], [ 131.585490454046408, 33.535385421659306 ], [ 131.586580124608531, 33.535725071515571 ], [ 131.58667526310947, 33.536391186390972 ], [ 131.586169963509121, 33.537343344875964 ], [ 131.585504438896095, 33.537458585495656 ], [ 131.585378369601017, 33.537905114567479 ], [ 131.584908286504458, 33.538238297885101 ], [ 131.5851585572847, 33.538932601822722 ], [ 131.584971078929783, 33.539810140513623 ], [ 131.585269333753132, 33.540870660899586 ], [ 131.58509248561225, 33.541372479675317 ], [ 131.585516605077117, 33.542110696293022 ], [ 131.585110007386476, 33.542997718146019 ], [ 131.585130203928202, 33.543267029662545 ], [ 131.585403252242401, 33.5439190322857 ], [ 131.585779811171761, 33.544183217380422 ], [ 131.586575055989954, 33.544403307751431 ], [ 131.586767117083866, 33.544640500542421 ], [ 131.586816574167131, 33.545111844891011 ], [ 131.587559591458358, 33.545624764364625 ], [ 131.586975215839146, 33.546154432054649 ], [ 131.586863060413521, 33.546581281739911 ], [ 131.586490890177203, 33.547043029368041 ], [ 131.586450578282296, 33.54742082906246 ], [ 131.586852041956092, 33.548349035615466 ], [ 131.58687361903381, 33.549020432611769 ], [ 131.587295630691671, 33.549769684954711 ], [ 131.587440264564606, 33.55067296493273 ], [ 131.588246664662194, 33.551369540904012 ], [ 131.589155198773426, 33.552652559062039 ], [ 131.589184147088162, 33.553012915661512 ], [ 131.588898832176596, 33.553666992394156 ], [ 131.589267070557355, 33.554204037352548 ], [ 131.589171507684227, 33.554658427955872 ], [ 131.58952627218423, 33.555508269328243 ], [ 131.588976879781796, 33.556042964754369 ], [ 131.589115713457147, 33.556496809021752 ], [ 131.588964797409403, 33.557225592791831 ], [ 131.588967024481661, 33.558700211063268 ], [ 131.589632430876208, 33.559257191755975 ], [ 131.590384323727704, 33.559421671239107 ], [ 131.590543320827123, 33.559844105722298 ], [ 131.591182262902407, 33.560335866764184 ], [ 131.591768929417213, 33.561341298762997 ], [ 131.591445321869799, 33.561853199139669 ], [ 131.592311415857154, 33.562947547794913 ], [ 131.592863522830271, 33.563237436552932 ], [ 131.592563842258414, 33.564530275649545 ], [ 131.592952473052748, 33.564833374494953 ], [ 131.593501022988391, 33.565689646627703 ], [ 131.593595197250551, 33.566411140915953 ], [ 131.593485451441069, 33.566673045183364 ], [ 131.593730202025625, 33.567129340100742 ], [ 131.594903768854749, 33.568057290835199 ], [ 131.594873160376324, 33.568471293908431 ], [ 131.594611956913951, 33.568924264530516 ], [ 131.595366099332296, 33.568397717692221 ], [ 131.596963481846103, 33.566086690956347 ], [ 131.598646096667665, 33.564623580941372 ], [ 131.60088911575059, 33.560365745623294 ], [ 131.601023033768456, 33.55989978650716 ], [ 131.601011222516206, 33.558195788616629 ], [ 131.601308592002908, 33.557575014691658 ], [ 131.60317755235755, 33.555715833207742 ], [ 131.603381613973227, 33.554831942530107 ], [ 131.605379288630218, 33.553655611723748 ], [ 131.607015975557687, 33.550154340547181 ], [ 131.608731822354684, 33.549031736276447 ], [ 131.609394118140813, 33.547390008825737 ], [ 131.61212071460136, 33.544053708515136 ], [ 131.612391878295483, 33.543065989934675 ], [ 131.612360361643709, 33.540811575365332 ], [ 131.612510295742027, 33.539853934956156 ], [ 131.614045511897473, 33.537591779069864 ] ] ] } },
{ "type": "Feature", "properties": { "CITY_NAME": "国東市", "S_NAME": "朝来", "JINKO": 221, "medical_area": "44_東部医療圏", "町丁目名": "国東市朝来" }, "geometry": { "type": "Polygon", "coordinates": [ [ [ 131.619303405759752, 33.519643579231818 ], [ 131.620365330479046, 33.51589583057747 ], [ 131.622095075960488, 33.514641849057774 ], [ 131.622774987976783, 33.512299709322633 ], [ 131.623921742807397, 33.509953872288314 ], [ 131.625364604831162, 33.507772694608668 ], [ 131.627592549627877, 33.502190331299339 ], [ 131.629111625002224, 33.499728083658432 ], [ 131.63064354337439, 33.496677932385296 ], [ 131.630986645908166, 33.495869415588047 ], [ 131.631201014529978, 33.494764947998767 ], [ 131.633740148056631, 33.49202597796446 ], [ 131.635171224372584, 33.490099019617162 ], [ 131.635980264829982, 33.488860144559759 ], [ 131.636447873667493, 33.487478060305477 ], [ 131.637056122838402, 33.486550152115989 ], [ 131.637906304391095, 33.486040885506789 ], [ 131.639290848968699, 33.4857201320673 ], [ 131.641896526520014, 33.484112424629188 ], [ 131.641970797762752, 33.483896094293229 ], [ 131.641817282079984, 33.483655554993938 ], [ 131.63939862028127, 33.48180718088723 ], [ 131.638662302764203, 33.481617488202943 ], [ 131.638184791140048, 33.481813466758517 ], [ 131.636964635217623, 33.483026507658529 ], [ 131.634263387309346, 33.485060168782226 ], [ 131.634160046102011, 33.485454482362123 ], [ 131.632924727425205, 33.486680304168168 ], [ 131.632130339183107, 33.486995620942025 ], [ 131.629357025362481, 33.486444565031796 ], [ 131.629178694162022, 33.485918340523952 ], [ 131.629820309349469, 33.484416096822606 ], [ 131.629567146445908, 33.482981974509251 ], [ 131.624995245556448, 33.483810212547986 ], [ 131.624411733239327, 33.484043143189155 ], [ 131.622106557624335, 33.486509227182779 ], [ 131.621824003978105, 33.487080528106944 ], [ 131.621371185379189, 33.489727223143703 ], [ 131.620982846672405, 33.490538962151987 ], [ 131.620420852302686, 33.491286658436337 ], [ 131.617627885288385, 33.494065055233911 ], [ 131.614761216727487, 33.49910814627237 ], [ 131.613066320114683, 33.500421917151733 ], [ 131.612067858713857, 33.502085055822576 ], [ 131.607921157623906, 33.503724319519215 ], [ 131.606440149839955, 33.504714680365012 ], [ 131.606051440152271, 33.505122935531595 ], [ 131.605745397591761, 33.506159959156896 ], [ 131.606005066068121, 33.507456416293337 ], [ 131.605559776852971, 33.508176274011518 ], [ 131.604964178948137, 33.508680527529563 ], [ 131.60383874178865, 33.509013743095835 ], [ 131.602326318561552, 33.50882134061581 ], [ 131.599597498778593, 33.505903043373849 ], [ 131.599610681972337, 33.505315229561567 ], [ 131.600195898063731, 33.504493806940118 ], [ 131.597646841411745, 33.504606376666807 ], [ 131.597213716495645, 33.504908582942022 ], [ 131.597285570165781, 33.506982250003951 ], [ 131.596502034669783, 33.507642190197224 ], [ 131.596457131675606, 33.50843285609114 ], [ 131.596682293245607, 33.510013103350815 ], [ 131.597492967852276, 33.51047182541771 ], [ 131.598122475811721, 33.511098461216399 ], [ 131.598145372021406, 33.512444327371803 ], [ 131.598358349838662, 33.512664637706081 ], [ 131.598439985792538, 33.513149254866164 ], [ 131.59827793690522, 33.514631267407395 ], [ 131.598516562979484, 33.515167538016982 ], [ 131.599628809369307, 33.515175278418489 ], [ 131.60035874348705, 33.515401156464669 ], [ 131.601142505328227, 33.516609855561775 ], [ 131.603982755539647, 33.517330150358447 ], [ 131.606114990721949, 33.518715799056437 ], [ 131.607157044393091, 33.518769709706838 ], [ 131.608540743797676, 33.518389341018725 ], [ 131.6088524433126, 33.518164998643471 ], [ 131.610486395583223, 33.51829131246398 ], [ 131.613089327490655, 33.520326627284433 ], [ 131.61603654318256, 33.520639713077678 ], [ 131.616602982347104, 33.520990807377558 ], [ 131.617909150310538, 33.522930853731083 ], [ 131.618251977395005, 33.523777927379264 ], [ 131.618981519548981, 33.522830473663248 ], [ 131.619303405759752, 33.519643579231818 ] ] ] } },
{ "type": "Feature", "properties": { "CITY_NAME": "国東市", "S_NAME": "矢川", "JINKO": 69, "medical_area": "44_東部医療圏", "町丁目名": "国東市矢川" }, "geometry": { "type": "Polygon", "coordinates": [ [ [ 131.630357238350939, 33.481034400215549 ], [ 131.620648465487506, 33.476015141369892 ], [ 131.618395708177047, 33.474519369965762 ], [ 131.616237410339579, 33.473925388939854 ], [ 131.61571296699961, 33.47324521028704 ], [ 131.615036372171801, 33.473039007714007 ], [ 131.614662534150312, 33.471662594618877 ], [ 131.614368104896414, 33.471169847008831 ], [ 131.613900144153149, 33.47091469623642 ], [ 131.613106367004946, 33.470662113736928 ], [ 131.610431759412705, 33.470365972185363 ], [ 131.608537662416467, 33.470463894466022 ], [ 131.608598132852848, 33.471221245118016 ], [ 131.608309765992459, 33.471718531298748 ], [ 131.608136484524351, 33.472886921185172 ], [ 131.605912246338676, 33.475887455071422 ], [ 131.605538846631958, 33.47755532816538 ], [ 131.605108414448239, 33.477482832022929 ], [ 131.60496472143393, 33.477805119514713 ], [ 131.604907325418878, 33.47910975107672 ], [ 131.60477582035378, 33.479317153855298 ], [ 131.603557000693229, 33.479985162760428 ], [ 131.603217729736684, 33.480557539304407 ], [ 131.603373976372495, 33.4811851268597 ], [ 131.604165788348695, 33.481768685199327 ], [ 131.604793030520625, 33.482821723247163 ], [ 131.605527269400028, 33.483246135243931 ], [ 131.606986034195756, 33.484652894614719 ], [ 131.607122844070886, 33.48495299590482 ], [ 131.606926081844477, 33.485200524567901 ], [ 131.604959995526741, 33.485318137256428 ], [ 131.604853203308949, 33.486210936974757 ], [ 131.602896197631367, 33.487977963877597 ], [ 131.602813680427118, 33.488615159792374 ], [ 131.602548344006834, 33.489118197779185 ], [ 131.603152714262592, 33.489636418416858 ], [ 131.60293161490398, 33.490396756127112 ], [ 131.603494129718683, 33.490757241578834 ], [ 131.603665440848403, 33.491055626965782 ], [ 131.603160016733142, 33.491727423738077 ], [ 131.603634325620732, 33.492684766395776 ], [ 131.603305277657341, 33.492949268027267 ], [ 131.603217334235353, 33.493240390466916 ], [ 131.603584337206826, 33.493817355265904 ], [ 131.603219591759057, 33.494275508255271 ], [ 131.60354666115299, 33.495331197626484 ], [ 131.602929974481953, 33.49705242257631 ], [ 131.602176003948983, 33.497814373608087 ], [ 131.601817462934491, 33.498437883820316 ], [ 131.601856404879555, 33.498609824654224 ], [ 131.602361927728623, 33.498916519464366 ], [ 131.60236666310945, 33.501847317486501 ], [ 131.601989655071435, 33.502775095900077 ], [ 131.601762681932257, 33.504211354409158 ], [ 131.601578624352555, 33.504437314016236 ], [ 131.600195898063731, 33.504493806940118 ], [ 131.599809498954215, 33.504911505028645 ], [ 131.599575852617534, 33.505653882590082 ], [ 131.59978119461212, 33.506177381036501 ], [ 131.602326318561552, 33.50882134061581 ], [ 131.60383874178865, 33.509013743095835 ], [ 131.604464699922204, 33.50893201446263 ], [ 131.605233147362384, 33.508505536317287 ], [ 131.606005066068121, 33.507456416293337 ], [ 131.605745397591761, 33.506159959156896 ], [ 131.606051440152271, 33.505122935531595 ], [ 131.606440149839955, 33.504714680365012 ], [ 131.607921157623906, 33.503724319519215 ], [ 131.612067858713857, 33.502085055822576 ], [ 131.613066320114683, 33.500421917151733 ], [ 131.614761216727487, 33.49910814627237 ], [ 131.617627885288385, 33.494065055233911 ], [ 131.620420852302686, 33.491286658436337 ], [ 131.620982846672405, 33.490538962151987 ], [ 131.621371185379189, 33.489727223143703 ], [ 131.621824003978105, 33.487080528106944 ], [ 131.622638945978309, 33.485806689405287 ], [ 131.62356945781633, 33.484827215700712 ], [ 131.624411733239327, 33.484043143189155 ], [ 131.624995245556448, 33.483810212547986 ], [ 131.629567146445908, 33.482981974509251 ], [ 131.630391127907046, 33.481430442801994 ], [ 131.630357238350939, 33.481034400215549 ] ] ] } },
{ "type": "Feature", "properties": { "CITY_NAME": "国東市", "S_NAME": "山浦", "JINKO": 137, "medical_area": "44_東部医療圏", "町丁目名": "国東市山浦" }, "geometry": { "type": "Polygon", "coordinates": [ [ [ 131.638441702419698, 33.481672413734877 ], [ 131.63939862028127, 33.48180718088723 ], [ 131.640352699912029, 33.482583448572953 ], [ 131.642469095526025, 33.479962838152581 ], [ 131.645265955195441, 33.478243983962543 ], [ 131.648144517389738, 33.478292735811813 ], [ 131.64957749889237, 33.478127506938698 ], [ 131.650619062666237, 33.477704385162305 ], [ 131.655068103830871, 33.475096714257404 ], [ 131.654073288679058, 33.472070055462105 ], [ 131.653723607273719, 33.47177079445197 ], [ 131.652851574049265, 33.471498379387363 ], [ 131.647453808483675, 33.470623323410173 ], [ 131.647614149502687, 33.469421830890823 ], [ 131.647527836525256, 33.467699130221746 ], [ 131.646675540703058, 33.467988200597738 ], [ 131.645761414525396, 33.468616061786392 ], [ 131.644874682918754, 33.468291820079756 ], [ 131.64156111147102, 33.468097476546276 ], [ 131.640095921420681, 33.467508861714734 ], [ 131.636648341943328, 33.467517000130648 ], [ 131.635341209813021, 33.467804492352926 ], [ 131.634733400963, 33.467607585651095 ], [ 131.63381791602103, 33.466796862537933 ], [ 131.628078171375705, 33.465857592917395 ], [ 131.627076431921921, 33.465943327677756 ], [ 131.626209693586162, 33.465552632748242 ], [ 131.625424554905436, 33.465545824813844 ], [ 131.623005177011294, 33.466029959743764 ], [ 131.622215765577209, 33.466455539140526 ], [ 131.621512926208794, 33.466564848438473 ], [ 131.620340780402074, 33.466566761129521 ], [ 131.619577054008602, 33.46632333737071 ], [ 131.618527839072243, 33.466526929730861 ], [ 131.61830225025804, 33.466971010633628 ], [ 131.618346580892421, 33.470769533945123 ], [ 131.617627376735015, 33.470799587737396 ], [ 131.616713107151327, 33.47113603177538 ], [ 131.614368104896414, 33.471169847008831 ], [ 131.614929000655451, 33.472337688686615 ], [ 131.615036372171801, 33.473039007714007 ], [ 131.61571296699961, 33.47324521028704 ], [ 131.616237410339579, 33.473925388939854 ], [ 131.618395708177047, 33.474519369965762 ], [ 131.622118534483292, 33.476846149738236 ], [ 131.630357238350939, 33.481034400215549 ], [ 131.630391127907046, 33.481430442801994 ], [ 131.629567146445908, 33.482981974509251 ], [ 131.629820309349469, 33.484416096822606 ], [ 131.629178694162022, 33.485918340523952 ], [ 131.629357025362481, 33.486444565031796 ], [ 131.631735448319063, 33.486946825960814 ], [ 131.632566846877182, 33.486917469418984 ], [ 131.634160046102011, 33.485454482362123 ], [ 131.634459344776701, 33.484881323369542 ], [ 131.635441163547853, 33.484266533966917 ], [ 131.638441702419698, 33.481672413734877 ] ] ] } },
{ "type": "Feature", "properties": { "CITY_NAME": "国東市", "S_NAME": "掛樋", "JINKO": 114, "medical_area": "44_東部医療圏", "町丁目名": "国東市掛樋" }, "geometry": { "type": "Polygon", "coordinates": [ [ [ 131.662686932199023, 33.47905434092749 ], [ 131.662779654007409, 33.478450634067116 ], [ 131.666262919963316, 33.480291014371105 ], [ 131.666898801410809, 33.479326125097415 ], [ 131.667270836187299, 33.478135262069124 ], [ 131.669507860380236, 33.477177666595296 ], [ 131.671095335356142, 33.476024142024713 ], [ 131.671826606188205, 33.475693040886362 ], [ 131.671877107108912, 33.475445413365534 ], [ 131.672520465335452, 33.474696823908381 ], [ 131.670629355748758, 33.474913658578032 ], [ 131.669005551526681, 33.474748915492036 ], [ 131.667471624969465, 33.474487901090612 ], [ 131.665409323842624, 33.473675189678289 ], [ 131.664774869933126, 33.473586847978964 ], [ 131.664821235924734, 33.471230911724149 ], [ 131.66116418672317, 33.471152084013752 ], [ 131.659004600016601, 33.470655385838313 ], [ 131.656300869068588, 33.468303546993795 ], [ 131.656160616624646, 33.467766296438953 ], [ 131.656497184034748, 33.467386563596193 ], [ 131.6539803747375, 33.46728885191704 ], [ 131.652729189387514, 33.467703687928491 ], [ 131.65177343974014, 33.46782300854683 ], [ 131.64945875298497, 33.467285149545553 ], [ 131.647527836525256, 33.467699130221746 ], [ 131.647614149502687, 33.469421830890823 ], [ 131.647453808483675, 33.470623323410173 ], [ 131.65146409024544, 33.471196899210625 ], [ 131.653723607273719, 33.47177079445197 ], [ 131.654073288679058, 33.472070055462105 ], [ 131.655068103830871, 33.475096714257404 ], [ 131.650082066284568, 33.477964637304858 ], [ 131.648144517389738, 33.478292735811813 ], [ 131.645265955195441, 33.478243983962543 ], [ 131.642469095526025, 33.479962838152581 ], [ 131.640352699912029, 33.482583448572953 ], [ 131.641817282079984, 33.483655554993938 ], [ 131.641970797762752, 33.483896094293229 ], [ 131.641896526520014, 33.484112424629188 ], [ 131.639290848968699, 33.4857201320673 ], [ 131.638893300918369, 33.486338256371674 ], [ 131.638928037897045, 33.486935122716936 ], [ 131.639554372028527, 33.487503493134867 ], [ 131.642324479803221, 33.488632303142879 ], [ 131.644160533737761, 33.489645255465092 ], [ 131.646015679197291, 33.490156306517001 ], [ 131.64668588868966, 33.491106605259162 ], [ 131.647892937670377, 33.491575116881862 ], [ 131.64926223104905, 33.490749749480052 ], [ 131.649268364264088, 33.490294941560506 ], [ 131.648551563366055, 33.489401073965212 ], [ 131.648664206303721, 33.489169116969769 ], [ 131.65089617216708, 33.487469901170456 ], [ 131.653384071448102, 33.483698781451182 ], [ 131.654592291369511, 33.48214452508806 ], [ 131.655754006255222, 33.481372418730707 ], [ 131.656922684224895, 33.480895454785347 ], [ 131.662175411162508, 33.479425958722189 ], [ 131.662686932199023, 33.47905434092749 ] ] ] } },
{ "type": "Feature", "properties": { "CITY_NAME": "国東市", "S_NAME": "油留木", "JINKO": 110, "medical_area": "44_東部医療圏", "町丁目名": "国東市油留木" }, "geometry": { "type": "Polygon", "coordinates": [ [ [ 131.649679780935941, 33.511513768529909 ], [ 131.650240365552122, 33.510516276573831 ], [ 131.653771070669677, 33.510896477735074 ], [ 131.65478258457486, 33.510705861809448 ], [ 131.656216503367574, 33.511100322825669 ], [ 131.658310009116775, 33.509952553106835 ], [ 131.6588960345629, 33.509363952001131 ], [ 131.659686616283665, 33.508920649549701 ], [ 131.660172088022136, 33.508050050226153 ], [ 131.660976188016605, 33.507203690374055 ], [ 131.661208900813108, 33.506254759644378 ], [ 131.661437530714835, 33.506071967890094 ], [ 131.662226331027398, 33.506017298434294 ], [ 131.662554993905388, 33.505285784653623 ], [ 131.663154857023784, 33.505063041788979 ], [ 131.663994622022045, 33.503831021724899 ], [ 131.664751475591459, 33.503500810870698 ], [ 131.662123881423469, 33.501578752168236 ], [ 131.660726481631741, 33.499781638384469 ], [ 131.663491958349766, 33.497405090776574 ], [ 131.664276269532479, 33.49650721841131 ], [ 131.665362498785868, 33.494582413230695 ], [ 131.668164666107657, 33.492061954486701 ], [ 131.669098512239174, 33.490788233593619 ], [ 131.670113192123154, 33.488883710477772 ], [ 131.671209256990551, 33.488313276522533 ], [ 131.672074981360282, 33.487551509366988 ], [ 131.673450690493013, 33.485948827814553 ], [ 131.676846632922377, 33.480357966169748 ], [ 131.678290126687017, 33.479571724841776 ], [ 131.679373879787676, 33.478533606587057 ], [ 131.678667383624116, 33.478248897364587 ], [ 131.678383497142534, 33.477715249950492 ], [ 131.677796375512287, 33.477363013851345 ], [ 131.675207169066852, 33.4771177874579 ], [ 131.674045778326075, 33.476781175725513 ], [ 131.673080207705539, 33.47592505232052 ], [ 131.672618854574949, 33.474990947319952 ], [ 131.67219833547739, 33.475080648273597 ], [ 131.671826606188205, 33.475693040886362 ], [ 131.671095335356142, 33.476024142024713 ], [ 131.669507860380236, 33.477177666595296 ], [ 131.667270836187299, 33.478135262069124 ], [ 131.666898801410809, 33.479326125097415 ], [ 131.666262919963316, 33.480291014371105 ], [ 131.662779654007409, 33.478450634067116 ], [ 131.662686932199023, 33.47905434092749 ], [ 131.662175411162508, 33.479425958722189 ], [ 131.656922684224895, 33.480895454785347 ], [ 131.655754006255222, 33.481372418730707 ], [ 131.654592291369511, 33.48214452508806 ], [ 131.653384071448102, 33.483698781451182 ], [ 131.65089617216708, 33.487469901170456 ], [ 131.648598392533216, 33.489289141879219 ], [ 131.648600004693265, 33.489504546177834 ], [ 131.649317825922168, 33.490534046288268 ], [ 131.649073099527243, 33.49095023045188 ], [ 131.647892937670377, 33.491575116881862 ], [ 131.648533046884836, 33.49195956536942 ], [ 131.648741545112017, 33.492447523783078 ], [ 131.648293428416451, 33.493402519176996 ], [ 131.647710691506859, 33.495634897929001 ], [ 131.646685422474718, 33.497552187569497 ], [ 131.645582927196585, 33.498169562178234 ], [ 131.645269665010574, 33.499525521473146 ], [ 131.643260409196358, 33.50384888499152 ], [ 131.642983517801355, 33.505400152167297 ], [ 131.641786279584892, 33.506670377624353 ], [ 131.640923767444121, 33.508937194115006 ], [ 131.641299544782356, 33.509862049164049 ], [ 131.642097264489564, 33.510814225742251 ], [ 131.643826250710987, 33.511594999630162 ], [ 131.645439397838203, 33.513685787652918 ], [ 131.645766758949549, 33.513823840832444 ], [ 131.64858651173509, 33.513339043425404 ], [ 131.649471076259431, 33.512427437972512 ], [ 131.649679780935941, 33.511513768529909 ] ] ] } },
{ "type": "Feature", "properties": { "CITY_NAME": "国東市", "S_NAME": "吉松", "JINKO": 335, "medical_area": "44_東部医療圏", "町丁目名": "国東市吉松" }, "geometry": { "type": "Polygon", "coordinates": [ [ [ 131.664291323955553, 33.50411654657686 ], [ 131.665312620559376, 33.504063999088942 ], [ 131.665874213440276, 33.504383643886158 ], [ 131.667001556937777, 33.503911846723682 ], [ 131.668015610290183, 33.503743747539239 ], [ 131.668513666682088, 33.50311353143961 ], [ 131.669563575286901, 33.503027827458283 ], [ 131.670424757416669, 33.502058175826505 ], [ 131.671771486624209, 33.50134644800481 ], [ 131.672844530828712, 33.501038120799578 ], [ 131.673992079306487, 33.500984440021107 ], [ 131.675228252063818, 33.501820256264693 ], [ 131.676176347724208, 33.501711311406993 ], [ 131.67865387099593, 33.500164118894375 ], [ 131.679075425112643, 33.500308669238606 ], [ 131.679414914177585, 33.500742987306303 ], [ 131.680267576649527, 33.500732807450945 ], [ 131.681609228179781, 33.499727288282969 ], [ 131.683285049183297, 33.499480709232493 ], [ 131.683897622404629, 33.498609452824184 ], [ 131.684635078750176, 33.498205694861909 ], [ 131.685501242759614, 33.498570846325926 ], [ 131.68647113411771, 33.498723410366956 ], [ 131.687619530445403, 33.497950769642664 ], [ 131.688910131093678, 33.497824377456944 ], [ 131.689743600837176, 33.497394662222646 ], [ 131.690381588400214, 33.496908614311536 ], [ 131.690820360054175, 33.496250934508879 ], [ 131.691278886815553, 33.496053400044985 ], [ 131.691680400261163, 33.495167857455456 ], [ 131.693089285470421, 33.494680795232988 ], [ 131.694111088298627, 33.49334957343396 ], [ 131.695666853870307, 33.49262179934113 ], [ 131.696820890183318, 33.491870680832534 ], [ 131.697987302015321, 33.491966226723804 ], [ 131.699580484008521, 33.49109199209397 ], [ 131.701056204476913, 33.490927117613843 ], [ 131.702166590798811, 33.490607689983534 ], [ 131.702669119026638, 33.490153405331228 ], [ 131.70256942707698, 33.488431975633503 ], [ 131.703548546126996, 33.487443315702258 ], [ 131.704585003091296, 33.486877135703722 ], [ 131.704636740052166, 33.486010729456055 ], [ 131.705472800060846, 33.484300467374318 ], [ 131.704003934492249, 33.483188151337437 ], [ 131.704675669308102, 33.482353110837529 ], [ 131.704282795401241, 33.481934603127229 ], [ 131.704345207938132, 33.481472452820427 ], [ 131.70359559529129, 33.48183644741669 ], [ 131.702282655610503, 33.481739068732395 ], [ 131.701429587165734, 33.480094556856542 ], [ 131.701501078906063, 33.479448599970993 ], [ 131.701915238408532, 33.478743267394677 ], [ 131.703924509861423, 33.476840938195338 ], [ 131.703048152465414, 33.476808724327022 ], [ 131.700325120179173, 33.477554095959192 ], [ 131.699496562419625, 33.477440437304196 ], [ 131.699199854040245, 33.4771886074533 ], [ 131.699164921195461, 33.47686437351917 ], [ 131.6997274868651, 33.475536304581411 ], [ 131.696183235078223, 33.473528852592608 ], [ 131.694330618799228, 33.471962100068993 ], [ 131.693546303070804, 33.470793107706555 ], [ 131.692426114410324, 33.471738312346034 ], [ 131.690558919375832, 33.472500504862637 ], [ 131.689903886079833, 33.473617177722723 ], [ 131.68935261571707, 33.474009073719984 ], [ 131.687463504826013, 33.474491991171249 ], [ 131.686609560949307, 33.475140619023222 ], [ 131.682929146076475, 33.476253089615113 ], [ 131.68121582559985, 33.47711448000819 ], [ 131.678290126687017, 33.479571724841776 ], [ 131.677007413722606, 33.480175664185317 ], [ 131.673450690493013, 33.485948827814553 ], [ 131.672074981360282, 33.487551509366988 ], [ 131.671209256990551, 33.488313276522533 ], [ 131.670113192123154, 33.488883710477772 ], [ 131.669098512239174, 33.490788233593619 ], [ 131.668164666107657, 33.492061954486701 ], [ 131.665362498785868, 33.494582413230695 ], [ 131.664276269532479, 33.49650721841131 ], [ 131.663491958349766, 33.497405090776574 ], [ 131.660726481631741, 33.499781638384469 ], [ 131.662123881423469, 33.501578752168236 ], [ 131.664751475591459, 33.503500810870698 ], [ 131.66408390778949, 33.503746925137918 ], [ 131.663655003013048, 33.504463582246991 ], [ 131.664291323955553, 33.50411654657686 ] ] ] } },
{ "type": "Feature", "properties": { "CITY_NAME": "国東市", "S_NAME": "瀬戸田", "JINKO": 708, "medical_area": "44_東部医療圏", "町丁目名": "国東市瀬戸田" }, "geometry": { "type": "Polygon", "coordinates": [ [ [ 131.686768828415381, 33.475072856100134 ], [ 131.687463504826013, 33.474491991171249 ], [ 131.689058979805736, 33.474140345689889 ], [ 131.689690613344624, 33.473806512063319 ], [ 131.690558919375832, 33.472500504862637 ], [ 131.692426114410324, 33.471738312346034 ], [ 131.693546303070804, 33.470793107706555 ], [ 131.694330618799228, 33.471962100068993 ], [ 131.696183235078223, 33.473528852592608 ], [ 131.6997274868651, 33.475536304581411 ], [ 131.700744996486264, 33.47430542840106 ], [ 131.700736615360427, 33.474016514525694 ], [ 131.701325779769036, 33.473234162883102 ], [ 131.702014953232293, 33.473095104546481 ], [ 131.70231828607993, 33.472664147448668 ], [ 131.703076390638273, 33.472806893437252 ], [ 131.703467262751246, 33.472723572779607 ], [ 131.704769029638186, 33.471991254735563 ], [ 131.704322561260796, 33.471405709894164 ], [ 131.704300794322307, 33.47021279584694 ], [ 131.702561176056037, 33.467251727094514 ], [ 131.7029753102386, 33.466804954880182 ], [ 131.702639592652645, 33.46658568571317 ], [ 131.701458520140363, 33.467549043691093 ], [ 131.70082763087413, 33.467853917692146 ], [ 131.697861598129265, 33.46758097937208 ], [ 131.696216465637633, 33.467594397071601 ], [ 131.695398161184755, 33.467774332187709 ], [ 131.694050578768042, 33.468373004389683 ], [ 131.691160925707123, 33.470320378922146 ], [ 131.690057519446498, 33.470772358963245 ], [ 131.688888269965616, 33.470851445971427 ], [ 131.685950880724931, 33.470380395411887 ], [ 131.684106174850967, 33.470360201336071 ], [ 131.682338727555219, 33.470650711719117 ], [ 131.68002889346306, 33.471404815906887 ], [ 131.678532356553092, 33.47172104864925 ], [ 131.677510094321292, 33.471846851161168 ], [ 131.675561464945048, 33.471739709761628 ], [ 131.675185954505451, 33.471932076911202 ], [ 131.674435177023355, 33.472735194958389 ], [ 131.673754577231193, 33.474099025776432 ], [ 131.672520465335452, 33.474696823908381 ], [ 131.67219833547739, 33.475080648273597 ], [ 131.672618854574949, 33.474990947319952 ], [ 131.673080207705539, 33.47592505232052 ], [ 131.674045778326075, 33.476781175725513 ], [ 131.675207169066852, 33.4771177874579 ], [ 131.677796375512287, 33.477363013851345 ], [ 131.678383497142534, 33.477715249950492 ], [ 131.678667383624116, 33.478248897364587 ], [ 131.679373879787676, 33.478533606587057 ], [ 131.681891801867692, 33.476692645939423 ], [ 131.683824159735678, 33.475931342731108 ], [ 131.686768828415381, 33.475072856100134 ] ] ] } },
{ "type": "Feature", "properties": { "CITY_NAME": "国東市", "S_NAME": "成久", "JINKO": 225, "medical_area": "44_東部医療圏", "町丁目名": "国東市成久" }, "geometry": { "type": "Polygon", "coordinates": [ [ [ 131.675561464945048, 33.471739709761628 ], [ 131.677510094321292, 33.471846851161168 ], [ 131.678532356553092, 33.47172104864925 ], [ 131.68002889346306, 33.471404815906887 ], [ 131.682338727555219, 33.470650711719117 ], [ 131.684106174850967, 33.470360201336071 ], [ 131.685950880724931, 33.470380395411887 ], [ 131.689211454073046, 33.470859699778444 ], [ 131.690057519446498, 33.470772358963245 ], [ 131.691160925707123, 33.470320378922146 ], [ 131.693197942583083, 33.468982369623468 ], [ 131.691995564777017, 33.467297249166393 ], [ 131.691599455370493, 33.46639264966737 ], [ 131.691322595255997, 33.464685799844219 ], [ 131.69147592245767, 33.462329042912991 ], [ 131.687960995511048, 33.463505778042986 ], [ 131.687222911825245, 33.46399080461341 ], [ 131.682716346431647, 33.465005054481182 ], [ 131.682029341144272, 33.463999335075442 ], [ 131.681391600928691, 33.463551925648815 ], [ 131.681035061364128, 33.463492453055622 ], [ 131.67589598189727, 33.464266716585129 ], [ 131.669251581690787, 33.4640412125528 ], [ 131.667874981878441, 33.464354899543594 ], [ 131.666492479784495, 33.465464055786214 ], [ 131.664896114309556, 33.466164305847037 ], [ 131.663412667928526, 33.466415042651676 ], [ 131.659991777083377, 33.466614118898349 ], [ 131.657037433656456, 33.467145223875796 ], [ 131.656661557632816, 33.467254918383674 ], [ 131.656160616624646, 33.467766296438953 ], [ 131.656300869068588, 33.468303546993795 ], [ 131.656668210982787, 33.468738686682002 ], [ 131.657516869303493, 33.469268092043542 ], [ 131.659004600016601, 33.470655385838313 ], [ 131.66116418672317, 33.471152084013752 ], [ 131.664821235924734, 33.471230911724149 ], [ 131.664774869933126, 33.473586847978964 ], [ 131.665409323842624, 33.473675189678289 ], [ 131.667471624969465, 33.474487901090612 ], [ 131.670629355748758, 33.474913658578032 ], [ 131.672520465335452, 33.474696823908381 ], [ 131.673754577231193, 33.474099025776432 ], [ 131.674435177023355, 33.472735194958389 ], [ 131.675185954505451, 33.471932076911202 ], [ 131.675561464945048, 33.471739709761628 ] ] ] } },
{ "type": "Feature", "properties": { "CITY_NAME": "国東市", "S_NAME": "中園", "JINKO": 452, "medical_area": "44_東部医療圏", "町丁目名": "国東市中園" }, "geometry": { "type": "Polygon", "coordinates": [ [ [ 131.696216465637633, 33.467594397071601 ], [ 131.701053714827651, 33.467788542183456 ], [ 131.702639592652645, 33.46658568571317 ], [ 131.702216733160355, 33.466087625464226 ], [ 131.702399077088614, 33.464677204153226 ], [ 131.702929101344182, 33.464084415986306 ], [ 131.704024542521125, 33.463525631013944 ], [ 131.704749429475868, 33.462815181603673 ], [ 131.705706116859631, 33.462571489031845 ], [ 131.706888851316819, 33.462581660611804 ], [ 131.7085560975124, 33.462350821174525 ], [ 131.712568463429847, 33.461143300071072 ], [ 131.712492232149458, 33.459972620286599 ], [ 131.712060791200372, 33.457800166351824 ], [ 131.710469963036502, 33.457976537759777 ], [ 131.706252777627924, 33.459144999646881 ], [ 131.705186055611506, 33.46003533896544 ], [ 131.703750794686357, 33.460118580218364 ], [ 131.702637367425638, 33.460422950311596 ], [ 131.699355381589669, 33.462070907201543 ], [ 131.697449148532684, 33.462750423798951 ], [ 131.694823345682494, 33.463233504616589 ], [ 131.693232102282792, 33.462525940654871 ], [ 131.692165206056046, 33.462291405222366 ], [ 131.69147592245767, 33.462329042912991 ], [ 131.691322595255997, 33.464685799844219 ], [ 131.691599455370493, 33.46639264966737 ], [ 131.691995564777017, 33.467297249166393 ], [ 131.693197942583083, 33.468982369623468 ], [ 131.694747765265788, 33.468008414576467 ], [ 131.696216465637633, 33.467594397071601 ] ] ] } },
{ "type": "Feature", "properties": { "CITY_NAME": "国東市", "S_NAME": "馬場", "JINKO": 415, "medical_area": "44_東部医療圏", "町丁目名": "国東市馬場" }, "geometry": { "type": "Polygon", "coordinates": [ [ [ 131.704952412031105, 33.480539257985065 ], [ 131.706619453775318, 33.480170234090885 ], [ 131.706710585098506, 33.479705419331211 ], [ 131.706999166565197, 33.47970378248025 ], [ 131.706670907766835, 33.4785889973435 ], [ 131.706852614187454, 33.478346308027653 ], [ 131.706705216923666, 33.477431833551485 ], [ 131.707267412508457, 33.478267065186373 ], [ 131.707699872772139, 33.478209700391055 ], [ 131.707608400099843, 33.477712287510961 ], [ 131.707986257515643, 33.477391632011397 ], [ 131.708043341291472, 33.4768860523698 ], [ 131.708744236014553, 33.477028520360335 ], [ 131.708874437911902, 33.47690330749338 ], [ 131.708636408459711, 33.476670330774006 ], [ 131.709417576777327, 33.476471851187682 ], [ 131.709711124603416, 33.477616119259743 ], [ 131.710579334099975, 33.477896741237302 ], [ 131.711924664054749, 33.477960429512727 ], [ 131.711774380255463, 33.478301780717345 ], [ 131.711925133056042, 33.478818996383026 ], [ 131.711715294735427, 33.479638476602688 ], [ 131.712598117131932, 33.480438272911414 ], [ 131.714227825996176, 33.480260618412032 ], [ 131.715649619661377, 33.480714193481475 ], [ 131.71581390038304, 33.481033450481206 ], [ 131.7163554510023, 33.481065197356429 ], [ 131.716609307030751, 33.480961130069062 ], [ 131.716893569679343, 33.480384808195744 ], [ 131.717495666865602, 33.479736877376574 ], [ 131.718072418225063, 33.479288161973891 ], [ 131.718366996596245, 33.479372680555826 ], [ 131.718423340009338, 33.47851984188641 ], [ 131.717721028848189, 33.477921574374896 ], [ 131.717577149821267, 33.477446452471611 ], [ 131.716576898269778, 33.477322257801006 ], [ 131.717100784401424, 33.475631436464568 ], [ 131.716617048464769, 33.475297403093791 ], [ 131.716486353275883, 33.474033199426486 ], [ 131.714961953741096, 33.47158533365895 ], [ 131.714889263822386, 33.471259916046705 ], [ 131.715118263031229, 33.470118112575548 ], [ 131.714651212279534, 33.469426991216054 ], [ 131.715004583466566, 33.469060685128639 ], [ 131.715019837091717, 33.468789666238081 ], [ 131.714514507712238, 33.467950474292778 ], [ 131.714223189624278, 33.467091734754653 ], [ 131.713624288288457, 33.466575293716438 ], [ 131.713483125744773, 33.466160548242186 ], [ 131.714451806463217, 33.464586132270774 ], [ 131.715707371551105, 33.464397683223602 ], [ 131.717243594836788, 33.463774332811447 ], [ 131.716677164585121, 33.462689579754496 ], [ 131.717084721612366, 33.462008067993409 ], [ 131.716755545067372, 33.461369377211199 ], [ 131.715879676073115, 33.461427399338795 ], [ 131.71471346348963, 33.460773230202662 ], [ 131.71250101852624, 33.460091058708535 ], [ 131.712516158541575, 33.461170614512582 ], [ 131.7085560975124, 33.462350821174525 ], [ 131.704892191749281, 33.462748473052365 ], [ 131.704024542521125, 33.463525631013944 ], [ 131.702929101344182, 33.464084415986306 ], [ 131.702399077088614, 33.464677204153226 ], [ 131.702216954725913, 33.46536602022509 ], [ 131.702248478250795, 33.466271659338013 ], [ 131.7029753102386, 33.466804954880182 ], [ 131.702561176056037, 33.467251727094514 ], [ 131.704300794322307, 33.47021279584694 ], [ 131.704322561260796, 33.471405709894164 ], [ 131.704769029638186, 33.471991254735563 ], [ 131.703467262751246, 33.472723572779607 ], [ 131.703076390638273, 33.472806893437252 ], [ 131.70231828607993, 33.472664147448668 ], [ 131.702014953232293, 33.473095104546481 ], [ 131.701325779769036, 33.473234162883102 ], [ 131.700736615360427, 33.474016514525694 ], [ 131.700744996486264, 33.47430542840106 ], [ 131.6997274868651, 33.475536304581411 ], [ 131.699158103042095, 33.47701988192393 ], [ 131.699496562419625, 33.477440437304196 ], [ 131.700325120179173, 33.477554095959192 ], [ 131.703048152465414, 33.476808724327022 ], [ 131.703924509861423, 33.476840938195338 ], [ 131.701915238408532, 33.478743267394677 ], [ 131.701501078906063, 33.479448599970993 ], [ 131.701429587165734, 33.480094556856542 ], [ 131.702282655610503, 33.481739068732395 ], [ 131.70359559529129, 33.48183644741669 ], [ 131.704065127859593, 33.481673110610998 ], [ 131.703843950424243, 33.481579965961288 ], [ 131.704316203085654, 33.480922587163704 ], [ 131.704952412031105, 33.480539257985065 ] ] ] } },
{ "type": "Feature", "properties": { "CITY_NAME": "国東市", "S_NAME": "下原", "JINKO": 2358, "medical_area": "44_東部医療圏", "町丁目名": "国東市下原" }, "geometry": { "type": "Polygon", "coordinates": [ [ [ 131.726424469741545, 33.478139267514628 ], [ 131.727782136062501, 33.478110105993345 ], [ 131.728968617554131, 33.477614471623433 ], [ 131.730098870512478, 33.477642693169081 ], [ 131.732380600795977, 33.476884510964233 ], [ 131.733805196794776, 33.476870035763767 ], [ 131.733807587000484, 33.475866971240293 ], [ 131.738768210734804, 33.476246918685135 ], [ 131.738793136718186, 33.473736506663826 ], [ 131.739631244593681, 33.470816369071144 ], [ 131.738763420720574, 33.469471729547706 ], [ 131.739591979143057, 33.466322630889401 ], [ 131.738738167879973, 33.464969766973361 ], [ 131.734390951664579, 33.464985633032384 ], [ 131.734475934820637, 33.473535798686406 ], [ 131.732866482504676, 33.47354172517727 ], [ 131.734397150421074, 33.473502910417515 ], [ 131.73435667488144, 33.47048794054642 ], [ 131.733708856382094, 33.470475535373502 ], [ 131.733702639289874, 33.470116695639334 ], [ 131.73283589463739, 33.469528501762611 ], [ 131.732620122991705, 33.469197948836545 ], [ 131.731708698363889, 33.468802076396784 ], [ 131.731796664760338, 33.468257870347927 ], [ 131.732105597056062, 33.468023406532282 ], [ 131.732071597877621, 33.467428494950404 ], [ 131.731680314373307, 33.467345142222882 ], [ 131.731907083404849, 33.467055265877491 ], [ 131.731511944142227, 33.466762751319109 ], [ 131.731083880806153, 33.466903202627577 ], [ 131.730486856320084, 33.466019473643783 ], [ 131.731181735431363, 33.465744876535233 ], [ 131.729345481077416, 33.466281369818674 ], [ 131.729309740170265, 33.465867684124596 ], [ 131.729275147474766, 33.466233070338212 ], [ 131.727891199428569, 33.466183500631701 ], [ 131.727788846063333, 33.465522276711717 ], [ 131.728179246474241, 33.465381105653705 ], [ 131.729152529879428, 33.465471865696699 ], [ 131.729218420449541, 33.465631985856014 ], [ 131.729335476355061, 33.465348183237417 ], [ 131.730203570259363, 33.465333146453432 ], [ 131.731404469155052, 33.46511509644796 ], [ 131.729323292899039, 33.465308558935611 ], [ 131.72859430437191, 33.46522358759961 ], [ 131.728138366482881, 33.464995416431066 ], [ 131.72782168363247, 33.464433719204642 ], [ 131.728426354974374, 33.464186717079585 ], [ 131.728735939894307, 33.464412153916257 ], [ 131.728572576874569, 33.464174165794859 ], [ 131.727066225542472, 33.463241613926748 ], [ 131.727031814032273, 33.462855006110843 ], [ 131.726409006566911, 33.462348281711805 ], [ 131.725577127259157, 33.462187250043215 ], [ 131.725152165667168, 33.461669465588571 ], [ 131.723101257352823, 33.461755358099644 ], [ 131.718558367557563, 33.460967083008285 ], [ 131.717562124568161, 33.461042401733252 ], [ 131.716755545067372, 33.461369377211199 ], [ 131.717084721612366, 33.462008067993409 ], [ 131.716677164585121, 33.462689579754496 ], [ 131.717243594836788, 33.463774332811447 ], [ 131.715707371551105, 33.464397683223602 ], [ 131.714451806463217, 33.464586132270774 ], [ 131.713483125744773, 33.466160548242186 ], [ 131.713624288288457, 33.466575293716438 ], [ 131.714223189624278, 33.467091734754653 ], [ 131.714514507712238, 33.467950474292778 ], [ 131.715019837091717, 33.468789666238081 ], [ 131.715004583466566, 33.469060685128639 ], [ 131.714651212279534, 33.469426991216054 ], [ 131.715118263031229, 33.470118112575548 ], [ 131.714889263822386, 33.471259916046705 ], [ 131.714961953741096, 33.47158533365895 ], [ 131.716486353275883, 33.474033199426486 ], [ 131.716617048464769, 33.475297403093791 ], [ 131.717100784401424, 33.475631436464568 ], [ 131.716576898269778, 33.477322257801006 ], [ 131.717577149821267, 33.477446452471611 ], [ 131.717721028848189, 33.477921574374896 ], [ 131.718423340009338, 33.47851984188641 ], [ 131.718503861545855, 33.477561659365648 ], [ 131.719085000862293, 33.477646561301633 ], [ 131.719410052552405, 33.477258824201321 ], [ 131.720001136964555, 33.477661788151856 ], [ 131.721405921126575, 33.477241080241079 ], [ 131.72236218474913, 33.477756911869569 ], [ 131.722439966445563, 33.478519369318775 ], [ 131.723071234521512, 33.478111131499183 ], [ 131.724191474433042, 33.478460654614175 ], [ 131.724858890747214, 33.478921931528838 ], [ 131.726424469741545, 33.478139267514628 ] ] ] } },
{ "type": "Feature", "properties": { "CITY_NAME": "国東市", "S_NAME": "塩屋", "JINKO": 861, "medical_area": "44_東部医療圏", "町丁目名": "国東市塩屋" }, "geometry": { "type": "Polygon", "coordinates": [ [ [ 131.725152165667168, 33.461669465588571 ], [ 131.724472225415553, 33.460889843693735 ], [ 131.724998376724272, 33.460893993897571 ], [ 131.725166294501577, 33.460651352661394 ], [ 131.724643333651244, 33.46037400139042 ], [ 131.724613254663211, 33.460122583428657 ], [ 131.724837526650163, 33.460057276186888 ], [ 131.724550808987914, 33.459597254819791 ], [ 131.724350444295595, 33.459697609700321 ], [ 131.724089848792204, 33.459538657093475 ], [ 131.724005659672372, 33.458853862406052 ], [ 131.723438698423735, 33.458205235994498 ], [ 131.723323030822257, 33.457483639717914 ], [ 131.72285249172441, 33.457039161219285 ], [ 131.722836995144462, 33.45621508283179 ], [ 131.722462548729794, 33.455682549535226 ], [ 131.722520803264501, 33.454661501942489 ], [ 131.722308373503409, 33.454086568410702 ], [ 131.722589969733605, 33.453274289049325 ], [ 131.722349794708407, 33.452727485051788 ], [ 131.722451907908948, 33.452454552820946 ], [ 131.722684703756414, 33.45237835941446 ], [ 131.722690073782445, 33.452124929632184 ], [ 131.722282237015861, 33.451582729921682 ], [ 131.722425120315506, 33.451301460426755 ], [ 131.722285542244634, 33.450683696110026 ], [ 131.721633083734986, 33.450084265103349 ], [ 131.721488870670839, 33.4498191024581 ], [ 131.721687312791829, 33.449620495362318 ], [ 131.721449115383649, 33.449432521464985 ], [ 131.72132063418286, 33.449504485854547 ], [ 131.721060627392973, 33.448894638391351 ], [ 131.721213262833999, 33.448359960026799 ], [ 131.721018499223902, 33.448352987546514 ], [ 131.720733400291806, 33.447949757883428 ], [ 131.720580296992011, 33.44804173004345 ], [ 131.720539290118751, 33.447635289855228 ], [ 131.720571009731344, 33.448219410050619 ], [ 131.71962905438096, 33.448379064341964 ], [ 131.718735084326454, 33.448233619655618 ], [ 131.718502360044738, 33.448045819031343 ], [ 131.71742333741031, 33.448623034087603 ], [ 131.716477879404721, 33.448460012750203 ], [ 131.715832860002337, 33.448544419295338 ], [ 131.714239679697783, 33.449284402864301 ], [ 131.71381359470746, 33.449198440130047 ], [ 131.712681345927308, 33.449407282497496 ], [ 131.713055279088564, 33.450411437199165 ], [ 131.712934408596425, 33.451414812361698 ], [ 131.712754546632993, 33.451650282917065 ], [ 131.712530114974982, 33.45125245530636 ], [ 131.711246299823955, 33.4503126850474 ], [ 131.71066822641626, 33.450342108583477 ], [ 131.70896071362958, 33.451340504316271 ], [ 131.708769805472627, 33.45169490597933 ], [ 131.7082063380509, 33.451995842904488 ], [ 131.706696957184079, 33.452196759597449 ], [ 131.70670430789545, 33.452678243565948 ], [ 131.705526755736997, 33.452647579855046 ], [ 131.705597705758265, 33.453179493848729 ], [ 131.706501010323848, 33.45458377453803 ], [ 131.707425182869628, 33.456804182317121 ], [ 131.708052117624845, 33.456966239355786 ], [ 131.708417756473267, 33.457261582354491 ], [ 131.708530227041081, 33.458513353712902 ], [ 131.710469963036502, 33.457976537759777 ], [ 131.712060791200372, 33.457800166351824 ], [ 131.71250101852624, 33.460091058708535 ], [ 131.71471346348963, 33.460773230202662 ], [ 131.716098805436417, 33.461481048418989 ], [ 131.717562124568161, 33.461042401733252 ], [ 131.718558367557563, 33.460967083008285 ], [ 131.723101257352823, 33.461755358099644 ], [ 131.725152165667168, 33.461669465588571 ] ] ] } },
{ "type": "Feature", "properties": { "CITY_NAME": "国東市", "S_NAME": "大添", "JINKO": 268, "medical_area": "44_東部医療圏", "町丁目名": "国東市大添" }, "geometry": { "type": "Polygon", "coordinates": [ [ [ 131.663718059804836, 33.453548522576334 ], [ 131.664406156385695, 33.452426040683562 ], [ 131.665738928288476, 33.452531031100804 ], [ 131.666980395333582, 33.452249790035943 ], [ 131.668185491153338, 33.451625666195447 ], [ 131.669578490875494, 33.45036270265949 ], [ 131.670211819149245, 33.449979809126781 ], [ 131.671715190618187, 33.44986638549161 ], [ 131.67352999038286, 33.45001810410929 ], [ 131.676006610831308, 33.450915911780399 ], [ 131.678665393525705, 33.450894563977698 ], [ 131.679441261345517, 33.451154159135918 ], [ 131.681073178370184, 33.452071020189528 ], [ 131.682445451209787, 33.452203192958102 ], [ 131.68290231631849, 33.451928822187774 ], [ 131.683067862481209, 33.451090557302571 ], [ 131.683515387545896, 33.450676261487338 ], [ 131.684408639030806, 33.450664455869756 ], [ 131.68465323793319, 33.450505233848773 ], [ 131.684944650700771, 33.450036917498807 ], [ 131.68476594133341, 33.449200552516011 ], [ 131.684906991038929, 33.448376118615229 ], [ 131.686535680154549, 33.448610822631416 ], [ 131.687973276582028, 33.447992024932375 ], [ 131.688571443306301, 33.447981854669656 ], [ 131.691200741099578, 33.449207103914453 ], [ 131.692630758265437, 33.447335326002239 ], [ 131.691942121902855, 33.446983999287859 ], [ 131.691724107416945, 33.446704555074419 ], [ 131.690793224234312, 33.446333607583099 ], [ 131.690588181731528, 33.446413079692363 ], [ 131.689879367192731, 33.446180517330767 ], [ 131.689241146815391, 33.446496050253295 ], [ 131.688901200892218, 33.446056271014484 ], [ 131.6876737409751, 33.445572954607201 ], [ 131.686841032283468, 33.445580396159642 ], [ 131.685035069240683, 33.443576932350112 ], [ 131.684478169357448, 33.443393867558903 ], [ 131.685360686951753, 33.441745199144279 ], [ 131.686423034762782, 33.441221593584117 ], [ 131.687160188510717, 33.440553845577526 ], [ 131.685871394862147, 33.439821572630748 ], [ 131.685260764031028, 33.439095492564775 ], [ 131.684250167555575, 33.438693410687122 ], [ 131.682757038911461, 33.437353800543576 ], [ 131.679619611256783, 33.437698655208678 ], [ 131.676168605691686, 33.437485774674961 ], [ 131.674487206518052, 33.436987326220972 ], [ 131.674372478030307, 33.43712210116324 ], [ 131.672265542083949, 33.435907023592996 ], [ 131.670641182093476, 33.435461078896637 ], [ 131.66740821952763, 33.435410939165962 ], [ 131.665162916015305, 33.435686762213152 ], [ 131.664967811279979, 33.434843440536888 ], [ 131.664121705724625, 33.433529674169669 ], [ 131.662054128807625, 33.434648169082081 ], [ 131.66008834943824, 33.434990591656522 ], [ 131.658120068291652, 33.435042588849285 ], [ 131.656776670410409, 33.435811757769066 ], [ 131.6556354118851, 33.436139242850352 ], [ 131.653588099928101, 33.435681247079941 ], [ 131.652772836834572, 33.436133929327845 ], [ 131.651912023267215, 33.435440559147438 ], [ 131.650586478102696, 33.437794832404329 ], [ 131.651020300613396, 33.438984170012581 ], [ 131.651892709549287, 33.440175637308172 ], [ 131.652681511704429, 33.442434153634004 ], [ 131.653212774520085, 33.445087743920439 ], [ 131.652876651774847, 33.445305251220447 ], [ 131.652618389520882, 33.445828467274218 ], [ 131.652564286452531, 33.446984333103693 ], [ 131.654134787396771, 33.447933460007661 ], [ 131.65428307297816, 33.448407339830617 ], [ 131.655232193646611, 33.448423895742032 ], [ 131.656064912903958, 33.449003356552907 ], [ 131.656458600389811, 33.449597319749309 ], [ 131.656379924728753, 33.44982964300732 ], [ 131.656631639671531, 33.450579406474176 ], [ 131.657386974573711, 33.451989934383249 ], [ 131.659061116296016, 33.454221701249459 ], [ 131.660694634907401, 33.454745228844985 ], [ 131.66189110651618, 33.454725072894455 ], [ 131.662920913428565, 33.454348944937465 ], [ 131.663718059804836, 33.453548522576334 ] ] ] } },
{ "type": "Feature", "properties": { "CITY_NAME": "国東市", "S_NAME": "山口", "JINKO": 187, "medical_area": "44_東部医療圏", "町丁目名": "国東市山口" }, "geometry": { "type": "Polygon", "coordinates": [ [ [ 131.645761414525396, 33.468616061786392 ], [ 131.646675540703058, 33.467988200597738 ], [ 131.64945875298497, 33.467285149545553 ], [ 131.65177343974014, 33.46782300854683 ], [ 131.652729189387514, 33.467703687928491 ], [ 131.6539803747375, 33.46728885191704 ], [ 131.656497184034748, 33.467386563596193 ], [ 131.657037433656456, 33.467145223875796 ], [ 131.659991777083377, 33.466614118898349 ], [ 131.664282882660245, 33.466311685682101 ], [ 131.666123695379696, 33.465670039379845 ], [ 131.667874981878441, 33.464354899543594 ], [ 131.669251581690787, 33.4640412125528 ], [ 131.67589598189727, 33.464266716585129 ], [ 131.680428832104184, 33.4635111686041 ], [ 131.681391600928691, 33.463551925648815 ], [ 131.681668262812423, 33.463730777255968 ], [ 131.684227193264007, 33.462719718260239 ], [ 131.684975626342265, 33.461803411924691 ], [ 131.683405417425433, 33.45717156068725 ], [ 131.682781039502942, 33.456852086206545 ], [ 131.68255085125088, 33.457002694811294 ], [ 131.682248466414876, 33.458092227496302 ], [ 131.681966370669386, 33.458392496478098 ], [ 131.680102629937608, 33.458007155668284 ], [ 131.679488016387296, 33.457699691325551 ], [ 131.679337430869111, 33.457864015818849 ], [ 131.67965283396444, 33.458746287343402 ], [ 131.679529502617271, 33.459005313847598 ], [ 131.679017315263138, 33.459159467786392 ], [ 131.677945732483153, 33.458979676208315 ], [ 131.677996081001282, 33.458018692313239 ], [ 131.676592495896216, 33.456674090985274 ], [ 131.67661940183973, 33.456415593920028 ], [ 131.676973220557869, 33.456042319028384 ], [ 131.676999225613883, 33.455662731506138 ], [ 131.675665423100753, 33.453365141315309 ], [ 131.675687773167709, 33.452517318677579 ], [ 131.675891887193586, 33.452108470149405 ], [ 131.677017658958192, 33.450916866774001 ], [ 131.676006610831308, 33.450915911780399 ], [ 131.67352999038286, 33.45001810410929 ], [ 131.672687646305121, 33.449874047655719 ], [ 131.670211819149245, 33.449979809126781 ], [ 131.667739576036524, 33.451930822047935 ], [ 131.665738928288476, 33.452531031100804 ], [ 131.664406156385695, 33.452426040683562 ], [ 131.663458294961231, 33.453879340604232 ], [ 131.662431058400898, 33.454598653289068 ], [ 131.660694634907401, 33.454745228844985 ], [ 131.659061116296016, 33.454221701249459 ], [ 131.659161174509904, 33.454334829679901 ], [ 131.658328259773867, 33.455655220329795 ], [ 131.656556544077233, 33.457061470725229 ], [ 131.654459764280404, 33.456963334728997 ], [ 131.653408421469294, 33.456623661376938 ], [ 131.65140953669453, 33.455633651043037 ], [ 131.650139743520953, 33.455549947366514 ], [ 131.648223589160125, 33.455721749257833 ], [ 131.646704705061467, 33.455455952273596 ], [ 131.64513997961231, 33.455950848959326 ], [ 131.644642845330736, 33.456370063731733 ], [ 131.64232928270448, 33.455446285197482 ], [ 131.640185224342986, 33.455472181617424 ], [ 131.638651062112615, 33.455314219279607 ], [ 131.637960877642172, 33.455522721036743 ], [ 131.635757505513169, 33.455574485883616 ], [ 131.635203028751505, 33.455863181717646 ], [ 131.634399243277926, 33.456596770489575 ], [ 131.633493248323902, 33.456548817350253 ], [ 131.631788983125233, 33.457338239944768 ], [ 131.630998750709381, 33.458841655047827 ], [ 131.630998741504669, 33.46017656075086 ], [ 131.630639503628231, 33.461664324869759 ], [ 131.629061664864565, 33.464381247930135 ], [ 131.628425483737402, 33.465838041790541 ], [ 131.628078171375705, 33.465857592917395 ], [ 131.63381791602103, 33.466796862537933 ], [ 131.634733400963, 33.467607585651095 ], [ 131.635341209813021, 33.467804492352926 ], [ 131.636648341943328, 33.467517000130648 ], [ 131.640095921420681, 33.467508861714734 ], [ 131.64156111147102, 33.468097476546276 ], [ 131.644874682918754, 33.468291820079756 ], [ 131.645761414525396, 33.468616061786392 ] ] ] } },
{ "type": "Feature", "properties": { "CITY_NAME": "国東市", "S_NAME": "下山口", "JINKO": 276, "medical_area": "44_東部医療圏", "町丁目名": "国東市下山口" }, "geometry": { "type": "Polygon", "coordinates": [ [ [ 131.691710477475141, 33.462293928623708 ], [ 131.693232102282792, 33.462525940654871 ], [ 131.691520970263525, 33.459529461271181 ], [ 131.69128665806889, 33.458275789010202 ], [ 131.690985974410609, 33.4578929336841 ], [ 131.691676504807702, 33.457074972142642 ], [ 131.692360873353323, 33.455858779153665 ], [ 131.693890100115027, 33.452553688199799 ], [ 131.69410946986028, 33.450803984745789 ], [ 131.694544474668703, 33.449799235227097 ], [ 131.693973954208872, 33.449018571351154 ], [ 131.693969601684444, 33.448471519909084 ], [ 131.69355827522628, 33.448252964257449 ], [ 131.693402349723584, 33.447883430909187 ], [ 131.692715016530002, 33.44757521623805 ], [ 131.692630758265437, 33.447335326002239 ], [ 131.691200741099578, 33.449207103914453 ], [ 131.688571443306301, 33.447981854669656 ], [ 131.687973276582028, 33.447992024932375 ], [ 131.686535680154549, 33.448610822631416 ], [ 131.684906991038929, 33.448376118615229 ], [ 131.68476594133341, 33.449200552516011 ], [ 131.684944650700771, 33.450036917498807 ], [ 131.68465323793319, 33.450505233848773 ], [ 131.684408639030806, 33.450664455869756 ], [ 131.683515387545896, 33.450676261487338 ], [ 131.683067862481209, 33.451090557302571 ], [ 131.68290231631849, 33.451928822187774 ], [ 131.682445451209787, 33.452203192958102 ], [ 131.681073178370184, 33.452071020189528 ], [ 131.679441261345517, 33.451154159135918 ], [ 131.678281801965994, 33.450844819087266 ], [ 131.677017658958192, 33.450916866774001 ], [ 131.676125221034454, 33.451739894743504 ], [ 131.675687773167709, 33.452517318677579 ], [ 131.675665423100753, 33.453365141315309 ], [ 131.676999225613883, 33.455662731506138 ], [ 131.676973220557869, 33.456042319028384 ], [ 131.67661940183973, 33.456415593920028 ], [ 131.676592495896216, 33.456674090985274 ], [ 131.677996081001282, 33.458018692313239 ], [ 131.677945732483153, 33.458979676208315 ], [ 131.679017315263138, 33.459159467786392 ], [ 131.679529502617271, 33.459005313847598 ], [ 131.67965283396444, 33.458746287343402 ], [ 131.679358826472424, 33.458134332523258 ], [ 131.679396571055605, 33.457720375688822 ], [ 131.681966370669386, 33.458392496478098 ], [ 131.682248466414876, 33.458092227496302 ], [ 131.682612711056549, 33.45690144305884 ], [ 131.682781039502942, 33.456852086206545 ], [ 131.683405417425433, 33.45717156068725 ], [ 131.684975626342265, 33.461803411924691 ], [ 131.684227193264007, 33.462719718260239 ], [ 131.681668262812423, 33.463730777255968 ], [ 131.682440054427616, 33.464488036724397 ], [ 131.682716346431647, 33.465005054481182 ], [ 131.687222911825245, 33.46399080461341 ], [ 131.687960995511048, 33.463505778042986 ], [ 131.690878476674982, 33.462442564350845 ], [ 131.691710477475141, 33.462293928623708 ] ] ] } },
{ "type": "Feature", "properties": { "CITY_NAME": "国東市", "S_NAME": "西本", "JINKO": 413, "medical_area": "44_東部医療圏", "町丁目名": "国東市西本" }, "geometry": { "type": "Polygon", "coordinates": [ [ [ 131.704127322960375, 33.460066367855127 ], [ 131.705186055611506, 33.46003533896544 ], [ 131.706252777627924, 33.459144999646881 ], [ 131.708530227041081, 33.458513353712902 ], [ 131.708520476272469, 33.457480681070592 ], [ 131.708052117624845, 33.456966239355786 ], [ 131.707425182869628, 33.456804182317121 ], [ 131.706501010323848, 33.45458377453803 ], [ 131.705597705758265, 33.453179493848729 ], [ 131.705526755736997, 33.452647579855046 ], [ 131.705789575344426, 33.452640703340428 ], [ 131.704793938505617, 33.451837102530078 ], [ 131.70337488548563, 33.451849416246048 ], [ 131.702192903333952, 33.45048980629943 ], [ 131.701709315144342, 33.450166265217575 ], [ 131.701405566396801, 33.450432988105327 ], [ 131.700894347500451, 33.450477179382204 ], [ 131.69991938491242, 33.450978448293895 ], [ 131.699320663438698, 33.450491691221515 ], [ 131.698561981790675, 33.450198210247727 ], [ 131.698030447820344, 33.450460461111568 ], [ 131.697525924163273, 33.450496076752714 ], [ 131.696516118568383, 33.450037284719635 ], [ 131.694624533491123, 33.450043548850509 ], [ 131.694544474668703, 33.449799235227097 ], [ 131.69410946986028, 33.450803984745789 ], [ 131.693890100115027, 33.452553688199799 ], [ 131.692360873353323, 33.455858779153665 ], [ 131.691676504807702, 33.457074972142642 ], [ 131.690985974410609, 33.4578929336841 ], [ 131.69128665806889, 33.458275789010202 ], [ 131.691520970263525, 33.459529461271181 ], [ 131.693232102282792, 33.462525940654871 ], [ 131.694823345682494, 33.463233504616589 ], [ 131.697449148532684, 33.462750423798951 ], [ 131.699355381589669, 33.462070907201543 ], [ 131.702637367425638, 33.460422950311596 ], [ 131.704127322960375, 33.460066367855127 ] ] ] } },
{ "type": "Feature", "properties": { "CITY_NAME": "国東市", "S_NAME": "安岐向陽台", "JINKO": 360, "medical_area": "44_東部医療圏", "町丁目名": "国東市安岐向陽台" }, "geometry": { "type": "Polygon", "coordinates": [ [ [ 131.712598117131932, 33.480438272911414 ], [ 131.711688050648746, 33.479514159282473 ], [ 131.711925133056042, 33.478818996383026 ], [ 131.711774380255463, 33.478301780717345 ], [ 131.711924664054749, 33.477960429512727 ], [ 131.710579334099975, 33.477896741237302 ], [ 131.709711124603416, 33.477616119259743 ], [ 131.709417576777327, 33.476471851187682 ], [ 131.708636408459711, 33.476670330774006 ], [ 131.708874437911902, 33.47690330749338 ], [ 131.708744236014553, 33.477028520360335 ], [ 131.708043341291472, 33.4768860523698 ], [ 131.707986257515643, 33.477391632011397 ], [ 131.707608400099843, 33.477712287510961 ], [ 131.707699872772139, 33.478209700391055 ], [ 131.707267412508457, 33.478267065186373 ], [ 131.706705216923666, 33.477431833551485 ], [ 131.706852614187454, 33.478346308027653 ], [ 131.706670907766835, 33.4785889973435 ], [ 131.706999166565197, 33.47970378248025 ], [ 131.706710585098506, 33.479705419331211 ], [ 131.706619453775318, 33.480170234090885 ], [ 131.707379235467073, 33.479891331354843 ], [ 131.707400890535041, 33.480393439743025 ], [ 131.711042349147675, 33.480077745188481 ], [ 131.712116003458902, 33.480190644192078 ], [ 131.712598117131932, 33.480438272911414 ] ] ] } },
{ "type": "Feature", "properties": { "CITY_NAME": "姫島村", "S_NAME": null, "JINKO": 1725, "medical_area": "44_東部医療圏", "町丁目名": "姫島村" }, "geometry": { "type": "Polygon", "coordinates": [ [ [ 131.669784953412716, 33.739163229595931 ], [ 131.672335908319468, 33.738841051593823 ], [ 131.673031988551628, 33.739252005234434 ], [ 131.673572114613876, 33.738762185853496 ], [ 131.676058677292019, 33.737665740758736 ], [ 131.679191025796911, 33.737856844653152 ], [ 131.680028842252938, 33.7380361510874 ], [ 131.680438202404929, 33.737941902187252 ], [ 131.681022067133654, 33.737535703924777 ], [ 131.681381104445762, 33.737762721005794 ], [ 131.682299330125346, 33.73760346069853 ], [ 131.68398571883202, 33.738051634750477 ], [ 131.68414647584288, 33.737650369941775 ], [ 131.683931552052854, 33.737983467477804 ], [ 131.682288173492822, 33.737557525118518 ], [ 131.681394699190861, 33.73771214069918 ], [ 131.6809903021705, 33.737474525586101 ], [ 131.681609730922986, 33.736790386445612 ], [ 131.682080115412788, 33.737045667594963 ], [ 131.681566231883693, 33.736610302108957 ], [ 131.681920612736377, 33.736254947925076 ], [ 131.682326273923991, 33.736376188564378 ], [ 131.682318541575768, 33.736624181373507 ], [ 131.682540034367236, 33.736656347100649 ], [ 131.682456381909162, 33.737132834910817 ], [ 131.682600412954343, 33.736652421063681 ], [ 131.683296328190551, 33.736763035593711 ], [ 131.683445525078298, 33.737474489089109 ], [ 131.68328104525574, 33.735925516749504 ], [ 131.683893501716767, 33.735586760088623 ], [ 131.684277459764871, 33.734062628815984 ], [ 131.685015145986142, 33.73345895135067 ], [ 131.688075387683767, 33.732745916885627 ], [ 131.689262185718007, 33.732711335153972 ], [ 131.689604636277835, 33.732894258934657 ], [ 131.692402119026696, 33.732659465229432 ], [ 131.692651530467572, 33.732809584913859 ], [ 131.69315837940843, 33.733840874589532 ], [ 131.69396741678321, 33.734469308740998 ], [ 131.694627565749158, 33.734699106365511 ], [ 131.696483236138363, 33.734634556443801 ], [ 131.69767775291524, 33.734217569546793 ], [ 131.698637960275164, 33.733656718921587 ], [ 131.700065254158886, 33.732538778902388 ], [ 131.700802556173045, 33.731510325811712 ], [ 131.701564050522677, 33.731064200641526 ], [ 131.701061719723924, 33.730867777617838 ], [ 131.701141491701833, 33.730325426847465 ], [ 131.699989563381138, 33.730124585049658 ], [ 131.699799516388993, 33.730246466697849 ], [ 131.69903724142722, 33.730190417491691 ], [ 131.697322024821602, 33.730395725851182 ], [ 131.696362192849278, 33.730735663211199 ], [ 131.695760283527363, 33.731170079454706 ], [ 131.694580887059573, 33.731047742353297 ], [ 131.693876788407238, 33.731388052353743 ], [ 131.693497958058913, 33.731378417196083 ], [ 131.693017428489924, 33.730667905382489 ], [ 131.69264844501194, 33.730545578732354 ], [ 131.692969174040059, 33.730706074161873 ], [ 131.693440849338913, 33.731526591615165 ], [ 131.692696687649345, 33.731850003430438 ], [ 131.692507924513563, 33.731593180989087 ], [ 131.691635940553482, 33.731989363615426 ], [ 131.691450513398252, 33.731743367568434 ], [ 131.690951048423841, 33.731766871865297 ], [ 131.691890784733317, 33.730530876609571 ], [ 131.692236497668688, 33.730311630270791 ], [ 131.692447258488158, 33.730085039584374 ], [ 131.69184640220783, 33.730515839129488 ], [ 131.69061087498369, 33.732142037540783 ], [ 131.689793808409291, 33.731990649996511 ], [ 131.688067088026202, 33.731304189248739 ], [ 131.687559986100922, 33.731041030474437 ], [ 131.688174561802725, 33.730435343149885 ], [ 131.685067335193736, 33.72821204793901 ], [ 131.684576527539406, 33.72850596900517 ], [ 131.684352141335722, 33.728244892055521 ], [ 131.684845261729748, 33.727966244614521 ], [ 131.684546731089171, 33.727742489707694 ], [ 131.680386756619185, 33.726780856002364 ], [ 131.677713386854805, 33.725487261257278 ], [ 131.676075072732402, 33.725312320054833 ], [ 131.675357718131778, 33.724512870343055 ], [ 131.674496708409833, 33.723145325425605 ], [ 131.674108107433796, 33.723126665968735 ], [ 131.674780608924181, 33.72288405949935 ], [ 131.6753400056663, 33.722392357352902 ], [ 131.675165360407902, 33.722277013832027 ], [ 131.675229002293975, 33.722410997043482 ], [ 131.674735059807034, 33.722853667283587 ], [ 131.674298312440271, 33.723027363762739 ], [ 131.673683281817887, 33.722065050862717 ], [ 131.674394157550068, 33.721760954914629 ], [ 131.674525822271875, 33.722039743793452 ], [ 131.674623645131987, 33.72199595792749 ], [ 131.674433923045541, 33.721741788724707 ], [ 131.674825552155028, 33.721598979255802 ], [ 131.675676060361297, 33.722316556249886 ], [ 131.675763977529954, 33.722245776167213 ], [ 131.674560693042736, 33.721255127905522 ], [ 131.673774569750123, 33.721594855674844 ], [ 131.673434040727273, 33.721373064938426 ], [ 131.67229582435931, 33.720149446717173 ], [ 131.671951309538997, 33.719139651958152 ], [ 131.671529942376225, 33.718516220117237 ], [ 131.670572682847336, 33.717937188468142 ], [ 131.670053716510381, 33.718077928836117 ], [ 131.66880807599253, 33.717734875245512 ], [ 131.667693317551226, 33.717153010303093 ], [ 131.66614068884806, 33.716737626331614 ], [ 131.665136332399868, 33.716897237206176 ], [ 131.664653250997731, 33.717357843928966 ], [ 131.661993296966102, 33.71830357597937 ], [ 131.660274019627849, 33.719291557557476 ], [ 131.658959958516533, 33.718955251729071 ], [ 131.65815492769201, 33.71907176023165 ], [ 131.658433066150366, 33.719281527955182 ], [ 131.659008733996842, 33.719133205891595 ], [ 131.65988967755851, 33.719469221735451 ], [ 131.659816730393231, 33.7203906237254 ], [ 131.659031798390089, 33.721196995751633 ], [ 131.658217875706185, 33.72170266506695 ], [ 131.656406307943286, 33.722221105434038 ], [ 131.656199301267151, 33.72104570722928 ], [ 131.652847685091729, 33.721281708742666 ], [ 131.651101386326332, 33.720656194195797 ], [ 131.652830676880001, 33.721317864291741 ], [ 131.652885831057858, 33.722328324321118 ], [ 131.65266784627363, 33.722330391959233 ], [ 131.652665714613164, 33.722187902511251 ], [ 131.651353666138647, 33.722198426244788 ], [ 131.651360359324087, 33.721081274372139 ], [ 131.651247353097204, 33.721264945281703 ], [ 131.649562510103323, 33.720912254346167 ], [ 131.648887022093646, 33.720049318168897 ], [ 131.648858817509364, 33.718596906277234 ], [ 131.648791738951871, 33.720006567497805 ], [ 131.649512239086988, 33.720975633694785 ], [ 131.651201526487739, 33.721341826452452 ], [ 131.651265211446969, 33.722200725622521 ], [ 131.650245628638544, 33.722215118319923 ], [ 131.649885986694983, 33.721457803114305 ], [ 131.648685276510008, 33.721492085682243 ], [ 131.648687325657306, 33.722050175032074 ], [ 131.648485110546147, 33.722136893503247 ], [ 131.646911931873262, 33.721713279228439 ], [ 131.647059275842167, 33.721217521432237 ], [ 131.646750051658927, 33.721850289819542 ], [ 131.646174698451006, 33.721674806017326 ], [ 131.646479829883106, 33.7207823466265 ], [ 131.647464598239111, 33.72059058663752 ], [ 131.64798303916163, 33.720366963937629 ], [ 131.648088862748693, 33.720090493558139 ], [ 131.647950493708237, 33.720343679200518 ], [ 131.647449273126398, 33.720559109651411 ], [ 131.646495737276922, 33.720745281443016 ], [ 131.646562545021141, 33.720588060833322 ], [ 131.645617049196744, 33.720266658753054 ], [ 131.645369421712076, 33.719759372202418 ], [ 131.645569679448954, 33.720278600783338 ], [ 131.645156946143089, 33.721071523899269 ], [ 131.644000615394049, 33.720834120532409 ], [ 131.644785817079025, 33.719295117764688 ], [ 131.647200458408975, 33.718602937944432 ], [ 131.647343031841444, 33.718337120290364 ], [ 131.64717537680707, 33.71856876369219 ], [ 131.644758203261375, 33.719260395480362 ], [ 131.644090307739845, 33.72056316065207 ], [ 131.643750497224261, 33.720573949996343 ], [ 131.642037869829295, 33.719818238918194 ], [ 131.64042447267542, 33.719491252470768 ], [ 131.64001718357207, 33.71927422450289 ], [ 131.63915596395529, 33.71867099537323 ], [ 131.639652668416687, 33.717992190119631 ], [ 131.639530151796123, 33.71791350759046 ], [ 131.638865369179172, 33.718621993387302 ], [ 131.637350378264841, 33.717883295323006 ], [ 131.63607818140639, 33.717722139198827 ], [ 131.634089818148766, 33.717013731121092 ], [ 131.633349551380945, 33.716116804824331 ], [ 131.632668031572791, 33.716759549177254 ], [ 131.632399331715902, 33.71763826718886 ], [ 131.631528338797949, 33.717894269732312 ], [ 131.631054236250151, 33.718576517397459 ], [ 131.631080275519594, 33.720661921303943 ], [ 131.631611559329656, 33.721449900159861 ], [ 131.632725284960458, 33.722360277499341 ], [ 131.633596254559592, 33.722823747049908 ], [ 131.634880245124918, 33.723113776122482 ], [ 131.635729359234404, 33.723535924151399 ], [ 131.637858556277422, 33.723564596228947 ], [ 131.639812145005578, 33.725232447896921 ], [ 131.63977260546875, 33.72543101336327 ], [ 131.640185435819717, 33.726242107294276 ], [ 131.639856067525557, 33.726935401268207 ], [ 131.640098180742029, 33.72800075469452 ], [ 131.639940302345906, 33.726943064643521 ], [ 131.640343449998966, 33.726302642350134 ], [ 131.639969147443509, 33.725304679605635 ], [ 131.640477555452208, 33.725035144266712 ], [ 131.640959156768588, 33.725808967944538 ], [ 131.641077535754164, 33.725765949017919 ], [ 131.641236036119011, 33.726039209111619 ], [ 131.641009289421049, 33.726162108183118 ], [ 131.640754979283429, 33.726212102578486 ], [ 131.640366065212334, 33.726004984300204 ], [ 131.640691387079045, 33.726219689184113 ], [ 131.640604610484473, 33.726306709908052 ], [ 131.640958063734786, 33.726239929776547 ], [ 131.641428789396315, 33.727289723424242 ], [ 131.640765111855416, 33.727512171429751 ], [ 131.640531462362588, 33.727041854456061 ], [ 131.640705372151075, 33.727533542173148 ], [ 131.64053969168603, 33.72758737339629 ], [ 131.640706885509559, 33.727578334471573 ], [ 131.640803561297759, 33.727807750338201 ], [ 131.640783359272319, 33.727562652968764 ], [ 131.641462599613646, 33.727335474910582 ], [ 131.642236928115949, 33.728142922537749 ], [ 131.642290810613531, 33.728709828025465 ], [ 131.641831731286004, 33.729373088373841 ], [ 131.642481781618329, 33.730877268657956 ], [ 131.642292058184609, 33.731195590181805 ], [ 131.641921784027005, 33.731321069281201 ], [ 131.642017230027534, 33.731531541524376 ], [ 131.642338449058769, 33.731628133929853 ], [ 131.641943385564076, 33.731759164878753 ], [ 131.641781820510346, 33.732089102071576 ], [ 131.642148222851574, 33.732455952369158 ], [ 131.642440697968823, 33.731880059771811 ], [ 131.642385464952326, 33.731709036459321 ], [ 131.643208812799713, 33.731989680132394 ], [ 131.64299286676524, 33.732556157920882 ], [ 131.642396442151323, 33.732745860322687 ], [ 131.6426294489643, 33.733025070716415 ], [ 131.643481279384957, 33.732929552991095 ], [ 131.643786708082757, 33.732643945091311 ], [ 131.643912229143183, 33.732833550104623 ], [ 131.644079217046567, 33.732795697150664 ], [ 131.644353975508608, 33.732157693637298 ], [ 131.6448074043318, 33.731894767595556 ], [ 131.64565099748674, 33.732141899472182 ], [ 131.64613738244833, 33.732103288835283 ], [ 131.6461008732511, 33.731979083467472 ], [ 131.645033977514458, 33.731888159290975 ], [ 131.64526036840013, 33.731716581427619 ], [ 131.645121119945145, 33.731709209226175 ], [ 131.645126281112482, 33.730957231936948 ], [ 131.644918413436443, 33.730866322637581 ], [ 131.645188531370053, 33.730477207440025 ], [ 131.645634336357318, 33.730205301703144 ], [ 131.646751549052624, 33.730246364733638 ], [ 131.647697105576327, 33.730998780827782 ], [ 131.648553607856627, 33.730950046504752 ], [ 131.647827043999342, 33.73091152879234 ], [ 131.647800501073419, 33.73068351077459 ], [ 131.647677705757104, 33.730857298672028 ], [ 131.647436413476839, 33.730772909197071 ], [ 131.647012633745391, 33.730384749996588 ], [ 131.647499692449856, 33.729859246765528 ], [ 131.647628339674156, 33.72988646615692 ], [ 131.647518881136619, 33.729826674202336 ], [ 131.647640931196207, 33.729699804716901 ], [ 131.648106759100443, 33.729647769352781 ], [ 131.647345619456189, 33.729460588321196 ], [ 131.647547996176968, 33.729106972230213 ], [ 131.647391955924377, 33.729018543430016 ], [ 131.647639191433257, 33.728750347288504 ], [ 131.64806430806442, 33.728885193698659 ], [ 131.648024389948716, 33.729457026221056 ], [ 131.648131148492126, 33.728877656674669 ], [ 131.648519114401722, 33.728808841126465 ], [ 131.648234370488268, 33.725669960217843 ], [ 131.648472984404208, 33.725685823137546 ], [ 131.648494041599719, 33.725044632639566 ], [ 131.648843728300079, 33.725050051113037 ], [ 131.648843971059591, 33.726807329680774 ], [ 131.648742571352642, 33.726809693106439 ], [ 131.648845332181622, 33.726842471792544 ], [ 131.648933727450753, 33.730269145509141 ], [ 131.648728823184371, 33.730572270926935 ], [ 131.648965227543215, 33.730298704604628 ], [ 131.651184449284983, 33.730224817145597 ], [ 131.651197365907251, 33.730506088382789 ], [ 131.651391211711882, 33.73073765899148 ], [ 131.651226553006751, 33.730223678714282 ], [ 131.651427184375109, 33.730215436087867 ], [ 131.651472875957779, 33.73040453863414 ], [ 131.651469288087839, 33.730214297573745 ], [ 131.653172859987848, 33.73016563605804 ], [ 131.653205041583732, 33.730568524546662 ], [ 131.653204138544169, 33.730160046056703 ], [ 131.653266410942621, 33.730261643155096 ], [ 131.653271033911835, 33.730159691988256 ], [ 131.655729216571387, 33.730146656009723 ], [ 131.655752832707009, 33.730275506385112 ], [ 131.654961034640309, 33.73031126814999 ], [ 131.654842264504651, 33.732577685176274 ], [ 131.656636147043287, 33.732475313094668 ], [ 131.657622177556334, 33.732998366441755 ], [ 131.659931882649772, 33.735292470262017 ], [ 131.66086176716064, 33.735941181913745 ], [ 131.661153599307681, 33.736702415557595 ], [ 131.661745585562386, 33.737196894872604 ], [ 131.663212277077292, 33.737758874817374 ], [ 131.665804380319827, 33.739685161481447 ], [ 131.667332158968605, 33.740179143321853 ], [ 131.66844244806606, 33.74028766925651 ], [ 131.669284512722925, 33.739761012838542 ], [ 131.669784953412716, 33.739163229595931 ] ] ] } },
{ "type": "Feature", "properties": { "CITY_NAME": "日出町", "S_NAME": "大字南畑", "JINKO": 226, "medical_area": "44_東部医療圏", "町丁目名": "日出町大字南畑" }, "geometry": { "type": "Polygon", "coordinates": [ [ [ 131.467940444831328, 33.386630373967215 ], [ 131.468265400178069, 33.386472052689378 ], [ 131.468877849904828, 33.386555406155466 ], [ 131.471128386164651, 33.387118216042332 ], [ 131.472737872609429, 33.385920362896371 ], [ 131.475877217367014, 33.387330564139454 ], [ 131.476439656344809, 33.387322253393243 ], [ 131.477164577587018, 33.38714727582289 ], [ 131.478401893477212, 33.386239059846744 ], [ 131.480226675191659, 33.385555877017048 ], [ 131.481681084371502, 33.384181091134117 ], [ 131.477556482394732, 33.377227908307518 ], [ 131.480321416242418, 33.375084666403296 ], [ 131.479306690995912, 33.375031953249945 ], [ 131.479988291705183, 33.374048674735135 ], [ 131.479968763836894, 33.373299106081632 ], [ 131.478529927529706, 33.371498283107691 ], [ 131.475948476917551, 33.369898884704249 ], [ 131.470854270835673, 33.365759565341193 ], [ 131.470504152439588, 33.365095267418745 ], [ 131.469715922885143, 33.361731285707457 ], [ 131.469929693127398, 33.361387947766019 ], [ 131.469684803644981, 33.36024500340659 ], [ 131.469904695520626, 33.359604403093037 ], [ 131.47070039732219, 33.359352594536595 ], [ 131.472525313716005, 33.357885140413671 ], [ 131.472106365160073, 33.356597463203713 ], [ 131.47237866321484, 33.354334337048002 ], [ 131.470446990200003, 33.35462465151997 ], [ 131.468920940057899, 33.354013174471675 ], [ 131.468714263189099, 33.353033125492004 ], [ 131.466456599564651, 33.351983918189674 ], [ 131.46576938082751, 33.351871239249931 ], [ 131.462992786359735, 33.351935372266169 ], [ 131.458088647832767, 33.351002058340384 ], [ 131.456059493424164, 33.350430711080548 ], [ 131.455676132219935, 33.350063299444656 ], [ 131.454088212939354, 33.349540252760093 ], [ 131.454074787407478, 33.349307238468995 ], [ 131.453357678594017, 33.34901404569532 ], [ 131.451395170870569, 33.348622927711631 ], [ 131.45001429308391, 33.348021276746692 ], [ 131.449167668287771, 33.348364389901654 ], [ 131.446285118705674, 33.348643054041951 ], [ 131.442376137827466, 33.349390223871751 ], [ 131.441654243113021, 33.349360892467303 ], [ 131.439496759632959, 33.348411959741732 ], [ 131.439540691535626, 33.347083389134468 ], [ 131.439704309043833, 33.346891491008144 ], [ 131.441385277092394, 33.346269203227614 ], [ 131.441547596475345, 33.3458222664337 ], [ 131.44130523314476, 33.345472417600313 ], [ 131.440182278435458, 33.344815930854764 ], [ 131.433604925925493, 33.343158746775096 ], [ 131.432875086951356, 33.343170256699246 ], [ 131.434623109777675, 33.344993002556272 ], [ 131.434061118693819, 33.34530577764221 ], [ 131.433224639749, 33.345461814229999 ], [ 131.432773223440165, 33.345337246488171 ], [ 131.43199568311212, 33.344393991362978 ], [ 131.431249341385268, 33.344329008751259 ], [ 131.430305923823369, 33.344566472877226 ], [ 131.428893126471252, 33.345391120608703 ], [ 131.427655075131156, 33.344647609191192 ], [ 131.425112036352488, 33.343741906623194 ], [ 131.423444016868444, 33.342873713437378 ], [ 131.421500739546133, 33.342799265736105 ], [ 131.419158088959279, 33.343388339616837 ], [ 131.4173081323448, 33.34487205005712 ], [ 131.416183998864312, 33.345506455575347 ], [ 131.416078937624576, 33.345984297870892 ], [ 131.416246296049508, 33.349346744878019 ], [ 131.416957919497349, 33.350207388338276 ], [ 131.418651909638896, 33.351744180008772 ], [ 131.419753505025739, 33.352295382066657 ], [ 131.421763425285604, 33.352651662801946 ], [ 131.423425147811571, 33.353409055391417 ], [ 131.426647995604583, 33.354255016062069 ], [ 131.427678048924975, 33.355087997651708 ], [ 131.429985762850976, 33.355708466562753 ], [ 131.431869355417433, 33.356423623254869 ], [ 131.432681806795927, 33.356898608449093 ], [ 131.432981750236564, 33.357348555401622 ], [ 131.433294213987239, 33.35529885614023 ], [ 131.437192345095525, 33.358772423475614 ], [ 131.442401348649412, 33.363846515916819 ], [ 131.445965542647656, 33.367616427333793 ], [ 131.445924207335821, 33.36902841189449 ], [ 131.453718828216353, 33.374240312222156 ], [ 131.450858585096114, 33.376079732924936 ], [ 131.451055974129616, 33.376758401222006 ], [ 131.450637807694278, 33.377567014794266 ], [ 131.449971545282949, 33.377261673432322 ], [ 131.449474900827738, 33.37762347815017 ], [ 131.448592329623779, 33.379088682106726 ], [ 131.447354938579053, 33.380288562805781 ], [ 131.447379925719957, 33.380396893469801 ], [ 131.44777991962718, 33.380263582339133 ], [ 131.449422018006658, 33.378707108408044 ], [ 131.450467106232196, 33.379172066781045 ], [ 131.450929540162889, 33.379530421665748 ], [ 131.451192000912698, 33.380072029640992 ], [ 131.451579444058524, 33.381471980542614 ], [ 131.450966976846132, 33.384463417366462 ], [ 131.451079105790512, 33.384923849141273 ], [ 131.453066749319362, 33.385880040054246 ], [ 131.453341725241472, 33.386196687946359 ], [ 131.453033202278732, 33.38855221612183 ], [ 131.452466665132988, 33.389738179900604 ], [ 131.452741530901108, 33.392613020847868 ], [ 131.453978972286734, 33.392588065179872 ], [ 131.45804117696747, 33.391838169134751 ], [ 131.459703563533935, 33.391046556970835 ], [ 131.461390971381832, 33.390471632486062 ], [ 131.461871251763682, 33.390077731544032 ], [ 131.463009349938403, 33.389641609414845 ], [ 131.466386219291167, 33.388661331585212 ], [ 131.467940444831328, 33.386630373967215 ] ] ] } },
{ "type": "Feature", "properties": { "CITY_NAME": "日出町", "S_NAME": "大字豊岡", "JINKO": 6583, "medical_area": "44_東部医療圏", "町丁目名": "日出町大字豊岡" }, "geometry": { "type": "Polygon", "coordinates": [ [ [ 131.510415444601534, 33.391617653074576 ], [ 131.509417498800303, 33.390296088185501 ], [ 131.509244922824962, 33.38981487126636 ], [ 131.509448258428591, 33.38663053921988 ], [ 131.509020670910047, 33.38422270500584 ], [ 131.508946435570209, 33.381596216810166 ], [ 131.51020361943074, 33.380043130321241 ], [ 131.511055204146118, 33.379457306410707 ], [ 131.512215980225619, 33.378176514391221 ], [ 131.51297487230201, 33.376630928331267 ], [ 131.512648952811503, 33.376334745320392 ], [ 131.512541387787763, 33.375805789316118 ], [ 131.513285235740597, 33.375769887290787 ], [ 131.51371481798401, 33.375563640416168 ], [ 131.513865632871671, 33.375318427643677 ], [ 131.514122699867244, 33.375372134821021 ], [ 131.514378410889918, 33.37520313217486 ], [ 131.515206510428925, 33.37508289716596 ], [ 131.516054989143299, 33.375412124055202 ], [ 131.516281908003037, 33.375195229105081 ], [ 131.516945206083506, 33.375140865100228 ], [ 131.517182690719466, 33.374519249158226 ], [ 131.517045089478131, 33.371040923663685 ], [ 131.518252879863525, 33.370841424281821 ], [ 131.519920738119481, 33.369767485286744 ], [ 131.520240341406378, 33.370040960246492 ], [ 131.520693705114667, 33.369961492585325 ], [ 131.521622542921222, 33.370515343717166 ], [ 131.52237825349448, 33.370112465507724 ], [ 131.52255335015775, 33.370197461396138 ], [ 131.522796020506803, 33.370022157493892 ], [ 131.522827359570186, 33.369591675583493 ], [ 131.522643711030554, 33.36811919221379 ], [ 131.522994622585287, 33.367794971080414 ], [ 131.523017548814977, 33.367522743614771 ], [ 131.523173449804119, 33.367515747771421 ], [ 131.521609086190523, 33.366837914358022 ], [ 131.519293564826398, 33.365431939781551 ], [ 131.517967514349209, 33.3648892301362 ], [ 131.515395106303629, 33.36490805800554 ], [ 131.513265841429131, 33.364272147908991 ], [ 131.511816257057262, 33.3635491143622 ], [ 131.509285773052312, 33.36319564662071 ], [ 131.508550207610512, 33.36272976478373 ], [ 131.50786258127755, 33.362011206036442 ], [ 131.507742178970943, 33.361813321767443 ], [ 131.507852390895948, 33.361731718868768 ], [ 131.507725908645767, 33.361787216959478 ], [ 131.50758974616258, 33.361470378824343 ], [ 131.507005038498647, 33.361448421683953 ], [ 131.50783443628896, 33.361416194550323 ], [ 131.507924762739435, 33.361617794596093 ], [ 131.508303675981267, 33.361727165510416 ], [ 131.507990121587397, 33.361582375487771 ], [ 131.508032073308698, 33.361217892746943 ], [ 131.507726795662961, 33.361016253561651 ], [ 131.507095196471084, 33.36105760814867 ], [ 131.506013983534189, 33.361572386781859 ], [ 131.502326725911757, 33.361864130479184 ], [ 131.500913603699246, 33.361286426281744 ], [ 131.500237157594086, 33.360820257834391 ], [ 131.4994647916009, 33.360666439329833 ], [ 131.498845629858408, 33.360255052397974 ], [ 131.499228254006454, 33.359702561666289 ], [ 131.499675065645789, 33.358360854857409 ], [ 131.50122006415765, 33.358143624334538 ], [ 131.501340515425142, 33.357418181397996 ], [ 131.501226569449528, 33.357405114520866 ], [ 131.501110673677772, 33.358098521351884 ], [ 131.499387122295758, 33.358359297810637 ], [ 131.498968772972802, 33.359048984238164 ], [ 131.49832304609086, 33.358805184008041 ], [ 131.49809271787916, 33.358948441885623 ], [ 131.498206718607292, 33.359301835258542 ], [ 131.497385156282377, 33.359572038598515 ], [ 131.497188549538805, 33.359143984213503 ], [ 131.496710283021201, 33.359243845195017 ], [ 131.496637654926559, 33.358665634212457 ], [ 131.49692389944164, 33.357645776037934 ], [ 131.496075982373924, 33.35683631660126 ], [ 131.493281783235204, 33.356411243672063 ], [ 131.492104217950583, 33.355906155083296 ], [ 131.491549178725478, 33.356047792815524 ], [ 131.490690181626775, 33.355630406879975 ], [ 131.490573885545643, 33.355332737409057 ], [ 131.489836882771186, 33.354700851292201 ], [ 131.489714341225806, 33.354307013644913 ], [ 131.489005075115159, 33.354023684887409 ], [ 131.488091604591034, 33.354201584913142 ], [ 131.488715098558004, 33.354428757876875 ], [ 131.489004229909085, 33.354898905136878 ], [ 131.488094570914029, 33.355152518532719 ], [ 131.487259905020778, 33.356014166464789 ], [ 131.486458472905952, 33.356161570576987 ], [ 131.485953079662096, 33.355956749477173 ], [ 131.48574207226531, 33.356135482109487 ], [ 131.485785469094111, 33.35569770523837 ], [ 131.485647063059503, 33.355534776240873 ], [ 131.484981324052569, 33.356406807051606 ], [ 131.484415901918396, 33.356396741348071 ], [ 131.484056612862616, 33.35672855779741 ], [ 131.482995358887138, 33.356307240550322 ], [ 131.482214112587883, 33.355437474207832 ], [ 131.477134794787844, 33.352905363623876 ], [ 131.476158570088558, 33.353284066645422 ], [ 131.475332405112169, 33.353157877429517 ], [ 131.474536891668293, 33.3533350765832 ], [ 131.47237866321484, 33.354334337048002 ], [ 131.472106365160073, 33.356597463203713 ], [ 131.472525313716034, 33.357885140413671 ], [ 131.47070039732219, 33.359352594536595 ], [ 131.469904695520626, 33.359604403093037 ], [ 131.469684803644981, 33.36024500340659 ], [ 131.469929693127398, 33.361387947766019 ], [ 131.469715922885143, 33.361731285707457 ], [ 131.470504152439588, 33.365095267418745 ], [ 131.470854270835673, 33.365759565341193 ], [ 131.475948476917551, 33.369898884704249 ], [ 131.478529927529706, 33.371498283107691 ], [ 131.479968763836894, 33.373299106081632 ], [ 131.479988291705183, 33.374048674735135 ], [ 131.479306690995912, 33.375031953249945 ], [ 131.480321416242418, 33.375084666403296 ], [ 131.477556482394732, 33.377227908307518 ], [ 131.481681084371502, 33.384181091134117 ], [ 131.482891905987117, 33.384599366520966 ], [ 131.483045273926535, 33.384936418329637 ], [ 131.48281804101461, 33.385474549582732 ], [ 131.482828125160381, 33.385993657926733 ], [ 131.483591563474562, 33.388046233098152 ], [ 131.484269091003853, 33.389148752427978 ], [ 131.485425905759968, 33.389412386246221 ], [ 131.487075487653271, 33.390184808343392 ], [ 131.488591991474436, 33.390204501246679 ], [ 131.490153697433954, 33.390531994587903 ], [ 131.491439887190779, 33.390200950198199 ], [ 131.494294771334864, 33.389014352161468 ], [ 131.495040475349157, 33.389539055170012 ], [ 131.495322793764444, 33.390203950124217 ], [ 131.495701810139906, 33.390634961250981 ], [ 131.497641961584918, 33.39078294582189 ], [ 131.497837563752427, 33.390712954278158 ], [ 131.498102442185058, 33.390141030861301 ], [ 131.499073059376059, 33.391183775706196 ], [ 131.499693415946012, 33.391423502797451 ], [ 131.501291182996255, 33.391209551728615 ], [ 131.502744758732462, 33.391444801065958 ], [ 131.503726074695152, 33.391260343632894 ], [ 131.505323008072622, 33.391481352537006 ], [ 131.50603076933001, 33.391377864574615 ], [ 131.506280241593856, 33.391055799782421 ], [ 131.506954410111177, 33.391067447344753 ], [ 131.507369732176159, 33.391269425406584 ], [ 131.51003646088364, 33.391163961475613 ], [ 131.510135167347329, 33.391650722852837 ], [ 131.510415444601534, 33.391617653074576 ] ] ] } },
{ "type": "Feature", "properties": { "CITY_NAME": "日出町", "S_NAME": "大字平道", "JINKO": 273, "medical_area": "44_東部医療圏", "町丁目名": "日出町大字平道" }, "geometry": { "type": "Polygon", "coordinates": [ [ [ 131.498206718607292, 33.359301835258542 ], [ 131.49809271787916, 33.358948441885623 ], [ 131.49832304609086, 33.358805184008041 ], [ 131.498174064421363, 33.358750094333026 ], [ 131.497994892169828, 33.358229617470727 ], [ 131.498625468131195, 33.357453422454704 ], [ 131.498510101831954, 33.357382663621053 ], [ 131.498764604585489, 33.357063509837786 ], [ 131.498575540554839, 33.356964516228437 ], [ 131.49918275599407, 33.35680298082184 ], [ 131.499636604295887, 33.357749855569544 ], [ 131.500568855468686, 33.357829308480127 ], [ 131.500592054301563, 33.357768631214803 ], [ 131.499799873288765, 33.357756314817145 ], [ 131.499625398609055, 33.357625000013648 ], [ 131.49925890598999, 33.356753857070409 ], [ 131.499281317273983, 33.356261842563015 ], [ 131.498635012102824, 33.35490570765149 ], [ 131.498505874182626, 33.354201520983544 ], [ 131.498688469197532, 33.353844966965433 ], [ 131.498314465210484, 33.353131121997656 ], [ 131.497906055310523, 33.35124047746838 ], [ 131.498017179064448, 33.350554065396729 ], [ 131.498497858087774, 33.350238940833513 ], [ 131.498505177350808, 33.349690596548079 ], [ 131.497642425019819, 33.348667160660455 ], [ 131.497437363861849, 33.348069613781611 ], [ 131.497493260336057, 33.34769285748898 ], [ 131.496825223957103, 33.347665305193424 ], [ 131.497246618702945, 33.34944086308699 ], [ 131.497326927029945, 33.350409911938229 ], [ 131.497191371196124, 33.350720308489343 ], [ 131.494069807292306, 33.35075837789649 ], [ 131.492378087979347, 33.349744498943231 ], [ 131.491071226783731, 33.349873856525434 ], [ 131.490353718796968, 33.350620658672753 ], [ 131.488020143468731, 33.351051125121302 ], [ 131.487540892761729, 33.351848223627954 ], [ 131.487269227480141, 33.351833892867461 ], [ 131.486797283823137, 33.351474636839555 ], [ 131.486324020714449, 33.351427842934719 ], [ 131.486057776924042, 33.352116497664376 ], [ 131.485380015800928, 33.352338121652139 ], [ 131.484304971904379, 33.352183514763205 ], [ 131.481713327565728, 33.350375223176023 ], [ 131.481362741967956, 33.349884872371469 ], [ 131.481538962252159, 33.34890973065005 ], [ 131.481001126487314, 33.348770950466545 ], [ 131.480520524470478, 33.34905708408845 ], [ 131.480008517447772, 33.348891292737918 ], [ 131.479567587630811, 33.349172160621563 ], [ 131.479848060813822, 33.349675573668414 ], [ 131.480416197609145, 33.350331583084518 ], [ 131.481163310958266, 33.350792229509466 ], [ 131.481349102451532, 33.351285788715849 ], [ 131.482067011800609, 33.351699170638618 ], [ 131.482165972477986, 33.351934428020222 ], [ 131.481250104679674, 33.352421990300932 ], [ 131.48065968527618, 33.352988950158611 ], [ 131.479926065090154, 33.353046825267441 ], [ 131.478790248691183, 33.353489138660471 ], [ 131.477366130361361, 33.352842802993422 ], [ 131.477134794787844, 33.352905363623876 ], [ 131.482214112587883, 33.355437474207832 ], [ 131.482995358887138, 33.356307240550322 ], [ 131.484056612862645, 33.356728557797403 ], [ 131.484415901918453, 33.356396741348071 ], [ 131.484981324052569, 33.356406807051606 ], [ 131.485647063059503, 33.355534776240873 ], [ 131.485785469094139, 33.35569770523837 ], [ 131.485742072265339, 33.356135482109487 ], [ 131.485953079662096, 33.355956749477173 ], [ 131.486458472905952, 33.356161570576987 ], [ 131.487259905020807, 33.356014166464803 ], [ 131.488094570914029, 33.355152518532719 ], [ 131.489004229909085, 33.354898905136878 ], [ 131.488715098558032, 33.354428757876875 ], [ 131.488091604591034, 33.354201584913127 ], [ 131.489005075115216, 33.354023684887409 ], [ 131.489714341225806, 33.354307013644913 ], [ 131.489836882771215, 33.354700851292201 ], [ 131.490573885545643, 33.355332737409057 ], [ 131.490690181626832, 33.355630406879975 ], [ 131.491549178725478, 33.356047792815524 ], [ 131.492104217950583, 33.355906155083296 ], [ 131.493281783235233, 33.356411243672063 ], [ 131.496075982373924, 33.35683631660126 ], [ 131.49692389944164, 33.357645776037934 ], [ 131.496637654926559, 33.358665634212457 ], [ 131.496710283021201, 33.359243845195017 ], [ 131.497188549538805, 33.359143984213503 ], [ 131.497385156282377, 33.359572038598515 ], [ 131.498206718607292, 33.359301835258542 ] ] ] } },
{ "type": "Feature", "properties": { "CITY_NAME": "日出町", "S_NAME": "大字日出", "JINKO": 5990, "medical_area": "44_東部医療圏", "町丁目名": "日出町大字日出" }, "geometry": { "type": "Polygon", "coordinates": [ [ [ 131.528741977051396, 33.38138007326733 ], [ 131.530414869441813, 33.381345509712709 ], [ 131.531584202891565, 33.38008280700118 ], [ 131.533360203280296, 33.379472794920154 ], [ 131.534768365282105, 33.378487257984446 ], [ 131.535424956910077, 33.378419794364852 ], [ 131.536168474115044, 33.3779933253536 ], [ 131.538955453482771, 33.377112245869156 ], [ 131.538742551513252, 33.376604137708064 ], [ 131.53793969095787, 33.375587186402448 ], [ 131.53815419153571, 33.375434029138944 ], [ 131.538140753897039, 33.375248923389364 ], [ 131.537767554295101, 33.374482620332657 ], [ 131.537780015851155, 33.373804607963251 ], [ 131.537130005374138, 33.37320046134861 ], [ 131.537618909446365, 33.372335196428523 ], [ 131.537398454284016, 33.372289440958511 ], [ 131.53694581919612, 33.371723395913499 ], [ 131.536824411186558, 33.370701555227676 ], [ 131.536196849862336, 33.370290214428039 ], [ 131.53642498739714, 33.369938879196056 ], [ 131.537332491027087, 33.369713358517117 ], [ 131.5378796772915, 33.369264847599233 ], [ 131.539227552277964, 33.369325917740781 ], [ 131.539373148146865, 33.368749834239104 ], [ 131.538431621875532, 33.36838921455977 ], [ 131.538531511390403, 33.368209364390907 ], [ 131.536887228409626, 33.367657407990301 ], [ 131.536540740852985, 33.367408224334973 ], [ 131.536045324833083, 33.366521283421164 ], [ 131.536719227262381, 33.365847553578639 ], [ 131.536591118985228, 33.365635293581313 ], [ 131.536029784087816, 33.365916345572529 ], [ 131.535137717324034, 33.365537839471081 ], [ 131.535056915979681, 33.36567527026908 ], [ 131.534824152530916, 33.365570747205105 ], [ 131.535151719536458, 33.365013009397686 ], [ 131.536185638763556, 33.365395414754659 ], [ 131.535119125339122, 33.364954539987487 ], [ 131.534654385235541, 33.365746425321952 ], [ 131.533887159896722, 33.366104972064477 ], [ 131.533336028057789, 33.366299405218449 ], [ 131.532125236099233, 33.366168429131193 ], [ 131.53143623678946, 33.366312056100433 ], [ 131.530993516073295, 33.366491573866007 ], [ 131.530489823724935, 33.367069009601458 ], [ 131.52999991046579, 33.367261371646208 ], [ 131.528724242916809, 33.367246064428393 ], [ 131.526551846594316, 33.367670954640587 ], [ 131.524015008734693, 33.367721385167115 ], [ 131.523017548814977, 33.367522743614771 ], [ 131.522994622585287, 33.367794971080414 ], [ 131.522627241177048, 33.368201049584464 ], [ 131.522632481877963, 33.368543355572555 ], [ 131.522818291543615, 33.368764264493784 ], [ 131.522827359570186, 33.369591675583493 ], [ 131.522796020506803, 33.370022157493892 ], [ 131.52255335015775, 33.370197461396138 ], [ 131.52237825349448, 33.370112465507724 ], [ 131.521622542921222, 33.370515343717166 ], [ 131.520693705114667, 33.369961492585325 ], [ 131.520240341406378, 33.370040960246492 ], [ 131.519920738119481, 33.369767485286744 ], [ 131.518252879863525, 33.370841424281821 ], [ 131.517045089478131, 33.371040923663685 ], [ 131.517182690719466, 33.374519249158226 ], [ 131.516945206083506, 33.375140865100228 ], [ 131.516281908003037, 33.375195229105081 ], [ 131.516054989143299, 33.375412124055202 ], [ 131.515206510428925, 33.37508289716596 ], [ 131.514378410889918, 33.37520313217486 ], [ 131.514122699867244, 33.375372134821021 ], [ 131.513865632871671, 33.375318427643677 ], [ 131.51371481798401, 33.375563640416168 ], [ 131.513285235740597, 33.375769887290787 ], [ 131.512541387787763, 33.375805789316118 ], [ 131.512648952811503, 33.376334745320392 ], [ 131.51297487230201, 33.376630928331267 ], [ 131.512215980225619, 33.378176514391221 ], [ 131.511055204146118, 33.379457306410707 ], [ 131.51020361943074, 33.380043130321241 ], [ 131.508946435570209, 33.381596216810166 ], [ 131.509020670910047, 33.38422270500584 ], [ 131.509448258428591, 33.38663053921988 ], [ 131.509244922824962, 33.38981487126636 ], [ 131.509417498800303, 33.390296088185501 ], [ 131.510415444601534, 33.391617653074576 ], [ 131.510721211213166, 33.390725186019957 ], [ 131.512525103404272, 33.388140257699249 ], [ 131.513524806599463, 33.385730234342127 ], [ 131.514585709550857, 33.38521649337774 ], [ 131.518297329153626, 33.384445279636296 ], [ 131.525337712987238, 33.382544447604026 ], [ 131.525850774536508, 33.382369571232239 ], [ 131.526085301932028, 33.382079539210288 ], [ 131.528741977051396, 33.38138007326733 ] ] ] } },
{ "type": "Feature", "properties": { "CITY_NAME": "日出町", "S_NAME": "大字広瀬", "JINKO": 37, "medical_area": "44_東部医療圏", "町丁目名": "日出町大字広瀬" }, "geometry": { "type": "Polygon", "coordinates": [ [ [ 131.541624834167777, 33.411113168885329 ], [ 131.541255067535815, 33.410890837565795 ], [ 131.54140400297382, 33.410306388821958 ], [ 131.541321140554658, 33.410014852139255 ], [ 131.539764146313331, 33.40916396011076 ], [ 131.539446193893241, 33.40863353844292 ], [ 131.538978546113526, 33.40855960061721 ], [ 131.539059696734427, 33.408189395843095 ], [ 131.538235550199204, 33.407509219999284 ], [ 131.537467429985867, 33.407412592300744 ], [ 131.537371257404061, 33.406895183953587 ], [ 131.536811734680583, 33.406609726809684 ], [ 131.536594278733787, 33.406130814340926 ], [ 131.535970131306328, 33.406185508228326 ], [ 131.535615087827551, 33.405819166241031 ], [ 131.533547684927072, 33.404890461118818 ], [ 131.533160278834288, 33.40507005370236 ], [ 131.53232097944209, 33.40501373091098 ], [ 131.53164494495195, 33.405156594915184 ], [ 131.53007782418041, 33.404181687055278 ], [ 131.530127246726039, 33.403685627070267 ], [ 131.529444043176568, 33.403243684402987 ], [ 131.529298182607505, 33.402502035909272 ], [ 131.528769235740384, 33.402130722267614 ], [ 131.528506542143987, 33.401599051276854 ], [ 131.528050272980977, 33.401397977805644 ], [ 131.527881159701366, 33.400973162215479 ], [ 131.527224110597587, 33.400863894743068 ], [ 131.527047653138794, 33.400500821086403 ], [ 131.526643678266311, 33.40030110446574 ], [ 131.526087432517329, 33.399570931606263 ], [ 131.525874344057371, 33.398912380451101 ], [ 131.525201697698492, 33.397823734090977 ], [ 131.525354697572538, 33.399379165817244 ], [ 131.52514996372517, 33.400394839648342 ], [ 131.52612297735277, 33.401502914364983 ], [ 131.526907006357447, 33.40294173523165 ], [ 131.527688087064831, 33.403890391365316 ], [ 131.528027549710004, 33.405203814267075 ], [ 131.528437320123771, 33.40606923822876 ], [ 131.529635179228336, 33.40717632894453 ], [ 131.531106653850543, 33.407994764319348 ], [ 131.531740516681054, 33.408746105491673 ], [ 131.531706631960077, 33.409199549669808 ], [ 131.531120557942614, 33.40985777185584 ], [ 131.531054929257635, 33.410827806025566 ], [ 131.532314535346615, 33.413770380088501 ], [ 131.534560476069828, 33.415017077743947 ], [ 131.535646697408822, 33.414808387846314 ], [ 131.536744798310764, 33.414938246628758 ], [ 131.537080574064703, 33.414755563338822 ], [ 131.537855737022539, 33.415086109926385 ], [ 131.541624834167777, 33.411113168885329 ] ] ] } },
{ "type": "Feature", "properties": { "CITY_NAME": "日出町", "S_NAME": "大字藤原", "JINKO": 3805, "medical_area": "44_東部医療圏", "町丁目名": "日出町大字藤原" }, "geometry": { "type": "Polygon", "coordinates": [ [ [ 131.554227604005945, 33.427013405975828 ], [ 131.555873797304514, 33.426320284323026 ], [ 131.556177174058689, 33.425994231922203 ], [ 131.558365246101886, 33.421684422418274 ], [ 131.558992059121152, 33.421346085303092 ], [ 131.559175632275242, 33.420549666605005 ], [ 131.559601964896814, 33.419713827538537 ], [ 131.562524131968814, 33.418122639207908 ], [ 131.56374782745641, 33.41658169029629 ], [ 131.564205132969107, 33.415536682227334 ], [ 131.563726893419044, 33.41525834781676 ], [ 131.562314987916977, 33.415609087474174 ], [ 131.561109090475981, 33.415674060670959 ], [ 131.559220633333922, 33.415215036933887 ], [ 131.557776439455438, 33.413678511365354 ], [ 131.55741736371192, 33.413008496449756 ], [ 131.557291196772127, 33.412303441608458 ], [ 131.557385023930436, 33.4119161965884 ], [ 131.558293711842879, 33.411350994899266 ], [ 131.5592794532825, 33.410156319017076 ], [ 131.561456753560719, 33.408259098747294 ], [ 131.560989945814811, 33.407837240498289 ], [ 131.560065635656571, 33.406156363356743 ], [ 131.559875253174425, 33.405314338444811 ], [ 131.559133170349384, 33.404690192874376 ], [ 131.558754631393811, 33.403566596887316 ], [ 131.55689602762402, 33.401198846369041 ], [ 131.556522134534504, 33.400909727681601 ], [ 131.556067188097614, 33.400097632685501 ], [ 131.556668287562871, 33.399654509484868 ], [ 131.558002104057806, 33.397721377420098 ], [ 131.559865252833021, 33.398420249596519 ], [ 131.560249513126394, 33.397909619295739 ], [ 131.560467074089303, 33.398008665544779 ], [ 131.561032144481686, 33.397387531510176 ], [ 131.561401304035712, 33.397266840740514 ], [ 131.563061011055908, 33.39727843595913 ], [ 131.564961117480749, 33.397641734997578 ], [ 131.565345942016307, 33.397593203044913 ], [ 131.566123105561843, 33.397088087094822 ], [ 131.568470819945674, 33.398093256678081 ], [ 131.568512823735148, 33.397540461510609 ], [ 131.56833802402204, 33.397154450432694 ], [ 131.568468015251511, 33.39688179712612 ], [ 131.569417130334443, 33.396722284576441 ], [ 131.569492362966059, 33.395825037122655 ], [ 131.569257856774186, 33.395220395274613 ], [ 131.569399737556552, 33.394652951295818 ], [ 131.56880449113541, 33.393690115695058 ], [ 131.566855935487069, 33.391709745283983 ], [ 131.566569077139746, 33.39045282555103 ], [ 131.566724342669232, 33.390167347527147 ], [ 131.565980067500561, 33.388302541736557 ], [ 131.564716878631003, 33.388257295186875 ], [ 131.564336362989252, 33.387886554101357 ], [ 131.563316952779957, 33.387456863198246 ], [ 131.561342584123395, 33.387718844237952 ], [ 131.56120794743174, 33.385926340616891 ], [ 131.561430771608769, 33.385201351516976 ], [ 131.560043021776011, 33.384650446824168 ], [ 131.559717732585511, 33.384014223397543 ], [ 131.559036559515249, 33.383668206194841 ], [ 131.557183810438005, 33.383152951109267 ], [ 131.553784970680709, 33.383063595677577 ], [ 131.55311358076915, 33.382819186449183 ], [ 131.552930392827932, 33.382590811675968 ], [ 131.553043671648112, 33.382066698663266 ], [ 131.552801240721152, 33.381863525734623 ], [ 131.552796024332594, 33.380011792081952 ], [ 131.551095729702837, 33.379747597286652 ], [ 131.550412234771159, 33.379315032571618 ], [ 131.549632857639125, 33.378319157950017 ], [ 131.549005281870677, 33.377072651839605 ], [ 131.54889182540478, 33.376364811361128 ], [ 131.547831166702707, 33.375775680014755 ], [ 131.546373653098328, 33.375139816120218 ], [ 131.544776947278194, 33.374691462518555 ], [ 131.543251989851655, 33.374404336759113 ], [ 131.543218612845408, 33.374525681003256 ], [ 131.54224806348688, 33.374493558619854 ], [ 131.539821561772555, 33.374061215279404 ], [ 131.539278857761303, 33.37420459492072 ], [ 131.537780015851155, 33.373804607963251 ], [ 131.537767554295101, 33.374482620332657 ], [ 131.538140753897039, 33.375248923389364 ], [ 131.53815419153571, 33.375434029138944 ], [ 131.53793969095787, 33.375587186402448 ], [ 131.538742551513252, 33.376604137708064 ], [ 131.538955453482771, 33.377112245869156 ], [ 131.536168474115044, 33.3779933253536 ], [ 131.535424956910077, 33.378419794364852 ], [ 131.534768365282105, 33.378487257984446 ], [ 131.533360203280296, 33.379472794920154 ], [ 131.531584202891565, 33.38008280700118 ], [ 131.530414869441813, 33.381345509712709 ], [ 131.527907445988319, 33.381536958712502 ], [ 131.527423782758149, 33.381789101487961 ], [ 131.526085301932028, 33.382079539210288 ], [ 131.525850774536508, 33.382369571232239 ], [ 131.525337712987238, 33.382544447604026 ], [ 131.518297329153626, 33.384445279636296 ], [ 131.514585709550857, 33.38521649337774 ], [ 131.513524806599463, 33.385730234342127 ], [ 131.512525103404272, 33.388140257699249 ], [ 131.510721211213166, 33.390725186019957 ], [ 131.510415444601534, 33.391617653074576 ], [ 131.511954100458098, 33.390977070912641 ], [ 131.513074451545663, 33.39024782269157 ], [ 131.512593819436887, 33.397226765903007 ], [ 131.514386645170362, 33.396973779977031 ], [ 131.517167387114483, 33.396849328302245 ], [ 131.518078338215588, 33.396877534755689 ], [ 131.518693577546657, 33.397112223130549 ], [ 131.521062315363451, 33.396580850563566 ], [ 131.522256961800935, 33.396577431754316 ], [ 131.523171076997357, 33.396939039058402 ], [ 131.524913115732375, 33.397170364657335 ], [ 131.526087432517329, 33.399570931606263 ], [ 131.526643678266311, 33.400301104465761 ], [ 131.527047653138794, 33.400500821086425 ], [ 131.527177373598732, 33.400821861333867 ], [ 131.527881159701366, 33.400973162215479 ], [ 131.528050272980977, 33.401397977805637 ], [ 131.528506542143987, 33.401599051276875 ], [ 131.528769235740384, 33.402130722267614 ], [ 131.529298182607562, 33.402502035909272 ], [ 131.529444043176568, 33.403243684402987 ], [ 131.530127246726039, 33.403685627070267 ], [ 131.53007782418041, 33.404181687055278 ], [ 131.53164494495195, 33.405156594915184 ], [ 131.53232097944209, 33.40501373091098 ], [ 131.533160278834288, 33.40507005370236 ], [ 131.533547684927044, 33.404890461118796 ], [ 131.535615087827551, 33.405819166241031 ], [ 131.535970131306328, 33.406185508228333 ], [ 131.536594278733787, 33.406130814340933 ], [ 131.536811734680555, 33.406609726809684 ], [ 131.537371257404004, 33.406895183953573 ], [ 131.537467429985867, 33.407412592300744 ], [ 131.538235550199204, 33.407509219999284 ], [ 131.539059696734427, 33.408189395843095 ], [ 131.538978546113526, 33.40855960061721 ], [ 131.539446193893241, 33.40863353844292 ], [ 131.539764146313331, 33.40916396011076 ], [ 131.54141249273016, 33.410138405326009 ], [ 131.541225748683672, 33.410775009673245 ], [ 131.541624834167777, 33.411113168885329 ], [ 131.537855737022539, 33.415086109926399 ], [ 131.538309276976037, 33.415427809399787 ], [ 131.538897813577506, 33.416267861100323 ], [ 131.539642477536034, 33.416051368792068 ], [ 131.541556842381908, 33.417219243834509 ], [ 131.54201348123587, 33.417954503689387 ], [ 131.543731998569712, 33.419003091353773 ], [ 131.544689156060116, 33.419972203108159 ], [ 131.544850275557593, 33.420485855759374 ], [ 131.544488682592373, 33.422275551557895 ], [ 131.54482890060018, 33.423739859732883 ], [ 131.544523215351944, 33.424838159281101 ], [ 131.543972066480251, 33.425188102086913 ], [ 131.543879010851214, 33.425596182638259 ], [ 131.544341695916927, 33.426242002662285 ], [ 131.544686016016783, 33.426448863107616 ], [ 131.545626882742937, 33.426592255496672 ], [ 131.546475367970174, 33.427141818891748 ], [ 131.547184567861336, 33.427266817810825 ], [ 131.547830358827412, 33.42761340138113 ], [ 131.54867657376991, 33.427056326332142 ], [ 131.54917703056941, 33.427112361746545 ], [ 131.549799288608256, 33.426659161063647 ], [ 131.55020631804507, 33.426587466149861 ], [ 131.550876030445863, 33.42704653699235 ], [ 131.554214152298755, 33.427607749715762 ], [ 131.554227604005945, 33.427013405975828 ] ] ] } },
{ "type": "Feature", "properties": { "CITY_NAME": "日出町", "S_NAME": "大字川崎", "JINKO": 6128, "medical_area": "44_東部医療圏", "町丁目名": "日出町大字川崎" }, "geometry": { "type": "Polygon", "coordinates": [ [ [ 131.557415784520231, 33.378042360438556 ], [ 131.562783734942144, 33.377743485139618 ], [ 131.564744244628429, 33.377907100597653 ], [ 131.564649909481602, 33.377111773655734 ], [ 131.564932644072798, 33.375874041006952 ], [ 131.565038450236415, 33.373806346126656 ], [ 131.564667620039188, 33.372160164596799 ], [ 131.564654345647313, 33.368633859034766 ], [ 131.56493811604787, 33.366212473817441 ], [ 131.565252606527395, 33.365283558183627 ], [ 131.564697601612153, 33.362688009234645 ], [ 131.564079520699238, 33.362652176320502 ], [ 131.56423511396315, 33.36167988792657 ], [ 131.564086252728885, 33.361265511337983 ], [ 131.564386924819644, 33.359548464212537 ], [ 131.564164789307966, 33.358013593128568 ], [ 131.564297664539197, 33.35747177532231 ], [ 131.564663537988679, 33.357128538119909 ], [ 131.564827328199954, 33.356610671435938 ], [ 131.564652952224918, 33.355329426954839 ], [ 131.56481660685472, 33.354790921950766 ], [ 131.564784037584047, 33.353716384373541 ], [ 131.565162800107828, 33.353305111600164 ], [ 131.564698347390504, 33.351618132017002 ], [ 131.563671270815206, 33.351958204730657 ], [ 131.561709020328834, 33.352059020817244 ], [ 131.559862581133615, 33.351455958137976 ], [ 131.558469485217529, 33.351512717546349 ], [ 131.558296636797621, 33.351029283930188 ], [ 131.558397592928259, 33.351525648843129 ], [ 131.557112522939747, 33.352352866407664 ], [ 131.556573186788228, 33.352523887768015 ], [ 131.556046942414355, 33.353228650152616 ], [ 131.555632617479375, 33.353121413517705 ], [ 131.555843236949102, 33.352623620216313 ], [ 131.555719543986868, 33.352430305221255 ], [ 131.555025674877641, 33.352462244630985 ], [ 131.554427657585478, 33.352698469776946 ], [ 131.554756768254038, 33.3522416439396 ], [ 131.555164782273607, 33.35203694350637 ], [ 131.556059698168411, 33.3520284457271 ], [ 131.556335334908567, 33.352290506482866 ], [ 131.556743613038492, 33.3521209517071 ], [ 131.557173144633595, 33.350908071992599 ], [ 131.557502768517764, 33.350541408011686 ], [ 131.557014724111127, 33.349823105843775 ], [ 131.554331039984589, 33.349662862376064 ], [ 131.551585588554985, 33.349927516296006 ], [ 131.551165467114288, 33.350088969457261 ], [ 131.549788101191609, 33.350082405140597 ], [ 131.549239611227136, 33.350505949362997 ], [ 131.548715519496341, 33.35190678625235 ], [ 131.548265263483216, 33.352403827540634 ], [ 131.547545243422434, 33.352716249713104 ], [ 131.545818437203422, 33.353031294469147 ], [ 131.545616678189077, 33.353412685739961 ], [ 131.545145210103442, 33.353788059158198 ], [ 131.543951961267709, 33.35403307992442 ], [ 131.542761466489395, 33.354900275909607 ], [ 131.542633239744276, 33.355713227700669 ], [ 131.542153174761665, 33.356439369591996 ], [ 131.542376766246377, 33.357153442463982 ], [ 131.543198606624401, 33.357999251057258 ], [ 131.54134805918099, 33.35916774222153 ], [ 131.540983972636923, 33.359199081985871 ], [ 131.541351385837231, 33.359183085167452 ], [ 131.541552614883898, 33.35940943037803 ], [ 131.541095640128844, 33.359705338021023 ], [ 131.541030605947725, 33.360137548263978 ], [ 131.541143033258521, 33.359726794828028 ], [ 131.542139386827216, 33.359075974456346 ], [ 131.542592673334951, 33.359575320747808 ], [ 131.541827447225074, 33.360067347812596 ], [ 131.541931333719475, 33.360183235985026 ], [ 131.541766561424083, 33.360295743306793 ], [ 131.54163272015532, 33.360200768641775 ], [ 131.541832924746586, 33.360600233752635 ], [ 131.540836342651716, 33.361393527419992 ], [ 131.538665237700314, 33.364091711708852 ], [ 131.538747807474067, 33.365212289123733 ], [ 131.53804889936572, 33.367456536201665 ], [ 131.538209499264383, 33.367818276520985 ], [ 131.539373148146865, 33.368749834239104 ], [ 131.539227552277964, 33.369325917740781 ], [ 131.5378796772915, 33.369264847599233 ], [ 131.537332491027087, 33.369713358517117 ], [ 131.53642498739714, 33.369938879196056 ], [ 131.536196849862336, 33.370290214428039 ], [ 131.536824411186558, 33.370701555227676 ], [ 131.53694581919612, 33.371723395913499 ], [ 131.537398454284016, 33.372289440958511 ], [ 131.537618909446365, 33.372335196428523 ], [ 131.537130005374138, 33.37320046134861 ], [ 131.537780015851155, 33.373804607963251 ], [ 131.539278857761303, 33.37420459492072 ], [ 131.539821561772555, 33.374061215279404 ], [ 131.54224806348688, 33.374493558619854 ], [ 131.543218612845408, 33.374525681003256 ], [ 131.543251989851655, 33.374404336759113 ], [ 131.54592627979855, 33.374985358549509 ], [ 131.547388622461455, 33.375555096828677 ], [ 131.54889182540478, 33.376364811361128 ], [ 131.548942214086082, 33.376882768893978 ], [ 131.549513720408328, 33.376780076474567 ], [ 131.550521376192449, 33.377441841885215 ], [ 131.551902665085777, 33.378054637525018 ], [ 131.555325158116858, 33.378357850774968 ], [ 131.557415784520231, 33.378042360438556 ] ] ] } },
{ "type": "Feature", "properties": { "CITY_NAME": "日出町", "S_NAME": "大字大神", "JINKO": 4174, "medical_area": "44_東部医療圏", "町丁目名": "日出町大字大神" }, "geometry": { "type": "Polygon", "coordinates": [ [ [ 131.594075580130635, 33.394515041632587 ], [ 131.595023703532092, 33.394591246881539 ], [ 131.596201527945993, 33.393805578150811 ], [ 131.597682228065395, 33.393588010563377 ], [ 131.59968836966064, 33.391416873019196 ], [ 131.599248722398727, 33.391107604269685 ], [ 131.598879436825285, 33.390516180033146 ], [ 131.598901603621442, 33.390071142705864 ], [ 131.598752456017479, 33.389850211975549 ], [ 131.597454051776111, 33.388906379016881 ], [ 131.597236998388553, 33.388418506699125 ], [ 131.597341577939346, 33.388087157649657 ], [ 131.597142714489962, 33.387416676936773 ], [ 131.595828177504785, 33.386939003385713 ], [ 131.594789617800387, 33.386187834831823 ], [ 131.593423721220063, 33.384714649524732 ], [ 131.592863013900285, 33.383669469940969 ], [ 131.591661097865, 33.382570759839027 ], [ 131.590894307007943, 33.381521203121025 ], [ 131.590242269274057, 33.381038650941889 ], [ 131.589654275911784, 33.380832878113281 ], [ 131.590723329977322, 33.380358407733254 ], [ 131.589748744651047, 33.380441293171323 ], [ 131.588823850965156, 33.379972152527081 ], [ 131.590553535799273, 33.376585592391599 ], [ 131.591190659615449, 33.37461232897013 ], [ 131.591875024042565, 33.373620949469611 ], [ 131.597028081363305, 33.371509637673029 ], [ 131.59723098500632, 33.370631149691661 ], [ 131.597999263878933, 33.370032301842826 ], [ 131.597788679634334, 33.369049477016922 ], [ 131.596615056286538, 33.366852328680864 ], [ 131.596720643386675, 33.366608226994067 ], [ 131.596013333664075, 33.365140123851091 ], [ 131.595670567171055, 33.363643420491577 ], [ 131.595880206986919, 33.362929595780955 ], [ 131.596349897821398, 33.36260272754572 ], [ 131.596752727803818, 33.361906144016153 ], [ 131.59737152155239, 33.361416213099915 ], [ 131.597579806338587, 33.360512826020461 ], [ 131.598382469983932, 33.360247742484319 ], [ 131.598935702531008, 33.359586631761751 ], [ 131.598250938637534, 33.358280892019479 ], [ 131.597669311943633, 33.356370034000307 ], [ 131.596779407252882, 33.351734944506276 ], [ 131.596748058014043, 33.35030010862608 ], [ 131.596994064091348, 33.350199804520813 ], [ 131.596904859573328, 33.34970381517121 ], [ 131.596527254973154, 33.349380466199932 ], [ 131.595628550236853, 33.349700110939459 ], [ 131.594584747427234, 33.349190047729074 ], [ 131.593990356564234, 33.348533686266222 ], [ 131.593802813338044, 33.347767340736951 ], [ 131.592973100838947, 33.347193185130358 ], [ 131.592104353913811, 33.347187767812358 ], [ 131.59106703672424, 33.347625263097527 ], [ 131.58979211727393, 33.346240702951278 ], [ 131.589706724798305, 33.346304228814439 ], [ 131.591035337796256, 33.347697620483345 ], [ 131.590983086105638, 33.347896383468999 ], [ 131.590831896596512, 33.347743573148868 ], [ 131.590522288250241, 33.347952441958668 ], [ 131.590673720865084, 33.348141319190006 ], [ 131.590277602285084, 33.348242256928863 ], [ 131.590060517399991, 33.347864090053015 ], [ 131.590202464877763, 33.348233528390381 ], [ 131.588772748075911, 33.349322450118585 ], [ 131.588642578762489, 33.349106382609556 ], [ 131.588406827453383, 33.349134415293989 ], [ 131.588451172643317, 33.349350821921519 ], [ 131.588216794612691, 33.349577431144624 ], [ 131.586989660816869, 33.348914604396384 ], [ 131.586402543389482, 33.349323154541544 ], [ 131.586286751609492, 33.349648525508684 ], [ 131.587815356731397, 33.350481600016984 ], [ 131.586179829698523, 33.349694117545361 ], [ 131.585168826416947, 33.350862484457409 ], [ 131.586686395415995, 33.351650467487545 ], [ 131.586754645352613, 33.35222779232295 ], [ 131.586645258231954, 33.351912367225935 ], [ 131.586322205148889, 33.351715140867498 ], [ 131.585401570456526, 33.351971628215196 ], [ 131.584583122543933, 33.351478589348844 ], [ 131.585348357216816, 33.352034999072636 ], [ 131.583644392849322, 33.353828947718959 ], [ 131.582948203121219, 33.353967176045686 ], [ 131.581991536772648, 33.353655191766101 ], [ 131.580822874910638, 33.35371409650152 ], [ 131.580676491381922, 33.3526768198276 ], [ 131.580942885056913, 33.352414001197289 ], [ 131.581950685056427, 33.352364764829666 ], [ 131.582059034774119, 33.35252677059097 ], [ 131.581920218083013, 33.352617595620906 ], [ 131.582136497736968, 33.352878456294469 ], [ 131.582822757654867, 33.352857602962331 ], [ 131.584213851300348, 33.350794202251492 ], [ 131.58414736654646, 33.350478569489383 ], [ 131.585229663897053, 33.348750362267033 ], [ 131.585312246041298, 33.348271684406527 ], [ 131.585750414754159, 33.348044255023481 ], [ 131.585787163480319, 33.347132592880264 ], [ 131.586825166778851, 33.346794395629018 ], [ 131.587059642504499, 33.346576839788021 ], [ 131.587875720921915, 33.346726918393138 ], [ 131.587059359172144, 33.346540738666576 ], [ 131.586912225704623, 33.345395157451492 ], [ 131.585845537293551, 33.346247880691067 ], [ 131.585385288040214, 33.346385138618324 ], [ 131.585322765960342, 33.346656154252997 ], [ 131.583963303108249, 33.347031749575677 ], [ 131.583009333897337, 33.347107824895559 ], [ 131.582539999875792, 33.34748878547007 ], [ 131.580280305722539, 33.347967279395313 ], [ 131.579531659461878, 33.348277160788726 ], [ 131.578256497430345, 33.3484357538685 ], [ 131.577719307273554, 33.348293501128751 ], [ 131.577791422738613, 33.347850974822947 ], [ 131.577664722199899, 33.348149341929322 ], [ 131.577008618105367, 33.347863154722276 ], [ 131.576827449956852, 33.348035361218621 ], [ 131.574524049456898, 33.34839659680938 ], [ 131.572545160263672, 33.349180695540035 ], [ 131.570318212997421, 33.349758068713662 ], [ 131.570166528379673, 33.349523998911927 ], [ 131.570297296657316, 33.349839389225295 ], [ 131.569612762661194, 33.350121838525816 ], [ 131.568379883209985, 33.350198896246823 ], [ 131.568217150202969, 33.349910701739255 ], [ 131.568283243297003, 33.350181231986213 ], [ 131.566419078635477, 33.350477310332202 ], [ 131.566495324715447, 33.350657517501681 ], [ 131.565628235194168, 33.350904562867711 ], [ 131.564698347390504, 33.351618132017002 ], [ 131.565162800107828, 33.353305111600164 ], [ 131.564784037584047, 33.353716384373541 ], [ 131.56481660685472, 33.354790921950766 ], [ 131.564652952224918, 33.355329426954839 ], [ 131.564827328199954, 33.356610671435938 ], [ 131.564663537988679, 33.357128538119909 ], [ 131.564297664539197, 33.35747177532231 ], [ 131.564164789307966, 33.358013593128568 ], [ 131.564386924819644, 33.359548464212537 ], [ 131.564086252728885, 33.361265511337983 ], [ 131.56423511396315, 33.36167988792657 ], [ 131.564079520699238, 33.362652176320502 ], [ 131.564697601612153, 33.362688009234645 ], [ 131.565252606527395, 33.365283558183627 ], [ 131.56493811604787, 33.366212473817441 ], [ 131.564654345647313, 33.368633859034766 ], [ 131.564667620039188, 33.372160164596799 ], [ 131.565038450236415, 33.373806346126656 ], [ 131.564932644072798, 33.375874041006952 ], [ 131.564649909481602, 33.377111773655734 ], [ 131.564744244628429, 33.377907100597653 ], [ 131.562500858608701, 33.377754876195816 ], [ 131.554661640598795, 33.378337211206158 ], [ 131.551902665085777, 33.378054637525018 ], [ 131.550521376192449, 33.377441841885215 ], [ 131.549513720408328, 33.376780076474567 ], [ 131.548942214086082, 33.376882768893978 ], [ 131.549725760608311, 33.378479608002806 ], [ 131.550168542192893, 33.37910273603206 ], [ 131.551095729702837, 33.379747597286652 ], [ 131.552796024332594, 33.380011792081952 ], [ 131.552801240721152, 33.381863525734623 ], [ 131.553043671648112, 33.382066698663266 ], [ 131.552953758493175, 33.382667421079034 ], [ 131.553205357160266, 33.382872491032302 ], [ 131.553784970680709, 33.383063595677577 ], [ 131.557053423957626, 33.383142017226028 ], [ 131.558036614041612, 33.383349539144035 ], [ 131.559485834113076, 33.383859904757038 ], [ 131.559799626953577, 33.384129875533191 ], [ 131.560043021776011, 33.384650446824168 ], [ 131.561430771608769, 33.385201351516976 ], [ 131.56120794743174, 33.385926340616891 ], [ 131.561342584123395, 33.387718844237952 ], [ 131.563316952779957, 33.387456863198246 ], [ 131.565013254782741, 33.388347804360485 ], [ 131.566734210359385, 33.38817159672071 ], [ 131.568225902611999, 33.388872522840707 ], [ 131.570983946010699, 33.389503821488162 ], [ 131.573871145507212, 33.389350232552275 ], [ 131.577218924370527, 33.389502569281397 ], [ 131.580061675007244, 33.389903698392587 ], [ 131.583150219623661, 33.392968809220633 ], [ 131.583761537102617, 33.393454737933617 ], [ 131.585907557949042, 33.394211833659078 ], [ 131.587497418459492, 33.395906719843786 ], [ 131.588331543517512, 33.395981406058524 ], [ 131.59239518618952, 33.395175596345929 ], [ 131.594075580130635, 33.394515041632587 ] ] ] } },
{ "type": "Feature", "properties": { "CITY_NAME": "日出町", "S_NAME": "大字真那井", "JINKO": 507, "medical_area": "44_東部医療圏", "町丁目名": "日出町大字真那井" }, "geometry": { "type": "Polygon", "coordinates": [ [ [ 131.604734467110205, 33.388652582148566 ], [ 131.605776532683109, 33.389127807195123 ], [ 131.606656572757316, 33.38908206346342 ], [ 131.60839518666657, 33.389795472986243 ], [ 131.609228379907023, 33.389761671839196 ], [ 131.610743619686133, 33.389336301859736 ], [ 131.611797571978002, 33.38968572935066 ], [ 131.614141507124913, 33.388054047565987 ], [ 131.614266230510765, 33.387893664057884 ], [ 131.614092763882894, 33.386697792730651 ], [ 131.614340814416721, 33.386418431639989 ], [ 131.615341926673096, 33.385850107130004 ], [ 131.615753987573356, 33.385437290533666 ], [ 131.61619692853651, 33.385302428088337 ], [ 131.615960639066543, 33.384349373921864 ], [ 131.615927312697551, 33.382512425859687 ], [ 131.615389814373515, 33.381040219806131 ], [ 131.615548163639914, 33.380825503929721 ], [ 131.61569807106298, 33.380867556495758 ], [ 131.61633531732042, 33.379716642362865 ], [ 131.615857646415435, 33.379136620939498 ], [ 131.615821405438169, 33.375816515098322 ], [ 131.61553349529683, 33.374962236931275 ], [ 131.616741711298403, 33.373254207517839 ], [ 131.617075382227881, 33.372451121993848 ], [ 131.616884814044766, 33.372402476617992 ], [ 131.61675544548055, 33.372043331357112 ], [ 131.616073433577327, 33.371959260773089 ], [ 131.615942954544749, 33.371745303696692 ], [ 131.61587264241723, 33.372133369678984 ], [ 131.615675700505534, 33.372097399183566 ], [ 131.615663039055079, 33.371367110745872 ], [ 131.615339703457778, 33.370933200308848 ], [ 131.615616939126625, 33.371384456293555 ], [ 131.61563381594064, 33.371795547953575 ], [ 131.614929405397049, 33.371731411960234 ], [ 131.614872135743894, 33.371539633227215 ], [ 131.614214581963466, 33.371104661616982 ], [ 131.611089555787942, 33.371299529018451 ], [ 131.61033785824344, 33.37154575794063 ], [ 131.608987358449809, 33.371290043789244 ], [ 131.608063795830645, 33.370765279392621 ], [ 131.607319647369451, 33.370694123975248 ], [ 131.606329942043971, 33.369919915997293 ], [ 131.605779796712596, 33.369619670624218 ], [ 131.605287371273477, 33.369434525555441 ], [ 131.606477147656051, 33.370076106591874 ], [ 131.606119175899408, 33.370992134724482 ], [ 131.60550719497158, 33.370765205883828 ], [ 131.605502140383919, 33.370342363605822 ], [ 131.605406832618115, 33.371016366927996 ], [ 131.604690418054361, 33.371071257493576 ], [ 131.603955366192849, 33.370918851203555 ], [ 131.602152576507194, 33.371304540500198 ], [ 131.600564400285066, 33.370700040486 ], [ 131.599475560138217, 33.370830637461616 ], [ 131.597208167251324, 33.371639579597222 ], [ 131.597028081363305, 33.371509637673029 ], [ 131.595074195163619, 33.372202992121188 ], [ 131.593536217367785, 33.372966841728129 ], [ 131.592854980974295, 33.373113640718891 ], [ 131.591875024042565, 33.373620949469611 ], [ 131.591287530120553, 33.37442314783565 ], [ 131.590553535799273, 33.376585592391599 ], [ 131.588823850965156, 33.379972152527081 ], [ 131.589748744651047, 33.380441293171323 ], [ 131.590723329977322, 33.380358407733254 ], [ 131.589654275911784, 33.380832878113281 ], [ 131.590242269274057, 33.381038650941889 ], [ 131.590894307007943, 33.381521203121025 ], [ 131.591661097865, 33.382570759839027 ], [ 131.592863013900285, 33.383669469940969 ], [ 131.593423721220063, 33.384714649524732 ], [ 131.594789617800387, 33.386187834831823 ], [ 131.595828177504785, 33.386939003385713 ], [ 131.597142714489962, 33.387416676936773 ], [ 131.597341577939346, 33.388087157649657 ], [ 131.597236998388553, 33.388418506699125 ], [ 131.597454051776111, 33.388906379016881 ], [ 131.598752456017479, 33.389850211975549 ], [ 131.598901603621442, 33.390071142705864 ], [ 131.598839929168093, 33.390425110921548 ], [ 131.599248722398727, 33.391107604269685 ], [ 131.59968836966064, 33.391416873019196 ], [ 131.599968117827729, 33.391092383021828 ], [ 131.600069716344819, 33.39058074233084 ], [ 131.602272014292083, 33.390306488264599 ], [ 131.60258070931701, 33.389704542731657 ], [ 131.603692241375597, 33.388878742777216 ], [ 131.604344484420523, 33.388859595039072 ], [ 131.604734467110205, 33.388652582148566 ] ] ] } }
]
}
