{
"type": "FeatureCollection",
"name": "geo_44_5",
"crs": { "type": "name", "properties": { "name": "urn:ogc:def:crs:OGC:1.3:CRS84" } },
"features": [
{ "type": "Feature", "properties": { "ID": "4451200100000", "正式名称": "有限会社　あかみね調剤薬局", "機関区分": 5, "都道府県コード": 44, "市区町村コード": 201, "所在地": "大分県大分市田中町二丁目１７番５９号", "緯度": 33.210582, "経度": 131.591235, "url": "https://www.iryou.teikyouseido.mhlw.go.jp/znk-web/juminkanja/S2430/initialize?prefCd=44&kikanCd=1200100000&kikanKbn=5", "url2": "http://akamine-d.com", "内容": "有限会社　あかみね調剤薬局【5:薬局】大分県大分市田中町二丁目１７番５９号" }, "geometry": { "type": "Point", "coordinates": [ 131.591235, 33.210582 ] } },
{ "type": "Feature", "properties": { "ID": "4451200300000", "正式名称": "あき調剤薬局", "機関区分": 5, "都道府県コード": 44, "市区町村コード": 201, "所在地": "大分県大分市日吉町１８番９号", "緯度": 33.245311, "経度": 131.653471, "url": "https://www.iryou.teikyouseido.mhlw.go.jp/znk-web/juminkanja/S2430/initialize?prefCd=44&kikanCd=1200300000&kikanKbn=5", "url2": "https://www.akityouzai.com/", "内容": "あき調剤薬局【5:薬局】大分県大分市日吉町１８番９号" }, "geometry": { "type": "Point", "coordinates": [ 131.653471, 33.245311 ] } },
{ "type": "Feature", "properties": { "ID": "4451200400000", "正式名称": "くすりのケンミンあけのアクロス薬局", "機関区分": 5, "都道府県コード": 44, "市区町村コード": 201, "所在地": "大分県大分市明野東１－１－１　明野アクロス地下１階", "緯度": 33.223927, "経度": 131.65263, "url": "https://www.iryou.teikyouseido.mhlw.go.jp/znk-web/juminkanja/S2430/initialize?prefCd=44&kikanCd=1200400000&kikanKbn=5", "url2": "http://kennmin.co.jp/", "内容": "くすりのケンミンあけのアクロス薬局【5:薬局】大分県大分市明野東１－１－１　明野アクロス地下１階" }, "geometry": { "type": "Point", "coordinates": [ 131.65263, 33.223927 ] } },
{ "type": "Feature", "properties": { "ID": "4451200500000", "正式名称": "有限会社　明野調剤薬局", "機関区分": 5, "都道府県コード": 44, "市区町村コード": 201, "所在地": "大分県大分市明野北四丁目１番１号", "緯度": 33.225834, "経度": 131.656478, "url": "https://www.iryou.teikyouseido.mhlw.go.jp/znk-web/juminkanja/S2430/initialize?prefCd=44&kikanCd=1200500000&kikanKbn=5", "url2": null, "内容": "有限会社　明野調剤薬局【5:薬局】大分県大分市明野北四丁目１番１号" }, "geometry": { "type": "Point", "coordinates": [ 131.656478, 33.225834 ] } },
{ "type": "Feature", "properties": { "ID": "4451200600000", "正式名称": "アトム薬局", "機関区分": 5, "都道府県コード": 44, "市区町村コード": 201, "所在地": "大分県大分市金池町２丁目４番２０号", "緯度": 33.234353, "経度": 131.610216, "url": "https://www.iryou.teikyouseido.mhlw.go.jp/znk-web/juminkanja/S2430/initialize?prefCd=44&kikanCd=1200600000&kikanKbn=5", "url2": null, "内容": "アトム薬局【5:薬局】大分県大分市金池町２丁目４番２０号" }, "geometry": { "type": "Point", "coordinates": [ 131.610216, 33.234353 ] } },
{ "type": "Feature", "properties": { "ID": "4451200700000", "正式名称": "アフェット薬局", "機関区分": 5, "都道府県コード": 44, "市区町村コード": 201, "所在地": "大分県大分市横田１丁目１３－１６", "緯度": 33.249248, "経度": 131.721126, "url": "https://www.iryou.teikyouseido.mhlw.go.jp/znk-web/juminkanja/S2430/initialize?prefCd=44&kikanCd=1200700000&kikanKbn=5", "url2": null, "内容": "アフェット薬局【5:薬局】大分県大分市横田１丁目１３－１６" }, "geometry": { "type": "Point", "coordinates": [ 131.721126, 33.249248 ] } },
{ "type": "Feature", "properties": { "ID": "4451200800000", "正式名称": "阿部薬局", "機関区分": 5, "都道府県コード": 44, "市区町村コード": 201, "所在地": "大分県大分市南津留１１－１６", "緯度": 33.240472, "経度": 131.626626, "url": "https://www.iryou.teikyouseido.mhlw.go.jp/znk-web/juminkanja/S2430/initialize?prefCd=44&kikanCd=1200800000&kikanKbn=5", "url2": null, "内容": "阿部薬局【5:薬局】大分県大分市南津留１１－１６" }, "geometry": { "type": "Point", "coordinates": [ 131.626626, 33.240472 ] } },
{ "type": "Feature", "properties": { "ID": "4451201200000", "正式名称": "有限会社　安東調剤薬局　賀来店", "機関区分": 5, "都道府県コード": 44, "市区町村コード": 201, "所在地": "大分県大分市賀来南１丁目１５番２９号", "緯度": 33.211919, "経度": 131.565432, "url": "https://www.iryou.teikyouseido.mhlw.go.jp/znk-web/juminkanja/S2430/initialize?prefCd=44&kikanCd=1201200000&kikanKbn=5", "url2": "http://www.andou-ph.co.jp/", "内容": "有限会社　安東調剤薬局　賀来店【5:薬局】大分県大分市賀来南１丁目１５番２９号" }, "geometry": { "type": "Point", "coordinates": [ 131.565432, 33.211919 ] } },
{ "type": "Feature", "properties": { "ID": "4451201400000", "正式名称": "安東調剤薬局　車木店", "機関区分": 5, "都道府県コード": 44, "市区町村コード": 201, "所在地": "大分県大分市賀来北", "緯度": 33.212867, "経度": 131.567001, "url": "https://www.iryou.teikyouseido.mhlw.go.jp/znk-web/juminkanja/S2430/initialize?prefCd=44&kikanCd=1201400000&kikanKbn=5", "url2": "http://www.andou-ph.co.jp/", "内容": "安東調剤薬局　車木店【5:薬局】大分県大分市賀来北" }, "geometry": { "type": "Point", "coordinates": [ 131.567001, 33.212867 ] } },
{ "type": "Feature", "properties": { "ID": "4451201500000", "正式名称": "有限会社　安東調剤薬局　玉沢店", "機関区分": 5, "都道府県コード": 44, "市区町村コード": 201, "所在地": "大分県大分市玉沢７０５番地", "緯度": 33.186439, "経度": 131.580684, "url": "https://www.iryou.teikyouseido.mhlw.go.jp/znk-web/juminkanja/S2430/initialize?prefCd=44&kikanCd=1201500000&kikanKbn=5", "url2": "http://www.andou-ph.co.jp/", "内容": "有限会社　安東調剤薬局　玉沢店【5:薬局】大分県大分市玉沢７０５番地" }, "geometry": { "type": "Point", "coordinates": [ 131.580684, 33.186439 ] } },
{ "type": "Feature", "properties": { "ID": "4451201600000", "正式名称": "有限会社安東調剤薬局　野田店", "機関区分": 5, "都道府県コード": 44, "市区町村コード": 201, "所在地": "大分県大分市野田字原７９０の５", "緯度": 33.197009, "経度": 131.540115, "url": "https://www.iryou.teikyouseido.mhlw.go.jp/znk-web/juminkanja/S2430/initialize?prefCd=44&kikanCd=1201600000&kikanKbn=5", "url2": "http://www.andou-ph.co.jp/", "内容": "有限会社安東調剤薬局　野田店【5:薬局】大分県大分市野田字原７９０の５" }, "geometry": { "type": "Point", "coordinates": [ 131.540115, 33.197009 ] } },
{ "type": "Feature", "properties": { "ID": "4451201800000", "正式名称": "一向堂薬局", "機関区分": 5, "都道府県コード": 44, "市区町村コード": 213, "所在地": "大分県由布市庄内町柿原２８１－１０", "緯度": 33.182367, "経度": 131.427861, "url": "https://www.iryou.teikyouseido.mhlw.go.jp/znk-web/juminkanja/S2430/initialize?prefCd=44&kikanCd=1201800000&kikanKbn=5", "url2": "https://ikkodoyakkyoku.com", "内容": "一向堂薬局【5:薬局】大分県由布市庄内町柿原２８１－１０" }, "geometry": { "type": "Point", "coordinates": [ 131.427861, 33.182367 ] } },
{ "type": "Feature", "properties": { "ID": "4451202000000", "正式名称": "岩田町調剤薬局", "機関区分": 5, "都道府県コード": 44, "市区町村コード": 201, "所在地": "大分県大分市岩田町一丁目１番３７号", "緯度": 33.235634, "経度": 131.625604, "url": "https://www.iryou.teikyouseido.mhlw.go.jp/znk-web/juminkanja/S2430/initialize?prefCd=44&kikanCd=1202000000&kikanKbn=5", "url2": null, "内容": "岩田町調剤薬局【5:薬局】大分県大分市岩田町一丁目１番３７号" }, "geometry": { "type": "Point", "coordinates": [ 131.625604, 33.235634 ] } },
{ "type": "Feature", "properties": { "ID": "4451202100000", "正式名称": "株式会社　臼杵薬局", "機関区分": 5, "都道府県コード": 44, "市区町村コード": 201, "所在地": "大分県大分市津守８８番地１６", "緯度": 33.213971, "経度": 131.618947, "url": "https://www.iryou.teikyouseido.mhlw.go.jp/znk-web/juminkanja/S2430/initialize?prefCd=44&kikanCd=1202100000&kikanKbn=5", "url2": null, "内容": "株式会社　臼杵薬局【5:薬局】大分県大分市津守８８番地１６" }, "geometry": { "type": "Point", "coordinates": [ 131.618947, 33.213971 ] } },
{ "type": "Feature", "properties": { "ID": "4451202200000", "正式名称": "（株）臼杵薬局　花津留店", "機関区分": 5, "都道府県コード": 44, "市区町村コード": 201, "所在地": "大分県大分市花津留２－５－５", "緯度": 33.243472, "経度": 131.633323, "url": "https://www.iryou.teikyouseido.mhlw.go.jp/znk-web/juminkanja/S2430/initialize?prefCd=44&kikanCd=1202200000&kikanKbn=5", "url2": null, "内容": "（株）臼杵薬局　花津留店【5:薬局】大分県大分市花津留２－５－５" }, "geometry": { "type": "Point", "coordinates": [ 131.633323, 33.243472 ] } },
{ "type": "Feature", "properties": { "ID": "4451202300000", "正式名称": "内田薬局", "機関区分": 5, "都道府県コード": 44, "市区町村コード": 201, "所在地": "大分県大分市中央町１丁目２番２２号", "緯度": 33.235772, "経度": 131.607146, "url": "https://www.iryou.teikyouseido.mhlw.go.jp/znk-web/juminkanja/S2430/initialize?prefCd=44&kikanCd=1202300000&kikanKbn=5", "url2": null, "内容": "内田薬局【5:薬局】大分県大分市中央町１丁目２番２２号" }, "geometry": { "type": "Point", "coordinates": [ 131.607146, 33.235772 ] } },
{ "type": "Feature", "properties": { "ID": "4451202600000", "正式名称": "大分市薬剤師会　会営　駅南薬局", "機関区分": 5, "都道府県コード": 44, "市区町村コード": 201, "所在地": "大分県大分市金池南１丁目１５番３号", "緯度": 33.22935, "経度": 131.606709, "url": "https://www.iryou.teikyouseido.mhlw.go.jp/znk-web/juminkanja/S2430/initialize?prefCd=44&kikanCd=1202600000&kikanKbn=5", "url2": "http://www.oitasiyaku.net/", "内容": "大分市薬剤師会　会営　駅南薬局【5:薬局】大分県大分市金池南１丁目１５番３号" }, "geometry": { "type": "Point", "coordinates": [ 131.606709, 33.22935 ] } },
{ "type": "Feature", "properties": { "ID": "4451202700000", "正式名称": "大分市薬剤師会　会営東野台薬局", "機関区分": 5, "都道府県コード": 44, "市区町村コード": 201, "所在地": "大分県大分市東野台２丁目１番地", "緯度": 33.208088, "経度": 131.536148, "url": "https://www.iryou.teikyouseido.mhlw.go.jp/znk-web/juminkanja/S2430/initialize?prefCd=44&kikanCd=1202700000&kikanKbn=5", "url2": "http://www.oitasiyaku.net/", "内容": "大分市薬剤師会　会営東野台薬局【5:薬局】大分県大分市東野台２丁目１番地" }, "geometry": { "type": "Point", "coordinates": [ 131.536148, 33.208088 ] } },
{ "type": "Feature", "properties": { "ID": "4451202800000", "正式名称": "大分市薬剤師会会営パウロ薬局", "機関区分": 5, "都道府県コード": 44, "市区町村コード": 201, "所在地": "大分県大分市宮崎字古園１３２１－１フェニックスクラ１階", "緯度": 33.194015, "経度": 131.609237, "url": "https://www.iryou.teikyouseido.mhlw.go.jp/znk-web/juminkanja/S2430/initialize?prefCd=44&kikanCd=1202800000&kikanKbn=5", "url2": "http://www.oitasiyaku.net/", "内容": "大分市薬剤師会会営パウロ薬局【5:薬局】大分県大分市宮崎字古園１３２１－１フェニックスクラ１階" }, "geometry": { "type": "Point", "coordinates": [ 131.609237, 33.194015 ] } },
{ "type": "Feature", "properties": { "ID": "4451202900000", "正式名称": "おおてまち調剤薬局", "機関区分": 5, "都道府県コード": 44, "市区町村コード": 201, "所在地": "大分県大分市大手町３－６－３", "緯度": 33.238636, "経度": 131.614152, "url": "https://www.iryou.teikyouseido.mhlw.go.jp/znk-web/juminkanja/S2430/initialize?prefCd=44&kikanCd=1202900000&kikanKbn=5", "url2": null, "内容": "おおてまち調剤薬局【5:薬局】大分県大分市大手町３－６－３" }, "geometry": { "type": "Point", "coordinates": [ 131.614152, 33.238636 ] } },
{ "type": "Feature", "properties": { "ID": "4451203000000", "正式名称": "Ｏ．Ｐ．Ａ　薬局", "機関区分": 5, "都道府県コード": 44, "市区町村コード": 201, "所在地": "大分県大分市豊饒二丁目１０番９号", "緯度": 33.208289, "経度": 131.599984, "url": "https://www.iryou.teikyouseido.mhlw.go.jp/znk-web/juminkanja/S2430/initialize?prefCd=44&kikanCd=1203000000&kikanKbn=5", "url2": "http://www.oitakenyaku.or.jp/", "内容": "Ｏ．Ｐ．Ａ　薬局【5:薬局】大分県大分市豊饒二丁目１０番９号" }, "geometry": { "type": "Point", "coordinates": [ 131.599984, 33.208289 ] } },
{ "type": "Feature", "properties": { "ID": "4451203100000", "正式名称": "岡部薬局　明治店", "機関区分": 5, "都道府県コード": 44, "市区町村コード": 201, "所在地": "大分県大分市大字猪野１３９２の１", "緯度": 33.221812, "経度": 131.663543, "url": "https://www.iryou.teikyouseido.mhlw.go.jp/znk-web/juminkanja/S2430/initialize?prefCd=44&kikanCd=1203100000&kikanKbn=5", "url2": null, "内容": "岡部薬局　明治店【5:薬局】大分県大分市大字猪野１３９２の１" }, "geometry": { "type": "Point", "coordinates": [ 131.663543, 33.221812 ] } },
{ "type": "Feature", "properties": { "ID": "4451203300000", "正式名称": "春日薬局", "機関区分": 5, "都道府県コード": 44, "市区町村コード": 201, "所在地": "大分県大分市王子北町", "緯度": 33.243874, "経度": 131.597035, "url": "https://www.iryou.teikyouseido.mhlw.go.jp/znk-web/juminkanja/S2430/initialize?prefCd=44&kikanCd=1203300000&kikanKbn=5", "url2": "http://kasuga-pha.co.jp/", "内容": "春日薬局【5:薬局】大分県大分市王子北町" }, "geometry": { "type": "Point", "coordinates": [ 131.597035, 33.243874 ] } },
{ "type": "Feature", "properties": { "ID": "4451203500000", "正式名称": "カトレア調剤薬局", "機関区分": 5, "都道府県コード": 44, "市区町村コード": 201, "所在地": "大分県大分市常行２６５－１", "緯度": 33.212957, "経度": 131.688851, "url": "https://www.iryou.teikyouseido.mhlw.go.jp/znk-web/juminkanja/S2430/initialize?prefCd=44&kikanCd=1203500000&kikanKbn=5", "url2": "https://e-bond.info/withs/", "内容": "カトレア調剤薬局【5:薬局】大分県大分市常行２６５－１" }, "geometry": { "type": "Point", "coordinates": [ 131.688851, 33.212957 ] } },
{ "type": "Feature", "properties": { "ID": "4451203600000", "正式名称": "かもめ薬局", "機関区分": 5, "都道府県コード": 44, "市区町村コード": 201, "所在地": "大分県大分市下郡山の手１番３０号", "緯度": 33.220629, "経度": 131.638487, "url": "https://www.iryou.teikyouseido.mhlw.go.jp/znk-web/juminkanja/S2430/initialize?prefCd=44&kikanCd=1203600000&kikanKbn=5", "url2": "https://e-classa.net/kamome_pharmacy/index.html", "内容": "かもめ薬局【5:薬局】大分県大分市下郡山の手１番３０号" }, "geometry": { "type": "Point", "coordinates": [ 131.638487, 33.220629 ] } },
{ "type": "Feature", "properties": { "ID": "4451203800000", "正式名称": "きむら薬局　上野丘店", "機関区分": 5, "都道府県コード": 44, "市区町村コード": 201, "所在地": "大分県大分市上野丘１－１２－１８", "緯度": 33.224647, "経度": 131.611777, "url": "https://www.iryou.teikyouseido.mhlw.go.jp/znk-web/juminkanja/S2430/initialize?prefCd=44&kikanCd=1203800000&kikanKbn=5", "url2": "https://kimura-mj-pharmacy.co.jp/", "内容": "きむら薬局　上野丘店【5:薬局】大分県大分市上野丘１－１２－１８" }, "geometry": { "type": "Point", "coordinates": [ 131.611777, 33.224647 ] } },
{ "type": "Feature", "properties": { "ID": "4451203900000", "正式名称": "アイン薬局　明野店", "機関区分": 5, "都道府県コード": 44, "市区町村コード": 201, "所在地": "大分県大分市明野東２－３３－１５", "緯度": 33.22195, "経度": 131.65928, "url": "https://www.iryou.teikyouseido.mhlw.go.jp/znk-web/juminkanja/S2430/initialize?prefCd=44&kikanCd=1203900000&kikanKbn=5", "url2": null, "内容": "アイン薬局　明野店【5:薬局】大分県大分市明野東２－３３－１５" }, "geometry": { "type": "Point", "coordinates": [ 131.65928, 33.22195 ] } },
{ "type": "Feature", "properties": { "ID": "4451204000000", "正式名称": "アイン薬局　大在駅前店", "機関区分": 5, "都道府県コード": 44, "市区町村コード": 201, "所在地": "大分県大分市大在中央", "緯度": 33.245672, "経度": 131.720549, "url": "https://www.iryou.teikyouseido.mhlw.go.jp/znk-web/juminkanja/S2430/initialize?prefCd=44&kikanCd=1204000000&kikanKbn=5", "url2": "https://store.ainj.co.jp/detail/1101428/", "内容": "アイン薬局　大在駅前店【5:薬局】大分県大分市大在中央" }, "geometry": { "type": "Point", "coordinates": [ 131.720549, 33.245672 ] } },
{ "type": "Feature", "properties": { "ID": "4451204100000", "正式名称": "アイン薬局　大在志村店", "機関区分": 5, "都道府県コード": 44, "市区町村コード": 201, "所在地": "大分県大分市庄境１２５－１", "緯度": 33.241221, "経度": 131.705389, "url": "https://www.iryou.teikyouseido.mhlw.go.jp/znk-web/juminkanja/S2430/initialize?prefCd=44&kikanCd=1204100000&kikanKbn=5", "url2": "https://store.ainj.co.jp/detail/1101429/", "内容": "アイン薬局　大在志村店【5:薬局】大分県大分市庄境１２５－１" }, "geometry": { "type": "Point", "coordinates": [ 131.705389, 33.241221 ] } },
{ "type": "Feature", "properties": { "ID": "4451204300000", "正式名称": "アイン薬局　高城店", "機関区分": 5, "都道府県コード": 44, "市区町村コード": 201, "所在地": "大分県大分市高松２丁目４番２１号", "緯度": 33.24632, "経度": 131.657424, "url": "https://www.iryou.teikyouseido.mhlw.go.jp/znk-web/juminkanja/S2430/initialize?prefCd=44&kikanCd=1204300000&kikanKbn=5", "url2": null, "内容": "アイン薬局　高城店【5:薬局】大分県大分市高松２丁目４番２１号" }, "geometry": { "type": "Point", "coordinates": [ 131.657424, 33.24632 ] } },
{ "type": "Feature", "properties": { "ID": "4451204400000", "正式名称": "九州調剤薬局　鶴崎店", "機関区分": 5, "都道府県コード": 44, "市区町村コード": 201, "所在地": "大分県大分市南鶴崎２丁目４番２２号", "緯度": 33.23937, "経度": 131.690626, "url": "https://www.iryou.teikyouseido.mhlw.go.jp/znk-web/juminkanja/S2430/initialize?prefCd=44&kikanCd=1204400000&kikanKbn=5", "url2": "https://www.ainj.co.jp/", "内容": "九州調剤薬局　鶴崎店【5:薬局】大分県大分市南鶴崎２丁目４番２２号" }, "geometry": { "type": "Point", "coordinates": [ 131.690626, 33.23937 ] } },
{ "type": "Feature", "properties": { "ID": "4451204500000", "正式名称": "九州調剤薬局　日赤前店", "機関区分": 5, "都道府県コード": 44, "市区町村コード": 201, "所在地": "大分県大分市千代町１－２－２０", "緯度": 33.244271, "経度": 131.606564, "url": "https://www.iryou.teikyouseido.mhlw.go.jp/znk-web/juminkanja/S2430/initialize?prefCd=44&kikanCd=1204500000&kikanKbn=5", "url2": null, "内容": "九州調剤薬局　日赤前店【5:薬局】大分県大分市千代町１－２－２０" }, "geometry": { "type": "Point", "coordinates": [ 131.606564, 33.244271 ] } },
{ "type": "Feature", "properties": { "ID": "4451204600000", "正式名称": "アイン薬局　森店", "機関区分": 5, "都道府県コード": 44, "市区町村コード": 201, "所在地": "大分県大分市森３９０－５", "緯度": 33.215949, "経度": 131.680475, "url": "https://www.iryou.teikyouseido.mhlw.go.jp/znk-web/juminkanja/S2430/initialize?prefCd=44&kikanCd=1204600000&kikanKbn=5", "url2": "https://store.ainj.co.jp/detail/1101437/", "内容": "アイン薬局　森店【5:薬局】大分県大分市森３９０－５" }, "geometry": { "type": "Point", "coordinates": [ 131.680475, 33.215949 ] } },
{ "type": "Feature", "properties": { "ID": "4451204900000", "正式名称": "有限会社　工藤調剤薬局　坂ノ市店", "機関区分": 5, "都道府県コード": 44, "市区町村コード": 201, "所在地": "大分県大分市坂ノ市西１丁目７番７号", "緯度": 33.230521, "経度": 131.747683, "url": "https://www.iryou.teikyouseido.mhlw.go.jp/znk-web/juminkanja/S2430/initialize?prefCd=44&kikanCd=1204900000&kikanKbn=5", "url2": null, "内容": "有限会社　工藤調剤薬局　坂ノ市店【5:薬局】大分県大分市坂ノ市西１丁目７番７号" }, "geometry": { "type": "Point", "coordinates": [ 131.747683, 33.230521 ] } },
{ "type": "Feature", "properties": { "ID": "4451205000000", "正式名称": "有限会社　工藤調剤薬局　第三", "機関区分": 5, "都道府県コード": 44, "市区町村コード": 201, "所在地": "大分県大分市三ケ田町３丁目３―３０", "緯度": 33.214422, "経度": 131.589889, "url": "https://www.iryou.teikyouseido.mhlw.go.jp/znk-web/juminkanja/S2430/initialize?prefCd=44&kikanCd=1205000000&kikanKbn=5", "url2": null, "内容": "有限会社　工藤調剤薬局　第三【5:薬局】大分県大分市三ケ田町３丁目３―３０" }, "geometry": { "type": "Point", "coordinates": [ 131.589889, 33.214422 ] } },
{ "type": "Feature", "properties": { "ID": "4451205100000", "正式名称": "クロカワ薬局", "機関区分": 5, "都道府県コード": 44, "市区町村コード": 201, "所在地": "大分県大分市萩原", "緯度": 33.242223, "経度": 131.641027, "url": "https://www.iryou.teikyouseido.mhlw.go.jp/znk-web/juminkanja/S2430/initialize?prefCd=44&kikanCd=1205100000&kikanKbn=5", "url2": null, "内容": "クロカワ薬局【5:薬局】大分県大分市萩原" }, "geometry": { "type": "Point", "coordinates": [ 131.641027, 33.242223 ] } },
{ "type": "Feature", "properties": { "ID": "4451205300000", "正式名称": "けやき通り薬局", "機関区分": 5, "都道府県コード": 44, "市区町村コード": 201, "所在地": "大分県大分市古ケ鶴１－２－１８", "緯度": 33.237964, "経度": 131.630206, "url": "https://www.iryou.teikyouseido.mhlw.go.jp/znk-web/juminkanja/S2430/initialize?prefCd=44&kikanCd=1205300000&kikanKbn=5", "url2": "https://www.hojinyakkyoku.com/", "内容": "けやき通り薬局【5:薬局】大分県大分市古ケ鶴１－２－１８" }, "geometry": { "type": "Point", "coordinates": [ 131.630206, 33.237964 ] } },
{ "type": "Feature", "properties": { "ID": "4451205400000", "正式名称": "健康堂調剤薬局", "機関区分": 5, "都道府県コード": 44, "市区町村コード": 201, "所在地": "大分県大分市顕徳町", "緯度": 33.231839, "経度": 131.615944, "url": "https://www.iryou.teikyouseido.mhlw.go.jp/znk-web/juminkanja/S2430/initialize?prefCd=44&kikanCd=1205400000&kikanKbn=5", "url2": null, "内容": "健康堂調剤薬局【5:薬局】大分県大分市顕徳町" }, "geometry": { "type": "Point", "coordinates": [ 131.615944, 33.231839 ] } },
{ "type": "Feature", "properties": { "ID": "4451205700000", "正式名称": "こいけばる調剤薬局", "機関区分": 5, "都道府県コード": 44, "市区町村コード": 201, "所在地": "大分県大分市小池原１５３４番地", "緯度": 33.232724, "経度": 131.661138, "url": "https://www.iryou.teikyouseido.mhlw.go.jp/znk-web/juminkanja/S2430/initialize?prefCd=44&kikanCd=1205700000&kikanKbn=5", "url2": null, "内容": "こいけばる調剤薬局【5:薬局】大分県大分市小池原１５３４番地" }, "geometry": { "type": "Point", "coordinates": [ 131.661138, 33.232724 ] } },
{ "type": "Feature", "properties": { "ID": "4451205900000", "正式名称": "こがづる調剤薬局", "機関区分": 5, "都道府県コード": 44, "市区町村コード": 201, "所在地": "大分県大分市古ケ鶴１丁目２－２５", "緯度": 33.238417, "経度": 131.630017, "url": "https://www.iryou.teikyouseido.mhlw.go.jp/znk-web/juminkanja/S2430/initialize?prefCd=44&kikanCd=1205900000&kikanKbn=5", "url2": "https://www.hojinyakkyoku.com/", "内容": "こがづる調剤薬局【5:薬局】大分県大分市古ケ鶴１丁目２－２５" }, "geometry": { "type": "Point", "coordinates": [ 131.630017, 33.238417 ] } },
{ "type": "Feature", "properties": { "ID": "4451206000000", "正式名称": "株式会社　国立前調剤薬局", "機関区分": 5, "都道府県コード": 44, "市区町村コード": 201, "所在地": "大分県大分市横田二丁目１３番１号", "緯度": 33.251743, "経度": 131.722082, "url": "https://www.iryou.teikyouseido.mhlw.go.jp/znk-web/juminkanja/S2430/initialize?prefCd=44&kikanCd=1206000000&kikanKbn=5", "url2": null, "内容": "株式会社　国立前調剤薬局【5:薬局】大分県大分市横田二丁目１３番１号" }, "geometry": { "type": "Point", "coordinates": [ 131.722082, 33.251743 ] } },
{ "type": "Feature", "properties": { "ID": "4451206100000", "正式名称": "コスモ調剤薬局", "機関区分": 5, "都道府県コード": 44, "市区町村コード": 201, "所在地": "大分県大分市牧３丁目１７２－４", "緯度": 33.241837, "経度": 131.644127, "url": "https://www.iryou.teikyouseido.mhlw.go.jp/znk-web/juminkanja/S2430/initialize?prefCd=44&kikanCd=1206100000&kikanKbn=5", "url2": null, "内容": "コスモ調剤薬局【5:薬局】大分県大分市牧３丁目１７２－４" }, "geometry": { "type": "Point", "coordinates": [ 131.644127, 33.241837 ] } },
{ "type": "Feature", "properties": { "ID": "4451206200000", "正式名称": "コスモス調剤薬局", "機関区分": 5, "都道府県コード": 44, "市区町村コード": 201, "所在地": "大分県大分市西鶴崎３丁目３番６号", "緯度": 33.240536, "経度": 131.685374, "url": "https://www.iryou.teikyouseido.mhlw.go.jp/znk-web/juminkanja/S2430/initialize?prefCd=44&kikanCd=1206200000&kikanKbn=5", "url2": null, "内容": "コスモス調剤薬局【5:薬局】大分県大分市西鶴崎３丁目３番６号" }, "geometry": { "type": "Point", "coordinates": [ 131.685374, 33.240536 ] } },
{ "type": "Feature", "properties": { "ID": "4451206600000", "正式名称": "有限会社　さくら薬局", "機関区分": 5, "都道府県コード": 44, "市区町村コード": 201, "所在地": "大分県大分市中判田尾坪１９０６番地", "緯度": 33.166052, "経度": 131.634569, "url": "https://www.iryou.teikyouseido.mhlw.go.jp/znk-web/juminkanja/S2430/initialize?prefCd=44&kikanCd=1206600000&kikanKbn=5", "url2": null, "内容": "有限会社　さくら薬局【5:薬局】大分県大分市中判田尾坪１９０６番地" }, "geometry": { "type": "Point", "coordinates": [ 131.634569, 33.166052 ] } },
{ "type": "Feature", "properties": { "ID": "4451206900000", "正式名称": "三栄薬局", "機関区分": 5, "都道府県コード": 44, "市区町村コード": 201, "所在地": "大分県大分市中島西１丁目５番地", "緯度": 33.242487, "経度": 131.608835, "url": "https://www.iryou.teikyouseido.mhlw.go.jp/znk-web/juminkanja/S2430/initialize?prefCd=44&kikanCd=1206900000&kikanKbn=5", "url2": "http://www2.ocn.ne.jp/~sanei-ph/", "内容": "三栄薬局【5:薬局】大分県大分市中島西１丁目５番地" }, "geometry": { "type": "Point", "coordinates": [ 131.608835, 33.242487 ] } },
{ "type": "Feature", "properties": { "ID": "4451207100000", "正式名称": "敷戸薬局", "機関区分": 5, "都道府県コード": 44, "市区町村コード": 201, "所在地": "大分県大分市敷戸西町１－１２－１０５", "緯度": 33.187558, "経度": 131.623152, "url": "https://www.iryou.teikyouseido.mhlw.go.jp/znk-web/juminkanja/S2430/initialize?prefCd=44&kikanCd=1207100000&kikanKbn=5", "url2": null, "内容": "敷戸薬局【5:薬局】大分県大分市敷戸西町１－１２－１０５" }, "geometry": { "type": "Point", "coordinates": [ 131.623152, 33.187558 ] } },
{ "type": "Feature", "properties": { "ID": "4451207200000", "正式名称": "くすりのケンミン　シバ薬局", "機関区分": 5, "都道府県コード": 44, "市区町村コード": 201, "所在地": "大分県大分市東春日町８－４", "緯度": 33.240955, "経度": 131.598276, "url": "https://www.iryou.teikyouseido.mhlw.go.jp/znk-web/juminkanja/S2430/initialize?prefCd=44&kikanCd=1207200000&kikanKbn=5", "url2": "https://kennmin.com/", "内容": "くすりのケンミン　シバ薬局【5:薬局】大分県大分市東春日町８－４" }, "geometry": { "type": "Point", "coordinates": [ 131.598276, 33.240955 ] } },
{ "type": "Feature", "properties": { "ID": "4451207900000", "正式名称": "杉原薬局　【健康サポート薬局】", "機関区分": 5, "都道府県コード": 44, "市区町村コード": 201, "所在地": "大分県大分市坂ノ市中央３－５－１２", "緯度": 33.233807, "経度": 131.751832, "url": "https://www.iryou.teikyouseido.mhlw.go.jp/znk-web/juminkanja/S2430/initialize?prefCd=44&kikanCd=1207900000&kikanKbn=5", "url2": "http://sugihara-pharmacy.co.jp", "内容": "杉原薬局　【健康サポート薬局】【5:薬局】大分県大分市坂ノ市中央３－５－１２" }, "geometry": { "type": "Point", "coordinates": [ 131.751832, 33.233807 ] } },
{ "type": "Feature", "properties": { "ID": "4451208000000", "正式名称": "杉原薬局　生石店", "機関区分": 5, "都道府県コード": 44, "市区町村コード": 201, "所在地": "大分県大分市生石３－１－２９", "緯度": 33.244212, "経度": 131.587905, "url": "https://www.iryou.teikyouseido.mhlw.go.jp/znk-web/juminkanja/S2430/initialize?prefCd=44&kikanCd=1208000000&kikanKbn=5", "url2": "http://www.sugihara-web.com", "内容": "杉原薬局　生石店【5:薬局】大分県大分市生石３－１－２９" }, "geometry": { "type": "Point", "coordinates": [ 131.587905, 33.244212 ] } },
{ "type": "Feature", "properties": { "ID": "4451208100000", "正式名称": "杉原薬局　野津原店", "機関区分": 5, "都道府県コード": 44, "市区町村コード": 201, "所在地": "大分県大分市野津原字中牟田９１０－１", "緯度": 33.162096, "経度": 131.530402, "url": "https://www.iryou.teikyouseido.mhlw.go.jp/znk-web/juminkanja/S2430/initialize?prefCd=44&kikanCd=1208100000&kikanKbn=5", "url2": "https://www.sugihara-web.com", "内容": "杉原薬局　野津原店【5:薬局】大分県大分市野津原字中牟田９１０－１" }, "geometry": { "type": "Point", "coordinates": [ 131.530402, 33.162096 ] } },
{ "type": "Feature", "properties": { "ID": "4451208200000", "正式名称": "杉原薬局　わさだ店", "機関区分": 5, "都道府県コード": 44, "市区町村コード": 201, "所在地": "大分県大分市市１２１４番地", "緯度": 33.18597, "経度": 131.576151, "url": "https://www.iryou.teikyouseido.mhlw.go.jp/znk-web/juminkanja/S2430/initialize?prefCd=44&kikanCd=1208200000&kikanKbn=5", "url2": "https://www.sugihara-web.com/", "内容": "杉原薬局　わさだ店【5:薬局】大分県大分市市１２１４番地" }, "geometry": { "type": "Point", "coordinates": [ 131.576151, 33.18597 ] } },
{ "type": "Feature", "properties": { "ID": "4451208500000", "正式名称": "成光堂薬局", "機関区分": 5, "都道府県コード": 44, "市区町村コード": 201, "所在地": "大分県大分市富士見が丘東３丁目１番１６号", "緯度": 33.183066, "経度": 131.551392, "url": "https://www.iryou.teikyouseido.mhlw.go.jp/znk-web/juminkanja/S2430/initialize?prefCd=44&kikanCd=1208500000&kikanKbn=5", "url2": null, "内容": "成光堂薬局【5:薬局】大分県大分市富士見が丘東３丁目１番１６号" }, "geometry": { "type": "Point", "coordinates": [ 131.551392, 33.183066 ] } },
{ "type": "Feature", "properties": { "ID": "4451208600000", "正式名称": "サンドラッグ　稙田薬局", "機関区分": 5, "都道府県コード": 44, "市区町村コード": 201, "所在地": "大分県大分市田尻４４１－１", "緯度": 33.188648, "経度": 131.593019, "url": "https://www.iryou.teikyouseido.mhlw.go.jp/znk-web/juminkanja/S2430/initialize?prefCd=44&kikanCd=1208600000&kikanKbn=5", "url2": "https://sundrug-online.com/blogs/search-store/2902", "内容": "サンドラッグ　稙田薬局【5:薬局】大分県大分市田尻４４１－１" }, "geometry": { "type": "Point", "coordinates": [ 131.593019, 33.188648 ] } },
{ "type": "Feature", "properties": { "ID": "4451208700000", "正式名称": "大安薬局", "機関区分": 5, "都道府県コード": 44, "市区町村コード": 201, "所在地": "大分県大分市南鶴崎２丁目３番２２号", "緯度": 33.239483, "経度": 131.690076, "url": "https://www.iryou.teikyouseido.mhlw.go.jp/znk-web/juminkanja/S2430/initialize?prefCd=44&kikanCd=1208700000&kikanKbn=5", "url2": null, "内容": "大安薬局【5:薬局】大分県大分市南鶴崎２丁目３番２２号" }, "geometry": { "type": "Point", "coordinates": [ 131.690076, 33.239483 ] } },
{ "type": "Feature", "properties": { "ID": "4451208900000", "正式名称": "太陽調剤薬局　中判田店", "機関区分": 5, "都道府県コード": 44, "市区町村コード": 201, "所在地": "大分県大分市中判田１４３４番２", "緯度": 33.167563, "経度": 131.632344, "url": "https://www.iryou.teikyouseido.mhlw.go.jp/znk-web/juminkanja/S2430/initialize?prefCd=44&kikanCd=1208900000&kikanKbn=5", "url2": "http://www.taiyopharmacy.com", "内容": "太陽調剤薬局　中判田店【5:薬局】大分県大分市中判田１４３４番２" }, "geometry": { "type": "Point", "coordinates": [ 131.632344, 33.167563 ] } },
{ "type": "Feature", "properties": { "ID": "4451209200000", "正式名称": "タンポポ薬局", "機関区分": 5, "都道府県コード": 44, "市区町村コード": 201, "所在地": "大分県大分市ふじが丘南１丁目１５番１５号", "緯度": 33.177309, "経度": 131.599088, "url": "https://www.iryou.teikyouseido.mhlw.go.jp/znk-web/juminkanja/S2430/initialize?prefCd=44&kikanCd=1209200000&kikanKbn=5", "url2": null, "内容": "タンポポ薬局【5:薬局】大分県大分市ふじが丘南１丁目１５番１５号" }, "geometry": { "type": "Point", "coordinates": [ 131.599088, 33.177309 ] } },
{ "type": "Feature", "properties": { "ID": "4451209500000", "正式名称": "鶴崎調剤薬局", "機関区分": 5, "都道府県コード": 44, "市区町村コード": 201, "所在地": "大分県大分市南鶴崎", "緯度": 33.240019, "経度": 131.690454, "url": "https://www.iryou.teikyouseido.mhlw.go.jp/znk-web/juminkanja/S2430/initialize?prefCd=44&kikanCd=1209500000&kikanKbn=5", "url2": null, "内容": "鶴崎調剤薬局【5:薬局】大分県大分市南鶴崎" }, "geometry": { "type": "Point", "coordinates": [ 131.690454, 33.240019 ] } },
{ "type": "Feature", "properties": { "ID": "4451209600000", "正式名称": "東洋漢方中央薬局", "機関区分": 5, "都道府県コード": 44, "市区町村コード": 201, "所在地": "大分県大分市畑中１－９－７", "緯度": 33.205845, "経度": 131.600047, "url": "https://www.iryou.teikyouseido.mhlw.go.jp/znk-web/juminkanja/S2430/initialize?prefCd=44&kikanCd=1209600000&kikanKbn=5", "url2": null, "内容": "東洋漢方中央薬局【5:薬局】大分県大分市畑中１－９－７" }, "geometry": { "type": "Point", "coordinates": [ 131.600047, 33.205845 ] } },
{ "type": "Feature", "properties": { "ID": "4451209800000", "正式名称": "得丸長生堂調剤薬局", "機関区分": 5, "都道府県コード": 44, "市区町村コード": 201, "所在地": "大分県大分市大道町３－３－６６", "緯度": 33.231403, "経度": 131.600265, "url": "https://www.iryou.teikyouseido.mhlw.go.jp/znk-web/juminkanja/S2430/initialize?prefCd=44&kikanCd=1209800000&kikanKbn=5", "url2": null, "内容": "得丸長生堂調剤薬局【5:薬局】大分県大分市大道町３－３－６６" }, "geometry": { "type": "Point", "coordinates": [ 131.600265, 33.231403 ] } },
{ "type": "Feature", "properties": { "ID": "4451209900000", "正式名称": "得丸長生堂薬局", "機関区分": 5, "都道府県コード": 44, "市区町村コード": 201, "所在地": "大分県大分市大道町２丁目８番９号", "緯度": 33.232437, "経度": 131.601368, "url": "https://www.iryou.teikyouseido.mhlw.go.jp/znk-web/juminkanja/S2430/initialize?prefCd=44&kikanCd=1209900000&kikanKbn=5", "url2": null, "内容": "得丸長生堂薬局【5:薬局】大分県大分市大道町２丁目８番９号" }, "geometry": { "type": "Point", "coordinates": [ 131.601368, 33.232437 ] } },
{ "type": "Feature", "properties": { "ID": "4451210100000", "正式名称": "有限会社　なか薬局", "機関区分": 5, "都道府県コード": 44, "市区町村コード": 201, "所在地": "大分県大分市光吉新町一丁目１番１号", "緯度": 33.190791, "経度": 131.60031, "url": "https://www.iryou.teikyouseido.mhlw.go.jp/znk-web/juminkanja/S2430/initialize?prefCd=44&kikanCd=1210100000&kikanKbn=5", "url2": "http://www.naka-pharmacy.com", "内容": "有限会社　なか薬局【5:薬局】大分県大分市光吉新町一丁目１番１号" }, "geometry": { "type": "Point", "coordinates": [ 131.60031, 33.190791 ] } },
{ "type": "Feature", "properties": { "ID": "4451210200000", "正式名称": "有限会社　なか薬局　ふるごう店", "機関区分": 5, "都道府県コード": 44, "市区町村コード": 201, "所在地": "大分県大分市古国府五丁目１番３２号", "緯度": 33.215515, "経度": 131.605901, "url": "https://www.iryou.teikyouseido.mhlw.go.jp/znk-web/juminkanja/S2430/initialize?prefCd=44&kikanCd=1210200000&kikanKbn=5", "url2": "http://naka-pharmacy.com/", "内容": "有限会社　なか薬局　ふるごう店【5:薬局】大分県大分市古国府五丁目１番３２号" }, "geometry": { "type": "Point", "coordinates": [ 131.605901, 33.215515 ] } },
{ "type": "Feature", "properties": { "ID": "4451210300000", "正式名称": "（有）なか薬局　宮崎店", "機関区分": 5, "都道府県コード": 44, "市区町村コード": 201, "所在地": "大分県大分市宮崎１３９２の１", "緯度": 33.196149, "経度": 131.610719, "url": "https://www.iryou.teikyouseido.mhlw.go.jp/znk-web/juminkanja/S2430/initialize?prefCd=44&kikanCd=1210300000&kikanKbn=5", "url2": "http://naka-pharmacy.com/", "内容": "（有）なか薬局　宮崎店【5:薬局】大分県大分市宮崎１３９２の１" }, "geometry": { "type": "Point", "coordinates": [ 131.610719, 33.196149 ] } },
{ "type": "Feature", "properties": { "ID": "4451210500000", "正式名称": "永冨調剤薬局　明野店", "機関区分": 5, "都道府県コード": 44, "市区町村コード": 201, "所在地": "大分県大分市新明治１－４－３", "緯度": 33.224201, "経度": 131.660339, "url": "https://www.iryou.teikyouseido.mhlw.go.jp/znk-web/juminkanja/S2430/initialize?prefCd=44&kikanCd=1210500000&kikanKbn=5", "url2": "https://www.nanohana-ph.jp/shop/kyusyu/ooita/cat/nagatomi-akeno.php", "内容": "永冨調剤薬局　明野店【5:薬局】大分県大分市新明治１－４－３" }, "geometry": { "type": "Point", "coordinates": [ 131.660339, 33.224201 ] } },
{ "type": "Feature", "properties": { "ID": "4451210600000", "正式名称": "永冨調剤薬局　大在店", "機関区分": 5, "都道府県コード": 44, "市区町村コード": 201, "所在地": "大分県大分市汐見２丁目１番４号", "緯度": 33.245117, "経度": 131.731253, "url": "https://www.iryou.teikyouseido.mhlw.go.jp/znk-web/juminkanja/S2430/initialize?prefCd=44&kikanCd=1210600000&kikanKbn=5", "url2": "https://www.nanohana-ph.jp/shop/kyusyu/ooita/cat/nagatomi-ozai.php", "内容": "永冨調剤薬局　大在店【5:薬局】大分県大分市汐見２丁目１番４号" }, "geometry": { "type": "Point", "coordinates": [ 131.731253, 33.245117 ] } },
{ "type": "Feature", "properties": { "ID": "4451210700000", "正式名称": "永冨調剤薬局　春日店", "機関区分": 5, "都道府県コード": 44, "市区町村コード": 201, "所在地": "大分県大分市中春日１５－１５", "緯度": 33.239982, "経度": 131.594168, "url": "https://www.iryou.teikyouseido.mhlw.go.jp/znk-web/juminkanja/S2430/initialize?prefCd=44&kikanCd=1210700000&kikanKbn=5", "url2": "https://www.nanohana-ph.jp/shop/kyusyu/ooita/cat/nagatomi-kasuga.php", "内容": "永冨調剤薬局　春日店【5:薬局】大分県大分市中春日１５－１５" }, "geometry": { "type": "Point", "coordinates": [ 131.594168, 33.239982 ] } },
{ "type": "Feature", "properties": { "ID": "4451210900000", "正式名称": "永冨調剤薬局　下郡店", "機関区分": 5, "都道府県コード": 44, "市区町村コード": 201, "所在地": "大分県大分市下郡東１丁目４番５号", "緯度": 33.230962, "経度": 131.636611, "url": "https://www.iryou.teikyouseido.mhlw.go.jp/znk-web/juminkanja/S2430/initialize?prefCd=44&kikanCd=1210900000&kikanKbn=5", "url2": "https://www.nanohana-ph.jp/shop/kyusyu/ooita/cat/nagatomi-shimogori.php", "内容": "永冨調剤薬局　下郡店【5:薬局】大分県大分市下郡東１丁目４番５号" }, "geometry": { "type": "Point", "coordinates": [ 131.636611, 33.230962 ] } },
{ "type": "Feature", "properties": { "ID": "4451211100000", "正式名称": "永冨調剤薬局竹中店", "機関区分": 5, "都道府県コード": 44, "市区町村コード": 201, "所在地": "大分県大分市竹中２７０１－７", "緯度": 33.141508, "経度": 131.652523, "url": "https://www.iryou.teikyouseido.mhlw.go.jp/znk-web/juminkanja/S2430/initialize?prefCd=44&kikanCd=1211100000&kikanKbn=5", "url2": "https://www.nanohana-ph.jp/shop/kyusyu/ooita/cat/nagatomi-takenaka.php", "内容": "永冨調剤薬局竹中店【5:薬局】大分県大分市竹中２７０１－７" }, "geometry": { "type": "Point", "coordinates": [ 131.652523, 33.141508 ] } },
{ "type": "Feature", "properties": { "ID": "4451211200000", "正式名称": "永冨調剤薬局　田中店", "機関区分": 5, "都道府県コード": 44, "市区町村コード": 201, "所在地": "大分県大分市田中町１丁目２番１２号", "緯度": 33.213109, "経度": 131.592189, "url": "https://www.iryou.teikyouseido.mhlw.go.jp/znk-web/juminkanja/S2430/initialize?prefCd=44&kikanCd=1211200000&kikanKbn=5", "url2": "https://www.nanohana-ph.jp/shop/kyusyu/ooita/cat/nagatomi-tanaka.php", "内容": "永冨調剤薬局　田中店【5:薬局】大分県大分市田中町１丁目２番１２号" }, "geometry": { "type": "Point", "coordinates": [ 131.592189, 33.213109 ] } },
{ "type": "Feature", "properties": { "ID": "4451211300000", "正式名称": "永冨調剤薬局　だのはる店", "機関区分": 5, "都道府県コード": 44, "市区町村コード": 201, "所在地": "大分県大分市新春日町２丁目３ー１２", "緯度": 33.232466, "経度": 131.591063, "url": "https://www.iryou.teikyouseido.mhlw.go.jp/znk-web/juminkanja/S2430/initialize?prefCd=44&kikanCd=1211300000&kikanKbn=5", "url2": "https://www.nanohana-ph.jp/shop/kyusyu/ooita/cat/nagatomi-danoharu.php", "内容": "永冨調剤薬局　だのはる店【5:薬局】大分県大分市新春日町２丁目３ー１２" }, "geometry": { "type": "Point", "coordinates": [ 131.591063, 33.232466 ] } },
{ "type": "Feature", "properties": { "ID": "4451211700000", "正式名称": "永冨調剤薬局　判田店", "機関区分": 5, "都道府県コード": 44, "市区町村コード": 201, "所在地": "大分県大分市下判田２３４９番５", "緯度": 33.163667, "経度": 131.643074, "url": "https://www.iryou.teikyouseido.mhlw.go.jp/znk-web/juminkanja/S2430/initialize?prefCd=44&kikanCd=1211700000&kikanKbn=5", "url2": "https://www.nanohana-ph.jp/shop/kyusyu/ooita/cat/nagatomi-handa.php", "内容": "永冨調剤薬局　判田店【5:薬局】大分県大分市下判田２３４９番５" }, "geometry": { "type": "Point", "coordinates": [ 131.643074, 33.163667 ] } },
{ "type": "Feature", "properties": { "ID": "4451211800000", "正式名称": "永冨調剤薬局　富士見が丘店", "機関区分": 5, "都道府県コード": 44, "市区町村コード": 201, "所在地": "大分県大分市富士見が丘東４丁目１３番１２号", "緯度": 33.181363, "経度": 131.543956, "url": "https://www.iryou.teikyouseido.mhlw.go.jp/znk-web/juminkanja/S2430/initialize?prefCd=44&kikanCd=1211800000&kikanKbn=5", "url2": "https://www.nanohana-ph.jp/shop/kyusyu/ooita/cat/nagatomi-fujimigaoka.php", "内容": "永冨調剤薬局　富士見が丘店【5:薬局】大分県大分市富士見が丘東４丁目１３番１２号" }, "geometry": { "type": "Point", "coordinates": [ 131.543956, 33.181363 ] } },
{ "type": "Feature", "properties": { "ID": "4451211900000", "正式名称": "永冨調剤薬局　府内店", "機関区分": 5, "都道府県コード": 44, "市区町村コード": 201, "所在地": "大分県大分市府内町２丁目３－３０", "緯度": 33.236402, "経度": 131.609155, "url": "https://www.iryou.teikyouseido.mhlw.go.jp/znk-web/juminkanja/S2430/initialize?prefCd=44&kikanCd=1211900000&kikanKbn=5", "url2": "https://www.nanohana-ph.jp/shop/kyusyu/ooita/cat/nagatomi-funai.php", "内容": "永冨調剤薬局　府内店【5:薬局】大分県大分市府内町２丁目３－３０" }, "geometry": { "type": "Point", "coordinates": [ 131.609155, 33.236402 ] } },
{ "type": "Feature", "properties": { "ID": "4451212000000", "正式名称": "永冨調剤薬局本店", "機関区分": 5, "都道府県コード": 44, "市区町村コード": 201, "所在地": "大分県大分市下郡北一丁目４番４５号", "緯度": 33.228882, "経度": 131.628398, "url": "https://www.iryou.teikyouseido.mhlw.go.jp/znk-web/juminkanja/S2430/initialize?prefCd=44&kikanCd=1212000000&kikanKbn=5", "url2": "https://www.nanohana-ph.jp/shop/kyusyu/ooita/cat/nagatomi-honten.php", "内容": "永冨調剤薬局本店【5:薬局】大分県大分市下郡北一丁目４番４５号" }, "geometry": { "type": "Point", "coordinates": [ 131.628398, 33.228882 ] } },
{ "type": "Feature", "properties": { "ID": "4451212100000", "正式名称": "永冨調剤薬局　米良店", "機関区分": 5, "都道府県コード": 44, "市区町村コード": 201, "所在地": "大分県大分市羽田１９４番地の３", "緯度": 33.217672, "経度": 131.636815, "url": "https://www.iryou.teikyouseido.mhlw.go.jp/znk-web/juminkanja/S2430/initialize?prefCd=44&kikanCd=1212100000&kikanKbn=5", "url2": "https://www.nanohana-ph.jp/shop/kyusyu/ooita/cat/nagatomi%E2%80%90mera.php", "内容": "永冨調剤薬局　米良店【5:薬局】大分県大分市羽田１９４番地の３" }, "geometry": { "type": "Point", "coordinates": [ 131.636815, 33.217672 ] } },
{ "type": "Feature", "properties": { "ID": "4451212500000", "正式名称": "にじが丘調剤薬局", "機関区分": 5, "都道府県コード": 44, "市区町村コード": 201, "所在地": "大分県大分市大字三芳１９１１－４", "緯度": 33.22637, "経度": 131.58816, "url": "https://www.iryou.teikyouseido.mhlw.go.jp/znk-web/juminkanja/S2430/initialize?prefCd=44&kikanCd=1212500000&kikanKbn=5", "url2": null, "内容": "にじが丘調剤薬局【5:薬局】大分県大分市大字三芳１９１１－４" }, "geometry": { "type": "Point", "coordinates": [ 131.58816, 33.22637 ] } },
{ "type": "Feature", "properties": { "ID": "4451212600000", "正式名称": "西田薬局", "機関区分": 5, "都道府県コード": 44, "市区町村コード": 201, "所在地": "大分県大分市生石２丁目１－３", "緯度": 33.24414, "経度": 131.584997, "url": "https://www.iryou.teikyouseido.mhlw.go.jp/znk-web/juminkanja/S2430/initialize?prefCd=44&kikanCd=1212600000&kikanKbn=5", "url2": null, "内容": "西田薬局【5:薬局】大分県大分市生石２丁目１－３" }, "geometry": { "type": "Point", "coordinates": [ 131.584997, 33.24414 ] } },
{ "type": "Feature", "properties": { "ID": "4451212700000", "正式名称": "のぞみ薬局", "機関区分": 5, "都道府県コード": 44, "市区町村コード": 201, "所在地": "大分県大分市大字竹中１３８７番地の１１", "緯度": 33.148321, "経度": 131.647279, "url": "https://www.iryou.teikyouseido.mhlw.go.jp/znk-web/juminkanja/S2430/initialize?prefCd=44&kikanCd=1212700000&kikanKbn=5", "url2": null, "内容": "のぞみ薬局【5:薬局】大分県大分市大字竹中１３８７番地の１１" }, "geometry": { "type": "Point", "coordinates": [ 131.647279, 33.148321 ] } },
{ "type": "Feature", "properties": { "ID": "4451212800000", "正式名称": "株式会社大賀薬局　のつはる店", "機関区分": 5, "都道府県コード": 44, "市区町村コード": 201, "所在地": "大分県大分市野津原", "緯度": 33.161051, "経度": 131.527686, "url": "https://www.iryou.teikyouseido.mhlw.go.jp/znk-web/juminkanja/S2430/initialize?prefCd=44&kikanCd=1212800000&kikanKbn=5", "url2": "http://www.ohga-ph.com/", "内容": "株式会社大賀薬局　のつはる店【5:薬局】大分県大分市野津原" }, "geometry": { "type": "Point", "coordinates": [ 131.527686, 33.161051 ] } },
{ "type": "Feature", "properties": { "ID": "4451213000000", "正式名称": "有限会社　白十字薬局", "機関区分": 5, "都道府県コード": 44, "市区町村コード": 201, "所在地": "大分県大分市西春日町", "緯度": 33.240607, "経度": 131.595277, "url": "https://www.iryou.teikyouseido.mhlw.go.jp/znk-web/juminkanja/S2430/initialize?prefCd=44&kikanCd=1213000000&kikanKbn=5", "url2": "https://www.michikakedou.com/", "内容": "有限会社　白十字薬局【5:薬局】大分県大分市西春日町" }, "geometry": { "type": "Point", "coordinates": [ 131.595277, 33.240607 ] } },
{ "type": "Feature", "properties": { "ID": "4451213100000", "正式名称": "白寿堂薬局", "機関区分": 5, "都道府県コード": 44, "市区町村コード": 201, "所在地": "大分県大分市大字上宗方５６０－１２", "緯度": 33.195749, "経度": 131.579478, "url": "https://www.iryou.teikyouseido.mhlw.go.jp/znk-web/juminkanja/S2430/initialize?prefCd=44&kikanCd=1213100000&kikanKbn=5", "url2": "http://www.vital-e.net/", "内容": "白寿堂薬局【5:薬局】大分県大分市大字上宗方５６０－１２" }, "geometry": { "type": "Point", "coordinates": [ 131.579478, 33.195749 ] } },
{ "type": "Feature", "properties": { "ID": "4451213200000", "正式名称": "はたの薬局", "機関区分": 5, "都道府県コード": 44, "市区町村コード": 201, "所在地": "大分県大分市新春日町１－１１６６－２　マメゾン春日１Ｆ", "緯度": 33.234201, "経度": 131.595413, "url": "https://www.iryou.teikyouseido.mhlw.go.jp/znk-web/juminkanja/S2430/initialize?prefCd=44&kikanCd=1213200000&kikanKbn=5", "url2": "http://kennmin.co.jp/", "内容": "はたの薬局【5:薬局】大分県大分市新春日町１－１１６６－２　マメゾン春日１Ｆ" }, "geometry": { "type": "Point", "coordinates": [ 131.595413, 33.234201 ] } },
{ "type": "Feature", "properties": { "ID": "4451213300000", "正式名称": "はたの薬局　賀来店", "機関区分": 5, "都道府県コード": 44, "市区町村コード": 201, "所在地": "大分県大分市大字中尾２５０－６", "緯度": 33.208852, "経度": 131.550517, "url": "https://www.iryou.teikyouseido.mhlw.go.jp/znk-web/juminkanja/S2430/initialize?prefCd=44&kikanCd=1213300000&kikanKbn=5", "url2": "http://hatano.net/kaku.html", "内容": "はたの薬局　賀来店【5:薬局】大分県大分市大字中尾２５０－６" }, "geometry": { "type": "Point", "coordinates": [ 131.550517, 33.208852 ] } },
{ "type": "Feature", "properties": { "ID": "4451213400000", "正式名称": "はたの薬局　府内店", "機関区分": 5, "都道府県コード": 44, "市区町村コード": 201, "所在地": "大分県大分市府内町１－５－１　１０６号", "緯度": 33.235222, "経度": 131.610255, "url": "https://www.iryou.teikyouseido.mhlw.go.jp/znk-web/juminkanja/S2430/initialize?prefCd=44&kikanCd=1213400000&kikanKbn=5", "url2": "http://hatano.net/hunai.html", "内容": "はたの薬局　府内店【5:薬局】大分県大分市府内町１－５－１　１０６号" }, "geometry": { "type": "Point", "coordinates": [ 131.610255, 33.235222 ] } },
{ "type": "Feature", "properties": { "ID": "4451213500000", "正式名称": "はなぶさ調剤薬局", "機関区分": 5, "都道府県コード": 44, "市区町村コード": 201, "所在地": "大分県大分市中央町２丁目２番２６号", "緯度": 33.235933, "経度": 131.605514, "url": "https://www.iryou.teikyouseido.mhlw.go.jp/znk-web/juminkanja/S2430/initialize?prefCd=44&kikanCd=1213500000&kikanKbn=5", "url2": "http://hatano.net/hanabusa.html", "内容": "はなぶさ調剤薬局【5:薬局】大分県大分市中央町２丁目２番２６号" }, "geometry": { "type": "Point", "coordinates": [ 131.605514, 33.235933 ] } },
{ "type": "Feature", "properties": { "ID": "4451213600000", "正式名称": "はまゆう薬局", "機関区分": 5, "都道府県コード": 44, "市区町村コード": 201, "所在地": "大分県大分市佐賀関７７７－７", "緯度": 33.248486, "経度": 131.866933, "url": "https://www.iryou.teikyouseido.mhlw.go.jp/znk-web/juminkanja/S2430/initialize?prefCd=44&kikanCd=1213600000&kikanKbn=5", "url2": "http://www.sorin.jp", "内容": "はまゆう薬局【5:薬局】大分県大分市佐賀関７７７－７" }, "geometry": { "type": "Point", "coordinates": [ 131.866933, 33.248486 ] } },
{ "type": "Feature", "properties": { "ID": "4451213700000", "正式名称": "有限会社　はや調剤薬局", "機関区分": 5, "都道府県コード": 44, "市区町村コード": 201, "所在地": "大分県大分市南太平寺三丁目８番２３号", "緯度": 33.217087, "経度": 131.601198, "url": "https://www.iryou.teikyouseido.mhlw.go.jp/znk-web/juminkanja/S2430/initialize?prefCd=44&kikanCd=1213700000&kikanKbn=5", "url2": null, "内容": "有限会社　はや調剤薬局【5:薬局】大分県大分市南太平寺三丁目８番２３号" }, "geometry": { "type": "Point", "coordinates": [ 131.601198, 33.217087 ] } },
{ "type": "Feature", "properties": { "ID": "4451213800000", "正式名称": "ひなぎく薬局", "機関区分": 5, "都道府県コード": 44, "市区町村コード": 201, "所在地": "大分県大分市中戸次５１８６－２", "緯度": 33.154834, "経度": 131.655612, "url": "https://www.iryou.teikyouseido.mhlw.go.jp/znk-web/juminkanja/S2430/initialize?prefCd=44&kikanCd=1213800000&kikanKbn=5", "url2": "http://www.sorin.jp", "内容": "ひなぎく薬局【5:薬局】大分県大分市中戸次５１８６－２" }, "geometry": { "type": "Point", "coordinates": [ 131.655612, 33.154834 ] } },
{ "type": "Feature", "properties": { "ID": "4451213900000", "正式名称": "ひらた薬局", "機関区分": 5, "都道府県コード": 44, "市区町村コード": 201, "所在地": "大分県大分市高城新町", "緯度": 33.243314, "経度": 131.654093, "url": "https://www.iryou.teikyouseido.mhlw.go.jp/znk-web/juminkanja/S2430/initialize?prefCd=44&kikanCd=1213900000&kikanKbn=5", "url2": null, "内容": "ひらた薬局【5:薬局】大分県大分市高城新町" }, "geometry": { "type": "Point", "coordinates": [ 131.654093, 33.243314 ] } },
{ "type": "Feature", "properties": { "ID": "4451214100000", "正式名称": "ファーマシーヒロマツ　南大分店", "機関区分": 5, "都道府県コード": 44, "市区町村コード": 201, "所在地": "大分県大分市豊饒２丁目４番５１号", "緯度": 33.209455, "経度": 131.598049, "url": "https://www.iryou.teikyouseido.mhlw.go.jp/znk-web/juminkanja/S2430/initialize?prefCd=44&kikanCd=1214100000&kikanKbn=5", "url2": null, "内容": "ファーマシーヒロマツ　南大分店【5:薬局】大分県大分市豊饒２丁目４番５１号" }, "geometry": { "type": "Point", "coordinates": [ 131.598049, 33.209455 ] } },
{ "type": "Feature", "properties": { "ID": "4451214200000", "正式名称": "ファン薬局　大在店", "機関区分": 5, "都道府県コード": 44, "市区町村コード": 201, "所在地": "大分県大分市大在浜２丁目７番２", "緯度": 33.242164, "経度": 131.730384, "url": "https://www.iryou.teikyouseido.mhlw.go.jp/znk-web/juminkanja/S2430/initialize?prefCd=44&kikanCd=1214200000&kikanKbn=5", "url2": "http://www.fan-medical.com", "内容": "ファン薬局　大在店【5:薬局】大分県大分市大在浜２丁目７番２" }, "geometry": { "type": "Point", "coordinates": [ 131.730384, 33.242164 ] } },
{ "type": "Feature", "properties": { "ID": "4451214300000", "正式名称": "ファン薬局　羽屋店", "機関区分": 5, "都道府県コード": 44, "市区町村コード": 201, "所在地": "大分県大分市古国府五丁目１番４１号", "緯度": 33.215353, "経度": 131.604946, "url": "https://www.iryou.teikyouseido.mhlw.go.jp/znk-web/juminkanja/S2430/initialize?prefCd=44&kikanCd=1214300000&kikanKbn=5", "url2": "http://www.fan-medical.com/", "内容": "ファン薬局　羽屋店【5:薬局】大分県大分市古国府五丁目１番４１号" }, "geometry": { "type": "Point", "coordinates": [ 131.604946, 33.215353 ] } },
{ "type": "Feature", "properties": { "ID": "4451214400000", "正式名称": "ファン薬局　古国府店", "機関区分": 5, "都道府県コード": 44, "市区町村コード": 201, "所在地": "大分県大分市古国府", "緯度": 33.217401, "経度": 131.610668, "url": "https://www.iryou.teikyouseido.mhlw.go.jp/znk-web/juminkanja/S2430/initialize?prefCd=44&kikanCd=1214400000&kikanKbn=5", "url2": "http://www.fan-medical.com/", "内容": "ファン薬局　古国府店【5:薬局】大分県大分市古国府" }, "geometry": { "type": "Point", "coordinates": [ 131.610668, 33.217401 ] } },
{ "type": "Feature", "properties": { "ID": "4451214500000", "正式名称": "ファン薬局　戸次店", "機関区分": 5, "都道府県コード": 44, "市区町村コード": 201, "所在地": "大分県大分市中戸次４８４０－２４", "緯度": 33.1418, "経度": 131.658461, "url": "https://www.iryou.teikyouseido.mhlw.go.jp/znk-web/juminkanja/S2430/initialize?prefCd=44&kikanCd=1214500000&kikanKbn=5", "url2": "http://www.fan-medical.com/", "内容": "ファン薬局　戸次店【5:薬局】大分県大分市中戸次４８４０－２４" }, "geometry": { "type": "Point", "coordinates": [ 131.658461, 33.1418 ] } },
{ "type": "Feature", "properties": { "ID": "4451214600000", "正式名称": "府内薬局", "機関区分": 5, "都道府県コード": 44, "市区町村コード": 201, "所在地": "大分県大分市府内町１丁目１－２０", "緯度": 33.235614, "経度": 131.608905, "url": "https://www.iryou.teikyouseido.mhlw.go.jp/znk-web/juminkanja/S2430/initialize?prefCd=44&kikanCd=1214600000&kikanKbn=5", "url2": "http://kennmin.co.jp/", "内容": "府内薬局【5:薬局】大分県大分市府内町１丁目１－２０" }, "geometry": { "type": "Point", "coordinates": [ 131.608905, 33.235614 ] } },
{ "type": "Feature", "properties": { "ID": "4451214800000", "正式名称": "ブンゴヤ薬局　駅南店", "機関区分": 5, "都道府県コード": 44, "市区町村コード": 201, "所在地": "大分県大分市東大道１丁目８－１５", "緯度": 33.23165, "経度": 131.603359, "url": "https://www.iryou.teikyouseido.mhlw.go.jp/znk-web/juminkanja/S2430/initialize?prefCd=44&kikanCd=1214800000&kikanKbn=5", "url2": "http://www.bungoya.co.jp/", "内容": "ブンゴヤ薬局　駅南店【5:薬局】大分県大分市東大道１丁目８－１５" }, "geometry": { "type": "Point", "coordinates": [ 131.603359, 33.23165 ] } },
{ "type": "Feature", "properties": { "ID": "4451214900000", "正式名称": "ブンゴヤ薬局　大道店", "機関区分": 5, "都道府県コード": 44, "市区町村コード": 201, "所在地": "大分県大分市大道町４丁目５番２７号", "緯度": 33.229547, "経度": 131.597526, "url": "https://www.iryou.teikyouseido.mhlw.go.jp/znk-web/juminkanja/S2430/initialize?prefCd=44&kikanCd=1214900000&kikanKbn=5", "url2": "http://www.bungoya.co.jp/", "内容": "ブンゴヤ薬局　大道店【5:薬局】大分県大分市大道町４丁目５番２７号" }, "geometry": { "type": "Point", "coordinates": [ 131.597526, 33.229547 ] } },
{ "type": "Feature", "properties": { "ID": "4451215000000", "正式名称": "ブンゴヤ薬局　田中店", "機関区分": 5, "都道府県コード": 44, "市区町村コード": 201, "所在地": "大分県大分市田中町３丁目１２番８２号", "緯度": 33.208549, "経度": 131.591148, "url": "https://www.iryou.teikyouseido.mhlw.go.jp/znk-web/juminkanja/S2430/initialize?prefCd=44&kikanCd=1215000000&kikanKbn=5", "url2": "https://www.bungoya.co.jp/store/tanaka/", "内容": "ブンゴヤ薬局　田中店【5:薬局】大分県大分市田中町３丁目１２番８２号" }, "geometry": { "type": "Point", "coordinates": [ 131.591148, 33.208549 ] } },
{ "type": "Feature", "properties": { "ID": "4451215200000", "正式名称": "ブンゴヤ薬局　竹町店", "機関区分": 5, "都道府県コード": 44, "市区町村コード": 201, "所在地": "大分県大分市中央町２丁目８番１２号", "緯度": 33.238149, "経度": 131.606206, "url": "https://www.iryou.teikyouseido.mhlw.go.jp/znk-web/juminkanja/S2430/initialize?prefCd=44&kikanCd=1215200000&kikanKbn=5", "url2": "https://www.bungoya.co.jp", "内容": "ブンゴヤ薬局　竹町店【5:薬局】大分県大分市中央町２丁目８番１２号" }, "geometry": { "type": "Point", "coordinates": [ 131.606206, 33.238149 ] } },
{ "type": "Feature", "properties": { "ID": "4451215400000", "正式名称": "株式会社ブンゴヤ薬局　本店", "機関区分": 5, "都道府県コード": 44, "市区町村コード": 201, "所在地": "大分県大分市中央町２丁目１－１７", "緯度": 33.235908, "経度": 131.605742, "url": "https://www.iryou.teikyouseido.mhlw.go.jp/znk-web/juminkanja/S2430/initialize?prefCd=44&kikanCd=1215400000&kikanKbn=5", "url2": "http://www.bungoya.co.jp/", "内容": "株式会社ブンゴヤ薬局　本店【5:薬局】大分県大分市中央町２丁目１－１７" }, "geometry": { "type": "Point", "coordinates": [ 131.605742, 33.235908 ] } },
{ "type": "Feature", "properties": { "ID": "4451215500000", "正式名称": "ブンゴヤ薬局　松岡店", "機関区分": 5, "都道府県コード": 44, "市区町村コード": 201, "所在地": "大分県大分市松岡５１８７", "緯度": 33.178913, "経度": 131.66398, "url": "https://www.iryou.teikyouseido.mhlw.go.jp/znk-web/juminkanja/S2430/initialize?prefCd=44&kikanCd=1215500000&kikanKbn=5", "url2": "http://www.bungoya.co.jp/", "内容": "ブンゴヤ薬局　松岡店【5:薬局】大分県大分市松岡５１８７" }, "geometry": { "type": "Point", "coordinates": [ 131.66398, 33.178913 ] } },
{ "type": "Feature", "properties": { "ID": "4451215700000", "正式名称": "ブンゴヤ薬局　森町店", "機関区分": 5, "都道府県コード": 44, "市区町村コード": 201, "所在地": "大分県大分市大字森５８８－７", "緯度": 33.221368, "経度": 131.680197, "url": "https://www.iryou.teikyouseido.mhlw.go.jp/znk-web/juminkanja/S2430/initialize?prefCd=44&kikanCd=1215700000&kikanKbn=5", "url2": "http://www.bungoya.co.jp/", "内容": "ブンゴヤ薬局　森町店【5:薬局】大分県大分市大字森５８８－７" }, "geometry": { "type": "Point", "coordinates": [ 131.680197, 33.221368 ] } },
{ "type": "Feature", "properties": { "ID": "4451215800000", "正式名称": "ブンゴヤ薬局　横瀬店", "機関区分": 5, "都道府県コード": 44, "市区町村コード": 201, "所在地": "大分県大分市大字田原字後３０番地１", "緯度": 33.187088, "経度": 131.554788, "url": "https://www.iryou.teikyouseido.mhlw.go.jp/znk-web/juminkanja/S2430/initialize?prefCd=44&kikanCd=1215800000&kikanKbn=5", "url2": "http://www.bungoya.co.jp/", "内容": "ブンゴヤ薬局　横瀬店【5:薬局】大分県大分市大字田原字後３０番地１" }, "geometry": { "type": "Point", "coordinates": [ 131.554788, 33.187088 ] } },
{ "type": "Feature", "properties": { "ID": "4451215900000", "正式名称": "輔仁薬局", "機関区分": 5, "都道府県コード": 44, "市区町村コード": 201, "所在地": "大分県大分市千代町２丁目１番８号", "緯度": 33.24241, "経度": 131.605561, "url": "https://www.iryou.teikyouseido.mhlw.go.jp/znk-web/juminkanja/S2430/initialize?prefCd=44&kikanCd=1215900000&kikanKbn=5", "url2": "https://www.hojinyakkyoku.com/", "内容": "輔仁薬局【5:薬局】大分県大分市千代町２丁目１番８号" }, "geometry": { "type": "Point", "coordinates": [ 131.605561, 33.24241 ] } },
{ "type": "Feature", "properties": { "ID": "4451216000000", "正式名称": "ほじん薬局", "機関区分": 5, "都道府県コード": 44, "市区町村コード": 201, "所在地": "大分県大分市津守３番地２", "緯度": 33.215676, "経度": 131.619891, "url": "https://www.iryou.teikyouseido.mhlw.go.jp/znk-web/juminkanja/S2430/initialize?prefCd=44&kikanCd=1216000000&kikanKbn=5", "url2": "https://www.hojinyakkyoku.com/", "内容": "ほじん薬局【5:薬局】大分県大分市津守３番地２" }, "geometry": { "type": "Point", "coordinates": [ 131.619891, 33.215676 ] } },
{ "type": "Feature", "properties": { "ID": "4451216100000", "正式名称": "輔仁薬局　明野店", "機関区分": 5, "都道府県コード": 44, "市区町村コード": 201, "所在地": "大分県大分市明野東２丁目７番１０号", "緯度": 33.220685, "経度": 131.656905, "url": "https://www.iryou.teikyouseido.mhlw.go.jp/znk-web/juminkanja/S2430/initialize?prefCd=44&kikanCd=1216100000&kikanKbn=5", "url2": "http://www.hojinyakkyoku.com/", "内容": "輔仁薬局　明野店【5:薬局】大分県大分市明野東２丁目７番１０号" }, "geometry": { "type": "Point", "coordinates": [ 131.656905, 33.220685 ] } },
{ "type": "Feature", "properties": { "ID": "4451216300000", "正式名称": "ほじん薬局　大在店", "機関区分": 5, "都道府県コード": 44, "市区町村コード": 201, "所在地": "大分県大分市竹下１丁目２４５番", "緯度": 33.242304, "経度": 131.72851, "url": "https://www.iryou.teikyouseido.mhlw.go.jp/znk-web/juminkanja/S2430/initialize?prefCd=44&kikanCd=1216300000&kikanKbn=5", "url2": "https://www.hojinyakkyoku.com/", "内容": "ほじん薬局　大在店【5:薬局】大分県大分市竹下１丁目２４５番" }, "geometry": { "type": "Point", "coordinates": [ 131.72851, 33.242304 ] } },
{ "type": "Feature", "properties": { "ID": "4451216400000", "正式名称": "ほじん薬局　賀来店", "機関区分": 5, "都道府県コード": 44, "市区町村コード": 201, "所在地": "大分県大分市賀来南２丁目１１番３号", "緯度": 33.21163, "経度": 131.560952, "url": "https://www.iryou.teikyouseido.mhlw.go.jp/znk-web/juminkanja/S2430/initialize?prefCd=44&kikanCd=1216400000&kikanKbn=5", "url2": "https://www.hojinyakkyoku.com/", "内容": "ほじん薬局　賀来店【5:薬局】大分県大分市賀来南２丁目１１番３号" }, "geometry": { "type": "Point", "coordinates": [ 131.560952, 33.21163 ] } },
{ "type": "Feature", "properties": { "ID": "4451216500000", "正式名称": "輔仁薬局　賀来北店", "機関区分": 5, "都道府県コード": 44, "市区町村コード": 201, "所在地": "大分県大分市賀来北２丁目３６１６番", "緯度": 33.214855, "経度": 131.569996, "url": "https://www.iryou.teikyouseido.mhlw.go.jp/znk-web/juminkanja/S2430/initialize?prefCd=44&kikanCd=1216500000&kikanKbn=5", "url2": "https://www.hojinyakkyoku.com/", "内容": "輔仁薬局　賀来北店【5:薬局】大分県大分市賀来北２丁目３６１６番" }, "geometry": { "type": "Point", "coordinates": [ 131.569996, 33.214855 ] } },
{ "type": "Feature", "properties": { "ID": "4451216600000", "正式名称": "輔仁薬局　佐賀関店", "機関区分": 5, "都道府県コード": 44, "市区町村コード": 201, "所在地": "大分県大分市佐賀関２２６７－１", "緯度": 33.249221, "経度": 131.876549, "url": "https://www.iryou.teikyouseido.mhlw.go.jp/znk-web/juminkanja/S2430/initialize?prefCd=44&kikanCd=1216600000&kikanKbn=5", "url2": "https://www.hojinyakkyoku.com/", "内容": "輔仁薬局　佐賀関店【5:薬局】大分県大分市佐賀関２２６７－１" }, "geometry": { "type": "Point", "coordinates": [ 131.876549, 33.249221 ] } },
{ "type": "Feature", "properties": { "ID": "4451216700000", "正式名称": "輔仁薬局　津留店", "機関区分": 5, "都道府県コード": 44, "市区町村コード": 201, "所在地": "大分県大分市今津留３丁目４－５９", "緯度": 33.242075, "経度": 131.627778, "url": "https://www.iryou.teikyouseido.mhlw.go.jp/znk-web/juminkanja/S2430/initialize?prefCd=44&kikanCd=1216700000&kikanKbn=5", "url2": "https://www.hojinyakkyoku.com/", "内容": "輔仁薬局　津留店【5:薬局】大分県大分市今津留３丁目４－５９" }, "geometry": { "type": "Point", "coordinates": [ 131.627778, 33.242075 ] } },
{ "type": "Feature", "properties": { "ID": "4451216800000", "正式名称": "輔仁薬局　日赤前店", "機関区分": 5, "都道府県コード": 44, "市区町村コード": 201, "所在地": "大分県大分市千代町３－２－４７", "緯度": 33.243461, "経度": 131.605171, "url": "https://www.iryou.teikyouseido.mhlw.go.jp/znk-web/juminkanja/S2430/initialize?prefCd=44&kikanCd=1216800000&kikanKbn=5", "url2": "https://www.hojinyakkyoku.com/", "内容": "輔仁薬局　日赤前店【5:薬局】大分県大分市千代町３－２－４７" }, "geometry": { "type": "Point", "coordinates": [ 131.605171, 33.243461 ] } },
{ "type": "Feature", "properties": { "ID": "4451216900000", "正式名称": "輔仁薬局　牧店", "機関区分": 5, "都道府県コード": 44, "市区町村コード": 201, "所在地": "大分県大分市牧１丁目１－２４", "緯度": 33.241036, "経度": 131.636207, "url": "https://www.iryou.teikyouseido.mhlw.go.jp/znk-web/juminkanja/S2430/initialize?prefCd=44&kikanCd=1216900000&kikanKbn=5", "url2": "https://www.hojinyakkyoku.com/", "内容": "輔仁薬局　牧店【5:薬局】大分県大分市牧１丁目１－２４" }, "geometry": { "type": "Point", "coordinates": [ 131.636207, 33.241036 ] } },
{ "type": "Feature", "properties": { "ID": "4451217000000", "正式名称": "輔仁薬局　森町店", "機関区分": 5, "都道府県コード": 44, "市区町村コード": 201, "所在地": "大分県大分市森町４４１－１", "緯度": 33.223726, "経度": 131.679733, "url": "https://www.iryou.teikyouseido.mhlw.go.jp/znk-web/juminkanja/S2430/initialize?prefCd=44&kikanCd=1217000000&kikanKbn=5", "url2": "https://www.hojinyakkyoku.com/", "内容": "輔仁薬局　森町店【5:薬局】大分県大分市森町４４１－１" }, "geometry": { "type": "Point", "coordinates": [ 131.679733, 33.223726 ] } },
{ "type": "Feature", "properties": { "ID": "4451217100000", "正式名称": "マーガレット調剤薬局", "機関区分": 5, "都道府県コード": 44, "市区町村コード": 201, "所在地": "大分県大分市横尾４１３２－１", "緯度": 33.208635, "経度": 131.660488, "url": "https://www.iryou.teikyouseido.mhlw.go.jp/znk-web/juminkanja/S2430/initialize?prefCd=44&kikanCd=1217100000&kikanKbn=5", "url2": "https://e-bond.info/withs/", "内容": "マーガレット調剤薬局【5:薬局】大分県大分市横尾４１３２－１" }, "geometry": { "type": "Point", "coordinates": [ 131.660488, 33.208635 ] } },
{ "type": "Feature", "properties": { "ID": "4451217200000", "正式名称": "まい調剤薬局", "機関区分": 5, "都道府県コード": 44, "市区町村コード": 201, "所在地": "大分県大分市大在中央２丁目１６８", "緯度": 33.243565, "経度": 131.721826, "url": "https://www.iryou.teikyouseido.mhlw.go.jp/znk-web/juminkanja/S2430/initialize?prefCd=44&kikanCd=1217200000&kikanKbn=5", "url2": null, "内容": "まい調剤薬局【5:薬局】大分県大分市大在中央２丁目１６８" }, "geometry": { "type": "Point", "coordinates": [ 131.721826, 33.243565 ] } },
{ "type": "Feature", "properties": { "ID": "4451217500000", "正式名称": "まごころ調剤薬局　森町店", "機関区分": 5, "都道府県コード": 44, "市区町村コード": 201, "所在地": "大分県大分市森町５１８－１", "緯度": 33.227434, "経度": 131.680734, "url": "https://www.iryou.teikyouseido.mhlw.go.jp/znk-web/juminkanja/S2430/initialize?prefCd=44&kikanCd=1217500000&kikanKbn=5", "url2": "https://www.hojinyakkyoku.com/", "内容": "まごころ調剤薬局　森町店【5:薬局】大分県大分市森町５１８－１" }, "geometry": { "type": "Point", "coordinates": [ 131.680734, 33.227434 ] } },
{ "type": "Feature", "properties": { "ID": "4451217600000", "正式名称": "有限会社マツダ府内薬局", "機関区分": 5, "都道府県コード": 44, "市区町村コード": 201, "所在地": "大分県大分市畑中三丁目２番５８号", "緯度": 33.206559, "経度": 131.596631, "url": "https://www.iryou.teikyouseido.mhlw.go.jp/znk-web/juminkanja/S2430/initialize?prefCd=44&kikanCd=1217600000&kikanKbn=5", "url2": null, "内容": "有限会社マツダ府内薬局【5:薬局】大分県大分市畑中三丁目２番５８号" }, "geometry": { "type": "Point", "coordinates": [ 131.596631, 33.206559 ] } },
{ "type": "Feature", "properties": { "ID": "4451217700000", "正式名称": "みさと薬局　森町店", "機関区分": 5, "都道府県コード": 44, "市区町村コード": 201, "所在地": "大分県大分市森町字栗板通り５６５番地の３", "緯度": 33.225298, "経度": 131.67986, "url": "https://www.iryou.teikyouseido.mhlw.go.jp/znk-web/juminkanja/S2430/initialize?prefCd=44&kikanCd=1217700000&kikanKbn=5", "url2": "http://www.hojinyakkyoku.com/", "内容": "みさと薬局　森町店【5:薬局】大分県大分市森町字栗板通り５６５番地の３" }, "geometry": { "type": "Point", "coordinates": [ 131.67986, 33.225298 ] } },
{ "type": "Feature", "properties": { "ID": "4451217900000", "正式名称": "水之江薬局", "機関区分": 5, "都道府県コード": 44, "市区町村コード": 201, "所在地": "大分県大分市長浜町２－８－６", "緯度": 33.237469, "経度": 131.617343, "url": "https://www.iryou.teikyouseido.mhlw.go.jp/znk-web/juminkanja/S2430/initialize?prefCd=44&kikanCd=1217900000&kikanKbn=5", "url2": null, "内容": "水之江薬局【5:薬局】大分県大分市長浜町２－８－６" }, "geometry": { "type": "Point", "coordinates": [ 131.617343, 33.237469 ] } },
{ "type": "Feature", "properties": { "ID": "4451218000000", "正式名称": "みどり調剤薬局　くすりのキャプテンキッズ　下郡店", "機関区分": 5, "都道府県コード": 44, "市区町村コード": 201, "所在地": "大分県大分市下郡２３３１番地の１", "緯度": 33.226574, "経度": 131.631987, "url": "https://www.iryou.teikyouseido.mhlw.go.jp/znk-web/juminkanja/S2430/initialize?prefCd=44&kikanCd=1218000000&kikanKbn=5", "url2": "http://captainkids.net/", "内容": "みどり調剤薬局　くすりのキャプテンキッズ　下郡店【5:薬局】大分県大分市下郡２３３１番地の１" }, "geometry": { "type": "Point", "coordinates": [ 131.631987, 33.226574 ] } },
{ "type": "Feature", "properties": { "ID": "4451218100000", "正式名称": "みどり調剤薬局くすりのキャプテンキッズ　豊府店", "機関区分": 5, "都道府県コード": 44, "市区町村コード": 201, "所在地": "大分県大分市羽屋１丁目５番２２号", "緯度": 33.21547, "経度": 131.60104, "url": "https://www.iryou.teikyouseido.mhlw.go.jp/znk-web/juminkanja/S2430/initialize?prefCd=44&kikanCd=1218100000&kikanKbn=5", "url2": "http://captainkids.net/", "内容": "みどり調剤薬局くすりのキャプテンキッズ　豊府店【5:薬局】大分県大分市羽屋１丁目５番２２号" }, "geometry": { "type": "Point", "coordinates": [ 131.60104, 33.21547 ] } },
{ "type": "Feature", "properties": { "ID": "4451218200000", "正式名称": "みどり調剤薬局　くすりのキャプテンキッズ　南店", "機関区分": 5, "都道府県コード": 44, "市区町村コード": 201, "所在地": "大分県大分市下郡中央１丁目５番１９号", "緯度": 33.225177, "経度": 131.630979, "url": "https://www.iryou.teikyouseido.mhlw.go.jp/znk-web/juminkanja/S2430/initialize?prefCd=44&kikanCd=1218200000&kikanKbn=5", "url2": null, "内容": "みどり調剤薬局　くすりのキャプテンキッズ　南店【5:薬局】大分県大分市下郡中央１丁目５番１９号" }, "geometry": { "type": "Point", "coordinates": [ 131.630979, 33.225177 ] } },
{ "type": "Feature", "properties": { "ID": "4451218400000", "正式名称": "南大分薬局", "機関区分": 5, "都道府県コード": 44, "市区町村コード": 201, "所在地": "大分県大分市羽屋４丁目１番３１", "緯度": 33.210349, "経度": 131.599951, "url": "https://www.iryou.teikyouseido.mhlw.go.jp/znk-web/juminkanja/S2430/initialize?prefCd=44&kikanCd=1218400000&kikanKbn=5", "url2": "http://www.hoshidrug.com", "内容": "南大分薬局【5:薬局】大分県大分市羽屋４丁目１番３１" }, "geometry": { "type": "Point", "coordinates": [ 131.599951, 33.210349 ] } },
{ "type": "Feature", "properties": { "ID": "4451218800000", "正式名称": "有限会社森調剤薬局", "機関区分": 5, "都道府県コード": 44, "市区町村コード": 201, "所在地": "大分県大分市二又町１丁目３－３０", "緯度": 33.215596, "経度": 131.594732, "url": "https://www.iryou.teikyouseido.mhlw.go.jp/znk-web/juminkanja/S2430/initialize?prefCd=44&kikanCd=1218800000&kikanKbn=5", "url2": null, "内容": "有限会社森調剤薬局【5:薬局】大分県大分市二又町１丁目３－３０" }, "geometry": { "type": "Point", "coordinates": [ 131.594732, 33.215596 ] } },
{ "type": "Feature", "properties": { "ID": "4451219000000", "正式名称": "森町薬局", "機関区分": 5, "都道府県コード": 44, "市区町村コード": 201, "所在地": "大分県大分市森町２４３－１", "緯度": 33.228673, "経度": 131.680847, "url": "https://www.iryou.teikyouseido.mhlw.go.jp/znk-web/juminkanja/S2430/initialize?prefCd=44&kikanCd=1219000000&kikanKbn=5", "url2": null, "内容": "森町薬局【5:薬局】大分県大分市森町２４３－１" }, "geometry": { "type": "Point", "coordinates": [ 131.680847, 33.228673 ] } },
{ "type": "Feature", "properties": { "ID": "4451219100000", "正式名称": "調剤薬局やくじゅ草", "機関区分": 5, "都道府県コード": 44, "市区町村コード": 201, "所在地": "大分県大分市上宗方５３１番地の２", "緯度": 33.197519, "経度": 131.580591, "url": "https://www.iryou.teikyouseido.mhlw.go.jp/znk-web/juminkanja/S2430/initialize?prefCd=44&kikanCd=1219100000&kikanKbn=5", "url2": null, "内容": "調剤薬局やくじゅ草【5:薬局】大分県大分市上宗方５３１番地の２" }, "geometry": { "type": "Point", "coordinates": [ 131.580591, 33.197519 ] } },
{ "type": "Feature", "properties": { "ID": "4451219200000", "正式名称": "ゆう調剤薬局　猪野店", "機関区分": 5, "都道府県コード": 44, "市区町村コード": 201, "所在地": "大分県大分市大字猪野字西原１１０１－７", "緯度": 33.226761, "経度": 131.664684, "url": "https://www.iryou.teikyouseido.mhlw.go.jp/znk-web/juminkanja/S2430/initialize?prefCd=44&kikanCd=1219200000&kikanKbn=5", "url2": "http://www.you-dp.com/", "内容": "ゆう調剤薬局　猪野店【5:薬局】大分県大分市大字猪野字西原１１０１－７" }, "geometry": { "type": "Point", "coordinates": [ 131.664684, 33.226761 ] } },
{ "type": "Feature", "properties": { "ID": "4451219400000", "正式名称": "ゆう調剤薬局　ななせ店", "機関区分": 5, "都道府県コード": 44, "市区町村コード": 201, "所在地": "大分県大分市田尻４２３－２", "緯度": 33.188022, "経度": 131.592467, "url": "https://www.iryou.teikyouseido.mhlw.go.jp/znk-web/juminkanja/S2430/initialize?prefCd=44&kikanCd=1219400000&kikanKbn=5", "url2": "http://www.you-dp.com", "内容": "ゆう調剤薬局　ななせ店【5:薬局】大分県大分市田尻４２３－２" }, "geometry": { "type": "Point", "coordinates": [ 131.592467, 33.188022 ] } },
{ "type": "Feature", "properties": { "ID": "4451219500000", "正式名称": "ゆう調剤薬局　まつおか店", "機関区分": 5, "都道府県コード": 44, "市区町村コード": 201, "所在地": "大分県大分市毛井寺の前２５６－５", "緯度": 33.189597, "経度": 131.671604, "url": "https://www.iryou.teikyouseido.mhlw.go.jp/znk-web/juminkanja/S2430/initialize?prefCd=44&kikanCd=1219500000&kikanKbn=5", "url2": "https://www.you-dp.com/", "内容": "ゆう調剤薬局　まつおか店【5:薬局】大分県大分市毛井寺の前２５６－５" }, "geometry": { "type": "Point", "coordinates": [ 131.671604, 33.189597 ] } },
{ "type": "Feature", "properties": { "ID": "4451219600000", "正式名称": "ゆう調剤薬局　稙田店", "機関区分": 5, "都道府県コード": 44, "市区町村コード": 201, "所在地": "大分県大分市大坪３ー７", "緯度": 33.187272, "経度": 131.57675, "url": "https://www.iryou.teikyouseido.mhlw.go.jp/znk-web/juminkanja/S2430/initialize?prefCd=44&kikanCd=1219600000&kikanKbn=5", "url2": "http://www.you-dp.com/", "内容": "ゆう調剤薬局　稙田店【5:薬局】大分県大分市大坪３ー７" }, "geometry": { "type": "Point", "coordinates": [ 131.57675, 33.187272 ] } },
{ "type": "Feature", "properties": { "ID": "4451219800000", "正式名称": "りんどう薬局", "機関区分": 5, "都道府県コード": 44, "市区町村コード": 201, "所在地": "大分県大分市明碩町一丁目１０番３９号", "緯度": 33.20701, "経度": 131.587801, "url": "https://www.iryou.teikyouseido.mhlw.go.jp/znk-web/juminkanja/S2430/initialize?prefCd=44&kikanCd=1219800000&kikanKbn=5", "url2": "https://www.sorin.jp/", "内容": "りんどう薬局【5:薬局】大分県大分市明碩町一丁目１０番３９号" }, "geometry": { "type": "Point", "coordinates": [ 131.587801, 33.20701 ] } },
{ "type": "Feature", "properties": { "ID": "4451220100000", "正式名称": "わかば調剤薬局", "機関区分": 5, "都道府県コード": 44, "市区町村コード": 201, "所在地": "大分県大分市城東町", "緯度": 33.241514, "経度": 131.648741, "url": "https://www.iryou.teikyouseido.mhlw.go.jp/znk-web/juminkanja/S2430/initialize?prefCd=44&kikanCd=1220100000&kikanKbn=5", "url2": "https://www.fujimoto-pharmacy.com/", "内容": "わかば調剤薬局【5:薬局】大分県大分市城東町" }, "geometry": { "type": "Point", "coordinates": [ 131.648741, 33.241514 ] } },
{ "type": "Feature", "properties": { "ID": "4451220700000", "正式名称": "アルファ薬局", "機関区分": 5, "都道府県コード": 44, "市区町村コード": 202, "所在地": "大分県別府市石垣西７－８－３", "緯度": 33.300835, "経度": 131.493644, "url": "https://www.iryou.teikyouseido.mhlw.go.jp/znk-web/juminkanja/S2430/initialize?prefCd=44&kikanCd=1220700000&kikanKbn=5", "url2": null, "内容": "アルファ薬局【5:薬局】大分県別府市石垣西７－８－３" }, "geometry": { "type": "Point", "coordinates": [ 131.493644, 33.300835 ] } },
{ "type": "Feature", "properties": { "ID": "4451221000000", "正式名称": "木下薬局", "機関区分": 5, "都道府県コード": 44, "市区町村コード": 202, "所在地": "大分県別府市亀川中央町３番１２号", "緯度": 33.324741, "経度": 131.493786, "url": "https://www.iryou.teikyouseido.mhlw.go.jp/znk-web/juminkanja/S2430/initialize?prefCd=44&kikanCd=1221000000&kikanKbn=5", "url2": null, "内容": "木下薬局【5:薬局】大分県別府市亀川中央町３番１２号" }, "geometry": { "type": "Point", "coordinates": [ 131.493786, 33.324741 ] } },
{ "type": "Feature", "properties": { "ID": "4451221200000", "正式名称": "キムラ薬局【健康サポート薬局】", "機関区分": 5, "都道府県コード": 44, "市区町村コード": 202, "所在地": "大分県別府市緑丘町１１番４号", "緯度": 33.298417, "経度": 131.490563, "url": "https://www.iryou.teikyouseido.mhlw.go.jp/znk-web/juminkanja/S2430/initialize?prefCd=44&kikanCd=1221200000&kikanKbn=5", "url2": "http://kimura-pharm.jp/", "内容": "キムラ薬局【健康サポート薬局】【5:薬局】大分県別府市緑丘町１１番４号" }, "geometry": { "type": "Point", "coordinates": [ 131.490563, 33.298417 ] } },
{ "type": "Feature", "properties": { "ID": "4451221300000", "正式名称": "キムラ薬局　亀川店【健康サポート薬局】", "機関区分": 5, "都道府県コード": 44, "市区町村コード": 202, "所在地": "大分県別府市亀川四の湯町９－３９", "緯度": 33.321616, "経度": 131.4935, "url": "https://www.iryou.teikyouseido.mhlw.go.jp/znk-web/juminkanja/S2430/initialize?prefCd=44&kikanCd=1221300000&kikanKbn=5", "url2": "http://kimura-pharm.com/", "内容": "キムラ薬局　亀川店【健康サポート薬局】【5:薬局】大分県別府市亀川四の湯町９－３９" }, "geometry": { "type": "Point", "coordinates": [ 131.4935, 33.321616 ] } },
{ "type": "Feature", "properties": { "ID": "4451221600000", "正式名称": "古戦場薬局", "機関区分": 5, "都道府県コード": 44, "市区町村コード": 202, "所在地": "大分県別府市南荘園町４９番３０号", "緯度": 33.291073, "経度": 131.476245, "url": "https://www.iryou.teikyouseido.mhlw.go.jp/znk-web/juminkanja/S2430/initialize?prefCd=44&kikanCd=1221600000&kikanKbn=5", "url2": "http://www.kosenzyoyakkyoku.co.jp/", "内容": "古戦場薬局【5:薬局】大分県別府市南荘園町４９番３０号" }, "geometry": { "type": "Point", "coordinates": [ 131.476245, 33.291073 ] } },
{ "type": "Feature", "properties": { "ID": "4451221900000", "正式名称": "後藤薬局　亀川店", "機関区分": 5, "都道府県コード": 44, "市区町村コード": 202, "所在地": "大分県別府市亀川浜田町２－６２ベルメゾン亀川１Ｆ", "緯度": 33.329824, "経度": 131.493428, "url": "https://www.iryou.teikyouseido.mhlw.go.jp/znk-web/juminkanja/S2430/initialize?prefCd=44&kikanCd=1221900000&kikanKbn=5", "url2": "https://pharmacy-goto.net/", "内容": "後藤薬局　亀川店【5:薬局】大分県別府市亀川浜田町２－６２ベルメゾン亀川１Ｆ" }, "geometry": { "type": "Point", "coordinates": [ 131.493428, 33.329824 ] } },
{ "type": "Feature", "properties": { "ID": "4451222300000", "正式名称": "新港町薬局", "機関区分": 5, "都道府県コード": 44, "市区町村コード": 202, "所在地": "大分県別府市新港町１－２９", "緯度": 33.296933, "経度": 131.501107, "url": "https://www.iryou.teikyouseido.mhlw.go.jp/znk-web/juminkanja/S2430/initialize?prefCd=44&kikanCd=1222300000&kikanKbn=5", "url2": null, "内容": "新港町薬局【5:薬局】大分県別府市新港町１－２９" }, "geometry": { "type": "Point", "coordinates": [ 131.501107, 33.296933 ] } },
{ "type": "Feature", "properties": { "ID": "4451222500000", "正式名称": "スマイル薬局　荘園店", "機関区分": 5, "都道府県コード": 44, "市区町村コード": 202, "所在地": "大分県別府市東荘園四丁目８番３４号", "緯度": 33.293548, "経度": 131.486129, "url": "https://www.iryou.teikyouseido.mhlw.go.jp/znk-web/juminkanja/S2430/initialize?prefCd=44&kikanCd=1222500000&kikanKbn=5", "url2": null, "内容": "スマイル薬局　荘園店【5:薬局】大分県別府市東荘園四丁目８番３４号" }, "geometry": { "type": "Point", "coordinates": [ 131.486129, 33.293548 ] } },
{ "type": "Feature", "properties": { "ID": "4451222600000", "正式名称": "スワロー薬局", "機関区分": 5, "都道府県コード": 44, "市区町村コード": 202, "所在地": "大分県別府市石垣東", "緯度": 33.305232, "経度": 131.495772, "url": "https://www.iryou.teikyouseido.mhlw.go.jp/znk-web/juminkanja/S2430/initialize?prefCd=44&kikanCd=1222600000&kikanKbn=5", "url2": null, "内容": "スワロー薬局【5:薬局】大分県別府市石垣東" }, "geometry": { "type": "Point", "coordinates": [ 131.495772, 33.305232 ] } },
{ "type": "Feature", "properties": { "ID": "4451222700000", "正式名称": "セスナ荘園薬局", "機関区分": 5, "都道府県コード": 44, "市区町村コード": 202, "所在地": "大分県別府市荘園", "緯度": 33.293225, "経度": 131.484455, "url": "https://www.iryou.teikyouseido.mhlw.go.jp/znk-web/juminkanja/S2430/initialize?prefCd=44&kikanCd=1222700000&kikanKbn=5", "url2": "http://cessna.jp", "内容": "セスナ荘園薬局【5:薬局】大分県別府市荘園" }, "geometry": { "type": "Point", "coordinates": [ 131.484455, 33.293225 ] } },
{ "type": "Feature", "properties": { "ID": "4451222800000", "正式名称": "そうごう薬局　別府秋葉店", "機関区分": 5, "都道府県コード": 44, "市区町村コード": 202, "所在地": "大分県別府市秋葉町８－３０", "緯度": 33.276101, "経度": 131.501423, "url": "https://www.iryou.teikyouseido.mhlw.go.jp/znk-web/juminkanja/S2430/initialize?prefCd=44&kikanCd=1222800000&kikanKbn=5", "url2": "https://www.sogo-medical.co.jp/sogopharmacy/shop/view/229", "内容": "そうごう薬局　別府秋葉店【5:薬局】大分県別府市秋葉町８－３０" }, "geometry": { "type": "Point", "coordinates": [ 131.501423, 33.276101 ] } },
{ "type": "Feature", "properties": { "ID": "4451222900000", "正式名称": "そうごう薬局　別府流川店", "機関区分": 5, "都道府県コード": 44, "市区町村コード": 202, "所在地": "大分県別府市中島町１４－２４", "緯度": 33.275424, "経度": 131.49283, "url": "https://www.iryou.teikyouseido.mhlw.go.jp/znk-web/juminkanja/S2430/initialize?prefCd=44&kikanCd=1222900000&kikanKbn=5", "url2": "https://www.sogo-pharmacy.jp/shop/view/70", "内容": "そうごう薬局　別府流川店【5:薬局】大分県別府市中島町１４－２４" }, "geometry": { "type": "Point", "coordinates": [ 131.49283, 33.275424 ] } },
{ "type": "Feature", "properties": { "ID": "4451223000000", "正式名称": "太陽調剤薬局", "機関区分": 5, "都道府県コード": 44, "市区町村コード": 202, "所在地": "大分県別府市北的ケ浜町３－１９", "緯度": 33.285042, "経度": 131.50363, "url": "https://www.iryou.teikyouseido.mhlw.go.jp/znk-web/juminkanja/S2430/initialize?prefCd=44&kikanCd=1223000000&kikanKbn=5", "url2": "http://www.taiyopharmacy.com/", "内容": "太陽調剤薬局【5:薬局】大分県別府市北的ケ浜町３－１９" }, "geometry": { "type": "Point", "coordinates": [ 131.50363, 33.285042 ] } },
{ "type": "Feature", "properties": { "ID": "4451223100000", "正式名称": "太陽調剤薬局　鶴見店", "機関区分": 5, "都道府県コード": 44, "市区町村コード": 202, "所在地": "大分県別府市鶴見３丁目１７番４５号", "緯度": 33.299718, "経度": 131.4762, "url": "https://www.iryou.teikyouseido.mhlw.go.jp/znk-web/juminkanja/S2430/initialize?prefCd=44&kikanCd=1223100000&kikanKbn=5", "url2": "http://www.taiyopharmacy.net/", "内容": "太陽調剤薬局　鶴見店【5:薬局】大分県別府市鶴見３丁目１７番４５号" }, "geometry": { "type": "Point", "coordinates": [ 131.4762, 33.299718 ] } },
{ "type": "Feature", "properties": { "ID": "4451223200000", "正式名称": "たていし薬局　本店", "機関区分": 5, "都道府県コード": 44, "市区町村コード": 202, "所在地": "大分県別府市鶴見二丁目２番５７号", "緯度": 33.296718, "経度": 131.476401, "url": "https://www.iryou.teikyouseido.mhlw.go.jp/znk-web/juminkanja/S2430/initialize?prefCd=44&kikanCd=1223200000&kikanKbn=5", "url2": null, "内容": "たていし薬局　本店【5:薬局】大分県別府市鶴見二丁目２番５７号" }, "geometry": { "type": "Point", "coordinates": [ 131.476401, 33.296718 ] } },
{ "type": "Feature", "properties": { "ID": "4451223400000", "正式名称": "東洋漢方中央薬局", "機関区分": 5, "都道府県コード": 44, "市区町村コード": 202, "所在地": "大分県別府市楠町８番６号", "緯度": 33.275613, "経度": 131.505127, "url": "https://www.iryou.teikyouseido.mhlw.go.jp/znk-web/juminkanja/S2430/initialize?prefCd=44&kikanCd=1223400000&kikanKbn=5", "url2": "http://toyokanpo.sakura.ne.jp/", "内容": "東洋漢方中央薬局【5:薬局】大分県別府市楠町８番６号" }, "geometry": { "type": "Point", "coordinates": [ 131.505127, 33.275613 ] } },
{ "type": "Feature", "properties": { "ID": "4451223700000", "正式名称": "永冨調剤薬局　別府秋葉通り店", "機関区分": 5, "都道府県コード": 44, "市区町村コード": 202, "所在地": "大分県別府市末広町１－２３　工藤ビル１階", "緯度": 33.275009, "経度": 131.500672, "url": "https://www.iryou.teikyouseido.mhlw.go.jp/znk-web/juminkanja/S2430/initialize?prefCd=44&kikanCd=1223700000&kikanKbn=5", "url2": "https://www.nanohana-ph.jp/shop/kyusyu/ooita/beppu/nagatomi-beppuakibadori.php", "内容": "永冨調剤薬局　別府秋葉通り店【5:薬局】大分県別府市末広町１－２３　工藤ビル１階" }, "geometry": { "type": "Point", "coordinates": [ 131.500672, 33.275009 ] } },
{ "type": "Feature", "properties": { "ID": "4451223900000", "正式名称": "なの花薬局", "機関区分": 5, "都道府県コード": 44, "市区町村コード": 202, "所在地": "大分県別府市大字鶴見字荒巻２６１５－１", "緯度": 33.306008, "経度": 131.473818, "url": "https://www.iryou.teikyouseido.mhlw.go.jp/znk-web/juminkanja/S2430/initialize?prefCd=44&kikanCd=1223900000&kikanKbn=5", "url2": null, "内容": "なの花薬局【5:薬局】大分県別府市大字鶴見字荒巻２６１５－１" }, "geometry": { "type": "Point", "coordinates": [ 131.473818, 33.306008 ] } },
{ "type": "Feature", "properties": { "ID": "4451224000000", "正式名称": "日伸薬局", "機関区分": 5, "都道府県コード": 44, "市区町村コード": 202, "所在地": "大分県別府市青山町", "緯度": 33.277232, "経度": 131.490608, "url": "https://www.iryou.teikyouseido.mhlw.go.jp/znk-web/juminkanja/S2430/initialize?prefCd=44&kikanCd=1224000000&kikanKbn=5", "url2": null, "内容": "日伸薬局【5:薬局】大分県別府市青山町" }, "geometry": { "type": "Point", "coordinates": [ 131.490608, 33.277232 ] } },
{ "type": "Feature", "properties": { "ID": "4451224300000", "正式名称": "春木薬局", "機関区分": 5, "都道府県コード": 44, "市区町村コード": 202, "所在地": "大分県別府市春木町８番１５号", "緯度": 33.306306, "経度": 131.489208, "url": "https://www.iryou.teikyouseido.mhlw.go.jp/znk-web/juminkanja/S2430/initialize?prefCd=44&kikanCd=1224300000&kikanKbn=5", "url2": "harukiyakkyoku.jp", "内容": "春木薬局【5:薬局】大分県別府市春木町８番１５号" }, "geometry": { "type": "Point", "coordinates": [ 131.489208, 33.306306 ] } },
{ "type": "Feature", "properties": { "ID": "4451224500000", "正式名称": "日の丸薬局", "機関区分": 5, "都道府県コード": 44, "市区町村コード": 202, "所在地": "大分県別府市西野口町１３番１１号", "緯度": 33.283983, "経度": 131.495785, "url": "https://www.iryou.teikyouseido.mhlw.go.jp/znk-web/juminkanja/S2430/initialize?prefCd=44&kikanCd=1224500000&kikanKbn=5", "url2": null, "内容": "日の丸薬局【5:薬局】大分県別府市西野口町１３番１１号" }, "geometry": { "type": "Point", "coordinates": [ 131.495785, 33.283983 ] } },
{ "type": "Feature", "properties": { "ID": "4451224600000", "正式名称": "ひびき調剤薬局", "機関区分": 5, "都道府県コード": 44, "市区町村コード": 202, "所在地": "大分県別府市石垣東８丁目５番２３号", "緯度": 33.302237, "経度": 131.495325, "url": "https://www.iryou.teikyouseido.mhlw.go.jp/znk-web/juminkanja/S2430/initialize?prefCd=44&kikanCd=1224600000&kikanKbn=5", "url2": null, "内容": "ひびき調剤薬局【5:薬局】大分県別府市石垣東８丁目５番２３号" }, "geometry": { "type": "Point", "coordinates": [ 131.495325, 33.302237 ] } },
{ "type": "Feature", "properties": { "ID": "4451224700000", "正式名称": "ファーマシーさかいし", "機関区分": 5, "都道府県コード": 44, "市区町村コード": 202, "所在地": "大分県別府市石垣東８丁目２－３４", "緯度": 33.30231, "経度": 131.498577, "url": "https://www.iryou.teikyouseido.mhlw.go.jp/znk-web/juminkanja/S2430/initialize?prefCd=44&kikanCd=1224700000&kikanKbn=5", "url2": null, "内容": "ファーマシーさかいし【5:薬局】大分県別府市石垣東８丁目２－３４" }, "geometry": { "type": "Point", "coordinates": [ 131.498577, 33.30231 ] } },
{ "type": "Feature", "properties": { "ID": "4451224800000", "正式名称": "ファーマシー野口元町", "機関区分": 5, "都道府県コード": 44, "市区町村コード": 202, "所在地": "大分県別府市野口元町３－３３", "緯度": 33.282102, "経度": 131.500436, "url": "https://www.iryou.teikyouseido.mhlw.go.jp/znk-web/juminkanja/S2430/initialize?prefCd=44&kikanCd=1224800000&kikanKbn=5", "url2": null, "内容": "ファーマシー野口元町【5:薬局】大分県別府市野口元町３－３３" }, "geometry": { "type": "Point", "coordinates": [ 131.500436, 33.282102 ] } },
{ "type": "Feature", "properties": { "ID": "4451224900000", "正式名称": "ふくだ薬局", "機関区分": 5, "都道府県コード": 44, "市区町村コード": 202, "所在地": "大分県別府市千代町２番６号", "緯度": 33.274896, "経度": 131.504599, "url": "https://www.iryou.teikyouseido.mhlw.go.jp/znk-web/juminkanja/S2430/initialize?prefCd=44&kikanCd=1224900000&kikanKbn=5", "url2": null, "内容": "ふくだ薬局【5:薬局】大分県別府市千代町２番６号" }, "geometry": { "type": "Point", "coordinates": [ 131.504599, 33.274896 ] } },
{ "type": "Feature", "properties": { "ID": "4451225100000", "正式名称": "ふれあい調剤薬局", "機関区分": 5, "都道府県コード": 44, "市区町村コード": 202, "所在地": "大分県別府市楠町", "緯度": 33.275126, "経度": 131.503781, "url": "https://www.iryou.teikyouseido.mhlw.go.jp/znk-web/juminkanja/S2430/initialize?prefCd=44&kikanCd=1225100000&kikanKbn=5", "url2": null, "内容": "ふれあい調剤薬局【5:薬局】大分県別府市楠町" }, "geometry": { "type": "Point", "coordinates": [ 131.503781, 33.275126 ] } },
{ "type": "Feature", "properties": { "ID": "4451225200000", "正式名称": "薬剤師会調剤薬局", "機関区分": 5, "都道府県コード": 44, "市区町村コード": 202, "所在地": "大分県別府市野田３番地の６", "緯度": 33.330905, "経度": 131.48592, "url": "https://www.iryou.teikyouseido.mhlw.go.jp/znk-web/juminkanja/S2430/initialize?prefCd=44&kikanCd=1225200000&kikanKbn=5", "url2": "http://beppuyaku.jp/", "内容": "薬剤師会調剤薬局【5:薬局】大分県別府市野田３番地の６" }, "geometry": { "type": "Point", "coordinates": [ 131.48592, 33.330905 ] } },
{ "type": "Feature", "properties": { "ID": "4451225300000", "正式名称": "輔仁薬局　新別府前店", "機関区分": 5, "都道府県コード": 44, "市区町村コード": 202, "所在地": "大分県別府市鶴見１丁目１７番１１号", "緯度": 33.299402, "経度": 131.477865, "url": "https://www.iryou.teikyouseido.mhlw.go.jp/znk-web/juminkanja/S2430/initialize?prefCd=44&kikanCd=1225300000&kikanKbn=5", "url2": "https://www.hojinyakkyoku.com/", "内容": "輔仁薬局　新別府前店【5:薬局】大分県別府市鶴見１丁目１７番１１号" }, "geometry": { "type": "Point", "coordinates": [ 131.477865, 33.299402 ] } },
{ "type": "Feature", "properties": { "ID": "4451225400000", "正式名称": "みうら薬局", "機関区分": 5, "都道府県コード": 44, "市区町村コード": 202, "所在地": "大分県別府市山の手新町４番２０号", "緯度": 33.286028, "経度": 131.481645, "url": "https://www.iryou.teikyouseido.mhlw.go.jp/znk-web/juminkanja/S2430/initialize?prefCd=44&kikanCd=1225400000&kikanKbn=5", "url2": "https://www.miura-pharmacy.com", "内容": "みうら薬局【5:薬局】大分県別府市山の手新町４番２０号" }, "geometry": { "type": "Point", "coordinates": [ 131.481645, 33.286028 ] } },
{ "type": "Feature", "properties": { "ID": "4451225700000", "正式名称": "やまもと薬局", "機関区分": 5, "都道府県コード": 44, "市区町村コード": 202, "所在地": "大分県別府市上人南１６組", "緯度": 33.312266, "経度": 131.495002, "url": "https://www.iryou.teikyouseido.mhlw.go.jp/znk-web/juminkanja/S2430/initialize?prefCd=44&kikanCd=1225700000&kikanKbn=5", "url2": null, "内容": "やまもと薬局【5:薬局】大分県別府市上人南１６組" }, "geometry": { "type": "Point", "coordinates": [ 131.495002, 33.312266 ] } },
{ "type": "Feature", "properties": { "ID": "4451225800000", "正式名称": "よしむら薬局", "機関区分": 5, "都道府県コード": 44, "市区町村コード": 202, "所在地": "大分県別府市元町７ー１", "緯度": 33.27671, "経度": 131.50491, "url": "https://www.iryou.teikyouseido.mhlw.go.jp/znk-web/juminkanja/S2430/initialize?prefCd=44&kikanCd=1225800000&kikanKbn=5", "url2": "https://www.yoshimurayakkyoku.com/", "内容": "よしむら薬局【5:薬局】大分県別府市元町７ー１" }, "geometry": { "type": "Point", "coordinates": [ 131.50491, 33.27671 ] } },
{ "type": "Feature", "properties": { "ID": "4451225900000", "正式名称": "よろずや薬局", "機関区分": 5, "都道府県コード": 44, "市区町村コード": 202, "所在地": "大分県別府市大字鉄輪２４９番地の５", "緯度": 33.315877, "経度": 131.477417, "url": "https://www.iryou.teikyouseido.mhlw.go.jp/znk-web/juminkanja/S2430/initialize?prefCd=44&kikanCd=1225900000&kikanKbn=5", "url2": "http://www.93yorozuya.jp/", "内容": "よろずや薬局【5:薬局】大分県別府市大字鉄輪２４９番地の５" }, "geometry": { "type": "Point", "coordinates": [ 131.477417, 33.315877 ] } },
{ "type": "Feature", "properties": { "ID": "4451226000000", "正式名称": "和田薬局", "機関区分": 5, "都道府県コード": 44, "市区町村コード": 202, "所在地": "大分県別府市北浜２丁目４の４", "緯度": 33.280873, "経度": 131.503132, "url": "https://www.iryou.teikyouseido.mhlw.go.jp/znk-web/juminkanja/S2430/initialize?prefCd=44&kikanCd=1226000000&kikanKbn=5", "url2": null, "内容": "和田薬局【5:薬局】大分県別府市北浜２丁目４の４" }, "geometry": { "type": "Point", "coordinates": [ 131.503132, 33.280873 ] } },
{ "type": "Feature", "properties": { "ID": "4451226300000", "正式名称": "梅田薬局", "機関区分": 5, "都道府県コード": 44, "市区町村コード": 210, "所在地": "大分県杵築市山香町野原", "緯度": 33.448122, "経度": 131.505796, "url": "https://www.iryou.teikyouseido.mhlw.go.jp/znk-web/juminkanja/S2430/initialize?prefCd=44&kikanCd=1226300000&kikanKbn=5", "url2": null, "内容": "梅田薬局【5:薬局】大分県杵築市山香町野原" }, "geometry": { "type": "Point", "coordinates": [ 131.505796, 33.448122 ] } },
{ "type": "Feature", "properties": { "ID": "4451226500000", "正式名称": "ジェイ・エイ薬局", "機関区分": 5, "都道府県コード": 44, "市区町村コード": 210, "所在地": "大分県杵築市大内７７０７番地２", "緯度": 33.424198, "経度": 131.631929, "url": "https://www.iryou.teikyouseido.mhlw.go.jp/znk-web/juminkanja/S2430/initialize?prefCd=44&kikanCd=1226500000&kikanKbn=5", "url2": null, "内容": "ジェイ・エイ薬局【5:薬局】大分県杵築市大内７７０７番地２" }, "geometry": { "type": "Point", "coordinates": [ 131.631929, 33.424198 ] } },
{ "type": "Feature", "properties": { "ID": "4451226700000", "正式名称": "城山調剤薬局　北浜店", "機関区分": 5, "都道府県コード": 44, "市区町村コード": 210, "所在地": "大分県杵築市杵築６６５－７５０", "緯度": 33.418532, "経度": 131.629402, "url": "https://www.iryou.teikyouseido.mhlw.go.jp/znk-web/juminkanja/S2430/initialize?prefCd=44&kikanCd=1226700000&kikanKbn=5", "url2": "https://www.e-classa.net/siroyamakitahama/life/classa/", "内容": "城山調剤薬局　北浜店【5:薬局】大分県杵築市杵築６６５－７５０" }, "geometry": { "type": "Point", "coordinates": [ 131.629402, 33.418532 ] } },
{ "type": "Feature", "properties": { "ID": "4451226800000", "正式名称": "城山調剤薬局　中央店", "機関区分": 5, "都道府県コード": 44, "市区町村コード": 210, "所在地": "大分県杵築市杵築６６５ー７８６", "緯度": 33.418926, "経度": 131.624411, "url": "https://www.iryou.teikyouseido.mhlw.go.jp/znk-web/juminkanja/S2430/initialize?prefCd=44&kikanCd=1226800000&kikanKbn=5", "url2": null, "内容": "城山調剤薬局　中央店【5:薬局】大分県杵築市杵築６６５ー７８６" }, "geometry": { "type": "Point", "coordinates": [ 131.624411, 33.418926 ] } },
{ "type": "Feature", "properties": { "ID": "4451227000000", "正式名称": "たていし調剤薬局", "機関区分": 5, "都道府県コード": 44, "市区町村コード": 210, "所在地": "大分県杵築市山香町大字立石１２６３－１１", "緯度": 33.481473, "経度": 131.477482, "url": "https://www.iryou.teikyouseido.mhlw.go.jp/znk-web/juminkanja/S2430/initialize?prefCd=44&kikanCd=1227000000&kikanKbn=5", "url2": "http://ww2.e-class-a.net/tatechou/", "内容": "たていし調剤薬局【5:薬局】大分県杵築市山香町大字立石１２６３－１１" }, "geometry": { "type": "Point", "coordinates": [ 131.477482, 33.481473 ] } },
{ "type": "Feature", "properties": { "ID": "4451227100000", "正式名称": "有限会社　永松薬局", "機関区分": 5, "都道府県コード": 44, "市区町村コード": 210, "所在地": "大分県杵築市南杵築１９４７－４", "緯度": 33.414223, "経度": 131.608667, "url": "https://www.iryou.teikyouseido.mhlw.go.jp/znk-web/juminkanja/S2430/initialize?prefCd=44&kikanCd=1227100000&kikanKbn=5", "url2": null, "内容": "有限会社　永松薬局【5:薬局】大分県杵築市南杵築１９４７－４" }, "geometry": { "type": "Point", "coordinates": [ 131.608667, 33.414223 ] } },
{ "type": "Feature", "properties": { "ID": "4451227200000", "正式名称": "永松薬局　大内店", "機関区分": 5, "都道府県コード": 44, "市区町村コード": 210, "所在地": "大分県杵築市大内７６９６－３", "緯度": 33.423212, "経度": 131.631564, "url": "https://www.iryou.teikyouseido.mhlw.go.jp/znk-web/juminkanja/S2430/initialize?prefCd=44&kikanCd=1227200000&kikanKbn=5", "url2": null, "内容": "永松薬局　大内店【5:薬局】大分県杵築市大内７６９６－３" }, "geometry": { "type": "Point", "coordinates": [ 131.631564, 33.423212 ] } },
{ "type": "Feature", "properties": { "ID": "4451227300000", "正式名称": "のぞみ調剤薬局", "機関区分": 5, "都道府県コード": 44, "市区町村コード": 210, "所在地": "大分県杵築市杵築１２０―４", "緯度": 33.416054, "経度": 131.622999, "url": "https://www.iryou.teikyouseido.mhlw.go.jp/znk-web/juminkanja/S2430/initialize?prefCd=44&kikanCd=1227300000&kikanKbn=5", "url2": null, "内容": "のぞみ調剤薬局【5:薬局】大分県杵築市杵築１２０―４" }, "geometry": { "type": "Point", "coordinates": [ 131.622999, 33.416054 ] } },
{ "type": "Feature", "properties": { "ID": "4451227400000", "正式名称": "山香町立病院前薬局", "機関区分": 5, "都道府県コード": 44, "市区町村コード": 210, "所在地": "大分県杵築市山香町野原１６４１", "緯度": 33.44563, "経度": 131.508082, "url": "https://www.iryou.teikyouseido.mhlw.go.jp/znk-web/juminkanja/S2430/initialize?prefCd=44&kikanCd=1227400000&kikanKbn=5", "url2": "https://yamaagacho-hp-ph.com", "内容": "山香町立病院前薬局【5:薬局】大分県杵築市山香町野原１６４１" }, "geometry": { "type": "Point", "coordinates": [ 131.508082, 33.44563 ] } },
{ "type": "Feature", "properties": { "ID": "4451227500000", "正式名称": "ワタナベ薬局　山香店", "機関区分": 5, "都道府県コード": 44, "市区町村コード": 210, "所在地": "大分県杵築市山香町野原１６４３－２", "緯度": 33.445536, "経度": 131.507973, "url": "https://www.iryou.teikyouseido.mhlw.go.jp/znk-web/juminkanja/S2430/initialize?prefCd=44&kikanCd=1227500000&kikanKbn=5", "url2": null, "内容": "ワタナベ薬局　山香店【5:薬局】大分県杵築市山香町野原１６４３－２" }, "geometry": { "type": "Point", "coordinates": [ 131.507973, 33.445536 ] } },
{ "type": "Feature", "properties": { "ID": "4451227600000", "正式名称": "あゆみ調剤薬局", "機関区分": 5, "都道府県コード": 44, "市区町村コード": 341, "所在地": "大分県速見郡日出町３８３９番地の６", "緯度": 33.375463, "経度": 131.53111, "url": "https://www.iryou.teikyouseido.mhlw.go.jp/znk-web/juminkanja/S2430/initialize?prefCd=44&kikanCd=1227600000&kikanKbn=5", "url2": null, "内容": "あゆみ調剤薬局【5:薬局】大分県速見郡日出町３８３９番地の６" }, "geometry": { "type": "Point", "coordinates": [ 131.53111, 33.375463 ] } },
{ "type": "Feature", "properties": { "ID": "4451227700000", "正式名称": "小向調剤薬局", "機関区分": 5, "都道府県コード": 44, "市区町村コード": 341, "所在地": "大分県速見郡日出町川崎３－２", "緯度": 33.373643, "経度": 131.537731, "url": "https://www.iryou.teikyouseido.mhlw.go.jp/znk-web/juminkanja/S2430/initialize?prefCd=44&kikanCd=1227700000&kikanKbn=5", "url2": "http://komukai-ph.com/", "内容": "小向調剤薬局【5:薬局】大分県速見郡日出町川崎３－２" }, "geometry": { "type": "Point", "coordinates": [ 131.537731, 33.373643 ] } },
{ "type": "Feature", "properties": { "ID": "4451227800000", "正式名称": "小向薬局本店", "機関区分": 5, "都道府県コード": 44, "市区町村コード": 341, "所在地": "大分県速見郡日出町２９９６番地", "緯度": 33.369, "経度": 131.53405, "url": "https://www.iryou.teikyouseido.mhlw.go.jp/znk-web/juminkanja/S2430/initialize?prefCd=44&kikanCd=1227800000&kikanKbn=5", "url2": "http://komukai-ph.com", "内容": "小向薬局本店【5:薬局】大分県速見郡日出町２９９６番地" }, "geometry": { "type": "Point", "coordinates": [ 131.53405, 33.369 ] } },
{ "type": "Feature", "properties": { "ID": "4451227900000", "正式名称": "さとう調剤薬局", "機関区分": 5, "都道府県コード": 44, "市区町村コード": 341, "所在地": "大分県速見郡日出町３８３４－１２", "緯度": 33.37465, "経度": 131.530048, "url": "https://www.iryou.teikyouseido.mhlw.go.jp/znk-web/juminkanja/S2430/initialize?prefCd=44&kikanCd=1227900000&kikanKbn=5", "url2": null, "内容": "さとう調剤薬局【5:薬局】大分県速見郡日出町３８３４－１２" }, "geometry": { "type": "Point", "coordinates": [ 131.530048, 33.37465 ] } },
{ "type": "Feature", "properties": { "ID": "4451228000000", "正式名称": "さとう調剤薬局　佐尾店", "機関区分": 5, "都道府県コード": 44, "市区町村コード": 341, "所在地": "大分県速見郡日出町３９０４ー７", "緯度": 33.374119, "経度": 131.52865, "url": "https://www.iryou.teikyouseido.mhlw.go.jp/znk-web/juminkanja/S2430/initialize?prefCd=44&kikanCd=1228000000&kikanKbn=5", "url2": null, "内容": "さとう調剤薬局　佐尾店【5:薬局】大分県速見郡日出町３９０４ー７" }, "geometry": { "type": "Point", "coordinates": [ 131.52865, 33.374119 ] } },
{ "type": "Feature", "properties": { "ID": "4451228200000", "正式名称": "タカサキ薬局　日出店", "機関区分": 5, "都道府県コード": 44, "市区町村コード": 341, "所在地": "大分県速見郡日出町日出町３９０２－７", "緯度": 33.374461, "経度": 131.530498, "url": "https://www.iryou.teikyouseido.mhlw.go.jp/znk-web/juminkanja/S2430/initialize?prefCd=44&kikanCd=1228200000&kikanKbn=5", "url2": "http://www.takasaki-pharm.co.jp/", "内容": "タカサキ薬局　日出店【5:薬局】大分県速見郡日出町日出町３９０２－７" }, "geometry": { "type": "Point", "coordinates": [ 131.530498, 33.374461 ] } },
{ "type": "Feature", "properties": { "ID": "4451228300000", "正式名称": "つつみ薬局", "機関区分": 5, "都道府県コード": 44, "市区町村コード": 341, "所在地": "大分県速見郡日出町３４１１－１", "緯度": 33.372907, "経度": 131.536874, "url": "https://www.iryou.teikyouseido.mhlw.go.jp/znk-web/juminkanja/S2430/initialize?prefCd=44&kikanCd=1228300000&kikanKbn=5", "url2": null, "内容": "つつみ薬局【5:薬局】大分県速見郡日出町３４１１－１" }, "geometry": { "type": "Point", "coordinates": [ 131.536874, 33.372907 ] } },
{ "type": "Feature", "properties": { "ID": "4451228600000", "正式名称": "日出調剤薬局【健康サポート薬局】", "機関区分": 5, "都道府県コード": 44, "市区町村コード": 341, "所在地": "大分県速見郡日出町３８５２－９", "緯度": 33.374961, "経度": 131.531711, "url": "https://www.iryou.teikyouseido.mhlw.go.jp/znk-web/juminkanja/S2430/initialize?prefCd=44&kikanCd=1228600000&kikanKbn=5", "url2": "http://hijipharmacy.sakura.ne.jp/", "内容": "日出調剤薬局【健康サポート薬局】【5:薬局】大分県速見郡日出町３８５２－９" }, "geometry": { "type": "Point", "coordinates": [ 131.531711, 33.374961 ] } },
{ "type": "Feature", "properties": { "ID": "4451228900000", "正式名称": "暘谷駅前薬局", "機関区分": 5, "都道府県コード": 44, "市区町村コード": 341, "所在地": "大分県速見郡日出町日出町３１６６", "緯度": 33.370324, "経度": 131.529492, "url": "https://www.iryou.teikyouseido.mhlw.go.jp/znk-web/juminkanja/S2430/initialize?prefCd=44&kikanCd=1228900000&kikanKbn=5", "url2": "https://www.kusurinomadoguchi.com/oita/s76654", "内容": "暘谷駅前薬局【5:薬局】大分県速見郡日出町日出町３１６６" }, "geometry": { "type": "Point", "coordinates": [ 131.529492, 33.370324 ] } },
{ "type": "Feature", "properties": { "ID": "4451229000000", "正式名称": "あさがお薬局", "機関区分": 5, "都道府県コード": 44, "市区町村コード": 214, "所在地": "大分県国東市国東町綱井", "緯度": 33.526547, "経度": 131.726328, "url": "https://www.iryou.teikyouseido.mhlw.go.jp/znk-web/juminkanja/S2430/initialize?prefCd=44&kikanCd=1229000000&kikanKbn=5", "url2": null, "内容": "あさがお薬局【5:薬局】大分県国東市国東町綱井" }, "geometry": { "type": "Point", "coordinates": [ 131.726328, 33.526547 ] } },
{ "type": "Feature", "properties": { "ID": "4451229300000", "正式名称": "ゑびす家薬局", "機関区分": 5, "都道府県コード": 44, "市区町村コード": 214, "所在地": "大分県国東市国東町富来浦１７８８－１１", "緯度": 33.600495, "経度": 131.712404, "url": "https://www.iryou.teikyouseido.mhlw.go.jp/znk-web/juminkanja/S2430/initialize?prefCd=44&kikanCd=1229300000&kikanKbn=5", "url2": null, "内容": "ゑびす家薬局【5:薬局】大分県国東市国東町富来浦１７８８－１１" }, "geometry": { "type": "Point", "coordinates": [ 131.712404, 33.600495 ] } },
{ "type": "Feature", "properties": { "ID": "4451229400000", "正式名称": "国東市民病院前薬局", "機関区分": 5, "都道府県コード": 44, "市区町村コード": 214, "所在地": "大分県国東市安岐町下原１４６６番２", "緯度": 33.468354, "経度": 131.719267, "url": "https://www.iryou.teikyouseido.mhlw.go.jp/znk-web/juminkanja/S2430/initialize?prefCd=44&kikanCd=1229400000&kikanKbn=5", "url2": "http://www.sorin.jp", "内容": "国東市民病院前薬局【5:薬局】大分県国東市安岐町下原１４６６番２" }, "geometry": { "type": "Point", "coordinates": [ 131.719267, 33.468354 ] } },
{ "type": "Feature", "properties": { "ID": "4451229500000", "正式名称": "コスモス薬局", "機関区分": 5, "都道府県コード": 44, "市区町村コード": 214, "所在地": "大分県国東市国東町鶴川１９７ー２", "緯度": 33.562247, "経度": 131.733096, "url": "https://www.iryou.teikyouseido.mhlw.go.jp/znk-web/juminkanja/S2430/initialize?prefCd=44&kikanCd=1229500000&kikanKbn=5", "url2": null, "内容": "コスモス薬局【5:薬局】大分県国東市国東町鶴川１９７ー２" }, "geometry": { "type": "Point", "coordinates": [ 131.733096, 33.562247 ] } },
{ "type": "Feature", "properties": { "ID": "4451229600000", "正式名称": "たかはし薬局", "機関区分": 5, "都道府県コード": 44, "市区町村コード": 214, "所在地": "大分県国東市武蔵町古市１１２－３", "緯度": 33.501385, "経度": 131.725254, "url": "https://www.iryou.teikyouseido.mhlw.go.jp/znk-web/juminkanja/S2430/initialize?prefCd=44&kikanCd=1229600000&kikanKbn=5", "url2": null, "内容": "たかはし薬局【5:薬局】大分県国東市武蔵町古市１１２－３" }, "geometry": { "type": "Point", "coordinates": [ 131.725254, 33.501385 ] } },
{ "type": "Feature", "properties": { "ID": "4451229700000", "正式名称": "有限会社　友松薬局　伊美店", "機関区分": 5, "都道府県コード": 44, "市区町村コード": 214, "所在地": "大分県国東市国見町伊美２７０２－２", "緯度": 33.684822, "経度": 131.598508, "url": "https://www.iryou.teikyouseido.mhlw.go.jp/znk-web/juminkanja/S2430/initialize?prefCd=44&kikanCd=1229700000&kikanKbn=5", "url2": "http://tomomatsu-pharmacy.com/", "内容": "有限会社　友松薬局　伊美店【5:薬局】大分県国東市国見町伊美２７０２－２" }, "geometry": { "type": "Point", "coordinates": [ 131.598508, 33.684822 ] } },
{ "type": "Feature", "properties": { "ID": "4451229800000", "正式名称": "なのはな薬局", "機関区分": 5, "都道府県コード": 44, "市区町村コード": 214, "所在地": "大分県国東市武蔵町古市９０番の４", "緯度": 33.501512, "経度": 131.722357, "url": "https://www.iryou.teikyouseido.mhlw.go.jp/znk-web/juminkanja/S2430/initialize?prefCd=44&kikanCd=1229800000&kikanKbn=5", "url2": "https://www.kusurinomadoguchi.com/oita/s76257", "内容": "なのはな薬局【5:薬局】大分県国東市武蔵町古市９０番の４" }, "geometry": { "type": "Point", "coordinates": [ 131.722357, 33.501512 ] } },
{ "type": "Feature", "properties": { "ID": "4451229900000", "正式名称": "有限会社　ハシモト薬局", "機関区分": 5, "都道府県コード": 44, "市区町村コード": 214, "所在地": "大分県国東市安岐町塩屋３０８番地１", "緯度": 33.457168, "経度": 131.720101, "url": "https://www.iryou.teikyouseido.mhlw.go.jp/znk-web/juminkanja/S2430/initialize?prefCd=44&kikanCd=1229900000&kikanKbn=5", "url2": null, "内容": "有限会社　ハシモト薬局【5:薬局】大分県国東市安岐町塩屋３０８番地１" }, "geometry": { "type": "Point", "coordinates": [ 131.720101, 33.457168 ] } },
{ "type": "Feature", "properties": { "ID": "4451230000000", "正式名称": "プラム薬局　安岐店", "機関区分": 5, "都道府県コード": 44, "市区町村コード": 214, "所在地": "大分県国東市安岐町塩屋１１３－４", "緯度": 33.459375, "経度": 131.718931, "url": "https://www.iryou.teikyouseido.mhlw.go.jp/znk-web/juminkanja/S2430/initialize?prefCd=44&kikanCd=1230000000&kikanKbn=5", "url2": null, "内容": "プラム薬局　安岐店【5:薬局】大分県国東市安岐町塩屋１１３－４" }, "geometry": { "type": "Point", "coordinates": [ 131.718931, 33.459375 ] } },
{ "type": "Feature", "properties": { "ID": "4451230300000", "正式名称": "アイン薬局　国東店", "機関区分": 5, "都道府県コード": 44, "市区町村コード": 214, "所在地": "大分県国東市国見町大熊毛花開１８２－１", "緯度": 33.657192, "経度": 131.650264, "url": "https://www.iryou.teikyouseido.mhlw.go.jp/znk-web/juminkanja/S2430/initialize?prefCd=44&kikanCd=1230300000&kikanKbn=5", "url2": "https://www.ainj.co.jp/", "内容": "アイン薬局　国東店【5:薬局】大分県国東市国見町大熊毛花開１８２－１" }, "geometry": { "type": "Point", "coordinates": [ 131.650264, 33.657192 ] } },
{ "type": "Feature", "properties": { "ID": "4451230400000", "正式名称": "ロ・セレーノ調剤薬局", "機関区分": 5, "都道府県コード": 44, "市区町村コード": 214, "所在地": "大分県国東市国東町小原２７２１－１", "緯度": 33.544312, "経度": 131.739341, "url": "https://www.iryou.teikyouseido.mhlw.go.jp/znk-web/juminkanja/S2430/initialize?prefCd=44&kikanCd=1230400000&kikanKbn=5", "url2": null, "内容": "ロ・セレーノ調剤薬局【5:薬局】大分県国東市国東町小原２７２１－１" }, "geometry": { "type": "Point", "coordinates": [ 131.739341, 33.544312 ] } },
{ "type": "Feature", "properties": { "ID": "4451230600000", "正式名称": "遠藤薬局", "機関区分": 5, "都道府県コード": 44, "市区町村コード": 206, "所在地": "大分県臼杵市大字江無田２５６の３", "緯度": 33.126912, "経度": 131.78963, "url": "https://www.iryou.teikyouseido.mhlw.go.jp/znk-web/juminkanja/S2430/initialize?prefCd=44&kikanCd=1230600000&kikanKbn=5", "url2": null, "内容": "遠藤薬局【5:薬局】大分県臼杵市大字江無田２５６の３" }, "geometry": { "type": "Point", "coordinates": [ 131.78963, 33.126912 ] } },
{ "type": "Feature", "properties": { "ID": "4451230700000", "正式名称": "有限会社　オカハチ薬局", "機関区分": 5, "都道府県コード": 44, "市区町村コード": 206, "所在地": "大分県臼杵市大字臼杵字浜１６４番地の７", "緯度": 33.118467, "経度": 131.802474, "url": "https://www.iryou.teikyouseido.mhlw.go.jp/znk-web/juminkanja/S2430/initialize?prefCd=44&kikanCd=1230700000&kikanKbn=5", "url2": null, "内容": "有限会社　オカハチ薬局【5:薬局】大分県臼杵市大字臼杵字浜１６４番地の７" }, "geometry": { "type": "Point", "coordinates": [ 131.802474, 33.118467 ] } },
{ "type": "Feature", "properties": { "ID": "4451230800000", "正式名称": "かめや薬局", "機関区分": 5, "都道府県コード": 44, "市区町村コード": 206, "所在地": "大分県臼杵市臼杵掛町２組", "緯度": 33.119573, "経度": 131.796461, "url": "https://www.iryou.teikyouseido.mhlw.go.jp/znk-web/juminkanja/S2430/initialize?prefCd=44&kikanCd=1230800000&kikanKbn=5", "url2": "http://www.kigusuri.com/shop/kameya/topic/admin..php", "内容": "かめや薬局【5:薬局】大分県臼杵市臼杵掛町２組" }, "geometry": { "type": "Point", "coordinates": [ 131.796461, 33.119573 ] } },
{ "type": "Feature", "properties": { "ID": "4451231000000", "正式名称": "有）かんだ薬局　田町店", "機関区分": 5, "都道府県コード": 44, "市区町村コード": 206, "所在地": "大分県臼杵市大字臼杵字田町３０７", "緯度": 33.118377, "経度": 131.7957, "url": "https://www.iryou.teikyouseido.mhlw.go.jp/znk-web/juminkanja/S2430/initialize?prefCd=44&kikanCd=1231000000&kikanKbn=5", "url2": null, "内容": "有）かんだ薬局　田町店【5:薬局】大分県臼杵市大字臼杵字田町３０７" }, "geometry": { "type": "Point", "coordinates": [ 131.7957, 33.118377 ] } },
{ "type": "Feature", "properties": { "ID": "4451231200000", "正式名称": "新星薬局", "機関区分": 5, "都道府県コード": 44, "市区町村コード": 206, "所在地": "大分県臼杵市臼杵２９１番地の１", "緯度": 33.118087, "経度": 131.796572, "url": "https://www.iryou.teikyouseido.mhlw.go.jp/znk-web/juminkanja/S2430/initialize?prefCd=44&kikanCd=1231200000&kikanKbn=5", "url2": null, "内容": "新星薬局【5:薬局】大分県臼杵市臼杵２９１番地の１" }, "geometry": { "type": "Point", "coordinates": [ 131.796572, 33.118087 ] } },
{ "type": "Feature", "properties": { "ID": "4451231400000", "正式名称": "そうごう薬局　臼杵コスモス店", "機関区分": 5, "都道府県コード": 44, "市区町村コード": 206, "所在地": "大分県臼杵市大字江無田１１０９番１", "緯度": 33.124063, "経度": 131.779463, "url": "https://www.iryou.teikyouseido.mhlw.go.jp/znk-web/juminkanja/S2430/initialize?prefCd=44&kikanCd=1231400000&kikanKbn=5", "url2": "http://www.sogo-medical.co.jp/", "内容": "そうごう薬局　臼杵コスモス店【5:薬局】大分県臼杵市大字江無田１１０９番１" }, "geometry": { "type": "Point", "coordinates": [ 131.779463, 33.124063 ] } },
{ "type": "Feature", "properties": { "ID": "4451231600000", "正式名称": "友松薬局　野津店", "機関区分": 5, "都道府県コード": 44, "市区町村コード": 206, "所在地": "大分県臼杵市野津町野津市１２２－１", "緯度": 33.043381, "経度": 131.691522, "url": "https://www.iryou.teikyouseido.mhlw.go.jp/znk-web/juminkanja/S2430/initialize?prefCd=44&kikanCd=1231600000&kikanKbn=5", "url2": "https://www.tomomatsu-pharmacy.com", "内容": "友松薬局　野津店【5:薬局】大分県臼杵市野津町野津市１２２－１" }, "geometry": { "type": "Point", "coordinates": [ 131.691522, 33.043381 ] } },
{ "type": "Feature", "properties": { "ID": "4451231700000", "正式名称": "永冨調剤薬局　市浜店", "機関区分": 5, "都道府県コード": 44, "市区町村コード": 206, "所在地": "大分県臼杵市大字市浜６７０番１", "緯度": 33.12102, "経度": 131.792434, "url": "https://www.iryou.teikyouseido.mhlw.go.jp/znk-web/juminkanja/S2430/initialize?prefCd=44&kikanCd=1231700000&kikanKbn=5", "url2": "https://www.nanohana-ph.jp/shop/kyusyu/ooita/cat1/nagatomi-ichihama.php", "内容": "永冨調剤薬局　市浜店【5:薬局】大分県臼杵市大字市浜６７０番１" }, "geometry": { "type": "Point", "coordinates": [ 131.792434, 33.12102 ] } },
{ "type": "Feature", "properties": { "ID": "4451231800000", "正式名称": "永冨調剤薬局　臼杵店", "機関区分": 5, "都道府県コード": 44, "市区町村コード": 206, "所在地": "大分県臼杵市大字臼杵字浜２－１０７－７５１", "緯度": 33.121412, "経度": 131.805958, "url": "https://www.iryou.teikyouseido.mhlw.go.jp/znk-web/juminkanja/S2430/initialize?prefCd=44&kikanCd=1231800000&kikanKbn=5", "url2": "https://www.nanohana-ph.jp/shop/kyusyu/ooita/cat1/nagatomi-usuki.php", "内容": "永冨調剤薬局　臼杵店【5:薬局】大分県臼杵市大字臼杵字浜２－１０７－７５１" }, "geometry": { "type": "Point", "coordinates": [ 131.805958, 33.121412 ] } },
{ "type": "Feature", "properties": { "ID": "4451232000000", "正式名称": "萬里薬局", "機関区分": 5, "都道府県コード": 44, "市区町村コード": 206, "所在地": "大分県臼杵市臼杵６２３番地の２", "緯度": 33.119923, "経度": 131.799666, "url": "https://www.iryou.teikyouseido.mhlw.go.jp/znk-web/juminkanja/S2430/initialize?prefCd=44&kikanCd=1232000000&kikanKbn=5", "url2": "https://manri-ph.co.jp/", "内容": "萬里薬局【5:薬局】大分県臼杵市臼杵６２３番地の２" }, "geometry": { "type": "Point", "coordinates": [ 131.799666, 33.119923 ] } },
{ "type": "Feature", "properties": { "ID": "4451232200000", "正式名称": "萬里薬局　洲崎店", "機関区分": 5, "都道府県コード": 44, "市区町村コード": 206, "所在地": "大分県臼杵市臼杵２－１０７－７１７", "緯度": 33.122574, "経度": 131.806374, "url": "https://www.iryou.teikyouseido.mhlw.go.jp/znk-web/juminkanja/S2430/initialize?prefCd=44&kikanCd=1232200000&kikanKbn=5", "url2": "https://www.manri-ph.co.jp/", "内容": "萬里薬局　洲崎店【5:薬局】大分県臼杵市臼杵２－１０７－７１７" }, "geometry": { "type": "Point", "coordinates": [ 131.806374, 33.122574 ] } },
{ "type": "Feature", "properties": { "ID": "4451232300000", "正式名称": "峯薬局", "機関区分": 5, "都道府県コード": 44, "市区町村コード": 206, "所在地": "大分県臼杵市大字市浜字堂尻１１４８－６", "緯度": 33.112534, "経度": 131.786995, "url": "https://www.iryou.teikyouseido.mhlw.go.jp/znk-web/juminkanja/S2430/initialize?prefCd=44&kikanCd=1232300000&kikanKbn=5", "url2": null, "内容": "峯薬局【5:薬局】大分県臼杵市大字市浜字堂尻１１４８－６" }, "geometry": { "type": "Point", "coordinates": [ 131.786995, 33.112534 ] } },
{ "type": "Feature", "properties": { "ID": "4451232400000", "正式名称": "森町薬局　臼杵店", "機関区分": 5, "都道府県コード": 44, "市区町村コード": 206, "所在地": "大分県臼杵市海添４２番地の５", "緯度": 33.116101, "経度": 131.802772, "url": "https://www.iryou.teikyouseido.mhlw.go.jp/znk-web/juminkanja/S2430/initialize?prefCd=44&kikanCd=1232400000&kikanKbn=5", "url2": null, "内容": "森町薬局　臼杵店【5:薬局】大分県臼杵市海添４２番地の５" }, "geometry": { "type": "Point", "coordinates": [ 131.802772, 33.116101 ] } },
{ "type": "Feature", "properties": { "ID": "4451232600000", "正式名称": "かえで薬局", "機関区分": 5, "都道府県コード": 44, "市区町村コード": 207, "所在地": "大分県津久見市宮本町１１３２番地１", "緯度": 33.072258, "経度": 131.864366, "url": "https://www.iryou.teikyouseido.mhlw.go.jp/znk-web/juminkanja/S2430/initialize?prefCd=44&kikanCd=1232600000&kikanKbn=5", "url2": null, "内容": "かえで薬局【5:薬局】大分県津久見市宮本町１１３２番地１" }, "geometry": { "type": "Point", "coordinates": [ 131.864366, 33.072258 ] } },
{ "type": "Feature", "properties": { "ID": "4451232700000", "正式名称": "そうごう薬局　津久見店【健康サポート薬局】", "機関区分": 5, "都道府県コード": 44, "市区町村コード": 207, "所在地": "大分県津久見市大字千怒６１２６番地の２", "緯度": 33.072476, "経度": 131.8882, "url": "https://www.iryou.teikyouseido.mhlw.go.jp/znk-web/juminkanja/S2430/initialize?prefCd=44&kikanCd=1232700000&kikanKbn=5", "url2": "http://www.sogo-medical.co.jp", "内容": "そうごう薬局　津久見店【健康サポート薬局】【5:薬局】大分県津久見市大字千怒６１２６番地の２" }, "geometry": { "type": "Point", "coordinates": [ 131.8882, 33.072476 ] } },
{ "type": "Feature", "properties": { "ID": "4451232800000", "正式名称": "長生堂薬局", "機関区分": 5, "都道府県コード": 44, "市区町村コード": 207, "所在地": "大分県津久見市中央町８－２６", "緯度": 33.073789, "経度": 131.863602, "url": "https://www.iryou.teikyouseido.mhlw.go.jp/znk-web/juminkanja/S2430/initialize?prefCd=44&kikanCd=1232800000&kikanKbn=5", "url2": null, "内容": "長生堂薬局【5:薬局】大分県津久見市中央町８－２６" }, "geometry": { "type": "Point", "coordinates": [ 131.863602, 33.073789 ] } },
{ "type": "Feature", "properties": { "ID": "4451233000000", "正式名称": "ローズ薬局", "機関区分": 5, "都道府県コード": 44, "市区町村コード": 207, "所在地": "大分県津久見市上宮本町２２番１０号", "緯度": 33.071072, "経度": 131.860449, "url": "https://www.iryou.teikyouseido.mhlw.go.jp/znk-web/juminkanja/S2430/initialize?prefCd=44&kikanCd=1233000000&kikanKbn=5", "url2": null, "内容": "ローズ薬局【5:薬局】大分県津久見市上宮本町２２番１０号" }, "geometry": { "type": "Point", "coordinates": [ 131.860449, 33.071072 ] } },
{ "type": "Feature", "properties": { "ID": "4451233100000", "正式名称": "赤松薬局", "機関区分": 5, "都道府県コード": 44, "市区町村コード": 213, "所在地": "大分県由布市挾間町向原１４８－１０", "緯度": 33.197287, "経度": 131.514265, "url": "https://www.iryou.teikyouseido.mhlw.go.jp/znk-web/juminkanja/S2430/initialize?prefCd=44&kikanCd=1233100000&kikanKbn=5", "url2": null, "内容": "赤松薬局【5:薬局】大分県由布市挾間町向原１４８－１０" }, "geometry": { "type": "Point", "coordinates": [ 131.514265, 33.197287 ] } },
{ "type": "Feature", "properties": { "ID": "4451233300000", "正式名称": "庄内調剤薬局", "機関区分": 5, "都道府県コード": 44, "市区町村コード": 213, "所在地": "大分県由布市庄内町大龍２３５６－２", "緯度": 33.180072, "経度": 131.447127, "url": "https://www.iryou.teikyouseido.mhlw.go.jp/znk-web/juminkanja/S2430/initialize?prefCd=44&kikanCd=1233300000&kikanKbn=5", "url2": "http://www.kawano-pharmacy.jp/", "内容": "庄内調剤薬局【5:薬局】大分県由布市庄内町大龍２３５６－２" }, "geometry": { "type": "Point", "coordinates": [ 131.447127, 33.180072 ] } },
{ "type": "Feature", "properties": { "ID": "4451233500000", "正式名称": "杉原薬局　湯布院店", "機関区分": 5, "都道府県コード": 44, "市区町村コード": 213, "所在地": "大分県由布市湯布院町川上３０６１－９", "緯度": 33.26607, "経度": 131.358392, "url": "https://www.iryou.teikyouseido.mhlw.go.jp/znk-web/juminkanja/S2430/initialize?prefCd=44&kikanCd=1233500000&kikanKbn=5", "url2": "https://www.sugihara-web.com/", "内容": "杉原薬局　湯布院店【5:薬局】大分県由布市湯布院町川上３０６１－９" }, "geometry": { "type": "Point", "coordinates": [ 131.358392, 33.26607 ] } },
{ "type": "Feature", "properties": { "ID": "4451233800000", "正式名称": "永冨調剤薬局　はさま店", "機関区分": 5, "都道府県コード": 44, "市区町村コード": 213, "所在地": "大分県由布市挾間町北方７５６番２", "緯度": 33.203942, "経度": 131.512232, "url": "https://www.iryou.teikyouseido.mhlw.go.jp/znk-web/juminkanja/S2430/initialize?prefCd=44&kikanCd=1233800000&kikanKbn=5", "url2": "https://www.nanohana-ph.jp/shop/kyusyu/ooita/cat2/nagatomi-hasama.php", "内容": "永冨調剤薬局　はさま店【5:薬局】大分県由布市挾間町北方７５６番２" }, "geometry": { "type": "Point", "coordinates": [ 131.512232, 33.203942 ] } },
{ "type": "Feature", "properties": { "ID": "4451233900000", "正式名称": "永冨調剤薬局　はさまイオン前店", "機関区分": 5, "都道府県コード": 44, "市区町村コード": 213, "所在地": "大分県由布市挾間町北方字下角５３番地", "緯度": 33.204476, "経度": 131.519627, "url": "https://www.iryou.teikyouseido.mhlw.go.jp/znk-web/juminkanja/S2430/initialize?prefCd=44&kikanCd=1233900000&kikanKbn=5", "url2": "https://www.nanohana-ph.jp/shop/kyusyu/ooita/cat2/nagatomi-hasamajasukomae.php", "内容": "永冨調剤薬局　はさまイオン前店【5:薬局】大分県由布市挾間町北方字下角５３番地" }, "geometry": { "type": "Point", "coordinates": [ 131.519627, 33.204476 ] } },
{ "type": "Feature", "properties": { "ID": "4451234000000", "正式名称": "西庄内調剤薬局", "機関区分": 5, "都道府県コード": 44, "市区町村コード": 213, "所在地": "大分県由布市庄内町庄内原字前８２８番３", "緯度": 33.183963, "経度": 131.39695, "url": "https://www.iryou.teikyouseido.mhlw.go.jp/znk-web/juminkanja/S2430/initialize?prefCd=44&kikanCd=1234000000&kikanKbn=5", "url2": "http://www.kawano-pharmacy.jp/", "内容": "西庄内調剤薬局【5:薬局】大分県由布市庄内町庄内原字前８２８番３" }, "geometry": { "type": "Point", "coordinates": [ 131.39695, 33.183963 ] } },
{ "type": "Feature", "properties": { "ID": "4451234100000", "正式名称": "はさま調剤薬局", "機関区分": 5, "都道府県コード": 44, "市区町村コード": 213, "所在地": "大分県由布市挾間町向原３４０－２", "緯度": 33.198713, "経度": 131.510906, "url": "https://www.iryou.teikyouseido.mhlw.go.jp/znk-web/juminkanja/S2430/initialize?prefCd=44&kikanCd=1234100000&kikanKbn=5", "url2": "http://www.bungoya.co.jp/shop_hasama/index.html", "内容": "はさま調剤薬局【5:薬局】大分県由布市挾間町向原３４０－２" }, "geometry": { "type": "Point", "coordinates": [ 131.510906, 33.198713 ] } },
{ "type": "Feature", "properties": { "ID": "4451234200000", "正式名称": "輔仁薬局　湯布院店", "機関区分": 5, "都道府県コード": 44, "市区町村コード": 213, "所在地": "大分県由布市湯布院町川南字台３０５－１", "緯度": 33.256958, "経度": 131.35819, "url": "https://www.iryou.teikyouseido.mhlw.go.jp/znk-web/juminkanja/S2430/initialize?prefCd=44&kikanCd=1234200000&kikanKbn=5", "url2": "http://www.hojinyakkyoku.com/", "内容": "輔仁薬局　湯布院店【5:薬局】大分県由布市湯布院町川南字台３０５－１" }, "geometry": { "type": "Point", "coordinates": [ 131.35819, 33.256958 ] } },
{ "type": "Feature", "properties": { "ID": "4451234300000", "正式名称": "まごころ調剤薬局　はさま店", "機関区分": 5, "都道府県コード": 44, "市区町村コード": 213, "所在地": "大分県由布市挾間町北方", "緯度": 33.205357, "経度": 131.522557, "url": "https://www.iryou.teikyouseido.mhlw.go.jp/znk-web/juminkanja/S2430/initialize?prefCd=44&kikanCd=1234300000&kikanKbn=5", "url2": "https://www.hojinyakkyoku.com/", "内容": "まごころ調剤薬局　はさま店【5:薬局】大分県由布市挾間町北方" }, "geometry": { "type": "Point", "coordinates": [ 131.522557, 33.205357 ] } },
{ "type": "Feature", "properties": { "ID": "4451234400000", "正式名称": "みさと薬局　挾間店", "機関区分": 5, "都道府県コード": 44, "市区町村コード": 213, "所在地": "大分県由布市挾間町挾間２７０番地１", "緯度": 33.204118, "経度": 131.518166, "url": "https://www.iryou.teikyouseido.mhlw.go.jp/znk-web/juminkanja/S2430/initialize?prefCd=44&kikanCd=1234400000&kikanKbn=5", "url2": "www.hojinyakkyoku.com", "内容": "みさと薬局　挾間店【5:薬局】大分県由布市挾間町挾間２７０番地１" }, "geometry": { "type": "Point", "coordinates": [ 131.518166, 33.204118 ] } },
{ "type": "Feature", "properties": { "ID": "4451234600000", "正式名称": "駅前調剤薬局", "機関区分": 5, "都道府県コード": 44, "市区町村コード": 205, "所在地": "大分県佐伯市駅前２丁目５番地１０号", "緯度": 32.973274, "経度": 131.90284, "url": "https://www.iryou.teikyouseido.mhlw.go.jp/znk-web/juminkanja/S2430/initialize?prefCd=44&kikanCd=1234600000&kikanKbn=5", "url2": "https://www.marinegroup.jp/detail/%E9%A7%85%E5%89%8D%E8%AA%BF%E5%89%A4%E8%96%AC%E5%B1%80", "内容": "駅前調剤薬局【5:薬局】大分県佐伯市駅前２丁目５番地１０号" }, "geometry": { "type": "Point", "coordinates": [ 131.90284, 32.973274 ] } },
{ "type": "Feature", "properties": { "ID": "4451234800000", "正式名称": "かまえ調剤薬局", "機関区分": 5, "都道府県コード": 44, "市区町村コード": 205, "所在地": "大分県佐伯市蒲江大字蒲江浦字中村２１７３番地", "緯度": 32.798161, "経度": 131.927444, "url": "https://www.iryou.teikyouseido.mhlw.go.jp/znk-web/juminkanja/S2430/initialize?prefCd=44&kikanCd=1234800000&kikanKbn=5", "url2": "http://www.shimokawa-p.com", "内容": "かまえ調剤薬局【5:薬局】大分県佐伯市蒲江大字蒲江浦字中村２１７３番地" }, "geometry": { "type": "Point", "coordinates": [ 131.927444, 32.798161 ] } },
{ "type": "Feature", "properties": { "ID": "4451234900000", "正式名称": "上岡調剤薬局", "機関区分": 5, "都道府県コード": 44, "市区町村コード": 205, "所在地": "大分県佐伯市上岡木戸ノ瀬１２５８－４", "緯度": 32.956532, "経度": 131.864153, "url": "https://www.iryou.teikyouseido.mhlw.go.jp/znk-web/juminkanja/S2430/initialize?prefCd=44&kikanCd=1234900000&kikanKbn=5", "url2": "http://kusuri-kamicho.com", "内容": "上岡調剤薬局【5:薬局】大分県佐伯市上岡木戸ノ瀬１２５８－４" }, "geometry": { "type": "Point", "coordinates": [ 131.864153, 32.956532 ] } },
{ "type": "Feature", "properties": { "ID": "4451235000000", "正式名称": "クレイン調剤薬局", "機関区分": 5, "都道府県コード": 44, "市区町村コード": 205, "所在地": "大分県佐伯市鶴岡西町２丁目２６７番地", "緯度": 32.958932, "経度": 131.864852, "url": "https://www.iryou.teikyouseido.mhlw.go.jp/znk-web/juminkanja/S2430/initialize?prefCd=44&kikanCd=1235000000&kikanKbn=5", "url2": "http://www.kennmin.co.jp/", "内容": "クレイン調剤薬局【5:薬局】大分県佐伯市鶴岡西町２丁目２６７番地" }, "geometry": { "type": "Point", "coordinates": [ 131.864852, 32.958932 ] } },
{ "type": "Feature", "properties": { "ID": "4451235200000", "正式名称": "佐伯調剤薬局", "機関区分": 5, "都道府県コード": 44, "市区町村コード": 205, "所在地": "大分県佐伯市常盤西町７番１３号", "緯度": 32.964986, "経度": 131.899778, "url": "https://www.iryou.teikyouseido.mhlw.go.jp/znk-web/juminkanja/S2430/initialize?prefCd=44&kikanCd=1235200000&kikanKbn=5", "url2": "https://www.saikishiyaku.org", "内容": "佐伯調剤薬局【5:薬局】大分県佐伯市常盤西町７番１３号" }, "geometry": { "type": "Point", "coordinates": [ 131.899778, 32.964986 ] } },
{ "type": "Feature", "properties": { "ID": "4451235300000", "正式名称": "佐伯センター調剤", "機関区分": 5, "都道府県コード": 44, "市区町村コード": 205, "所在地": "大分県佐伯市中村東町２番１号１０２", "緯度": 32.959964, "経度": 131.900766, "url": "https://www.iryou.teikyouseido.mhlw.go.jp/znk-web/juminkanja/S2430/initialize?prefCd=44&kikanCd=1235300000&kikanKbn=5", "url2": "http://www.shimokawa-p.com/index.html", "内容": "佐伯センター調剤【5:薬局】大分県佐伯市中村東町２番１号１０２" }, "geometry": { "type": "Point", "coordinates": [ 131.900766, 32.959964 ] } },
{ "type": "Feature", "properties": { "ID": "4451235400000", "正式名称": "しもかわ調剤薬局", "機関区分": 5, "都道府県コード": 44, "市区町村コード": 205, "所在地": "大分県佐伯市鶴岡町１－１０－２２", "緯度": 32.958848, "経度": 131.881977, "url": "https://www.iryou.teikyouseido.mhlw.go.jp/znk-web/juminkanja/S2430/initialize?prefCd=44&kikanCd=1235400000&kikanKbn=5", "url2": "http://www.shimokawa-p.com/company.html", "内容": "しもかわ調剤薬局【5:薬局】大分県佐伯市鶴岡町１－１０－２２" }, "geometry": { "type": "Point", "coordinates": [ 131.881977, 32.958848 ] } },
{ "type": "Feature", "properties": { "ID": "4451235600000", "正式名称": "タカサキ薬局　佐伯店", "機関区分": 5, "都道府県コード": 44, "市区町村コード": 205, "所在地": "大分県佐伯市大字長谷７７２８－１", "緯度": 32.937252, "経度": 131.876385, "url": "https://www.iryou.teikyouseido.mhlw.go.jp/znk-web/juminkanja/S2430/initialize?prefCd=44&kikanCd=1235600000&kikanKbn=5", "url2": "http://www.takasaki-pharm.co.jp/saiki", "内容": "タカサキ薬局　佐伯店【5:薬局】大分県佐伯市大字長谷７７２８－１" }, "geometry": { "type": "Point", "coordinates": [ 131.876385, 32.937252 ] } },
{ "type": "Feature", "properties": { "ID": "4451236100000", "正式名称": "中の島調剤薬局", "機関区分": 5, "都道府県コード": 44, "市区町村コード": 205, "所在地": "大分県佐伯市中の島１丁目２番地２８号", "緯度": 32.958081, "経度": 131.900788, "url": "https://www.iryou.teikyouseido.mhlw.go.jp/znk-web/juminkanja/S2430/initialize?prefCd=44&kikanCd=1236100000&kikanKbn=5", "url2": "http://www.shimokawa-p.com/", "内容": "中の島調剤薬局【5:薬局】大分県佐伯市中の島１丁目２番地２８号" }, "geometry": { "type": "Point", "coordinates": [ 131.900788, 32.958081 ] } },
{ "type": "Feature", "properties": { "ID": "4451236200000", "正式名称": "中村調剤薬局", "機関区分": 5, "都道府県コード": 44, "市区町村コード": 205, "所在地": "大分県佐伯市中村東町９－３６", "緯度": 32.960531, "経度": 131.901652, "url": "https://www.iryou.teikyouseido.mhlw.go.jp/znk-web/juminkanja/S2430/initialize?prefCd=44&kikanCd=1236200000&kikanKbn=5", "url2": null, "内容": "中村調剤薬局【5:薬局】大分県佐伯市中村東町９－３６" }, "geometry": { "type": "Point", "coordinates": [ 131.901652, 32.960531 ] } },
{ "type": "Feature", "properties": { "ID": "4451236300000", "正式名称": "南佐調剤薬局　中央店", "機関区分": 5, "都道府県コード": 44, "市区町村コード": 205, "所在地": "大分県佐伯市向島２丁目１９ー１４", "緯度": 32.953883, "経度": 131.895435, "url": "https://www.iryou.teikyouseido.mhlw.go.jp/znk-web/juminkanja/S2430/initialize?prefCd=44&kikanCd=1236300000&kikanKbn=5", "url2": null, "内容": "南佐調剤薬局　中央店【5:薬局】大分県佐伯市向島２丁目１９ー１４" }, "geometry": { "type": "Point", "coordinates": [ 131.895435, 32.953883 ] } },
{ "type": "Feature", "properties": { "ID": "4451236400000", "正式名称": "東中の島調剤薬局", "機関区分": 5, "都道府県コード": 44, "市区町村コード": 205, "所在地": "大分県佐伯市中の島３丁目２番１号", "緯度": 32.953818, "経度": 131.902819, "url": "https://www.iryou.teikyouseido.mhlw.go.jp/znk-web/juminkanja/S2430/initialize?prefCd=44&kikanCd=1236400000&kikanKbn=5", "url2": "http://www.shimokawa-p.com", "内容": "東中の島調剤薬局【5:薬局】大分県佐伯市中の島３丁目２番１号" }, "geometry": { "type": "Point", "coordinates": [ 131.902819, 32.953818 ] } },
{ "type": "Feature", "properties": { "ID": "4451236800000", "正式名称": "蛇崎調剤薬局", "機関区分": 5, "都道府県コード": 44, "市区町村コード": 205, "所在地": "大分県佐伯市池田１９３８－１", "緯度": 32.945894, "経度": 131.900469, "url": "https://www.iryou.teikyouseido.mhlw.go.jp/znk-web/juminkanja/S2430/initialize?prefCd=44&kikanCd=1236800000&kikanKbn=5", "url2": "http://www.shimokawa-p.com", "内容": "蛇崎調剤薬局【5:薬局】大分県佐伯市池田１９３８－１" }, "geometry": { "type": "Point", "coordinates": [ 131.900469, 32.945894 ] } },
{ "type": "Feature", "properties": { "ID": "4451236900000", "正式名称": "ほじん薬局　佐伯店", "機関区分": 5, "都道府県コード": 44, "市区町村コード": 205, "所在地": "大分県佐伯市女島１丁目７２７２番地１", "緯度": 32.956141, "経度": 131.910964, "url": "https://www.iryou.teikyouseido.mhlw.go.jp/znk-web/juminkanja/S2430/initialize?prefCd=44&kikanCd=1236900000&kikanKbn=5", "url2": "https://www.hojinyakkyoku.com", "内容": "ほじん薬局　佐伯店【5:薬局】大分県佐伯市女島１丁目７２７２番地１" }, "geometry": { "type": "Point", "coordinates": [ 131.910964, 32.956141 ] } },
{ "type": "Feature", "properties": { "ID": "4451237000000", "正式名称": "輔仁薬局　弥生店", "機関区分": 5, "都道府県コード": 44, "市区町村コード": 205, "所在地": "大分県佐伯市弥生江良１０５８番地１", "緯度": 32.93974, "経度": 131.828155, "url": "https://www.iryou.teikyouseido.mhlw.go.jp/znk-web/juminkanja/S2430/initialize?prefCd=44&kikanCd=1237000000&kikanKbn=5", "url2": "https://www.hojinyakkyoku.com", "内容": "輔仁薬局　弥生店【5:薬局】大分県佐伯市弥生江良１０５８番地１" }, "geometry": { "type": "Point", "coordinates": [ 131.828155, 32.93974 ] } },
{ "type": "Feature", "properties": { "ID": "4451237100000", "正式名称": "宮明薬局", "機関区分": 5, "都道府県コード": 44, "市区町村コード": 205, "所在地": "大分県佐伯市大手町３－４－２", "緯度": 32.955592, "経度": 131.893442, "url": "https://www.iryou.teikyouseido.mhlw.go.jp/znk-web/juminkanja/S2430/initialize?prefCd=44&kikanCd=1237100000&kikanKbn=5", "url2": "https://miyaakiyakkyoku.jimdofree.com/", "内容": "宮明薬局【5:薬局】大分県佐伯市大手町３－４－２" }, "geometry": { "type": "Point", "coordinates": [ 131.893442, 32.955592 ] } },
{ "type": "Feature", "properties": { "ID": "4451237300000", "正式名称": "女島調剤薬局", "機関区分": 5, "都道府県コード": 44, "市区町村コード": 205, "所在地": "大分県佐伯市女島６８７３番地の１", "緯度": 32.953859, "経度": 131.90781, "url": "https://www.iryou.teikyouseido.mhlw.go.jp/znk-web/juminkanja/S2430/initialize?prefCd=44&kikanCd=1237300000&kikanKbn=5", "url2": null, "内容": "女島調剤薬局【5:薬局】大分県佐伯市女島６８７３番地の１" }, "geometry": { "type": "Point", "coordinates": [ 131.90781, 32.953859 ] } },
{ "type": "Feature", "properties": { "ID": "4451237400000", "正式名称": "ゆう調剤薬局　佐伯店", "機関区分": 5, "都道府県コード": 44, "市区町村コード": 205, "所在地": "大分県佐伯市長島町２丁目２１番１０号", "緯度": 32.959431, "経度": 131.909843, "url": "https://www.iryou.teikyouseido.mhlw.go.jp/znk-web/juminkanja/S2430/initialize?prefCd=44&kikanCd=1237400000&kikanKbn=5", "url2": "http://www17.ocn.ne.jp/~you0703", "内容": "ゆう調剤薬局　佐伯店【5:薬局】大分県佐伯市長島町２丁目２１番１０号" }, "geometry": { "type": "Point", "coordinates": [ 131.909843, 32.959431 ] } },
{ "type": "Feature", "properties": { "ID": "4451237500000", "正式名称": "夢見堂薬局　西谷店", "機関区分": 5, "都道府県コード": 44, "市区町村コード": 205, "所在地": "大分県佐伯市西谷町", "緯度": 32.955842, "経度": 131.888806, "url": "https://www.iryou.teikyouseido.mhlw.go.jp/znk-web/juminkanja/S2430/initialize?prefCd=44&kikanCd=1237500000&kikanKbn=5", "url2": null, "内容": "夢見堂薬局　西谷店【5:薬局】大分県佐伯市西谷町" }, "geometry": { "type": "Point", "coordinates": [ 131.888806, 32.955842 ] } },
{ "type": "Feature", "properties": { "ID": "4451237700000", "正式名称": "あそう調剤薬局　赤嶺店", "機関区分": 5, "都道府県コード": 44, "市区町村コード": 212, "所在地": "大分県豊後大野市三重町赤嶺１１６４番７４", "緯度": 32.991402, "経度": 131.609353, "url": "https://www.iryou.teikyouseido.mhlw.go.jp/znk-web/juminkanja/S2430/initialize?prefCd=44&kikanCd=1237700000&kikanKbn=5", "url2": "http://www.myph.jp/f_440013/pc/", "内容": "あそう調剤薬局　赤嶺店【5:薬局】大分県豊後大野市三重町赤嶺１１６４番７４" }, "geometry": { "type": "Point", "coordinates": [ 131.609353, 32.991402 ] } },
{ "type": "Feature", "properties": { "ID": "4451237800000", "正式名称": "あそう調剤薬局　高砂店", "機関区分": 5, "都道府県コード": 44, "市区町村コード": 212, "所在地": "大分県豊後大野市三重町市場１３５番地１", "緯度": 32.982269, "経度": 131.586728, "url": "https://www.iryou.teikyouseido.mhlw.go.jp/znk-web/juminkanja/S2430/initialize?prefCd=44&kikanCd=1237800000&kikanKbn=5", "url2": "http://www.aso-tyozai.com", "内容": "あそう調剤薬局　高砂店【5:薬局】大分県豊後大野市三重町市場１３５番地１" }, "geometry": { "type": "Point", "coordinates": [ 131.586728, 32.982269 ] } },
{ "type": "Feature", "properties": { "ID": "4451237900000", "正式名称": "いづみ調剤薬局", "機関区分": 5, "都道府県コード": 44, "市区町村コード": 212, "所在地": "大分県豊後大野市三重町大字秋葉字寺後１００１－３", "緯度": 32.975033, "経度": 131.580143, "url": "https://www.iryou.teikyouseido.mhlw.go.jp/znk-web/juminkanja/S2430/initialize?prefCd=44&kikanCd=1237900000&kikanKbn=5", "url2": "http://hatano.net/izumi.html", "内容": "いづみ調剤薬局【5:薬局】大分県豊後大野市三重町大字秋葉字寺後１００１－３" }, "geometry": { "type": "Point", "coordinates": [ 131.580143, 32.975033 ] } },
{ "type": "Feature", "properties": { "ID": "4451238200000", "正式名称": "おおの調剤薬局　おがた店", "機関区分": 5, "都道府県コード": 44, "市区町村コード": 212, "所在地": "大分県豊後大野市緒方町馬場３０６－１", "緯度": 32.969112, "経度": 131.475567, "url": "https://www.iryou.teikyouseido.mhlw.go.jp/znk-web/juminkanja/S2430/initialize?prefCd=44&kikanCd=1238200000&kikanKbn=5", "url2": null, "内容": "おおの調剤薬局　おがた店【5:薬局】大分県豊後大野市緒方町馬場３０６－１" }, "geometry": { "type": "Point", "coordinates": [ 131.475567, 32.969112 ] } },
{ "type": "Feature", "properties": { "ID": "4451238300000", "正式名称": "緒方薬局", "機関区分": 5, "都道府県コード": 44, "市区町村コード": 212, "所在地": "大分県豊後大野市緒方町馬場２１ー１０", "緯度": 32.969572, "経度": 131.474923, "url": "https://www.iryou.teikyouseido.mhlw.go.jp/znk-web/juminkanja/S2430/initialize?prefCd=44&kikanCd=1238300000&kikanKbn=5", "url2": null, "内容": "緒方薬局【5:薬局】大分県豊後大野市緒方町馬場２１ー１０" }, "geometry": { "type": "Point", "coordinates": [ 131.474923, 32.969572 ] } },
{ "type": "Feature", "properties": { "ID": "4451238500000", "正式名称": "漢方薬局サトウ", "機関区分": 5, "都道府県コード": 44, "市区町村コード": 212, "所在地": "大分県豊後大野市三重町向野１１８６番地", "緯度": 32.99965, "経度": 131.567543, "url": "https://www.iryou.teikyouseido.mhlw.go.jp/znk-web/juminkanja/S2430/initialize?prefCd=44&kikanCd=1238500000&kikanKbn=5", "url2": null, "内容": "漢方薬局サトウ【5:薬局】大分県豊後大野市三重町向野１１８６番地" }, "geometry": { "type": "Point", "coordinates": [ 131.567543, 32.99965 ] } },
{ "type": "Feature", "properties": { "ID": "4451238700000", "正式名称": "さくら薬局", "機関区分": 5, "都道府県コード": 44, "市区町村コード": 212, "所在地": "大分県豊後大野市大野町田中２６６－２", "緯度": 33.041074, "経度": 131.497872, "url": "https://www.iryou.teikyouseido.mhlw.go.jp/znk-web/juminkanja/S2430/initialize?prefCd=44&kikanCd=1238700000&kikanKbn=5", "url2": null, "内容": "さくら薬局【5:薬局】大分県豊後大野市大野町田中２６６－２" }, "geometry": { "type": "Point", "coordinates": [ 131.497872, 33.041074 ] } },
{ "type": "Feature", "properties": { "ID": "4451238800000", "正式名称": "首藤薬局　犬飼店", "機関区分": 5, "都道府県コード": 44, "市区町村コード": 212, "所在地": "大分県豊後大野市犬飼町田原１１０５－１－５", "緯度": 33.058513, "経度": 131.636915, "url": "https://www.iryou.teikyouseido.mhlw.go.jp/znk-web/juminkanja/S2430/initialize?prefCd=44&kikanCd=1238800000&kikanKbn=5", "url2": null, "内容": "首藤薬局　犬飼店【5:薬局】大分県豊後大野市犬飼町田原１１０５－１－５" }, "geometry": { "type": "Point", "coordinates": [ 131.636915, 33.058513 ] } },
{ "type": "Feature", "properties": { "ID": "4451238900000", "正式名称": "首藤薬局　緒方店", "機関区分": 5, "都道府県コード": 44, "市区町村コード": 212, "所在地": "大分県豊後大野市緒方町下自在１５６－７", "緯度": 32.972078, "経度": 131.471506, "url": "https://www.iryou.teikyouseido.mhlw.go.jp/znk-web/juminkanja/S2430/initialize?prefCd=44&kikanCd=1238900000&kikanKbn=5", "url2": null, "内容": "首藤薬局　緒方店【5:薬局】大分県豊後大野市緒方町下自在１５６－７" }, "geometry": { "type": "Point", "coordinates": [ 131.471506, 32.972078 ] } },
{ "type": "Feature", "properties": { "ID": "4451239100000", "正式名称": "ふるさと薬局", "機関区分": 5, "都道府県コード": 44, "市区町村コード": 212, "所在地": "大分県豊後大野市大野町田中２番地１０", "緯度": 33.035678, "経度": 131.502292, "url": "https://www.iryou.teikyouseido.mhlw.go.jp/znk-web/juminkanja/S2430/initialize?prefCd=44&kikanCd=1239100000&kikanKbn=5", "url2": "https://maehara-dp.com/", "内容": "ふるさと薬局【5:薬局】大分県豊後大野市大野町田中２番地１０" }, "geometry": { "type": "Point", "coordinates": [ 131.502292, 33.035678 ] } },
{ "type": "Feature", "properties": { "ID": "4451239200000", "正式名称": "まえはら調剤薬局", "機関区分": 5, "都道府県コード": 44, "市区町村コード": 212, "所在地": "大分県豊後大野市緒方町馬場３２", "緯度": 32.970688, "経度": 131.474596, "url": "https://www.iryou.teikyouseido.mhlw.go.jp/znk-web/juminkanja/S2430/initialize?prefCd=44&kikanCd=1239200000&kikanKbn=5", "url2": "https://maehara-dp.com/", "内容": "まえはら調剤薬局【5:薬局】大分県豊後大野市緒方町馬場３２" }, "geometry": { "type": "Point", "coordinates": [ 131.474596, 32.970688 ] } },
{ "type": "Feature", "properties": { "ID": "4451239400000", "正式名称": "三重調剤薬局", "機関区分": 5, "都道府県コード": 44, "市区町村コード": 212, "所在地": "大分県豊後大野市三重町小坂４１１０－３６", "緯度": 32.996905, "経度": 131.617674, "url": "https://www.iryou.teikyouseido.mhlw.go.jp/znk-web/juminkanja/S2430/initialize?prefCd=44&kikanCd=1239400000&kikanKbn=5", "url2": null, "内容": "三重調剤薬局【5:薬局】大分県豊後大野市三重町小坂４１１０－３６" }, "geometry": { "type": "Point", "coordinates": [ 131.617674, 32.996905 ] } },
{ "type": "Feature", "properties": { "ID": "4451239700000", "正式名称": "みつば薬局", "機関区分": 5, "都道府県コード": 44, "市区町村コード": 212, "所在地": "大分県豊後大野市三重町赤嶺１２５０－８", "緯度": 32.98723, "経度": 131.60074, "url": "https://www.iryou.teikyouseido.mhlw.go.jp/znk-web/juminkanja/S2430/initialize?prefCd=44&kikanCd=1239700000&kikanKbn=5", "url2": "http://www.e-sorin.jp/", "内容": "みつば薬局【5:薬局】大分県豊後大野市三重町赤嶺１２５０－８" }, "geometry": { "type": "Point", "coordinates": [ 131.60074, 32.98723 ] } },
{ "type": "Feature", "properties": { "ID": "4451239800000", "正式名称": "みどり調剤薬局", "機関区分": 5, "都道府県コード": 44, "市区町村コード": 212, "所在地": "大分県豊後大野市三重町市場字高市２０７－１", "緯度": 32.981866, "経度": 131.587324, "url": "https://www.iryou.teikyouseido.mhlw.go.jp/znk-web/juminkanja/S2430/initialize?prefCd=44&kikanCd=1239800000&kikanKbn=5", "url2": null, "内容": "みどり調剤薬局【5:薬局】大分県豊後大野市三重町市場字高市２０７－１" }, "geometry": { "type": "Point", "coordinates": [ 131.587324, 32.981866 ] } },
{ "type": "Feature", "properties": { "ID": "4451239900000", "正式名称": "有限会社　やの薬局", "機関区分": 5, "都道府県コード": 44, "市区町村コード": 212, "所在地": "大分県豊後大野市三重町市場９３１番地１", "緯度": 32.975085, "経度": 131.580784, "url": "https://www.iryou.teikyouseido.mhlw.go.jp/znk-web/juminkanja/S2430/initialize?prefCd=44&kikanCd=1239900000&kikanKbn=5", "url2": null, "内容": "有限会社　やの薬局【5:薬局】大分県豊後大野市三重町市場９３１番地１" }, "geometry": { "type": "Point", "coordinates": [ 131.580784, 32.975085 ] } },
{ "type": "Feature", "properties": { "ID": "4451240000000", "正式名称": "わかば薬局", "機関区分": 5, "都道府県コード": 44, "市区町村コード": 212, "所在地": "大分県豊後大野市三重町赤嶺１５７１−１", "緯度": 32.98271, "経度": 131.597795, "url": "https://www.iryou.teikyouseido.mhlw.go.jp/znk-web/juminkanja/S2430/initialize?prefCd=44&kikanCd=1240000000&kikanKbn=5", "url2": "http://www.sorin.jp", "内容": "わかば薬局【5:薬局】大分県豊後大野市三重町赤嶺１５７１−１" }, "geometry": { "type": "Point", "coordinates": [ 131.597795, 32.98271 ] } },
{ "type": "Feature", "properties": { "ID": "4451240200000", "正式名称": "上角調剤薬局", "機関区分": 5, "都道府県コード": 44, "市区町村コード": 208, "所在地": "大分県竹田市大字竹田字立小野７５５番地", "緯度": 32.959855, "経度": 131.397675, "url": "https://www.iryou.teikyouseido.mhlw.go.jp/znk-web/juminkanja/S2430/initialize?prefCd=44&kikanCd=1240200000&kikanKbn=5", "url2": "http://www.kawano-pharmacy.jp", "内容": "上角調剤薬局【5:薬局】大分県竹田市大字竹田字立小野７５５番地" }, "geometry": { "type": "Point", "coordinates": [ 131.397675, 32.959855 ] } },
{ "type": "Feature", "properties": { "ID": "4451240600000", "正式名称": "竹田医師会病院前薬局", "機関区分": 5, "都道府県コード": 44, "市区町村コード": 208, "所在地": "大分県竹田市拝田原４４９－１１", "緯度": 32.958573, "経度": 131.379989, "url": "https://www.iryou.teikyouseido.mhlw.go.jp/znk-web/juminkanja/S2430/initialize?prefCd=44&kikanCd=1240600000&kikanKbn=5", "url2": null, "内容": "竹田医師会病院前薬局【5:薬局】大分県竹田市拝田原４４９－１１" }, "geometry": { "type": "Point", "coordinates": [ 131.379989, 32.958573 ] } },
{ "type": "Feature", "properties": { "ID": "4451240700000", "正式名称": "竹田調剤薬局", "機関区分": 5, "都道府県コード": 44, "市区町村コード": 208, "所在地": "大分県竹田市竹田町１８９６－２", "緯度": 32.969594, "経度": 131.39266, "url": "https://www.iryou.teikyouseido.mhlw.go.jp/znk-web/juminkanja/S2430/initialize?prefCd=44&kikanCd=1240700000&kikanKbn=5", "url2": null, "内容": "竹田調剤薬局【5:薬局】大分県竹田市竹田町１８９６－２" }, "geometry": { "type": "Point", "coordinates": [ 131.39266, 32.969594 ] } },
{ "type": "Feature", "properties": { "ID": "4451240800000", "正式名称": "竹田調剤薬局　会々店", "機関区分": 5, "都道府県コード": 44, "市区町村コード": 208, "所在地": "大分県竹田市会々３３１３－１０", "緯度": 32.974711, "経度": 131.382076, "url": "https://www.iryou.teikyouseido.mhlw.go.jp/znk-web/juminkanja/S2430/initialize?prefCd=44&kikanCd=1240800000&kikanKbn=5", "url2": null, "内容": "竹田調剤薬局　会々店【5:薬局】大分県竹田市会々３３１３－１０" }, "geometry": { "type": "Point", "coordinates": [ 131.382076, 32.974711 ] } },
{ "type": "Feature", "properties": { "ID": "4451240900000", "正式名称": "ときは橋調剤薬局", "機関区分": 5, "都道府県コード": 44, "市区町村コード": 208, "所在地": "大分県竹田市大字玉来６２０－１", "緯度": 32.956546, "経度": 131.379863, "url": "https://www.iryou.teikyouseido.mhlw.go.jp/znk-web/juminkanja/S2430/initialize?prefCd=44&kikanCd=1240900000&kikanKbn=5", "url2": "http://www.kawano-pharmacy.jp/", "内容": "ときは橋調剤薬局【5:薬局】大分県竹田市大字玉来６２０－１" }, "geometry": { "type": "Point", "coordinates": [ 131.379863, 32.956546 ] } },
{ "type": "Feature", "properties": { "ID": "4451241200000", "正式名称": "朝倉薬局　上城内店", "機関区分": 5, "都道府県コード": 44, "市区町村コード": 204, "所在地": "大分県日田市上城内町３９７番地７", "緯度": 33.326716, "経度": 130.941131, "url": "https://www.iryou.teikyouseido.mhlw.go.jp/znk-web/juminkanja/S2430/initialize?prefCd=44&kikanCd=1241200000&kikanKbn=5", "url2": null, "内容": "朝倉薬局　上城内店【5:薬局】大分県日田市上城内町３９７番地７" }, "geometry": { "type": "Point", "coordinates": [ 130.941131, 33.326716 ] } },
{ "type": "Feature", "properties": { "ID": "4451241300000", "正式名称": "朝倉薬局　三本松店", "機関区分": 5, "都道府県コード": 44, "市区町村コード": 204, "所在地": "大分県日田市三本松１－２４２－９", "緯度": 33.321819, "経度": 130.933487, "url": "https://www.iryou.teikyouseido.mhlw.go.jp/znk-web/juminkanja/S2430/initialize?prefCd=44&kikanCd=1241300000&kikanKbn=5", "url2": null, "内容": "朝倉薬局　三本松店【5:薬局】大分県日田市三本松１－２４２－９" }, "geometry": { "type": "Point", "coordinates": [ 130.933487, 33.321819 ] } },
{ "type": "Feature", "properties": { "ID": "4451241400000", "正式名称": "有限会社　朝倉薬局　天神店", "機関区分": 5, "都道府県コード": 44, "市区町村コード": 204, "所在地": "大分県日田市天神町７３ー５", "緯度": 33.341999, "経度": 130.942469, "url": "https://www.iryou.teikyouseido.mhlw.go.jp/znk-web/juminkanja/S2430/initialize?prefCd=44&kikanCd=1241400000&kikanKbn=5", "url2": null, "内容": "有限会社　朝倉薬局　天神店【5:薬局】大分県日田市天神町７３ー５" }, "geometry": { "type": "Point", "coordinates": [ 130.942469, 33.341999 ] } },
{ "type": "Feature", "properties": { "ID": "4451241500000", "正式名称": "朝倉薬局　三和店", "機関区分": 5, "都道府県コード": 44, "市区町村コード": 204, "所在地": "大分県日田市天神町３９－８", "緯度": 33.337876, "経度": 130.941466, "url": "https://www.iryou.teikyouseido.mhlw.go.jp/znk-web/juminkanja/S2430/initialize?prefCd=44&kikanCd=1241500000&kikanKbn=5", "url2": null, "内容": "朝倉薬局　三和店【5:薬局】大分県日田市天神町３９－８" }, "geometry": { "type": "Point", "coordinates": [ 130.941466, 33.337876 ] } },
{ "type": "Feature", "properties": { "ID": "4451241800000", "正式名称": "伊東薬局　上野店", "機関区分": 5, "都道府県コード": 44, "市区町村コード": 204, "所在地": "大分県日田市上野町５９８－３", "緯度": 33.310267, "経度": 130.922903, "url": "https://www.iryou.teikyouseido.mhlw.go.jp/znk-web/juminkanja/S2430/initialize?prefCd=44&kikanCd=1241800000&kikanKbn=5", "url2": "https://ito-hita.com/", "内容": "伊東薬局　上野店【5:薬局】大分県日田市上野町５９８－３" }, "geometry": { "type": "Point", "coordinates": [ 130.922903, 33.310267 ] } },
{ "type": "Feature", "properties": { "ID": "4451242000000", "正式名称": "岩里薬局　三隈店", "機関区分": 5, "都道府県コード": 44, "市区町村コード": 204, "所在地": "大分県日田市日ノ隈町２４５－４", "緯度": 33.316579, "経度": 130.923622, "url": "https://www.iryou.teikyouseido.mhlw.go.jp/znk-web/juminkanja/S2430/initialize?prefCd=44&kikanCd=1242000000&kikanKbn=5", "url2": null, "内容": "岩里薬局　三隈店【5:薬局】大分県日田市日ノ隈町２４５－４" }, "geometry": { "type": "Point", "coordinates": [ 130.923622, 33.316579 ] } },
{ "type": "Feature", "properties": { "ID": "4451242100000", "正式名称": "オリーブ薬局", "機関区分": 5, "都道府県コード": 44, "市区町村コード": 204, "所在地": "大分県日田市清岸寺町１０３９番地１　（渡里）", "緯度": 33.335267, "経度": 130.930536, "url": "https://www.iryou.teikyouseido.mhlw.go.jp/znk-web/juminkanja/S2430/initialize?prefCd=44&kikanCd=1242100000&kikanKbn=5", "url2": null, "内容": "オリーブ薬局【5:薬局】大分県日田市清岸寺町１０３９番地１　（渡里）" }, "geometry": { "type": "Point", "coordinates": [ 130.930536, 33.335267 ] } },
{ "type": "Feature", "properties": { "ID": "4451242200000", "正式名称": "株式会社　喜久屋薬局　大山店", "機関区分": 5, "都道府県コード": 44, "市区町村コード": 204, "所在地": "大分県日田市大山町西大山９０５－１", "緯度": 33.25947, "経度": 130.9618, "url": "https://www.iryou.teikyouseido.mhlw.go.jp/znk-web/juminkanja/S2430/initialize?prefCd=44&kikanCd=1242200000&kikanKbn=5", "url2": null, "内容": "株式会社　喜久屋薬局　大山店【5:薬局】大分県日田市大山町西大山９０５－１" }, "geometry": { "type": "Point", "coordinates": [ 130.9618, 33.25947 ] } },
{ "type": "Feature", "properties": { "ID": "4451242300000", "正式名称": "株式会社　喜久屋薬局　三本松店", "機関区分": 5, "都道府県コード": 44, "市区町村コード": 204, "所在地": "大分県日田市三本松１丁目１１－９", "緯度": 33.318713, "経度": 130.933669, "url": "https://www.iryou.teikyouseido.mhlw.go.jp/znk-web/juminkanja/S2430/initialize?prefCd=44&kikanCd=1242300000&kikanKbn=5", "url2": null, "内容": "株式会社　喜久屋薬局　三本松店【5:薬局】大分県日田市三本松１丁目１１－９" }, "geometry": { "type": "Point", "coordinates": [ 130.933669, 33.318713 ] } },
{ "type": "Feature", "properties": { "ID": "4451242400000", "正式名称": "株式会社　喜久屋薬局　田島店", "機関区分": 5, "都道府県コード": 44, "市区町村コード": 204, "所在地": "大分県日田市田島２丁目４－６", "緯度": 33.32003, "経度": 130.941197, "url": "https://www.iryou.teikyouseido.mhlw.go.jp/znk-web/juminkanja/S2430/initialize?prefCd=44&kikanCd=1242400000&kikanKbn=5", "url2": null, "内容": "株式会社　喜久屋薬局　田島店【5:薬局】大分県日田市田島２丁目４－６" }, "geometry": { "type": "Point", "coordinates": [ 130.941197, 33.32003 ] } },
{ "type": "Feature", "properties": { "ID": "4451242500000", "正式名称": "株式会社　喜久屋薬局　玉川店", "機関区分": 5, "都道府県コード": 44, "市区町村コード": 204, "所在地": "大分県日田市大字十二町５９８－１", "緯度": 33.321804, "経度": 130.926406, "url": "https://www.iryou.teikyouseido.mhlw.go.jp/znk-web/juminkanja/S2430/initialize?prefCd=44&kikanCd=1242500000&kikanKbn=5", "url2": null, "内容": "株式会社　喜久屋薬局　玉川店【5:薬局】大分県日田市大字十二町５９８－１" }, "geometry": { "type": "Point", "coordinates": [ 130.926406, 33.321804 ] } },
{ "type": "Feature", "properties": { "ID": "4451242600000", "正式名称": "株式会社　喜久屋薬局　津江店", "機関区分": 5, "都道府県コード": 44, "市区町村コード": 204, "所在地": "大分県日田市中津江村栃野２９７０－１２", "緯度": 33.134404, "経度": 130.964846, "url": "https://www.iryou.teikyouseido.mhlw.go.jp/znk-web/juminkanja/S2430/initialize?prefCd=44&kikanCd=1242600000&kikanKbn=5", "url2": null, "内容": "株式会社　喜久屋薬局　津江店【5:薬局】大分県日田市中津江村栃野２９７０－１２" }, "geometry": { "type": "Point", "coordinates": [ 130.964846, 33.134404 ] } },
{ "type": "Feature", "properties": { "ID": "4451242700000", "正式名称": "（有）きたご調剤薬局　中央店", "機関区分": 5, "都道府県コード": 44, "市区町村コード": 204, "所在地": "大分県日田市中央２丁目４番地６０", "緯度": 33.31635, "経度": 130.93465, "url": "https://www.iryou.teikyouseido.mhlw.go.jp/znk-web/juminkanja/S2430/initialize?prefCd=44&kikanCd=1242700000&kikanKbn=5", "url2": "http://www.kitago.co.jp", "内容": "（有）きたご調剤薬局　中央店【5:薬局】大分県日田市中央２丁目４番地６０" }, "geometry": { "type": "Point", "coordinates": [ 130.93465, 33.31635 ] } },
{ "type": "Feature", "properties": { "ID": "4451242800000", "正式名称": "（有）きたご調剤薬局　いしい店", "機関区分": 5, "都道府県コード": 44, "市区町村コード": 204, "所在地": "大分県日田市石井５９２－１４", "緯度": 33.312938, "経度": 130.910255, "url": "https://www.iryou.teikyouseido.mhlw.go.jp/znk-web/juminkanja/S2430/initialize?prefCd=44&kikanCd=1242800000&kikanKbn=5", "url2": "http://kitago.co.jp/", "内容": "（有）きたご調剤薬局　いしい店【5:薬局】大分県日田市石井５９２－１４" }, "geometry": { "type": "Point", "coordinates": [ 130.910255, 33.312938 ] } },
{ "type": "Feature", "properties": { "ID": "4451242900000", "正式名称": "（有）きたご調剤薬局　たしま店", "機関区分": 5, "都道府県コード": 44, "市区町村コード": 204, "所在地": "大分県日田市田島４９８－１２番地", "緯度": 33.316267, "経度": 130.94578, "url": "https://www.iryou.teikyouseido.mhlw.go.jp/znk-web/juminkanja/S2430/initialize?prefCd=44&kikanCd=1242900000&kikanKbn=5", "url2": "http://www.kitago.co.jp", "内容": "（有）きたご調剤薬局　たしま店【5:薬局】大分県日田市田島４９８－１２番地" }, "geometry": { "type": "Point", "coordinates": [ 130.94578, 33.316267 ] } },
{ "type": "Feature", "properties": { "ID": "4451243000000", "正式名称": "（有）きたご調剤薬局　ときわ店", "機関区分": 5, "都道府県コード": 44, "市区町村コード": 204, "所在地": "大分県日田市中央１丁目７ー９", "緯度": 33.317, "経度": 130.93613, "url": "https://www.iryou.teikyouseido.mhlw.go.jp/znk-web/juminkanja/S2430/initialize?prefCd=44&kikanCd=1243000000&kikanKbn=5", "url2": "http://kitago.co.jp/", "内容": "（有）きたご調剤薬局　ときわ店【5:薬局】大分県日田市中央１丁目７ー９" }, "geometry": { "type": "Point", "coordinates": [ 130.93613, 33.317 ] } },
{ "type": "Feature", "properties": { "ID": "4451243100000", "正式名称": "（有）きたご調剤薬局　みずほ支店", "機関区分": 5, "都道府県コード": 44, "市区町村コード": 204, "所在地": "大分県日田市本町７番５号", "緯度": 33.314117, "経度": 130.936208, "url": "https://www.iryou.teikyouseido.mhlw.go.jp/znk-web/juminkanja/S2430/initialize?prefCd=44&kikanCd=1243100000&kikanKbn=5", "url2": "http://www.kitago.co.jp", "内容": "（有）きたご調剤薬局　みずほ支店【5:薬局】大分県日田市本町７番５号" }, "geometry": { "type": "Point", "coordinates": [ 130.936208, 33.314117 ] } },
{ "type": "Feature", "properties": { "ID": "4451243300000", "正式名称": "草野薬局", "機関区分": 5, "都道府県コード": 44, "市区町村コード": 204, "所在地": "大分県日田市豆田町", "緯度": 33.32721, "経度": 130.935866, "url": "https://www.iryou.teikyouseido.mhlw.go.jp/znk-web/juminkanja/S2430/initialize?prefCd=44&kikanCd=1243300000&kikanKbn=5", "url2": null, "内容": "草野薬局【5:薬局】大分県日田市豆田町" }, "geometry": { "type": "Point", "coordinates": [ 130.935866, 33.32721 ] } },
{ "type": "Feature", "properties": { "ID": "4451243500000", "正式名称": "三栄薬局　咸宜店", "機関区分": 5, "都道府県コード": 44, "市区町村コード": 204, "所在地": "大分県日田市淡窓２丁目４番３４号", "緯度": 33.322785, "経度": 130.934408, "url": "https://www.iryou.teikyouseido.mhlw.go.jp/znk-web/juminkanja/S2430/initialize?prefCd=44&kikanCd=1243500000&kikanKbn=5", "url2": null, "内容": "三栄薬局　咸宜店【5:薬局】大分県日田市淡窓２丁目４番３４号" }, "geometry": { "type": "Point", "coordinates": [ 130.934408, 33.322785 ] } },
{ "type": "Feature", "properties": { "ID": "4451243800000", "正式名称": "有限会社　淡窓調剤薬局", "機関区分": 5, "都道府県コード": 44, "市区町村コード": 204, "所在地": "大分県日田市淡窓", "緯度": 33.32351, "経度": 130.939105, "url": "https://www.iryou.teikyouseido.mhlw.go.jp/znk-web/juminkanja/S2430/initialize?prefCd=44&kikanCd=1243800000&kikanKbn=5", "url2": null, "内容": "有限会社　淡窓調剤薬局【5:薬局】大分県日田市淡窓" }, "geometry": { "type": "Point", "coordinates": [ 130.939105, 33.32351 ] } },
{ "type": "Feature", "properties": { "ID": "4451243900000", "正式名称": "有限会社　淡窓調剤薬局　上城内店", "機関区分": 5, "都道府県コード": 44, "市区町村コード": 204, "所在地": "大分県日田市上城内町", "緯度": 33.324612, "経度": 130.941201, "url": "https://www.iryou.teikyouseido.mhlw.go.jp/znk-web/juminkanja/S2430/initialize?prefCd=44&kikanCd=1243900000&kikanKbn=5", "url2": null, "内容": "有限会社　淡窓調剤薬局　上城内店【5:薬局】大分県日田市上城内町" }, "geometry": { "type": "Point", "coordinates": [ 130.941201, 33.324612 ] } },
{ "type": "Feature", "properties": { "ID": "4451244300000", "正式名称": "日田調剤薬局三本松", "機関区分": 5, "都道府県コード": 44, "市区町村コード": 204, "所在地": "大分県日田市三本松１丁目４－２８", "緯度": 33.32106, "経度": 130.935719, "url": "https://www.iryou.teikyouseido.mhlw.go.jp/znk-web/juminkanja/S2430/initialize?prefCd=44&kikanCd=1244300000&kikanKbn=5", "url2": null, "内容": "日田調剤薬局三本松【5:薬局】大分県日田市三本松１丁目４－２８" }, "geometry": { "type": "Point", "coordinates": [ 130.935719, 33.32106 ] } },
{ "type": "Feature", "properties": { "ID": "4451244400000", "正式名称": "松浦薬局", "機関区分": 5, "都道府県コード": 44, "市区町村コード": 204, "所在地": "大分県日田市元町１６－３", "緯度": 33.316377, "経度": 130.936882, "url": "https://www.iryou.teikyouseido.mhlw.go.jp/znk-web/juminkanja/S2430/initialize?prefCd=44&kikanCd=1244400000&kikanKbn=5", "url2": null, "内容": "松浦薬局【5:薬局】大分県日田市元町１６－３" }, "geometry": { "type": "Point", "coordinates": [ 130.936882, 33.316377 ] } },
{ "type": "Feature", "properties": { "ID": "4451244800000", "正式名称": "楼蘭薬局", "機関区分": 5, "都道府県コード": 44, "市区町村コード": 204, "所在地": "大分県日田市大字庄手２５７－１", "緯度": 33.316566, "経度": 130.922455, "url": "https://www.iryou.teikyouseido.mhlw.go.jp/znk-web/juminkanja/S2430/initialize?prefCd=44&kikanCd=1244800000&kikanKbn=5", "url2": null, "内容": "楼蘭薬局【5:薬局】大分県日田市大字庄手２５７－１" }, "geometry": { "type": "Point", "coordinates": [ 130.922455, 33.316566 ] } },
{ "type": "Feature", "properties": { "ID": "4451244900000", "正式名称": "楼蘭花月薬局", "機関区分": 5, "都道府県コード": 44, "市区町村コード": 204, "所在地": "大分県日田市大字三和９２９－２", "緯度": 33.348302, "経度": 130.94126, "url": "https://www.iryou.teikyouseido.mhlw.go.jp/znk-web/juminkanja/S2430/initialize?prefCd=44&kikanCd=1244900000&kikanKbn=5", "url2": "https://rouran-ph.com", "内容": "楼蘭花月薬局【5:薬局】大分県日田市大字三和９２９－２" }, "geometry": { "type": "Point", "coordinates": [ 130.94126, 33.348302 ] } },
{ "type": "Feature", "properties": { "ID": "4451245200000", "正式名称": "かすが薬局", "機関区分": 5, "都道府県コード": 44, "市区町村コード": 462, "所在地": "大分県玖珠郡玖珠町帆足２５８番地１２", "緯度": 33.282307, "経度": 131.152769, "url": "https://www.iryou.teikyouseido.mhlw.go.jp/znk-web/juminkanja/S2430/initialize?prefCd=44&kikanCd=1245200000&kikanKbn=5", "url2": null, "内容": "かすが薬局【5:薬局】大分県玖珠郡玖珠町帆足２５８番地１２" }, "geometry": { "type": "Point", "coordinates": [ 131.152769, 33.282307 ] } },
{ "type": "Feature", "properties": { "ID": "4451245400000", "正式名称": "有限会社　ここのえ薬局", "機関区分": 5, "都道府県コード": 44, "市区町村コード": 461, "所在地": "大分県玖珠郡九重町大字町田５６４番地の２", "緯度": 33.219532, "経度": 131.173718, "url": "https://www.iryou.teikyouseido.mhlw.go.jp/znk-web/juminkanja/S2430/initialize?prefCd=44&kikanCd=1245400000&kikanKbn=5", "url2": null, "内容": "有限会社　ここのえ薬局【5:薬局】大分県玖珠郡九重町大字町田５６４番地の２" }, "geometry": { "type": "Point", "coordinates": [ 131.173718, 33.219532 ] } },
{ "type": "Feature", "properties": { "ID": "4451245500000", "正式名称": "シンエイ調剤薬局", "機関区分": 5, "都道府県コード": 44, "市区町村コード": 462, "所在地": "大分県玖珠郡玖珠町塚脇", "緯度": 33.275184, "経度": 131.154603, "url": "https://www.iryou.teikyouseido.mhlw.go.jp/znk-web/juminkanja/S2430/initialize?prefCd=44&kikanCd=1245500000&kikanKbn=5", "url2": "https://shinei-dispensing-pharmacy.com/", "内容": "シンエイ調剤薬局【5:薬局】大分県玖珠郡玖珠町塚脇" }, "geometry": { "type": "Point", "coordinates": [ 131.154603, 33.275184 ] } },
{ "type": "Feature", "properties": { "ID": "4451245600000", "正式名称": "タマヤ薬局", "機関区分": 5, "都道府県コード": 44, "市区町村コード": 461, "所在地": "大分県玖珠郡九重町右田７２５ー６", "緯度": 33.226146, "経度": 131.205189, "url": "https://www.iryou.teikyouseido.mhlw.go.jp/znk-web/juminkanja/S2430/initialize?prefCd=44&kikanCd=1245600000&kikanKbn=5", "url2": null, "内容": "タマヤ薬局【5:薬局】大分県玖珠郡九重町右田７２５ー６" }, "geometry": { "type": "Point", "coordinates": [ 131.205189, 33.226146 ] } },
{ "type": "Feature", "properties": { "ID": "4451246000000", "正式名称": "あさひ薬局　有限会社", "機関区分": 5, "都道府県コード": 44, "市区町村コード": 203, "所在地": "大分県中津市中央町１－１７０－３", "緯度": 33.59258, "経度": 131.192833, "url": "https://www.iryou.teikyouseido.mhlw.go.jp/znk-web/juminkanja/S2430/initialize?prefCd=44&kikanCd=1246000000&kikanKbn=5", "url2": "http://www.ainj.co.jp", "内容": "あさひ薬局　有限会社【5:薬局】大分県中津市中央町１－１７０－３" }, "geometry": { "type": "Point", "coordinates": [ 131.192833, 33.59258 ] } },
{ "type": "Feature", "properties": { "ID": "4451246200000", "正式名称": "調剤薬局石だたみ", "機関区分": 5, "都道府県コード": 44, "市区町村コード": 203, "所在地": "大分県中津市寺町９８９番地２", "緯度": 33.604129, "経度": 131.190158, "url": "https://www.iryou.teikyouseido.mhlw.go.jp/znk-web/juminkanja/S2430/initialize?prefCd=44&kikanCd=1246200000&kikanKbn=5", "url2": "http://an-chouzai.com", "内容": "調剤薬局石だたみ【5:薬局】大分県中津市寺町９８９番地２" }, "geometry": { "type": "Point", "coordinates": [ 131.190158, 33.604129 ] } },
{ "type": "Feature", "properties": { "ID": "4451246300000", "正式名称": "一丁目薬局", "機関区分": 5, "都道府県コード": 44, "市区町村コード": 203, "所在地": "大分県中津市中央町１丁目７３８－１", "緯度": 33.589031, "経度": 131.191019, "url": "https://www.iryou.teikyouseido.mhlw.go.jp/znk-web/juminkanja/S2430/initialize?prefCd=44&kikanCd=1246300000&kikanKbn=5", "url2": "https://www.qol-net.co.jp/pharmacy/map/detail.php?id=885", "内容": "一丁目薬局【5:薬局】大分県中津市中央町１丁目７３８－１" }, "geometry": { "type": "Point", "coordinates": [ 131.191019, 33.589031 ] } },
{ "type": "Feature", "properties": { "ID": "4451246400000", "正式名称": "臼杵薬局　豊田町支店", "機関区分": 5, "都道府県コード": 44, "市区町村コード": 203, "所在地": "大分県中津市豊田町１丁目７３８", "緯度": 33.599911, "経度": 131.186457, "url": "https://www.iryou.teikyouseido.mhlw.go.jp/znk-web/juminkanja/S2430/initialize?prefCd=44&kikanCd=1246400000&kikanKbn=5", "url2": "http://usuki23.sakura.ne.jp", "内容": "臼杵薬局　豊田町支店【5:薬局】大分県中津市豊田町１丁目７３８" }, "geometry": { "type": "Point", "coordinates": [ 131.186457, 33.599911 ] } },
{ "type": "Feature", "properties": { "ID": "4451246500000", "正式名称": "大貞薬局", "機関区分": 5, "都道府県コード": 44, "市区町村コード": 203, "所在地": "大分県中津市加来２２８３－５１３", "緯度": 33.561703, "経度": 131.203435, "url": "https://www.iryou.teikyouseido.mhlw.go.jp/znk-web/juminkanja/S2430/initialize?prefCd=44&kikanCd=1246500000&kikanKbn=5", "url2": "http://osd27.sakura.ne.jp", "内容": "大貞薬局【5:薬局】大分県中津市加来２２８３－５１３" }, "geometry": { "type": "Point", "coordinates": [ 131.203435, 33.561703 ] } },
{ "type": "Feature", "properties": { "ID": "4451246700000", "正式名称": "沖代薬局", "機関区分": 5, "都道府県コード": 44, "市区町村コード": 203, "所在地": "大分県中津市永添３７５－４", "緯度": 33.576785, "経度": 131.198613, "url": "https://www.iryou.teikyouseido.mhlw.go.jp/znk-web/juminkanja/S2430/initialize?prefCd=44&kikanCd=1246700000&kikanKbn=5", "url2": "https://usuki-yakkyoku.jimdofree.com/%E6%B2%96%E4%BB%A3%E8%96%AC%E5%B1%80/", "内容": "沖代薬局【5:薬局】大分県中津市永添３７５－４" }, "geometry": { "type": "Point", "coordinates": [ 131.198613, 33.576785 ] } },
{ "type": "Feature", "properties": { "ID": "4451246900000", "正式名称": "オリーブ薬局", "機関区分": 5, "都道府県コード": 44, "市区町村コード": 203, "所在地": "大分県中津市湯屋２７３ー３", "緯度": 33.575672, "経度": 131.18996, "url": "https://www.iryou.teikyouseido.mhlw.go.jp/znk-web/juminkanja/S2430/initialize?prefCd=44&kikanCd=1246900000&kikanKbn=5", "url2": "https://web-clover.net/olive-yakkyoku-nakatsu/", "内容": "オリーブ薬局【5:薬局】大分県中津市湯屋２７３ー３" }, "geometry": { "type": "Point", "coordinates": [ 131.18996, 33.575672 ] } },
{ "type": "Feature", "properties": { "ID": "4451247000000", "正式名称": "薬局オリーブⅡ", "機関区分": 5, "都道府県コード": 44, "市区町村コード": 203, "所在地": "大分県中津市上宮永１１１２ー３", "緯度": 33.590166, "経度": 131.184781, "url": "https://www.iryou.teikyouseido.mhlw.go.jp/znk-web/juminkanja/S2430/initialize?prefCd=44&kikanCd=1247000000&kikanKbn=5", "url2": "https://web-clover.net/olive-yakkyoku-nakatsu/", "内容": "薬局オリーブⅡ【5:薬局】大分県中津市上宮永１１１２ー３" }, "geometry": { "type": "Point", "coordinates": [ 131.184781, 33.590166 ] } },
{ "type": "Feature", "properties": { "ID": "4451247100000", "正式名称": "株式会社　グローバル薬局", "機関区分": 5, "都道府県コード": 44, "市区町村コード": 203, "所在地": "大分県中津市中央町９４１番４号", "緯度": 33.593272, "経度": 131.189445, "url": "https://www.iryou.teikyouseido.mhlw.go.jp/znk-web/juminkanja/S2430/initialize?prefCd=44&kikanCd=1247100000&kikanKbn=5", "url2": null, "内容": "株式会社　グローバル薬局【5:薬局】大分県中津市中央町９４１番４号" }, "geometry": { "type": "Point", "coordinates": [ 131.189445, 33.593272 ] } },
{ "type": "Feature", "properties": { "ID": "4451247200000", "正式名称": "さつき薬局", "機関区分": 5, "都道府県コード": 44, "市区町村コード": 203, "所在地": "大分県中津市下池永１７１－２", "緯度": 33.589323, "経度": 131.214237, "url": "https://www.iryou.teikyouseido.mhlw.go.jp/znk-web/juminkanja/S2430/initialize?prefCd=44&kikanCd=1247200000&kikanKbn=5", "url2": "https://www.sorin.jp/", "内容": "さつき薬局【5:薬局】大分県中津市下池永１７１－２" }, "geometry": { "type": "Point", "coordinates": [ 131.214237, 33.589323 ] } },
{ "type": "Feature", "properties": { "ID": "4451247300000", "正式名称": "そうごう薬局　中津店", "機関区分": 5, "都道府県コード": 44, "市区町村コード": 203, "所在地": "大分県中津市永添５１２番地の２", "緯度": 33.580326, "経度": 131.205493, "url": "https://www.iryou.teikyouseido.mhlw.go.jp/znk-web/juminkanja/S2430/initialize?prefCd=44&kikanCd=1247300000&kikanKbn=5", "url2": "https://shop.sogo-pharmacy.jp/detail/220/", "内容": "そうごう薬局　中津店【5:薬局】大分県中津市永添５１２番地の２" }, "geometry": { "type": "Point", "coordinates": [ 131.205493, 33.580326 ] } },
{ "type": "Feature", "properties": { "ID": "4451247800000", "正式名称": "有限会社　白十字薬局", "機関区分": 5, "都道府県コード": 44, "市区町村コード": 203, "所在地": "大分県中津市島田２１７－１２", "緯度": 33.600002, "経度": 131.190366, "url": "https://www.iryou.teikyouseido.mhlw.go.jp/znk-web/juminkanja/S2430/initialize?prefCd=44&kikanCd=1247800000&kikanKbn=5", "url2": null, "内容": "有限会社　白十字薬局【5:薬局】大分県中津市島田２１７－１２" }, "geometry": { "type": "Point", "coordinates": [ 131.190366, 33.600002 ] } },
{ "type": "Feature", "properties": { "ID": "4451248000000", "正式名称": "ひまわり調剤薬局", "機関区分": 5, "都道府県コード": 44, "市区町村コード": 203, "所在地": "大分県中津市中央町", "緯度": 33.592216, "経度": 131.188917, "url": "https://www.iryou.teikyouseido.mhlw.go.jp/znk-web/juminkanja/S2430/initialize?prefCd=44&kikanCd=1248000000&kikanKbn=5", "url2": "http://www.hakuainakai.com/", "内容": "ひまわり調剤薬局【5:薬局】大分県中津市中央町" }, "geometry": { "type": "Point", "coordinates": [ 131.188917, 33.592216 ] } },
{ "type": "Feature", "properties": { "ID": "4451248300000", "正式名称": "ふるた薬局　植野店", "機関区分": 5, "都道府県コード": 44, "市区町村コード": 203, "所在地": "大分県中津市植野１０７－５", "緯度": 33.561785, "経度": 131.261693, "url": "https://www.iryou.teikyouseido.mhlw.go.jp/znk-web/juminkanja/S2430/initialize?prefCd=44&kikanCd=1248300000&kikanKbn=5", "url2": "https://e-bond.info/withs/", "内容": "ふるた薬局　植野店【5:薬局】大分県中津市植野１０７－５" }, "geometry": { "type": "Point", "coordinates": [ 131.261693, 33.561785 ] } },
{ "type": "Feature", "properties": { "ID": "4451248500000", "正式名称": "ふるた薬局　宮夫店", "機関区分": 5, "都道府県コード": 44, "市区町村コード": 203, "所在地": "大分県中津市宮夫１２－６", "緯度": 33.592467, "経度": 131.212935, "url": "https://www.iryou.teikyouseido.mhlw.go.jp/znk-web/juminkanja/S2430/initialize?prefCd=44&kikanCd=1248500000&kikanKbn=5", "url2": null, "内容": "ふるた薬局　宮夫店【5:薬局】大分県中津市宮夫１２－６" }, "geometry": { "type": "Point", "coordinates": [ 131.212935, 33.592467 ] } },
{ "type": "Feature", "properties": { "ID": "4451248600000", "正式名称": "森久桂花堂薬局", "機関区分": 5, "都道府県コード": 44, "市区町村コード": 203, "所在地": "大分県中津市殿町１４３２番地の４", "緯度": 33.602682, "経度": 131.183973, "url": "https://www.iryou.teikyouseido.mhlw.go.jp/znk-web/juminkanja/S2430/initialize?prefCd=44&kikanCd=1248600000&kikanKbn=5", "url2": null, "内容": "森久桂花堂薬局【5:薬局】大分県中津市殿町１４３２番地の４" }, "geometry": { "type": "Point", "coordinates": [ 131.183973, 33.602682 ] } },
{ "type": "Feature", "properties": { "ID": "4451248700000", "正式名称": "有限会社やまと薬局", "機関区分": 5, "都道府県コード": 44, "市区町村コード": 203, "所在地": "大分県中津市上宮永３００ー１１", "緯度": 33.585719, "経度": 131.18422, "url": "https://www.iryou.teikyouseido.mhlw.go.jp/znk-web/juminkanja/S2430/initialize?prefCd=44&kikanCd=1248700000&kikanKbn=5", "url2": "http://yamato-yakkyoku.net/", "内容": "有限会社やまと薬局【5:薬局】大分県中津市上宮永３００ー１１" }, "geometry": { "type": "Point", "coordinates": [ 131.18422, 33.585719 ] } },
{ "type": "Feature", "properties": { "ID": "4451248800000", "正式名称": "フロンティア薬局　中津店", "機関区分": 5, "都道府県コード": 44, "市区町村コード": 203, "所在地": "大分県中津市大字福島字道竹１０５６番地２", "緯度": 33.563882, "経度": 131.224836, "url": "https://www.iryou.teikyouseido.mhlw.go.jp/znk-web/juminkanja/S2430/initialize?prefCd=44&kikanCd=1248800000&kikanKbn=5", "url2": "http://www.frontier-ph.com/", "内容": "フロンティア薬局　中津店【5:薬局】大分県中津市大字福島字道竹１０５６番地２" }, "geometry": { "type": "Point", "coordinates": [ 131.224836, 33.563882 ] } },
{ "type": "Feature", "properties": { "ID": "4451248900000", "正式名称": "ワタナベ薬局　上宮永店", "機関区分": 5, "都道府県コード": 44, "市区町村コード": 203, "所在地": "大分県中津市上宮永９－５", "緯度": 33.590814, "経度": 131.185722, "url": "https://www.iryou.teikyouseido.mhlw.go.jp/znk-web/juminkanja/S2430/initialize?prefCd=44&kikanCd=1248900000&kikanKbn=5", "url2": null, "内容": "ワタナベ薬局　上宮永店【5:薬局】大分県中津市上宮永９－５" }, "geometry": { "type": "Point", "coordinates": [ 131.185722, 33.590814 ] } },
{ "type": "Feature", "properties": { "ID": "4451249000000", "正式名称": "ワタナベ薬局　殿町店", "機関区分": 5, "都道府県コード": 44, "市区町村コード": 203, "所在地": "大分県中津市殿町１４２２番２", "緯度": 33.603213, "経度": 131.182852, "url": "https://www.iryou.teikyouseido.mhlw.go.jp/znk-web/juminkanja/S2430/initialize?prefCd=44&kikanCd=1249000000&kikanKbn=5", "url2": null, "内容": "ワタナベ薬局　殿町店【5:薬局】大分県中津市殿町１４２２番２" }, "geometry": { "type": "Point", "coordinates": [ 131.182852, 33.603213 ] } },
{ "type": "Feature", "properties": { "ID": "4451249100000", "正式名称": "ワタナベ薬局　中津店", "機関区分": 5, "都道府県コード": 44, "市区町村コード": 203, "所在地": "大分県中津市島田字林崎４６２番１", "緯度": 33.595569, "経度": 131.185708, "url": "https://www.iryou.teikyouseido.mhlw.go.jp/znk-web/juminkanja/S2430/initialize?prefCd=44&kikanCd=1249100000&kikanKbn=5", "url2": null, "内容": "ワタナベ薬局　中津店【5:薬局】大分県中津市島田字林崎４６２番１" }, "geometry": { "type": "Point", "coordinates": [ 131.185708, 33.595569 ] } },
{ "type": "Feature", "properties": { "ID": "4451249400000", "正式名称": "院内町薬局", "機関区分": 5, "都道府県コード": 44, "市区町村コード": 211, "所在地": "大分県宇佐市院内町大副", "緯度": 33.423313, "経度": 131.318027, "url": "https://www.iryou.teikyouseido.mhlw.go.jp/znk-web/juminkanja/S2430/initialize?prefCd=44&kikanCd=1249400000&kikanKbn=5", "url2": null, "内容": "院内町薬局【5:薬局】大分県宇佐市院内町大副" }, "geometry": { "type": "Point", "coordinates": [ 131.318027, 33.423313 ] } },
{ "type": "Feature", "properties": { "ID": "4451249600000", "正式名称": "ウエガキ調剤薬局　南敷田支店", "機関区分": 5, "都道府県コード": 44, "市区町村コード": 211, "所在地": "大分県宇佐市南敷田７１４－１", "緯度": 33.548712, "経度": 131.279114, "url": "https://www.iryou.teikyouseido.mhlw.go.jp/znk-web/juminkanja/S2430/initialize?prefCd=44&kikanCd=1249600000&kikanKbn=5", "url2": "https://sites.google.com/view/uegakiminamishikida", "内容": "ウエガキ調剤薬局　南敷田支店【5:薬局】大分県宇佐市南敷田７１４－１" }, "geometry": { "type": "Point", "coordinates": [ 131.279114, 33.548712 ] } },
{ "type": "Feature", "properties": { "ID": "4451249700000", "正式名称": "宇佐調剤薬局", "機関区分": 5, "都道府県コード": 44, "市区町村コード": 211, "所在地": "大分県宇佐市和気１６９－３", "緯度": 33.537545, "経度": 131.390353, "url": "https://www.iryou.teikyouseido.mhlw.go.jp/znk-web/juminkanja/S2430/initialize?prefCd=44&kikanCd=1249700000&kikanKbn=5", "url2": null, "内容": "宇佐調剤薬局【5:薬局】大分県宇佐市和気１６９－３" }, "geometry": { "type": "Point", "coordinates": [ 131.390353, 33.537545 ] } },
{ "type": "Feature", "properties": { "ID": "4451249900000", "正式名称": "有限会社　熊仁寿堂薬局", "機関区分": 5, "都道府県コード": 44, "市区町村コード": 211, "所在地": "大分県宇佐市尾永井２９３", "緯度": 33.565053, "経度": 131.324666, "url": "https://www.iryou.teikyouseido.mhlw.go.jp/znk-web/juminkanja/S2430/initialize?prefCd=44&kikanCd=1249900000&kikanKbn=5", "url2": null, "内容": "有限会社　熊仁寿堂薬局【5:薬局】大分県宇佐市尾永井２９３" }, "geometry": { "type": "Point", "coordinates": [ 131.324666, 33.565053 ] } },
{ "type": "Feature", "properties": { "ID": "4451250000000", "正式名称": "熊仁寿堂　熊薬局", "機関区分": 5, "都道府県コード": 44, "市区町村コード": 211, "所在地": "大分県宇佐市上高家１３９０－１", "緯度": 33.565129, "経度": 131.323131, "url": "https://www.iryou.teikyouseido.mhlw.go.jp/znk-web/juminkanja/S2430/initialize?prefCd=44&kikanCd=1250000000&kikanKbn=5", "url2": null, "内容": "熊仁寿堂　熊薬局【5:薬局】大分県宇佐市上高家１３９０－１" }, "geometry": { "type": "Point", "coordinates": [ 131.323131, 33.565129 ] } },
{ "type": "Feature", "properties": { "ID": "4451250100000", "正式名称": "サザン薬局　宇佐店【健康サポート薬局】", "機関区分": 5, "都道府県コード": 44, "市区町村コード": 211, "所在地": "大分県宇佐市葛原", "緯度": 33.536565, "経度": 131.329738, "url": "https://www.iryou.teikyouseido.mhlw.go.jp/znk-web/juminkanja/S2430/initialize?prefCd=44&kikanCd=1250100000&kikanKbn=5", "url2": null, "内容": "サザン薬局　宇佐店【健康サポート薬局】【5:薬局】大分県宇佐市葛原" }, "geometry": { "type": "Point", "coordinates": [ 131.329738, 33.536565 ] } },
{ "type": "Feature", "properties": { "ID": "4451250200000", "正式名称": "さとう薬局", "機関区分": 5, "都道府県コード": 44, "市区町村コード": 211, "所在地": "大分県宇佐市江須賀４０４０番地の７", "緯度": 33.554917, "経度": 131.357418, "url": "https://www.iryou.teikyouseido.mhlw.go.jp/znk-web/juminkanja/S2430/initialize?prefCd=44&kikanCd=1250200000&kikanKbn=5", "url2": null, "内容": "さとう薬局【5:薬局】大分県宇佐市江須賀４０４０番地の７" }, "geometry": { "type": "Point", "coordinates": [ 131.357418, 33.554917 ] } },
{ "type": "Feature", "properties": { "ID": "4451250500000", "正式名称": "友松薬局　糸口店【健康サポート薬局】", "機関区分": 5, "都道府県コード": 44, "市区町村コード": 211, "所在地": "大分県宇佐市大字下時枝５６８番地の３", "緯度": 33.555449, "経度": 131.305777, "url": "https://www.iryou.teikyouseido.mhlw.go.jp/znk-web/juminkanja/S2430/initialize?prefCd=44&kikanCd=1250500000&kikanKbn=5", "url2": "http://tomomatsu-pharmacy.com/", "内容": "友松薬局　糸口店【健康サポート薬局】【5:薬局】大分県宇佐市大字下時枝５６８番地の３" }, "geometry": { "type": "Point", "coordinates": [ 131.305777, 33.555449 ] } },
{ "type": "Feature", "properties": { "ID": "4451250600000", "正式名称": "友松薬局　柳ヶ浦店　【健康サポート薬局】", "機関区分": 5, "都道府県コード": 44, "市区町村コード": 211, "所在地": "大分県宇佐市大字江須賀１９５１－５", "緯度": 33.557844, "経度": 131.357154, "url": "https://www.iryou.teikyouseido.mhlw.go.jp/znk-web/juminkanja/S2430/initialize?prefCd=44&kikanCd=1250600000&kikanKbn=5", "url2": "http://tomomatsu-pharmacy.com/", "内容": "友松薬局　柳ヶ浦店　【健康サポート薬局】【5:薬局】大分県宇佐市大字江須賀１９５１－５" }, "geometry": { "type": "Point", "coordinates": [ 131.357154, 33.557844 ] } },
{ "type": "Feature", "properties": { "ID": "4451250700000", "正式名称": "友松薬局　山本店", "機関区分": 5, "都道府県コード": 44, "市区町村コード": 211, "所在地": "大分県宇佐市山本百枝１６６１の１１", "緯度": 33.508378, "経度": 131.327664, "url": "https://www.iryou.teikyouseido.mhlw.go.jp/znk-web/juminkanja/S2430/initialize?prefCd=44&kikanCd=1250700000&kikanKbn=5", "url2": "http://tomomatsu.saishin-trend.com/", "内容": "友松薬局　山本店【5:薬局】大分県宇佐市山本百枝１６６１の１１" }, "geometry": { "type": "Point", "coordinates": [ 131.327664, 33.508378 ] } },
{ "type": "Feature", "properties": { "ID": "4451250800000", "正式名称": "有限会社　永安堂　永石薬局", "機関区分": 5, "都道府県コード": 44, "市区町村コード": 211, "所在地": "大分県宇佐市安心院町下毛２０６２－２", "緯度": 33.438, "経度": 131.352329, "url": "https://www.iryou.teikyouseido.mhlw.go.jp/znk-web/juminkanja/S2430/initialize?prefCd=44&kikanCd=1250800000&kikanKbn=5", "url2": null, "内容": "有限会社　永安堂　永石薬局【5:薬局】大分県宇佐市安心院町下毛２０６２－２" }, "geometry": { "type": "Point", "coordinates": [ 131.352329, 33.438 ] } },
{ "type": "Feature", "properties": { "ID": "4451251200000", "正式名称": "ワタナベ薬局　宇佐店", "機関区分": 5, "都道府県コード": 44, "市区町村コード": 211, "所在地": "大分県宇佐市北宇佐字前田１６２１－５", "緯度": 33.528226, "経度": 131.369149, "url": "https://www.iryou.teikyouseido.mhlw.go.jp/znk-web/juminkanja/S2430/initialize?prefCd=44&kikanCd=1251200000&kikanKbn=5", "url2": null, "内容": "ワタナベ薬局　宇佐店【5:薬局】大分県宇佐市北宇佐字前田１６２１－５" }, "geometry": { "type": "Point", "coordinates": [ 131.369149, 33.528226 ] } },
{ "type": "Feature", "properties": { "ID": "4451251300000", "正式名称": "ワタナベ薬局　宇佐駅前店", "機関区分": 5, "都道府県コード": 44, "市区町村コード": 211, "所在地": "大分県宇佐市出光１６０－８", "緯度": 33.529401, "経度": 131.412383, "url": "https://www.iryou.teikyouseido.mhlw.go.jp/znk-web/juminkanja/S2430/initialize?prefCd=44&kikanCd=1251300000&kikanKbn=5", "url2": null, "内容": "ワタナベ薬局　宇佐駅前店【5:薬局】大分県宇佐市出光１６０－８" }, "geometry": { "type": "Point", "coordinates": [ 131.412383, 33.529401 ] } },
{ "type": "Feature", "properties": { "ID": "4451251400000", "正式名称": "ワタナベ薬局　葛原店", "機関区分": 5, "都道府県コード": 44, "市区町村コード": 211, "所在地": "大分県宇佐市葛原字津房７８０ー４", "緯度": 33.535385, "経度": 131.32941, "url": "https://www.iryou.teikyouseido.mhlw.go.jp/znk-web/juminkanja/S2430/initialize?prefCd=44&kikanCd=1251400000&kikanKbn=5", "url2": null, "内容": "ワタナベ薬局　葛原店【5:薬局】大分県宇佐市葛原字津房７８０ー４" }, "geometry": { "type": "Point", "coordinates": [ 131.32941, 33.535385 ] } },
{ "type": "Feature", "properties": { "ID": "4451251500000", "正式名称": "ワタナベ薬局　神宮店", "機関区分": 5, "都道府県コード": 44, "市区町村コード": 211, "所在地": "大分県宇佐市南宇佐７６６－８", "緯度": 33.528818, "経度": 131.384193, "url": "https://www.iryou.teikyouseido.mhlw.go.jp/znk-web/juminkanja/S2430/initialize?prefCd=44&kikanCd=1251500000&kikanKbn=5", "url2": null, "内容": "ワタナベ薬局　神宮店【5:薬局】大分県宇佐市南宇佐７６６－８" }, "geometry": { "type": "Point", "coordinates": [ 131.384193, 33.528818 ] } },
{ "type": "Feature", "properties": { "ID": "4451251600000", "正式名称": "ワタナベ薬局　中央店", "機関区分": 5, "都道府県コード": 44, "市区町村コード": 211, "所在地": "大分県宇佐市四日市鬼枝７６－２", "緯度": 33.533779, "経度": 131.32873, "url": "https://www.iryou.teikyouseido.mhlw.go.jp/znk-web/juminkanja/S2430/initialize?prefCd=44&kikanCd=1251600000&kikanKbn=5", "url2": null, "内容": "ワタナベ薬局　中央店【5:薬局】大分県宇佐市四日市鬼枝７６－２" }, "geometry": { "type": "Point", "coordinates": [ 131.32873, 33.533779 ] } },
{ "type": "Feature", "properties": { "ID": "4451251700000", "正式名称": "ワタナベ薬局　豊川店", "機関区分": 5, "都道府県コード": 44, "市区町村コード": 211, "所在地": "大分県宇佐市中原３４０－６", "緯度": 33.516303, "経度": 131.335799, "url": "https://www.iryou.teikyouseido.mhlw.go.jp/znk-web/juminkanja/S2430/initialize?prefCd=44&kikanCd=1251700000&kikanKbn=5", "url2": null, "内容": "ワタナベ薬局　豊川店【5:薬局】大分県宇佐市中原３４０－６" }, "geometry": { "type": "Point", "coordinates": [ 131.335799, 33.516303 ] } },
{ "type": "Feature", "properties": { "ID": "4451251800000", "正式名称": "ワタナベ薬局　法鏡寺店", "機関区分": 5, "都道府県コード": 44, "市区町村コード": 211, "所在地": "大分県宇佐市法鏡寺８０－１", "緯度": 33.5264, "経度": 131.342562, "url": "https://www.iryou.teikyouseido.mhlw.go.jp/znk-web/juminkanja/S2430/initialize?prefCd=44&kikanCd=1251800000&kikanKbn=5", "url2": null, "内容": "ワタナベ薬局　法鏡寺店【5:薬局】大分県宇佐市法鏡寺８０－１" }, "geometry": { "type": "Point", "coordinates": [ 131.342562, 33.5264 ] } },
{ "type": "Feature", "properties": { "ID": "4451251900000", "正式名称": "ワタナベ薬局　本店", "機関区分": 5, "都道府県コード": 44, "市区町村コード": 211, "所在地": "大分県宇佐市四日市１４４４－４", "緯度": 33.529605, "経度": 131.328133, "url": "https://www.iryou.teikyouseido.mhlw.go.jp/znk-web/juminkanja/S2430/initialize?prefCd=44&kikanCd=1251900000&kikanKbn=5", "url2": null, "内容": "ワタナベ薬局　本店【5:薬局】大分県宇佐市四日市１４４４－４" }, "geometry": { "type": "Point", "coordinates": [ 131.328133, 33.529605 ] } },
{ "type": "Feature", "properties": { "ID": "4451252000000", "正式名称": "ワタナベ薬局　四日市店", "機関区分": 5, "都道府県コード": 44, "市区町村コード": 211, "所在地": "大分県宇佐市四日市瓦塚１０－６", "緯度": 33.532877, "経度": 131.329894, "url": "https://www.iryou.teikyouseido.mhlw.go.jp/znk-web/juminkanja/S2430/initialize?prefCd=44&kikanCd=1252000000&kikanKbn=5", "url2": null, "内容": "ワタナベ薬局　四日市店【5:薬局】大分県宇佐市四日市瓦塚１０－６" }, "geometry": { "type": "Point", "coordinates": [ 131.329894, 33.532877 ] } },
{ "type": "Feature", "properties": { "ID": "4451252200000", "正式名称": "ウエガキ調剤薬局", "機関区分": 5, "都道府県コード": 44, "市区町村コード": 209, "所在地": "大分県豊後高田市浜町６６８の５", "緯度": 33.559388, "経度": 131.442099, "url": "https://www.iryou.teikyouseido.mhlw.go.jp/znk-web/juminkanja/S2430/initialize?prefCd=44&kikanCd=1252200000&kikanKbn=5", "url2": null, "内容": "ウエガキ調剤薬局【5:薬局】大分県豊後高田市浜町６６８の５" }, "geometry": { "type": "Point", "coordinates": [ 131.442099, 33.559388 ] } },
{ "type": "Feature", "properties": { "ID": "4451252300000", "正式名称": "ウエガキ調剤薬局　玉津支店", "機関区分": 5, "都道府県コード": 44, "市区町村コード": 209, "所在地": "大分県豊後高田市玉津１３０８番地の１", "緯度": 33.566687, "経度": 131.439941, "url": "https://www.iryou.teikyouseido.mhlw.go.jp/znk-web/juminkanja/S2430/initialize?prefCd=44&kikanCd=1252300000&kikanKbn=5", "url2": null, "内容": "ウエガキ調剤薬局　玉津支店【5:薬局】大分県豊後高田市玉津１３０８番地の１" }, "geometry": { "type": "Point", "coordinates": [ 131.439941, 33.566687 ] } },
{ "type": "Feature", "properties": { "ID": "4451252500000", "正式名称": "たかだ調剤薬局【健康サポート薬局】", "機関区分": 5, "都道府県コード": 44, "市区町村コード": 209, "所在地": "大分県豊後高田市本町１２３７－１", "緯度": 33.555127, "経度": 131.441313, "url": "https://www.iryou.teikyouseido.mhlw.go.jp/znk-web/juminkanja/S2430/initialize?prefCd=44&kikanCd=1252500000&kikanKbn=5", "url2": "http://www.e-classa.net/takadachou/", "内容": "たかだ調剤薬局【健康サポート薬局】【5:薬局】大分県豊後高田市本町１２３７－１" }, "geometry": { "type": "Point", "coordinates": [ 131.441313, 33.555127 ] } },
{ "type": "Feature", "properties": { "ID": "4451252600000", "正式名称": "友松薬局　真玉店　【健康サポート薬局】", "機関区分": 5, "都道府県コード": 44, "市区町村コード": 209, "所在地": "大分県豊後高田市中真玉２１３５－２", "緯度": 33.60842, "経度": 131.473753, "url": "https://www.iryou.teikyouseido.mhlw.go.jp/znk-web/juminkanja/S2430/initialize?prefCd=44&kikanCd=1252600000&kikanKbn=5", "url2": "https://www.tomomatsu-pharmacy.com", "内容": "友松薬局　真玉店　【健康サポート薬局】【5:薬局】大分県豊後高田市中真玉２１３５－２" }, "geometry": { "type": "Point", "coordinates": [ 131.473753, 33.60842 ] } },
{ "type": "Feature", "properties": { "ID": "4451252700000", "正式名称": "はあとふる薬局", "機関区分": 5, "都道府県コード": 44, "市区町村コード": 209, "所在地": "大分県豊後高田市呉崎字新町１５９３番２", "緯度": 33.577054, "経度": 131.4472, "url": "https://www.iryou.teikyouseido.mhlw.go.jp/znk-web/juminkanja/S2430/initialize?prefCd=44&kikanCd=1252700000&kikanKbn=5", "url2": "https://kusurinomadoguchi.com/oita/s1000002797", "内容": "はあとふる薬局【5:薬局】大分県豊後高田市呉崎字新町１５９３番２" }, "geometry": { "type": "Point", "coordinates": [ 131.4472, 33.577054 ] } },
{ "type": "Feature", "properties": { "ID": "4451253000000", "正式名称": "すみれ調剤薬局", "機関区分": 5, "都道府県コード": 44, "市区町村コード": 203, "所在地": "大分県中津市豊田町６－４", "緯度": 33.597146, "経度": 131.189397, "url": "https://www.iryou.teikyouseido.mhlw.go.jp/znk-web/juminkanja/S2430/initialize?prefCd=44&kikanCd=1253000000&kikanKbn=5", "url2": null, "内容": "すみれ調剤薬局【5:薬局】大分県中津市豊田町６－４" }, "geometry": { "type": "Point", "coordinates": [ 131.189397, 33.597146 ] } },
{ "type": "Feature", "properties": { "ID": "4451253100000", "正式名称": "こはく薬局", "機関区分": 5, "都道府県コード": 44, "市区町村コード": 201, "所在地": "大分県大分市賀来新川２－１－１０　大分キャセイホテル１Ｆ", "緯度": 33.212728, "経度": 131.574345, "url": "https://www.iryou.teikyouseido.mhlw.go.jp/znk-web/juminkanja/S2430/initialize?prefCd=44&kikanCd=1253100000&kikanKbn=5", "url2": "https://www.e-classa.net/omega-pharmacy/group.html", "内容": "こはく薬局【5:薬局】大分県大分市賀来新川２－１－１０　大分キャセイホテル１Ｆ" }, "geometry": { "type": "Point", "coordinates": [ 131.574345, 33.212728 ] } },
{ "type": "Feature", "properties": { "ID": "4451253200000", "正式名称": "正栄薬局", "機関区分": 5, "都道府県コード": 44, "市区町村コード": 201, "所在地": "大分県大分市寒田", "緯度": 33.186985, "経度": 131.611184, "url": "https://www.iryou.teikyouseido.mhlw.go.jp/znk-web/juminkanja/S2430/initialize?prefCd=44&kikanCd=1253200000&kikanKbn=5", "url2": null, "内容": "正栄薬局【5:薬局】大分県大分市寒田" }, "geometry": { "type": "Point", "coordinates": [ 131.611184, 33.186985 ] } },
{ "type": "Feature", "properties": { "ID": "4451253300000", "正式名称": "城南薬局", "機関区分": 5, "都道府県コード": 44, "市区町村コード": 201, "所在地": "大分県大分市永興２丁目８番７４号", "緯度": 33.218545, "経度": 131.584071, "url": "https://www.iryou.teikyouseido.mhlw.go.jp/znk-web/juminkanja/S2430/initialize?prefCd=44&kikanCd=1253300000&kikanKbn=5", "url2": null, "内容": "城南薬局【5:薬局】大分県大分市永興２丁目８番７４号" }, "geometry": { "type": "Point", "coordinates": [ 131.584071, 33.218545 ] } },
{ "type": "Feature", "properties": { "ID": "4451253400000", "正式名称": "健康の森調剤薬局　わさだ店", "機関区分": 5, "都道府県コード": 44, "市区町村コード": 201, "所在地": "大分県大分市大字市１２７９番地", "緯度": 33.188275, "経度": 131.57467, "url": "https://www.iryou.teikyouseido.mhlw.go.jp/znk-web/juminkanja/S2430/initialize?prefCd=44&kikanCd=1253400000&kikanKbn=5", "url2": "https://www.sugihara-web.com/", "内容": "健康の森調剤薬局　わさだ店【5:薬局】大分県大分市大字市１２７９番地" }, "geometry": { "type": "Point", "coordinates": [ 131.57467, 33.188275 ] } },
{ "type": "Feature", "properties": { "ID": "4451253500000", "正式名称": "スワロー薬局　照波園店", "機関区分": 5, "都道府県コード": 44, "市区町村コード": 202, "所在地": "大分県別府市照波園町２２０５－５", "緯度": 33.31986, "経度": 131.497293, "url": "https://www.iryou.teikyouseido.mhlw.go.jp/znk-web/juminkanja/S2430/initialize?prefCd=44&kikanCd=1253500000&kikanKbn=5", "url2": null, "内容": "スワロー薬局　照波園店【5:薬局】大分県別府市照波園町２２０５－５" }, "geometry": { "type": "Point", "coordinates": [ 131.497293, 33.31986 ] } },
{ "type": "Feature", "properties": { "ID": "4451253600000", "正式名称": "にっこり調剤薬局", "機関区分": 5, "都道府県コード": 44, "市区町村コード": 202, "所在地": "大分県別府市東荘園二丁目１３－２９", "緯度": 33.29136, "経度": 131.486054, "url": "https://www.iryou.teikyouseido.mhlw.go.jp/znk-web/juminkanja/S2430/initialize?prefCd=44&kikanCd=1253600000&kikanKbn=5", "url2": null, "内容": "にっこり調剤薬局【5:薬局】大分県別府市東荘園二丁目１３－２９" }, "geometry": { "type": "Point", "coordinates": [ 131.486054, 33.29136 ] } },
{ "type": "Feature", "properties": { "ID": "4451253800000", "正式名称": "あそう調剤薬局　小児科まえ店", "機関区分": 5, "都道府県コード": 44, "市区町村コード": 212, "所在地": "大分県豊後大野市三重町赤嶺８６２－１", "緯度": 32.983139, "経度": 131.597979, "url": "https://www.iryou.teikyouseido.mhlw.go.jp/znk-web/juminkanja/S2430/initialize?prefCd=44&kikanCd=1253800000&kikanKbn=5", "url2": "http://www.aso-tyozai.com/", "内容": "あそう調剤薬局　小児科まえ店【5:薬局】大分県豊後大野市三重町赤嶺８６２－１" }, "geometry": { "type": "Point", "coordinates": [ 131.597979, 32.983139 ] } },
{ "type": "Feature", "properties": { "ID": "4451253900000", "正式名称": "伊東薬局　日ノ出町店【健康サポート薬局】", "機関区分": 5, "都道府県コード": 44, "市区町村コード": 204, "所在地": "大分県日田市日ノ出町２２－１", "緯度": 33.334101, "経度": 130.94081, "url": "https://www.iryou.teikyouseido.mhlw.go.jp/znk-web/juminkanja/S2430/initialize?prefCd=44&kikanCd=1253900000&kikanKbn=5", "url2": "https://ito-hita.com/", "内容": "伊東薬局　日ノ出町店【健康サポート薬局】【5:薬局】大分県日田市日ノ出町２２－１" }, "geometry": { "type": "Point", "coordinates": [ 130.94081, 33.334101 ] } },
{ "type": "Feature", "properties": { "ID": "4451254000000", "正式名称": "さとう調剤薬局杵築店", "機関区分": 5, "都道府県コード": 44, "市区町村コード": 210, "所在地": "大分県杵築市南杵築字魚町７－１１", "緯度": 33.415175, "経度": 131.621194, "url": "https://www.iryou.teikyouseido.mhlw.go.jp/znk-web/juminkanja/S2430/initialize?prefCd=44&kikanCd=1254000000&kikanKbn=5", "url2": null, "内容": "さとう調剤薬局杵築店【5:薬局】大分県杵築市南杵築字魚町７－１１" }, "geometry": { "type": "Point", "coordinates": [ 131.621194, 33.415175 ] } },
{ "type": "Feature", "properties": { "ID": "4451254100000", "正式名称": "イルカ薬局", "機関区分": 5, "都道府県コード": 44, "市区町村コード": 207, "所在地": "大分県津久見市千怒６０４５－１", "緯度": 33.071804, "経度": 131.889983, "url": "https://www.iryou.teikyouseido.mhlw.go.jp/znk-web/juminkanja/S2430/initialize?prefCd=44&kikanCd=1254100000&kikanKbn=5", "url2": "http://www.e-classa.net/v_w_inc/index.html", "内容": "イルカ薬局【5:薬局】大分県津久見市千怒６０４５－１" }, "geometry": { "type": "Point", "coordinates": [ 131.889983, 33.071804 ] } },
{ "type": "Feature", "properties": { "ID": "4451254200000", "正式名称": "しろやま調剤薬局", "機関区分": 5, "都道府県コード": 44, "市区町村コード": 205, "所在地": "大分県佐伯市城下西町７００番", "緯度": 32.95809, "経度": 131.894882, "url": "https://www.iryou.teikyouseido.mhlw.go.jp/znk-web/juminkanja/S2430/initialize?prefCd=44&kikanCd=1254200000&kikanKbn=5", "url2": "http://www.shimokawa-p.com/", "内容": "しろやま調剤薬局【5:薬局】大分県佐伯市城下西町７００番" }, "geometry": { "type": "Point", "coordinates": [ 131.894882, 32.95809 ] } },
{ "type": "Feature", "properties": { "ID": "4451254300000", "正式名称": "つるみ調剤薬局", "機関区分": 5, "都道府県コード": 44, "市区町村コード": 202, "所在地": "大分県別府市大畑町６番３９号", "緯度": 33.304141, "経度": 131.475768, "url": "https://www.iryou.teikyouseido.mhlw.go.jp/znk-web/juminkanja/S2430/initialize?prefCd=44&kikanCd=1254300000&kikanKbn=5", "url2": "https://daiichichozai.jp", "内容": "つるみ調剤薬局【5:薬局】大分県別府市大畑町６番３９号" }, "geometry": { "type": "Point", "coordinates": [ 131.475768, 33.304141 ] } },
{ "type": "Feature", "properties": { "ID": "4451254400000", "正式名称": "そうごう薬局　大分東店", "機関区分": 5, "都道府県コード": 44, "市区町村コード": 201, "所在地": "大分県大分市高松東", "緯度": 33.247967, "経度": 131.660612, "url": "https://www.iryou.teikyouseido.mhlw.go.jp/znk-web/juminkanja/S2430/initialize?prefCd=44&kikanCd=1254400000&kikanKbn=5", "url2": "https://www.bing.com/search?pglt=41&q=%E3%81%9D%E3%81%86%E3%81%94%E3%81%86%E8%96%AC%E5%B1%80+%E5%A4%A7%E5%88%86%E6%9D%B1%E5%BA%97&cvid=665de81f2cd142e18519e9011e95c540&gs_lcrp=EgZjaHJvbWUyBggAEEUYOTIGCAEQABhAMgYIAhBFGDzSAQg3MTgxajBqMagCALACAA&FORM=ANNTA1&PC=U531", "内容": "そうごう薬局　大分東店【5:薬局】大分県大分市高松東" }, "geometry": { "type": "Point", "coordinates": [ 131.660612, 33.247967 ] } },
{ "type": "Feature", "properties": { "ID": "4451254700000", "正式名称": "ブンゴヤ薬局　コスモ店", "機関区分": 5, "都道府県コード": 44, "市区町村コード": 201, "所在地": "大分県大分市西大道", "緯度": 33.229848, "経度": 131.597044, "url": "https://www.iryou.teikyouseido.mhlw.go.jp/znk-web/juminkanja/S2430/initialize?prefCd=44&kikanCd=1254700000&kikanKbn=5", "url2": "http://www.bungoya.co.jp/", "内容": "ブンゴヤ薬局　コスモ店【5:薬局】大分県大分市西大道" }, "geometry": { "type": "Point", "coordinates": [ 131.597044, 33.229848 ] } },
{ "type": "Feature", "properties": { "ID": "4451254900000", "正式名称": "おれんじ薬局", "機関区分": 5, "都道府県コード": 44, "市区町村コード": 201, "所在地": "大分県大分市金池南２丁目３番８号", "緯度": 33.229568, "経度": 131.609213, "url": "https://www.iryou.teikyouseido.mhlw.go.jp/znk-web/juminkanja/S2430/initialize?prefCd=44&kikanCd=1254900000&kikanKbn=5", "url2": "https://www.kusurinomadoguchi.com/oita/s1000003694", "内容": "おれんじ薬局【5:薬局】大分県大分市金池南２丁目３番８号" }, "geometry": { "type": "Point", "coordinates": [ 131.609213, 33.229568 ] } },
{ "type": "Feature", "properties": { "ID": "4451255000000", "正式名称": "ファン薬局　日岡店", "機関区分": 5, "都道府県コード": 44, "市区町村コード": 201, "所在地": "大分県大分市日岡２丁目７－２６", "緯度": 33.2505, "経度": 131.658209, "url": "https://www.iryou.teikyouseido.mhlw.go.jp/znk-web/juminkanja/S2430/initialize?prefCd=44&kikanCd=1255000000&kikanKbn=5", "url2": "http://www.fan-medical.com/", "内容": "ファン薬局　日岡店【5:薬局】大分県大分市日岡２丁目７－２６" }, "geometry": { "type": "Point", "coordinates": [ 131.658209, 33.2505 ] } },
{ "type": "Feature", "properties": { "ID": "4451255100000", "正式名称": "むさし調剤薬局", "機関区分": 5, "都道府県コード": 44, "市区町村コード": 214, "所在地": "大分県国東市武蔵町糸原２５４５番６", "緯度": 33.487427, "経度": 131.720877, "url": "https://www.iryou.teikyouseido.mhlw.go.jp/znk-web/juminkanja/S2430/initialize?prefCd=44&kikanCd=1255100000&kikanKbn=5", "url2": "http://n6g39.crayonsite.com", "内容": "むさし調剤薬局【5:薬局】大分県国東市武蔵町糸原２５４５番６" }, "geometry": { "type": "Point", "coordinates": [ 131.720877, 33.487427 ] } },
{ "type": "Feature", "properties": { "ID": "4451255200000", "正式名称": "第一調剤薬局　森店", "機関区分": 5, "都道府県コード": 44, "市区町村コード": 201, "所在地": "大分県大分市森５８２－１", "緯度": 33.220707, "経度": 131.680825, "url": "https://www.iryou.teikyouseido.mhlw.go.jp/znk-web/juminkanja/S2430/initialize?prefCd=44&kikanCd=1255200000&kikanKbn=5", "url2": "https://daiichichozai.jp", "内容": "第一調剤薬局　森店【5:薬局】大分県大分市森５８２－１" }, "geometry": { "type": "Point", "coordinates": [ 131.680825, 33.220707 ] } },
{ "type": "Feature", "properties": { "ID": "4451255300000", "正式名称": "Ｂ－スポーツ薬局", "機関区分": 5, "都道府県コード": 44, "市区町村コード": 202, "所在地": "大分県別府市山の手町１６番１５号", "緯度": 33.283279, "経度": 131.483232, "url": "https://www.iryou.teikyouseido.mhlw.go.jp/znk-web/juminkanja/S2430/initialize?prefCd=44&kikanCd=1255300000&kikanKbn=5", "url2": null, "内容": "Ｂ－スポーツ薬局【5:薬局】大分県別府市山の手町１６番１５号" }, "geometry": { "type": "Point", "coordinates": [ 131.483232, 33.283279 ] } },
{ "type": "Feature", "properties": { "ID": "4451255600000", "正式名称": "けやき薬局", "機関区分": 5, "都道府県コード": 44, "市区町村コード": 212, "所在地": "大分県豊後大野市三重町小坂４１０９－６７", "緯度": 32.993691, "経度": 131.616163, "url": "https://www.iryou.teikyouseido.mhlw.go.jp/znk-web/juminkanja/S2430/initialize?prefCd=44&kikanCd=1255600000&kikanKbn=5", "url2": "https://www.sorin.jp/", "内容": "けやき薬局【5:薬局】大分県豊後大野市三重町小坂４１０９－６７" }, "geometry": { "type": "Point", "coordinates": [ 131.616163, 32.993691 ] } },
{ "type": "Feature", "properties": { "ID": "4451255700000", "正式名称": "日本調剤　鶴見薬局", "機関区分": 5, "都道府県コード": 44, "市区町村コード": 202, "所在地": "大分県別府市緑丘町１０番１号", "緯度": 33.298157, "経度": 131.490482, "url": "https://www.iryou.teikyouseido.mhlw.go.jp/znk-web/juminkanja/S2430/initialize?prefCd=44&kikanCd=1255700000&kikanKbn=5", "url2": "http://www.nicho.co.jp/tenpo/turumi/", "内容": "日本調剤　鶴見薬局【5:薬局】大分県別府市緑丘町１０番１号" }, "geometry": { "type": "Point", "coordinates": [ 131.490482, 33.298157 ] } },
{ "type": "Feature", "properties": { "ID": "4451255800000", "正式名称": "あすなろ薬局", "機関区分": 5, "都道府県コード": 44, "市区町村コード": 201, "所在地": "大分県大分市下郡南５丁目３０７番地", "緯度": 33.224169, "経度": 131.636184, "url": "https://www.iryou.teikyouseido.mhlw.go.jp/znk-web/juminkanja/S2430/initialize?prefCd=44&kikanCd=1255800000&kikanKbn=5", "url2": null, "内容": "あすなろ薬局【5:薬局】大分県大分市下郡南５丁目３０７番地" }, "geometry": { "type": "Point", "coordinates": [ 131.636184, 33.224169 ] } },
{ "type": "Feature", "properties": { "ID": "4451255900000", "正式名称": "りんご薬局", "機関区分": 5, "都道府県コード": 44, "市区町村コード": 202, "所在地": "大分県別府市荘園町３３番１８号", "緯度": 33.290934, "経度": 131.484579, "url": "https://www.iryou.teikyouseido.mhlw.go.jp/znk-web/juminkanja/S2430/initialize?prefCd=44&kikanCd=1255900000&kikanKbn=5", "url2": null, "内容": "りんご薬局【5:薬局】大分県別府市荘園町３３番１８号" }, "geometry": { "type": "Point", "coordinates": [ 131.484579, 33.290934 ] } },
{ "type": "Feature", "properties": { "ID": "4451256000000", "正式名称": "日本調剤　日田薬局", "機関区分": 5, "都道府県コード": 44, "市区町村コード": 204, "所在地": "大分県日田市大字三和６６３－６", "緯度": 33.34489, "経度": 130.942408, "url": "https://www.iryou.teikyouseido.mhlw.go.jp/znk-web/juminkanja/S2430/initialize?prefCd=44&kikanCd=1256000000&kikanKbn=5", "url2": "http://www.nicho.co.jp/", "内容": "日本調剤　日田薬局【5:薬局】大分県日田市大字三和６６３－６" }, "geometry": { "type": "Point", "coordinates": [ 130.942408, 33.34489 ] } },
{ "type": "Feature", "properties": { "ID": "4451256200000", "正式名称": "ファン薬局　高砂店", "機関区分": 5, "都道府県コード": 44, "市区町村コード": 201, "所在地": "大分県大分市高砂町１番５号高砂ビル６階Ａ号", "緯度": 33.237508, "経度": 131.601851, "url": "https://www.iryou.teikyouseido.mhlw.go.jp/znk-web/juminkanja/S2430/initialize?prefCd=44&kikanCd=1256200000&kikanKbn=5", "url2": "http://www.fan-medical.com/", "内容": "ファン薬局　高砂店【5:薬局】大分県大分市高砂町１番５号高砂ビル６階Ａ号" }, "geometry": { "type": "Point", "coordinates": [ 131.601851, 33.237508 ] } },
{ "type": "Feature", "properties": { "ID": "4451256400000", "正式名称": "しらき薬局", "機関区分": 5, "都道府県コード": 44, "市区町村コード": 201, "所在地": "大分県大分市大字神崎字見内４０４番地６０", "緯度": 33.244749, "経度": 131.570077, "url": "https://www.iryou.teikyouseido.mhlw.go.jp/znk-web/juminkanja/S2430/initialize?prefCd=44&kikanCd=1256400000&kikanKbn=5", "url2": null, "内容": "しらき薬局【5:薬局】大分県大分市大字神崎字見内４０４番地６０" }, "geometry": { "type": "Point", "coordinates": [ 131.570077, 33.244749 ] } },
{ "type": "Feature", "properties": { "ID": "4451256600000", "正式名称": "ヨシムラ薬局　鶴見病院前店", "機関区分": 5, "都道府県コード": 44, "市区町村コード": 202, "所在地": "大分県別府市石垣西６丁目６－１６", "緯度": 33.297839, "経度": 131.491284, "url": "https://www.iryou.teikyouseido.mhlw.go.jp/znk-web/juminkanja/S2430/initialize?prefCd=44&kikanCd=1256600000&kikanKbn=5", "url2": "https://www.yoshimurayakkyoku.com/home", "内容": "ヨシムラ薬局　鶴見病院前店【5:薬局】大分県別府市石垣西６丁目６－１６" }, "geometry": { "type": "Point", "coordinates": [ 131.491284, 33.297839 ] } },
{ "type": "Feature", "properties": { "ID": "4451256700000", "正式名称": "あやめ薬局", "機関区分": 5, "都道府県コード": 44, "市区町村コード": 204, "所在地": "大分県日田市清水町（大字三和）６５９番地３", "緯度": 33.344314, "経度": 130.941517, "url": "https://www.iryou.teikyouseido.mhlw.go.jp/znk-web/juminkanja/S2430/initialize?prefCd=44&kikanCd=1256700000&kikanKbn=5", "url2": null, "内容": "あやめ薬局【5:薬局】大分県日田市清水町（大字三和）６５９番地３" }, "geometry": { "type": "Point", "coordinates": [ 130.941517, 33.344314 ] } },
{ "type": "Feature", "properties": { "ID": "4451256800000", "正式名称": "みしま薬局", "機関区分": 5, "都道府県コード": 44, "市区町村コード": 462, "所在地": "大分県玖珠郡玖珠町森９８７ー３", "緯度": 33.299157, "経度": 131.159201, "url": "https://www.iryou.teikyouseido.mhlw.go.jp/znk-web/juminkanja/S2430/initialize?prefCd=44&kikanCd=1256800000&kikanKbn=5", "url2": "http://kitago.co.jp/", "内容": "みしま薬局【5:薬局】大分県玖珠郡玖珠町森９８７ー３" }, "geometry": { "type": "Point", "coordinates": [ 131.159201, 33.299157 ] } },
{ "type": "Feature", "properties": { "ID": "4451256900000", "正式名称": "さざんか薬局", "機関区分": 5, "都道府県コード": 44, "市区町村コード": 341, "所在地": "大分県速見郡日出町川崎８３７－１", "緯度": 33.3676, "経度": 131.545084, "url": "https://www.iryou.teikyouseido.mhlw.go.jp/znk-web/juminkanja/S2430/initialize?prefCd=44&kikanCd=1256900000&kikanKbn=5", "url2": "http://www.sorin.jp", "内容": "さざんか薬局【5:薬局】大分県速見郡日出町川崎８３７－１" }, "geometry": { "type": "Point", "coordinates": [ 131.545084, 33.3676 ] } },
{ "type": "Feature", "properties": { "ID": "4451257000000", "正式名称": "永冨調剤薬局　敷戸団地店", "機関区分": 5, "都道府県コード": 44, "市区町村コード": 201, "所在地": "大分県大分市大字鴛野３６２－８", "緯度": 33.176561, "経度": 131.609762, "url": "https://www.iryou.teikyouseido.mhlw.go.jp/znk-web/juminkanja/S2430/initialize?prefCd=44&kikanCd=1257000000&kikanKbn=5", "url2": "https://www.nanohana-ph.jp/shop/kyusyu/ooita/cat/nagatomi-shikidodanchi.php", "内容": "永冨調剤薬局　敷戸団地店【5:薬局】大分県大分市大字鴛野３６２－８" }, "geometry": { "type": "Point", "coordinates": [ 131.609762, 33.176561 ] } },
{ "type": "Feature", "properties": { "ID": "4451257100000", "正式名称": "九州調剤薬局　小池原店", "機関区分": 5, "都道府県コード": 44, "市区町村コード": 201, "所在地": "大分県大分市小池原１１１３－１－２", "緯度": 33.234799, "経度": 131.661079, "url": "https://www.iryou.teikyouseido.mhlw.go.jp/znk-web/juminkanja/S2430/initialize?prefCd=44&kikanCd=1257100000&kikanKbn=5", "url2": null, "内容": "九州調剤薬局　小池原店【5:薬局】大分県大分市小池原１１１３－１－２" }, "geometry": { "type": "Point", "coordinates": [ 131.661079, 33.234799 ] } },
{ "type": "Feature", "properties": { "ID": "4451257200000", "正式名称": "そうごう薬局　津久見港町店", "機関区分": 5, "都道府県コード": 44, "市区町村コード": 207, "所在地": "大分県津久見市港町９－３　中津留ビル１階", "緯度": 33.076691, "経度": 131.858944, "url": "https://www.iryou.teikyouseido.mhlw.go.jp/znk-web/juminkanja/S2430/initialize?prefCd=44&kikanCd=1257200000&kikanKbn=5", "url2": "http://www.sogo-medical.co.jp", "内容": "そうごう薬局　津久見港町店【5:薬局】大分県津久見市港町９－３　中津留ビル１階" }, "geometry": { "type": "Point", "coordinates": [ 131.858944, 33.076691 ] } },
{ "type": "Feature", "properties": { "ID": "4451257300000", "正式名称": "そうごう薬局　日田豆田町店", "機関区分": 5, "都道府県コード": 44, "市区町村コード": 204, "所在地": "大分県日田市豆田町５番２４号", "緯度": 33.328919, "経度": 130.937682, "url": "https://www.iryou.teikyouseido.mhlw.go.jp/znk-web/juminkanja/S2430/initialize?prefCd=44&kikanCd=1257300000&kikanKbn=5", "url2": "http://www.sogo-medical.co.jp/sogopharmacy/shop/view/397", "内容": "そうごう薬局　日田豆田町店【5:薬局】大分県日田市豆田町５番２４号" }, "geometry": { "type": "Point", "coordinates": [ 130.937682, 33.328919 ] } },
{ "type": "Feature", "properties": { "ID": "4451257400000", "正式名称": "ドラッグイレブン薬局　大分駅南店", "機関区分": 5, "都道府県コード": 44, "市区町村コード": 201, "所在地": "大分県大分市要町", "緯度": 33.229804, "経度": 131.610208, "url": "https://www.iryou.teikyouseido.mhlw.go.jp/znk-web/juminkanja/S2430/initialize?prefCd=44&kikanCd=1257400000&kikanKbn=5", "url2": "https://shop.tsuruha-g.com/4817", "内容": "ドラッグイレブン薬局　大分駅南店【5:薬局】大分県大分市要町" }, "geometry": { "type": "Point", "coordinates": [ 131.610208, 33.229804 ] } },
{ "type": "Feature", "properties": { "ID": "4451257500000", "正式名称": "ケヤキ調剤薬局", "機関区分": 5, "都道府県コード": 44, "市区町村コード": 201, "所在地": "大分県大分市東津留２丁目１０７－１", "緯度": 33.240617, "経度": 131.632283, "url": "https://www.iryou.teikyouseido.mhlw.go.jp/znk-web/juminkanja/S2430/initialize?prefCd=44&kikanCd=1257500000&kikanKbn=5", "url2": null, "内容": "ケヤキ調剤薬局【5:薬局】大分県大分市東津留２丁目１０７－１" }, "geometry": { "type": "Point", "coordinates": [ 131.632283, 33.240617 ] } },
{ "type": "Feature", "properties": { "ID": "4451257600000", "正式名称": "ファーマシー安東", "機関区分": 5, "都道府県コード": 44, "市区町村コード": 201, "所在地": "大分県大分市南春日町１２－７", "緯度": 33.237525, "経度": 131.595668, "url": "https://www.iryou.teikyouseido.mhlw.go.jp/znk-web/juminkanja/S2430/initialize?prefCd=44&kikanCd=1257600000&kikanKbn=5", "url2": null, "内容": "ファーマシー安東【5:薬局】大分県大分市南春日町１２－７" }, "geometry": { "type": "Point", "coordinates": [ 131.595668, 33.237525 ] } },
{ "type": "Feature", "properties": { "ID": "4451257700000", "正式名称": "やまと薬局", "機関区分": 5, "都道府県コード": 44, "市区町村コード": 204, "所在地": "大分県日田市隈２丁目２－７", "緯度": 33.313322, "経度": 130.931031, "url": "https://www.iryou.teikyouseido.mhlw.go.jp/znk-web/juminkanja/S2430/initialize?prefCd=44&kikanCd=1257700000&kikanKbn=5", "url2": "https://kitago.co.jp", "内容": "やまと薬局【5:薬局】大分県日田市隈２丁目２－７" }, "geometry": { "type": "Point", "coordinates": [ 130.931031, 33.313322 ] } },
{ "type": "Feature", "properties": { "ID": "4451257800000", "正式名称": "下川薬局　長島店", "機関区分": 5, "都道府県コード": 44, "市区町村コード": 205, "所在地": "大分県佐伯市長島町４丁目１番６号", "緯度": 32.955796, "経度": 131.903752, "url": "https://www.iryou.teikyouseido.mhlw.go.jp/znk-web/juminkanja/S2430/initialize?prefCd=44&kikanCd=1257800000&kikanKbn=5", "url2": "http://www.shimokawa-p.com", "内容": "下川薬局　長島店【5:薬局】大分県佐伯市長島町４丁目１番６号" }, "geometry": { "type": "Point", "coordinates": [ 131.903752, 32.955796 ] } },
{ "type": "Feature", "properties": { "ID": "4451257900000", "正式名称": "ファン薬局　長門記念病院前", "機関区分": 5, "都道府県コード": 44, "市区町村コード": 205, "所在地": "大分県佐伯市鶴岡町１丁目２００７番７", "緯度": 32.959224, "経度": 131.882125, "url": "https://www.iryou.teikyouseido.mhlw.go.jp/znk-web/juminkanja/S2430/initialize?prefCd=44&kikanCd=1257900000&kikanKbn=5", "url2": "http://www.fan-medical.com/", "内容": "ファン薬局　長門記念病院前【5:薬局】大分県佐伯市鶴岡町１丁目２００７番７" }, "geometry": { "type": "Point", "coordinates": [ 131.882125, 32.959224 ] } },
{ "type": "Feature", "properties": { "ID": "4451258200000", "正式名称": "のぞみ薬局", "機関区分": 5, "都道府県コード": 44, "市区町村コード": 211, "所在地": "大分県宇佐市安心院町木裳３８８ー１", "緯度": 33.442033, "経度": 131.360481, "url": "https://www.iryou.teikyouseido.mhlw.go.jp/znk-web/juminkanja/S2430/initialize?prefCd=44&kikanCd=1258200000&kikanKbn=5", "url2": null, "内容": "のぞみ薬局【5:薬局】大分県宇佐市安心院町木裳３８８ー１" }, "geometry": { "type": "Point", "coordinates": [ 131.360481, 33.442033 ] } },
{ "type": "Feature", "properties": { "ID": "4451258300000", "正式名称": "イルカ薬局　中津店", "機関区分": 5, "都道府県コード": 44, "市区町村コード": 203, "所在地": "大分県中津市蛎瀬６００－１", "緯度": 33.603686, "経度": 131.199349, "url": "https://www.iryou.teikyouseido.mhlw.go.jp/znk-web/juminkanja/S2430/initialize?prefCd=44&kikanCd=1258300000&kikanKbn=5", "url2": null, "内容": "イルカ薬局　中津店【5:薬局】大分県中津市蛎瀬６００－１" }, "geometry": { "type": "Point", "coordinates": [ 131.199349, 33.603686 ] } },
{ "type": "Feature", "properties": { "ID": "4451258400000", "正式名称": "九州調剤薬局　南大分店", "機関区分": 5, "都道府県コード": 44, "市区町村コード": 201, "所在地": "大分県大分市田中町二丁目１７番３号", "緯度": 33.208824, "経度": 131.589608, "url": "https://www.iryou.teikyouseido.mhlw.go.jp/znk-web/juminkanja/S2430/initialize?prefCd=44&kikanCd=1258400000&kikanKbn=5", "url2": null, "内容": "九州調剤薬局　南大分店【5:薬局】大分県大分市田中町二丁目１７番３号" }, "geometry": { "type": "Point", "coordinates": [ 131.589608, 33.208824 ] } },
{ "type": "Feature", "properties": { "ID": "4451258700000", "正式名称": "そうごう薬局　国東店", "機関区分": 5, "都道府県コード": 44, "市区町村コード": 214, "所在地": "大分県国東市安岐町下原１２９２", "緯度": 33.467938, "経度": 131.721611, "url": "https://www.iryou.teikyouseido.mhlw.go.jp/znk-web/juminkanja/S2430/initialize?prefCd=44&kikanCd=1258700000&kikanKbn=5", "url2": "http://www.sogo-medical.co.jp/sogopharmacy/shop/v/view/450/", "内容": "そうごう薬局　国東店【5:薬局】大分県国東市安岐町下原１２９２" }, "geometry": { "type": "Point", "coordinates": [ 131.721611, 33.467938 ] } },
{ "type": "Feature", "properties": { "ID": "4451258800000", "正式名称": "ワタナベ薬局　市民病院前店", "機関区分": 5, "都道府県コード": 44, "市区町村コード": 203, "所在地": "大分県中津市下池永１０６－１１", "緯度": 33.59009, "経度": 131.214126, "url": "https://www.iryou.teikyouseido.mhlw.go.jp/znk-web/juminkanja/S2430/initialize?prefCd=44&kikanCd=1258800000&kikanKbn=5", "url2": null, "内容": "ワタナベ薬局　市民病院前店【5:薬局】大分県中津市下池永１０６－１１" }, "geometry": { "type": "Point", "coordinates": [ 131.214126, 33.59009 ] } },
{ "type": "Feature", "properties": { "ID": "4451258900000", "正式名称": "ゆう調剤薬局　別府店", "機関区分": 5, "都道府県コード": 44, "市区町村コード": 202, "所在地": "大分県別府市大畑町３番３４号", "緯度": 33.305314, "経度": 131.475475, "url": "https://www.iryou.teikyouseido.mhlw.go.jp/znk-web/juminkanja/S2430/initialize?prefCd=44&kikanCd=1258900000&kikanKbn=5", "url2": "http://www.you-dp.com/", "内容": "ゆう調剤薬局　別府店【5:薬局】大分県別府市大畑町３番３４号" }, "geometry": { "type": "Point", "coordinates": [ 131.475475, 33.305314 ] } },
{ "type": "Feature", "properties": { "ID": "4451259000000", "正式名称": "セスナ薬局　千代町店", "機関区分": 5, "都道府県コード": 44, "市区町村コード": 202, "所在地": "大分県別府市千代町８２番１", "緯度": 33.274196, "経度": 131.505027, "url": "https://www.iryou.teikyouseido.mhlw.go.jp/znk-web/juminkanja/S2430/initialize?prefCd=44&kikanCd=1259000000&kikanKbn=5", "url2": "http://www.cessna.jp", "内容": "セスナ薬局　千代町店【5:薬局】大分県別府市千代町８２番１" }, "geometry": { "type": "Point", "coordinates": [ 131.505027, 33.274196 ] } },
{ "type": "Feature", "properties": { "ID": "4451259100000", "正式名称": "ファーマシー船小路", "機関区分": 5, "都道府県コード": 44, "市区町村コード": 202, "所在地": "大分県別府市船小路町２－３３", "緯度": 33.301743, "経度": 131.500738, "url": "https://www.iryou.teikyouseido.mhlw.go.jp/znk-web/juminkanja/S2430/initialize?prefCd=44&kikanCd=1259100000&kikanKbn=5", "url2": null, "内容": "ファーマシー船小路【5:薬局】大分県別府市船小路町２－３３" }, "geometry": { "type": "Point", "coordinates": [ 131.500738, 33.301743 ] } },
{ "type": "Feature", "properties": { "ID": "4451259500000", "正式名称": "株式会社大賀薬局大分医大前店", "機関区分": 5, "都道府県コード": 44, "市区町村コード": 201, "所在地": "大分県大分市東野台２丁目１番地２", "緯度": 33.208037, "経度": 131.535778, "url": "https://www.iryou.teikyouseido.mhlw.go.jp/znk-web/juminkanja/S2430/initialize?prefCd=44&kikanCd=1259500000&kikanKbn=5", "url2": "https://www.ohga-ph.com/", "内容": "株式会社大賀薬局大分医大前店【5:薬局】大分県大分市東野台２丁目１番地２" }, "geometry": { "type": "Point", "coordinates": [ 131.535778, 33.208037 ] } },
{ "type": "Feature", "properties": { "ID": "4451259600000", "正式名称": "つのこばる薬局", "機関区分": 5, "都道府県コード": 44, "市区町村コード": 201, "所在地": "大分県大分市角子原", "緯度": 33.245459, "経度": 131.711921, "url": "https://www.iryou.teikyouseido.mhlw.go.jp/znk-web/juminkanja/S2430/initialize?prefCd=44&kikanCd=1259600000&kikanKbn=5", "url2": null, "内容": "つのこばる薬局【5:薬局】大分県大分市角子原" }, "geometry": { "type": "Point", "coordinates": [ 131.711921, 33.245459 ] } },
{ "type": "Feature", "properties": { "ID": "4451259700000", "正式名称": "ほほえみ調剤薬局", "機関区分": 5, "都道府県コード": 44, "市区町村コード": 201, "所在地": "大分県大分市野田", "緯度": 33.198725, "経度": 131.542164, "url": "https://www.iryou.teikyouseido.mhlw.go.jp/znk-web/juminkanja/S2430/initialize?prefCd=44&kikanCd=1259700000&kikanKbn=5", "url2": null, "内容": "ほほえみ調剤薬局【5:薬局】大分県大分市野田" }, "geometry": { "type": "Point", "coordinates": [ 131.542164, 33.198725 ] } },
{ "type": "Feature", "properties": { "ID": "4451259800000", "正式名称": "第一調剤薬局　賀来店", "機関区分": 5, "都道府県コード": 44, "市区町村コード": 201, "所在地": "大分県大分市賀来西１丁目４番３号", "緯度": 33.213364, "経度": 131.560566, "url": "https://www.iryou.teikyouseido.mhlw.go.jp/znk-web/juminkanja/S2430/initialize?prefCd=44&kikanCd=1259800000&kikanKbn=5", "url2": "https://daiichichozai.jp", "内容": "第一調剤薬局　賀来店【5:薬局】大分県大分市賀来西１丁目４番３号" }, "geometry": { "type": "Point", "coordinates": [ 131.560566, 33.213364 ] } },
{ "type": "Feature", "properties": { "ID": "4451259900000", "正式名称": "ワタナベ薬局　南宇佐店", "機関区分": 5, "都道府県コード": 44, "市区町村コード": 211, "所在地": "大分県宇佐市南宇佐字椎ノ宮６３５番３", "緯度": 33.527407, "経度": 131.385934, "url": "https://www.iryou.teikyouseido.mhlw.go.jp/znk-web/juminkanja/S2430/initialize?prefCd=44&kikanCd=1259900000&kikanKbn=5", "url2": null, "内容": "ワタナベ薬局　南宇佐店【5:薬局】大分県宇佐市南宇佐字椎ノ宮６３５番３" }, "geometry": { "type": "Point", "coordinates": [ 131.385934, 33.527407 ] } },
{ "type": "Feature", "properties": { "ID": "4451260100000", "正式名称": "あそう調剤薬局　市場三区店", "機関区分": 5, "都道府県コード": 44, "市区町村コード": 212, "所在地": "大分県豊後大野市三重町市場１３０５", "緯度": 32.979541, "経度": 131.581211, "url": "https://www.iryou.teikyouseido.mhlw.go.jp/znk-web/juminkanja/S2430/initialize?prefCd=44&kikanCd=1260100000&kikanKbn=5", "url2": "http://www.aso-tyozai.com", "内容": "あそう調剤薬局　市場三区店【5:薬局】大分県豊後大野市三重町市場１３０５" }, "geometry": { "type": "Point", "coordinates": [ 131.581211, 32.979541 ] } },
{ "type": "Feature", "properties": { "ID": "4451260200000", "正式名称": "ゆう調剤薬局　佐伯コスモ店", "機関区分": 5, "都道府県コード": 44, "市区町村コード": 205, "所在地": "大分県佐伯市鶴岡西町２丁目２１６番", "緯度": 32.960003, "経度": 131.864557, "url": "https://www.iryou.teikyouseido.mhlw.go.jp/znk-web/juminkanja/S2430/initialize?prefCd=44&kikanCd=1260200000&kikanKbn=5", "url2": "http://www.17.ocn.ne.jp/~you0703/", "内容": "ゆう調剤薬局　佐伯コスモ店【5:薬局】大分県佐伯市鶴岡西町２丁目２１６番" }, "geometry": { "type": "Point", "coordinates": [ 131.864557, 32.960003 ] } },
{ "type": "Feature", "properties": { "ID": "4451260300000", "正式名称": "まごころ調剤薬局　古国府店", "機関区分": 5, "都道府県コード": 44, "市区町村コード": 201, "所在地": "大分県大分市古国府６丁目３番３号", "緯度": 33.215811, "経度": 131.610948, "url": "https://www.iryou.teikyouseido.mhlw.go.jp/znk-web/juminkanja/S2430/initialize?prefCd=44&kikanCd=1260300000&kikanKbn=5", "url2": "https://www.hojinyakkyoku.com/", "内容": "まごころ調剤薬局　古国府店【5:薬局】大分県大分市古国府６丁目３番３号" }, "geometry": { "type": "Point", "coordinates": [ 131.610948, 33.215811 ] } },
{ "type": "Feature", "properties": { "ID": "4451260400000", "正式名称": "坂ノ市たんぽぽ薬局", "機関区分": 5, "都道府県コード": 44, "市区町村コード": 201, "所在地": "大分県大分市坂ノ市中央１－２６７", "緯度": 33.236115, "経度": 131.749849, "url": "https://www.iryou.teikyouseido.mhlw.go.jp/znk-web/juminkanja/S2430/initialize?prefCd=44&kikanCd=1260400000&kikanKbn=5", "url2": "http://www.sorin.jp", "内容": "坂ノ市たんぽぽ薬局【5:薬局】大分県大分市坂ノ市中央１－２６７" }, "geometry": { "type": "Point", "coordinates": [ 131.749849, 33.236115 ] } },
{ "type": "Feature", "properties": { "ID": "4451260700000", "正式名称": "ユウセイ薬局", "機関区分": 5, "都道府県コード": 44, "市区町村コード": 201, "所在地": "大分県大分市下郡北３丁目２１番２２号", "緯度": 33.230495, "経度": 131.634704, "url": "https://www.iryou.teikyouseido.mhlw.go.jp/znk-web/juminkanja/S2430/initialize?prefCd=44&kikanCd=1260700000&kikanKbn=5", "url2": "https://www.yuusei-pharmacy.com/", "内容": "ユウセイ薬局【5:薬局】大分県大分市下郡北３丁目２１番２２号" }, "geometry": { "type": "Point", "coordinates": [ 131.634704, 33.230495 ] } },
{ "type": "Feature", "properties": { "ID": "4451260800000", "正式名称": "セイユー堂薬局　杵築店", "機関区分": 5, "都道府県コード": 44, "市区町村コード": 210, "所在地": "大分県杵築市杵築北浜６６５－９２３，９２４", "緯度": 33.418848, "経度": 131.627212, "url": "https://www.iryou.teikyouseido.mhlw.go.jp/znk-web/juminkanja/S2430/initialize?prefCd=44&kikanCd=1260800000&kikanKbn=5", "url2": null, "内容": "セイユー堂薬局　杵築店【5:薬局】大分県杵築市杵築北浜６６５－９２３，９２４" }, "geometry": { "type": "Point", "coordinates": [ 131.627212, 33.418848 ] } },
{ "type": "Feature", "properties": { "ID": "4451260900000", "正式名称": "下川薬局　光吉店", "機関区分": 5, "都道府県コード": 44, "市区町村コード": 201, "所在地": "大分県大分市大字宮崎９３８番１", "緯度": 33.197974, "経度": 131.60531, "url": "https://www.iryou.teikyouseido.mhlw.go.jp/znk-web/juminkanja/S2430/initialize?prefCd=44&kikanCd=1260900000&kikanKbn=5", "url2": null, "内容": "下川薬局　光吉店【5:薬局】大分県大分市大字宮崎９３８番１" }, "geometry": { "type": "Point", "coordinates": [ 131.60531, 33.197974 ] } },
{ "type": "Feature", "properties": { "ID": "4451261000000", "正式名称": "やまだ薬局", "機関区分": 5, "都道府県コード": 44, "市区町村コード": 462, "所在地": "大分県玖珠郡玖珠町山田２２８８－１", "緯度": 33.278902, "経度": 131.138928, "url": "https://www.iryou.teikyouseido.mhlw.go.jp/znk-web/juminkanja/S2430/initialize?prefCd=44&kikanCd=1261000000&kikanKbn=5", "url2": "http://kitago.co.jp/", "内容": "やまだ薬局【5:薬局】大分県玖珠郡玖珠町山田２２８８－１" }, "geometry": { "type": "Point", "coordinates": [ 131.138928, 33.278902 ] } },
{ "type": "Feature", "properties": { "ID": "4451261100000", "正式名称": "さとう調剤薬局　春日店", "機関区分": 5, "都道府県コード": 44, "市区町村コード": 201, "所在地": "大分県大分市東春日町５番３号　スカイメゾンクローバー８０－１Ｆ", "緯度": 33.240181, "経度": 131.599783, "url": "https://www.iryou.teikyouseido.mhlw.go.jp/znk-web/juminkanja/S2430/initialize?prefCd=44&kikanCd=1261100000&kikanKbn=5", "url2": null, "内容": "さとう調剤薬局　春日店【5:薬局】大分県大分市東春日町５番３号　スカイメゾンクローバー８０－１Ｆ" }, "geometry": { "type": "Point", "coordinates": [ 131.599783, 33.240181 ] } },
{ "type": "Feature", "properties": { "ID": "4451261200000", "正式名称": "ヨシムラ薬局　中部店", "機関区分": 5, "都道府県コード": 44, "市区町村コード": 202, "所在地": "大分県別府市石垣西３丁目３－４５", "緯度": 33.292213, "経度": 131.493681, "url": "https://www.iryou.teikyouseido.mhlw.go.jp/znk-web/juminkanja/S2430/initialize?prefCd=44&kikanCd=1261200000&kikanKbn=5", "url2": "https://www.yoshimurayakkyoku.com/home", "内容": "ヨシムラ薬局　中部店【5:薬局】大分県別府市石垣西３丁目３－４５" }, "geometry": { "type": "Point", "coordinates": [ 131.493681, 33.292213 ] } },
{ "type": "Feature", "properties": { "ID": "4451261300000", "正式名称": "さとう調剤薬局　亀川店", "機関区分": 5, "都道府県コード": 44, "市区町村コード": 202, "所在地": "大分県別府市亀川四の湯町８－３３", "緯度": 33.320969, "経度": 131.493569, "url": "https://www.iryou.teikyouseido.mhlw.go.jp/znk-web/juminkanja/S2430/initialize?prefCd=44&kikanCd=1261300000&kikanKbn=5", "url2": null, "内容": "さとう調剤薬局　亀川店【5:薬局】大分県別府市亀川四の湯町８－３３" }, "geometry": { "type": "Point", "coordinates": [ 131.493569, 33.320969 ] } },
{ "type": "Feature", "properties": { "ID": "4451261400000", "正式名称": "ワタナベ薬局　上田店", "機関区分": 5, "都道府県コード": 44, "市区町村コード": 211, "所在地": "大分県宇佐市上田１７０－２１", "緯度": 33.531389, "経度": 131.345462, "url": "https://www.iryou.teikyouseido.mhlw.go.jp/znk-web/juminkanja/S2430/initialize?prefCd=44&kikanCd=1261400000&kikanKbn=5", "url2": null, "内容": "ワタナベ薬局　上田店【5:薬局】大分県宇佐市上田１７０－２１" }, "geometry": { "type": "Point", "coordinates": [ 131.345462, 33.531389 ] } },
{ "type": "Feature", "properties": { "ID": "4451261500000", "正式名称": "ワタナベ薬局　高田店", "機関区分": 5, "都道府県コード": 44, "市区町村コード": 209, "所在地": "大分県豊後高田市界３７２－３", "緯度": 33.548307, "経度": 131.428124, "url": "https://www.iryou.teikyouseido.mhlw.go.jp/znk-web/juminkanja/S2430/initialize?prefCd=44&kikanCd=1261500000&kikanKbn=5", "url2": null, "内容": "ワタナベ薬局　高田店【5:薬局】大分県豊後高田市界３７２－３" }, "geometry": { "type": "Point", "coordinates": [ 131.428124, 33.548307 ] } },
{ "type": "Feature", "properties": { "ID": "4451261600000", "正式名称": "大賀薬局　王子店", "機関区分": 5, "都道府県コード": 44, "市区町村コード": 201, "所在地": "大分県大分市王子南町６０１番１１", "緯度": 33.239383, "経度": 131.591398, "url": "https://www.iryou.teikyouseido.mhlw.go.jp/znk-web/juminkanja/S2430/initialize?prefCd=44&kikanCd=1261600000&kikanKbn=5", "url2": "http://www.ohga-ph.com/", "内容": "大賀薬局　王子店【5:薬局】大分県大分市王子南町６０１番１１" }, "geometry": { "type": "Point", "coordinates": [ 131.591398, 33.239383 ] } },
{ "type": "Feature", "properties": { "ID": "4451261700000", "正式名称": "やま薬局　賀来店", "機関区分": 5, "都道府県コード": 44, "市区町村コード": 201, "所在地": "大分県大分市賀来北３丁目１番５号", "緯度": 33.212149, "経度": 131.56394, "url": "https://www.iryou.teikyouseido.mhlw.go.jp/znk-web/juminkanja/S2430/initialize?prefCd=44&kikanCd=1261700000&kikanKbn=5", "url2": "yama8686.com", "内容": "やま薬局　賀来店【5:薬局】大分県大分市賀来北３丁目１番５号" }, "geometry": { "type": "Point", "coordinates": [ 131.56394, 33.212149 ] } },
{ "type": "Feature", "properties": { "ID": "4451261800000", "正式名称": "株式会社喜久屋薬局つきくま店", "機関区分": 5, "都道府県コード": 44, "市区町村コード": 204, "所在地": "大分県日田市大字渡里１１５１－７", "緯度": 33.333038, "経度": 130.932827, "url": "https://www.iryou.teikyouseido.mhlw.go.jp/znk-web/juminkanja/S2430/initialize?prefCd=44&kikanCd=1261800000&kikanKbn=5", "url2": null, "内容": "株式会社喜久屋薬局つきくま店【5:薬局】大分県日田市大字渡里１１５１－７" }, "geometry": { "type": "Point", "coordinates": [ 130.932827, 33.333038 ] } },
{ "type": "Feature", "properties": { "ID": "4451261900000", "正式名称": "こもれび薬局", "機関区分": 5, "都道府県コード": 44, "市区町村コード": 202, "所在地": "大分県別府市石垣東３－５－２３", "緯度": 33.292814, "経度": 131.496266, "url": "https://www.iryou.teikyouseido.mhlw.go.jp/znk-web/juminkanja/S2430/initialize?prefCd=44&kikanCd=1261900000&kikanKbn=5", "url2": "http://www.hojinyakkyoku.com/", "内容": "こもれび薬局【5:薬局】大分県別府市石垣東３－５－２３" }, "geometry": { "type": "Point", "coordinates": [ 131.496266, 33.292814 ] } },
{ "type": "Feature", "properties": { "ID": "4451262000000", "正式名称": "あい調剤薬局", "機関区分": 5, "都道府県コード": 44, "市区町村コード": 213, "所在地": "大分県由布市庄内町大龍２１６８", "緯度": 33.179633, "経度": 131.443546, "url": "https://www.iryou.teikyouseido.mhlw.go.jp/znk-web/juminkanja/S2430/initialize?prefCd=44&kikanCd=1262000000&kikanKbn=5", "url2": null, "内容": "あい調剤薬局【5:薬局】大分県由布市庄内町大龍２１６８" }, "geometry": { "type": "Point", "coordinates": [ 131.443546, 33.179633 ] } },
{ "type": "Feature", "properties": { "ID": "4451262100000", "正式名称": "ロイヤルグリーン薬局", "機関区分": 5, "都道府県コード": 44, "市区町村コード": 202, "所在地": "大分県別府市山の手町１５－３８ベレオ山の手", "緯度": 33.282462, "経度": 131.484939, "url": "https://www.iryou.teikyouseido.mhlw.go.jp/znk-web/juminkanja/S2430/initialize?prefCd=44&kikanCd=1262100000&kikanKbn=5", "url2": null, "内容": "ロイヤルグリーン薬局【5:薬局】大分県別府市山の手町１５－３８ベレオ山の手" }, "geometry": { "type": "Point", "coordinates": [ 131.484939, 33.282462 ] } },
{ "type": "Feature", "properties": { "ID": "4451262200000", "正式名称": "ひだまり薬局", "機関区分": 5, "都道府県コード": 44, "市区町村コード": 202, "所在地": "大分県別府市富士見町１番６号", "緯度": 33.285068, "経度": 131.500752, "url": "https://www.iryou.teikyouseido.mhlw.go.jp/znk-web/juminkanja/S2430/initialize?prefCd=44&kikanCd=1262200000&kikanKbn=5", "url2": null, "内容": "ひだまり薬局【5:薬局】大分県別府市富士見町１番６号" }, "geometry": { "type": "Point", "coordinates": [ 131.500752, 33.285068 ] } },
{ "type": "Feature", "properties": { "ID": "4451262300000", "正式名称": "やまなみ薬局", "機関区分": 5, "都道府県コード": 44, "市区町村コード": 202, "所在地": "大分県別府市鶴見", "緯度": 33.311052, "経度": 131.485934, "url": "https://www.iryou.teikyouseido.mhlw.go.jp/znk-web/juminkanja/S2430/initialize?prefCd=44&kikanCd=1262300000&kikanKbn=5", "url2": null, "内容": "やまなみ薬局【5:薬局】大分県別府市鶴見" }, "geometry": { "type": "Point", "coordinates": [ 131.485934, 33.311052 ] } },
{ "type": "Feature", "properties": { "ID": "4451262400000", "正式名称": "あゆみ調剤薬局　扇山店", "機関区分": 5, "都道府県コード": 44, "市区町村コード": 202, "所在地": "大分県別府市扇山３丁目１番３２号", "緯度": 33.295384, "経度": 131.467692, "url": "https://www.iryou.teikyouseido.mhlw.go.jp/znk-web/juminkanja/S2430/initialize?prefCd=44&kikanCd=1262400000&kikanKbn=5", "url2": null, "内容": "あゆみ調剤薬局　扇山店【5:薬局】大分県別府市扇山３丁目１番３２号" }, "geometry": { "type": "Point", "coordinates": [ 131.467692, 33.295384 ] } },
{ "type": "Feature", "properties": { "ID": "4451262500000", "正式名称": "ふるた薬局　丸山店", "機関区分": 5, "都道府県コード": 44, "市区町村コード": 203, "所在地": "大分県中津市丸山町５０－１", "緯度": 33.598716, "経度": 131.183235, "url": "https://www.iryou.teikyouseido.mhlw.go.jp/znk-web/juminkanja/S2430/initialize?prefCd=44&kikanCd=1262500000&kikanKbn=5", "url2": null, "内容": "ふるた薬局　丸山店【5:薬局】大分県中津市丸山町５０－１" }, "geometry": { "type": "Point", "coordinates": [ 131.183235, 33.598716 ] } },
{ "type": "Feature", "properties": { "ID": "4451262600000", "正式名称": "みつばち薬局", "機関区分": 5, "都道府県コード": 44, "市区町村コード": 205, "所在地": "大分県佐伯市鶴岡町１丁目２番３３", "緯度": 32.957728, "経度": 131.882934, "url": "https://www.iryou.teikyouseido.mhlw.go.jp/znk-web/juminkanja/S2430/initialize?prefCd=44&kikanCd=1262600000&kikanKbn=5", "url2": "http://www.e-classa.net/mitsubachi/", "内容": "みつばち薬局【5:薬局】大分県佐伯市鶴岡町１丁目２番３３" }, "geometry": { "type": "Point", "coordinates": [ 131.882934, 32.957728 ] } },
{ "type": "Feature", "properties": { "ID": "4451262700000", "正式名称": "あき調剤薬局　湯布院店", "機関区分": 5, "都道府県コード": 44, "市区町村コード": 213, "所在地": "大分県由布市湯布院町川上岩木ヤシキ２４０１－１", "緯度": 33.256016, "経度": 131.363197, "url": "https://www.iryou.teikyouseido.mhlw.go.jp/znk-web/juminkanja/S2430/initialize?prefCd=44&kikanCd=1262700000&kikanKbn=5", "url2": "https://www.akityouzai.com/", "内容": "あき調剤薬局　湯布院店【5:薬局】大分県由布市湯布院町川上岩木ヤシキ２４０１－１" }, "geometry": { "type": "Point", "coordinates": [ 131.363197, 33.256016 ] } },
{ "type": "Feature", "properties": { "ID": "4451262900000", "正式名称": "Ｍｏｏｎ調剤薬局　田中町店", "機関区分": 5, "都道府県コード": 44, "市区町村コード": 201, "所在地": "大分県大分市田中町２丁目３番１２号", "緯度": 33.210619, "経度": 131.591451, "url": "https://www.iryou.teikyouseido.mhlw.go.jp/znk-web/juminkanja/S2430/initialize?prefCd=44&kikanCd=1262900000&kikanKbn=5", "url2": null, "内容": "Ｍｏｏｎ調剤薬局　田中町店【5:薬局】大分県大分市田中町２丁目３番１２号" }, "geometry": { "type": "Point", "coordinates": [ 131.591451, 33.210619 ] } },
{ "type": "Feature", "properties": { "ID": "4451263000000", "正式名称": "タカサキ薬局　別府店", "機関区分": 5, "都道府県コード": 44, "市区町村コード": 202, "所在地": "大分県別府市石垣東３丁目１―３５", "緯度": 33.294115, "経度": 131.50002, "url": "https://www.iryou.teikyouseido.mhlw.go.jp/znk-web/juminkanja/S2430/initialize?prefCd=44&kikanCd=1263000000&kikanKbn=5", "url2": "http://www.takasaki-pharm.co.jp", "内容": "タカサキ薬局　別府店【5:薬局】大分県別府市石垣東３丁目１―３５" }, "geometry": { "type": "Point", "coordinates": [ 131.50002, 33.294115 ] } },
{ "type": "Feature", "properties": { "ID": "4451263300000", "正式名称": "後藤薬局　荘園店", "機関区分": 5, "都道府県コード": 44, "市区町村コード": 202, "所在地": "大分県別府市東荘園１丁目６－７", "緯度": 33.290817, "経度": 131.48651, "url": "https://www.iryou.teikyouseido.mhlw.go.jp/znk-web/juminkanja/S2430/initialize?prefCd=44&kikanCd=1263300000&kikanKbn=5", "url2": "https://pharmacy-goto.net", "内容": "後藤薬局　荘園店【5:薬局】大分県別府市東荘園１丁目６－７" }, "geometry": { "type": "Point", "coordinates": [ 131.48651, 33.290817 ] } },
{ "type": "Feature", "properties": { "ID": "4451263400000", "正式名称": "もみじ薬局", "機関区分": 5, "都道府県コード": 44, "市区町村コード": 205, "所在地": "大分県佐伯市中ノ島１丁目１４番２３号", "緯度": 32.956473, "経度": 131.89968, "url": "https://www.iryou.teikyouseido.mhlw.go.jp/znk-web/juminkanja/S2430/initialize?prefCd=44&kikanCd=1263400000&kikanKbn=5", "url2": "http://nogata-medical.com/", "内容": "もみじ薬局【5:薬局】大分県佐伯市中ノ島１丁目１４番２３号" }, "geometry": { "type": "Point", "coordinates": [ 131.89968, 32.956473 ] } },
{ "type": "Feature", "properties": { "ID": "4451263500000", "正式名称": "（有）安東調剤薬局　今津留店", "機関区分": 5, "都道府県コード": 44, "市区町村コード": 201, "所在地": "大分県大分市今津留２丁目１－１", "緯度": 33.240567, "経度": 131.625612, "url": "https://www.iryou.teikyouseido.mhlw.go.jp/znk-web/juminkanja/S2430/initialize?prefCd=44&kikanCd=1263500000&kikanKbn=5", "url2": "http://www.andou-ph.co.jp/", "内容": "（有）安東調剤薬局　今津留店【5:薬局】大分県大分市今津留２丁目１－１" }, "geometry": { "type": "Point", "coordinates": [ 131.625612, 33.240567 ] } },
{ "type": "Feature", "properties": { "ID": "4451263600000", "正式名称": "湯布院調剤薬局", "機関区分": 5, "都道府県コード": 44, "市区町村コード": 213, "所在地": "大分県由布市湯布院町川北１１２３－４", "緯度": 33.255298, "経度": 131.346477, "url": "https://www.iryou.teikyouseido.mhlw.go.jp/znk-web/juminkanja/S2430/initialize?prefCd=44&kikanCd=1263600000&kikanKbn=5", "url2": null, "内容": "湯布院調剤薬局【5:薬局】大分県由布市湯布院町川北１１２３－４" }, "geometry": { "type": "Point", "coordinates": [ 131.346477, 33.255298 ] } },
{ "type": "Feature", "properties": { "ID": "4451263700000", "正式名称": "きたじま調剤薬局　寒田店", "機関区分": 5, "都道府県コード": 44, "市区町村コード": 201, "所在地": "大分県大分市寒田１０１６－２", "緯度": 33.186652, "経度": 131.610673, "url": "https://www.iryou.teikyouseido.mhlw.go.jp/znk-web/juminkanja/S2430/initialize?prefCd=44&kikanCd=1263700000&kikanKbn=5", "url2": "https://ooita-kitajima.com/", "内容": "きたじま調剤薬局　寒田店【5:薬局】大分県大分市寒田１０１６－２" }, "geometry": { "type": "Point", "coordinates": [ 131.610673, 33.186652 ] } },
{ "type": "Feature", "properties": { "ID": "4451263800000", "正式名称": "みさと薬局　太平町店", "機関区分": 5, "都道府県コード": 44, "市区町村コード": 201, "所在地": "大分県大分市太平町４組", "緯度": 33.22528, "経度": 131.597639, "url": "https://www.iryou.teikyouseido.mhlw.go.jp/znk-web/juminkanja/S2430/initialize?prefCd=44&kikanCd=1263800000&kikanKbn=5", "url2": "https://www.hojinyakkyoku.com/", "内容": "みさと薬局　太平町店【5:薬局】大分県大分市太平町４組" }, "geometry": { "type": "Point", "coordinates": [ 131.597639, 33.22528 ] } },
{ "type": "Feature", "properties": { "ID": "4451263900000", "正式名称": "あき調剤薬局　別府店", "機関区分": 5, "都道府県コード": 44, "市区町村コード": 202, "所在地": "大分県別府市石垣東", "緯度": 33.293041, "経度": 131.496108, "url": "https://www.iryou.teikyouseido.mhlw.go.jp/znk-web/juminkanja/S2430/initialize?prefCd=44&kikanCd=1263900000&kikanKbn=5", "url2": "https://www.akityouzai.com/", "内容": "あき調剤薬局　別府店【5:薬局】大分県別府市石垣東" }, "geometry": { "type": "Point", "coordinates": [ 131.496108, 33.293041 ] } },
{ "type": "Feature", "properties": { "ID": "4451264000000", "正式名称": "たかだ調剤薬局　香々地店", "機関区分": 5, "都道府県コード": 44, "市区町村コード": 209, "所在地": "大分県豊後高田市見目３９３０－１", "緯度": 33.671788, "経度": 131.529446, "url": "https://www.iryou.teikyouseido.mhlw.go.jp/znk-web/juminkanja/S2430/initialize?prefCd=44&kikanCd=1264000000&kikanKbn=5", "url2": null, "内容": "たかだ調剤薬局　香々地店【5:薬局】大分県豊後高田市見目３９３０－１" }, "geometry": { "type": "Point", "coordinates": [ 131.529446, 33.671788 ] } },
{ "type": "Feature", "properties": { "ID": "4451264400000", "正式名称": "ひいろ調剤薬局　宗方店", "機関区分": 5, "都道府県コード": 44, "市区町村コード": 201, "所在地": "大分県大分市上宗方南", "緯度": 33.196568, "経度": 131.577809, "url": "https://www.iryou.teikyouseido.mhlw.go.jp/znk-web/juminkanja/S2430/initialize?prefCd=44&kikanCd=1264400000&kikanKbn=5", "url2": "https://hiirochozai.com", "内容": "ひいろ調剤薬局　宗方店【5:薬局】大分県大分市上宗方南" }, "geometry": { "type": "Point", "coordinates": [ 131.577809, 33.196568 ] } },
{ "type": "Feature", "properties": { "ID": "4451264500000", "正式名称": "さくら調剤薬局", "機関区分": 5, "都道府県コード": 44, "市区町村コード": 201, "所在地": "大分県大分市田尻４７７", "緯度": 33.188954, "経度": 131.593796, "url": "https://www.iryou.teikyouseido.mhlw.go.jp/znk-web/juminkanja/S2430/initialize?prefCd=44&kikanCd=1264500000&kikanKbn=5", "url2": "https://e-bond.info/withs/", "内容": "さくら調剤薬局【5:薬局】大分県大分市田尻４７７" }, "geometry": { "type": "Point", "coordinates": [ 131.593796, 33.188954 ] } },
{ "type": "Feature", "properties": { "ID": "4451264700000", "正式名称": "ファン薬局　上野店", "機関区分": 5, "都道府県コード": 44, "市区町村コード": 201, "所在地": "大分県大分市六坊北町４４７１－１", "緯度": 33.227839, "経度": 131.618328, "url": "https://www.iryou.teikyouseido.mhlw.go.jp/znk-web/juminkanja/S2430/initialize?prefCd=44&kikanCd=1264700000&kikanKbn=5", "url2": "http://www.fan-medical.com/", "内容": "ファン薬局　上野店【5:薬局】大分県大分市六坊北町４４７１－１" }, "geometry": { "type": "Point", "coordinates": [ 131.618328, 33.227839 ] } },
{ "type": "Feature", "properties": { "ID": "4451264900000", "正式名称": "きたまち調剤薬局", "機関区分": 5, "都道府県コード": 44, "市区町村コード": 201, "所在地": "大分県大分市明野北１丁目７－１", "緯度": 33.227177, "経度": 131.652494, "url": "https://www.iryou.teikyouseido.mhlw.go.jp/znk-web/juminkanja/S2430/initialize?prefCd=44&kikanCd=1264900000&kikanKbn=5", "url2": null, "内容": "きたまち調剤薬局【5:薬局】大分県大分市明野北１丁目７－１" }, "geometry": { "type": "Point", "coordinates": [ 131.652494, 33.227177 ] } },
{ "type": "Feature", "properties": { "ID": "4451265000000", "正式名称": "ワタナベ薬局　日出店", "機関区分": 5, "都道府県コード": 44, "市区町村コード": 341, "所在地": "大分県速見郡日出町川崎４９４１－８", "緯度": 33.362317, "経度": 131.548858, "url": "https://www.iryou.teikyouseido.mhlw.go.jp/znk-web/juminkanja/S2430/initialize?prefCd=44&kikanCd=1265000000&kikanKbn=5", "url2": null, "内容": "ワタナベ薬局　日出店【5:薬局】大分県速見郡日出町川崎４９４１－８" }, "geometry": { "type": "Point", "coordinates": [ 131.548858, 33.362317 ] } },
{ "type": "Feature", "properties": { "ID": "4451265200000", "正式名称": "ワタナベ薬局　ミント中津店", "機関区分": 5, "都道府県コード": 44, "市区町村コード": 203, "所在地": "大分県中津市中殿町３－１２", "緯度": 33.596022, "経度": 131.197107, "url": "https://www.iryou.teikyouseido.mhlw.go.jp/znk-web/juminkanja/S2430/initialize?prefCd=44&kikanCd=1265200000&kikanKbn=5", "url2": null, "内容": "ワタナベ薬局　ミント中津店【5:薬局】大分県中津市中殿町３－１２" }, "geometry": { "type": "Point", "coordinates": [ 131.197107, 33.596022 ] } },
{ "type": "Feature", "properties": { "ID": "4451265300000", "正式名称": "タケシタ調剤薬局　大分店", "機関区分": 5, "都道府県コード": 44, "市区町村コード": 201, "所在地": "大分県大分市横田２－１２－６", "緯度": 33.252397, "経度": 131.722608, "url": "https://www.iryou.teikyouseido.mhlw.go.jp/znk-web/juminkanja/S2430/initialize?prefCd=44&kikanCd=1265300000&kikanKbn=5", "url2": "http://www.takeshita-pharmacy.com", "内容": "タケシタ調剤薬局　大分店【5:薬局】大分県大分市横田２－１２－６" }, "geometry": { "type": "Point", "coordinates": [ 131.722608, 33.252397 ] } },
{ "type": "Feature", "properties": { "ID": "4451265400000", "正式名称": "ワタナベ薬局　芝原店", "機関区分": 5, "都道府県コード": 44, "市区町村コード": 211, "所在地": "大分県宇佐市上田８２－３", "緯度": 33.534338, "経度": 131.34074, "url": "https://www.iryou.teikyouseido.mhlw.go.jp/znk-web/juminkanja/S2430/initialize?prefCd=44&kikanCd=1265400000&kikanKbn=5", "url2": null, "内容": "ワタナベ薬局　芝原店【5:薬局】大分県宇佐市上田８２－３" }, "geometry": { "type": "Point", "coordinates": [ 131.34074, 33.534338 ] } },
{ "type": "Feature", "properties": { "ID": "4451265600000", "正式名称": "九州調剤薬局　明野中央店", "機関区分": 5, "都道府県コード": 44, "市区町村コード": 201, "所在地": "大分県大分市明野北１丁目２２２６番１８", "緯度": 33.226088, "経度": 131.65218, "url": "https://www.iryou.teikyouseido.mhlw.go.jp/znk-web/juminkanja/S2430/initialize?prefCd=44&kikanCd=1265600000&kikanKbn=5", "url2": null, "内容": "九州調剤薬局　明野中央店【5:薬局】大分県大分市明野北１丁目２２２６番１８" }, "geometry": { "type": "Point", "coordinates": [ 131.65218, 33.226088 ] } },
{ "type": "Feature", "properties": { "ID": "4451265700000", "正式名称": "そうごう薬局　アクロスプラザ大分駅南店", "機関区分": 5, "都道府県コード": 44, "市区町村コード": 201, "所在地": "大分県大分市東大道", "緯度": 33.232891, "経度": 131.604622, "url": "https://www.iryou.teikyouseido.mhlw.go.jp/znk-web/juminkanja/S2430/initialize?prefCd=44&kikanCd=1265700000&kikanKbn=5", "url2": null, "内容": "そうごう薬局　アクロスプラザ大分駅南店【5:薬局】大分県大分市東大道" }, "geometry": { "type": "Point", "coordinates": [ 131.604622, 33.232891 ] } },
{ "type": "Feature", "properties": { "ID": "4451265800000", "正式名称": "わかみや薬局", "機関区分": 5, "都道府県コード": 44, "市区町村コード": 204, "所在地": "大分県日田市南元町２５９－２", "緯度": 33.311689, "経度": 130.940566, "url": "https://www.iryou.teikyouseido.mhlw.go.jp/znk-web/juminkanja/S2430/initialize?prefCd=44&kikanCd=1265800000&kikanKbn=5", "url2": "https://ryuseido-ph.com/", "内容": "わかみや薬局【5:薬局】大分県日田市南元町２５９－２" }, "geometry": { "type": "Point", "coordinates": [ 130.940566, 33.311689 ] } },
{ "type": "Feature", "properties": { "ID": "4451265900000", "正式名称": "あふれる薬局", "機関区分": 5, "都道府県コード": 44, "市区町村コード": 204, "所在地": "大分県日田市若宮町３９５－４", "緯度": 33.308706, "経度": 130.943355, "url": "https://www.iryou.teikyouseido.mhlw.go.jp/znk-web/juminkanja/S2430/initialize?prefCd=44&kikanCd=1265900000&kikanKbn=5", "url2": "https://afrel.jp/", "内容": "あふれる薬局【5:薬局】大分県日田市若宮町３９５－４" }, "geometry": { "type": "Point", "coordinates": [ 130.943355, 33.308706 ] } },
{ "type": "Feature", "properties": { "ID": "4451266000000", "正式名称": "アクア薬局", "機関区分": 5, "都道府県コード": 44, "市区町村コード": 201, "所在地": "大分県大分市府内町", "緯度": 33.236819, "経度": 131.608936, "url": "https://www.iryou.teikyouseido.mhlw.go.jp/znk-web/juminkanja/S2430/initialize?prefCd=44&kikanCd=1266000000&kikanKbn=5", "url2": null, "内容": "アクア薬局【5:薬局】大分県大分市府内町" }, "geometry": { "type": "Point", "coordinates": [ 131.608936, 33.236819 ] } },
{ "type": "Feature", "properties": { "ID": "4451266100000", "正式名称": "後藤薬局　楠町店", "機関区分": 5, "都道府県コード": 44, "市区町村コード": 202, "所在地": "大分県別府市楠町１４－８", "緯度": 33.275807, "経度": 131.505732, "url": "https://www.iryou.teikyouseido.mhlw.go.jp/znk-web/juminkanja/S2430/initialize?prefCd=44&kikanCd=1266100000&kikanKbn=5", "url2": "https://pharmacy-goto.net", "内容": "後藤薬局　楠町店【5:薬局】大分県別府市楠町１４－８" }, "geometry": { "type": "Point", "coordinates": [ 131.505732, 33.275807 ] } },
{ "type": "Feature", "properties": { "ID": "さくら薬局　神戸駅西店", "正式名称": "きたじま薬局　下郡店", "機関区分": 5, "都道府県コード": 44, "市区町村コード": 201, "所在地": "大分県大分市下郡北", "緯度": 33.230837, "経度": 131.632781, "url": "https://www.iryou.teikyouseido.mhlw.go.jp/znk-web/juminkanja/S2430/initialize?prefCd=44&kikanCd=薬局　神戸駅西店&kikanKbn=5", "url2": "https://ooita-kitajima.com/", "内容": "きたじま薬局　下郡店【5:薬局】大分県大分市下郡北" }, "geometry": { "type": "Point", "coordinates": [ 131.632781, 33.230837 ] } },
{ "type": "Feature", "properties": { "ID": "4451266300000", "正式名称": "きたじま薬局　千代町店", "機関区分": 5, "都道府県コード": 44, "市区町村コード": 201, "所在地": "大分県大分市千代町１丁目２－７", "緯度": 33.243344, "経度": 131.606486, "url": "https://www.iryou.teikyouseido.mhlw.go.jp/znk-web/juminkanja/S2430/initialize?prefCd=44&kikanCd=1266300000&kikanKbn=5", "url2": "https://ooita-kitajima.com/", "内容": "きたじま薬局　千代町店【5:薬局】大分県大分市千代町１丁目２－７" }, "geometry": { "type": "Point", "coordinates": [ 131.606486, 33.243344 ] } },
{ "type": "Feature", "properties": { "ID": "4451266400000", "正式名称": "くすりのケンミン　トキハ薬局", "機関区分": 5, "都道府県コード": 44, "市区町村コード": 201, "所在地": "大分県大分市府内町２－１－４", "緯度": 33.235883, "経度": 131.608414, "url": "https://www.iryou.teikyouseido.mhlw.go.jp/znk-web/juminkanja/S2430/initialize?prefCd=44&kikanCd=1266400000&kikanKbn=5", "url2": "https://kennmin.com", "内容": "くすりのケンミン　トキハ薬局【5:薬局】大分県大分市府内町２－１－４" }, "geometry": { "type": "Point", "coordinates": [ 131.608414, 33.235883 ] } },
{ "type": "Feature", "properties": { "ID": "4451266500000", "正式名称": "かりん薬局", "機関区分": 5, "都道府県コード": 44, "市区町村コード": 201, "所在地": "大分県大分市宮崎９５３の１", "緯度": 33.197456, "経度": 131.604679, "url": "https://www.iryou.teikyouseido.mhlw.go.jp/znk-web/juminkanja/S2430/initialize?prefCd=44&kikanCd=1266500000&kikanKbn=5", "url2": "http://nogata-medical.com/", "内容": "かりん薬局【5:薬局】大分県大分市宮崎９５３の１" }, "geometry": { "type": "Point", "coordinates": [ 131.604679, 33.197456 ] } },
{ "type": "Feature", "properties": { "ID": "4451266600000", "正式名称": "大信薬局　長湯店", "機関区分": 5, "都道府県コード": 44, "市区町村コード": 208, "所在地": "大分県竹田市直入町長湯７９８２番地９", "緯度": 33.070727, "経度": 131.383175, "url": "https://www.iryou.teikyouseido.mhlw.go.jp/znk-web/juminkanja/S2430/initialize?prefCd=44&kikanCd=1266600000&kikanKbn=5", "url2": "https://www.taishinph.co.jp/", "内容": "大信薬局　長湯店【5:薬局】大分県竹田市直入町長湯７９８２番地９" }, "geometry": { "type": "Point", "coordinates": [ 131.383175, 33.070727 ] } },
{ "type": "Feature", "properties": { "ID": "4451266700000", "正式名称": "ファン薬局　新別府病院前", "機関区分": 5, "都道府県コード": 44, "市区町村コード": 202, "所在地": "大分県別府市鶴見", "緯度": 33.298543, "経度": 131.47858, "url": "https://www.iryou.teikyouseido.mhlw.go.jp/znk-web/juminkanja/S2430/initialize?prefCd=44&kikanCd=1266700000&kikanKbn=5", "url2": "http://www.fan-medical.com/", "内容": "ファン薬局　新別府病院前【5:薬局】大分県別府市鶴見" }, "geometry": { "type": "Point", "coordinates": [ 131.47858, 33.298543 ] } },
{ "type": "Feature", "properties": { "ID": "4451266800000", "正式名称": "ファン薬局　日代店", "機関区分": 5, "都道府県コード": 44, "市区町村コード": 207, "所在地": "大分県津久見市網代９５－２５", "緯度": 33.066596, "経度": 131.916933, "url": "https://www.iryou.teikyouseido.mhlw.go.jp/znk-web/juminkanja/S2430/initialize?prefCd=44&kikanCd=1266800000&kikanKbn=5", "url2": "http://fan-medical.com/", "内容": "ファン薬局　日代店【5:薬局】大分県津久見市網代９５－２５" }, "geometry": { "type": "Point", "coordinates": [ 131.916933, 33.066596 ] } },
{ "type": "Feature", "properties": { "ID": "4451266900000", "正式名称": "ワタナベ薬局　上人店", "機関区分": 5, "都道府県コード": 44, "市区町村コード": 202, "所在地": "大分県別府市北石垣深町８５０－３", "緯度": 33.310923, "経度": 131.500869, "url": "https://www.iryou.teikyouseido.mhlw.go.jp/znk-web/juminkanja/S2430/initialize?prefCd=44&kikanCd=1266900000&kikanKbn=5", "url2": null, "内容": "ワタナベ薬局　上人店【5:薬局】大分県別府市北石垣深町８５０－３" }, "geometry": { "type": "Point", "coordinates": [ 131.500869, 33.310923 ] } },
{ "type": "Feature", "properties": { "ID": "4451267000000", "正式名称": "キムラ薬局　トキハ別府店", "機関区分": 5, "都道府県コード": 44, "市区町村コード": 202, "所在地": "大分県別府市北浜２丁目９番１号", "緯度": 33.280145, "経度": 131.504987, "url": "https://www.iryou.teikyouseido.mhlw.go.jp/znk-web/juminkanja/S2430/initialize?prefCd=44&kikanCd=1267000000&kikanKbn=5", "url2": "http://kimura-pharm.com/", "内容": "キムラ薬局　トキハ別府店【5:薬局】大分県別府市北浜２丁目９番１号" }, "geometry": { "type": "Point", "coordinates": [ 131.504987, 33.280145 ] } },
{ "type": "Feature", "properties": { "ID": "4451267100000", "正式名称": "ゆう調剤薬局　臼杵店", "機関区分": 5, "都道府県コード": 44, "市区町村コード": 206, "所在地": "大分県臼杵市江無田椚ケ迫１５３８－６", "緯度": 33.125483, "経度": 131.780505, "url": "https://www.iryou.teikyouseido.mhlw.go.jp/znk-web/juminkanja/S2430/initialize?prefCd=44&kikanCd=1267100000&kikanKbn=5", "url2": "http://www.you-dp.com", "内容": "ゆう調剤薬局　臼杵店【5:薬局】大分県臼杵市江無田椚ケ迫１５３８－６" }, "geometry": { "type": "Point", "coordinates": [ 131.780505, 33.125483 ] } },
{ "type": "Feature", "properties": { "ID": "4451267200000", "正式名称": "ファン薬局　牧店", "機関区分": 5, "都道府県コード": 44, "市区町村コード": 201, "所在地": "大分県大分市牧１丁目１２５番５", "緯度": 33.238999, "経度": 131.63616, "url": "https://www.iryou.teikyouseido.mhlw.go.jp/znk-web/juminkanja/S2430/initialize?prefCd=44&kikanCd=1267200000&kikanKbn=5", "url2": "http://www.fan-medical.com/", "内容": "ファン薬局　牧店【5:薬局】大分県大分市牧１丁目１２５番５" }, "geometry": { "type": "Point", "coordinates": [ 131.63616, 33.238999 ] } },
{ "type": "Feature", "properties": { "ID": "4451267300000", "正式名称": "ファン薬局　下郡店", "機関区分": 5, "都道府県コード": 44, "市区町村コード": 201, "所在地": "大分県大分市羽田字小山２２０番地１", "緯度": 33.220119, "経度": 131.635668, "url": "https://www.iryou.teikyouseido.mhlw.go.jp/znk-web/juminkanja/S2430/initialize?prefCd=44&kikanCd=1267300000&kikanKbn=5", "url2": "http://www.fan-medical.com/", "内容": "ファン薬局　下郡店【5:薬局】大分県大分市羽田字小山２２０番地１" }, "geometry": { "type": "Point", "coordinates": [ 131.635668, 33.220119 ] } },
{ "type": "Feature", "properties": { "ID": "4451267400000", "正式名称": "ファン薬局　春日店", "機関区分": 5, "都道府県コード": 44, "市区町村コード": 201, "所在地": "大分県大分市田室町２０６番地８", "緯度": 33.23574, "経度": 131.597846, "url": "https://www.iryou.teikyouseido.mhlw.go.jp/znk-web/juminkanja/S2430/initialize?prefCd=44&kikanCd=1267400000&kikanKbn=5", "url2": "http://www.fan-medical.com/", "内容": "ファン薬局　春日店【5:薬局】大分県大分市田室町２０６番地８" }, "geometry": { "type": "Point", "coordinates": [ 131.597846, 33.23574 ] } },
{ "type": "Feature", "properties": { "ID": "4451267500000", "正式名称": "なつめ薬局", "機関区分": 5, "都道府県コード": 44, "市区町村コード": 207, "所在地": "大分県津久見市徳浦本町７番３５号", "緯度": 33.091967, "経度": 131.850513, "url": "https://www.iryou.teikyouseido.mhlw.go.jp/znk-web/juminkanja/S2430/initialize?prefCd=44&kikanCd=1267500000&kikanKbn=5", "url2": "http://nogata-medical.com/", "内容": "なつめ薬局【5:薬局】大分県津久見市徳浦本町７番３５号" }, "geometry": { "type": "Point", "coordinates": [ 131.850513, 33.091967 ] } },
{ "type": "Feature", "properties": { "ID": "4451267700000", "正式名称": "ワタナベ薬局　本町店", "機関区分": 5, "都道府県コード": 44, "市区町村コード": 211, "所在地": "大分県宇佐市四日市１５２－２", "緯度": 33.534693, "経度": 131.326402, "url": "https://www.iryou.teikyouseido.mhlw.go.jp/znk-web/juminkanja/S2430/initialize?prefCd=44&kikanCd=1267700000&kikanKbn=5", "url2": null, "内容": "ワタナベ薬局　本町店【5:薬局】大分県宇佐市四日市１５２－２" }, "geometry": { "type": "Point", "coordinates": [ 131.326402, 33.534693 ] } },
{ "type": "Feature", "properties": { "ID": "4451267800000", "正式名称": "株式会社大賀薬局　光吉店", "機関区分": 5, "都道府県コード": 44, "市区町村コード": 201, "所在地": "大分県大分市田尻９３番１", "緯度": 33.183746, "経度": 131.596639, "url": "https://www.iryou.teikyouseido.mhlw.go.jp/znk-web/juminkanja/S2430/initialize?prefCd=44&kikanCd=1267800000&kikanKbn=5", "url2": "http://www.ohga-ph.com/", "内容": "株式会社大賀薬局　光吉店【5:薬局】大分県大分市田尻９３番１" }, "geometry": { "type": "Point", "coordinates": [ 131.596639, 33.183746 ] } },
{ "type": "Feature", "properties": { "ID": "4451267900000", "正式名称": "藤本調剤薬局　金手店", "機関区分": 5, "都道府県コード": 44, "市区町村コード": 203, "所在地": "大分県中津市大字金手１０番９", "緯度": 33.584084, "経度": 131.204007, "url": "https://www.iryou.teikyouseido.mhlw.go.jp/znk-web/juminkanja/S2430/initialize?prefCd=44&kikanCd=1267900000&kikanKbn=5", "url2": "https://www.fujimoto-pharmacy.com/", "内容": "藤本調剤薬局　金手店【5:薬局】大分県中津市大字金手１０番９" }, "geometry": { "type": "Point", "coordinates": [ 131.204007, 33.584084 ] } },
{ "type": "Feature", "properties": { "ID": "4451268000000", "正式名称": "ａｎ調剤薬局", "機関区分": 5, "都道府県コード": 44, "市区町村コード": 201, "所在地": "大分県大分市府内町２丁目３－３０ヴィーナスビル１階", "緯度": 33.236332, "経度": 131.609191, "url": "https://www.iryou.teikyouseido.mhlw.go.jp/znk-web/juminkanja/S2430/initialize?prefCd=44&kikanCd=1268000000&kikanKbn=5", "url2": "https://pharmaunion.co.jp/", "内容": "ａｎ調剤薬局【5:薬局】大分県大分市府内町２丁目３－３０ヴィーナスビル１階" }, "geometry": { "type": "Point", "coordinates": [ 131.609191, 33.236332 ] } },
{ "type": "Feature", "properties": { "ID": "4451268100000", "正式名称": "藤本調剤薬局　沖代店", "機関区分": 5, "都道府県コード": 44, "市区町村コード": 203, "所在地": "大分県中津市沖代町２－１１９－２", "緯度": 33.582551, "経度": 131.201177, "url": "https://www.iryou.teikyouseido.mhlw.go.jp/znk-web/juminkanja/S2430/initialize?prefCd=44&kikanCd=1268100000&kikanKbn=5", "url2": "https://www.fujimoto-pharmacy.com/", "内容": "藤本調剤薬局　沖代店【5:薬局】大分県中津市沖代町２－１１９－２" }, "geometry": { "type": "Point", "coordinates": [ 131.201177, 33.582551 ] } },
{ "type": "Feature", "properties": { "ID": "4451268200000", "正式名称": "Ｍｏｏｎ調剤薬局　西大分店", "機関区分": 5, "都道府県コード": 44, "市区町村コード": 201, "所在地": "大分県大分市生石１４５－５５", "緯度": 33.245238, "経度": 131.577727, "url": "https://www.iryou.teikyouseido.mhlw.go.jp/znk-web/juminkanja/S2430/initialize?prefCd=44&kikanCd=1268200000&kikanKbn=5", "url2": "https://www.mooncyouzai.com", "内容": "Ｍｏｏｎ調剤薬局　西大分店【5:薬局】大分県大分市生石１４５－５５" }, "geometry": { "type": "Point", "coordinates": [ 131.577727, 33.245238 ] } },
{ "type": "Feature", "properties": { "ID": "4451268300000", "正式名称": "幸薬局", "機関区分": 5, "都道府県コード": 44, "市区町村コード": 211, "所在地": "大分県宇佐市安心院町木裳２３７－２", "緯度": 33.440576, "経度": 131.36041, "url": "https://www.iryou.teikyouseido.mhlw.go.jp/znk-web/juminkanja/S2430/initialize?prefCd=44&kikanCd=1268300000&kikanKbn=5", "url2": null, "内容": "幸薬局【5:薬局】大分県宇佐市安心院町木裳２３７－２" }, "geometry": { "type": "Point", "coordinates": [ 131.36041, 33.440576 ] } },
{ "type": "Feature", "properties": { "ID": "4451268400000", "正式名称": "ふるた薬局　中央町店", "機関区分": 5, "都道府県コード": 44, "市区町村コード": 203, "所在地": "大分県中津市中央町２－５０１－３", "緯度": 33.584692, "経度": 131.187669, "url": "https://www.iryou.teikyouseido.mhlw.go.jp/znk-web/juminkanja/S2430/initialize?prefCd=44&kikanCd=1268400000&kikanKbn=5", "url2": "https://e-bond.info/withs/", "内容": "ふるた薬局　中央町店【5:薬局】大分県中津市中央町２－５０１－３" }, "geometry": { "type": "Point", "coordinates": [ 131.187669, 33.584692 ] } },
{ "type": "Feature", "properties": { "ID": "4451268500000", "正式名称": "河野調剤薬局竹田駅前店", "機関区分": 5, "都道府県コード": 44, "市区町村コード": 208, "所在地": "大分県竹田市大字竹田浦町１８１９番３", "緯度": 32.961567, "経度": 131.393683, "url": "https://www.iryou.teikyouseido.mhlw.go.jp/znk-web/juminkanja/S2430/initialize?prefCd=44&kikanCd=1268500000&kikanKbn=5", "url2": "http://www.kawano-pharmacy.jp", "内容": "河野調剤薬局竹田駅前店【5:薬局】大分県竹田市大字竹田浦町１８１９番３" }, "geometry": { "type": "Point", "coordinates": [ 131.393683, 32.961567 ] } },
{ "type": "Feature", "properties": { "ID": "4451268600000", "正式名称": "ゆう調剤薬局　佐伯東店", "機関区分": 5, "都道府県コード": 44, "市区町村コード": 205, "所在地": "大分県佐伯市長島町１－４－１７", "緯度": 32.964166, "経度": 131.90592, "url": "https://www.iryou.teikyouseido.mhlw.go.jp/znk-web/juminkanja/S2430/initialize?prefCd=44&kikanCd=1268600000&kikanKbn=5", "url2": "http://www.you-dp.com", "内容": "ゆう調剤薬局　佐伯東店【5:薬局】大分県佐伯市長島町１－４－１７" }, "geometry": { "type": "Point", "coordinates": [ 131.90592, 32.964166 ] } },
{ "type": "Feature", "properties": { "ID": "4451268700000", "正式名称": "ａｎ調剤薬局　やまなみ店", "機関区分": 5, "都道府県コード": 44, "市区町村コード": 202, "所在地": "大分県別府市堀田町２０番２号", "緯度": 33.291139, "経度": 131.459647, "url": "https://www.iryou.teikyouseido.mhlw.go.jp/znk-web/juminkanja/S2430/initialize?prefCd=44&kikanCd=1268700000&kikanKbn=5", "url2": "https://pharmaunion.co.jp/", "内容": "ａｎ調剤薬局　やまなみ店【5:薬局】大分県別府市堀田町２０番２号" }, "geometry": { "type": "Point", "coordinates": [ 131.459647, 33.291139 ] } },
{ "type": "Feature", "properties": { "ID": "4451268900000", "正式名称": "おおみち薬局", "機関区分": 5, "都道府県コード": 44, "市区町村コード": 201, "所在地": "大分県大分市東大道２－３－４５　ガーデンパーク２１", "緯度": 33.230316, "経度": 131.602, "url": "https://www.iryou.teikyouseido.mhlw.go.jp/znk-web/juminkanja/S2430/initialize?prefCd=44&kikanCd=1268900000&kikanKbn=5", "url2": "https://kimura-mj-pharmacy.co.jp", "内容": "おおみち薬局【5:薬局】大分県大分市東大道２－３－４５　ガーデンパーク２１" }, "geometry": { "type": "Point", "coordinates": [ 131.602, 33.230316 ] } },
{ "type": "Feature", "properties": { "ID": "4451269000000", "正式名称": "幸崎駅前薬局", "機関区分": 5, "都道府県コード": 44, "市区町村コード": 201, "所在地": "大分県大分市本神崎２７０－１", "緯度": 33.230676, "経度": 131.807899, "url": "https://www.iryou.teikyouseido.mhlw.go.jp/znk-web/juminkanja/S2430/initialize?prefCd=44&kikanCd=1269000000&kikanKbn=5", "url2": null, "内容": "幸崎駅前薬局【5:薬局】大分県大分市本神崎２７０－１" }, "geometry": { "type": "Point", "coordinates": [ 131.807899, 33.230676 ] } },
{ "type": "Feature", "properties": { "ID": "4451269100000", "正式名称": "はたの薬局　森店", "機関区分": 5, "都道府県コード": 44, "市区町村コード": 201, "所在地": "大分県大分市大字森４０２－１０", "緯度": 33.217086, "経度": 131.680902, "url": "https://www.iryou.teikyouseido.mhlw.go.jp/znk-web/juminkanja/S2430/initialize?prefCd=44&kikanCd=1269100000&kikanKbn=5", "url2": "http://hatano.net/mori.html", "内容": "はたの薬局　森店【5:薬局】大分県大分市大字森４０２－１０" }, "geometry": { "type": "Point", "coordinates": [ 131.680902, 33.217086 ] } },
{ "type": "Feature", "properties": { "ID": "4451269200000", "正式名称": "すずらん薬局", "機関区分": 5, "都道府県コード": 44, "市区町村コード": 201, "所在地": "大分県大分市横尾大原１９３０－１", "緯度": 33.206296, "経度": 131.6651, "url": "https://www.iryou.teikyouseido.mhlw.go.jp/znk-web/juminkanja/S2430/initialize?prefCd=44&kikanCd=1269200000&kikanKbn=5", "url2": "https://www.sorin.jp/", "内容": "すずらん薬局【5:薬局】大分県大分市横尾大原１９３０－１" }, "geometry": { "type": "Point", "coordinates": [ 131.6651, 33.206296 ] } },
{ "type": "Feature", "properties": { "ID": "4451269300000", "正式名称": "河野調剤薬局明野店", "機関区分": 5, "都道府県コード": 44, "市区町村コード": 201, "所在地": "大分県大分市大字横尾４４５１－２６", "緯度": 33.216665, "経度": 131.648299, "url": "https://www.iryou.teikyouseido.mhlw.go.jp/znk-web/juminkanja/S2430/initialize?prefCd=44&kikanCd=1269300000&kikanKbn=5", "url2": "http://www.kawano-pharmacy.jp", "内容": "河野調剤薬局明野店【5:薬局】大分県大分市大字横尾４４５１－２６" }, "geometry": { "type": "Point", "coordinates": [ 131.648299, 33.216665 ] } },
{ "type": "Feature", "properties": { "ID": "4452038800000", "正式名称": "ワタナベ薬局　豊田町店", "機関区分": 5, "都道府県コード": 44, "市区町村コード": 203, "所在地": "大分県中津市豊田町３－２０", "緯度": 33.596393, "経度": 131.18886, "url": "https://www.iryou.teikyouseido.mhlw.go.jp/znk-web/juminkanja/S2430/initialize?prefCd=44&kikanCd=2038800000&kikanKbn=5", "url2": null, "内容": "ワタナベ薬局　豊田町店【5:薬局】大分県中津市豊田町３－２０" }, "geometry": { "type": "Point", "coordinates": [ 131.18886, 33.596393 ] } },
{ "type": "Feature", "properties": { "ID": "4452039400000", "正式名称": "藤本調剤薬局　本町店", "機関区分": 5, "都道府県コード": 44, "市区町村コード": 203, "所在地": "大分県中津市島田本町５５", "緯度": 33.600361, "経度": 131.190331, "url": "https://www.iryou.teikyouseido.mhlw.go.jp/znk-web/juminkanja/S2430/initialize?prefCd=44&kikanCd=2039400000&kikanKbn=5", "url2": null, "内容": "藤本調剤薬局　本町店【5:薬局】大分県中津市島田本町５５" }, "geometry": { "type": "Point", "coordinates": [ 131.190331, 33.600361 ] } },
{ "type": "Feature", "properties": { "ID": "4452039500000", "正式名称": "龜島亀齢堂薬局", "機関区分": 5, "都道府県コード": 44, "市区町村コード": 212, "所在地": "大分県豊後大野市犬飼町犬飼字上本町１６－１", "緯度": 33.073053, "経度": 131.635793, "url": "https://www.iryou.teikyouseido.mhlw.go.jp/znk-web/juminkanja/S2430/initialize?prefCd=44&kikanCd=2039500000&kikanKbn=5", "url2": "https://kimura-mj-pharmacy.co.jp", "内容": "龜島亀齢堂薬局【5:薬局】大分県豊後大野市犬飼町犬飼字上本町１６－１" }, "geometry": { "type": "Point", "coordinates": [ 131.635793, 33.073053 ] } },
{ "type": "Feature", "properties": { "ID": "4452039600000", "正式名称": "市浜薬局", "機関区分": 5, "都道府県コード": 44, "市区町村コード": 206, "所在地": "大分県臼杵市市浜８６７番地", "緯度": 33.117475, "経度": 131.792358, "url": "https://www.iryou.teikyouseido.mhlw.go.jp/znk-web/juminkanja/S2430/initialize?prefCd=44&kikanCd=2039600000&kikanKbn=5", "url2": null, "内容": "市浜薬局【5:薬局】大分県臼杵市市浜８６７番地" }, "geometry": { "type": "Point", "coordinates": [ 131.792358, 33.117475 ] } },
{ "type": "Feature", "properties": { "ID": "4452039900000", "正式名称": "トヨミ薬局　宮夫店", "機関区分": 5, "都道府県コード": 44, "市区町村コード": 203, "所在地": "大分県中津市宮夫４－１", "緯度": 33.593648, "経度": 131.212615, "url": "https://www.iryou.teikyouseido.mhlw.go.jp/znk-web/juminkanja/S2430/initialize?prefCd=44&kikanCd=2039900000&kikanKbn=5", "url2": null, "内容": "トヨミ薬局　宮夫店【5:薬局】大分県中津市宮夫４－１" }, "geometry": { "type": "Point", "coordinates": [ 131.212615, 33.593648 ] } },
{ "type": "Feature", "properties": { "ID": "4452040000000", "正式名称": "かたしまチアフル薬局", "機関区分": 5, "都道府県コード": 44, "市区町村コード": 201, "所在地": "大分県大分市片島３９６－７", "緯度": 33.220306, "経度": 131.625142, "url": "https://www.iryou.teikyouseido.mhlw.go.jp/znk-web/juminkanja/S2430/initialize?prefCd=44&kikanCd=2040000000&kikanKbn=5", "url2": null, "内容": "かたしまチアフル薬局【5:薬局】大分県大分市片島３９６－７" }, "geometry": { "type": "Point", "coordinates": [ 131.625142, 33.220306 ] } },
{ "type": "Feature", "properties": { "ID": "4452040100000", "正式名称": "ヨシムラ薬局大分元町店", "機関区分": 5, "都道府県コード": 44, "市区町村コード": 201, "所在地": "大分県大分市元町", "緯度": 33.225001, "経度": 131.619803, "url": "https://www.iryou.teikyouseido.mhlw.go.jp/znk-web/juminkanja/S2430/initialize?prefCd=44&kikanCd=2040100000&kikanKbn=5", "url2": "https://www.yoshimurayakkyoku.com/home", "内容": "ヨシムラ薬局大分元町店【5:薬局】大分県大分市元町" }, "geometry": { "type": "Point", "coordinates": [ 131.619803, 33.225001 ] } },
{ "type": "Feature", "properties": { "ID": "4452040200000", "正式名称": "さくら薬局", "機関区分": 5, "都道府県コード": 44, "市区町村コード": 206, "所在地": "大分県臼杵市臼杵祇園西１", "緯度": 33.122017, "経度": 131.797896, "url": "https://www.iryou.teikyouseido.mhlw.go.jp/znk-web/juminkanja/S2430/initialize?prefCd=44&kikanCd=2040200000&kikanKbn=5", "url2": null, "内容": "さくら薬局【5:薬局】大分県臼杵市臼杵祇園西１" }, "geometry": { "type": "Point", "coordinates": [ 131.797896, 33.122017 ] } },
{ "type": "Feature", "properties": { "ID": "4452040600000", "正式名称": "おひさま薬局", "機関区分": 5, "都道府県コード": 44, "市区町村コード": 201, "所在地": "大分県大分市東浜　２－１－５", "緯度": 33.2469, "経度": 131.632968, "url": "https://www.iryou.teikyouseido.mhlw.go.jp/znk-web/juminkanja/S2430/initialize?prefCd=44&kikanCd=2040600000&kikanKbn=5", "url2": null, "内容": "おひさま薬局【5:薬局】大分県大分市東浜　２－１－５" }, "geometry": { "type": "Point", "coordinates": [ 131.632968, 33.2469 ] } },
{ "type": "Feature", "properties": { "ID": "4452040800000", "正式名称": "中央薬局", "機関区分": 5, "都道府県コード": 44, "市区町村コード": 202, "所在地": "大分県別府市駅前町２－２９", "緯度": 33.277779, "経度": 131.50126, "url": "https://www.iryou.teikyouseido.mhlw.go.jp/znk-web/juminkanja/S2430/initialize?prefCd=44&kikanCd=2040800000&kikanKbn=5", "url2": null, "内容": "中央薬局【5:薬局】大分県別府市駅前町２－２９" }, "geometry": { "type": "Point", "coordinates": [ 131.50126, 33.277779 ] } },
{ "type": "Feature", "properties": { "ID": "4452041000000", "正式名称": "やま薬局　金池店", "機関区分": 5, "都道府県コード": 44, "市区町村コード": 201, "所在地": "大分県大分市金池町１丁目１１－１６", "緯度": 33.232067, "経度": 131.611149, "url": "https://www.iryou.teikyouseido.mhlw.go.jp/znk-web/juminkanja/S2430/initialize?prefCd=44&kikanCd=2041000000&kikanKbn=5", "url2": "https://yama8686.com/", "内容": "やま薬局　金池店【5:薬局】大分県大分市金池町１丁目１１－１６" }, "geometry": { "type": "Point", "coordinates": [ 131.611149, 33.232067 ] } },
{ "type": "Feature", "properties": { "ID": "4452041100000", "正式名称": "安東調剤薬局　宗方店", "機関区分": 5, "都道府県コード": 44, "市区町村コード": 201, "所在地": "大分県大分市大字上宗方字宮田３８４番３", "緯度": 33.199925, "経度": 131.583271, "url": "https://www.iryou.teikyouseido.mhlw.go.jp/znk-web/juminkanja/S2430/initialize?prefCd=44&kikanCd=2041100000&kikanKbn=5", "url2": "http://www.andou-ph.co.jp", "内容": "安東調剤薬局　宗方店【5:薬局】大分県大分市大字上宗方字宮田３８４番３" }, "geometry": { "type": "Point", "coordinates": [ 131.583271, 33.199925 ] } },
{ "type": "Feature", "properties": { "ID": "4452041200000", "正式名称": "ＡＰＧ薬局", "機関区分": 5, "都道府県コード": 44, "市区町村コード": 201, "所在地": "大分県大分市上宗方５２１ー４", "緯度": 33.198531, "経度": 131.58114, "url": "https://www.iryou.teikyouseido.mhlw.go.jp/znk-web/juminkanja/S2430/initialize?prefCd=44&kikanCd=2041200000&kikanKbn=5", "url2": "http://www.andou-ph.co.jp", "内容": "ＡＰＧ薬局【5:薬局】大分県大分市上宗方５２１ー４" }, "geometry": { "type": "Point", "coordinates": [ 131.58114, 33.198531 ] } },
{ "type": "Feature", "properties": { "ID": "4452041300000", "正式名称": "ふくら薬局", "機関区分": 5, "都道府県コード": 44, "市区町村コード": 201, "所在地": "大分県大分市錦町１丁目１番１号", "緯度": 33.234556, "経度": 131.620205, "url": "https://www.iryou.teikyouseido.mhlw.go.jp/znk-web/juminkanja/S2430/initialize?prefCd=44&kikanCd=2041300000&kikanKbn=5", "url2": "https://www.fukura-ph.co.jp/", "内容": "ふくら薬局【5:薬局】大分県大分市錦町１丁目１番１号" }, "geometry": { "type": "Point", "coordinates": [ 131.620205, 33.234556 ] } },
{ "type": "Feature", "properties": { "ID": "4452041600000", "正式名称": "サンサン通り薬局", "機関区分": 5, "都道府県コード": 44, "市区町村コード": 201, "所在地": "大分県大分市府内町１丁目６－１１", "緯度": 33.236135, "経度": 131.610533, "url": "https://www.iryou.teikyouseido.mhlw.go.jp/znk-web/juminkanja/S2430/initialize?prefCd=44&kikanCd=2041600000&kikanKbn=5", "url2": "https://e-bond.info/withs/", "内容": "サンサン通り薬局【5:薬局】大分県大分市府内町１丁目６－１１" }, "geometry": { "type": "Point", "coordinates": [ 131.610533, 33.236135 ] } },
{ "type": "Feature", "properties": { "ID": "4452041900000", "正式名称": "すずかぜ薬局", "機関区分": 5, "都道府県コード": 44, "市区町村コード": 341, "所在地": "大分県速見郡日出町日出町３９０２－１", "緯度": 33.373318, "経度": 131.531453, "url": "https://www.iryou.teikyouseido.mhlw.go.jp/znk-web/juminkanja/S2430/initialize?prefCd=44&kikanCd=2041900000&kikanKbn=5", "url2": null, "内容": "すずかぜ薬局【5:薬局】大分県速見郡日出町日出町３９０２－１" }, "geometry": { "type": "Point", "coordinates": [ 131.531453, 33.373318 ] } },
{ "type": "Feature", "properties": { "ID": "4452042000000", "正式名称": "つきの薬局", "機関区分": 5, "都道府県コード": 44, "市区町村コード": 210, "所在地": "大分県杵築市杵築６６５番地４３２", "緯度": 33.418122, "経度": 131.626122, "url": "https://www.iryou.teikyouseido.mhlw.go.jp/znk-web/juminkanja/S2430/initialize?prefCd=44&kikanCd=2042000000&kikanKbn=5", "url2": "https://tsukino-pharmacy.com", "内容": "つきの薬局【5:薬局】大分県杵築市杵築６６５番地４３２" }, "geometry": { "type": "Point", "coordinates": [ 131.626122, 33.418122 ] } },
{ "type": "Feature", "properties": { "ID": "4452042200000", "正式名称": "金池薬局", "機関区分": 5, "都道府県コード": 44, "市区町村コード": 201, "所在地": "大分県大分市金池町２－９－１０", "緯度": 33.234169, "経度": 131.611787, "url": "https://www.iryou.teikyouseido.mhlw.go.jp/znk-web/juminkanja/S2430/initialize?prefCd=44&kikanCd=2042200000&kikanKbn=5", "url2": null, "内容": "金池薬局【5:薬局】大分県大分市金池町２－９－１０" }, "geometry": { "type": "Point", "coordinates": [ 131.611787, 33.234169 ] } },
{ "type": "Feature", "properties": { "ID": "4452042300000", "正式名称": "いこいの森薬局", "機関区分": 5, "都道府県コード": 44, "市区町村コード": 201, "所在地": "大分県大分市金池南１－１－２２", "緯度": 33.231546, "経度": 131.606061, "url": "https://www.iryou.teikyouseido.mhlw.go.jp/znk-web/juminkanja/S2430/initialize?prefCd=44&kikanCd=2042300000&kikanKbn=5", "url2": null, "内容": "いこいの森薬局【5:薬局】大分県大分市金池南１－１－２２" }, "geometry": { "type": "Point", "coordinates": [ 131.606061, 33.231546 ] } },
{ "type": "Feature", "properties": { "ID": "4452042400000", "正式名称": "東わさだ調剤薬局", "機関区分": 5, "都道府県コード": 44, "市区町村コード": 201, "所在地": "大分県大分市大字田尻４５７番５", "緯度": 33.187643, "経度": 131.595274, "url": "https://www.iryou.teikyouseido.mhlw.go.jp/znk-web/juminkanja/S2430/initialize?prefCd=44&kikanCd=2042400000&kikanKbn=5", "url2": "https://sundrug-online.com/blogs/search-store/2952", "内容": "東わさだ調剤薬局【5:薬局】大分県大分市大字田尻４５７番５" }, "geometry": { "type": "Point", "coordinates": [ 131.595274, 33.187643 ] } },
{ "type": "Feature", "properties": { "ID": "4452042600000", "正式名称": "東町調剤薬局", "機関区分": 5, "都道府県コード": 44, "市区町村コード": 205, "所在地": "大分県佐伯市東町１２２５１－２", "緯度": 32.964693, "経度": 131.909162, "url": "https://www.iryou.teikyouseido.mhlw.go.jp/znk-web/juminkanja/S2430/initialize?prefCd=44&kikanCd=2042600000&kikanKbn=5", "url2": null, "内容": "東町調剤薬局【5:薬局】大分県佐伯市東町１２２５１－２" }, "geometry": { "type": "Point", "coordinates": [ 131.909162, 32.964693 ] } },
{ "type": "Feature", "properties": { "ID": "4452043300000", "正式名称": "大信薬局　日田駅前店", "機関区分": 5, "都道府県コード": 44, "市区町村コード": 204, "所在地": "大分県日田市元町１９－２４　アペックスビル２階", "緯度": 33.315853, "経度": 130.937807, "url": "https://www.iryou.teikyouseido.mhlw.go.jp/znk-web/juminkanja/S2430/initialize?prefCd=44&kikanCd=2043300000&kikanKbn=5", "url2": "http://www.taishinph.co.jp/", "内容": "大信薬局　日田駅前店【5:薬局】大分県日田市元町１９－２４　アペックスビル２階" }, "geometry": { "type": "Point", "coordinates": [ 130.937807, 33.315853 ] } },
{ "type": "Feature", "properties": { "ID": "4452043500000", "正式名称": "渡町台調剤薬局", "機関区分": 5, "都道府県コード": 44, "市区町村コード": 205, "所在地": "大分県佐伯市長島町２－１３３－２", "緯度": 32.961658, "経度": 131.909546, "url": "https://www.iryou.teikyouseido.mhlw.go.jp/znk-web/juminkanja/S2430/initialize?prefCd=44&kikanCd=2043500000&kikanKbn=5", "url2": "https://e-bond.info/withs/", "内容": "渡町台調剤薬局【5:薬局】大分県佐伯市長島町２－１３３－２" }, "geometry": { "type": "Point", "coordinates": [ 131.909546, 32.961658 ] } },
{ "type": "Feature", "properties": { "ID": "4452043900000", "正式名称": "アイン薬局大分羽屋店", "機関区分": 5, "都道府県コード": 44, "市区町村コード": 201, "所在地": "大分県大分市二又町３丁目３番１３号", "緯度": 33.210675, "経度": 131.598589, "url": "https://www.iryou.teikyouseido.mhlw.go.jp/znk-web/juminkanja/S2430/initialize?prefCd=44&kikanCd=2043900000&kikanKbn=5", "url2": "http://www.ainj.co.jp", "内容": "アイン薬局大分羽屋店【5:薬局】大分県大分市二又町３丁目３番１３号" }, "geometry": { "type": "Point", "coordinates": [ 131.598589, 33.210675 ] } },
{ "type": "Feature", "properties": { "ID": "4452044100000", "正式名称": "アイン薬局別府鶴見店", "機関区分": 5, "都道府県コード": 44, "市区町村コード": 202, "所在地": "大分県別府市緑丘町７－２８", "緯度": 33.296847, "経度": 131.490067, "url": "https://www.iryou.teikyouseido.mhlw.go.jp/znk-web/juminkanja/S2430/initialize?prefCd=44&kikanCd=2044100000&kikanKbn=5", "url2": "http://ainj.co.jp", "内容": "アイン薬局別府鶴見店【5:薬局】大分県別府市緑丘町７－２８" }, "geometry": { "type": "Point", "coordinates": [ 131.490067, 33.296847 ] } },
{ "type": "Feature", "properties": { "ID": "4452044200000", "正式名称": "アイン薬局別府駅前店", "機関区分": 5, "都道府県コード": 44, "市区町村コード": 202, "所在地": "大分県別府市田の湯町２００４番の６", "緯度": 33.280182, "経度": 131.498358, "url": "https://www.iryou.teikyouseido.mhlw.go.jp/znk-web/juminkanja/S2430/initialize?prefCd=44&kikanCd=2044200000&kikanKbn=5", "url2": "https://store.ainj.co.jp/detail/1100981/", "内容": "アイン薬局別府駅前店【5:薬局】大分県別府市田の湯町２００４番の６" }, "geometry": { "type": "Point", "coordinates": [ 131.498358, 33.280182 ] } },
{ "type": "Feature", "properties": { "ID": "4452044300000", "正式名称": "アイン薬局　中須賀本町店", "機関区分": 5, "都道府県コード": 44, "市区町村コード": 202, "所在地": "大分県別府市中須賀本町（別府市大字北石垣１０３６－５－２号）", "緯度": 33.309876, "経度": 131.493206, "url": "https://www.iryou.teikyouseido.mhlw.go.jp/znk-web/juminkanja/S2430/initialize?prefCd=44&kikanCd=2044300000&kikanKbn=5", "url2": "https://www.ainj.co.jp/network/detail.html?pdid=1509", "内容": "アイン薬局　中須賀本町店【5:薬局】大分県別府市中須賀本町（別府市大字北石垣１０３６－５－２号）" }, "geometry": { "type": "Point", "coordinates": [ 131.493206, 33.309876 ] } },
{ "type": "Feature", "properties": { "ID": "4452044500000", "正式名称": "河野調剤薬局鉄輪店", "機関区分": 5, "都道府県コード": 44, "市区町村コード": 202, "所在地": "大分県別府市北鉄輪６組", "緯度": 33.317975, "経度": 131.479459, "url": "https://www.iryou.teikyouseido.mhlw.go.jp/znk-web/juminkanja/S2430/initialize?prefCd=44&kikanCd=2044500000&kikanKbn=5", "url2": "http://www.kawano-pharmacy.jp", "内容": "河野調剤薬局鉄輪店【5:薬局】大分県別府市北鉄輪６組" }, "geometry": { "type": "Point", "coordinates": [ 131.479459, 33.317975 ] } },
{ "type": "Feature", "properties": { "ID": "4452044600000", "正式名称": "つじた薬局　山国店", "機関区分": 5, "都道府県コード": 44, "市区町村コード": 203, "所在地": "大分県中津市山国町守実１４－３", "緯度": 33.404435, "経度": 131.038824, "url": "https://www.iryou.teikyouseido.mhlw.go.jp/znk-web/juminkanja/S2430/initialize?prefCd=44&kikanCd=2044600000&kikanKbn=5", "url2": null, "内容": "つじた薬局　山国店【5:薬局】大分県中津市山国町守実１４－３" }, "geometry": { "type": "Point", "coordinates": [ 131.038824, 33.404435 ] } },
{ "type": "Feature", "properties": { "ID": "4452045500000", "正式名称": "下川薬局光陽台店", "機関区分": 5, "都道府県コード": 44, "市区町村コード": 205, "所在地": "大分県佐伯市池田１７１２番３０", "緯度": 32.94644, "経度": 131.896883, "url": "https://www.iryou.teikyouseido.mhlw.go.jp/znk-web/juminkanja/S2430/initialize?prefCd=44&kikanCd=2045500000&kikanKbn=5", "url2": "http://shimokawa-p.com", "内容": "下川薬局光陽台店【5:薬局】大分県佐伯市池田１７１２番３０" }, "geometry": { "type": "Point", "coordinates": [ 131.896883, 32.94644 ] } },
{ "type": "Feature", "properties": { "ID": "4452045700000", "正式名称": "ファン薬局　金池店", "機関区分": 5, "都道府県コード": 44, "市区町村コード": 201, "所在地": "大分県大分市金池南２丁目２９１３番２", "緯度": 33.228098, "経度": 131.611201, "url": "https://www.iryou.teikyouseido.mhlw.go.jp/znk-web/juminkanja/S2430/initialize?prefCd=44&kikanCd=2045700000&kikanKbn=5", "url2": "http://fan-medical.com", "内容": "ファン薬局　金池店【5:薬局】大分県大分市金池南２丁目２９１３番２" }, "geometry": { "type": "Point", "coordinates": [ 131.611201, 33.228098 ] } },
{ "type": "Feature", "properties": { "ID": "4452045800000", "正式名称": "ファン薬局　別府駅店", "機関区分": 5, "都道府県コード": 44, "市区町村コード": 202, "所在地": "大分県別府市駅前町１２－１３", "緯度": 33.279356, "経度": 131.500973, "url": "https://www.iryou.teikyouseido.mhlw.go.jp/znk-web/juminkanja/S2430/initialize?prefCd=44&kikanCd=2045800000&kikanKbn=5", "url2": "http://fan-medical.com", "内容": "ファン薬局　別府駅店【5:薬局】大分県別府市駅前町１２－１３" }, "geometry": { "type": "Point", "coordinates": [ 131.500973, 33.279356 ] } },
{ "type": "Feature", "properties": { "ID": "4452046300000", "正式名称": "つじた薬局　耶馬渓店", "機関区分": 5, "都道府県コード": 44, "市区町村コード": 203, "所在地": "大分県中津市耶馬溪町樋山路", "緯度": 33.430068, "経度": 131.097, "url": "https://www.iryou.teikyouseido.mhlw.go.jp/znk-web/juminkanja/S2430/initialize?prefCd=44&kikanCd=2046300000&kikanKbn=5", "url2": null, "内容": "つじた薬局　耶馬渓店【5:薬局】大分県中津市耶馬溪町樋山路" }, "geometry": { "type": "Point", "coordinates": [ 131.097, 33.430068 ] } },
{ "type": "Feature", "properties": { "ID": "4452046400000", "正式名称": "五番街薬局", "機関区分": 5, "都道府県コード": 44, "市区町村コード": 201, "所在地": "大分県大分市府内町３丁目７番３５号　大分プラネットビル１Ｆ", "緯度": 33.237378, "経度": 131.610557, "url": "https://www.iryou.teikyouseido.mhlw.go.jp/znk-web/juminkanja/S2430/initialize?prefCd=44&kikanCd=2046400000&kikanKbn=5", "url2": null, "内容": "五番街薬局【5:薬局】大分県大分市府内町３丁目７番３５号　大分プラネットビル１Ｆ" }, "geometry": { "type": "Point", "coordinates": [ 131.610557, 33.237378 ] } },
{ "type": "Feature", "properties": { "ID": "4452046700000", "正式名称": "いちご薬局", "機関区分": 5, "都道府県コード": 44, "市区町村コード": 205, "所在地": "大分県佐伯市常盤東町１０番１６号", "緯度": 32.966292, "経度": 131.902745, "url": "https://www.iryou.teikyouseido.mhlw.go.jp/znk-web/juminkanja/S2430/initialize?prefCd=44&kikanCd=2046700000&kikanKbn=5", "url2": null, "内容": "いちご薬局【5:薬局】大分県佐伯市常盤東町１０番１６号" }, "geometry": { "type": "Point", "coordinates": [ 131.902745, 32.966292 ] } },
{ "type": "Feature", "properties": { "ID": "4452047300000", "正式名称": "太陽調剤薬局　荘園店", "機関区分": 5, "都道府県コード": 44, "市区町村コード": 202, "所在地": "大分県別府市荘園町４０番１２号", "緯度": 33.289138, "経度": 131.481905, "url": "https://www.iryou.teikyouseido.mhlw.go.jp/znk-web/juminkanja/S2430/initialize?prefCd=44&kikanCd=2047300000&kikanKbn=5", "url2": "http://www.taiyopharmacy.com", "内容": "太陽調剤薬局　荘園店【5:薬局】大分県別府市荘園町４０番１２号" }, "geometry": { "type": "Point", "coordinates": [ 131.481905, 33.289138 ] } },
{ "type": "Feature", "properties": { "ID": "4452047400000", "正式名称": "ウエルシア薬局大分セントポルタ中央町店", "機関区分": 5, "都道府県コード": 44, "市区町村コード": 201, "所在地": "大分県大分市中央町１－３－２", "緯度": 33.2364, "経度": 131.606983, "url": "https://www.iryou.teikyouseido.mhlw.go.jp/znk-web/juminkanja/S2430/initialize?prefCd=44&kikanCd=2047400000&kikanKbn=5", "url2": "https://www.welcia-yakkyoku.co.jp/", "内容": "ウエルシア薬局大分セントポルタ中央町店【5:薬局】大分県大分市中央町１－３－２" }, "geometry": { "type": "Point", "coordinates": [ 131.606983, 33.2364 ] } },
{ "type": "Feature", "properties": { "ID": "4452047500000", "正式名称": "ひいろ調剤薬局　下郡店", "機関区分": 5, "都道府県コード": 44, "市区町村コード": 201, "所在地": "大分県大分市下郡１８３８番地の１　エクセル野田Ⅰ　１０１", "緯度": 33.231818, "経度": 131.634239, "url": "https://www.iryou.teikyouseido.mhlw.go.jp/znk-web/juminkanja/S2430/initialize?prefCd=44&kikanCd=2047500000&kikanKbn=5", "url2": "https://hiirochozai.com/", "内容": "ひいろ調剤薬局　下郡店【5:薬局】大分県大分市下郡１８３８番地の１　エクセル野田Ⅰ　１０１" }, "geometry": { "type": "Point", "coordinates": [ 131.634239, 33.231818 ] } },
{ "type": "Feature", "properties": { "ID": "4452047600000", "正式名称": "ワタナベ薬局　豊陽店", "機関区分": 5, "都道府県コード": 44, "市区町村コード": 203, "所在地": "大分県中津市上宮永１３０－２", "緯度": 33.594411, "経度": 131.187936, "url": "https://www.iryou.teikyouseido.mhlw.go.jp/znk-web/juminkanja/S2430/initialize?prefCd=44&kikanCd=2047600000&kikanKbn=5", "url2": null, "内容": "ワタナベ薬局　豊陽店【5:薬局】大分県中津市上宮永１３０－２" }, "geometry": { "type": "Point", "coordinates": [ 131.187936, 33.594411 ] } },
{ "type": "Feature", "properties": { "ID": "4452048500000", "正式名称": "しきどチアフル薬局", "機関区分": 5, "都道府県コード": 44, "市区町村コード": 201, "所在地": "大分県大分市鴛野１０２８番１", "緯度": 33.186774, "経度": 131.615488, "url": "https://www.iryou.teikyouseido.mhlw.go.jp/znk-web/juminkanja/S2430/initialize?prefCd=44&kikanCd=2048500000&kikanKbn=5", "url2": null, "内容": "しきどチアフル薬局【5:薬局】大分県大分市鴛野１０２８番１" }, "geometry": { "type": "Point", "coordinates": [ 131.615488, 33.186774 ] } },
{ "type": "Feature", "properties": { "ID": "4452049000000", "正式名称": "ドラッグセイムス　別府流川通薬局", "機関区分": 5, "都道府県コード": 44, "市区町村コード": 202, "所在地": "大分県別府市中島町２４１５番１", "緯度": 33.275382, "経度": 131.491904, "url": "https://www.iryou.teikyouseido.mhlw.go.jp/znk-web/juminkanja/S2430/initialize?prefCd=44&kikanCd=2049000000&kikanKbn=5", "url2": "http://www.fujiyakuhin.co.jp", "内容": "ドラッグセイムス　別府流川通薬局【5:薬局】大分県別府市中島町２４１５番１" }, "geometry": { "type": "Point", "coordinates": [ 131.491904, 33.275382 ] } },
{ "type": "Feature", "properties": { "ID": "4452049200000", "正式名称": "大信薬局　安心院本店", "機関区分": 5, "都道府県コード": 44, "市区町村コード": 211, "所在地": "大分県宇佐市安心院町下毛２０１７－１", "緯度": 33.439734, "経度": 131.353228, "url": "https://www.iryou.teikyouseido.mhlw.go.jp/znk-web/juminkanja/S2430/initialize?prefCd=44&kikanCd=2049200000&kikanKbn=5", "url2": "https://www.taishinph.co.jp/", "内容": "大信薬局　安心院本店【5:薬局】大分県宇佐市安心院町下毛２０１７－１" }, "geometry": { "type": "Point", "coordinates": [ 131.353228, 33.439734 ] } },
{ "type": "Feature", "properties": { "ID": "4452049300000", "正式名称": "大信薬局　安心院中央店", "機関区分": 5, "都道府県コード": 44, "市区町村コード": 211, "所在地": "大分県宇佐市安心院町下毛", "緯度": 33.448973, "経度": 131.346073, "url": "https://www.iryou.teikyouseido.mhlw.go.jp/znk-web/juminkanja/S2430/initialize?prefCd=44&kikanCd=2049300000&kikanKbn=5", "url2": "https://www.taishinph.co.jp/", "内容": "大信薬局　安心院中央店【5:薬局】大分県宇佐市安心院町下毛" }, "geometry": { "type": "Point", "coordinates": [ 131.346073, 33.448973 ] } },
{ "type": "Feature", "properties": { "ID": "4452049500000", "正式名称": "まごころ薬局　すみれ南店", "機関区分": 5, "都道府県コード": 44, "市区町村コード": 201, "所在地": "大分県大分市大字森町２４５－９４", "緯度": 33.228506, "経度": 131.680347, "url": "https://www.iryou.teikyouseido.mhlw.go.jp/znk-web/juminkanja/S2430/initialize?prefCd=44&kikanCd=2049500000&kikanKbn=5", "url2": "https://www.hojinyakkyoku.com/", "内容": "まごころ薬局　すみれ南店【5:薬局】大分県大分市大字森町２４５－９４" }, "geometry": { "type": "Point", "coordinates": [ 131.680347, 33.228506 ] } },
{ "type": "Feature", "properties": { "ID": "4452049700000", "正式名称": "第一調剤薬局　柳通り店", "機関区分": 5, "都道府県コード": 44, "市区町村コード": 201, "所在地": "大分県大分市高松２丁目６－３", "緯度": 33.247329, "経度": 131.656404, "url": "https://www.iryou.teikyouseido.mhlw.go.jp/znk-web/juminkanja/S2430/initialize?prefCd=44&kikanCd=2049700000&kikanKbn=5", "url2": "http://daiichichozai.jp", "内容": "第一調剤薬局　柳通り店【5:薬局】大分県大分市高松２丁目６－３" }, "geometry": { "type": "Point", "coordinates": [ 131.656404, 33.247329 ] } },
{ "type": "Feature", "properties": { "ID": "4452049800000", "正式名称": "つるみ薬局", "機関区分": 5, "都道府県コード": 44, "市区町村コード": 202, "所在地": "大分県別府市荘園６組４", "緯度": 33.295924, "経度": 131.476406, "url": "https://www.iryou.teikyouseido.mhlw.go.jp/znk-web/juminkanja/S2430/initialize?prefCd=44&kikanCd=2049800000&kikanKbn=5", "url2": "https://daiichichozai.jp/store/", "内容": "つるみ薬局【5:薬局】大分県別府市荘園６組４" }, "geometry": { "type": "Point", "coordinates": [ 131.476406, 33.295924 ] } },
{ "type": "Feature", "properties": { "ID": "4452050200000", "正式名称": "王子中町薬局", "機関区分": 5, "都道府県コード": 44, "市区町村コード": 201, "所在地": "大分県大分市王子中町９－３９", "緯度": 33.243586, "経度": 131.593412, "url": "https://www.iryou.teikyouseido.mhlw.go.jp/znk-web/juminkanja/S2430/initialize?prefCd=44&kikanCd=2050200000&kikanKbn=5", "url2": null, "内容": "王子中町薬局【5:薬局】大分県大分市王子中町９－３９" }, "geometry": { "type": "Point", "coordinates": [ 131.593412, 33.243586 ] } },
{ "type": "Feature", "properties": { "ID": "4452050400000", "正式名称": "河野調剤薬局宮崎店", "機関区分": 5, "都道府県コード": 44, "市区町村コード": 201, "所在地": "大分県大分市大字宮崎４１６番地　西日本土木大分本社ビル３階", "緯度": 33.202311, "経度": 131.609293, "url": "https://www.iryou.teikyouseido.mhlw.go.jp/znk-web/juminkanja/S2430/initialize?prefCd=44&kikanCd=2050400000&kikanKbn=5", "url2": "http://www.kawano-pharmacy.jp", "内容": "河野調剤薬局宮崎店【5:薬局】大分県大分市大字宮崎４１６番地　西日本土木大分本社ビル３階" }, "geometry": { "type": "Point", "coordinates": [ 131.609293, 33.202311 ] } },
{ "type": "Feature", "properties": { "ID": "4452051000000", "正式名称": "ドラッグセイムス別府観光港薬局", "機関区分": 5, "都道府県コード": 44, "市区町村コード": 202, "所在地": "大分県別府市船小路町１－３０", "緯度": 33.30036, "経度": 131.500615, "url": "https://www.iryou.teikyouseido.mhlw.go.jp/znk-web/juminkanja/S2430/initialize?prefCd=44&kikanCd=2051000000&kikanKbn=5", "url2": "http://www.kyusyu-seims.co.jp", "内容": "ドラッグセイムス別府観光港薬局【5:薬局】大分県別府市船小路町１－３０" }, "geometry": { "type": "Point", "coordinates": [ 131.500615, 33.30036 ] } },
{ "type": "Feature", "properties": { "ID": "4452051100000", "正式名称": "日本調剤秋葉町薬局", "機関区分": 5, "都道府県コード": 44, "市区町村コード": 202, "所在地": "大分県別府市秋葉町８番２５号", "緯度": 33.275902, "経度": 131.501113, "url": "https://www.iryou.teikyouseido.mhlw.go.jp/znk-web/juminkanja/S2430/initialize?prefCd=44&kikanCd=2051100000&kikanKbn=5", "url2": "http://www.nicho.co.jp", "内容": "日本調剤秋葉町薬局【5:薬局】大分県別府市秋葉町８番２５号" }, "geometry": { "type": "Point", "coordinates": [ 131.501113, 33.275902 ] } },
{ "type": "Feature", "properties": { "ID": "4452051700000", "正式名称": "藤本調剤薬局　大貞店", "機関区分": 5, "都道府県コード": 44, "市区町村コード": 203, "所在地": "大分県中津市大貞２５０－１", "緯度": 33.568726, "経度": 131.215229, "url": "https://www.iryou.teikyouseido.mhlw.go.jp/znk-web/juminkanja/S2430/initialize?prefCd=44&kikanCd=2051700000&kikanKbn=5", "url2": "http://www.fujimoto-pharmacy.com/", "内容": "藤本調剤薬局　大貞店【5:薬局】大分県中津市大貞２５０－１" }, "geometry": { "type": "Point", "coordinates": [ 131.215229, 33.568726 ] } },
{ "type": "Feature", "properties": { "ID": "4452052200000", "正式名称": "ひいろ調剤薬局大貞店", "機関区分": 5, "都道府県コード": 44, "市区町村コード": 203, "所在地": "大分県中津市大貞３７１－５２", "緯度": 33.565131, "経度": 131.205073, "url": "https://www.iryou.teikyouseido.mhlw.go.jp/znk-web/juminkanja/S2430/initialize?prefCd=44&kikanCd=2052200000&kikanKbn=5", "url2": "https://hiirochozai.com/", "内容": "ひいろ調剤薬局大貞店【5:薬局】大分県中津市大貞３７１－５２" }, "geometry": { "type": "Point", "coordinates": [ 131.205073, 33.565131 ] } },
{ "type": "Feature", "properties": { "ID": "4452052500000", "正式名称": "ぽかぽか薬局", "機関区分": 5, "都道府県コード": 44, "市区町村コード": 201, "所在地": "大分県大分市田中町２丁目５－１８　ゴトウコーポ１０１", "緯度": 33.210705, "経度": 131.590495, "url": "https://www.iryou.teikyouseido.mhlw.go.jp/znk-web/juminkanja/S2430/initialize?prefCd=44&kikanCd=2052500000&kikanKbn=5", "url2": "https://pocapoca-pharmacy.com", "内容": "ぽかぽか薬局【5:薬局】大分県大分市田中町２丁目５－１８　ゴトウコーポ１０１" }, "geometry": { "type": "Point", "coordinates": [ 131.590495, 33.210705 ] } },
{ "type": "Feature", "properties": { "ID": "4452052600000", "正式名称": "（有）つもり調剤薬局", "機関区分": 5, "都道府県コード": 44, "市区町村コード": 201, "所在地": "大分県大分市津守１７７番１", "緯度": 33.205136, "経度": 131.626129, "url": "https://www.iryou.teikyouseido.mhlw.go.jp/znk-web/juminkanja/S2430/initialize?prefCd=44&kikanCd=2052600000&kikanKbn=5", "url2": null, "内容": "（有）つもり調剤薬局【5:薬局】大分県大分市津守１７７番１" }, "geometry": { "type": "Point", "coordinates": [ 131.626129, 33.205136 ] } },
{ "type": "Feature", "properties": { "ID": "4452052800000", "正式名称": "ドラッグセイムス大分花津留薬局", "機関区分": 5, "都道府県コード": 44, "市区町村コード": 201, "所在地": "大分県大分市花津留一丁目９番３号", "緯度": 33.244604, "経度": 131.63121, "url": "https://www.iryou.teikyouseido.mhlw.go.jp/znk-web/juminkanja/S2430/initialize?prefCd=44&kikanCd=2052800000&kikanKbn=5", "url2": "http://www.kyusyu-seims.co.jp/", "内容": "ドラッグセイムス大分花津留薬局【5:薬局】大分県大分市花津留一丁目９番３号" }, "geometry": { "type": "Point", "coordinates": [ 131.63121, 33.244604 ] } },
{ "type": "Feature", "properties": { "ID": "4452052900000", "正式名称": "コスモス調剤薬局　森町バイパス店", "機関区分": 5, "都道府県コード": 44, "市区町村コード": 201, "所在地": "大分県大分市森町５２６−１", "緯度": 33.227865, "経度": 131.681771, "url": "https://www.iryou.teikyouseido.mhlw.go.jp/znk-web/juminkanja/S2430/initialize?prefCd=44&kikanCd=2052900000&kikanKbn=5", "url2": "http://www.cosmospc.co.jp", "内容": "コスモス調剤薬局　森町バイパス店【5:薬局】大分県大分市森町５２６−１" }, "geometry": { "type": "Point", "coordinates": [ 131.681771, 33.227865 ] } },
{ "type": "Feature", "properties": { "ID": "4452053100000", "正式名称": "スマイル薬局　中央町店", "機関区分": 5, "都道府県コード": 44, "市区町村コード": 201, "所在地": "大分県大分市中央町３丁目１番２５号", "緯度": 33.236638, "経度": 131.604221, "url": "https://www.iryou.teikyouseido.mhlw.go.jp/znk-web/juminkanja/S2430/initialize?prefCd=44&kikanCd=2053100000&kikanKbn=5", "url2": "https://pharmaunion.co.jp/", "内容": "スマイル薬局　中央町店【5:薬局】大分県大分市中央町３丁目１番２５号" }, "geometry": { "type": "Point", "coordinates": [ 131.604221, 33.236638 ] } },
{ "type": "Feature", "properties": { "ID": "4452053200000", "正式名称": "ケンミン調剤薬局　東大道店", "機関区分": 5, "都道府県コード": 44, "市区町村コード": 201, "所在地": "大分県大分市東大道２丁目３－１７", "緯度": 33.229932, "経度": 131.601961, "url": "https://www.iryou.teikyouseido.mhlw.go.jp/znk-web/juminkanja/S2430/initialize?prefCd=44&kikanCd=2053200000&kikanKbn=5", "url2": "http://kennmin.co.jp/", "内容": "ケンミン調剤薬局　東大道店【5:薬局】大分県大分市東大道２丁目３－１７" }, "geometry": { "type": "Point", "coordinates": [ 131.601961, 33.229932 ] } },
{ "type": "Feature", "properties": { "ID": "4452053600000", "正式名称": "ファン薬局　森町店", "機関区分": 5, "都道府県コード": 44, "市区町村コード": 201, "所在地": "大分県大分市森町５０１番地の１", "緯度": 33.226828, "経度": 131.681459, "url": "https://www.iryou.teikyouseido.mhlw.go.jp/znk-web/juminkanja/S2430/initialize?prefCd=44&kikanCd=2053600000&kikanKbn=5", "url2": "http://www.fan-medical.com", "内容": "ファン薬局　森町店【5:薬局】大分県大分市森町５０１番地の１" }, "geometry": { "type": "Point", "coordinates": [ 131.681459, 33.226828 ] } },
{ "type": "Feature", "properties": { "ID": "4452053700000", "正式名称": "ファン薬局　駄原店", "機関区分": 5, "都道府県コード": 44, "市区町村コード": 201, "所在地": "大分県大分市大字駄原２８８１ー４４９", "緯度": 33.231582, "経度": 131.591394, "url": "https://www.iryou.teikyouseido.mhlw.go.jp/znk-web/juminkanja/S2430/initialize?prefCd=44&kikanCd=2053700000&kikanKbn=5", "url2": "http://www.fan-medical.com", "内容": "ファン薬局　駄原店【5:薬局】大分県大分市大字駄原２８８１ー４４９" }, "geometry": { "type": "Point", "coordinates": [ 131.591394, 33.231582 ] } },
{ "type": "Feature", "properties": { "ID": "4452054100000", "正式名称": "カイト薬局", "機関区分": 5, "都道府県コード": 44, "市区町村コード": 206, "所在地": "大分県臼杵市大字掻懐２の９番地の１", "緯度": 33.093335, "経度": 131.757982, "url": "https://www.iryou.teikyouseido.mhlw.go.jp/znk-web/juminkanja/S2430/initialize?prefCd=44&kikanCd=2054100000&kikanKbn=5", "url2": null, "内容": "カイト薬局【5:薬局】大分県臼杵市大字掻懐２の９番地の１" }, "geometry": { "type": "Point", "coordinates": [ 131.757982, 33.093335 ] } },
{ "type": "Feature", "properties": { "ID": "4452054200000", "正式名称": "コグマ鶴崎薬局", "機関区分": 5, "都道府県コード": 44, "市区町村コード": 201, "所在地": "大分県大分市西鶴崎３丁目２－７", "緯度": 33.240468, "経度": 131.686284, "url": "https://www.iryou.teikyouseido.mhlw.go.jp/znk-web/juminkanja/S2430/initialize?prefCd=44&kikanCd=2054200000&kikanKbn=5", "url2": null, "内容": "コグマ鶴崎薬局【5:薬局】大分県大分市西鶴崎３丁目２－７" }, "geometry": { "type": "Point", "coordinates": [ 131.686284, 33.240468 ] } },
{ "type": "Feature", "properties": { "ID": "4452054300000", "正式名称": "ワタナベ薬局　富士見が丘店", "機関区分": 5, "都道府県コード": 44, "市区町村コード": 201, "所在地": "大分県大分市富士見が丘西１丁目３番２３号", "緯度": 33.181959, "経度": 131.542238, "url": "https://www.iryou.teikyouseido.mhlw.go.jp/znk-web/juminkanja/S2430/initialize?prefCd=44&kikanCd=2054300000&kikanKbn=5", "url2": null, "内容": "ワタナベ薬局　富士見が丘店【5:薬局】大分県大分市富士見が丘西１丁目３番２３号" }, "geometry": { "type": "Point", "coordinates": [ 131.542238, 33.181959 ] } },
{ "type": "Feature", "properties": { "ID": "4452054400000", "正式名称": "ワタナベ薬局　安心院店", "機関区分": 5, "都道府県コード": 44, "市区町村コード": 211, "所在地": "大分県宇佐市安心院町下毛２０６２－３", "緯度": 33.437897, "経度": 131.352387, "url": "https://www.iryou.teikyouseido.mhlw.go.jp/znk-web/juminkanja/S2430/initialize?prefCd=44&kikanCd=2054400000&kikanKbn=5", "url2": null, "内容": "ワタナベ薬局　安心院店【5:薬局】大分県宇佐市安心院町下毛２０６２－３" }, "geometry": { "type": "Point", "coordinates": [ 131.352387, 33.437897 ] } },
{ "type": "Feature", "properties": { "ID": "4452054600000", "正式名称": "大信薬局　久住店", "機関区分": 5, "都道府県コード": 44, "市区町村コード": 208, "所在地": "大分県竹田市久住町大字栢木６０３０－３", "緯度": 33.058233, "経度": 131.332143, "url": "https://www.iryou.teikyouseido.mhlw.go.jp/znk-web/juminkanja/S2430/initialize?prefCd=44&kikanCd=2054600000&kikanKbn=5", "url2": null, "内容": "大信薬局　久住店【5:薬局】大分県竹田市久住町大字栢木６０３０－３" }, "geometry": { "type": "Point", "coordinates": [ 131.332143, 33.058233 ] } },
{ "type": "Feature", "properties": { "ID": "4452054900000", "正式名称": "わかば薬局", "機関区分": 5, "都道府県コード": 44, "市区町村コード": 201, "所在地": "大分県大分市花津留１丁目８番２号", "緯度": 33.244165, "経度": 131.631896, "url": "https://www.iryou.teikyouseido.mhlw.go.jp/znk-web/juminkanja/S2430/initialize?prefCd=44&kikanCd=2054900000&kikanKbn=5", "url2": "http://hachiyon-ph.com", "内容": "わかば薬局【5:薬局】大分県大分市花津留１丁目８番２号" }, "geometry": { "type": "Point", "coordinates": [ 131.631896, 33.244165 ] } },
{ "type": "Feature", "properties": { "ID": "4452055400000", "正式名称": "ファン薬局　高城店", "機関区分": 5, "都道府県コード": 44, "市区町村コード": 201, "所在地": "大分県大分市高松１丁目１番２の２", "緯度": 33.244593, "経度": 131.654505, "url": "https://www.iryou.teikyouseido.mhlw.go.jp/znk-web/juminkanja/S2430/initialize?prefCd=44&kikanCd=2055400000&kikanKbn=5", "url2": "https://fan-medical.com/", "内容": "ファン薬局　高城店【5:薬局】大分県大分市高松１丁目１番２の２" }, "geometry": { "type": "Point", "coordinates": [ 131.654505, 33.244593 ] } },
{ "type": "Feature", "properties": { "ID": "4452055500000", "正式名称": "みんと薬局", "機関区分": 5, "都道府県コード": 44, "市区町村コード": 201, "所在地": "大分県大分市明野北", "緯度": 33.228031, "経度": 131.652602, "url": "https://www.iryou.teikyouseido.mhlw.go.jp/znk-web/juminkanja/S2430/initialize?prefCd=44&kikanCd=2055500000&kikanKbn=5", "url2": "https://www.hachiyon-ph.com", "内容": "みんと薬局【5:薬局】大分県大分市明野北" }, "geometry": { "type": "Point", "coordinates": [ 131.652602, 33.228031 ] } },
{ "type": "Feature", "properties": { "ID": "4452056300000", "正式名称": "ドラッグイレブン薬局大分医大前店", "機関区分": 5, "都道府県コード": 44, "市区町村コード": 213, "所在地": "大分県由布市挾間町医大ケ丘３丁目１２３３－２", "緯度": 33.208652, "経度": 131.5349, "url": "https://www.iryou.teikyouseido.mhlw.go.jp/znk-web/juminkanja/S2430/initialize?prefCd=44&kikanCd=2056300000&kikanKbn=5", "url2": "https://shop.tsuruha-g.com/4697", "内容": "ドラッグイレブン薬局大分医大前店【5:薬局】大分県由布市挾間町医大ケ丘３丁目１２３３－２" }, "geometry": { "type": "Point", "coordinates": [ 131.5349, 33.208652 ] } },
{ "type": "Feature", "properties": { "ID": "4452056400000", "正式名称": "ひいろ調剤薬局高城店", "機関区分": 5, "都道府県コード": 44, "市区町村コード": 201, "所在地": "大分県大分市高松１丁目４－４", "緯度": 33.245364, "経度": 131.654979, "url": "https://www.iryou.teikyouseido.mhlw.go.jp/znk-web/juminkanja/S2430/initialize?prefCd=44&kikanCd=2056400000&kikanKbn=5", "url2": "https://hiirochozai.com/", "内容": "ひいろ調剤薬局高城店【5:薬局】大分県大分市高松１丁目４－４" }, "geometry": { "type": "Point", "coordinates": [ 131.654979, 33.245364 ] } },
{ "type": "Feature", "properties": { "ID": "4452056500000", "正式名称": "ドラッグセイムス大分羽屋薬局", "機関区分": 5, "都道府県コード": 44, "市区町村コード": 201, "所在地": "大分県大分市上田町３丁目２番１号", "緯度": 33.231794, "経度": 131.620097, "url": "https://www.iryou.teikyouseido.mhlw.go.jp/znk-web/juminkanja/S2430/initialize?prefCd=44&kikanCd=2056500000&kikanKbn=5", "url2": "https://store.seims.co.jp/map/24003/", "内容": "ドラッグセイムス大分羽屋薬局【5:薬局】大分県大分市上田町３丁目２番１号" }, "geometry": { "type": "Point", "coordinates": [ 131.620097, 33.231794 ] } },
{ "type": "Feature", "properties": { "ID": "4452056600000", "正式名称": "ドラッグセイムス大分岩田薬局", "機関区分": 5, "都道府県コード": 44, "市区町村コード": 201, "所在地": "大分県大分市津留１９１１－１", "緯度": 33.233826, "経度": 131.630726, "url": "https://www.iryou.teikyouseido.mhlw.go.jp/znk-web/juminkanja/S2430/initialize?prefCd=44&kikanCd=2056600000&kikanKbn=5", "url2": "https://www.kyusyu-seims.co.jp/tenpo/oita/77.html", "内容": "ドラッグセイムス大分岩田薬局【5:薬局】大分県大分市津留１９１１－１" }, "geometry": { "type": "Point", "coordinates": [ 131.630726, 33.233826 ] } },
{ "type": "Feature", "properties": { "ID": "4452057200000", "正式名称": "ワタナベ薬局まいづる店", "機関区分": 5, "都道府県コード": 44, "市区町村コード": 201, "所在地": "大分県大分市舞鶴町１丁目４番１９号", "緯度": 33.239668, "経度": 131.619338, "url": "https://www.iryou.teikyouseido.mhlw.go.jp/znk-web/juminkanja/S2430/initialize?prefCd=44&kikanCd=2057200000&kikanKbn=5", "url2": null, "内容": "ワタナベ薬局まいづる店【5:薬局】大分県大分市舞鶴町１丁目４番１９号" }, "geometry": { "type": "Point", "coordinates": [ 131.619338, 33.239668 ] } },
{ "type": "Feature", "properties": { "ID": "4452057300000", "正式名称": "ウエルシア薬局上宗方店", "機関区分": 5, "都道府県コード": 44, "市区町村コード": 201, "所在地": "大分県大分市上宗方１２５６", "緯度": 33.200436, "経度": 131.582017, "url": "https://www.iryou.teikyouseido.mhlw.go.jp/znk-web/juminkanja/S2430/initialize?prefCd=44&kikanCd=2057300000&kikanKbn=5", "url2": null, "内容": "ウエルシア薬局上宗方店【5:薬局】大分県大分市上宗方１２５６" }, "geometry": { "type": "Point", "coordinates": [ 131.582017, 33.200436 ] } },
{ "type": "Feature", "properties": { "ID": "4452057400000", "正式名称": "ひので薬局", "機関区分": 5, "都道府県コード": 44, "市区町村コード": 341, "所在地": "大分県速見郡日出町豊岡辻間６１００－４７３", "緯度": 33.371072, "経度": 131.514883, "url": "https://www.iryou.teikyouseido.mhlw.go.jp/znk-web/juminkanja/S2430/initialize?prefCd=44&kikanCd=2057400000&kikanKbn=5", "url2": null, "内容": "ひので薬局【5:薬局】大分県速見郡日出町豊岡辻間６１００－４７３" }, "geometry": { "type": "Point", "coordinates": [ 131.514883, 33.371072 ] } },
{ "type": "Feature", "properties": { "ID": "44520577", "正式名称": "ワタナベ薬局　長洲店", "機関区分": 5, "都道府県コード": 44, "市区町村コード": 211, "所在地": "大分県宇佐市長洲２１２４番地１", "緯度": 33.570819, "経度": 131.378995, "url": "https://www.iryou.teikyouseido.mhlw.go.jp/znk-web/juminkanja/S2430/initialize?prefCd=44&kikanCd=20577&kikanKbn=5", "url2": null, "内容": "ワタナベ薬局　長洲店【5:薬局】大分県宇佐市長洲２１２４番地１" }, "geometry": { "type": "Point", "coordinates": [ 131.378995, 33.570819 ] } },
{ "type": "Feature", "properties": { "ID": "44520578", "正式名称": "ドラッグイレブン薬局　畑中店", "機関区分": 5, "都道府県コード": 44, "市区町村コード": 201, "所在地": "大分県大分市畑中３丁目２番２号", "緯度": 33.206034, "経度": 131.596703, "url": "https://www.iryou.teikyouseido.mhlw.go.jp/znk-web/juminkanja/S2430/initialize?prefCd=44&kikanCd=20578&kikanKbn=5", "url2": "https://shop.tsuruha-g.com/4677", "内容": "ドラッグイレブン薬局　畑中店【5:薬局】大分県大分市畑中３丁目２番２号" }, "geometry": { "type": "Point", "coordinates": [ 131.596703, 33.206034 ] } },
{ "type": "Feature", "properties": { "ID": "44520579", "正式名称": "のぞみ薬局", "機関区分": 5, "都道府県コード": 44, "市区町村コード": 211, "所在地": "大分県宇佐市安心院町木裳字西光寺３８８－１", "緯度": 33.43809, "経度": 131.35739, "url": "https://www.iryou.teikyouseido.mhlw.go.jp/znk-web/juminkanja/S2430/initialize?prefCd=44&kikanCd=20579&kikanKbn=5", "url2": null, "内容": "のぞみ薬局【5:薬局】大分県宇佐市安心院町木裳字西光寺３８８－１" }, "geometry": { "type": "Point", "coordinates": [ 131.35739, 33.43809 ] } },
{ "type": "Feature", "properties": { "ID": "44520580", "正式名称": "れんげ薬局大分羽屋店", "機関区分": 5, "都道府県コード": 44, "市区町村コード": 201, "所在地": "大分県大分市羽屋１丁目４－１", "緯度": 33.209872, "経度": 131.602083, "url": "https://www.iryou.teikyouseido.mhlw.go.jp/znk-web/juminkanja/S2430/initialize?prefCd=44&kikanCd=20580&kikanKbn=5", "url2": null, "内容": "れんげ薬局大分羽屋店【5:薬局】大分県大分市羽屋１丁目４－１" }, "geometry": { "type": "Point", "coordinates": [ 131.602083, 33.209872 ] } },
{ "type": "Feature", "properties": { "ID": "44520581", "正式名称": "ひまわり薬局", "機関区分": 5, "都道府県コード": 44, "市区町村コード": 462, "所在地": "大分県玖珠郡玖珠町大字塚脇４４１番地の１", "緯度": 33.274514, "経度": 131.156794, "url": "https://www.iryou.teikyouseido.mhlw.go.jp/znk-web/juminkanja/S2430/initialize?prefCd=44&kikanCd=20581&kikanKbn=5", "url2": "https://www.big-advance.site/c/207/1603", "内容": "ひまわり薬局【5:薬局】大分県玖珠郡玖珠町大字塚脇４４１番地の１" }, "geometry": { "type": "Point", "coordinates": [ 131.156794, 33.274514 ] } },
{ "type": "Feature", "properties": { "ID": "44520582", "正式名称": "サルビア薬局", "機関区分": 5, "都道府県コード": 44, "市区町村コード": 206, "所在地": "大分県臼杵市大字市浜７４３番地１７", "緯度": 33.123438, "経度": 131.795075, "url": "https://www.iryou.teikyouseido.mhlw.go.jp/znk-web/juminkanja/S2430/initialize?prefCd=44&kikanCd=20582&kikanKbn=5", "url2": null, "内容": "サルビア薬局【5:薬局】大分県臼杵市大字市浜７４３番地１７" }, "geometry": { "type": "Point", "coordinates": [ 131.795075, 33.123438 ] } },
{ "type": "Feature", "properties": { "ID": "44520583", "正式名称": "三軒町薬局", "機関区分": 5, "都道府県コード": 44, "市区町村コード": 201, "所在地": "大分県大分市東鶴崎３丁目３番２０号", "緯度": 33.237997, "経度": 131.695703, "url": "https://www.iryou.teikyouseido.mhlw.go.jp/znk-web/juminkanja/S2430/initialize?prefCd=44&kikanCd=20583&kikanKbn=5", "url2": null, "内容": "三軒町薬局【5:薬局】大分県大分市東鶴崎３丁目３番２０号" }, "geometry": { "type": "Point", "coordinates": [ 131.695703, 33.237997 ] } },
{ "type": "Feature", "properties": { "ID": "44520584", "正式名称": "ふくら薬局猪野店", "機関区分": 5, "都道府県コード": 44, "市区町村コード": 201, "所在地": "大分県大分市猪野１０７６番地", "緯度": 33.227957, "経度": 131.664783, "url": "https://www.iryou.teikyouseido.mhlw.go.jp/znk-web/juminkanja/S2430/initialize?prefCd=44&kikanCd=20584&kikanKbn=5", "url2": "https://www.fukura-ph.co.jp/information/index.php?p=ino", "内容": "ふくら薬局猪野店【5:薬局】大分県大分市猪野１０７６番地" }, "geometry": { "type": "Point", "coordinates": [ 131.664783, 33.227957 ] } },
{ "type": "Feature", "properties": { "ID": "44520585", "正式名称": "輔仁薬局おしの店", "機関区分": 5, "都道府県コード": 44, "市区町村コード": 201, "所在地": "大分県大分市鴛野１１１番３", "緯度": 33.184816, "経度": 131.61847, "url": "https://www.iryou.teikyouseido.mhlw.go.jp/znk-web/juminkanja/S2430/initialize?prefCd=44&kikanCd=20585&kikanKbn=5", "url2": "https://www.hojinyakkyoku.com/", "内容": "輔仁薬局おしの店【5:薬局】大分県大分市鴛野１１１番３" }, "geometry": { "type": "Point", "coordinates": [ 131.61847, 33.184816 ] } },
{ "type": "Feature", "properties": { "ID": "44520587", "正式名称": "下川薬局十二町店", "機関区分": 5, "都道府県コード": 44, "市区町村コード": 204, "所在地": "大分県日田市大字十二町３３６番地１", "緯度": 33.322772, "経度": 130.919194, "url": "https://www.iryou.teikyouseido.mhlw.go.jp/znk-web/juminkanja/S2430/initialize?prefCd=44&kikanCd=20587&kikanKbn=5", "url2": null, "内容": "下川薬局十二町店【5:薬局】大分県日田市大字十二町３３６番地１" }, "geometry": { "type": "Point", "coordinates": [ 130.919194, 33.322772 ] } },
{ "type": "Feature", "properties": { "ID": "44520588", "正式名称": "ワタナベ薬局福島店", "機関区分": 5, "都道府県コード": 44, "市区町村コード": 203, "所在地": "大分県中津市福島１０５６番地２", "緯度": 33.563881, "経度": 131.224839, "url": "https://www.iryou.teikyouseido.mhlw.go.jp/znk-web/juminkanja/S2430/initialize?prefCd=44&kikanCd=20588&kikanKbn=5", "url2": null, "内容": "ワタナベ薬局福島店【5:薬局】大分県中津市福島１０５６番地２" }, "geometry": { "type": "Point", "coordinates": [ 131.224839, 33.563881 ] } },
{ "type": "Feature", "properties": { "ID": "44520589", "正式名称": "ワタナベ薬局江須賀店", "機関区分": 5, "都道府県コード": 44, "市区町村コード": 211, "所在地": "大分県宇佐市江須賀４０４０番地の７", "緯度": 33.554923, "経度": 131.357451, "url": "https://www.iryou.teikyouseido.mhlw.go.jp/znk-web/juminkanja/S2430/initialize?prefCd=44&kikanCd=20589&kikanKbn=5", "url2": null, "内容": "ワタナベ薬局江須賀店【5:薬局】大分県宇佐市江須賀４０４０番地の７" }, "geometry": { "type": "Point", "coordinates": [ 131.357451, 33.554923 ] } },
{ "type": "Feature", "properties": { "ID": "44520590", "正式名称": "ファン薬局　六坊店", "機関区分": 5, "都道府県コード": 44, "市区町村コード": 201, "所在地": "大分県大分市六坊北町４４７１－３", "緯度": 33.228112, "経度": 131.616774, "url": "https://www.iryou.teikyouseido.mhlw.go.jp/znk-web/juminkanja/S2430/initialize?prefCd=44&kikanCd=20590&kikanKbn=5", "url2": "https://fan-medical.com/", "内容": "ファン薬局　六坊店【5:薬局】大分県大分市六坊北町４４７１－３" }, "geometry": { "type": "Point", "coordinates": [ 131.616774, 33.228112 ] } },
{ "type": "Feature", "properties": { "ID": "44520591", "正式名称": "コグマ薬局", "機関区分": 5, "都道府県コード": 44, "市区町村コード": 201, "所在地": "大分県大分市横塚２丁目１８１番", "緯度": 33.241875, "経度": 131.743581, "url": "https://www.iryou.teikyouseido.mhlw.go.jp/znk-web/juminkanja/S2430/initialize?prefCd=44&kikanCd=20591&kikanKbn=5", "url2": null, "内容": "コグマ薬局【5:薬局】大分県大分市横塚２丁目１８１番" }, "geometry": { "type": "Point", "coordinates": [ 131.743581, 33.241875 ] } },
{ "type": "Feature", "properties": { "ID": "44520592", "正式名称": "ふるた薬局宮夫店", "機関区分": 5, "都道府県コード": 44, "市区町村コード": 203, "所在地": "大分県中津市宮夫１２ー６", "緯度": 33.592483, "経度": 131.213011, "url": "https://www.iryou.teikyouseido.mhlw.go.jp/znk-web/juminkanja/S2430/initialize?prefCd=44&kikanCd=20592&kikanKbn=5", "url2": null, "内容": "ふるた薬局宮夫店【5:薬局】大分県中津市宮夫１２ー６" }, "geometry": { "type": "Point", "coordinates": [ 131.213011, 33.592483 ] } },
{ "type": "Feature", "properties": { "ID": "44520593", "正式名称": "ファン薬局　王子店", "機関区分": 5, "都道府県コード": 44, "市区町村コード": 201, "所在地": "大分県大分市王子中町４０番地", "緯度": 33.243497, "経度": 131.596161, "url": "https://www.iryou.teikyouseido.mhlw.go.jp/znk-web/juminkanja/S2430/initialize?prefCd=44&kikanCd=20593&kikanKbn=5", "url2": null, "内容": "ファン薬局　王子店【5:薬局】大分県大分市王子中町４０番地" }, "geometry": { "type": "Point", "coordinates": [ 131.596161, 33.243497 ] } },
{ "type": "Feature", "properties": { "ID": "44520595", "正式名称": "ワタナベ薬局豊陽店", "機関区分": 5, "都道府県コード": 44, "市区町村コード": 203, "所在地": "大分県中津市上宮永１３０ー２", "緯度": 33.594383, "経度": 131.187907, "url": "https://www.iryou.teikyouseido.mhlw.go.jp/znk-web/juminkanja/S2430/initialize?prefCd=44&kikanCd=20595&kikanKbn=5", "url2": null, "内容": "ワタナベ薬局豊陽店【5:薬局】大分県中津市上宮永１３０ー２" }, "geometry": { "type": "Point", "coordinates": [ 131.187907, 33.594383 ] } },
{ "type": "Feature", "properties": { "ID": "44520597", "正式名称": "おれんじ薬局　府内店", "機関区分": 5, "都道府県コード": 44, "市区町村コード": 201, "所在地": "大分県大分市府内町１丁目４－２８", "緯度": 33.235826, "経度": 131.609321, "url": "https://www.iryou.teikyouseido.mhlw.go.jp/znk-web/juminkanja/S2430/initialize?prefCd=44&kikanCd=20597&kikanKbn=5", "url2": "https://www.kusurinomadoguchi.com/oita/s1000128805", "内容": "おれんじ薬局　府内店【5:薬局】大分県大分市府内町１丁目４－２８" }, "geometry": { "type": "Point", "coordinates": [ 131.609321, 33.235826 ] } },
{ "type": "Feature", "properties": { "ID": "44520598", "正式名称": "（株）淡水　よつば薬局", "機関区分": 5, "都道府県コード": 44, "市区町村コード": 462, "所在地": "大分県玖珠郡玖珠町大字帆足３７１番１７", "緯度": 33.280907, "経度": 131.154753, "url": "https://www.iryou.teikyouseido.mhlw.go.jp/znk-web/juminkanja/S2430/initialize?prefCd=44&kikanCd=20598&kikanKbn=5", "url2": "https://kitago.co.jp", "内容": "（株）淡水　よつば薬局【5:薬局】大分県玖珠郡玖珠町大字帆足３７１番１７" }, "geometry": { "type": "Point", "coordinates": [ 131.154753, 33.280907 ] } },
{ "type": "Feature", "properties": { "ID": "44520599", "正式名称": "あそう調剤薬局下郡店", "機関区分": 5, "都道府県コード": 44, "市区町村コード": 201, "所在地": "大分県大分市下郡３０５５番４２", "緯度": 33.226954, "経度": 131.627826, "url": "https://www.iryou.teikyouseido.mhlw.go.jp/znk-web/juminkanja/S2430/initialize?prefCd=44&kikanCd=20599&kikanKbn=5", "url2": "https://sites.google.com/view/asochozai-shimogori", "内容": "あそう調剤薬局下郡店【5:薬局】大分県大分市下郡３０５５番４２" }, "geometry": { "type": "Point", "coordinates": [ 131.627826, 33.226954 ] } },
{ "type": "Feature", "properties": { "ID": "44520600", "正式名称": "ワタナベ薬局大貞店", "機関区分": 5, "都道府県コード": 44, "市区町村コード": 203, "所在地": "大分県中津市加来２２８３番５０", "緯度": 33.558883, "経度": 131.207722, "url": "https://www.iryou.teikyouseido.mhlw.go.jp/znk-web/juminkanja/S2430/initialize?prefCd=44&kikanCd=20600&kikanKbn=5", "url2": null, "内容": "ワタナベ薬局大貞店【5:薬局】大分県中津市加来２２８３番５０" }, "geometry": { "type": "Point", "coordinates": [ 131.207722, 33.558883 ] } },
{ "type": "Feature", "properties": { "ID": "44520601", "正式名称": "ドラッグセイムス佐伯中の島薬局", "機関区分": 5, "都道府県コード": 44, "市区町村コード": 205, "所在地": "大分県佐伯市中の島１丁目８番７号", "緯度": 32.955441, "経度": 131.902712, "url": "https://www.iryou.teikyouseido.mhlw.go.jp/znk-web/juminkanja/S2430/initialize?prefCd=44&kikanCd=20601&kikanKbn=5", "url2": "https://www.kyusyu-seims.co.jp/tenpo/oita/78.html", "内容": "ドラッグセイムス佐伯中の島薬局【5:薬局】大分県佐伯市中の島１丁目８番７号" }, "geometry": { "type": "Point", "coordinates": [ 131.902712, 32.955441 ] } },
{ "type": "Feature", "properties": { "ID": "44520602", "正式名称": "ドラッグイレブン薬局大分長浜店", "機関区分": 5, "都道府県コード": 44, "市区町村コード": 201, "所在地": "大分県大分市長浜町１－５－８", "緯度": 33.236878, "経度": 131.61566, "url": "https://www.iryou.teikyouseido.mhlw.go.jp/znk-web/juminkanja/S2430/initialize?prefCd=44&kikanCd=20602&kikanKbn=5", "url2": "https://shop.tsuruha-g.com/4903", "内容": "ドラッグイレブン薬局大分長浜店【5:薬局】大分県大分市長浜町１－５－８" }, "geometry": { "type": "Point", "coordinates": [ 131.61566, 33.236878 ] } },
{ "type": "Feature", "properties": { "ID": "44520603", "正式名称": "なでしこ調剤薬局", "機関区分": 5, "都道府県コード": 44, "市区町村コード": 201, "所在地": "大分県大分市小池原", "緯度": 33.23965, "経度": 131.6607, "url": "https://www.iryou.teikyouseido.mhlw.go.jp/znk-web/juminkanja/S2430/initialize?prefCd=44&kikanCd=20603&kikanKbn=5", "url2": null, "内容": "なでしこ調剤薬局【5:薬局】大分県大分市小池原" }, "geometry": { "type": "Point", "coordinates": [ 131.6607, 33.23965 ] } },
{ "type": "Feature", "properties": { "ID": "44520604", "正式名称": "ワタナベ薬局福沢通店", "機関区分": 5, "都道府県コード": 44, "市区町村コード": 203, "所在地": "大分県中津市古魚町１６６１－１", "緯度": 33.60286, "経度": 131.18842, "url": "https://www.iryou.teikyouseido.mhlw.go.jp/znk-web/juminkanja/S2430/initialize?prefCd=44&kikanCd=20604&kikanKbn=5", "url2": null, "内容": "ワタナベ薬局福沢通店【5:薬局】大分県中津市古魚町１６６１－１" }, "geometry": { "type": "Point", "coordinates": [ 131.18842, 33.60286 ] } },
{ "type": "Feature", "properties": { "ID": "44520605", "正式名称": "ドラッグセイムス大分横田薬局", "機関区分": 5, "都道府県コード": 44, "市区町村コード": 201, "所在地": "大分県大分市横田２－１－３", "緯度": 33.252106, "経度": 131.716314, "url": "https://www.iryou.teikyouseido.mhlw.go.jp/znk-web/juminkanja/S2430/initialize?prefCd=44&kikanCd=20605&kikanKbn=5", "url2": "https://www.kyusyu-seims.co.jp/tenpo/oita/79.html", "内容": "ドラッグセイムス大分横田薬局【5:薬局】大分県大分市横田２－１－３" }, "geometry": { "type": "Point", "coordinates": [ 131.716314, 33.252106 ] } },
{ "type": "Feature", "properties": { "ID": "44520606", "正式名称": "アイン薬局古国府店", "機関区分": 5, "都道府県コード": 44, "市区町村コード": 201, "所在地": "大分県大分市羽屋２丁目５－１０", "緯度": 33.211639, "経度": 131.640322, "url": "https://www.iryou.teikyouseido.mhlw.go.jp/znk-web/juminkanja/S2430/initialize?prefCd=44&kikanCd=20606&kikanKbn=5", "url2": "https://store.ainj.co.jp/detail/1101731/", "内容": "アイン薬局古国府店【5:薬局】大分県大分市羽屋２丁目５－１０" }, "geometry": { "type": "Point", "coordinates": [ 131.640322, 33.211639 ] } },
{ "type": "Feature", "properties": { "ID": "44520607", "正式名称": "さくら薬局　車木店", "機関区分": 5, "都道府県コード": 44, "市区町村コード": 201, "所在地": "大分県大分市賀来北２丁目１０番２３号", "緯度": 33.21285, "経度": 131.566987, "url": "https://www.iryou.teikyouseido.mhlw.go.jp/znk-web/juminkanja/S2430/initialize?prefCd=44&kikanCd=20607&kikanKbn=5", "url2": null, "内容": "さくら薬局　車木店【5:薬局】大分県大分市賀来北２丁目１０番２３号" }, "geometry": { "type": "Point", "coordinates": [ 131.566987, 33.21285 ] } },
{ "type": "Feature", "properties": { "ID": "44520609", "正式名称": "コスモス調剤薬局森町店", "機関区分": 5, "都道府県コード": 44, "市区町村コード": 201, "所在地": "大分県大分市森町西１丁目１－１", "緯度": 33.232396, "経度": 131.676189, "url": "https://www.iryou.teikyouseido.mhlw.go.jp/znk-web/juminkanja/S2430/initialize?prefCd=44&kikanCd=20609&kikanKbn=5", "url2": "https://www.cosmospc.co.jp/", "内容": "コスモス調剤薬局森町店【5:薬局】大分県大分市森町西１丁目１－１" }, "geometry": { "type": "Point", "coordinates": [ 131.676189, 33.232396 ] } },
{ "type": "Feature", "properties": { "ID": "44520610", "正式名称": "みやま薬局", "機関区分": 5, "都道府県コード": 44, "市区町村コード": 462, "所在地": "大分県玖珠郡玖珠町塚脇１７１－１", "緯度": 33.276739, "経度": 131.148787, "url": "https://www.iryou.teikyouseido.mhlw.go.jp/znk-web/juminkanja/S2430/initialize?prefCd=44&kikanCd=20610&kikanKbn=5", "url2": "https://gate-pharmacy.com/pharmacy/miyama", "内容": "みやま薬局【5:薬局】大分県玖珠郡玖珠町塚脇１７１－１" }, "geometry": { "type": "Point", "coordinates": [ 131.148787, 33.276739 ] } },
{ "type": "Feature", "properties": { "ID": "44520613", "正式名称": "ふくら薬局金池店", "機関区分": 5, "都道府県コード": 44, "市区町村コード": 201, "所在地": "大分県大分市金池町３丁目１－７８エールビル２　１階", "緯度": 33.232772, "経度": 131.612506, "url": "https://www.iryou.teikyouseido.mhlw.go.jp/znk-web/juminkanja/S2430/initialize?prefCd=44&kikanCd=20613&kikanKbn=5", "url2": "https://www.fukura-ph.co.jp/", "内容": "ふくら薬局金池店【5:薬局】大分県大分市金池町３丁目１－７８エールビル２　１階" }, "geometry": { "type": "Point", "coordinates": [ 131.612506, 33.232772 ] } },
{ "type": "Feature", "properties": { "ID": "44520615", "正式名称": "くろーばー薬局", "機関区分": 5, "都道府県コード": 44, "市区町村コード": 202, "所在地": "大分県別府市北浜", "緯度": 33.281068, "経度": 131.504071, "url": "https://www.iryou.teikyouseido.mhlw.go.jp/znk-web/juminkanja/S2430/initialize?prefCd=44&kikanCd=20615&kikanKbn=5", "url2": "https://e-bond.info/withs/", "内容": "くろーばー薬局【5:薬局】大分県別府市北浜" }, "geometry": { "type": "Point", "coordinates": [ 131.504071, 33.281068 ] } },
{ "type": "Feature", "properties": { "ID": "44520617", "正式名称": "ふくら薬局萩原店", "機関区分": 5, "都道府県コード": 44, "市区町村コード": 201, "所在地": "大分県大分市萩原３丁目２１番１０号シャルル純１０２号室", "緯度": 33.243993, "経度": 131.645806, "url": "https://www.iryou.teikyouseido.mhlw.go.jp/znk-web/juminkanja/S2430/initialize?prefCd=44&kikanCd=20617&kikanKbn=5", "url2": "https://www.fukura-ph.co.jp/", "内容": "ふくら薬局萩原店【5:薬局】大分県大分市萩原３丁目２１番１０号シャルル純１０２号室" }, "geometry": { "type": "Point", "coordinates": [ 131.645806, 33.243993 ] } }
]
}
