{
"type": "FeatureCollection",
"name": "geo_0_町丁目境界03",
"crs": { "type": "name", "properties": { "name": "urn:ogc:def:crs:EPSG::4612" } },
"features": [
{ "type": "Feature", "properties": { "CITY_NAME": "佐伯市", "S_NAME": "常盤西町", "JINKO": 313, "medical_area": "44_南部医療圏", "町丁目名": "佐伯市常盤西町" }, "geometry": { "type": "Polygon", "coordinates": [ [ [ 131.901795991257757, 32.966697248108531 ], [ 131.899902916541748, 32.962700947753888 ], [ 131.898805700599155, 32.963453999111906 ], [ 131.898617101329449, 32.963257318946837 ], [ 131.897092818703669, 32.964290140647584 ], [ 131.898103773818377, 32.965117207388481 ], [ 131.899962853865048, 32.966186513356398 ], [ 131.901795991257757, 32.966697248108531 ] ] ] } },
{ "type": "Feature", "properties": { "CITY_NAME": "佐伯市", "S_NAME": "常盤東町", "JINKO": 166, "medical_area": "44_南部医療圏", "町丁目名": "佐伯市常盤東町" }, "geometry": { "type": "Polygon", "coordinates": [ [ [ 131.904197391247124, 32.967113253210272 ], [ 131.903285411739859, 32.963613426832715 ], [ 131.900729260023951, 32.964448113343352 ], [ 131.901795991257757, 32.966697248108531 ], [ 131.904197391247124, 32.967113253210272 ] ] ] } },
{ "type": "Feature", "properties": { "CITY_NAME": "佐伯市", "S_NAME": "常盤南町", "JINKO": 257, "medical_area": "44_南部医療圏", "町丁目名": "佐伯市常盤南町" }, "geometry": { "type": "Polygon", "coordinates": [ [ [ 131.903285411739859, 32.963613426832715 ], [ 131.902819540702723, 32.961710977306119 ], [ 131.899909325139902, 32.962714976768424 ], [ 131.900729260023951, 32.964448113343352 ], [ 131.903285411739859, 32.963613426832715 ] ] ] } },
{ "type": "Feature", "properties": { "CITY_NAME": "佐伯市", "S_NAME": "中村北町", "JINKO": 506, "medical_area": "44_南部医療圏", "町丁目名": "佐伯市中村北町" }, "geometry": { "type": "Polygon", "coordinates": [ [ [ 131.897092818703669, 32.964290140647584 ], [ 131.898617101329449, 32.963257318946837 ], [ 131.898805700599155, 32.963453999111906 ], [ 131.899902916541748, 32.962700947753888 ], [ 131.899434454186917, 32.961680815970752 ], [ 131.898594859423326, 32.96053339480482 ], [ 131.895478207570847, 32.962952027430589 ], [ 131.896464620886888, 32.963900797701903 ], [ 131.897092818703669, 32.964290140647584 ] ] ] } },
{ "type": "Feature", "properties": { "CITY_NAME": "佐伯市", "S_NAME": "中村西町", "JINKO": 159, "medical_area": "44_南部医療圏", "町丁目名": "佐伯市中村西町" }, "geometry": { "type": "Polygon", "coordinates": [ [ [ 131.898594859423326, 32.96053339480482 ], [ 131.897050636399058, 32.959398907132716 ], [ 131.89478813684039, 32.962035833151532 ], [ 131.895478207570847, 32.962952027430589 ], [ 131.898594859423326, 32.96053339480482 ] ] ] } },
{ "type": "Feature", "properties": { "CITY_NAME": "佐伯市", "S_NAME": "中村東町", "JINKO": 253, "medical_area": "44_南部医療圏", "町丁目名": "佐伯市中村東町" }, "geometry": { "type": "Polygon", "coordinates": [ [ [ 131.902594609014784, 32.960966421372099 ], [ 131.901276855956553, 32.959402825917884 ], [ 131.89933783896447, 32.960731307908837 ], [ 131.899117282592812, 32.960481157431332 ], [ 131.898712707533633, 32.960675741301387 ], [ 131.899434454186917, 32.961680815970752 ], [ 131.899909325139902, 32.962714976768424 ], [ 131.902819540702723, 32.961710977306119 ], [ 131.902594609014784, 32.960966421372099 ] ] ] } },
{ "type": "Feature", "properties": { "CITY_NAME": "佐伯市", "S_NAME": "中村南町", "JINKO": 87, "medical_area": "44_南部医療圏", "町丁目名": "佐伯市中村南町" }, "geometry": { "type": "Polygon", "coordinates": [ [ [ 131.89933783896447, 32.960731307908837 ], [ 131.901276855956581, 32.959402825917856 ], [ 131.901058851899109, 32.959091190748694 ], [ 131.900576148640084, 32.959079504097573 ], [ 131.898865770910277, 32.958420344867648 ], [ 131.898741017577123, 32.958586123071477 ], [ 131.898114676673032, 32.958186465885611 ], [ 131.897050636399058, 32.959398907132716 ], [ 131.898712707533633, 32.960675741301387 ], [ 131.899117282592812, 32.960481157431332 ], [ 131.89933783896447, 32.960731307908837 ] ] ] } },
{ "type": "Feature", "properties": { "CITY_NAME": "佐伯市", "S_NAME": "城下東町", "JINKO": 211, "medical_area": "44_南部医療圏", "町丁目名": "佐伯市城下東町" }, "geometry": { "type": "Polygon", "coordinates": [ [ [ 131.89478813684039, 32.962035833151532 ], [ 131.897050636399058, 32.959398907132716 ], [ 131.895486955874077, 32.958294981552243 ], [ 131.893478015122213, 32.960396109026846 ], [ 131.893427383182825, 32.960297332827736 ], [ 131.892487167493869, 32.960494682717162 ], [ 131.892926493370055, 32.960604807857536 ], [ 131.893299776846192, 32.961144188532437 ], [ 131.893408818016241, 32.961798793994483 ], [ 131.89383112459754, 32.962035387225598 ], [ 131.893641944337759, 32.962576378940867 ], [ 131.894519061073282, 32.963222003614547 ], [ 131.894441581428936, 32.963693230547804 ], [ 131.895478207570847, 32.962952027430589 ], [ 131.89478813684039, 32.962035833151532 ] ] ] } },
{ "type": "Feature", "properties": { "CITY_NAME": "佐伯市", "S_NAME": "城下西町", "JINKO": 120, "medical_area": "44_南部医療圏", "町丁目名": "佐伯市城下西町" }, "geometry": { "type": "Polygon", "coordinates": [ [ [ 131.892429025796076, 32.960438470756031 ], [ 131.893478015122213, 32.960396109026846 ], [ 131.895486955874077, 32.958294981552243 ], [ 131.893701962978753, 32.957041670787007 ], [ 131.892217183688331, 32.95784366687257 ], [ 131.892429819042661, 32.958364222778869 ], [ 131.892154387841089, 32.958579699103943 ], [ 131.892277075299148, 32.958689392384294 ], [ 131.892191044868156, 32.95935878790403 ], [ 131.892623275629262, 32.959877518442596 ], [ 131.892429025796076, 32.960438470756031 ] ] ] } },
{ "type": "Feature", "properties": { "CITY_NAME": "佐伯市", "S_NAME": "城東町", "JINKO": 123, "medical_area": "44_南部医療圏", "町丁目名": "佐伯市城東町" }, "geometry": { "type": "Polygon", "coordinates": [ [ [ 131.898114676673032, 32.958186465885611 ], [ 131.896875281068617, 32.957079605869339 ], [ 131.896663455660104, 32.957237295668371 ], [ 131.89561240546351, 32.958388241431862 ], [ 131.897050636399058, 32.959398907132716 ], [ 131.898114676673032, 32.958186465885611 ] ] ] } },
{ "type": "Feature", "properties": { "CITY_NAME": "佐伯市", "S_NAME": "内町", "JINKO": 88, "medical_area": "44_南部医療圏", "町丁目名": "佐伯市内町" }, "geometry": { "type": "Polygon", "coordinates": [ [ [ 131.896875281068617, 32.957079605869339 ], [ 131.895898486521446, 32.956570902658278 ], [ 131.894942876411079, 32.956919033631486 ], [ 131.893823323524259, 32.956911881305764 ], [ 131.893701962978753, 32.957041670787007 ], [ 131.89561240546351, 32.958388241431862 ], [ 131.896875281068617, 32.957079605869339 ] ] ] } },
{ "type": "Feature", "properties": { "CITY_NAME": "佐伯市", "S_NAME": "葛港", "JINKO": 249, "medical_area": "44_南部医療圏", "町丁目名": "佐伯市葛港" }, "geometry": { "type": "Polygon", "coordinates": [ [ [ 131.9058658473717, 32.981736726369462 ], [ 131.907532764000251, 32.980484781131267 ], [ 131.906288927441295, 32.981357645740509 ], [ 131.904106795437343, 32.980875674481595 ], [ 131.904323526611535, 32.980203224810467 ], [ 131.904445540939008, 32.980209556953113 ], [ 131.904303943033682, 32.98017631454308 ], [ 131.904355602913881, 32.979996498956851 ], [ 131.906538258518083, 32.980425260890605 ], [ 131.904093552408398, 32.979896495985031 ], [ 131.904145396414947, 32.979734713639182 ], [ 131.903533094665448, 32.979384756791234 ], [ 131.903435933938908, 32.979512599434742 ], [ 131.902665858768728, 32.97910786961954 ], [ 131.903118261714184, 32.978678092245069 ], [ 131.903322893814334, 32.97859816394314 ], [ 131.903485888510659, 32.978738560341306 ], [ 131.903150449023457, 32.978054767022989 ], [ 131.903308673374966, 32.978145601531317 ], [ 131.903214350674631, 32.978026351664013 ], [ 131.903337918079245, 32.977972259238371 ], [ 131.903095890119147, 32.977531257449549 ], [ 131.903487410228706, 32.977312018815169 ], [ 131.903818770589595, 32.977185191050928 ], [ 131.904517970261651, 32.978394764028089 ], [ 131.905303306602917, 32.978083401250075 ], [ 131.904638660720821, 32.976902438968679 ], [ 131.90542069879001, 32.976588398084431 ], [ 131.90560595148844, 32.976919794994991 ], [ 131.905799868422747, 32.976847155446933 ], [ 131.906342215359132, 32.977779218547205 ], [ 131.907068868268624, 32.977492619807109 ], [ 131.906646071521976, 32.976735529489865 ], [ 131.90677370483337, 32.976662467503317 ], [ 131.906640603018388, 32.976723846808014 ], [ 131.905911563287361, 32.975417116659024 ], [ 131.906161148370757, 32.975238691354093 ], [ 131.902116506639913, 32.97684287061599 ], [ 131.901136319698338, 32.97706989627126 ], [ 131.90085140211653, 32.977548474920489 ], [ 131.900371495064149, 32.977912516719535 ], [ 131.900298850919654, 32.978084440552529 ], [ 131.900710682906691, 32.977922108036402 ], [ 131.901049229841732, 32.977991917961276 ], [ 131.901001551491845, 32.978260018500407 ], [ 131.901423375004981, 32.978464172026527 ], [ 131.901586205731832, 32.97909840202928 ], [ 131.90189622168603, 32.979214103765081 ], [ 131.902033570332577, 32.979955820469115 ], [ 131.903091838400115, 32.979990238314791 ], [ 131.903221430986576, 32.980158025103442 ], [ 131.903082507838946, 32.980707168421937 ], [ 131.902606480574519, 32.980722135454485 ], [ 131.902670081078412, 32.980893924857398 ], [ 131.903127373088495, 32.980935043281271 ], [ 131.903629151770019, 32.981248830821208 ], [ 131.903503297882025, 32.981710520025636 ], [ 131.903691352182875, 32.981266416261811 ], [ 131.9058658473717, 32.981736726369462 ] ] ] } },
{ "type": "Feature", "properties": { "CITY_NAME": "佐伯市", "S_NAME": "春日町", "JINKO": 281, "medical_area": "44_南部医療圏", "町丁目名": "佐伯市春日町" }, "geometry": { "type": "Polygon", "coordinates": [ [ [ 131.903985552552143, 32.976015351221022 ], [ 131.90315129313268, 32.974195376797752 ], [ 131.901858488877025, 32.974621740212676 ], [ 131.901625322647817, 32.974080742670814 ], [ 131.901131770243779, 32.974843790359991 ], [ 131.9018670914447, 32.976915814738419 ], [ 131.903985552552143, 32.976015351221022 ] ] ] } },
{ "type": "Feature", "properties": { "CITY_NAME": "佐伯市", "S_NAME": "田の浦町", "JINKO": 197, "medical_area": "44_南部医療圏", "町丁目名": "佐伯市田の浦町" }, "geometry": { "type": "Polygon", "coordinates": [ [ [ 131.900258355210724, 32.978071991227011 ], [ 131.90085140211653, 32.977548474920489 ], [ 131.901097846664612, 32.97709204982894 ], [ 131.9018670914447, 32.976915814738419 ], [ 131.901131770243779, 32.974843790359991 ], [ 131.900814226585396, 32.975261097096329 ], [ 131.900508267899625, 32.975098955518916 ], [ 131.900876821004942, 32.974461787580019 ], [ 131.900338918846728, 32.974314344449915 ], [ 131.900368717396589, 32.974582438344513 ], [ 131.900242902627753, 32.974628962401368 ], [ 131.899572955241723, 32.974136274685669 ], [ 131.899392544962467, 32.974139743611921 ], [ 131.899203144500774, 32.974394199523047 ], [ 131.898349550056821, 32.974096171235068 ], [ 131.898124854852597, 32.974431259106709 ], [ 131.897712667796497, 32.974458119919277 ], [ 131.897758872747801, 32.97468807338678 ], [ 131.89835794251178, 32.97530511508203 ], [ 131.898397393233608, 32.975643737969079 ], [ 131.898759936606638, 32.975806241610343 ], [ 131.898484112913792, 32.976572943863481 ], [ 131.898571544127975, 32.976804781436364 ], [ 131.898989302500951, 32.976823505442482 ], [ 131.899404215144813, 32.977072532103172 ], [ 131.899817569454427, 32.976656786101486 ], [ 131.899912275115412, 32.97684729066809 ], [ 131.900296191176437, 32.976957119160112 ], [ 131.900049027882062, 32.977194780658323 ], [ 131.900441348500806, 32.97758934133693 ], [ 131.900122317646577, 32.97771276540221 ], [ 131.900258355210724, 32.978071991227011 ] ] ] } },
{ "type": "Feature", "properties": { "CITY_NAME": "佐伯市", "S_NAME": "日の出町", "JINKO": 226, "medical_area": "44_南部医療圏", "町丁目名": "佐伯市日の出町" }, "geometry": { "type": "Polygon", "coordinates": [ [ [ 131.906161148370757, 32.9752386913541 ], [ 131.905367894343357, 32.973468582720479 ], [ 131.90315129313268, 32.974195376797752 ], [ 131.903985552552143, 32.976015351221022 ], [ 131.906161148370757, 32.9752386913541 ] ] ] } },
{ "type": "Feature", "properties": { "CITY_NAME": "佐伯市", "S_NAME": "駅前一丁目", "JINKO": 193, "medical_area": "44_南部医療圏", "町丁目名": "佐伯市駅前一丁目" }, "geometry": { "type": "Polygon", "coordinates": [ [ [ 131.905367527519587, 32.971564460422449 ], [ 131.90465757250152, 32.96886974458095 ], [ 131.902772748040405, 32.969083564262355 ], [ 131.902810946693023, 32.971630390067496 ], [ 131.902560368368995, 32.972327336908663 ], [ 131.902876779917818, 32.972400442412955 ], [ 131.905367527519587, 32.971564460422449 ] ] ] } },
{ "type": "Feature", "properties": { "CITY_NAME": "佐伯市", "S_NAME": "駅前二丁目", "JINKO": 141, "medical_area": "44_南部医療圏", "町丁目名": "佐伯市駅前二丁目" }, "geometry": { "type": "Polygon", "coordinates": [ [ [ 131.900814226585396, 32.975261097096329 ], [ 131.901625322647817, 32.974080742670814 ], [ 131.901858488877025, 32.974621740212676 ], [ 131.905367894343357, 32.973468582720479 ], [ 131.905162837890572, 32.972767963732245 ], [ 131.905367527519587, 32.971564460422449 ], [ 131.902876779917818, 32.972400442412955 ], [ 131.902560368368995, 32.972327336908663 ], [ 131.902810946693023, 32.971630390067496 ], [ 131.902772748040405, 32.969083564262355 ], [ 131.902557267250472, 32.969097334043909 ], [ 131.902129468576192, 32.971910010192687 ], [ 131.901305325852263, 32.974107671378107 ], [ 131.900656042166389, 32.97517363936646 ], [ 131.900814226585396, 32.975261097096329 ] ] ] } },
{ "type": "Feature", "properties": { "CITY_NAME": "佐伯市", "S_NAME": "平野町", "JINKO": 186, "medical_area": "44_南部医療圏", "町丁目名": "佐伯市平野町" }, "geometry": { "type": "Polygon", "coordinates": [ [ [ 131.902197224652241, 32.971685686732584 ], [ 131.902571487715761, 32.969320291133911 ], [ 131.90244498620666, 32.968961839257808 ], [ 131.901715539800733, 32.968976395956695 ], [ 131.901638809454624, 32.969378277289373 ], [ 131.900536045490071, 32.969986401410459 ], [ 131.901078337948917, 32.970601665535483 ], [ 131.901029355261869, 32.970856196671534 ], [ 131.900760327788873, 32.970880942503364 ], [ 131.900635035645649, 32.971233787808004 ], [ 131.90038810383399, 32.971031348714256 ], [ 131.899552924411012, 32.971401238864161 ], [ 131.899278965674114, 32.971327173039811 ], [ 131.899171679025869, 32.97193189412809 ], [ 131.899623565001946, 32.97201337686343 ], [ 131.899771110779653, 32.972198072758161 ], [ 131.899779344306552, 32.972762858281747 ], [ 131.900131170631511, 32.973905236421416 ], [ 131.900550329108825, 32.974062992021459 ], [ 131.900557009474483, 32.974210674020533 ], [ 131.900338918846728, 32.974314344449915 ], [ 131.900876821004942, 32.974461787580019 ], [ 131.900508267899625, 32.975098955518916 ], [ 131.900656042166389, 32.97517363936646 ], [ 131.901305325852263, 32.974107671378107 ], [ 131.902197224652241, 32.971685686732584 ] ] ] } },
{ "type": "Feature", "properties": { "CITY_NAME": "佐伯市", "S_NAME": "蟹田", "JINKO": 185, "medical_area": "44_南部医療圏", "町丁目名": "佐伯市蟹田" }, "geometry": { "type": "Polygon", "coordinates": [ [ [ 131.903261567784227, 32.969108077496003 ], [ 131.90465757250152, 32.96886974458095 ], [ 131.904197391247124, 32.967113253210272 ], [ 131.901047035842737, 32.966533753937533 ], [ 131.899962853865048, 32.966186513356398 ], [ 131.89921017427352, 32.965729029523828 ], [ 131.899120994208062, 32.965942502797773 ], [ 131.899374194527837, 32.966130145292666 ], [ 131.89946693153442, 32.966893741906809 ], [ 131.901040052143429, 32.967392594339202 ], [ 131.901405263826689, 32.967680583004231 ], [ 131.901349854271245, 32.967976520407987 ], [ 131.901014544679583, 32.968328665384057 ], [ 131.901262951401009, 32.96862733953796 ], [ 131.901715539800733, 32.968976395956695 ], [ 131.903261567784227, 32.969108077496003 ] ] ] } },
{ "type": "Feature", "properties": { "CITY_NAME": "佐伯市", "S_NAME": "臼坪", "JINKO": 298, "medical_area": "44_南部医療圏", "町丁目名": "佐伯市臼坪" }, "geometry": { "type": "Polygon", "coordinates": [ [ [ 131.896168034737542, 32.967473997060971 ], [ 131.895864328834676, 32.967184097741992 ], [ 131.895901741525563, 32.966999210325227 ], [ 131.896441521650473, 32.967039432239105 ], [ 131.897318363718028, 32.96663499325355 ], [ 131.898649258389753, 32.967494788427281 ], [ 131.898976904218586, 32.966922066410426 ], [ 131.89946693153442, 32.966893741906809 ], [ 131.899374194527837, 32.966130145292666 ], [ 131.899120994208062, 32.965942502797773 ], [ 131.89921017427352, 32.965729029523828 ], [ 131.897992343878883, 32.965039890241727 ], [ 131.895478207570847, 32.962952027430589 ], [ 131.893119712314387, 32.964592081633789 ], [ 131.892410838296399, 32.964846002802709 ], [ 131.890850010967199, 32.964855083389899 ], [ 131.890665357546027, 32.964958671786796 ], [ 131.89096211049457, 32.965166399339211 ], [ 131.890117325844926, 32.965627311121629 ], [ 131.890369511723549, 32.96568263164842 ], [ 131.8908105441771, 32.966151563115218 ], [ 131.890764432919781, 32.966353373104234 ], [ 131.89112712371724, 32.966768584625406 ], [ 131.891101913153932, 32.967120968855106 ], [ 131.891960997362133, 32.966734601521402 ], [ 131.892925424744391, 32.967042647819845 ], [ 131.893095010939021, 32.966629378215529 ], [ 131.893613389295012, 32.966818565626205 ], [ 131.89349127762523, 32.967356744806182 ], [ 131.894205765138764, 32.967541759564931 ], [ 131.894996576146497, 32.968647926640678 ], [ 131.895281821681209, 32.969542773200438 ], [ 131.895664762770309, 32.969270002118236 ], [ 131.895429857311626, 32.968990627295192 ], [ 131.895568220931096, 32.968771961371914 ], [ 131.89552841909105, 32.968389241934631 ], [ 131.895917733769778, 32.968102647973858 ], [ 131.895708975904768, 32.967656384412045 ], [ 131.896168034737542, 32.967473997060971 ] ] ] } },
{ "type": "Feature", "properties": { "CITY_NAME": "佐伯市", "S_NAME": "長島町一丁目", "JINKO": 742, "medical_area": "44_南部医療圏", "町丁目名": "佐伯市長島町一丁目" }, "geometry": { "type": "Polygon", "coordinates": [ [ [ 131.905959913213934, 32.96478149782331 ], [ 131.907328154814422, 32.964393723299416 ], [ 131.908657290894013, 32.963297775547076 ], [ 131.904921303846749, 32.957890968870551 ], [ 131.903001102832292, 32.962512570372709 ], [ 131.903881176243914, 32.965926278263701 ], [ 131.905959913213934, 32.96478149782331 ] ] ] } },
{ "type": "Feature", "properties": { "CITY_NAME": "佐伯市", "S_NAME": "長島町二丁目", "JINKO": 628, "medical_area": "44_南部医療圏", "町丁目名": "佐伯市長島町二丁目" }, "geometry": { "type": "Polygon", "coordinates": [ [ [ 131.909095701943272, 32.963127944695678 ], [ 131.910355838049526, 32.963154343081072 ], [ 131.910458744908482, 32.962913623164155 ], [ 131.910300176971873, 32.962697852038417 ], [ 131.910345676558563, 32.961789803008188 ], [ 131.912810721300417, 32.961394016928622 ], [ 131.912457334155619, 32.960046349635832 ], [ 131.910513748303913, 32.957786225612679 ], [ 131.909069318350504, 32.958710704750018 ], [ 131.906316751858299, 32.959931273954226 ], [ 131.908657290894013, 32.963297775547076 ], [ 131.909095701943272, 32.963127944695678 ] ] ] } },
{ "type": "Feature", "properties": { "CITY_NAME": "佐伯市", "S_NAME": "長島町三丁目", "JINKO": 498, "medical_area": "44_南部医療圏", "町丁目名": "佐伯市長島町三丁目" }, "geometry": { "type": "Polygon", "coordinates": [ [ [ 131.906316751858299, 32.959931273954226 ], [ 131.909069318350504, 32.958710704750018 ], [ 131.910513748303913, 32.957786225612679 ], [ 131.908270980460827, 32.955162625307423 ], [ 131.90547172542901, 32.956924109820996 ], [ 131.904921303846749, 32.957890968870551 ], [ 131.906316751858299, 32.959931273954226 ] ] ] } },
{ "type": "Feature", "properties": { "CITY_NAME": "佐伯市", "S_NAME": "長島町四丁目", "JINKO": 578, "medical_area": "44_南部医療圏", "町丁目名": "佐伯市長島町四丁目" }, "geometry": { "type": "Polygon", "coordinates": [ [ [ 131.908270980460827, 32.955162625307423 ], [ 131.905975541345839, 32.952400048736585 ], [ 131.905039637375808, 32.952869215820037 ], [ 131.906110688684919, 32.954073097458782 ], [ 131.903248339417274, 32.955498184654601 ], [ 131.904921303846749, 32.957890968870551 ], [ 131.90547172542901, 32.956924109820996 ], [ 131.908270980460827, 32.955162625307423 ] ] ] } },
{ "type": "Feature", "properties": { "CITY_NAME": "佐伯市", "S_NAME": "中ノ島東町", "JINKO": 329, "medical_area": "44_南部医療圏", "町丁目名": "佐伯市中ノ島東町" }, "geometry": { "type": "Polygon", "coordinates": [ [ [ 131.905040988434308, 32.952870601789392 ], [ 131.902345501724312, 32.954211197201005 ], [ 131.903248339417274, 32.955498184654601 ], [ 131.906110688684919, 32.954073097458782 ], [ 131.905040988434308, 32.952870601789392 ] ] ] } },
{ "type": "Feature", "properties": { "CITY_NAME": "佐伯市", "S_NAME": "城南町", "JINKO": 926, "medical_area": "44_南部医療圏", "町丁目名": "佐伯市城南町" }, "geometry": { "type": "Polygon", "coordinates": [ [ [ 131.891799565094686, 32.950457334294121 ], [ 131.891170657766338, 32.949109511737333 ], [ 131.890685145043818, 32.949253019716025 ], [ 131.887885429851764, 32.950451485115458 ], [ 131.883268504719354, 32.953530712264381 ], [ 131.884751752249599, 32.95478095243341 ], [ 131.886525960346745, 32.955515775812344 ], [ 131.887725593012874, 32.955686603289422 ], [ 131.889417108319293, 32.955310543684149 ], [ 131.892238154564893, 32.953859873477192 ], [ 131.890659130267352, 32.950883818430789 ], [ 131.891799565094686, 32.950457334294121 ] ] ] } },
{ "type": "Feature", "properties": { "CITY_NAME": "佐伯市", "S_NAME": "池船町", "JINKO": 906, "medical_area": "44_南部医療圏", "町丁目名": "佐伯市池船町" }, "geometry": { "type": "Polygon", "coordinates": [ [ [ 131.896054617573441, 32.948435163195619 ], [ 131.893605889895724, 32.948582306865859 ], [ 131.891170657766338, 32.949109511737333 ], [ 131.891799565094686, 32.950457334294121 ], [ 131.890659130267352, 32.950883818430789 ], [ 131.892238154564893, 32.953859873477192 ], [ 131.893395812075994, 32.9533648556462 ], [ 131.898592142301084, 32.951795989440946 ], [ 131.89852677482159, 32.951198875089226 ], [ 131.898742281218603, 32.949995190911608 ], [ 131.899825305086722, 32.948682560446414 ], [ 131.896054617573441, 32.948435163195619 ] ] ] } },
{ "type": "Feature", "properties": { "CITY_NAME": "佐伯市", "S_NAME": "東町", "JINKO": 1336, "medical_area": "44_南部医療圏", "町丁目名": "佐伯市東町" }, "geometry": { "type": "Polygon", "coordinates": [ [ [ 131.912809366379946, 32.967604633316817 ], [ 131.912431909214718, 32.966876769721786 ], [ 131.912291998545697, 32.965859830493599 ], [ 131.912024017261814, 32.965496477696867 ], [ 131.911504445803786, 32.965339882256828 ], [ 131.911029486717183, 32.96411600163524 ], [ 131.910714928952558, 32.963846538140992 ], [ 131.910628814992805, 32.963183366733958 ], [ 131.910383433931571, 32.962993346705623 ], [ 131.910274708495308, 32.96321269834629 ], [ 131.909193014052505, 32.963107246978936 ], [ 131.908657290894013, 32.963297775547076 ], [ 131.907328154814422, 32.964393723299416 ], [ 131.906803341544787, 32.96461435548791 ], [ 131.906257803728892, 32.964622748629488 ], [ 131.903881176243914, 32.965926278263701 ], [ 131.904516362308442, 32.968315563787812 ], [ 131.909317148781327, 32.967112669447943 ], [ 131.910271706049144, 32.967422647155217 ], [ 131.911448422775834, 32.968605647756746 ], [ 131.912245921530257, 32.968944274513774 ], [ 131.912809366379946, 32.967604633316817 ] ] ] } },
{ "type": "Feature", "properties": { "CITY_NAME": "佐伯市", "S_NAME": "来島町", "JINKO": 500, "medical_area": "44_南部医療圏", "町丁目名": "佐伯市来島町" }, "geometry": { "type": "Polygon", "coordinates": [ [ [ 131.903001102832292, 32.962512570372709 ], [ 131.904921303846749, 32.957890968870551 ], [ 131.904357663470904, 32.957086635942908 ], [ 131.903810883167722, 32.957370445731591 ], [ 131.903908266768212, 32.957668875729865 ], [ 131.903626986182871, 32.957717361199165 ], [ 131.902915034608185, 32.95885913495971 ], [ 131.90237336539974, 32.959096565098122 ], [ 131.902122315445098, 32.958748726680668 ], [ 131.901756535561617, 32.958969004009944 ], [ 131.901236133624593, 32.958577299668789 ], [ 131.901002442082813, 32.959008799110357 ], [ 131.902594609014784, 32.960966421372099 ], [ 131.903001102832292, 32.962512570372709 ] ] ] } },
{ "type": "Feature", "properties": { "CITY_NAME": "佐伯市", "S_NAME": "中の島一丁目", "JINKO": 964, "medical_area": "44_南部医療圏", "町丁目名": "佐伯市中の島一丁目" }, "geometry": { "type": "Polygon", "coordinates": [ [ [ 131.902915034608185, 32.95885913495971 ], [ 131.903626986182871, 32.957717361199165 ], [ 131.903908266768212, 32.957668875729865 ], [ 131.903810883167722, 32.957370445731591 ], [ 131.904357663470904, 32.957086635942922 ], [ 131.902345501724312, 32.954211197201005 ], [ 131.89996707991466, 32.955382262950906 ], [ 131.899235272053744, 32.955936143591536 ], [ 131.899070929853536, 32.956169337917437 ], [ 131.901002442082813, 32.959008799110357 ], [ 131.901236133624678, 32.958577299668789 ], [ 131.901756535561645, 32.958969004009944 ], [ 131.902122315445098, 32.958748726680668 ], [ 131.90237336539974, 32.959096565098122 ], [ 131.902915034608185, 32.95885913495971 ] ] ] } },
{ "type": "Feature", "properties": { "CITY_NAME": "佐伯市", "S_NAME": "中の島二丁目", "JINKO": 714, "medical_area": "44_南部医療圏", "町丁目名": "佐伯市中の島二丁目" }, "geometry": { "type": "Polygon", "coordinates": [ [ [ 131.902345501724341, 32.954211197201005 ], [ 131.900347987267338, 32.951439882328714 ], [ 131.89913154684649, 32.951668539585981 ], [ 131.895822211436723, 32.952638776713648 ], [ 131.896770382654296, 32.953759723286161 ], [ 131.898562826269881, 32.955231562852276 ], [ 131.899070929853536, 32.956169337917437 ], [ 131.899843537698217, 32.95545250201976 ], [ 131.902345501724341, 32.954211197201005 ] ] ] } },
{ "type": "Feature", "properties": { "CITY_NAME": "佐伯市", "S_NAME": "中の島三丁目", "JINKO": 656, "medical_area": "44_南部医療圏", "町丁目名": "佐伯市中の島三丁目" }, "geometry": { "type": "Polygon", "coordinates": [ [ [ 131.903876545651457, 32.950739138063454 ], [ 131.90277108176187, 32.950835763096457 ], [ 131.900347987267338, 32.951439882328714 ], [ 131.902345501724312, 32.954211197201005 ], [ 131.905975541345839, 32.952400048736585 ], [ 131.904801722484649, 32.951120831719471 ], [ 131.903876545651457, 32.950739138063454 ] ] ] } },
{ "type": "Feature", "properties": { "CITY_NAME": "佐伯市", "S_NAME": "向島一丁目", "JINKO": 278, "medical_area": "44_南部医療圏", "町丁目名": "佐伯市向島一丁目" }, "geometry": { "type": "Polygon", "coordinates": [ [ [ 131.901002442082813, 32.959008799110357 ], [ 131.898626839866921, 32.955314741489673 ], [ 131.898061911124927, 32.954780040567051 ], [ 131.897147488912992, 32.956695703054379 ], [ 131.896768792928185, 32.956977374124733 ], [ 131.898741017577123, 32.958586123071477 ], [ 131.898865770910277, 32.958420344867648 ], [ 131.900604894838295, 32.959087821434252 ], [ 131.901002442082813, 32.959008799110357 ] ] ] } },
{ "type": "Feature", "properties": { "CITY_NAME": "佐伯市", "S_NAME": "向島二丁目", "JINKO": 411, "medical_area": "44_南部医療圏", "町丁目名": "佐伯市向島二丁目" }, "geometry": { "type": "Polygon", "coordinates": [ [ [ 131.896907173771837, 32.953884381857783 ], [ 131.895822211436723, 32.952638776713648 ], [ 131.894824809325911, 32.952964850756629 ], [ 131.895122249163364, 32.953815948292863 ], [ 131.89497925423035, 32.954484860881614 ], [ 131.895735405203766, 32.956433178227236 ], [ 131.896768792928185, 32.956977374124733 ], [ 131.897147488912992, 32.956695703054379 ], [ 131.898061911124927, 32.954780040567051 ], [ 131.896907173771837, 32.953884381857783 ] ] ] } },
{ "type": "Feature", "properties": { "CITY_NAME": "佐伯市", "S_NAME": "大手町一丁目", "JINKO": 5, "medical_area": "44_南部医療圏", "町丁目名": "佐伯市大手町一丁目" }, "geometry": { "type": "Polygon", "coordinates": [ [ [ 131.893743842216423, 32.9569852115145 ], [ 131.891196120663949, 32.955911166757467 ], [ 131.890674096741492, 32.956909088282146 ], [ 131.891647263158944, 32.956493363186183 ], [ 131.892044902240627, 32.956598404084176 ], [ 131.891262397378256, 32.957669175396639 ], [ 131.891182827064796, 32.958183466430143 ], [ 131.891326216615511, 32.958449418476427 ], [ 131.892154387841089, 32.958579699103943 ], [ 131.89242438781281, 32.958430641050825 ], [ 131.892217183688331, 32.95784366687257 ], [ 131.893743842216423, 32.9569852115145 ] ] ] } },
{ "type": "Feature", "properties": { "CITY_NAME": "佐伯市", "S_NAME": "大手町二丁目", "JINKO": 38, "medical_area": "44_南部医療圏", "町丁目名": "佐伯市大手町二丁目" }, "geometry": { "type": "Polygon", "coordinates": [ [ [ 131.893743842216423, 32.9569852115145 ], [ 131.894942876411079, 32.956919033631486 ], [ 131.895898486521446, 32.956570902658278 ], [ 131.895293398626535, 32.955491755792998 ], [ 131.893594827191265, 32.955687490043324 ], [ 131.893363193416462, 32.956824931377639 ], [ 131.893743842216423, 32.9569852115145 ] ] ] } },
{ "type": "Feature", "properties": { "CITY_NAME": "佐伯市", "S_NAME": "大手町三丁目", "JINKO": 79, "medical_area": "44_南部医療圏", "町丁目名": "佐伯市大手町三丁目" }, "geometry": { "type": "Polygon", "coordinates": [ [ [ 131.891265934329027, 32.955049239875599 ], [ 131.891175378947253, 32.954893535385452 ], [ 131.889835999683356, 32.955385837877593 ], [ 131.893363193416462, 32.956824931377639 ], [ 131.893608780867424, 32.955247284789273 ], [ 131.891265934329027, 32.955049239875599 ] ] ] } },
{ "type": "Feature", "properties": { "CITY_NAME": "佐伯市", "S_NAME": "西谷町", "JINKO": 120, "medical_area": "44_南部医療圏", "町丁目名": "佐伯市西谷町" }, "geometry": { "type": "Polygon", "coordinates": [ [ [ 131.885763250862993, 32.957295602856725 ], [ 131.886508666646534, 32.957466964074911 ], [ 131.887071205359319, 32.956788803834861 ], [ 131.887619402462093, 32.956908970598924 ], [ 131.887778152274223, 32.956305128792827 ], [ 131.888066212503873, 32.956165527925329 ], [ 131.888439651811694, 32.956241106829317 ], [ 131.888947475945656, 32.956969655823983 ], [ 131.889743233101427, 32.956260158989508 ], [ 131.890316930474029, 32.956048441752984 ], [ 131.890615275140362, 32.956293069820966 ], [ 131.890543434956413, 32.956787073960932 ], [ 131.890674096741492, 32.956909088282146 ], [ 131.891196120663949, 32.955911166757467 ], [ 131.889912326823293, 32.955514557451551 ], [ 131.889686988487, 32.955183366222492 ], [ 131.887725593012874, 32.955686603289422 ], [ 131.886265861679533, 32.955417842442266 ], [ 131.886099798498236, 32.95576688753998 ], [ 131.885385178019703, 32.956436688004295 ], [ 131.885298994102897, 32.957775114522292 ], [ 131.885573254319638, 32.957809323107696 ], [ 131.885763250862993, 32.957295602856725 ] ] ] } },
{ "type": "Feature", "properties": { "CITY_NAME": "佐伯市", "S_NAME": "船頭町", "JINKO": 215, "medical_area": "44_南部医療圏", "町丁目名": "佐伯市船頭町" }, "geometry": { "type": "Polygon", "coordinates": [ [ [ 131.893594827191265, 32.955687490043324 ], [ 131.895293398626535, 32.955491755792998 ], [ 131.89497925423035, 32.954484860881614 ], [ 131.895122249163364, 32.953815948292863 ], [ 131.894824809325911, 32.952964850756629 ], [ 131.892959838178456, 32.953509447088692 ], [ 131.889686988487, 32.955183366222492 ], [ 131.889835999683356, 32.955385837877593 ], [ 131.891175378947253, 32.954893535385452 ], [ 131.891265934329027, 32.955049239875599 ], [ 131.891961490680046, 32.955165948173629 ], [ 131.893608780867424, 32.955247284789273 ], [ 131.893594827191265, 32.955687490043324 ] ] ] } },
{ "type": "Feature", "properties": { "CITY_NAME": "佐伯市", "S_NAME": "東浜", "JINKO": 0, "medical_area": "44_南部医療圏", "町丁目名": "佐伯市東浜" }, "geometry": { "type": "Polygon", "coordinates": [ [ [ 131.919547110876294, 32.9760182824132 ], [ 131.918216470874597, 32.97521200100401 ], [ 131.921300612409397, 32.974072086576719 ], [ 131.921667455673202, 32.974887245642883 ], [ 131.925351160245128, 32.973695927626608 ], [ 131.92497033309337, 32.972872765096398 ], [ 131.926386881053929, 32.972378959215916 ], [ 131.927179093017912, 32.974075543840627 ], [ 131.924288556585793, 32.96729884020553 ], [ 131.924225183051135, 32.966862871693166 ], [ 131.924096857810554, 32.966866525829332 ], [ 131.924195904311318, 32.96681980695891 ], [ 131.923781066399783, 32.964539783180051 ], [ 131.91479393547931, 32.967411408301835 ], [ 131.915444766722601, 32.968907633844417 ], [ 131.915851152793266, 32.968783836265281 ], [ 131.917216062283586, 32.972092174387832 ], [ 131.917427687757396, 32.972174480333493 ], [ 131.917277298627283, 32.972324367598944 ], [ 131.917433628770311, 32.972854336601529 ], [ 131.917586401569025, 32.972837886350653 ], [ 131.917809042059247, 32.973783060037313 ], [ 131.917953661831149, 32.97555568445209 ], [ 131.917985621724512, 32.9753408392396 ], [ 131.918196283279485, 32.975223872585374 ], [ 131.919547110876294, 32.9760182824132 ] ] ] } },
{ "type": "Feature", "properties": { "CITY_NAME": "佐伯市", "S_NAME": "西浜", "JINKO": 0, "medical_area": "44_南部医療圏", "町丁目名": "佐伯市西浜" }, "geometry": { "type": "Polygon", "coordinates": [ [ [ 131.923938518129376, 32.962750418759761 ], [ 131.924352978342313, 32.962796049450411 ], [ 131.923875179202668, 32.962012374166086 ], [ 131.923854695673072, 32.961722203238438 ], [ 131.924227883472327, 32.961721006310633 ], [ 131.924202975466784, 32.961519828751904 ], [ 131.923036652416897, 32.961543145895938 ], [ 131.919635409122066, 32.960336962668855 ], [ 131.914810246495108, 32.962785536670793 ], [ 131.914300815728012, 32.963141320595398 ], [ 131.913967033271717, 32.963634651401108 ], [ 131.913262889150104, 32.96371520711417 ], [ 131.914793935479253, 32.967411408301835 ], [ 131.923781066399783, 32.964539783180051 ], [ 131.923532423255267, 32.962995077910712 ], [ 131.923938518129376, 32.962750418759761 ] ] ] } },
{ "type": "Feature", "properties": { "CITY_NAME": "佐伯市", "S_NAME": null, "JINKO": 3933, "medical_area": "44_南部医療圏", "町丁目名": "佐伯市" }, "geometry": { "type": "Polygon", "coordinates": [ [ [ 131.919522194707071, 32.96035456475515 ], [ 131.920046534075738, 32.960400331087264 ], [ 131.923036652416897, 32.961543145895938 ], [ 131.924202975466784, 32.961519828751904 ], [ 131.923607754315327, 32.958228222609307 ], [ 131.922996653499069, 32.956796657535271 ], [ 131.920551510060051, 32.954059209472781 ], [ 131.919326284904059, 32.952937318516419 ], [ 131.917908869562922, 32.951762965863324 ], [ 131.915079193469552, 32.949871414503932 ], [ 131.913884181210818, 32.949359201588649 ], [ 131.911380900689693, 32.948823269434108 ], [ 131.910030220364632, 32.948193012125692 ], [ 131.908720079633667, 32.947986393791773 ], [ 131.904095031557716, 32.948219377587797 ], [ 131.899837491280692, 32.948706045246638 ], [ 131.898742281218603, 32.949995190911608 ], [ 131.89852677482159, 32.951198875089226 ], [ 131.898592142301084, 32.951795989440946 ], [ 131.903601249540969, 32.950741125091398 ], [ 131.904082213456178, 32.950775651261637 ], [ 131.904801722484649, 32.951120831719471 ], [ 131.912457334155619, 32.960046349635832 ], [ 131.913262889150104, 32.96371520711417 ], [ 131.913967033271717, 32.963634651401108 ], [ 131.914300815728012, 32.963141320595398 ], [ 131.914810246495108, 32.962785536670793 ], [ 131.919522194707071, 32.96035456475515 ] ] ] } },
{ "type": "Feature", "properties": { "CITY_NAME": "佐伯市", "S_NAME": null, "JINKO": 472, "medical_area": "44_南部医療圏", "町丁目名": "佐伯市" }, "geometry": { "type": "Polygon", "coordinates": [ [ [ 131.9292849650449, 32.964081322600904 ], [ 131.929430758733673, 32.963631299396646 ], [ 131.929995875390887, 32.963260097417432 ], [ 131.930601929603142, 32.963422409796756 ], [ 131.931408123134418, 32.962676092896139 ], [ 131.931969481403485, 32.962656581161617 ], [ 131.932193818991863, 32.962828042732042 ], [ 131.9324569714897, 32.962120032492926 ], [ 131.933051067791979, 32.961955995845798 ], [ 131.933575928709701, 32.962129721834074 ], [ 131.933983221248496, 32.96312218546224 ], [ 131.93391218718395, 32.962248187661856 ], [ 131.934045544694754, 32.961563725057225 ], [ 131.934307017759579, 32.96090413610564 ], [ 131.934670062158261, 32.960479187706802 ], [ 131.933487090620815, 32.959171218269496 ], [ 131.932952568058369, 32.958195575482328 ], [ 131.932712970531355, 32.958018143560459 ], [ 131.932463858213055, 32.957459559919862 ], [ 131.932435114176428, 32.956607727527036 ], [ 131.932128296503578, 32.955868830672713 ], [ 131.932606922057943, 32.954443655770184 ], [ 131.932598121556708, 32.953605341688743 ], [ 131.933081463444665, 32.952455036802739 ], [ 131.933023487933838, 32.951907176162592 ], [ 131.93335436098036, 32.950648644027865 ], [ 131.933132656306526, 32.949953156662062 ], [ 131.933302668811223, 32.949672420556922 ], [ 131.933524737009321, 32.948007666105219 ], [ 131.933299733022068, 32.947673682544661 ], [ 131.933410991290884, 32.947296187555665 ], [ 131.933320743426037, 32.946929302988565 ], [ 131.932858707519244, 32.946332819055371 ], [ 131.933490131443676, 32.945220888737005 ], [ 131.934197538637989, 32.944662752955907 ], [ 131.934566303284981, 32.943929451485921 ], [ 131.934538182431481, 32.943313027107926 ], [ 131.934285495421221, 32.942745365682228 ], [ 131.934601045322665, 32.941925891047838 ], [ 131.934357669670618, 32.941218428056757 ], [ 131.934738349821544, 32.940245070980602 ], [ 131.9329034334543, 32.939737231210493 ], [ 131.93220636420088, 32.939788562621914 ], [ 131.931450164437877, 32.940065242585923 ], [ 131.930568139096579, 32.940740759060631 ], [ 131.929682358236391, 32.94105876038779 ], [ 131.925254181779536, 32.941403022707888 ], [ 131.923373335929284, 32.942051279320211 ], [ 131.921578778280548, 32.942450904128556 ], [ 131.918915051571588, 32.942793447686775 ], [ 131.917984745860906, 32.943440400649862 ], [ 131.91687942477057, 32.943702252799753 ], [ 131.915168882928469, 32.943634054665509 ], [ 131.914153434413322, 32.943318539137323 ], [ 131.91366939403153, 32.942803065585707 ], [ 131.91335390895108, 32.942713097338178 ], [ 131.912424544825285, 32.942789090099311 ], [ 131.910562499629208, 32.942618127152912 ], [ 131.909141808233414, 32.942801455335029 ], [ 131.907649001828645, 32.94261621903005 ], [ 131.90581257126388, 32.942022032410328 ], [ 131.907486499932531, 32.94496226731124 ], [ 131.907602912400449, 32.945446952216273 ], [ 131.907369860873075, 32.946098168281871 ], [ 131.904550247183522, 32.948188198030955 ], [ 131.907767117309334, 32.947998841125283 ], [ 131.909753386476922, 32.948117439277041 ], [ 131.911380900689721, 32.948823269434108 ], [ 131.913884181210818, 32.949359201588649 ], [ 131.915079193469552, 32.949871414503932 ], [ 131.916401885687321, 32.950706582342349 ], [ 131.917908869562922, 32.951762965863324 ], [ 131.920551510060051, 32.954059209472781 ], [ 131.922996653499069, 32.956796657535271 ], [ 131.923607754315384, 32.958228222609307 ], [ 131.924202975466784, 32.961519828751904 ], [ 131.924227883472327, 32.961721006310633 ], [ 131.923854695673072, 32.961722203238438 ], [ 131.923875179202668, 32.962012374166086 ], [ 131.924355798138009, 32.962761764808505 ], [ 131.923785874768726, 32.96277769514441 ], [ 131.923543830595833, 32.962958924680791 ], [ 131.923781066399783, 32.964539783180051 ], [ 131.9292849650449, 32.964081322600904 ] ] ] } },
{ "type": "Feature", "properties": { "CITY_NAME": "佐伯市", "S_NAME": "鶴谷町一丁目", "JINKO": 12, "medical_area": "44_南部医療圏", "町丁目名": "佐伯市鶴谷町一丁目" }, "geometry": { "type": "Polygon", "coordinates": [ [ [ 131.907384698412443, 32.976778871184614 ], [ 131.907641786873654, 32.976704870178786 ], [ 131.907374819050915, 32.976752793734235 ], [ 131.907499088882759, 32.976563434248625 ], [ 131.907276661007359, 32.976569554682214 ], [ 131.909198950501434, 32.975943648543577 ], [ 131.906925439193088, 32.971062980836791 ], [ 131.905367527519587, 32.971564460422449 ], [ 131.905162837890572, 32.972767963732245 ], [ 131.90617494909776, 32.975264244697129 ], [ 131.906429510431053, 32.975221301083764 ], [ 131.907601609657434, 32.977279559609265 ], [ 131.907384698412443, 32.976778871184614 ] ] ] } },
{ "type": "Feature", "properties": { "CITY_NAME": "佐伯市", "S_NAME": "鶴谷町二丁目", "JINKO": 62, "medical_area": "44_南部医療圏", "町丁目名": "佐伯市鶴谷町二丁目" }, "geometry": { "type": "Polygon", "coordinates": [ [ [ 131.912053709895076, 32.977638537906834 ], [ 131.911939579715437, 32.977463534785684 ], [ 131.913404587514435, 32.976985753944732 ], [ 131.912339328524382, 32.974535051777401 ], [ 131.911607541165353, 32.973779725349203 ], [ 131.912342318051941, 32.972931258785088 ], [ 131.912074250386752, 32.97266720672242 ], [ 131.912287356658112, 32.97247899607131 ], [ 131.912693343086346, 32.972533742906172 ], [ 131.91269046564264, 32.972042326293071 ], [ 131.91234704697581, 32.971935725963696 ], [ 131.912671086040035, 32.971409460956373 ], [ 131.91295728969331, 32.971462377609285 ], [ 131.913431871189061, 32.972571634240246 ], [ 131.913804015424802, 32.972448085755694 ], [ 131.912923854980647, 32.971331872221029 ], [ 131.914661731418136, 32.970767319314767 ], [ 131.914950710512016, 32.971195326287983 ], [ 131.914996495556125, 32.971177856707378 ], [ 131.914669992875531, 32.970742010805424 ], [ 131.914768862177453, 32.970571763010952 ], [ 131.915574835093025, 32.970311579881049 ], [ 131.915029095594548, 32.969046846439305 ], [ 131.912402613622476, 32.969804642308723 ], [ 131.910258115948864, 32.970030925077907 ], [ 131.906925439193088, 32.971062980836791 ], [ 131.909198950501434, 32.975943648543577 ], [ 131.910242923162343, 32.975599415088254 ], [ 131.911047356128307, 32.977365436534171 ], [ 131.911743727917639, 32.977143949588424 ], [ 131.911917641792513, 32.977622398242538 ], [ 131.911451544979258, 32.978487838836202 ], [ 131.912053709895076, 32.977638537906834 ] ] ] } },
{ "type": "Feature", "properties": { "CITY_NAME": "佐伯市", "S_NAME": "鶴谷町三丁目", "JINKO": 37, "medical_area": "44_南部医療圏", "町丁目名": "佐伯市鶴谷町三丁目" }, "geometry": { "type": "Polygon", "coordinates": [ [ [ 131.91270906085137, 32.969738410973761 ], [ 131.915444766722601, 32.968907633844417 ], [ 131.91509560925121, 32.968138886859435 ], [ 131.91246274542695, 32.968996633321808 ], [ 131.911676298970661, 32.968749506962993 ], [ 131.910639283403327, 32.967865281518421 ], [ 131.911407219099061, 32.969873741093956 ], [ 131.91270906085137, 32.969738410973761 ] ] ] } },
{ "type": "Feature", "properties": { "CITY_NAME": "佐伯市", "S_NAME": "野岡町一丁目", "JINKO": 472, "medical_area": "44_南部医療圏", "町丁目名": "佐伯市野岡町一丁目" }, "geometry": { "type": "Polygon", "coordinates": [ [ [ 131.907668615943749, 32.970844865256048 ], [ 131.906998856160726, 32.967707427477343 ], [ 131.904516362308442, 32.968315563787812 ], [ 131.905367527519587, 32.971564460422449 ], [ 131.907668615943749, 32.970844865256048 ] ] ] } },
{ "type": "Feature", "properties": { "CITY_NAME": "佐伯市", "S_NAME": "野岡町二丁目", "JINKO": 592, "medical_area": "44_南部医療圏", "町丁目名": "佐伯市野岡町二丁目" }, "geometry": { "type": "Polygon", "coordinates": [ [ [ 131.909317148781327, 32.967112669447943 ], [ 131.906998856160726, 32.967707427477343 ], [ 131.907668615943749, 32.970844865256048 ], [ 131.910258115948864, 32.970030925077907 ], [ 131.911407219099061, 32.969873741093956 ], [ 131.910724952468229, 32.967833638176202 ], [ 131.910083814615746, 32.96731428432323 ], [ 131.909317148781327, 32.967112669447943 ] ] ] } },
{ "type": "Feature", "properties": { "CITY_NAME": "佐伯市", "S_NAME": "中江町", "JINKO": 415, "medical_area": "44_南部医療圏", "町丁目名": "佐伯市中江町" }, "geometry": { "type": "Polygon", "coordinates": [ [ [ 131.91338176159465, 32.964206007151354 ], [ 131.912810721300417, 32.961394016928622 ], [ 131.910345676558563, 32.961789803008188 ], [ 131.910261389444059, 32.962151134547007 ], [ 131.910300176971873, 32.962697852038417 ], [ 131.910628814992805, 32.963183366733958 ], [ 131.910714928952558, 32.963846538140992 ], [ 131.911029486717183, 32.96411600163524 ], [ 131.911504445803786, 32.965339882256828 ], [ 131.912024017261814, 32.965496477696867 ], [ 131.912335206614131, 32.965957523209845 ], [ 131.912393560807061, 32.966747859788867 ], [ 131.912809366379946, 32.967604633316817 ], [ 131.912245921530257, 32.968944274513774 ], [ 131.912462745426922, 32.968996633321836 ], [ 131.915095609251182, 32.968138886859435 ], [ 131.91338176159465, 32.964206007151354 ] ] ] } },
{ "type": "Feature", "properties": { "CITY_NAME": "佐伯市", "S_NAME": "若宮町", "JINKO": 398, "medical_area": "44_南部医療圏", "町丁目名": "佐伯市若宮町" }, "geometry": { "type": "Polygon", "coordinates": [ [ [ 131.885573254319638, 32.957809323107696 ], [ 131.885298994102897, 32.957775114522292 ], [ 131.88416234482807, 32.959400750611444 ], [ 131.884052743003679, 32.960630025747108 ], [ 131.883568317100668, 32.962108636682416 ], [ 131.885960137109265, 32.962431747129067 ], [ 131.887983962287194, 32.963316036085743 ], [ 131.888121797310077, 32.963135669490434 ], [ 131.88731966265874, 32.96260403008521 ], [ 131.886859215085082, 32.962036375348646 ], [ 131.886955096049093, 32.961830003394475 ], [ 131.887282704680416, 32.96172413778195 ], [ 131.886996466706279, 32.961320372042181 ], [ 131.887209453289472, 32.961041798591253 ], [ 131.886175084073614, 32.960498719154202 ], [ 131.886178764247461, 32.960046804438832 ], [ 131.885681262380047, 32.95960704459776 ], [ 131.885586590892302, 32.959138574246573 ], [ 131.885874544643059, 32.958467318813611 ], [ 131.885573254319638, 32.957809323107696 ] ] ] } },
{ "type": "Feature", "properties": { "CITY_NAME": "佐伯市", "S_NAME": "鶴岡町一丁目", "JINKO": 846, "medical_area": "44_南部医療圏", "町丁目名": "佐伯市鶴岡町一丁目" }, "geometry": { "type": "Polygon", "coordinates": [ [ [ 131.885404706974725, 32.957113421201996 ], [ 131.885332451065153, 32.956596157966125 ], [ 131.880303229265593, 32.957963561017259 ], [ 131.880520420379099, 32.958495803844379 ], [ 131.880202170187545, 32.958592957638189 ], [ 131.880170797484084, 32.959576130351529 ], [ 131.879921037541664, 32.95992340531086 ], [ 131.879593560762657, 32.961646587311172 ], [ 131.883568317100668, 32.962108636682416 ], [ 131.884052743003679, 32.960630025747108 ], [ 131.88416234482807, 32.959400750611444 ], [ 131.885234975852853, 32.957992144322652 ], [ 131.885404706974725, 32.957113421201996 ] ] ] } },
{ "type": "Feature", "properties": { "CITY_NAME": "佐伯市", "S_NAME": "鶴岡町二丁目", "JINKO": 552, "medical_area": "44_南部医療圏", "町丁目名": "佐伯市鶴岡町二丁目" }, "geometry": { "type": "Polygon", "coordinates": [ [ [ 131.87262215871533, 32.960085634298501 ], [ 131.885332451065153, 32.956596157966125 ], [ 131.886265861679533, 32.955417842442266 ], [ 131.884751752249599, 32.95478095243341 ], [ 131.883268504719354, 32.953530712264381 ], [ 131.879931161268388, 32.955680711535848 ], [ 131.875451836867825, 32.957753193795149 ], [ 131.874331162951108, 32.958074491977563 ], [ 131.873246141559406, 32.958163992095166 ], [ 131.872128228609597, 32.957992756682991 ], [ 131.871448500280678, 32.959259401518288 ], [ 131.872017049037879, 32.9595047836468 ], [ 131.87262215871533, 32.960085634298501 ] ] ] } },
{ "type": "Feature", "properties": { "CITY_NAME": "佐伯市", "S_NAME": "鶴岡町三丁目", "JINKO": 983, "medical_area": "44_南部医療圏", "町丁目名": "佐伯市鶴岡町三丁目" }, "geometry": { "type": "Polygon", "coordinates": [ [ [ 131.880520420379099, 32.958495803844379 ], [ 131.880303229265593, 32.957963561017259 ], [ 131.87262215871533, 32.960085634298501 ], [ 131.873164415462043, 32.960604697775786 ], [ 131.87286508854578, 32.960860463999538 ], [ 131.879593560762657, 32.961646587311172 ], [ 131.879921037541664, 32.95992340531086 ], [ 131.880170797484084, 32.959576130351529 ], [ 131.880202170187545, 32.958592957638189 ], [ 131.880520420379099, 32.958495803844379 ] ] ] } },
{ "type": "Feature", "properties": { "CITY_NAME": "佐伯市", "S_NAME": "大字鶴望", "JINKO": 3786, "medical_area": "44_南部医療圏", "町丁目名": "佐伯市大字鶴望" }, "geometry": { "type": "Polygon", "coordinates": [ [ [ 131.89777580497568, 32.988965552811756 ], [ 131.898239241730977, 32.988446437343029 ], [ 131.897965320894428, 32.987391577263573 ], [ 131.897546354387714, 32.986482934297513 ], [ 131.897635449268904, 32.986407452320222 ], [ 131.897204702594564, 32.985928117806282 ], [ 131.897460934412805, 32.985873078065076 ], [ 131.897286999707404, 32.985701194817544 ], [ 131.897160403542557, 32.98587884043507 ], [ 131.896756792070562, 32.985437181122343 ], [ 131.896317034926483, 32.984379899642732 ], [ 131.896057698024748, 32.983068840401202 ], [ 131.896745337999931, 32.983032356555384 ], [ 131.896691422124093, 32.982461948297242 ], [ 131.897123855975138, 32.982374991284978 ], [ 131.897081718404593, 32.982233720763745 ], [ 131.89659579367202, 32.982321062518338 ], [ 131.896522717790589, 32.982070904633026 ], [ 131.896312330572329, 32.982112087003493 ], [ 131.896164833152397, 32.981701954986519 ], [ 131.895874125871046, 32.981735595532605 ], [ 131.89580758596145, 32.98150342585545 ], [ 131.89555114758366, 32.981536820457727 ], [ 131.895457089204228, 32.981228199982688 ], [ 131.89639278964799, 32.98043880496855 ], [ 131.89666101628535, 32.980620836774399 ], [ 131.896161439302375, 32.979885897230133 ], [ 131.896670703574841, 32.980306065177899 ], [ 131.897042443787257, 32.98014469852248 ], [ 131.896995972744037, 32.979996246214299 ], [ 131.897332823443691, 32.979980307725747 ], [ 131.897831678008203, 32.980321193379829 ], [ 131.899369622282592, 32.980906193453883 ], [ 131.899280508954206, 32.981086278050419 ], [ 131.900088341162757, 32.981405994028556 ], [ 131.900049431009535, 32.981583013034644 ], [ 131.901584715766575, 32.982108490473813 ], [ 131.901791201093232, 32.981264789413842 ], [ 131.902976533219061, 32.980937936734293 ], [ 131.902670081078412, 32.980893924857398 ], [ 131.902606480574519, 32.980722135454485 ], [ 131.903082507838946, 32.980707168421937 ], [ 131.903221430986576, 32.980158025103442 ], [ 131.902993191141007, 32.97991447557645 ], [ 131.901763003794287, 32.980029159443617 ], [ 131.901767160961043, 32.980437937520385 ], [ 131.901351575016463, 32.980980017926861 ], [ 131.899849852337468, 32.980069879634186 ], [ 131.899766360052183, 32.979452780076834 ], [ 131.899402739527176, 32.979334093721789 ], [ 131.898788996958075, 32.978469226856497 ], [ 131.897992763967153, 32.978268291796802 ], [ 131.897075885489301, 32.978782499943264 ], [ 131.897080767177073, 32.978207441993952 ], [ 131.896787418304399, 32.977928770403594 ], [ 131.897483433560495, 32.977708146303883 ], [ 131.897145399523879, 32.977490445038015 ], [ 131.896794529380912, 32.977573815620623 ], [ 131.896706519297481, 32.977309391008554 ], [ 131.896430381337211, 32.977410207948488 ], [ 131.896029587674036, 32.97730076373972 ], [ 131.895521568528693, 32.976612564812662 ], [ 131.895308271383044, 32.976596125478942 ], [ 131.895108289001655, 32.97712091802066 ], [ 131.894714386986493, 32.977164157229218 ], [ 131.894566938411117, 32.976814807765336 ], [ 131.894140808696335, 32.976844802391987 ], [ 131.893829665325768, 32.976640374585635 ], [ 131.893587280034637, 32.975860434613388 ], [ 131.892937328377144, 32.976422121259461 ], [ 131.892795189358424, 32.976068240133124 ], [ 131.893046430213019, 32.975345421986425 ], [ 131.892835009232215, 32.974992029578914 ], [ 131.892282125342234, 32.975930588129117 ], [ 131.891306739264962, 32.975631002662361 ], [ 131.891070980648237, 32.975009085152379 ], [ 131.89047387197445, 32.974990868887616 ], [ 131.889606275708758, 32.974311954491228 ], [ 131.889646321067232, 32.973787967425856 ], [ 131.889237833432503, 32.973325484606995 ], [ 131.888937823763854, 32.973212383521137 ], [ 131.88919968799533, 32.972830123608773 ], [ 131.889058019189576, 32.972521154767044 ], [ 131.888269628163016, 32.972295398318671 ], [ 131.887934999384271, 32.97187099726068 ], [ 131.887189193389133, 32.971640441863073 ], [ 131.887079190261943, 32.971304294804249 ], [ 131.887209159713308, 32.970970946801174 ], [ 131.886442137811628, 32.971016807739979 ], [ 131.885958600088998, 32.970718806576862 ], [ 131.885660852923365, 32.970169802484143 ], [ 131.885880923541521, 32.969869991208952 ], [ 131.885304757111555, 32.969945387009453 ], [ 131.885228657057979, 32.969186349826707 ], [ 131.884952612612551, 32.968800803376311 ], [ 131.885013012862004, 32.968597225805077 ], [ 131.884398214707858, 32.968031609080725 ], [ 131.884346191664946, 32.967742297730112 ], [ 131.884018729021193, 32.967571553033139 ], [ 131.88412315475432, 32.967307474996666 ], [ 131.883587252852095, 32.967269872272702 ], [ 131.883678749306029, 32.966823422777772 ], [ 131.883391972695705, 32.966701297931785 ], [ 131.88303875012258, 32.966192144544458 ], [ 131.883212754931151, 32.965739457044897 ], [ 131.882546220799156, 32.965354787203225 ], [ 131.882302603413052, 32.965093156160044 ], [ 131.882304676517236, 32.964856133171743 ], [ 131.88295008541985, 32.964234593258119 ], [ 131.884490985528544, 32.963795771386579 ], [ 131.884682908595039, 32.963574328356749 ], [ 131.885271811028588, 32.963615919008312 ], [ 131.885541301675573, 32.963329102582783 ], [ 131.886294159307653, 32.963470376793865 ], [ 131.88735356155513, 32.963337018021392 ], [ 131.887620469471216, 32.963469454718592 ], [ 131.887983962287194, 32.963316036085743 ], [ 131.886426302405226, 32.962568376888015 ], [ 131.885562292679253, 32.962350275730344 ], [ 131.87286508854578, 32.960860463999538 ], [ 131.873164415462099, 32.960604697775786 ], [ 131.872017049037879, 32.9595047836468 ], [ 131.871448500280678, 32.959259401518288 ], [ 131.871977150444962, 32.958274205018263 ], [ 131.869062622411462, 32.957288597149329 ], [ 131.867328867756811, 32.956507557701045 ], [ 131.866755444322905, 32.95744773696584 ], [ 131.866305884799146, 32.957259436169757 ], [ 131.865711801291269, 32.957263553812439 ], [ 131.865505328656383, 32.957418836753028 ], [ 131.866608083174896, 32.958369448954599 ], [ 131.867463807476895, 32.958740854474364 ], [ 131.867115934669926, 32.959329814537625 ], [ 131.8674130788811, 32.959419307818912 ], [ 131.867364564697681, 32.960103181684204 ], [ 131.868000968075961, 32.960052633943455 ], [ 131.868047373058005, 32.961119145971388 ], [ 131.864723884663078, 32.96122012324571 ], [ 131.863703428977544, 32.961466137466516 ], [ 131.862878078370727, 32.96192549594906 ], [ 131.861770519980212, 32.961532400473402 ], [ 131.862089854196682, 32.962147085045245 ], [ 131.862561153807746, 32.962059071879096 ], [ 131.862494867612156, 32.962591130925311 ], [ 131.864319788427281, 32.964607616522912 ], [ 131.864715263997965, 32.965391558557705 ], [ 131.865277585502383, 32.965680930610112 ], [ 131.865549834090416, 32.966038695634971 ], [ 131.866392771163333, 32.966154648748606 ], [ 131.867377860458163, 32.966672100756753 ], [ 131.86872103056055, 32.966861361615514 ], [ 131.869410229994799, 32.967311998421707 ], [ 131.870145037856815, 32.967291003217042 ], [ 131.870770996896141, 32.967768608397648 ], [ 131.870817501266629, 32.968172822426268 ], [ 131.873331549376701, 32.969660633698858 ], [ 131.873162616287516, 32.970524540314941 ], [ 131.873582741742155, 32.971628839144749 ], [ 131.87334274061439, 32.972379836277199 ], [ 131.874053630507206, 32.973847746463015 ], [ 131.875256900163834, 32.975059705585736 ], [ 131.876182848505863, 32.975632835399232 ], [ 131.877379406586783, 32.975965386995355 ], [ 131.878088132684553, 32.977077008904295 ], [ 131.878261773002578, 32.977824400382623 ], [ 131.881826784110075, 32.978192027602645 ], [ 131.882652344274618, 32.977958271615485 ], [ 131.883462489991331, 32.977419540102211 ], [ 131.884284452775915, 32.977245413168177 ], [ 131.88651488608474, 32.978120315844336 ], [ 131.887431672622625, 32.978685405031719 ], [ 131.887805193739041, 32.979419163221287 ], [ 131.888540918203859, 32.979771630549941 ], [ 131.889602891825575, 32.98070037340019 ], [ 131.889992850946186, 32.981419976094223 ], [ 131.890816015636744, 32.982178577956105 ], [ 131.891818781449217, 32.982417422869048 ], [ 131.892393538696723, 32.983182992771845 ], [ 131.893235626505032, 32.983583885184309 ], [ 131.893504543208223, 32.984057972777435 ], [ 131.89346873163737, 32.984568769815453 ], [ 131.893686548316168, 32.985396375123791 ], [ 131.894218829900694, 32.985784122234392 ], [ 131.894644111448173, 32.986402950743155 ], [ 131.896061718015517, 32.987402383229274 ], [ 131.897437862233801, 32.989602794609731 ], [ 131.89774562620272, 32.989781834560311 ], [ 131.897883544503969, 32.98966542391868 ], [ 131.89777580497568, 32.988965552811756 ] ] ] } },
{ "type": "Feature", "properties": { "CITY_NAME": "佐伯市", "S_NAME": "大字上岡", "JINKO": 0, "medical_area": "44_南部医療圏", "町丁目名": "佐伯市大字上岡" }, "geometry": { "type": "Polygon", "coordinates": [ [ [ 131.858793377173498, 32.961971426340419 ], [ 131.85906694325945, 32.960808982435346 ], [ 131.86006962637515, 32.959675415563844 ], [ 131.860022892700414, 32.958852046760605 ], [ 131.861600411436171, 32.958309363472651 ], [ 131.863662518740909, 32.958002242982161 ], [ 131.864900126613463, 32.957637654578292 ], [ 131.866608083174896, 32.958369448954599 ], [ 131.865505328656383, 32.957418836753028 ], [ 131.865711801291269, 32.957263553812439 ], [ 131.866305884799146, 32.957259436169757 ], [ 131.866755444322905, 32.95744773696584 ], [ 131.867328867756811, 32.956507557701009 ], [ 131.864173622727634, 32.955107797734811 ], [ 131.859893547502395, 32.952679309880196 ], [ 131.860232124283527, 32.952143449979232 ], [ 131.859425260485636, 32.95103922976319 ], [ 131.859946186649694, 32.949460026820496 ], [ 131.859775568157659, 32.948611742842424 ], [ 131.860928452001758, 32.946850071733863 ], [ 131.860931635620716, 32.945493653788517 ], [ 131.861268324364204, 32.94502549311111 ], [ 131.861333270497084, 32.944182450495596 ], [ 131.862473220034076, 32.943174823812612 ], [ 131.861486156826487, 32.942127731654935 ], [ 131.860374603155037, 32.941578166555161 ], [ 131.859678737707895, 32.940928809723957 ], [ 131.858329532138441, 32.940302120840947 ], [ 131.858169371118493, 32.940085173863437 ], [ 131.85824962829787, 32.939466816510375 ], [ 131.857971338841139, 32.938911495818246 ], [ 131.856644398073371, 32.938363367538408 ], [ 131.856404369122487, 32.938588191859999 ], [ 131.855607387893627, 32.938668899216943 ], [ 131.854891607335162, 32.93901902613856 ], [ 131.852939992711839, 32.939112048018238 ], [ 131.850664688522983, 32.940486345492971 ], [ 131.849562304332267, 32.940757197528676 ], [ 131.848597855010581, 32.941440946373156 ], [ 131.847717737348262, 32.942444987492223 ], [ 131.847331200878614, 32.942651211114956 ], [ 131.847966645225114, 32.944060999624419 ], [ 131.84694963740796, 32.945302764392586 ], [ 131.847258451160229, 32.946033157951582 ], [ 131.847704161240188, 32.946539121974695 ], [ 131.847357394426524, 32.947880327550251 ], [ 131.847586340097564, 32.948223990630652 ], [ 131.84769001236009, 32.948915954764388 ], [ 131.847153072170727, 32.949853469213103 ], [ 131.846717571811126, 32.950159602270382 ], [ 131.84673246851267, 32.951173052298365 ], [ 131.847252018242159, 32.951981681812022 ], [ 131.847672201786963, 32.953111871125628 ], [ 131.851128683314471, 32.95416607274602 ], [ 131.8522965542561, 32.954695853001581 ], [ 131.853694808162572, 32.954885466656798 ], [ 131.853971534295397, 32.95554525791762 ], [ 131.855373435340709, 32.956668700291779 ], [ 131.855451728313511, 32.957163869711202 ], [ 131.855868606448553, 32.957588564629255 ], [ 131.855519857275539, 32.958583470492265 ], [ 131.854398584900196, 32.959276961423427 ], [ 131.85405784390241, 32.959202231915725 ], [ 131.853685497988153, 32.958881140962589 ], [ 131.853072527825248, 32.958825220258056 ], [ 131.852025474887796, 32.960020600683194 ], [ 131.852209375815818, 32.96051560166616 ], [ 131.854406609479923, 32.962088687349123 ], [ 131.854425341187635, 32.963803819252725 ], [ 131.855072591341667, 32.963718370444546 ], [ 131.856467381285142, 32.963045720098414 ], [ 131.857148012655671, 32.96204639827522 ], [ 131.858793377173498, 32.961971426340419 ] ] ] } },
{ "type": "Feature", "properties": { "CITY_NAME": "佐伯市", "S_NAME": "大字上岡", "JINKO": 1530, "medical_area": "44_南部医療圏", "町丁目名": "佐伯市大字上岡" }, "geometry": { "type": "Polygon", "coordinates": [ [ [ 131.858793377173498, 32.961971426340419 ], [ 131.859087835334435, 32.962305617971133 ], [ 131.85898122619497, 32.96307742410189 ], [ 131.859692788625637, 32.9647258876753 ], [ 131.858144170345156, 32.965530976969283 ], [ 131.857848873801089, 32.965855686152132 ], [ 131.857311225558334, 32.966614097630369 ], [ 131.85687013316749, 32.968304320203927 ], [ 131.856388592686926, 32.969224615655612 ], [ 131.856876983895518, 32.970003320451887 ], [ 131.856793649670664, 32.970461357717255 ], [ 131.858724342678187, 32.971008164046346 ], [ 131.859745484793336, 32.972822597006314 ], [ 131.859631435291533, 32.974025911466669 ], [ 131.860142618530602, 32.974683371035034 ], [ 131.859923229072336, 32.977160573177123 ], [ 131.860800749304047, 32.977117532326993 ], [ 131.861224364709415, 32.977585534130448 ], [ 131.861384716593108, 32.978072164651529 ], [ 131.861748609288981, 32.97835389013769 ], [ 131.861811323209906, 32.978649469822322 ], [ 131.862229669246659, 32.978986314094918 ], [ 131.863365326615707, 32.979417446779038 ], [ 131.863579855856244, 32.979732157626913 ], [ 131.865638562567369, 32.980284693785784 ], [ 131.86575809340917, 32.980670691207784 ], [ 131.866232229165121, 32.98100041248432 ], [ 131.866310989512414, 32.981499381022651 ], [ 131.86721289938086, 32.981903501599447 ], [ 131.86753179725963, 32.982478160128636 ], [ 131.868986337141308, 32.982663144941064 ], [ 131.87022222093168, 32.982319843684813 ], [ 131.871213371430997, 32.98327159566913 ], [ 131.8719496622127, 32.983668417751495 ], [ 131.87276217895166, 32.983851618398987 ], [ 131.873139263906609, 32.984337604909967 ], [ 131.874637730308081, 32.982436509539355 ], [ 131.875201413373077, 32.982222173199297 ], [ 131.876308839697089, 32.981442950793742 ], [ 131.877334256914509, 32.981221849778748 ], [ 131.878104600226493, 32.978758270131955 ], [ 131.878261773002578, 32.977824400382623 ], [ 131.878088132684553, 32.977077008904295 ], [ 131.877379406586812, 32.975965386995384 ], [ 131.876182848505863, 32.975632835399232 ], [ 131.875256900163834, 32.975059705585736 ], [ 131.874177875091789, 32.974047728295787 ], [ 131.87334274061439, 32.972379836277199 ], [ 131.873582741742155, 32.971628839144749 ], [ 131.873162616287516, 32.970524540314941 ], [ 131.873331549376701, 32.969660633698858 ], [ 131.870817501266629, 32.968172822426268 ], [ 131.870770996896141, 32.967768608397648 ], [ 131.870145037856815, 32.967291003217042 ], [ 131.869410229994799, 32.967311998421707 ], [ 131.86872103056055, 32.966861361615514 ], [ 131.867377860458163, 32.966672100756753 ], [ 131.866392771163333, 32.966154648748606 ], [ 131.865549834090416, 32.966038695634971 ], [ 131.86438935809133, 32.967187964715961 ], [ 131.862423619368656, 32.967743051880454 ], [ 131.862767504097434, 32.968679214683618 ], [ 131.862069442322706, 32.968165149857271 ], [ 131.861873284688983, 32.967466189555672 ], [ 131.861018912036513, 32.966584905908064 ], [ 131.860901161453569, 32.965999258026876 ], [ 131.862064515743128, 32.965705060304465 ], [ 131.861820404910901, 32.964687950663134 ], [ 131.861905220646122, 32.963589003508453 ], [ 131.862037422240007, 32.962856085990303 ], [ 131.862567424614241, 32.962309256174592 ], [ 131.862561153807746, 32.962059071879096 ], [ 131.862089854196682, 32.962147085045245 ], [ 131.861770519980212, 32.961532400473402 ], [ 131.860559555464846, 32.961600621216355 ], [ 131.858793377173498, 32.961971426340419 ] ] ] } },
{ "type": "Feature", "properties": { "CITY_NAME": "佐伯市", "S_NAME": "大字稲垣", "JINKO": 0, "medical_area": "44_南部医療圏", "町丁目名": "佐伯市大字稲垣" }, "geometry": { "type": "Polygon", "coordinates": [ [ [ 131.858793377173498, 32.961971426340419 ], [ 131.860559555464846, 32.961600621216355 ], [ 131.861770519980212, 32.961532400473402 ], [ 131.862878078370784, 32.96192549594906 ], [ 131.863703428977544, 32.961466137466516 ], [ 131.864723884663078, 32.961220123245724 ], [ 131.868047373058005, 32.961119145971388 ], [ 131.868000968075961, 32.960052633943455 ], [ 131.867364564697681, 32.960103181684204 ], [ 131.8674130788811, 32.959419307818912 ], [ 131.867115934669954, 32.959329814537625 ], [ 131.867463807476895, 32.958740854474364 ], [ 131.864900126613463, 32.957637654578292 ], [ 131.863662518740909, 32.958002242982161 ], [ 131.862340046067885, 32.958130053331885 ], [ 131.859975902795838, 32.95889229135414 ], [ 131.86006962637515, 32.959675415563844 ], [ 131.859066943259421, 32.960808982435346 ], [ 131.858793377173498, 32.961971426340419 ] ] ] } },
{ "type": "Feature", "properties": { "CITY_NAME": "佐伯市", "S_NAME": "大字稲垣", "JINKO": 0, "medical_area": "44_南部医療圏", "町丁目名": "佐伯市大字稲垣" }, "geometry": { "type": "Polygon", "coordinates": [ [ [ 131.862489150904935, 32.96248417026839 ], [ 131.862567424614241, 32.962309256174592 ], [ 131.862037422240007, 32.962856085990303 ], [ 131.861905220646122, 32.963589003508453 ], [ 131.861820404910901, 32.964687950663134 ], [ 131.862064515743128, 32.965705060304465 ], [ 131.860901161453569, 32.965999258026876 ], [ 131.860912704968797, 32.966284463901125 ], [ 131.861018912036513, 32.966584905908064 ], [ 131.861873284688983, 32.967466189555672 ], [ 131.862069442322706, 32.968165149857271 ], [ 131.862767504097434, 32.968679214683618 ], [ 131.862423619368656, 32.967743051880454 ], [ 131.86438935809133, 32.967187964715961 ], [ 131.865549834090416, 32.966038695634971 ], [ 131.865277585502383, 32.965680930610112 ], [ 131.864715263997965, 32.965391558557705 ], [ 131.864319788427281, 32.964607616522912 ], [ 131.862489150904935, 32.96248417026839 ] ] ] } },
{ "type": "Feature", "properties": { "CITY_NAME": "佐伯市", "S_NAME": "大字稲垣", "JINKO": 1406, "medical_area": "44_南部医療圏", "町丁目名": "佐伯市大字稲垣" }, "geometry": { "type": "Polygon", "coordinates": [ [ [ 131.871977150444962, 32.958274205018263 ], [ 131.872128228609597, 32.957992756682991 ], [ 131.873246141559406, 32.958163992095166 ], [ 131.874331162951108, 32.958074491977563 ], [ 131.875451836867825, 32.957753193795149 ], [ 131.879931161268388, 32.955680711535848 ], [ 131.883983178761838, 32.953043350289583 ], [ 131.883139649883816, 32.95203310841012 ], [ 131.881885429120985, 32.952746061422935 ], [ 131.880331676365358, 32.952957146572587 ], [ 131.880252043274851, 32.952788323756948 ], [ 131.879913018802085, 32.951847956398701 ], [ 131.880398300023046, 32.950926462331786 ], [ 131.879796332429038, 32.949065656008244 ], [ 131.880302904511296, 32.948110406179481 ], [ 131.880015647614982, 32.94683523426761 ], [ 131.880068456942865, 32.946405271475911 ], [ 131.880540414938821, 32.945702493664378 ], [ 131.880416764952912, 32.945356974701767 ], [ 131.879779344617276, 32.944916347774523 ], [ 131.878136676503715, 32.945221019347187 ], [ 131.877818785583514, 32.944715134816555 ], [ 131.877167009648616, 32.944426550316081 ], [ 131.87452154732307, 32.944694220814121 ], [ 131.872422684363869, 32.94361144152839 ], [ 131.871843569129851, 32.94315516535638 ], [ 131.871298535555241, 32.943243765085661 ], [ 131.870373329627029, 32.94375596059205 ], [ 131.86882047472983, 32.943633532283116 ], [ 131.86740411877733, 32.944236953640207 ], [ 131.866808486281911, 32.944295598919581 ], [ 131.866187583479501, 32.943972838799027 ], [ 131.865384597321082, 32.944135881810809 ], [ 131.864104641205955, 32.943999381039127 ], [ 131.862473220034076, 32.943174823812612 ], [ 131.861333270497084, 32.944182450495596 ], [ 131.861268324364204, 32.94502549311111 ], [ 131.860931635620716, 32.945493653788517 ], [ 131.860928452001758, 32.946850071733863 ], [ 131.859775568157659, 32.948611742842424 ], [ 131.859946186649694, 32.949460026820496 ], [ 131.859425260485636, 32.95103922976319 ], [ 131.860232124283527, 32.952143449979232 ], [ 131.859893547502395, 32.952679309880196 ], [ 131.864173622727634, 32.955107797734811 ], [ 131.869062622411462, 32.957288597149329 ], [ 131.871977150444962, 32.958274205018263 ] ] ] } },
{ "type": "Feature", "properties": { "CITY_NAME": "佐伯市", "S_NAME": "大字稲垣", "JINKO": 0, "medical_area": "44_南部医療圏", "町丁目名": "佐伯市大字稲垣" }, "geometry": { "type": "Polygon", "coordinates": [ [ [ 131.858793377173498, 32.961971426340419 ], [ 131.857148012655671, 32.96204639827522 ], [ 131.856467381285142, 32.963045720098414 ], [ 131.855072591341667, 32.963718370444546 ], [ 131.854425341187635, 32.963803819252725 ], [ 131.854507202751705, 32.964661208453144 ], [ 131.852507317600271, 32.966876395033609 ], [ 131.851784539991428, 32.968485793008341 ], [ 131.852548385480048, 32.968658855072043 ], [ 131.854906180211884, 32.968392161436476 ], [ 131.855706953727037, 32.969093051639142 ], [ 131.856388592686926, 32.969224615655612 ], [ 131.85687013316749, 32.968304320203927 ], [ 131.857311225558334, 32.966614097630369 ], [ 131.857848873801089, 32.965855686152132 ], [ 131.858144170345156, 32.965530976969283 ], [ 131.859692788625637, 32.9647258876753 ], [ 131.85898122619497, 32.96307742410189 ], [ 131.859087835334435, 32.962305617971133 ], [ 131.858793377173498, 32.961971426340419 ] ] ] } },
{ "type": "Feature", "properties": { "CITY_NAME": "佐伯市", "S_NAME": "大字堅田", "JINKO": 1072, "medical_area": "44_南部医療圏", "町丁目名": "佐伯市大字堅田" }, "geometry": { "type": "Polygon", "coordinates": [ [ [ 131.884350635151378, 32.928847250596085 ], [ 131.884613580115484, 32.926911700226412 ], [ 131.884802075878923, 32.926647481360213 ], [ 131.889655226285669, 32.924785550888707 ], [ 131.892036976540822, 32.92474042462193 ], [ 131.892202626271853, 32.924166250403275 ], [ 131.893963043741905, 32.922987767785735 ], [ 131.895637102600404, 32.92144118097859 ], [ 131.896850753799498, 32.920520673591319 ], [ 131.899903686026704, 32.918645280054257 ], [ 131.901503446975369, 32.91795614599517 ], [ 131.903418968636771, 32.917528777972713 ], [ 131.904398826921067, 32.917451928652468 ], [ 131.906374386107785, 32.917706654369276 ], [ 131.909008327298949, 32.917630048860538 ], [ 131.909071723450893, 32.916697200396776 ], [ 131.909772974192492, 32.914128404136164 ], [ 131.910882158675122, 32.913143655615606 ], [ 131.911791481670377, 32.911777825894418 ], [ 131.91199633282784, 32.910471298676221 ], [ 131.912288028736299, 32.909890008266395 ], [ 131.913288379129909, 32.909132830410563 ], [ 131.913250778515504, 32.907787299143763 ], [ 131.913934474880193, 32.90673446972459 ], [ 131.915038121793174, 32.905989911993707 ], [ 131.915472080397706, 32.904969015944779 ], [ 131.916450798635992, 32.904041224981626 ], [ 131.918316619702125, 32.903324524312517 ], [ 131.920007142507217, 32.902163804745371 ], [ 131.921995311591047, 32.89907918151291 ], [ 131.923118943407303, 32.898157975072607 ], [ 131.923462589065252, 32.896523194833378 ], [ 131.923357595502381, 32.896149284155015 ], [ 131.922864697329885, 32.895255159361966 ], [ 131.922404092885614, 32.894939514445305 ], [ 131.922089035662765, 32.894236999181615 ], [ 131.921388375432656, 32.893663448031823 ], [ 131.921356931009768, 32.893173989134496 ], [ 131.920903026735374, 32.892010625318854 ], [ 131.919706071709129, 32.89172017843449 ], [ 131.918543241314325, 32.891863780161508 ], [ 131.915212493441686, 32.890647970891202 ], [ 131.91427400377097, 32.889967196658034 ], [ 131.913826976737937, 32.888951299910445 ], [ 131.913592192027437, 32.888756540446003 ], [ 131.912825216905873, 32.888473574086191 ], [ 131.911543431895041, 32.888372389637773 ], [ 131.910715841282951, 32.888562597223604 ], [ 131.910529163143963, 32.888809529417095 ], [ 131.910351848185911, 32.889965066614657 ], [ 131.91000828882045, 32.890532413076102 ], [ 131.908962567176843, 32.890736476909453 ], [ 131.908021747511384, 32.891246761659957 ], [ 131.906754056851952, 32.891096317609481 ], [ 131.906166705902962, 32.890584844306133 ], [ 131.905064402735348, 32.890242868180117 ], [ 131.904433727185676, 32.889756268241193 ], [ 131.903723382181198, 32.890031536107784 ], [ 131.902674201281712, 32.889904042537687 ], [ 131.901619717866311, 32.890685235061227 ], [ 131.8997499643541, 32.891435447145987 ], [ 131.899266870965477, 32.891874831196006 ], [ 131.897660783154095, 32.89280730695085 ], [ 131.896954186080393, 32.893450882664141 ], [ 131.895042014421222, 32.894348639185161 ], [ 131.893834830128981, 32.893712572938746 ], [ 131.892084834533051, 32.893368931297516 ], [ 131.890959056742759, 32.892861189499037 ], [ 131.888715924426833, 32.891231685294422 ], [ 131.886755565520389, 32.890944709110904 ], [ 131.885884709545451, 32.89118416609864 ], [ 131.884152633691997, 32.891171834208791 ], [ 131.883414730808767, 32.891606822660158 ], [ 131.883301754593106, 32.891951435841207 ], [ 131.883532304490444, 32.892590337407853 ], [ 131.883216538260115, 32.893450919076116 ], [ 131.88166649871215, 32.894755614171828 ], [ 131.880996506361186, 32.895593805782291 ], [ 131.880813166872798, 32.896440998562795 ], [ 131.8805799928368, 32.896716317325605 ], [ 131.877776097487157, 32.897979983437594 ], [ 131.876799954678006, 32.899466621670697 ], [ 131.875855156287059, 32.900510044821011 ], [ 131.874996091091845, 32.900941466451876 ], [ 131.874632771593213, 32.901478922337176 ], [ 131.873578562990929, 32.902245116354813 ], [ 131.870683981401157, 32.902928311829271 ], [ 131.869378246349413, 32.90354542520177 ], [ 131.867835127830517, 32.903483185246401 ], [ 131.866738512204961, 32.903658488627492 ], [ 131.866470539975126, 32.90337654984917 ], [ 131.867207457643985, 32.902651045857979 ], [ 131.871640596698683, 32.90128547177364 ], [ 131.871791893283586, 32.901130225599445 ], [ 131.871780743207694, 32.900785068001625 ], [ 131.87110344776957, 32.900140137102035 ], [ 131.868462644099083, 32.899071475551295 ], [ 131.864612985839898, 32.898747584312765 ], [ 131.863662425569373, 32.898220288672881 ], [ 131.861891870879418, 32.897650388961033 ], [ 131.860689824935804, 32.897520374345326 ], [ 131.860586248112497, 32.898640273812177 ], [ 131.861103569054336, 32.899305659735901 ], [ 131.861391834748872, 32.901127188604299 ], [ 131.860782152327204, 32.901948261888023 ], [ 131.860764670806986, 32.903292701647935 ], [ 131.860503639846655, 32.904288245650726 ], [ 131.860754260832067, 32.905765900613069 ], [ 131.863030580212239, 32.908146150470344 ], [ 131.864604164594766, 32.90882672779459 ], [ 131.865141874257375, 32.909234664892168 ], [ 131.865586089315542, 32.910222116943309 ], [ 131.867966862257418, 32.912344275863468 ], [ 131.868886667504853, 32.914007004340192 ], [ 131.869743978230559, 32.917065901801557 ], [ 131.869399631972357, 32.91811992984929 ], [ 131.868907971573833, 32.918535000724169 ], [ 131.868616208396361, 32.919115913518397 ], [ 131.868356672622809, 32.920654970274327 ], [ 131.868768759345386, 32.922629975777582 ], [ 131.868252616122277, 32.924058271982553 ], [ 131.869068384057869, 32.925207160892903 ], [ 131.869073301312227, 32.926592683864257 ], [ 131.869472828097003, 32.927781162908417 ], [ 131.871588597050902, 32.927393056339405 ], [ 131.874047286039627, 32.927995711771786 ], [ 131.876586400560541, 32.928050384498007 ], [ 131.879417861667804, 32.927722166960152 ], [ 131.884350635151378, 32.928847250596085 ] ] ] } },
{ "type": "Feature", "properties": { "CITY_NAME": "佐伯市", "S_NAME": "大字長良", "JINKO": 1574, "medical_area": "44_南部医療圏", "町丁目名": "佐伯市大字長良" }, "geometry": { "type": "Polygon", "coordinates": [ [ [ 131.918797238654463, 32.93456607402031 ], [ 131.917059636413398, 32.932734239458682 ], [ 131.915897822267823, 32.930996962514854 ], [ 131.916106903481051, 32.928007395093296 ], [ 131.915713661151102, 32.926123330892771 ], [ 131.914424106688131, 32.924429331563694 ], [ 131.913943667699243, 32.922743530374767 ], [ 131.914616701299764, 32.920922273094156 ], [ 131.912160754602922, 32.919449032862978 ], [ 131.910616501179504, 32.917378883001561 ], [ 131.909158694145731, 32.917689914906973 ], [ 131.905807089259014, 32.917680884075352 ], [ 131.904398826921067, 32.917451928652468 ], [ 131.903418968636771, 32.917528777972713 ], [ 131.901503446975369, 32.91795614599517 ], [ 131.899903686026704, 32.918645280054257 ], [ 131.896850753799498, 32.920520673591319 ], [ 131.895637102600404, 32.92144118097859 ], [ 131.893963043741905, 32.922987767785735 ], [ 131.892202626271853, 32.924166250403275 ], [ 131.892036976540822, 32.92474042462193 ], [ 131.889655226285669, 32.924785550888707 ], [ 131.884802075878923, 32.926647481360213 ], [ 131.884613580115484, 32.926911700226412 ], [ 131.884350635151378, 32.928847250596085 ], [ 131.879417861667804, 32.927722166960152 ], [ 131.876586400560541, 32.928050384498007 ], [ 131.874047286039627, 32.927995711771793 ], [ 131.871588597050902, 32.927393056339405 ], [ 131.869472828097003, 32.927781162908417 ], [ 131.867872007836297, 32.92834738456817 ], [ 131.868730169138672, 32.93037015473702 ], [ 131.869138659487476, 32.930473042324763 ], [ 131.87100255817748, 32.930367550637868 ], [ 131.871532451312049, 32.930489744804227 ], [ 131.871984784453446, 32.930812588314858 ], [ 131.872342076927566, 32.931359398270253 ], [ 131.87219631256113, 32.931922994985349 ], [ 131.872932500705929, 32.932329510641573 ], [ 131.873289704044424, 32.933402228251289 ], [ 131.875112250821815, 32.933417877136186 ], [ 131.879401964790162, 32.934212960308294 ], [ 131.882295008304737, 32.934287873466793 ], [ 131.884065233907876, 32.933643033368284 ], [ 131.886511538046221, 32.933604605539237 ], [ 131.889881283388036, 32.935169793076454 ], [ 131.892261392311326, 32.937072258346234 ], [ 131.893184757256194, 32.937601516933896 ], [ 131.899292219273434, 32.939266609341125 ], [ 131.903602070214902, 32.940707333939613 ], [ 131.905010406638638, 32.941232348723219 ], [ 131.90581257126388, 32.942022032410328 ], [ 131.911395543202588, 32.940850420069175 ], [ 131.912627882653624, 32.94021088205605 ], [ 131.916129198360125, 32.937197231900953 ], [ 131.918695566490072, 32.935526753272754 ], [ 131.918914389181708, 32.935101648839371 ], [ 131.918797238654463, 32.93456607402031 ] ] ] } },
{ "type": "Feature", "properties": { "CITY_NAME": "佐伯市", "S_NAME": "大字長谷", "JINKO": 2243, "medical_area": "44_南部医療圏", "町丁目名": "佐伯市大字長谷" }, "geometry": { "type": "Polygon", "coordinates": [ [ [ 131.880416764952884, 32.945356974701767 ], [ 131.88059105238554, 32.944808932438953 ], [ 131.884708516112767, 32.943362132289977 ], [ 131.885707283144143, 32.942601969359465 ], [ 131.886690267786321, 32.941157433190305 ], [ 131.88719685551365, 32.940969588962034 ], [ 131.889250892312475, 32.940899932563752 ], [ 131.890165465540633, 32.940657460311506 ], [ 131.892279185256001, 32.941548645434729 ], [ 131.893924350486628, 32.941727696735249 ], [ 131.894384117694216, 32.942143645225244 ], [ 131.896264245398186, 32.942597118874886 ], [ 131.89944493935883, 32.94226176907992 ], [ 131.899032242225758, 32.941050977434038 ], [ 131.89849097381429, 32.940368280867304 ], [ 131.899043967125465, 32.939196694790994 ], [ 131.893184757256194, 32.937601516933896 ], [ 131.892261392311326, 32.937072258346234 ], [ 131.889881283388092, 32.935169793076454 ], [ 131.886773910772519, 32.933677860397928 ], [ 131.886124157762737, 32.93355336539625 ], [ 131.884065233907876, 32.933643033368284 ], [ 131.882295008304737, 32.934287873466793 ], [ 131.879401964790162, 32.934212960308294 ], [ 131.875112250821815, 32.933417877136186 ], [ 131.873289704044424, 32.933402228251289 ], [ 131.872932500705929, 32.932329510641573 ], [ 131.87219631256113, 32.931922994985349 ], [ 131.872371262212852, 32.931567243671864 ], [ 131.872302140884017, 32.93115416482766 ], [ 131.871532451312049, 32.930489744804227 ], [ 131.868730169138672, 32.93037015473702 ], [ 131.867872007836297, 32.92834738456817 ], [ 131.869472828097003, 32.927781162908417 ], [ 131.869073301312227, 32.926592683864257 ], [ 131.86906838405784, 32.925207160892903 ], [ 131.868252616122277, 32.924058271982553 ], [ 131.868768759345357, 32.922629975777561 ], [ 131.868356672622781, 32.920654970274327 ], [ 131.868757473206756, 32.91874187354334 ], [ 131.869399631972357, 32.91811992984929 ], [ 131.869743978230503, 32.917065901801557 ], [ 131.868886667504853, 32.914007004340192 ], [ 131.867966862257362, 32.912344275863468 ], [ 131.865586089315542, 32.910222116943309 ], [ 131.865141874257347, 32.909234664892161 ], [ 131.864604164594766, 32.90882672779459 ], [ 131.863030580212239, 32.908146150470344 ], [ 131.860754260832067, 32.905765900613069 ], [ 131.860503639846655, 32.904288245650726 ], [ 131.860764670806986, 32.903292701647935 ], [ 131.860782152327204, 32.90194826188803 ], [ 131.861391834748872, 32.901127188604299 ], [ 131.861103569054308, 32.899305659735901 ], [ 131.860586248112497, 32.898640273812177 ], [ 131.860652003301794, 32.897806177589402 ], [ 131.859715395688426, 32.896964753208827 ], [ 131.858977594663145, 32.895644472622372 ], [ 131.858735343154962, 32.894077798724936 ], [ 131.858446646784444, 32.893590142128723 ], [ 131.857856174342345, 32.893049335021523 ], [ 131.856901804875775, 32.892827625729723 ], [ 131.85483217487868, 32.889723557797595 ], [ 131.853167130695567, 32.888254982765446 ], [ 131.85308525864852, 32.887003833274044 ], [ 131.853222891218167, 32.885416062992249 ], [ 131.852450776253107, 32.884147438557413 ], [ 131.852099278838978, 32.882110128252499 ], [ 131.852277543316575, 32.880205425531628 ], [ 131.853075752098192, 32.87873462653522 ], [ 131.852948221699705, 32.8781906016251 ], [ 131.850786593452625, 32.876828339627487 ], [ 131.849025349644734, 32.876236478871327 ], [ 131.846053930626283, 32.875582762005486 ], [ 131.844719713737589, 32.874892174890512 ], [ 131.844516275251124, 32.874621088801646 ], [ 131.844150284487569, 32.872871011608986 ], [ 131.844284359687634, 32.872273659412819 ], [ 131.842522984238201, 32.872572631569746 ], [ 131.840901882741548, 32.872469316492541 ], [ 131.83951507304559, 32.87174220488199 ], [ 131.839306592132431, 32.870933601685159 ], [ 131.839042136158014, 32.870677626958631 ], [ 131.836348831068392, 32.86985977197952 ], [ 131.834606536193718, 32.868932561483462 ], [ 131.833564659612932, 32.867257059327947 ], [ 131.832139071727994, 32.866570743209273 ], [ 131.831128093141899, 32.865388333100412 ], [ 131.830893640917452, 32.864594683251859 ], [ 131.830974688094273, 32.863449181291813 ], [ 131.831283253705237, 32.862828633534079 ], [ 131.831216868531016, 32.862262118261562 ], [ 131.829312734914708, 32.859410516220954 ], [ 131.826498237627902, 32.856299809594233 ], [ 131.825794368306049, 32.856190318129478 ], [ 131.824526945868485, 32.857001261385498 ], [ 131.822352357095156, 32.856496454904196 ], [ 131.821095187205572, 32.857001731037776 ], [ 131.819964068088353, 32.856493738042566 ], [ 131.818845709304696, 32.856420071206486 ], [ 131.818465832411874, 32.855943960661293 ], [ 131.81815500523399, 32.854896750345745 ], [ 131.817055302831449, 32.854260434917371 ], [ 131.817636722873146, 32.855036369786511 ], [ 131.816861731903316, 32.856226893444244 ], [ 131.815642123976716, 32.856544096624752 ], [ 131.81484749877842, 32.857024204145304 ], [ 131.813746647842748, 32.856957738418629 ], [ 131.812176878615816, 32.857174111280173 ], [ 131.811242647018219, 32.857669823418888 ], [ 131.811009012821302, 32.85790695146946 ], [ 131.810459557395347, 32.859423624468036 ], [ 131.809725181417122, 32.859807574640747 ], [ 131.809406969635006, 32.860347141073341 ], [ 131.808399911665362, 32.861001596951837 ], [ 131.807885038513149, 32.863453159675267 ], [ 131.807997249233466, 32.864277108568153 ], [ 131.807808498147864, 32.864653855729983 ], [ 131.807861603304474, 32.865209433116775 ], [ 131.807630129618246, 32.865689531115486 ], [ 131.807856480910004, 32.867061299565115 ], [ 131.807781733828023, 32.867971127431282 ], [ 131.807386453448458, 32.868680553557375 ], [ 131.807901026175557, 32.871497311457716 ], [ 131.808466719325963, 32.872726991762292 ], [ 131.809125479242738, 32.873142428624824 ], [ 131.807356203484517, 32.874033762588127 ], [ 131.806587970254839, 32.874068168966197 ], [ 131.805922310308944, 32.873858931789044 ], [ 131.80566146763698, 32.873993144332552 ], [ 131.806041555653252, 32.874491390666982 ], [ 131.807895508224533, 32.875234150507964 ], [ 131.808620217376557, 32.876661600941155 ], [ 131.808600620511896, 32.877383315612164 ], [ 131.808752383239437, 32.877750489561372 ], [ 131.809556728060471, 32.878315936053383 ], [ 131.81016798970964, 32.879261828256951 ], [ 131.810641121241105, 32.87942812410104 ], [ 131.810606909069037, 32.879991639686864 ], [ 131.811023411485962, 32.880651629299813 ], [ 131.810714583648775, 32.881747059483899 ], [ 131.811391243750109, 32.882681493764544 ], [ 131.811775121771916, 32.884066976596621 ], [ 131.812372873592437, 32.88448282011354 ], [ 131.812709697752013, 32.885025512947792 ], [ 131.81269256339553, 32.885537367924812 ], [ 131.813462349350374, 32.886614773389908 ], [ 131.813332892548033, 32.888706791368669 ], [ 131.813751621502973, 32.890077335705371 ], [ 131.814237764125863, 32.890700061005674 ], [ 131.814520936380831, 32.891570774815939 ], [ 131.816317420349264, 32.894092071609194 ], [ 131.816472355443949, 32.894797940762579 ], [ 131.817440096038581, 32.896010256466298 ], [ 131.818116827125806, 32.896447633756203 ], [ 131.818868065025271, 32.897867513596609 ], [ 131.819535536380926, 32.898720969461479 ], [ 131.819726374625048, 32.899522313667838 ], [ 131.820973346204397, 32.900213654585841 ], [ 131.821436719202552, 32.900247429410285 ], [ 131.8219416536067, 32.900052684815897 ], [ 131.824398456892084, 32.901185231339177 ], [ 131.825254297501232, 32.901142801759271 ], [ 131.825756883020858, 32.901640194047765 ], [ 131.826878837315718, 32.900145463607942 ], [ 131.828273668317649, 32.898877182979803 ], [ 131.829215718160754, 32.898248791607671 ], [ 131.830402690198042, 32.898123142775802 ], [ 131.831476696552784, 32.898992246159679 ], [ 131.832275087856118, 32.899355122068734 ], [ 131.83278185477576, 32.899359126862308 ], [ 131.833445551169888, 32.899792830832958 ], [ 131.833398971654987, 32.900418995845449 ], [ 131.833631552096335, 32.900999128149998 ], [ 131.834138438682231, 32.901478037290985 ], [ 131.834814197001322, 32.901797525915789 ], [ 131.834934258923283, 32.902488845766449 ], [ 131.835825682773503, 32.903915028081499 ], [ 131.836972790365962, 32.9041798264671 ], [ 131.837576779158496, 32.904768520335438 ], [ 131.838558649764423, 32.905115389745795 ], [ 131.839135742073267, 32.905630616059874 ], [ 131.839509273647252, 32.906327606327636 ], [ 131.841112811595764, 32.906810185786604 ], [ 131.841964648664344, 32.906808149814118 ], [ 131.843036781808649, 32.907456250238916 ], [ 131.844031335558128, 32.908675483899771 ], [ 131.844211145390261, 32.909211768841985 ], [ 131.844500631503479, 32.910708166017507 ], [ 131.844391399914343, 32.911632938207241 ], [ 131.845015591882088, 32.912033691789908 ], [ 131.845002253628905, 32.9124682063417 ], [ 131.845533865676771, 32.912784905936022 ], [ 131.845963644107627, 32.914331921035192 ], [ 131.846238196099762, 32.914720300310357 ], [ 131.844861008470787, 32.915543236375264 ], [ 131.845093508811232, 32.917028993972259 ], [ 131.845582244209396, 32.917419617116273 ], [ 131.845752263299374, 32.917838159054085 ], [ 131.845391138596568, 32.918459095709828 ], [ 131.845275500892569, 32.919626923196333 ], [ 131.844762938864505, 32.920407197621898 ], [ 131.843670622307087, 32.920414572572547 ], [ 131.842930706381765, 32.920721442583627 ], [ 131.8412204854462, 32.92007028966124 ], [ 131.840431813250831, 32.920300154517108 ], [ 131.839959410987689, 32.921172184864105 ], [ 131.84004744889279, 32.922633165618777 ], [ 131.839858311715716, 32.922958410770022 ], [ 131.840586135121612, 32.92414634777333 ], [ 131.841437660361379, 32.925013146562065 ], [ 131.841364121864586, 32.925558505324275 ], [ 131.841530304491158, 32.92603967470184 ], [ 131.842004535014979, 32.926279456564892 ], [ 131.843011300072305, 32.927384494862643 ], [ 131.844484313820828, 32.928350168266043 ], [ 131.84495035951079, 32.929116459359612 ], [ 131.846492259228825, 32.929510996058255 ], [ 131.847212652623597, 32.929903715554893 ], [ 131.848623703589965, 32.930321213427632 ], [ 131.849328048175408, 32.930861295127286 ], [ 131.850787621031856, 32.930873467051406 ], [ 131.852304668660793, 32.931400639883883 ], [ 131.852875353815705, 32.932129368793468 ], [ 131.853358889624332, 32.932427959725999 ], [ 131.853865321779352, 32.933293334957241 ], [ 131.855508759233885, 32.935152303634105 ], [ 131.855674769896666, 32.936509642561759 ], [ 131.856644398073371, 32.938363367538408 ], [ 131.857971338841139, 32.938911495818246 ], [ 131.858249628297898, 32.939466816510375 ], [ 131.858169371118521, 32.940085173863437 ], [ 131.858329532138441, 32.940302120840947 ], [ 131.859678737707895, 32.940928809723957 ], [ 131.860374603155037, 32.941578166555161 ], [ 131.861486156826487, 32.942127731654935 ], [ 131.862473220034076, 32.943174823812612 ], [ 131.864104641205955, 32.943999381039127 ], [ 131.865384597321082, 32.944135881810809 ], [ 131.866187583479473, 32.943972838799027 ], [ 131.866592588922259, 32.944260756767868 ], [ 131.867224913118434, 32.94428059485054 ], [ 131.86882047472983, 32.943633532283116 ], [ 131.870029139373429, 32.943818930250288 ], [ 131.87103510110498, 32.943481813688486 ], [ 131.871441611511699, 32.943188259947867 ], [ 131.871843569129851, 32.94315516535638 ], [ 131.872422684363869, 32.94361144152839 ], [ 131.87452154732307, 32.944694220814121 ], [ 131.877167009648559, 32.944426550316081 ], [ 131.877818785583514, 32.944715134816555 ], [ 131.878136676503715, 32.945221019347187 ], [ 131.879779344617276, 32.944916347774523 ], [ 131.880416764952884, 32.945356974701767 ] ] ] } },
{ "type": "Feature", "properties": { "CITY_NAME": "佐伯市", "S_NAME": "大字池田", "JINKO": 2004, "medical_area": "44_南部医療圏", "町丁目名": "佐伯市大字池田" }, "geometry": { "type": "Polygon", "coordinates": [ [ [ 131.883983178761838, 32.953043350289583 ], [ 131.887885429851764, 32.950451485115458 ], [ 131.891441700386707, 32.949025386932092 ], [ 131.894747051880131, 32.948473134745278 ], [ 131.899837491280692, 32.948706045246638 ], [ 131.904550247183522, 32.948188198030955 ], [ 131.907369860873075, 32.946098168281871 ], [ 131.907602912400449, 32.945446952216273 ], [ 131.907486499932531, 32.94496226731124 ], [ 131.90620628005334, 32.942549176579718 ], [ 131.905010406638638, 32.941232348723219 ], [ 131.899043967125465, 32.939196694790994 ], [ 131.89849097381429, 32.940368280867304 ], [ 131.899032242225758, 32.941050977434038 ], [ 131.89944493935883, 32.94226176907992 ], [ 131.896264245398186, 32.942597118874886 ], [ 131.894384117694216, 32.942143645225244 ], [ 131.893924350486628, 32.941727696735249 ], [ 131.892279185256001, 32.941548645434729 ], [ 131.890165465540633, 32.940657460311506 ], [ 131.889250892312475, 32.940899932563752 ], [ 131.886968582927636, 32.94100900603209 ], [ 131.886690267786321, 32.941157433190305 ], [ 131.885707283144143, 32.942601969359465 ], [ 131.884708516112767, 32.943362132289977 ], [ 131.88059105238554, 32.944808932438953 ], [ 131.880416764952884, 32.945356974701767 ], [ 131.880540414938821, 32.945702493664378 ], [ 131.880068456942865, 32.946405271475911 ], [ 131.880010842399116, 32.947168631654982 ], [ 131.880320217111773, 32.948002357129646 ], [ 131.879796332429038, 32.949065656008244 ], [ 131.880398300023018, 32.950926462331786 ], [ 131.879913018802085, 32.951847956398701 ], [ 131.88033167636533, 32.952957146572601 ], [ 131.881885429120985, 32.952746061422935 ], [ 131.883139649883816, 32.95203310841012 ], [ 131.883983178761838, 32.953043350289583 ] ] ] } },
{ "type": "Feature", "properties": { "CITY_NAME": "佐伯市", "S_NAME": "大字海崎", "JINKO": 1378, "medical_area": "44_南部医療圏", "町丁目名": "佐伯市大字海崎" }, "geometry": { "type": "Polygon", "coordinates": [ [ [ 131.874896152289296, 33.013863884285378 ], [ 131.875721135668556, 33.01099301000086 ], [ 131.875773445781391, 33.010212231593776 ], [ 131.876724978093932, 33.009302307106694 ], [ 131.877224165499143, 33.008182386707453 ], [ 131.877780057417397, 33.008026734426593 ], [ 131.87818440821863, 33.007294060726402 ], [ 131.87877874648953, 33.00668290153309 ], [ 131.879197923098019, 33.006586010142513 ], [ 131.879612386994495, 33.006864904616933 ], [ 131.880135427061106, 33.006853999741445 ], [ 131.880331563316389, 33.005877107009162 ], [ 131.881168347037175, 33.005509906926186 ], [ 131.881728860467234, 33.004964005824206 ], [ 131.882343745182311, 33.004706754558846 ], [ 131.882757377955841, 33.004046262889254 ], [ 131.88390807047594, 33.002907260115762 ], [ 131.88540783150728, 33.001957273008024 ], [ 131.887369057937207, 32.999555187500562 ], [ 131.88833440219193, 32.999194265783949 ], [ 131.888072486390797, 32.997978876208869 ], [ 131.888557162741137, 32.997008035622983 ], [ 131.888984044462177, 32.997484002291053 ], [ 131.889641010417819, 32.997311922989731 ], [ 131.889676877758518, 32.997761028577557 ], [ 131.889874595905411, 32.997761227591361 ], [ 131.889768132147395, 32.996908917776345 ], [ 131.889936968450826, 32.9953585743554 ], [ 131.890472154953187, 32.993943400064182 ], [ 131.890994724421148, 32.993220285987718 ], [ 131.890704367708253, 32.993126195067674 ], [ 131.890358023948835, 32.993267526878007 ], [ 131.890526064425899, 32.992952526880828 ], [ 131.890101685955756, 32.992566000483805 ], [ 131.889810479520008, 32.992553643886033 ], [ 131.889707768092592, 32.992132363977902 ], [ 131.889839143323144, 32.992103476504234 ], [ 131.889816898574196, 32.99170326487711 ], [ 131.889365096322791, 32.991356605980201 ], [ 131.889684278885341, 32.991108704937858 ], [ 131.890276128748695, 32.991191420065142 ], [ 131.890251363779157, 32.991064452305217 ], [ 131.893101552368364, 32.98848682586619 ], [ 131.893254731939635, 32.988606564773605 ], [ 131.894646811850976, 32.988607437442035 ], [ 131.894464241279934, 32.988648419539004 ], [ 131.89456428468398, 32.989019216602088 ], [ 131.89470941837385, 32.988880215134031 ], [ 131.894751574622774, 32.989023287941649 ], [ 131.894621302177114, 32.989053075364311 ], [ 131.894791893479834, 32.989522558024284 ], [ 131.895035303124473, 32.989463106343152 ], [ 131.894782060052677, 32.98886346345801 ], [ 131.894871836855543, 32.988747399899218 ], [ 131.89471116132043, 32.98862230679066 ], [ 131.895004974669007, 32.988686932948077 ], [ 131.895470596670805, 32.989233656595687 ], [ 131.896177627435492, 32.989423367741388 ], [ 131.896639307282982, 32.989893467746562 ], [ 131.897468290627842, 32.989974090099466 ], [ 131.89774562620272, 32.989781834560311 ], [ 131.897437862233801, 32.989602794609731 ], [ 131.896061718015517, 32.987402383229274 ], [ 131.894644111448173, 32.986402950743155 ], [ 131.894218829900694, 32.985784122234392 ], [ 131.893686548316168, 32.985396375123791 ], [ 131.89346873163737, 32.984568769815453 ], [ 131.893504543208223, 32.984057972777435 ], [ 131.893235626505032, 32.983583885184309 ], [ 131.892393538696723, 32.983182992771845 ], [ 131.891818781449217, 32.982417422869048 ], [ 131.890816015636801, 32.982178577956091 ], [ 131.889992850946214, 32.98141997609423 ], [ 131.889602891825575, 32.98070037340019 ], [ 131.888540918203859, 32.979771630549941 ], [ 131.887805193739041, 32.979419163221287 ], [ 131.887431672622625, 32.978685405031719 ], [ 131.886514886084797, 32.978120315844336 ], [ 131.884484549745565, 32.977279063026991 ], [ 131.883462489991388, 32.977419540102211 ], [ 131.882652344274675, 32.977958271615485 ], [ 131.881826784110103, 32.978192027602645 ], [ 131.878261773002578, 32.977824400382623 ], [ 131.877763926835769, 32.980068644844657 ], [ 131.877334256914509, 32.981221849778748 ], [ 131.876308839697089, 32.981442950793742 ], [ 131.875201413373077, 32.982222173199297 ], [ 131.874637730308081, 32.982436509539355 ], [ 131.873139263906609, 32.984337604909967 ], [ 131.873351858682696, 32.984977247930836 ], [ 131.873961273357338, 32.985440222774109 ], [ 131.87436782127898, 32.986098412006285 ], [ 131.87440386802561, 32.987202534520748 ], [ 131.874721538805801, 32.98747640606549 ], [ 131.875469261202397, 32.988864911922448 ], [ 131.87506124659734, 32.9912543908654 ], [ 131.874506833417485, 32.992211315149738 ], [ 131.874398754002414, 32.994349138193726 ], [ 131.874111920227222, 32.994653779688484 ], [ 131.874754622911126, 32.995618283605808 ], [ 131.874330894661995, 32.996730942496718 ], [ 131.874500717319876, 32.997656282292745 ], [ 131.87419687397886, 32.998152192467977 ], [ 131.874583817905602, 32.999052118759259 ], [ 131.873917160833429, 32.999500130251676 ], [ 131.873080853983282, 32.999675869299757 ], [ 131.872943152371334, 33.000404244519984 ], [ 131.872326297958722, 33.001096922248294 ], [ 131.87177691680219, 33.001069242157641 ], [ 131.871603014451097, 33.001229727574646 ], [ 131.871943500604374, 33.002448414552397 ], [ 131.871664386047485, 33.00289404066622 ], [ 131.871121283870679, 33.003267560924854 ], [ 131.870903358744073, 33.003993370785565 ], [ 131.87034827584543, 33.004977502452057 ], [ 131.870587383487759, 33.00549535830671 ], [ 131.869828194757076, 33.006317847030125 ], [ 131.869851755927527, 33.007115926412055 ], [ 131.870113955332357, 33.007694289426091 ], [ 131.869833992979608, 33.008056485683603 ], [ 131.869861546690629, 33.008801440708616 ], [ 131.869397948089841, 33.009714773948751 ], [ 131.868198619851057, 33.010183868932607 ], [ 131.868069895841842, 33.010366781231184 ], [ 131.868279768681958, 33.010657316665423 ], [ 131.868381091960742, 33.011576189233324 ], [ 131.868746318946648, 33.012104536125875 ], [ 131.869312942453405, 33.01251014002564 ], [ 131.869097367775964, 33.013249197484448 ], [ 131.869243318204951, 33.013449157602253 ], [ 131.869675526155248, 33.013457521043044 ], [ 131.870051844084713, 33.014882611990139 ], [ 131.870749047455121, 33.015520505734663 ], [ 131.870425151283143, 33.016000559934966 ], [ 131.870246510417246, 33.016830371331594 ], [ 131.871449708509346, 33.017883748708861 ], [ 131.872886412450526, 33.018361650747579 ], [ 131.874023162864546, 33.016222044301948 ], [ 131.874041849849476, 33.015506547772198 ], [ 131.874896152289296, 33.013863884285378 ] ] ] } },
{ "type": "Feature", "properties": { "CITY_NAME": "佐伯市", "S_NAME": "大字戸穴", "JINKO": 1041, "medical_area": "44_南部医療圏", "町丁目名": "佐伯市大字戸穴" }, "geometry": { "type": "Polygon", "coordinates": [ [ [ 131.886884634172162, 33.028593540136718 ], [ 131.889276612494257, 33.026366074610173 ], [ 131.889926244268679, 33.023813300065008 ], [ 131.891147582484876, 33.022001938794027 ], [ 131.89165034166399, 33.020491797276527 ], [ 131.892502917124574, 33.019425926426734 ], [ 131.892426378012004, 33.018558892505482 ], [ 131.893047578729522, 33.017785578943347 ], [ 131.893118123393208, 33.017442197937477 ], [ 131.893111400367872, 33.014731367499991 ], [ 131.893711074413204, 33.013982162419239 ], [ 131.893585267418359, 33.013130449884237 ], [ 131.89378896355592, 33.011670574005365 ], [ 131.894381804178892, 33.011307331131121 ], [ 131.894513742945378, 33.010660200340809 ], [ 131.895249665062067, 33.009694613057377 ], [ 131.895266277389595, 33.009227798704799 ], [ 131.894889914034621, 33.008346465494029 ], [ 131.895333911903009, 33.007246444571834 ], [ 131.895238659310252, 33.006730466452204 ], [ 131.894954348846312, 33.006303932459339 ], [ 131.895045193830157, 33.005006913228094 ], [ 131.894644971754502, 33.004518708911014 ], [ 131.894505575204391, 33.004035499422471 ], [ 131.895031878069602, 33.003487431950497 ], [ 131.894868378669941, 33.002027419604111 ], [ 131.89521034237444, 33.001384515227315 ], [ 131.895600220441622, 32.999644107341396 ], [ 131.895956384441234, 32.999397736538313 ], [ 131.896111513155205, 32.999022316387148 ], [ 131.895811517106097, 32.998375427722095 ], [ 131.895805747082647, 32.997805421644436 ], [ 131.895236717568054, 32.996942402760467 ], [ 131.895590349848391, 32.995645236524297 ], [ 131.894958410466018, 32.995024221470253 ], [ 131.894511366308706, 32.99522710873552 ], [ 131.894260991548663, 32.996286629042622 ], [ 131.894379427105292, 32.996466128304121 ], [ 131.894887736274256, 32.99656709308497 ], [ 131.894904133891629, 32.997031367289573 ], [ 131.89460084798273, 32.996768427991725 ], [ 131.89353245083683, 32.996513663582228 ], [ 131.894017583495355, 32.994328006595325 ], [ 131.893616481909419, 32.995513042025649 ], [ 131.893433817411392, 32.994908383424068 ], [ 131.893618364056863, 32.994109034590437 ], [ 131.892612127653621, 32.993747412169739 ], [ 131.892984391584378, 32.993100918225117 ], [ 131.892869434781176, 32.993058455957488 ], [ 131.892542352143636, 32.993725366589985 ], [ 131.891977431611679, 32.993521096328138 ], [ 131.892230815324666, 32.993072933198611 ], [ 131.892123409993474, 32.993033120341579 ], [ 131.891886175296008, 32.993491088862875 ], [ 131.890994724421176, 32.993220285987718 ], [ 131.890472154953187, 32.993943400064182 ], [ 131.889839628463335, 32.995887925292138 ], [ 131.889874595905411, 32.997761227591361 ], [ 131.88967687775849, 32.997761028577557 ], [ 131.889641010417819, 32.997311922989731 ], [ 131.888984044462177, 32.997484002291053 ], [ 131.888557162741108, 32.997008035622983 ], [ 131.888072486390797, 32.997978876208869 ], [ 131.888334402191987, 32.999194265783949 ], [ 131.887369057937207, 32.999555187500562 ], [ 131.88540783150728, 33.001957273008024 ], [ 131.88390807047594, 33.002907260115762 ], [ 131.882757377955841, 33.004046262889254 ], [ 131.882343745182311, 33.004706754558846 ], [ 131.881728860467234, 33.004964005824206 ], [ 131.881168347037175, 33.005509906926186 ], [ 131.880331563316389, 33.005877107009162 ], [ 131.880135427061106, 33.006853999741445 ], [ 131.879612386994495, 33.006864904616933 ], [ 131.879197923098019, 33.006586010142513 ], [ 131.87877874648953, 33.00668290153309 ], [ 131.87818440821863, 33.007294060726402 ], [ 131.877780057417397, 33.008026734426593 ], [ 131.877224165499143, 33.008182386707453 ], [ 131.876724978093932, 33.009302307106694 ], [ 131.875773445781391, 33.010212231593776 ], [ 131.875721135668556, 33.01099301000086 ], [ 131.875473605806775, 33.011547530856191 ], [ 131.875180568825982, 33.013132077674641 ], [ 131.874041849849476, 33.015506547772198 ], [ 131.874023162864546, 33.016222044301948 ], [ 131.872886412450526, 33.018361650747579 ], [ 131.873684876003011, 33.019172455534168 ], [ 131.874096486438134, 33.019344750805452 ], [ 131.874276254710708, 33.019690342028703 ], [ 131.874058913681438, 33.020053226307496 ], [ 131.874257411596432, 33.020297092621561 ], [ 131.874021193395492, 33.021044488214905 ], [ 131.874613004921144, 33.021410727103827 ], [ 131.874877900352431, 33.021764229173705 ], [ 131.87554957468933, 33.021799569179187 ], [ 131.876021440814725, 33.02205151776986 ], [ 131.876755872778631, 33.02272455104756 ], [ 131.877737331328092, 33.024197897446896 ], [ 131.877529516124383, 33.024509668652939 ], [ 131.877638771652471, 33.024741630651434 ], [ 131.878963316867498, 33.025752090277535 ], [ 131.879093522113152, 33.026147827442912 ], [ 131.879621219224504, 33.026637100569921 ], [ 131.879761788736488, 33.027629599951723 ], [ 131.879669144801284, 33.027892196106251 ], [ 131.881049930182712, 33.028109058867955 ], [ 131.881557600209618, 33.028440656382486 ], [ 131.88198368347048, 33.028456527767567 ], [ 131.882756470217004, 33.029384616008265 ], [ 131.882861782297937, 33.029822914562963 ], [ 131.882734517230887, 33.030269945819128 ], [ 131.884277407002088, 33.029664014539051 ], [ 131.885750682842485, 33.029292520486734 ], [ 131.886884634172162, 33.028593540136718 ] ] ] } },
{ "type": "Feature", "properties": { "CITY_NAME": "佐伯市", "S_NAME": "大字霞ケ浦", "JINKO": 318, "medical_area": "44_南部医療圏", "町丁目名": "佐伯市大字霞ケ浦" }, "geometry": { "type": "Polygon", "coordinates": [ [ [ 131.898667032182317, 33.006604564459799 ], [ 131.899037819223594, 33.005546784006214 ], [ 131.898712964389063, 33.005608381139744 ], [ 131.898702877093854, 33.005033143554726 ], [ 131.898529337635324, 33.005019061485328 ], [ 131.89866158242063, 33.004026198583503 ], [ 131.898916790585048, 33.003865656855083 ], [ 131.898939790934605, 33.003387572982618 ], [ 131.899398652639405, 33.003367140865606 ], [ 131.898786725082601, 33.003380556131816 ], [ 131.897136254797317, 33.001770194353675 ], [ 131.89719512369939, 33.001449657853286 ], [ 131.897546700946634, 33.001294742080773 ], [ 131.897610938946059, 33.000770375943006 ], [ 131.897400188394073, 33.000780004527705 ], [ 131.896648161732713, 33.000070328957442 ], [ 131.896779971853249, 32.999877314051616 ], [ 131.897574908593015, 32.999542478071319 ], [ 131.897692449697075, 32.999311693571798 ], [ 131.897605535793133, 32.998869568417767 ], [ 131.897402569616929, 32.998591488959448 ], [ 131.896881080795112, 32.998346352756407 ], [ 131.896952998700584, 32.998257468784395 ], [ 131.896581371772839, 32.998016665647519 ], [ 131.896485991934355, 32.998108424096522 ], [ 131.89620448815819, 32.997363809403737 ], [ 131.895966800723443, 32.997453883370127 ], [ 131.895572365521474, 32.996866976336264 ], [ 131.895676601779684, 32.996593005674669 ], [ 131.896650919829113, 32.996010719327685 ], [ 131.896733353612717, 32.995384326978979 ], [ 131.896095055874781, 32.995118383134546 ], [ 131.895630504161744, 32.995210080000525 ], [ 131.894958410466018, 32.995024221470253 ], [ 131.895621829202014, 32.995732578162759 ], [ 131.895236717568054, 32.996942402760467 ], [ 131.895805747082647, 32.997805421644436 ], [ 131.895811517106097, 32.998375427722095 ], [ 131.896111513155205, 32.999022316387148 ], [ 131.895956384441234, 32.999397736538313 ], [ 131.895600220441622, 32.999644107341396 ], [ 131.89521034237444, 33.001384515227315 ], [ 131.894868378669941, 33.002027419604111 ], [ 131.895031878069602, 33.003487431950497 ], [ 131.894505575204391, 33.004035499422471 ], [ 131.894644971754502, 33.004518708911014 ], [ 131.895045193830157, 33.005006913228094 ], [ 131.894954348846284, 33.006303932459339 ], [ 131.895238659310252, 33.006730466452204 ], [ 131.89647856399435, 33.007008809029522 ], [ 131.897032665799372, 33.006679665736307 ], [ 131.898667032182317, 33.006604564459799 ] ] ] } },
{ "type": "Feature", "properties": { "CITY_NAME": "佐伯市", "S_NAME": "大字荒網代浦", "JINKO": 0, "medical_area": "44_南部医療圏", "町丁目名": "佐伯市大字荒網代浦" }, "geometry": { "type": "Polygon", "coordinates": [ [ [ 131.954666616229872, 32.99593411950142 ], [ 131.955066592643647, 32.995775818521942 ], [ 131.955504036938294, 32.99586747605661 ], [ 131.955416558402391, 32.995592514156989 ], [ 131.956166518149558, 32.994834274229071 ], [ 131.956416524864096, 32.99424268518009 ], [ 131.957403909627146, 32.994517687528159 ], [ 131.957803893375228, 32.99449270733075 ], [ 131.957803925134357, 32.99431772891667 ], [ 131.957316412293096, 32.994334370898088 ], [ 131.957291448745764, 32.994159384990859 ], [ 131.956541478675007, 32.993884387773775 ], [ 131.956579002823361, 32.993317785360574 ], [ 131.956441556203146, 32.993184453717014 ], [ 131.955716561470297, 32.993542726245792 ], [ 131.955104148069722, 32.993542705475221 ], [ 131.954941614594787, 32.995434182725958 ], [ 131.954566649338432, 32.995725800281392 ], [ 131.954666616229872, 32.99593411950142 ] ] ] } },
{ "type": "Feature", "properties": { "CITY_NAME": "佐伯市", "S_NAME": "大字荒網代浦", "JINKO": 170, "medical_area": "44_南部医療圏", "町丁目名": "佐伯市大字荒網代浦" }, "geometry": { "type": "Polygon", "coordinates": [ [ [ 131.941245540727323, 32.998166414542311 ], [ 131.941430036450839, 32.998606870755069 ], [ 131.942049686125586, 32.998419157191407 ], [ 131.942117951922171, 32.998093120361766 ], [ 131.941910246315274, 32.997577094886339 ], [ 131.942519758525833, 32.996632908251655 ], [ 131.943219337375069, 32.996715105101678 ], [ 131.944547617864657, 32.996244307489185 ], [ 131.945009742814221, 32.996534779875908 ], [ 131.945312288908667, 32.996206072415944 ], [ 131.94416877672046, 32.99543741734017 ], [ 131.944826984977141, 32.994846331312743 ], [ 131.944879038799144, 32.994263571953404 ], [ 131.944567153508217, 32.994154383300078 ], [ 131.944892590355153, 32.994217248266906 ], [ 131.944917626726578, 32.994017274206414 ], [ 131.944767612315047, 32.993675635378032 ], [ 131.944840080691449, 32.993902421159248 ], [ 131.940137705107361, 32.993554959285404 ], [ 131.939286454332546, 32.993135991686266 ], [ 131.938771499869233, 32.99310288538188 ], [ 131.937545690185459, 32.992337496783556 ], [ 131.938567060227001, 32.992995309791347 ], [ 131.938215327274207, 32.993432575062045 ], [ 131.937317306953872, 32.993198544394794 ], [ 131.937306360818241, 32.993080501545123 ], [ 131.937167384728099, 32.993187043846774 ], [ 131.936678946087397, 32.992633437482482 ], [ 131.937126993795744, 32.992402851440467 ], [ 131.936662516271355, 32.992597491725455 ], [ 131.936535200913312, 32.991996097054951 ], [ 131.934317985524984, 32.990854865453031 ], [ 131.934138017289797, 32.990435106296147 ], [ 131.933056607373743, 32.98985705732364 ], [ 131.933082250156701, 32.989442074966448 ], [ 131.932962256724068, 32.989430346402955 ], [ 131.932904488488333, 32.989834746450441 ], [ 131.934067814321878, 32.990468093153474 ], [ 131.933767143581719, 32.991079898937713 ], [ 131.932343016640317, 32.990678433294349 ], [ 131.931965662276099, 32.990406219778627 ], [ 131.931032481051375, 32.990282417311768 ], [ 131.930759164078154, 32.990038280904514 ], [ 131.930889930313498, 32.989953447279653 ], [ 131.930413555737573, 32.989014689966901 ], [ 131.930714494925468, 32.988633728862844 ], [ 131.932428056614128, 32.989504660837746 ], [ 131.930649025091952, 32.988512483143531 ], [ 131.930103800824213, 32.988659009020502 ], [ 131.929361025531392, 32.988228993285439 ], [ 131.928516407985427, 32.986454356731585 ], [ 131.92782241230816, 32.986281864070946 ], [ 131.928000938145885, 32.987342580319662 ], [ 131.927673272126725, 32.989324603640718 ], [ 131.927005829206678, 32.989983103479283 ], [ 131.925301620281004, 32.990789425908616 ], [ 131.927228700427349, 32.991503536897795 ], [ 131.928023078902072, 32.992070116493103 ], [ 131.92842998428398, 32.992123328828356 ], [ 131.929174842299631, 32.992876833861374 ], [ 131.929989950487169, 32.99310590010046 ], [ 131.931156430832317, 32.993002656367196 ], [ 131.931964933904169, 32.99317553662835 ], [ 131.933805559728455, 32.994020513254533 ], [ 131.934735920206577, 32.994736469183906 ], [ 131.936791637279725, 32.995331619851953 ], [ 131.937716423416646, 32.995794629389621 ], [ 131.938399455253602, 32.996383965060254 ], [ 131.939029401371727, 32.997359291805374 ], [ 131.940399657004804, 32.998920303963715 ], [ 131.940463804251266, 32.998410346920366 ], [ 131.941245540727323, 32.998166414542311 ] ] ] } },
{ "type": "Feature", "properties": { "CITY_NAME": "佐伯市", "S_NAME": "大字石間浦", "JINKO": 141, "medical_area": "44_南部医療圏", "町丁目名": "佐伯市大字石間浦" }, "geometry": { "type": "Polygon", "coordinates": [ [ [ 131.926749881627245, 32.985832637162666 ], [ 131.926803471323439, 32.985737560119034 ], [ 131.926719820591586, 32.985819333936092 ], [ 131.926386971303458, 32.985498983100875 ], [ 131.925093395657882, 32.982623957259598 ], [ 131.924745537352351, 32.981174764207637 ], [ 131.92498230784841, 32.980587800892295 ], [ 131.92450350047551, 32.979917755184147 ], [ 131.924112736664512, 32.980301167930591 ], [ 131.92390534671577, 32.980218839877786 ], [ 131.924097140948902, 32.980344563738655 ], [ 131.923886316996203, 32.980750993027222 ], [ 131.922026086816544, 32.981497809855178 ], [ 131.919712868979644, 32.981583376023245 ], [ 131.922008801946248, 32.981588108878789 ], [ 131.922113145147904, 32.982362814882094 ], [ 131.921920762421649, 32.982687048445285 ], [ 131.921487114247071, 32.982863373939516 ], [ 131.920781264932316, 32.982986699334489 ], [ 131.920661226675008, 32.982864949560224 ], [ 131.919135149386705, 32.982826583154718 ], [ 131.917679062464401, 32.981797599013476 ], [ 131.917863519476242, 32.981634837108778 ], [ 131.919116859034631, 32.981577839115765 ], [ 131.917841685038695, 32.981592616241251 ], [ 131.917506719931708, 32.981887230899524 ], [ 131.916801151234665, 32.981326127969538 ], [ 131.916031236639697, 32.981364230372662 ], [ 131.915476797676462, 32.981126631610799 ], [ 131.915989376130597, 32.981454708941797 ], [ 131.915814127476068, 32.981886113337325 ], [ 131.915210250407625, 32.982463126697425 ], [ 131.914941408356697, 32.982119736787745 ], [ 131.91518378438667, 32.982490372004271 ], [ 131.91505192070511, 32.982364194853666 ], [ 131.915098553427868, 32.982525260505483 ], [ 131.914794616530287, 32.98262036271997 ], [ 131.913446852205396, 32.982438150088448 ], [ 131.913771952431432, 32.983026031448915 ], [ 131.913775475422199, 32.983960250960713 ], [ 131.914061522499054, 32.984237423398568 ], [ 131.914803616574943, 32.98463565017385 ], [ 131.916158230261658, 32.985712291081576 ], [ 131.917476497238738, 32.985898106187996 ], [ 131.918680476314591, 32.987170843238886 ], [ 131.92129584770592, 32.988485631382751 ], [ 131.921846540416567, 32.988951824732489 ], [ 131.924003866591875, 32.989643838216487 ], [ 131.924545547467687, 32.990406550783796 ], [ 131.925301620281004, 32.990789425908616 ], [ 131.927005829206678, 32.989983103479283 ], [ 131.927673272126725, 32.989324603640718 ], [ 131.928000938145885, 32.987342580319662 ], [ 131.92782241230816, 32.986281864070946 ], [ 131.926749881627245, 32.985832637162666 ] ] ] } },
{ "type": "Feature", "properties": { "CITY_NAME": "佐伯市", "S_NAME": "大字日向泊浦", "JINKO": 25, "medical_area": "44_南部医療圏", "町丁目名": "佐伯市大字日向泊浦" }, "geometry": { "type": "Polygon", "coordinates": [ [ [ 131.935351184669599, 33.016085476741033 ], [ 131.936355480346037, 33.016218628664653 ], [ 131.937415584865761, 33.015967220052943 ], [ 131.937805603388512, 33.016207760693867 ], [ 131.938481852730945, 33.016093578533777 ], [ 131.939918345770366, 33.016311825508666 ], [ 131.941216734405629, 33.01572044796297 ], [ 131.942183150847256, 33.015916056880258 ], [ 131.942712303248157, 33.015651471451633 ], [ 131.943106309702074, 33.015864913256472 ], [ 131.944159735866378, 33.015090500977564 ], [ 131.943860368584382, 33.014915121989922 ], [ 131.943815477119983, 33.014523212386912 ], [ 131.944200225842195, 33.014369720441231 ], [ 131.944233345316746, 33.014158468114054 ], [ 131.943951006217674, 33.013477094999836 ], [ 131.943745014412855, 33.013330767811908 ], [ 131.943869967225709, 33.013106198166469 ], [ 131.942612385630042, 33.013503423371397 ], [ 131.941885448936318, 33.01307787711513 ], [ 131.941317724839479, 33.011715141200192 ], [ 131.94136535794371, 33.011468613455932 ], [ 131.941668369314584, 33.011382472683557 ], [ 131.941572560886755, 33.010517543427746 ], [ 131.941374133625033, 33.010578550329207 ], [ 131.941435809441941, 33.010741297089851 ], [ 131.940910234350497, 33.010434158855887 ], [ 131.940917709630583, 33.010634284432498 ], [ 131.94034994115006, 33.010983912829694 ], [ 131.940419761103726, 33.011110530628166 ], [ 131.940059778196201, 33.011477531055526 ], [ 131.939884308737504, 33.01137785765652 ], [ 131.938802223651152, 33.011979316781222 ], [ 131.938374498696277, 33.012014086936588 ], [ 131.937738353741423, 33.01176637549338 ], [ 131.938369739015599, 33.012070029611017 ], [ 131.938932253398974, 33.012027935466676 ], [ 131.938749965669018, 33.012500904952162 ], [ 131.938120882006274, 33.012621045763836 ], [ 131.937603845270871, 33.012306614624329 ], [ 131.937702155570634, 33.012091267442585 ], [ 131.937481587403909, 33.012384177621236 ], [ 131.937351006272422, 33.012283261671733 ], [ 131.936656097366466, 33.011039583552588 ], [ 131.93674979131535, 33.010379724719265 ], [ 131.9369800450458, 33.009991162724781 ], [ 131.937587392275134, 33.010047026676389 ], [ 131.937797945023021, 33.009914698822989 ], [ 131.93755959042511, 33.009639657787098 ], [ 131.937061060598722, 33.009555926897185 ], [ 131.937013375965648, 33.009094603647441 ], [ 131.937113387618496, 33.008937856980083 ], [ 131.937366235145049, 33.008963013854803 ], [ 131.936887423400208, 33.008015287195796 ], [ 131.936981529856951, 33.007909080923923 ], [ 131.936860366860657, 33.007678246473041 ], [ 131.937082218852595, 33.007610759068179 ], [ 131.937054837746672, 33.007448654655015 ], [ 131.936620449798681, 33.007357227773092 ], [ 131.936665668919005, 33.007181955830085 ], [ 131.936126855455569, 33.00713008306046 ], [ 131.936124069724514, 33.007277985626189 ], [ 131.935608373003362, 33.006984276800658 ], [ 131.935274259121741, 33.00706161665839 ], [ 131.93525203822071, 33.006683060491454 ], [ 131.934911524767017, 33.006462882523913 ], [ 131.934008915821693, 33.006416430095207 ], [ 131.933922580553542, 33.006046468231489 ], [ 131.934201333872579, 33.006094881439694 ], [ 131.934302729801686, 33.005966079221238 ], [ 131.933784432920419, 33.005424410922323 ], [ 131.934604022992346, 33.005107192689444 ], [ 131.934788370130462, 33.004726190368267 ], [ 131.934596057749815, 33.004351610656443 ], [ 131.934017070855788, 33.004143129955509 ], [ 131.933861511040362, 33.003899926944733 ], [ 131.933933724286334, 33.003746995389669 ], [ 131.933310829891496, 33.00363983468835 ], [ 131.932713580382483, 33.003220481144005 ], [ 131.932760606220171, 33.00291444252732 ], [ 131.931638812375638, 33.002675734653245 ], [ 131.931277479289633, 33.002309619324599 ], [ 131.929930247217243, 33.003436861086264 ], [ 131.929411360904453, 33.004190998449879 ], [ 131.929068788506271, 33.004873119183571 ], [ 131.929320486846422, 33.005356177390205 ], [ 131.929192714966405, 33.006135882881431 ], [ 131.929525514344505, 33.006873838663147 ], [ 131.930903557688112, 33.008301443773327 ], [ 131.931268013006246, 33.009822122656672 ], [ 131.931845670103712, 33.01095087613372 ], [ 131.931841043939244, 33.012460495078507 ], [ 131.932163801896735, 33.012748262697173 ], [ 131.934242124627048, 33.013482351677006 ], [ 131.93426903312627, 33.013703226632479 ], [ 131.933664334182453, 33.014688813131364 ], [ 131.933829798257364, 33.017056292044856 ], [ 131.935351184669599, 33.016085476741033 ] ] ] } },
{ "type": "Feature", "properties": { "CITY_NAME": "佐伯市", "S_NAME": "大字日向泊浦", "JINKO": 0, "medical_area": "44_南部医療圏", "町丁目名": "佐伯市大字日向泊浦" }, "geometry": { "type": "Polygon", "coordinates": [ [ [ 131.939242248669302, 33.018881285568845 ], [ 131.938917263080214, 33.019106244836273 ], [ 131.939504725172554, 33.019781199166644 ], [ 131.939754656537048, 33.019464574253369 ], [ 131.939379729606117, 33.019356237289053 ], [ 131.939242248669302, 33.018881285568845 ] ] ] } },
{ "type": "Feature", "properties": { "CITY_NAME": "佐伯市", "S_NAME": "大字高松浦", "JINKO": 0, "medical_area": "44_南部医療圏", "町丁目名": "佐伯市大字高松浦" }, "geometry": { "type": "Polygon", "coordinates": [ [ [ 131.925155822501665, 33.022422230286622 ], [ 131.925530835293017, 33.021905616428626 ], [ 131.925530804980696, 33.021613981358293 ], [ 131.925368377387088, 33.021522314900189 ], [ 131.924105942028461, 33.021972246396949 ], [ 131.924430897830746, 33.022197237867161 ], [ 131.924855841112418, 33.022130591799908 ], [ 131.925155822501665, 33.022422230286622 ] ] ] } },
{ "type": "Feature", "properties": { "CITY_NAME": "佐伯市", "S_NAME": "大字高松浦", "JINKO": 0, "medical_area": "44_南部医療圏", "町丁目名": "佐伯市大字高松浦" }, "geometry": { "type": "Polygon", "coordinates": [ [ [ 131.925655948696175, 33.01938086266545 ], [ 131.924931032517094, 33.019330851031576 ], [ 131.92458105567826, 33.019689155681057 ], [ 131.925405915625163, 33.019989146738965 ], [ 131.925780888490806, 33.019830838062887 ], [ 131.925943423626393, 33.019564191722857 ], [ 131.925655948696175, 33.01938086266545 ] ] ] } },
{ "type": "Feature", "properties": { "CITY_NAME": "佐伯市", "S_NAME": "大字高松浦", "JINKO": 40, "medical_area": "44_南部医療圏", "町丁目名": "佐伯市大字高松浦" }, "geometry": { "type": "Polygon", "coordinates": [ [ [ 131.933755063287322, 33.017073983732168 ], [ 131.933664334182453, 33.014688813131364 ], [ 131.93426903312627, 33.013703226632479 ], [ 131.934242124627048, 33.013482351677006 ], [ 131.932163801896735, 33.012748262697173 ], [ 131.931841043939244, 33.012460495078507 ], [ 131.931845670103712, 33.01095087613372 ], [ 131.931268013006246, 33.009822122656672 ], [ 131.930903557688112, 33.008301443773327 ], [ 131.929525514344505, 33.006873838663147 ], [ 131.929254171655629, 33.006272235473077 ], [ 131.928425617280141, 33.006510865019656 ], [ 131.927582431160772, 33.007621178341708 ], [ 131.925475405204992, 33.009262355413767 ], [ 131.924547734240292, 33.008667004652288 ], [ 131.924214766842653, 33.008615588964759 ], [ 131.923426923447437, 33.009106187941079 ], [ 131.92187910385249, 33.009512778603536 ], [ 131.921020108282647, 33.008732870222097 ], [ 131.919223951784318, 33.008016585818226 ], [ 131.919207930739248, 33.008221396062879 ], [ 131.919502573985909, 33.008358996724894 ], [ 131.919495971406548, 33.008552916837466 ], [ 131.920158838357878, 33.009311802166614 ], [ 131.919897127702797, 33.00966540250608 ], [ 131.920148551522828, 33.01017392932237 ], [ 131.919803231243577, 33.010729230789906 ], [ 131.919971012874555, 33.011323135987148 ], [ 131.919488873865873, 33.012304158936544 ], [ 131.919498589877804, 33.012620595292113 ], [ 131.919766889526215, 33.012901763773478 ], [ 131.92021285266955, 33.012971520748508 ], [ 131.920299613714917, 33.012355901579888 ], [ 131.921486492905501, 33.011944982990286 ], [ 131.922122390883999, 33.011859136568688 ], [ 131.922599142360951, 33.012011617160184 ], [ 131.923296589979429, 33.011773818622068 ], [ 131.923879763672716, 33.011964281469837 ], [ 131.92353013267558, 33.011791029217633 ], [ 131.923670330836956, 33.010560940360357 ], [ 131.923820799319202, 33.010309147779246 ], [ 131.924075507098621, 33.010311773097044 ], [ 131.924911697316617, 33.010856541091492 ], [ 131.925835518272009, 33.010880357788736 ], [ 131.926493780583371, 33.011399380769873 ], [ 131.926690478013512, 33.011787467276953 ], [ 131.926685565308844, 33.01213376681995 ], [ 131.92521139973428, 33.012608180505872 ], [ 131.925079291828553, 33.013073548713429 ], [ 131.923921609923411, 33.012899966130725 ], [ 131.925089602026162, 33.013140199916968 ], [ 131.925342325000145, 33.014178922559999 ], [ 131.927968058197735, 33.015136918357314 ], [ 131.928611298257721, 33.015239443613048 ], [ 131.9286544162062, 33.016084040965204 ], [ 131.929741942410232, 33.0163004813557 ], [ 131.930264046393233, 33.016587851603752 ], [ 131.930507387425962, 33.016525623396788 ], [ 131.930760560312109, 33.016069267192876 ], [ 131.93132137677523, 33.01586219897812 ], [ 131.932900533213285, 33.015908126223579 ], [ 131.933755063287322, 33.017073983732168 ] ] ] } },
{ "type": "Feature", "properties": { "CITY_NAME": "佐伯市", "S_NAME": "大字高松浦", "JINKO": 0, "medical_area": "44_南部医療圏", "町丁目名": "佐伯市大字高松浦" }, "geometry": { "type": "Polygon", "coordinates": [ [ [ 131.925032886272533, 33.02261372936163 ], [ 131.924902368231528, 33.022599431642298 ], [ 131.924884483166011, 33.022640610507743 ], [ 131.924963809128144, 33.022709717112065 ], [ 131.925032886272533, 33.02261372936163 ] ] ] } },
{ "type": "Feature", "properties": { "CITY_NAME": "佐伯市", "S_NAME": "大字高松浦", "JINKO": 0, "medical_area": "44_南部医療圏", "町丁目名": "佐伯市大字高松浦" }, "geometry": { "type": "Polygon", "coordinates": [ [ [ 131.924858286013887, 33.022461704494404 ], [ 131.924780980068078, 33.022337622605093 ], [ 131.924744687267747, 33.022433717492767 ], [ 131.924858286013887, 33.022461704494404 ] ] ] } },
{ "type": "Feature", "properties": { "CITY_NAME": "佐伯市", "S_NAME": "大字守後浦", "JINKO": 0, "medical_area": "44_南部医療圏", "町丁目名": "佐伯市大字守後浦" }, "geometry": { "type": "Polygon", "coordinates": [ [ [ 131.909695955886434, 32.986225224515096 ], [ 131.90878352897343, 32.986000211146902 ], [ 131.908783573752032, 32.986200204550414 ], [ 131.909158542864702, 32.98690013003548 ], [ 131.909983476964271, 32.98755842668384 ], [ 131.910120908974989, 32.987241805226795 ], [ 131.909908452851738, 32.987016827499041 ], [ 131.909695955886434, 32.986225224515096 ] ] ] } },
{ "type": "Feature", "properties": { "CITY_NAME": "佐伯市", "S_NAME": "大字守後浦", "JINKO": 56, "medical_area": "44_南部医療圏", "町丁目名": "佐伯市大字守後浦" }, "geometry": { "type": "Polygon", "coordinates": [ [ [ 131.912158440809208, 32.992087893117443 ], [ 131.914163018254868, 32.991074552334013 ], [ 131.91477323103382, 32.990943349897762 ], [ 131.917002820903349, 32.991315679724195 ], [ 131.918368055317274, 32.991968924667198 ], [ 131.91914571888401, 32.991540748680407 ], [ 131.919876072190505, 32.990428522249587 ], [ 131.921988501752537, 32.989179365748321 ], [ 131.922419279182236, 32.989142390379442 ], [ 131.918680476314591, 32.987170843238886 ], [ 131.917476497238738, 32.985898106187996 ], [ 131.916158230261658, 32.985712291081576 ], [ 131.914803616574943, 32.98463565017385 ], [ 131.914061522499054, 32.984237423398568 ], [ 131.913775475422199, 32.983960250960713 ], [ 131.913721896664157, 32.982848694957177 ], [ 131.913364603210084, 32.982454079560668 ], [ 131.912563625733583, 32.983008175162205 ], [ 131.912075958619994, 32.983655563088618 ], [ 131.912012295802498, 32.984430605151289 ], [ 131.910336880148634, 32.985171407949956 ], [ 131.912022269503467, 32.984465699183957 ], [ 131.91204922579729, 32.986461011783561 ], [ 131.912598245228708, 32.987103540401776 ], [ 131.912547024003686, 32.98763322971697 ], [ 131.912489341195595, 32.98774636677939 ], [ 131.9120782774406, 32.987627633766692 ], [ 131.910966817094646, 32.987850348959185 ], [ 131.910360540572555, 32.987785333784927 ], [ 131.910173879139109, 32.988362896961284 ], [ 131.910526580816565, 32.988846358107843 ], [ 131.910579983041117, 32.989463651872001 ], [ 131.911342904682243, 32.989779107892957 ], [ 131.911732014275458, 32.990265907128091 ], [ 131.911288097479627, 32.990798458680494 ], [ 131.912306667106321, 32.99130952176192 ], [ 131.912351689719657, 32.991631109858631 ], [ 131.912152433432766, 32.991812909154206 ], [ 131.912158440809208, 32.992087893117443 ] ] ] } },
{ "type": "Feature", "properties": { "CITY_NAME": "佐伯市", "S_NAME": "大字塩内浦", "JINKO": 22, "medical_area": "44_南部医療圏", "町丁目名": "佐伯市大字塩内浦" }, "geometry": { "type": "Polygon", "coordinates": [ [ [ 131.932640172029522, 32.998131860218152 ], [ 131.933236408349529, 32.9982994531047 ], [ 131.932964464044517, 32.998689225014985 ], [ 131.933463250364639, 32.998501549736716 ], [ 131.933597957723805, 32.998591619470915 ], [ 131.933558242750479, 32.998471985058309 ], [ 131.933649900847882, 32.998443347265109 ], [ 131.934245749047022, 32.998629161033541 ], [ 131.933796201498126, 32.998411595688111 ], [ 131.934066090837291, 32.998025443330363 ], [ 131.934688124546312, 32.997959477818156 ], [ 131.934630590360314, 32.998179930045204 ], [ 131.934790288001778, 32.998205786937845 ], [ 131.935478620610013, 32.998029313977248 ], [ 131.935238536372566, 32.998807496962485 ], [ 131.934554927183001, 32.998718826899513 ], [ 131.936012826452753, 32.999274213199463 ], [ 131.935545134147731, 32.998755608808423 ], [ 131.935767403715488, 32.998626804357613 ], [ 131.935871289442332, 32.998029983945486 ], [ 131.936188562275902, 32.997675035680295 ], [ 131.93702626321047, 32.997457760874234 ], [ 131.939330095252245, 32.998771437294415 ], [ 131.940399657004775, 32.998920303963715 ], [ 131.939029401371698, 32.997359291805338 ], [ 131.938399455253602, 32.996383965060275 ], [ 131.937716423416617, 32.995794629389614 ], [ 131.936791637279725, 32.995331619851918 ], [ 131.934735920206549, 32.994736469183906 ], [ 131.933805559728455, 32.994020513254519 ], [ 131.93329989237148, 32.994528728038567 ], [ 131.933230145728373, 32.994827680506447 ], [ 131.933551933063995, 32.995711803878649 ], [ 131.933472451223849, 32.997064142689837 ], [ 131.932640172029522, 32.998131860218152 ] ] ] } },
{ "type": "Feature", "properties": { "CITY_NAME": "佐伯市", "S_NAME": "大字片神浦", "JINKO": 61, "medical_area": "44_南部医療圏", "町丁目名": "佐伯市大字片神浦" }, "geometry": { "type": "Polygon", "coordinates": [ [ [ 131.924214766842653, 33.008615588964759 ], [ 131.924547734240292, 33.008667004652288 ], [ 131.925475405204992, 33.009262355413767 ], [ 131.927582431160772, 33.007621178341708 ], [ 131.928425617280141, 33.006510865019656 ], [ 131.929254171655629, 33.006272235473077 ], [ 131.929320486846422, 33.005356177390205 ], [ 131.929068788506271, 33.004873119183571 ], [ 131.929930247217243, 33.003436861086264 ], [ 131.931277479289633, 33.002309619324599 ], [ 131.931371466770656, 33.001777801461628 ], [ 131.928839697193098, 33.000050888071812 ], [ 131.927396547905488, 32.999584585299395 ], [ 131.927199406544901, 32.99904771625004 ], [ 131.926489410713941, 32.998177399640056 ], [ 131.926462706423962, 32.997461625521744 ], [ 131.926191450403365, 32.997207543889068 ], [ 131.926250189986177, 32.997092589591787 ], [ 131.927055498856106, 32.996133492160638 ], [ 131.927208687242455, 32.996144980669932 ], [ 131.92941029497166, 32.996805833037811 ], [ 131.929639110256602, 32.99750838278166 ], [ 131.92959412874842, 32.997196718598232 ], [ 131.930387071443164, 32.997094336593712 ], [ 131.930674483859178, 32.99726172198524 ], [ 131.930732713996036, 32.997815851968404 ], [ 131.929783056470569, 32.997969899351503 ], [ 131.929806157937691, 32.998028340498543 ], [ 131.931027186705705, 32.997930884348072 ], [ 131.931598736577598, 32.998152059343617 ], [ 131.931923868037956, 32.997930516869282 ], [ 131.932640172029522, 32.998131860218152 ], [ 131.933472451223849, 32.997064142689837 ], [ 131.933551933063995, 32.995711803878649 ], [ 131.933230145728373, 32.994827680506447 ], [ 131.93329989237148, 32.994528728038581 ], [ 131.933805559728455, 32.994020513254533 ], [ 131.93150868189133, 32.993040925629991 ], [ 131.92963767618798, 32.9930574090994 ], [ 131.928967292990961, 32.99275059209846 ], [ 131.92842998428398, 32.992123328828356 ], [ 131.928023078902015, 32.992070116493103 ], [ 131.927228700427349, 32.991503536897795 ], [ 131.925301620281004, 32.990789425908616 ], [ 131.925009066839067, 32.992370237621834 ], [ 131.924205371376303, 32.992672665805159 ], [ 131.9231028465598, 32.994053843241787 ], [ 131.921916462499894, 32.994866217671671 ], [ 131.921480997878177, 32.995750184600261 ], [ 131.920701364153047, 32.996063388471264 ], [ 131.919958169115233, 32.997399640873454 ], [ 131.922107047146227, 32.998756244556745 ], [ 131.921908200692314, 32.999081430637482 ], [ 131.922135109414569, 32.998777679316149 ], [ 131.922899872703908, 32.999154369528718 ], [ 131.923506997929877, 32.999092176409214 ], [ 131.923350805371967, 32.999402621736117 ], [ 131.923450675156744, 32.999431642215228 ], [ 131.923571479682579, 32.999118750888869 ], [ 131.923888189186044, 32.999113706002021 ], [ 131.924946034380923, 32.999992285344319 ], [ 131.924820597499803, 33.000582041938486 ], [ 131.924450648906458, 33.00071733196723 ], [ 131.924922871025188, 33.00115388308884 ], [ 131.924778812629171, 33.004271319706405 ], [ 131.924140049627198, 33.004799044236179 ], [ 131.924121041482806, 33.004924524945153 ], [ 131.92472967006799, 33.004385301025394 ], [ 131.925050918280135, 33.00450916615975 ], [ 131.924731754523464, 33.006429498142133 ], [ 131.924814399376118, 33.006657925312702 ], [ 131.924252268267054, 33.006838821129527 ], [ 131.923155715202796, 33.006561979005276 ], [ 131.92279038191424, 33.006219315194635 ], [ 131.922113575572382, 33.006073720970846 ], [ 131.920841419235444, 33.004753048094599 ], [ 131.919109590052187, 33.004411414616968 ], [ 131.918948114692796, 33.003907633440988 ], [ 131.918128222288516, 33.003586329497587 ], [ 131.91760259552558, 33.003771435736972 ], [ 131.91782029159657, 33.004126020903932 ], [ 131.917897314004648, 33.004742238490017 ], [ 131.917752621473966, 33.005342950714194 ], [ 131.91804213989019, 33.00581062557859 ], [ 131.918910735287398, 33.005980982402257 ], [ 131.919530295763479, 33.006283014263339 ], [ 131.920018718530088, 33.00601611632699 ], [ 131.920266455702262, 33.006170291669712 ], [ 131.92036748814877, 33.006520319736367 ], [ 131.92075105112562, 33.006670788826995 ], [ 131.92119889550861, 33.006618794660888 ], [ 131.921426220117013, 33.006352912575998 ], [ 131.921901247118655, 33.006647883959374 ], [ 131.921884906746016, 33.007440623038498 ], [ 131.921052527226408, 33.007257394264968 ], [ 131.920989122404734, 33.007641097901455 ], [ 131.92071082037279, 33.007845134844487 ], [ 131.919407578087061, 33.007865546949446 ], [ 131.919223951784318, 33.008016585818226 ], [ 131.921020108282647, 33.008732870222097 ], [ 131.92187910385249, 33.009512778603536 ], [ 131.923426923447437, 33.009106187941079 ], [ 131.924214766842653, 33.008615588964759 ] ] ] } },
{ "type": "Feature", "properties": { "CITY_NAME": "佐伯市", "S_NAME": "大字久保浦", "JINKO": 27, "medical_area": "44_南部医療圏", "町丁目名": "佐伯市大字久保浦" }, "geometry": { "type": "Polygon", "coordinates": [ [ [ 131.925009066839067, 32.992370237621834 ], [ 131.925301620281004, 32.990789425908616 ], [ 131.924545547467659, 32.990406550783796 ], [ 131.924003866591846, 32.98964383821648 ], [ 131.922419279182236, 32.989142390379449 ], [ 131.921988501752537, 32.989179365748335 ], [ 131.919876072190505, 32.990428522249587 ], [ 131.919145718883982, 32.991540748680407 ], [ 131.918368055317217, 32.991968924667198 ], [ 131.917002820903349, 32.991315679724195 ], [ 131.91477323103382, 32.990943349897762 ], [ 131.914163018254868, 32.991074552334013 ], [ 131.912158440809208, 32.992087893117443 ], [ 131.91300982486905, 32.99226472809751 ], [ 131.91284365888751, 32.993273171688834 ], [ 131.912966403112364, 32.993446308693478 ], [ 131.913461414462148, 32.993199225858234 ], [ 131.913846648036213, 32.993307323186848 ], [ 131.914286272039107, 32.993712592254894 ], [ 131.915137068238352, 32.993304198385637 ], [ 131.916131671166653, 32.993877626799033 ], [ 131.916327954408871, 32.994338774914993 ], [ 131.91535823996756, 32.994621805374727 ], [ 131.91453545053875, 32.995566526480246 ], [ 131.914718126479642, 32.995738322612191 ], [ 131.915589323002791, 32.995862697478607 ], [ 131.915849452625793, 32.996394617296403 ], [ 131.916427282417573, 32.996394891303019 ], [ 131.916717787437733, 32.997066354132755 ], [ 131.917511855590533, 32.996659260309002 ], [ 131.91762544072256, 32.99594606030594 ], [ 131.917472517341338, 32.995337613273826 ], [ 131.919057825166931, 32.994876008280677 ], [ 131.91956524276145, 32.995003930564614 ], [ 131.919925841789393, 32.995411565195617 ], [ 131.919456401067663, 32.995858669564718 ], [ 131.91880034575388, 32.996053756650575 ], [ 131.919464420358423, 32.995906401606334 ], [ 131.9196904382664, 32.996137386111869 ], [ 131.91978178873066, 32.996586676334843 ], [ 131.919654710783647, 32.996714755772388 ], [ 131.919624443032774, 32.997407507023077 ], [ 131.919740817768997, 32.997488707121292 ], [ 131.919958169115233, 32.997399640873454 ], [ 131.920701364153047, 32.996063388471256 ], [ 131.921480997878177, 32.995750184600261 ], [ 131.922194727068245, 32.994582321678486 ], [ 131.9231028465598, 32.994053843241787 ], [ 131.924205371376303, 32.992672665805159 ], [ 131.925009066839067, 32.992370237621834 ] ] ] } },
{ "type": "Feature", "properties": { "CITY_NAME": "佐伯市", "S_NAME": "大字狩生", "JINKO": 0, "medical_area": "44_南部医療圏", "町丁目名": "佐伯市大字狩生" }, "geometry": { "type": "Polygon", "coordinates": [ [ [ 131.91226641443248, 33.013718715441762 ], [ 131.911588739904943, 33.013695708017266 ], [ 131.91122348845775, 33.013351204104644 ], [ 131.911034460982535, 33.012660950963429 ], [ 131.910812736475464, 33.01243442820445 ], [ 131.910829208443147, 33.011953682889967 ], [ 131.910622255067125, 33.011504324205021 ], [ 131.910676937506821, 33.011097244661208 ], [ 131.911149309036006, 33.010402173766558 ], [ 131.911623895459684, 33.009931616369862 ], [ 131.912166588743446, 33.009832073478201 ], [ 131.912276908974832, 33.009323593959742 ], [ 131.911718396837301, 33.007461085884046 ], [ 131.911374292108349, 33.006780082365154 ], [ 131.91110473717967, 33.006690071152022 ], [ 131.910775586853589, 33.007358849148616 ], [ 131.911038750750635, 33.00777082638988 ], [ 131.911003892673818, 33.00854476592361 ], [ 131.910739166029572, 33.008917306534627 ], [ 131.910876148111726, 33.009441116086172 ], [ 131.910465205070437, 33.009758814830363 ], [ 131.909899474819724, 33.009797200071894 ], [ 131.909772039988525, 33.010309409450471 ], [ 131.909382468537359, 33.010518740080528 ], [ 131.909329745813238, 33.01101146951666 ], [ 131.908583486308089, 33.011294629035056 ], [ 131.908242950607416, 33.011590166701751 ], [ 131.908024718240057, 33.011491660034139 ], [ 131.908222875058385, 33.01161375738549 ], [ 131.907969751943966, 33.012395598369949 ], [ 131.908202168791377, 33.012515644418983 ], [ 131.908715966616995, 33.012425343713723 ], [ 131.908731366389674, 33.013194413207906 ], [ 131.909439696093671, 33.013696037587437 ], [ 131.909855055355109, 33.014336854749864 ], [ 131.911276459310074, 33.014862126423644 ], [ 131.912191982318774, 33.014905040418292 ], [ 131.91259166401133, 33.014327716320935 ], [ 131.91226641443248, 33.013718715441762 ] ] ] } },
{ "type": "Feature", "properties": { "CITY_NAME": "佐伯市", "S_NAME": "大字狩生", "JINKO": 566, "medical_area": "44_南部医療圏", "町丁目名": "佐伯市大字狩生" }, "geometry": { "type": "Polygon", "coordinates": [ [ [ 131.890872683786512, 33.040644015797291 ], [ 131.892647108489626, 33.040714047223567 ], [ 131.893264595558264, 33.040206348647878 ], [ 131.89424322572259, 33.040088484660657 ], [ 131.895906693081685, 33.039508167300738 ], [ 131.896561352983895, 33.038964987522782 ], [ 131.897044393183023, 33.03880314747294 ], [ 131.897391280782983, 33.038807700679335 ], [ 131.898226663732402, 33.039602994162919 ], [ 131.89926938995518, 33.03937436926963 ], [ 131.900171624497631, 33.039733572619177 ], [ 131.900792652038348, 33.038746808626748 ], [ 131.901967768657357, 33.038387509690992 ], [ 131.902519308690728, 33.03801357578007 ], [ 131.902972563313028, 33.03666020744398 ], [ 131.903934760512442, 33.035222376926512 ], [ 131.903965923275251, 33.034316425062926 ], [ 131.904688379825188, 33.033877467397218 ], [ 131.904794491860656, 33.031448153269473 ], [ 131.905459782317195, 33.02962164735716 ], [ 131.905420932999618, 33.028084378394063 ], [ 131.908299651222535, 33.021305951690231 ], [ 131.908226907487744, 33.020064740196425 ], [ 131.908568200607817, 33.019104669421004 ], [ 131.906795429033338, 33.017210220020971 ], [ 131.906988562129527, 33.015669715977253 ], [ 131.907241636118442, 33.015502860878762 ], [ 131.90697094365953, 33.015614837547787 ], [ 131.906886200275835, 33.014972514090658 ], [ 131.906455809604239, 33.014331795626326 ], [ 131.905475842132887, 33.014159453349102 ], [ 131.905464840693611, 33.013810560484195 ], [ 131.904846819356948, 33.013135125468906 ], [ 131.903670296776909, 33.013948889436477 ], [ 131.904270721278579, 33.013422440500257 ], [ 131.904418559169045, 33.01291459400872 ], [ 131.904072684988137, 33.013000056136136 ], [ 131.904109132082283, 33.013212602487073 ], [ 131.903875993020108, 33.013235029018396 ], [ 131.903911615333271, 33.012734306734451 ], [ 131.902985346516317, 33.012265785253355 ], [ 131.902423606720305, 33.012567325417116 ], [ 131.90212610376912, 33.01207303883379 ], [ 131.901951562948142, 33.01217591514483 ], [ 131.901898731043303, 33.012646120200536 ], [ 131.901008009459161, 33.013174452220909 ], [ 131.900214541751836, 33.012261892284059 ], [ 131.899345938660815, 33.011903742591159 ], [ 131.89841850593794, 33.012002722752328 ], [ 131.898775472609628, 33.010940080169419 ], [ 131.899754560456074, 33.009512703243963 ], [ 131.900306165865516, 33.008320432055505 ], [ 131.900422439748553, 33.007394771272857 ], [ 131.90082798188044, 33.006904731886522 ], [ 131.901269707323166, 33.006668578084295 ], [ 131.90185083313628, 33.005736032923068 ], [ 131.903099323679271, 33.004922215161535 ], [ 131.903394314748397, 33.00385759649506 ], [ 131.904779718459508, 33.003332222003181 ], [ 131.904799040620873, 33.002760250720414 ], [ 131.905422163167771, 33.002247447779311 ], [ 131.905676834353557, 33.001758488629406 ], [ 131.905121507444591, 33.001116546607022 ], [ 131.905505141442632, 33.000125420101405 ], [ 131.905410205755715, 32.999850781896008 ], [ 131.904809009633169, 32.999226814708933 ], [ 131.903607573746029, 32.998889577321066 ], [ 131.903386846445471, 32.998608786505812 ], [ 131.903470575176044, 32.998195188459583 ], [ 131.903877429269329, 32.997832206739112 ], [ 131.904106875530857, 32.997329312901641 ], [ 131.904367810633744, 32.996635574931609 ], [ 131.904406711122988, 32.995925803483054 ], [ 131.902996732363874, 32.994029878755946 ], [ 131.902682984975115, 32.992839057287561 ], [ 131.902871677152262, 32.991963200176706 ], [ 131.90270949600162, 32.991904857228342 ], [ 131.901517118019711, 32.992078471272414 ], [ 131.901569629927167, 32.99334502055644 ], [ 131.901355441158444, 32.993540435782805 ], [ 131.90060245670557, 32.993676609149446 ], [ 131.9005072304154, 32.993996505834026 ], [ 131.900660654409307, 32.994352486267715 ], [ 131.901760366581811, 32.994533024276954 ], [ 131.90213803862946, 32.994843200827901 ], [ 131.901950069415818, 32.995405432089257 ], [ 131.902146369020272, 32.995661009728273 ], [ 131.902675845448869, 32.995846554038422 ], [ 131.902932673405928, 32.996585922662803 ], [ 131.902645285649498, 32.996735879887943 ], [ 131.902993342638808, 32.996764027492134 ], [ 131.902680588814519, 32.99715673464825 ], [ 131.901412883346012, 32.997500417445764 ], [ 131.901211558604501, 32.997383741858911 ], [ 131.901620856985318, 32.99817160850143 ], [ 131.900999289604783, 32.998713517766326 ], [ 131.900748990966747, 32.999452936326009 ], [ 131.900116794544743, 33.000003033362184 ], [ 131.90025837282721, 33.000245481588323 ], [ 131.901539122493517, 33.001072161565908 ], [ 131.901409303018966, 33.001878341462046 ], [ 131.900319272310242, 33.001917751671094 ], [ 131.900184858214345, 33.002486808503278 ], [ 131.900452308298526, 33.003111585571425 ], [ 131.89985159423469, 33.003711052694399 ], [ 131.899912663742384, 33.004135331894787 ], [ 131.899550473467372, 33.00493417332958 ], [ 131.899037819223594, 33.005546784006214 ], [ 131.89866703218226, 33.006604564459799 ], [ 131.897032665799372, 33.006679665736307 ], [ 131.89647856399435, 33.007008809029522 ], [ 131.895238659310252, 33.006730466452204 ], [ 131.895314320798661, 33.007434462615642 ], [ 131.894889914034621, 33.008346465494029 ], [ 131.895266277389595, 33.009227798704799 ], [ 131.895249665062067, 33.009694613057377 ], [ 131.894513742945378, 33.010660200340809 ], [ 131.894381804178892, 33.011307331131121 ], [ 131.89378896355592, 33.011670574005365 ], [ 131.893585267418302, 33.013130449884244 ], [ 131.893711074413204, 33.013982162419239 ], [ 131.893111400367872, 33.014731367499991 ], [ 131.89308190062053, 33.014973900807249 ], [ 131.893047578729522, 33.017785578943347 ], [ 131.892426378012004, 33.018558892505482 ], [ 131.892502917124574, 33.019425926426734 ], [ 131.89165034166399, 33.020491797276527 ], [ 131.891147582484876, 33.022001938794027 ], [ 131.889926244268679, 33.023813300065008 ], [ 131.889276612494257, 33.026366074610173 ], [ 131.888065055892383, 33.027618892055628 ], [ 131.886179952543415, 33.029050501598782 ], [ 131.882734517230887, 33.030269945819128 ], [ 131.883588995701331, 33.030950429125689 ], [ 131.883649795687035, 33.032023429489207 ], [ 131.884445732587977, 33.032860700501878 ], [ 131.884676289079408, 33.034398822334026 ], [ 131.884918647645804, 33.034397103032326 ], [ 131.885449135833994, 33.035007482811153 ], [ 131.886902257468932, 33.03575737420487 ], [ 131.887479027547755, 33.036402610554568 ], [ 131.887601812227217, 33.036978925249429 ], [ 131.889496205142734, 33.038799078367489 ], [ 131.88978925374019, 33.039896825044899 ], [ 131.889274217515293, 33.041246674009777 ], [ 131.88934316067548, 33.041457353713874 ], [ 131.889486244709474, 33.041554873664566 ], [ 131.890073091870221, 33.041325448203118 ], [ 131.890872683786512, 33.040644015797291 ] ] ] } },
{ "type": "Feature", "properties": { "CITY_NAME": "佐伯市", "S_NAME": "大字護江", "JINKO": 165, "medical_area": "44_南部医療圏", "町丁目名": "佐伯市大字護江" }, "geometry": { "type": "Polygon", "coordinates": [ [ [ 131.901951562948142, 33.01217591514483 ], [ 131.902155845749377, 33.012087116391911 ], [ 131.902423606720305, 33.012567325417116 ], [ 131.902721567422333, 33.01232540141951 ], [ 131.902495624652005, 33.011994291683536 ], [ 131.902581805813071, 33.011835865168564 ], [ 131.902374802641219, 33.011796781420699 ], [ 131.901078401955431, 33.010183908525342 ], [ 131.901171453854744, 33.010067815639992 ], [ 131.90102968347594, 33.009914640682283 ], [ 131.901406568356435, 33.008981329972897 ], [ 131.901647071874805, 33.008746949604436 ], [ 131.901726359962709, 33.008856389248031 ], [ 131.901860303812725, 33.008766151624172 ], [ 131.901772628149274, 33.008670298058313 ], [ 131.902079905892521, 33.00847420826706 ], [ 131.90270243858086, 33.008340765753005 ], [ 131.903401902895439, 33.006927204486658 ], [ 131.90382346012683, 33.00650124423607 ], [ 131.904696155651806, 33.006026031874931 ], [ 131.904862958602934, 33.005485587634915 ], [ 131.904744254362981, 33.005495463723442 ], [ 131.904647426765592, 33.004813550324059 ], [ 131.905753758032887, 33.00322300005049 ], [ 131.906727566498347, 33.003115853667538 ], [ 131.906602158835312, 33.002045507973762 ], [ 131.907153220709773, 33.001420221051077 ], [ 131.907444526109089, 33.000811244188938 ], [ 131.908119547001746, 33.000372611626382 ], [ 131.907880497143765, 33.000124569685624 ], [ 131.90828904919627, 32.999479570916584 ], [ 131.908234406108733, 32.999156246894586 ], [ 131.907614901151589, 32.99863954337097 ], [ 131.906908456640565, 32.998514818756313 ], [ 131.906235270329915, 32.998085964383449 ], [ 131.906175365591082, 32.997672505060464 ], [ 131.906540419172046, 32.997482299171743 ], [ 131.906749317304048, 32.997080416632635 ], [ 131.905430223768093, 32.996901510033602 ], [ 131.905672914751563, 32.996149513927293 ], [ 131.905895553888314, 32.995946815468429 ], [ 131.905737810608599, 32.996004767185838 ], [ 131.905687481522392, 32.995268417095538 ], [ 131.904913411906591, 32.994388523351553 ], [ 131.904788489641675, 32.993894378565464 ], [ 131.904073494803924, 32.993345886497885 ], [ 131.903523169084423, 32.992270495450711 ], [ 131.902871677152234, 32.991963200176706 ], [ 131.902682984975115, 32.992839057287561 ], [ 131.902996732363874, 32.994029878755946 ], [ 131.904406711122988, 32.995925803483054 ], [ 131.904367810633715, 32.996635574931609 ], [ 131.904106875530857, 32.997329312901641 ], [ 131.903877429269301, 32.997832206739112 ], [ 131.903470575175959, 32.998195188459583 ], [ 131.903386846445471, 32.998608786505812 ], [ 131.903607573746029, 32.998889577321066 ], [ 131.904809009633169, 32.999226814708933 ], [ 131.905410205755715, 32.999850781896008 ], [ 131.905505141442632, 33.000125420101405 ], [ 131.905121507444591, 33.001116546607022 ], [ 131.905676834353557, 33.00175848862942 ], [ 131.905422163167742, 33.002247447779311 ], [ 131.904799040620844, 33.002760250720414 ], [ 131.904779718459508, 33.003332222003181 ], [ 131.90339431474834, 33.00385759649506 ], [ 131.903099323679271, 33.004922215161535 ], [ 131.90185083313628, 33.005736032923068 ], [ 131.901269707323166, 33.006668578084295 ], [ 131.90082798188044, 33.006904731886522 ], [ 131.900422439748553, 33.007394771272857 ], [ 131.900306165865516, 33.008320432055505 ], [ 131.899754560456074, 33.009512703243963 ], [ 131.898775472609628, 33.010940080169419 ], [ 131.898422452997409, 33.011822932574766 ], [ 131.89841850593794, 33.012002722752328 ], [ 131.899345938660815, 33.011903742591159 ], [ 131.900214541751836, 33.012261892284059 ], [ 131.901008009459161, 33.013174452220909 ], [ 131.901898731043303, 33.012646120200536 ], [ 131.901951562948142, 33.01217591514483 ] ] ] } },
{ "type": "Feature", "properties": { "CITY_NAME": "佐伯市", "S_NAME": "大字護江", "JINKO": 0, "medical_area": "44_南部医療圏", "町丁目名": "佐伯市大字護江" }, "geometry": { "type": "Polygon", "coordinates": [ [ [ 131.910221459917068, 33.01697897809818 ], [ 131.910454585126047, 33.01696285093918 ], [ 131.910346431359073, 33.016747222650274 ], [ 131.910782211928364, 33.016450981830495 ], [ 131.910515786942966, 33.016147236063432 ], [ 131.909037389297481, 33.015904611428816 ], [ 131.909042311633272, 33.016385201528685 ], [ 131.907739264652378, 33.016437955870394 ], [ 131.907593829818637, 33.015822223971071 ], [ 131.908221559606687, 33.015358680291179 ], [ 131.907573133928707, 33.015793518573204 ], [ 131.906999669617818, 33.015709311465521 ], [ 131.906795429033338, 33.017210220020971 ], [ 131.908568200607817, 33.019104669421004 ], [ 131.910088941043313, 33.017836592785258 ], [ 131.909942557431691, 33.017439993020083 ], [ 131.910221459917068, 33.01697897809818 ] ] ] } },
{ "type": "Feature", "properties": { "CITY_NAME": "佐伯市", "S_NAME": "大字二栄", "JINKO": 175, "medical_area": "44_南部医療圏", "町丁目名": "佐伯市大字二栄" }, "geometry": { "type": "Polygon", "coordinates": [ [ [ 131.907295910616881, 33.033898962885338 ], [ 131.907971461510186, 33.033315755629708 ], [ 131.908535305644506, 33.032425071546179 ], [ 131.908636510515151, 33.031952337088875 ], [ 131.90947591416645, 33.031601808201536 ], [ 131.910440803378663, 33.030929311176187 ], [ 131.911155708051638, 33.030011985798218 ], [ 131.912677643477821, 33.028780480329502 ], [ 131.912917569797884, 33.0283003479352 ], [ 131.91524202199696, 33.027800670635877 ], [ 131.91591378068037, 33.027353506901697 ], [ 131.91737760135041, 33.026862238878067 ], [ 131.919958937590167, 33.026802831289359 ], [ 131.920608670286072, 33.02666197027947 ], [ 131.922745311638124, 33.027104521116321 ], [ 131.922804987100022, 33.026972430542799 ], [ 131.92255762648324, 33.026756041632709 ], [ 131.922757092700266, 33.026379451516014 ], [ 131.922613496848783, 33.026467077740378 ], [ 131.9222908626042, 33.026321580160783 ], [ 131.92241554228832, 33.026473951222286 ], [ 131.922198272987856, 33.026480968053029 ], [ 131.920468155589901, 33.02561907214897 ], [ 131.920464299756333, 33.025763376452993 ], [ 131.919714115401035, 33.025676030799453 ], [ 131.91892981620768, 33.025395060207217 ], [ 131.918902964396551, 33.024974152534092 ], [ 131.918320257458163, 33.024932452067496 ], [ 131.918070873482804, 33.024728695186013 ], [ 131.917737909216385, 33.02368784464506 ], [ 131.916921090296626, 33.022741625603764 ], [ 131.916929596173503, 33.022941746785378 ], [ 131.917282481366897, 33.023225001157556 ], [ 131.917026885289943, 33.023552403253518 ], [ 131.916433148672922, 33.023478313753323 ], [ 131.916302666103348, 33.023280891544523 ], [ 131.916644698871153, 33.02303130646235 ], [ 131.915844494611093, 33.023175145301842 ], [ 131.91565166477119, 33.023053922931084 ], [ 131.915179387531367, 33.022407241603268 ], [ 131.915187019935843, 33.02159021847374 ], [ 131.913651128189883, 33.02045085960637 ], [ 131.914161653430028, 33.020972830093861 ], [ 131.913411760032488, 33.021218180859954 ], [ 131.913429066575816, 33.021339787941614 ], [ 131.912690721544976, 33.021253210947918 ], [ 131.911911407227961, 33.020621380526137 ], [ 131.91138322968672, 33.019738832840574 ], [ 131.910210567619345, 33.018420031071486 ], [ 131.910301002995311, 33.017951370930277 ], [ 131.910088941043313, 33.017836592785258 ], [ 131.908504522775331, 33.019198561463661 ], [ 131.908226907487744, 33.020064740196425 ], [ 131.908299651222535, 33.021305951690231 ], [ 131.905420932999618, 33.028084378394063 ], [ 131.905459782317195, 33.02962164735716 ], [ 131.904794491860656, 33.031448153269473 ], [ 131.904688379825188, 33.033877467397218 ], [ 131.906550487154391, 33.034061702056036 ], [ 131.907295910616881, 33.033898962885338 ] ] ] } },
{ "type": "Feature", "properties": { "CITY_NAME": "佐伯市", "S_NAME": "大字青山", "JINKO": 520, "medical_area": "44_南部医療圏", "町丁目名": "佐伯市大字青山" }, "geometry": { "type": "Polygon", "coordinates": [ [ [ 131.866738512204961, 32.903658488627492 ], [ 131.867835127830517, 32.903483185246401 ], [ 131.8696515834813, 32.903494890746401 ], [ 131.870367904181677, 32.903039951877169 ], [ 131.87150327380408, 32.902679394831935 ], [ 131.872640935252775, 32.90256201410412 ], [ 131.873578562990929, 32.902245116354813 ], [ 131.874223354738348, 32.901830091468398 ], [ 131.874996091091845, 32.900941466451876 ], [ 131.876005544315035, 32.900356518569083 ], [ 131.876799954678006, 32.899466621670697 ], [ 131.877776097487157, 32.897979983437594 ], [ 131.8805799928368, 32.896716317325605 ], [ 131.880813166872798, 32.896440998562795 ], [ 131.880996506361186, 32.895593805782291 ], [ 131.88166649871215, 32.894755614171828 ], [ 131.883216538260115, 32.893450919076116 ], [ 131.883532304490444, 32.892590337407853 ], [ 131.883301754593106, 32.891951435841207 ], [ 131.883414730808767, 32.891606822660158 ], [ 131.884152633691997, 32.891171834208791 ], [ 131.885884709545451, 32.89118416609864 ], [ 131.886755565520389, 32.890944709110904 ], [ 131.888715924426833, 32.891231685294393 ], [ 131.89095905674273, 32.892861189499023 ], [ 131.892084834533051, 32.893368931297516 ], [ 131.893834830128981, 32.893712572938746 ], [ 131.895042014421222, 32.894348639185147 ], [ 131.896954186080364, 32.893450882664141 ], [ 131.897660783154095, 32.89280730695085 ], [ 131.899266870965477, 32.891874831196006 ], [ 131.8997499643541, 32.891435447146002 ], [ 131.901619717866311, 32.890685235061213 ], [ 131.902674201281712, 32.889904042537687 ], [ 131.903723382181198, 32.890031536107784 ], [ 131.904433727185676, 32.889756268241193 ], [ 131.905064402735348, 32.890242868180117 ], [ 131.906166705902962, 32.890584844306133 ], [ 131.906754056851952, 32.891096317609481 ], [ 131.908021747511356, 32.891246761659957 ], [ 131.908962567176843, 32.890736476909453 ], [ 131.910008288820421, 32.890532413076102 ], [ 131.910351848185883, 32.889965066614643 ], [ 131.910529163143963, 32.888809529417095 ], [ 131.910715841282951, 32.888562597223604 ], [ 131.911543431895041, 32.888372389637773 ], [ 131.912825216905873, 32.888473574086191 ], [ 131.913592192027437, 32.888756540446003 ], [ 131.913826976737937, 32.888951299910445 ], [ 131.91427400377097, 32.889967196658034 ], [ 131.915212493441658, 32.890647970891202 ], [ 131.918543241314296, 32.891863780161508 ], [ 131.919706071709101, 32.891720178434497 ], [ 131.920903026735374, 32.892010625318854 ], [ 131.921192231324426, 32.891603168037484 ], [ 131.923018820686536, 32.890518923839913 ], [ 131.923151085198242, 32.890220979679214 ], [ 131.923149237656361, 32.889058817699542 ], [ 131.922598323420999, 32.888154813002274 ], [ 131.923647330740806, 32.885475701069332 ], [ 131.926858853595718, 32.883966808603233 ], [ 131.927455699883296, 32.883529207533883 ], [ 131.929151256347012, 32.881548745174612 ], [ 131.931136088218921, 32.88058103230798 ], [ 131.931274489393616, 32.878650358239341 ], [ 131.931086694944355, 32.877599510377479 ], [ 131.930774480345491, 32.876937962353587 ], [ 131.930650979659276, 32.875367269817616 ], [ 131.930022397372198, 32.874676448653176 ], [ 131.930240791731762, 32.874051611860374 ], [ 131.930361352868601, 32.872763636415712 ], [ 131.930755436161519, 32.872543938240725 ], [ 131.929809521556791, 32.870703864623685 ], [ 131.930213894774369, 32.870438932151188 ], [ 131.929259410736847, 32.868797625943309 ], [ 131.929468243640656, 32.868281248838123 ], [ 131.928200942007777, 32.867974486543076 ], [ 131.92779983408866, 32.867516801050527 ], [ 131.926584588310703, 32.867575453428479 ], [ 131.924856435295396, 32.867244950763926 ], [ 131.923952043028834, 32.866809022294774 ], [ 131.922957344618453, 32.865402761862484 ], [ 131.922857286904303, 32.864531884385521 ], [ 131.922299146005116, 32.863388881906268 ], [ 131.922466120446131, 32.862443760927789 ], [ 131.921889503185952, 32.861580916427599 ], [ 131.921963800653145, 32.860478419252942 ], [ 131.922419620370931, 32.859486017572678 ], [ 131.922492218733822, 32.857692571101424 ], [ 131.923159278534797, 32.856937990765459 ], [ 131.923453274297856, 32.855847459672148 ], [ 131.923837828739295, 32.855745277885887 ], [ 131.926918362372703, 32.853785258561601 ], [ 131.927114518887123, 32.852040709415377 ], [ 131.927488976985558, 32.851482507201752 ], [ 131.927196338444588, 32.850120899170939 ], [ 131.926717154665653, 32.848837434624834 ], [ 131.925327907720515, 32.846549160285925 ], [ 131.925193318063634, 32.845963112674035 ], [ 131.923922515472867, 32.844766754698227 ], [ 131.922193345318902, 32.841695266799576 ], [ 131.919736693134496, 32.84025932210691 ], [ 131.919544946876869, 32.839312435895827 ], [ 131.918951357187353, 32.838345926857635 ], [ 131.919172447144433, 32.836935395176191 ], [ 131.920102051597866, 32.836210545881748 ], [ 131.920309756876208, 32.835585826593693 ], [ 131.920060271494123, 32.835271550599423 ], [ 131.918456710001777, 32.831363616553027 ], [ 131.916957897145977, 32.830882418246219 ], [ 131.916165027576909, 32.830834046107981 ], [ 131.913653159114233, 32.830229259909615 ], [ 131.911350526836884, 32.830191913484313 ], [ 131.910511207933837, 32.829791611938283 ], [ 131.909468648699175, 32.82993915377741 ], [ 131.905056804564822, 32.831546995523418 ], [ 131.90400881062385, 32.831690022208285 ], [ 131.902285938913479, 32.831291437207767 ], [ 131.8985254593224, 32.828988139575145 ], [ 131.897732120521198, 32.828894449078192 ], [ 131.896239969447976, 32.829063161580144 ], [ 131.894761796873468, 32.829028548726932 ], [ 131.894230600844509, 32.829447807741644 ], [ 131.893664487827834, 32.829596347892796 ], [ 131.892446076182239, 32.829302436763761 ], [ 131.891953887492406, 32.829342058346718 ], [ 131.891251376319445, 32.829762520844589 ], [ 131.890415867350811, 32.829741362518973 ], [ 131.889663987580604, 32.829511851595221 ], [ 131.888764504298621, 32.830055624953509 ], [ 131.887983820129705, 32.830160501333197 ], [ 131.887051127300538, 32.831142546361725 ], [ 131.886066278996338, 32.83171398985953 ], [ 131.885691992407487, 32.831770824767624 ], [ 131.885283697344221, 32.831629196506363 ], [ 131.884520901711142, 32.830297845359283 ], [ 131.883123186311366, 32.829192277017789 ], [ 131.882748429783135, 32.828111073449868 ], [ 131.881492608163825, 32.827275405418256 ], [ 131.880504522574796, 32.826975252841827 ], [ 131.877709639392862, 32.826976780982335 ], [ 131.875659564684213, 32.826485308984239 ], [ 131.872286922666575, 32.826526869451186 ], [ 131.87179326387502, 32.826412878243865 ], [ 131.870720985954904, 32.825164867158371 ], [ 131.869968283508769, 32.823187554899249 ], [ 131.869481803723062, 32.822712238971697 ], [ 131.866191946720249, 32.822992412192207 ], [ 131.865127922281999, 32.822584281179196 ], [ 131.864361918064276, 32.823086321251779 ], [ 131.863987493414612, 32.82312504265623 ], [ 131.862075786595767, 32.821977578355153 ], [ 131.861110850728664, 32.821839699703737 ], [ 131.85952307215706, 32.82207188743407 ], [ 131.85863482362231, 32.821567645535161 ], [ 131.85743789882676, 32.82235708707374 ], [ 131.855310162882716, 32.82322510509028 ], [ 131.854378001454933, 32.822594710371121 ], [ 131.85418121916004, 32.822171539470546 ], [ 131.853482928895204, 32.821932426644054 ], [ 131.852498988376766, 32.820927527267663 ], [ 131.85193517421007, 32.820746211451862 ], [ 131.851631629018584, 32.820350847848772 ], [ 131.850697335038603, 32.820059125832266 ], [ 131.850487142978011, 32.819356053031484 ], [ 131.849118482709258, 32.818981454387668 ], [ 131.848597366528679, 32.818226307706823 ], [ 131.847800873255721, 32.817780092731738 ], [ 131.84716033725914, 32.818538577215705 ], [ 131.845136644280245, 32.819089632289447 ], [ 131.843637754429153, 32.819090687561584 ], [ 131.842796523870192, 32.819575044046516 ], [ 131.841146847471578, 32.820051237557827 ], [ 131.839519804934241, 32.820089241452656 ], [ 131.83871972168501, 32.820401685107356 ], [ 131.837205258638846, 32.820461488107291 ], [ 131.836494833717268, 32.820059764336769 ], [ 131.834699526465357, 32.819850449507868 ], [ 131.833713188917812, 32.820277029957303 ], [ 131.832692878990258, 32.821087678319053 ], [ 131.832121310475628, 32.822369512393976 ], [ 131.832168489142333, 32.822838853810339 ], [ 131.831781129090615, 32.823780753574731 ], [ 131.830604291166708, 32.824461464165914 ], [ 131.829799770711929, 32.824295180414133 ], [ 131.828673535266262, 32.824659391819232 ], [ 131.827656585602398, 32.825840275100816 ], [ 131.826736185168926, 32.825882472293472 ], [ 131.826041021315916, 32.826550914746171 ], [ 131.825508495534081, 32.828591099122853 ], [ 131.824777602862497, 32.830027466825683 ], [ 131.824469148484354, 32.830255283618854 ], [ 131.823583515332501, 32.829721464013389 ], [ 131.822905718694898, 32.829664938884036 ], [ 131.821707628270275, 32.828625103269552 ], [ 131.820379512272922, 32.82800609946522 ], [ 131.819125774658971, 32.827905923772782 ], [ 131.818436241561557, 32.828023345718798 ], [ 131.81736256436605, 32.827705203826746 ], [ 131.816709207220555, 32.827682363255185 ], [ 131.815312907942229, 32.828386939031262 ], [ 131.81460260392214, 32.827402560831118 ], [ 131.814511218975753, 32.826779944625422 ], [ 131.814124445865332, 32.826637950808234 ], [ 131.814089020254414, 32.82627689827693 ], [ 131.812930379785485, 32.825439947433736 ], [ 131.812456694561973, 32.825163019322936 ], [ 131.811400287121927, 32.824966655460251 ], [ 131.809643928156049, 32.824932861322793 ], [ 131.809532743447875, 32.823890376464824 ], [ 131.807781883489525, 32.822686876622157 ], [ 131.806901262958121, 32.82239449490573 ], [ 131.806280142836783, 32.822380423151721 ], [ 131.805768513431673, 32.82263661265997 ], [ 131.8047020300192, 32.822512500043835 ], [ 131.804499611827652, 32.822622187167774 ], [ 131.804014885431855, 32.823483344204277 ], [ 131.803278808837064, 32.823786121395806 ], [ 131.801681354782431, 32.823552491694855 ], [ 131.800829587390837, 32.824081805921516 ], [ 131.800142424356892, 32.823878457136423 ], [ 131.79961268221706, 32.823904418583375 ], [ 131.798336139813387, 32.824833816184992 ], [ 131.797278154642015, 32.823865099878788 ], [ 131.796551324895887, 32.822812967570179 ], [ 131.794012658425061, 32.822101988491504 ], [ 131.791897583410162, 32.82386756920571 ], [ 131.790965169138076, 32.824374718207146 ], [ 131.790042452157678, 32.825374064337012 ], [ 131.789544540741048, 32.826573921658152 ], [ 131.787822542781043, 32.828011798872481 ], [ 131.787809763173243, 32.828377670359089 ], [ 131.788505016298814, 32.829502302076897 ], [ 131.787708100633779, 32.830812445590269 ], [ 131.787527472401365, 32.832186439353251 ], [ 131.78770041443417, 32.832975663578466 ], [ 131.787365055546758, 32.833808725789801 ], [ 131.789025169956062, 32.83625500005256 ], [ 131.789531493550783, 32.837805330327335 ], [ 131.790132793704259, 32.838591826136295 ], [ 131.791337217500569, 32.83915323251184 ], [ 131.793255565201463, 32.839608526662261 ], [ 131.794120511475256, 32.839623378013158 ], [ 131.794941886945452, 32.839862032132679 ], [ 131.795277228891109, 32.840230218305614 ], [ 131.796054111167365, 32.84027946418248 ], [ 131.796306959566522, 32.840417857290568 ], [ 131.796541551513656, 32.840895062758804 ], [ 131.797076729857537, 32.841164860498132 ], [ 131.797071767856238, 32.841505861242808 ], [ 131.797607614306457, 32.842148215847963 ], [ 131.798445672224091, 32.842449960882739 ], [ 131.798719442151196, 32.843125593021064 ], [ 131.80277654517954, 32.843519641122313 ], [ 131.80430741232388, 32.844638811787746 ], [ 131.805054064410029, 32.84489594416771 ], [ 131.805447754901422, 32.84520500965467 ], [ 131.806174024731916, 32.844979058951424 ], [ 131.806708913715113, 32.845508495166655 ], [ 131.807855869225989, 32.845623036613588 ], [ 131.808107200482425, 32.846172367047075 ], [ 131.809148226912981, 32.847001108999521 ], [ 131.809239909218661, 32.847668889030771 ], [ 131.809478608643758, 32.848001524219868 ], [ 131.810865978793487, 32.848642848879059 ], [ 131.813738261987027, 32.851207320368935 ], [ 131.814902537044986, 32.852030681682081 ], [ 131.81541753222649, 32.852126673665097 ], [ 131.816601545185307, 32.853351794136159 ], [ 131.817055302831449, 32.854260434917371 ], [ 131.81815500523399, 32.854896750345745 ], [ 131.818465832411874, 32.855943960661293 ], [ 131.818845709304696, 32.856420071206486 ], [ 131.819964068088353, 32.856493738042566 ], [ 131.821095187205572, 32.857001731037776 ], [ 131.822352357095156, 32.856496454904196 ], [ 131.824526945868485, 32.857001261385498 ], [ 131.825794368306049, 32.856190318129478 ], [ 131.826498237627902, 32.856299809594233 ], [ 131.829312734914708, 32.859410516220954 ], [ 131.831216868531016, 32.862262118261562 ], [ 131.831283253705237, 32.862828633534079 ], [ 131.830974688094273, 32.863449181291813 ], [ 131.830893640917452, 32.864594683251859 ], [ 131.831128093141899, 32.865388333100412 ], [ 131.832139071727994, 32.866570743209273 ], [ 131.833564659612932, 32.867257059327947 ], [ 131.834606536193718, 32.868932561483462 ], [ 131.836348831068392, 32.86985977197952 ], [ 131.839042136158014, 32.870677626958631 ], [ 131.839306592132431, 32.870933601685159 ], [ 131.83951507304559, 32.87174220488199 ], [ 131.840901882741548, 32.872469316492541 ], [ 131.842522984238201, 32.872572631569746 ], [ 131.844284359687634, 32.872273659412819 ], [ 131.844150284487569, 32.872871011608986 ], [ 131.844516275251124, 32.874621088801646 ], [ 131.844719713737589, 32.874892174890512 ], [ 131.846053930626283, 32.875582762005486 ], [ 131.849025349644734, 32.876236478871327 ], [ 131.850786593452625, 32.876828339627487 ], [ 131.852948221699705, 32.8781906016251 ], [ 131.853075752098192, 32.87873462653522 ], [ 131.852277543316575, 32.880205425531628 ], [ 131.852099278838978, 32.882110128252499 ], [ 131.852450776253107, 32.884147438557413 ], [ 131.853222891218167, 32.885416062992249 ], [ 131.85308525864852, 32.887003833274044 ], [ 131.853167130695567, 32.888254982765446 ], [ 131.85483217487868, 32.889723557797595 ], [ 131.856901804875775, 32.892827625729723 ], [ 131.857856174342345, 32.893049335021523 ], [ 131.858446646784472, 32.893590142128716 ], [ 131.858735343154962, 32.894077798724936 ], [ 131.858977594663145, 32.895644472622372 ], [ 131.859715395688482, 32.89696475320882 ], [ 131.86065200330188, 32.897806177589409 ], [ 131.860689824935804, 32.897520374345326 ], [ 131.861379989064886, 32.897538124476959 ], [ 131.863662425569373, 32.898220288672881 ], [ 131.864612985839898, 32.898747584312765 ], [ 131.868462644099083, 32.899071475551295 ], [ 131.870582368051771, 32.899867187278126 ], [ 131.87110344776957, 32.900140137102035 ], [ 131.871780743207694, 32.900785068001625 ], [ 131.871791893283586, 32.901130225599445 ], [ 131.871457652402853, 32.90138142780777 ], [ 131.867207457643985, 32.902651045857979 ], [ 131.866470539975126, 32.90337654984917 ], [ 131.866738512204961, 32.903658488627492 ] ] ] } },
{ "type": "Feature", "properties": { "CITY_NAME": "佐伯市", "S_NAME": "大字木立", "JINKO": 1515, "medical_area": "44_南部医療圏", "町丁目名": "佐伯市大字木立" }, "geometry": { "type": "Polygon", "coordinates": [ [ [ 131.918915051571588, 32.942793447686775 ], [ 131.923373335929284, 32.942051279320211 ], [ 131.925254181779536, 32.941403022707888 ], [ 131.929682358236391, 32.94105876038779 ], [ 131.930568139096579, 32.940740759060631 ], [ 131.931450164437877, 32.940065242585923 ], [ 131.93220636420088, 32.939788562621914 ], [ 131.9329034334543, 32.939737231210493 ], [ 131.934738349821544, 32.940245070980602 ], [ 131.935166730002294, 32.939558002194325 ], [ 131.936299680917415, 32.93917122325945 ], [ 131.938025315667801, 32.937585433231703 ], [ 131.938241101901156, 32.937070741484291 ], [ 131.940352592761485, 32.936092301268999 ], [ 131.940917203150519, 32.936010338000386 ], [ 131.941238092641044, 32.934830217427162 ], [ 131.941691094070336, 32.934378544987574 ], [ 131.945043589909176, 32.934089058755333 ], [ 131.946265719341881, 32.934148519270018 ], [ 131.947389825180323, 32.933382111649223 ], [ 131.948054163341766, 32.933151654722373 ], [ 131.948896088402961, 32.933576728781347 ], [ 131.950700509170332, 32.933779440425759 ], [ 131.952546600702476, 32.934720308402028 ], [ 131.953319360029781, 32.935290999255223 ], [ 131.953704084492244, 32.935347668105607 ], [ 131.954648415943126, 32.934429661596525 ], [ 131.956333006301094, 32.933493043860523 ], [ 131.958232636372145, 32.932839792720301 ], [ 131.958616421175748, 32.932523315708472 ], [ 131.958834375702963, 32.932074663444091 ], [ 131.958915667458371, 32.930642366383402 ], [ 131.958495220733113, 32.929261838609257 ], [ 131.958779469057731, 32.928554842026905 ], [ 131.958868445379551, 32.927116018793242 ], [ 131.95778756934962, 32.925894742585811 ], [ 131.95824809950895, 32.924866389759707 ], [ 131.958519380434126, 32.922672130675181 ], [ 131.958111424592801, 32.922020960009071 ], [ 131.957223805663574, 32.921480984931769 ], [ 131.954401964745642, 32.919135004731551 ], [ 131.953114282578383, 32.918731954281576 ], [ 131.952168958254191, 32.918108553433029 ], [ 131.952828844573247, 32.916045635614488 ], [ 131.953436270499481, 32.915356313839091 ], [ 131.953245093711701, 32.91339174188618 ], [ 131.954542302312518, 32.910235247844255 ], [ 131.955447764473178, 32.909508411082676 ], [ 131.956883281790454, 32.909230623677011 ], [ 131.958435214844911, 32.907851867300977 ], [ 131.95887615338043, 32.907229240114724 ], [ 131.960405160589829, 32.906495058315059 ], [ 131.960871809277847, 32.905494631681876 ], [ 131.962021896894811, 32.905050305143952 ], [ 131.962701692507977, 32.90444092088233 ], [ 131.963314733280924, 32.904285164091405 ], [ 131.962252555851734, 32.901441487401534 ], [ 131.961931915261545, 32.900061194644621 ], [ 131.962442113491591, 32.89887649736545 ], [ 131.96225159014972, 32.89811510868482 ], [ 131.96243094598799, 32.897333792982458 ], [ 131.962199841167035, 32.896680096588447 ], [ 131.962583688409893, 32.895712830292666 ], [ 131.960957198375809, 32.89460431812666 ], [ 131.960062689342436, 32.894321892869691 ], [ 131.956257337063391, 32.89254536489576 ], [ 131.9539831608204, 32.891779219045546 ], [ 131.953727378647613, 32.890568552930155 ], [ 131.953916865103821, 32.890118709840237 ], [ 131.95377705350117, 32.889343512820808 ], [ 131.954376454399068, 32.88848311971087 ], [ 131.953987763219629, 32.887936433112273 ], [ 131.953970854061026, 32.88742548132155 ], [ 131.953328864977266, 32.885904341627722 ], [ 131.952361695663313, 32.885774285022599 ], [ 131.950638069808235, 32.884900222745223 ], [ 131.949084649029174, 32.884482499496684 ], [ 131.948574010245807, 32.884161377109201 ], [ 131.947916810895919, 32.883326525507918 ], [ 131.946607257978286, 32.883366996542804 ], [ 131.944916252628218, 32.883030637165582 ], [ 131.94387270386639, 32.883157559699512 ], [ 131.943475280478339, 32.882722929492488 ], [ 131.943253682748917, 32.882137359088624 ], [ 131.9422554005167, 32.881861704840297 ], [ 131.941232405977161, 32.881221015261083 ], [ 131.940466610438762, 32.880021706931032 ], [ 131.939691624918197, 32.87993743595424 ], [ 131.938937905024176, 32.880065359015461 ], [ 131.937336891719099, 32.879583418642738 ], [ 131.935706540577087, 32.879925425579181 ], [ 131.93484544311184, 32.879718047748007 ], [ 131.93423806482312, 32.879846335506961 ], [ 131.933474330546744, 32.879752996628795 ], [ 131.932105951448222, 32.880753297288408 ], [ 131.93132831482265, 32.88072812986487 ], [ 131.931136088218921, 32.88058103230798 ], [ 131.929515295921846, 32.881286141085042 ], [ 131.928628455548335, 32.882047694682612 ], [ 131.927455699883296, 32.883529207533883 ], [ 131.926858853595718, 32.883966808603233 ], [ 131.923647330740806, 32.885475701069332 ], [ 131.922598323420999, 32.888154813002274 ], [ 131.923149237656361, 32.889058817699542 ], [ 131.923151085198242, 32.890220979679214 ], [ 131.923018820686536, 32.890518923839913 ], [ 131.921192231324426, 32.891603168037484 ], [ 131.920903026735374, 32.892010625318854 ], [ 131.921356931009768, 32.893173989134496 ], [ 131.921388375432628, 32.893663448031823 ], [ 131.922089035662765, 32.894236999181615 ], [ 131.922404092885614, 32.894939514445305 ], [ 131.922864697329857, 32.89525515936198 ], [ 131.923357595502381, 32.896149284155015 ], [ 131.923462589065252, 32.896523194833378 ], [ 131.923118943407303, 32.898157975072607 ], [ 131.92199531159099, 32.89907918151291 ], [ 131.920007142507217, 32.902163804745371 ], [ 131.918316619702125, 32.903324524312517 ], [ 131.916450798635992, 32.904041224981626 ], [ 131.915472080397706, 32.904969015944779 ], [ 131.915038121793174, 32.905989911993707 ], [ 131.913934474880193, 32.90673446972459 ], [ 131.913250778515504, 32.907787299143763 ], [ 131.913288379129909, 32.909132830410563 ], [ 131.912288028736299, 32.909890008266395 ], [ 131.91199633282784, 32.910471298676221 ], [ 131.911791481670377, 32.911777825894418 ], [ 131.910882158675122, 32.913143655615606 ], [ 131.909772974192492, 32.914128404136164 ], [ 131.909536000863909, 32.914723026982571 ], [ 131.909071723450893, 32.916697200396776 ], [ 131.909008327298949, 32.917630048860538 ], [ 131.910616501179504, 32.917378883001561 ], [ 131.912160754602922, 32.919449032862978 ], [ 131.914616701299764, 32.920922273094156 ], [ 131.913943667699215, 32.922743530374767 ], [ 131.914424106688131, 32.924429331563694 ], [ 131.915713661151102, 32.926123330892771 ], [ 131.916106903481051, 32.928007395093296 ], [ 131.915897822267794, 32.930996962514854 ], [ 131.917059636413398, 32.932734239458682 ], [ 131.918797238654463, 32.93456607402031 ], [ 131.918914389181708, 32.935101648839371 ], [ 131.918695566490072, 32.935526753272754 ], [ 131.916129198360125, 32.937197231900953 ], [ 131.912627882653624, 32.94021088205605 ], [ 131.911395543202588, 32.940850420069175 ], [ 131.90581257126388, 32.942022032410328 ], [ 131.907649001828645, 32.94261621903005 ], [ 131.909141808233414, 32.942801455335029 ], [ 131.910562499629208, 32.942618127152912 ], [ 131.912424544825285, 32.942789090099311 ], [ 131.91335390895108, 32.942713097338178 ], [ 131.91366939403153, 32.942803065585707 ], [ 131.914153434413322, 32.943318539137323 ], [ 131.916100037596692, 32.943731030531907 ], [ 131.917507714926074, 32.943605378295089 ], [ 131.918915051571588, 32.942793447686775 ] ] ] } },
{ "type": "Feature", "properties": { "CITY_NAME": "佐伯市", "S_NAME": null, "JINKO": 0, "medical_area": "44_南部医療圏", "町丁目名": "佐伯市" }, "geometry": { "type": "Polygon", "coordinates": [ [ [ 131.899037819223594, 33.005546784006214 ], [ 131.899550473467372, 33.00493417332958 ], [ 131.899871916472875, 33.004231208794813 ], [ 131.899867361788267, 33.003682986427215 ], [ 131.900452308298497, 33.003111585571425 ], [ 131.900184858214345, 33.002486808503278 ], [ 131.900319272310242, 33.00191775167108 ], [ 131.901409303018966, 33.001878341462046 ], [ 131.901562372968698, 33.001360547474192 ], [ 131.901510952853101, 33.001039901978501 ], [ 131.900108806418757, 33.000064408075275 ], [ 131.90077322046551, 32.999418495135139 ], [ 131.900999289604783, 32.998713517766326 ], [ 131.901620856985318, 32.99817160850143 ], [ 131.901204238451157, 32.9973955156008 ], [ 131.901412883346012, 32.997500417445742 ], [ 131.902680588814519, 32.99715673464825 ], [ 131.902990357871317, 32.996782984603044 ], [ 131.902934641622977, 32.99667247406834 ], [ 131.90264528564947, 32.99673587988795 ], [ 131.902932673405928, 32.996585922662803 ], [ 131.90267584544884, 32.995846554038444 ], [ 131.902146369020272, 32.995661009728316 ], [ 131.901950069415818, 32.995405432089257 ], [ 131.902138038629403, 32.994843200827901 ], [ 131.901760366581811, 32.994533024276954 ], [ 131.900660654409251, 32.994352486267715 ], [ 131.900517170637301, 32.994127184863821 ], [ 131.90060245670557, 32.993676609149432 ], [ 131.901355441158415, 32.993540435782805 ], [ 131.901569629927167, 32.99334502055644 ], [ 131.901490755073922, 32.992116532834238 ], [ 131.902368913135291, 32.991878458552847 ], [ 131.910360540572526, 32.987785333784927 ], [ 131.910966817094618, 32.987850348959185 ], [ 131.912078277440571, 32.987627633766671 ], [ 131.912489341195567, 32.98774636677939 ], [ 131.912598245228708, 32.987103540401776 ], [ 131.912049225797261, 32.986461011783547 ], [ 131.912022269503467, 32.984465699183957 ], [ 131.910336880148634, 32.985171407949956 ], [ 131.912012295802498, 32.984430605151289 ], [ 131.912075958619994, 32.983655563088618 ], [ 131.912524407478799, 32.983047235023051 ], [ 131.913211235333762, 32.982520124903203 ], [ 131.913722811682902, 32.98243433002061 ], [ 131.914794616530287, 32.98262036271997 ], [ 131.915098553427868, 32.982525260505483 ], [ 131.915051920705082, 32.982364194853666 ], [ 131.915183784386613, 32.982490372004271 ], [ 131.914941408356697, 32.982119736787745 ], [ 131.915210250407625, 32.982463126697425 ], [ 131.91581412747604, 32.98188611333731 ], [ 131.915989376130597, 32.981454708941797 ], [ 131.915476797676462, 32.981126631610799 ], [ 131.916031236639697, 32.981364230372662 ], [ 131.916801151234665, 32.981326127969538 ], [ 131.917506719931708, 32.981887230899524 ], [ 131.917841685038667, 32.981592616241251 ], [ 131.919116859034631, 32.981577839115765 ], [ 131.917863519476242, 32.981634837108778 ], [ 131.917679062464401, 32.981797599013476 ], [ 131.919135149386705, 32.982826583154718 ], [ 131.920661226675008, 32.982864949560224 ], [ 131.920781264932288, 32.982986699334489 ], [ 131.921970569284753, 32.982637988045596 ], [ 131.922136930220745, 32.982278781133274 ], [ 131.922008801946248, 32.981588108878789 ], [ 131.919712868979644, 32.981583376023245 ], [ 131.922026086816516, 32.981497809855178 ], [ 131.923886316996203, 32.980750993027222 ], [ 131.924097140948874, 32.980344563738655 ], [ 131.923905346715713, 32.980218839877786 ], [ 131.924112736664483, 32.980301167930577 ], [ 131.924113360322394, 32.98016049466839 ], [ 131.924519612791556, 32.979923949913307 ], [ 131.92498230784841, 32.980587800892295 ], [ 131.924745537352351, 32.981174764207637 ], [ 131.925057025209753, 32.982526840793426 ], [ 131.926386971303458, 32.985498983100875 ], [ 131.927118007074796, 32.986040913018101 ], [ 131.928475364881194, 32.986414083804128 ], [ 131.929361025531392, 32.988228993285439 ], [ 131.930103800824213, 32.988659009020502 ], [ 131.930649025091952, 32.988512483143531 ], [ 131.932428056614128, 32.989504660837746 ], [ 131.930714494925468, 32.988633728862844 ], [ 131.930413555737488, 32.989014689966901 ], [ 131.930889930313413, 32.98995344727966 ], [ 131.930759164078154, 32.990038280904514 ], [ 131.931032481051346, 32.990282417311768 ], [ 131.931965662276099, 32.990406219778627 ], [ 131.932343016640317, 32.990678433294349 ], [ 131.933767143581719, 32.991079898937713 ], [ 131.934067814321878, 32.990468093153474 ], [ 131.932904488488333, 32.989834746450441 ], [ 131.932962256724039, 32.989430346402941 ], [ 131.933082250156701, 32.989442074966448 ], [ 131.933056607373743, 32.98985705732364 ], [ 131.934138017289797, 32.990435106296147 ], [ 131.934317985524984, 32.990854865453031 ], [ 131.936535200913312, 32.991996097054951 ], [ 131.936662516271355, 32.992597491725455 ], [ 131.937126993795744, 32.992402851440467 ], [ 131.936678946087397, 32.992633437482482 ], [ 131.937167384728042, 32.993187043846788 ], [ 131.937306360818241, 32.993080501545123 ], [ 131.937317306953872, 32.993198544394794 ], [ 131.938215327274207, 32.993432575062045 ], [ 131.938567060227001, 32.992995309791347 ], [ 131.937545690185431, 32.992337496783556 ], [ 131.938771499869176, 32.99310288538188 ], [ 131.939286454332546, 32.993135991686266 ], [ 131.940137705107361, 32.993554959285404 ], [ 131.944840080691449, 32.993902421159248 ], [ 131.9292849650449, 32.964081322600904 ], [ 131.923781066399783, 32.964539783180051 ], [ 131.92419590431129, 32.96681980695891 ], [ 131.924096857810525, 32.966866525829353 ], [ 131.924225183051107, 32.966862871693166 ], [ 131.924288556585765, 32.96729884020553 ], [ 131.927179093017912, 32.974075543840627 ], [ 131.926386881053929, 32.972378959215916 ], [ 131.92497033309337, 32.972872765096398 ], [ 131.925351160245128, 32.973695927626608 ], [ 131.921667455673202, 32.974887245642883 ], [ 131.921300612409397, 32.974072086576697 ], [ 131.918216470874597, 32.97521200100401 ], [ 131.919547110876294, 32.9760182824132 ], [ 131.918196283279485, 32.975223872585374 ], [ 131.917985621724512, 32.9753408392396 ], [ 131.918051950057588, 32.975547748243358 ], [ 131.91795366183112, 32.975555684452068 ], [ 131.917809042059247, 32.973783060037306 ], [ 131.917586401569025, 32.972837886350653 ], [ 131.917433628770311, 32.972854336601529 ], [ 131.917277298627283, 32.972324367598944 ], [ 131.917427687757396, 32.972174480333493 ], [ 131.917216062283586, 32.972092174387832 ], [ 131.915851152793238, 32.968783836265281 ], [ 131.915029095594548, 32.969046846439305 ], [ 131.915574835093025, 32.970311579881049 ], [ 131.914768862177453, 32.970571763010952 ], [ 131.914669992875503, 32.970742010805424 ], [ 131.914996495556125, 32.971177856707378 ], [ 131.914661731418136, 32.970767319314767 ], [ 131.912923854980647, 32.971331872221029 ], [ 131.913804015424802, 32.972448085755694 ], [ 131.913431871189033, 32.972571634240246 ], [ 131.912870547619661, 32.971349393192092 ], [ 131.912671086040007, 32.971409460956373 ], [ 131.91234704697581, 32.971935725963696 ], [ 131.91269046564264, 32.972042326293071 ], [ 131.912693343086346, 32.972533742906172 ], [ 131.912287356658112, 32.97247899607131 ], [ 131.912074250386695, 32.97266720672242 ], [ 131.912342318051941, 32.972931258785088 ], [ 131.911607541165296, 32.973779725349218 ], [ 131.912339328524354, 32.974535051777401 ], [ 131.913404587514435, 32.976985753944732 ], [ 131.911939579715437, 32.977463534785684 ], [ 131.912053709895048, 32.977638537906834 ], [ 131.911511735887643, 32.978513550927012 ], [ 131.911917641792513, 32.977622398242538 ], [ 131.911743727917639, 32.977143949588424 ], [ 131.911047356128307, 32.977365436534171 ], [ 131.910242923162343, 32.975599415088254 ], [ 131.907276661007359, 32.976569554682214 ], [ 131.907499088882702, 32.976563434248625 ], [ 131.907374819050915, 32.976752793734235 ], [ 131.907641786873654, 32.976704870178786 ], [ 131.907384698412415, 32.976778871184614 ], [ 131.907572805267989, 32.977282471808941 ], [ 131.906429510431053, 32.975221301083764 ], [ 131.905911563287361, 32.97541711665901 ], [ 131.906640603018388, 32.976723846808014 ], [ 131.906773704833341, 32.976662467503317 ], [ 131.906646071521948, 32.976735529489865 ], [ 131.907068868268624, 32.977492619807073 ], [ 131.906342215359132, 32.977779218547198 ], [ 131.905799868422719, 32.976847155446947 ], [ 131.90560595148844, 32.976919794994991 ], [ 131.90542069879001, 32.976588398084431 ], [ 131.904638660720821, 32.976902438968679 ], [ 131.905303306602889, 32.978083401250075 ], [ 131.904517970261651, 32.978394764028089 ], [ 131.903818770589595, 32.977185191050928 ], [ 131.903095890119147, 32.977531257449549 ], [ 131.903337918079217, 32.977972259238371 ], [ 131.903214350674631, 32.978026351664013 ], [ 131.903308673374966, 32.978145601531338 ], [ 131.903150449023457, 32.978054767022989 ], [ 131.90348588851063, 32.978738560341291 ], [ 131.903322893814277, 32.97859816394314 ], [ 131.903118261714155, 32.978678092245069 ], [ 131.902665858768728, 32.97910786961954 ], [ 131.903435933938908, 32.979512599434742 ], [ 131.90353309466542, 32.97938475679122 ], [ 131.904145396414947, 32.979734713639182 ], [ 131.904093552408398, 32.979896495985031 ], [ 131.906538258518083, 32.980425260890605 ], [ 131.904355602913853, 32.979996498956837 ], [ 131.904303943033682, 32.98017631454308 ], [ 131.904445540939008, 32.980209556953113 ], [ 131.904323526611535, 32.980203224810467 ], [ 131.904106795437258, 32.980875674481595 ], [ 131.906288927441267, 32.981357645740502 ], [ 131.907532764000194, 32.980484781131267 ], [ 131.9058658473717, 32.981736726369462 ], [ 131.903691352182847, 32.981266416261811 ], [ 131.903537646664432, 32.981718387269829 ], [ 131.903503297882025, 32.981710520025629 ], [ 131.903629151770019, 32.981248830821208 ], [ 131.903127373088495, 32.980935043281271 ], [ 131.902808318453197, 32.980917507935487 ], [ 131.901791201093232, 32.981264789413842 ], [ 131.90165073168788, 32.982073748366602 ], [ 131.901519451428982, 32.982101745776639 ], [ 131.900049431009535, 32.981583013034644 ], [ 131.900088341162729, 32.981405994028535 ], [ 131.899280508954178, 32.981086278050448 ], [ 131.899369622282592, 32.980906193453883 ], [ 131.897831678008203, 32.980321193379829 ], [ 131.897332823443691, 32.979980307725747 ], [ 131.896995972744037, 32.979996246214299 ], [ 131.897042443787257, 32.98014469852248 ], [ 131.896670703574841, 32.980306065177899 ], [ 131.896161439302347, 32.979885897230133 ], [ 131.896661016285321, 32.980620836774399 ], [ 131.89639278964799, 32.98043880496855 ], [ 131.8954570892042, 32.981228199982695 ], [ 131.89555114758366, 32.981536820457727 ], [ 131.89580758596145, 32.98150342585545 ], [ 131.895874125871018, 32.981735595532605 ], [ 131.896164833152397, 32.981701954986519 ], [ 131.896312330572272, 32.982112087003493 ], [ 131.896522717790589, 32.982070904633026 ], [ 131.89659579367202, 32.982321062518338 ], [ 131.897081718404593, 32.98223372076373 ], [ 131.897123855975138, 32.982374991284978 ], [ 131.896691422124093, 32.982461948297242 ], [ 131.896745337999931, 32.983032356555384 ], [ 131.896057698024748, 32.983068840401202 ], [ 131.896317034926483, 32.984379899642732 ], [ 131.89650960923754, 32.984585016672177 ], [ 131.896409387003899, 32.984618196185956 ], [ 131.896703283085969, 32.985328455734489 ], [ 131.897160403542557, 32.98587884043507 ], [ 131.897286999707404, 32.985701194817544 ], [ 131.897460934412805, 32.985873078065076 ], [ 131.897204702594507, 32.985928117806274 ], [ 131.897635449268904, 32.986407452320222 ], [ 131.897546354387686, 32.986482934297513 ], [ 131.898025050296695, 32.987585921739871 ], [ 131.898239241730977, 32.988446437343029 ], [ 131.897775804975652, 32.988965552811756 ], [ 131.897870087929732, 32.989715115604561 ], [ 131.897468290627842, 32.989974090099487 ], [ 131.896639307282982, 32.989893467746562 ], [ 131.896177627435492, 32.989423367741388 ], [ 131.895470596670805, 32.989233656595687 ], [ 131.895004974669007, 32.988686932948077 ], [ 131.89471116132043, 32.98862230679066 ], [ 131.894871836855543, 32.988747399899218 ], [ 131.894782060052677, 32.98886346345801 ], [ 131.895035303124473, 32.989463106343152 ], [ 131.894791893479834, 32.989522558024284 ], [ 131.894621302177114, 32.989053075364311 ], [ 131.894751574622745, 32.989023287941649 ], [ 131.89470941837385, 32.988880215134031 ], [ 131.89456428468398, 32.989019216602088 ], [ 131.894464241279906, 32.988648419539004 ], [ 131.894646811850947, 32.988607437442035 ], [ 131.893254731939578, 32.988606564773605 ], [ 131.893101552368364, 32.98848682586619 ], [ 131.890251363779157, 32.991064452305217 ], [ 131.890276128748695, 32.991191420065142 ], [ 131.889684278885341, 32.991108704937858 ], [ 131.889365096322763, 32.991356605980201 ], [ 131.889816898574168, 32.99170326487711 ], [ 131.889839143323172, 32.992103476504234 ], [ 131.889707768092563, 32.992132363977902 ], [ 131.88981047951998, 32.992553643886033 ], [ 131.890101685955784, 32.992566000483812 ], [ 131.890526064425899, 32.992952526880828 ], [ 131.890425884768462, 32.993315736412228 ], [ 131.890704367708253, 32.993126195067674 ], [ 131.891886175296008, 32.993491088862875 ], [ 131.892123409993474, 32.993033120341579 ], [ 131.892230815324666, 32.993072933198611 ], [ 131.89197743161165, 32.993521096328138 ], [ 131.892542352143607, 32.993725366589985 ], [ 131.892869434781119, 32.993058455957488 ], [ 131.892984391584378, 32.993100918225117 ], [ 131.892612127653621, 32.993747412169739 ], [ 131.893618364056863, 32.994109034590437 ], [ 131.893433817411363, 32.994908383424054 ], [ 131.893616481909419, 32.995513042025649 ], [ 131.894017583495327, 32.994328006595325 ], [ 131.89353245083683, 32.996513663582228 ], [ 131.89460084798273, 32.996768427991718 ], [ 131.894904133891629, 32.997031367289573 ], [ 131.894887736274228, 32.99656709308497 ], [ 131.894379427105235, 32.996466128304121 ], [ 131.894260991548663, 32.996286629042622 ], [ 131.894511366308677, 32.995227108735506 ], [ 131.894814509196692, 32.995046395943113 ], [ 131.895643387275584, 32.995210889244326 ], [ 131.896095055874781, 32.995118383134546 ], [ 131.896733353612689, 32.995384326978979 ], [ 131.896650919829057, 32.996010719327671 ], [ 131.895676601779655, 32.996593005674669 ], [ 131.895572365521446, 32.996866976336278 ], [ 131.895966800723443, 32.997453883370127 ], [ 131.89620448815819, 32.997363809403737 ], [ 131.896485991934355, 32.998108424096522 ], [ 131.896581371772839, 32.998016665647519 ], [ 131.896952998700584, 32.998257468784395 ], [ 131.896881080795055, 32.998346352756393 ], [ 131.89759123710536, 32.998828190838687 ], [ 131.897608714693263, 32.999496247786077 ], [ 131.896762934192566, 32.99988735507349 ], [ 131.8966468213317, 33.000144279439915 ], [ 131.897400188394073, 33.000780004527705 ], [ 131.897602026400364, 33.000740682928488 ], [ 131.897546700946634, 33.001294742080773 ], [ 131.897357083880735, 33.001278068781474 ], [ 131.897118082634677, 33.001561124773964 ], [ 131.897176494224254, 33.001830321544134 ], [ 131.898786725082601, 33.003380556131816 ], [ 131.899398652639348, 33.003367140865606 ], [ 131.898939790934605, 33.003387572982618 ], [ 131.898916790585048, 33.003865656855083 ], [ 131.898661582420601, 33.004026198583503 ], [ 131.898529337635324, 33.005019061485328 ], [ 131.898702877093854, 33.005033143554726 ], [ 131.898712964389034, 33.005608381139744 ], [ 131.899037819223594, 33.005546784006214 ] ], [ [ 131.909158542864702, 32.98690013003548 ], [ 131.908783528973402, 32.986000211146902 ], [ 131.909695955886434, 32.986225224515096 ], [ 131.910145944573429, 32.987425124101755 ], [ 131.909983476964271, 32.98755842668384 ], [ 131.909158542864702, 32.98690013003548 ] ] ] } },
{ "type": "Feature", "properties": { "CITY_NAME": "佐伯市", "S_NAME": null, "JINKO": 0, "medical_area": "44_南部医療圏", "町丁目名": "佐伯市" }, "geometry": { "type": "Polygon", "coordinates": [ [ [ 131.902033570332577, 32.979955820469115 ], [ 131.901896221686002, 32.979214103765081 ], [ 131.901586205731832, 32.97909840202928 ], [ 131.901423375004981, 32.978464172026534 ], [ 131.901001551491845, 32.978260018500393 ], [ 131.901049229841732, 32.977991917961262 ], [ 131.900225225657238, 32.978036096509449 ], [ 131.900122317646577, 32.97771276540221 ], [ 131.900441348500806, 32.977589341336945 ], [ 131.900049027882062, 32.977194780658323 ], [ 131.900296191176437, 32.976957119160112 ], [ 131.899740130956047, 32.97664431361445 ], [ 131.899404215144813, 32.977072532103172 ], [ 131.898519319975094, 32.976739978961774 ], [ 131.898759936606581, 32.975806241610364 ], [ 131.898397393233608, 32.975643737969094 ], [ 131.89835794251178, 32.97530511508203 ], [ 131.897702585458262, 32.974477741409451 ], [ 131.898124854852597, 32.974431259106709 ], [ 131.898349550056821, 32.974096171235068 ], [ 131.899203144500774, 32.974394199523047 ], [ 131.899392544962467, 32.974139743611921 ], [ 131.899572955241723, 32.974136274685669 ], [ 131.900201569166285, 32.974616228340111 ], [ 131.900368717396589, 32.974582438344513 ], [ 131.900321284652478, 32.974355751234768 ], [ 131.900550329108796, 32.974062992021466 ], [ 131.900131170631511, 32.973905236421437 ], [ 131.899779344306552, 32.972762858281719 ], [ 131.899771110779653, 32.972198072758161 ], [ 131.899623565001946, 32.97201337686343 ], [ 131.899171679025898, 32.971931894128119 ], [ 131.899289172219596, 32.971311886962056 ], [ 131.899552924411068, 32.971401238864175 ], [ 131.90038810383399, 32.971031348714256 ], [ 131.900604267330181, 32.971249221205944 ], [ 131.900760327788873, 32.970880942503364 ], [ 131.901029355261869, 32.970856196671534 ], [ 131.901038648656339, 32.970495500893207 ], [ 131.900531084191698, 32.970008158365289 ], [ 131.901748685339726, 32.96926911779596 ], [ 131.901662565477125, 32.968846126073643 ], [ 131.901014544679583, 32.968328665384036 ], [ 131.901349854271245, 32.967976520407987 ], [ 131.901405263826717, 32.967680583004231 ], [ 131.901040052143429, 32.967392594339223 ], [ 131.89946693153442, 32.966893741906809 ], [ 131.898976904218586, 32.966922066410426 ], [ 131.898649258389753, 32.967494788427281 ], [ 131.897318363718028, 32.966634993253543 ], [ 131.89644152165053, 32.967039432239105 ], [ 131.895986420767144, 32.966968299820408 ], [ 131.895864328834676, 32.967184097742027 ], [ 131.896171573490932, 32.967501520807865 ], [ 131.895708975904768, 32.967656384412045 ], [ 131.895917733769778, 32.968102647973858 ], [ 131.89552841909105, 32.968389241934631 ], [ 131.895568220931096, 32.968771961371914 ], [ 131.895429857311626, 32.968990627295184 ], [ 131.895664762770309, 32.969270002118257 ], [ 131.895281821681209, 32.969542773200438 ], [ 131.894996576146468, 32.968647926640678 ], [ 131.894205765138764, 32.967541759564931 ], [ 131.89349127762523, 32.967356744806182 ], [ 131.893613389295012, 32.966818565626205 ], [ 131.893095010939021, 32.966629378215529 ], [ 131.892925424744391, 32.967042647819845 ], [ 131.891960997362133, 32.966734601521402 ], [ 131.891085464964448, 32.967114194835084 ], [ 131.89112712371724, 32.966768584625406 ], [ 131.890764432919781, 32.966353373104234 ], [ 131.8908105441771, 32.966151563115218 ], [ 131.890369511723549, 32.96568263164842 ], [ 131.890117325844926, 32.965627311121615 ], [ 131.89096211049457, 32.965166399339182 ], [ 131.890681424574126, 32.964935842132888 ], [ 131.891239886338582, 32.964757446484541 ], [ 131.891613912489362, 32.964895542301797 ], [ 131.892724491691951, 32.964756046911184 ], [ 131.894441581428907, 32.963693230547847 ], [ 131.894551988338065, 32.963437624728648 ], [ 131.894519061073225, 32.963222003614547 ], [ 131.89368379991916, 32.962658111743778 ], [ 131.89383112459754, 32.962035387225598 ], [ 131.893408818016241, 32.961798793994483 ], [ 131.893299776846192, 32.961144188532437 ], [ 131.892926493370055, 32.960604807857536 ], [ 131.892429025796105, 32.960438470756031 ], [ 131.892623275629262, 32.959877518442582 ], [ 131.892220792910877, 32.959458355183031 ], [ 131.892234784120689, 32.958622274595676 ], [ 131.891445293358686, 32.958524073119264 ], [ 131.891232304569655, 32.958334126891415 ], [ 131.891262397378256, 32.957669175396624 ], [ 131.891853889348141, 32.957006968317032 ], [ 131.892025360344377, 32.956558092233841 ], [ 131.891647263158944, 32.956493363186183 ], [ 131.890627870617834, 32.956915920318551 ], [ 131.890579447917332, 32.956228596775887 ], [ 131.890131493328425, 32.95605515344873 ], [ 131.888947475945656, 32.956969655823983 ], [ 131.888439651811694, 32.956241106829317 ], [ 131.888066212503844, 32.956165527925357 ], [ 131.887778152274223, 32.956305128792827 ], [ 131.887619402462093, 32.956908970598938 ], [ 131.887071205359319, 32.956788803834861 ], [ 131.886508666646534, 32.957466964074911 ], [ 131.885763250862993, 32.957295602856725 ], [ 131.885559312454888, 32.957701549243353 ], [ 131.885874544643059, 32.958467318813611 ], [ 131.885586590892302, 32.959138574246573 ], [ 131.885681262380047, 32.95960704459776 ], [ 131.886178764247518, 32.960046804438832 ], [ 131.886175084073614, 32.960498719154202 ], [ 131.887209453289472, 32.961041798591253 ], [ 131.88699646670625, 32.961320372042216 ], [ 131.887282704680416, 32.96172413778195 ], [ 131.886955096049093, 32.961830003394475 ], [ 131.88685921508511, 32.962036375348646 ], [ 131.88731966265874, 32.962604030085195 ], [ 131.888121797310049, 32.963135669490434 ], [ 131.887759822966245, 32.963457276949278 ], [ 131.885541301675573, 32.963329102582783 ], [ 131.885271811028588, 32.963615919008312 ], [ 131.884682908595039, 32.963574328356749 ], [ 131.884490985528515, 32.963795771386565 ], [ 131.882885728911134, 32.964267024356602 ], [ 131.88233079011107, 32.964784469410027 ], [ 131.882297425590906, 32.965017953481286 ], [ 131.882546220799156, 32.965354787203211 ], [ 131.883212754931151, 32.965739457044897 ], [ 131.88303875012258, 32.966192144544458 ], [ 131.883391972695705, 32.966701297931785 ], [ 131.883678749306029, 32.966823422777772 ], [ 131.883587252852095, 32.967269872272702 ], [ 131.88412315475432, 32.967307474996666 ], [ 131.884018729021193, 32.967571553033139 ], [ 131.884346191664946, 32.967742297730112 ], [ 131.884398214707858, 32.968031609080725 ], [ 131.885013012862004, 32.968597225805077 ], [ 131.884952612612551, 32.968800803376311 ], [ 131.885228657057979, 32.969186349826707 ], [ 131.885304757111584, 32.969945387009453 ], [ 131.885880923541521, 32.969869991208974 ], [ 131.885660852923365, 32.970169802484143 ], [ 131.885958600088998, 32.970718806576862 ], [ 131.886442137811628, 32.971016807739979 ], [ 131.887209159713251, 32.970970946801174 ], [ 131.887079190261943, 32.971304294804249 ], [ 131.887189193389105, 32.971640441863073 ], [ 131.887934999384271, 32.971870997260687 ], [ 131.888269628163016, 32.972295398318678 ], [ 131.889058019189576, 32.972521154767044 ], [ 131.88919968799533, 32.972830123608773 ], [ 131.888937823763854, 32.973212383521094 ], [ 131.889237833432503, 32.973325484606995 ], [ 131.889646321067204, 32.973787967425856 ], [ 131.889606275708758, 32.974311954491228 ], [ 131.89047387197445, 32.974990868887602 ], [ 131.891070980648237, 32.975009085152344 ], [ 131.891306739264905, 32.975631002662361 ], [ 131.892282125342177, 32.975930588129089 ], [ 131.892835009232215, 32.974992029578885 ], [ 131.893046430213019, 32.975345421986425 ], [ 131.892795189358424, 32.976068240133124 ], [ 131.892937328377144, 32.976422121259496 ], [ 131.893587280034637, 32.975860434613423 ], [ 131.893829665325711, 32.976640374585635 ], [ 131.894140808696278, 32.976844802391973 ], [ 131.894566938411089, 32.976814807765315 ], [ 131.894714386986522, 32.977164157229197 ], [ 131.895108289001655, 32.97712091802066 ], [ 131.895308271383044, 32.976596125478942 ], [ 131.895521568528693, 32.976612564812662 ], [ 131.896029587674036, 32.97730076373972 ], [ 131.896430381337183, 32.977410207948481 ], [ 131.896706519297425, 32.977309391008525 ], [ 131.896794529380912, 32.977573815620623 ], [ 131.897145399523879, 32.977490445038015 ], [ 131.897483433560495, 32.977708146303875 ], [ 131.89678741830437, 32.977928770403572 ], [ 131.897080767177073, 32.978207441993952 ], [ 131.897075885489301, 32.978782499943264 ], [ 131.897992763967125, 32.978268291796802 ], [ 131.898788996958075, 32.978469226856497 ], [ 131.899402739527176, 32.979334093721803 ], [ 131.899766360052183, 32.979452780076834 ], [ 131.899849852337411, 32.980069879634208 ], [ 131.901351575016463, 32.980980017926846 ], [ 131.901767160961043, 32.980437937520378 ], [ 131.901763003794258, 32.980029159443617 ], [ 131.902033570332577, 32.979955820469115 ] ] ] } },
{ "type": "Feature", "properties": { "CITY_NAME": "佐伯市", "S_NAME": "大字蒲江浦", "JINKO": 0, "medical_area": "44_南部医療圏", "町丁目名": "佐伯市大字蒲江浦" }, "geometry": { "type": "Polygon", "coordinates": [ [ [ 131.929365717742826, 32.779648336634963 ], [ 131.929575244896739, 32.779675653626647 ], [ 131.929540874383889, 32.77945046928 ], [ 131.929836173802926, 32.779105618174583 ], [ 131.930276796757482, 32.778981518911891 ], [ 131.930365383770948, 32.778671554629611 ], [ 131.929404775748338, 32.778890573987319 ], [ 131.929404209521294, 32.77914037475233 ], [ 131.92903310661822, 32.779485785419162 ], [ 131.929017480042631, 32.77973117121384 ], [ 131.929294641480737, 32.779790448286079 ], [ 131.929365717742826, 32.779648336634963 ] ] ] } },
{ "type": "Feature", "properties": { "CITY_NAME": "佐伯市", "S_NAME": "大字蒲江浦", "JINKO": 0, "medical_area": "44_南部医療圏", "町丁目名": "佐伯市大字蒲江浦" }, "geometry": { "type": "Polygon", "coordinates": [ [ [ 131.937145660651424, 32.722657687587258 ], [ 131.937206022530916, 32.7224047469361 ], [ 131.936718516760834, 32.72230558103044 ], [ 131.937290016863756, 32.722889268969745 ], [ 131.937145660651424, 32.722657687587258 ] ] ] } },
{ "type": "Feature", "properties": { "CITY_NAME": "佐伯市", "S_NAME": "大字蒲江浦", "JINKO": 0, "medical_area": "44_南部医療圏", "町丁目名": "佐伯市大字蒲江浦" }, "geometry": { "type": "Polygon", "coordinates": [ [ [ 131.933349224279453, 32.717454002977838 ], [ 131.934341964515028, 32.717415957451458 ], [ 131.934112364941086, 32.717087627595753 ], [ 131.933349224279453, 32.717454002977838 ] ] ] } },
{ "type": "Feature", "properties": { "CITY_NAME": "佐伯市", "S_NAME": "大字蒲江浦", "JINKO": 0, "medical_area": "44_南部医療圏", "町丁目名": "佐伯市大字蒲江浦" }, "geometry": { "type": "Polygon", "coordinates": [ [ [ 131.930856399921709, 32.722396968996158 ], [ 131.930947592639512, 32.722037388806513 ], [ 131.930683081354715, 32.721934749638329 ], [ 131.930856399921709, 32.722396968996158 ] ] ] } },
{ "type": "Feature", "properties": { "CITY_NAME": "佐伯市", "S_NAME": "大字蒲江浦", "JINKO": 0, "medical_area": "44_南部医療圏", "町丁目名": "佐伯市大字蒲江浦" }, "geometry": { "type": "Polygon", "coordinates": [ [ [ 131.93235638248666, 32.721994478161406 ], [ 131.932738615672037, 32.7219249066979 ], [ 131.931970339588474, 32.721393169982115 ], [ 131.931522391965586, 32.721298198924302 ], [ 131.931645367179812, 32.721535352689159 ], [ 131.93180414615, 32.721512529140313 ], [ 131.93235638248666, 32.721994478161406 ] ] ] } },
{ "type": "Feature", "properties": { "CITY_NAME": "佐伯市", "S_NAME": "大字蒲江浦", "JINKO": 0, "medical_area": "44_南部医療圏", "町丁目名": "佐伯市大字蒲江浦" }, "geometry": { "type": "Polygon", "coordinates": [ [ [ 131.934533546222212, 32.784758100530794 ], [ 131.934463144952957, 32.784868630752065 ], [ 131.934592589077198, 32.78489292338709 ], [ 131.934598755514401, 32.784868537324982 ], [ 131.934533546222212, 32.784758100530794 ] ] ] } },
{ "type": "Feature", "properties": { "CITY_NAME": "佐伯市", "S_NAME": "大字蒲江浦", "JINKO": 0, "medical_area": "44_南部医療圏", "町丁目名": "佐伯市大字蒲江浦" }, "geometry": { "type": "Polygon", "coordinates": [ [ [ 131.938108851125037, 32.723150967659663 ], [ 131.937669304155548, 32.723151538102258 ], [ 131.937990158570472, 32.723333102568091 ], [ 131.938108851125037, 32.723150967659663 ] ] ] } },
{ "type": "Feature", "properties": { "CITY_NAME": "佐伯市", "S_NAME": "大字蒲江浦", "JINKO": 0, "medical_area": "44_南部医療圏", "町丁目名": "佐伯市大字蒲江浦" }, "geometry": { "type": "Polygon", "coordinates": [ [ [ 131.934561497355219, 32.720368461363606 ], [ 131.934190309580316, 32.720369426559259 ], [ 131.933884536651789, 32.720305865782386 ], [ 131.934154263268312, 32.720493227613275 ], [ 131.934561497355219, 32.720368461363606 ] ] ] } },
{ "type": "Feature", "properties": { "CITY_NAME": "佐伯市", "S_NAME": "大字蒲江浦", "JINKO": 0, "medical_area": "44_南部医療圏", "町丁目名": "佐伯市大字蒲江浦" }, "geometry": { "type": "Polygon", "coordinates": [ [ [ 131.932929550975842, 32.719049612460353 ], [ 131.932654019588085, 32.719224788358694 ], [ 131.932954899365001, 32.719435363499834 ], [ 131.933119396472847, 32.719153699969624 ], [ 131.932929550975842, 32.719049612460353 ] ] ] } },
{ "type": "Feature", "properties": { "CITY_NAME": "佐伯市", "S_NAME": "大字蒲江浦", "JINKO": 0, "medical_area": "44_南部医療圏", "町丁目名": "佐伯市大字蒲江浦" }, "geometry": { "type": "Polygon", "coordinates": [ [ [ 131.932524315595344, 32.718653138957478 ], [ 131.932217843806086, 32.718417348239797 ], [ 131.932359271097482, 32.718377533544619 ], [ 131.932273004012103, 32.718079697554479 ], [ 131.931976157997923, 32.717952045074263 ], [ 131.931344222787175, 32.718009940192267 ], [ 131.932547084902609, 32.719095726641335 ], [ 131.932524315595344, 32.718653138957478 ] ] ] } },
{ "type": "Feature", "properties": { "CITY_NAME": "佐伯市", "S_NAME": "大字蒲江浦", "JINKO": 0, "medical_area": "44_南部医療圏", "町丁目名": "佐伯市大字蒲江浦" }, "geometry": { "type": "Polygon", "coordinates": [ [ [ 131.934264596192349, 32.717981026699192 ], [ 131.933236996850411, 32.717536893000705 ], [ 131.932915586105764, 32.717603302055196 ], [ 131.933150432349834, 32.717723293749856 ], [ 131.932791599563473, 32.717893682052981 ], [ 131.934097333008282, 32.718612599488658 ], [ 131.935121753045252, 32.718951238797679 ], [ 131.935163290699649, 32.718748021416623 ], [ 131.93497857689303, 32.71851856100146 ], [ 131.93406189562603, 32.718282825186044 ], [ 131.934264596192349, 32.717981026699192 ] ] ] } },
{ "type": "Feature", "properties": { "CITY_NAME": "佐伯市", "S_NAME": "大字蒲江浦", "JINKO": 0, "medical_area": "44_南部医療圏", "町丁目名": "佐伯市大字蒲江浦" }, "geometry": { "type": "Polygon", "coordinates": [ [ [ 131.917468943693109, 32.725904138484324 ], [ 131.918068330247621, 32.725892533680259 ], [ 131.918197777740744, 32.72582034469 ], [ 131.917696485588891, 32.725725734940056 ], [ 131.917468943693109, 32.725904138484324 ] ] ] } },
{ "type": "Feature", "properties": { "CITY_NAME": "佐伯市", "S_NAME": "大字蒲江浦", "JINKO": 0, "medical_area": "44_南部医療圏", "町丁目名": "佐伯市大字蒲江浦" }, "geometry": { "type": "Polygon", "coordinates": [ [ [ 131.926923555389095, 32.726873490955597 ], [ 131.927255307619873, 32.726868347060439 ], [ 131.927121990729319, 32.726767426439793 ], [ 131.927931594401628, 32.726450342382471 ], [ 131.929342639653697, 32.726617545735444 ], [ 131.929034501592469, 32.726432272060798 ], [ 131.929169413753726, 32.72606786107103 ], [ 131.929784357302566, 32.72610929529727 ], [ 131.929546773374312, 32.725831511251528 ], [ 131.929803104214159, 32.725240780534975 ], [ 131.93009356023137, 32.725168285979038 ], [ 131.930168220384616, 32.724957635489929 ], [ 131.929680543782951, 32.724633903933288 ], [ 131.929716408362083, 32.724290972849424 ], [ 131.929382067646088, 32.723940866285567 ], [ 131.929566612891563, 32.723733893992012 ], [ 131.929415766935847, 32.723589831979197 ], [ 131.92961024269016, 32.723512641884724 ], [ 131.929251331119644, 32.723364712683029 ], [ 131.929073633027258, 32.723717710595686 ], [ 131.928818460047779, 32.723495058437841 ], [ 131.928231408454337, 32.72356974261708 ], [ 131.928267682491338, 32.723152854596016 ], [ 131.928779005180246, 32.723081442661261 ], [ 131.928949678430257, 32.722879100215636 ], [ 131.928860792797963, 32.722738172071516 ], [ 131.929319186106937, 32.722401132643313 ], [ 131.929951505849317, 32.722577700504388 ], [ 131.930134372385822, 32.722209340327595 ], [ 131.930357492300004, 32.72222662087448 ], [ 131.930205975446057, 32.722122245337282 ], [ 131.930331188377892, 32.722157387896004 ], [ 131.930300687325712, 32.721997094982306 ], [ 131.930465983761962, 32.722192459331836 ], [ 131.930430117950749, 32.721820294531284 ], [ 131.93143529858682, 32.721538707343299 ], [ 131.931052474257086, 32.721142080577835 ], [ 131.930843751826444, 32.721178799637713 ], [ 131.930744166424461, 32.720938759403374 ], [ 131.930868912814759, 32.720728635434263 ], [ 131.931289088301895, 32.720813881457829 ], [ 131.930882031321659, 32.720547289584516 ], [ 131.931199619155961, 32.720312276120083 ], [ 131.931410335623895, 32.720475741185702 ], [ 131.931372471998458, 32.720216310396829 ], [ 131.931898049175288, 32.7202836534981 ], [ 131.931813096049126, 32.719911853287059 ], [ 131.932169126384991, 32.719992182915654 ], [ 131.9324462795594, 32.719868388947567 ], [ 131.932555821132809, 32.72003980669075 ], [ 131.932701299860895, 32.719876410995845 ], [ 131.932596222055508, 32.719717570664486 ], [ 131.932770577720532, 32.719662170672791 ], [ 131.931894656752547, 32.718834552822074 ], [ 131.93197274618791, 32.719259610827294 ], [ 131.931521085687677, 32.719223281197728 ], [ 131.931503877335189, 32.719411878492352 ], [ 131.931046177743667, 32.719612759677148 ], [ 131.930636053889486, 32.71925869174887 ], [ 131.93043013938717, 32.719356715470738 ], [ 131.930332098750938, 32.719674851287706 ], [ 131.930200648203993, 32.719447692417397 ], [ 131.929988998571645, 32.719716174808681 ], [ 131.929292953101651, 32.719459819276516 ], [ 131.929412479900435, 32.719252430179488 ], [ 131.929043361045586, 32.718841253948021 ], [ 131.929225130222221, 32.718673085118041 ], [ 131.929020391768944, 32.718474418093173 ], [ 131.929037092109667, 32.718027029347965 ], [ 131.929658252268297, 32.717853794406864 ], [ 131.929561999415085, 32.717419869667424 ], [ 131.929921937173503, 32.717154798564515 ], [ 131.929301894069113, 32.716920424353361 ], [ 131.928955199884939, 32.717023978640086 ], [ 131.928641755868114, 32.71683782734474 ], [ 131.928239060477665, 32.716780394333092 ], [ 131.9278769256251, 32.716938164843071 ], [ 131.927772084146341, 32.716809083739804 ], [ 131.928093758591615, 32.716655223087862 ], [ 131.927989319007906, 32.716564921549171 ], [ 131.928960308314942, 32.716278199268068 ], [ 131.928716181550158, 32.716089721310716 ], [ 131.929128475426523, 32.715939696419738 ], [ 131.928069187120428, 32.714900599592717 ], [ 131.927556082937599, 32.714899882087785 ], [ 131.927188837308137, 32.714562623416832 ], [ 131.926011193378486, 32.714454085882046 ], [ 131.925836231812411, 32.714660084142636 ], [ 131.925977600349398, 32.715123443644863 ], [ 131.924943509258839, 32.715085061541785 ], [ 131.923846074416701, 32.715822660242409 ], [ 131.924058106246321, 32.716213361712292 ], [ 131.923579151016583, 32.716219597530369 ], [ 131.924221754454948, 32.716364556779425 ], [ 131.923543074526606, 32.716438977681662 ], [ 131.923434582190282, 32.716577750409613 ], [ 131.924174039961827, 32.716804969314992 ], [ 131.922917076407401, 32.716871013188715 ], [ 131.922633345417097, 32.717085009420366 ], [ 131.922679319670664, 32.71719559396746 ], [ 131.922135094801774, 32.717484543528791 ], [ 131.922246790558859, 32.71777048625583 ], [ 131.922728301062108, 32.717809322464383 ], [ 131.922652686236489, 32.718649403870685 ], [ 131.922971387477645, 32.718626332342502 ], [ 131.922839865110944, 32.718908637860252 ], [ 131.92297403430311, 32.719094307102658 ], [ 131.922037587022061, 32.719414107286973 ], [ 131.921574951452698, 32.719761069523372 ], [ 131.921466100211745, 32.720068464055942 ], [ 131.921718426171168, 32.720333525852155 ], [ 131.921679538128728, 32.720490720012236 ], [ 131.922410170788481, 32.720067832084844 ], [ 131.921774501805032, 32.720705544768791 ], [ 131.923068264499108, 32.720784397955946 ], [ 131.923006343893434, 32.721197862815984 ], [ 131.923284808651147, 32.721402320812324 ], [ 131.924144741945327, 32.721516834258097 ], [ 131.923823299731396, 32.721897935240392 ], [ 131.924084237155796, 32.721961832863016 ], [ 131.924225299378463, 32.722298053743827 ], [ 131.924466828113765, 32.722338651346242 ], [ 131.924424414623019, 32.722468819411361 ], [ 131.924756130615776, 32.722259872447111 ], [ 131.925323263814334, 32.723252131233103 ], [ 131.925356724088374, 32.722981359048887 ], [ 131.9249594316056, 32.722416181920657 ], [ 131.925412716915872, 32.721994443627743 ], [ 131.92581059779647, 32.722301699794947 ], [ 131.925739877014877, 32.722579967842506 ], [ 131.92607764773868, 32.722852511938818 ], [ 131.925787366551162, 32.723046732417487 ], [ 131.926131523442365, 32.722904423306922 ], [ 131.926477127339268, 32.723007372097072 ], [ 131.926727357171444, 32.723373447673126 ], [ 131.926704157828368, 32.723604463842427 ], [ 131.92618901636493, 32.72403298576517 ], [ 131.925397865675649, 32.723972084949665 ], [ 131.925061368919813, 32.724235173941665 ], [ 131.924150408424282, 32.724040783158657 ], [ 131.92337391529469, 32.72426201717159 ], [ 131.923270839507438, 32.72440164837284 ], [ 131.923399463867327, 32.724671228311493 ], [ 131.923059364987097, 32.724479851870612 ], [ 131.923010264772842, 32.724786808491629 ], [ 131.923227977663032, 32.724901537684829 ], [ 131.922783438924, 32.725033744964136 ], [ 131.922933401688795, 32.725408684119891 ], [ 131.922758778656174, 32.725439714610872 ], [ 131.922942378001125, 32.72555200024717 ], [ 131.92243701049361, 32.725791067866467 ], [ 131.922464542799645, 32.726085731332176 ], [ 131.922092293796112, 32.72598566400103 ], [ 131.921646040200642, 32.726267587208476 ], [ 131.921349322621325, 32.726047938715411 ], [ 131.920980360445583, 32.726373481342669 ], [ 131.921292568678268, 32.726332407206883 ], [ 131.921616436894169, 32.726606859774279 ], [ 131.921503078114256, 32.726784449689298 ], [ 131.921736172398198, 32.72704153348171 ], [ 131.922891360656592, 32.726814827915085 ], [ 131.923674418285799, 32.727026389318311 ], [ 131.924468195064492, 32.726716647357428 ], [ 131.925014773527437, 32.726957909426176 ], [ 131.925168528719439, 32.726762001926566 ], [ 131.92553185140207, 32.726819735002664 ], [ 131.925515489698228, 32.726680084091726 ], [ 131.925729274315103, 32.726623504977731 ], [ 131.926286847228795, 32.726686126578031 ], [ 131.92690730584988, 32.72705936817102 ], [ 131.92714117397648, 32.7269782981666 ], [ 131.926923555389095, 32.726873490955597 ] ] ] } },
{ "type": "Feature", "properties": { "CITY_NAME": "佐伯市", "S_NAME": "大字蒲江浦", "JINKO": 0, "medical_area": "44_南部医療圏", "町丁目名": "佐伯市大字蒲江浦" }, "geometry": { "type": "Polygon", "coordinates": [ [ [ 131.933066281302359, 32.77981568955795 ], [ 131.93348477090575, 32.779816192053431 ], [ 131.933411421587266, 32.779644506090058 ], [ 131.932982180889724, 32.779636879649381 ], [ 131.933066281302359, 32.77981568955795 ] ] ] } },
{ "type": "Feature", "properties": { "CITY_NAME": "佐伯市", "S_NAME": "大字蒲江浦", "JINKO": 0, "medical_area": "44_南部医療圏", "町丁目名": "佐伯市大字蒲江浦" }, "geometry": { "type": "Polygon", "coordinates": [ [ [ 131.925421908170364, 32.775790871955579 ], [ 131.925188072532251, 32.775782677341937 ], [ 131.9251165636758, 32.775577596366901 ], [ 131.925777722180641, 32.775515030916893 ], [ 131.925854715006807, 32.775324179501943 ], [ 131.92625293500052, 32.775430372484294 ], [ 131.926072380121155, 32.77530904992684 ], [ 131.926675678336096, 32.774918663784277 ], [ 131.925887606737263, 32.774475389263642 ], [ 131.925630756027857, 32.77451516492664 ], [ 131.924958660860312, 32.774245974384193 ], [ 131.924805679869621, 32.774620430110879 ], [ 131.924428745553797, 32.774918069368077 ], [ 131.924302089204303, 32.775370776666421 ], [ 131.924973892648978, 32.775611123484083 ], [ 131.92517238840864, 32.776015452650476 ], [ 131.925421908170364, 32.775790871955579 ] ] ] } },
{ "type": "Feature", "properties": { "CITY_NAME": "佐伯市", "S_NAME": "大字蒲江浦", "JINKO": 0, "medical_area": "44_南部医療圏", "町丁目名": "佐伯市大字蒲江浦" }, "geometry": { "type": "Polygon", "coordinates": [ [ [ 131.934768354206369, 32.7846499394483 ], [ 131.93482543769781, 32.784804625785547 ], [ 131.935069253288248, 32.784744196901521 ], [ 131.935016521107997, 32.784702196729533 ], [ 131.934768354206369, 32.7846499394483 ] ] ] } },
{ "type": "Feature", "properties": { "CITY_NAME": "佐伯市", "S_NAME": "大字蒲江浦", "JINKO": 0, "medical_area": "44_南部医療圏", "町丁目名": "佐伯市大字蒲江浦" }, "geometry": { "type": "Polygon", "coordinates": [ [ [ 131.937157095785352, 32.784314761401674 ], [ 131.936952293016077, 32.784531807955979 ], [ 131.937500867936507, 32.784616083741597 ], [ 131.93730480615497, 32.784402921090845 ], [ 131.937157095785352, 32.784314761401674 ] ] ] } },
{ "type": "Feature", "properties": { "CITY_NAME": "佐伯市", "S_NAME": "大字蒲江浦", "JINKO": 0, "medical_area": "44_南部医療圏", "町丁目名": "佐伯市大字蒲江浦" }, "geometry": { "type": "Polygon", "coordinates": [ [ [ 131.936748935821583, 32.783464748587875 ], [ 131.936415806131151, 32.783946529345002 ], [ 131.936451865482837, 32.784449866282038 ], [ 131.936763661638452, 32.783850577200667 ], [ 131.936748935821583, 32.783464748587875 ] ] ] } },
{ "type": "Feature", "properties": { "CITY_NAME": "佐伯市", "S_NAME": "大字蒲江浦", "JINKO": 0, "medical_area": "44_南部医療圏", "町丁目名": "佐伯市大字蒲江浦" }, "geometry": { "type": "Polygon", "coordinates": [ [ [ 131.908274462402119, 32.781028957422826 ], [ 131.909373953064858, 32.78018146304936 ], [ 131.910078561641285, 32.77987606596237 ], [ 131.911287920811645, 32.778823964224081 ], [ 131.912244064173564, 32.778578957221846 ], [ 131.912410502643468, 32.778780646373278 ], [ 131.912574545998353, 32.778430478713339 ], [ 131.91288135728368, 32.778266831542709 ], [ 131.913430825923911, 32.778239396812417 ], [ 131.913438953008267, 32.778406163466975 ], [ 131.913730735983762, 32.778444621777879 ], [ 131.91375058276347, 32.778191984308997 ], [ 131.913513739809844, 32.778102631813084 ], [ 131.913634551568776, 32.777912383870728 ], [ 131.914969041913935, 32.777821517067721 ], [ 131.914993391190166, 32.777390291509626 ], [ 131.915260138246992, 32.777272916950785 ], [ 131.915516707884848, 32.777309830991186 ], [ 131.915867826785245, 32.777718471623686 ], [ 131.916067119940919, 32.777683661089995 ], [ 131.916065667760591, 32.777339189033611 ], [ 131.915845882628361, 32.777246106048359 ], [ 131.916019417502781, 32.777090644052983 ], [ 131.91592215362877, 32.776771228267989 ], [ 131.916133044864296, 32.776623613290241 ], [ 131.916607378485679, 32.776759927721386 ], [ 131.917330256089883, 32.776679800875336 ], [ 131.91678212465601, 32.776625185836664 ], [ 131.916976836534189, 32.77615305428742 ], [ 131.91774645426932, 32.776044633325952 ], [ 131.917777187549319, 32.77622747297314 ], [ 131.917810440700634, 32.776038759091428 ], [ 131.918078320127506, 32.776032293988813 ], [ 131.918602248167105, 32.776636254633971 ], [ 131.917813965365326, 32.776689796000653 ], [ 131.918904087496173, 32.776720613500721 ], [ 131.919281892529256, 32.777022634332361 ], [ 131.9191396064397, 32.776786523232175 ], [ 131.91927407404728, 32.776676430643484 ], [ 131.919537466548007, 32.776857550152556 ], [ 131.91928860135036, 32.776321926545492 ], [ 131.919361868317225, 32.776180719973098 ], [ 131.920864663409105, 32.77534279724977 ], [ 131.921742230701398, 32.775142487588532 ], [ 131.922705956439387, 32.775339228238607 ], [ 131.922454805671975, 32.775826205706039 ], [ 131.922622011655733, 32.775890813793275 ], [ 131.922895004907531, 32.775346858100747 ], [ 131.92357994985349, 32.77521376802207 ], [ 131.923760760607962, 32.77483641442744 ], [ 131.924215065289928, 32.774593211928654 ], [ 131.924432518530949, 32.774050559754578 ], [ 131.924850002909949, 32.773747197661955 ], [ 131.92454516431269, 32.773380618128527 ], [ 131.924743151862202, 32.773430572689918 ], [ 131.92471523560468, 32.773311735698691 ], [ 131.924521268347092, 32.773134625090229 ], [ 131.924093395142535, 32.773151296988935 ], [ 131.923894898874096, 32.772737947988091 ], [ 131.923938967531114, 32.772048678978756 ], [ 131.92418266374105, 32.771979256294642 ], [ 131.923665774884796, 32.771540295643739 ], [ 131.923938295242607, 32.771258749013022 ], [ 131.923511147164476, 32.771038244311221 ], [ 131.923929188384903, 32.77089450286956 ], [ 131.923516409734674, 32.770515186909947 ], [ 131.923998131164069, 32.770336703825762 ], [ 131.922563950147662, 32.769651987956095 ], [ 131.922349612623549, 32.769673391626768 ], [ 131.922370292837769, 32.770020412255263 ], [ 131.921246529975122, 32.7700349724131 ], [ 131.920974500937177, 32.770259691528729 ], [ 131.92053283392994, 32.770078064995488 ], [ 131.920242417383406, 32.770169468101813 ], [ 131.920072777371047, 32.769762210492779 ], [ 131.919832699569326, 32.770077781033208 ], [ 131.919103120248423, 32.769922597731075 ], [ 131.918367360058511, 32.769474406441809 ], [ 131.917507748614497, 32.769331893662518 ], [ 131.916783057850751, 32.769335365076124 ], [ 131.916702066581195, 32.769454996120722 ], [ 131.916366853091546, 32.769342009222768 ], [ 131.915921105173311, 32.769801534689819 ], [ 131.91505714163236, 32.769551743684282 ], [ 131.913598044027566, 32.769864435522351 ], [ 131.913390707736511, 32.769730680508573 ], [ 131.913195314375059, 32.769933177060658 ], [ 131.911564873089759, 32.769669077050011 ], [ 131.911303685566594, 32.769487909916535 ], [ 131.910232567259385, 32.769749968156091 ], [ 131.910377580180068, 32.77005279733347 ], [ 131.909742152491788, 32.770649868950706 ], [ 131.909195123502315, 32.770912631707674 ], [ 131.908981809240629, 32.770822203997717 ], [ 131.908858470630094, 32.77107559064175 ], [ 131.908431407000194, 32.771065155818249 ], [ 131.908004060138467, 32.771445173774573 ], [ 131.908065010554509, 32.771567368911157 ], [ 131.907699186547632, 32.771806286773035 ], [ 131.907549082827614, 32.771740638228955 ], [ 131.90741358401408, 32.772061742898117 ], [ 131.907213648196603, 32.772130819996306 ], [ 131.907786927392664, 32.77213569338543 ], [ 131.908410816358895, 32.773131237597241 ], [ 131.910094764353545, 32.773402199988737 ], [ 131.910311606523777, 32.77373157011408 ], [ 131.91033264911016, 32.774331090096503 ], [ 131.909989030839967, 32.774548205072577 ], [ 131.910643526417232, 32.774779719931956 ], [ 131.910872472791624, 32.774619354563853 ], [ 131.911097472567377, 32.77470157742561 ], [ 131.911396594312833, 32.7753541026376 ], [ 131.911419850860483, 32.776373823415284 ], [ 131.911199993855064, 32.776902050010584 ], [ 131.908584046918861, 32.780505508312963 ], [ 131.908157853902338, 32.780896349312606 ], [ 131.908274462402119, 32.781028957422826 ] ] ] } },
{ "type": "Feature", "properties": { "CITY_NAME": "佐伯市", "S_NAME": "大字蒲江浦", "JINKO": 0, "medical_area": "44_南部医療圏", "町丁目名": "佐伯市大字蒲江浦" }, "geometry": { "type": "Polygon", "coordinates": [ [ [ 131.932881438373641, 32.780003734915496 ], [ 131.93243192419834, 32.779891640008771 ], [ 131.932644742011405, 32.780233624364989 ], [ 131.933058708977711, 32.780319827977564 ], [ 131.932881438373641, 32.780003734915496 ] ] ] } },
{ "type": "Feature", "properties": { "CITY_NAME": "佐伯市", "S_NAME": "大字蒲江浦", "JINKO": 0, "medical_area": "44_南部医療圏", "町丁目名": "佐伯市大字蒲江浦" }, "geometry": { "type": "Polygon", "coordinates": [ [ [ 131.926993676714545, 32.774599806972738 ], [ 131.926561421438691, 32.774403691594401 ], [ 131.925801396900027, 32.774396680260921 ], [ 131.926993676714545, 32.774599806972738 ] ] ] } },
{ "type": "Feature", "properties": { "CITY_NAME": "佐伯市", "S_NAME": "大字蒲江浦", "JINKO": 0, "medical_area": "44_南部医療圏", "町丁目名": "佐伯市大字蒲江浦" }, "geometry": { "type": "Polygon", "coordinates": [ [ [ 131.918633975470044, 32.726435767663752 ], [ 131.919134137223608, 32.726313961705046 ], [ 131.918810276638141, 32.726047622096132 ], [ 131.918059028647207, 32.726026067953249 ], [ 131.917595432435832, 32.726178247703984 ], [ 131.918633975470044, 32.726435767663752 ] ] ] } },
{ "type": "Feature", "properties": { "CITY_NAME": "佐伯市", "S_NAME": "大字蒲江浦", "JINKO": 0, "medical_area": "44_南部医療圏", "町丁目名": "佐伯市大字蒲江浦" }, "geometry": { "type": "Polygon", "coordinates": [ [ [ 131.929902509886062, 32.722996479629302 ], [ 131.930103744657458, 32.722856116113107 ], [ 131.929577597962151, 32.722630980923327 ], [ 131.929539321783352, 32.722845870590398 ], [ 131.929902509886062, 32.722996479629302 ] ] ] } },
{ "type": "Feature", "properties": { "CITY_NAME": "佐伯市", "S_NAME": "大字蒲江浦", "JINKO": 1747, "medical_area": "44_南部医療圏", "町丁目名": "佐伯市大字蒲江浦" }, "geometry": { "type": "Polygon", "coordinates": [ [ [ 131.91849860564227, 32.831421444703473 ], [ 131.920568956981356, 32.829737154613127 ], [ 131.921704023731223, 32.829041165687329 ], [ 131.921839049941241, 32.828654437153979 ], [ 131.922912077413287, 32.827724089770022 ], [ 131.923398440254601, 32.82673098702044 ], [ 131.924498411516169, 32.826014287517516 ], [ 131.927445980110804, 32.825972234528301 ], [ 131.928452632415429, 32.82540825173362 ], [ 131.930296473307465, 32.823496663740841 ], [ 131.931199027356087, 32.822234186566725 ], [ 131.934121235227366, 32.821788217576646 ], [ 131.935727111322109, 32.821209005017536 ], [ 131.937248695005735, 32.82088511341766 ], [ 131.937600597136253, 32.820557453422616 ], [ 131.939322681792248, 32.81818176352553 ], [ 131.939839891357849, 32.816677680055655 ], [ 131.941216033921393, 32.815204688512026 ], [ 131.941437948981985, 32.814484191810877 ], [ 131.941209701735119, 32.813898326151524 ], [ 131.941063446369498, 32.812661748957431 ], [ 131.941489289187842, 32.812333515447442 ], [ 131.943173519401256, 32.812008366712838 ], [ 131.946401696389074, 32.805280232520438 ], [ 131.94624477147218, 32.804781827164845 ], [ 131.946365054788657, 32.803834061095415 ], [ 131.947635441731933, 32.80189921180709 ], [ 131.94801867400048, 32.800782625732872 ], [ 131.947999037521299, 32.800338209218793 ], [ 131.947604832126245, 32.799307754706042 ], [ 131.947686493178935, 32.799055539572123 ], [ 131.947481901370338, 32.798687353580533 ], [ 131.947620028863582, 32.798529400828265 ], [ 131.947425262443829, 32.79848216763277 ], [ 131.947468987018851, 32.798278939289169 ], [ 131.947713474704557, 32.79817700330841 ], [ 131.947632232180581, 32.797861994912473 ], [ 131.948224117278926, 32.797293918825531 ], [ 131.948036793667995, 32.797051853440635 ], [ 131.948292457542038, 32.796690112246793 ], [ 131.948045369371528, 32.796443988859259 ], [ 131.94816064480608, 32.796239321406347 ], [ 131.947429011938908, 32.795613593776956 ], [ 131.947308215586958, 32.795091471295265 ], [ 131.9475807896535, 32.795019993521301 ], [ 131.947619161887502, 32.794815891505699 ], [ 131.946884498595637, 32.794501286830865 ], [ 131.946133401739331, 32.793240866122986 ], [ 131.944352803449647, 32.791842965669282 ], [ 131.943991351116949, 32.791277565503172 ], [ 131.944064552233527, 32.791132735451811 ], [ 131.943693452810976, 32.790972283138103 ], [ 131.943480537165982, 32.79062670056765 ], [ 131.943639585544929, 32.790420816965757 ], [ 131.943417386640107, 32.790206957307056 ], [ 131.943772828328264, 32.790101490611349 ], [ 131.943706682752435, 32.789903599097705 ], [ 131.942658489719605, 32.789614783665762 ], [ 131.942734488135358, 32.789331957453776 ], [ 131.942478918624204, 32.789187792453269 ], [ 131.942551663636038, 32.789102479262347 ], [ 131.942036479559192, 32.789039600347664 ], [ 131.941725817956325, 32.788740733366666 ], [ 131.941034368439318, 32.788769344307703 ], [ 131.940735007102887, 32.788624605300711 ], [ 131.94035301545992, 32.788244212296902 ], [ 131.940436452847223, 32.787851325526844 ], [ 131.939867576912434, 32.787860980205579 ], [ 131.93925240456511, 32.787132437561965 ], [ 131.938030777730972, 32.786994570603341 ], [ 131.937848573530346, 32.786822781078037 ], [ 131.937564538489909, 32.786310000991172 ], [ 131.937730945078812, 32.786097748477957 ], [ 131.937299344909519, 32.785963005838518 ], [ 131.93681781273429, 32.785346179945513 ], [ 131.936870347471427, 32.785162744366758 ], [ 131.93720803808182, 32.784996101320594 ], [ 131.937148817405529, 32.784741357697513 ], [ 131.937290493033942, 32.7846122436599 ], [ 131.936434811202588, 32.784557304849628 ], [ 131.935895104470262, 32.784904882101976 ], [ 131.935116882871085, 32.784800642598107 ], [ 131.93488632862281, 32.78490877173428 ], [ 131.93503973418143, 32.784983379858495 ], [ 131.933757835984096, 32.785507814397761 ], [ 131.931733421034664, 32.785987255391866 ], [ 131.9313147220102, 32.785969614651563 ], [ 131.931428950031744, 32.785766789000867 ], [ 131.931217806375855, 32.785681772956799 ], [ 131.930654146832239, 32.785887050089251 ], [ 131.930435546889782, 32.78529531003241 ], [ 131.93016685288373, 32.785329778010826 ], [ 131.930079441814854, 32.785441330577996 ], [ 131.93021535203215, 32.785581909511073 ], [ 131.929960188412252, 32.78557837508481 ], [ 131.930115856721187, 32.785862190006164 ], [ 131.929500087822362, 32.785989385222265 ], [ 131.929041537294353, 32.786445452671998 ], [ 131.928481966712695, 32.788887952115751 ], [ 131.927724758097725, 32.790302096298589 ], [ 131.927756425886599, 32.790780710903825 ], [ 131.927461256212752, 32.791038081951491 ], [ 131.927673110851572, 32.792008619613391 ], [ 131.927559331572553, 32.792464850515444 ], [ 131.924773870247662, 32.794311504720561 ], [ 131.922304764095117, 32.793932922518437 ], [ 131.923527471630678, 32.794166499229711 ], [ 131.9230191233776, 32.796935983507588 ], [ 131.923090399684355, 32.797222231328426 ], [ 131.923060234979062, 32.797096204428691 ], [ 131.923481665628827, 32.797066944388192 ], [ 131.923569900128257, 32.797339522846023 ], [ 131.924562499263828, 32.797201445598233 ], [ 131.926010897491665, 32.796544180101392 ], [ 131.92687167389073, 32.796460265945512 ], [ 131.927051577485315, 32.797640272099009 ], [ 131.926902192767329, 32.798067011888051 ], [ 131.925492786672066, 32.797337067347669 ], [ 131.924400429252131, 32.797531791185236 ], [ 131.924542187966665, 32.797608312744018 ], [ 131.924650333363161, 32.798466003360517 ], [ 131.924406287203055, 32.798508383514381 ], [ 131.924450541624196, 32.798657749210747 ], [ 131.924701057158984, 32.798619830198611 ], [ 131.925518318859048, 32.79951880424175 ], [ 131.925606871168014, 32.800102899137634 ], [ 131.925319083331516, 32.801285441101065 ], [ 131.92518571255485, 32.801294544634438 ], [ 131.925257035405508, 32.801069471388026 ], [ 131.923754664967532, 32.800749600966348 ], [ 131.923811340983633, 32.800551690191561 ], [ 131.923495260535958, 32.800444906664097 ], [ 131.92331377524431, 32.80075374626648 ], [ 131.922429714414079, 32.800444628705812 ], [ 131.922405077826085, 32.800231993569589 ], [ 131.922392263416072, 32.800436784265123 ], [ 131.922113050744969, 32.800370074217426 ], [ 131.922051855406693, 32.799630396401177 ], [ 131.922050109835084, 32.800083094678435 ], [ 131.920608235291837, 32.80003777025977 ], [ 131.919543107777486, 32.79862978525329 ], [ 131.920627221738584, 32.79804650012283 ], [ 131.920061610087771, 32.798282413463006 ], [ 131.919924203234672, 32.79810216667331 ], [ 131.919375210130369, 32.798396552869434 ], [ 131.918537847389786, 32.797330466326301 ], [ 131.918391199429834, 32.796155619664511 ], [ 131.918432814451734, 32.796778456594879 ], [ 131.917772647106261, 32.796847307125866 ], [ 131.917569024750122, 32.796360022632243 ], [ 131.917454046987842, 32.796388832117316 ], [ 131.917186634026336, 32.795514249901345 ], [ 131.917211857621936, 32.795371595631565 ], [ 131.917488966062649, 32.795324481674641 ], [ 131.917529828664868, 32.795453126347731 ], [ 131.918236768459565, 32.795366797043805 ], [ 131.918280518227931, 32.795670386127647 ], [ 131.918119128354078, 32.795655327650152 ], [ 131.918129425086647, 32.79572378379455 ], [ 131.918592850279083, 32.7959332090334 ], [ 131.918350183337623, 32.795801532275384 ], [ 131.918256901870734, 32.795143019833475 ], [ 131.918433878042151, 32.795116468233822 ], [ 131.918522687742836, 32.794515242587764 ], [ 131.91829631147445, 32.794199465122666 ], [ 131.918264566683206, 32.792883112310001 ], [ 131.918747910380745, 32.79202380978397 ], [ 131.920213233008894, 32.791554971748425 ], [ 131.920365788595461, 32.791442030506182 ], [ 131.920370063896655, 32.791129092039341 ], [ 131.920566615477185, 32.791141177602881 ], [ 131.920342165496749, 32.791012066448346 ], [ 131.920343915638341, 32.790567473951221 ], [ 131.920426917097416, 32.79033421941633 ], [ 131.920720539418085, 32.790231956090679 ], [ 131.920645324035917, 32.790080122578495 ], [ 131.920854914239783, 32.790006444048977 ], [ 131.920654742537607, 32.789958314570299 ], [ 131.920625310995092, 32.789385906379962 ], [ 131.920228422266575, 32.788993833190567 ], [ 131.91998203672145, 32.787982943220328 ], [ 131.920201620856858, 32.787843374061637 ], [ 131.920069304657659, 32.787645954021308 ], [ 131.920254312256333, 32.787469651438848 ], [ 131.920286055462697, 32.786714644148006 ], [ 131.920570745058313, 32.786685504892844 ], [ 131.920732287181494, 32.786094565333066 ], [ 131.920537718976959, 32.785449418021535 ], [ 131.920277089886781, 32.785538809324336 ], [ 131.919484367130508, 32.785274086418887 ], [ 131.919090349236086, 32.785368942877547 ], [ 131.91875739709667, 32.785173889276379 ], [ 131.918433409669746, 32.785533370731535 ], [ 131.917632605903123, 32.785520272683151 ], [ 131.917676678459628, 32.785653418638127 ], [ 131.917465658390768, 32.785798344045439 ], [ 131.916865553773818, 32.785885681302609 ], [ 131.91703284061515, 32.786167617159045 ], [ 131.916506400289137, 32.78625712729248 ], [ 131.916643829007427, 32.786336384826178 ], [ 131.916580993916455, 32.78645497086832 ], [ 131.916154479792056, 32.786504967452757 ], [ 131.915570425331879, 32.787010623926598 ], [ 131.915230002293896, 32.787127623318277 ], [ 131.914894197269433, 32.786865843522861 ], [ 131.914878467099271, 32.787307826879939 ], [ 131.915351275058299, 32.787818392119846 ], [ 131.915286472042027, 32.788159741562737 ], [ 131.914275307412112, 32.788976906600958 ], [ 131.913914945587265, 32.788606192191615 ], [ 131.913935020959087, 32.788790909590816 ], [ 131.913622808617191, 32.788853593255766 ], [ 131.913422236911998, 32.788660272830853 ], [ 131.913141616773601, 32.788672229694555 ], [ 131.913277005881952, 32.788861515804072 ], [ 131.91275281501018, 32.789278346429157 ], [ 131.912856972880462, 32.789545408988033 ], [ 131.912578139005348, 32.789732299342475 ], [ 131.912652924601332, 32.789949097334137 ], [ 131.912292131786444, 32.78995171918563 ], [ 131.912999319360779, 32.790413687190956 ], [ 131.913133369747669, 32.790781541188458 ], [ 131.912352086167658, 32.791742202424096 ], [ 131.911154621722289, 32.791786071198764 ], [ 131.910718059998459, 32.791900146358422 ], [ 131.910608630883814, 32.792161556367056 ], [ 131.91026964836766, 32.792103602757322 ], [ 131.910114480754572, 32.792590769995847 ], [ 131.910267001069229, 32.793313795982023 ], [ 131.910148344642124, 32.79350492714056 ], [ 131.907770960885472, 32.793851273854436 ], [ 131.907365343629266, 32.794074240142287 ], [ 131.907417806412298, 32.79387726742177 ], [ 131.906527177894901, 32.793226316848724 ], [ 131.906264472989278, 32.793435620062702 ], [ 131.906493817997642, 32.79320219905027 ], [ 131.906385875279852, 32.793086645326269 ], [ 131.906941532570755, 32.792608305906505 ], [ 131.906905600350683, 32.792438126348863 ], [ 131.907260826379968, 32.792403101545439 ], [ 131.907720005445782, 32.792624330531581 ], [ 131.907367373537852, 32.792381601918692 ], [ 131.906965863175259, 32.792376381268461 ], [ 131.906794555595923, 32.79222250189359 ], [ 131.906550332530628, 32.791624584033556 ], [ 131.906730372180846, 32.791374398642361 ], [ 131.906011124042379, 32.790881814249175 ], [ 131.906042962286818, 32.790231408511694 ], [ 131.90624461549433, 32.790007205303461 ], [ 131.906603863525987, 32.78995862676684 ], [ 131.906835438331797, 32.789002870710924 ], [ 131.905895540924746, 32.788652551007416 ], [ 131.905670392792246, 32.788764201143827 ], [ 131.905001236828411, 32.788684252037903 ], [ 131.904660196983684, 32.78884992564889 ], [ 131.903853758780684, 32.788597824913559 ], [ 131.903255991914222, 32.787767981130209 ], [ 131.903213729592011, 32.786963890633885 ], [ 131.902560695064835, 32.786052389636076 ], [ 131.902622323776029, 32.785598369116776 ], [ 131.902304228314023, 32.785310856125911 ], [ 131.901911777977034, 32.78656917107643 ], [ 131.901811129290707, 32.788104777595194 ], [ 131.901811641714005, 32.789202386001527 ], [ 131.902245196780314, 32.790801068839301 ], [ 131.901459446487166, 32.793024246925732 ], [ 131.902118382274381, 32.7944562455599 ], [ 131.902101232341835, 32.79589308069793 ], [ 131.90278896635607, 32.796508340816018 ], [ 131.904040665428738, 32.796990138362702 ], [ 131.904580322571917, 32.79811065384947 ], [ 131.905518461169152, 32.798933790259227 ], [ 131.905890670452294, 32.799163118512261 ], [ 131.908277770619208, 32.799596517373296 ], [ 131.910782610151955, 32.801728993025961 ], [ 131.909563295247239, 32.803901822686932 ], [ 131.909215812086899, 32.805064436793046 ], [ 131.909095817525326, 32.808326945974756 ], [ 131.908199324832793, 32.811095342679572 ], [ 131.909053880434584, 32.812521422393239 ], [ 131.911198925103434, 32.817168529276699 ], [ 131.911151123651166, 32.817659695914948 ], [ 131.910797181049418, 32.8181887537406 ], [ 131.911102233993262, 32.824254659208329 ], [ 131.910787732681285, 32.829840757590162 ], [ 131.911350526836941, 32.830191913484313 ], [ 131.913653159114233, 32.830229259909615 ], [ 131.916165027576938, 32.830834046107981 ], [ 131.916957897146006, 32.830882418246219 ], [ 131.91849860564227, 32.831421444703473 ] ] ] } },
{ "type": "Feature", "properties": { "CITY_NAME": "佐伯市", "S_NAME": "大字蒲江浦", "JINKO": 0, "medical_area": "44_南部医療圏", "町丁目名": "佐伯市大字蒲江浦" }, "geometry": { "type": "Polygon", "coordinates": [ [ [ 131.949849205538811, 32.799617230644692 ], [ 131.94978527731962, 32.799229054141747 ], [ 131.949238753245652, 32.799339585619649 ], [ 131.949222137250729, 32.799684198981801 ], [ 131.949849205538811, 32.799617230644692 ] ] ] } },
{ "type": "Feature", "properties": { "CITY_NAME": "佐伯市", "S_NAME": "大字蒲江浦", "JINKO": 0, "medical_area": "44_南部医療圏", "町丁目名": "佐伯市大字蒲江浦" }, "geometry": { "type": "Polygon", "coordinates": [ [ [ 131.949007503845593, 32.795962396094879 ], [ 131.948691789994427, 32.79578893410617 ], [ 131.948617945912417, 32.796069939814288 ], [ 131.949007503845593, 32.795962396094879 ] ] ] } },
{ "type": "Feature", "properties": { "CITY_NAME": "佐伯市", "S_NAME": "大字蒲江浦", "JINKO": 0, "medical_area": "44_南部医療圏", "町丁目名": "佐伯市大字蒲江浦" }, "geometry": { "type": "Polygon", "coordinates": [ [ [ 131.944024244887459, 32.789646930180801 ], [ 131.943886385211584, 32.789734528800565 ], [ 131.944100875053294, 32.789921392617231 ], [ 131.944133375070521, 32.789768748036977 ], [ 131.944024244887459, 32.789646930180801 ] ] ] } },
{ "type": "Feature", "properties": { "CITY_NAME": "佐伯市", "S_NAME": "大字蒲江浦", "JINKO": 0, "medical_area": "44_南部医療圏", "町丁目名": "佐伯市大字蒲江浦" }, "geometry": { "type": "Polygon", "coordinates": [ [ [ 131.943220335442618, 32.787516682264609 ], [ 131.943193716934587, 32.787728795086743 ], [ 131.943538259975497, 32.78790295489722 ], [ 131.943545078750617, 32.787837984153036 ], [ 131.943220335442618, 32.787516682264609 ] ] ] } },
{ "type": "Feature", "properties": { "CITY_NAME": "佐伯市", "S_NAME": "大字蒲江浦", "JINKO": 0, "medical_area": "44_南部医療圏", "町丁目名": "佐伯市大字蒲江浦" }, "geometry": { "type": "Polygon", "coordinates": [ [ [ 131.920043302973255, 32.785125711644795 ], [ 131.920559677952525, 32.784781055332026 ], [ 131.920574428024537, 32.784351712245261 ], [ 131.920110769677791, 32.784421843263978 ], [ 131.919959410116121, 32.78475478967723 ], [ 131.920043302973255, 32.785125711644795 ] ] ] } },
{ "type": "Feature", "properties": { "CITY_NAME": "佐伯市", "S_NAME": "大字猪串浦", "JINKO": 235, "medical_area": "44_南部医療圏", "町丁目名": "佐伯市大字猪串浦" }, "geometry": { "type": "Polygon", "coordinates": [ [ [ 131.909215812086899, 32.805064436793046 ], [ 131.909563295247239, 32.803901822686932 ], [ 131.910782610151955, 32.801728993025961 ], [ 131.908277770619208, 32.799596517373296 ], [ 131.905890670452294, 32.799163118512261 ], [ 131.905518461169208, 32.798933790259227 ], [ 131.904580322571917, 32.79811065384947 ], [ 131.904040665428738, 32.796990138362702 ], [ 131.90278896635607, 32.796508340816018 ], [ 131.902101232341835, 32.79589308069793 ], [ 131.902118382274381, 32.7944562455599 ], [ 131.901459446487166, 32.793024246925732 ], [ 131.902245196780314, 32.790801068839301 ], [ 131.901811641714005, 32.789202386001527 ], [ 131.901811129290707, 32.788104777595194 ], [ 131.901911777977034, 32.78656917107643 ], [ 131.902304228314023, 32.785310856125911 ], [ 131.901613389647906, 32.785483874009834 ], [ 131.901899677698992, 32.785818167748431 ], [ 131.900348717742844, 32.786374858546232 ], [ 131.899965209641721, 32.786241442655097 ], [ 131.899993680709827, 32.786417981363783 ], [ 131.900188371165115, 32.786461675104185 ], [ 131.900118200767849, 32.786591137352353 ], [ 131.899410643010839, 32.786720636848592 ], [ 131.899317250262499, 32.786888133609772 ], [ 131.899506799369618, 32.786942697552888 ], [ 131.899534056141448, 32.787213933398334 ], [ 131.899091479863273, 32.787467801531101 ], [ 131.898447629008075, 32.787563482507153 ], [ 131.897644062242989, 32.787278843033903 ], [ 131.897107296580373, 32.787307035503332 ], [ 131.89684778194615, 32.786979740214754 ], [ 131.896874297868408, 32.787169822090306 ], [ 131.896649669541802, 32.787027141369826 ], [ 131.896478854710324, 32.787126657464391 ], [ 131.896692791078237, 32.788022397513807 ], [ 131.895826840238328, 32.788327059411124 ], [ 131.895202658509561, 32.788255755933747 ], [ 131.895272575307075, 32.788415780816067 ], [ 131.895073969808124, 32.788414483570683 ], [ 131.895008679012022, 32.788715247018608 ], [ 131.896348767410274, 32.790331583604697 ], [ 131.896251579342589, 32.790645203565035 ], [ 131.896984484046385, 32.790486671171102 ], [ 131.897527177398501, 32.790838098300775 ], [ 131.897702059943498, 32.791133518947532 ], [ 131.897971348314911, 32.791054943916102 ], [ 131.898245241101051, 32.791218018191188 ], [ 131.89885496792931, 32.791755621373575 ], [ 131.89881283484678, 32.791920056392797 ], [ 131.89957532676749, 32.792782998599854 ], [ 131.89938009945854, 32.792902525117071 ], [ 131.899922991122281, 32.793584902812015 ], [ 131.900605681013815, 32.793952433866096 ], [ 131.900477480894978, 32.79467928126126 ], [ 131.899745562190446, 32.794839640259383 ], [ 131.897494934440942, 32.794843107847477 ], [ 131.896880071239536, 32.795072942422607 ], [ 131.896519228439359, 32.795712170675998 ], [ 131.896102334596947, 32.796086670727284 ], [ 131.896358698390969, 32.796521306756532 ], [ 131.897207616004579, 32.79685341523605 ], [ 131.897416092048815, 32.796772580412693 ], [ 131.897941888232822, 32.797032136066242 ], [ 131.897981689936074, 32.797273535505767 ], [ 131.898958377260328, 32.797452312817562 ], [ 131.899925590394901, 32.798600561402232 ], [ 131.900194557992336, 32.798487708258797 ], [ 131.899959304362056, 32.79866795317632 ], [ 131.899776783422368, 32.799939869436848 ], [ 131.89996236031584, 32.800027819175703 ], [ 131.89882494705094, 32.799896189539062 ], [ 131.898633269210904, 32.800055372535184 ], [ 131.898628035085721, 32.800380050280602 ], [ 131.898896601867307, 32.800648661620123 ], [ 131.899074968618805, 32.800650079437659 ], [ 131.89942839748548, 32.800226425174287 ], [ 131.899887850840628, 32.800257390564305 ], [ 131.899693852732383, 32.801558256400789 ], [ 131.899929913849746, 32.801572786110405 ], [ 131.899793079824832, 32.801661249769289 ], [ 131.899852095199975, 32.802003502273152 ], [ 131.899651914628805, 32.802270961216998 ], [ 131.899118140851073, 32.802498415316435 ], [ 131.899206610923017, 32.802585264712718 ], [ 131.899048911658639, 32.802516048396164 ], [ 131.899058278913913, 32.802386121766389 ], [ 131.898562411902276, 32.802236369410849 ], [ 131.898431320720078, 32.802365370667644 ], [ 131.897574897875444, 32.801941337171229 ], [ 131.896632314427706, 32.801856987924261 ], [ 131.896131163352692, 32.80108052322209 ], [ 131.895046591172331, 32.800894368492585 ], [ 131.895035359277415, 32.800731230191282 ], [ 131.894687237977223, 32.800621884621776 ], [ 131.894644461958791, 32.800939607803912 ], [ 131.894824891007858, 32.801146648228112 ], [ 131.894603315962911, 32.801411537400668 ], [ 131.894552745313575, 32.801908773196757 ], [ 131.894701289787434, 32.802130465666671 ], [ 131.894656354684201, 32.802440982844061 ], [ 131.894534424593218, 32.802419306087764 ], [ 131.894914009171174, 32.803110973225003 ], [ 131.894937699416175, 32.803559898708215 ], [ 131.895420752682526, 32.804237308994331 ], [ 131.895172606912666, 32.804939758462872 ], [ 131.895577918192515, 32.806082828545399 ], [ 131.896924817616792, 32.805544235128927 ], [ 131.897398803199223, 32.80511815662495 ], [ 131.898357372461078, 32.805319505131877 ], [ 131.901227685686194, 32.806494448272652 ], [ 131.905813011190133, 32.808767298311302 ], [ 131.906489776296183, 32.80917878266537 ], [ 131.907315647998473, 32.810035691444867 ], [ 131.908314321233917, 32.810663151437474 ], [ 131.909095817525326, 32.808326945974756 ], [ 131.909215812086899, 32.805064436793046 ] ] ] } },
{ "type": "Feature", "properties": { "CITY_NAME": "佐伯市", "S_NAME": "大字波当津浦", "JINKO": 108, "medical_area": "44_南部医療圏", "町丁目名": "佐伯市大字波当津浦" }, "geometry": { "type": "Polygon", "coordinates": [ [ [ 131.879389221668049, 32.765963507515409 ], [ 131.879187568346595, 32.765747605793095 ], [ 131.879358811422236, 32.765796000184231 ], [ 131.879558953710841, 32.765424880971885 ], [ 131.878847308588092, 32.765444297655527 ], [ 131.878988282446215, 32.765237703789474 ], [ 131.878783798139295, 32.765175118463254 ], [ 131.879398741166227, 32.765081528164558 ], [ 131.878199364762565, 32.764672440362553 ], [ 131.878054919972328, 32.763657173679938 ], [ 131.878646817688491, 32.762957786710345 ], [ 131.879175807062467, 32.763138936925785 ], [ 131.878943600678099, 32.762859226885425 ], [ 131.879384121974851, 32.762938193932968 ], [ 131.879269110301635, 32.762535909699388 ], [ 131.879525111894083, 32.762623390903464 ], [ 131.879238803364871, 32.762268312334029 ], [ 131.879810436144169, 32.762334646552276 ], [ 131.878776979453164, 32.761649346711579 ], [ 131.879116304904016, 32.761426046468955 ], [ 131.878779987899549, 32.760979335436005 ], [ 131.878171712138823, 32.760984511741839 ], [ 131.87809098963487, 32.760804731873741 ], [ 131.87837497815687, 32.760813557715245 ], [ 131.878008877748982, 32.76048337979509 ], [ 131.877836827053699, 32.760462040941967 ], [ 131.877868933893211, 32.760581753204491 ], [ 131.877466417673361, 32.760457430139169 ], [ 131.877260589699119, 32.760145960544079 ], [ 131.876875918300385, 32.760098158658884 ], [ 131.876881858507829, 32.759938518525942 ], [ 131.877069155225058, 32.75988218904908 ], [ 131.876499957982702, 32.759407356765195 ], [ 131.876716295189226, 32.758511342225866 ], [ 131.877026030632692, 32.758536227856958 ], [ 131.876657113955048, 32.758351241601744 ], [ 131.877007982331264, 32.758328059360153 ], [ 131.876701064625991, 32.75814804645136 ], [ 131.876942086708084, 32.758027340913216 ], [ 131.876670086456954, 32.757820032085718 ], [ 131.876879764489956, 32.757325330816911 ], [ 131.876758129637921, 32.757224278616881 ], [ 131.877089858206119, 32.75698391749949 ], [ 131.877326171879815, 32.757140065619971 ], [ 131.877496062813236, 32.757052296291235 ], [ 131.877047647907489, 32.756820087889807 ], [ 131.877012368082916, 32.75659761641981 ], [ 131.877363228404704, 32.755808845963848 ], [ 131.877954222057156, 32.755787589212751 ], [ 131.87761357156225, 32.755652901737591 ], [ 131.877749773553944, 32.755615878884221 ], [ 131.877660841814475, 32.755355001412191 ], [ 131.877073448746671, 32.755309518893782 ], [ 131.876875529186492, 32.755046709791237 ], [ 131.87670629464975, 32.755201186997532 ], [ 131.876448460430254, 32.755239059468657 ], [ 131.876632107844841, 32.75514309391027 ], [ 131.8764762831008, 32.755032366569374 ], [ 131.876336534982471, 32.754162282165062 ], [ 131.875814092357217, 32.753886400850739 ], [ 131.87623202341814, 32.754174724382949 ], [ 131.876259079151652, 32.754868862515465 ], [ 131.875041869589609, 32.754906234414115 ], [ 131.874821254730989, 32.755161155187139 ], [ 131.874117796850044, 32.754918090546354 ], [ 131.872793110560821, 32.754997646981828 ], [ 131.872809854139035, 32.754739641920835 ], [ 131.872204804690966, 32.753574345147406 ], [ 131.872234754630625, 32.753251329505979 ], [ 131.871844486375892, 32.752410006036357 ], [ 131.870440695816853, 32.751806576160853 ], [ 131.869917315726383, 32.751206047025654 ], [ 131.870684556477926, 32.751858987742779 ], [ 131.872202058052352, 32.752307431848266 ], [ 131.870317100111919, 32.750943585784221 ], [ 131.872150002997415, 32.75211573518208 ], [ 131.871838845631231, 32.751830241712355 ], [ 131.872128798153511, 32.750921984547169 ], [ 131.872727894230195, 32.749981809639479 ], [ 131.873371519976729, 32.749445301546594 ], [ 131.874183693184904, 32.749129437166957 ], [ 131.874874530036379, 32.749177820638714 ], [ 131.874731337886431, 32.749480003064342 ], [ 131.875191053803348, 32.750114311055135 ], [ 131.8749562859131, 32.74967861008151 ], [ 131.875016677870036, 32.749528504038693 ], [ 131.875593450320594, 32.749472184352413 ], [ 131.875697404416456, 32.749190106321983 ], [ 131.876463626011486, 32.749189256944454 ], [ 131.877196452323119, 32.748834265975617 ], [ 131.877976701019179, 32.749405909942666 ], [ 131.8780383725165, 32.749165602532678 ], [ 131.87856897184335, 32.749298058583506 ], [ 131.878685577541262, 32.748997854722617 ], [ 131.878939634137339, 32.748899594174318 ], [ 131.878920527702007, 32.748694125925716 ], [ 131.879541519209681, 32.748472453592093 ], [ 131.879509583898738, 32.748369876638719 ], [ 131.879884169989595, 32.747938922986087 ], [ 131.879582739509232, 32.748425281102762 ], [ 131.880931525707183, 32.748212914354497 ], [ 131.881951514982461, 32.748407712377976 ], [ 131.882585977481341, 32.748902808200484 ], [ 131.882760709965396, 32.749638303786064 ], [ 131.883164118894001, 32.749967287896858 ], [ 131.884823228783858, 32.750153064261582 ], [ 131.884925023141818, 32.749874604458292 ], [ 131.884536999282261, 32.749483294311638 ], [ 131.883819535613043, 32.749339571803141 ], [ 131.884096597343273, 32.749190627384756 ], [ 131.883776822499129, 32.749007130034911 ], [ 131.883906114051058, 32.748921451468256 ], [ 131.883685346106063, 32.748717424225781 ], [ 131.884002451712803, 32.748191283590742 ], [ 131.884570400107407, 32.748222428381318 ], [ 131.885017607084706, 32.747904579232618 ], [ 131.885739973823462, 32.748224099610354 ], [ 131.885116372486664, 32.747640564885465 ], [ 131.885220294989068, 32.747358497030902 ], [ 131.885433837840168, 32.747261408130342 ], [ 131.885179195317505, 32.746869139024639 ], [ 131.885893088559044, 32.747091341561536 ], [ 131.885494516928844, 32.746492691740947 ], [ 131.885696000495471, 32.746365025043758 ], [ 131.885648636865852, 32.746085664383166 ], [ 131.884242053801557, 32.747017991474259 ], [ 131.882657424032487, 32.745433290577381 ], [ 131.881307030732444, 32.744570580419698 ], [ 131.879712200308745, 32.743991733718332 ], [ 131.879168452162787, 32.743943314439463 ], [ 131.878373405420547, 32.742997334289136 ], [ 131.877172233205698, 32.7424509572283 ], [ 131.876703740855476, 32.741726494020298 ], [ 131.876085680057685, 32.741476485223899 ], [ 131.875410983552769, 32.740838913891679 ], [ 131.874068160254524, 32.740738431424049 ], [ 131.873283457032102, 32.740187071633954 ], [ 131.871412922951208, 32.740377290093448 ], [ 131.870109423487008, 32.740690504075324 ], [ 131.86832343789456, 32.740168652310885 ], [ 131.865721198579536, 32.740548333829878 ], [ 131.865242121681888, 32.740485404043675 ], [ 131.86480368141585, 32.740037864935772 ], [ 131.86456209333835, 32.740009909151425 ], [ 131.861664950878009, 32.74017538912986 ], [ 131.859847787207741, 32.73886317533195 ], [ 131.859308148425697, 32.738723963120236 ], [ 131.857892868649628, 32.737590264698269 ], [ 131.856429669238508, 32.737379814679564 ], [ 131.855704717751365, 32.737053590035138 ], [ 131.854260213826223, 32.736739273401852 ], [ 131.851985793321973, 32.736452373844962 ], [ 131.849310553258903, 32.736731176733628 ], [ 131.847169284038159, 32.735904656574917 ], [ 131.847007394841427, 32.736096475414492 ], [ 131.846970057180187, 32.736804663303332 ], [ 131.846574998406766, 32.738157896289117 ], [ 131.846976292884762, 32.738639537435965 ], [ 131.846865920126902, 32.73978594126325 ], [ 131.846413205832022, 32.740277999353395 ], [ 131.846616319764848, 32.740779592581944 ], [ 131.846457370199488, 32.741460627532966 ], [ 131.846818190991826, 32.742315088744299 ], [ 131.845747511720646, 32.743901113802075 ], [ 131.845544623494533, 32.744591749273944 ], [ 131.845065724976962, 32.745237666989802 ], [ 131.844965435026126, 32.746290845474228 ], [ 131.844242691977797, 32.747380839962972 ], [ 131.845681886552313, 32.749215291538704 ], [ 131.847232338911766, 32.75057856978799 ], [ 131.847817505017446, 32.751841324853217 ], [ 131.848509194821929, 32.752721493551974 ], [ 131.848930834025907, 32.754763233080538 ], [ 131.849790674156139, 32.755931101459474 ], [ 131.851395382967354, 32.756025297517333 ], [ 131.852439816916018, 32.756310265768008 ], [ 131.857077462800987, 32.758341803108024 ], [ 131.857966812542003, 32.758907389126151 ], [ 131.858795653052312, 32.760360014125553 ], [ 131.860607839337774, 32.762085898418228 ], [ 131.862233497490337, 32.762505767787744 ], [ 131.863414304743827, 32.763129602796191 ], [ 131.864897616177586, 32.762869686497595 ], [ 131.866105366908982, 32.762240120025844 ], [ 131.867850325579383, 32.762595102429181 ], [ 131.869154982997912, 32.762082420722137 ], [ 131.87245363680421, 32.761761955615206 ], [ 131.874348185788762, 32.762584260367781 ], [ 131.875191373633726, 32.76362277169715 ], [ 131.876415058648547, 32.763962701614098 ], [ 131.877964314118174, 32.765497968412809 ], [ 131.87926020301262, 32.765977939005076 ], [ 131.879389221668049, 32.765963507515409 ] ] ] } },
{ "type": "Feature", "properties": { "CITY_NAME": "佐伯市", "S_NAME": "大字波当津浦", "JINKO": 0, "medical_area": "44_南部医療圏", "町丁目名": "佐伯市大字波当津浦" }, "geometry": { "type": "Polygon", "coordinates": [ [ [ 131.885561123796862, 32.750312876225259 ], [ 131.885951759644513, 32.75032633616253 ], [ 131.885428358312993, 32.74994590005241 ], [ 131.885561123796862, 32.750312876225259 ] ] ] } },
{ "type": "Feature", "properties": { "CITY_NAME": "佐伯市", "S_NAME": "大字葛原浦", "JINKO": 145, "medical_area": "44_南部医療圏", "町丁目名": "佐伯市大字葛原浦" }, "geometry": { "type": "Polygon", "coordinates": [ [ [ 131.855686033909166, 32.784387668994441 ], [ 131.857212425149754, 32.784154495828588 ], [ 131.858867803180289, 32.782703227885975 ], [ 131.859257372526343, 32.782635755726979 ], [ 131.860052427232517, 32.782898444971792 ], [ 131.861332359358329, 32.7826834809335 ], [ 131.862309051135782, 32.782953092950393 ], [ 131.863366190190845, 32.783659164311828 ], [ 131.865296836417855, 32.783809708215379 ], [ 131.865820349368619, 32.783638994127053 ], [ 131.867072189389233, 32.782712155837956 ], [ 131.86807430295471, 32.782591884466363 ], [ 131.869973915519267, 32.781388843883022 ], [ 131.871521309575883, 32.779870565972267 ], [ 131.87222844070385, 32.779436661404652 ], [ 131.872949767741062, 32.779406635448353 ], [ 131.874419733437833, 32.780041024049574 ], [ 131.877414593713752, 32.779881380965257 ], [ 131.877532562023106, 32.779614530896467 ], [ 131.87731683630625, 32.779709814128502 ], [ 131.877226555045297, 32.779645528216008 ], [ 131.877389977363521, 32.779548796942912 ], [ 131.877106556958097, 32.779603993298622 ], [ 131.877067135304173, 32.779394150858352 ], [ 131.876863684821586, 32.779550674079076 ], [ 131.876935069979879, 32.779643961084503 ], [ 131.87646932097482, 32.779501147432548 ], [ 131.876281827675172, 32.779099359168555 ], [ 131.876394624555161, 32.778959710664424 ], [ 131.876265153765729, 32.778929954351163 ], [ 131.876466054758055, 32.778836554602151 ], [ 131.876118124192061, 32.778844418234947 ], [ 131.87597986620807, 32.778683966534189 ], [ 131.876282450901215, 32.778516814792297 ], [ 131.875961415749032, 32.778435210755475 ], [ 131.875291898493685, 32.778628354668641 ], [ 131.874840926462412, 32.778469192197925 ], [ 131.874667261889613, 32.778175543119517 ], [ 131.87425553841635, 32.778098162546449 ], [ 131.873813915107917, 32.777691853765532 ], [ 131.873534798541726, 32.777196945828443 ], [ 131.873652641209247, 32.777129389991366 ], [ 131.873392376899119, 32.776933740328651 ], [ 131.873552830220746, 32.776644061241072 ], [ 131.873247140892857, 32.77659568361134 ], [ 131.872814552942913, 32.776242513668443 ], [ 131.871852762752781, 32.776128401607792 ], [ 131.871820437394149, 32.775986144415306 ], [ 131.871539607972153, 32.776083681823792 ], [ 131.87162392931674, 32.775871183784744 ], [ 131.871394269827789, 32.775742928610683 ], [ 131.871470678796072, 32.776130147619135 ], [ 131.871166490432302, 32.776244086599007 ], [ 131.870994927902984, 32.776712394091959 ], [ 131.870218938240981, 32.776718693996209 ], [ 131.869582990435276, 32.776410216454813 ], [ 131.869120734196684, 32.775962554447872 ], [ 131.868559434063485, 32.774881641165543 ], [ 131.868409957120463, 32.7749890917678 ], [ 131.868203558743431, 32.774945436676695 ], [ 131.868482998857786, 32.774928156391105 ], [ 131.868627540683747, 32.774750414596831 ], [ 131.868491804683089, 32.774297768368257 ], [ 131.868546336938351, 32.773644537339678 ], [ 131.868877401227479, 32.772563731457225 ], [ 131.869205473350604, 32.772051066652509 ], [ 131.869751177975928, 32.772086957604365 ], [ 131.869726573290166, 32.771966289532259 ], [ 131.871137143612259, 32.771810405073296 ], [ 131.871710038936243, 32.772112112721963 ], [ 131.87151413551112, 32.772922337945182 ], [ 131.871946211905112, 32.772028394109441 ], [ 131.871162688365473, 32.771582077454205 ], [ 131.871044403548325, 32.770396204529476 ], [ 131.87138356604666, 32.769713918873954 ], [ 131.871809672644588, 32.769294349653137 ], [ 131.87239288543006, 32.769013438429525 ], [ 131.872816040260858, 32.76928462631188 ], [ 131.87311888696189, 32.769146354594852 ], [ 131.874505300017489, 32.769141187567435 ], [ 131.875621210165207, 32.767770848509329 ], [ 131.876066358346321, 32.766691942072697 ], [ 131.876291315610871, 32.766554209493776 ], [ 131.87647258825541, 32.766647625079948 ], [ 131.876349652138799, 32.766516832769071 ], [ 131.87657777613876, 32.766379076566587 ], [ 131.877064320383028, 32.766362145567648 ], [ 131.877003531682362, 32.766259768364051 ], [ 131.877218918949353, 32.766132914871569 ], [ 131.878760036966753, 32.766450354501444 ], [ 131.878761338337341, 32.766260080861407 ], [ 131.878168437157655, 32.766093804198796 ], [ 131.878947613172329, 32.766098257428929 ], [ 131.8790210591701, 32.765858780107301 ], [ 131.877964314118174, 32.765497968412809 ], [ 131.876415058648575, 32.763962701614084 ], [ 131.875191373633726, 32.76362277169715 ], [ 131.874348185788762, 32.762584260367781 ], [ 131.87245363680421, 32.761761955615206 ], [ 131.869154982997912, 32.762082420722137 ], [ 131.867850325579383, 32.762595102429181 ], [ 131.866105366908982, 32.762240120025844 ], [ 131.864897616177586, 32.762869686497595 ], [ 131.863414304743827, 32.763129602796191 ], [ 131.862233497490337, 32.762505767787744 ], [ 131.860607839337774, 32.762085898418228 ], [ 131.858795653052368, 32.76036001412556 ], [ 131.857966812542003, 32.758907389126151 ], [ 131.857077462800987, 32.758341803108024 ], [ 131.852439816916018, 32.756310265768008 ], [ 131.851395382967382, 32.756025297517333 ], [ 131.849790674156168, 32.755931101459474 ], [ 131.849544745487691, 32.758047929684821 ], [ 131.849083971146086, 32.75883627878914 ], [ 131.849128553149029, 32.759689208547812 ], [ 131.848630422985309, 32.760011005606493 ], [ 131.849447065556319, 32.762413693042305 ], [ 131.84938760757305, 32.764253497648006 ], [ 131.847364441160835, 32.766202456737652 ], [ 131.846778727432849, 32.766561956711556 ], [ 131.84628506899449, 32.767752427166826 ], [ 131.846998830540429, 32.768554426137577 ], [ 131.84701062345917, 32.769803278340056 ], [ 131.846560829674985, 32.770226769167131 ], [ 131.846660304091984, 32.7710638693056 ], [ 131.846265266777436, 32.773796250394206 ], [ 131.844009234033592, 32.776300103500326 ], [ 131.844533952401434, 32.776840638413177 ], [ 131.844807023435294, 32.777472521555659 ], [ 131.845864121530042, 32.77858444534349 ], [ 131.845972784825278, 32.779245265683429 ], [ 131.846601380375319, 32.779540876281978 ], [ 131.846773058028759, 32.779898300993409 ], [ 131.847060717117273, 32.782057214218568 ], [ 131.847854977320395, 32.782459891526926 ], [ 131.848610545717605, 32.783406930431099 ], [ 131.848875454332358, 32.784718948847065 ], [ 131.849149725936456, 32.785075693890001 ], [ 131.849163441494028, 32.785755704349086 ], [ 131.849501346683354, 32.78626966651737 ], [ 131.849582679503897, 32.787122349116913 ], [ 131.850382061850979, 32.78844312638747 ], [ 131.850258909502116, 32.789340456545524 ], [ 131.852347519724788, 32.789079258609902 ], [ 131.852938051691524, 32.788741972990891 ], [ 131.853298694418072, 32.788402430202865 ], [ 131.855356289503419, 32.785226253993024 ], [ 131.855686033909166, 32.784387668994441 ] ] ] } },
{ "type": "Feature", "properties": { "CITY_NAME": "佐伯市", "S_NAME": "大字丸市尾浦", "JINKO": 283, "medical_area": "44_南部医療圏", "町丁目名": "佐伯市大字丸市尾浦" }, "geometry": { "type": "Polygon", "coordinates": [ [ [ 131.864361918064276, 32.823086321251779 ], [ 131.865352768183499, 32.82258272970364 ], [ 131.866191946720278, 32.822992412192214 ], [ 131.868967340922666, 32.822661610409298 ], [ 131.869647721783707, 32.822828140606781 ], [ 131.870063375056759, 32.822140340983751 ], [ 131.870441677430961, 32.821884218132418 ], [ 131.871223398432306, 32.821705674851252 ], [ 131.871417265442375, 32.821308626901661 ], [ 131.872169998158512, 32.821161188569675 ], [ 131.872496947364851, 32.820893051182594 ], [ 131.874918396716708, 32.816931558505424 ], [ 131.875327838077709, 32.816118768763012 ], [ 131.875770290755327, 32.814573059866724 ], [ 131.876465072279984, 32.814119948417655 ], [ 131.877305613546866, 32.813965686322497 ], [ 131.878706979445354, 32.812033011029577 ], [ 131.879050277520605, 32.8100922507818 ], [ 131.880349424756133, 32.808565228635047 ], [ 131.88174321894391, 32.805130059962103 ], [ 131.881538022674704, 32.797325591034223 ], [ 131.882038845814776, 32.79503749274155 ], [ 131.88156970269759, 32.793531086151383 ], [ 131.881678055630658, 32.791817658174146 ], [ 131.882050576302333, 32.791043276387995 ], [ 131.882429622207752, 32.788660202042621 ], [ 131.882655567512813, 32.788255451414031 ], [ 131.883816498714026, 32.787911554670536 ], [ 131.884396073935562, 32.787490439348581 ], [ 131.884660307659288, 32.786742440236296 ], [ 131.885072530001878, 32.786200556831552 ], [ 131.885100644554029, 32.785277188926848 ], [ 131.884866302514638, 32.784968051502602 ], [ 131.885708407482127, 32.78473133241679 ], [ 131.886558180323618, 32.783067807689463 ], [ 131.887765102532484, 32.781896144296958 ], [ 131.888481160837756, 32.78068859506773 ], [ 131.889119897196821, 32.780142504692577 ], [ 131.889492264709332, 32.779338650812228 ], [ 131.889846466038051, 32.779063393541072 ], [ 131.89076094617775, 32.778923165478822 ], [ 131.891701028437353, 32.778231987973683 ], [ 131.891956923398311, 32.777432903954079 ], [ 131.89138220054906, 32.775530375350051 ], [ 131.891571136299433, 32.773929267037445 ], [ 131.891493275513568, 32.772811287869992 ], [ 131.891791558372176, 32.772057798238279 ], [ 131.892513838882991, 32.771175400636238 ], [ 131.892667616005554, 32.76994826862434 ], [ 131.89340223918677, 32.768751091542853 ], [ 131.893687137376133, 32.766969645416509 ], [ 131.894362107409421, 32.765556519915414 ], [ 131.896036998375678, 32.764477749389521 ], [ 131.895737594586279, 32.764105665618388 ], [ 131.895120611004444, 32.763777324481758 ], [ 131.894970070489308, 32.763773889983796 ], [ 131.894970639682413, 32.763930792137153 ], [ 131.895485127576706, 32.76425715351025 ], [ 131.894740891541744, 32.764336399867041 ], [ 131.894779588994936, 32.764570576087422 ], [ 131.894483460012736, 32.764742222048788 ], [ 131.894252292263474, 32.76467262927595 ], [ 131.894182486685651, 32.764312431247916 ], [ 131.893940020135631, 32.764297022849121 ], [ 131.893897997302503, 32.764464144021446 ], [ 131.893630674786749, 32.764522865274138 ], [ 131.893693365120271, 32.76471358024132 ], [ 131.893251618933363, 32.764506632055536 ], [ 131.893183338166125, 32.764616225093008 ], [ 131.893467433226505, 32.764742241792362 ], [ 131.892649840832831, 32.765058263821352 ], [ 131.893225936727902, 32.76546716642266 ], [ 131.893203645422972, 32.766115678542 ], [ 131.892933370903961, 32.766196944855011 ], [ 131.893119607575727, 32.766467954735894 ], [ 131.892869504342997, 32.766540059871751 ], [ 131.892939200358853, 32.76688944528037 ], [ 131.892616753566045, 32.7671992287734 ], [ 131.892186911208682, 32.767016531561367 ], [ 131.891534368815257, 32.76729619982374 ], [ 131.891868740017429, 32.767538190841307 ], [ 131.891369899124214, 32.76782037586279 ], [ 131.891780595135998, 32.768123150149776 ], [ 131.891508888682921, 32.768170167695423 ], [ 131.891296477344952, 32.768385381245736 ], [ 131.891475541137339, 32.768572575816037 ], [ 131.891084808572145, 32.768775529559136 ], [ 131.891412049972843, 32.769054557906578 ], [ 131.891211323734268, 32.769045152168815 ], [ 131.891261336902716, 32.7692440772921 ], [ 131.89151783299917, 32.769385635077697 ], [ 131.89128986813941, 32.769646961573585 ], [ 131.891785800659079, 32.770033880024023 ], [ 131.891326535903943, 32.77096685466141 ], [ 131.890538378862743, 32.771038265478865 ], [ 131.890804336943461, 32.771158113724667 ], [ 131.890486251393355, 32.771372280217463 ], [ 131.890577335133401, 32.771516811193031 ], [ 131.890379474469142, 32.771368528892623 ], [ 131.890196651140798, 32.771449185883597 ], [ 131.890351369282371, 32.771552687298154 ], [ 131.890164499695175, 32.77197242457396 ], [ 131.889525262946933, 32.772303378739771 ], [ 131.889151051000596, 32.772241111020577 ], [ 131.888845373927637, 32.772530018407409 ], [ 131.888506165659862, 32.772549555766474 ], [ 131.888769556976371, 32.773594609088455 ], [ 131.888447946501941, 32.773564425541238 ], [ 131.888873555179686, 32.773964502585038 ], [ 131.889286116871602, 32.774016584819137 ], [ 131.889458153017046, 32.774578056742868 ], [ 131.889461172688129, 32.775200236841435 ], [ 131.889126260047334, 32.776517335050549 ], [ 131.888561825997954, 32.777078609848807 ], [ 131.887064295866253, 32.777736626344819 ], [ 131.887195308915693, 32.777820468545869 ], [ 131.887045538096885, 32.77810738708213 ], [ 131.886393208915109, 32.778746810640797 ], [ 131.886067274631102, 32.779349702522588 ], [ 131.885274402994156, 32.779811582234487 ], [ 131.885013869345698, 32.779803502886132 ], [ 131.884763948561073, 32.780326484966324 ], [ 131.884451750127056, 32.780389122814839 ], [ 131.884391786279451, 32.780691640399922 ], [ 131.884218689401848, 32.780779431047137 ], [ 131.884296152025371, 32.780954728720168 ], [ 131.884133930249931, 32.780953163433608 ], [ 131.884388446551981, 32.781321988205185 ], [ 131.884360850290875, 32.781768560221792 ], [ 131.882906925712689, 32.78285104319 ], [ 131.883173871546205, 32.783506552771954 ], [ 131.883113132556446, 32.783731526173611 ], [ 131.882444749544959, 32.784472085582742 ], [ 131.882178330380384, 32.784519053704706 ], [ 131.882220483863449, 32.784893889371304 ], [ 131.881645433273661, 32.785037718984434 ], [ 131.881579383029191, 32.785274458992276 ], [ 131.88174888457462, 32.785572644770951 ], [ 131.881559770308485, 32.785990588750941 ], [ 131.881682042237287, 32.786151147231095 ], [ 131.881410255970991, 32.786626492250278 ], [ 131.880981255121526, 32.786865789669484 ], [ 131.881316442706833, 32.787506382361286 ], [ 131.880987476699545, 32.787817117024936 ], [ 131.880597810075301, 32.787817148638588 ], [ 131.880725689727427, 32.788013740164821 ], [ 131.880405739437379, 32.788046656412334 ], [ 131.880697177561387, 32.788150105181998 ], [ 131.880556529408096, 32.788282750777462 ], [ 131.88065444725359, 32.788468739070403 ], [ 131.880431563334724, 32.788500056018286 ], [ 131.880541873099816, 32.788859988835057 ], [ 131.880368711322802, 32.788943265489799 ], [ 131.880853276878071, 32.789253678387531 ], [ 131.880602593216167, 32.789705431680311 ], [ 131.880596859510888, 32.789563883093045 ], [ 131.879972243241838, 32.789658455747478 ], [ 131.880366778109021, 32.789719719795492 ], [ 131.880260790643945, 32.790128059957517 ], [ 131.88005331472479, 32.79008983815018 ], [ 131.88026440032138, 32.790164105474382 ], [ 131.88036070869245, 32.790727934085723 ], [ 131.880067060154346, 32.7912638601277 ], [ 131.878353272161291, 32.791670869201795 ], [ 131.877665042936769, 32.791608964345016 ], [ 131.877666241610484, 32.791289742905171 ], [ 131.877376524164845, 32.79190497950561 ], [ 131.877279008122656, 32.7917595657795 ], [ 131.877421200242736, 32.791240050118276 ], [ 131.877139449246727, 32.791571172293729 ], [ 131.875515176015114, 32.791097407147838 ], [ 131.87446617982738, 32.790487031097157 ], [ 131.874672250937294, 32.790169055030084 ], [ 131.874412999849284, 32.790405327635298 ], [ 131.873999434449388, 32.789813965235034 ], [ 131.873596190314458, 32.789740131437149 ], [ 131.873979752078071, 32.789660801832696 ], [ 131.873646364932142, 32.789523356253262 ], [ 131.873553992936451, 32.789246249152015 ], [ 131.874702606741806, 32.78836350534047 ], [ 131.874333225913517, 32.788033331028274 ], [ 131.873834098909128, 32.788413766000652 ], [ 131.873547608582214, 32.787936930684495 ], [ 131.87335315032206, 32.788026651509618 ], [ 131.87299851126474, 32.786695405993825 ], [ 131.873070399768608, 32.786404541789608 ], [ 131.872907837049013, 32.786155893685134 ], [ 131.872994662558284, 32.785976730447103 ], [ 131.8745150607038, 32.786109493184263 ], [ 131.874487342031728, 32.786438832598989 ], [ 131.874691803426714, 32.787149801071848 ], [ 131.875380653955261, 32.787832124210198 ], [ 131.874726903658228, 32.787131520179138 ], [ 131.874573250821072, 32.785944953791294 ], [ 131.874322467884866, 32.785622070469628 ], [ 131.874534193415542, 32.785337448787466 ], [ 131.874482333917143, 32.785594815544428 ], [ 131.874689797831394, 32.786067691635722 ], [ 131.8747245732377, 32.785803223098711 ], [ 131.874533276652528, 32.785678313266729 ], [ 131.874561365681444, 32.785386856066481 ], [ 131.874727626576941, 32.785356826133736 ], [ 131.874459631717542, 32.784365856173906 ], [ 131.87450820794669, 32.783773061265535 ], [ 131.875022570499993, 32.782882118847688 ], [ 131.876592821640259, 32.782542874004868 ], [ 131.876382602316028, 32.780922060060007 ], [ 131.877455953294714, 32.779965842503685 ], [ 131.874419733437833, 32.780041024049574 ], [ 131.872949767741062, 32.77940663544836 ], [ 131.872505966556332, 32.779383913329148 ], [ 131.871521309575854, 32.779870565972267 ], [ 131.869973915519267, 32.781388843883022 ], [ 131.86807430295471, 32.782591884466363 ], [ 131.867072189389233, 32.782712155837956 ], [ 131.865820349368619, 32.783638994127053 ], [ 131.865296836417855, 32.783809708215379 ], [ 131.863366190190845, 32.783659164311828 ], [ 131.862309051135782, 32.782953092950393 ], [ 131.861332359358329, 32.7826834809335 ], [ 131.860052427232517, 32.782898444971792 ], [ 131.859257372526343, 32.782635755726979 ], [ 131.858867803180289, 32.782703227885975 ], [ 131.857212425149754, 32.784154495828588 ], [ 131.855686033909166, 32.784387668994441 ], [ 131.855356289503419, 32.785226253993024 ], [ 131.853298694418072, 32.788402430202865 ], [ 131.852938051691524, 32.788741972990891 ], [ 131.852347519724788, 32.789079258609902 ], [ 131.850258909502116, 32.789340456545524 ], [ 131.849722234305858, 32.789869638744108 ], [ 131.84944066747056, 32.790659848820141 ], [ 131.850595814247697, 32.791288840041581 ], [ 131.852538970673919, 32.794326835812733 ], [ 131.853710832991737, 32.795546131284908 ], [ 131.854402350883078, 32.795900026187596 ], [ 131.85408760663762, 32.797815745263186 ], [ 131.853703971235433, 32.798275901054872 ], [ 131.853825435964183, 32.799106651184609 ], [ 131.855418355585641, 32.800332339567277 ], [ 131.856232926022443, 32.801683888335894 ], [ 131.856704560537537, 32.802014541633632 ], [ 131.857055334495499, 32.802710794256363 ], [ 131.857387479960835, 32.802986744456788 ], [ 131.857227103265274, 32.803442282053176 ], [ 131.857309850515918, 32.80367664938958 ], [ 131.85865232689423, 32.803958052691172 ], [ 131.859962784876444, 32.805868807344766 ], [ 131.860066833402527, 32.806789336088784 ], [ 131.859641160119708, 32.807441458474138 ], [ 131.859340546030893, 32.808528596695766 ], [ 131.859689332557338, 32.811682511917773 ], [ 131.859246637887566, 32.812467696557242 ], [ 131.859088230318775, 32.814648234855881 ], [ 131.858635307383707, 32.815516931906366 ], [ 131.85894874427072, 32.816133081092467 ], [ 131.858898157462704, 32.816581670765402 ], [ 131.859412260967559, 32.817511766979408 ], [ 131.859171940920049, 32.818409935149525 ], [ 131.859074678595533, 32.820095433874585 ], [ 131.858614565907175, 32.821569350417271 ], [ 131.85952307215706, 32.82207188743407 ], [ 131.861110850728664, 32.821839699703737 ], [ 131.862075786595767, 32.821977578355153 ], [ 131.863987493414612, 32.82312504265623 ], [ 131.864361918064276, 32.823086321251779 ] ] ] } },
{ "type": "Feature", "properties": { "CITY_NAME": "佐伯市", "S_NAME": "大字森崎浦", "JINKO": 0, "medical_area": "44_南部医療圏", "町丁目名": "佐伯市大字森崎浦" }, "geometry": { "type": "Polygon", "coordinates": [ [ [ 131.89572707100649, 32.767101313276825 ], [ 131.89554027248775, 32.767208160781998 ], [ 131.895704875603684, 32.767233122180471 ], [ 131.89572707100649, 32.767101313276825 ] ] ] } },
{ "type": "Feature", "properties": { "CITY_NAME": "佐伯市", "S_NAME": "大字森崎浦", "JINKO": 0, "medical_area": "44_南部医療圏", "町丁目名": "佐伯市大字森崎浦" }, "geometry": { "type": "Polygon", "coordinates": [ [ [ 131.89654020274682, 32.764526444306966 ], [ 131.897000870495219, 32.765022718834416 ], [ 131.897267533722982, 32.764898178565034 ], [ 131.897214568474425, 32.764830028626342 ], [ 131.89654020274682, 32.764526444306966 ] ] ] } },
{ "type": "Feature", "properties": { "CITY_NAME": "佐伯市", "S_NAME": "大字森崎浦", "JINKO": 327, "medical_area": "44_南部医療圏", "町丁目名": "佐伯市大字森崎浦" }, "geometry": { "type": "Polygon", "coordinates": [ [ [ 131.889308901859806, 32.827549051741578 ], [ 131.890979144484476, 32.824685706270962 ], [ 131.890996115934058, 32.823920244538193 ], [ 131.890482531993058, 32.822624080365024 ], [ 131.890543396917394, 32.821691711602128 ], [ 131.890924942518126, 32.820778783748956 ], [ 131.892197096325816, 32.819332340559086 ], [ 131.892340160026919, 32.818328027073299 ], [ 131.892293949038617, 32.816685077738875 ], [ 131.893035572262335, 32.815757106430382 ], [ 131.893027234059502, 32.814398089118654 ], [ 131.894005877108356, 32.812780151262913 ], [ 131.894433590214248, 32.809546569344334 ], [ 131.894782981785795, 32.80855606061445 ], [ 131.895087415472915, 32.808382164767302 ], [ 131.895189428025958, 32.807140970033181 ], [ 131.895577918192515, 32.806082828545399 ], [ 131.894844571371237, 32.80523788764873 ], [ 131.89277360929691, 32.805091189890348 ], [ 131.891259983672256, 32.805359839585606 ], [ 131.89036965776242, 32.804955834382937 ], [ 131.890140395315797, 32.805305563499601 ], [ 131.890338584676329, 32.804943443489094 ], [ 131.89007164147489, 32.804727089888843 ], [ 131.890650192851325, 32.804176510371654 ], [ 131.891481231284871, 32.804199470146109 ], [ 131.890599178768895, 32.804088489229173 ], [ 131.88994389001013, 32.804765880173058 ], [ 131.889384221670412, 32.804006013025003 ], [ 131.890080377855583, 32.803679153659132 ], [ 131.890596033154736, 32.803664669764508 ], [ 131.890069250949267, 32.803634142869747 ], [ 131.889361386526133, 32.803966492212837 ], [ 131.888686425365677, 32.803305755162569 ], [ 131.888496451310942, 32.801921060371491 ], [ 131.88820794564208, 32.801900554777554 ], [ 131.888490825558279, 32.801892250401373 ], [ 131.888415944639661, 32.801560021395382 ], [ 131.888710907993271, 32.801584091422072 ], [ 131.888853542823227, 32.800895937790337 ], [ 131.889121301947853, 32.800977898600209 ], [ 131.889138979228875, 32.800935397193776 ], [ 131.888889199054177, 32.800832561427804 ], [ 131.889025106623251, 32.800541218246714 ], [ 131.888753691977939, 32.799983139088148 ], [ 131.887988775238, 32.799407799277418 ], [ 131.887394350443628, 32.798368652000207 ], [ 131.886939655591647, 32.797949824544361 ], [ 131.886901516401849, 32.797335090876985 ], [ 131.886678552305881, 32.797251894028207 ], [ 131.886575463657067, 32.796648432839284 ], [ 131.887415972557562, 32.795811070728149 ], [ 131.88680961849181, 32.794214702224536 ], [ 131.88592134699735, 32.793676293452826 ], [ 131.886185360226847, 32.793283057812666 ], [ 131.887289361271513, 32.792960543062584 ], [ 131.886236131838928, 32.791508915670853 ], [ 131.885271181112557, 32.791208199239122 ], [ 131.88559150633688, 32.789598087361334 ], [ 131.887154025616582, 32.789014436486298 ], [ 131.887070463475794, 32.787908537545846 ], [ 131.887297259670447, 32.787205365234136 ], [ 131.887837628018985, 32.787220481510744 ], [ 131.88807667524668, 32.787003264102857 ], [ 131.888479109646113, 32.786995011647079 ], [ 131.888524252672596, 32.786595199710355 ], [ 131.888875822694047, 32.78609494321357 ], [ 131.889385983449216, 32.786084111725991 ], [ 131.889917305341953, 32.785402226200866 ], [ 131.890235558430589, 32.785417108825278 ], [ 131.890234355335281, 32.784653308422222 ], [ 131.890764972211343, 32.784019225531644 ], [ 131.891094828003247, 32.783910471015432 ], [ 131.891234525100941, 32.784110581757616 ], [ 131.891982853686699, 32.784314475094675 ], [ 131.892027316499281, 32.784173487105292 ], [ 131.891766164151164, 32.784104995774541 ], [ 131.891942941946809, 32.783851245892663 ], [ 131.891835666935464, 32.783582374984562 ], [ 131.892041225416307, 32.783429429371317 ], [ 131.891957344905052, 32.783264994102744 ], [ 131.892201781434238, 32.783255139393354 ], [ 131.892109900569665, 32.7830411813719 ], [ 131.892579351785315, 32.7819476061863 ], [ 131.8929831626522, 32.782079104486357 ], [ 131.892851255238639, 32.781915909300949 ], [ 131.893627705011994, 32.78109879915371 ], [ 131.894876146067247, 32.78093481892585 ], [ 131.894968814625884, 32.780595097909689 ], [ 131.895331216260956, 32.780323782938616 ], [ 131.895524691249591, 32.780347661063587 ], [ 131.895890077466504, 32.780058287955661 ], [ 131.896682353982499, 32.78008150516488 ], [ 131.896535158973506, 32.779982444975488 ], [ 131.896969319021679, 32.779955904857928 ], [ 131.897279858932905, 32.779728246523341 ], [ 131.89699269799064, 32.779411067164055 ], [ 131.896189499734504, 32.77947902216119 ], [ 131.895700668428418, 32.779060489978889 ], [ 131.894524577850149, 32.778984993941251 ], [ 131.893772108511257, 32.778563803239038 ], [ 131.893653649260358, 32.778143533156353 ], [ 131.89342867492735, 32.777954867621794 ], [ 131.893512733434761, 32.777820804663165 ], [ 131.893236501353812, 32.77763521558451 ], [ 131.893342807265583, 32.77726564250343 ], [ 131.893637360933866, 32.777265344801101 ], [ 131.893213881646489, 32.777082599268667 ], [ 131.893607655717858, 32.777063561381119 ], [ 131.893646735386284, 32.776809896341554 ], [ 131.893124714638674, 32.776705398108113 ], [ 131.893082147950992, 32.776284592527894 ], [ 131.892793296004385, 32.776220810808184 ], [ 131.892737115022129, 32.776048081962891 ], [ 131.892939928747325, 32.775939329536563 ], [ 131.89275149406501, 32.775567342555888 ], [ 131.8929310818327, 32.775162094866012 ], [ 131.893183817328151, 32.775142263255326 ], [ 131.893116520461717, 32.775025514771094 ], [ 131.893301904231947, 32.774883510153735 ], [ 131.893509993422384, 32.774985731011228 ], [ 131.893439895923137, 32.774805880347706 ], [ 131.894123660224381, 32.774757741889729 ], [ 131.893343681553432, 32.77458294217486 ], [ 131.893356086932812, 32.774322245788788 ], [ 131.89361035695606, 32.774347489422283 ], [ 131.892573188244256, 32.773637078389392 ], [ 131.892624751695081, 32.772604213392995 ], [ 131.893037267537949, 32.771900612870176 ], [ 131.893701345910699, 32.771921143281212 ], [ 131.89337146798934, 32.771488856315123 ], [ 131.893631711698049, 32.771253448039666 ], [ 131.893178371153255, 32.77095819998317 ], [ 131.893343364219703, 32.770487201737467 ], [ 131.893870834708878, 32.770290486419363 ], [ 131.894069963031995, 32.770356699107346 ], [ 131.894451594313381, 32.770094269419673 ], [ 131.894811208970083, 32.770190000017102 ], [ 131.894735669188805, 32.769999358137262 ], [ 131.895428611709548, 32.769381233447703 ], [ 131.895367410119604, 32.769131895443401 ], [ 131.894792576442256, 32.768752756522481 ], [ 131.894740191756227, 32.768317583145183 ], [ 131.894493971113263, 32.768136296159547 ], [ 131.894384449114426, 32.767749329197486 ], [ 131.894596649837155, 32.767622471245119 ], [ 131.894506114413332, 32.767432853328565 ], [ 131.894668627640158, 32.767140425924339 ], [ 131.894885574277708, 32.767063129179391 ], [ 131.894650794082082, 32.766424568779406 ], [ 131.895521653160301, 32.766098238234925 ], [ 131.895403040572631, 32.765652723751195 ], [ 131.896062355872886, 32.765627286811537 ], [ 131.896153243714906, 32.765535565382351 ], [ 131.896036117938991, 32.76545524540601 ], [ 131.896554909374828, 32.76536136483228 ], [ 131.896561878571248, 32.765091691154623 ], [ 131.896876767646432, 32.765094847188884 ], [ 131.896036998375678, 32.764477749389521 ], [ 131.894362107409421, 32.765556519915414 ], [ 131.893687137376133, 32.766969645416509 ], [ 131.89340223918677, 32.768751091542853 ], [ 131.892667616005554, 32.76994826862434 ], [ 131.892513838882991, 32.771175400636238 ], [ 131.891791558372176, 32.772057798238279 ], [ 131.891493275513568, 32.772811287869992 ], [ 131.891571136299433, 32.773929267037445 ], [ 131.89138220054906, 32.775530375350051 ], [ 131.891956923398311, 32.777432903954079 ], [ 131.891701028437353, 32.778231987973683 ], [ 131.89076094617775, 32.778923165478822 ], [ 131.889846466038051, 32.779063393541072 ], [ 131.889492264709332, 32.779338650812228 ], [ 131.889119897196821, 32.780142504692577 ], [ 131.888481160837756, 32.78068859506773 ], [ 131.887765102532484, 32.781896144296958 ], [ 131.886558180323618, 32.783067807689463 ], [ 131.885708407482127, 32.78473133241679 ], [ 131.884866302514638, 32.784968051502602 ], [ 131.885100644554029, 32.785277188926848 ], [ 131.885072530001878, 32.786200556831552 ], [ 131.884660307659288, 32.786742440236296 ], [ 131.884396073935562, 32.787490439348581 ], [ 131.883816498714026, 32.787911554670536 ], [ 131.882655567512813, 32.788255451414031 ], [ 131.882429622207752, 32.788660202042621 ], [ 131.882050576302333, 32.791043276387995 ], [ 131.881678055630658, 32.791817658174146 ], [ 131.88156970269759, 32.793531086151383 ], [ 131.882038845814776, 32.79503749274155 ], [ 131.881538022674704, 32.797325591034223 ], [ 131.88174321894391, 32.805130059962103 ], [ 131.880779861296361, 32.807665666395849 ], [ 131.880349424756133, 32.808565228635047 ], [ 131.879050277520605, 32.8100922507818 ], [ 131.878841804885781, 32.811593085629553 ], [ 131.87828929519037, 32.812740780357906 ], [ 131.877305613546866, 32.813965686322497 ], [ 131.876465072279984, 32.814119948417655 ], [ 131.875770290755327, 32.814573059866724 ], [ 131.875327838077709, 32.816118768763012 ], [ 131.874918396716708, 32.816931558505424 ], [ 131.872496947364851, 32.820893051182594 ], [ 131.872169998158512, 32.821161188569675 ], [ 131.871417265442375, 32.821308626901661 ], [ 131.871223398432306, 32.821705674851252 ], [ 131.870441677430961, 32.821884218132418 ], [ 131.870063375056759, 32.822140340983751 ], [ 131.869647721783707, 32.822828140606781 ], [ 131.869968283508769, 32.823187554899249 ], [ 131.870720985954904, 32.825164867158371 ], [ 131.871793263875048, 32.826412878243836 ], [ 131.872286922666575, 32.826526869451186 ], [ 131.875659564684213, 32.826485308984239 ], [ 131.87770963939289, 32.826976780982335 ], [ 131.880504522574824, 32.826975252841827 ], [ 131.881492608163853, 32.827275405418256 ], [ 131.882748429783135, 32.828111073449868 ], [ 131.883123186311366, 32.829192277017789 ], [ 131.884520901711142, 32.830297845359283 ], [ 131.88502311673858, 32.831269754614283 ], [ 131.885434454070975, 32.831718447566239 ], [ 131.886066278996367, 32.83171398985953 ], [ 131.887051127300595, 32.831142546361725 ], [ 131.887983820129733, 32.830160501333182 ], [ 131.888764504298621, 32.830055624953509 ], [ 131.889577019867517, 32.82956058453383 ], [ 131.889255931961486, 32.82815363494074 ], [ 131.889308901859806, 32.827549051741578 ] ] ] } },
{ "type": "Feature", "properties": { "CITY_NAME": "佐伯市", "S_NAME": "大字野々河内浦", "JINKO": 145, "medical_area": "44_南部医療圏", "町丁目名": "佐伯市大字野々河内浦" }, "geometry": { "type": "Polygon", "coordinates": [ [ [ 131.909468648699175, 32.82993915377741 ], [ 131.910787732681285, 32.829840757590162 ], [ 131.911102233993262, 32.824254659208329 ], [ 131.910797181049418, 32.8181887537406 ], [ 131.911222302506559, 32.817382532118117 ], [ 131.909399260389534, 32.813223895765859 ], [ 131.908308474819904, 32.811442584293296 ], [ 131.908199324832793, 32.811095342679572 ], [ 131.908314321233917, 32.810663151437474 ], [ 131.907315647998473, 32.810035691444867 ], [ 131.906489776296183, 32.80917878266537 ], [ 131.905813011190133, 32.808767298311302 ], [ 131.901227685686194, 32.806494448272652 ], [ 131.898357372461078, 32.805319505131877 ], [ 131.897398803199223, 32.80511815662495 ], [ 131.896924817616792, 32.805544235128927 ], [ 131.895577918192515, 32.806082828545399 ], [ 131.895189428025958, 32.807140970033181 ], [ 131.895087415472915, 32.808382164767302 ], [ 131.894782981785795, 32.80855606061445 ], [ 131.894433590214248, 32.809546569344334 ], [ 131.894005877108356, 32.812780151262913 ], [ 131.893027234059502, 32.814398089118654 ], [ 131.893035572262335, 32.815757106430382 ], [ 131.892293949038617, 32.816685077738875 ], [ 131.892340160026919, 32.818328027073299 ], [ 131.892197096325816, 32.819332340559086 ], [ 131.890924942518126, 32.820778783748956 ], [ 131.890543396917394, 32.821691711602128 ], [ 131.890482531993058, 32.822624080365024 ], [ 131.891066424610301, 32.824351298702162 ], [ 131.89072597569222, 32.825261681506042 ], [ 131.889308901859806, 32.827549051741578 ], [ 131.889255931961486, 32.82815363494074 ], [ 131.889577019867517, 32.82956058453383 ], [ 131.891251376319445, 32.829762520844589 ], [ 131.891953887492406, 32.829342058346718 ], [ 131.892446076182239, 32.829302436763761 ], [ 131.893664487827834, 32.829596347892796 ], [ 131.894230600844509, 32.829447807741658 ], [ 131.894761796873496, 32.829028548726932 ], [ 131.898235435771227, 32.828899893643616 ], [ 131.902285938913508, 32.831291437207774 ], [ 131.904008810623878, 32.831690022208278 ], [ 131.905056804564879, 32.831546995523432 ], [ 131.909468648699175, 32.82993915377741 ] ] ] } },
{ "type": "Feature", "properties": { "CITY_NAME": "佐伯市", "S_NAME": "大字畑野浦", "JINKO": 0, "medical_area": "44_南部医療圏", "町丁目名": "佐伯市大字畑野浦" }, "geometry": { "type": "Polygon", "coordinates": [ [ [ 132.023563725549167, 32.888517315051089 ], [ 132.024791107510055, 32.887560198813674 ], [ 132.023732340009047, 32.887495825526933 ], [ 132.023559435673235, 32.887794808390268 ], [ 132.023643527427396, 32.888137674199591 ], [ 132.023483021778929, 32.888309415959924 ], [ 132.022900131515115, 32.888082435318744 ], [ 132.022585624975193, 32.888243713546892 ], [ 132.023563725549167, 32.888517315051089 ] ] ] } },
{ "type": "Feature", "properties": { "CITY_NAME": "佐伯市", "S_NAME": "大字畑野浦", "JINKO": 0, "medical_area": "44_南部医療圏", "町丁目名": "佐伯市大字畑野浦" }, "geometry": { "type": "Polygon", "coordinates": [ [ [ 132.027029124919437, 32.885304998969239 ], [ 132.027494397121501, 32.885288262698239 ], [ 132.027658317729617, 32.885189374051002 ], [ 132.026848185233888, 32.885042860061716 ], [ 132.026611914163851, 32.885311713963965 ], [ 132.026829785143434, 32.885482153145468 ], [ 132.027029124919437, 32.885304998969239 ] ] ] } },
{ "type": "Feature", "properties": { "CITY_NAME": "佐伯市", "S_NAME": "大字畑野浦", "JINKO": 0, "medical_area": "44_南部医療圏", "町丁目名": "佐伯市大字畑野浦" }, "geometry": { "type": "Polygon", "coordinates": [ [ [ 132.030673848086167, 32.881138508832798 ], [ 132.031613355010876, 32.880065703794536 ], [ 132.032175784469729, 32.87973242211531 ], [ 132.033877734833055, 32.880121345652469 ], [ 132.035034840564805, 32.88075987278355 ], [ 132.03518294569227, 32.880280473955906 ], [ 132.034907066817055, 32.880246047143622 ], [ 132.034661853105149, 32.879748514303081 ], [ 132.033613899612078, 32.87922695787902 ], [ 132.033835532639017, 32.879167413783875 ], [ 132.033828328988818, 32.879006967771424 ], [ 132.033318212400275, 32.878695575161728 ], [ 132.032878476324925, 32.878650516056972 ], [ 132.032477213501693, 32.878972133666714 ], [ 132.031242789946646, 32.87923839327317 ], [ 132.030770479801248, 32.878593040047249 ], [ 132.030564478376874, 32.878704748408197 ], [ 132.030696454069499, 32.878754163872323 ], [ 132.030647627286726, 32.879058440598939 ], [ 132.030375757746867, 32.879293330967698 ], [ 132.030355804651322, 32.879509909505828 ], [ 132.03084649252628, 32.880083872979775 ], [ 132.030205265169485, 32.879985452911171 ], [ 132.030249667608189, 32.880497266226186 ], [ 132.029893856121333, 32.880685954779921 ], [ 132.029949105852069, 32.880843302315917 ], [ 132.030673848086167, 32.881138508832798 ] ] ] } },
{ "type": "Feature", "properties": { "CITY_NAME": "佐伯市", "S_NAME": "大字畑野浦", "JINKO": 1149, "medical_area": "44_南部医療圏", "町丁目名": "佐伯市大字畑野浦" }, "geometry": { "type": "Polygon", "coordinates": [ [ [ 132.010223749054404, 32.891507372781277 ], [ 132.013960924689087, 32.89139067634224 ], [ 132.015655711702522, 32.890559861274916 ], [ 132.015161031261073, 32.89038714044375 ], [ 132.014681129555328, 32.890668761398146 ], [ 132.014329766596688, 32.890689644079643 ], [ 132.013123591001033, 32.890353148516837 ], [ 132.013370432978917, 32.890722662067915 ], [ 132.012568038740994, 32.89064980660185 ], [ 132.012681560101811, 32.890859886188672 ], [ 132.01231521513327, 32.89088539305299 ], [ 132.011714636201702, 32.890702692673116 ], [ 132.011424178675696, 32.890815052418091 ], [ 132.010546557446077, 32.890426281532868 ], [ 132.009955950398194, 32.890739440557645 ], [ 132.010250642860171, 32.890433179160709 ], [ 132.009882878687847, 32.890237768361338 ], [ 132.008785349836785, 32.890432382651966 ], [ 132.007893563173411, 32.890296191863477 ], [ 132.007802992341595, 32.890231995446335 ], [ 132.008202168641674, 32.890089919189776 ], [ 132.007904201806014, 32.889915576378392 ], [ 132.007972444834678, 32.889622872963542 ], [ 132.007109966790267, 32.889434141610643 ], [ 132.006454659582204, 32.889697304387177 ], [ 132.005122806344986, 32.88863856563988 ], [ 132.004758205496302, 32.887967003495419 ], [ 132.004512344869596, 32.888051030928473 ], [ 132.003794389181081, 32.887407547885893 ], [ 132.001944547092023, 32.886469243207905 ], [ 132.00086312953897, 32.885628477339225 ], [ 132.000596090509106, 32.884971445696166 ], [ 132.000269046380311, 32.88468099911546 ], [ 132.000314540993969, 32.884449797162361 ], [ 132.000076522067218, 32.88438406997475 ], [ 131.999879615986316, 32.884076353078697 ], [ 131.999830161450092, 32.883664657651835 ], [ 131.999967516301609, 32.883435425282592 ], [ 131.999594454473083, 32.883046154808738 ], [ 131.999729188379632, 32.882954905942874 ], [ 131.999438158680078, 32.882830081855587 ], [ 131.999360885657268, 32.882513289610806 ], [ 131.99978720108615, 32.88231421692079 ], [ 131.999473765460095, 32.882000209437933 ], [ 131.999816740826134, 32.881516851383992 ], [ 132.000014499044909, 32.880763227898008 ], [ 132.00110370929616, 32.880312672977759 ], [ 132.000819466963463, 32.879929009345773 ], [ 132.000868188413875, 32.879799674514395 ], [ 132.001185842494351, 32.879917061343669 ], [ 132.001251019526251, 32.879818256929326 ], [ 132.000895862767692, 32.878933795459403 ], [ 132.000943330850845, 32.878499688668484 ], [ 132.000762923941181, 32.878418170983849 ], [ 132.000493134137997, 32.878659285974187 ], [ 132.000369952646054, 32.878440245934208 ], [ 132.000073069669696, 32.878365073774361 ], [ 131.999583441595007, 32.878537610865003 ], [ 131.999341808668788, 32.87776133886036 ], [ 131.999170420711579, 32.877635566552094 ], [ 131.999347493416678, 32.877508808072903 ], [ 131.999202861684466, 32.877379211655352 ], [ 131.998780529269936, 32.877552116192007 ], [ 131.999068872573616, 32.877722042032964 ], [ 131.998607127324249, 32.878289311263579 ], [ 131.997807983986092, 32.878205512794658 ], [ 131.997309732895189, 32.878398406739223 ], [ 131.994820375130416, 32.877561995361674 ], [ 131.993648324492028, 32.876235833598109 ], [ 131.993172446587465, 32.874960941259502 ], [ 131.992235591015941, 32.874217222847378 ], [ 131.99144384218053, 32.873068373434762 ], [ 131.990411747451503, 32.872503029586113 ], [ 131.990394421832093, 32.872191169811188 ], [ 131.989942312244949, 32.872087433672299 ], [ 131.989874803622627, 32.871879669914655 ], [ 131.989590860267924, 32.871907160263753 ], [ 131.989477402378725, 32.871597864984246 ], [ 131.988490921457071, 32.871003287480853 ], [ 131.987879606973422, 32.870408456185196 ], [ 131.986613289852443, 32.87030752487496 ], [ 131.986188210096429, 32.868194494580692 ], [ 131.986377705239391, 32.868134389597714 ], [ 131.98631198993175, 32.867891438086737 ], [ 131.986482135556827, 32.867817959239829 ], [ 131.986054331116094, 32.867879042422068 ], [ 131.985938398533079, 32.867540905431191 ], [ 131.986195970880175, 32.866874295745518 ], [ 131.986017850064599, 32.866513197959975 ], [ 131.986442788889093, 32.866389922792315 ], [ 131.986527430988872, 32.866216120851675 ], [ 131.986490834079092, 32.865707825737537 ], [ 131.986234937167751, 32.865952411765889 ], [ 131.986234553970405, 32.865533106944255 ], [ 131.986442176122267, 32.865270866343067 ], [ 131.985922431763811, 32.865328164615661 ], [ 131.985837555779511, 32.865088067063937 ], [ 131.986218676404206, 32.86476945865023 ], [ 131.985752324420247, 32.865012090205532 ], [ 131.985568558386746, 32.864819662818093 ], [ 131.985606242737163, 32.864558769471884 ], [ 131.984877002395137, 32.864119043676219 ], [ 131.98482255310347, 32.863738936636494 ], [ 131.984646441404237, 32.863853945069508 ], [ 131.984344193611008, 32.863673260161583 ], [ 131.984468110424956, 32.863473005939305 ], [ 131.98432143535976, 32.863350618367384 ], [ 131.984596123879072, 32.863356579349542 ], [ 131.984654398813973, 32.863221758929384 ], [ 131.983948086339836, 32.862921623071287 ], [ 131.983991227373252, 32.862761674761522 ], [ 131.983830685910988, 32.862835074403009 ], [ 131.983576908634745, 32.862590893450133 ], [ 131.983485181997679, 32.862705229021365 ], [ 131.982863029090566, 32.862671337137755 ], [ 131.982624842461888, 32.863356722723637 ], [ 131.981925508152813, 32.863887020425139 ], [ 131.981888539644444, 32.864509511787141 ], [ 131.981567653968909, 32.864864604015338 ], [ 131.980300430551921, 32.865160381942218 ], [ 131.980121111360774, 32.865075221341236 ], [ 131.979940009243649, 32.865222713748096 ], [ 131.979863835588986, 32.865097065506248 ], [ 131.979782975449211, 32.865418724205099 ], [ 131.979923935945919, 32.865606080649641 ], [ 131.978676767560842, 32.867236270367158 ], [ 131.976723975208984, 32.867279478226962 ], [ 131.976101772497032, 32.867152669754873 ], [ 131.974944068510098, 32.865925393366275 ], [ 131.975837231376801, 32.86690043675501 ], [ 131.975060840392985, 32.867520581897452 ], [ 131.974726804621838, 32.867554744129706 ], [ 131.975164902201044, 32.867754226385685 ], [ 131.974937607485856, 32.867976925343001 ], [ 131.974575416155062, 32.867787674285182 ], [ 131.974398966967783, 32.867476138413608 ], [ 131.974226807433411, 32.867756113906445 ], [ 131.974357705394993, 32.867420549208603 ], [ 131.973327861760538, 32.866357279325015 ], [ 131.972767706326522, 32.864861110910432 ], [ 131.972650322498197, 32.864874650490627 ], [ 131.972741514211947, 32.864617840898134 ], [ 131.973797852488985, 32.864585284801692 ], [ 131.9741618529373, 32.865331815481476 ], [ 131.973804197438398, 32.864378739551441 ], [ 131.974668316747227, 32.864355789804719 ], [ 131.974221352212709, 32.864229410706265 ], [ 131.97419299892934, 32.864079036917936 ], [ 131.973876732855445, 32.864072478259118 ], [ 131.97379644263782, 32.863767413680861 ], [ 131.97396242071602, 32.863212444321363 ], [ 131.974550350552391, 32.862948170472627 ], [ 131.975688538705725, 32.862975383452927 ], [ 131.976063541119657, 32.862682097989705 ], [ 131.976051094959786, 32.862322393414239 ], [ 131.976344215751539, 32.862159600621162 ], [ 131.976215153127299, 32.861692603651228 ], [ 131.976355602989514, 32.861735689863082 ], [ 131.976330625317416, 32.861604233258966 ], [ 131.976062045737109, 32.861370066302939 ], [ 131.976337432618948, 32.860952220755394 ], [ 131.97618107891094, 32.860729798934983 ], [ 131.976503206254336, 32.860677693670041 ], [ 131.976374512282263, 32.86053441714548 ], [ 131.976570673731146, 32.860496819087849 ], [ 131.976109156269956, 32.860304742716409 ], [ 131.976204475076429, 32.86002986645758 ], [ 131.975999049918101, 32.859807835415985 ], [ 131.976272371497402, 32.85949911350987 ], [ 131.976208606109907, 32.859140717561168 ], [ 131.975817389836266, 32.857850658636842 ], [ 131.975453796271438, 32.857429669026665 ], [ 131.975364806156392, 32.85710753873218 ], [ 131.975482121309682, 32.856989398817909 ], [ 131.975203808220556, 32.856649799945437 ], [ 131.975353838521755, 32.856592722457464 ], [ 131.974477107082322, 32.856531013581993 ], [ 131.973950318898261, 32.856818259950842 ], [ 131.973196715399922, 32.856490468709225 ], [ 131.971866573118149, 32.856778521059915 ], [ 131.97146610283724, 32.856402890234655 ], [ 131.97101776578927, 32.855455020735107 ], [ 131.970725138199015, 32.853297606198403 ], [ 131.97086967085346, 32.853034073957346 ], [ 131.970679361868434, 32.852725350994788 ], [ 131.970169782673736, 32.852529103790189 ], [ 131.970074069087474, 32.852177264681799 ], [ 131.969782639746541, 32.852294033057724 ], [ 131.968963732139002, 32.851849489294537 ], [ 131.968064067098084, 32.85232354728889 ], [ 131.967862868192043, 32.85229533537543 ], [ 131.96724781100437, 32.851822155833538 ], [ 131.967000659571227, 32.851395733566847 ], [ 131.967104094218115, 32.851082038043188 ], [ 131.966925069501599, 32.850827319895558 ], [ 131.966340703005756, 32.851223184228232 ], [ 131.965779432759376, 32.851285222858294 ], [ 131.965316308330927, 32.851029978113175 ], [ 131.964002858802871, 32.849897583772545 ], [ 131.963562140625669, 32.849048827257768 ], [ 131.963045754105195, 32.848612739229743 ], [ 131.962670935476524, 32.847837427901837 ], [ 131.962044948866975, 32.847638427636412 ], [ 131.961824418804184, 32.847293866170816 ], [ 131.961799162503326, 32.846738575672568 ], [ 131.961463469715255, 32.846813290563873 ], [ 131.960266769212069, 32.846586217192304 ], [ 131.959705318458845, 32.846730284334143 ], [ 131.959493438574839, 32.847189994553162 ], [ 131.959739237841688, 32.848093444359549 ], [ 131.959035127903689, 32.848180902133087 ], [ 131.958664752821107, 32.848407354290366 ], [ 131.958548228322542, 32.848600322285584 ], [ 131.958778621884477, 32.849063854290272 ], [ 131.958547846025425, 32.849560676433576 ], [ 131.95761002593585, 32.85027030125331 ], [ 131.95678667119455, 32.850502023112661 ], [ 131.956903285030194, 32.850612935263207 ], [ 131.95645076528271, 32.851151127728052 ], [ 131.956352077157675, 32.85191205549976 ], [ 131.954797633384032, 32.852109663904407 ], [ 131.954484904874562, 32.852336575134466 ], [ 131.954387106653513, 32.853081258555356 ], [ 131.955147291360163, 32.853941142861778 ], [ 131.95516449384067, 32.854152922931519 ], [ 131.954054707988917, 32.855172248236123 ], [ 131.954217897348144, 32.85524404335608 ], [ 131.953919744638824, 32.855234593518091 ], [ 131.953505111314257, 32.855924887031804 ], [ 131.951931472356335, 32.855033300234922 ], [ 131.951395349929271, 32.85564965893294 ], [ 131.951130886562368, 32.855496573089034 ], [ 131.951469936087079, 32.854627407594833 ], [ 131.951230455650943, 32.855213561009492 ], [ 131.950240558644794, 32.854954159315241 ], [ 131.950140991118587, 32.855237162068143 ], [ 131.949708983609185, 32.855002380533726 ], [ 131.949855865322348, 32.853744216834286 ], [ 131.951648600001135, 32.854248221012746 ], [ 131.949946522388046, 32.853730003095642 ], [ 131.950011141964438, 32.853472512928164 ], [ 131.950324898303933, 32.853544977138093 ], [ 131.949590122534119, 32.853162795316301 ], [ 131.95001189531277, 32.853347160058355 ], [ 131.950093561562397, 32.852989451393668 ], [ 131.949968535430315, 32.851779342663647 ], [ 131.9494952271248, 32.850969556777322 ], [ 131.949521597753915, 32.850434612250609 ], [ 131.949716214962649, 32.850244685632248 ], [ 131.949968644896899, 32.850579115327051 ], [ 131.949914402623108, 32.850399176308315 ], [ 131.950139411151412, 32.849959224083364 ], [ 131.951065699125337, 32.848865593282468 ], [ 131.950956760181953, 32.848769024065469 ], [ 131.951553745461212, 32.848346097868607 ], [ 131.951454221237611, 32.848232320336351 ], [ 131.951602217518598, 32.848281692418006 ], [ 131.952100115113723, 32.847488884397869 ], [ 131.952797686599098, 32.846991236891519 ], [ 131.953071166444374, 32.845886334165868 ], [ 131.953304926372169, 32.845573455964256 ], [ 131.954305970253444, 32.845182605508661 ], [ 131.953792847770245, 32.843144977906633 ], [ 131.954097017255577, 32.842517756466798 ], [ 131.955362939993137, 32.842630753590484 ], [ 131.95610042012035, 32.84286590796976 ], [ 131.955978572386186, 32.843161697409421 ], [ 131.955415781795153, 32.843577173402913 ], [ 131.956014033953096, 32.843184869337733 ], [ 131.9563015099734, 32.842496459355324 ], [ 131.956721168518612, 32.842182159528036 ], [ 131.956298243702264, 32.842136336542588 ], [ 131.955775658081592, 32.84180757596075 ], [ 131.952290460683912, 32.841501328747498 ], [ 131.948677536162222, 32.843224432615735 ], [ 131.945856534912281, 32.844008986504313 ], [ 131.945564374600934, 32.8441916567823 ], [ 131.944833234631801, 32.845415377995764 ], [ 131.942936060471141, 32.846984398386333 ], [ 131.941970937610165, 32.847361990716692 ], [ 131.941484593190268, 32.847722847670234 ], [ 131.940975138463557, 32.84843352880484 ], [ 131.937863369680969, 32.850188274171188 ], [ 131.936696535976296, 32.850253369128112 ], [ 131.934861211848244, 32.850751446347672 ], [ 131.933280974262544, 32.850975436630407 ], [ 131.931379757505425, 32.850888939378798 ], [ 131.929653931753961, 32.851656588050581 ], [ 131.928403995145771, 32.851654633370018 ], [ 131.927485118252264, 32.851464607112682 ], [ 131.927114518887123, 32.852040709415377 ], [ 131.926918362372703, 32.853785258561601 ], [ 131.923837828739295, 32.855745277885887 ], [ 131.923453274297856, 32.855847459672148 ], [ 131.923159278534797, 32.856937990765459 ], [ 131.922492218733822, 32.857692571101424 ], [ 131.922419620370931, 32.859486017572678 ], [ 131.921963800653145, 32.860478419252942 ], [ 131.921889503185952, 32.861580916427599 ], [ 131.922466120446131, 32.862443760927789 ], [ 131.922299146005116, 32.863388881906268 ], [ 131.922857286904303, 32.864531884385521 ], [ 131.922957344618453, 32.865402761862484 ], [ 131.923952043028834, 32.866809022294774 ], [ 131.924856435295396, 32.867244950763926 ], [ 131.926584588310703, 32.867575453428479 ], [ 131.92779983408866, 32.867516801050527 ], [ 131.928200942007777, 32.867974486543076 ], [ 131.929468243640656, 32.868281248838123 ], [ 131.929259410736847, 32.868797625943309 ], [ 131.930213894774369, 32.870438932151188 ], [ 131.929809521556791, 32.870703864623685 ], [ 131.930755436161519, 32.872543938240725 ], [ 131.930361352868601, 32.872763636415712 ], [ 131.930240791731762, 32.874051611860374 ], [ 131.930022397372198, 32.874676448653176 ], [ 131.930650979659276, 32.875367269817616 ], [ 131.930774480345491, 32.876937962353587 ], [ 131.931086694944355, 32.877599510377479 ], [ 131.931274489393616, 32.878650358239341 ], [ 131.931136088218921, 32.88058103230798 ], [ 131.93132831482265, 32.88072812986487 ], [ 131.932105951448222, 32.880753297288408 ], [ 131.933474330546744, 32.879752996628795 ], [ 131.93423806482312, 32.879846335506961 ], [ 131.93484544311184, 32.879718047748007 ], [ 131.935706540577087, 32.879925425579181 ], [ 131.937336891719099, 32.879583418642738 ], [ 131.938937905024176, 32.880065359015461 ], [ 131.939691624918197, 32.87993743595424 ], [ 131.940466610438762, 32.880021706931032 ], [ 131.941232405977161, 32.881221015261083 ], [ 131.9422554005167, 32.881861704840297 ], [ 131.943253682748917, 32.882137359088624 ], [ 131.943475280478339, 32.882722929492488 ], [ 131.94387270386639, 32.883157559699512 ], [ 131.944916252628218, 32.883030637165582 ], [ 131.946607257978286, 32.883366996542804 ], [ 131.947916810895919, 32.883326525507918 ], [ 131.948574010245807, 32.884161377109201 ], [ 131.949084649029174, 32.884482499496684 ], [ 131.950638069808235, 32.884900222745223 ], [ 131.952361695663313, 32.885774285022599 ], [ 131.953328864977266, 32.885904341627722 ], [ 131.953575955853864, 32.885485789669538 ], [ 131.954138814878348, 32.885074859837154 ], [ 131.954575015183536, 32.8842977672251 ], [ 131.956518845014045, 32.883467871720036 ], [ 131.956626203017862, 32.88299981469531 ], [ 131.957685656171265, 32.882015045524334 ], [ 131.958638894393147, 32.881419298164268 ], [ 131.959222804322479, 32.881316447841918 ], [ 131.95951629226127, 32.880635285159435 ], [ 131.961711357901919, 32.879084073053903 ], [ 131.96344632294705, 32.877532877747271 ], [ 131.965237745102115, 32.876491503939931 ], [ 131.965952987890489, 32.875747360420256 ], [ 131.966383983455302, 32.875944285076194 ], [ 131.967834004799869, 32.876057809934416 ], [ 131.968348966589303, 32.876521059801952 ], [ 131.97044488281378, 32.877350618073521 ], [ 131.971307025102817, 32.877004923381854 ], [ 131.972941455222696, 32.876656739404872 ], [ 131.97387775837484, 32.877092988943666 ], [ 131.975085201138967, 32.87643630718599 ], [ 131.975799006234496, 32.876322713454051 ], [ 131.977881500353618, 32.87641009999286 ], [ 131.978839846186162, 32.875910778904363 ], [ 131.979782848535649, 32.875633770520032 ], [ 131.98110470713317, 32.876676464236787 ], [ 131.981924675047082, 32.876749958333555 ], [ 131.982328818119584, 32.87715781663249 ], [ 131.982616610434434, 32.877204739465732 ], [ 131.984249992482859, 32.876765071335711 ], [ 131.984903524253866, 32.876380516472125 ], [ 131.985814964205645, 32.876294435890024 ], [ 131.986331358620788, 32.876080258474019 ], [ 131.98737368437034, 32.876045778331104 ], [ 131.988431885160821, 32.876276005243263 ], [ 131.990271871540102, 32.877305493982412 ], [ 131.991077965687481, 32.877955746082272 ], [ 131.992107669764209, 32.87935057499854 ], [ 131.994625654534588, 32.88068542691191 ], [ 131.99518072315999, 32.881847609845934 ], [ 131.996834893903952, 32.882967303968456 ], [ 131.997329135317187, 32.884083954394249 ], [ 131.997925772382018, 32.884494731830273 ], [ 131.998780054450577, 32.885998526460391 ], [ 131.99955156329591, 32.886782927644639 ], [ 131.999866119595168, 32.887723990516307 ], [ 132.000546848207819, 32.888348633438312 ], [ 132.001074239953482, 32.887995154497673 ], [ 132.001605269542239, 32.887965719827761 ], [ 132.002038316698673, 32.888340899911135 ], [ 132.003030899964187, 32.888473992647512 ], [ 132.003611379167666, 32.888861415071524 ], [ 132.004034265783332, 32.888948687994798 ], [ 132.005679796446572, 32.890154521196244 ], [ 132.00709829533946, 32.89002640690903 ], [ 132.008370745871076, 32.890790224176556 ], [ 132.009435927856345, 32.890923524715056 ], [ 132.009690536453945, 32.89125729142161 ], [ 132.010223749054404, 32.891507372781277 ] ] ] } },
{ "type": "Feature", "properties": { "CITY_NAME": "佐伯市", "S_NAME": "大字楠本浦", "JINKO": 332, "medical_area": "44_南部医療圏", "町丁目名": "佐伯市大字楠本浦" }, "geometry": { "type": "Polygon", "coordinates": [ [ [ 131.931379757505425, 32.850888939378798 ], [ 131.933280974262544, 32.850975436630407 ], [ 131.934861211848244, 32.850751446347672 ], [ 131.936696535976296, 32.850253369128112 ], [ 131.938027519809793, 32.850123116888568 ], [ 131.940975138463557, 32.84843352880484 ], [ 131.941484593190268, 32.847722847670234 ], [ 131.941970937610165, 32.847361990716692 ], [ 131.942936060471141, 32.846984398386333 ], [ 131.944833234631801, 32.845415377995764 ], [ 131.945666013063203, 32.8441119363845 ], [ 131.948677536162222, 32.843224432615735 ], [ 131.952290460683912, 32.841501328747498 ], [ 131.955235318659163, 32.841691367032332 ], [ 131.956721168518641, 32.842182159528036 ], [ 131.95646514182846, 32.840918985395106 ], [ 131.955154558443439, 32.840521381124269 ], [ 131.954629373391811, 32.840557840640933 ], [ 131.954156483160574, 32.84028641159636 ], [ 131.953443602200764, 32.840344142263653 ], [ 131.953109293276157, 32.839944515140147 ], [ 131.951548669167238, 32.839644375926042 ], [ 131.95121774360797, 32.839255533400362 ], [ 131.950083914563237, 32.838705959902661 ], [ 131.949944424694479, 32.837845867167779 ], [ 131.949405003239747, 32.837444178321363 ], [ 131.948102212775268, 32.837066301827434 ], [ 131.945527566571286, 32.837527586523649 ], [ 131.945095156280843, 32.837347789164035 ], [ 131.94359264837928, 32.837281556282427 ], [ 131.943627973449964, 32.837086522119662 ], [ 131.942386220142055, 32.836828053970684 ], [ 131.945183751939453, 32.836935040699082 ], [ 131.94471649019718, 32.83547775246543 ], [ 131.945498246401513, 32.835259952645558 ], [ 131.944699917461293, 32.835425569606862 ], [ 131.944392922686802, 32.834469347777535 ], [ 131.943425082598111, 32.834655166498351 ], [ 131.943479219524164, 32.834526719877033 ], [ 131.944228484801016, 32.83436958180377 ], [ 131.944829119954761, 32.834006176389529 ], [ 131.945533619817297, 32.8344697684457 ], [ 131.946366558451558, 32.834650137065985 ], [ 131.946142785575461, 32.835410183411824 ], [ 131.946410431224422, 32.834656128658494 ], [ 131.947490084362869, 32.834037487902712 ], [ 131.949160937974597, 32.833867934820212 ], [ 131.949824431514713, 32.833988250582053 ], [ 131.950546302397669, 32.834372336544547 ], [ 131.951298337589463, 32.834484752140433 ], [ 131.952102920516381, 32.835112550990324 ], [ 131.952234406573751, 32.835024089586263 ], [ 131.952185861883692, 32.834578996898173 ], [ 131.952325997529869, 32.834597780456676 ], [ 131.952412175063841, 32.835167914337035 ], [ 131.953003305180488, 32.835112924980088 ], [ 131.953421389232062, 32.835255818610179 ], [ 131.953149361843089, 32.836188491149237 ], [ 131.953407286626941, 32.836540002145028 ], [ 131.953767396669548, 32.836652690191031 ], [ 131.954929424430958, 32.836342653799647 ], [ 131.956037902446923, 32.836324283313687 ], [ 131.956531354942541, 32.836420605553805 ], [ 131.957088669814624, 32.836800485003167 ], [ 131.956072344756592, 32.834394040205687 ], [ 131.956626640183003, 32.832596321948664 ], [ 131.956430723426706, 32.83100491308425 ], [ 131.956101073362987, 32.830172512786469 ], [ 131.955972831029101, 32.828603376486264 ], [ 131.955558692917492, 32.827757378221641 ], [ 131.955737232875123, 32.827092067958965 ], [ 131.955621433041728, 32.826047176949672 ], [ 131.95577523008788, 32.824011447203134 ], [ 131.955287851116651, 32.822946584020194 ], [ 131.955627426730217, 32.821556266960378 ], [ 131.954871739393411, 32.82034242784205 ], [ 131.954928784982854, 32.819988663325923 ], [ 131.955738501514304, 32.819309990118789 ], [ 131.955390198866212, 32.81826570701493 ], [ 131.955776259259039, 32.816839130999583 ], [ 131.954032530825799, 32.813823374211822 ], [ 131.951668333929007, 32.813561842901024 ], [ 131.950520041889348, 32.813036103907471 ], [ 131.947304927401206, 32.812774303316154 ], [ 131.945278181842241, 32.812321291733625 ], [ 131.944788142398977, 32.812060103648321 ], [ 131.943173519401256, 32.812008366712838 ], [ 131.941489289187842, 32.812333515447442 ], [ 131.941063446369498, 32.812661748957417 ], [ 131.941209701735119, 32.813898326151524 ], [ 131.941437948981985, 32.814484191810877 ], [ 131.941216033921393, 32.815204688512026 ], [ 131.939839891357849, 32.816677680055655 ], [ 131.939322681792248, 32.81818176352553 ], [ 131.937248695005707, 32.82088511341766 ], [ 131.933514183573834, 32.821925065255044 ], [ 131.931199027356087, 32.822234186566753 ], [ 131.930296473307379, 32.823496663740819 ], [ 131.9284526324154, 32.825408251733613 ], [ 131.927445980110775, 32.825972234528301 ], [ 131.92449841151614, 32.826014287517523 ], [ 131.923398440254601, 32.82673098702044 ], [ 131.922912077413258, 32.827724089770022 ], [ 131.921839049941241, 32.828654437153993 ], [ 131.921704023731166, 32.829041165687329 ], [ 131.920568956981356, 32.829737154613127 ], [ 131.918498605642213, 32.831421444703473 ], [ 131.920060271494123, 32.835271550599423 ], [ 131.920309756876208, 32.835585826593693 ], [ 131.920102051597866, 32.836210545881748 ], [ 131.919172447144433, 32.836935395176191 ], [ 131.918951357187353, 32.838345926857635 ], [ 131.919544946876869, 32.839312435895827 ], [ 131.919736693134496, 32.84025932210691 ], [ 131.922193345318902, 32.841695266799576 ], [ 131.923922515472867, 32.844766754698227 ], [ 131.925193318063634, 32.845963112674035 ], [ 131.925327907720515, 32.846549160285925 ], [ 131.926717154665653, 32.848837434624834 ], [ 131.927485118252264, 32.851464607112682 ], [ 131.928403995145771, 32.851654633370018 ], [ 131.929653931753961, 32.851656588050581 ], [ 131.931379757505425, 32.850888939378798 ] ] ] } },
{ "type": "Feature", "properties": { "CITY_NAME": "佐伯市", "S_NAME": "大字西野浦", "JINKO": 0, "medical_area": "44_南部医療圏", "町丁目名": "佐伯市大字西野浦" }, "geometry": { "type": "Polygon", "coordinates": [ [ [ 131.983653086523759, 32.811365089040422 ], [ 131.983462677297581, 32.811429702519391 ], [ 131.983380917936046, 32.81166479343544 ], [ 131.98397767493833, 32.811554620636649 ], [ 131.983653086523759, 32.811365089040422 ] ] ] } },
{ "type": "Feature", "properties": { "CITY_NAME": "佐伯市", "S_NAME": "大字西野浦", "JINKO": 655, "medical_area": "44_南部医療圏", "町丁目名": "佐伯市大字西野浦" }, "geometry": { "type": "Polygon", "coordinates": [ [ [ 131.987519907310656, 32.845254484411342 ], [ 131.988383626859985, 32.844829265306004 ], [ 131.989397109214195, 32.844032245786252 ], [ 131.990240668832797, 32.843815473166643 ], [ 131.990297974864802, 32.843685166465065 ], [ 131.990038072400296, 32.84345637535155 ], [ 131.99028638763852, 32.843407530820095 ], [ 131.990485719464715, 32.842983034900655 ], [ 131.99115120442184, 32.842505258986982 ], [ 131.99200081254267, 32.842158590136862 ], [ 131.993794236382456, 32.842058723818653 ], [ 131.993555009054717, 32.841768451166743 ], [ 131.994465174928848, 32.840341888881291 ], [ 131.994729507057713, 32.840196412244403 ], [ 131.994892558816986, 32.840352923840463 ], [ 131.995253155988706, 32.840219309731133 ], [ 131.995298073070785, 32.839936717647241 ], [ 131.996084425447918, 32.839279405653485 ], [ 131.996384241261268, 32.839248174638918 ], [ 131.996342236041016, 32.839125874845358 ], [ 131.996915359867444, 32.839178119958383 ], [ 131.996963659751117, 32.838915331797935 ], [ 131.997743638893922, 32.838264382526368 ], [ 131.998335598867897, 32.838091052190805 ], [ 131.999421039821954, 32.838205937348732 ], [ 132.000554240167446, 32.838583750942171 ], [ 132.001714604685333, 32.83784858502392 ], [ 132.005583594697924, 32.837584064309233 ], [ 132.007148342077016, 32.837201793756854 ], [ 132.008481356512789, 32.836635613567267 ], [ 132.009192489308816, 32.835764225682489 ], [ 132.01054321442632, 32.834782185190043 ], [ 132.01071627728453, 32.834310073165838 ], [ 132.010205703801461, 32.832799272809474 ], [ 132.010243385344097, 32.832545584806425 ], [ 132.009765305564173, 32.831914608425407 ], [ 132.009539900752657, 32.8309669034969 ], [ 132.009143375384724, 32.830470526069831 ], [ 132.008694648389934, 32.829319009764681 ], [ 132.008856156478714, 32.829153585213334 ], [ 132.008537706282368, 32.828380648732256 ], [ 132.008581899308581, 32.827660720361024 ], [ 132.008046941436874, 32.827287186578893 ], [ 132.007861039406322, 32.826716976476668 ], [ 132.006930659883039, 32.826230286656809 ], [ 132.006847664840109, 32.825973059875004 ], [ 132.006643486807661, 32.826142416728452 ], [ 132.006217342465021, 32.826139527858409 ], [ 132.006000189442886, 32.82554161695758 ], [ 132.005347190492529, 32.825212310581335 ], [ 132.005406113476909, 32.824946726169166 ], [ 132.005170571807326, 32.824990987775436 ], [ 132.004670753495532, 32.824318692442283 ], [ 132.004500105595952, 32.824435486487985 ], [ 132.004023863341587, 32.824249934598939 ], [ 132.003785132331188, 32.823630549638189 ], [ 132.002899023343701, 32.823083971403314 ], [ 132.002472017441875, 32.823002635174625 ], [ 132.002280667798289, 32.82260469170285 ], [ 132.001710245942974, 32.822210691540668 ], [ 132.001351402944124, 32.822210844292627 ], [ 131.999828354211218, 32.821622447694665 ], [ 131.999267443389215, 32.821794634631019 ], [ 131.998519634724943, 32.821001666629456 ], [ 131.997281945038537, 32.820718453235365 ], [ 131.996118612406804, 32.82011270605075 ], [ 131.995904212267419, 32.820226224163378 ], [ 131.995172749702135, 32.819945286479687 ], [ 131.994684883589713, 32.820052852870006 ], [ 131.994078341614255, 32.81986378548666 ], [ 131.993454942339525, 32.819215863777615 ], [ 131.992093754123545, 32.819150881982736 ], [ 131.990759138245608, 32.818788105078283 ], [ 131.990044780759348, 32.818308622900631 ], [ 131.989919643457057, 32.817999411839985 ], [ 131.989641801692926, 32.817981755237049 ], [ 131.989076712500008, 32.817480343931983 ], [ 131.988351198257476, 32.817349004998711 ], [ 131.987479291863536, 32.816720152289925 ], [ 131.987256015791559, 32.816808471559341 ], [ 131.986891355269819, 32.816664352454573 ], [ 131.984981657882884, 32.815171681770565 ], [ 131.984105022048141, 32.813623084390215 ], [ 131.984475680898754, 32.81314587288022 ], [ 131.984104510951255, 32.812893588726084 ], [ 131.983828292523413, 32.812346600328809 ], [ 131.982851428820823, 32.811678874095612 ], [ 131.982259064184177, 32.811801634409832 ], [ 131.98202548276069, 32.811436448277135 ], [ 131.981878191431946, 32.8114394141746 ], [ 131.981935412810799, 32.811697755922353 ], [ 131.981755761146644, 32.811472830693511 ], [ 131.981071501125285, 32.811203154141161 ], [ 131.978453602468562, 32.812656988647106 ], [ 131.978149968570307, 32.812964904327622 ], [ 131.97780700230274, 32.813689789489516 ], [ 131.977665034201721, 32.814746432016719 ], [ 131.976867533919261, 32.815454091477051 ], [ 131.976213102602912, 32.816943397046522 ], [ 131.975686338400124, 32.817509722105548 ], [ 131.975355390652169, 32.818636925901416 ], [ 131.974803307116588, 32.8196383007907 ], [ 131.973948506473619, 32.820706677606331 ], [ 131.973036140749059, 32.821400745747674 ], [ 131.97284241545799, 32.822069016390024 ], [ 131.972889031572294, 32.823717405735145 ], [ 131.971245611609049, 32.825094036490292 ], [ 131.97097726851635, 32.825508308743181 ], [ 131.969572122379276, 32.828343926853833 ], [ 131.969380847996007, 32.829242561915748 ], [ 131.968127110463939, 32.831482994775847 ], [ 131.96793277106417, 32.832763517787008 ], [ 131.966938435670272, 32.833765328443604 ], [ 131.966761656814271, 32.834688077964216 ], [ 131.966149883625292, 32.83587484418797 ], [ 131.964886178781938, 32.837206051347906 ], [ 131.965041010914717, 32.838988412657578 ], [ 131.965397249643843, 32.83894147774518 ], [ 131.966977783351268, 32.838124033354099 ], [ 131.966912393087341, 32.837509536162216 ], [ 131.967516397430416, 32.83666173649646 ], [ 131.967413109277459, 32.835806774127157 ], [ 131.967863500391076, 32.835084607458604 ], [ 131.967948130414726, 32.833620410490752 ], [ 131.968681003948433, 32.833148542122991 ], [ 131.96936624988183, 32.833102656009949 ], [ 131.968864588188012, 32.83254023677484 ], [ 131.969060971191851, 32.832135640943726 ], [ 131.969307223161394, 32.832090441948623 ], [ 131.970249797667776, 32.831251727180671 ], [ 131.970140195958294, 32.831093872847283 ], [ 131.970267128335308, 32.830779970036232 ], [ 131.971211526266302, 32.830511130874541 ], [ 131.971588780558989, 32.829943706544633 ], [ 131.972598719766665, 32.830094560920678 ], [ 131.973298820798277, 32.829852882410755 ], [ 131.973107141443478, 32.829214123359975 ], [ 131.973433545561932, 32.828883351368631 ], [ 131.973413854843727, 32.828446153676701 ], [ 131.973297081602311, 32.828419108035469 ], [ 131.973497719030263, 32.827909872931329 ], [ 131.974042071555743, 32.827780325202617 ], [ 131.975064770076699, 32.828033888545335 ], [ 131.97500416672321, 32.828161499385509 ], [ 131.975679534693654, 32.828393397663326 ], [ 131.975943971858811, 32.828938715459749 ], [ 131.976907530497414, 32.829153946999895 ], [ 131.976921551274273, 32.82897079339179 ], [ 131.977725739319368, 32.828482996437309 ], [ 131.977709497166842, 32.828164803034674 ], [ 131.97706437136307, 32.827867744742491 ], [ 131.976770586280651, 32.827370468126716 ], [ 131.977021783378632, 32.826710249682087 ], [ 131.976906134693536, 32.826480310051004 ], [ 131.977636447956485, 32.825784799246797 ], [ 131.977242284046298, 32.825286509477522 ], [ 131.977435028262164, 32.825035235767764 ], [ 131.977888191544821, 32.824877495114997 ], [ 131.979339069206333, 32.825414442456548 ], [ 131.979637463331557, 32.825356213156589 ], [ 131.980884990804611, 32.825958734333902 ], [ 131.981255090824618, 32.82629941661024 ], [ 131.980918844138387, 32.825926010242867 ], [ 131.979974034720641, 32.825469895803323 ], [ 131.980268229618105, 32.824830077875617 ], [ 131.980513851676136, 32.824737985396865 ], [ 131.98092954004062, 32.824853759399176 ], [ 131.980947336035484, 32.825015932813834 ], [ 131.981018583787716, 32.824893641473402 ], [ 131.981907012278214, 32.824978680369938 ], [ 131.982838073894015, 32.825352817274663 ], [ 131.982805656079108, 32.825804855592061 ], [ 131.982298913443685, 32.825656425399472 ], [ 131.981346514909148, 32.825772084208602 ], [ 131.98229404869096, 32.82569973686762 ], [ 131.98287578079416, 32.825869224581858 ], [ 131.98299374441433, 32.826301135234964 ], [ 131.983424896618033, 32.826365388419866 ], [ 131.983997742654282, 32.826985811618201 ], [ 131.984602999356611, 32.827350779368658 ], [ 131.984594233576132, 32.827524873406908 ], [ 131.985620430469965, 32.827995633963667 ], [ 131.98597670183301, 32.828441903705084 ], [ 131.985772026616331, 32.828668949327444 ], [ 131.986479829899821, 32.828744535273096 ], [ 131.986256790973982, 32.828857212272055 ], [ 131.986360520578756, 32.829062880858764 ], [ 131.986229369106695, 32.829177546078562 ], [ 131.986630034499797, 32.830159984243778 ], [ 131.986559865527084, 32.830576236225184 ], [ 131.98721140085334, 32.830095894375262 ], [ 131.986650829345962, 32.830592656171696 ], [ 131.98677639987099, 32.830546580473822 ], [ 131.987151534233476, 32.830862846138366 ], [ 131.987221482218473, 32.831197736465761 ], [ 131.9879516299724, 32.831065739298857 ], [ 131.987977602135999, 32.831098010818693 ], [ 131.987423396258094, 32.831204264532708 ], [ 131.987557629471269, 32.831368232692675 ], [ 131.987083475289637, 32.831666830070517 ], [ 131.987089006426032, 32.832258325706313 ], [ 131.986651370010321, 32.832675673064955 ], [ 131.986052951998886, 32.832647922450306 ], [ 131.985333332003506, 32.832282969437891 ], [ 131.985168871086984, 32.832381639904298 ], [ 131.985146306859548, 32.833044595582678 ], [ 131.985270007307349, 32.83302558866739 ], [ 131.985322817943029, 32.83335791839265 ], [ 131.984824795700575, 32.834013794754021 ], [ 131.983696465158374, 32.83406592112896 ], [ 131.983597920307687, 32.83424073627517 ], [ 131.982598553792485, 32.834464088104482 ], [ 131.982466791106646, 32.834722116616653 ], [ 131.982595185622074, 32.835129589878946 ], [ 131.98296076610373, 32.835449555211163 ], [ 131.983110167569038, 32.835824403711065 ], [ 131.982965295836237, 32.835861608940434 ], [ 131.983011799792223, 32.836106528027692 ], [ 131.983160005838016, 32.836084619112405 ], [ 131.982954638320763, 32.836349547971281 ], [ 131.983263626081964, 32.836469758791999 ], [ 131.983063841431573, 32.836855464118834 ], [ 131.980976240378425, 32.837780782294985 ], [ 131.980581403975634, 32.838598138371879 ], [ 131.979892578036498, 32.838898405772497 ], [ 131.979642115772805, 32.839245721868132 ], [ 131.97952182423262, 32.839180844680882 ], [ 131.979341077847835, 32.839645741550385 ], [ 131.97888397714425, 32.839656531731677 ], [ 131.97874897729244, 32.83922384835175 ], [ 131.978427643948692, 32.839142486756664 ], [ 131.9780373907507, 32.839405242185812 ], [ 131.977545355656275, 32.840219754875662 ], [ 131.975760928098509, 32.840944223165437 ], [ 131.975859524914853, 32.841169791724795 ], [ 131.976269753597848, 32.841374915322234 ], [ 131.977208391044513, 32.841350465569676 ], [ 131.977832509111408, 32.841860493780494 ], [ 131.978214891576215, 32.841571663540812 ], [ 131.978951095546194, 32.841586646439538 ], [ 131.979331172799107, 32.842351977423085 ], [ 131.980182988385423, 32.842301130869721 ], [ 131.980417189554657, 32.84290526649373 ], [ 131.980257834877563, 32.843958862142379 ], [ 131.980401916940593, 32.84414528811994 ], [ 131.980227190872739, 32.84418543675838 ], [ 131.980380349549279, 32.844225715805656 ], [ 131.980248874256375, 32.844602766022156 ], [ 131.979999297604792, 32.844636278681442 ], [ 131.979857317735764, 32.844938575126747 ], [ 131.979406210731923, 32.845011545843754 ], [ 131.978249260065155, 32.844712172339342 ], [ 131.977096768385024, 32.844911427324973 ], [ 131.976712850546789, 32.84477915725072 ], [ 131.976449240314651, 32.844215821435853 ], [ 131.976016734697595, 32.844127218528484 ], [ 131.97602440079541, 32.843950402615661 ], [ 131.975403787689487, 32.843945317095006 ], [ 131.974791840331335, 32.844253061983714 ], [ 131.975148823552274, 32.845152949347117 ], [ 131.975873614846421, 32.845105814546152 ], [ 131.976915435204091, 32.845424142386626 ], [ 131.977923706574586, 32.84551276005763 ], [ 131.979522632143386, 32.845300992077142 ], [ 131.981436012802817, 32.84551507253078 ], [ 131.982691832412797, 32.845278897816463 ], [ 131.984054227675614, 32.845702844584814 ], [ 131.985011811763457, 32.846234575011351 ], [ 131.985942622901547, 32.846366113832929 ], [ 131.986528414860146, 32.846110830044701 ], [ 131.987519907310656, 32.845254484411342 ] ] ] } },
{ "type": "Feature", "properties": { "CITY_NAME": "佐伯市", "S_NAME": "大字西野浦", "JINKO": 0, "medical_area": "44_南部医療圏", "町丁目名": "佐伯市大字西野浦" }, "geometry": { "type": "Polygon", "coordinates": [ [ [ 132.004712920812949, 32.823987426358485 ], [ 132.004611592016516, 32.824192025125996 ], [ 132.004819067933198, 32.824404982769131 ], [ 132.005012196571812, 32.824388096197758 ], [ 132.005039904946671, 32.824195816244028 ], [ 132.004712920812949, 32.823987426358485 ] ] ] } },
{ "type": "Feature", "properties": { "CITY_NAME": "佐伯市", "S_NAME": "大字西野浦", "JINKO": 0, "medical_area": "44_南部医療圏", "町丁目名": "佐伯市大字西野浦" }, "geometry": { "type": "Polygon", "coordinates": [ [ [ 132.000992723148897, 32.82155454877563 ], [ 132.000787146330225, 32.821606682333318 ], [ 132.001312842913819, 32.82191898923822 ], [ 132.000992723148897, 32.82155454877563 ] ] ] } },
{ "type": "Feature", "properties": { "CITY_NAME": "佐伯市", "S_NAME": "大字竹野浦河内", "JINKO": 0, "medical_area": "44_南部医療圏", "町丁目名": "佐伯市大字竹野浦河内" }, "geometry": { "type": "Polygon", "coordinates": [ [ [ 131.963549306361671, 32.793204130164462 ], [ 131.963489765863955, 32.79293495882262 ], [ 131.96318580319587, 32.792662256909864 ], [ 131.962740913826195, 32.793189588511808 ], [ 131.963076233430058, 32.793198744878168 ], [ 131.963165402104408, 32.793345951947501 ], [ 131.963549306361671, 32.793204130164462 ] ] ] } },
{ "type": "Feature", "properties": { "CITY_NAME": "佐伯市", "S_NAME": "大字竹野浦河内", "JINKO": 675, "medical_area": "44_南部医療圏", "町丁目名": "佐伯市大字竹野浦河内" }, "geometry": { "type": "Polygon", "coordinates": [ [ [ 131.966149883625292, 32.83587484418797 ], [ 131.966761656814271, 32.834688077964216 ], [ 131.966938435670272, 32.833765328443604 ], [ 131.96793277106417, 32.832763517787008 ], [ 131.968127110463939, 32.831482994775847 ], [ 131.969380847996007, 32.829242561915748 ], [ 131.969572122379276, 32.828343926853833 ], [ 131.97097726851635, 32.825508308743181 ], [ 131.971245611609049, 32.825094036490292 ], [ 131.972889031572294, 32.823717405735145 ], [ 131.97284241545799, 32.822069016390024 ], [ 131.973036140749059, 32.821400745747674 ], [ 131.973948506473619, 32.820706677606331 ], [ 131.974803307116588, 32.8196383007907 ], [ 131.975355390652169, 32.818636925901416 ], [ 131.975686338400124, 32.817509722105548 ], [ 131.976213102602912, 32.816943397046522 ], [ 131.976867533919261, 32.815454091477051 ], [ 131.977665034201721, 32.814746432016719 ], [ 131.97780700230274, 32.813689789489516 ], [ 131.978149968570335, 32.812964904327622 ], [ 131.978453602468562, 32.812656988647106 ], [ 131.981071501125285, 32.811203154141161 ], [ 131.98117211759407, 32.810830862252914 ], [ 131.980637289071467, 32.810067658422696 ], [ 131.980326080549645, 32.810025003902098 ], [ 131.980140744355992, 32.809577401395778 ], [ 131.9778703194483, 32.809059489853063 ], [ 131.977388655288138, 32.80826431917172 ], [ 131.976381063417591, 32.808396594203749 ], [ 131.97531687580431, 32.808135271962023 ], [ 131.974583235425712, 32.807440326783876 ], [ 131.974501781095114, 32.807122662859783 ], [ 131.974115506900603, 32.807140986093643 ], [ 131.973725884753549, 32.806659795412529 ], [ 131.973456302128199, 32.806615887246906 ], [ 131.973229469478014, 32.806076616406607 ], [ 131.972874853945427, 32.805868379777834 ], [ 131.972430887910718, 32.805206349373663 ], [ 131.971808081939599, 32.803599814832779 ], [ 131.971795902197471, 32.802375333413082 ], [ 131.972202766688781, 32.801894251868447 ], [ 131.972683784935754, 32.801944625319464 ], [ 131.972645819191342, 32.80119646862952 ], [ 131.973116697397984, 32.800705869752662 ], [ 131.973958290964021, 32.800434216174466 ], [ 131.973593995981503, 32.800123248312666 ], [ 131.974211251847578, 32.799548537792326 ], [ 131.975022858404884, 32.799366387535926 ], [ 131.976440691770847, 32.799560957827936 ], [ 131.976500769545424, 32.799195282711835 ], [ 131.976230881334203, 32.79873027290072 ], [ 131.976592678250029, 32.797930308687484 ], [ 131.976830692362313, 32.797927555881444 ], [ 131.976694444871953, 32.797762692979724 ], [ 131.976927180878022, 32.797566105737396 ], [ 131.976152957454872, 32.797256524015417 ], [ 131.976077159057382, 32.79637701272916 ], [ 131.976328038991454, 32.795786212726263 ], [ 131.976762032100027, 32.79563585876965 ], [ 131.976877986193358, 32.795308513442052 ], [ 131.976570330624071, 32.795188274768648 ], [ 131.976199599339253, 32.795365205028979 ], [ 131.975735245739372, 32.794582485178644 ], [ 131.975412484525521, 32.79465262669892 ], [ 131.974843073778345, 32.794415395640229 ], [ 131.974136282802931, 32.793924926560841 ], [ 131.973842112697298, 32.793382552551556 ], [ 131.972972923047706, 32.793364043035673 ], [ 131.971639498635511, 32.791995619596463 ], [ 131.970564063014734, 32.791576509705735 ], [ 131.969820305469938, 32.791605701684951 ], [ 131.969182471389473, 32.791956904925868 ], [ 131.968536888396898, 32.793262207011779 ], [ 131.967963166511169, 32.793720222667943 ], [ 131.966900477330086, 32.793885326056298 ], [ 131.965255527713737, 32.793512934091822 ], [ 131.965109901776941, 32.793868450923476 ], [ 131.964693699439437, 32.793985269717091 ], [ 131.964361694053764, 32.793889527570393 ], [ 131.963288704863885, 32.794283729972548 ], [ 131.963383752715799, 32.794983657411024 ], [ 131.963890649253756, 32.795650671675652 ], [ 131.963887759376775, 32.796870773852483 ], [ 131.964338339716647, 32.798063031476424 ], [ 131.963364966453923, 32.798697231923803 ], [ 131.963502813824135, 32.799399540640977 ], [ 131.963338856657714, 32.799643375665234 ], [ 131.963596223155406, 32.799444808738848 ], [ 131.963467562794449, 32.798805552339843 ], [ 131.964115873825108, 32.798427239898182 ], [ 131.964850629097441, 32.799531642915056 ], [ 131.964777515189837, 32.799984896019957 ], [ 131.965053430459875, 32.800021537430929 ], [ 131.965124842217165, 32.800409657236969 ], [ 131.965298824891278, 32.800206321757479 ], [ 131.965141902317583, 32.800010940682135 ], [ 131.965221873614894, 32.799505343582481 ], [ 131.966325607969111, 32.7997754871284 ], [ 131.966521137368147, 32.8001860736426 ], [ 131.965715965803497, 32.800274351458981 ], [ 131.965683648694863, 32.80034853701946 ], [ 131.965875238236549, 32.800385843615238 ], [ 131.966211384339346, 32.801954996680536 ], [ 131.966353501953023, 32.801968325768591 ], [ 131.965001391272921, 32.803322352103478 ], [ 131.964517578966763, 32.803013174651433 ], [ 131.964905127811505, 32.803306872164072 ], [ 131.964373271941696, 32.803888975738658 ], [ 131.964575985381344, 32.804369844029615 ], [ 131.963341965199334, 32.805492981922455 ], [ 131.962010969342884, 32.806335522896703 ], [ 131.960120618379307, 32.807093051231611 ], [ 131.956576700103909, 32.807903786668319 ], [ 131.956589369729841, 32.807785563943547 ], [ 131.956338152646993, 32.807860520726464 ], [ 131.955842797004749, 32.80747024276716 ], [ 131.955538713611872, 32.807594299538557 ], [ 131.955600466801712, 32.807775975731801 ], [ 131.955383131706299, 32.807820924940586 ], [ 131.95533386012923, 32.808011567484073 ], [ 131.954469989581213, 32.80811012669168 ], [ 131.950881091311942, 32.807804689520758 ], [ 131.948993196562299, 32.807099388716438 ], [ 131.947298887957345, 32.806111234103717 ], [ 131.944788142398977, 32.812060103648321 ], [ 131.945278181842241, 32.812321291733625 ], [ 131.947304927401206, 32.812774303316154 ], [ 131.950520041889348, 32.813036103907471 ], [ 131.951668333929007, 32.813561842901024 ], [ 131.952591769146096, 32.81375582032409 ], [ 131.953896619968305, 32.81374461075248 ], [ 131.954326661514557, 32.814180168317328 ], [ 131.955757953800969, 32.816711038063687 ], [ 131.955759217178354, 32.81714132505433 ], [ 131.955390198866212, 32.81826570701493 ], [ 131.955738501514304, 32.819309990118789 ], [ 131.954928784982854, 32.819988663325923 ], [ 131.954871739393411, 32.82034242784205 ], [ 131.955627426730217, 32.821556266960378 ], [ 131.955287851116651, 32.822946584020194 ], [ 131.95577523008788, 32.824011447203134 ], [ 131.955621433041756, 32.826047176949672 ], [ 131.955737232875123, 32.827092067958965 ], [ 131.955558692917492, 32.827757378221641 ], [ 131.955972831029101, 32.828603376486264 ], [ 131.956101073362987, 32.830172512786469 ], [ 131.956430723426706, 32.83100491308425 ], [ 131.956626640183032, 32.832596321948643 ], [ 131.956072344756592, 32.834394040205687 ], [ 131.957088669814652, 32.836800485003167 ], [ 131.957401936186614, 32.836824245125626 ], [ 131.957677666096401, 32.836639078202872 ], [ 131.957808890472592, 32.836729163790622 ], [ 131.958177150774901, 32.836402620739243 ], [ 131.958054292061775, 32.836298962572045 ], [ 131.95817359809223, 32.835471147511939 ], [ 131.9588544364629, 32.834918591290318 ], [ 131.959239187363153, 32.833944465936952 ], [ 131.959999877292915, 32.833463430526876 ], [ 131.959701790941239, 32.832862449383612 ], [ 131.959629973171815, 32.832141610475738 ], [ 131.960177474252049, 32.831406109293781 ], [ 131.959838796662297, 32.830800932136185 ], [ 131.959684438676788, 32.829253839837044 ], [ 131.959448225836411, 32.828639755656859 ], [ 131.960069975930651, 32.827959592762532 ], [ 131.959926852900651, 32.827257341160809 ], [ 131.960294474532986, 32.826487151439729 ], [ 131.960358414617446, 32.825572304033486 ], [ 131.960658752508465, 32.825102910713397 ], [ 131.960287445793369, 32.823842444407262 ], [ 131.961009862865012, 32.823184935847294 ], [ 131.961197819410899, 32.822786730007977 ], [ 131.961076516905109, 32.82273355881955 ], [ 131.961503627956262, 32.822322700118946 ], [ 131.961367908801549, 32.821222718728876 ], [ 131.961602895781141, 32.821125331253306 ], [ 131.961868211409296, 32.820473146992136 ], [ 131.962021705796644, 32.820548613031946 ], [ 131.96227420854305, 32.82019499545693 ], [ 131.962008542287464, 32.820115884193982 ], [ 131.962661877822711, 32.820199232084661 ], [ 131.962241009697664, 32.820087043436033 ], [ 131.962157384013182, 32.819758553702592 ], [ 131.962307662854698, 32.818937716122626 ], [ 131.962796849057128, 32.818746399730088 ], [ 131.964004973532582, 32.81906802066144 ], [ 131.96520050161007, 32.819613364392573 ], [ 131.965063277071664, 32.820157260491847 ], [ 131.965206322518043, 32.820354536603091 ], [ 131.964954318576218, 32.820552167480614 ], [ 131.963614756005228, 32.820423629113037 ], [ 131.965053443139539, 32.820730849936929 ], [ 131.965400426922628, 32.82161906838882 ], [ 131.965139189476133, 32.822245091987448 ], [ 131.965440757190493, 32.822580911706297 ], [ 131.966292588791759, 32.82264736716769 ], [ 131.967311127078631, 32.821826121472583 ], [ 131.967673144660921, 32.822019005520403 ], [ 131.967806702753592, 32.821932307566883 ], [ 131.967882274448556, 32.822200426861258 ], [ 131.967307822136178, 32.82329596347747 ], [ 131.967242815467699, 32.824198194166279 ], [ 131.966342977612896, 32.824346734917668 ], [ 131.965787447926488, 32.824724346801744 ], [ 131.965981650133898, 32.825006890595645 ], [ 131.966479733126846, 32.825142808592986 ], [ 131.967426039496644, 32.8258343276433 ], [ 131.967360809108726, 32.826522839849495 ], [ 131.966718350820486, 32.827057134525383 ], [ 131.965993279343053, 32.82726652678133 ], [ 131.966073267674062, 32.827851133259202 ], [ 131.965361833492381, 32.828134351229316 ], [ 131.966180593837237, 32.828688000047542 ], [ 131.966242872639384, 32.829316943989483 ], [ 131.966900721868086, 32.829904298012359 ], [ 131.96679766681558, 32.830251368922831 ], [ 131.965882710127829, 32.830682259953434 ], [ 131.967190772762024, 32.831642425341172 ], [ 131.96742505940469, 32.832165440523305 ], [ 131.96735713338461, 32.832798086602033 ], [ 131.967198141996249, 32.833011226249582 ], [ 131.966599712872124, 32.833083482076567 ], [ 131.966263417846363, 32.833591955144321 ], [ 131.96579281246531, 32.833632556474086 ], [ 131.965341248869152, 32.834347520208141 ], [ 131.965557582203616, 32.834993310233649 ], [ 131.964919593425975, 32.835058640166004 ], [ 131.964374395827235, 32.835712096296511 ], [ 131.963472812589316, 32.835902997471571 ], [ 131.963671963122152, 32.836542598727043 ], [ 131.963198742179657, 32.837031385164721 ], [ 131.962638044997135, 32.837239488110129 ], [ 131.962631769820518, 32.837648932026369 ], [ 131.963485917454136, 32.838607229813448 ], [ 131.964231890821452, 32.838942337160255 ], [ 131.965041010914717, 32.838988412657578 ], [ 131.964886178781938, 32.837206051347906 ], [ 131.966149883625292, 32.83587484418797 ] ] ] } },
{ "type": "Feature", "properties": { "CITY_NAME": "佐伯市", "S_NAME": "大字竹野浦河内", "JINKO": 0, "medical_area": "44_南部医療圏", "町丁目名": "佐伯市大字竹野浦河内" }, "geometry": { "type": "Polygon", "coordinates": [ [ [ 131.969416577891508, 32.791195812507894 ], [ 131.969215113586728, 32.790931352191144 ], [ 131.969069595451572, 32.79119489934488 ], [ 131.968886916807065, 32.791185478212491 ], [ 131.969345537702509, 32.791443444292732 ], [ 131.969416577891508, 32.791195812507894 ] ] ] } },
{ "type": "Feature", "properties": { "CITY_NAME": "佐伯市", "S_NAME": "大字竹野浦河内", "JINKO": 0, "medical_area": "44_南部医療圏", "町丁目名": "佐伯市大字竹野浦河内" }, "geometry": { "type": "Polygon", "coordinates": [ [ [ 131.972179211106408, 32.789799277855728 ], [ 131.971923844089815, 32.789977096146785 ], [ 131.972054559729855, 32.790215962863677 ], [ 131.972338945891124, 32.79025162650732 ], [ 131.972430948472237, 32.790068767908394 ], [ 131.972179211106408, 32.789799277855728 ] ] ] } },
{ "type": "Feature", "properties": { "CITY_NAME": "佐伯市", "S_NAME": "大字竹野浦河内", "JINKO": 0, "medical_area": "44_南部医療圏", "町丁目名": "佐伯市大字竹野浦河内" }, "geometry": { "type": "Polygon", "coordinates": [ [ [ 131.972564476379119, 32.789495124035241 ], [ 131.9731222782614, 32.78954218965432 ], [ 131.972962674161124, 32.789200764087042 ], [ 131.972563833900324, 32.789138023105906 ], [ 131.972564476379119, 32.789495124035241 ] ] ] } },
{ "type": "Feature", "properties": { "CITY_NAME": "佐伯市", "S_NAME": "大字竹野浦河内", "JINKO": 0, "medical_area": "44_南部医療圏", "町丁目名": "佐伯市大字竹野浦河内" }, "geometry": { "type": "Polygon", "coordinates": [ [ [ 131.971854970964642, 32.789435682554874 ], [ 131.972498943452308, 32.789550634812244 ], [ 131.972355135176457, 32.789388536095956 ], [ 131.971854970964642, 32.789435682554874 ] ] ] } },
{ "type": "Feature", "properties": { "CITY_NAME": "佐伯市", "S_NAME": "大字竹野浦河内", "JINKO": 0, "medical_area": "44_南部医療圏", "町丁目名": "佐伯市大字竹野浦河内" }, "geometry": { "type": "Polygon", "coordinates": [ [ [ 131.972090687475855, 32.788634014425625 ], [ 131.972000836074187, 32.788417392408199 ], [ 131.971816832229251, 32.788385441544428 ], [ 131.971698544117118, 32.788796652425162 ], [ 131.971942225279349, 32.788817309842386 ], [ 131.972090687475855, 32.788634014425625 ] ] ] } },
{ "type": "Feature", "properties": { "CITY_NAME": "佐伯市", "S_NAME": "大字竹野浦河内", "JINKO": 0, "medical_area": "44_南部医療圏", "町丁目名": "佐伯市大字竹野浦河内" }, "geometry": { "type": "Polygon", "coordinates": [ [ [ 131.972400288819614, 32.78762537602843 ], [ 131.972332377638708, 32.787394036561871 ], [ 131.972236648003985, 32.787334367731894 ], [ 131.972083293858191, 32.787558279621202 ], [ 131.972301936151695, 32.787638642336113 ], [ 131.972254140683759, 32.787859940572929 ], [ 131.972400288819614, 32.78762537602843 ] ] ] } },
{ "type": "Feature", "properties": { "CITY_NAME": "佐伯市", "S_NAME": "大字竹野浦河内", "JINKO": 0, "medical_area": "44_南部医療圏", "町丁目名": "佐伯市大字竹野浦河内" }, "geometry": { "type": "Polygon", "coordinates": [ [ [ 131.981311025576957, 32.809773837052319 ], [ 131.981079375821082, 32.809675560256487 ], [ 131.980686567404717, 32.809791347330652 ], [ 131.981017456011188, 32.810267575076587 ], [ 131.981331741849573, 32.810103722043706 ], [ 131.981311025576957, 32.809773837052319 ] ] ] } },
{ "type": "Feature", "properties": { "CITY_NAME": "佐伯市", "S_NAME": "大字竹野浦河内", "JINKO": 0, "medical_area": "44_南部医療圏", "町丁目名": "佐伯市大字竹野浦河内" }, "geometry": { "type": "Polygon", "coordinates": [ [ [ 131.978362074548045, 32.807936617698161 ], [ 131.978385949470834, 32.808167269730518 ], [ 131.978703670305663, 32.808218894579625 ], [ 131.978607478879695, 32.808019468967508 ], [ 131.978362074548045, 32.807936617698161 ] ] ] } },
{ "type": "Feature", "properties": { "CITY_NAME": "佐伯市", "S_NAME": "大字重岡", "JINKO": 361, "medical_area": "44_南部医療圏", "町丁目名": "佐伯市大字重岡" }, "geometry": { "type": "Polygon", "coordinates": [ [ [ 131.673141794377727, 32.849368109218283 ], [ 131.675278001530046, 32.849454616773961 ], [ 131.677729520702712, 32.848703276187102 ], [ 131.677187259088242, 32.847490281631245 ], [ 131.677213603209481, 32.846076759153377 ], [ 131.679350582393226, 32.845616357965369 ], [ 131.680228979653833, 32.845632043603338 ], [ 131.680770751619377, 32.844547387161462 ], [ 131.681611201187224, 32.843654631251937 ], [ 131.684028512215377, 32.842431708584151 ], [ 131.683288532668485, 32.842211145807894 ], [ 131.682096120606474, 32.841380487563995 ], [ 131.680204077203399, 32.840859896907972 ], [ 131.679832994029994, 32.840601575141591 ], [ 131.680357468031247, 32.838750877129492 ], [ 131.680186390541223, 32.838136716605824 ], [ 131.679516552228847, 32.837114668920151 ], [ 131.678785557803053, 32.837014498901773 ], [ 131.677634180325299, 32.836413397878431 ], [ 131.675298462282569, 32.835597409625194 ], [ 131.675578210061502, 32.835192445434501 ], [ 131.677724618043499, 32.834100675185198 ], [ 131.678896844181196, 32.833051023105092 ], [ 131.679698472011268, 32.831964320115098 ], [ 131.680293208689079, 32.830377683168386 ], [ 131.681466292342265, 32.829790004395207 ], [ 131.682691576551065, 32.827965658198089 ], [ 131.683320558986537, 32.827506725989558 ], [ 131.683577362711873, 32.826793865783173 ], [ 131.683937619287121, 32.824481811705319 ], [ 131.683664024448575, 32.822327237135156 ], [ 131.68362433501116, 32.820197542281512 ], [ 131.684011221502885, 32.819826562302708 ], [ 131.68431657043169, 32.818989966327152 ], [ 131.684345902953709, 32.817252365561167 ], [ 131.684683849252821, 32.817094997668669 ], [ 131.685897346511723, 32.817184803287027 ], [ 131.686072840716065, 32.816673153606487 ], [ 131.687065596169873, 32.816179948520656 ], [ 131.687446990072658, 32.815435329598849 ], [ 131.687612577182421, 32.814092782317637 ], [ 131.687787996091942, 32.814029012687172 ], [ 131.68948682368864, 32.814105329381775 ], [ 131.690744465072214, 32.813558893197481 ], [ 131.691062527265615, 32.813562867114904 ], [ 131.691741137207174, 32.81382746460676 ], [ 131.694060858528502, 32.814137211270221 ], [ 131.695175297051719, 32.81475334939055 ], [ 131.696080686697485, 32.814594183698652 ], [ 131.697074829130486, 32.814968334658005 ], [ 131.697833075395522, 32.815021207996367 ], [ 131.698392362513459, 32.813671947519424 ], [ 131.699235443695216, 32.812225358817535 ], [ 131.699701946876246, 32.809557291222781 ], [ 131.699961395619397, 32.808885668555149 ], [ 131.700456495750359, 32.808339667945937 ], [ 131.701358057305271, 32.808222932559531 ], [ 131.702442854828973, 32.804627361930869 ], [ 131.702027803909544, 32.803868114509285 ], [ 131.700701536099416, 32.802753514657013 ], [ 131.700311636196403, 32.802136283284199 ], [ 131.700153242541688, 32.80111669746659 ], [ 131.700636006795065, 32.796504025253576 ], [ 131.703488569470494, 32.795141408698029 ], [ 131.704812999174123, 32.794268473528497 ], [ 131.707049300578717, 32.793530155606035 ], [ 131.707838974219612, 32.792703201308107 ], [ 131.708779524548817, 32.79041582702731 ], [ 131.712595982720813, 32.787762724323294 ], [ 131.715051389414157, 32.785471813139175 ], [ 131.715681125185284, 32.783887516966587 ], [ 131.715502741862764, 32.782171984361526 ], [ 131.715060260191819, 32.781321982268132 ], [ 131.715406719556427, 32.780076751429092 ], [ 131.7145624083104, 32.778970966789593 ], [ 131.714685757507596, 32.77845101664267 ], [ 131.714414238612022, 32.778087923315063 ], [ 131.714096218131147, 32.777009445117152 ], [ 131.71341667738858, 32.776074069207084 ], [ 131.713421065009953, 32.775538078565354 ], [ 131.712984960231978, 32.77455010522344 ], [ 131.712606290051639, 32.774091519166021 ], [ 131.712367623705319, 32.773338540797141 ], [ 131.711923148920192, 32.77285628261793 ], [ 131.711126817504777, 32.772473175413531 ], [ 131.710950032543963, 32.772033276094348 ], [ 131.710156955352318, 32.772057591651503 ], [ 131.709395643481145, 32.771726512061029 ], [ 131.708111744736811, 32.771659587165722 ], [ 131.707888258090151, 32.771575179184637 ], [ 131.707720631331483, 32.771194777306462 ], [ 131.707451640951462, 32.771292421571765 ], [ 131.706706905303179, 32.771178556060853 ], [ 131.705354438602456, 32.771677190766127 ], [ 131.704633309007306, 32.772662247292253 ], [ 131.70302839116934, 32.772547947513559 ], [ 131.701986001908892, 32.772981083946611 ], [ 131.699739409479662, 32.772624808642114 ], [ 131.698120136481066, 32.773200064542429 ], [ 131.696605777425589, 32.774211426437759 ], [ 131.695588537728639, 32.774385251687107 ], [ 131.694760202781026, 32.774342821673208 ], [ 131.694069575640214, 32.774180513937736 ], [ 131.692309038085767, 32.772192635055447 ], [ 131.691254354426661, 32.771680212570644 ], [ 131.690273701559249, 32.771778584112113 ], [ 131.689121045574126, 32.771405640069368 ], [ 131.687244305826027, 32.771337530437464 ], [ 131.686523084389364, 32.771133031873454 ], [ 131.68606405593107, 32.771229037731622 ], [ 131.685193581620752, 32.770851379570097 ], [ 131.684288342430193, 32.770780044924685 ], [ 131.683605409279068, 32.770483899531001 ], [ 131.683155409041234, 32.770065309105291 ], [ 131.681432611651587, 32.769974865969147 ], [ 131.681023291620789, 32.770181866946061 ], [ 131.680140562981165, 32.769818523488162 ], [ 131.679708457265122, 32.77018801286976 ], [ 131.678338102621211, 32.769272672520827 ], [ 131.676825035574723, 32.768744697212739 ], [ 131.676161555542137, 32.768313006017799 ], [ 131.675255350726019, 32.768352376492366 ], [ 131.674789480620518, 32.768138117724646 ], [ 131.673620372265617, 32.768051494328255 ], [ 131.672576061437695, 32.768260562656472 ], [ 131.671894586434945, 32.767935102213087 ], [ 131.671033957573798, 32.767898125371957 ], [ 131.6706455295691, 32.768223130055013 ], [ 131.669341099824862, 32.768399952735678 ], [ 131.669096132888029, 32.768011103450164 ], [ 131.669283897336555, 32.767473092261561 ], [ 131.669105007458711, 32.767234303148669 ], [ 131.669113800599149, 32.766865324088279 ], [ 131.668824490426601, 32.766573159047638 ], [ 131.666600049380065, 32.766891988034722 ], [ 131.666045250180474, 32.766828587802131 ], [ 131.665560562948144, 32.767178833083562 ], [ 131.665390013873235, 32.767780451127848 ], [ 131.664794680989587, 32.768041949100763 ], [ 131.664002874868316, 32.767958536096579 ], [ 131.663365187040256, 32.768311360270587 ], [ 131.66240692461173, 32.768106763200741 ], [ 131.66203978847264, 32.768484693575829 ], [ 131.661309103008989, 32.768728289127623 ], [ 131.66109922996722, 32.768971813895156 ], [ 131.660088841217487, 32.769087721395181 ], [ 131.65936589634552, 32.76939409046394 ], [ 131.658508823161412, 32.769270303821934 ], [ 131.65716257948867, 32.769459619695382 ], [ 131.656693361371708, 32.769924757477852 ], [ 131.65554537596168, 32.770288178812919 ], [ 131.654742361813305, 32.770111013869801 ], [ 131.653799974217975, 32.770357455613116 ], [ 131.652700357671648, 32.770318058645536 ], [ 131.652401533427081, 32.770872568364069 ], [ 131.651798006205411, 32.771174737704762 ], [ 131.651169180122196, 32.771019628813853 ], [ 131.649957083733938, 32.771079896953417 ], [ 131.648241511502931, 32.771650551577046 ], [ 131.645247676264376, 32.771396138500634 ], [ 131.644479375458133, 32.771089533997355 ], [ 131.641333134338936, 32.770627024746098 ], [ 131.6407074891099, 32.770332068635959 ], [ 131.637600203965007, 32.770621242958477 ], [ 131.636446059264472, 32.77101990989604 ], [ 131.635957922304982, 32.771346173258756 ], [ 131.63539777011826, 32.771418894257209 ], [ 131.634947640622272, 32.776551110961897 ], [ 131.634682736014753, 32.777663265747513 ], [ 131.634352649453803, 32.778351616128077 ], [ 131.632970270805572, 32.779784468407293 ], [ 131.63174358492347, 32.781588134952912 ], [ 131.631575717118437, 32.782211021024146 ], [ 131.631646188069311, 32.783386108512069 ], [ 131.631468139883651, 32.783920190024602 ], [ 131.631148013996295, 32.784673102817763 ], [ 131.630257156449005, 32.7859297747463 ], [ 131.631840863261573, 32.788591853582474 ], [ 131.632163538833424, 32.789559704167992 ], [ 131.632484922927631, 32.79102442056201 ], [ 131.632667841659469, 32.793208871060273 ], [ 131.633164475459353, 32.795084737556543 ], [ 131.633798071885309, 32.796022724019387 ], [ 131.634625919382643, 32.796672947043589 ], [ 131.635668315336119, 32.79720491444413 ], [ 131.635436521768412, 32.802994629335998 ], [ 131.634412079766975, 32.807705702466315 ], [ 131.632584534692199, 32.807852256256034 ], [ 131.631896802802061, 32.808073858042242 ], [ 131.630703432379562, 32.809231083807596 ], [ 131.629971161846896, 32.810612206414291 ], [ 131.629641711959238, 32.811413649567712 ], [ 131.629587518964854, 32.812557080690922 ], [ 131.629918798487552, 32.814054045483928 ], [ 131.625852565325175, 32.815160998808842 ], [ 131.625723901092186, 32.815929110999654 ], [ 131.626062840308379, 32.816476789667014 ], [ 131.627332458685402, 32.817294493973044 ], [ 131.628037127235388, 32.818106930195185 ], [ 131.629031737855115, 32.819980260927181 ], [ 131.629310997963984, 32.820205081861715 ], [ 131.633094411054344, 32.821054518863527 ], [ 131.633594772518933, 32.821399374666491 ], [ 131.634528847406614, 32.822812481034561 ], [ 131.635251063510623, 32.823382427721967 ], [ 131.635779728858154, 32.823662506930461 ], [ 131.637578277240578, 32.824101749093337 ], [ 131.637867299002323, 32.824350719011569 ], [ 131.637355621226874, 32.825779210175007 ], [ 131.636112973574143, 32.826084446081232 ], [ 131.635292692541839, 32.826541008872816 ], [ 131.635029043841911, 32.827172482814767 ], [ 131.635099412775418, 32.828981765696277 ], [ 131.634648628587712, 32.831577338768952 ], [ 131.634730288488157, 32.83228785395508 ], [ 131.635176777775342, 32.833125781711637 ], [ 131.635967223684872, 32.833848853702804 ], [ 131.636772945491913, 32.835371662555914 ], [ 131.636887893970197, 32.83590853621439 ], [ 131.638933994050149, 32.836236767704129 ], [ 131.640701261326456, 32.836891120310632 ], [ 131.642600991918812, 32.838519785233338 ], [ 131.642982231176831, 32.839212641586847 ], [ 131.64335735482976, 32.839525247628607 ], [ 131.644212918276196, 32.839715298780007 ], [ 131.64477525623343, 32.83966664843372 ], [ 131.645451019853681, 32.839365811492804 ], [ 131.645927689061693, 32.838722863434725 ], [ 131.649454065782038, 32.840469564660808 ], [ 131.650605198769199, 32.841323025748068 ], [ 131.653401668169124, 32.842138382136632 ], [ 131.65673462383586, 32.843529704942604 ], [ 131.658461722989841, 32.845080030901435 ], [ 131.65903388969511, 32.846225887228648 ], [ 131.659344965634659, 32.84639312192332 ], [ 131.659401904373169, 32.84813323292925 ], [ 131.659682470426361, 32.848689360006084 ], [ 131.660835515248891, 32.850200652863215 ], [ 131.662528014774722, 32.851524310563633 ], [ 131.66373074392115, 32.851604731712932 ], [ 131.667277165504743, 32.852738302559338 ], [ 131.668510881092914, 32.852684424381799 ], [ 131.673141794377727, 32.849368109218283 ] ] ] } },
{ "type": "Feature", "properties": { "CITY_NAME": "佐伯市", "S_NAME": "大字大平", "JINKO": 190, "medical_area": "44_南部医療圏", "町丁目名": "佐伯市大字大平" }, "geometry": { "type": "Polygon", "coordinates": [ [ [ 131.720344069686433, 32.85775310484366 ], [ 131.720758535478524, 32.857126325487201 ], [ 131.721354637260418, 32.856645502720539 ], [ 131.723012006535726, 32.856933846775526 ], [ 131.72383765108367, 32.856227942908248 ], [ 131.7241158341171, 32.85573072746115 ], [ 131.724145881099304, 32.855246648700223 ], [ 131.723431439226601, 32.853685880897011 ], [ 131.723313948993649, 32.851557125132331 ], [ 131.722744961879698, 32.850618619374984 ], [ 131.722747221377375, 32.850134705254071 ], [ 131.722338164980556, 32.849711707250101 ], [ 131.722315755690516, 32.849407440317115 ], [ 131.722722610315543, 32.848785276164662 ], [ 131.722795386732827, 32.848186913747575 ], [ 131.723098193825393, 32.847785803073513 ], [ 131.723184652279883, 32.847372697374588 ], [ 131.723454346328737, 32.847180659858175 ], [ 131.723136859942514, 32.846850798977357 ], [ 131.7230625449169, 32.846393022762442 ], [ 131.723822078550882, 32.845543587229692 ], [ 131.724270659339624, 32.844512790147853 ], [ 131.724354999775045, 32.844055573511476 ], [ 131.724153542055177, 32.843625020798818 ], [ 131.725695919631136, 32.841672214657635 ], [ 131.726196832058406, 32.840759526294086 ], [ 131.726394125285282, 32.839939058101152 ], [ 131.726365819802709, 32.839136808333819 ], [ 131.727544188840255, 32.837148580263609 ], [ 131.72766814210047, 32.836629340635952 ], [ 131.728551172161275, 32.835865170637646 ], [ 131.729843911101682, 32.836150345418126 ], [ 131.730235556586564, 32.8358553315243 ], [ 131.730521746349751, 32.835880147073937 ], [ 131.731049679043451, 32.836361724315708 ], [ 131.731670270396222, 32.836438262500444 ], [ 131.732536604432596, 32.836298587207956 ], [ 131.733346579586168, 32.835870933877452 ], [ 131.734813511307095, 32.835498977433105 ], [ 131.73592606846222, 32.834658407105991 ], [ 131.73642235112078, 32.833739082843557 ], [ 131.737258889229281, 32.833361265879567 ], [ 131.737504063240408, 32.832967817006583 ], [ 131.736982197074326, 32.832272193931828 ], [ 131.735848880407104, 32.831327875382271 ], [ 131.735412176924001, 32.829834996454707 ], [ 131.736467994382878, 32.828852945606833 ], [ 131.736594535453037, 32.828433248518927 ], [ 131.736737067451912, 32.82589568764552 ], [ 131.736205819969143, 32.824237597542421 ], [ 131.736172842620135, 32.823243156848683 ], [ 131.736457768029226, 32.821753728132201 ], [ 131.736077470342792, 32.821136388913025 ], [ 131.735612627634822, 32.820778663225276 ], [ 131.734605009623749, 32.817508160577894 ], [ 131.733005230089958, 32.817220854581159 ], [ 131.732789787497637, 32.816761368936014 ], [ 131.73208422731355, 32.816643273155968 ], [ 131.731182812760608, 32.815745859778175 ], [ 131.731626477015965, 32.815029680030626 ], [ 131.731629387713724, 32.814172940412952 ], [ 131.731438016753799, 32.813492866406335 ], [ 131.731001172485264, 32.812757814330723 ], [ 131.730884991507168, 32.812028194227693 ], [ 131.730329405174956, 32.811318890042784 ], [ 131.730376225286506, 32.810830698582947 ], [ 131.730107524010208, 32.810526135097426 ], [ 131.730454620324309, 32.809520073990903 ], [ 131.730223636529473, 32.808981265684118 ], [ 131.730167431775044, 32.808309778930592 ], [ 131.729487311389363, 32.807046419750257 ], [ 131.72951635889055, 32.80651655467053 ], [ 131.729318473074812, 32.80608619053698 ], [ 131.729373703534861, 32.804808092055801 ], [ 131.730343486247364, 32.803185097362686 ], [ 131.729882586726006, 32.801932019807779 ], [ 131.729777592387109, 32.80090671425917 ], [ 131.729515642285435, 32.800670039145004 ], [ 131.72975775806907, 32.800145233137798 ], [ 131.729016359560717, 32.799870595051047 ], [ 131.729014670164105, 32.798603344287486 ], [ 131.728400297036416, 32.797957098924925 ], [ 131.728674487890459, 32.797417455543268 ], [ 131.727464817044932, 32.796792408412884 ], [ 131.726582958378231, 32.796585430105381 ], [ 131.72600807465318, 32.795764445993285 ], [ 131.72549303482171, 32.795613842186668 ], [ 131.72524182667928, 32.795319633321057 ], [ 131.724516689732866, 32.795355167374346 ], [ 131.724381247747004, 32.794679993063127 ], [ 131.723601296698661, 32.793912429002155 ], [ 131.721419548389349, 32.793079803515077 ], [ 131.720580132769896, 32.791689909092852 ], [ 131.719843213848009, 32.791337879736105 ], [ 131.719457509408983, 32.791396502633418 ], [ 131.718325971396865, 32.790771972982938 ], [ 131.717653639484183, 32.78998597668506 ], [ 131.717567076783325, 32.789220670954428 ], [ 131.716185555418235, 32.788130527462855 ], [ 131.715855461070504, 32.787415706104504 ], [ 131.715216209564431, 32.786879204104736 ], [ 131.715425130190368, 32.786077724756971 ], [ 131.715051389414157, 32.785471813139175 ], [ 131.712595982720813, 32.787762724323294 ], [ 131.708779524548817, 32.79041582702731 ], [ 131.707838974219612, 32.792703201308107 ], [ 131.707049300578717, 32.793530155606035 ], [ 131.704812999174123, 32.794268473528497 ], [ 131.703488569470494, 32.795141408698029 ], [ 131.700636006795065, 32.796504025253576 ], [ 131.700153242541688, 32.80111669746659 ], [ 131.700311636196403, 32.802136283284199 ], [ 131.700701536099416, 32.802753514657013 ], [ 131.702027803909544, 32.803868114509285 ], [ 131.702442854828973, 32.804627361930869 ], [ 131.701358057305271, 32.808222932559531 ], [ 131.700456495750359, 32.808339667945937 ], [ 131.699961395619397, 32.808885668555149 ], [ 131.699701946876246, 32.809557291222781 ], [ 131.699235443695216, 32.812225358817535 ], [ 131.698392362513459, 32.813671947519424 ], [ 131.697833075395522, 32.815021207996367 ], [ 131.697074829130486, 32.814968334658005 ], [ 131.696080686697485, 32.814594183698652 ], [ 131.695175297051719, 32.81475334939055 ], [ 131.694060858528502, 32.814137211270221 ], [ 131.691741137207174, 32.81382746460676 ], [ 131.691062527265615, 32.813562867114904 ], [ 131.690744465072214, 32.813558893197481 ], [ 131.68948682368864, 32.814105329381775 ], [ 131.687612577182421, 32.814092782317637 ], [ 131.687446990072658, 32.815435329598849 ], [ 131.687065596169873, 32.816179948520656 ], [ 131.686072840716065, 32.816673153606487 ], [ 131.685897346511723, 32.817184803287027 ], [ 131.684683849252821, 32.817094997668669 ], [ 131.684345902953709, 32.817252365561167 ], [ 131.68431657043169, 32.818989966327152 ], [ 131.684011221502885, 32.819826562302708 ], [ 131.68362433501116, 32.820197542281512 ], [ 131.683664024448575, 32.822327237135156 ], [ 131.683937619287121, 32.824481811705319 ], [ 131.683577362711873, 32.826793865783173 ], [ 131.683320558986537, 32.827506725989558 ], [ 131.682691576551065, 32.827965658198089 ], [ 131.681466292342265, 32.829790004395207 ], [ 131.680293208689079, 32.830377683168386 ], [ 131.679698472011268, 32.831964320115098 ], [ 131.678896844181196, 32.833051023105092 ], [ 131.677724618043499, 32.834100675185198 ], [ 131.675578210061502, 32.835192445434501 ], [ 131.675298462282569, 32.835597409625194 ], [ 131.677634180325299, 32.836413397878431 ], [ 131.678785557803053, 32.837014498901773 ], [ 131.679516552228847, 32.837114668920151 ], [ 131.680186390541223, 32.838136716605824 ], [ 131.680357468031247, 32.838750877129492 ], [ 131.679832994029994, 32.840601575141591 ], [ 131.680204077203399, 32.840859896907972 ], [ 131.682096120606474, 32.841380487563995 ], [ 131.683555801947847, 32.842342400987889 ], [ 131.686037227496058, 32.842379896365664 ], [ 131.687606467310388, 32.841840445168387 ], [ 131.688937091353239, 32.841696384861329 ], [ 131.689462465662416, 32.841801940515232 ], [ 131.69051336949093, 32.842362284803826 ], [ 131.691614256829126, 32.843436793073671 ], [ 131.692017396655899, 32.843087161228198 ], [ 131.692558521518407, 32.841806590016787 ], [ 131.692814532842675, 32.841657671568356 ], [ 131.693878974443578, 32.841643124314281 ], [ 131.694982054405813, 32.841307311582696 ], [ 131.697406641024429, 32.840946821627277 ], [ 131.700028712703585, 32.84019039424026 ], [ 131.70385425865345, 32.84174151377772 ], [ 131.70470813128037, 32.842413436890169 ], [ 131.705855639882657, 32.84379514982416 ], [ 131.707165679103184, 32.847000898932656 ], [ 131.70800820635327, 32.849875020168945 ], [ 131.707702952763213, 32.850513466331165 ], [ 131.706915612607929, 32.851099951070523 ], [ 131.708611163616212, 32.852906763816335 ], [ 131.710255970701837, 32.855315388168172 ], [ 131.712415042448214, 32.856560946930756 ], [ 131.712716405581745, 32.857141066269207 ], [ 131.713884622716904, 32.857022557525042 ], [ 131.714739712010726, 32.856514281938686 ], [ 131.715183744155723, 32.856875966023352 ], [ 131.715439756917533, 32.857450765281385 ], [ 131.71577447572821, 32.857649178354791 ], [ 131.716249880837893, 32.857685493688841 ], [ 131.71745307862318, 32.857120568298548 ], [ 131.718278118131877, 32.857486579124071 ], [ 131.718749367140759, 32.857400625491145 ], [ 131.719062581589156, 32.857601761033258 ], [ 131.719617191096859, 32.857512719547287 ], [ 131.720344069686433, 32.85775310484366 ] ] ] } },
{ "type": "Feature", "properties": { "CITY_NAME": "佐伯市", "S_NAME": "大字塩見園", "JINKO": 180, "medical_area": "44_南部医療圏", "町丁目名": "佐伯市大字塩見園" }, "geometry": { "type": "Polygon", "coordinates": [ [ [ 131.708622101841627, 32.87358195043025 ], [ 131.708974404517846, 32.873066134841977 ], [ 131.709905812107962, 32.872442960076377 ], [ 131.711510257271811, 32.871860197478377 ], [ 131.712672084253541, 32.871689706504711 ], [ 131.713071293282496, 32.871259459304518 ], [ 131.713085518159431, 32.870144571135334 ], [ 131.712568564134472, 32.869742955566984 ], [ 131.711877301838314, 32.868555320810337 ], [ 131.709481858811984, 32.867614090296122 ], [ 131.708812179218597, 32.867591874130859 ], [ 131.70838505566104, 32.86683850576506 ], [ 131.708544206438319, 32.865895808619769 ], [ 131.708438923276731, 32.865461925403423 ], [ 131.709361560984632, 32.86528888806297 ], [ 131.710064462914744, 32.864840016954872 ], [ 131.710987841725483, 32.864949254292206 ], [ 131.711052374575047, 32.864530022563656 ], [ 131.710848442357133, 32.863711656453077 ], [ 131.711770755280156, 32.862734700080544 ], [ 131.710908735599816, 32.860828688049637 ], [ 131.711571163388754, 32.85897129545949 ], [ 131.71204327726366, 32.85841577547226 ], [ 131.71232596294567, 32.857501007950574 ], [ 131.712716405581745, 32.857141066269207 ], [ 131.712415042448214, 32.856560946930756 ], [ 131.710255970701837, 32.855315388168172 ], [ 131.708611163616212, 32.852906763816335 ], [ 131.706915612607929, 32.851099951070523 ], [ 131.707702952763213, 32.850513466331165 ], [ 131.70800820635327, 32.849875020168945 ], [ 131.706252185165511, 32.844517347222016 ], [ 131.705507530278368, 32.843350284536825 ], [ 131.704335186212944, 32.84207716360018 ], [ 131.70385425865345, 32.84174151377772 ], [ 131.700028712703585, 32.84019039424026 ], [ 131.697406641024429, 32.840946821627277 ], [ 131.694982054405813, 32.841307311582696 ], [ 131.693878974443578, 32.841643124314281 ], [ 131.692814532842675, 32.841657671568356 ], [ 131.692558521518407, 32.841806590016787 ], [ 131.692017396655899, 32.843087161228198 ], [ 131.691614256829126, 32.843436793073671 ], [ 131.690885828605388, 32.842642213618291 ], [ 131.690017394400371, 32.842065687265254 ], [ 131.689462465662416, 32.841801940515232 ], [ 131.688271097287441, 32.841704090309797 ], [ 131.686037227496058, 32.842379896365664 ], [ 131.684028512215377, 32.842431708584151 ], [ 131.681611201187224, 32.843654631251937 ], [ 131.680770751619377, 32.844547387161462 ], [ 131.680228979653833, 32.845632043603338 ], [ 131.679350582393226, 32.845616357965369 ], [ 131.677213603209481, 32.846076759153377 ], [ 131.677187259088242, 32.847490281631245 ], [ 131.677729520702712, 32.848703276187102 ], [ 131.678517606005926, 32.849587975547763 ], [ 131.678869779718013, 32.849698473187637 ], [ 131.68037719402102, 32.849588111306296 ], [ 131.681316100831708, 32.850786164864658 ], [ 131.682184335572884, 32.851448168220465 ], [ 131.685189319682593, 32.853083219323388 ], [ 131.685439235142951, 32.853542634379131 ], [ 131.684896950696611, 32.855470098138582 ], [ 131.684986364422599, 32.855957505509267 ], [ 131.685398453876047, 32.856605783847144 ], [ 131.686408474779313, 32.856997802457172 ], [ 131.688801281768434, 32.856850437681345 ], [ 131.687885765766481, 32.860328170820836 ], [ 131.687955182902499, 32.860996388662478 ], [ 131.688268429914814, 32.861328970802752 ], [ 131.689401895164764, 32.861742859793566 ], [ 131.690730015563219, 32.861690358004672 ], [ 131.691508839512835, 32.861961621744967 ], [ 131.691965293657404, 32.862799376040364 ], [ 131.692887087700996, 32.863539663297452 ], [ 131.693428589393278, 32.864286568963699 ], [ 131.694642407550418, 32.866759977300063 ], [ 131.694648520119699, 32.867545999650162 ], [ 131.696473789232357, 32.868723960027744 ], [ 131.696704367084322, 32.869436448493772 ], [ 131.696621785384735, 32.870525644909875 ], [ 131.696849197393647, 32.870831558809307 ], [ 131.697743787571596, 32.871504215253289 ], [ 131.699012423573549, 32.872057311002457 ], [ 131.70119683744926, 32.872555572063533 ], [ 131.702665108268775, 32.872592502458531 ], [ 131.704034889129758, 32.873479062922691 ], [ 131.7043116648573, 32.873365639474578 ], [ 131.705059519566333, 32.873905171147427 ], [ 131.706170756889719, 32.873573696811071 ], [ 131.708106325448881, 32.873907479998067 ], [ 131.708622101841627, 32.87358195043025 ] ] ] } },
{ "type": "Feature", "properties": { "CITY_NAME": "佐伯市", "S_NAME": "大字河内", "JINKO": 84, "medical_area": "44_南部医療圏", "町丁目名": "佐伯市大字河内" }, "geometry": { "type": "Polygon", "coordinates": [ [ [ 131.703025638657124, 32.883125528226145 ], [ 131.703389689577051, 32.883106881512013 ], [ 131.703804863457691, 32.88332455142973 ], [ 131.705140195531783, 32.882872852718897 ], [ 131.70508929847432, 32.882169090295214 ], [ 131.70554669017497, 32.881094651245022 ], [ 131.705309770212864, 32.880781182736662 ], [ 131.705330891096679, 32.880527408362092 ], [ 131.707150478031934, 32.87884949106077 ], [ 131.707481008244798, 32.878121767957879 ], [ 131.708273064790859, 32.877426547717597 ], [ 131.707901223820528, 32.877228327510245 ], [ 131.707384978236234, 32.87651710206093 ], [ 131.706231980395529, 32.875467346107314 ], [ 131.705488604024964, 32.875497553251805 ], [ 131.704580079776065, 32.875124144054112 ], [ 131.704216041631298, 32.874536920897022 ], [ 131.704034889129758, 32.873479062922691 ], [ 131.70337547194822, 32.872995097525212 ], [ 131.702665108268775, 32.872592502458531 ], [ 131.70119683744926, 32.872555572063533 ], [ 131.699012423573549, 32.872057311002457 ], [ 131.697743787571596, 32.871504215253289 ], [ 131.696849197393647, 32.870831558809307 ], [ 131.696621785384735, 32.870525644909875 ], [ 131.696704367084322, 32.869436448493772 ], [ 131.696473789232357, 32.868723960027744 ], [ 131.694648520119699, 32.867545999650162 ], [ 131.694642407550418, 32.866759977300063 ], [ 131.693428589393278, 32.864286568963699 ], [ 131.692887087700996, 32.863539663297452 ], [ 131.691965293657404, 32.862799376040364 ], [ 131.691508839512835, 32.861961621744967 ], [ 131.690730015563219, 32.861690358004672 ], [ 131.689401895164764, 32.861742859793566 ], [ 131.688268429914814, 32.861328970802752 ], [ 131.687838589687516, 32.861470658944093 ], [ 131.686469234065868, 32.861425218139438 ], [ 131.685897256328445, 32.86193402204529 ], [ 131.685643545039426, 32.862663694253889 ], [ 131.68569741192664, 32.863140022629395 ], [ 131.686473405088975, 32.8644173832473 ], [ 131.686617334955628, 32.865168615324528 ], [ 131.686409019736203, 32.865847632915084 ], [ 131.685431196291773, 32.866906880547781 ], [ 131.681287846656176, 32.870403619034867 ], [ 131.680246014044542, 32.872967203805885 ], [ 131.679798928958547, 32.873636919909721 ], [ 131.679009871768301, 32.87393777246448 ], [ 131.677601638458924, 32.87375475686251 ], [ 131.676776408480293, 32.874257032914358 ], [ 131.674402893763215, 32.880142987567758 ], [ 131.674354271971964, 32.880833674800591 ], [ 131.674704580503658, 32.880544607192704 ], [ 131.676483334564352, 32.880729533020258 ], [ 131.677491403478854, 32.880598212273277 ], [ 131.681099660824913, 32.880947651153861 ], [ 131.681739153551916, 32.881181602573037 ], [ 131.682675601109509, 32.882109076975631 ], [ 131.684015096459234, 32.88228770662181 ], [ 131.68460938585747, 32.882596268812797 ], [ 131.68539635643063, 32.882603399163933 ], [ 131.685910238515874, 32.882823723426661 ], [ 131.687349292078068, 32.88249542678335 ], [ 131.687747350967442, 32.882025856758638 ], [ 131.689479803183389, 32.882192187018582 ], [ 131.690538330090703, 32.881908211488302 ], [ 131.691061915112016, 32.882146099555342 ], [ 131.692046739479224, 32.882198767376359 ], [ 131.693777172407437, 32.882865826335426 ], [ 131.694854254887247, 32.883067420178577 ], [ 131.695597089421597, 32.883013465529068 ], [ 131.696477591112341, 32.883257641893294 ], [ 131.698003837878076, 32.883298959571114 ], [ 131.699094455761269, 32.883073609250573 ], [ 131.700314902358656, 32.883310943797326 ], [ 131.702282068034435, 32.883403686130158 ], [ 131.702788429697307, 32.883326120178069 ], [ 131.703025638657124, 32.883125528226145 ] ] ] } },
{ "type": "Feature", "properties": { "CITY_NAME": "佐伯市", "S_NAME": "大字千束", "JINKO": 530, "medical_area": "44_南部医療圏", "町丁目名": "佐伯市大字千束" }, "geometry": { "type": "Polygon", "coordinates": [ [ [ 131.663746812402707, 32.888241243071327 ], [ 131.665121099654669, 32.888302590935822 ], [ 131.666088353277416, 32.887908391658797 ], [ 131.666974411944636, 32.888006646527359 ], [ 131.668359967680772, 32.887233139762358 ], [ 131.66917754904091, 32.887319759374364 ], [ 131.670536979539918, 32.886889552705178 ], [ 131.671586266702207, 32.884558389845523 ], [ 131.673024938616322, 32.882816776115817 ], [ 131.674354271971964, 32.880833674800591 ], [ 131.674402893763215, 32.880142987567758 ], [ 131.676776408480293, 32.874257032914358 ], [ 131.677601638458924, 32.87375475686251 ], [ 131.679009871768301, 32.87393777246448 ], [ 131.679661817940968, 32.87377535139516 ], [ 131.680246014044542, 32.872967203805885 ], [ 131.681287846656176, 32.870403619034867 ], [ 131.685431196291773, 32.866906880547781 ], [ 131.686409019736203, 32.865847632915084 ], [ 131.686617334955628, 32.865168615324528 ], [ 131.686473405088975, 32.8644173832473 ], [ 131.68569741192664, 32.863140022629395 ], [ 131.685643545039426, 32.862663694253889 ], [ 131.685897256328445, 32.86193402204529 ], [ 131.686469234065868, 32.861425218139438 ], [ 131.687838589687516, 32.861470658944093 ], [ 131.688268429914814, 32.861328970802752 ], [ 131.687955182902499, 32.860996388662478 ], [ 131.687885765766481, 32.860328170820836 ], [ 131.688801281768434, 32.856850437681345 ], [ 131.686408474779313, 32.856997802457172 ], [ 131.685398453876047, 32.856605783847144 ], [ 131.684986364422599, 32.855957505509267 ], [ 131.684896950696611, 32.855470098138582 ], [ 131.685439235142951, 32.853542634379131 ], [ 131.685189319682593, 32.853083219323388 ], [ 131.682184335572884, 32.851448168220465 ], [ 131.681316100831708, 32.850786164864658 ], [ 131.68037719402102, 32.849588111306296 ], [ 131.678693982871664, 32.849684083976854 ], [ 131.677729520702712, 32.848703276187102 ], [ 131.675278001530046, 32.849454616773961 ], [ 131.673141794377727, 32.849368109218283 ], [ 131.668510881092914, 32.852684424381799 ], [ 131.667277165504743, 32.852738302559338 ], [ 131.66373074392115, 32.851604731712932 ], [ 131.662528014774722, 32.851524310563633 ], [ 131.660835515248891, 32.850200652863215 ], [ 131.659682470426361, 32.848689360006084 ], [ 131.659401904373169, 32.84813323292925 ], [ 131.659344965634659, 32.84639312192332 ], [ 131.65903388969511, 32.846225887228648 ], [ 131.658461722989841, 32.845080030901435 ], [ 131.65673462383586, 32.843529704942604 ], [ 131.653401668169124, 32.842138382136632 ], [ 131.650605198769199, 32.841323025748068 ], [ 131.649454065782038, 32.840469564660808 ], [ 131.645927689061693, 32.838722863434725 ], [ 131.645451019853681, 32.839365811492804 ], [ 131.64477525623343, 32.83966664843372 ], [ 131.644212918276196, 32.839715298780007 ], [ 131.64335735482976, 32.839525247628607 ], [ 131.642982231176831, 32.839212641586847 ], [ 131.642600991918812, 32.838519785233338 ], [ 131.640701261326456, 32.836891120310632 ], [ 131.638933994050149, 32.836236767704129 ], [ 131.637368958601002, 32.835893022725685 ], [ 131.634536963381805, 32.835997089869785 ], [ 131.633829959745668, 32.835896732160755 ], [ 131.629128072777604, 32.834732243471407 ], [ 131.627599205853784, 32.834545933229286 ], [ 131.627677585220766, 32.83518291875572 ], [ 131.629026217074227, 32.837753434781092 ], [ 131.629867060130863, 32.838192604299266 ], [ 131.629901463979337, 32.838414143970951 ], [ 131.629486540848916, 32.838970476540226 ], [ 131.629390627053681, 32.839930516849911 ], [ 131.629532737168631, 32.840283138501803 ], [ 131.630156622805941, 32.840238436698563 ], [ 131.630579859118029, 32.839688964963749 ], [ 131.630899704587733, 32.839625004581734 ], [ 131.631263646761226, 32.83999036852672 ], [ 131.631279468719242, 32.841064155913557 ], [ 131.631507760141659, 32.841405948872058 ], [ 131.632109930726443, 32.841770108279889 ], [ 131.63362862989149, 32.841665443200689 ], [ 131.634049739905947, 32.841975080118473 ], [ 131.634103450017847, 32.842598344185035 ], [ 131.633649743987974, 32.843480514708844 ], [ 131.632245641982109, 32.844114596478015 ], [ 131.632091594267877, 32.844399436580623 ], [ 131.632150764681597, 32.844634694391466 ], [ 131.632536072250559, 32.845114252672062 ], [ 131.633921229261489, 32.845276983797795 ], [ 131.634308831226548, 32.845496714204074 ], [ 131.634820358732753, 32.847548296589842 ], [ 131.63528387483035, 32.848616325135296 ], [ 131.63625936493392, 32.850069723404168 ], [ 131.637390884837089, 32.850450179733862 ], [ 131.638012797399909, 32.851164834947326 ], [ 131.640941395819851, 32.851216679020574 ], [ 131.643474209519127, 32.852177066905121 ], [ 131.644653881297927, 32.852877652214822 ], [ 131.647034449598323, 32.853222165354836 ], [ 131.648395040631499, 32.85394258310123 ], [ 131.653122591064232, 32.855099262995431 ], [ 131.654274734842375, 32.855948870978452 ], [ 131.655083875878717, 32.857070447215321 ], [ 131.655033837294297, 32.858089120330781 ], [ 131.653887577775606, 32.86028784092305 ], [ 131.654154323761333, 32.861377607503222 ], [ 131.655274113282758, 32.861725079733993 ], [ 131.655492399050672, 32.862361327905738 ], [ 131.656219119620658, 32.862877125981264 ], [ 131.656877459606505, 32.863033017151174 ], [ 131.658335136370113, 32.862966470935397 ], [ 131.659059521310354, 32.863163569158509 ], [ 131.659061637445888, 32.863455499513599 ], [ 131.658268934220473, 32.864994305340574 ], [ 131.658169271208379, 32.866091907705574 ], [ 131.658421745575197, 32.867458870431307 ], [ 131.659240049779669, 32.868684302022722 ], [ 131.659137062386577, 32.8703129485544 ], [ 131.659361773361468, 32.871257437276775 ], [ 131.659706307067893, 32.872294836602293 ], [ 131.660718931115809, 32.874232819754141 ], [ 131.660684851905472, 32.874624434360726 ], [ 131.660423971211088, 32.874895998296353 ], [ 131.660403052587924, 32.875401858406271 ], [ 131.661570350312928, 32.877138099413486 ], [ 131.661715115743391, 32.877823199201003 ], [ 131.66182884699856, 32.879859444097967 ], [ 131.661689546774113, 32.880466381816973 ], [ 131.660971954735459, 32.881755319352145 ], [ 131.660698985042131, 32.883173543070612 ], [ 131.660751683949883, 32.885211837071246 ], [ 131.661009259348702, 32.885857467477344 ], [ 131.662181149975652, 32.886742929431385 ], [ 131.661917318882047, 32.888277906893073 ], [ 131.662636059977501, 32.888776049844054 ], [ 131.663082352922345, 32.889358552870462 ], [ 131.663746812402707, 32.888241243071327 ] ] ] } },
{ "type": "Feature", "properties": { "CITY_NAME": "佐伯市", "S_NAME": "大字小野市", "JINKO": 699, "medical_area": "44_南部医療圏", "町丁目名": "佐伯市大字小野市" }, "geometry": { "type": "Polygon", "coordinates": [ [ [ 131.611708222992263, 32.909483226446952 ], [ 131.612270121953657, 32.90946852809472 ], [ 131.612856785249278, 32.908920442645993 ], [ 131.613751323427778, 32.909188665378387 ], [ 131.617277186770679, 32.908772388753725 ], [ 131.617290326781102, 32.908113255232202 ], [ 131.617619568880428, 32.907495131933871 ], [ 131.619213382853985, 32.906901886186198 ], [ 131.619595321539919, 32.906568132890591 ], [ 131.6197765972247, 32.906022022313671 ], [ 131.620297569673966, 32.905470274902854 ], [ 131.621522757030164, 32.905448398816148 ], [ 131.622127101551825, 32.904757962728475 ], [ 131.622845815599732, 32.904343498512489 ], [ 131.62314895880138, 32.903129097688833 ], [ 131.623122176094739, 32.90231536405765 ], [ 131.624526111201732, 32.901399677764601 ], [ 131.625135582736931, 32.901447994843998 ], [ 131.625354743324721, 32.900976064421378 ], [ 131.625559676401394, 32.900910200782477 ], [ 131.62619563539684, 32.901198500442163 ], [ 131.627268154298122, 32.900490101111224 ], [ 131.62773550566223, 32.899687400567963 ], [ 131.62827842614945, 32.899868332525195 ], [ 131.628679587311069, 32.899664127399184 ], [ 131.629454880673961, 32.898993578732401 ], [ 131.629652102750271, 32.898569973626621 ], [ 131.630321130182352, 32.898870573914351 ], [ 131.630894010515817, 32.898469970444616 ], [ 131.631450498919236, 32.898591739461999 ], [ 131.632241567302543, 32.898000482045262 ], [ 131.633236852040994, 32.89786357809767 ], [ 131.633610085939665, 32.897574296600027 ], [ 131.634097065312886, 32.897586203641154 ], [ 131.635095979396709, 32.897050561596785 ], [ 131.636310682511578, 32.89710273921348 ], [ 131.637152011374468, 32.896905831904675 ], [ 131.637750871556506, 32.897110953286543 ], [ 131.638212885440367, 32.896938932720481 ], [ 131.640195882169905, 32.897544669670559 ], [ 131.642352519423866, 32.895698578577161 ], [ 131.643357333732325, 32.895544128435738 ], [ 131.644934021651494, 32.895563686331514 ], [ 131.646217129369631, 32.894510121772321 ], [ 131.646933700219876, 32.894474823970036 ], [ 131.648319026819593, 32.892999072161714 ], [ 131.648973627476948, 32.893128921454938 ], [ 131.649553093800932, 32.893564457112241 ], [ 131.650437061550605, 32.893668786606256 ], [ 131.651890619891248, 32.894414291983999 ], [ 131.653005495739905, 32.894611247562096 ], [ 131.654563743202175, 32.894514218717276 ], [ 131.655522120748202, 32.894708719988898 ], [ 131.656099984612609, 32.894921014409164 ], [ 131.656916018739622, 32.895509349688375 ], [ 131.657464396859126, 32.895663135697937 ], [ 131.658060658515524, 32.896505363943611 ], [ 131.658659909182802, 32.896276520068916 ], [ 131.659327402042067, 32.896575245468547 ], [ 131.65964842314807, 32.896387128487262 ], [ 131.659786129799841, 32.895745613348659 ], [ 131.660783690932703, 32.894853556608297 ], [ 131.660944288515793, 32.894097505818998 ], [ 131.661464492756238, 32.893797252965243 ], [ 131.662231091968351, 32.892877794020599 ], [ 131.662588821500805, 32.892172185477975 ], [ 131.662552662338157, 32.891869145835692 ], [ 131.662068581227715, 32.891427465551864 ], [ 131.663082352922345, 32.889358552870462 ], [ 131.662636059977501, 32.888776049844054 ], [ 131.661917318882047, 32.888277906893073 ], [ 131.662181149975652, 32.886742929431385 ], [ 131.660963949631736, 32.88579969921809 ], [ 131.660655847958083, 32.884555908974633 ], [ 131.660698985042131, 32.883173543070612 ], [ 131.660971954735459, 32.881755319352145 ], [ 131.661689546774113, 32.880466381816973 ], [ 131.66182884699856, 32.879859444097967 ], [ 131.661715115743391, 32.877823199201003 ], [ 131.661570350312928, 32.877138099413486 ], [ 131.660403052587924, 32.875401858406271 ], [ 131.660423971211088, 32.874895998296353 ], [ 131.660684851905472, 32.874624434360726 ], [ 131.660718931115809, 32.874232819754141 ], [ 131.659706307067893, 32.872294836602293 ], [ 131.659361773361468, 32.871257437276775 ], [ 131.659137062386577, 32.8703129485544 ], [ 131.659240049779669, 32.868684302022722 ], [ 131.658421745575197, 32.867458870431307 ], [ 131.658169271208379, 32.866091907705574 ], [ 131.658268934220473, 32.864994305340574 ], [ 131.659061637445888, 32.863455499513599 ], [ 131.659059521310354, 32.863163569158509 ], [ 131.658335136370113, 32.862966470935397 ], [ 131.656877459606505, 32.863033017151174 ], [ 131.656219119620658, 32.862877125981264 ], [ 131.655492399050672, 32.862361327905738 ], [ 131.655274113282758, 32.861725079733993 ], [ 131.654154323761333, 32.861377607503222 ], [ 131.653887577775606, 32.86028784092305 ], [ 131.655033837294297, 32.858089120330781 ], [ 131.655083875878717, 32.857070447215321 ], [ 131.654274734842375, 32.855948870978452 ], [ 131.653122591064232, 32.855099262995431 ], [ 131.648395040631499, 32.85394258310123 ], [ 131.647034449598323, 32.853222165354836 ], [ 131.644653881297927, 32.852877652214822 ], [ 131.643474209519127, 32.852177066905121 ], [ 131.640941395819851, 32.851216679020574 ], [ 131.638012797399909, 32.851164834947326 ], [ 131.637390884837089, 32.850450179733862 ], [ 131.63625936493392, 32.850069723404168 ], [ 131.63528387483035, 32.848616325135296 ], [ 131.634820358732753, 32.847548296589842 ], [ 131.634308831226548, 32.845496714204074 ], [ 131.633921229261489, 32.845276983797795 ], [ 131.632536072250559, 32.845114252672062 ], [ 131.632150764681597, 32.844634694391466 ], [ 131.632091594267877, 32.844399436580623 ], [ 131.632245641982109, 32.844114596478015 ], [ 131.633649743987974, 32.843480514708844 ], [ 131.634103450017847, 32.842598344185035 ], [ 131.634049739905947, 32.841975080118473 ], [ 131.63362862989149, 32.841665443200689 ], [ 131.632109930726443, 32.841770108279889 ], [ 131.631507760141659, 32.841405948872058 ], [ 131.631279468719242, 32.841064155913557 ], [ 131.631263646761226, 32.83999036852672 ], [ 131.630899704587733, 32.839625004581734 ], [ 131.630579859118029, 32.839688964963749 ], [ 131.630156622805941, 32.840238436698563 ], [ 131.629532737168631, 32.840283138501803 ], [ 131.629390627053681, 32.839930516849911 ], [ 131.629486540848916, 32.838970476540226 ], [ 131.629901463979337, 32.838414143970951 ], [ 131.629867060130863, 32.838192604299266 ], [ 131.629026217074227, 32.837753434781092 ], [ 131.628739517555005, 32.837280289541205 ], [ 131.627677585220766, 32.83518291875572 ], [ 131.627505067617136, 32.834165771141095 ], [ 131.626017824835714, 32.833636853615225 ], [ 131.623479986240767, 32.833597749611833 ], [ 131.62281757653281, 32.836129915008634 ], [ 131.62169818523202, 32.838040930610084 ], [ 131.621239318893601, 32.839524602538276 ], [ 131.621275508753996, 32.839903246365935 ], [ 131.622176467366785, 32.841261448569149 ], [ 131.622117117905077, 32.842358668483058 ], [ 131.620659240597718, 32.844154442402356 ], [ 131.615742561293672, 32.844157560360046 ], [ 131.61456308511822, 32.844292234604353 ], [ 131.61344758062171, 32.844742016206474 ], [ 131.613386761283238, 32.845351205114781 ], [ 131.613693459663409, 32.845972318304305 ], [ 131.615054290694616, 32.847145074779249 ], [ 131.61522956993673, 32.84756933460109 ], [ 131.615166131561125, 32.848269061856683 ], [ 131.61406255505446, 32.849983197346226 ], [ 131.613708755031723, 32.850080912923126 ], [ 131.612074708656309, 32.84985298475025 ], [ 131.611087806324662, 32.850099162393278 ], [ 131.610757182260443, 32.850254349641652 ], [ 131.609869378280962, 32.851199439173463 ], [ 131.607634890370974, 32.851621664034667 ], [ 131.606979907192027, 32.851899089475282 ], [ 131.602892313501997, 32.850967010643039 ], [ 131.601376743091066, 32.850946841454231 ], [ 131.599774518296869, 32.851574343877104 ], [ 131.597230470558202, 32.853854719233524 ], [ 131.596320237612645, 32.854393897774997 ], [ 131.595165025147253, 32.854766923385377 ], [ 131.593014348794497, 32.854757994809447 ], [ 131.593684163501706, 32.855605748086617 ], [ 131.593805482471112, 32.856080481624012 ], [ 131.593746583384757, 32.856786066122851 ], [ 131.593042129348134, 32.858157844603326 ], [ 131.593272517043573, 32.859310533217098 ], [ 131.593675832365108, 32.859806930663346 ], [ 131.596507205936888, 32.8611159007826 ], [ 131.596909944155698, 32.861527959357176 ], [ 131.597057401958438, 32.861826250851379 ], [ 131.597056957390322, 32.864471130937069 ], [ 131.598788333618501, 32.865754647947561 ], [ 131.59839239459231, 32.867032975895683 ], [ 131.597190153689155, 32.86873678696719 ], [ 131.596912697962125, 32.86938974863746 ], [ 131.596689076713119, 32.870613600162073 ], [ 131.597215732674073, 32.871619807534678 ], [ 131.597269022790499, 32.872064717177636 ], [ 131.596899373217752, 32.873175840733126 ], [ 131.596319488408682, 32.876676249779749 ], [ 131.596074957979056, 32.877076643677931 ], [ 131.595804300969206, 32.877328764414969 ], [ 131.594691480340259, 32.877595502714627 ], [ 131.593090410233401, 32.877532446100084 ], [ 131.592380434742637, 32.877882041134541 ], [ 131.590102066535678, 32.879945491514164 ], [ 131.590580966718306, 32.880679439740909 ], [ 131.590629578719302, 32.881500542242165 ], [ 131.590283694094239, 32.882538383383796 ], [ 131.590334684986033, 32.883082430282414 ], [ 131.589526406190032, 32.884753769425757 ], [ 131.590007736080963, 32.886348871432808 ], [ 131.590360900920217, 32.886721025699721 ], [ 131.590661901716999, 32.887478769458603 ], [ 131.590410974516715, 32.88855164017631 ], [ 131.589314445436742, 32.889634717206654 ], [ 131.589015348922118, 32.890271855868825 ], [ 131.590100196660416, 32.891231011843665 ], [ 131.590019153705668, 32.891871573646483 ], [ 131.590363213195616, 32.892453297631349 ], [ 131.59124302156647, 32.892190775289286 ], [ 131.592167180382347, 32.891629696627831 ], [ 131.592757406620819, 32.891846218682055 ], [ 131.593493583082676, 32.891684688322108 ], [ 131.594933171087035, 32.890871646207849 ], [ 131.595305524251387, 32.891116709678684 ], [ 131.595726702627275, 32.891725592133099 ], [ 131.596160661451165, 32.891886014335512 ], [ 131.596769943632694, 32.892432724751188 ], [ 131.597720858653389, 32.89240955090289 ], [ 131.598018648255504, 32.892995036606841 ], [ 131.598126814370715, 32.893731477722106 ], [ 131.599057683424689, 32.894789858881943 ], [ 131.599979195438721, 32.895090002741135 ], [ 131.601015432617544, 32.894442196479552 ], [ 131.601802191107424, 32.894591141757225 ], [ 131.602148044935518, 32.894494478769822 ], [ 131.602839894209978, 32.894624341978179 ], [ 131.603441957657338, 32.895034313211156 ], [ 131.604140721038476, 32.895099321022172 ], [ 131.604526747003518, 32.895482817235298 ], [ 131.605033234898713, 32.89546704990331 ], [ 131.605633529371516, 32.895762501987555 ], [ 131.605793400500687, 32.896197687517741 ], [ 131.605728298980608, 32.896687238663134 ], [ 131.606138990949717, 32.897294353178687 ], [ 131.606557398737323, 32.89748234422769 ], [ 131.606492671235316, 32.89818587788595 ], [ 131.606819715842079, 32.898574971021937 ], [ 131.606738136723976, 32.899121428954672 ], [ 131.607123089957412, 32.90027384743253 ], [ 131.60670216123188, 32.9012614536827 ], [ 131.606891826231674, 32.901887406170573 ], [ 131.606773001357766, 32.902226267044121 ], [ 131.606905035935512, 32.902899558751386 ], [ 131.607219219613569, 32.903555076382517 ], [ 131.606799275557051, 32.904223927821278 ], [ 131.60683358082531, 32.90539667620142 ], [ 131.608121731527547, 32.906605974406048 ], [ 131.608788098217985, 32.907616721639002 ], [ 131.609725290689283, 32.908492965196743 ], [ 131.611184764916828, 32.908868535459675 ], [ 131.611692052099272, 32.909262955651286 ], [ 131.611708222992263, 32.909483226446952 ] ] ] } },
{ "type": "Feature", "properties": { "CITY_NAME": "佐伯市", "S_NAME": "大字南田原", "JINKO": 209, "medical_area": "44_南部医療圏", "町丁目名": "佐伯市大字南田原" }, "geometry": { "type": "Polygon", "coordinates": [ [ [ 131.565394677720008, 32.883978480365357 ], [ 131.565947576399594, 32.883347228577534 ], [ 131.566845416368096, 32.883480118901083 ], [ 131.568597516319244, 32.882564799348621 ], [ 131.570569597824317, 32.882392583161128 ], [ 131.571194593192217, 32.88190467048986 ], [ 131.57310450033404, 32.881771815915464 ], [ 131.575164917800521, 32.881898661387737 ], [ 131.576408529165491, 32.880630510457287 ], [ 131.577903972154616, 32.880513889059678 ], [ 131.580808355469571, 32.879859601594774 ], [ 131.581183836637479, 32.87940185281839 ], [ 131.581838880077697, 32.878975019247001 ], [ 131.583298139426319, 32.879208820959889 ], [ 131.584156093489668, 32.879137385026311 ], [ 131.585635198411069, 32.879479779604921 ], [ 131.586408394907494, 32.879950293510788 ], [ 131.587722571651256, 32.880265250131572 ], [ 131.58929560279725, 32.880904119642636 ], [ 131.590930325260558, 32.879097178499499 ], [ 131.592380434742637, 32.877882041134541 ], [ 131.593492185932831, 32.877459880005468 ], [ 131.594691480340259, 32.877595502714627 ], [ 131.595804300969206, 32.877328764414969 ], [ 131.596319488408682, 32.876676249779749 ], [ 131.596899373217752, 32.873175840733126 ], [ 131.597269022790499, 32.872064717177636 ], [ 131.597215732674073, 32.871619807534678 ], [ 131.596689076713119, 32.870613600162073 ], [ 131.596912697962125, 32.86938974863746 ], [ 131.597190153689155, 32.86873678696719 ], [ 131.59839239459231, 32.867032975895683 ], [ 131.598788333618501, 32.865754647947561 ], [ 131.597056957390322, 32.864471130937069 ], [ 131.597057401958438, 32.861826250851379 ], [ 131.596909944155698, 32.861527959357176 ], [ 131.596507205936888, 32.8611159007826 ], [ 131.593675832365108, 32.859806930663346 ], [ 131.593272517043573, 32.859310533217098 ], [ 131.593042129348134, 32.858157844603326 ], [ 131.593746583384757, 32.856786066122851 ], [ 131.593805482471112, 32.856080481624012 ], [ 131.593684163501706, 32.855605748086617 ], [ 131.593014348794497, 32.854757994809447 ], [ 131.595165025147253, 32.854766923385377 ], [ 131.596320237612645, 32.854393897774997 ], [ 131.597230470558202, 32.853854719233524 ], [ 131.599774518296869, 32.851574343877104 ], [ 131.601376743091066, 32.850946841454231 ], [ 131.602892313501997, 32.850967010643039 ], [ 131.606979907192027, 32.851899089475282 ], [ 131.607634890370974, 32.851621664034667 ], [ 131.609869378280962, 32.851199439173463 ], [ 131.610757182260443, 32.850254349641652 ], [ 131.611087806324662, 32.850099162393278 ], [ 131.612074708656309, 32.84985298475025 ], [ 131.613708755031723, 32.850080912923126 ], [ 131.61406255505446, 32.849983197346226 ], [ 131.615166131561125, 32.848269061856683 ], [ 131.61522956993673, 32.84756933460109 ], [ 131.615054290694616, 32.847145074779249 ], [ 131.613693459663409, 32.845972318304305 ], [ 131.613386761283238, 32.845351205114781 ], [ 131.61344758062171, 32.844742016206474 ], [ 131.61456308511822, 32.844292234604353 ], [ 131.615742561293672, 32.844157560360046 ], [ 131.620659240597718, 32.844154442402356 ], [ 131.622117117905077, 32.842358668483058 ], [ 131.622176467366785, 32.841261448569149 ], [ 131.621275508753996, 32.839903246365935 ], [ 131.621239318893601, 32.839524602538276 ], [ 131.62169818523202, 32.838040930610084 ], [ 131.62281757653281, 32.836129915008634 ], [ 131.623479986240767, 32.833597749611833 ], [ 131.626017824835714, 32.833636853615225 ], [ 131.627269508953844, 32.833978754565393 ], [ 131.627505067617136, 32.834165771141095 ], [ 131.627599205853784, 32.834545933229286 ], [ 131.629128072777604, 32.834732243471407 ], [ 131.633829959745668, 32.835896732160755 ], [ 131.636887893970197, 32.83590853621439 ], [ 131.636772945491913, 32.835371662555914 ], [ 131.635967223684872, 32.833848853702804 ], [ 131.635176777775342, 32.833125781711637 ], [ 131.634730288488157, 32.83228785395508 ], [ 131.634648628587712, 32.831577338768952 ], [ 131.635099412775418, 32.828981765696277 ], [ 131.635029043841911, 32.827172482814767 ], [ 131.635292692541839, 32.826541008872816 ], [ 131.636112973574143, 32.826084446081232 ], [ 131.637355621226874, 32.825779210175007 ], [ 131.637867299002323, 32.824350719011569 ], [ 131.637578277240578, 32.824101749093337 ], [ 131.635779728858154, 32.823662506930461 ], [ 131.635251063510623, 32.823382427721967 ], [ 131.634528847406614, 32.822812481034561 ], [ 131.633594772518933, 32.821399374666491 ], [ 131.633094411054344, 32.821054518863527 ], [ 131.629310997963984, 32.820205081861715 ], [ 131.629031737855115, 32.819980260927181 ], [ 131.628037127235388, 32.818106930195185 ], [ 131.627332458685402, 32.817294493973044 ], [ 131.626062840308379, 32.816476789667014 ], [ 131.625723901092186, 32.815929110999654 ], [ 131.625852565325175, 32.815160998808842 ], [ 131.629918798487552, 32.814054045483928 ], [ 131.629587518964854, 32.812557080690922 ], [ 131.629641711959238, 32.811413649567712 ], [ 131.629971161846896, 32.810612206414291 ], [ 131.630703432379562, 32.809231083807596 ], [ 131.631896802802061, 32.808073858042242 ], [ 131.632584534692199, 32.807852256256034 ], [ 131.634412079766975, 32.807705702466315 ], [ 131.635436521768412, 32.802994629335998 ], [ 131.635668315336119, 32.79720491444413 ], [ 131.634625919382643, 32.796672947043589 ], [ 131.633798071885309, 32.796022724019387 ], [ 131.633164475459353, 32.795084737556543 ], [ 131.632667841659469, 32.793208871060273 ], [ 131.632484922927631, 32.79102442056201 ], [ 131.632163538833424, 32.789559704167992 ], [ 131.631840863261573, 32.788591853582474 ], [ 131.630257156449005, 32.7859297747463 ], [ 131.631148013996295, 32.784673102817763 ], [ 131.631468139883651, 32.783920190024602 ], [ 131.631646188069311, 32.783386108512069 ], [ 131.631575717118437, 32.782211021024146 ], [ 131.63174358492347, 32.781588134952912 ], [ 131.632970270805572, 32.779784468407293 ], [ 131.634352649453803, 32.778351616128077 ], [ 131.634682736014753, 32.777663265747513 ], [ 131.634947640622272, 32.776551110961897 ], [ 131.63539777011826, 32.771418894257209 ], [ 131.633302827410745, 32.771571062373944 ], [ 131.63260811955189, 32.771886859241015 ], [ 131.631703056764536, 32.771499507343513 ], [ 131.630865461523115, 32.771467442511984 ], [ 131.630141560600634, 32.771801072728366 ], [ 131.62901205228377, 32.771988101699286 ], [ 131.627153854156546, 32.773173173141579 ], [ 131.626200288667775, 32.77409447898269 ], [ 131.625253960775098, 32.774400885001107 ], [ 131.622463695326161, 32.774495271892626 ], [ 131.622130093141067, 32.774755252654643 ], [ 131.621389851572758, 32.774102490839425 ], [ 131.620352747296153, 32.77356444259636 ], [ 131.618981101436134, 32.773143029599822 ], [ 131.617370912387656, 32.773089030718438 ], [ 131.615212503404308, 32.77408522382111 ], [ 131.614407840377851, 32.773964422664136 ], [ 131.613958301356661, 32.774127643501423 ], [ 131.613472173620494, 32.773996431960647 ], [ 131.613347352821449, 32.774291653144736 ], [ 131.613167394531388, 32.774334998994711 ], [ 131.610905419975268, 32.773919962948369 ], [ 131.606660030494766, 32.774902495499141 ], [ 131.605608724800646, 32.774607460523896 ], [ 131.605407103076573, 32.774185757513045 ], [ 131.604023893275269, 32.773203553229472 ], [ 131.603486451492074, 32.773034356940087 ], [ 131.60254794540046, 32.773027800500643 ], [ 131.601563814178093, 32.772480298099701 ], [ 131.601182147312954, 32.772433759855815 ], [ 131.599901060020869, 32.772755841740221 ], [ 131.599263079427857, 32.773623840190105 ], [ 131.59808468957803, 32.773973964451564 ], [ 131.597713316155193, 32.774651398078994 ], [ 131.597837641883473, 32.775129789424426 ], [ 131.596423426783559, 32.775705316411106 ], [ 131.59536833990569, 32.775153483178322 ], [ 131.594235555576404, 32.774810651150084 ], [ 131.593399227794663, 32.774911313303143 ], [ 131.592071184723125, 32.775488234220973 ], [ 131.591284067115794, 32.774859561568014 ], [ 131.589627025212394, 32.774027731012822 ], [ 131.589070696813138, 32.772817629042535 ], [ 131.588442692620958, 32.772150428513392 ], [ 131.587363027468228, 32.770166241033472 ], [ 131.586746994731243, 32.769494371177309 ], [ 131.585535888697564, 32.768839534926052 ], [ 131.584673370745691, 32.770151972872256 ], [ 131.58425827856658, 32.77050627974927 ], [ 131.58250913848542, 32.771121909650766 ], [ 131.583433866686249, 32.771717767904136 ], [ 131.5850541724339, 32.771975096521111 ], [ 131.586541315682979, 32.773202669014061 ], [ 131.586823376647089, 32.773828694272304 ], [ 131.587403761505755, 32.774114961772412 ], [ 131.587653727247613, 32.774938488414129 ], [ 131.587967024036402, 32.775240109242951 ], [ 131.587739308759183, 32.776165540066991 ], [ 131.590128635003794, 32.777072671954059 ], [ 131.590253889796116, 32.777431547920038 ], [ 131.589327274606916, 32.779730411689208 ], [ 131.588881225210059, 32.780416347098942 ], [ 131.588235709594755, 32.780562620172766 ], [ 131.588206331016863, 32.781009547114543 ], [ 131.588561693179571, 32.781591102689653 ], [ 131.591123840713124, 32.782803499427864 ], [ 131.589415951043577, 32.783257407210776 ], [ 131.588504224909599, 32.783687571352374 ], [ 131.586231259786558, 32.78573457282242 ], [ 131.584847125223689, 32.786273408032883 ], [ 131.5846279273851, 32.786513999492335 ], [ 131.584330374718235, 32.787430383483347 ], [ 131.582241412709436, 32.789300028772217 ], [ 131.581199947661048, 32.789198376129733 ], [ 131.580066797136169, 32.78953635245206 ], [ 131.577652625637882, 32.791141258215958 ], [ 131.576707266871807, 32.791265390050754 ], [ 131.57550493973946, 32.792222037433426 ], [ 131.574287780688678, 32.792360682567207 ], [ 131.571953167035332, 32.792043219117026 ], [ 131.569549774191927, 32.792680808850847 ], [ 131.56877978069204, 32.793206455502876 ], [ 131.568012040802699, 32.794094709445702 ], [ 131.567037837793578, 32.796343372120191 ], [ 131.568033696957542, 32.79750320610475 ], [ 131.568643991100743, 32.798878385462935 ], [ 131.568570620112951, 32.800851349968454 ], [ 131.568325571022456, 32.801512412148107 ], [ 131.566105062703855, 32.803860509812651 ], [ 131.565068789417921, 32.804722559744583 ], [ 131.560358713253947, 32.807823170031952 ], [ 131.558782011877099, 32.809167818222953 ], [ 131.558438763977705, 32.809809673380279 ], [ 131.55834019986014, 32.810504701513494 ], [ 131.558661029857177, 32.811420315948681 ], [ 131.559412686620675, 32.812328604771565 ], [ 131.559662859550059, 32.813249980665326 ], [ 131.558456128495578, 32.814766694868823 ], [ 131.557470359447052, 32.815679144508714 ], [ 131.555841725329827, 32.816787509591371 ], [ 131.55545597684042, 32.817439900403855 ], [ 131.555433550077794, 32.817926210613003 ], [ 131.555576381570205, 32.818408214391091 ], [ 131.559818472988212, 32.821900116161331 ], [ 131.562526640025908, 32.823321622024402 ], [ 131.564029346283405, 32.82441956855412 ], [ 131.568879346441747, 32.828773584088431 ], [ 131.571248151387294, 32.830096309724652 ], [ 131.573926597880188, 32.830788358877896 ], [ 131.574853018478507, 32.831191669278645 ], [ 131.575433414696334, 32.831818204216276 ], [ 131.576011197972235, 32.832698603144259 ], [ 131.575875659941801, 32.834029135658042 ], [ 131.574539810554256, 32.836519927724595 ], [ 131.572596795260324, 32.840836729578832 ], [ 131.572769617508385, 32.842012119160081 ], [ 131.572297494436924, 32.842407532752404 ], [ 131.57197183751569, 32.843181215117355 ], [ 131.571151881263717, 32.843535304884881 ], [ 131.570954754172277, 32.843861527917596 ], [ 131.570799853228777, 32.844820350273338 ], [ 131.569894216080712, 32.844685539809866 ], [ 131.569389894684889, 32.844446853641053 ], [ 131.568907318955894, 32.844044196317988 ], [ 131.568336448800949, 32.843222612630171 ], [ 131.567279184995613, 32.842292390198338 ], [ 131.566685622219637, 32.842401102692918 ], [ 131.566320470885387, 32.842712419789599 ], [ 131.565655331210678, 32.843919133242721 ], [ 131.564388515991141, 32.845086370651437 ], [ 131.563847953558025, 32.847252832565395 ], [ 131.561817065285879, 32.848693396700966 ], [ 131.560591172808955, 32.850029110626629 ], [ 131.558376500531381, 32.851335478866147 ], [ 131.554635110173678, 32.854752433839479 ], [ 131.553719435485903, 32.855043193225391 ], [ 131.551537996586063, 32.855293792433081 ], [ 131.551384909781035, 32.856412618479922 ], [ 131.551057749953799, 32.857108086578755 ], [ 131.549089089698299, 32.859434972286977 ], [ 131.54813377859071, 32.860219931980964 ], [ 131.547289846636005, 32.860522436493291 ], [ 131.546295988568346, 32.860613525029933 ], [ 131.543832538348283, 32.860561594563116 ], [ 131.543353962893292, 32.860804649521604 ], [ 131.5415434944249, 32.862880133846872 ], [ 131.539495342458508, 32.864421634596042 ], [ 131.538571781005942, 32.864724009817508 ], [ 131.539242224432286, 32.865925354683498 ], [ 131.540322686553793, 32.866531916834738 ], [ 131.540419468494662, 32.867584601726804 ], [ 131.54073735792403, 32.867894238055001 ], [ 131.540461436505268, 32.869097633898441 ], [ 131.541125256877194, 32.869726901612111 ], [ 131.541253554059892, 32.871223352636989 ], [ 131.541966594099847, 32.871780880754443 ], [ 131.542422345447164, 32.872653906849436 ], [ 131.543316600814194, 32.872750544193238 ], [ 131.544404955768726, 32.873448116212465 ], [ 131.546206611176558, 32.873821425096985 ], [ 131.546691286434793, 32.874188331724952 ], [ 131.547651355738452, 32.874048534616378 ], [ 131.547719284786808, 32.874560285723469 ], [ 131.548055326043112, 32.87508368493787 ], [ 131.548410165772509, 32.875276417704207 ], [ 131.549031787892318, 32.875264930376858 ], [ 131.549201722345089, 32.876618845087876 ], [ 131.550010545273409, 32.876865579994174 ], [ 131.550682585019899, 32.877498797257438 ], [ 131.551352545894702, 32.877801464744962 ], [ 131.551569261491778, 32.878039999116289 ], [ 131.551638277910797, 32.87859423891269 ], [ 131.552699066898242, 32.878949138237829 ], [ 131.553708636294999, 32.879047895746901 ], [ 131.555193117382146, 32.879856933422928 ], [ 131.555637757617603, 32.879817189421011 ], [ 131.556622028973834, 32.880600779298021 ], [ 131.557850708396529, 32.880799043245062 ], [ 131.55936757370614, 32.881912824626099 ], [ 131.559940802589495, 32.88297887250264 ], [ 131.560580133961537, 32.883231696568821 ], [ 131.560778623783079, 32.883618718976592 ], [ 131.561299948594524, 32.883555674387395 ], [ 131.563218276359066, 32.883860769510228 ], [ 131.564514873144219, 32.884417575422816 ], [ 131.565394677720008, 32.883978480365357 ] ] ] } },
{ "type": "Feature", "properties": { "CITY_NAME": "佐伯市", "S_NAME": "大字木浦鉱山", "JINKO": 34, "medical_area": "44_南部医療圏", "町丁目名": "佐伯市大字木浦鉱山" }, "geometry": { "type": "Polygon", "coordinates": [ [ [ 131.568643991100743, 32.798878385462935 ], [ 131.568033696957542, 32.79750320610475 ], [ 131.567037837793578, 32.796343372120191 ], [ 131.563823998746045, 32.795389851382559 ], [ 131.561834839591086, 32.795240435974399 ], [ 131.560771330475404, 32.795320018965242 ], [ 131.555694932596879, 32.797219239985978 ], [ 131.555478291298556, 32.797479243931271 ], [ 131.55527266590002, 32.798412708228682 ], [ 131.555028167297735, 32.798586493006461 ], [ 131.553490441635716, 32.798647985960507 ], [ 131.549221312369383, 32.798209133268209 ], [ 131.548689689186205, 32.798274765259983 ], [ 131.546094260345228, 32.799728944896557 ], [ 131.546118345464578, 32.800525259205102 ], [ 131.546341166900532, 32.801272643504554 ], [ 131.550325412346922, 32.806708657694621 ], [ 131.550394622211797, 32.807530388016282 ], [ 131.545775646603374, 32.812490321713341 ], [ 131.544892708369673, 32.813666111687645 ], [ 131.544790287874008, 32.815204997745262 ], [ 131.544986331642775, 32.819151877049933 ], [ 131.545378225756053, 32.82065595620071 ], [ 131.545150902941288, 32.821455193641661 ], [ 131.544700693040227, 32.822032234275767 ], [ 131.543226745543734, 32.822878248439487 ], [ 131.542238012029202, 32.824047545670929 ], [ 131.541626355376366, 32.826020399182987 ], [ 131.540850733824016, 32.827192067758652 ], [ 131.539542280690767, 32.827738301048882 ], [ 131.538269748268334, 32.827816320264027 ], [ 131.535988649639393, 32.828257798207012 ], [ 131.5383336638142, 32.831284834449143 ], [ 131.540506640324253, 32.832868427502561 ], [ 131.541981989145455, 32.833587758322132 ], [ 131.546419472730037, 32.834787703469317 ], [ 131.548906933580326, 32.835009069830932 ], [ 131.550860836075429, 32.834503431740742 ], [ 131.556718393729255, 32.830322460201053 ], [ 131.557148659606298, 32.829323119412493 ], [ 131.556778290526665, 32.827690951202989 ], [ 131.556883928624757, 32.826968331845436 ], [ 131.557288287868317, 32.826573275797386 ], [ 131.558753324546672, 32.825712324443742 ], [ 131.559818472988212, 32.821900116161331 ], [ 131.555576381570205, 32.818408214391091 ], [ 131.55545597684042, 32.817439900403855 ], [ 131.555841725329827, 32.816787509591371 ], [ 131.557470359447052, 32.815679144508714 ], [ 131.558456128495578, 32.814766694868823 ], [ 131.559662859550059, 32.813249980665326 ], [ 131.559412686620675, 32.812328604771565 ], [ 131.558661029857177, 32.811420315948681 ], [ 131.55834019986014, 32.810504701513494 ], [ 131.558438763977705, 32.809809673380279 ], [ 131.558782011877099, 32.809167818222953 ], [ 131.560358713253947, 32.807823170031952 ], [ 131.565068789417921, 32.804722559744583 ], [ 131.566105062703855, 32.803860509812651 ], [ 131.568325571022456, 32.801512412148107 ], [ 131.568570620112951, 32.800851349968454 ], [ 131.568643991100743, 32.798878385462935 ] ] ] } },
{ "type": "Feature", "properties": { "CITY_NAME": "佐伯市", "S_NAME": "大字木浦内", "JINKO": 59, "medical_area": "44_南部医療圏", "町丁目名": "佐伯市大字木浦内" }, "geometry": { "type": "Polygon", "coordinates": [ [ [ 131.5383548131949, 32.864694578274168 ], [ 131.539495342458508, 32.864421634596042 ], [ 131.5415434944249, 32.862880133846872 ], [ 131.543353962893292, 32.860804649521604 ], [ 131.543832538348283, 32.860561594563116 ], [ 131.546295988568346, 32.860613525029933 ], [ 131.547289846636005, 32.860522436493291 ], [ 131.54813377859071, 32.860219931980964 ], [ 131.549089089698299, 32.859434972286977 ], [ 131.551057749953799, 32.857108086578755 ], [ 131.551384909781035, 32.856412618479922 ], [ 131.551537996586063, 32.855293792433081 ], [ 131.553719435485903, 32.855043193225391 ], [ 131.554635110173678, 32.854752433839479 ], [ 131.558376500531381, 32.851335478866147 ], [ 131.560591172808955, 32.850029110626629 ], [ 131.561817065285879, 32.848693396700966 ], [ 131.563847953558025, 32.847252832565395 ], [ 131.564388515991141, 32.845086370651437 ], [ 131.565655331210678, 32.843919133242721 ], [ 131.566320470885387, 32.842712419789599 ], [ 131.566685622219637, 32.842401102692918 ], [ 131.567279184995613, 32.842292390198338 ], [ 131.568336448800949, 32.843222612630171 ], [ 131.568907318955894, 32.844044196317988 ], [ 131.569389894684889, 32.844446853641053 ], [ 131.569894216080712, 32.844685539809866 ], [ 131.570799853228777, 32.844820350273338 ], [ 131.570954754172277, 32.843861527917596 ], [ 131.571151881263717, 32.843535304884881 ], [ 131.57197183751569, 32.843181215117355 ], [ 131.572297494436924, 32.842407532752404 ], [ 131.572769617508385, 32.842012119160081 ], [ 131.572596795260324, 32.840836729578832 ], [ 131.574539810554256, 32.836519927724595 ], [ 131.575875659941801, 32.834029135658042 ], [ 131.576039419300912, 32.833134619421109 ], [ 131.576011197972235, 32.832698603144259 ], [ 131.574853018478507, 32.831191669278645 ], [ 131.573926597880188, 32.830788358877896 ], [ 131.571248151387294, 32.830096309724652 ], [ 131.568879346441747, 32.828773584088431 ], [ 131.564029346283405, 32.82441956855412 ], [ 131.562526640025908, 32.823321622024402 ], [ 131.559818472988212, 32.821900116161331 ], [ 131.558753324546672, 32.825712324443742 ], [ 131.557288287868317, 32.826573275797386 ], [ 131.556883928624757, 32.826968331845436 ], [ 131.556778290526665, 32.827690951202989 ], [ 131.557148659606298, 32.829323119412493 ], [ 131.556987307157527, 32.829949461033067 ], [ 131.556382359040839, 32.830663911986996 ], [ 131.550860836075429, 32.834503431740742 ], [ 131.548906933580326, 32.835009069830932 ], [ 131.548244660283046, 32.835033731385948 ], [ 131.544519891693, 32.834335141209827 ], [ 131.541421491190476, 32.833365217698571 ], [ 131.5383336638142, 32.831284834449143 ], [ 131.535988649639393, 32.828257798207012 ], [ 131.538269748268334, 32.827816320264027 ], [ 131.539542280690767, 32.827738301048882 ], [ 131.540850733824016, 32.827192067758652 ], [ 131.541626355376366, 32.826020399182987 ], [ 131.542238012029202, 32.824047545670929 ], [ 131.543226745543734, 32.822878248439487 ], [ 131.544700693040227, 32.822032234275767 ], [ 131.545150902941288, 32.821455193641661 ], [ 131.545378225756053, 32.82065595620071 ], [ 131.544986331642775, 32.819151877049933 ], [ 131.544790287874008, 32.815204997745262 ], [ 131.544892708369673, 32.813666111687645 ], [ 131.545775646603374, 32.812490321713341 ], [ 131.550394622211797, 32.807530388016282 ], [ 131.550325412346922, 32.806708657694621 ], [ 131.546341166900532, 32.801272643504554 ], [ 131.546118345464578, 32.800525259205102 ], [ 131.546094260345228, 32.799728944896557 ], [ 131.548689689186205, 32.798274765259983 ], [ 131.549221312369383, 32.798209133268209 ], [ 131.553490441635716, 32.798647985960507 ], [ 131.555028167297735, 32.798586493006461 ], [ 131.55527266590002, 32.798412708228682 ], [ 131.555478291298556, 32.797479243931271 ], [ 131.555694932596879, 32.797219239985978 ], [ 131.560771330475404, 32.795320018965242 ], [ 131.561834839591086, 32.795240435974399 ], [ 131.563823998746045, 32.795389851382559 ], [ 131.567037837793578, 32.796343372120191 ], [ 131.568012040802699, 32.794094709445702 ], [ 131.56877978069204, 32.793206455502876 ], [ 131.569549774191927, 32.792680808850847 ], [ 131.571953167035332, 32.792043219117026 ], [ 131.574287780688678, 32.792360682567207 ], [ 131.57550493973946, 32.792222037433426 ], [ 131.576707266871807, 32.791265390050754 ], [ 131.577652625637882, 32.791141258215958 ], [ 131.580066797136169, 32.78953635245206 ], [ 131.581199947661048, 32.789198376129733 ], [ 131.582241412709436, 32.789300028772217 ], [ 131.584330374718235, 32.787430383483347 ], [ 131.5846279273851, 32.786513999492335 ], [ 131.584847125223689, 32.786273408032883 ], [ 131.586231259786558, 32.78573457282242 ], [ 131.588504224909599, 32.783687571352374 ], [ 131.589415951043577, 32.783257407210776 ], [ 131.591123840713124, 32.782803499427864 ], [ 131.588561693179571, 32.781591102689653 ], [ 131.588206331016863, 32.781009547114543 ], [ 131.588235709594755, 32.780562620172766 ], [ 131.588881225210059, 32.780416347098942 ], [ 131.589327274606916, 32.779730411689208 ], [ 131.590253889796116, 32.777431547920038 ], [ 131.590128635003794, 32.777072671954059 ], [ 131.587739308759183, 32.776165540066991 ], [ 131.587967024036402, 32.775240109242951 ], [ 131.587653727247613, 32.774938488414129 ], [ 131.587403761505755, 32.774114961772412 ], [ 131.586823376647089, 32.773828694272304 ], [ 131.586541315682979, 32.773202669014061 ], [ 131.5850541724339, 32.771975096521111 ], [ 131.583433866686249, 32.771717767904136 ], [ 131.58250913848542, 32.771121909650766 ], [ 131.58425827856658, 32.77050627974927 ], [ 131.584673370745691, 32.770151972872256 ], [ 131.585535888697564, 32.768839534926052 ], [ 131.58510384286572, 32.768257982394402 ], [ 131.585131133605756, 32.767425120054646 ], [ 131.584950502691214, 32.76691885499924 ], [ 131.583118151295139, 32.765355834247835 ], [ 131.582158782022617, 32.765231776833041 ], [ 131.581599935231367, 32.763942426905672 ], [ 131.581182141695422, 32.763365387941555 ], [ 131.580534022959341, 32.762771919496103 ], [ 131.579726406292224, 32.762404401977051 ], [ 131.579104145130344, 32.76175830347416 ], [ 131.579023384625344, 32.760913989292611 ], [ 131.578020014887642, 32.760470907075536 ], [ 131.57762789635791, 32.759984964598011 ], [ 131.576898024447274, 32.75948258436771 ], [ 131.576316495603123, 32.759400947387803 ], [ 131.574424204571983, 32.75865609866208 ], [ 131.573860490117681, 32.757609019560078 ], [ 131.573067018785252, 32.756883979611253 ], [ 131.572496297912949, 32.756520873539444 ], [ 131.57169253353257, 32.756314048144205 ], [ 131.571146760438637, 32.755922272727588 ], [ 131.570603424948132, 32.755833076377897 ], [ 131.569026635666319, 32.754061461621312 ], [ 131.567886955699834, 32.754116338604533 ], [ 131.566752970926757, 32.754550708489489 ], [ 131.565545852167816, 32.755499383267406 ], [ 131.564759279106426, 32.755329737509875 ], [ 131.563776799820005, 32.755401382830129 ], [ 131.561486562545809, 32.755173950200408 ], [ 131.560829418950533, 32.755374443410425 ], [ 131.559399250027184, 32.755296524621521 ], [ 131.557394802408254, 32.755584537670209 ], [ 131.555640016007345, 32.755403925007883 ], [ 131.553963537713287, 32.75563054845933 ], [ 131.551950819655161, 32.756529225697129 ], [ 131.549925593511261, 32.757169095503492 ], [ 131.549166314650165, 32.757259454908812 ], [ 131.547472241415136, 32.758189830778228 ], [ 131.54659680387951, 32.758197824170615 ], [ 131.545521292579735, 32.757512572504162 ], [ 131.544484728874039, 32.757313526696599 ], [ 131.54402018621613, 32.757433911591001 ], [ 131.543609973093652, 32.757796801371093 ], [ 131.541024075762067, 32.758016679872718 ], [ 131.540361120506049, 32.758618305127754 ], [ 131.536248134712963, 32.758800000172755 ], [ 131.535909399874953, 32.758991657590045 ], [ 131.53517395247593, 32.760060593033977 ], [ 131.53328878477862, 32.761820212282345 ], [ 131.532888151577339, 32.762793259109536 ], [ 131.529660375321413, 32.763459152301948 ], [ 131.529069317471851, 32.76378449936243 ], [ 131.52669853042849, 32.763525069181185 ], [ 131.525685102516292, 32.763924516207524 ], [ 131.524320473256068, 32.764068872993107 ], [ 131.524304249237332, 32.763910492798409 ], [ 131.5238161720047, 32.763753630202544 ], [ 131.522449515606723, 32.764482010540085 ], [ 131.520511136847404, 32.765126589226305 ], [ 131.519909598181499, 32.765730131864458 ], [ 131.519374968535374, 32.766009153607889 ], [ 131.519065720987442, 32.766872631267994 ], [ 131.518278781114958, 32.767495371230503 ], [ 131.518047690983764, 32.767909916117475 ], [ 131.517359352325968, 32.767839518600084 ], [ 131.516941053544315, 32.767963757988795 ], [ 131.516543544640342, 32.768281355484476 ], [ 131.516104425266889, 32.768381723073936 ], [ 131.515673766500953, 32.768822885986495 ], [ 131.514292492301394, 32.769315373317006 ], [ 131.511862693577626, 32.769530717789458 ], [ 131.511642885117254, 32.769823619653422 ], [ 131.51183531536654, 32.770184377869441 ], [ 131.511179493277581, 32.770554596113755 ], [ 131.51093867100451, 32.770899626637714 ], [ 131.511490859187688, 32.772156127120823 ], [ 131.510842519709001, 32.772407936226074 ], [ 131.510078508714571, 32.773334047984349 ], [ 131.50924588304872, 32.773708638310929 ], [ 131.508362337299076, 32.774347819111185 ], [ 131.509188476290319, 32.776576884805984 ], [ 131.51016071647922, 32.777717918188486 ], [ 131.510085506075427, 32.778020814468562 ], [ 131.509581341853533, 32.778308882252595 ], [ 131.509551712734236, 32.779245824653671 ], [ 131.509255891373471, 32.779229537100271 ], [ 131.508679737014376, 32.779619682892346 ], [ 131.508551589731695, 32.780407333239566 ], [ 131.507987694204189, 32.781419205219812 ], [ 131.508220331476167, 32.781845678694779 ], [ 131.508586699198105, 32.782079553617962 ], [ 131.508655895787371, 32.782730517520065 ], [ 131.508444565435155, 32.78318919323187 ], [ 131.508367393248193, 32.784017621314895 ], [ 131.508822113884236, 32.785587739631168 ], [ 131.509287038825761, 32.785975481777903 ], [ 131.509430636643714, 32.786471408431325 ], [ 131.51012032382954, 32.7871341198395 ], [ 131.510107900644471, 32.788309116169636 ], [ 131.510617988128331, 32.788958284791775 ], [ 131.510441873307769, 32.789559127458894 ], [ 131.510534708847331, 32.790146442856987 ], [ 131.511526980964106, 32.791232595593264 ], [ 131.512515230366944, 32.791427081871205 ], [ 131.513530941266652, 32.792309073048102 ], [ 131.513667548711595, 32.792721185048755 ], [ 131.513985927364331, 32.792954309710098 ], [ 131.514042296482785, 32.793453335796748 ], [ 131.514347062402237, 32.79406834474927 ], [ 131.514960195728861, 32.794594568663769 ], [ 131.514907631573919, 32.794853165662865 ], [ 131.515320603198688, 32.795208413660163 ], [ 131.515431368336749, 32.795678663289991 ], [ 131.515782104447766, 32.795929614561842 ], [ 131.515649649821455, 32.796626556168327 ], [ 131.516076346907539, 32.796987732486556 ], [ 131.516088882503794, 32.798505261464427 ], [ 131.516338414515872, 32.799090549652576 ], [ 131.516627120783994, 32.799286007989394 ], [ 131.517300240858106, 32.800829378373152 ], [ 131.516784428151283, 32.801387422226867 ], [ 131.515539368498452, 32.801926363307814 ], [ 131.515290357151059, 32.802288488612987 ], [ 131.514330700363047, 32.802828516214916 ], [ 131.514042563011003, 32.803213836232452 ], [ 131.512329760707274, 32.803668067762565 ], [ 131.511633823922097, 32.804527598264507 ], [ 131.510208764393184, 32.804719932973157 ], [ 131.509093144083522, 32.805292845725276 ], [ 131.507301262650344, 32.805870811463294 ], [ 131.506370169165933, 32.80655946112158 ], [ 131.505962315213679, 32.807309566830469 ], [ 131.505542675589965, 32.808784198512122 ], [ 131.504564309625323, 32.809121610035184 ], [ 131.504158868876516, 32.809629890192966 ], [ 131.503652517644412, 32.809952035746981 ], [ 131.501779845108956, 32.810651371460786 ], [ 131.501785396678628, 32.811250087475266 ], [ 131.502806553353338, 32.813187319872668 ], [ 131.502335838324512, 32.814225058049232 ], [ 131.50226676381439, 32.814853100204523 ], [ 131.500674936687005, 32.815133548575965 ], [ 131.499850928337082, 32.81557072164474 ], [ 131.49748175988961, 32.815493865644633 ], [ 131.495314044936492, 32.815858531696158 ], [ 131.493904470608072, 32.815723525402575 ], [ 131.493080632530507, 32.815908284194876 ], [ 131.491071103310759, 32.817568923790247 ], [ 131.490339387648248, 32.818854098518258 ], [ 131.488808453403749, 32.819938277105756 ], [ 131.487914358691995, 32.821447385302832 ], [ 131.486040105840175, 32.821642292713037 ], [ 131.485646166829696, 32.822062564700673 ], [ 131.484955900930544, 32.822445677119894 ], [ 131.484350380705166, 32.823242844672812 ], [ 131.48421567313477, 32.823709979629896 ], [ 131.483727791259867, 32.824033541727516 ], [ 131.48353337846666, 32.825301840165906 ], [ 131.482455518988871, 32.826243158713773 ], [ 131.481958857714574, 32.827434682741703 ], [ 131.480782205089923, 32.828338501871031 ], [ 131.480347069478171, 32.829655128401079 ], [ 131.479966522150704, 32.829797180105913 ], [ 131.47930034095441, 32.830551452448027 ], [ 131.478369038809291, 32.831134383260363 ], [ 131.478398478895969, 32.831626135245536 ], [ 131.477852715055235, 32.832332955454206 ], [ 131.477873511362361, 32.833044538417006 ], [ 131.477693807590754, 32.833699455674598 ], [ 131.476611782401278, 32.834870589968816 ], [ 131.476371581654575, 32.835309400490026 ], [ 131.476395350949417, 32.835709765680747 ], [ 131.476106225012416, 32.835971609809491 ], [ 131.475775544496742, 32.836718247541853 ], [ 131.476434309180263, 32.837821129124215 ], [ 131.476409704375726, 32.838437231466223 ], [ 131.476834693872917, 32.83862053572178 ], [ 131.479259598360215, 32.839087064233034 ], [ 131.480534558477473, 32.838937053394538 ], [ 131.481909498991143, 32.838995360742857 ], [ 131.482184457810291, 32.83972024851947 ], [ 131.48388435200718, 32.842319856961382 ], [ 131.484584330638285, 32.843003095847301 ], [ 131.485784233040476, 32.843936321686876 ], [ 131.488046575356833, 32.845194521407308 ], [ 131.489846493013829, 32.845477833042949 ], [ 131.49044645823443, 32.845794455808566 ], [ 131.490658930939105, 32.847852516376058 ], [ 131.491096391478266, 32.848935712701369 ], [ 131.491571389909154, 32.849393997982276 ], [ 131.492771320681896, 32.849810601506725 ], [ 131.493808776977033, 32.850493851127638 ], [ 131.494514522441477, 32.850543696762294 ], [ 131.496171161066968, 32.849852284781718 ], [ 131.498270222793565, 32.850009997702166 ], [ 131.499106724142337, 32.850405399681392 ], [ 131.499808768284765, 32.850504493126401 ], [ 131.501049839653462, 32.851719950460222 ], [ 131.50203384893635, 32.85231375702427 ], [ 131.502865567088321, 32.853125395392908 ], [ 131.504231087918498, 32.853284568306272 ], [ 131.50505597009365, 32.853594984379235 ], [ 131.507912575224424, 32.852921063248864 ], [ 131.509034578712516, 32.853574992684855 ], [ 131.509505963682898, 32.853479991840288 ], [ 131.509947388531828, 32.853874248812474 ], [ 131.510795659946069, 32.854220283843411 ], [ 131.512990231081488, 32.854432652839904 ], [ 131.513290111904894, 32.854414577412776 ], [ 131.514272222284177, 32.853831715953064 ], [ 131.516027957787003, 32.854649646825777 ], [ 131.51681088688872, 32.855719801253244 ], [ 131.518479289115419, 32.855957178214027 ], [ 131.519795170017716, 32.856646654940306 ], [ 131.520583210650813, 32.856667014836582 ], [ 131.522452756659021, 32.855999473313901 ], [ 131.523034251951145, 32.855992337811763 ], [ 131.523481251357964, 32.857054395605786 ], [ 131.524063544395943, 32.857452036183531 ], [ 131.524792339769931, 32.858275451588952 ], [ 131.525362959416753, 32.858460613094593 ], [ 131.527297462199044, 32.859850379772226 ], [ 131.527376777956846, 32.860551673852093 ], [ 131.527877636673139, 32.861104127944984 ], [ 131.528803333529027, 32.861126550383943 ], [ 131.529543927683619, 32.860692332848807 ], [ 131.53032458524649, 32.860946754644203 ], [ 131.531467177272219, 32.86085490093614 ], [ 131.531980689373597, 32.861243349213495 ], [ 131.532276508282337, 32.862024668615618 ], [ 131.533359728660855, 32.86243093280693 ], [ 131.53377121530059, 32.862352955220608 ], [ 131.534514488776381, 32.862898271414075 ], [ 131.535344108708728, 32.863176057828838 ], [ 131.535686511555781, 32.863708909228073 ], [ 131.536329337083714, 32.863781048249734 ], [ 131.53667161796119, 32.8646950584831 ], [ 131.537149935383695, 32.865082271561782 ], [ 131.537743385847961, 32.865055444445709 ], [ 131.5383548131949, 32.864694578274168 ] ] ] } },
{ "type": "Feature", "properties": { "CITY_NAME": "佐伯市", "S_NAME": "大字山梨子", "JINKO": 371, "medical_area": "44_南部医療圏", "町丁目名": "佐伯市大字山梨子" }, "geometry": { "type": "Polygon", "coordinates": [ [ [ 131.8221400633104, 32.975927356708397 ], [ 131.824153557529911, 32.976044532378076 ], [ 131.825494625758722, 32.975554191097558 ], [ 131.826653820961639, 32.974615631769325 ], [ 131.832378516418999, 32.971135471897846 ], [ 131.833176158579079, 32.970281634785792 ], [ 131.833322886035887, 32.969681453991534 ], [ 131.833122923841131, 32.967720913566389 ], [ 131.831874272026738, 32.967968856457979 ], [ 131.831263977266502, 32.967908697068843 ], [ 131.830017382820898, 32.967329652405603 ], [ 131.829382361594639, 32.966750035488779 ], [ 131.827115734503082, 32.96562985020465 ], [ 131.821362551562572, 32.963821971754051 ], [ 131.816216691310558, 32.961470220244934 ], [ 131.814042277505649, 32.960069037285152 ], [ 131.811917461386059, 32.959498996773895 ], [ 131.809022208702999, 32.960029835146905 ], [ 131.807383619883211, 32.960878157422862 ], [ 131.806200426471179, 32.961790213973444 ], [ 131.804905053796574, 32.963419832462215 ], [ 131.803795660933503, 32.964302213864769 ], [ 131.802398831861552, 32.96511747918457 ], [ 131.802474706450795, 32.965274272927296 ], [ 131.803598388966236, 32.965552661438608 ], [ 131.805283148867119, 32.966686616074369 ], [ 131.809014852758139, 32.968103183844839 ], [ 131.810158263719643, 32.968119703731467 ], [ 131.810604338032988, 32.967640565383604 ], [ 131.811010906692303, 32.966862350040209 ], [ 131.811162761588093, 32.966854250461935 ], [ 131.812744789906759, 32.967179331025498 ], [ 131.814682988496202, 32.966955669803802 ], [ 131.815302887617406, 32.967654559115971 ], [ 131.817320590019108, 32.968224476569382 ], [ 131.819102238584463, 32.96805185061681 ], [ 131.820022495886661, 32.968792366502839 ], [ 131.820996468601663, 32.970126722773834 ], [ 131.820569678914694, 32.971830615047978 ], [ 131.820216051673611, 32.9746719892279 ], [ 131.820260451195736, 32.975824393474333 ], [ 131.820439145965423, 32.976431587754938 ], [ 131.820864878641203, 32.976927564227559 ], [ 131.8221400633104, 32.975927356708397 ] ] ] } },
{ "type": "Feature", "properties": { "CITY_NAME": "佐伯市", "S_NAME": "大字上小倉", "JINKO": 619, "medical_area": "44_南部医療圏", "町丁目名": "佐伯市大字上小倉" }, "geometry": { "type": "Polygon", "coordinates": [ [ [ 131.824617612251387, 32.981553883288534 ], [ 131.829341932039483, 32.981505755904791 ], [ 131.831170381437374, 32.980957261594476 ], [ 131.832849846789003, 32.980727667643528 ], [ 131.833385776045304, 32.977566824314792 ], [ 131.834299194935909, 32.975633614152137 ], [ 131.834874986105376, 32.971832286785393 ], [ 131.835290884236571, 32.971053830236386 ], [ 131.835802212547293, 32.970612709923131 ], [ 131.836561909546816, 32.97065866439744 ], [ 131.837156263773949, 32.970789482957819 ], [ 131.837384671465458, 32.971427577865164 ], [ 131.837626571639447, 32.971360696317149 ], [ 131.838727307195484, 32.970111734848793 ], [ 131.83886856534852, 32.969644235927788 ], [ 131.838722212582098, 32.969455920789287 ], [ 131.839750934790004, 32.968839439381377 ], [ 131.840420923725361, 32.969626777005693 ], [ 131.841387600988782, 32.969034026094207 ], [ 131.841228520675173, 32.968861562869542 ], [ 131.842756747303639, 32.967894625867245 ], [ 131.843863353611283, 32.969053935515959 ], [ 131.846403786639655, 32.96746561707743 ], [ 131.847880727968487, 32.965859854780589 ], [ 131.845760670174883, 32.96476996609001 ], [ 131.845023360379457, 32.964163509426719 ], [ 131.843788791456944, 32.964248394479561 ], [ 131.841754490289787, 32.963539573056096 ], [ 131.841277847389364, 32.963144131691166 ], [ 131.84054626849931, 32.962042789094482 ], [ 131.838868052547951, 32.962037159586345 ], [ 131.838138528657453, 32.96121183226704 ], [ 131.837713698650958, 32.960369607920377 ], [ 131.836121163619822, 32.96173371288198 ], [ 131.834610414148983, 32.963633900298348 ], [ 131.834136386945431, 32.964557036160386 ], [ 131.833838293511974, 32.967115362656997 ], [ 131.833122923841131, 32.967720913566389 ], [ 131.833322886035887, 32.969681453991534 ], [ 131.833176158579079, 32.970281634785792 ], [ 131.832737129146494, 32.970840962924271 ], [ 131.826653820961639, 32.974615631769325 ], [ 131.825494625758722, 32.975554191097558 ], [ 131.824153557529911, 32.976044532378076 ], [ 131.8221400633104, 32.975927356708397 ], [ 131.820996634785701, 32.976705400301363 ], [ 131.820761820805586, 32.977289241488926 ], [ 131.820002355643879, 32.977889045773189 ], [ 131.818999855861335, 32.978237588600621 ], [ 131.818712655392147, 32.978634232598807 ], [ 131.819924956750043, 32.979797419507761 ], [ 131.819903104543698, 32.980037533657715 ], [ 131.820405240924998, 32.980541231499451 ], [ 131.820231257491628, 32.980816150173851 ], [ 131.819105363158911, 32.980757619666882 ], [ 131.81864523289363, 32.98089246281009 ], [ 131.817173365329296, 32.980731256229539 ], [ 131.820028582366035, 32.981730834344873 ], [ 131.821565990696342, 32.982531514956761 ], [ 131.822817359300416, 32.981993826001649 ], [ 131.824617612251387, 32.981553883288534 ] ] ] } },
{ "type": "Feature", "properties": { "CITY_NAME": "佐伯市", "S_NAME": "大字井崎", "JINKO": 1924, "medical_area": "44_南部医療圏", "町丁目名": "佐伯市大字井崎" }, "geometry": { "type": "Polygon", "coordinates": [ [ [ 131.835880811523168, 32.980760952828447 ], [ 131.837442708422316, 32.979854913724537 ], [ 131.838527913015099, 32.980134908270429 ], [ 131.83988448114016, 32.980137061829943 ], [ 131.840274300296358, 32.980365376546423 ], [ 131.841649695528815, 32.980589880956423 ], [ 131.847117708775272, 32.97999609938919 ], [ 131.847259595051554, 32.980140901492533 ], [ 131.850224184172504, 32.978533240995432 ], [ 131.849747384007117, 32.976948968626445 ], [ 131.849879982299285, 32.976830885716929 ], [ 131.850821076858722, 32.976488400624028 ], [ 131.852788071329144, 32.976176504519707 ], [ 131.853958843346817, 32.97626136611327 ], [ 131.856025103146095, 32.976996752959828 ], [ 131.85990502587893, 32.977136422676871 ], [ 131.860142618530602, 32.974683371035034 ], [ 131.859631435291533, 32.974025911466669 ], [ 131.859606074036435, 32.973460980146406 ], [ 131.859802762874267, 32.972963485548149 ], [ 131.858724342678187, 32.971008164046346 ], [ 131.856793649670664, 32.970461357717255 ], [ 131.856876983895518, 32.970003320451887 ], [ 131.856388592686926, 32.969224615655612 ], [ 131.855706953727037, 32.969093051639142 ], [ 131.855042262356648, 32.96843831756739 ], [ 131.852548385480048, 32.968658855072043 ], [ 131.851784539991428, 32.968485793008341 ], [ 131.851885793666128, 32.968019231817131 ], [ 131.85255347496178, 32.966826991485874 ], [ 131.849074048051818, 32.966939120988236 ], [ 131.848489425607255, 32.966610682971627 ], [ 131.847880727968487, 32.965859854780589 ], [ 131.846403786639712, 32.967465617077437 ], [ 131.843863353611283, 32.969053935515959 ], [ 131.842756747303639, 32.967894625867245 ], [ 131.841228520675173, 32.968861562869542 ], [ 131.841387600988782, 32.969034026094207 ], [ 131.840420923725361, 32.969626777005693 ], [ 131.839750934790004, 32.968839439381377 ], [ 131.838722212582098, 32.969455920789287 ], [ 131.83886856534852, 32.969644235927788 ], [ 131.838727307195484, 32.970111734848793 ], [ 131.837767501054856, 32.971300939907053 ], [ 131.837384671465458, 32.971427577865164 ], [ 131.837156263773949, 32.970789482957819 ], [ 131.835802212547293, 32.970612709923131 ], [ 131.835132276695674, 32.971250915658338 ], [ 131.834874986105376, 32.971832286785393 ], [ 131.834299194935852, 32.975633614152137 ], [ 131.833385776045276, 32.977566824314785 ], [ 131.832849846789003, 32.980727667643528 ], [ 131.834269162028164, 32.980290133503736 ], [ 131.835880811523168, 32.980760952828447 ] ] ] } },
{ "type": "Feature", "properties": { "CITY_NAME": "佐伯市", "S_NAME": "大字小田", "JINKO": 289, "medical_area": "44_南部医療圏", "町丁目名": "佐伯市大字小田" }, "geometry": { "type": "Polygon", "coordinates": [ [ [ 131.848778906246594, 32.96682843690558 ], [ 131.85255347496178, 32.966826991485874 ], [ 131.854507202751705, 32.964661208453144 ], [ 131.854406609479923, 32.962088687349123 ], [ 131.852209375815818, 32.96051560166616 ], [ 131.852025474887796, 32.960020600683194 ], [ 131.853072527825248, 32.958825220258056 ], [ 131.853685497988153, 32.958881140962589 ], [ 131.85405784390241, 32.959202231915725 ], [ 131.854398584900196, 32.959276961423427 ], [ 131.855519857275539, 32.958583470492265 ], [ 131.855677296489176, 32.958227924747085 ], [ 131.855868606448524, 32.957588564629248 ], [ 131.855451728313511, 32.957163869711202 ], [ 131.855373435340709, 32.956668700291779 ], [ 131.853971534295397, 32.95554525791762 ], [ 131.853694808162516, 32.954885466656783 ], [ 131.852296554256071, 32.954695853001574 ], [ 131.849505600390756, 32.953671045361716 ], [ 131.846909460234826, 32.955630998064905 ], [ 131.844234052539349, 32.957120500874005 ], [ 131.841583477494225, 32.957922738850002 ], [ 131.837713698650958, 32.960369607920377 ], [ 131.838138528657453, 32.96121183226704 ], [ 131.838868052547951, 32.962037159586345 ], [ 131.84054626849931, 32.962042789094482 ], [ 131.841277847389364, 32.963144131691166 ], [ 131.841754490289787, 32.963539573056096 ], [ 131.843788791456944, 32.964248394479561 ], [ 131.845023360379486, 32.964163509426719 ], [ 131.845760670174883, 32.96476996609001 ], [ 131.847880727968487, 32.965859854780589 ], [ 131.848778906246594, 32.96682843690558 ] ] ] } },
{ "type": "Feature", "properties": { "CITY_NAME": "佐伯市", "S_NAME": "大字細田", "JINKO": 247, "medical_area": "44_南部医療圏", "町丁目名": "佐伯市大字細田" }, "geometry": { "type": "Polygon", "coordinates": [ [ [ 131.832177338897282, 32.959420575676006 ], [ 131.831789017222803, 32.958167644828379 ], [ 131.831504758807256, 32.955538433689149 ], [ 131.831592100481203, 32.953294909855174 ], [ 131.831164767969511, 32.952836706516386 ], [ 131.830847652974484, 32.951672428495847 ], [ 131.829559687387814, 32.950020435913913 ], [ 131.828306587420883, 32.949263025243077 ], [ 131.825921106611588, 32.948936106857225 ], [ 131.823196500328692, 32.94802320532667 ], [ 131.820817045927413, 32.947758899886203 ], [ 131.819378133708938, 32.947872487211853 ], [ 131.817546722213251, 32.94875293033688 ], [ 131.816250455131808, 32.950252794899242 ], [ 131.813341190473949, 32.952578370698951 ], [ 131.812978480077788, 32.953045584805977 ], [ 131.81280769272476, 32.95434444768555 ], [ 131.811955674787868, 32.954943860184983 ], [ 131.811515064641384, 32.955457016500056 ], [ 131.811231305372758, 32.955614293125862 ], [ 131.810362862029137, 32.955559797018914 ], [ 131.810000035017822, 32.956210280517979 ], [ 131.809583602831424, 32.956507723433809 ], [ 131.807454498877689, 32.957449694715308 ], [ 131.806304570629976, 32.959536445439404 ], [ 131.802828178408248, 32.962802971766621 ], [ 131.802467874702131, 32.96404618798163 ], [ 131.802398831861552, 32.96511747918457 ], [ 131.803795660933559, 32.964302213864769 ], [ 131.804905053796574, 32.963419832462215 ], [ 131.806200426471179, 32.961790213973444 ], [ 131.80738361988324, 32.960878157422862 ], [ 131.809022208702999, 32.960029835146905 ], [ 131.811917461386059, 32.959498996773895 ], [ 131.814042277505649, 32.960069037285152 ], [ 131.816216691310558, 32.961470220244934 ], [ 131.821362551562601, 32.963821971754051 ], [ 131.826174843716302, 32.965252760627571 ], [ 131.828739983005818, 32.966411414161414 ], [ 131.829245102553131, 32.965831406126924 ], [ 131.82953064304607, 32.963804200630278 ], [ 131.830296316076499, 32.962061269609343 ], [ 131.830874710053848, 32.961295509406717 ], [ 131.831864792477205, 32.960384325966558 ], [ 131.832177338897282, 32.959420575676006 ] ] ] } },
{ "type": "Feature", "properties": { "CITY_NAME": "佐伯市", "S_NAME": "大字平井", "JINKO": 187, "medical_area": "44_南部医療圏", "町丁目名": "佐伯市大字平井" }, "geometry": { "type": "Polygon", "coordinates": [ [ [ 131.839887154144833, 32.957060660459824 ], [ 131.837498066866857, 32.955897283611037 ], [ 131.836471089579163, 32.956223415274813 ], [ 131.835913900306224, 32.956106597313259 ], [ 131.834719425763069, 32.953826290174177 ], [ 131.83399971733175, 32.953287672324542 ], [ 131.832912243653823, 32.953066137667953 ], [ 131.831592100481203, 32.953294909855174 ], [ 131.831504758807256, 32.955538433689149 ], [ 131.831811851879877, 32.958295345092829 ], [ 131.832158541026672, 32.959072340792609 ], [ 131.832041552475488, 32.960100637709409 ], [ 131.830296316076499, 32.962061269609343 ], [ 131.82953064304607, 32.963804200630278 ], [ 131.829245102553131, 32.965831406126924 ], [ 131.828739983005818, 32.966411414161414 ], [ 131.830017382820898, 32.967329652405603 ], [ 131.831263977266502, 32.967908697068843 ], [ 131.831874272026738, 32.967968856457979 ], [ 131.832827438408231, 32.967803650759492 ], [ 131.833662940135213, 32.967362638543207 ], [ 131.833944746015845, 32.966498516163412 ], [ 131.834136386945431, 32.964557036160386 ], [ 131.834610414148983, 32.963633900298348 ], [ 131.836121163619822, 32.96173371288198 ], [ 131.836880560664241, 32.961035693042319 ], [ 131.839470026821743, 32.959295323174189 ], [ 131.839187368776891, 32.958164168766608 ], [ 131.839887154144833, 32.957060660459824 ] ] ] } },
{ "type": "Feature", "properties": { "CITY_NAME": "佐伯市", "S_NAME": "大字門田", "JINKO": 497, "medical_area": "44_南部医療圏", "町丁目名": "佐伯市大字門田" }, "geometry": { "type": "Polygon", "coordinates": [ [ [ 131.844234052539349, 32.957120500874005 ], [ 131.846909460234826, 32.955630998064905 ], [ 131.849505600390756, 32.953671045361716 ], [ 131.847672201786935, 32.953111871125628 ], [ 131.847252018242159, 32.951981681812022 ], [ 131.84673246851267, 32.951173052298365 ], [ 131.846717571811126, 32.950159602270382 ], [ 131.847153072170727, 32.949853469213103 ], [ 131.84769001236009, 32.948915954764388 ], [ 131.847586340097564, 32.948223990630652 ], [ 131.847357394426524, 32.947880327550251 ], [ 131.847704161240188, 32.946539121974695 ], [ 131.847258451160229, 32.946033157951582 ], [ 131.84694963740796, 32.945302764392586 ], [ 131.847966645225114, 32.944060999624419 ], [ 131.847331200878614, 32.942651211114956 ], [ 131.847717737348262, 32.942444987492223 ], [ 131.848597855010581, 32.941440946373156 ], [ 131.849562304332267, 32.940757197528676 ], [ 131.850664688522983, 32.940486345492971 ], [ 131.852939992711839, 32.939112048018238 ], [ 131.854891607335162, 32.93901902613856 ], [ 131.855607387893627, 32.938668899216943 ], [ 131.856404369122487, 32.938588191859999 ], [ 131.856656974695255, 32.938298610465978 ], [ 131.855674769896666, 32.936509642561759 ], [ 131.855508759233885, 32.935152303634105 ], [ 131.853865321779352, 32.933293334957241 ], [ 131.853358889624332, 32.932427959725999 ], [ 131.852875353815705, 32.932129368793468 ], [ 131.852304668660793, 32.931400639883883 ], [ 131.850787621031856, 32.930873467051406 ], [ 131.849328048175408, 32.930861295127286 ], [ 131.848623703589965, 32.930321213427632 ], [ 131.846422536615648, 32.929505392163506 ], [ 131.84551867423005, 32.930851611222799 ], [ 131.845248893726676, 32.932308889471834 ], [ 131.844481613214953, 32.933941063516194 ], [ 131.844384184754176, 32.935365979917592 ], [ 131.843733262930726, 32.936929791608783 ], [ 131.842458954860035, 32.938409435437762 ], [ 131.841286906294073, 32.940653662903465 ], [ 131.84132343921334, 32.941080351093007 ], [ 131.84192889835893, 32.941857132927623 ], [ 131.84212839007597, 32.942393449023399 ], [ 131.841718105970784, 32.943119807259862 ], [ 131.841649608088233, 32.943615511379605 ], [ 131.842857473216952, 32.944920590470375 ], [ 131.842804019082877, 32.945116747574311 ], [ 131.8407275147093, 32.946538637735394 ], [ 131.837653287448717, 32.94829351941253 ], [ 131.838053593831546, 32.949412025835052 ], [ 131.837267184745684, 32.949864839005208 ], [ 131.83641988165158, 32.949929949214649 ], [ 131.835940211680168, 32.949264462279764 ], [ 131.83484941072669, 32.948997018724221 ], [ 131.8339618218846, 32.947766613120088 ], [ 131.833059915046817, 32.947583292465197 ], [ 131.831790678223342, 32.946734947526565 ], [ 131.830803946018818, 32.946503229431912 ], [ 131.829845633239131, 32.946523113867805 ], [ 131.829504730195055, 32.946736615103283 ], [ 131.828567160013847, 32.948336466238914 ], [ 131.828306587420883, 32.949263025243077 ], [ 131.829559687387786, 32.950020435913956 ], [ 131.830082012133659, 32.950542292419399 ], [ 131.830847652974484, 32.951672428495847 ], [ 131.831164767969483, 32.952836706516401 ], [ 131.831592100481146, 32.953294909855174 ], [ 131.832912243653823, 32.953066137667953 ], [ 131.833999717331722, 32.953287672324542 ], [ 131.834719425763069, 32.953826290174177 ], [ 131.835913900306196, 32.956106597313244 ], [ 131.836471089579163, 32.956223415274813 ], [ 131.837498066866857, 32.955897283611037 ], [ 131.839887154144833, 32.957060660459824 ], [ 131.839187368776891, 32.958164168766608 ], [ 131.839470026821743, 32.959295323174189 ], [ 131.841583477494225, 32.957922738850002 ], [ 131.844234052539349, 32.957120500874005 ] ] ] } },
{ "type": "Feature", "properties": { "CITY_NAME": "佐伯市", "S_NAME": "大字江良", "JINKO": 521, "medical_area": "44_南部医療圏", "町丁目名": "佐伯市大字江良" }, "geometry": { "type": "Polygon", "coordinates": [ [ [ 131.83641988165158, 32.949929949214649 ], [ 131.837267184745713, 32.949864839005208 ], [ 131.838053593831546, 32.949412025835052 ], [ 131.837653287448717, 32.94829351941253 ], [ 131.8407275147093, 32.946538637735394 ], [ 131.842804019082877, 32.945116747574311 ], [ 131.842857473216952, 32.944920590470375 ], [ 131.841649608088233, 32.943615511379605 ], [ 131.841718105970784, 32.943119807259862 ], [ 131.84212839007597, 32.942393449023399 ], [ 131.84192889835893, 32.941857132927623 ], [ 131.84132343921334, 32.941080351093007 ], [ 131.841286906294073, 32.940653662903465 ], [ 131.842458954860035, 32.938409435437762 ], [ 131.843733262930726, 32.936929791608783 ], [ 131.844384184754176, 32.935365979917592 ], [ 131.844481613214953, 32.933941063516194 ], [ 131.845248893726676, 32.932308889471834 ], [ 131.84551867423005, 32.930851611222799 ], [ 131.846422536615648, 32.929505392163506 ], [ 131.84495035951079, 32.929116459359612 ], [ 131.844484313820828, 32.928350168266043 ], [ 131.843011300072305, 32.927384494862643 ], [ 131.842004535014979, 32.926279456564892 ], [ 131.841530304491158, 32.92603967470184 ], [ 131.841364121864586, 32.925558505324275 ], [ 131.841437660361379, 32.925013146562065 ], [ 131.840586135121612, 32.92414634777333 ], [ 131.840055174837403, 32.923231026062901 ], [ 131.839216500735972, 32.923148782902338 ], [ 131.838040711526872, 32.923990971897545 ], [ 131.837579089393643, 32.92479627813092 ], [ 131.836299429342006, 32.924491096089668 ], [ 131.835708577922333, 32.92459487347729 ], [ 131.834520920594287, 32.925896180890753 ], [ 131.8330873376824, 32.926318090583727 ], [ 131.833077125931936, 32.927101069974341 ], [ 131.832399793501821, 32.928097696322332 ], [ 131.83284696461817, 32.928714167678109 ], [ 131.832816776977609, 32.928871350311283 ], [ 131.832382666479731, 32.929517281711831 ], [ 131.832173377054744, 32.930406991555827 ], [ 131.831711998042152, 32.931005694654218 ], [ 131.831665538936647, 32.933032620959885 ], [ 131.831286558386637, 32.933644826361139 ], [ 131.830306436882552, 32.934635391235794 ], [ 131.829869563630893, 32.934944924061071 ], [ 131.82583248623564, 32.934448887507052 ], [ 131.825145944101706, 32.93376468138603 ], [ 131.825537279261113, 32.933300142011845 ], [ 131.825427138317821, 32.932909480997949 ], [ 131.824343791537558, 32.93173780612323 ], [ 131.823232159236255, 32.929844989224812 ], [ 131.821383591037147, 32.928391492881559 ], [ 131.821248005552405, 32.927134619884285 ], [ 131.820569335757114, 32.926651049138052 ], [ 131.819563650657471, 32.925335364761921 ], [ 131.817823511789271, 32.923956328240813 ], [ 131.8173192863689, 32.924670670587709 ], [ 131.816663871454864, 32.924877222910695 ], [ 131.815820655009418, 32.924863452989271 ], [ 131.81523960958441, 32.925246401411769 ], [ 131.814269201982199, 32.926421755069924 ], [ 131.813979182698063, 32.92707075879823 ], [ 131.813382262364911, 32.927529109661045 ], [ 131.813173621854276, 32.92844554877238 ], [ 131.813468688174225, 32.928812294912426 ], [ 131.813509284146875, 32.929268257165482 ], [ 131.814394131043656, 32.930310683420849 ], [ 131.814252041170221, 32.931231937199058 ], [ 131.814557254385363, 32.931793014898858 ], [ 131.813479682918739, 32.932731735123433 ], [ 131.813542326585718, 32.933332916298596 ], [ 131.814836935648174, 32.934096850332558 ], [ 131.814204573306739, 32.935121989389941 ], [ 131.814509014385123, 32.935816172692647 ], [ 131.814420947036581, 32.936179274634185 ], [ 131.813759230629984, 32.936382353870826 ], [ 131.812865395643399, 32.937093064152755 ], [ 131.812364591061112, 32.937288962367809 ], [ 131.811897712334513, 32.937897077257794 ], [ 131.81085460400098, 32.938183173497713 ], [ 131.81028887206125, 32.938552857693786 ], [ 131.810046157596787, 32.93974185504122 ], [ 131.809472969028604, 32.940862487244146 ], [ 131.809414558771522, 32.942227096371163 ], [ 131.810335788812267, 32.942522800701774 ], [ 131.811936737767695, 32.943545605704145 ], [ 131.812671907545905, 32.943684549863477 ], [ 131.813384813827554, 32.944995297030857 ], [ 131.813997158633953, 32.945588146762248 ], [ 131.814583901359953, 32.945848282196643 ], [ 131.814820541313082, 32.946807245517668 ], [ 131.814641418830604, 32.947947808219688 ], [ 131.815393532506192, 32.948225934765738 ], [ 131.816052109937431, 32.949290657474108 ], [ 131.816620650082939, 32.949784729807327 ], [ 131.817546722213251, 32.94875293033688 ], [ 131.819064413702051, 32.94796558050794 ], [ 131.820020223649038, 32.947779916813431 ], [ 131.823196500328692, 32.94802320532667 ], [ 131.825921106611588, 32.948936106857225 ], [ 131.828306587420883, 32.949263025243077 ], [ 131.828567160013847, 32.948336466238914 ], [ 131.829504730195055, 32.946736615103283 ], [ 131.829845633239159, 32.946523113867805 ], [ 131.830450984867099, 32.94649881220991 ], [ 131.831593450944354, 32.94665852517042 ], [ 131.832838433839555, 32.947486749597417 ], [ 131.833961821884628, 32.947766613120088 ], [ 131.83484941072669, 32.948997018724221 ], [ 131.835940211680168, 32.9492644622798 ], [ 131.83641988165158, 32.949929949214649 ] ] ] } },
{ "type": "Feature", "properties": { "CITY_NAME": "佐伯市", "S_NAME": "大字提内", "JINKO": 183, "medical_area": "44_南部医療圏", "町丁目名": "佐伯市大字提内" }, "geometry": { "type": "Polygon", "coordinates": [ [ [ 131.835953128326338, 32.924529068101386 ], [ 131.837579089393643, 32.92479627813092 ], [ 131.838040711526872, 32.923990971897545 ], [ 131.838753597475971, 32.923372948459537 ], [ 131.839410680111513, 32.923118948249204 ], [ 131.840055174837403, 32.923231026062901 ], [ 131.839858311715716, 32.922958410770022 ], [ 131.84004744889279, 32.922633165618777 ], [ 131.839959410987689, 32.921172184864105 ], [ 131.840431813250831, 32.920300154517108 ], [ 131.8412204854462, 32.92007028966124 ], [ 131.842930706381765, 32.920721442583627 ], [ 131.843670622307087, 32.920414572572547 ], [ 131.844762938864505, 32.920407197621898 ], [ 131.845031216907984, 32.920132944949714 ], [ 131.845393797291138, 32.919206431964561 ], [ 131.845441760368857, 32.918274682475001 ], [ 131.845752263299374, 32.917838159054085 ], [ 131.845582244209396, 32.917419617116273 ], [ 131.845093508811232, 32.917028993972259 ], [ 131.844861008470787, 32.915543236375264 ], [ 131.846238196099762, 32.914720300310357 ], [ 131.845963644107627, 32.914331921035192 ], [ 131.845533865676771, 32.912784905936022 ], [ 131.845002253628905, 32.9124682063417 ], [ 131.845015591882088, 32.912033691789908 ], [ 131.844337764507429, 32.91150813522377 ], [ 131.844500631503479, 32.910708166017507 ], [ 131.844031335558128, 32.908675483899771 ], [ 131.843036781808649, 32.907456250238916 ], [ 131.842149025635393, 32.906902631835102 ], [ 131.841112811595764, 32.906810185786604 ], [ 131.839509273647252, 32.906327606327636 ], [ 131.839135742073267, 32.905630616059874 ], [ 131.838558649764423, 32.905115389745795 ], [ 131.837576779158468, 32.904768520335452 ], [ 131.836972790365962, 32.9041798264671 ], [ 131.835825682773503, 32.903915028081499 ], [ 131.834934258923255, 32.902488845766449 ], [ 131.834814197001293, 32.901797525915789 ], [ 131.834138438682231, 32.901478037290985 ], [ 131.833631552096307, 32.900999128149991 ], [ 131.833398971654958, 32.900418995845449 ], [ 131.833445551169888, 32.899792830832958 ], [ 131.83278185477576, 32.899359126862308 ], [ 131.83227508785609, 32.899355122068741 ], [ 131.831476696552784, 32.898992246159679 ], [ 131.830402690198042, 32.898123142775802 ], [ 131.829215718160725, 32.898248791607671 ], [ 131.828273668317649, 32.898877182979803 ], [ 131.826878837315718, 32.900145463607942 ], [ 131.825756883020858, 32.901640194047765 ], [ 131.825254297501232, 32.901142801759271 ], [ 131.824398456892084, 32.901185231339177 ], [ 131.8219416536067, 32.900052684815897 ], [ 131.821436719202552, 32.900247429410285 ], [ 131.820973346204312, 32.900213654585841 ], [ 131.819712554504633, 32.899481525911519 ], [ 131.818946361030157, 32.899953696331401 ], [ 131.818416061374904, 32.900524590609614 ], [ 131.817643397678154, 32.900939451675399 ], [ 131.817462035842027, 32.902325083609561 ], [ 131.816784024905303, 32.903784877865007 ], [ 131.817056265531335, 32.904148258786634 ], [ 131.817015511897552, 32.904804416799657 ], [ 131.817249687540283, 32.905888723506841 ], [ 131.81816646244792, 32.906356486060616 ], [ 131.819350660438118, 32.907341772942374 ], [ 131.819159029332951, 32.908854431505347 ], [ 131.820097821282673, 32.910584759773364 ], [ 131.819935396639835, 32.91075920753967 ], [ 131.818671967000569, 32.910646634685598 ], [ 131.817519194437978, 32.910933494790946 ], [ 131.81656136409552, 32.912225238650471 ], [ 131.816604893017995, 32.912555089036694 ], [ 131.817319363706787, 32.913596862592449 ], [ 131.816666781739627, 32.914441772714717 ], [ 131.816569533864737, 32.915268166695952 ], [ 131.818314947845437, 32.91744597387278 ], [ 131.817206140185135, 32.918009268161299 ], [ 131.817428195154122, 32.91912518672811 ], [ 131.816804203544308, 32.920367460637323 ], [ 131.816922719288613, 32.920730089852093 ], [ 131.817722365707965, 32.921541877165922 ], [ 131.817452681868616, 32.92235364141024 ], [ 131.817851643798946, 32.923291512479736 ], [ 131.817823511789271, 32.923956328240813 ], [ 131.819563650657471, 32.925335364761921 ], [ 131.820569335757085, 32.926651049138052 ], [ 131.821248005552405, 32.927134619884285 ], [ 131.821383591037119, 32.928391492881552 ], [ 131.823232159236255, 32.929844989224812 ], [ 131.824343791537558, 32.93173780612323 ], [ 131.825427138317764, 32.932909480997949 ], [ 131.825537279261084, 32.933300142011845 ], [ 131.825145944101706, 32.93376468138603 ], [ 131.82583248623564, 32.934448887507052 ], [ 131.829869563630893, 32.934944924061071 ], [ 131.831286558386637, 32.933644826361139 ], [ 131.831665538936647, 32.933032620959885 ], [ 131.831711998042152, 32.931005694654218 ], [ 131.832173377054744, 32.930406991555827 ], [ 131.832382666479731, 32.929517281711831 ], [ 131.832816776977609, 32.928871350311283 ], [ 131.83284696461817, 32.928714167678109 ], [ 131.832399793501821, 32.928097696322332 ], [ 131.833077125931936, 32.927101069974341 ], [ 131.8330873376824, 32.926318090583727 ], [ 131.834219572908182, 32.926087881086538 ], [ 131.835481973599514, 32.924774656726008 ], [ 131.835953128326338, 32.924529068101386 ] ] ] } },
{ "type": "Feature", "properties": { "CITY_NAME": "佐伯市", "S_NAME": "大字床木", "JINKO": 514, "medical_area": "44_南部医療圏", "町丁目名": "佐伯市大字床木" }, "geometry": { "type": "Polygon", "coordinates": [ [ [ 131.864776211190588, 33.043615631279422 ], [ 131.865049353738215, 33.04318348035072 ], [ 131.865211173327225, 33.043317585121649 ], [ 131.865896718664885, 33.043275954584907 ], [ 131.866613822706569, 33.043467667846265 ], [ 131.8675182066319, 33.041924755177412 ], [ 131.86823160869082, 33.04174769759652 ], [ 131.868933344282027, 33.041865744050924 ], [ 131.869770555808458, 33.041657088185183 ], [ 131.870269055557401, 33.041887182891244 ], [ 131.871229669369427, 33.04162232612078 ], [ 131.871648359621844, 33.041152269836424 ], [ 131.872658715671463, 33.041489419953507 ], [ 131.874907517966591, 33.0415965745241 ], [ 131.875402200309537, 33.041445583739389 ], [ 131.875709457451563, 33.041517185292854 ], [ 131.876007792704712, 33.042166613304943 ], [ 131.876489865839858, 33.042212394475627 ], [ 131.877055702755882, 33.04186420965884 ], [ 131.880501879394302, 33.040902595137631 ], [ 131.880836145956181, 33.040922448338875 ], [ 131.881496349336146, 33.040999240737769 ], [ 131.882617338869068, 33.04142822258239 ], [ 131.883578117354375, 33.041232582929112 ], [ 131.885730479568394, 33.041935640668541 ], [ 131.886421023780116, 33.042404689483327 ], [ 131.88800776248047, 33.042822925306211 ], [ 131.888927714314121, 33.042755828011686 ], [ 131.889661648066351, 33.041697640975656 ], [ 131.889274217515293, 33.041246674009777 ], [ 131.88978925374019, 33.039896825044899 ], [ 131.889496205142734, 33.038799078367489 ], [ 131.887601812227217, 33.036978925249429 ], [ 131.887479027547755, 33.036402610554568 ], [ 131.886952964598834, 33.0358098012547 ], [ 131.885449135833994, 33.035007482811153 ], [ 131.884918647645804, 33.034397103032326 ], [ 131.884676289079408, 33.034398822334026 ], [ 131.884445732587977, 33.032860700501878 ], [ 131.883696740097605, 33.032118121541863 ], [ 131.883588995701331, 33.030950429125689 ], [ 131.8827003603447, 33.030215893168233 ], [ 131.882861782297937, 33.029822914562963 ], [ 131.882756470217004, 33.029384616008265 ], [ 131.882062779285548, 33.02852205478888 ], [ 131.881557600209618, 33.028440656382486 ], [ 131.881049930182712, 33.028109058867955 ], [ 131.879669144801284, 33.027892196106251 ], [ 131.879761788736488, 33.027629599951723 ], [ 131.879621219224504, 33.026637100569921 ], [ 131.879093522113152, 33.026147827442912 ], [ 131.878963316867498, 33.025752090277535 ], [ 131.877638771652471, 33.024741630651434 ], [ 131.877529516124383, 33.024509668652939 ], [ 131.877737331328092, 33.024197897446896 ], [ 131.877062390621546, 33.023082757513578 ], [ 131.876021440814725, 33.02205151776986 ], [ 131.87554957468933, 33.021799569179187 ], [ 131.874877900352431, 33.021764229173705 ], [ 131.874613004921144, 33.021410727103827 ], [ 131.874021193395492, 33.021044488214905 ], [ 131.874257411596432, 33.020297092621561 ], [ 131.874058913681438, 33.020053226307496 ], [ 131.874276254710708, 33.019690342028703 ], [ 131.874096486438134, 33.019344750805452 ], [ 131.873684876003011, 33.019172455534168 ], [ 131.872886412450526, 33.018361650747579 ], [ 131.871449708509346, 33.017883748708861 ], [ 131.870246510417246, 33.016830371331594 ], [ 131.870425151283143, 33.01600055993498 ], [ 131.870749047455121, 33.015520505734656 ], [ 131.870051844084713, 33.014882611990139 ], [ 131.869675526155248, 33.013457521043044 ], [ 131.869243318204951, 33.013449157602267 ], [ 131.869097367775964, 33.013249197484448 ], [ 131.869312942453405, 33.01251014002564 ], [ 131.868746318946648, 33.012104536125875 ], [ 131.868381091960742, 33.011576189233324 ], [ 131.868279768681958, 33.010657316665423 ], [ 131.868069895841842, 33.010366781231184 ], [ 131.868198619851057, 33.010183868932607 ], [ 131.869397948089841, 33.00971477394878 ], [ 131.869861546690657, 33.008801440708616 ], [ 131.869833992979608, 33.008056485683589 ], [ 131.870113955332357, 33.007694289426091 ], [ 131.869851755927527, 33.007115926412055 ], [ 131.869828194757076, 33.006317847030125 ], [ 131.870587383487759, 33.00549535830671 ], [ 131.87034827584543, 33.004977502452057 ], [ 131.870903358744073, 33.003993370785565 ], [ 131.871121283870679, 33.003267560924854 ], [ 131.871664386047485, 33.00289404066622 ], [ 131.871943500604374, 33.002448414552397 ], [ 131.871603014451097, 33.001229727574646 ], [ 131.87177691680219, 33.001069242157641 ], [ 131.872326297958722, 33.001096922248294 ], [ 131.872943152371334, 33.000404244519984 ], [ 131.873080853983282, 32.999675869299757 ], [ 131.873917160833429, 32.999500130251676 ], [ 131.874583817905602, 32.999052118759259 ], [ 131.87419687397886, 32.998152192467977 ], [ 131.874500717319876, 32.997656282292745 ], [ 131.874330894661995, 32.996730942496718 ], [ 131.874754622911126, 32.995618283605808 ], [ 131.874111920227222, 32.994653779688484 ], [ 131.874398754002414, 32.994349138193726 ], [ 131.874506833417485, 32.992211315149738 ], [ 131.87506124659734, 32.9912543908654 ], [ 131.875469261202369, 32.988864911922448 ], [ 131.874721538805744, 32.987476406065454 ], [ 131.87440386802561, 32.987202534520748 ], [ 131.87436782127898, 32.986098412006285 ], [ 131.873961273357338, 32.985440222774109 ], [ 131.873351858682668, 32.984977247930836 ], [ 131.873112533883585, 32.984220431706213 ], [ 131.87276217895166, 32.983851618398987 ], [ 131.8719496622127, 32.983668417751495 ], [ 131.871213371430997, 32.98327159566913 ], [ 131.87022222093168, 32.982319843684813 ], [ 131.868986337141308, 32.982663144941064 ], [ 131.86753179725963, 32.982478160128636 ], [ 131.86721289938086, 32.981903501599447 ], [ 131.866310989512414, 32.981499381022651 ], [ 131.866232229165121, 32.98100041248432 ], [ 131.86575809340917, 32.980670691207784 ], [ 131.865638562567369, 32.980284693785784 ], [ 131.863631986973644, 32.97975534177948 ], [ 131.863365326615707, 32.979417446779038 ], [ 131.862348947580301, 32.979029811086193 ], [ 131.862319855483662, 32.979820546541227 ], [ 131.861793697164472, 32.980448792403585 ], [ 131.858787954217178, 32.981522058375106 ], [ 131.858528261203418, 32.981712649649751 ], [ 131.858505808946489, 32.982087259233481 ], [ 131.858250366429928, 32.982518531428781 ], [ 131.857750877491782, 32.982952658724408 ], [ 131.856328680605912, 32.983603578676423 ], [ 131.856232777088451, 32.983518509089691 ], [ 131.854809967135168, 32.983939537822927 ], [ 131.853684062233953, 32.984600619268456 ], [ 131.852983845066206, 32.985512396760036 ], [ 131.852724032061332, 32.985553603501664 ], [ 131.85329784057862, 32.986141628428335 ], [ 131.853899199291561, 32.987141115113104 ], [ 131.854455504101622, 32.988762776548867 ], [ 131.854391003234269, 32.989649829151993 ], [ 131.854163033799495, 32.990254783702106 ], [ 131.853357378967786, 32.991565572631643 ], [ 131.853331411008014, 32.99189823752797 ], [ 131.853738740577569, 32.99246805667044 ], [ 131.853153029008354, 32.993659997922983 ], [ 131.853187156668184, 32.995882831400444 ], [ 131.853073618205485, 32.996228404336769 ], [ 131.852611391207489, 32.996591315526835 ], [ 131.849562264094544, 32.997848309706882 ], [ 131.848428802467197, 32.997976514223026 ], [ 131.847895681647742, 32.998202444194312 ], [ 131.847718499323008, 32.999795161400606 ], [ 131.848067082724469, 33.001675196633492 ], [ 131.846070906180842, 33.003689555395646 ], [ 131.844803145025111, 33.003966159189453 ], [ 131.843739382864356, 33.00495554935673 ], [ 131.843966694727897, 33.005234936570787 ], [ 131.844224952555265, 33.006218203009119 ], [ 131.844104603673173, 33.00698730982463 ], [ 131.842951992552514, 33.008423500378022 ], [ 131.842082776233923, 33.009224106845082 ], [ 131.841078950993051, 33.010837844758235 ], [ 131.840889540660839, 33.012051154936273 ], [ 131.84221134929976, 33.012108990875348 ], [ 131.84343572561977, 33.012963592185734 ], [ 131.843309282299657, 33.0132251633895 ], [ 131.842360662098457, 33.013276561619342 ], [ 131.841930085167917, 33.01372950801661 ], [ 131.841875680825268, 33.014207857241715 ], [ 131.841556360823404, 33.014349676606813 ], [ 131.841406841783396, 33.01487667412659 ], [ 131.842180322213466, 33.016199396980319 ], [ 131.84245079027815, 33.016353998235012 ], [ 131.842893238902064, 33.017139050300948 ], [ 131.844019834204119, 33.01845560549485 ], [ 131.84417428394616, 33.019105306512849 ], [ 131.844030380996713, 33.019746743115981 ], [ 131.844107564195696, 33.020344085343943 ], [ 131.84458456166027, 33.020969576555771 ], [ 131.844777281544509, 33.021607279985183 ], [ 131.844483069910694, 33.022403979110848 ], [ 131.843199055602724, 33.023585488494703 ], [ 131.842705113653921, 33.024292831518409 ], [ 131.842737844361267, 33.024886015020932 ], [ 131.842426673862207, 33.025106252055728 ], [ 131.842321642469102, 33.02567901720893 ], [ 131.841747257743691, 33.026608908165983 ], [ 131.841726106757022, 33.02686519154588 ], [ 131.842146405041149, 33.026881171633633 ], [ 131.841715931526579, 33.027291036855871 ], [ 131.841667125968854, 33.027708584009062 ], [ 131.842161501218754, 33.02825072008509 ], [ 131.842432598158837, 33.030076786407996 ], [ 131.842587318439087, 33.030340785011397 ], [ 131.84313036452491, 33.030668845729259 ], [ 131.843226931829918, 33.03099991614603 ], [ 131.842398570431044, 33.031836518104377 ], [ 131.841871223433145, 33.031884526668833 ], [ 131.841358508404255, 33.032399242736346 ], [ 131.841188568761424, 33.032892832081082 ], [ 131.841502458132453, 33.033668729992606 ], [ 131.84083746739762, 33.033755278028622 ], [ 131.840636932977304, 33.034013112687724 ], [ 131.840609503748084, 33.034753686032396 ], [ 131.840369977453776, 33.035186189741388 ], [ 131.840852844539199, 33.035586486962337 ], [ 131.840742603096288, 33.036166882245126 ], [ 131.84117557004933, 33.03643755828751 ], [ 131.841122128358336, 33.036790164372036 ], [ 131.841344675749127, 33.037140905864483 ], [ 131.840691100708767, 33.037155561894146 ], [ 131.840697666549147, 33.037415427534121 ], [ 131.840275870867771, 33.037890196868744 ], [ 131.840172894408994, 33.038311386286225 ], [ 131.840943533542855, 33.038424666324453 ], [ 131.842163766495389, 33.039350725239366 ], [ 131.842935696358296, 33.039185722091723 ], [ 131.843239790837657, 33.038937810209717 ], [ 131.845286607662388, 33.039305079488066 ], [ 131.846145979756642, 33.039127162370036 ], [ 131.846470106626612, 33.039444597988833 ], [ 131.847354388589679, 33.039579971609434 ], [ 131.848323610860717, 33.040200342327779 ], [ 131.849140539250499, 33.040157915167924 ], [ 131.850348048298542, 33.041280666400674 ], [ 131.851198549341092, 33.041692833330444 ], [ 131.852013355950248, 33.041429127116601 ], [ 131.85292390078996, 33.042012979730835 ], [ 131.853768524124973, 33.041822809659536 ], [ 131.855463155371581, 33.041983323316984 ], [ 131.856739392368979, 33.041138656770272 ], [ 131.857483664035016, 33.041133550641966 ], [ 131.859127427528847, 33.042068812245667 ], [ 131.861436146522777, 33.042347943279381 ], [ 131.86229682232289, 33.042305121625326 ], [ 131.863149893303842, 33.042975344561881 ], [ 131.864776211190588, 33.043615631279422 ] ] ] } },
{ "type": "Feature", "properties": { "CITY_NAME": "佐伯市", "S_NAME": "大字大坂本", "JINKO": 1083, "medical_area": "44_南部医療圏", "町丁目名": "佐伯市大字大坂本" }, "geometry": { "type": "Polygon", "coordinates": [ [ [ 131.8449259414447, 33.003911314661302 ], [ 131.846070906180842, 33.003689555395646 ], [ 131.848067082724469, 33.001675196633492 ], [ 131.847718499323008, 32.999795161400606 ], [ 131.847895681647742, 32.998202444194312 ], [ 131.848428802467197, 32.997976514223026 ], [ 131.849562264094544, 32.997848309706882 ], [ 131.852611391207489, 32.996591315526835 ], [ 131.853073618205485, 32.996228404336769 ], [ 131.853187156668184, 32.995882831400444 ], [ 131.853153029008354, 32.993659997922983 ], [ 131.853738740577569, 32.99246805667044 ], [ 131.853331411008014, 32.99189823752797 ], [ 131.853357378967786, 32.991565572631643 ], [ 131.854163033799495, 32.990254783702106 ], [ 131.854391003234269, 32.989649829151993 ], [ 131.854455504101622, 32.988762776548867 ], [ 131.853899199291561, 32.987141115113104 ], [ 131.85329784057862, 32.986141628428335 ], [ 131.852724032061332, 32.985553603501664 ], [ 131.852983845066206, 32.985512396760036 ], [ 131.853684062233953, 32.984600619268456 ], [ 131.854809967135168, 32.983939537822927 ], [ 131.856232777088451, 32.983518509089691 ], [ 131.856328680605912, 32.983603578676423 ], [ 131.857750877491782, 32.982952658724408 ], [ 131.858250366429928, 32.982518531428781 ], [ 131.858505808946489, 32.982087259233481 ], [ 131.858528261203418, 32.981712649649751 ], [ 131.858787954217178, 32.981522058375106 ], [ 131.861280774353588, 32.980710362021462 ], [ 131.862132563285257, 32.980149097363309 ], [ 131.862377106530431, 32.979562128365465 ], [ 131.862348947580301, 32.979029811086193 ], [ 131.861811323209906, 32.978649469822322 ], [ 131.861748609288981, 32.97835389013769 ], [ 131.861384716593108, 32.978072164651529 ], [ 131.861224364709415, 32.977585534130448 ], [ 131.860800749304047, 32.977117532326993 ], [ 131.856335048961142, 32.977034428321844 ], [ 131.855012469633806, 32.976714050941368 ], [ 131.853958843346817, 32.97626136611327 ], [ 131.852788071329144, 32.976176504519707 ], [ 131.850821076858722, 32.976488400624028 ], [ 131.849879982299285, 32.976830885716929 ], [ 131.849747384007117, 32.976948968626445 ], [ 131.850224184172504, 32.978533240995432 ], [ 131.847259595051554, 32.980140901492533 ], [ 131.847117708775272, 32.97999609938919 ], [ 131.841649695528815, 32.980589880956423 ], [ 131.840274300296386, 32.98036537654643 ], [ 131.83988448114016, 32.980137061829943 ], [ 131.838527913015099, 32.980134908270429 ], [ 131.837442708422344, 32.979854913724537 ], [ 131.835880811523168, 32.980760952828447 ], [ 131.834269162028164, 32.980290133503736 ], [ 131.832849846789003, 32.980727667643528 ], [ 131.832646178656177, 32.981104248268224 ], [ 131.832876859538061, 32.981878191762199 ], [ 131.833812029369852, 32.982432365832494 ], [ 131.83431840992256, 32.983065977775297 ], [ 131.835165594262747, 32.986249943631726 ], [ 131.836253740226368, 32.988444698169864 ], [ 131.836434782788473, 32.990319104603891 ], [ 131.838728385364249, 32.992831477590741 ], [ 131.838912340055543, 32.993780188580224 ], [ 131.838828081521342, 32.994954151167725 ], [ 131.839331760736798, 32.996400517284066 ], [ 131.839006525941556, 32.997596163411075 ], [ 131.838813603870364, 32.999266464089395 ], [ 131.839039139482367, 33.000128204898523 ], [ 131.839814645518857, 33.0015827101751 ], [ 131.84025249963949, 33.003054997868723 ], [ 131.841244767625398, 33.004221360688177 ], [ 131.843461109416779, 33.004750218994346 ], [ 131.843739382864356, 33.00495554935673 ], [ 131.8449259414447, 33.003911314661302 ] ] ] } },
{ "type": "Feature", "properties": { "CITY_NAME": "佐伯市", "S_NAME": "大字尺間", "JINKO": 418, "medical_area": "44_南部医療圏", "町丁目名": "佐伯市大字尺間" }, "geometry": { "type": "Polygon", "coordinates": [ [ [ 131.838309462809093, 33.039216811706844 ], [ 131.838525540805534, 33.038920327261003 ], [ 131.839484090353949, 33.038422180419104 ], [ 131.839568158802393, 33.038052820708437 ], [ 131.840172894408994, 33.038311386286225 ], [ 131.840275870867771, 33.037890196868744 ], [ 131.840697666549147, 33.037415427534121 ], [ 131.840691100708767, 33.037155561894146 ], [ 131.841324712153209, 33.037178659233277 ], [ 131.841122128358336, 33.036790164372036 ], [ 131.84117557004933, 33.03643755828751 ], [ 131.840742603096288, 33.036166882245126 ], [ 131.840852844539199, 33.035586486962337 ], [ 131.840369977453776, 33.035186189741388 ], [ 131.840609503748084, 33.034753686032396 ], [ 131.840636932977304, 33.034013112687724 ], [ 131.84083746739762, 33.033755278028622 ], [ 131.841502458132453, 33.033668729992606 ], [ 131.841188568761424, 33.032892832081082 ], [ 131.841358508404255, 33.032399242736346 ], [ 131.841871223433145, 33.031884526668833 ], [ 131.842398570431044, 33.031836518104377 ], [ 131.843226931829918, 33.03099991614603 ], [ 131.84313036452491, 33.030668845729259 ], [ 131.842587318439087, 33.030340785011397 ], [ 131.842432598158837, 33.030076786407996 ], [ 131.842161501218754, 33.02825072008509 ], [ 131.841667125968854, 33.027708584009062 ], [ 131.841715931526579, 33.027291036855871 ], [ 131.842146405041149, 33.026881171633633 ], [ 131.841705333725258, 33.026817457557208 ], [ 131.842321642469102, 33.02567901720893 ], [ 131.842426673862207, 33.025106252055728 ], [ 131.842737844361267, 33.024886015020932 ], [ 131.842705113653921, 33.024292831518409 ], [ 131.843199055602724, 33.023585488494703 ], [ 131.844483069910694, 33.022403979110848 ], [ 131.844777281544509, 33.021607279985183 ], [ 131.84458456166027, 33.020969576555771 ], [ 131.844107564195696, 33.020344085343943 ], [ 131.844030380996713, 33.019746743115981 ], [ 131.84417428394616, 33.019105306512849 ], [ 131.844019834204119, 33.01845560549485 ], [ 131.842893238902064, 33.017139050300948 ], [ 131.84245079027815, 33.016353998235012 ], [ 131.842180322213466, 33.016199396980319 ], [ 131.841406841783396, 33.01487667412659 ], [ 131.841556360823404, 33.014349676606813 ], [ 131.841875680825268, 33.014207857241715 ], [ 131.841930085167917, 33.01372950801661 ], [ 131.842360662098457, 33.013276561619342 ], [ 131.843309282299657, 33.0132251633895 ], [ 131.84343572561977, 33.012963592185734 ], [ 131.84221134929976, 33.012108990875348 ], [ 131.840889540660839, 33.012051154936273 ], [ 131.840865465069072, 33.011646265443993 ], [ 131.841078950993051, 33.010837844758235 ], [ 131.842082776233923, 33.009224106845082 ], [ 131.843897250108938, 33.007373663736715 ], [ 131.844224952555265, 33.006218203009119 ], [ 131.843966694727897, 33.005234936570787 ], [ 131.843619823504838, 33.004832252502382 ], [ 131.841244767625398, 33.004221360688177 ], [ 131.84025249963949, 33.003054997868723 ], [ 131.839814645518857, 33.0015827101751 ], [ 131.839039139482367, 33.000128204898523 ], [ 131.838813603870364, 32.999266464089395 ], [ 131.839006525941556, 32.997596163411075 ], [ 131.839331760736798, 32.996400517284066 ], [ 131.838828081521342, 32.994954151167725 ], [ 131.838912340055543, 32.993780188580224 ], [ 131.838728385364249, 32.992831477590741 ], [ 131.836434782788473, 32.990319104603891 ], [ 131.836253740226368, 32.988444698169864 ], [ 131.835165594262747, 32.986249943631726 ], [ 131.83431840992256, 32.983065977775297 ], [ 131.833812029369852, 32.982432365832494 ], [ 131.832876859538061, 32.981878191762199 ], [ 131.832646178656177, 32.981104248268224 ], [ 131.832849846789003, 32.980727667643528 ], [ 131.831170381437374, 32.980957261594476 ], [ 131.829341932039483, 32.981505755904791 ], [ 131.824991149225013, 32.981472572440047 ], [ 131.823177125137846, 32.981878804688996 ], [ 131.821565990696342, 32.982531514956761 ], [ 131.820028582366035, 32.981730834344873 ], [ 131.817173365329296, 32.980731256229539 ], [ 131.816833864952628, 32.980795975162607 ], [ 131.816429954261764, 32.981191385910499 ], [ 131.815538569653086, 32.983694677404998 ], [ 131.815204413883862, 32.983996797892033 ], [ 131.813645789507973, 32.984524853555577 ], [ 131.81277119430024, 32.984740005797448 ], [ 131.812186801516674, 32.984562033087279 ], [ 131.810485347145743, 32.983503285794974 ], [ 131.808248241427577, 32.982491392156099 ], [ 131.807549466321944, 32.982812051695973 ], [ 131.806791999736561, 32.982910973561196 ], [ 131.805774086996706, 32.9838755203887 ], [ 131.804845005387136, 32.983937374385675 ], [ 131.804548962944011, 32.984105531162122 ], [ 131.803431187328897, 32.984043220145082 ], [ 131.800270667770519, 32.985168639242936 ], [ 131.799351349992719, 32.984711193513938 ], [ 131.799202385164705, 32.984143897015052 ], [ 131.798828376005844, 32.983730662104392 ], [ 131.79773103472013, 32.983969329706511 ], [ 131.796622082233881, 32.98452828723218 ], [ 131.795358116575045, 32.984404144095784 ], [ 131.794609760126349, 32.984610588934451 ], [ 131.794179036046842, 32.984004186544844 ], [ 131.793366177607197, 32.983867617185567 ], [ 131.79240082701034, 32.983858746951256 ], [ 131.791839581345357, 32.98402309766594 ], [ 131.791277268576636, 32.983702326649407 ], [ 131.790217340926944, 32.982335400285685 ], [ 131.788354716087383, 32.980875385080736 ], [ 131.787296306109823, 32.978933334913812 ], [ 131.78682618278458, 32.978794571082013 ], [ 131.786486960322662, 32.978458736314309 ], [ 131.786062627936275, 32.978923370581981 ], [ 131.784150924565722, 32.979767982675263 ], [ 131.783934069359418, 32.979744814142428 ], [ 131.783717628277259, 32.979408213518923 ], [ 131.783298381733317, 32.97916282048898 ], [ 131.782691222567877, 32.979067139013303 ], [ 131.782210243714701, 32.980450603257701 ], [ 131.781721152147327, 32.981283561797959 ], [ 131.781392275471489, 32.982495731542294 ], [ 131.780003458440746, 32.984161488271567 ], [ 131.780178250959295, 32.984915356225237 ], [ 131.779911908462907, 32.985703311243938 ], [ 131.779932750710117, 32.986421349688577 ], [ 131.779615498437238, 32.987305016004839 ], [ 131.778484778005065, 32.987813540285963 ], [ 131.778088905394526, 32.988207105507776 ], [ 131.77816028310292, 32.988788555359612 ], [ 131.777769141130847, 32.989551389339297 ], [ 131.777768810934617, 32.990067863748472 ], [ 131.777606083270342, 32.990319620401564 ], [ 131.776585724001137, 32.99050038587513 ], [ 131.776146915634996, 32.991177650835823 ], [ 131.775473613844582, 32.991662863639021 ], [ 131.774835160433753, 32.991879406854203 ], [ 131.774763092514775, 32.992146947042208 ], [ 131.774962025734538, 32.992517737663199 ], [ 131.775574465206859, 32.992845092758969 ], [ 131.774810181852018, 32.993463047495332 ], [ 131.774414528335797, 32.994452100747274 ], [ 131.774796817474169, 32.994902166826492 ], [ 131.774925678200418, 32.995769450520456 ], [ 131.775748535015765, 32.996477085258633 ], [ 131.776479570898033, 32.997715940697802 ], [ 131.777244426814406, 32.9982595734499 ], [ 131.777319561657521, 32.998658189313495 ], [ 131.776945101518919, 32.999498872449003 ], [ 131.77571243643888, 33.000684168137937 ], [ 131.775114448988944, 33.001598702235476 ], [ 131.775057709336238, 33.001956503959192 ], [ 131.775315822100964, 33.002371238393962 ], [ 131.774403309126512, 33.003316787872414 ], [ 131.775606429466905, 33.005108647241514 ], [ 131.775520665343436, 33.005799732782584 ], [ 131.775925953659396, 33.006415963361334 ], [ 131.776666135780943, 33.006328493206745 ], [ 131.778409503217205, 33.007008205701631 ], [ 131.779547860231418, 33.008589402256121 ], [ 131.780297198605012, 33.008800180664423 ], [ 131.780675684346164, 33.010090542318252 ], [ 131.781353809345063, 33.010406721405566 ], [ 131.781358476086353, 33.010937042225038 ], [ 131.780667607236865, 33.012831962295586 ], [ 131.780881121101999, 33.013188348955609 ], [ 131.78122725190741, 33.013392828309868 ], [ 131.781614975951214, 33.014331577712582 ], [ 131.781989225635158, 33.014680004117899 ], [ 131.783929719112024, 33.014697363342549 ], [ 131.784927988975426, 33.015184255229194 ], [ 131.78472830774902, 33.015694297997662 ], [ 131.783976242003973, 33.016687084252879 ], [ 131.784755124341302, 33.018610517253734 ], [ 131.785217560767535, 33.019310449833036 ], [ 131.785292551204236, 33.019893736372843 ], [ 131.784431958941411, 33.020674301432599 ], [ 131.784268837547785, 33.021102959142347 ], [ 131.784410901017509, 33.021441824403325 ], [ 131.784871824977387, 33.021667384240487 ], [ 131.785038321151518, 33.02240443094864 ], [ 131.786507666012767, 33.022647070741073 ], [ 131.787508943152432, 33.023649526747676 ], [ 131.787614483028023, 33.023979772548252 ], [ 131.788131831317742, 33.023927622878922 ], [ 131.788832327143183, 33.024393228901104 ], [ 131.789648405641088, 33.024305340369246 ], [ 131.789752266862394, 33.024690115597778 ], [ 131.79057042740115, 33.024835353873797 ], [ 131.790751385424898, 33.025612588338852 ], [ 131.792152594177537, 33.026308751860235 ], [ 131.792687818345058, 33.026767872102468 ], [ 131.791889424265378, 33.027583289202042 ], [ 131.79150667730022, 33.028213686295167 ], [ 131.791540544621029, 33.029253180465496 ], [ 131.79079859835511, 33.029902762949867 ], [ 131.790748399157849, 33.031025510481925 ], [ 131.790438960395846, 33.031869770016492 ], [ 131.789895003402563, 33.032694816720259 ], [ 131.790037581913367, 33.033171466524763 ], [ 131.789921414678446, 33.033903570368835 ], [ 131.790173038092263, 33.034443670421112 ], [ 131.791278994558525, 33.034617393232146 ], [ 131.79341632697151, 33.035442361217356 ], [ 131.797540982949982, 33.03531747842591 ], [ 131.800153308584015, 33.034542641101389 ], [ 131.801890725178254, 33.033559459041385 ], [ 131.802553126132324, 33.033376159187405 ], [ 131.804128066944628, 33.0324012987763 ], [ 131.804878024592426, 33.032559640129755 ], [ 131.806302919714454, 33.032259718338715 ], [ 131.80797774715964, 33.032184779107418 ], [ 131.809802655763662, 33.031684876407787 ], [ 131.811064981984941, 33.032284838726461 ], [ 131.811652468158798, 33.032234853170799 ], [ 131.812502387425894, 33.031718264658345 ], [ 131.813514836828261, 33.032318224715866 ], [ 131.814302245191811, 33.032518225522409 ], [ 131.814839657229612, 33.033034861964921 ], [ 131.815714625941297, 33.032851567020565 ], [ 131.816864581191453, 33.032059985566221 ], [ 131.818301986071759, 33.031443417103169 ], [ 131.818564465041362, 33.030876790082495 ], [ 131.819339412238747, 33.030760152206668 ], [ 131.820414405805053, 33.030035247013274 ], [ 131.82115186323, 33.02929364321654 ], [ 131.821976795946796, 33.028968695866659 ], [ 131.822864215701713, 33.029935295205647 ], [ 131.823839097193712, 33.030493622285583 ], [ 131.824239066156309, 33.03099359299484 ], [ 131.824963977507252, 33.031460247519782 ], [ 131.825763915359488, 33.031460270639691 ], [ 131.826251346090658, 33.0317769355566 ], [ 131.826788768310081, 33.032718533782663 ], [ 131.827701176463961, 33.03276022666315 ], [ 131.827913632186636, 33.032960225777636 ], [ 131.827913590852802, 33.033501838614967 ], [ 131.828351076342841, 33.034110129598645 ], [ 131.828326047186522, 33.034626750957791 ], [ 131.829450931036178, 33.035010087233395 ], [ 131.831388253764857, 33.03656000654145 ], [ 131.831950625103701, 33.03813488704661 ], [ 131.832513076336824, 33.038559878160697 ], [ 131.834150374714881, 33.039409852330571 ], [ 131.834825389233032, 33.039343216008184 ], [ 131.83551241012907, 33.039060177892615 ], [ 131.836083693313924, 33.039213264565305 ], [ 131.83650630213026, 33.039148975913115 ], [ 131.837312081298052, 33.039475502600908 ], [ 131.838309462809093, 33.039216811706844 ] ] ] } },
{ "type": "Feature", "properties": { "CITY_NAME": "佐伯市", "S_NAME": "大字吹浦", "JINKO": 0, "medical_area": "44_南部医療圏", "町丁目名": "佐伯市大字吹浦" }, "geometry": { "type": "Polygon", "coordinates": [ [ [ 131.942190382368693, 32.964515166727018 ], [ 131.942363764479893, 32.964529192873201 ], [ 131.942370908363813, 32.964391175694765 ], [ 131.942106412614834, 32.964367014405887 ], [ 131.941706571095153, 32.964684725496497 ], [ 131.941799120175403, 32.965042914779687 ], [ 131.942190382368693, 32.964515166727018 ] ] ] } },
{ "type": "Feature", "properties": { "CITY_NAME": "佐伯市", "S_NAME": "大字吹浦", "JINKO": 498, "medical_area": "44_南部医療圏", "町丁目名": "佐伯市大字吹浦" }, "geometry": { "type": "Polygon", "coordinates": [ [ [ 131.934828430765634, 32.961671650214086 ], [ 131.935534047739822, 32.961806164653538 ], [ 131.935768430736459, 32.961598459680843 ], [ 131.935595656074696, 32.961340050113606 ], [ 131.935913484467648, 32.960851644109546 ], [ 131.936034641801342, 32.960271831256726 ], [ 131.93568553167438, 32.959519691114977 ], [ 131.935603330282902, 32.958926969142119 ], [ 131.935244560049455, 32.958470664908084 ], [ 131.935232609084721, 32.957137096915154 ], [ 131.93668013966365, 32.955957638773718 ], [ 131.936770381083477, 32.955489869985669 ], [ 131.936473521714845, 32.954921296555632 ], [ 131.936787329573804, 32.95344372011656 ], [ 131.937734346533773, 32.952372590638113 ], [ 131.937932964019836, 32.952531550362771 ], [ 131.938151166607412, 32.952242325593602 ], [ 131.939423394925399, 32.952195822924722 ], [ 131.939644390724908, 32.952360986253119 ], [ 131.939580320381168, 32.952481162309503 ], [ 131.939955977144535, 32.952598510622821 ], [ 131.940357303125182, 32.953231219066744 ], [ 131.941917111061599, 32.954884091715456 ], [ 131.941864160178739, 32.955138774223002 ], [ 131.943877884632485, 32.955521279856441 ], [ 131.943576188850471, 32.955406328309664 ], [ 131.9436116860673, 32.95522391486741 ], [ 131.944569113501728, 32.9552410432781 ], [ 131.945163011091637, 32.955575613425793 ], [ 131.945512337544699, 32.955933667351189 ], [ 131.945129261691136, 32.956322494999434 ], [ 131.944436969572308, 32.955992277257629 ], [ 131.945072052220723, 32.956372521545468 ], [ 131.944926119867006, 32.956534132272949 ], [ 131.945277664395888, 32.95680199741637 ], [ 131.944959166070731, 32.957127216548542 ], [ 131.945279774792937, 32.957400726174349 ], [ 131.944906611682967, 32.957811123489797 ], [ 131.944555637332371, 32.957400777896382 ], [ 131.944558885616544, 32.95699858292177 ], [ 131.944521551407632, 32.957409149589367 ], [ 131.944986129265601, 32.957949388379106 ], [ 131.944370614140439, 32.957901728142829 ], [ 131.944926176565247, 32.958048127877021 ], [ 131.944964531694694, 32.958432876936072 ], [ 131.94541240366658, 32.958706323881692 ], [ 131.945866678285796, 32.959384598643162 ], [ 131.945966752837279, 32.959844624920123 ], [ 131.946961807500685, 32.959773081333964 ], [ 131.947936989716396, 32.959342797749088 ], [ 131.948643507451465, 32.959499761300883 ], [ 131.949257935073973, 32.95934271803926 ], [ 131.948303755967487, 32.957958501445638 ], [ 131.948136263930593, 32.956709833372884 ], [ 131.948913302187748, 32.955686675997754 ], [ 131.949522240027818, 32.953188612667645 ], [ 131.948986443853528, 32.951135663663756 ], [ 131.948735128142545, 32.948624859987973 ], [ 131.948895289986893, 32.947943325824312 ], [ 131.94936902866516, 32.947044414763653 ], [ 131.950298819585186, 32.945728081658665 ], [ 131.950249246322699, 32.945006411621115 ], [ 131.95096039275316, 32.943178289488579 ], [ 131.950947810438038, 32.942353659511227 ], [ 131.951194233866602, 32.941202955437255 ], [ 131.9520761679141, 32.940044216170676 ], [ 131.952553164893203, 32.939097141347574 ], [ 131.952498668392593, 32.938315379222068 ], [ 131.952810374022533, 32.938105847046586 ], [ 131.953157026415511, 32.937337816563179 ], [ 131.953334022508784, 32.937296194072324 ], [ 131.95366548332737, 32.936390165664506 ], [ 131.953744460797026, 32.935793953128339 ], [ 131.953623715902467, 32.935355068822105 ], [ 131.950700509170332, 32.933779440425759 ], [ 131.948896088402961, 32.933576728781347 ], [ 131.948054163341766, 32.933151654722373 ], [ 131.947389825180323, 32.933382111649223 ], [ 131.946265719341881, 32.934148519270018 ], [ 131.945043589909176, 32.934089058755333 ], [ 131.941691094070336, 32.934378544987574 ], [ 131.941238092641044, 32.934830217427162 ], [ 131.940917203150519, 32.936010338000386 ], [ 131.940352592761485, 32.936092301268999 ], [ 131.938241101901156, 32.937070741484291 ], [ 131.938025315667801, 32.937585433231703 ], [ 131.936299680917415, 32.93917122325945 ], [ 131.935166730002294, 32.939558002194325 ], [ 131.934357669670618, 32.941218428056757 ], [ 131.934601045322665, 32.941925891047838 ], [ 131.934285495421221, 32.942745365682228 ], [ 131.934538182431481, 32.943313027107926 ], [ 131.934566303284981, 32.943929451485921 ], [ 131.934197538637989, 32.944662752955907 ], [ 131.933490131443676, 32.945220888737005 ], [ 131.932858707519244, 32.946332819055371 ], [ 131.933320743426037, 32.946929302988565 ], [ 131.933410991290884, 32.947296187555665 ], [ 131.933299733022068, 32.947673682544661 ], [ 131.933524737009321, 32.948007666105219 ], [ 131.933302668811223, 32.949672420556922 ], [ 131.933132656306526, 32.949953156662062 ], [ 131.93335436098036, 32.950648644027865 ], [ 131.933023487933838, 32.951907176162592 ], [ 131.933081463444609, 32.952455036802739 ], [ 131.932598121556708, 32.953605341688707 ], [ 131.932606922057943, 32.954443655770184 ], [ 131.932128296503578, 32.955868830672713 ], [ 131.932435114176428, 32.956607727527036 ], [ 131.932463858213026, 32.957459559919862 ], [ 131.932712970531355, 32.958018143560459 ], [ 131.93295256805834, 32.958195575482328 ], [ 131.933487090620787, 32.959171218269518 ], [ 131.934647580152586, 32.960391264811271 ], [ 131.934045544694754, 32.961563725057225 ], [ 131.93391218718395, 32.962248187661856 ], [ 131.933983221248496, 32.96312218546224 ], [ 131.934306862191676, 32.962064750384933 ], [ 131.934828430765634, 32.961671650214086 ] ] ] } },
{ "type": "Feature", "properties": { "CITY_NAME": "佐伯市", "S_NAME": "大字吹浦", "JINKO": 0, "medical_area": "44_南部医療圏", "町丁目名": "佐伯市大字吹浦" }, "geometry": { "type": "Polygon", "coordinates": [ [ [ 131.944298682163179, 32.961700682671946 ], [ 131.943350160789436, 32.962331843938905 ], [ 131.943373236836919, 32.962962124404029 ], [ 131.943559970886071, 32.963029599150062 ], [ 131.944500087735889, 32.96233078296882 ], [ 131.944609542209776, 32.961857905004791 ], [ 131.944298682163179, 32.961700682671946 ] ] ] } },
{ "type": "Feature", "properties": { "CITY_NAME": "佐伯市", "S_NAME": "大字吹浦", "JINKO": 0, "medical_area": "44_南部医療圏", "町丁目名": "佐伯市大字吹浦" }, "geometry": { "type": "Polygon", "coordinates": [ [ [ 131.940103293599009, 32.969250474434084 ], [ 131.939708078481004, 32.969605113881855 ], [ 131.939868790339773, 32.970236915511151 ], [ 131.939728102238888, 32.970588741206626 ], [ 131.93997274523872, 32.970962021811118 ], [ 131.940113215031801, 32.970786934417347 ], [ 131.939994691034627, 32.970406394816877 ], [ 131.940276990989076, 32.970295167821149 ], [ 131.940372430516163, 32.969916627144251 ], [ 131.940103293599009, 32.969250474434084 ] ] ] } },
{ "type": "Feature", "properties": { "CITY_NAME": "佐伯市", "S_NAME": "大字地松浦", "JINKO": 736, "medical_area": "44_南部医療圏", "町丁目名": "佐伯市大字地松浦" }, "geometry": { "type": "Polygon", "coordinates": [ [ [ 131.951241562060602, 32.955506178588827 ], [ 131.951587951724775, 32.955486417975017 ], [ 131.951500985529208, 32.95535542587028 ], [ 131.951664814629027, 32.955274832651043 ], [ 131.951903732582309, 32.955316299664261 ], [ 131.951790667186287, 32.955042133167751 ], [ 131.952208907463586, 32.954647611358347 ], [ 131.953278728839621, 32.954276988602174 ], [ 131.95338753644117, 32.953655779709322 ], [ 131.955464795985023, 32.953970900923792 ], [ 131.956962745369822, 32.952445493353167 ], [ 131.95543267613823, 32.953874660053671 ], [ 131.953721856376347, 32.953609956556171 ], [ 131.953582758522771, 32.952810286539382 ], [ 131.95951735954435, 32.946363754947711 ], [ 131.959052016650077, 32.946250089750762 ], [ 131.959148167392556, 32.945939165996215 ], [ 131.959623709098508, 32.945511724563403 ], [ 131.96022822135069, 32.945638749775163 ], [ 131.960176478692688, 32.945798746833411 ], [ 131.960327903762078, 32.945856198149833 ], [ 131.96035898848379, 32.944952120573838 ], [ 131.960598173955844, 32.944571989274898 ], [ 131.960368485179373, 32.946248132640349 ], [ 131.961992926641273, 32.946540457332887 ], [ 131.962421280449689, 32.944750099130125 ], [ 131.96216461029465, 32.944694989241434 ], [ 131.962183819352731, 32.944292829582523 ], [ 131.962457906642214, 32.943649243526743 ], [ 131.961693672753057, 32.942920571511735 ], [ 131.961166202182966, 32.943133070248223 ], [ 131.961196607805533, 32.942243828791725 ], [ 131.961511533156482, 32.941754233671986 ], [ 131.962656906226613, 32.941204336203441 ], [ 131.962773053363833, 32.940956814741867 ], [ 131.962612513327912, 32.940381146762626 ], [ 131.96425985454573, 32.931075559194298 ], [ 131.963874286205964, 32.930608388532661 ], [ 131.96318508240941, 32.930620036181679 ], [ 131.960277229411844, 32.931371104195662 ], [ 131.958930269865505, 32.931423390488071 ], [ 131.958834375702963, 32.932074663444091 ], [ 131.958473563994914, 32.932669519156235 ], [ 131.957853721707266, 32.93303444502871 ], [ 131.956333006301094, 32.933493043860523 ], [ 131.954648415943126, 32.934429661596525 ], [ 131.953623715902467, 32.935355068822105 ], [ 131.953744460797026, 32.935793953128339 ], [ 131.953665483327427, 32.936390165664506 ], [ 131.953334022508784, 32.937296194072324 ], [ 131.953157026415511, 32.937337816563179 ], [ 131.952810374022533, 32.938105847046586 ], [ 131.952498668392593, 32.938315379222068 ], [ 131.952553164893203, 32.939097141347574 ], [ 131.9520761679141, 32.940044216170676 ], [ 131.951194233866602, 32.941202955437255 ], [ 131.950947810438038, 32.942353659511227 ], [ 131.95096039275316, 32.943178289488579 ], [ 131.950249246322699, 32.945006411621115 ], [ 131.950298819585186, 32.945728081658665 ], [ 131.94936902866516, 32.947044414763653 ], [ 131.948895289986893, 32.947943325824312 ], [ 131.948735128142545, 32.948624859987973 ], [ 131.948986443853528, 32.951135663663756 ], [ 131.949522240027818, 32.953188612667645 ], [ 131.948913302187748, 32.955686675997754 ], [ 131.948136263930593, 32.956709833372884 ], [ 131.948303755967487, 32.957958501445638 ], [ 131.949257935073973, 32.95934271803926 ], [ 131.949995362542751, 32.958584191768963 ], [ 131.949893722908882, 32.957385671640253 ], [ 131.950397724419219, 32.956702851712855 ], [ 131.950435066986813, 32.956295891069942 ], [ 131.951241562060602, 32.955506178588827 ] ] ] } },
{ "type": "Feature", "properties": { "CITY_NAME": "佐伯市", "S_NAME": "大字沖松浦", "JINKO": 753, "medical_area": "44_南部医療圏", "町丁目名": "佐伯市大字沖松浦" }, "geometry": { "type": "Polygon", "coordinates": [ [ [ 131.97416257113133, 32.962081613092742 ], [ 131.974319354556513, 32.959882150609111 ], [ 131.973854994232028, 32.959012760096215 ], [ 131.973716757542377, 32.957188503217829 ], [ 131.973077223847696, 32.955925013051733 ], [ 131.973065919881236, 32.955343196004925 ], [ 131.972448398415509, 32.955157344518355 ], [ 131.971778136319102, 32.954664316051669 ], [ 131.971362948107782, 32.953442494804676 ], [ 131.97054767184315, 32.952629921614339 ], [ 131.970178514369167, 32.95197101276603 ], [ 131.969400591356731, 32.948889330747484 ], [ 131.969729036308479, 32.947871227931444 ], [ 131.969436384156978, 32.947483329128637 ], [ 131.969402879946927, 32.946893284877348 ], [ 131.968682963757743, 32.945348344695297 ], [ 131.968767775233829, 32.944037866323271 ], [ 131.969077155651263, 32.943746643558313 ], [ 131.969723716749513, 32.943523760240787 ], [ 131.970484488271069, 32.942481660743162 ], [ 131.970543668687611, 32.941014297297158 ], [ 131.970339550418771, 32.940483837346868 ], [ 131.970400319122604, 32.939996932748151 ], [ 131.970842023953992, 32.938344187458057 ], [ 131.97134719220989, 32.937356006801281 ], [ 131.971214642359769, 32.935323886612458 ], [ 131.971773913178396, 32.934541764818213 ], [ 131.972163238377732, 32.932810542879857 ], [ 131.971543007639525, 32.931949494287757 ], [ 131.970000836834089, 32.93095332086898 ], [ 131.968624930786007, 32.931022850873333 ], [ 131.967925641719205, 32.931244179677392 ], [ 131.967320841286238, 32.9317353868732 ], [ 131.966779157232054, 32.931770413464555 ], [ 131.965952292820958, 32.931260809680559 ], [ 131.964468624381027, 32.931223246592964 ], [ 131.96425985454573, 32.931075559194298 ], [ 131.962612513327912, 32.940381146762626 ], [ 131.962773053363833, 32.940956814741867 ], [ 131.962656906226613, 32.941204336203441 ], [ 131.961370368061495, 32.941917826987961 ], [ 131.961196607805533, 32.942243828791725 ], [ 131.961166202182966, 32.943133070248223 ], [ 131.961693672753057, 32.942920571511735 ], [ 131.962457906642186, 32.943649243526743 ], [ 131.962183819352731, 32.944292829582523 ], [ 131.96216461029465, 32.944694989241434 ], [ 131.962421280449689, 32.944750099130125 ], [ 131.962165260645833, 32.945866455508408 ], [ 131.962503224332664, 32.947834183325654 ], [ 131.963510831638672, 32.947763242344706 ], [ 131.964897082933305, 32.948768805539231 ], [ 131.964119609871915, 32.949752248639129 ], [ 131.96383212874872, 32.949184575616442 ], [ 131.963630690580459, 32.949046359076419 ], [ 131.964082758514053, 32.949805732276758 ], [ 131.963824328406105, 32.950136845020211 ], [ 131.962924661937137, 32.949623470448856 ], [ 131.962743253125353, 32.949861114583115 ], [ 131.962575074150578, 32.949839239417855 ], [ 131.963913928068934, 32.950609555015468 ], [ 131.963187338704131, 32.951464551690989 ], [ 131.963364333326098, 32.951705755462676 ], [ 131.963317223613586, 32.954073114045606 ], [ 131.962340120352934, 32.954606318736424 ], [ 131.961875272431371, 32.955530538686538 ], [ 131.961015542887822, 32.955940198028316 ], [ 131.960364379800694, 32.956459166842912 ], [ 131.961012712238073, 32.955979898686529 ], [ 131.961383146730299, 32.956406269978764 ], [ 131.961371202153799, 32.95659211561825 ], [ 131.960225364313374, 32.957451219489293 ], [ 131.959800984727963, 32.957073944996168 ], [ 131.959920294584322, 32.956632093886924 ], [ 131.959728321790038, 32.957077204781832 ], [ 131.96022509454906, 32.957518850115328 ], [ 131.960121242348492, 32.958401520386801 ], [ 131.959940802228431, 32.958731125709846 ], [ 131.959491452761029, 32.958820229881169 ], [ 131.960094229963687, 32.958770527467983 ], [ 131.96025893973723, 32.959073144851025 ], [ 131.960291509140745, 32.959704997576232 ], [ 131.95995369027878, 32.960116963065659 ], [ 131.960037106643568, 32.960320112129395 ], [ 131.959917138343855, 32.960500471487542 ], [ 131.960283490039842, 32.960254201829102 ], [ 131.960747649376742, 32.960544603803577 ], [ 131.960851099043083, 32.960421176731877 ], [ 131.960698090198917, 32.960119373105272 ], [ 131.961088337251908, 32.959610518563508 ], [ 131.9623501667391, 32.95938262299574 ], [ 131.962908252868175, 32.959457685141622 ], [ 131.963368608274635, 32.960190848907246 ], [ 131.963765218298818, 32.960269851797236 ], [ 131.963631702204623, 32.959793872907049 ], [ 131.964315660848456, 32.958161921005036 ], [ 131.964414172374319, 32.95679146029682 ], [ 131.964644227949577, 32.956208084072543 ], [ 131.965040232822673, 32.955740652430443 ], [ 131.965115682946674, 32.955109774032671 ], [ 131.966328659944764, 32.954630632784216 ], [ 131.966984425337898, 32.953656231630497 ], [ 131.967445367986642, 32.953652674109691 ], [ 131.966967844117988, 32.953606765278955 ], [ 131.967044839718938, 32.953211218144688 ], [ 131.967531973687954, 32.952965801264057 ], [ 131.96780100952364, 32.952918638337735 ], [ 131.967836878771777, 32.953074355680833 ], [ 131.967865037415038, 32.952905520782899 ], [ 131.968596495442284, 32.952898966981941 ], [ 131.969808640445933, 32.953718265497386 ], [ 131.970284787638434, 32.954617196633244 ], [ 131.97018192576985, 32.955581021880633 ], [ 131.969224387691412, 32.955653356414146 ], [ 131.970216736971821, 32.955639363786261 ], [ 131.971753509525143, 32.956010684987376 ], [ 131.972361166206952, 32.956615530945854 ], [ 131.97223157165925, 32.956692279513121 ], [ 131.972528480507947, 32.957045254413003 ], [ 131.971901753425129, 32.958417110991938 ], [ 131.971618141629762, 32.958401275992685 ], [ 131.972035396643946, 32.958511656945973 ], [ 131.973208749048212, 32.959875861120189 ], [ 131.973231888335789, 32.960332847334556 ], [ 131.973039185867236, 32.960606663254062 ], [ 131.973195646208865, 32.961417892375074 ], [ 131.972634647137625, 32.961956060636105 ], [ 131.972810723875085, 32.962017813516333 ], [ 131.972704219820429, 32.963325225715188 ], [ 131.973904482417367, 32.96363150050594 ], [ 131.974150018877225, 32.964075037046335 ], [ 131.974958020642248, 32.963915460149593 ], [ 131.974299899725736, 32.962853438261085 ], [ 131.97416257113133, 32.962081613092742 ] ] ] } },
{ "type": "Feature", "properties": { "CITY_NAME": "佐伯市", "S_NAME": "大字沖松浦", "JINKO": 0, "medical_area": "44_南部医療圏", "町丁目名": "佐伯市大字沖松浦" }, "geometry": { "type": "Polygon", "coordinates": [ [ [ 131.982851797868221, 32.985819587443892 ], [ 131.982051959361797, 32.984869670337993 ], [ 131.981326946756468, 32.985044616006114 ], [ 131.981276996954676, 32.985319587610896 ], [ 131.981439429572788, 32.985502894773987 ], [ 131.982076919960605, 32.985794559345713 ], [ 131.982851797868221, 32.985819587443892 ] ] ] } },
{ "type": "Feature", "properties": { "CITY_NAME": "佐伯市", "S_NAME": "大字沖松浦", "JINKO": 0, "medical_area": "44_南部医療圏", "町丁目名": "佐伯市大字沖松浦" }, "geometry": { "type": "Polygon", "coordinates": [ [ [ 131.957104837624769, 32.97099181204964 ], [ 131.957233904893116, 32.971056650816173 ], [ 131.957559487076935, 32.970791759245181 ], [ 131.958235818719544, 32.971114812847389 ], [ 131.958636270764657, 32.97084934541941 ], [ 131.958086405323428, 32.969862565263789 ], [ 131.956669382174937, 32.9689022535322 ], [ 131.956495358126773, 32.968534780659361 ], [ 131.956616932662627, 32.9680054473721 ], [ 131.957546780439174, 32.967033504913402 ], [ 131.957270836226002, 32.966545080718646 ], [ 131.957185791538109, 32.965702626776157 ], [ 131.957550868760478, 32.965335543798609 ], [ 131.958007886482221, 32.965156214251394 ], [ 131.957941504505754, 32.964952032528423 ], [ 131.95719504251619, 32.964374327903819 ], [ 131.956771646486601, 32.964788746284448 ], [ 131.955692678680265, 32.965212676235751 ], [ 131.953334795154774, 32.964781591292038 ], [ 131.954389994146311, 32.965831268948428 ], [ 131.954467602854777, 32.966178739438654 ], [ 131.954171548661293, 32.966601196467664 ], [ 131.954261444170839, 32.96720556163126 ], [ 131.954081404495241, 32.967871500574816 ], [ 131.952697863008183, 32.968724237846274 ], [ 131.952825757601516, 32.969482510713071 ], [ 131.952597372959218, 32.969927892479213 ], [ 131.952934090157811, 32.970302250078582 ], [ 131.952921354490286, 32.971108486931058 ], [ 131.953382498272447, 32.971123010553072 ], [ 131.953923208745692, 32.970671637051055 ], [ 131.954263405369261, 32.970669044492688 ], [ 131.954277791616192, 32.970514739572899 ], [ 131.9548974416075, 32.970340493036829 ], [ 131.956411885650624, 32.970715770515916 ], [ 131.956633305131618, 32.971207320486414 ], [ 131.957053261482798, 32.971563898363833 ], [ 131.957104837624769, 32.97099181204964 ] ] ] } },
{ "type": "Feature", "properties": { "CITY_NAME": "佐伯市", "S_NAME": "大字沖松浦", "JINKO": 0, "medical_area": "44_南部医療圏", "町丁目名": "佐伯市大字沖松浦" }, "geometry": { "type": "Polygon", "coordinates": [ [ [ 131.97501989921966, 32.965722030738853 ], [ 131.974859274042331, 32.965789799222385 ], [ 131.974937526981421, 32.966104772741154 ], [ 131.975045260245281, 32.966014671590045 ], [ 131.97501989921966, 32.965722030738853 ] ] ] } },
{ "type": "Feature", "properties": { "CITY_NAME": "佐伯市", "S_NAME": "大字有明浦", "JINKO": 156, "medical_area": "44_南部医療圏", "町丁目名": "佐伯市大字有明浦" }, "geometry": { "type": "Polygon", "coordinates": [ [ [ 131.975175918847697, 32.963599966955009 ], [ 131.974972110222552, 32.962573599936952 ], [ 131.975018882040757, 32.961962778503349 ], [ 131.97487803145961, 32.961798858370855 ], [ 131.975043737916536, 32.961105957660166 ], [ 131.974878255762405, 32.960258732672109 ], [ 131.974888922916108, 32.959083714863667 ], [ 131.975205935448656, 32.958442836553282 ], [ 131.97489542296492, 32.958115225141796 ], [ 131.97496420886165, 32.957370776372528 ], [ 131.974594939903398, 32.957049032473009 ], [ 131.974070385547208, 32.955939495330682 ], [ 131.974920511002694, 32.954554163965 ], [ 131.973133844876571, 32.954114492645886 ], [ 131.972592031023169, 32.953080826697153 ], [ 131.97209773938647, 32.952670777418419 ], [ 131.972027683776133, 32.952232185732051 ], [ 131.971730875560127, 32.951886426086226 ], [ 131.97232178068441, 32.950764623565277 ], [ 131.97380882911483, 32.950319351012865 ], [ 131.973524822953749, 32.949975301739705 ], [ 131.973807687143221, 32.949826126297026 ], [ 131.972494305252212, 32.948747959866665 ], [ 131.972162780989095, 32.948260001614855 ], [ 131.972253057620776, 32.947614577445385 ], [ 131.972628652059342, 32.947342950287251 ], [ 131.972068894398177, 32.946711586292871 ], [ 131.97197178803205, 32.946243449163916 ], [ 131.972476592501465, 32.945663340362323 ], [ 131.973162389090419, 32.945589484279694 ], [ 131.973055764759323, 32.945328815977796 ], [ 131.973256340012341, 32.945090109374391 ], [ 131.973978858862978, 32.944662491779965 ], [ 131.974532925497158, 32.944568909257796 ], [ 131.975782805064483, 32.944844124083971 ], [ 131.976242548995145, 32.945123680497282 ], [ 131.976300721308434, 32.945354066477989 ], [ 131.976541705850167, 32.945296284674079 ], [ 131.976954916002654, 32.945621285524169 ], [ 131.977957185486872, 32.945934476102714 ], [ 131.977141493502472, 32.945181597117838 ], [ 131.97627384600321, 32.943788893978471 ], [ 131.976378688389417, 32.943597817875535 ], [ 131.97619434878311, 32.943754347318773 ], [ 131.975888360536942, 32.943544827398917 ], [ 131.9758276509653, 32.942786055924167 ], [ 131.975666811779206, 32.942746731250679 ], [ 131.977072727866982, 32.941066692814339 ], [ 131.977864162946531, 32.940878369397787 ], [ 131.977900599920787, 32.940689626734482 ], [ 131.978420571473379, 32.940423166313472 ], [ 131.979328346699873, 32.940217696037699 ], [ 131.980022077243262, 32.940481884466251 ], [ 131.980502253085859, 32.940873082700449 ], [ 131.980915339896569, 32.940907718733904 ], [ 131.981631560654819, 32.940104991628672 ], [ 131.981803756595383, 32.939531051599531 ], [ 131.982249013459551, 32.939369761147603 ], [ 131.984241910664082, 32.939437081543801 ], [ 131.98460451957439, 32.939734502606761 ], [ 131.984766399633742, 32.939671915357884 ], [ 131.985118384005347, 32.940171401510923 ], [ 131.985411793454773, 32.940209668756715 ], [ 131.985356569882867, 32.940533823500964 ], [ 131.985044518478247, 32.940456926341149 ], [ 131.985231517561942, 32.94063309434884 ], [ 131.985236552692072, 32.940899061205428 ], [ 131.984876693309815, 32.942102976528659 ], [ 131.985595750796222, 32.942916078157381 ], [ 131.986282714361579, 32.942852956563719 ], [ 131.987604535748659, 32.942089598224243 ], [ 131.988030125289754, 32.942090747245707 ], [ 131.98829334256493, 32.941907422888754 ], [ 131.989453982646353, 32.942233686815278 ], [ 131.989921162205519, 32.942796272045705 ], [ 131.989748311530519, 32.943119549187678 ], [ 131.98942034196557, 32.942957130643535 ], [ 131.989585413390046, 32.943091082682585 ], [ 131.989210824522957, 32.943829845388244 ], [ 131.989474511086001, 32.943883664274047 ], [ 131.989598528409999, 32.944172135112616 ], [ 131.989945465268619, 32.943921419073227 ], [ 131.990448589535475, 32.943869648509121 ], [ 131.991051648173681, 32.944343685296701 ], [ 131.990925264449572, 32.945290585188452 ], [ 131.989974697778052, 32.946262043872899 ], [ 131.990645210164644, 32.946355023901845 ], [ 131.992078533292073, 32.945520402062705 ], [ 131.992559421850501, 32.945773578211657 ], [ 131.992890256838564, 32.946669964337673 ], [ 131.993415347437661, 32.947147318448927 ], [ 131.993339873716508, 32.948049636196814 ], [ 131.993691521119388, 32.948990039021787 ], [ 131.993512213638354, 32.949505441978751 ], [ 131.992551399385377, 32.94974751112418 ], [ 131.991158043857041, 32.949668380050809 ], [ 131.992603268494747, 32.950756125610852 ], [ 131.99289574811732, 32.951186630770046 ], [ 131.992874187705269, 32.951934324960973 ], [ 131.992358622875685, 32.952312625300912 ], [ 131.991827238960667, 32.953093215204042 ], [ 131.990599430090697, 32.953283278246353 ], [ 131.990200510276026, 32.953573176738438 ], [ 131.989666156948601, 32.953511578062745 ], [ 131.989456735375569, 32.953816204891929 ], [ 131.990097518925495, 32.953928362261237 ], [ 131.990269750574413, 32.954125376911144 ], [ 131.990484350153025, 32.953992931279906 ], [ 131.990711673656989, 32.954237302869664 ], [ 131.990740399493063, 32.954610383444162 ], [ 131.990979456340426, 32.954752765569459 ], [ 131.99105589028801, 32.954511401781041 ], [ 131.991474236769164, 32.95424028407043 ], [ 131.992881744877877, 32.953949600362705 ], [ 131.994349155330383, 32.953001973561584 ], [ 131.994895800254028, 32.95301205952606 ], [ 131.995098813851484, 32.95337564239761 ], [ 131.995360627358338, 32.953356429623426 ], [ 131.995457793279883, 32.953057187249186 ], [ 131.995727732475558, 32.95300274286668 ], [ 131.996955212196923, 32.953350955374965 ], [ 131.997211227440005, 32.9534850763552 ], [ 131.997222707554613, 32.953651801493706 ], [ 131.998094727163618, 32.954064143275303 ], [ 131.998377762511552, 32.954409042615318 ], [ 131.998081399379032, 32.955064246432805 ], [ 131.998425470090211, 32.955226515523002 ], [ 131.998557673693881, 32.955569910924709 ], [ 131.997907997298483, 32.956199985341968 ], [ 131.998017210730524, 32.956401096147772 ], [ 131.997924094440265, 32.956583986588896 ], [ 131.999061508674373, 32.956816561847134 ], [ 131.999300429993809, 32.956566682332515 ], [ 131.999999228382507, 32.956700861636797 ], [ 132.000195032864184, 32.957178105374439 ], [ 132.000490351002526, 32.957380428966587 ], [ 132.000587753078008, 32.957763779635997 ], [ 132.000939626863669, 32.957668089342114 ], [ 132.001319489553225, 32.957779563200781 ], [ 132.001480627898388, 32.958220111592524 ], [ 132.002069906145266, 32.958503040915573 ], [ 132.002210573373162, 32.958928421611049 ], [ 132.002908728347279, 32.958626162696426 ], [ 132.001178713060796, 32.956239802995441 ], [ 132.000694050478728, 32.954746589292462 ], [ 132.00075592406742, 32.953474861372349 ], [ 132.000200304757556, 32.952756179282652 ], [ 131.99759505633773, 32.951398134080776 ], [ 131.995601379047372, 32.950770186855266 ], [ 131.995714473508485, 32.950267120735305 ], [ 131.995531244646742, 32.948618034150996 ], [ 131.995679706474476, 32.947162415765689 ], [ 131.995328162125304, 32.944918424346135 ], [ 131.995563329983554, 32.943819662957807 ], [ 131.994981541254901, 32.943262207663814 ], [ 131.994463840431365, 32.941389510346838 ], [ 131.993515646141731, 32.939140970104788 ], [ 131.993017982025236, 32.938212463835647 ], [ 131.992439219739396, 32.937576973011168 ], [ 131.991818434169886, 32.936108133185627 ], [ 131.991429079176754, 32.935644981313345 ], [ 131.991042138791727, 32.934557537258016 ], [ 131.99096270190941, 32.933147030308355 ], [ 131.990532690387994, 32.933240201868124 ], [ 131.98789797142507, 32.932203646820916 ], [ 131.986082328448276, 32.93226454943548 ], [ 131.984865011755147, 32.93269200488006 ], [ 131.983800180228286, 32.932828843347032 ], [ 131.982886821625243, 32.93258190860486 ], [ 131.981537255701454, 32.93346493432572 ], [ 131.979727999346466, 32.933851133602182 ], [ 131.978532367097813, 32.933854915383691 ], [ 131.97805509677022, 32.934430390629629 ], [ 131.976880680374109, 32.934845247209729 ], [ 131.976336985926849, 32.934820052954421 ], [ 131.975740333895942, 32.93451360228206 ], [ 131.974847813939249, 32.933591465214889 ], [ 131.974027177394476, 32.933541091477899 ], [ 131.972862240305062, 32.932776607526513 ], [ 131.972028515644723, 32.932644365870715 ], [ 131.972163238377732, 32.932810542879857 ], [ 131.971773913178396, 32.934541764818213 ], [ 131.971214642359769, 32.935323886612473 ], [ 131.971373787019502, 32.936578068909043 ], [ 131.971308097162364, 32.937555176915083 ], [ 131.970842023953992, 32.938344187458057 ], [ 131.970400319122604, 32.939996932748151 ], [ 131.970339550418771, 32.940483837346868 ], [ 131.970543668687611, 32.941014297297158 ], [ 131.970484488271069, 32.942481660743162 ], [ 131.969723716749513, 32.943523760240787 ], [ 131.969077155651263, 32.943746643558313 ], [ 131.968767775233829, 32.944037866323271 ], [ 131.968682963757743, 32.945348344695297 ], [ 131.969402879946927, 32.946893284877348 ], [ 131.969436384156978, 32.947483329128637 ], [ 131.969729036308479, 32.947871227931444 ], [ 131.969400591356731, 32.948889330747484 ], [ 131.970178514369167, 32.95197101276603 ], [ 131.97054767184315, 32.952629921614339 ], [ 131.971362948107782, 32.953442494804676 ], [ 131.971778136319102, 32.954664316051669 ], [ 131.972448398415509, 32.955157344518355 ], [ 131.973065919881236, 32.955343196004925 ], [ 131.973077223847696, 32.955925013051733 ], [ 131.973716757542377, 32.957188503217829 ], [ 131.973854994232028, 32.959012760096215 ], [ 131.974319354556513, 32.959882150609111 ], [ 131.974153691610098, 32.962460418946442 ], [ 131.974958020642248, 32.963915460149593 ], [ 131.975175918847697, 32.963599966955009 ] ] ] } },
{ "type": "Feature", "properties": { "CITY_NAME": "佐伯市", "S_NAME": "大字羽出浦", "JINKO": 138, "medical_area": "44_南部医療圏", "町丁目名": "佐伯市大字羽出浦" }, "geometry": { "type": "Polygon", "coordinates": [ [ [ 132.003193529161365, 32.958650929870991 ], [ 132.003158789867939, 32.958038946961238 ], [ 132.003460457764021, 32.957759699432145 ], [ 132.00348883888779, 32.957520517975368 ], [ 132.003638086175386, 32.957765485982357 ], [ 132.003927970471551, 32.95786325019526 ], [ 132.004115297665237, 32.957500158746249 ], [ 132.003973207152939, 32.957134305243535 ], [ 132.003595163161265, 32.957279808432915 ], [ 132.003364902383623, 32.957156318959008 ], [ 132.003186640817177, 32.956524745334193 ], [ 132.002652992440943, 32.956150306027169 ], [ 132.00264117373041, 32.955673395917515 ], [ 132.00335872344084, 32.955093252419147 ], [ 132.003758871636421, 32.955300138334792 ], [ 132.004059199960295, 32.955184110572119 ], [ 132.004129848034609, 32.955380119297438 ], [ 132.004468655641944, 32.955356656207663 ], [ 132.004701253506028, 32.954933690354423 ], [ 132.003946227824372, 32.954370772807458 ], [ 132.003431020517667, 32.953638207195667 ], [ 132.002819655212335, 32.953105688377562 ], [ 132.002406441128386, 32.95202784183693 ], [ 132.001870203124099, 32.951798594938495 ], [ 132.000786734742434, 32.950934408100593 ], [ 132.000286422596275, 32.95028827015777 ], [ 132.000376952968736, 32.949876360912576 ], [ 132.000217074630001, 32.950399734593844 ], [ 131.999413123988404, 32.950420590393342 ], [ 131.997831401292586, 32.949467476979507 ], [ 131.997551129249274, 32.949083831384293 ], [ 131.997697317071214, 32.948195319313854 ], [ 131.998351838751006, 32.947629224414243 ], [ 131.997686787923158, 32.946303589569908 ], [ 131.998075971709056, 32.945918155912061 ], [ 131.998666462254079, 32.945834093322247 ], [ 131.999082973382087, 32.945405153316131 ], [ 131.999740020563621, 32.94525202256159 ], [ 132.000488232779446, 32.944268581786055 ], [ 132.000311092346664, 32.943635187909898 ], [ 132.000441143356426, 32.943409621799532 ], [ 132.00040092893758, 32.943258457131051 ], [ 132.000311162009837, 32.943552232256017 ], [ 131.999462587823018, 32.943306535232978 ], [ 131.999172932265679, 32.943038334959788 ], [ 131.998880133265828, 32.942386027938731 ], [ 131.998218180765264, 32.941914306317436 ], [ 131.998371828478099, 32.941498291426832 ], [ 131.998028609714225, 32.941124111206371 ], [ 131.997986087306998, 32.94066998730635 ], [ 131.99774326036939, 32.940471746604928 ], [ 131.997551534428169, 32.939339810215678 ], [ 131.997551613034148, 32.937506823566927 ], [ 131.998291826355171, 32.936945270645126 ], [ 131.998531828040768, 32.936989343008655 ], [ 131.998625779824295, 32.936785706945344 ], [ 131.998934878531657, 32.936696672579984 ], [ 132.000432081391153, 32.936994894296539 ], [ 132.001108056000589, 32.937296970993515 ], [ 132.001561781193885, 32.937232018913775 ], [ 131.998386948418016, 32.933909524571334 ], [ 131.995992453283407, 32.930466589394008 ], [ 131.994557949322001, 32.930476594417939 ], [ 131.993255687588828, 32.931535847504733 ], [ 131.992896310975624, 32.932329262283901 ], [ 131.992208798167354, 32.932680588801034 ], [ 131.991366279190999, 32.932780441010742 ], [ 131.99096270190941, 32.933147030308355 ], [ 131.991042138791727, 32.934557537258016 ], [ 131.991429079176754, 32.935644981313345 ], [ 131.991818434169886, 32.936108133185627 ], [ 131.992439219739396, 32.937576973011168 ], [ 131.993017982025236, 32.938212463835647 ], [ 131.993515646141731, 32.939140970104788 ], [ 131.994463840431365, 32.941389510346838 ], [ 131.994981541254901, 32.943262207663814 ], [ 131.995563329983554, 32.943819662957807 ], [ 131.995328162125304, 32.944918424346135 ], [ 131.995679706474476, 32.947162415765689 ], [ 131.995531244646742, 32.948618034150996 ], [ 131.995714473508485, 32.950267120735305 ], [ 131.995601379047372, 32.950770186855266 ], [ 131.99759505633773, 32.951398134080776 ], [ 132.000200304757556, 32.952756179282652 ], [ 132.00075592406742, 32.953474861372349 ], [ 132.000694050478728, 32.954746589292462 ], [ 132.001178713060796, 32.956239802995441 ], [ 132.002145544059545, 32.957453192155654 ], [ 132.002470365345062, 32.958114474190111 ], [ 132.002908728347279, 32.958626162696426 ], [ 132.003193529161365, 32.958650929870991 ] ] ] } },
{ "type": "Feature", "properties": { "CITY_NAME": "佐伯市", "S_NAME": "大字中越浦", "JINKO": 0, "medical_area": "44_南部医療圏", "町丁目名": "佐伯市大字中越浦" }, "geometry": { "type": "Polygon", "coordinates": [ [ [ 132.030025712293849, 32.940112108624255 ], [ 132.029918520146708, 32.940111339792558 ], [ 132.029781756366646, 32.940313148973075 ], [ 132.029994753402178, 32.940382488241596 ], [ 132.030025712293849, 32.940112108624255 ] ] ] } },
{ "type": "Feature", "properties": { "CITY_NAME": "佐伯市", "S_NAME": "大字中越浦", "JINKO": 0, "medical_area": "44_南部医療圏", "町丁目名": "佐伯市大字中越浦" }, "geometry": { "type": "Polygon", "coordinates": [ [ [ 132.033184454741047, 32.954991181583509 ], [ 132.032884478587505, 32.954724542573267 ], [ 132.03243450480096, 32.955174481883148 ], [ 132.032759455932137, 32.955332801248773 ], [ 132.033184454741047, 32.954991181583509 ] ] ] } },
{ "type": "Feature", "properties": { "CITY_NAME": "佐伯市", "S_NAME": "大字中越浦", "JINKO": 99, "medical_area": "44_南部医療圏", "町丁目名": "佐伯市大字中越浦" }, "geometry": { "type": "Polygon", "coordinates": [ [ [ 132.0333547486849, 32.954030208122575 ], [ 132.03360833700583, 32.952236151222337 ], [ 132.034462668941472, 32.950092189301628 ], [ 132.036482944243232, 32.948143550431958 ], [ 132.037714020339763, 32.946594187036773 ], [ 132.039061368819347, 32.945274444334764 ], [ 132.040261371657976, 32.943070947932476 ], [ 132.041385434932778, 32.941815868443165 ], [ 132.041051493935157, 32.941336164579774 ], [ 132.039527480970037, 32.940685560806976 ], [ 132.038798679232514, 32.939950750847416 ], [ 132.036948121460114, 32.939362896327815 ], [ 132.035771758348574, 32.938263299659148 ], [ 132.034702866741782, 32.938214073834125 ], [ 132.033862996132484, 32.937720076410386 ], [ 132.032622080537351, 32.937321090680733 ], [ 132.031296073743647, 32.937017973759055 ], [ 132.030755545825514, 32.937210170586567 ], [ 132.0294189960604, 32.937237614160729 ], [ 132.028192451660914, 32.936836732155498 ], [ 132.027099148233049, 32.936782555099732 ], [ 132.024085246552517, 32.935568304653934 ], [ 132.023353349843603, 32.934824178862563 ], [ 132.022727438179572, 32.934455541701929 ], [ 132.022455944846797, 32.933953362644935 ], [ 132.021482275675567, 32.933773573941821 ], [ 132.021173878602639, 32.933898951086903 ], [ 132.020463140724502, 32.93383208006771 ], [ 132.019407414560817, 32.932890301389072 ], [ 132.018348276671816, 32.932422629416038 ], [ 132.016966021798055, 32.932121759561561 ], [ 132.015453482434367, 32.930862093184842 ], [ 132.014888653435776, 32.929477539836668 ], [ 132.013695716640115, 32.929086286551232 ], [ 132.012744374360722, 32.928299192772343 ], [ 132.011420238122923, 32.928445416821368 ], [ 132.010783250200149, 32.928365867237545 ], [ 132.008919391449808, 32.9288877165706 ], [ 132.007786886572774, 32.928949086390716 ], [ 132.00635602523451, 32.92809523105101 ], [ 132.005444196364465, 32.928280437635813 ], [ 132.004606963972179, 32.928110698998161 ], [ 132.004205021246321, 32.927800530524983 ], [ 132.003043520690369, 32.927519041804757 ], [ 132.002026772673361, 32.926865103534482 ], [ 132.000861287382037, 32.927416534848668 ], [ 131.999478232537456, 32.928425667706634 ], [ 131.998679497973427, 32.929297445485908 ], [ 131.996850451694939, 32.929945893270585 ], [ 131.995992453283407, 32.930466589394008 ], [ 131.998386948418016, 32.933909524571334 ], [ 132.001561781193885, 32.937232018913775 ], [ 132.002243513417199, 32.936145395306774 ], [ 132.001518264353905, 32.934885184714794 ], [ 132.001771740881338, 32.934032829618047 ], [ 132.001426343329712, 32.933648752440632 ], [ 132.001509364962743, 32.933231493241536 ], [ 132.002126226050535, 32.93275134055682 ], [ 132.003806201977341, 32.932194127830826 ], [ 132.004327919618078, 32.932375695177249 ], [ 132.004719968491855, 32.933295911972792 ], [ 132.005012795186303, 32.933372909046966 ], [ 132.005017364493625, 32.933874232568414 ], [ 132.005098397058674, 32.933667087062837 ], [ 132.006064023769, 32.933765724146255 ], [ 132.006070957551714, 32.933906338433225 ], [ 132.005743287773669, 32.93396217505282 ], [ 132.006069355174589, 32.933956848836267 ], [ 132.006102427239398, 32.935273101946102 ], [ 132.005406567218728, 32.934822424399556 ], [ 132.005891773268331, 32.93527569911322 ], [ 132.005620786545592, 32.93532837158088 ], [ 132.006765378793261, 32.935368757262466 ], [ 132.006576479142524, 32.935684983527942 ], [ 132.006926988350926, 32.9358534896595 ], [ 132.006969353566973, 32.935536642039082 ], [ 132.007417105416067, 32.935698049924547 ], [ 132.008077022989596, 32.93524457717421 ], [ 132.007949960388856, 32.935067057040904 ], [ 132.008378921178945, 32.934424276243199 ], [ 132.008675559261718, 32.934365076992641 ], [ 132.008700513124751, 32.934207971899724 ], [ 132.008888384255414, 32.934274085814337 ], [ 132.008854716937975, 32.934133691712084 ], [ 132.009241770084884, 32.933848325770676 ], [ 132.009292768117433, 32.933630597342294 ], [ 132.009405663905142, 32.933685594893959 ], [ 132.00926230236783, 32.933300815027728 ], [ 132.00944633275509, 32.933027909209642 ], [ 132.010289231178263, 32.93286780886833 ], [ 132.011456374846688, 32.933109954309359 ], [ 132.011747420611243, 32.933316801455526 ], [ 132.011612226191431, 32.933468480521817 ], [ 132.011770216123352, 32.933441053104787 ], [ 132.011890777984263, 32.933987425354111 ], [ 132.011414104276213, 32.935605368259964 ], [ 132.011596701367154, 32.935868996326711 ], [ 132.012077467275645, 32.935832641073631 ], [ 132.011836914260044, 32.935269206631077 ], [ 132.012040489917325, 32.934834731452931 ], [ 132.012893421723533, 32.934520339516503 ], [ 132.013489927350207, 32.934694043944361 ], [ 132.013538072141188, 32.935541271145446 ], [ 132.014077968353462, 32.936003082803083 ], [ 132.014354823550804, 32.935717692573434 ], [ 132.014558091920065, 32.935726865068411 ], [ 132.014616709562091, 32.935240363465986 ], [ 132.015162601856503, 32.935098868117336 ], [ 132.015583853905781, 32.935191931783017 ], [ 132.015592244384948, 32.935554351507733 ], [ 132.015876600517544, 32.935729680675927 ], [ 132.01649813960077, 32.93547484992736 ], [ 132.016904083518796, 32.935536473123108 ], [ 132.017691867695305, 32.936167575152979 ], [ 132.017983771210254, 32.936725158666015 ], [ 132.018322962226961, 32.936844127130335 ], [ 132.018467255209686, 32.937116175019526 ], [ 132.018421806510815, 32.936882098182039 ], [ 132.018907148156558, 32.937055777891807 ], [ 132.019335778170273, 32.937514867346451 ], [ 132.019431978385143, 32.937883787956736 ], [ 132.019274213400962, 32.938296260242666 ], [ 132.018371379352487, 32.938272958948595 ], [ 132.018009750780379, 32.938530192210877 ], [ 132.01853031325183, 32.938612516470613 ], [ 132.019304903493037, 32.938364537135968 ], [ 132.019613358018546, 32.938592862073008 ], [ 132.019724295841286, 32.938293486527598 ], [ 132.020952950640151, 32.93847822709219 ], [ 132.022354240816071, 32.939641716147946 ], [ 132.022552560143879, 32.940150464242521 ], [ 132.022439166897868, 32.940329935368652 ], [ 132.023334679886091, 32.940187352055297 ], [ 132.024055270905791, 32.939799125607067 ], [ 132.024653942804804, 32.938856435342451 ], [ 132.026548996013616, 32.938322411680325 ], [ 132.027665868493187, 32.938462923182954 ], [ 132.029005151720838, 32.938873015610469 ], [ 132.030412962863579, 32.939761332015792 ], [ 132.031007524342499, 32.939299268223436 ], [ 132.031522199343584, 32.939326584657913 ], [ 132.03109494192168, 32.939273297135543 ], [ 132.03133638462927, 32.938790697498284 ], [ 132.031640890494401, 32.938682684954827 ], [ 132.032447057985962, 32.938762598848214 ], [ 132.033505706341117, 32.939226349974469 ], [ 132.034093366858599, 32.939740875994971 ], [ 132.034007138004995, 32.940697396257399 ], [ 132.033796608315214, 32.941078755706485 ], [ 132.034121406206566, 32.941423226262977 ], [ 132.034236032559818, 32.942172498058667 ], [ 132.034708705737842, 32.942545497174734 ], [ 132.034827855986777, 32.942863713050393 ], [ 132.034246387835111, 32.943345526234395 ], [ 132.034252742917886, 32.944073150709094 ], [ 132.033849569497733, 32.94434790073575 ], [ 132.033660824412095, 32.945131239480531 ], [ 132.033482201587788, 32.94513091628005 ], [ 132.033602691415183, 32.945469868398412 ], [ 132.033522925174509, 32.945873602331503 ], [ 132.034064534858743, 32.946374089297557 ], [ 132.034568943741931, 32.947173355466298 ], [ 132.033917138754447, 32.948410510751202 ], [ 132.03222525833587, 32.948682384116921 ], [ 132.031755035126707, 32.948991052208228 ], [ 132.031582270807689, 32.949582205683214 ], [ 132.030921873513563, 32.949717500866818 ], [ 132.031038080677092, 32.950515471723037 ], [ 132.031263989265113, 32.950816589091119 ], [ 132.031193222851954, 32.950982186658599 ], [ 132.031881790744933, 32.950782635000046 ], [ 132.032785192285019, 32.951310800660004 ], [ 132.032874313081038, 32.952170315058062 ], [ 132.032515161669551, 32.952368050228301 ], [ 132.032514535443283, 32.952594389502757 ], [ 132.032950183952948, 32.952623255004355 ], [ 132.033147114546267, 32.953096839922409 ], [ 132.032986887448999, 32.953760027249061 ], [ 132.0333547486849, 32.954030208122575 ] ] ] } },
{ "type": "Feature", "properties": { "CITY_NAME": "佐伯市", "S_NAME": "大字丹賀浦", "JINKO": 34, "medical_area": "44_南部医療圏", "町丁目名": "佐伯市大字丹賀浦" }, "geometry": { "type": "Polygon", "coordinates": [ [ [ 132.033890358234316, 32.95226741840284 ], [ 132.034059809732241, 32.95230389166349 ], [ 132.034005254095348, 32.951938240549126 ], [ 132.034433930259809, 32.951462190672267 ], [ 132.034634715703561, 32.951441592308008 ], [ 132.034542643274364, 32.951341358809948 ], [ 132.035094902921145, 32.951103242317615 ], [ 132.03543687635397, 32.950708164357607 ], [ 132.036977676545632, 32.950313990458973 ], [ 132.038015601210958, 32.949630001408032 ], [ 132.039417863723401, 32.949280227083101 ], [ 132.041374798160859, 32.949720245929896 ], [ 132.041705676625838, 32.948751748983476 ], [ 132.041691038549345, 32.948322647728126 ], [ 132.041998282155674, 32.947982847691868 ], [ 132.042199242498555, 32.947884689588484 ], [ 132.043407602631333, 32.948059485865031 ], [ 132.043669706925101, 32.947789488134902 ], [ 132.043590423176511, 32.947505206460448 ], [ 132.043739804969334, 32.947298365754882 ], [ 132.04433722348918, 32.94708057904041 ], [ 132.045565772608711, 32.947423810908326 ], [ 132.045712961318003, 32.947932960326114 ], [ 132.045989673070778, 32.948095664473847 ], [ 132.046949023508404, 32.948004695055332 ], [ 132.048299893827306, 32.947566881646573 ], [ 132.049967408929632, 32.948042560466931 ], [ 132.049781070194911, 32.948288485690853 ], [ 132.050356205581494, 32.948632635668446 ], [ 132.050657551157343, 32.948524605798305 ], [ 132.050915048707736, 32.948863301330327 ], [ 132.050724737847361, 32.949048848292215 ], [ 132.050944539314571, 32.94891264888787 ], [ 132.051200977054577, 32.949621055565416 ], [ 132.050940473591169, 32.949926221128237 ], [ 132.050374576161062, 32.949282626444671 ], [ 132.050825742291181, 32.949903737574964 ], [ 132.049608211522354, 32.950590235554863 ], [ 132.049791215184229, 32.950868237297129 ], [ 132.049587059891564, 32.951240557329122 ], [ 132.049989761131883, 32.951471632093529 ], [ 132.05041631025415, 32.951274186318692 ], [ 132.050932769387202, 32.951628740630788 ], [ 132.051118935278026, 32.952180841656464 ], [ 132.051027772796232, 32.95270370404382 ], [ 132.050598160463011, 32.952819119762204 ], [ 132.050380112893379, 32.953189752252939 ], [ 132.050208071101792, 32.953111844284258 ], [ 132.049888900708225, 32.953346259506638 ], [ 132.050429457833417, 32.953836776164557 ], [ 132.050851146900044, 32.953679948425332 ], [ 132.051155689277181, 32.953840601448036 ], [ 132.051843680219378, 32.953501192585641 ], [ 132.05162882148386, 32.952968275923872 ], [ 132.05185186041507, 32.952751795167821 ], [ 132.051634184566325, 32.952517368615929 ], [ 132.05168152861313, 32.952274408220234 ], [ 132.051866839124472, 32.952294493292435 ], [ 132.051674411736428, 32.95212478077606 ], [ 132.051884232272528, 32.951504435572524 ], [ 132.052398475743729, 32.950950968200516 ], [ 132.052559149187488, 32.950972161787639 ], [ 132.052273330455336, 32.950676993111472 ], [ 132.052244620713992, 32.950418437404863 ], [ 132.052798363739413, 32.949221708528569 ], [ 132.05468457498668, 32.947215738169241 ], [ 132.05524138945637, 32.946908972535738 ], [ 132.055744880455933, 32.946896616968147 ], [ 132.056408964459564, 32.94661779932472 ], [ 132.057522673939133, 32.946476752671011 ], [ 132.057863321906041, 32.94661183955678 ], [ 132.058176953726019, 32.945831004554933 ], [ 132.059159977192849, 32.945577428640803 ], [ 132.060489095042243, 32.945741116605824 ], [ 132.061612342173106, 32.945595436872644 ], [ 132.062260312447648, 32.94594250996591 ], [ 132.06247893057639, 32.945891059353102 ], [ 132.062612894176596, 32.945649163964369 ], [ 132.062827134114883, 32.94567890519275 ], [ 132.064297293787547, 32.946101040993312 ], [ 132.065081979996592, 32.946791402506115 ], [ 132.065250013851738, 32.94671602915529 ], [ 132.064989978639716, 32.944472643926574 ], [ 132.064143681457807, 32.943148413468407 ], [ 132.063010379975481, 32.942274368203449 ], [ 132.061954019947336, 32.942490561817152 ], [ 132.060472536049247, 32.942500320134158 ], [ 132.059305469244322, 32.943053448262958 ], [ 132.057775781925812, 32.94305712273416 ], [ 132.057205233284691, 32.943196782197028 ], [ 132.056122850546586, 32.942989018616224 ], [ 132.053731804196048, 32.943394995939819 ], [ 132.05310845735417, 32.943069631552497 ], [ 132.052585833365214, 32.943186125509456 ], [ 132.050670247537255, 32.942659580090186 ], [ 132.050111871280706, 32.942160592925376 ], [ 132.049368028345356, 32.941859786420594 ], [ 132.047484661242606, 32.942213922731753 ], [ 132.046251971427921, 32.941455569434261 ], [ 132.044116365584131, 32.940790366422284 ], [ 132.041385434932778, 32.941815868443165 ], [ 132.040261371657976, 32.943070947932476 ], [ 132.039061368819347, 32.945274444334764 ], [ 132.037714020339763, 32.946594187036773 ], [ 132.036482944243232, 32.948143550431958 ], [ 132.034462668941472, 32.950092189301628 ], [ 132.03360833700583, 32.952236151222337 ], [ 132.0333547486849, 32.954030208122575 ], [ 132.033988071227924, 32.953676909070971 ], [ 132.033768984221553, 32.953418123670644 ], [ 132.033885068345882, 32.953370277156651 ], [ 132.03375638514126, 32.953161235786233 ], [ 132.034008382914294, 32.95303200821715 ], [ 132.033878099440301, 32.952958243692279 ], [ 132.034033598179917, 32.952808173126151 ], [ 132.033773342683105, 32.9525939101581 ], [ 132.033890358234316, 32.95226741840284 ] ] ] } },
{ "type": "Feature", "properties": { "CITY_NAME": "佐伯市", "S_NAME": "大字梶寄浦", "JINKO": 0, "medical_area": "44_南部医療圏", "町丁目名": "佐伯市大字梶寄浦" }, "geometry": { "type": "Polygon", "coordinates": [ [ [ 132.083897539515192, 32.942743333404742 ], [ 132.083710240811342, 32.9427305285041 ], [ 132.08375264625414, 32.942521861925428 ], [ 132.083284573939238, 32.942552067333402 ], [ 132.083306946980258, 32.942722302766803 ], [ 132.083563022508855, 32.942846325086187 ], [ 132.083859544772707, 32.942875315291083 ], [ 132.083897539515192, 32.942743333404742 ] ] ] } },
{ "type": "Feature", "properties": { "CITY_NAME": "佐伯市", "S_NAME": "大字梶寄浦", "JINKO": 134, "medical_area": "44_南部医療圏", "町丁目名": "佐伯市大字梶寄浦" }, "geometry": { "type": "Polygon", "coordinates": [ [ [ 132.07049416207704, 32.948729027182559 ], [ 132.071085555723869, 32.948549931782352 ], [ 132.071007259778696, 32.948354929686381 ], [ 132.071406203115089, 32.9479998417563 ], [ 132.071862987727798, 32.947924695156345 ], [ 132.072099752208572, 32.948048006492265 ], [ 132.072118619361078, 32.947658296960427 ], [ 132.072448646254486, 32.947714081769576 ], [ 132.071708471256812, 32.947256032406798 ], [ 132.072081511495639, 32.946887637992312 ], [ 132.071986566842213, 32.946642281444561 ], [ 132.072369173458014, 32.94652719041828 ], [ 132.072366536057416, 32.946225134313138 ], [ 132.072636753642712, 32.946101982834385 ], [ 132.073078166270989, 32.94617304091387 ], [ 132.072956451547014, 32.946008168603854 ], [ 132.073183563075901, 32.945864646361755 ], [ 132.073732417599928, 32.946150291714673 ], [ 132.073836662070789, 32.945926668071436 ], [ 132.073540008081721, 32.945624433718521 ], [ 132.073923523029094, 32.945238804306214 ], [ 132.074652708471149, 32.944870048061169 ], [ 132.074853409476106, 32.944843974549919 ], [ 132.075354484052582, 32.945331106114267 ], [ 132.076024692100333, 32.944956535156884 ], [ 132.075358168413146, 32.94528328469589 ], [ 132.074878064513257, 32.944761704857804 ], [ 132.075811385786352, 32.944029595307612 ], [ 132.076734378464806, 32.94377097270786 ], [ 132.077388609523041, 32.943927647201662 ], [ 132.077443066058578, 32.944188677804284 ], [ 132.077604066495894, 32.944147610928489 ], [ 132.077998366576566, 32.944475146273469 ], [ 132.078290104382631, 32.945253524327264 ], [ 132.078830028770739, 32.945414783075407 ], [ 132.079048112953984, 32.945230750999499 ], [ 132.078840329207623, 32.944941288973702 ], [ 132.079389302764497, 32.94506369475328 ], [ 132.079036258390119, 32.94461137174428 ], [ 132.079678058449559, 32.944796095762911 ], [ 132.079196317902984, 32.944224049980896 ], [ 132.079507426605034, 32.944222266873908 ], [ 132.079379710030139, 32.944093522195558 ], [ 132.079477282335347, 32.943941192023409 ], [ 132.080513225517393, 32.944089142718973 ], [ 132.080658639090672, 32.94426462465556 ], [ 132.081108754670652, 32.944075880104883 ], [ 132.081459086619248, 32.94413236060057 ], [ 132.081338101359222, 32.943856580545088 ], [ 132.081860871716685, 32.943576129952234 ], [ 132.081794993684667, 32.943345857856045 ], [ 132.081982172927241, 32.943348746816952 ], [ 132.082258844969289, 32.942974844804979 ], [ 132.081985409224757, 32.942474046916089 ], [ 132.082106018831894, 32.942100593018452 ], [ 132.08181494977697, 32.941997608340905 ], [ 132.081708755181694, 32.941089591288069 ], [ 132.081920982183817, 32.940514257764683 ], [ 132.082288748274351, 32.940336141352802 ], [ 132.082003162314493, 32.940154662251814 ], [ 132.081965835311593, 32.939723055937037 ], [ 132.082115519158265, 32.939631588169767 ], [ 132.081924680771749, 32.939498883645165 ], [ 132.082087343302447, 32.939244993267117 ], [ 132.081930573402673, 32.939193149066135 ], [ 132.082087892807522, 32.938238663449482 ], [ 132.082260602806912, 32.938103715220635 ], [ 132.082239828983091, 32.937892892430938 ], [ 132.082435823722165, 32.937831681164504 ], [ 132.082221620370859, 32.937714505980722 ], [ 132.082339775801643, 32.937497069413375 ], [ 132.082162424338918, 32.937421957918588 ], [ 132.082277645781176, 32.936695072933873 ], [ 132.083136269827492, 32.935548776526332 ], [ 132.083419120459382, 32.93541738285009 ], [ 132.084634809122861, 32.935413152728522 ], [ 132.084807349997732, 32.934826445135762 ], [ 132.083742090866963, 32.934457865661813 ], [ 132.083434718919335, 32.934063775590928 ], [ 132.084719989488917, 32.933800152794852 ], [ 132.084763892499524, 32.933454413170644 ], [ 132.085110760918809, 32.933498156845118 ], [ 132.084819783725379, 32.933214974302103 ], [ 132.084890122197606, 32.933023203493093 ], [ 132.085404099453172, 32.933123509084872 ], [ 132.084933879688037, 32.932576475795713 ], [ 132.08510178520595, 32.932411688711731 ], [ 132.083819278414239, 32.93265384077948 ], [ 132.0828430111427, 32.932655465698446 ], [ 132.082126082047665, 32.933162150054883 ], [ 132.080871621966537, 32.933617120344863 ], [ 132.080150273418838, 32.934759260906574 ], [ 132.079492230918589, 32.935178432860077 ], [ 132.079949884459012, 32.935676353887352 ], [ 132.079956909619483, 32.936069476190553 ], [ 132.078708330151812, 32.93736567480039 ], [ 132.077623350766117, 32.936996961554051 ], [ 132.076273294684768, 32.937166149896115 ], [ 132.075695258698943, 32.93821559191646 ], [ 132.075297463830992, 32.938570919492513 ], [ 132.07158116635307, 32.939631635190644 ], [ 132.070777778540702, 32.939385396629831 ], [ 132.070039336266319, 32.939690528534662 ], [ 132.069492932162035, 32.939667074315643 ], [ 132.068197575825167, 32.939247497601265 ], [ 132.066602133389409, 32.939719326722596 ], [ 132.065272850827114, 32.939507457671674 ], [ 132.064619304002747, 32.939703922909388 ], [ 132.064026569219862, 32.940948479903149 ], [ 132.063470195397883, 32.941475406018704 ], [ 132.063269935615182, 32.942132669882369 ], [ 132.063010379975481, 32.942274368203449 ], [ 132.064143681457807, 32.943148413468407 ], [ 132.064897929744177, 32.944209114661469 ], [ 132.065250013851738, 32.94671602915529 ], [ 132.06573415594417, 32.946420651803912 ], [ 132.065833404522266, 32.945952709871804 ], [ 132.066315956404424, 32.945978359077827 ], [ 132.066469917250117, 32.945704724136405 ], [ 132.06711969346793, 32.945755094324092 ], [ 132.066463846690596, 32.945644362843453 ], [ 132.066889827053359, 32.945049198861881 ], [ 132.067793553073159, 32.945055017380312 ], [ 132.068290156810406, 32.945353760399918 ], [ 132.068413045593502, 32.946146230884892 ], [ 132.067568723519997, 32.946106544244124 ], [ 132.068393365372089, 32.946205011121073 ], [ 132.068938159382441, 32.946863128406989 ], [ 132.070287594841545, 32.947379106146926 ], [ 132.070616969198568, 32.947915520021908 ], [ 132.070343957875394, 32.948508486100927 ], [ 132.07049416207704, 32.948729027182559 ] ] ] } },
{ "type": "Feature", "properties": { "CITY_NAME": "佐伯市", "S_NAME": "大字大島", "JINKO": 0, "medical_area": "44_南部医療圏", "町丁目名": "佐伯市大字大島" }, "geometry": { "type": "Polygon", "coordinates": [ [ [ 132.07283460807335, 32.980723230337205 ], [ 132.073435577006535, 32.980172543986519 ], [ 132.073805096465691, 32.9802974094899 ], [ 132.073643196926696, 32.980000340848974 ], [ 132.074048037078342, 32.979949971630248 ], [ 132.074137870633308, 32.979679593764928 ], [ 132.074413428269679, 32.979816987120252 ], [ 132.074467538837808, 32.979516257819 ], [ 132.074890922273966, 32.979492778866494 ], [ 132.074927533412762, 32.979251712580044 ], [ 132.07439916029108, 32.978818935485194 ], [ 132.074477426152328, 32.978566687924257 ], [ 132.071897454806162, 32.978867466292556 ], [ 132.070523165603277, 32.979878311611117 ], [ 132.071064276994832, 32.980391251534222 ], [ 132.072059436318739, 32.980761438339087 ], [ 132.07283460807335, 32.980723230337205 ] ] ] } },
{ "type": "Feature", "properties": { "CITY_NAME": "佐伯市", "S_NAME": "大字大島", "JINKO": 87, "medical_area": "44_南部医療圏", "町丁目名": "佐伯市大字大島" }, "geometry": { "type": "Polygon", "coordinates": [ [ [ 132.07478957222645, 32.977840845671402 ], [ 132.075090858809801, 32.977812105337918 ], [ 132.074858823568178, 32.97755531542203 ], [ 132.074989732119832, 32.977412621448842 ], [ 132.075244683908011, 32.977525845436986 ], [ 132.075867114688691, 32.977334739045858 ], [ 132.075838429005643, 32.977085214980811 ], [ 132.075173509395881, 32.977211767587981 ], [ 132.075268652240794, 32.977035118448988 ], [ 132.075138509845232, 32.976620556541171 ], [ 132.075482209347257, 32.976292087552707 ], [ 132.076072142170773, 32.976419557100485 ], [ 132.076113660121479, 32.976314602067163 ], [ 132.075852516611718, 32.976221272249177 ], [ 132.076402037642197, 32.976186783207886 ], [ 132.076201958343319, 32.976008167944784 ], [ 132.076584309044222, 32.97604815500857 ], [ 132.076599525219677, 32.975628735874125 ], [ 132.07637386867151, 32.975456653271863 ], [ 132.076791043345281, 32.975363788723769 ], [ 132.076527466480002, 32.975152359541312 ], [ 132.076919192997252, 32.974726089452716 ], [ 132.077546086594367, 32.974374431179712 ], [ 132.078452157765014, 32.974376532306259 ], [ 132.079075450943463, 32.974079902607841 ], [ 132.080382734824724, 32.974257960075896 ], [ 132.079640196479119, 32.973635897353454 ], [ 132.079665444008981, 32.973155977988952 ], [ 132.07912275646558, 32.972781954848294 ], [ 132.078987061612224, 32.972179890637626 ], [ 132.079731985827664, 32.971152735239777 ], [ 132.081071889252655, 32.971377389780436 ], [ 132.080569905099225, 32.97092096818271 ], [ 132.081368446482202, 32.97061288931841 ], [ 132.080413931937699, 32.970411055386684 ], [ 132.080332250631415, 32.97029183634524 ], [ 132.080492329352126, 32.970171427718903 ], [ 132.079752281591908, 32.9699226460354 ], [ 132.079573954942504, 32.969683432568182 ], [ 132.079753977682969, 32.969533095503579 ], [ 132.078296678493558, 32.968716117515804 ], [ 132.078028025380689, 32.968174709540015 ], [ 132.078377525870138, 32.967267283238314 ], [ 132.07884869382633, 32.96695843885454 ], [ 132.078626609509968, 32.966638448633994 ], [ 132.078905816178235, 32.966549472787861 ], [ 132.078929443108649, 32.966293185777651 ], [ 132.07861343285407, 32.966173282533369 ], [ 132.078444875560308, 32.965677901216182 ], [ 132.07893575923481, 32.964970332967361 ], [ 132.078885630125257, 32.964537948181103 ], [ 132.079085584966407, 32.964446950283062 ], [ 132.080150367040687, 32.964657764173317 ], [ 132.080312153716307, 32.964506681204213 ], [ 132.0801403790704, 32.964276428801782 ], [ 132.079446542972306, 32.964222913813707 ], [ 132.07956554183616, 32.963624958302255 ], [ 132.079251059369085, 32.963272405630825 ], [ 132.079220792043884, 32.96298231836257 ], [ 132.07934219014723, 32.962767563709455 ], [ 132.08011461021519, 32.962426355888581 ], [ 132.079577380509363, 32.962399441030158 ], [ 132.07956963504472, 32.962119979686584 ], [ 132.080418313232883, 32.961013451916621 ], [ 132.080489015119213, 32.960491649784892 ], [ 132.080732275916716, 32.960533728466331 ], [ 132.080878542800292, 32.959979712281644 ], [ 132.080637620437415, 32.959518310850406 ], [ 132.080026335928608, 32.959564174914476 ], [ 132.079839787719692, 32.959705553888554 ], [ 132.080125441905665, 32.960059262373655 ], [ 132.079346412531692, 32.960295036200989 ], [ 132.079053507811949, 32.961188462027742 ], [ 132.078661114006536, 32.961114302847136 ], [ 132.078732831452101, 32.961294929577903 ], [ 132.078015438945329, 32.961494992888845 ], [ 132.077303785944878, 32.961383007325061 ], [ 132.077409119160734, 32.961069205138877 ], [ 132.077116412748808, 32.960836380326207 ], [ 132.077595642704011, 32.96066362362145 ], [ 132.077659700524322, 32.960474612724845 ], [ 132.076982974205009, 32.960147716273042 ], [ 132.076905599233413, 32.959237647478425 ], [ 132.076254909822779, 32.958851910198831 ], [ 132.075704755345527, 32.958735814997269 ], [ 132.076137508218039, 32.958258685111204 ], [ 132.076011709499284, 32.957937857541232 ], [ 132.075519419678074, 32.957734701230635 ], [ 132.07526931129604, 32.958189514893874 ], [ 132.07412313254676, 32.957431112110903 ], [ 132.073461130485811, 32.957344824831942 ], [ 132.07301840908039, 32.957529874910705 ], [ 132.073244933153461, 32.95617985622961 ], [ 132.073109112886328, 32.955650812570212 ], [ 132.072665616975883, 32.955238023748834 ], [ 132.073062140406165, 32.953621440292039 ], [ 132.072721816077319, 32.953337611810817 ], [ 132.071917500667865, 32.953337292433453 ], [ 132.071431464519236, 32.953469499951638 ], [ 132.071132378560407, 32.953771428329205 ], [ 132.071505888865943, 32.954680775532132 ], [ 132.0713886328152, 32.955066811407505 ], [ 132.069883390840658, 32.955472835466864 ], [ 132.069966651910477, 32.956885121685133 ], [ 132.069297890782963, 32.95784034464409 ], [ 132.066933354926391, 32.95866485126853 ], [ 132.067038184629496, 32.959997599509094 ], [ 132.066215824894357, 32.960817053697731 ], [ 132.067039000424529, 32.961401570525929 ], [ 132.066991538757662, 32.962173838842901 ], [ 132.066133678942407, 32.962967431605833 ], [ 132.066983624311746, 32.962224399915783 ], [ 132.067223644219155, 32.96252532855906 ], [ 132.067249127454801, 32.962691926878733 ], [ 132.066966706892515, 32.962687119978455 ], [ 132.067238876792686, 32.962728985041828 ], [ 132.067135383236888, 32.9630175101668 ], [ 132.066872625743969, 32.962959335781811 ], [ 132.066860763458919, 32.962771881108914 ], [ 132.066723440338222, 32.963089550485037 ], [ 132.066375290048853, 32.963226868990205 ], [ 132.066417359390385, 32.963348240985688 ], [ 132.064232539955356, 32.963827601053076 ], [ 132.061548308062186, 32.963517654442981 ], [ 132.060781458382337, 32.963610717699126 ], [ 132.060402947696417, 32.963446205030117 ], [ 132.060205796710164, 32.963507387963027 ], [ 132.060044123138027, 32.963824354430145 ], [ 132.06041753966565, 32.9635903547059 ], [ 132.060177709469343, 32.964108161293524 ], [ 132.06130469823978, 32.964075171994253 ], [ 132.061838994158165, 32.964569286335603 ], [ 132.062073604430509, 32.964600659883267 ], [ 132.062477974248765, 32.964334831813858 ], [ 132.062725861018237, 32.964665458811382 ], [ 132.062775866884579, 32.96446575631888 ], [ 132.063068293415313, 32.964321707052868 ], [ 132.063392165741305, 32.964305431433154 ], [ 132.063550193157425, 32.964459181835778 ], [ 132.063887514407412, 32.964226381152592 ], [ 132.064181030151445, 32.964173390579745 ], [ 132.064276070912939, 32.964335792541043 ], [ 132.064712340413564, 32.964145431559359 ], [ 132.065221349725363, 32.964668600431622 ], [ 132.065199836204357, 32.964477621693455 ], [ 132.065638680817926, 32.964056398062048 ], [ 132.066376774741627, 32.964060031414206 ], [ 132.066742870222612, 32.964441943100063 ], [ 132.067178738794723, 32.964399455859734 ], [ 132.06796418992127, 32.964866154267135 ], [ 132.068657416068135, 32.965411179285013 ], [ 132.068664846730627, 32.965674415330774 ], [ 132.069149166384818, 32.965477315175796 ], [ 132.069602395618006, 32.965536563554252 ], [ 132.071021993755551, 32.965997822845829 ], [ 132.071076095489303, 32.966402225681207 ], [ 132.072485331861429, 32.96723505782937 ], [ 132.072425718092262, 32.967350083758397 ], [ 132.072666450914141, 32.96717489300751 ], [ 132.073483129225053, 32.967924404687402 ], [ 132.07351570792602, 32.968234311223341 ], [ 132.073196459207196, 32.968461577691208 ], [ 132.072669016512975, 32.967919675602097 ], [ 132.072159614322629, 32.967639105415586 ], [ 132.073373645326939, 32.968690891972464 ], [ 132.073217187613324, 32.969373922779056 ], [ 132.073576693533653, 32.968674718829057 ], [ 132.073926085186315, 32.968907961568696 ], [ 132.074091755169121, 32.969249184105216 ], [ 132.074002019533879, 32.969616947695847 ], [ 132.073695135569125, 32.969802632593613 ], [ 132.073474196109089, 32.969576399801547 ], [ 132.073627496294876, 32.969869038162557 ], [ 132.073110973770667, 32.970148495181185 ], [ 132.072836918656179, 32.969863207884721 ], [ 132.073078743772072, 32.970399444130756 ], [ 132.072412183407636, 32.971278006190985 ], [ 132.072661136569252, 32.971429158966778 ], [ 132.07324002841213, 32.971261881698297 ], [ 132.073834535450544, 32.972211666085805 ], [ 132.07347290069373, 32.971499730678858 ], [ 132.074324197315832, 32.971046073311669 ], [ 132.074413201666175, 32.971590833111236 ], [ 132.074393831881025, 32.971054491353776 ], [ 132.075270017993944, 32.971675432606922 ], [ 132.074770224745691, 32.972183782954787 ], [ 132.07411142106028, 32.971756635953845 ], [ 132.074664734016011, 32.972223463276954 ], [ 132.074541534737165, 32.972650123035258 ], [ 132.0742019828634, 32.972961421808456 ], [ 132.074189389673592, 32.97324646641048 ], [ 132.074374045805797, 32.973215122664492 ], [ 132.074416263504645, 32.973347307670323 ], [ 132.075018526298209, 32.973169901911383 ], [ 132.075540239110978, 32.973317799573358 ], [ 132.075853101472688, 32.973624386794647 ], [ 132.076061249208834, 32.974199678730365 ], [ 132.076053112816822, 32.974410744497881 ], [ 132.075740855797847, 32.9746848446296 ], [ 132.075911141091581, 32.974791581590111 ], [ 132.075827297278323, 32.975375700120097 ], [ 132.074971815425585, 32.975934899820757 ], [ 132.074898065425458, 32.976380070575892 ], [ 132.07445428387814, 32.977188197882498 ], [ 132.074408048067852, 32.977697149947893 ], [ 132.074624805851556, 32.978279584425074 ], [ 132.07478957222645, 32.977840845671402 ] ] ] } },
{ "type": "Feature", "properties": { "CITY_NAME": "佐伯市", "S_NAME": "大字大島", "JINKO": 0, "medical_area": "44_南部医療圏", "町丁目名": "佐伯市大字大島" }, "geometry": { "type": "Polygon", "coordinates": [ [ [ 132.098978134007126, 32.971891819687194 ], [ 132.099215707127314, 32.971775159256346 ], [ 132.100078033883904, 32.97181686213311 ], [ 132.100190517257175, 32.971708540581645 ], [ 132.100128056423301, 32.971341900264164 ], [ 132.099003074851225, 32.971375211490169 ], [ 132.098628242487308, 32.971691831452091 ], [ 132.098978134007126, 32.971891819687194 ] ] ] } },
{ "type": "Feature", "properties": { "CITY_NAME": "佐伯市", "S_NAME": "大字大島", "JINKO": 0, "medical_area": "44_南部医療圏", "町丁目名": "佐伯市大字大島" }, "geometry": { "type": "Polygon", "coordinates": [ [ [ 132.101652888224947, 32.970483708221302 ], [ 132.10055304767755, 32.970258700680368 ], [ 132.100765493605735, 32.971141943492583 ], [ 132.101202929074447, 32.9711836161554 ], [ 132.101652888224947, 32.970483708221302 ] ] ] } },
{ "type": "Feature", "properties": { "CITY_NAME": "佐伯市", "S_NAME": "大字大島", "JINKO": 0, "medical_area": "44_南部医療圏", "町丁目名": "佐伯市大字大島" }, "geometry": { "type": "Polygon", "coordinates": [ [ [ 132.082263799481154, 32.970520376429128 ], [ 132.082105359444967, 32.970685858009134 ], [ 132.082665618931799, 32.97101373022884 ], [ 132.082536465357066, 32.970600069004405 ], [ 132.082263799481154, 32.970520376429128 ] ] ] } },
{ "type": "Feature", "properties": { "CITY_NAME": "佐伯市", "S_NAME": "大字大島", "JINKO": 0, "medical_area": "44_南部医療圏", "町丁目名": "佐伯市大字大島" }, "geometry": { "type": "Polygon", "coordinates": [ [ [ 132.176757362895216, 33.04312885333367 ], [ 132.17645737902987, 33.043087170726935 ], [ 132.176319836507474, 33.043537128609536 ], [ 132.177044835446196, 33.04443707034784 ], [ 132.177144794532893, 33.044337076816937 ], [ 132.176982319556629, 33.043528817514201 ], [ 132.176757362895216, 33.04312885333367 ] ] ] } },
{ "type": "Feature", "properties": { "CITY_NAME": "佐伯市", "S_NAME": "大字大島", "JINKO": 0, "medical_area": "44_南部医療圏", "町丁目名": "佐伯市大字大島" }, "geometry": { "type": "Polygon", "coordinates": [ [ [ 132.070426032229051, 32.985033226878173 ], [ 132.069480009100971, 32.984042242940255 ], [ 132.069788131583977, 32.98403780432767 ], [ 132.069420700452611, 32.983560343505054 ], [ 132.068804923507514, 32.983240095993054 ], [ 132.06745137541526, 32.983316576075751 ], [ 132.065824014232874, 32.984019349850549 ], [ 132.06610103481222, 32.984368650178745 ], [ 132.066230456642472, 32.984190815353728 ], [ 132.06681005606913, 32.98407496341845 ], [ 132.067502036656833, 32.98415021177609 ], [ 132.067525036384609, 32.984456591811487 ], [ 132.068140609263878, 32.984932841381202 ], [ 132.068551213625682, 32.984651611511275 ], [ 132.069773146211475, 32.984569030125428 ], [ 132.069985211214799, 32.985386856250294 ], [ 132.070233970016602, 32.985519080368746 ], [ 132.070426032229051, 32.985033226878173 ] ] ] } },
{ "type": "Feature", "properties": { "CITY_NAME": "佐伯市", "S_NAME": "大字下直見", "JINKO": 462, "medical_area": "44_南部医療圏", "町丁目名": "佐伯市大字下直見" }, "geometry": { "type": "Polygon", "coordinates": [ [ [ 131.813337162322455, 32.936782644845806 ], [ 131.813759230629984, 32.936382353870826 ], [ 131.814420947036581, 32.936179274634185 ], [ 131.814509014385123, 32.935816172692647 ], [ 131.814204573306739, 32.935121989389941 ], [ 131.81484342437102, 32.93412132487915 ], [ 131.813500136084969, 32.933259628558737 ], [ 131.813508268798159, 32.93267900293619 ], [ 131.814563178654197, 32.931764955335396 ], [ 131.814252041170221, 32.931231937199058 ], [ 131.814355847013985, 32.930207600710872 ], [ 131.813509284146875, 32.929268257165482 ], [ 131.813468688174225, 32.928812294912426 ], [ 131.813175418321521, 32.928532232620277 ], [ 131.813349532104183, 32.92758536392202 ], [ 131.813979182698063, 32.92707075879823 ], [ 131.814269201982199, 32.926421755069924 ], [ 131.81523960958441, 32.925246401411769 ], [ 131.815820655009418, 32.924863452989271 ], [ 131.816663871454864, 32.924877222910695 ], [ 131.8173192863689, 32.924670670587709 ], [ 131.817871603875005, 32.923763363361743 ], [ 131.817825850357053, 32.923193607247775 ], [ 131.817452681868645, 32.922353641410226 ], [ 131.817722365707965, 32.921541877165922 ], [ 131.816922719288613, 32.920730089852093 ], [ 131.816804203544308, 32.920367460637323 ], [ 131.817428195154122, 32.91912518672811 ], [ 131.817206140185135, 32.918009268161299 ], [ 131.818314947845437, 32.917445973872773 ], [ 131.816569533864765, 32.915268166695952 ], [ 131.816666781739627, 32.914441772714717 ], [ 131.817319363706787, 32.913596862592435 ], [ 131.816604893017995, 32.912555089036694 ], [ 131.81656136409552, 32.912225238650471 ], [ 131.817519194438006, 32.910933494790946 ], [ 131.818671967000597, 32.910646634685598 ], [ 131.819935396639892, 32.91075920753967 ], [ 131.820097821282701, 32.91058475977335 ], [ 131.819159029333008, 32.908854431505347 ], [ 131.819350660438118, 32.907341772942374 ], [ 131.81816646244792, 32.906356486060616 ], [ 131.817249687540311, 32.905888723506834 ], [ 131.817015511897552, 32.904804416799678 ], [ 131.817056265531335, 32.904148258786634 ], [ 131.816807593652186, 32.903823391594038 ], [ 131.811728949798407, 32.904861756680859 ], [ 131.810669046807647, 32.905326546357351 ], [ 131.809491978590586, 32.906888314690711 ], [ 131.808114539198499, 32.90775205967222 ], [ 131.807684768372496, 32.908397774108693 ], [ 131.806489899534682, 32.909524736034172 ], [ 131.804509406054535, 32.910678133752519 ], [ 131.803932058618358, 32.911504664360073 ], [ 131.803614955770541, 32.913015850891171 ], [ 131.803072057870963, 32.913681845028243 ], [ 131.801353059367045, 32.914485629035724 ], [ 131.800468192737469, 32.915578922466189 ], [ 131.799999554952052, 32.915682862141345 ], [ 131.799163972523473, 32.9155420151939 ], [ 131.797516263942043, 32.914698353522226 ], [ 131.796198118168434, 32.914830878927113 ], [ 131.795463926320565, 32.914725194390016 ], [ 131.793266883018362, 32.913640778937534 ], [ 131.789267506774934, 32.912226253911541 ], [ 131.788829270052446, 32.912273159951766 ], [ 131.787371618149962, 32.912919627147964 ], [ 131.783225450049883, 32.915740200011768 ], [ 131.780689622154085, 32.916536039864525 ], [ 131.779499463033858, 32.917335191572292 ], [ 131.779645408462443, 32.917386078835293 ], [ 131.779608280706071, 32.918115085682849 ], [ 131.779997591224856, 32.919448550856444 ], [ 131.780396515599676, 32.91978139722476 ], [ 131.781334441030793, 32.919837938342319 ], [ 131.781904141690035, 32.920431576330699 ], [ 131.782548671579605, 32.920795379732247 ], [ 131.782623561521916, 32.921379393220022 ], [ 131.783302900351629, 32.922327023851395 ], [ 131.78403365836698, 32.922776752233439 ], [ 131.78436816730067, 32.924051277201364 ], [ 131.784361930440213, 32.924802141403873 ], [ 131.785357106690526, 32.924969470195514 ], [ 131.785784034518201, 32.927207995787199 ], [ 131.786663000438494, 32.928823157910621 ], [ 131.787430902394874, 32.929194848786977 ], [ 131.791443134908945, 32.930157928884363 ], [ 131.791468598205711, 32.930831243670646 ], [ 131.791650507691145, 32.931089755541947 ], [ 131.79414175705125, 32.933077697114584 ], [ 131.795878830471054, 32.934759797539918 ], [ 131.796036846136445, 32.935248967815347 ], [ 131.795935900782638, 32.936290400780237 ], [ 131.796612630201906, 32.937812147731094 ], [ 131.797233405441176, 32.937919333534182 ], [ 131.798551699282541, 32.937784822145154 ], [ 131.799476916056335, 32.937056632916502 ], [ 131.800261895386569, 32.936834089443785 ], [ 131.801558699238626, 32.936949133583411 ], [ 131.802465219092539, 32.936744261310544 ], [ 131.80473616516673, 32.937000011080229 ], [ 131.806117530146935, 32.936839801954712 ], [ 131.806620665274266, 32.937064313478665 ], [ 131.807134244749449, 32.937748540406368 ], [ 131.807437746648105, 32.938674847972187 ], [ 131.807853420832885, 32.939239086393009 ], [ 131.809472969028604, 32.940862487244146 ], [ 131.810046157596787, 32.93974185504122 ], [ 131.81028887206125, 32.938552857693786 ], [ 131.81085460400098, 32.938183173497713 ], [ 131.811897712334513, 32.937897077257794 ], [ 131.812364591061112, 32.937288962367809 ], [ 131.813337162322455, 32.936782644845806 ] ] ] } },
{ "type": "Feature", "properties": { "CITY_NAME": "佐伯市", "S_NAME": "大字上直見", "JINKO": 525, "medical_area": "44_南部医療圏", "町丁目名": "佐伯市大字上直見" }, "geometry": { "type": "Polygon", "coordinates": [ [ [ 131.788829270052446, 32.912273159951766 ], [ 131.789792018838483, 32.912311227397595 ], [ 131.790887141163182, 32.912875399557045 ], [ 131.79326688301839, 32.913640778937527 ], [ 131.795463926320565, 32.914725194390016 ], [ 131.796198118168434, 32.914830878927113 ], [ 131.797516263942043, 32.914698353522226 ], [ 131.799163972523473, 32.9155420151939 ], [ 131.799999554952052, 32.915682862141345 ], [ 131.800468192737469, 32.915578922466189 ], [ 131.801353059367045, 32.914485629035724 ], [ 131.803072057870963, 32.913681845028243 ], [ 131.803614955770541, 32.913015850891171 ], [ 131.803932058618358, 32.911504664360073 ], [ 131.804509406054535, 32.910678133752519 ], [ 131.806489899534682, 32.909524736034172 ], [ 131.807684768372496, 32.908397774108693 ], [ 131.808114539198499, 32.90775205967222 ], [ 131.809491978590586, 32.906888314690711 ], [ 131.810669046807647, 32.905326546357351 ], [ 131.811728949798407, 32.904861756680859 ], [ 131.816807593652186, 32.903823391594038 ], [ 131.817462035842027, 32.902325083609561 ], [ 131.817643397678154, 32.900939451675399 ], [ 131.818416061374904, 32.900524590609614 ], [ 131.818770129516764, 32.900087071181041 ], [ 131.81971255450469, 32.89948152591149 ], [ 131.819535536380926, 32.898720969461479 ], [ 131.818868065025271, 32.897867513596609 ], [ 131.818116827125806, 32.896447633756203 ], [ 131.817440096038581, 32.896010256466298 ], [ 131.816472355443949, 32.894797940762579 ], [ 131.816317420349264, 32.894092071609194 ], [ 131.814520936380831, 32.891570774815939 ], [ 131.814237764125863, 32.890700061005674 ], [ 131.813751621502973, 32.890077335705371 ], [ 131.813332892548033, 32.888706791368669 ], [ 131.813462349350374, 32.886614773389908 ], [ 131.81269256339553, 32.885537367924812 ], [ 131.812709697752013, 32.885025512947792 ], [ 131.812372873592437, 32.88448282011354 ], [ 131.811775121771916, 32.884066976596621 ], [ 131.811391243750109, 32.882681493764544 ], [ 131.810714583648775, 32.881747059483899 ], [ 131.811023411485962, 32.880651629299813 ], [ 131.810606909069037, 32.879991639686864 ], [ 131.810641121241105, 32.87942812410104 ], [ 131.81016798970964, 32.879261828256951 ], [ 131.809556728060471, 32.878315936053383 ], [ 131.808752383239437, 32.877750489561372 ], [ 131.808600620511896, 32.877383315612164 ], [ 131.808620217376557, 32.876661600941155 ], [ 131.807895508224533, 32.875234150507964 ], [ 131.806041555653252, 32.874491390666982 ], [ 131.805665987895026, 32.873985312456448 ], [ 131.802417986283075, 32.874206486731119 ], [ 131.800166580827977, 32.875824072779047 ], [ 131.799120397834002, 32.879188940030375 ], [ 131.79689244974756, 32.883219249918689 ], [ 131.796411153620369, 32.884488648791056 ], [ 131.795574293028892, 32.885126113826928 ], [ 131.793057347320939, 32.886253473148663 ], [ 131.791277496827348, 32.888131724577583 ], [ 131.789281489966413, 32.891515801295185 ], [ 131.787916817969915, 32.892071635216361 ], [ 131.784267458922102, 32.894133701323362 ], [ 131.782706708937837, 32.896671577679349 ], [ 131.782183008848591, 32.896667553039883 ], [ 131.781603459517925, 32.895996959010546 ], [ 131.780841693609545, 32.896108005970305 ], [ 131.780277391798222, 32.895766761920761 ], [ 131.780048534878802, 32.895818127965136 ], [ 131.780557569111636, 32.896600636838244 ], [ 131.780258850796457, 32.896809037736865 ], [ 131.780222839823239, 32.896921609942915 ], [ 131.780419406154863, 32.89697811661884 ], [ 131.780362207230922, 32.897207870502932 ], [ 131.780119819320078, 32.897192210751406 ], [ 131.779932347390371, 32.897756712674003 ], [ 131.780121714571777, 32.897801596136162 ], [ 131.780047325271084, 32.897966063912847 ], [ 131.780332974973021, 32.898202017854459 ], [ 131.779921339800325, 32.898399692628544 ], [ 131.779274691664824, 32.897742864579662 ], [ 131.779566011612417, 32.897528048527214 ], [ 131.779123640534749, 32.896757589301508 ], [ 131.778970600538514, 32.896597815064588 ], [ 131.778524767781477, 32.896713290152135 ], [ 131.777935988881381, 32.895698763401207 ], [ 131.77700438955705, 32.895821427497907 ], [ 131.776758313731534, 32.895621271500325 ], [ 131.776450664046394, 32.895676968502237 ], [ 131.776144935430068, 32.895338257323509 ], [ 131.775954717107851, 32.894626850155475 ], [ 131.770611545688524, 32.894846962429732 ], [ 131.769584393881019, 32.895121082037207 ], [ 131.768014388493015, 32.895901545635148 ], [ 131.766092444217293, 32.896348312170673 ], [ 131.764423064659695, 32.897241130567764 ], [ 131.76023278657641, 32.901693703456019 ], [ 131.759248712084712, 32.90347993954741 ], [ 131.760263969302031, 32.90387362546371 ], [ 131.761753498143662, 32.904983246852041 ], [ 131.76267813007982, 32.904531857272694 ], [ 131.76388686103877, 32.904900968135202 ], [ 131.764173977792126, 32.905779872563251 ], [ 131.764944609667083, 32.905913647876481 ], [ 131.765328378897408, 32.906696743730421 ], [ 131.766155617343287, 32.906905534144826 ], [ 131.766721395887089, 32.908507938830752 ], [ 131.767495978989672, 32.909380540235887 ], [ 131.768139982072768, 32.909741516713567 ], [ 131.770050735370546, 32.909681841772361 ], [ 131.771043051656733, 32.910366453337517 ], [ 131.772548661800727, 32.910508107413072 ], [ 131.773494864218151, 32.911001139407844 ], [ 131.774427838720442, 32.91125813353419 ], [ 131.774252072376441, 32.912522048527777 ], [ 131.774329339295662, 32.912916209151014 ], [ 131.773997802071392, 32.913727528429192 ], [ 131.774584573505507, 32.915418166609278 ], [ 131.776965375887272, 32.916168066872814 ], [ 131.7775305110234, 32.916216679196921 ], [ 131.77767348099735, 32.916538983840113 ], [ 131.778051094020555, 32.916825071749187 ], [ 131.779499463033858, 32.917335191572292 ], [ 131.780689622154085, 32.916536039864525 ], [ 131.783225450049883, 32.915740200011768 ], [ 131.78426824333269, 32.915151685027752 ], [ 131.785766369211245, 32.913898057410002 ], [ 131.787371618149962, 32.912919627147964 ], [ 131.788829270052446, 32.912273159951766 ] ] ] } },
{ "type": "Feature", "properties": { "CITY_NAME": "佐伯市", "S_NAME": "大字赤木", "JINKO": 332, "medical_area": "44_南部医療圏", "町丁目名": "佐伯市大字赤木" }, "geometry": { "type": "Polygon", "coordinates": [ [ [ 131.779932347390371, 32.897756712674003 ], [ 131.780119819320078, 32.897192210751406 ], [ 131.780362207230922, 32.897207870502932 ], [ 131.780419406154863, 32.89697811661884 ], [ 131.780222839823239, 32.896921609942915 ], [ 131.780258850796457, 32.896809037736865 ], [ 131.780557569111636, 32.896600636838244 ], [ 131.780048534878802, 32.895818127965136 ], [ 131.780277391798222, 32.895766761920761 ], [ 131.780841693609545, 32.896108005970305 ], [ 131.781603459517925, 32.895996959010546 ], [ 131.782183008848591, 32.896667553039883 ], [ 131.782706708937837, 32.896671577679349 ], [ 131.784267458922102, 32.894133701323362 ], [ 131.78791681796983, 32.892071635216361 ], [ 131.789281489966413, 32.891515801295185 ], [ 131.791277496827348, 32.888131724577583 ], [ 131.793057347320939, 32.886253473148663 ], [ 131.795574293028892, 32.885126113826928 ], [ 131.796411153620369, 32.884488648791056 ], [ 131.79689244974756, 32.883219249918689 ], [ 131.799120397834002, 32.879188940030375 ], [ 131.800166580827977, 32.875824072779047 ], [ 131.802417986283075, 32.874206486731119 ], [ 131.805665987895026, 32.873985312456448 ], [ 131.805922310308944, 32.873858931789044 ], [ 131.806587970254839, 32.874068168966197 ], [ 131.807356203484517, 32.874033762588127 ], [ 131.809125479242738, 32.873142428624824 ], [ 131.808466719325963, 32.872726991762292 ], [ 131.807901026175557, 32.871497311457716 ], [ 131.807386453448458, 32.868680553557375 ], [ 131.807781733828023, 32.867971127431282 ], [ 131.807856480910004, 32.867061299565115 ], [ 131.807630129618246, 32.865689531115486 ], [ 131.807861603304474, 32.865209433116775 ], [ 131.807808498147864, 32.864653855729983 ], [ 131.807997249233466, 32.864277108568153 ], [ 131.807885038513149, 32.863453159675267 ], [ 131.808399911665362, 32.861001596951837 ], [ 131.809406969635006, 32.860347141073341 ], [ 131.809725181417122, 32.859807574640747 ], [ 131.810459557395347, 32.859423624468036 ], [ 131.811009012821302, 32.85790695146946 ], [ 131.811837079115804, 32.857264677614602 ], [ 131.813746647842748, 32.856957738418629 ], [ 131.81484749877842, 32.857024204145304 ], [ 131.815642123976716, 32.856544096624752 ], [ 131.816861731903316, 32.856226893444244 ], [ 131.817636722873146, 32.855036369786511 ], [ 131.816601545185307, 32.853351794136159 ], [ 131.81541753222649, 32.852126673665097 ], [ 131.814902537044986, 32.852030681682081 ], [ 131.813738261987027, 32.851207320368935 ], [ 131.810865978793487, 32.848642848879059 ], [ 131.809478608643758, 32.848001524219868 ], [ 131.809239909218661, 32.847668889030771 ], [ 131.809148226912981, 32.847001108999521 ], [ 131.808107200482425, 32.846172367047075 ], [ 131.807855869225989, 32.845623036613588 ], [ 131.806708913715113, 32.845508495166655 ], [ 131.806174024731916, 32.844979058951424 ], [ 131.805447754901422, 32.84520500965467 ], [ 131.805054064410029, 32.84489594416771 ], [ 131.80430741232388, 32.844638811787746 ], [ 131.80277654517954, 32.843519641122313 ], [ 131.798719442151196, 32.843125593021064 ], [ 131.798445672224091, 32.842449960882739 ], [ 131.797607614306457, 32.842148215847963 ], [ 131.797071767856238, 32.841505861242808 ], [ 131.797076729857537, 32.841164860498132 ], [ 131.796541551513656, 32.840895062758804 ], [ 131.796306959566522, 32.840417857290568 ], [ 131.796054111167365, 32.84027946418248 ], [ 131.795277228891109, 32.840230218305614 ], [ 131.794941886945452, 32.839862032132679 ], [ 131.794120511475256, 32.839623378013158 ], [ 131.793255565201463, 32.839608526662261 ], [ 131.791337217500569, 32.83915323251184 ], [ 131.790132793704259, 32.838591826136295 ], [ 131.789531493550783, 32.837805330327335 ], [ 131.789025169956062, 32.83625500005256 ], [ 131.787365055546758, 32.833808725789801 ], [ 131.78705834151387, 32.833841294420203 ], [ 131.786728961821126, 32.834123592354345 ], [ 131.785012038771555, 32.83408629442475 ], [ 131.784284064121977, 32.834355072691466 ], [ 131.782701095754703, 32.833904575198559 ], [ 131.782217795619687, 32.834412188826896 ], [ 131.781427350521312, 32.834657157402368 ], [ 131.780795360497336, 32.835053412329309 ], [ 131.778718098264449, 32.835296242403835 ], [ 131.778327612650997, 32.835646652093835 ], [ 131.77716061383461, 32.836120231102143 ], [ 131.776153699816831, 32.836158045215264 ], [ 131.774896573790642, 32.835550073602271 ], [ 131.77269382538762, 32.835904270219132 ], [ 131.771754980923703, 32.835910054872905 ], [ 131.769511156700446, 32.836920679696838 ], [ 131.768809167726602, 32.8369009645549 ], [ 131.76861034942408, 32.838039144515569 ], [ 131.7681867466884, 32.838668907353622 ], [ 131.76825238186845, 32.839729624679222 ], [ 131.768619033196018, 32.840731785104808 ], [ 131.768572370889785, 32.841592478267529 ], [ 131.769148312569513, 32.843200915480672 ], [ 131.77020837025708, 32.847819564207185 ], [ 131.77098422981237, 32.84845747088076 ], [ 131.773666481668755, 32.849954547696754 ], [ 131.773918915269121, 32.850247978848202 ], [ 131.774039041822363, 32.850654628891306 ], [ 131.773966110443041, 32.851367975899436 ], [ 131.7729678742011, 32.856799984670189 ], [ 131.773166689963602, 32.857627554250698 ], [ 131.774043787680881, 32.859263332064174 ], [ 131.775541450284408, 32.861340730794517 ], [ 131.775473960105472, 32.861594881152143 ], [ 131.775034834958518, 32.861992114997662 ], [ 131.774326111277418, 32.863998178605272 ], [ 131.774360652411247, 32.866429289020516 ], [ 131.774046437448845, 32.867457805586334 ], [ 131.772820876928364, 32.868833085846838 ], [ 131.771320092364732, 32.871321175954968 ], [ 131.770121841950299, 32.872259773213884 ], [ 131.769060329546477, 32.872695161688654 ], [ 131.768555668680136, 32.873375128113857 ], [ 131.768383655186597, 32.873973305816968 ], [ 131.768441735088743, 32.875368393924887 ], [ 131.768811917410346, 32.876698368503071 ], [ 131.769760104575823, 32.879046018553616 ], [ 131.769519123617755, 32.880545523154829 ], [ 131.769595589504888, 32.881649459651655 ], [ 131.770329255813095, 32.883889232030988 ], [ 131.772424755082483, 32.888417758116859 ], [ 131.772897973086401, 32.890470944471367 ], [ 131.773243788766138, 32.891229420034414 ], [ 131.775425252012127, 32.89341720480796 ], [ 131.775576977239467, 32.894062352052423 ], [ 131.775226532029421, 32.89456553015507 ], [ 131.77603248138152, 32.894667898532347 ], [ 131.776144935430068, 32.895338257323509 ], [ 131.776450664046394, 32.895676968502237 ], [ 131.776758313731534, 32.895621271500325 ], [ 131.77700438955705, 32.895821427497907 ], [ 131.777935988881381, 32.895698763401207 ], [ 131.778524767781477, 32.896713290152135 ], [ 131.778970600538514, 32.896597815064588 ], [ 131.779123640534749, 32.896757589301508 ], [ 131.779566011612417, 32.897528048527214 ], [ 131.779274691664824, 32.897742864579662 ], [ 131.779921339800325, 32.898399692628544 ], [ 131.780335944231496, 32.89815937861443 ], [ 131.780047325271084, 32.897966063912847 ], [ 131.780121714571777, 32.897801596136162 ], [ 131.779932347390371, 32.897756712674003 ] ] ] } },
{ "type": "Feature", "properties": { "CITY_NAME": "佐伯市", "S_NAME": "大字仁田原", "JINKO": 352, "medical_area": "44_南部医療圏", "町丁目名": "佐伯市大字仁田原" }, "geometry": { "type": "Polygon", "coordinates": [ [ [ 131.768781657926041, 32.894381274848811 ], [ 131.76949422059306, 32.894540277689657 ], [ 131.769896496839579, 32.895039728051827 ], [ 131.770982705753596, 32.894777806431684 ], [ 131.77290312224639, 32.894846017893215 ], [ 131.775226532029421, 32.89456553015507 ], [ 131.775576977239467, 32.894062352052423 ], [ 131.775555475638384, 32.893720538469765 ], [ 131.775160615135178, 32.893068171372136 ], [ 131.773243788766138, 32.891229420034414 ], [ 131.772897973086401, 32.890470944471367 ], [ 131.772424755082483, 32.888417758116859 ], [ 131.770329255813095, 32.883889232030988 ], [ 131.769534741193382, 32.88123456750823 ], [ 131.769760104575823, 32.879046018553616 ], [ 131.768592754689621, 32.876047152890663 ], [ 131.768383819032096, 32.874370997612424 ], [ 131.768383655186597, 32.873973305816968 ], [ 131.768764707658505, 32.872995655568623 ], [ 131.769483847092971, 32.872423538945789 ], [ 131.770121841950299, 32.872259773213884 ], [ 131.771320092364732, 32.871321175954968 ], [ 131.772820876928364, 32.868833085846838 ], [ 131.774046437448845, 32.867457805586334 ], [ 131.774360652411247, 32.866429289020516 ], [ 131.774326111277418, 32.863998178605272 ], [ 131.775034834958518, 32.861992114997662 ], [ 131.775473960105472, 32.861594881152143 ], [ 131.775541450284408, 32.861340730794517 ], [ 131.774043787680881, 32.859263332064174 ], [ 131.773166689963602, 32.857627554250698 ], [ 131.7729678742011, 32.856799984670189 ], [ 131.773966110443013, 32.851367975899436 ], [ 131.774039041822363, 32.850654628891306 ], [ 131.773918915269121, 32.850247978848202 ], [ 131.773666481668727, 32.849954547696754 ], [ 131.77098422981237, 32.84845747088076 ], [ 131.77020837025708, 32.847819564207185 ], [ 131.769148312569513, 32.843200915480672 ], [ 131.768572370889785, 32.841592478267529 ], [ 131.768619033196018, 32.840731785104808 ], [ 131.76825238186845, 32.839729624679222 ], [ 131.7681867466884, 32.838668907353622 ], [ 131.767665511695043, 32.838640697517484 ], [ 131.767078236475868, 32.838919753416491 ], [ 131.766651858760753, 32.83893685748604 ], [ 131.766618264043899, 32.838047824110568 ], [ 131.765915537894557, 32.837642207629116 ], [ 131.765317040058989, 32.836924401955542 ], [ 131.763374335722688, 32.836878870278419 ], [ 131.762126636968276, 32.836631682805873 ], [ 131.761741256208268, 32.836748191190253 ], [ 131.761142046037463, 32.837281914223148 ], [ 131.759918771006312, 32.837697082442659 ], [ 131.759811294986804, 32.837550948257537 ], [ 131.759966019919233, 32.837003621940696 ], [ 131.759541307286042, 32.836480189896761 ], [ 131.758097893731986, 32.836274834113645 ], [ 131.757456804414744, 32.835858707401201 ], [ 131.756673461135023, 32.83574923924963 ], [ 131.756175047539102, 32.83535877263872 ], [ 131.755331414818727, 32.835539172060869 ], [ 131.754035107976108, 32.836739614033149 ], [ 131.753802537804233, 32.836651289455062 ], [ 131.753241026646691, 32.835932944958117 ], [ 131.751719721906255, 32.835087801672486 ], [ 131.749646755771408, 32.834686310718205 ], [ 131.746817004018396, 32.833019155439963 ], [ 131.745856325814401, 32.833065652375659 ], [ 131.745051633592283, 32.833294702984873 ], [ 131.744396078022362, 32.833166084001192 ], [ 131.743579392158608, 32.833688762231837 ], [ 131.742692721059058, 32.833634915666146 ], [ 131.741876580509626, 32.834235077768312 ], [ 131.740655510045741, 32.833757059078238 ], [ 131.740142534863367, 32.832759059893405 ], [ 131.739779189734378, 32.832626663394251 ], [ 131.739045546398103, 32.832679923225655 ], [ 131.73839882361267, 32.833032361374869 ], [ 131.737504063240408, 32.832967817006583 ], [ 131.737258889229281, 32.833361265879567 ], [ 131.73642235112078, 32.833739082843557 ], [ 131.736012348106215, 32.834556415636449 ], [ 131.7350653008221, 32.835369520992479 ], [ 131.733346579586168, 32.835870933877452 ], [ 131.732536604432596, 32.836298587207956 ], [ 131.731346639587201, 32.836427653425744 ], [ 131.730969136572298, 32.836319537823805 ], [ 131.730521746349751, 32.835880147073937 ], [ 131.730235556586564, 32.8358553315243 ], [ 131.729843911101682, 32.836150345418126 ], [ 131.728493952978511, 32.835899339093949 ], [ 131.72766814210047, 32.836629340635952 ], [ 131.727544188840255, 32.837148580263609 ], [ 131.726365819802709, 32.839136808333819 ], [ 131.726270638991565, 32.840506831868524 ], [ 131.725695919631136, 32.841672214657635 ], [ 131.724153542055177, 32.843625020798818 ], [ 131.724354999775045, 32.844055573511476 ], [ 131.724270659339624, 32.844512790147853 ], [ 131.723822078550882, 32.845543587229692 ], [ 131.7230625449169, 32.846393022762442 ], [ 131.723136859942514, 32.846850798977357 ], [ 131.723454346328737, 32.847180659858175 ], [ 131.723184652279883, 32.847372697374588 ], [ 131.723098193825393, 32.847785803073513 ], [ 131.722795386732827, 32.848186913747575 ], [ 131.722722610315543, 32.848785276164662 ], [ 131.722315755690516, 32.849407440317115 ], [ 131.722338164980556, 32.849711707250101 ], [ 131.722747221377375, 32.850134705254071 ], [ 131.722744961879698, 32.850618619374984 ], [ 131.723244197453511, 32.851323388054304 ], [ 131.723431439226601, 32.853685880897011 ], [ 131.72392480851687, 32.85476680342839 ], [ 131.726452918716205, 32.855139149922692 ], [ 131.728729108053898, 32.85587568707993 ], [ 131.730611374526916, 32.856736825752385 ], [ 131.731684414418311, 32.8576575718538 ], [ 131.731986319180976, 32.858440521104747 ], [ 131.731933027964402, 32.860269294682389 ], [ 131.732903960458373, 32.862492322232107 ], [ 131.735515919730375, 32.866261337075123 ], [ 131.736414369499272, 32.867167292031347 ], [ 131.737521700445996, 32.867880448964257 ], [ 131.737845199600343, 32.868255612217965 ], [ 131.738042783881724, 32.868697625619596 ], [ 131.73805098334509, 32.86962851708951 ], [ 131.737623169213947, 32.871965214577706 ], [ 131.737951403731046, 32.87274913268871 ], [ 131.739106287445736, 32.874122999011981 ], [ 131.740873367466236, 32.875218351667399 ], [ 131.743353143085699, 32.877373943881359 ], [ 131.745948546134315, 32.87827628163992 ], [ 131.747139565511986, 32.879714461271533 ], [ 131.747763296398631, 32.880128716187144 ], [ 131.749977494910951, 32.880805879314401 ], [ 131.754713332852248, 32.883050561402698 ], [ 131.75710986973013, 32.885819679138642 ], [ 131.758711272954514, 32.885813757947489 ], [ 131.760058361571623, 32.886280543604542 ], [ 131.761789361469198, 32.886558892493355 ], [ 131.762016414405906, 32.886747748150192 ], [ 131.762346483240833, 32.887991134007834 ], [ 131.762333617481147, 32.889457905250573 ], [ 131.763622019976253, 32.890426579491326 ], [ 131.765608719945874, 32.891536512863162 ], [ 131.765995559701111, 32.892323574066204 ], [ 131.76577684740974, 32.892769057628129 ], [ 131.765438180942112, 32.892780794050616 ], [ 131.763703974465386, 32.891857599420376 ], [ 131.761483892261793, 32.891069086791283 ], [ 131.760842177151773, 32.891145719249657 ], [ 131.760594637942233, 32.891346564864371 ], [ 131.760540496158114, 32.891734780726551 ], [ 131.760863580215045, 32.89215841697564 ], [ 131.762678231771503, 32.892853095546336 ], [ 131.764916171585668, 32.894531840559935 ], [ 131.765769938557014, 32.894993409633265 ], [ 131.766251238211709, 32.895127860272623 ], [ 131.767131806897993, 32.895062557840653 ], [ 131.768781657926041, 32.894381274848811 ] ] ] } },
{ "type": "Feature", "properties": { "CITY_NAME": "佐伯市", "S_NAME": "大字横川", "JINKO": 275, "medical_area": "44_南部医療圏", "町丁目名": "佐伯市大字横川" }, "geometry": { "type": "Polygon", "coordinates": [ [ [ 131.737796834976365, 32.909755220904891 ], [ 131.738144489544084, 32.909610365015233 ], [ 131.739206489043198, 32.909608435571037 ], [ 131.739840673742634, 32.909370996440209 ], [ 131.740333555377589, 32.908491748855589 ], [ 131.741486283674647, 32.907390528431229 ], [ 131.742427950327425, 32.907092368939672 ], [ 131.74292356322033, 32.905923143401154 ], [ 131.743745843275747, 32.904870981176153 ], [ 131.744357961307657, 32.901993838517981 ], [ 131.744953446994941, 32.900359299803824 ], [ 131.74706344774134, 32.898855029249567 ], [ 131.748313027715142, 32.898602136582106 ], [ 131.748566844499891, 32.898288159806953 ], [ 131.749369433698263, 32.898259553089716 ], [ 131.749910319646006, 32.897585464976444 ], [ 131.75109040304929, 32.897950613172377 ], [ 131.751485820709291, 32.898210626722523 ], [ 131.752433631530636, 32.89938143889735 ], [ 131.752602906841673, 32.899986280635311 ], [ 131.753174794231086, 32.90021696807122 ], [ 131.753376424125975, 32.900775716737236 ], [ 131.754996701558639, 32.901590325908458 ], [ 131.755644021463695, 32.901703258410592 ], [ 131.757715360889875, 32.903086347768351 ], [ 131.758618528622804, 32.903115482212669 ], [ 131.759248712084712, 32.90347993954741 ], [ 131.76023278657641, 32.901693703456019 ], [ 131.764423064659695, 32.897241130567764 ], [ 131.766092444217293, 32.896348312170673 ], [ 131.768014388493015, 32.895901545635148 ], [ 131.769896496839579, 32.895039728051827 ], [ 131.76949422059306, 32.894540277689657 ], [ 131.768986039579374, 32.894348313823194 ], [ 131.767131806897993, 32.895062557840653 ], [ 131.766251238211709, 32.895127860272623 ], [ 131.765769938557014, 32.894993409633265 ], [ 131.764916171585668, 32.894531840559935 ], [ 131.762678231771503, 32.892853095546336 ], [ 131.760863580215045, 32.89215841697564 ], [ 131.760540496158114, 32.891734780726551 ], [ 131.760594637942233, 32.891346564864371 ], [ 131.760842177151773, 32.891145719249657 ], [ 131.761483892261793, 32.891069086791283 ], [ 131.763703974465386, 32.891857599420376 ], [ 131.765438180942112, 32.892780794050616 ], [ 131.76577684740974, 32.892769057628129 ], [ 131.765995559701111, 32.892323574066204 ], [ 131.765608719945874, 32.891536512863162 ], [ 131.763622019976253, 32.890426579491326 ], [ 131.762333617481147, 32.889457905250573 ], [ 131.762346483240833, 32.887991134007834 ], [ 131.762016414405906, 32.886747748150192 ], [ 131.761789361469198, 32.886558892493355 ], [ 131.760058361571623, 32.886280543604542 ], [ 131.758711272954514, 32.885813757947489 ], [ 131.75710986973013, 32.885819679138642 ], [ 131.754713332852248, 32.883050561402698 ], [ 131.749977494910951, 32.880805879314401 ], [ 131.747763296398631, 32.880128716187144 ], [ 131.747139565511986, 32.879714461271533 ], [ 131.745948546134315, 32.87827628163992 ], [ 131.743353143085699, 32.877373943881359 ], [ 131.740873367466236, 32.875218351667399 ], [ 131.739106287445736, 32.874122999011981 ], [ 131.737951403731046, 32.87274913268871 ], [ 131.737623169213947, 32.871965214577706 ], [ 131.73805098334509, 32.86962851708951 ], [ 131.738042783881724, 32.868697625619596 ], [ 131.737845199600343, 32.868255612217965 ], [ 131.737521700445996, 32.867880448964257 ], [ 131.736414369499272, 32.867167292031347 ], [ 131.735515919730375, 32.866261337075123 ], [ 131.73341863491558, 32.863351465679436 ], [ 131.731933027964402, 32.860269294682389 ], [ 131.731923806752519, 32.858054386679136 ], [ 131.731428831638169, 32.85736251934857 ], [ 131.730611374526916, 32.856736825752385 ], [ 131.728729108053898, 32.85587568707993 ], [ 131.726452918716205, 32.855139149922692 ], [ 131.72392480851687, 32.85476680342839 ], [ 131.724162293346609, 32.855366222436857 ], [ 131.724053987677422, 32.855896282320359 ], [ 131.723094947533923, 32.856889143231641 ], [ 131.7226975685995, 32.856964280435463 ], [ 131.721354637260418, 32.856645502720539 ], [ 131.720758535478524, 32.857126325487201 ], [ 131.720344069686433, 32.85775310484366 ], [ 131.719617191096859, 32.857512719547287 ], [ 131.719062581589156, 32.857601761033258 ], [ 131.718749367140759, 32.857400625491145 ], [ 131.718278118131877, 32.857486579124071 ], [ 131.71745307862318, 32.857120568298548 ], [ 131.716249880837893, 32.857685493688841 ], [ 131.71577447572821, 32.857649178354791 ], [ 131.715439756917533, 32.857450765281385 ], [ 131.715183744155723, 32.856875966023352 ], [ 131.714739712010726, 32.856514281938686 ], [ 131.713884622716904, 32.857022557525042 ], [ 131.71259650418699, 32.857188579253119 ], [ 131.71232596294567, 32.857501007950574 ], [ 131.71204327726366, 32.85841577547226 ], [ 131.711571163388754, 32.85897129545949 ], [ 131.710908735599816, 32.860828688049637 ], [ 131.711770755280156, 32.862734700080544 ], [ 131.710848442357133, 32.863711656453077 ], [ 131.711052374575047, 32.864530022563656 ], [ 131.710987841725483, 32.864949254292206 ], [ 131.710064462914744, 32.864840016954872 ], [ 131.709361560984632, 32.86528888806297 ], [ 131.708438923276731, 32.865461925403423 ], [ 131.708544206438319, 32.865895808619769 ], [ 131.70838505566104, 32.86683850576506 ], [ 131.708812179218597, 32.867591874130859 ], [ 131.709481858811984, 32.867614090296122 ], [ 131.711877301838314, 32.868555320810337 ], [ 131.712568564134472, 32.869742955566984 ], [ 131.713085518159431, 32.870144571135334 ], [ 131.713020114027387, 32.871426260382627 ], [ 131.712672084253541, 32.871689706504711 ], [ 131.711510257271811, 32.871860197478377 ], [ 131.709905812107962, 32.872442960076377 ], [ 131.708974404517846, 32.873066134841977 ], [ 131.7082880900372, 32.873867421155033 ], [ 131.706170756889719, 32.873573696811071 ], [ 131.705059519566333, 32.873905171147427 ], [ 131.7043116648573, 32.873365639474578 ], [ 131.704034889129758, 32.873479062922691 ], [ 131.704216041631298, 32.874536920897022 ], [ 131.704580079776065, 32.875124144054112 ], [ 131.705488604024964, 32.875497553251805 ], [ 131.706231980395529, 32.875467346107314 ], [ 131.707384978236234, 32.87651710206093 ], [ 131.707901223820528, 32.877228327510245 ], [ 131.708273064790859, 32.877426547717597 ], [ 131.707481008244798, 32.878121767957879 ], [ 131.707150478031934, 32.87884949106077 ], [ 131.705330891096679, 32.880527408362092 ], [ 131.705309770212864, 32.880781182736662 ], [ 131.70554669017497, 32.881094651245022 ], [ 131.705074427264293, 32.882242018726664 ], [ 131.705207126489881, 32.882636723195127 ], [ 131.705089781464011, 32.883350530949109 ], [ 131.705211037209608, 32.88467408389883 ], [ 131.70567014976379, 32.885779872426014 ], [ 131.706264458084235, 32.886548646552903 ], [ 131.70765287252587, 32.887204996343954 ], [ 131.708034252090158, 32.887808926870896 ], [ 131.709891881085156, 32.888653564361903 ], [ 131.71020410663823, 32.888614428586621 ], [ 131.710306431724035, 32.887866618730925 ], [ 131.710991896118799, 32.887397783644026 ], [ 131.713405197624155, 32.888467571914305 ], [ 131.714227363188712, 32.889405234869308 ], [ 131.71517803163951, 32.889498835261342 ], [ 131.715724563272516, 32.889791064089138 ], [ 131.716098853462739, 32.890428233322076 ], [ 131.716137231837024, 32.891212598657567 ], [ 131.71710498143787, 32.893920779186573 ], [ 131.717097691534462, 32.894943272807566 ], [ 131.717488594470808, 32.895493145684775 ], [ 131.717547058087291, 32.896032468364282 ], [ 131.717974879050416, 32.896582134941944 ], [ 131.71827006086437, 32.89746880939424 ], [ 131.719507640066865, 32.898251180416416 ], [ 131.719821724641434, 32.898788291342427 ], [ 131.719824850026384, 32.899174339135264 ], [ 131.719236155701537, 32.899738141660762 ], [ 131.718381599744731, 32.901216737386676 ], [ 131.718374293810854, 32.9015322638461 ], [ 131.7184910963189, 32.901827993916562 ], [ 131.718652875316707, 32.901674946843542 ], [ 131.719080407139415, 32.901771958802925 ], [ 131.719668483587554, 32.902409234087379 ], [ 131.720087726584097, 32.903843178165026 ], [ 131.71992221377414, 32.904607650378637 ], [ 131.720003426584952, 32.905426278426489 ], [ 131.720553606370373, 32.906309495715952 ], [ 131.721874372136313, 32.907229217239063 ], [ 131.722134330561857, 32.907842042703663 ], [ 131.722667664866094, 32.908149055542481 ], [ 131.72317266486462, 32.909869168268607 ], [ 131.724338240820515, 32.909836102638373 ], [ 131.72529352716947, 32.910602870715273 ], [ 131.725675477153942, 32.91191413683601 ], [ 131.725285543174721, 32.91302318758288 ], [ 131.725482016145236, 32.914357923802307 ], [ 131.725276771846666, 32.915573136619699 ], [ 131.725651029836058, 32.916164827433349 ], [ 131.726872469023391, 32.916570191014017 ], [ 131.727676874562746, 32.917557208962883 ], [ 131.730415818086243, 32.918945410291464 ], [ 131.731494553500141, 32.91917657235571 ], [ 131.732691554859912, 32.918736808714144 ], [ 131.7338539582951, 32.917364365742252 ], [ 131.734023460109171, 32.916608478047173 ], [ 131.734564563353018, 32.916267756826365 ], [ 131.73400626700473, 32.915506435481596 ], [ 131.734219911552088, 32.914614472998423 ], [ 131.734823662458098, 32.914093783808575 ], [ 131.735830557588315, 32.912138250548011 ], [ 131.73700473100692, 32.911992908319242 ], [ 131.737147501974391, 32.911260715442232 ], [ 131.737796834976365, 32.909755220904891 ] ] ] } },
{ "type": "Feature", "properties": { "CITY_NAME": "佐伯市", "S_NAME": "大字津井浦", "JINKO": 477, "medical_area": "44_南部医療圏", "町丁目名": "佐伯市大字津井浦" }, "geometry": { "type": "Polygon", "coordinates": [ [ [ 131.937827118515315, 33.064260011418057 ], [ 131.938599552762355, 33.062904998583072 ], [ 131.940001753166115, 33.062713108430373 ], [ 131.940393680621696, 33.062299107230515 ], [ 131.941529935681899, 33.062196960809459 ], [ 131.942001312701933, 33.060274294701507 ], [ 131.940297592673829, 33.059848502280921 ], [ 131.93955566226191, 33.059154695691085 ], [ 131.938912836576947, 33.058889616466288 ], [ 131.938255937679514, 33.057274387750461 ], [ 131.937396254643289, 33.056224714467945 ], [ 131.937503193291462, 33.055950815818392 ], [ 131.939183141509062, 33.054857853560449 ], [ 131.939765477834015, 33.053693730884405 ], [ 131.940045147365453, 33.052191025262083 ], [ 131.939189727063251, 33.051704220327643 ], [ 131.93808575234587, 33.050487983809191 ], [ 131.937957156132825, 33.050272537964197 ], [ 131.93806200661902, 33.050165351020638 ], [ 131.937868868981951, 33.050127124619671 ], [ 131.937444134168032, 33.049349428333279 ], [ 131.937450879801105, 33.049180755898583 ], [ 131.937717068603035, 33.049039895648214 ], [ 131.937661558052156, 33.04864806740936 ], [ 131.936593275870791, 33.048372036431083 ], [ 131.936068290443444, 33.0488466638812 ], [ 131.935843227463579, 33.048929502980315 ], [ 131.935682423890711, 33.048808074085443 ], [ 131.935750380881046, 33.048961757913212 ], [ 131.934416690866698, 33.050304789016941 ], [ 131.932321046222427, 33.051117222576117 ], [ 131.932319645237101, 33.051389550910528 ], [ 131.932387898728393, 33.051158202361755 ], [ 131.933201535550126, 33.050842846377293 ], [ 131.933853593191884, 33.052055285715277 ], [ 131.933152162276002, 33.052453670461496 ], [ 131.93241579737483, 33.052283330897865 ], [ 131.932371998641429, 33.052398170820155 ], [ 131.93216906610283, 33.052343781783073 ], [ 131.932293786007449, 33.051778380100608 ], [ 131.931948779510577, 33.052779142254742 ], [ 131.932727631332369, 33.052813013352576 ], [ 131.932400600314992, 33.052977760085369 ], [ 131.93231862776716, 33.053431930004201 ], [ 131.931885862489423, 33.053518116454391 ], [ 131.931918670244386, 33.053074227090598 ], [ 131.931819093105247, 33.053175058602065 ], [ 131.929740981768049, 33.052590892703321 ], [ 131.929255850521741, 33.052278000543744 ], [ 131.929649806853746, 33.051857583501281 ], [ 131.928590892193426, 33.051152201855487 ], [ 131.92761937652412, 33.051531816993787 ], [ 131.926576430411529, 33.048963386343438 ], [ 131.927033487542587, 33.048946471254965 ], [ 131.926535671542325, 33.048857283681343 ], [ 131.925838595294067, 33.047619903769203 ], [ 131.926067792805497, 33.047523526390783 ], [ 131.925827060413184, 33.047131263979004 ], [ 131.926071836805505, 33.046884492884423 ], [ 131.924869189216878, 33.046824712953615 ], [ 131.923896824555442, 33.047360248784337 ], [ 131.922769555750222, 33.048688288685234 ], [ 131.922284113568139, 33.050055846281069 ], [ 131.921544074550155, 33.051207917206419 ], [ 131.920905261986036, 33.051732928291415 ], [ 131.920311180857738, 33.052531324136332 ], [ 131.920160931436243, 33.055451773157507 ], [ 131.919568029470724, 33.056081454292844 ], [ 131.918622194943566, 33.056237020417683 ], [ 131.918336188510295, 33.056728731534982 ], [ 131.919622886174153, 33.057406706574838 ], [ 131.920512593961632, 33.058093802143453 ], [ 131.921402417253177, 33.058437152524156 ], [ 131.922026048755555, 33.058996136719585 ], [ 131.922867962541545, 33.059330549241089 ], [ 131.923069019339749, 33.059564412688182 ], [ 131.924821209195443, 33.060074800003811 ], [ 131.926912358220051, 33.060994510867417 ], [ 131.928441243088429, 33.061946239263783 ], [ 131.929021186213049, 33.062542686812471 ], [ 131.930434036000321, 33.062600293791839 ], [ 131.931319620224713, 33.063228514081324 ], [ 131.931840705056601, 33.063119338420563 ], [ 131.932931264137466, 33.063309383128669 ], [ 131.93324230376345, 33.063505247503592 ], [ 131.93485565326705, 33.063747101238043 ], [ 131.935588338531602, 33.064168957360522 ], [ 131.937846854742673, 33.064551487319527 ], [ 131.937827118515315, 33.064260011418057 ] ] ] } },
{ "type": "Feature", "properties": { "CITY_NAME": "佐伯市", "S_NAME": "大字浅海井浦", "JINKO": 695, "medical_area": "44_南部医療圏", "町丁目名": "佐伯市大字浅海井浦" }, "geometry": { "type": "Polygon", "coordinates": [ [ [ 131.91750095804673, 33.057032171640813 ], [ 131.918336188510295, 33.056728731534982 ], [ 131.918622194943566, 33.056237020417683 ], [ 131.919568029470724, 33.056081454292844 ], [ 131.920160931436243, 33.055451773157507 ], [ 131.920311180857738, 33.052531324136332 ], [ 131.920905261986036, 33.051732928291415 ], [ 131.921544074550155, 33.051207917206419 ], [ 131.922284113568139, 33.050055846281069 ], [ 131.922669948340967, 33.048867571805708 ], [ 131.923274349903039, 33.048000289768304 ], [ 131.924319104329896, 33.047032485761946 ], [ 131.925158838118875, 33.046790330831946 ], [ 131.926071836805505, 33.046884492884423 ], [ 131.926845307602122, 33.046104788206442 ], [ 131.926815478373896, 33.04591565147323 ], [ 131.927410588908316, 33.045895909666783 ], [ 131.92773289591355, 33.045593244739891 ], [ 131.927364775118662, 33.045505807567686 ], [ 131.92752226033798, 33.045311675301825 ], [ 131.927398563519063, 33.045152990080119 ], [ 131.927029516905066, 33.045080889722705 ], [ 131.927243666914762, 33.044778129319489 ], [ 131.927085499418894, 33.044602568623759 ], [ 131.926507657878489, 33.044833184839682 ], [ 131.925910180939439, 33.044729410167378 ], [ 131.925312028075012, 33.04497008873922 ], [ 131.925041039034426, 33.045880113416729 ], [ 131.924247726729277, 33.045887790381208 ], [ 131.923871330017334, 33.045623668673365 ], [ 131.924513544622016, 33.045299716533933 ], [ 131.924098611477007, 33.045447957422454 ], [ 131.922473703394928, 33.045069533154141 ], [ 131.92183734236221, 33.045342941930549 ], [ 131.921370402120999, 33.045015467522624 ], [ 131.920590422150383, 33.043617263481252 ], [ 131.921467424330416, 33.043329460955313 ], [ 131.920745783379601, 33.041667525628945 ], [ 131.920190142594009, 33.041463332850974 ], [ 131.92127912141757, 33.040446283064604 ], [ 131.92161229081006, 33.040570963809415 ], [ 131.921570432281214, 33.040357571774734 ], [ 131.922020201339933, 33.040160382444938 ], [ 131.921758715623668, 33.039931474668592 ], [ 131.921390521117985, 33.040042398513314 ], [ 131.92116276509833, 33.039549043729686 ], [ 131.92142086033013, 33.039556155610292 ], [ 131.921388205504712, 33.039399495876076 ], [ 131.921097162850913, 33.039416974969704 ], [ 131.920795183337589, 33.038790710446399 ], [ 131.920124054366397, 33.038489078801099 ], [ 131.919971753199889, 33.03763267948024 ], [ 131.920338652300757, 33.036678669121862 ], [ 131.921357153865358, 33.036508847095064 ], [ 131.921652974346728, 33.036235247714657 ], [ 131.921631486251158, 33.035921610273903 ], [ 131.921046761369439, 33.035482283603955 ], [ 131.920829676094229, 33.035089835113055 ], [ 131.92104941667165, 33.034601288583822 ], [ 131.921796797317711, 33.034209838883925 ], [ 131.92200000096787, 33.033466227424107 ], [ 131.92046295712862, 33.031112381105956 ], [ 131.920756193718432, 33.030897410972038 ], [ 131.920287786761918, 33.030631256787863 ], [ 131.919899192843388, 33.030109325616202 ], [ 131.919637547539168, 33.02913469963287 ], [ 131.920347888496423, 33.02919979419601 ], [ 131.920013164796842, 33.029122912714627 ], [ 131.92015818578048, 33.02845367141078 ], [ 131.920383729152377, 33.02842135107538 ], [ 131.920011882022663, 33.028385320229411 ], [ 131.920425593989222, 33.027813280533707 ], [ 131.920918359718314, 33.027953919295676 ], [ 131.920958658640672, 33.02812224414351 ], [ 131.920794465912365, 33.028595055301658 ], [ 131.920637763274357, 33.029282415883898 ], [ 131.920721440903861, 33.02929532398862 ], [ 131.920984338867015, 33.028122954386518 ], [ 131.920859066326557, 33.027599077768024 ], [ 131.921266183132133, 33.027431958580252 ], [ 131.921538965179906, 33.02761659994966 ], [ 131.922179314454525, 33.027537926937313 ], [ 131.922780365355635, 33.027282804542615 ], [ 131.922745311638124, 33.027104521116321 ], [ 131.920608670286072, 33.02666197027947 ], [ 131.919958937590167, 33.026802831289359 ], [ 131.91737760135041, 33.026862238878067 ], [ 131.91591378068037, 33.027353506901697 ], [ 131.91524202199696, 33.027800670635877 ], [ 131.91297283032921, 33.028274424335784 ], [ 131.912677643477821, 33.028780480329502 ], [ 131.911155708051638, 33.030011985798218 ], [ 131.910440803378663, 33.030929311176187 ], [ 131.90947591416645, 33.031601808201536 ], [ 131.908636510515151, 33.031952337088875 ], [ 131.908535305644506, 33.032425071546179 ], [ 131.907642167834467, 33.033696594128365 ], [ 131.906550487154391, 33.034061702056036 ], [ 131.904688379825188, 33.033877467397218 ], [ 131.904010856293695, 33.034269319343146 ], [ 131.903934760512442, 33.035222376926512 ], [ 131.902972563313028, 33.03666020744398 ], [ 131.902519308690728, 33.03801357578007 ], [ 131.901967768657357, 33.038387509690992 ], [ 131.900792652038348, 33.038746808626748 ], [ 131.900257170936982, 33.039707436865363 ], [ 131.89926938995518, 33.03937436926963 ], [ 131.898226663732402, 33.039602994162919 ], [ 131.897391280782983, 33.038807700679335 ], [ 131.897044393183023, 33.03880314747294 ], [ 131.896561352983895, 33.038964987522775 ], [ 131.895906693081685, 33.039508167300738 ], [ 131.89424322572259, 33.040088484660657 ], [ 131.893264595558264, 33.040206348647878 ], [ 131.892647108489626, 33.040714047223567 ], [ 131.890872683786512, 33.040644015797291 ], [ 131.890318190651868, 33.041179405678342 ], [ 131.889486244709417, 33.041554873664566 ], [ 131.891004032014365, 33.042818017218345 ], [ 131.893673607895806, 33.045601902517959 ], [ 131.894259147235232, 33.045921800590278 ], [ 131.895581007929167, 33.047303558359282 ], [ 131.896666944025839, 33.047799168102991 ], [ 131.897076624809358, 33.049014583294301 ], [ 131.897866609923312, 33.049158846150988 ], [ 131.898206947316282, 33.04980171641666 ], [ 131.898590272593594, 33.049981030833735 ], [ 131.898897960060026, 33.050851740825919 ], [ 131.899276021241377, 33.051138210530596 ], [ 131.899597087449052, 33.051759790842802 ], [ 131.900605455714924, 33.052122034071374 ], [ 131.901522119980058, 33.052217151261594 ], [ 131.901554838607581, 33.052811126084734 ], [ 131.902039224283584, 33.053212137855006 ], [ 131.902379291647549, 33.054037965783316 ], [ 131.90295027757702, 33.054143973509639 ], [ 131.905653645197361, 33.055657235075856 ], [ 131.907310343572789, 33.056211882749068 ], [ 131.907578946473365, 33.056587727745743 ], [ 131.908056898817392, 33.056584244269096 ], [ 131.909060163980854, 33.056161963310892 ], [ 131.910020720780778, 33.056600886800894 ], [ 131.911092398548476, 33.056763372189629 ], [ 131.911575664656425, 33.057267694001133 ], [ 131.912015950747332, 33.057171574537904 ], [ 131.912539258374551, 33.056566965282968 ], [ 131.913120824921492, 33.056624638264495 ], [ 131.913981162801917, 33.056256008953056 ], [ 131.916015787314706, 33.05743020709388 ], [ 131.916811435044167, 33.057560601207086 ], [ 131.91750095804673, 33.057032171640813 ] ] ] } },
{ "type": "Feature", "properties": { "CITY_NAME": "佐伯市", "S_NAME": "大字最勝海浦", "JINKO": 479, "medical_area": "44_南部医療圏", "町丁目名": "佐伯市大字最勝海浦" }, "geometry": { "type": "Polygon", "coordinates": [ [ [ 132.003585436781606, 33.065630574671623 ], [ 132.00411189036393, 33.065870704326038 ], [ 132.004354813487566, 33.06576415051628 ], [ 132.004110190956226, 33.065816615841484 ], [ 132.003653278457193, 33.065563305206311 ], [ 132.004322878183984, 33.065116983416296 ], [ 132.005097050735117, 33.065209041266705 ], [ 132.005372736396794, 33.064495374063817 ], [ 132.005946104325432, 33.064534941615342 ], [ 132.00619509271479, 33.064395874173115 ], [ 132.006111763449326, 33.063658954538852 ], [ 132.005720421625426, 33.063233799318446 ], [ 132.005570114053882, 33.063295420659685 ], [ 132.005299476636168, 33.063037911911117 ], [ 132.005088002936986, 33.062331777974073 ], [ 132.005712334844333, 33.061489969265004 ], [ 132.006906447957107, 33.060648982022464 ], [ 132.008763105270901, 33.060731372012739 ], [ 132.009834665079467, 33.061073466477382 ], [ 132.010002887520869, 33.060896275086037 ], [ 132.011254029916472, 33.061120594098824 ], [ 132.012978223524698, 33.061049820739292 ], [ 132.013979766871699, 33.061356385240408 ], [ 132.016229445702493, 33.060975628298749 ], [ 132.018151967439422, 33.061477545824772 ], [ 132.0175853272967, 33.06052997285957 ], [ 132.017605931017357, 33.059994197941577 ], [ 132.01805654633003, 33.060070777673054 ], [ 132.018119860100683, 33.059895332612768 ], [ 132.017868383796213, 33.059538505607762 ], [ 132.017436315679447, 33.059496042336043 ], [ 132.017247096641938, 33.059147721798226 ], [ 132.016306059995856, 33.058696420193513 ], [ 132.015791735644285, 33.058018018444649 ], [ 132.015322847410857, 33.057929858924652 ], [ 132.014504578278462, 33.057167359474782 ], [ 132.011824209174478, 33.056769810472339 ], [ 132.011713785822622, 33.056572331993024 ], [ 132.011333795549007, 33.056583527699324 ], [ 132.011035245103329, 33.056320842623293 ], [ 132.00972494535668, 33.056068149466967 ], [ 132.008788722706186, 33.055469778886533 ], [ 132.00726979195025, 33.055415322010397 ], [ 132.006375758337867, 33.055610985580593 ], [ 132.004822615662533, 33.055468410406036 ], [ 132.003663432533216, 33.055129680363137 ], [ 132.00267954972378, 33.054388279467531 ], [ 132.002248009827639, 33.054294363932861 ], [ 132.001501489385106, 33.054463559060018 ], [ 132.001159808599567, 33.054925266240097 ], [ 132.000532366647832, 33.055209822561878 ], [ 132.000029340601145, 33.055799955218127 ], [ 132.000071651468431, 33.056131438117063 ], [ 131.999860820835863, 33.056240426790275 ], [ 131.997309479973921, 33.056265346944414 ], [ 131.996911703380334, 33.056124254695796 ], [ 131.997548217107749, 33.05640505136703 ], [ 131.997548207574255, 33.056864408830975 ], [ 131.99719769325182, 33.056893823590968 ], [ 131.996911204159773, 33.056844714685248 ], [ 131.996967410431893, 33.056509740342861 ], [ 131.996826535782446, 33.056836374231438 ], [ 131.996520059987631, 33.056720703968708 ], [ 131.996777491355118, 33.056284928740361 ], [ 131.996460908274969, 33.056697728706951 ], [ 131.995609335396267, 33.05638082209974 ], [ 131.993935170340364, 33.055190405103218 ], [ 131.99359977340697, 33.054785508229777 ], [ 131.991265382151397, 33.053436200717549 ], [ 131.990698228625121, 33.05336947071175 ], [ 131.990566717559659, 33.053196488014059 ], [ 131.989071908965684, 33.052998247419538 ], [ 131.989241602728697, 33.053144785006566 ], [ 131.990203855664447, 33.05320567847378 ], [ 131.990168595802174, 33.053500815959502 ], [ 131.989692299150732, 33.053517216447133 ], [ 131.989610670470086, 33.053877641057241 ], [ 131.989426827095286, 33.053909760202636 ], [ 131.989132569082813, 33.053927418302067 ], [ 131.989278638510172, 33.053389750732507 ], [ 131.989164640371229, 33.053541239614155 ], [ 131.988380462746164, 33.053404085807763 ], [ 131.988012409343696, 33.053719885765723 ], [ 131.987029721736491, 33.052974742984119 ], [ 131.98622732534659, 33.051877403809605 ], [ 131.985784674688858, 33.050978293479567 ], [ 131.985607229991331, 33.050908462394069 ], [ 131.985401543117035, 33.049744184513557 ], [ 131.985566349337773, 33.049062096134278 ], [ 131.985033157206828, 33.048481095503377 ], [ 131.984975683642944, 33.048224562963462 ], [ 131.984677520782895, 33.048182730773519 ], [ 131.984101432062062, 33.047593952341401 ], [ 131.983701675902211, 33.047653006425207 ], [ 131.980671227028836, 33.046840064161763 ], [ 131.980459301258492, 33.046457600634575 ], [ 131.980208389356363, 33.046519986558287 ], [ 131.980136095568014, 33.046759505557631 ], [ 131.979336672177794, 33.046794631210147 ], [ 131.978629354121381, 33.047216765555525 ], [ 131.977840744692116, 33.047352787012983 ], [ 131.976669621911924, 33.046692893082565 ], [ 131.97578091609185, 33.046489740899879 ], [ 131.975637103803223, 33.046267244251773 ], [ 131.974936083935148, 33.046191566700969 ], [ 131.97463300507755, 33.046477067518708 ], [ 131.973442846032327, 33.046608081554737 ], [ 131.971604857894505, 33.047226531294683 ], [ 131.96812657809852, 33.048028993295254 ], [ 131.966372642069786, 33.04791633171633 ], [ 131.96475083091994, 33.048037970419642 ], [ 131.962457146020881, 33.049479456988664 ], [ 131.960872736429906, 33.049990296561127 ], [ 131.960704365291747, 33.049667877454993 ], [ 131.96083221776388, 33.050010447577229 ], [ 131.960692174483341, 33.050124238315163 ], [ 131.959037701573408, 33.050100876447161 ], [ 131.959020086543887, 33.050844922538673 ], [ 131.958413249867704, 33.050871215333494 ], [ 131.959383752848026, 33.050910661979351 ], [ 131.959277505664346, 33.051580544663182 ], [ 131.958206311521877, 33.051636551968762 ], [ 131.958345303332436, 33.051224306910697 ], [ 131.95812956715568, 33.05176428329581 ], [ 131.95668762762233, 33.051494892428359 ], [ 131.956492010681899, 33.051428760981501 ], [ 131.956504226598014, 33.051274475254836 ], [ 131.95640556535804, 33.051456473662981 ], [ 131.955622805067264, 33.051149564305661 ], [ 131.953053290476191, 33.049575859875503 ], [ 131.951713667742695, 33.049761898662979 ], [ 131.950449909757111, 33.049629038544666 ], [ 131.949517517650378, 33.05004460248702 ], [ 131.946111501921308, 33.052540211264137 ], [ 131.944964783900758, 33.052548884817995 ], [ 131.946113313692592, 33.052607825895471 ], [ 131.94615038155726, 33.052968229831841 ], [ 131.945696587581523, 33.053291771108817 ], [ 131.945389677243185, 33.053230972750683 ], [ 131.945428685750215, 33.052967376314477 ], [ 131.944052091923027, 33.053314121804235 ], [ 131.943863556399549, 33.053504001496044 ], [ 131.943948155398431, 33.05380363164435 ], [ 131.943650254672832, 33.053881625086213 ], [ 131.9430715077267, 33.05383279143259 ], [ 131.943060351111001, 33.0535948249291 ], [ 131.94300513061242, 33.053836899275687 ], [ 131.942689312343106, 33.053740994253936 ], [ 131.942732664600129, 33.053186113444092 ], [ 131.942346958484023, 33.052764315827055 ], [ 131.942443904455899, 33.052920486261939 ], [ 131.942041439572193, 33.053038033370918 ], [ 131.942075647284128, 33.05353191778083 ], [ 131.940486492981393, 33.052410430115735 ], [ 131.940300733630636, 33.051862685096438 ], [ 131.940045147365453, 33.052191025262083 ], [ 131.939632622342486, 33.054086112690378 ], [ 131.939183141509062, 33.054857853560449 ], [ 131.937383019382025, 33.056144160398873 ], [ 131.938255937679514, 33.057274387750461 ], [ 131.938912836576947, 33.058889616466288 ], [ 131.93955566226191, 33.059154695691085 ], [ 131.940297592673829, 33.059848502280921 ], [ 131.942001312701933, 33.060274294701507 ], [ 131.941529935681899, 33.062196960809459 ], [ 131.942239091409931, 33.062473797279502 ], [ 131.943356067647187, 33.062462942164203 ], [ 131.944730957969711, 33.062143055019412 ], [ 131.944931054406482, 33.061512874544761 ], [ 131.944778955374971, 33.060989346088647 ], [ 131.944992187044477, 33.059986713632298 ], [ 131.945920143566127, 33.05868851958072 ], [ 131.947050202497508, 33.058568740763889 ], [ 131.947470825180289, 33.058691276677884 ], [ 131.948024335928494, 33.059131196029568 ], [ 131.948535752937829, 33.059157307616083 ], [ 131.949002223163092, 33.0590568504565 ], [ 131.949793375521125, 33.058398002926538 ], [ 131.950166041108332, 33.058341980033362 ], [ 131.950822441879893, 33.058501403037845 ], [ 131.951958409132061, 33.059201199936098 ], [ 131.952861403874721, 33.059334562318263 ], [ 131.954213829788074, 33.060136649208616 ], [ 131.954781134830228, 33.060294320182152 ], [ 131.956210327662149, 33.06128439810368 ], [ 131.957412561541702, 33.061732178068439 ], [ 131.958047755202614, 33.06099709908667 ], [ 131.959889757537582, 33.060608186598323 ], [ 131.961324932552373, 33.059504270507475 ], [ 131.963798182821535, 33.058549491022966 ], [ 131.964008222471108, 33.058325428508681 ], [ 131.964589100945233, 33.05840798574696 ], [ 131.964848895367709, 33.057683504663018 ], [ 131.965276441738951, 33.057544686130989 ], [ 131.966103693175597, 33.056617302833608 ], [ 131.966226137862606, 33.055818333981904 ], [ 131.96735960511532, 33.055104396908561 ], [ 131.967580683005224, 33.054605797248747 ], [ 131.968437635712661, 33.054493754190439 ], [ 131.970408329148938, 33.053497241756425 ], [ 131.971243549897309, 33.053571058639868 ], [ 131.973085958902573, 33.053373520759536 ], [ 131.973478058811281, 33.053802096882094 ], [ 131.974612198912467, 33.053968913842887 ], [ 131.975311201137259, 33.054387568806426 ], [ 131.976210662427263, 33.05434540990565 ], [ 131.976744484853185, 33.054652413602859 ], [ 131.977418546446074, 33.054712381381712 ], [ 131.978167298676652, 33.055316331221533 ], [ 131.979032868862419, 33.056792653687431 ], [ 131.979357769489638, 33.057071166026013 ], [ 131.980435713780167, 33.057529471525235 ], [ 131.981737717362932, 33.057506682661604 ], [ 131.981945602973468, 33.057981848607255 ], [ 131.982257968664499, 33.05820022770633 ], [ 131.984218750321219, 33.058363645944191 ], [ 131.984757797106568, 33.05961624035259 ], [ 131.985847745370876, 33.05974921784545 ], [ 131.986866717975147, 33.060133614105766 ], [ 131.986772311237416, 33.061187533193625 ], [ 131.987324635889337, 33.062313338376569 ], [ 131.987480371608882, 33.064110464967541 ], [ 131.989241588802514, 33.064384651380379 ], [ 131.991292105358013, 33.065202959160949 ], [ 131.993411737050678, 33.065340097694374 ], [ 131.995967676474265, 33.065975471065059 ], [ 131.996799204766916, 33.066465610667798 ], [ 131.997243446908556, 33.067147625485866 ], [ 131.998961490120195, 33.067769766280144 ], [ 132.000786654346712, 33.0689921307387 ], [ 132.002435585820905, 33.068492800127814 ], [ 132.003011203697554, 33.066549516595785 ], [ 132.003585436781606, 33.065630574671623 ] ] ] } },
{ "type": "Feature", "properties": { "CITY_NAME": "佐伯市", "S_NAME": "大字風戸", "JINKO": 32, "medical_area": "44_南部医療圏", "町丁目名": "佐伯市大字風戸" }, "geometry": { "type": "Polygon", "coordinates": [ [ [ 131.803621597409574, 32.984006558987694 ], [ 131.804548962944011, 32.984105531162122 ], [ 131.804845005387136, 32.983937374385675 ], [ 131.805774086996706, 32.9838755203887 ], [ 131.806791999736561, 32.982910973561196 ], [ 131.807549466321944, 32.982812051695973 ], [ 131.808248241427577, 32.982491392156099 ], [ 131.810485347145743, 32.983503285794974 ], [ 131.811550256188667, 32.984274701439915 ], [ 131.81277119430024, 32.984740005797448 ], [ 131.815364622277031, 32.983875778542838 ], [ 131.815730230693333, 32.983385491138641 ], [ 131.81587648968636, 32.982538755600743 ], [ 131.816356521521499, 32.981667684485409 ], [ 131.816429954261764, 32.981191385910499 ], [ 131.816833864952628, 32.980795975162607 ], [ 131.817495857226135, 32.980680290621308 ], [ 131.81864523289363, 32.98089246281009 ], [ 131.819105363158911, 32.980757619666882 ], [ 131.820231257491628, 32.980816150173851 ], [ 131.820405240924998, 32.980541231499451 ], [ 131.819903104543698, 32.980037533657715 ], [ 131.819924956750043, 32.979797419507761 ], [ 131.818712655392147, 32.978634232598807 ], [ 131.818999855861335, 32.978237588600621 ], [ 131.820002355643879, 32.977889045773189 ], [ 131.820761820805586, 32.977289241488926 ], [ 131.820864878641203, 32.976927564227559 ], [ 131.820439145965423, 32.976431587754938 ], [ 131.820260451195736, 32.975824393474333 ], [ 131.820216051673611, 32.9746719892279 ], [ 131.820569678914694, 32.971830615047978 ], [ 131.820983716863395, 32.970049044745771 ], [ 131.820022495886661, 32.968792366502839 ], [ 131.819008416691787, 32.968009542783221 ], [ 131.817320590019108, 32.968224476569382 ], [ 131.815302887617406, 32.967654559115971 ], [ 131.814682988496259, 32.966955669803802 ], [ 131.812744789906759, 32.967179331025498 ], [ 131.811162761588093, 32.966854250461935 ], [ 131.811010906692303, 32.966862350040209 ], [ 131.810604338032988, 32.967640565383597 ], [ 131.810158263719643, 32.968119703731467 ], [ 131.809014852758139, 32.968103183844839 ], [ 131.805283148867119, 32.966686616074369 ], [ 131.803598388966236, 32.965552661438608 ], [ 131.802474706450852, 32.965274272927296 ], [ 131.802403588120768, 32.964802396512326 ], [ 131.801767971350273, 32.964247447319835 ], [ 131.801590172550164, 32.963658577510678 ], [ 131.801906307377749, 32.96262180772662 ], [ 131.802855272909397, 32.960937602695907 ], [ 131.803187202005631, 32.959654259388515 ], [ 131.802196466031802, 32.959404149337395 ], [ 131.799126264413559, 32.959182790613568 ], [ 131.797858629107935, 32.958544010151144 ], [ 131.797124603522917, 32.957817251951397 ], [ 131.796740171256431, 32.957895808074383 ], [ 131.795601553478292, 32.958687922298878 ], [ 131.794977298205879, 32.958934983231124 ], [ 131.792553445192027, 32.959353200737496 ], [ 131.790929265959164, 32.960238644959183 ], [ 131.790013498128673, 32.961543287319749 ], [ 131.788902697510537, 32.961772556093948 ], [ 131.788799351655399, 32.964523713708374 ], [ 131.787859538395907, 32.965446470922494 ], [ 131.787712022362001, 32.966010001352565 ], [ 131.787932279254989, 32.966675403743828 ], [ 131.788529187811804, 32.967519024138475 ], [ 131.787112948650702, 32.969569971388054 ], [ 131.787061782174845, 32.969841178603275 ], [ 131.787315955701786, 32.970617500764511 ], [ 131.78883359593749, 32.97247363213615 ], [ 131.7891652818073, 32.973119793696398 ], [ 131.789229021535846, 32.973812529409379 ], [ 131.789178563218712, 32.974134583980081 ], [ 131.788483730974008, 32.974872364963296 ], [ 131.788310010039993, 32.976034932244183 ], [ 131.787852324451904, 32.977183524208833 ], [ 131.786499169678734, 32.978468912173931 ], [ 131.78682618278458, 32.978794571082013 ], [ 131.787296306109852, 32.978933334913812 ], [ 131.788354716087383, 32.980875385080736 ], [ 131.790217340926944, 32.982335400285685 ], [ 131.791277268576692, 32.983702326649414 ], [ 131.791839581345357, 32.98402309766594 ], [ 131.792400827010368, 32.983858746951242 ], [ 131.793366177607226, 32.983867617185567 ], [ 131.794179036046842, 32.984004186544844 ], [ 131.794609760126377, 32.984610588934451 ], [ 131.795358116575045, 32.984404144095784 ], [ 131.796622082233881, 32.98452828723218 ], [ 131.79773103472013, 32.983969329706511 ], [ 131.798828376005844, 32.983730662104392 ], [ 131.799202385164705, 32.984143897015052 ], [ 131.799351349992747, 32.984711193513924 ], [ 131.800270667770519, 32.985168639242936 ], [ 131.802004017903641, 32.984457102114987 ], [ 131.803621597409574, 32.984006558987694 ] ] ] } },
{ "type": "Feature", "properties": { "CITY_NAME": "佐伯市", "S_NAME": "大字笠掛", "JINKO": 334, "medical_area": "44_南部医療圏", "町丁目名": "佐伯市大字笠掛" }, "geometry": { "type": "Polygon", "coordinates": [ [ [ 131.810362862029137, 32.955559797018914 ], [ 131.811356178419544, 32.955581219231107 ], [ 131.81280769272476, 32.95434444768555 ], [ 131.812978480077788, 32.953045584805977 ], [ 131.813224142309707, 32.952716980785006 ], [ 131.814747383046807, 32.95134771734876 ], [ 131.816250455131808, 32.950252794899242 ], [ 131.816620650082939, 32.949784729807327 ], [ 131.816052109937431, 32.949290657474108 ], [ 131.815393532506192, 32.948225934765738 ], [ 131.814641418830604, 32.947947808219688 ], [ 131.814820541313082, 32.946807245517668 ], [ 131.814583901359953, 32.945848282196643 ], [ 131.813997158633953, 32.945588146762248 ], [ 131.813384813827554, 32.944995297030857 ], [ 131.812671907545905, 32.943684549863477 ], [ 131.811936737767695, 32.943545605704145 ], [ 131.810335788812267, 32.942522800701774 ], [ 131.809466549829949, 32.942275678104117 ], [ 131.807897459470325, 32.943032812871763 ], [ 131.807212199979716, 32.9439441052806 ], [ 131.80630672453978, 32.945954892399577 ], [ 131.804473226144296, 32.947141254854522 ], [ 131.804267064627822, 32.948355383146165 ], [ 131.802406966935621, 32.949842353509723 ], [ 131.801807304023669, 32.950556400466368 ], [ 131.801271830185357, 32.950838447545976 ], [ 131.800920553779747, 32.951430701810928 ], [ 131.800268845511425, 32.951768125779331 ], [ 131.798748171050505, 32.952072844041666 ], [ 131.797408432147222, 32.952874867523448 ], [ 131.797666952235147, 32.953301737060109 ], [ 131.797705107392972, 32.954135102381485 ], [ 131.79731380732639, 32.955512597687715 ], [ 131.797124603522917, 32.957817251951397 ], [ 131.797858629107935, 32.958544010151144 ], [ 131.799126264413559, 32.959182790613568 ], [ 131.802196466031802, 32.959404149337395 ], [ 131.803187202005631, 32.959654259388515 ], [ 131.802855272909397, 32.960937602695907 ], [ 131.801906307377749, 32.96262180772662 ], [ 131.801590172550164, 32.963658577510678 ], [ 131.801767971350273, 32.964247447319835 ], [ 131.802403588120768, 32.964802396512326 ], [ 131.802600439963868, 32.963383410877427 ], [ 131.802992888424171, 32.962590305124806 ], [ 131.806304570629976, 32.959536445439404 ], [ 131.807454498877689, 32.957449694715308 ], [ 131.809583602831395, 32.956507723433766 ], [ 131.810000035017822, 32.956210280517979 ], [ 131.810362862029137, 32.955559797018914 ] ] ] } },
{ "type": "Feature", "properties": { "CITY_NAME": "佐伯市", "S_NAME": "大字三股", "JINKO": 99, "medical_area": "44_南部医療圏", "町丁目名": "佐伯市大字三股" }, "geometry": { "type": "Polygon", "coordinates": [ [ [ 131.794710986227301, 32.952461086172434 ], [ 131.794869191347971, 32.952343256634734 ], [ 131.795265635692118, 32.952637545046066 ], [ 131.795542470135558, 32.95235903389537 ], [ 131.796208115922184, 32.952660009081136 ], [ 131.797408432147222, 32.952874867523448 ], [ 131.798748171050505, 32.952072844041666 ], [ 131.800727558313184, 32.95159037500715 ], [ 131.801271830185357, 32.950838447545976 ], [ 131.801807304023669, 32.950556400466368 ], [ 131.802406966935621, 32.949842353509723 ], [ 131.804267064627822, 32.948355383146165 ], [ 131.804473226144296, 32.947141254854522 ], [ 131.80630672453978, 32.945954892399577 ], [ 131.807212199979716, 32.9439441052806 ], [ 131.807897459470325, 32.943032812871763 ], [ 131.809466549829949, 32.942275678104117 ], [ 131.809472969028604, 32.940862487244146 ], [ 131.807853420832885, 32.939239086393009 ], [ 131.807437746648105, 32.938674847972187 ], [ 131.807134244749449, 32.937748540406368 ], [ 131.806620665274266, 32.937064313478665 ], [ 131.806117530146935, 32.936839801954712 ], [ 131.80473616516673, 32.937000011080229 ], [ 131.802465219092539, 32.936744261310544 ], [ 131.801558699238626, 32.936949133583411 ], [ 131.800261895386569, 32.936834089443785 ], [ 131.799476916056335, 32.937056632916502 ], [ 131.798551699282541, 32.937784822145154 ], [ 131.797233405441176, 32.937919333534182 ], [ 131.796612630201906, 32.937812147731094 ], [ 131.795935900782638, 32.936290400780237 ], [ 131.796036846136445, 32.935248967815347 ], [ 131.795878830471054, 32.934759797539918 ], [ 131.79414175705125, 32.933077697114584 ], [ 131.791650507691145, 32.931089755541947 ], [ 131.791468598205711, 32.930831243670646 ], [ 131.791443134908945, 32.930157928884363 ], [ 131.787430902394874, 32.929194848786977 ], [ 131.786696977631692, 32.928839605631275 ], [ 131.785930185844961, 32.929649873950119 ], [ 131.785026142480405, 32.930055436605201 ], [ 131.784563970919123, 32.930040950630527 ], [ 131.783983962882729, 32.930465364311644 ], [ 131.783658331962243, 32.931430655613589 ], [ 131.78326809771184, 32.93185386491465 ], [ 131.783648563550344, 32.934299574736464 ], [ 131.783837488177454, 32.934663516165486 ], [ 131.784429668626188, 32.934913651017425 ], [ 131.785373468011841, 32.935039872957049 ], [ 131.786398026713812, 32.935662856349651 ], [ 131.787142535099832, 32.935877256426139 ], [ 131.788192207824608, 32.937360127980149 ], [ 131.789429471351724, 32.938194170972281 ], [ 131.789887573180692, 32.938779430111111 ], [ 131.790677031732571, 32.940585015063583 ], [ 131.790533739573817, 32.942075762434747 ], [ 131.79069800495418, 32.943437081526717 ], [ 131.791780984528344, 32.94666904475686 ], [ 131.791935030995404, 32.94743392058875 ], [ 131.791898530413334, 32.948502379395549 ], [ 131.792145891466362, 32.949227619779563 ], [ 131.79228910302794, 32.950481162772888 ], [ 131.79313851249745, 32.951769034815577 ], [ 131.794268132371542, 32.952638700568897 ], [ 131.795154551034045, 32.953771132862116 ], [ 131.795573771030149, 32.953967625477297 ], [ 131.795645248888007, 32.953729220974225 ], [ 131.794710986227301, 32.952461086172434 ] ] ] } },
{ "type": "Feature", "properties": { "CITY_NAME": "佐伯市", "S_NAME": "大字宇津々", "JINKO": 106, "medical_area": "44_南部医療圏", "町丁目名": "佐伯市大字宇津々" }, "geometry": { "type": "Polygon", "coordinates": [ [ [ 131.786062627936275, 32.978923370581981 ], [ 131.787852324451904, 32.977183524208833 ], [ 131.788310010039993, 32.976034932244183 ], [ 131.788483730974008, 32.974872364963296 ], [ 131.789178563218712, 32.974134583980081 ], [ 131.789229021535846, 32.973812529409379 ], [ 131.7891652818073, 32.973119793696398 ], [ 131.78883359593749, 32.97247363213615 ], [ 131.787315955701786, 32.970617500764511 ], [ 131.787061782174845, 32.969841178603275 ], [ 131.787112948650702, 32.969569971388054 ], [ 131.788529187811804, 32.967519024138475 ], [ 131.787932279254989, 32.966675403743828 ], [ 131.787712022362001, 32.966010001352565 ], [ 131.787859538395907, 32.965446470922494 ], [ 131.788799351655399, 32.964523713708374 ], [ 131.788902697510537, 32.961772556093948 ], [ 131.790013498128673, 32.961543287319749 ], [ 131.790929265959164, 32.960238644959183 ], [ 131.792553445192027, 32.959353200737496 ], [ 131.794977298205879, 32.958934983231124 ], [ 131.797181476426971, 32.957767080142553 ], [ 131.79731380732639, 32.955512597687715 ], [ 131.797705107392972, 32.954135102381485 ], [ 131.797666952235147, 32.953301737060109 ], [ 131.797459534074477, 32.95290811419833 ], [ 131.796208115922184, 32.952660009081136 ], [ 131.795542470135558, 32.95235903389537 ], [ 131.795176535314937, 32.952625182354986 ], [ 131.794754632592486, 32.952343160248354 ], [ 131.794800514858963, 32.952689334763761 ], [ 131.795645248888007, 32.953729220974225 ], [ 131.795573771030149, 32.953967625477297 ], [ 131.795306175917091, 32.953907251614687 ], [ 131.794268132371542, 32.952638700568897 ], [ 131.793429608834572, 32.952056883971409 ], [ 131.792533005373571, 32.950986575519245 ], [ 131.79228910302794, 32.950481162772888 ], [ 131.792145891466362, 32.949227619779563 ], [ 131.791946150584664, 32.94875447753752 ], [ 131.790731785162393, 32.949215398921879 ], [ 131.790258538575273, 32.950651025442077 ], [ 131.789765985795384, 32.950952556311798 ], [ 131.787185188480038, 32.95177200868212 ], [ 131.785502603672711, 32.951932476500843 ], [ 131.784640060527835, 32.951774345330421 ], [ 131.782432395831563, 32.950619507951885 ], [ 131.780651771358635, 32.952759548330349 ], [ 131.777477748336196, 32.95430624047551 ], [ 131.774074521551455, 32.955446384218597 ], [ 131.773392288643464, 32.955499397504553 ], [ 131.77239543757193, 32.955282429912259 ], [ 131.771115107229662, 32.95558000888397 ], [ 131.770542738760554, 32.956632457720183 ], [ 131.770526506893674, 32.957958343365306 ], [ 131.770364175687689, 32.958453262610405 ], [ 131.769112514211031, 32.959625573175607 ], [ 131.767757187797883, 32.960226595345844 ], [ 131.765769189290154, 32.961886896415656 ], [ 131.764083142848051, 32.962791435820535 ], [ 131.761485102163846, 32.96312439787031 ], [ 131.760090487972747, 32.963834750154163 ], [ 131.758852537425412, 32.965188844222922 ], [ 131.758764623174159, 32.966821895578462 ], [ 131.758111314301402, 32.967298225150977 ], [ 131.758750113655793, 32.968155499320346 ], [ 131.760671718448322, 32.969833670313825 ], [ 131.761220486754894, 32.970118460214294 ], [ 131.762168632613623, 32.96988300719012 ], [ 131.762605557682349, 32.969940938141164 ], [ 131.763574198960896, 32.970642616301987 ], [ 131.763727200209502, 32.971126379959344 ], [ 131.764572980563599, 32.971562643139272 ], [ 131.765574035080732, 32.971782991597742 ], [ 131.76590619245826, 32.97227073141913 ], [ 131.76718924580328, 32.972219608354429 ], [ 131.767901616651613, 32.972669646108663 ], [ 131.768776135699994, 32.972307814441351 ], [ 131.769688770937108, 32.973617233157725 ], [ 131.770294954948071, 32.97395322730879 ], [ 131.770595662188015, 32.974530493855525 ], [ 131.77125693660787, 32.97476088249546 ], [ 131.771497777362811, 32.975296022690436 ], [ 131.77190433318421, 32.975702460803937 ], [ 131.773780124206866, 32.975902931615778 ], [ 131.774572220848086, 32.976363247203437 ], [ 131.774719822975328, 32.976803740674583 ], [ 131.775440776578364, 32.977050273496985 ], [ 131.775398034084247, 32.977448672244499 ], [ 131.776404829020976, 32.978898716473189 ], [ 131.77698631994113, 32.979013400590922 ], [ 131.777826708726337, 32.978893422596144 ], [ 131.779890378717539, 32.979311343011545 ], [ 131.780329619702854, 32.979216808334002 ], [ 131.780995681913424, 32.978700677095077 ], [ 131.782011629264701, 32.978651959834913 ], [ 131.782691222567877, 32.979067139013303 ], [ 131.783298381733317, 32.97916282048898 ], [ 131.784060443487476, 32.979782183117798 ], [ 131.786062627936275, 32.978923370581981 ] ] ] } },
{ "type": "Feature", "properties": { "CITY_NAME": "佐伯市", "S_NAME": "大字波寄", "JINKO": 154, "medical_area": "44_南部医療圏", "町丁目名": "佐伯市大字波寄" }, "geometry": { "type": "Polygon", "coordinates": [ [ [ 131.771115107229662, 32.95558000888397 ], [ 131.77239543757193, 32.955282429912259 ], [ 131.773392288643464, 32.955499397504553 ], [ 131.774074521551455, 32.955446384218597 ], [ 131.777477748336196, 32.95430624047551 ], [ 131.780651771358635, 32.952759548330349 ], [ 131.782432395831563, 32.950619507951885 ], [ 131.784640060527835, 32.951774345330421 ], [ 131.785502603672711, 32.951932476500843 ], [ 131.787185188480038, 32.95177200868212 ], [ 131.789765985795384, 32.950952556311798 ], [ 131.790258538575273, 32.950651025442077 ], [ 131.790731785162393, 32.949215398921879 ], [ 131.791946150584664, 32.94875447753752 ], [ 131.791780984528344, 32.94666904475686 ], [ 131.79069800495418, 32.943437081526717 ], [ 131.790533739573817, 32.942075762434747 ], [ 131.790677031732571, 32.940585015063583 ], [ 131.789887573180692, 32.938779430111111 ], [ 131.789429471351724, 32.938194170972281 ], [ 131.788192207824608, 32.937360127980149 ], [ 131.787271355078587, 32.935980774095434 ], [ 131.786398026713812, 32.935662856349651 ], [ 131.785373468011841, 32.935039872957049 ], [ 131.784429668626188, 32.934913651017425 ], [ 131.783837488177454, 32.934663516165486 ], [ 131.783444570650772, 32.935020678722324 ], [ 131.783038909061162, 32.936045578821336 ], [ 131.781505975044553, 32.93695582375301 ], [ 131.780861486759648, 32.937085046526533 ], [ 131.780184535510443, 32.937760409034212 ], [ 131.779547748737969, 32.938063431016253 ], [ 131.7788628628754, 32.939236102625429 ], [ 131.778003155571923, 32.939776970210644 ], [ 131.777784409049332, 32.94047032801776 ], [ 131.776782393436122, 32.941478035490228 ], [ 131.77603059418999, 32.943270064778837 ], [ 131.773757285385415, 32.943757064994927 ], [ 131.772054184762055, 32.943235904749578 ], [ 131.770776458481009, 32.943118857481252 ], [ 131.769796584280385, 32.943232871306272 ], [ 131.766538689806083, 32.942565858195287 ], [ 131.765300324943638, 32.942506012479903 ], [ 131.766648399277074, 32.944125948555332 ], [ 131.766968804244982, 32.944744205306293 ], [ 131.766232255245257, 32.947341946879675 ], [ 131.76625818623026, 32.948477531286322 ], [ 131.766805615059724, 32.949819236782886 ], [ 131.766932537234339, 32.950930949823324 ], [ 131.767357649250869, 32.951420623099303 ], [ 131.767633521521418, 32.952469397138401 ], [ 131.767969666694199, 32.953027987774462 ], [ 131.769397973171124, 32.953812278162907 ], [ 131.771115107229662, 32.95558000888397 ] ] ] } },
{ "type": "Feature", "properties": { "CITY_NAME": "佐伯市", "S_NAME": "大字小川", "JINKO": 80, "medical_area": "44_南部医療圏", "町丁目名": "佐伯市大字小川" }, "geometry": { "type": "Polygon", "coordinates": [ [ [ 131.77603059418999, 32.943270064778837 ], [ 131.776782393436122, 32.941478035490228 ], [ 131.777784409049332, 32.94047032801776 ], [ 131.778003155571923, 32.939776970210644 ], [ 131.7788628628754, 32.939236102625429 ], [ 131.779547748737969, 32.938063431016253 ], [ 131.780184535510443, 32.937760409034212 ], [ 131.780861486759648, 32.937085046526533 ], [ 131.781505975044553, 32.93695582375301 ], [ 131.783038909061162, 32.936045578821336 ], [ 131.783444570650772, 32.935020678722324 ], [ 131.783837488177454, 32.934663516165486 ], [ 131.783457885878249, 32.933490532991129 ], [ 131.783299957487088, 32.931725002391538 ], [ 131.783658331962243, 32.931430655613589 ], [ 131.784087747690705, 32.930308231415445 ], [ 131.785930185844961, 32.929649873950119 ], [ 131.786696977631692, 32.928839605631275 ], [ 131.785784034518201, 32.927207995787185 ], [ 131.785357106690526, 32.924969470195514 ], [ 131.784361930440213, 32.924802141403873 ], [ 131.78436816730067, 32.924051277201364 ], [ 131.78403365836698, 32.922776752233439 ], [ 131.783302900351629, 32.922327023851395 ], [ 131.782623561521916, 32.921379393220022 ], [ 131.782548671579605, 32.920795379732247 ], [ 131.781904141690035, 32.920431576330699 ], [ 131.781334441030793, 32.919837938342319 ], [ 131.780396515599676, 32.91978139722476 ], [ 131.779997591224856, 32.919448550856444 ], [ 131.779608280706071, 32.918115085682849 ], [ 131.779645408462443, 32.917386078835293 ], [ 131.778051094020555, 32.916825071749187 ], [ 131.77767348099735, 32.916538983840113 ], [ 131.7775305110234, 32.916216679196921 ], [ 131.776965375887272, 32.916168066872814 ], [ 131.774584573505507, 32.915418166609278 ], [ 131.773997802071392, 32.913727528429192 ], [ 131.774329339295662, 32.912916209151014 ], [ 131.774252072376441, 32.912522048527777 ], [ 131.774427838720442, 32.91125813353419 ], [ 131.773494864218151, 32.911001139407844 ], [ 131.772548661800727, 32.910508107413072 ], [ 131.771043051656733, 32.910366453337517 ], [ 131.770050735370546, 32.909681841772361 ], [ 131.768330407776148, 32.90978116773389 ], [ 131.767495978989672, 32.909380540235887 ], [ 131.766721395887089, 32.908507938830752 ], [ 131.766155617343287, 32.906905534144826 ], [ 131.765328378897408, 32.906696743730421 ], [ 131.764944609667083, 32.905913647876481 ], [ 131.764173977792126, 32.905779872563251 ], [ 131.764087371440183, 32.90525244288451 ], [ 131.763706026114477, 32.904780135426442 ], [ 131.76267813007982, 32.904531857272694 ], [ 131.761753498143662, 32.904983246852041 ], [ 131.760263969302031, 32.90387362546371 ], [ 131.759436170659654, 32.903653619348916 ], [ 131.758618528622804, 32.903115482212669 ], [ 131.75760719782258, 32.903035074817609 ], [ 131.755644021463695, 32.901703258410592 ], [ 131.754996701558639, 32.901590325908458 ], [ 131.753376424125975, 32.900775716737236 ], [ 131.753174794231086, 32.90021696807122 ], [ 131.752602906841673, 32.899986280635311 ], [ 131.752433631530636, 32.89938143889735 ], [ 131.751485820709291, 32.898210626722523 ], [ 131.749910319646006, 32.897585464976444 ], [ 131.749369433698263, 32.898259553089716 ], [ 131.748566844499891, 32.898288159806953 ], [ 131.748313027715142, 32.898602136582106 ], [ 131.74706344774134, 32.898855029249567 ], [ 131.745403926663812, 32.899952160550079 ], [ 131.744953446994941, 32.900359299803824 ], [ 131.744357961307657, 32.901993838517981 ], [ 131.743745843275747, 32.904870981176153 ], [ 131.74292356322033, 32.905923143401154 ], [ 131.742427950327425, 32.907092368939672 ], [ 131.741486283674647, 32.907390528431229 ], [ 131.740333555377589, 32.908491748855589 ], [ 131.739840673742634, 32.909370996440209 ], [ 131.739206489043198, 32.909608435571037 ], [ 131.738144489544084, 32.909610365015233 ], [ 131.737796834976365, 32.909755220904891 ], [ 131.737147501974391, 32.911260715442232 ], [ 131.73700473100692, 32.911992908319242 ], [ 131.735830557588315, 32.912138250548011 ], [ 131.734823662458098, 32.914093783808575 ], [ 131.734219911552088, 32.914614472998423 ], [ 131.73400626700473, 32.915506435481596 ], [ 131.734564563353018, 32.916267756826365 ], [ 131.733932192255224, 32.916743166410761 ], [ 131.7338539582951, 32.917364365742252 ], [ 131.732691554859912, 32.918736808714144 ], [ 131.731494553500141, 32.91917657235571 ], [ 131.731364537502003, 32.920460722021318 ], [ 131.732036379164128, 32.921285165448381 ], [ 131.732628937369839, 32.921528537564271 ], [ 131.735306223847203, 32.921487720740885 ], [ 131.735655749015791, 32.921745066030518 ], [ 131.736748346330131, 32.923332636112576 ], [ 131.73672470815896, 32.923776256411806 ], [ 131.736048508300286, 32.925721484777533 ], [ 131.736183368631714, 32.92672478917914 ], [ 131.735806785397699, 32.927833332435398 ], [ 131.737084717676964, 32.927987152107747 ], [ 131.738634871479604, 32.928480073294445 ], [ 131.73945416561827, 32.929111167019528 ], [ 131.739932903054637, 32.930275610293549 ], [ 131.74057119898066, 32.930635826946038 ], [ 131.741369091092395, 32.930488856186152 ], [ 131.743404363784066, 32.930815670062287 ], [ 131.74557039433364, 32.931342494194418 ], [ 131.747450281189629, 32.932071810288129 ], [ 131.748035200123809, 32.931980451358555 ], [ 131.749374244223219, 32.932139786442406 ], [ 131.749568110643395, 32.931582190409294 ], [ 131.750118416951096, 32.931507764333901 ], [ 131.751010563308824, 32.932234566226718 ], [ 131.75156053383941, 32.933285564018178 ], [ 131.753151575130545, 32.933899374046 ], [ 131.753555203050581, 32.934662558527087 ], [ 131.754038082358591, 32.934831176443168 ], [ 131.755185658840389, 32.934788154797992 ], [ 131.75649658238919, 32.934953901918774 ], [ 131.757718191549117, 32.934834585771561 ], [ 131.758689483428867, 32.935708632837851 ], [ 131.760008336730692, 32.936563026487306 ], [ 131.76098379992402, 32.936859248079855 ], [ 131.761997539487396, 32.936912866407596 ], [ 131.762624361913453, 32.937507781928915 ], [ 131.763488647517988, 32.939516667623323 ], [ 131.76351735738254, 32.940690481822656 ], [ 131.765300324943638, 32.942506012479903 ], [ 131.766538689806083, 32.942565858195287 ], [ 131.769796584280385, 32.943232871306272 ], [ 131.770776458481009, 32.943118857481252 ], [ 131.772054184762055, 32.943235904749578 ], [ 131.773757285385415, 32.943757064994927 ], [ 131.77603059418999, 32.943270064778837 ] ] ] } },
{ "type": "Feature", "properties": { "CITY_NAME": "佐伯市", "S_NAME": "大字小半", "JINKO": 57, "medical_area": "44_南部医療圏", "町丁目名": "佐伯市大字小半" }, "geometry": { "type": "Polygon", "coordinates": [ [ [ 131.752258220741538, 32.970856286905125 ], [ 131.753275683698433, 32.970670509969132 ], [ 131.753510126585411, 32.970356199650489 ], [ 131.754157792240136, 32.970597774431518 ], [ 131.754614310093785, 32.970532437889965 ], [ 131.755212583897389, 32.969671986042933 ], [ 131.757147514228961, 32.968057059063064 ], [ 131.75777100646269, 32.967728715866464 ], [ 131.758764623174159, 32.966821895578462 ], [ 131.758852537425412, 32.965188844222922 ], [ 131.760090487972747, 32.963834750154163 ], [ 131.761485102163846, 32.96312439787031 ], [ 131.764083142848051, 32.962791435820535 ], [ 131.765769189290154, 32.961886896415656 ], [ 131.767757187797883, 32.960226595345844 ], [ 131.769112514211031, 32.959625573175607 ], [ 131.770364175687689, 32.958453262610405 ], [ 131.770526506893674, 32.957958343365306 ], [ 131.770542738760554, 32.956632457720183 ], [ 131.771115107229662, 32.95558000888397 ], [ 131.769397973171124, 32.953812278162907 ], [ 131.767969666694199, 32.953027987774462 ], [ 131.767718202006108, 32.952685946982044 ], [ 131.767357649250869, 32.951420623099303 ], [ 131.766932537234339, 32.950930949823324 ], [ 131.766805615059724, 32.949819236782886 ], [ 131.76625818623026, 32.948477531286322 ], [ 131.766284135382364, 32.946953992256823 ], [ 131.766968804244982, 32.944744205306293 ], [ 131.766003914288859, 32.943265479754409 ], [ 131.764843743406971, 32.941914627061038 ], [ 131.76351735738254, 32.940690481822656 ], [ 131.763488647517988, 32.939516667623323 ], [ 131.762624361913453, 32.937507781928915 ], [ 131.761997539487396, 32.936912866407596 ], [ 131.76098379992402, 32.936859248079855 ], [ 131.760008336730692, 32.936563026487306 ], [ 131.757585137670929, 32.934808375216925 ], [ 131.75649658238919, 32.934953901918774 ], [ 131.755185658840389, 32.934788154797992 ], [ 131.754038082358591, 32.934831176443168 ], [ 131.75156171417126, 32.935705691638631 ], [ 131.750736286980356, 32.935781337006929 ], [ 131.749994721501935, 32.936261229098172 ], [ 131.748839944410861, 32.938479273681409 ], [ 131.748341639504162, 32.941455021289684 ], [ 131.747458581676653, 32.94260425550214 ], [ 131.747330019943945, 32.943820465713237 ], [ 131.747596912519327, 32.945752500829009 ], [ 131.748172178939626, 32.946964138218782 ], [ 131.748460120979843, 32.947223981374243 ], [ 131.748568077335591, 32.947165206637735 ], [ 131.748701321067642, 32.945883566040969 ], [ 131.749191697526015, 32.94555771677453 ], [ 131.749992681619744, 32.945465346368671 ], [ 131.749899223387587, 32.946587965423383 ], [ 131.750342201234105, 32.947436294653372 ], [ 131.747719083085769, 32.949288063603838 ], [ 131.746399824639838, 32.949505775747063 ], [ 131.74514178465526, 32.950836397023821 ], [ 131.744501873979232, 32.951230725728315 ], [ 131.743559168676427, 32.953054899242751 ], [ 131.742003191481615, 32.954340633701221 ], [ 131.741868021621059, 32.95471447150674 ], [ 131.741754593088416, 32.955630254864261 ], [ 131.742079497944559, 32.956432687850601 ], [ 131.742104879499493, 32.957400118203651 ], [ 131.743113523730216, 32.958484095596624 ], [ 131.743280138109668, 32.959800399963143 ], [ 131.742523738224321, 32.961162986553312 ], [ 131.74125538290275, 32.962114773810875 ], [ 131.741635871875701, 32.962946020609401 ], [ 131.741488862040683, 32.963984405916605 ], [ 131.741596378494421, 32.96526025595729 ], [ 131.742178847450873, 32.966247667460124 ], [ 131.742202203819005, 32.966562276444535 ], [ 131.742256036890922, 32.96762278537382 ], [ 131.741841116895273, 32.96867441209163 ], [ 131.74166749671204, 32.969829531458245 ], [ 131.74300342939938, 32.969509745174058 ], [ 131.743547417464356, 32.969809338693658 ], [ 131.744546366202059, 32.969857474966339 ], [ 131.744937548006902, 32.969366124876089 ], [ 131.745910454013767, 32.969070370399059 ], [ 131.748020654031137, 32.970007614670578 ], [ 131.748675849765704, 32.970877648309191 ], [ 131.750226010596009, 32.971075862247986 ], [ 131.750850294204668, 32.971824997671085 ], [ 131.751338911376081, 32.971729521459977 ], [ 131.752258220741538, 32.970856286905125 ] ] ] } },
{ "type": "Feature", "properties": { "CITY_NAME": "佐伯市", "S_NAME": "大字井ノ上", "JINKO": 56, "medical_area": "44_南部医療圏", "町丁目名": "佐伯市大字井ノ上" }, "geometry": { "type": "Polygon", "coordinates": [ [ [ 131.74166749671204, 32.969829531458245 ], [ 131.742256036890922, 32.96762278537382 ], [ 131.742178847450873, 32.966247667460124 ], [ 131.741596378494421, 32.96526025595729 ], [ 131.741488862040683, 32.963984405916605 ], [ 131.741635871875701, 32.962946020609401 ], [ 131.74125538290275, 32.962114773810875 ], [ 131.742523738224321, 32.961162986553312 ], [ 131.742975117176371, 32.960548287509823 ], [ 131.743280138109668, 32.959800399963143 ], [ 131.743284887829873, 32.959130069751218 ], [ 131.743113523730216, 32.958484095596624 ], [ 131.742104879499493, 32.957400118203651 ], [ 131.742079497944559, 32.956432687850601 ], [ 131.741754593088416, 32.955630254864261 ], [ 131.741868021621059, 32.95471447150674 ], [ 131.742003191481615, 32.954340633701221 ], [ 131.743559168676427, 32.953054899242751 ], [ 131.744501873979232, 32.951230725728315 ], [ 131.74514178465526, 32.950836397023821 ], [ 131.746399824639838, 32.949505775747063 ], [ 131.747719083085769, 32.949288063603838 ], [ 131.750342201234105, 32.947436294653372 ], [ 131.749899223387587, 32.946587965423383 ], [ 131.749992681619744, 32.945465346368671 ], [ 131.749191697526015, 32.94555771677453 ], [ 131.748701321067642, 32.945883566040969 ], [ 131.748568077335591, 32.947165206637735 ], [ 131.748365933697784, 32.947151883207191 ], [ 131.748002667245572, 32.946718115314518 ], [ 131.747596912519327, 32.945752500829009 ], [ 131.747405722901703, 32.944577219099372 ], [ 131.747458581676653, 32.94260425550214 ], [ 131.748341639504162, 32.941455021289684 ], [ 131.748839944410861, 32.938479273681409 ], [ 131.749994721501935, 32.936261229098172 ], [ 131.750736286980356, 32.935781337006929 ], [ 131.75156171417126, 32.935705691638631 ], [ 131.754038082358591, 32.934831176443168 ], [ 131.753555203050581, 32.934662558527087 ], [ 131.753151575130545, 32.933899374046 ], [ 131.75156053383941, 32.933285564018178 ], [ 131.751010563308824, 32.932234566226718 ], [ 131.750118416951096, 32.931507764333901 ], [ 131.749568110643395, 32.931582190409294 ], [ 131.749374244223219, 32.932139786442406 ], [ 131.748035200123809, 32.931980451358555 ], [ 131.747450281189629, 32.932071810288129 ], [ 131.74557039433364, 32.931342494194418 ], [ 131.743404363784066, 32.930815670062287 ], [ 131.741369091092395, 32.930488856186152 ], [ 131.74057119898066, 32.930635826946038 ], [ 131.739932903054637, 32.930275610293549 ], [ 131.73945416561827, 32.929111167019528 ], [ 131.738634871479604, 32.928480073294445 ], [ 131.737084717676964, 32.927987152107747 ], [ 131.735806785397699, 32.927833332435398 ], [ 131.733271324970161, 32.928745075039814 ], [ 131.732365429220863, 32.929909313770963 ], [ 131.731229233345942, 32.930803537033924 ], [ 131.731200101367932, 32.931335118427072 ], [ 131.730803841896602, 32.932083668756832 ], [ 131.730027540987294, 32.932698761614979 ], [ 131.72903802998303, 32.933088960359981 ], [ 131.728666106271788, 32.933537741856178 ], [ 131.728609985853495, 32.93528494593356 ], [ 131.72715434825156, 32.937136089020498 ], [ 131.727660085506272, 32.938151297917635 ], [ 131.728037048207057, 32.939518884662476 ], [ 131.729658638473097, 32.940684493168916 ], [ 131.727971959679792, 32.942506162252137 ], [ 131.727157433477572, 32.943647879007798 ], [ 131.725687185374397, 32.947662514726403 ], [ 131.725283393473404, 32.948115062029437 ], [ 131.724332776204278, 32.94868522562394 ], [ 131.723986164465828, 32.949480816079614 ], [ 131.72326248777614, 32.950125964425538 ], [ 131.722977266897033, 32.950684652255745 ], [ 131.722657811005263, 32.952293787237529 ], [ 131.723938798512734, 32.952843295000633 ], [ 131.724283678471977, 32.953544313791724 ], [ 131.724854052629837, 32.953841714109771 ], [ 131.725003070137831, 32.954552346649599 ], [ 131.724808921737434, 32.955705406239183 ], [ 131.725036457080932, 32.956800979241073 ], [ 131.726428358270994, 32.958304838033364 ], [ 131.726783871535559, 32.959065083347873 ], [ 131.727721060841901, 32.960270873134498 ], [ 131.727914315222421, 32.960858423294965 ], [ 131.728487840042703, 32.961532685997511 ], [ 131.728374537112927, 32.962736097336517 ], [ 131.728057237188864, 32.963572248441956 ], [ 131.726648317133026, 32.965833473749875 ], [ 131.726766990769931, 32.966823785074155 ], [ 131.726680985866011, 32.968210751204914 ], [ 131.727636779321784, 32.968299221491726 ], [ 131.728780357524755, 32.968732840148405 ], [ 131.731281405172524, 32.969062012440496 ], [ 131.731983759205349, 32.968515078590166 ], [ 131.733056918415173, 32.968656552899724 ], [ 131.734302622310622, 32.968015947844975 ], [ 131.734749989473357, 32.968016328903076 ], [ 131.735388828647842, 32.968138621509439 ], [ 131.736306720585958, 32.968734285680135 ], [ 131.737544184069861, 32.969226176211052 ], [ 131.738068222724507, 32.96935042932207 ], [ 131.739740414806477, 32.969045081333491 ], [ 131.74166749671204, 32.969829531458245 ] ] ] } },
{ "type": "Feature", "properties": { "CITY_NAME": "佐伯市", "S_NAME": "大字因尾", "JINKO": 111, "medical_area": "44_南部医療圏", "町丁目名": "佐伯市大字因尾" }, "geometry": { "type": "Polygon", "coordinates": [ [ [ 131.725313580749742, 32.969582338164663 ], [ 131.726157168254474, 32.968570193115177 ], [ 131.726680985866011, 32.968210751204914 ], [ 131.726766990769931, 32.966823785074155 ], [ 131.726648317133026, 32.965833473749875 ], [ 131.728057237188864, 32.963572248441956 ], [ 131.728374537112927, 32.962736097336517 ], [ 131.728487840042703, 32.961532685997511 ], [ 131.727914315222421, 32.960858423294965 ], [ 131.727721060841901, 32.960270873134498 ], [ 131.726783871535559, 32.959065083347873 ], [ 131.726428358270994, 32.958304838033364 ], [ 131.725036457080932, 32.956800979241073 ], [ 131.724808921737434, 32.955705406239183 ], [ 131.725003070137831, 32.954552346649599 ], [ 131.724854052629837, 32.953841714109771 ], [ 131.724283678471977, 32.953544313791724 ], [ 131.723938798512734, 32.952843295000633 ], [ 131.722657811005263, 32.952293787237529 ], [ 131.722977266897033, 32.950684652255745 ], [ 131.72326248777614, 32.950125964425538 ], [ 131.723986164465828, 32.949480816079614 ], [ 131.724332776204278, 32.94868522562394 ], [ 131.725526300784736, 32.947922890660514 ], [ 131.726685522444114, 32.945176753889832 ], [ 131.727157433477572, 32.943647879007798 ], [ 131.727971959679792, 32.942506162252137 ], [ 131.729658638473097, 32.940684493168916 ], [ 131.728037048207057, 32.939518884662476 ], [ 131.727660085506272, 32.938151297917635 ], [ 131.72715434825156, 32.937136089020498 ], [ 131.728609985853495, 32.93528494593356 ], [ 131.728666106271788, 32.933537741856178 ], [ 131.72903802998303, 32.933088960359981 ], [ 131.730027540987294, 32.932698761614979 ], [ 131.730803841896602, 32.932083668756832 ], [ 131.731200101367932, 32.931335118427072 ], [ 131.731229233345942, 32.930803537033924 ], [ 131.732365429220863, 32.929909313770963 ], [ 131.733271324970161, 32.928745075039814 ], [ 131.735806785397699, 32.927833332435398 ], [ 131.736064127753423, 32.927315395769767 ], [ 131.736180181495371, 32.926339896393451 ], [ 131.736048508300286, 32.925721484777533 ], [ 131.73672470815896, 32.923776256411806 ], [ 131.736748346330131, 32.923332636112576 ], [ 131.735655749015791, 32.921745066030518 ], [ 131.735306223847203, 32.921487720740885 ], [ 131.732628937369839, 32.921528537564271 ], [ 131.732036379164128, 32.921285165448381 ], [ 131.731639379285099, 32.920911303684889 ], [ 131.730772482140907, 32.921974601164699 ], [ 131.728280135663454, 32.923261857119762 ], [ 131.727130413654777, 32.923609455777395 ], [ 131.725102167755182, 32.92341290709728 ], [ 131.724653605437624, 32.924324836586351 ], [ 131.723389503817202, 32.924991006434986 ], [ 131.722980842549447, 32.92563571731646 ], [ 131.722118051130821, 32.926399875426689 ], [ 131.719550775380384, 32.927069998259881 ], [ 131.718618604180733, 32.927658702838684 ], [ 131.71788101503202, 32.928697036223738 ], [ 131.717409392453732, 32.92983990568321 ], [ 131.715948140335797, 32.931820872860925 ], [ 131.715962746300022, 32.932192706071099 ], [ 131.716391522284852, 32.933101300510465 ], [ 131.713094476967655, 32.932607704943877 ], [ 131.711589693175313, 32.932642145331556 ], [ 131.710340579562796, 32.933182852417744 ], [ 131.709028761075558, 32.934870767419596 ], [ 131.7087973032381, 32.934959293969506 ], [ 131.708188767752773, 32.93467417432359 ], [ 131.707345487237376, 32.933780628169394 ], [ 131.706207471852451, 32.933357250551637 ], [ 131.705217734861634, 32.932236056322807 ], [ 131.70369744765236, 32.930879382166005 ], [ 131.702043159707273, 32.928900666248239 ], [ 131.702238978699739, 32.931114411593406 ], [ 131.702204341234449, 32.933426240927901 ], [ 131.702406505506389, 32.934304076858055 ], [ 131.702359721318601, 32.935647946516575 ], [ 131.700471390800857, 32.936623004728332 ], [ 131.700397184282707, 32.937065946530005 ], [ 131.70082460735307, 32.938127259158684 ], [ 131.700571697197347, 32.938718704568501 ], [ 131.699960301569945, 32.93902544586534 ], [ 131.698039472234456, 32.938799332354279 ], [ 131.696756400699996, 32.939368229937898 ], [ 131.693151787220899, 32.939674462265273 ], [ 131.691999752817964, 32.940301567764166 ], [ 131.689037345799846, 32.940811055819644 ], [ 131.688354084917478, 32.941393037776301 ], [ 131.68778077871039, 32.941625769134262 ], [ 131.68738326223675, 32.941545748040006 ], [ 131.686245939598052, 32.940305223863106 ], [ 131.685529647122735, 32.940175513308986 ], [ 131.684221670462733, 32.941104745223754 ], [ 131.684007935387115, 32.942139017648849 ], [ 131.683580982695389, 32.942919479593854 ], [ 131.682604488835864, 32.943469940527194 ], [ 131.681658116390338, 32.944881881140731 ], [ 131.680726758792929, 32.94571123835145 ], [ 131.680515252999385, 32.946530077241569 ], [ 131.680645625959926, 32.947204178518902 ], [ 131.681536693491466, 32.948096139712042 ], [ 131.681835130188432, 32.948914394909693 ], [ 131.6814046533718, 32.950259772737645 ], [ 131.680822837003944, 32.951267460177839 ], [ 131.681734396622517, 32.951759253937176 ], [ 131.682320176549723, 32.952290192848245 ], [ 131.68284469368291, 32.95238423435481 ], [ 131.682875609871189, 32.953150029293504 ], [ 131.682422551553202, 32.953803895779636 ], [ 131.68312763455836, 32.954276522939836 ], [ 131.684206170310347, 32.955380412040412 ], [ 131.684729590820183, 32.955498172061745 ], [ 131.684854916560681, 32.955967940684502 ], [ 131.685728526635955, 32.956017450013611 ], [ 131.686475940471638, 32.956411434733724 ], [ 131.686984140232624, 32.95687307361316 ], [ 131.687203878437316, 32.957523273258026 ], [ 131.687928578791968, 32.957754521562165 ], [ 131.688528437917597, 32.95757029329976 ], [ 131.689278309549621, 32.95827787892032 ], [ 131.690296477246221, 32.958043078815123 ], [ 131.69135158665452, 32.958417244966029 ], [ 131.692123204149965, 32.95823203822642 ], [ 131.692660069538505, 32.957776721242702 ], [ 131.694161648672917, 32.957575418087025 ], [ 131.694860011028055, 32.958096273628904 ], [ 131.695240028294222, 32.958636989833501 ], [ 131.694699531464295, 32.959086313854641 ], [ 131.694812139944219, 32.959755166394132 ], [ 131.695756351153619, 32.961046667146661 ], [ 131.696576982462886, 32.961633176503398 ], [ 131.697434044607206, 32.962762313590972 ], [ 131.697829231473236, 32.962953123758844 ], [ 131.698285206535729, 32.96267916781175 ], [ 131.699028647443981, 32.962548368754454 ], [ 131.699505255784942, 32.96308251816874 ], [ 131.70117730636133, 32.963157621417217 ], [ 131.701659118173069, 32.964349140807123 ], [ 131.701937238832841, 32.965577992723105 ], [ 131.702976675025411, 32.965765179378202 ], [ 131.703669960126291, 32.966533300497517 ], [ 131.704315144100036, 32.966650305703006 ], [ 131.70498243815419, 32.966393236942572 ], [ 131.705544575341492, 32.966860522660753 ], [ 131.707651397934143, 32.96669786668982 ], [ 131.708134938806779, 32.967189705476549 ], [ 131.708743598206865, 32.967210395711973 ], [ 131.710015166439263, 32.967776174052915 ], [ 131.710555881932237, 32.96825562089802 ], [ 131.71171863857964, 32.96862899545453 ], [ 131.712377133189534, 32.968619219272043 ], [ 131.714296899154647, 32.969217451056295 ], [ 131.715677293410238, 32.969058793427628 ], [ 131.716590449825958, 32.968221243556798 ], [ 131.716948544002122, 32.968249348219466 ], [ 131.719454980082133, 32.969676486219399 ], [ 131.720342208774809, 32.969623134549281 ], [ 131.721046759535369, 32.970427290269335 ], [ 131.72284629809721, 32.970320411975351 ], [ 131.723238088702942, 32.970082926097781 ], [ 131.725313580749742, 32.969582338164663 ] ] ] } },
{ "type": "Feature", "properties": { "CITY_NAME": "佐伯市", "S_NAME": "大字堂ノ間", "JINKO": 140, "medical_area": "44_南部医療圏", "町丁目名": "佐伯市大字堂ノ間" }, "geometry": { "type": "Polygon", "coordinates": [ [ [ 131.711962257685656, 32.932586988963784 ], [ 131.713094476967655, 32.932607704943877 ], [ 131.716391522284852, 32.933101300510465 ], [ 131.715962746300022, 32.932192706071099 ], [ 131.715948140335797, 32.931820872860925 ], [ 131.717409392453732, 32.92983990568321 ], [ 131.71788101503202, 32.928697036223738 ], [ 131.718618604180733, 32.927658702838684 ], [ 131.719550775380384, 32.927069998259881 ], [ 131.722118051130821, 32.926399875426689 ], [ 131.722980842549447, 32.92563571731646 ], [ 131.723389503817202, 32.924991006434986 ], [ 131.724653605437624, 32.924324836586351 ], [ 131.725102167755182, 32.92341290709728 ], [ 131.727130413654777, 32.923609455777395 ], [ 131.728280135663454, 32.923261857119762 ], [ 131.730772482140907, 32.921974601164699 ], [ 131.731639379285099, 32.920911303684889 ], [ 131.731364537502003, 32.920460722021318 ], [ 131.731326487729575, 32.920059300900817 ], [ 131.731494553500141, 32.91917657235571 ], [ 131.730415818086243, 32.918945410291464 ], [ 131.727676874562746, 32.917557208962883 ], [ 131.726872469023391, 32.916570191014017 ], [ 131.725651029836058, 32.916164827433349 ], [ 131.725354996525994, 32.91580378343388 ], [ 131.725271177527191, 32.915306951043547 ], [ 131.725480679710159, 32.914194110841997 ], [ 131.725287155942283, 32.913651117617512 ], [ 131.725285543174721, 32.91302318758288 ], [ 131.725675477153942, 32.91191413683601 ], [ 131.72529352716947, 32.910602870715273 ], [ 131.724338240820515, 32.909836102638373 ], [ 131.72317266486462, 32.909869168268607 ], [ 131.722667664866094, 32.908149055542481 ], [ 131.722134330561857, 32.907842042703663 ], [ 131.721874372136313, 32.907229217239063 ], [ 131.7209378932981, 32.906631992024451 ], [ 131.720215177852452, 32.905863871381115 ], [ 131.719920579930147, 32.90483876027232 ], [ 131.720087726584097, 32.903843178165026 ], [ 131.719976892964326, 32.903223640038711 ], [ 131.719377039765959, 32.901977958925862 ], [ 131.718652875316707, 32.901674946843542 ], [ 131.718110627633052, 32.902625883824733 ], [ 131.717639062617508, 32.903084954506248 ], [ 131.715397920404058, 32.904405413501422 ], [ 131.713420502595397, 32.905086611582064 ], [ 131.711235090823038, 32.906225304482447 ], [ 131.71000475449469, 32.907481418350649 ], [ 131.709656695619856, 32.9082176613868 ], [ 131.709066053955837, 32.908551575164452 ], [ 131.708495575637841, 32.908586976441505 ], [ 131.707628390031203, 32.907746454001419 ], [ 131.707453317937905, 32.907334978583798 ], [ 131.707644809333488, 32.906327559447554 ], [ 131.70747707387676, 32.906176388729314 ], [ 131.705821829116331, 32.905928301709601 ], [ 131.704405203204516, 32.906018195941172 ], [ 131.702411622011113, 32.906421399459063 ], [ 131.702218512864704, 32.90701047654224 ], [ 131.701741216942736, 32.906767423733172 ], [ 131.700894867486028, 32.905698549198632 ], [ 131.699853153915853, 32.905376731029271 ], [ 131.698899614567893, 32.905455202580846 ], [ 131.696220994168158, 32.906327249848012 ], [ 131.694548721165177, 32.906555931511889 ], [ 131.693804189519852, 32.90629969470681 ], [ 131.692886640744064, 32.905430073342373 ], [ 131.68930890887043, 32.90669308098083 ], [ 131.687831354582528, 32.906984959026296 ], [ 131.68692308224982, 32.90753698480755 ], [ 131.687390375941362, 32.908063920233687 ], [ 131.688148163230494, 32.909817931497187 ], [ 131.689275562852089, 32.91083948718456 ], [ 131.689644577809077, 32.912538690116257 ], [ 131.690234535014071, 32.913485844340727 ], [ 131.690220071208358, 32.914817835625463 ], [ 131.691229253198344, 32.91822275626663 ], [ 131.690997766306992, 32.919609257346998 ], [ 131.691050275710097, 32.921826012241695 ], [ 131.69080884829981, 32.923635891386333 ], [ 131.69125923574282, 32.923488574912149 ], [ 131.692355465417023, 32.921978500651697 ], [ 131.692846307563286, 32.921648986965472 ], [ 131.693859617775587, 32.921686559814809 ], [ 131.696008970377335, 32.921248424369367 ], [ 131.696818207629775, 32.922724789295053 ], [ 131.698928847076843, 32.923706556912023 ], [ 131.700533857125833, 32.924905384210888 ], [ 131.70135665923965, 32.925951850289586 ], [ 131.701256695716268, 32.926272052561828 ], [ 131.700612289174103, 32.926976518486576 ], [ 131.700665732368151, 32.927344066678891 ], [ 131.701737747411897, 32.928433866516677 ], [ 131.70369744765236, 32.930879382166005 ], [ 131.705217734861634, 32.932236056322807 ], [ 131.706207471852451, 32.933357250551637 ], [ 131.707345487237376, 32.933780628169394 ], [ 131.708188767752773, 32.93467417432359 ], [ 131.7087973032381, 32.934959293969506 ], [ 131.709028761075558, 32.934870767419596 ], [ 131.710582509850525, 32.932983997768538 ], [ 131.711962257685656, 32.932586988963784 ] ] ] } },
{ "type": "Feature", "properties": { "CITY_NAME": "佐伯市", "S_NAME": "大字上津川", "JINKO": 42, "medical_area": "44_南部医療圏", "町丁目名": "佐伯市大字上津川" }, "geometry": { "type": "Polygon", "coordinates": [ [ [ 131.678036757071851, 32.908501616785479 ], [ 131.678524686672347, 32.908060603218367 ], [ 131.68026603592449, 32.907374272707379 ], [ 131.681525251688271, 32.907341213236542 ], [ 131.681814140376389, 32.907178408491994 ], [ 131.681945946824186, 32.906930032384437 ], [ 131.681961991122137, 32.905972168691044 ], [ 131.682259226207862, 32.905722239415304 ], [ 131.683020717824178, 32.90563552144684 ], [ 131.68320441784806, 32.90614276451592 ], [ 131.683932084062747, 32.90654477167692 ], [ 131.68692308224982, 32.90753698480755 ], [ 131.687831354582528, 32.906984959026296 ], [ 131.68930890887043, 32.90669308098083 ], [ 131.692886640744064, 32.905430073342373 ], [ 131.693804189519852, 32.90629969470681 ], [ 131.694548721165177, 32.906555931511889 ], [ 131.696220994168158, 32.906327249848012 ], [ 131.698257411304638, 32.905628447479465 ], [ 131.699641514396063, 32.905374989645502 ], [ 131.700894867486028, 32.905698549198632 ], [ 131.701741216942736, 32.906767423733172 ], [ 131.702218512864704, 32.90701047654224 ], [ 131.702411622011113, 32.906421399459063 ], [ 131.704405203204516, 32.906018195941172 ], [ 131.705821829116331, 32.905928301709601 ], [ 131.70747707387676, 32.906176388729314 ], [ 131.707644809333488, 32.906327559447554 ], [ 131.707453317937905, 32.907334978583798 ], [ 131.707628390031203, 32.907746454001419 ], [ 131.708495575637841, 32.908586976441505 ], [ 131.709066053955837, 32.908551575164452 ], [ 131.709656695619856, 32.9082176613868 ], [ 131.71000475449469, 32.907481418350649 ], [ 131.711235090823038, 32.906225304482447 ], [ 131.713420502595397, 32.905086611582064 ], [ 131.715397920404058, 32.904405413501422 ], [ 131.717952649331721, 32.902825714377599 ], [ 131.7184910963189, 32.901827993916562 ], [ 131.718381599744731, 32.901216737386676 ], [ 131.719236155701537, 32.899738141660762 ], [ 131.719766534858707, 32.899274308644038 ], [ 131.719821724641434, 32.898788291342427 ], [ 131.719507640066865, 32.898251180416416 ], [ 131.71827006086437, 32.89746880939424 ], [ 131.717974879050416, 32.896582134941944 ], [ 131.717547058087291, 32.896032468364282 ], [ 131.717488594470808, 32.895493145684775 ], [ 131.717097691534462, 32.894943272807566 ], [ 131.71710498143787, 32.893920779186573 ], [ 131.716137231837024, 32.891212598657567 ], [ 131.716098853462739, 32.890428233322076 ], [ 131.715724563272516, 32.889791064089138 ], [ 131.71517803163951, 32.889498835261342 ], [ 131.714227363188712, 32.889405234869308 ], [ 131.713405197624155, 32.888467571914305 ], [ 131.710991896118799, 32.887397783644026 ], [ 131.710306431724035, 32.887866618730925 ], [ 131.710088608195434, 32.888695995110069 ], [ 131.708034252090158, 32.887808926870896 ], [ 131.70765287252587, 32.887204996343954 ], [ 131.706264458084235, 32.886548646552903 ], [ 131.70567014976379, 32.885779872426014 ], [ 131.705211037209608, 32.88467408389883 ], [ 131.705140195531783, 32.882872852718897 ], [ 131.703804863457691, 32.88332455142973 ], [ 131.703256707581744, 32.883099325073495 ], [ 131.702282068034435, 32.883403686130158 ], [ 131.700314902358656, 32.883310943797326 ], [ 131.699094455761269, 32.883073609250573 ], [ 131.698003837878076, 32.883298959571114 ], [ 131.696477591112341, 32.883257641893294 ], [ 131.695597089421597, 32.883013465529068 ], [ 131.694854254887247, 32.883067420178577 ], [ 131.693777172407437, 32.882865826335426 ], [ 131.692046739479224, 32.882198767376359 ], [ 131.691061915112016, 32.882146099555342 ], [ 131.690538330090703, 32.881908211488302 ], [ 131.689479803183389, 32.882192187018582 ], [ 131.687747350967442, 32.882025856758638 ], [ 131.687349292078068, 32.88249542678335 ], [ 131.685910238515874, 32.882823723426661 ], [ 131.68539635643063, 32.882603399163933 ], [ 131.68460938585747, 32.882596268812797 ], [ 131.684015096459234, 32.88228770662181 ], [ 131.682675601109509, 32.882109076975631 ], [ 131.681739153551916, 32.881181602573037 ], [ 131.681099660824913, 32.880947651153861 ], [ 131.677491403478854, 32.880598212273277 ], [ 131.676483334564352, 32.880729533020258 ], [ 131.674704580503658, 32.880544607192704 ], [ 131.67451730558102, 32.880604495098844 ], [ 131.673024938616322, 32.882816776115817 ], [ 131.671842020744464, 32.884161572819004 ], [ 131.670536979539918, 32.886889552705178 ], [ 131.66917754904091, 32.887319759374364 ], [ 131.668359967680772, 32.887233139762358 ], [ 131.666974411944636, 32.888006646527359 ], [ 131.666088353277416, 32.887908391658797 ], [ 131.665121099654669, 32.888302590935822 ], [ 131.663909541356475, 32.888223205819259 ], [ 131.6636322323385, 32.88833911429824 ], [ 131.662068581227715, 32.891427465551864 ], [ 131.662552662338157, 32.891869145835692 ], [ 131.662475851108809, 32.892487444381416 ], [ 131.661390439077536, 32.893877735268845 ], [ 131.660944288515793, 32.894097505818998 ], [ 131.660783690932703, 32.894853556608297 ], [ 131.659786129799841, 32.895745613348659 ], [ 131.65954747265252, 32.896512293929938 ], [ 131.663850265770492, 32.900521461124043 ], [ 131.664232419637159, 32.90125144525301 ], [ 131.66618550362972, 32.902111414419657 ], [ 131.668057211391698, 32.904180430558725 ], [ 131.669607778766249, 32.904751518968219 ], [ 131.670197611170266, 32.905226112536468 ], [ 131.670627353590419, 32.905673179339118 ], [ 131.671122856418691, 32.90703280737511 ], [ 131.671753303889204, 32.90730850867601 ], [ 131.67269008842959, 32.908042372652069 ], [ 131.673523359365106, 32.908343259298938 ], [ 131.675073540157712, 32.908405870141237 ], [ 131.676796890151621, 32.908802550215078 ], [ 131.677418492897431, 32.908783420542917 ], [ 131.678036757071851, 32.908501616785479 ] ] ] } },
{ "type": "Feature", "properties": { "CITY_NAME": "佐伯市", "S_NAME": "大字山部", "JINKO": 32, "medical_area": "44_南部医療圏", "町丁目名": "佐伯市大字山部" }, "geometry": { "type": "Polygon", "coordinates": [ [ [ 131.6604876453857, 32.959393999661053 ], [ 131.661828015689679, 32.958528459026347 ], [ 131.662485349087802, 32.957780206611531 ], [ 131.662877512574539, 32.956410065926917 ], [ 131.663434153198779, 32.955262491784026 ], [ 131.665077279592907, 32.954771618335506 ], [ 131.666308886474354, 32.951825100342113 ], [ 131.668951635449531, 32.951583634783482 ], [ 131.670347162154314, 32.950964658931149 ], [ 131.671184318421354, 32.950940563300854 ], [ 131.672814534614446, 32.951523716741796 ], [ 131.673743327289458, 32.951318799042816 ], [ 131.675030343341746, 32.952033112334441 ], [ 131.675541683945028, 32.951983315676628 ], [ 131.676380052319928, 32.951508386660656 ], [ 131.677397647414807, 32.952271176743267 ], [ 131.679921759635363, 32.951728270032881 ], [ 131.680822837003944, 32.951267460177839 ], [ 131.6814046533718, 32.950259772737645 ], [ 131.681835130188432, 32.948914394909693 ], [ 131.681536693491466, 32.948096139712042 ], [ 131.680645625959926, 32.947204178518902 ], [ 131.680515252999385, 32.946530077241569 ], [ 131.680726758792929, 32.94571123835145 ], [ 131.681658116390338, 32.944881881140731 ], [ 131.682604488835864, 32.943469940527194 ], [ 131.683580982695389, 32.942919479593854 ], [ 131.684007935387115, 32.942139017648849 ], [ 131.684221670462733, 32.941104745223754 ], [ 131.685529647122735, 32.940175513308986 ], [ 131.686245939598052, 32.940305223863106 ], [ 131.68738326223675, 32.941545748040006 ], [ 131.68778077871039, 32.941625769134262 ], [ 131.688354084917478, 32.941393037776301 ], [ 131.689037345799846, 32.940811055819644 ], [ 131.691999752817964, 32.940301567764166 ], [ 131.693151787220899, 32.939674462265273 ], [ 131.696756400699996, 32.939368229937898 ], [ 131.698039472234456, 32.938799332354279 ], [ 131.699960301569945, 32.93902544586534 ], [ 131.700571697197347, 32.938718704568501 ], [ 131.700814079676547, 32.938349620514046 ], [ 131.700397184282707, 32.937065946530005 ], [ 131.700544456508339, 32.936512484382924 ], [ 131.702359721318601, 32.935647946516575 ], [ 131.702406505506389, 32.934304076858055 ], [ 131.702204341234449, 32.933426240927901 ], [ 131.702238978699739, 32.931114411593406 ], [ 131.702043159707273, 32.928900666248239 ], [ 131.700568092242065, 32.927197472719115 ], [ 131.70136052274205, 32.926039149612109 ], [ 131.700533857125833, 32.924905384210888 ], [ 131.698928847076843, 32.923706556912023 ], [ 131.696818207629775, 32.922724789295053 ], [ 131.696008970377335, 32.921248424369367 ], [ 131.693859617775587, 32.921686559814809 ], [ 131.692846307563286, 32.921648986965472 ], [ 131.692355465417023, 32.921978500651697 ], [ 131.69125923574282, 32.923488574912149 ], [ 131.69080884829981, 32.923635891386333 ], [ 131.691050275710097, 32.921826012241695 ], [ 131.690997766306992, 32.919609257346998 ], [ 131.691229253198344, 32.91822275626663 ], [ 131.690220071208358, 32.914817835625463 ], [ 131.690234535014071, 32.913485844340727 ], [ 131.689644577809077, 32.912538690116257 ], [ 131.689275562852089, 32.91083948718456 ], [ 131.688148163230494, 32.909817931497187 ], [ 131.687390375941362, 32.908063920233687 ], [ 131.68692308224982, 32.90753698480755 ], [ 131.683932084062747, 32.90654477167692 ], [ 131.68320441784806, 32.90614276451592 ], [ 131.683020717824178, 32.90563552144684 ], [ 131.682259226207862, 32.905722239415304 ], [ 131.681961991122137, 32.905972168691044 ], [ 131.681945946824186, 32.906930032384437 ], [ 131.681525251688271, 32.907341213236542 ], [ 131.68026603592449, 32.907374272707379 ], [ 131.678524686672347, 32.908060603218367 ], [ 131.67781210082606, 32.908677890343213 ], [ 131.677418492897431, 32.908783420542917 ], [ 131.676333525587268, 32.908730155181757 ], [ 131.675073540157712, 32.908405870141237 ], [ 131.673766754263056, 32.908385312608601 ], [ 131.67269008842959, 32.908042372652069 ], [ 131.671753303889204, 32.90730850867601 ], [ 131.671122856418691, 32.90703280737511 ], [ 131.670627353590419, 32.905673179339118 ], [ 131.670197611170266, 32.905226112536468 ], [ 131.669607778766249, 32.904751518968219 ], [ 131.668057211391698, 32.904180430558725 ], [ 131.66618550362972, 32.902111414419657 ], [ 131.664232419637159, 32.90125144525301 ], [ 131.663850265770492, 32.900521461124043 ], [ 131.65954747265252, 32.896512293929938 ], [ 131.659128053339771, 32.896532554859462 ], [ 131.658659909182802, 32.896276520068916 ], [ 131.658060658515524, 32.896505363943611 ], [ 131.657464396859126, 32.895663135697937 ], [ 131.656916018739622, 32.895509349688375 ], [ 131.656099984612609, 32.894921014409164 ], [ 131.655522120748202, 32.894708719988898 ], [ 131.654563743202175, 32.894514218717276 ], [ 131.653005495739905, 32.894611247562096 ], [ 131.651890619891248, 32.894414291983999 ], [ 131.650437061550605, 32.893668786606256 ], [ 131.649553093800932, 32.893564457112241 ], [ 131.648973627476948, 32.893128921454938 ], [ 131.648319026819593, 32.892999072161714 ], [ 131.646933700219876, 32.894474823970036 ], [ 131.646217129369631, 32.894510121772321 ], [ 131.644934021651494, 32.895563686331514 ], [ 131.643357333732325, 32.895544128435738 ], [ 131.642352519423866, 32.895698578577161 ], [ 131.640195882169905, 32.897544669670559 ], [ 131.638212885440367, 32.896938932720481 ], [ 131.637750871556506, 32.897110953286543 ], [ 131.637152011374468, 32.896905831904675 ], [ 131.636310682511578, 32.89710273921348 ], [ 131.635095979396709, 32.897050561596785 ], [ 131.634097065312886, 32.897586203641154 ], [ 131.633610085939665, 32.897574296600027 ], [ 131.633236852040994, 32.89786357809767 ], [ 131.632241567302543, 32.898000482045262 ], [ 131.631450498919236, 32.898591739461999 ], [ 131.630894010515817, 32.898469970444616 ], [ 131.630321130182352, 32.898870573914351 ], [ 131.629652102750271, 32.898569973626621 ], [ 131.629454880673961, 32.898993578732401 ], [ 131.628679587311069, 32.899664127399184 ], [ 131.62827842614945, 32.899868332525195 ], [ 131.62773550566223, 32.899687400567963 ], [ 131.627268154298122, 32.900490101111224 ], [ 131.62619563539684, 32.901198500442163 ], [ 131.625559676401394, 32.900910200782477 ], [ 131.625354743324721, 32.900976064421378 ], [ 131.625135582736931, 32.901447994843998 ], [ 131.624526111201732, 32.901399677764601 ], [ 131.623122176094739, 32.90231536405765 ], [ 131.62314895880138, 32.903129097688833 ], [ 131.622845815599732, 32.904343498512489 ], [ 131.622127101551825, 32.904757962728475 ], [ 131.621522757030164, 32.905448398816148 ], [ 131.620297569673966, 32.905470274902854 ], [ 131.6197765972247, 32.906022022313671 ], [ 131.619595321539919, 32.906568132890591 ], [ 131.619213382853985, 32.906901886186198 ], [ 131.617619568880428, 32.907495131933871 ], [ 131.617290326781102, 32.908113255232202 ], [ 131.617277186770679, 32.908772388753725 ], [ 131.613751323427778, 32.909188665378387 ], [ 131.612856785249278, 32.908920442645993 ], [ 131.612270121953657, 32.90946852809472 ], [ 131.611708222992263, 32.909483226446952 ], [ 131.612154597145548, 32.911408937104362 ], [ 131.611929882786484, 32.913148367006656 ], [ 131.611780790248417, 32.913275516108605 ], [ 131.611107384254495, 32.91314053366704 ], [ 131.610738565480631, 32.913343815716921 ], [ 131.610159692918444, 32.91572101893486 ], [ 131.610084335643762, 32.917360108714504 ], [ 131.60970433008697, 32.917793863840934 ], [ 131.608981765867981, 32.919424329360162 ], [ 131.607888601546392, 32.920326973692248 ], [ 131.60796069897026, 32.920880316172337 ], [ 131.608708021946569, 32.921348972174862 ], [ 131.60885382102532, 32.92210141330736 ], [ 131.612033195861585, 32.922884415241143 ], [ 131.613206075317777, 32.92263135362078 ], [ 131.613721937399191, 32.923155685586693 ], [ 131.614127960282161, 32.923303893093944 ], [ 131.614696575304066, 32.923936056628314 ], [ 131.615724826024064, 32.924076669174063 ], [ 131.616818621601368, 32.923934743457892 ], [ 131.616905856076329, 32.923274317747577 ], [ 131.618132815785458, 32.923256893225954 ], [ 131.619918869689485, 32.922695049900476 ], [ 131.621572933653738, 32.922524631580671 ], [ 131.621762344101285, 32.922375274208527 ], [ 131.622155157365313, 32.919868601189023 ], [ 131.621401518703351, 32.919118984747875 ], [ 131.621464391349406, 32.918480484649372 ], [ 131.622042700260579, 32.918697282975195 ], [ 131.62223119782476, 32.918628064730051 ], [ 131.623226513444564, 32.916961750336036 ], [ 131.623718096153027, 32.916984779314937 ], [ 131.624554536058469, 32.917344753134017 ], [ 131.624893242901436, 32.91778684966151 ], [ 131.626754732904686, 32.918450054981214 ], [ 131.628576652076958, 32.918489728034508 ], [ 131.628772917806174, 32.918616837590328 ], [ 131.629161479661633, 32.919048095198242 ], [ 131.629270630278768, 32.919672686208372 ], [ 131.62884169999262, 32.920049797815125 ], [ 131.628109146218549, 32.921323018662889 ], [ 131.627969241970987, 32.922219570817504 ], [ 131.627206759867732, 32.92285240850471 ], [ 131.627127986673031, 32.923736932043852 ], [ 131.627212340849042, 32.923942695099065 ], [ 131.627562226993376, 32.924045400862326 ], [ 131.629900484263658, 32.924232395339139 ], [ 131.630211840701776, 32.924425946175624 ], [ 131.630242806163807, 32.924824159955882 ], [ 131.629755798131441, 32.925732982679129 ], [ 131.628641039469159, 32.926283515927494 ], [ 131.627957067591012, 32.927381344978812 ], [ 131.626235002383709, 32.928293095780134 ], [ 131.625691858332004, 32.928359563533363 ], [ 131.624197169688699, 32.927396979756878 ], [ 131.622691001718323, 32.926884614643612 ], [ 131.622054884950018, 32.92699301538434 ], [ 131.62160760452565, 32.926772530587243 ], [ 131.620592165885512, 32.926804731231641 ], [ 131.619999461719857, 32.926392980231348 ], [ 131.619396045072932, 32.926627062469045 ], [ 131.619515835666022, 32.927991802986263 ], [ 131.618947319136396, 32.929332136193054 ], [ 131.619539092164217, 32.929301239885092 ], [ 131.619593134561512, 32.92949249847431 ], [ 131.619016492655874, 32.930770741163315 ], [ 131.620256441715554, 32.931170372723301 ], [ 131.620733166219935, 32.93169343770856 ], [ 131.621762159410736, 32.933465200568826 ], [ 131.621799089179092, 32.935017000639476 ], [ 131.623288818553334, 32.935099907989787 ], [ 131.624190219463571, 32.936009189786908 ], [ 131.624935559049874, 32.93645704073414 ], [ 131.625557718002511, 32.937309265681918 ], [ 131.625597231268301, 32.93777923707156 ], [ 131.627732737473963, 32.938485756287761 ], [ 131.628202577274692, 32.939413103949697 ], [ 131.628191349098898, 32.940504889500893 ], [ 131.628857736663718, 32.940695455950632 ], [ 131.629278938714947, 32.941203355978459 ], [ 131.630651418014651, 32.941632080208549 ], [ 131.631148058121596, 32.941440981398593 ], [ 131.631861118210537, 32.941548950890315 ], [ 131.633066931233458, 32.941136452881295 ], [ 131.634179545979634, 32.941359271852384 ], [ 131.634644107771521, 32.941093945937823 ], [ 131.63535114055702, 32.940134102440915 ], [ 131.635923233736492, 32.939924008421457 ], [ 131.63707994539314, 32.939118086302656 ], [ 131.638825742745553, 32.939888434696499 ], [ 131.638867877124426, 32.94123739918647 ], [ 131.639523995656987, 32.941890934307736 ], [ 131.639587247461293, 32.942985407629948 ], [ 131.639767108548313, 32.943290388589581 ], [ 131.640493003631235, 32.943814757777858 ], [ 131.641974563375413, 32.944486601487483 ], [ 131.642589694315035, 32.945011526568379 ], [ 131.643307825053881, 32.946572762327563 ], [ 131.643235207654669, 32.947629284222607 ], [ 131.644277628884083, 32.94806184991517 ], [ 131.644422515764319, 32.949072183975254 ], [ 131.644272380956579, 32.951030706892823 ], [ 131.644078021797128, 32.951630620435566 ], [ 131.645080333363069, 32.952320979936239 ], [ 131.646012173682038, 32.953487692623156 ], [ 131.647033637308624, 32.954333045987234 ], [ 131.647654172785707, 32.955541101177104 ], [ 131.648629101635237, 32.955900603172957 ], [ 131.650729831407943, 32.955944583216677 ], [ 131.652828837285114, 32.957019479026684 ], [ 131.653743232128392, 32.957998617602208 ], [ 131.654329407395494, 32.957999479808009 ], [ 131.65511972137503, 32.95886948622308 ], [ 131.656101507410227, 32.958887862861118 ], [ 131.656642039471024, 32.959320144833271 ], [ 131.657312823470562, 32.959438142929841 ], [ 131.658717367096244, 32.96032058261676 ], [ 131.659080185790657, 32.960310836242236 ], [ 131.660146620298775, 32.959826989458982 ], [ 131.6604876453857, 32.959393999661053 ] ] ] } },
{ "type": "Feature", "properties": { "CITY_NAME": "佐伯市", "S_NAME": "大字浦代浦", "JINKO": 0, "medical_area": "44_南部医療圏", "町丁目名": "佐伯市大字浦代浦" }, "geometry": { "type": "Polygon", "coordinates": [ [ [ 132.04500955717873, 32.92619015629657 ], [ 132.045972145219764, 32.926118359324633 ], [ 132.045883771411098, 32.925783658441382 ], [ 132.046237321184407, 32.925482236213298 ], [ 132.045695446950987, 32.925402003326603 ], [ 132.044743735327245, 32.925759816594393 ], [ 132.04500955717873, 32.92619015629657 ] ] ] } },
{ "type": "Feature", "properties": { "CITY_NAME": "佐伯市", "S_NAME": "大字浦代浦", "JINKO": 590, "medical_area": "44_南部医療圏", "町丁目名": "佐伯市大字浦代浦" }, "geometry": { "type": "Polygon", "coordinates": [ [ [ 131.978532367097813, 32.933854915383691 ], [ 131.979727999346466, 32.933851133602182 ], [ 131.981537255701454, 32.93346493432572 ], [ 131.982886821625243, 32.93258190860486 ], [ 131.983602624274369, 32.932821928574334 ], [ 131.984496033547089, 32.932775374601889 ], [ 131.986308252597212, 32.932268462820133 ], [ 131.986053015546702, 32.930507709745619 ], [ 131.985112480056614, 32.929040883298427 ], [ 131.983420024808424, 32.924985106546067 ], [ 131.985071127858077, 32.923979656697078 ], [ 131.986092923722879, 32.922826150322088 ], [ 131.986659399804012, 32.919353101592932 ], [ 131.985854144511507, 32.919428879220845 ], [ 131.985924376889699, 32.919978372251791 ], [ 131.985800069600543, 32.920338239076777 ], [ 131.985108189696319, 32.921285066316401 ], [ 131.984547185757236, 32.921220955774949 ], [ 131.984170303570693, 32.920683796203882 ], [ 131.983804060117393, 32.920534293425902 ], [ 131.983505956555632, 32.920647544574145 ], [ 131.983016048694992, 32.921204136766804 ], [ 131.979888509790925, 32.921471227809398 ], [ 131.978887820443077, 32.922051641121051 ], [ 131.978173110525631, 32.921910245154692 ], [ 131.977890321949388, 32.921662690620899 ], [ 131.97816649980976, 32.92198514521894 ], [ 131.978773015668111, 32.922116556504179 ], [ 131.977812717979106, 32.923067241327061 ], [ 131.977506184081591, 32.922415003395137 ], [ 131.977116007919108, 32.922223286265279 ], [ 131.977437141200255, 32.922456119310645 ], [ 131.977554214766059, 32.922795148542512 ], [ 131.977307872207774, 32.922953065421446 ], [ 131.977568574103628, 32.922840121510845 ], [ 131.977754226694373, 32.923095656407227 ], [ 131.977556050567898, 32.923258604118153 ], [ 131.977067243298706, 32.922946825544919 ], [ 131.976586641282154, 32.922309469928841 ], [ 131.977146535732913, 32.92199130851855 ], [ 131.977585785615332, 32.921974352357985 ], [ 131.9768512563451, 32.921967460931008 ], [ 131.976584408223857, 32.921817161198568 ], [ 131.97599801201693, 32.92215626417871 ], [ 131.975930689106292, 32.922064813798336 ], [ 131.977250244648985, 32.92091656524078 ], [ 131.977796353704122, 32.918949281071619 ], [ 131.978538837144441, 32.917637783406448 ], [ 131.979391335408422, 32.917286665389007 ], [ 131.97969901631879, 32.916882992799856 ], [ 131.98055705083911, 32.917521000370002 ], [ 131.9828335741567, 32.915329096966481 ], [ 131.98392932973664, 32.916195151978606 ], [ 131.984011940908488, 32.916127780681009 ], [ 131.981961741699109, 32.914507267949233 ], [ 131.982092321372733, 32.914132030641042 ], [ 131.982580877896083, 32.913841442729819 ], [ 131.982919884790448, 32.913758533142925 ], [ 131.98363075338284, 32.914041497562351 ], [ 131.983799473563209, 32.913634398714301 ], [ 131.984147565918448, 32.913504514557097 ], [ 131.984420379200458, 32.91303978990679 ], [ 131.984576771424912, 32.913066518191357 ], [ 131.984796908112997, 32.911992641109919 ], [ 131.984708047211569, 32.911886939415368 ], [ 131.984504970763624, 32.911988624086497 ], [ 131.983920638728932, 32.911538758232602 ], [ 131.983628170799534, 32.911101010283254 ], [ 131.983487256949644, 32.910441157904884 ], [ 131.984200581415308, 32.909497761817342 ], [ 131.984297213899566, 32.909052455533839 ], [ 131.98516514964453, 32.908656989150529 ], [ 131.985204894629959, 32.908482636863155 ], [ 131.985021399498976, 32.908519253151319 ], [ 131.985013118227556, 32.908344381047719 ], [ 131.985235722839747, 32.908272294837133 ], [ 131.98510184937507, 32.908151617660849 ], [ 131.985294061973974, 32.907559475996017 ], [ 131.983456126789207, 32.907032112448697 ], [ 131.980222440130461, 32.906903674933595 ], [ 131.97442388392821, 32.905648562431161 ], [ 131.974024235155497, 32.905483882983752 ], [ 131.971619091150444, 32.903521856687327 ], [ 131.970767576453056, 32.903441203641961 ], [ 131.963300598316891, 32.90426012422413 ], [ 131.962701692507977, 32.90444092088233 ], [ 131.962021896894811, 32.905050305143952 ], [ 131.960871809277847, 32.905494631681876 ], [ 131.960405160589829, 32.906495058315059 ], [ 131.95887615338043, 32.907229240114724 ], [ 131.958435214844911, 32.907851867300977 ], [ 131.956883281790454, 32.909230623677011 ], [ 131.955447764473178, 32.909508411082676 ], [ 131.954542302312518, 32.910235247844255 ], [ 131.953245093711701, 32.91339174188618 ], [ 131.953436270499481, 32.915356313839091 ], [ 131.952828844573247, 32.916045635614488 ], [ 131.952168958254219, 32.918108553433029 ], [ 131.953114282578383, 32.918731954281576 ], [ 131.954401964745642, 32.919135004731551 ], [ 131.957223805663602, 32.921480984931762 ], [ 131.958111424592801, 32.922020960009064 ], [ 131.958519380434126, 32.922672130675181 ], [ 131.958248099508978, 32.924866389759728 ], [ 131.95778756934962, 32.925894742585825 ], [ 131.958868445379551, 32.927116018793242 ], [ 131.958779469057731, 32.928554842026905 ], [ 131.958495220733141, 32.929261838609257 ], [ 131.958915667458371, 32.930642366383402 ], [ 131.958930269865505, 32.931423390488071 ], [ 131.960857428220606, 32.931274486953583 ], [ 131.963670585980879, 32.930581362599284 ], [ 131.96398802410971, 32.930674221440107 ], [ 131.964468624381027, 32.931223246592964 ], [ 131.965952292821015, 32.931260809680552 ], [ 131.966672607915086, 32.931751602344292 ], [ 131.96706844003927, 32.931762572752909 ], [ 131.967449837879656, 32.931675497512444 ], [ 131.967925641719205, 32.931244179677392 ], [ 131.968624930786007, 32.931022850873333 ], [ 131.970000836834089, 32.93095332086898 ], [ 131.971543007639553, 32.931949494287757 ], [ 131.972028515644723, 32.932644365870715 ], [ 131.972862240305062, 32.932776607526513 ], [ 131.974027177394476, 32.933541091477899 ], [ 131.974847813939249, 32.933591465214889 ], [ 131.97541842407108, 32.934251256392926 ], [ 131.976336985926849, 32.934820052954421 ], [ 131.976880680374109, 32.934845247209729 ], [ 131.977762740330036, 32.934592432502939 ], [ 131.978532367097813, 32.933854915383691 ] ] ] } },
{ "type": "Feature", "properties": { "CITY_NAME": "佐伯市", "S_NAME": "大字浦代浦", "JINKO": 0, "medical_area": "44_南部医療圏", "町丁目名": "佐伯市大字浦代浦" }, "geometry": { "type": "Polygon", "coordinates": [ [ [ 132.046131642414082, 32.920390240403385 ], [ 132.046754921829432, 32.91993687653153 ], [ 132.046569399627828, 32.919522741244478 ], [ 132.046881079161295, 32.91920723877309 ], [ 132.046801680929832, 32.918911235415266 ], [ 132.047000975282373, 32.918129586426041 ], [ 132.047725014311908, 32.917602339620409 ], [ 132.048045366824454, 32.917755651899519 ], [ 132.04827894528691, 32.917525563685679 ], [ 132.047994799399191, 32.917454001244792 ], [ 132.048527004108365, 32.917255674738193 ], [ 132.048385445754747, 32.916943973021212 ], [ 132.049269012903153, 32.916624569319524 ], [ 132.049709749132973, 32.916198872515594 ], [ 132.049640432464315, 32.915759419080509 ], [ 132.049851923087488, 32.915108410468001 ], [ 132.050200324356354, 32.914913423505297 ], [ 132.050062861708341, 32.914318538407535 ], [ 132.050227915927223, 32.914355925191352 ], [ 132.049939072096151, 32.913969713593772 ], [ 132.050141877501659, 32.913766024095679 ], [ 132.049567273356075, 32.913631079324489 ], [ 132.049497444197186, 32.913871526413693 ], [ 132.048549235792905, 32.913599037192618 ], [ 132.048499211982204, 32.91371307767696 ], [ 132.048826412601471, 32.913988061848528 ], [ 132.04848124877978, 32.914181212704683 ], [ 132.048050192103091, 32.914073016511871 ], [ 132.048252564220178, 32.914464465287281 ], [ 132.047670573331601, 32.914973401086435 ], [ 132.046423348918609, 32.915454528980462 ], [ 132.046343426824905, 32.91584653564513 ], [ 132.046806412850373, 32.916667733619562 ], [ 132.046503176544434, 32.916975953357493 ], [ 132.046711624645127, 32.917244724901579 ], [ 132.04660918331291, 32.917625199395552 ], [ 132.046392294956263, 32.917733412912554 ], [ 132.046368427391513, 32.91797707515552 ], [ 132.045502511402134, 32.918158347602763 ], [ 132.045690389436317, 32.918318179925734 ], [ 132.045366412820016, 32.918860108848307 ], [ 132.045452098623741, 32.919151552121789 ], [ 132.045092911909137, 32.919518847179937 ], [ 132.045493823124048, 32.920060129401676 ], [ 132.045793454373069, 32.920176654665681 ], [ 132.045713718563007, 32.920400045961912 ], [ 132.046131642414082, 32.920390240403385 ] ] ] } },
{ "type": "Feature", "properties": { "CITY_NAME": "佐伯市", "S_NAME": "大字浦代浦", "JINKO": 0, "medical_area": "44_南部医療圏", "町丁目名": "佐伯市大字浦代浦" }, "geometry": { "type": "Polygon", "coordinates": [ [ [ 132.050130852178881, 32.915950265052224 ], [ 132.04991804621622, 32.915915031093668 ], [ 132.049886923273505, 32.915981247697189 ], [ 132.050085774918159, 32.91606555963893 ], [ 132.050130852178881, 32.915950265052224 ] ] ] } },
{ "type": "Feature", "properties": { "CITY_NAME": "佐伯市", "S_NAME": "大字浦代浦", "JINKO": 0, "medical_area": "44_南部医療圏", "町丁目名": "佐伯市大字浦代浦" }, "geometry": { "type": "Polygon", "coordinates": [ [ [ 132.050835908872898, 32.912426566240292 ], [ 132.050677363248468, 32.912395430628777 ], [ 132.051105593016757, 32.911995079309278 ], [ 132.050533530453976, 32.911529194261796 ], [ 132.050067005123964, 32.912308586466132 ], [ 132.050642620089207, 32.912530081439421 ], [ 132.050835908872898, 32.912426566240292 ] ] ] } },
{ "type": "Feature", "properties": { "CITY_NAME": "佐伯市", "S_NAME": "大字浦代浦", "JINKO": 0, "medical_area": "44_南部医療圏", "町丁目名": "佐伯市大字浦代浦" }, "geometry": { "type": "Polygon", "coordinates": [ [ [ 132.047265527756537, 32.923360027064504 ], [ 132.047688480883266, 32.923499855172921 ], [ 132.047993196628738, 32.923415251764212 ], [ 132.047016684431952, 32.923109628592414 ], [ 132.047318228962382, 32.922925856420079 ], [ 132.047224307188259, 32.92275892683103 ], [ 132.047392577632621, 32.92252126821738 ], [ 132.047152555096034, 32.922388917236894 ], [ 132.047079369479832, 32.921981961621256 ], [ 132.047445115181006, 32.921987919060086 ], [ 132.04747476562784, 32.921874049686117 ], [ 132.046458682230366, 32.921475877914233 ], [ 132.046597100623956, 32.921334955049055 ], [ 132.046175100152396, 32.92099763620319 ], [ 132.046117408333686, 32.920636525607179 ], [ 132.045908441684958, 32.920502116351919 ], [ 132.045298330913539, 32.920626240366857 ], [ 132.045184734455432, 32.920968035065805 ], [ 132.045539860550036, 32.920980400468025 ], [ 132.045637334636353, 32.921272643446592 ], [ 132.04561693144359, 32.922445940395519 ], [ 132.046167446137673, 32.922894003253717 ], [ 132.046290117896859, 32.923325800767763 ], [ 132.046430604852105, 32.923183055678891 ], [ 132.046585259099999, 32.923243984636684 ], [ 132.046755782554897, 32.923560862206259 ], [ 132.047013718230005, 32.923675021048503 ], [ 132.046969682165013, 32.92347430887645 ], [ 132.047265527756537, 32.923360027064504 ] ] ] } },
{ "type": "Feature", "properties": { "CITY_NAME": "佐伯市", "S_NAME": "大字浦代浦", "JINKO": 0, "medical_area": "44_南部医療圏", "町丁目名": "佐伯市大字浦代浦" }, "geometry": { "type": "Polygon", "coordinates": [ [ [ 132.050855588482932, 32.911099070922631 ], [ 132.051438528377247, 32.910858828246496 ], [ 132.051021518871067, 32.910489016062975 ], [ 132.050474547885329, 32.910422369896068 ], [ 132.050855588482932, 32.911099070922631 ] ] ] } },
{ "type": "Feature", "properties": { "CITY_NAME": "佐伯市", "S_NAME": "大字浦代浦", "JINKO": 0, "medical_area": "44_南部医療圏", "町丁目名": "佐伯市大字浦代浦" }, "geometry": { "type": "Polygon", "coordinates": [ [ [ 132.02452815116402, 32.929312859541483 ], [ 132.025017216900125, 32.929166381487576 ], [ 132.024928293063226, 32.928777574334646 ], [ 132.024120997716295, 32.92877336223242 ], [ 132.024239866912865, 32.928977078904133 ], [ 132.024118801303246, 32.929425313846899 ], [ 132.02427892559237, 32.929584509963441 ], [ 132.024443221989657, 32.929648987907157 ], [ 132.02452815116402, 32.929312859541483 ] ] ] } },
{ "type": "Feature", "properties": { "CITY_NAME": "佐伯市", "S_NAME": "大字浦代浦", "JINKO": 0, "medical_area": "44_南部医療圏", "町丁目名": "佐伯市大字浦代浦" }, "geometry": { "type": "Polygon", "coordinates": [ [ [ 132.053876337886237, 32.943401903096266 ], [ 132.056122850546586, 32.942989018616224 ], [ 132.057205233284691, 32.943196782197028 ], [ 132.057775781925812, 32.94305712273416 ], [ 132.059305469244322, 32.943053448262958 ], [ 132.060472536049247, 32.942500320134158 ], [ 132.062856899621636, 32.942350623011428 ], [ 132.063269935615182, 32.942132669882369 ], [ 132.063470195397883, 32.941475406018704 ], [ 132.064026569219862, 32.940948479903149 ], [ 132.064619304002747, 32.939703922909388 ], [ 132.06513659064197, 32.939528268051895 ], [ 132.066602133389409, 32.939719326722596 ], [ 132.068197575825167, 32.939247497601265 ], [ 132.069492932162035, 32.939667074315643 ], [ 132.070039336266319, 32.939690528534662 ], [ 132.070777778540702, 32.939385396629831 ], [ 132.07158116635307, 32.939631635190644 ], [ 132.075297463830992, 32.938570919492513 ], [ 132.075695258698943, 32.93821559191646 ], [ 132.076273294684768, 32.937166149896115 ], [ 132.077623350766117, 32.936996961554051 ], [ 132.078708330151812, 32.93736567480039 ], [ 132.079956909619483, 32.936069476190553 ], [ 132.079949884459012, 32.935676353887352 ], [ 132.079492230918589, 32.935178432860077 ], [ 132.080150273418838, 32.934759260906574 ], [ 132.080871621966537, 32.933617120344863 ], [ 132.082126082047665, 32.933162150054883 ], [ 132.0828430111427, 32.932655465698446 ], [ 132.083819278414239, 32.93265384077948 ], [ 132.08510178520595, 32.932411688711731 ], [ 132.085100270245334, 32.932287270276547 ], [ 132.084778557325251, 32.9318546475575 ], [ 132.084155697637186, 32.931544449859331 ], [ 132.083653278391893, 32.931376576862021 ], [ 132.083470172881647, 32.931617117648429 ], [ 132.083195295316756, 32.931613189777408 ], [ 132.082720684167327, 32.931272843967164 ], [ 132.082747835046746, 32.93156837353812 ], [ 132.082498127162211, 32.931614718615663 ], [ 132.082056414813849, 32.931341713972841 ], [ 132.081520674523375, 32.931249868172756 ], [ 132.082197031700872, 32.931735450216813 ], [ 132.081313761557595, 32.931731366618664 ], [ 132.081249408321185, 32.931887019591734 ], [ 132.080291465363814, 32.931546334457018 ], [ 132.080295065833383, 32.931842966238534 ], [ 132.080042119039092, 32.931966882643501 ], [ 132.079720799396824, 32.931660371616786 ], [ 132.079276999376958, 32.931834625981558 ], [ 132.07904880989841, 32.931616578105981 ], [ 132.078101716969257, 32.93137767877375 ], [ 132.077519042745422, 32.931293432392941 ], [ 132.077878546399091, 32.931580683129248 ], [ 132.077620706420106, 32.931652339193981 ], [ 132.076352967404603, 32.931334132683673 ], [ 132.075964065123713, 32.931537657538087 ], [ 132.07608852055958, 32.931661025707868 ], [ 132.075859782822903, 32.932198611063662 ], [ 132.075942930150461, 32.932352992155785 ], [ 132.076514603310642, 32.932494146759652 ], [ 132.0765688739437, 32.932650576810659 ], [ 132.075964619323713, 32.933262633702448 ], [ 132.075361621227955, 32.93308747825818 ], [ 132.074765076351582, 32.933453292603907 ], [ 132.074245140376377, 32.93343250990381 ], [ 132.073620621444718, 32.933162850997917 ], [ 132.072852846478725, 32.933246989109549 ], [ 132.072497056919332, 32.933094046351613 ], [ 132.072254137886944, 32.933163757153572 ], [ 132.072264611550565, 32.933325975860576 ], [ 132.073083261759251, 32.93364357114767 ], [ 132.072857129697297, 32.934045871548243 ], [ 132.072451072477719, 32.934068291352645 ], [ 132.072531988220192, 32.934218181204422 ], [ 132.071744583103225, 32.934004912050575 ], [ 132.071515623033292, 32.934082616384771 ], [ 132.071631632199768, 32.934302542554924 ], [ 132.071299481243528, 32.934336947297346 ], [ 132.069885484544017, 32.934035253197841 ], [ 132.069963677536293, 32.934223041769236 ], [ 132.069841957813225, 32.934326877225907 ], [ 132.069988519117771, 32.934420303739856 ], [ 132.069743231517919, 32.934390841426612 ], [ 132.069671371763633, 32.934549255780183 ], [ 132.070365600558944, 32.934482003196486 ], [ 132.070698748374355, 32.934620723189347 ], [ 132.070419409848796, 32.934774599749446 ], [ 132.070222927167123, 32.935156805691896 ], [ 132.070523028159585, 32.935569026279524 ], [ 132.070209799988618, 32.935572604441312 ], [ 132.070712082469583, 32.935902843143978 ], [ 132.070407314329145, 32.936172359286111 ], [ 132.06962827812103, 32.936121313771842 ], [ 132.069418648638816, 32.936299842684491 ], [ 132.069096582765525, 32.936277344808047 ], [ 132.068293566768688, 32.936908194183403 ], [ 132.067450497226105, 32.936603394978249 ], [ 132.067330754824752, 32.936782056547678 ], [ 132.067081856061037, 32.936800409108827 ], [ 132.066754612216414, 32.936443416383852 ], [ 132.066256836154821, 32.936579311073075 ], [ 132.065472815467785, 32.936467865551492 ], [ 132.06516004926209, 32.936245100491853 ], [ 132.064818681168362, 32.936312927305714 ], [ 132.065078912084033, 32.935901334837808 ], [ 132.064449279967675, 32.935915710867995 ], [ 132.064391672170984, 32.935660115136251 ], [ 132.064928657493738, 32.935317402498853 ], [ 132.064740322695428, 32.934951107983267 ], [ 132.064271584050005, 32.934650314477445 ], [ 132.064212050029255, 32.934764437784651 ], [ 132.064471064496786, 32.934873143243941 ], [ 132.064195846320899, 32.935023369327602 ], [ 132.063766335240302, 32.934600508812878 ], [ 132.063253804572611, 32.934486740399443 ], [ 132.063367064000772, 32.934925816920291 ], [ 132.062675932636552, 32.934805449560365 ], [ 132.062131444152499, 32.934967873438609 ], [ 132.061483408830583, 32.935498168617812 ], [ 132.060947057031598, 32.935628958323264 ], [ 132.060876632558092, 32.935726943319374 ], [ 132.061120911221678, 32.935861031315795 ], [ 132.060948600386183, 32.936024801283921 ], [ 132.060213063524202, 32.936216786521982 ], [ 132.05986645546605, 32.936111516616407 ], [ 132.059527197192381, 32.936356952810819 ], [ 132.059316482194959, 32.936172079304278 ], [ 132.059094635866899, 32.936315527068153 ], [ 132.05834068025797, 32.936216400512173 ], [ 132.05788178754986, 32.936560226787329 ], [ 132.05819743197759, 32.936935377621147 ], [ 132.057921318482613, 32.937461610236532 ], [ 132.057548135668839, 32.937636987422358 ], [ 132.057232101377195, 32.937503500459975 ], [ 132.057394318812158, 32.937382199518545 ], [ 132.057016368092718, 32.937254641769321 ], [ 132.056811477837698, 32.9373772005817 ], [ 132.056892932741277, 32.937665965191002 ], [ 132.057199373719158, 32.937807652993435 ], [ 132.056896160234515, 32.937846281416491 ], [ 132.056912461787789, 32.93831864280822 ], [ 132.057259044765715, 32.938505980296398 ], [ 132.057082946226728, 32.938900616633326 ], [ 132.056614596976715, 32.938632248931292 ], [ 132.056920731558449, 32.939106677388793 ], [ 132.056863657661637, 32.93925323459797 ], [ 132.055519561303583, 32.939797485429935 ], [ 132.05429329691944, 32.939916020022189 ], [ 132.053567958852682, 32.939703008978746 ], [ 132.053245017209576, 32.939345937837828 ], [ 132.053428843557555, 32.938882716653318 ], [ 132.05319595160563, 32.938722366986688 ], [ 132.053368431351885, 32.938655991076168 ], [ 132.053282547487441, 32.938359147790351 ], [ 132.053575541722097, 32.938360288955799 ], [ 132.053706834590315, 32.938067932176899 ], [ 132.053274462119361, 32.93776769036274 ], [ 132.053163688897143, 32.937443106800742 ], [ 132.052947755934866, 32.937360158227307 ], [ 132.053061546373556, 32.937304200204323 ], [ 132.052967485881567, 32.937128254419001 ], [ 132.052705322777939, 32.93692937407166 ], [ 132.052977451478597, 32.936974879202594 ], [ 132.053003891874397, 32.936858336581317 ], [ 132.053205553904661, 32.937006321404724 ], [ 132.053216755053796, 32.936865563261264 ], [ 132.051964582364803, 32.936138486315549 ], [ 132.051234629876944, 32.93608330274774 ], [ 132.051872283740494, 32.93665594619624 ], [ 132.051235795019664, 32.936635138855934 ], [ 132.0510684560698, 32.936769097373507 ], [ 132.050580202181408, 32.936538749958387 ], [ 132.050660194360177, 32.937243219621593 ], [ 132.050395752118533, 32.937304049643465 ], [ 132.050356166901935, 32.937489232664568 ], [ 132.050028537953409, 32.937087108556554 ], [ 132.049554392283369, 32.936870164776316 ], [ 132.049224995486298, 32.937139832957108 ], [ 132.049399108093098, 32.937488240336322 ], [ 132.049062082971545, 32.937380151419021 ], [ 132.04902341866898, 32.937636560336415 ], [ 132.048832757274994, 32.937606597653961 ], [ 132.048542226297144, 32.937906595316285 ], [ 132.047651472700636, 32.937548858699273 ], [ 132.047622093139296, 32.93723170537212 ], [ 132.047784883885782, 32.937158206412789 ], [ 132.047347531647659, 32.936886843741384 ], [ 132.047458090044017, 32.936740742987915 ], [ 132.047231136035123, 32.936813875144423 ], [ 132.047012882039326, 32.936347712275001 ], [ 132.04722154069313, 32.936267516858358 ], [ 132.047069219994, 32.935774653616342 ], [ 132.047838393641086, 32.935528362988499 ], [ 132.047476921771135, 32.935158981888527 ], [ 132.04815964240106, 32.935297542268579 ], [ 132.04813019206884, 32.935151709533628 ], [ 132.047760006108206, 32.935042996544603 ], [ 132.047894789651508, 32.934960714312531 ], [ 132.047920174724936, 32.934569159201594 ], [ 132.048387784224047, 32.934778947766027 ], [ 132.048132834196934, 32.934289648710418 ], [ 132.047670611098141, 32.933990545401571 ], [ 132.047874780551012, 32.933713814146664 ], [ 132.048197782237509, 32.933625447477773 ], [ 132.048299693211902, 32.933198983702361 ], [ 132.048536411030653, 32.933239383654943 ], [ 132.048119364589155, 32.932959734276082 ], [ 132.048230606355105, 32.932694602632132 ], [ 132.047937161815298, 32.932291288177481 ], [ 132.04896500938068, 32.932314240294602 ], [ 132.048898635427634, 32.932033459992603 ], [ 132.049607708823658, 32.932226796791035 ], [ 132.049756347125225, 32.931867572818689 ], [ 132.049535265950936, 32.931523164811679 ], [ 132.049168618089851, 32.931444185604178 ], [ 132.047853729021, 32.930466918996999 ], [ 132.046765006116914, 32.930173049507239 ], [ 132.046666152786258, 32.930042224867741 ], [ 132.046832828139202, 32.929667522850508 ], [ 132.045984592675751, 32.929542961137997 ], [ 132.045112624272093, 32.928220215847851 ], [ 132.045168978883083, 32.927918574071199 ], [ 132.044902777450233, 32.92774135606188 ], [ 132.044983511153191, 32.927517054693752 ], [ 132.045373441210273, 32.927396576676053 ], [ 132.044984405396832, 32.927407943446873 ], [ 132.045243891921046, 32.926926966623455 ], [ 132.045425773452308, 32.926937168479171 ], [ 132.045087361448907, 32.926706451026291 ], [ 132.04517892165947, 32.926486572075241 ], [ 132.044935546596207, 32.926368052872881 ], [ 132.043068483606476, 32.926588933404773 ], [ 132.042805707944382, 32.927161002532181 ], [ 132.042208958571678, 32.927331890410102 ], [ 132.040469518626082, 32.926795411045276 ], [ 132.0403944064266, 32.926865464515707 ], [ 132.040616759670201, 32.927043959111245 ], [ 132.040447389302614, 32.927189640850635 ], [ 132.039433094343934, 32.927219710708741 ], [ 132.039667177686624, 32.927487378269255 ], [ 132.039261664320151, 32.927375323233129 ], [ 132.03957180426309, 32.9277469591513 ], [ 132.038572652252128, 32.928252998698774 ], [ 132.039099923125036, 32.92890687321816 ], [ 132.03909365556143, 32.929286546628887 ], [ 132.038761490295997, 32.929319057631112 ], [ 132.039474831736385, 32.929975895207811 ], [ 132.038967470824588, 32.930293001905028 ], [ 132.039039288411175, 32.930398806111967 ], [ 132.039243061269275, 32.930272680542416 ], [ 132.039779600654754, 32.930802939151128 ], [ 132.039792535445571, 32.931181550513863 ], [ 132.039309405753585, 32.931557068376591 ], [ 132.039355233940114, 32.931733424249224 ], [ 132.039743077353052, 32.932069244227655 ], [ 132.040053772125162, 32.932121669236999 ], [ 132.040071194352095, 32.93242630558013 ], [ 132.039887093784813, 32.932499068901286 ], [ 132.040257076770615, 32.932685355172218 ], [ 132.04043909708227, 32.932613506784087 ], [ 132.040594216965474, 32.932806085748233 ], [ 132.040585751649928, 32.933183074073746 ], [ 132.040229965655044, 32.933204064352807 ], [ 132.039872963004598, 32.933672313281527 ], [ 132.040409463404956, 32.93328101935645 ], [ 132.040922329770382, 32.933620310063333 ], [ 132.041107065265436, 32.934145372867661 ], [ 132.041442049185321, 32.934259809911715 ], [ 132.041057390126468, 32.934198087744626 ], [ 132.040464800123942, 32.933720597298155 ], [ 132.040726097793794, 32.934027711152133 ], [ 132.040348998202404, 32.934427597457514 ], [ 132.038339680639837, 32.935791428384761 ], [ 132.036733278183675, 32.936499955988232 ], [ 132.034497803114022, 32.93690617892441 ], [ 132.033404578978747, 32.936866520458558 ], [ 132.033042223890618, 32.936602605901435 ], [ 132.032300978748964, 32.93676742428206 ], [ 132.030120753152801, 32.936495940780837 ], [ 132.029153898773529, 32.936012464747307 ], [ 132.027535124178115, 32.935840014235794 ], [ 132.026444501467381, 32.93547385756078 ], [ 132.025784564964169, 32.934618137605057 ], [ 132.025551114415862, 32.934584880890441 ], [ 132.025758994827527, 32.934443412296289 ], [ 132.025602081725765, 32.934368053224539 ], [ 132.025666669996468, 32.934224153132156 ], [ 132.024908371554915, 32.933930099047984 ], [ 132.024890762973627, 32.933604725736885 ], [ 132.023844436282872, 32.933084889176158 ], [ 132.023798586173882, 32.931610068791201 ], [ 132.024188394418587, 32.931569912336194 ], [ 132.02392546434578, 32.931209575593975 ], [ 132.023457897646182, 32.930996088160775 ], [ 132.023307170433299, 32.931182171095791 ], [ 132.023375365972271, 32.931439502834102 ], [ 132.023011382803389, 32.931306320285714 ], [ 132.022431276855031, 32.931818726337887 ], [ 132.022129167567869, 32.931676019513013 ], [ 132.02194126377151, 32.931694686444196 ], [ 132.021950466880838, 32.9318488043711 ], [ 132.021730488620307, 32.931685586061398 ], [ 132.021802804753037, 32.932025844046301 ], [ 132.021337535112679, 32.931728474029761 ], [ 132.021192820470588, 32.931790970123672 ], [ 132.021353613744424, 32.931921307768704 ], [ 132.021196240509852, 32.931907261921118 ], [ 132.020893215071112, 32.931589628381481 ], [ 132.020616763379905, 32.931535078339898 ], [ 132.020279187621895, 32.931657758136026 ], [ 132.020434716897569, 32.931882819807598 ], [ 132.020217671631656, 32.931975664109338 ], [ 132.019808135684201, 32.931883421597846 ], [ 132.019207288459398, 32.931234577176902 ], [ 132.018963910217053, 32.931267217257428 ], [ 132.01926800475573, 32.931124071726444 ], [ 132.019191309605191, 32.930962388244502 ], [ 132.018925166800557, 32.930969064795484 ], [ 132.018868385730087, 32.931146264001384 ], [ 132.018535185078434, 32.931271611375379 ], [ 132.017337851466095, 32.93072589682599 ], [ 132.016654050206, 32.929832446369794 ], [ 132.016593799858327, 32.929522741680202 ], [ 132.016868958494399, 32.929457385841957 ], [ 132.016527510759289, 32.929240141859111 ], [ 132.016787428560491, 32.929156875776272 ], [ 132.016663542169397, 32.928980246653474 ], [ 132.016891478677934, 32.928905354843373 ], [ 132.016866207668897, 32.928747759732332 ], [ 132.017214686691261, 32.928746728701988 ], [ 132.017227810715951, 32.92849143807711 ], [ 132.017570440507768, 32.928248796164524 ], [ 132.017078236633438, 32.927842517581496 ], [ 132.016411204911861, 32.927670301526007 ], [ 132.016465937421003, 32.927401144113382 ], [ 132.015885874176121, 32.92707582618344 ], [ 132.015887591719235, 32.926288619207462 ], [ 132.016203886096179, 32.925985782867876 ], [ 132.016323559983931, 32.925515017944889 ], [ 132.016921172862766, 32.925043980331623 ], [ 132.016947258535197, 32.92470201563814 ], [ 132.017366568957101, 32.924812219752184 ], [ 132.01769714427661, 32.924649028621452 ], [ 132.017488631498509, 32.924178231749629 ], [ 132.017897971966818, 32.924161377023253 ], [ 132.017595555314301, 32.923798642724918 ], [ 132.016835038564835, 32.924054116901431 ], [ 132.015822474580631, 32.924716179183804 ], [ 132.014794105791992, 32.925774110745166 ], [ 132.013886513279573, 32.927596728669435 ], [ 132.013428344278054, 32.928888835972359 ], [ 132.014099630361329, 32.929280652512077 ], [ 132.014888653435776, 32.929477539836668 ], [ 132.015453482434367, 32.930862093184842 ], [ 132.016320079354927, 32.931699249219136 ], [ 132.017137846045955, 32.932216346312202 ], [ 132.018348276671816, 32.932422629416038 ], [ 132.019407414560817, 32.932890301389072 ], [ 132.020463140724502, 32.93383208006771 ], [ 132.021173878602639, 32.933898951086903 ], [ 132.021482275675567, 32.933773573941821 ], [ 132.022455944846797, 32.933953362644935 ], [ 132.022727438179572, 32.934455541701929 ], [ 132.023353349843603, 32.934824178862563 ], [ 132.023992247222708, 32.935515425508854 ], [ 132.026909590734931, 32.936716622529225 ], [ 132.028192451660914, 32.936836732155498 ], [ 132.029729090972182, 32.937259278018772 ], [ 132.030755545825514, 32.937210170586567 ], [ 132.031296073743647, 32.937017973759055 ], [ 132.033702207777992, 32.93765738291988 ], [ 132.034702866741782, 32.938214073834125 ], [ 132.035771758348574, 32.938263299659148 ], [ 132.036948121460114, 32.939362896327815 ], [ 132.038654303074054, 32.939870727985813 ], [ 132.039527480970037, 32.940685560806976 ], [ 132.041051493935157, 32.941336164579774 ], [ 132.041385434932778, 32.941815868443165 ], [ 132.044116365584131, 32.940790366422284 ], [ 132.046251971427921, 32.941455569434261 ], [ 132.047484661242606, 32.942213922731753 ], [ 132.049216590005869, 32.941833901752901 ], [ 132.050111871280706, 32.942160592925376 ], [ 132.050670247537255, 32.942659580090186 ], [ 132.052585833365214, 32.943186125509456 ], [ 132.05310845735417, 32.943069631552497 ], [ 132.053876337886237, 32.943401903096266 ] ] ] } },
{ "type": "Feature", "properties": { "CITY_NAME": "佐伯市", "S_NAME": "大字色利浦", "JINKO": 479, "medical_area": "44_南部医療圏", "町丁目名": "佐伯市大字色利浦" }, "geometry": { "type": "Polygon", "coordinates": [ [ [ 131.985220326629673, 32.905431098568307 ], [ 131.985331192694701, 32.905503260668944 ], [ 131.985367236058266, 32.90537943910094 ], [ 131.984479893351164, 32.904885068781425 ], [ 131.984276810844591, 32.904017402182561 ], [ 131.984799110147321, 32.903491205206237 ], [ 131.985005440826171, 32.903496794740889 ], [ 131.984904407307369, 32.903346999906972 ], [ 131.985573210232445, 32.902642895241158 ], [ 131.985830486148529, 32.902709403203886 ], [ 131.985484014664394, 32.902408251775846 ], [ 131.985531441923143, 32.902249169130435 ], [ 131.984686899294502, 32.901657977314898 ], [ 131.984313297669758, 32.901122583455624 ], [ 131.984287539630117, 32.900824318789375 ], [ 131.984067420602145, 32.90073407128385 ], [ 131.984323253610199, 32.900670744948918 ], [ 131.984514961740047, 32.899542980530761 ], [ 131.986332684470369, 32.898543982137539 ], [ 131.98696510612902, 32.898795982606615 ], [ 131.987590380654524, 32.898794646293389 ], [ 131.987962352884693, 32.898602344945374 ], [ 131.988035591726828, 32.898173446585773 ], [ 131.987504848987641, 32.897541923722244 ], [ 131.987879410939428, 32.897101627548516 ], [ 131.987524378633168, 32.897473241841475 ], [ 131.987039190149005, 32.897282295618623 ], [ 131.986941743930345, 32.896980986956329 ], [ 131.987148841966558, 32.896378806129441 ], [ 131.985973415101, 32.895243789236524 ], [ 131.986438183716785, 32.894262650307283 ], [ 131.986705014920716, 32.894040517999819 ], [ 131.986417763639679, 32.894251090661882 ], [ 131.986036696622506, 32.894975480564199 ], [ 131.985009466758072, 32.894484017832077 ], [ 131.984761583204886, 32.894104535579828 ], [ 131.98512444490953, 32.893862719306554 ], [ 131.98548592384671, 32.894269257098983 ], [ 131.985159503217915, 32.893843506290828 ], [ 131.985944588801942, 32.893412600570947 ], [ 131.985847257610374, 32.893309668754 ], [ 131.98599805730916, 32.893221913255395 ], [ 131.986450257360815, 32.893713397396596 ], [ 131.985930280977698, 32.893085384130707 ], [ 131.985657384418261, 32.893245341100496 ], [ 131.985781515424577, 32.892777262637175 ], [ 131.985937706476875, 32.892790458475105 ], [ 131.985919299579223, 32.89209266132255 ], [ 131.986027947774204, 32.892059342269526 ], [ 131.985604838990696, 32.89150394517123 ], [ 131.985657099407547, 32.890998220232674 ], [ 131.986616096847285, 32.89121879479741 ], [ 131.986713569181489, 32.890948407455248 ], [ 131.986578044096973, 32.891160482370637 ], [ 131.985859979899232, 32.890981291050281 ], [ 131.986029608812004, 32.890470473563525 ], [ 131.986517458737922, 32.890533895340283 ], [ 131.985915906723534, 32.890390471154845 ], [ 131.986268515288316, 32.889652518112534 ], [ 131.989082043944933, 32.890474320942133 ], [ 131.989620459543886, 32.891318587852602 ], [ 131.989424133728278, 32.891444579105411 ], [ 131.989829968924596, 32.891898547113321 ], [ 131.989393731094879, 32.892173418280478 ], [ 131.98746483030493, 32.891715258264817 ], [ 131.989402842622781, 32.892219339841361 ], [ 131.990008927985855, 32.891840322711346 ], [ 131.990400223344551, 32.891857063450153 ], [ 131.990652795005502, 32.88899368061454 ], [ 131.993025675480794, 32.88632585194906 ], [ 131.994021106664121, 32.886005736629826 ], [ 131.995270295866277, 32.884978398810787 ], [ 131.996303386731313, 32.883742830099408 ], [ 131.996680274116443, 32.882818525969199 ], [ 131.99518072315999, 32.881847609845934 ], [ 131.994625654534559, 32.88068542691191 ], [ 131.992107669764209, 32.87935057499854 ], [ 131.991077965687481, 32.877955746082272 ], [ 131.990271871540102, 32.877305493982412 ], [ 131.988431885160821, 32.876276005243263 ], [ 131.98737368437034, 32.876045778331104 ], [ 131.985202426547119, 32.876307902058876 ], [ 131.983499156611913, 32.877009853302575 ], [ 131.982408259783227, 32.877192319228946 ], [ 131.981924675047082, 32.876749958333555 ], [ 131.981104707133142, 32.876676464236802 ], [ 131.979820327195398, 32.875633477163163 ], [ 131.978839846186162, 32.875910778904363 ], [ 131.977881500353618, 32.87641009999286 ], [ 131.975799006234467, 32.876322713454051 ], [ 131.975085201138938, 32.87643630718599 ], [ 131.97387775837484, 32.877092988943666 ], [ 131.972941455222696, 32.876656739404872 ], [ 131.971307025102817, 32.877004923381854 ], [ 131.97044488281378, 32.877350618073521 ], [ 131.968348966589303, 32.876521059801952 ], [ 131.96783400479984, 32.87605780993443 ], [ 131.966383983455302, 32.875944285076194 ], [ 131.965952987890489, 32.875747360420256 ], [ 131.965237745102115, 32.876491503939931 ], [ 131.96344632294705, 32.877532877747271 ], [ 131.961711357901919, 32.879084073053903 ], [ 131.95951629226127, 32.880635285159435 ], [ 131.959222804322479, 32.881316447841918 ], [ 131.958638894393147, 32.881419298164268 ], [ 131.957685656171265, 32.882015045524334 ], [ 131.956626203017862, 32.88299981469531 ], [ 131.956518845014045, 32.883467871720036 ], [ 131.954575015183536, 32.8842977672251 ], [ 131.954138814878348, 32.885074859837154 ], [ 131.95349176955753, 32.885600610887778 ], [ 131.953328864977266, 32.885904341627722 ], [ 131.953379882941221, 32.886271606665275 ], [ 131.953929572157364, 32.887305251736919 ], [ 131.953987763219629, 32.887936433112273 ], [ 131.954376454399068, 32.88848311971087 ], [ 131.95377705350117, 32.889343512820808 ], [ 131.953916865103821, 32.890118709840237 ], [ 131.953727378647642, 32.890568552930155 ], [ 131.9539831608204, 32.891779219045546 ], [ 131.956257337063391, 32.89254536489576 ], [ 131.960062689342436, 32.894321892869691 ], [ 131.960957198375809, 32.89460431812666 ], [ 131.962583688409893, 32.895712830292666 ], [ 131.962199841167035, 32.896680096588447 ], [ 131.96243094598799, 32.897333792982458 ], [ 131.96225159014972, 32.89811510868482 ], [ 131.962442113491591, 32.89887649736545 ], [ 131.961931915261545, 32.900061194644621 ], [ 131.962252555851734, 32.901441487401534 ], [ 131.963300598316891, 32.90426012422413 ], [ 131.971192859143827, 32.903437901062546 ], [ 131.971619091150444, 32.903521856687327 ], [ 131.974024235155497, 32.905483882983752 ], [ 131.97442388392821, 32.905648562431161 ], [ 131.980222440130461, 32.906903674933595 ], [ 131.983456126789207, 32.907032112448697 ], [ 131.985294061973974, 32.907559475996017 ], [ 131.985435055194358, 32.906579998033962 ], [ 131.985223947951084, 32.906143429301849 ], [ 131.985220326629673, 32.905431098568307 ] ] ] } },
{ "type": "Feature", "properties": { "CITY_NAME": "佐伯市", "S_NAME": "大字宮野浦", "JINKO": 0, "medical_area": "44_南部医療圏", "町丁目名": "佐伯市大字宮野浦" }, "geometry": { "type": "Polygon", "coordinates": [ [ [ 132.032763549817048, 32.881463942659977 ], [ 132.033376007547275, 32.881376834999578 ], [ 132.033519979085241, 32.88089051969591 ], [ 132.033766616435486, 32.880783877775364 ], [ 132.034547214777291, 32.881006471260271 ], [ 132.035034840564805, 32.88075987278355 ], [ 132.033877734833055, 32.880121345652469 ], [ 132.032175784469729, 32.87973242211531 ], [ 132.031613355010876, 32.880065703794536 ], [ 132.030673848086167, 32.881138508832798 ], [ 132.031523365427091, 32.881321781320075 ], [ 132.032240077444101, 32.881103061068522 ], [ 132.032763549817048, 32.881463942659977 ] ] ] } },
{ "type": "Feature", "properties": { "CITY_NAME": "佐伯市", "S_NAME": "大字宮野浦", "JINKO": 282, "medical_area": "44_南部医療圏", "町丁目名": "佐伯市大字宮野浦" }, "geometry": { "type": "Polygon", "coordinates": [ [ [ 131.995613548321217, 32.899680523838363 ], [ 131.995840656405818, 32.899625518428572 ], [ 131.996031981402552, 32.898864739004125 ], [ 131.996456215670463, 32.898277041361872 ], [ 131.997090824513009, 32.898252141705896 ], [ 131.99763586795919, 32.897961944533463 ], [ 131.997710757243482, 32.896633105495248 ], [ 131.998155405433153, 32.895678235876233 ], [ 131.998755447860304, 32.894858280477827 ], [ 131.999618963435609, 32.894562828722421 ], [ 132.000273696557002, 32.894526033866477 ], [ 132.000170378950173, 32.894456526980406 ], [ 132.000294312517894, 32.894071402908317 ], [ 132.000881484966584, 32.893253344838193 ], [ 132.003802276638311, 32.891620357666007 ], [ 132.005491832402726, 32.891418325600263 ], [ 132.006563747331484, 32.891784829228385 ], [ 132.00658595718258, 32.892050659603662 ], [ 132.007277229275019, 32.892315613199649 ], [ 132.007750568353629, 32.892771680770977 ], [ 132.008012118126089, 32.892840804450138 ], [ 132.008481172612534, 32.892549379087164 ], [ 132.009206646694651, 32.892522790610023 ], [ 132.011812862947551, 32.893609059221212 ], [ 132.01204958884307, 32.893374502261906 ], [ 132.012719739564062, 32.893182422757683 ], [ 132.014941233514918, 32.891732491614604 ], [ 132.015092395286558, 32.891771843222628 ], [ 132.015026860889975, 32.891560469666913 ], [ 132.015726091363291, 32.891108443448211 ], [ 132.015824686660437, 32.890763182949378 ], [ 132.015992793925449, 32.890692383858813 ], [ 132.015655711702493, 32.890559861274909 ], [ 132.0138159583, 32.891418717536546 ], [ 132.010437239168311, 32.891557700428692 ], [ 132.009690536453917, 32.89125729142161 ], [ 132.009435927856316, 32.890923524715056 ], [ 132.008370745871076, 32.890790224176556 ], [ 132.00709829533946, 32.89002640690903 ], [ 132.005679796446572, 32.890154521196244 ], [ 132.004034265783332, 32.888948687994798 ], [ 132.003611379167666, 32.888861415071524 ], [ 132.003030899964187, 32.888473992647512 ], [ 132.002038316698673, 32.888340899911135 ], [ 132.001605269542239, 32.887965719827761 ], [ 132.001074239953482, 32.887995154497673 ], [ 132.000546848207819, 32.888348633438312 ], [ 131.999866119595168, 32.887723990516307 ], [ 131.99955156329591, 32.886782927644639 ], [ 131.998780054450577, 32.885998526460391 ], [ 131.997925772382018, 32.884494731830273 ], [ 131.997329135317187, 32.884083954394249 ], [ 131.9966802741165, 32.882818525969199 ], [ 131.996303386731313, 32.883742830099408 ], [ 131.995270295866277, 32.884978398810787 ], [ 131.99402110666415, 32.886005736629826 ], [ 131.993025675480794, 32.88632585194906 ], [ 131.990652795005502, 32.88899368061454 ], [ 131.990400223344551, 32.891857063450153 ], [ 131.990792782009692, 32.891784517888865 ], [ 131.991429839792403, 32.892178933380315 ], [ 131.990824552042454, 32.891758112339751 ], [ 131.991443678334321, 32.891305948312187 ], [ 131.991601413084169, 32.890976463205 ], [ 131.99192304358877, 32.890968505028113 ], [ 131.991444387805871, 32.890889340455409 ], [ 131.991571930075622, 32.89063043699106 ], [ 131.991921440528614, 32.890441902420839 ], [ 131.992178876828234, 32.890622909715511 ], [ 131.992566421617255, 32.890011164323539 ], [ 131.993328090915696, 32.890364011929101 ], [ 131.993851068555898, 32.890965812776578 ], [ 131.99337101816991, 32.891818162960035 ], [ 131.99352640396981, 32.891944975935004 ], [ 131.993385819101121, 32.892666571567709 ], [ 131.992006785580372, 32.892445774697116 ], [ 131.993254624532995, 32.892687453822568 ], [ 131.99382691859617, 32.893113033492455 ], [ 131.993814582846511, 32.893257408622055 ], [ 131.993866530062633, 32.893123541132738 ], [ 131.994397019207838, 32.893251870157599 ], [ 131.994789286797754, 32.893534599977308 ], [ 131.994897058824478, 32.893808770389285 ], [ 131.994651606464316, 32.89384228414216 ], [ 131.994326655928461, 32.893553611660245 ], [ 131.993790811247976, 32.893521803202596 ], [ 131.994301507056832, 32.89359709303416 ], [ 131.994612371473153, 32.893873258693532 ], [ 131.994330577813344, 32.8949602814033 ], [ 131.994578598916007, 32.895059304008058 ], [ 131.994530858812794, 32.895188628996898 ], [ 131.993853350058203, 32.895101141181733 ], [ 131.995454608245552, 32.895402199504026 ], [ 131.994645591811434, 32.896849596370053 ], [ 131.994279609692001, 32.898145586740476 ], [ 131.995029707519365, 32.898704095805613 ], [ 131.995352356849168, 32.899547344726621 ], [ 131.995613548321217, 32.899680523838363 ] ] ] } },
{ "type": "Feature", "properties": { "CITY_NAME": "佐伯市", "S_NAME": "大字宮野浦", "JINKO": 0, "medical_area": "44_南部医療圏", "町丁目名": "佐伯市大字宮野浦" }, "geometry": { "type": "Polygon", "coordinates": [ [ [ 132.027759409445537, 32.885383453691617 ], [ 132.028261864071624, 32.884840995616237 ], [ 132.026829785143434, 32.885482153145468 ], [ 132.027174974990118, 32.885579409271934 ], [ 132.027759409445537, 32.885383453691617 ] ] ] } },
{ "type": "Feature", "properties": { "CITY_NAME": "佐伯市", "S_NAME": "大字宮野浦", "JINKO": 0, "medical_area": "44_南部医療圏", "町丁目名": "佐伯市大字宮野浦" }, "geometry": { "type": "Polygon", "coordinates": [ [ [ 132.024377938260102, 32.888994618443391 ], [ 132.024445256193474, 32.888902089947656 ], [ 132.024269797870232, 32.888789911979636 ], [ 132.024704879171253, 32.888890947806622 ], [ 132.024637438361594, 32.888696730952567 ], [ 132.024769309515534, 32.88864154806447 ], [ 132.024913106543323, 32.888875717306256 ], [ 132.024903810754836, 32.88872070391681 ], [ 132.025367569950845, 32.888991932010221 ], [ 132.025591754600754, 32.888789004027373 ], [ 132.02559312064696, 32.888348953241049 ], [ 132.025918314011534, 32.888282269719049 ], [ 132.024791107510055, 32.887560198813674 ], [ 132.023652743774193, 32.888518419342844 ], [ 132.022907859150791, 32.888282935364352 ], [ 132.022585624975193, 32.888243713546892 ], [ 132.022934365952864, 32.888366198703643 ], [ 132.023140977172119, 32.888770286092893 ], [ 132.023469903060573, 32.88865758521645 ], [ 132.02367422799216, 32.88886241289083 ], [ 132.023596947860085, 32.889018143118143 ], [ 132.023879829200922, 32.889170928050191 ], [ 132.024701138438786, 32.889495133523432 ], [ 132.024865698990737, 32.88940001237961 ], [ 132.024788406258295, 32.889184231381449 ], [ 132.024377938260102, 32.888994618443391 ] ] ] } },
{ "type": "Feature", "properties": { "CITY_NAME": "佐伯市", "S_NAME": "大字小浦", "JINKO": 136, "medical_area": "44_南部医療圏", "町丁目名": "佐伯市大字小浦" }, "geometry": { "type": "Polygon", "coordinates": [ [ [ 131.996122595727797, 32.930428854903603 ], [ 131.996850451694939, 32.929945893270585 ], [ 131.998679497973427, 32.929297445485908 ], [ 131.999478232537456, 32.928425667706634 ], [ 132.000861287382037, 32.927416534848668 ], [ 132.002026772673361, 32.926865103534482 ], [ 132.003043520690369, 32.927519041804757 ], [ 132.004205021246321, 32.927800530524983 ], [ 132.004606963972179, 32.928110698998161 ], [ 132.005444196364465, 32.928280437635813 ], [ 132.00635602523451, 32.92809523105101 ], [ 132.007786886572774, 32.928949086390716 ], [ 132.008919391449808, 32.9288877165706 ], [ 132.010783250200149, 32.928365867237545 ], [ 132.011580872269803, 32.928438473526541 ], [ 132.012539872356115, 32.928275437687127 ], [ 132.01290264334844, 32.928385432076411 ], [ 132.013428344278054, 32.928888835972359 ], [ 132.014794105791992, 32.925774110745166 ], [ 132.016277573434792, 32.924368363271917 ], [ 132.017595555314301, 32.923798642724918 ], [ 132.017536149928134, 32.923562875150573 ], [ 132.017155186922054, 32.923343247512349 ], [ 132.016420554328647, 32.92314362817347 ], [ 132.015840883138509, 32.92321686208718 ], [ 132.015701074520109, 32.92333521965309 ], [ 132.015800963021917, 32.923561642165708 ], [ 132.015451221717598, 32.92383138417172 ], [ 132.015179830189794, 32.923756940625822 ], [ 132.015140722590502, 32.923982685977435 ], [ 132.014231621061811, 32.924137043667621 ], [ 132.014051525200188, 32.924282777108594 ], [ 132.014094967284336, 32.924437512470085 ], [ 132.013717275520378, 32.924417131628019 ], [ 132.013387319310795, 32.924635316665189 ], [ 132.012990241376116, 32.924415807075967 ], [ 132.012123146965564, 32.924695141613306 ], [ 132.011983320503901, 32.925092118272282 ], [ 132.012251845167526, 32.925384807823932 ], [ 132.011818640203785, 32.92565431577836 ], [ 132.01040427182312, 32.925191446801051 ], [ 132.009915178891106, 32.925527223062495 ], [ 132.009115183986893, 32.925502121077081 ], [ 132.008747587797586, 32.925333761740923 ], [ 132.008535310825437, 32.924999137530889 ], [ 132.008547420781269, 32.924556294649939 ], [ 132.008790229358311, 32.924378502739437 ], [ 132.008790900507421, 32.924157578210753 ], [ 132.00931779796511, 32.923951349154933 ], [ 132.009008417311748, 32.923627424557054 ], [ 132.009343462177355, 32.923569711405108 ], [ 132.009388103827604, 32.92335925430357 ], [ 132.00963823785375, 32.923260750490584 ], [ 132.009644494151559, 32.922869362861185 ], [ 132.010151188008933, 32.922672302269973 ], [ 132.009269170192454, 32.92220242280505 ], [ 132.009492809931572, 32.921748855554505 ], [ 132.008183782997634, 32.921526774283286 ], [ 132.008488894924398, 32.921371023637207 ], [ 132.008139495381727, 32.921104225157144 ], [ 132.0081786070578, 32.920685521144357 ], [ 132.008896880881451, 32.920298307518969 ], [ 132.008801681977104, 32.920100698877611 ], [ 132.008916380106456, 32.919940168254179 ], [ 132.009283827462639, 32.919912855723631 ], [ 132.009143004415307, 32.919374766511609 ], [ 132.009562235968588, 32.919192845175246 ], [ 132.008909170862751, 32.918832011737891 ], [ 132.009274290081976, 32.918783980300709 ], [ 132.009139365003733, 32.918390118249242 ], [ 132.009535608510163, 32.91845004110008 ], [ 132.009315869200321, 32.918023498392706 ], [ 132.010042659765247, 32.918006809380586 ], [ 132.009780241568137, 32.917587824072861 ], [ 132.01022826173363, 32.917500348825016 ], [ 132.009796601374774, 32.917233318602179 ], [ 132.009879481376714, 32.917095586601086 ], [ 132.009641649360844, 32.91676748122461 ], [ 132.009897242257466, 32.916680652911914 ], [ 132.009948482696529, 32.916397105014042 ], [ 132.009155234283583, 32.916016666534176 ], [ 132.009804668888734, 32.91558761792534 ], [ 132.010956536129669, 32.915540441480879 ], [ 132.010354570625935, 32.91524954227048 ], [ 132.010935424643463, 32.915188941972289 ], [ 132.009573080518294, 32.914682362168875 ], [ 132.009213805719611, 32.914205545318389 ], [ 132.009128895050281, 32.913787829429303 ], [ 132.009230167659211, 32.913003424242639 ], [ 132.009462491581701, 32.912750873643745 ], [ 132.009348804780416, 32.912152148076437 ], [ 132.009568059597825, 32.911977247011578 ], [ 132.009261238814219, 32.9118832371596 ], [ 132.009118497774637, 32.911358687920476 ], [ 132.009086804133631, 32.911111868776047 ], [ 132.009475096283865, 32.910561389958957 ], [ 132.009116549618653, 32.910338852917597 ], [ 132.009131892362291, 32.910181835112638 ], [ 132.009785454284611, 32.909744633195288 ], [ 132.010050216294502, 32.909812827966874 ], [ 132.009782829115323, 32.909417331617874 ], [ 132.009976085562272, 32.909115500130255 ], [ 132.010458716304214, 32.909071923990382 ], [ 132.009823220365092, 32.908928271240974 ], [ 132.009888514921215, 32.908654524488682 ], [ 132.01045490474209, 32.908640035882094 ], [ 132.010125634464572, 32.907979022821827 ], [ 132.009874524996718, 32.90789178526974 ], [ 132.009893833185458, 32.907517415252968 ], [ 132.010466613791777, 32.907411795930656 ], [ 132.009970115458827, 32.907078557678666 ], [ 132.010479144302593, 32.906911239667316 ], [ 132.010238921641132, 32.906745454045897 ], [ 132.010294323889013, 32.906542119514498 ], [ 132.010685004507224, 32.906587660900939 ], [ 132.010271782575131, 32.906255556008695 ], [ 132.010789782042963, 32.906217108950131 ], [ 132.009871343474117, 32.905820556341659 ], [ 132.010260632214738, 32.905743470253235 ], [ 132.010171679715711, 32.905624261272656 ], [ 132.009377440924339, 32.905531484244193 ], [ 132.009098145173994, 32.905978284711544 ], [ 132.008709942873622, 32.905959771528927 ], [ 132.008727118944279, 32.906341067871949 ], [ 132.00856989988867, 32.906432507877867 ], [ 132.008275592167337, 32.906305927813406 ], [ 132.007561341882734, 32.906382025200578 ], [ 132.007202977096654, 32.906173905678507 ], [ 132.006865688922289, 32.906500342550473 ], [ 132.006528288529694, 32.906247864550728 ], [ 132.006017773676035, 32.906291651283631 ], [ 132.005837419493332, 32.906789945950734 ], [ 132.005502876253985, 32.906982904090853 ], [ 132.00616657913821, 32.907725086883985 ], [ 132.006117118009598, 32.907893209906142 ], [ 132.005170753504871, 32.908811555465256 ], [ 132.004171187909236, 32.909279460845617 ], [ 132.004213891476752, 32.909555947468689 ], [ 132.003842868621319, 32.909833042820381 ], [ 132.00203461896993, 32.909975587150633 ], [ 132.00148501268589, 32.909768084959403 ], [ 132.001451283126158, 32.909620469726555 ], [ 132.00082382127556, 32.909529913154898 ], [ 131.99982251708002, 32.909748926204117 ], [ 131.999149833412332, 32.909721834116525 ], [ 131.998578201296056, 32.910223250294131 ], [ 131.997656279191119, 32.910469561553128 ], [ 131.997355099596035, 32.911071606125454 ], [ 131.996176363037478, 32.911484066559552 ], [ 131.995826824110225, 32.911773605094446 ], [ 131.995552523440352, 32.911621591193978 ], [ 131.995113686741689, 32.911864948166283 ], [ 131.995469623336277, 32.91195318398195 ], [ 131.995791981114706, 32.912295074759101 ], [ 131.995964299495995, 32.912595777799389 ], [ 131.995941512004606, 32.913045013845426 ], [ 131.994621993951796, 32.913403580675308 ], [ 131.994784783209951, 32.913905451447768 ], [ 131.994677079243559, 32.914118212498131 ], [ 131.993638268990537, 32.914822594251604 ], [ 131.993455343742653, 32.915195557977484 ], [ 131.995617170981717, 32.91616484217348 ], [ 131.995452388024432, 32.91634469303893 ], [ 131.995542483261801, 32.916462097196778 ], [ 131.995728892028069, 32.916214445048425 ], [ 131.996111343856541, 32.916663164512471 ], [ 131.995864664824268, 32.916689469263289 ], [ 131.996021458631873, 32.917042602615609 ], [ 131.9956341822799, 32.917402764733495 ], [ 131.995488214766624, 32.917442699327431 ], [ 131.995364323591815, 32.917171365059936 ], [ 131.994269128572597, 32.917511012895801 ], [ 131.994545045950332, 32.917522343878829 ], [ 131.994550710934249, 32.91773781302291 ], [ 131.99332785390925, 32.917947718798601 ], [ 131.993321425898642, 32.91813532546584 ], [ 131.992988095769306, 32.918158711309111 ], [ 131.993624324309479, 32.918168987086858 ], [ 131.994035315592129, 32.919648139047979 ], [ 131.993263503330496, 32.920041113815394 ], [ 131.993971969434597, 32.919719881940026 ], [ 131.994447797000447, 32.920204829896562 ], [ 131.994726984431082, 32.920978979338699 ], [ 131.994407851036755, 32.921698378506441 ], [ 131.993596748050436, 32.922022230065679 ], [ 131.992449988467399, 32.921098964902377 ], [ 131.992358603321549, 32.920866152618999 ], [ 131.992520538109346, 32.920714279929904 ], [ 131.991874312256783, 32.921060252565894 ], [ 131.992340591672018, 32.920876210858609 ], [ 131.992196747227439, 32.92130206301723 ], [ 131.990784390384874, 32.920633370249057 ], [ 131.990471230335601, 32.920638554802565 ], [ 131.990044341161763, 32.920902532986624 ], [ 131.990915515666188, 32.921472646218021 ], [ 131.991425052476359, 32.922562237742071 ], [ 131.992404658141027, 32.923595678363043 ], [ 131.992985718245393, 32.924729651768118 ], [ 131.993639245782987, 32.925589637959128 ], [ 131.993732520361959, 32.927180665883881 ], [ 131.994641904897009, 32.930454493026978 ], [ 131.996122595727797, 32.930428854903603 ] ] ] } },
{ "type": "Feature", "properties": { "CITY_NAME": "佐伯市", "S_NAME": "大字小浦", "JINKO": 0, "medical_area": "44_南部医療圏", "町丁目名": "佐伯市大字小浦" }, "geometry": { "type": "Polygon", "coordinates": [ [ [ 132.015800859289413, 32.922805102524734 ], [ 132.016799065010673, 32.922489514342992 ], [ 132.016777631795804, 32.922302133929335 ], [ 132.015823771405735, 32.922184539867011 ], [ 132.016162846453454, 32.922386477218296 ], [ 132.015786377204222, 32.922472493359592 ], [ 132.015800859289413, 32.922805102524734 ] ] ] } },
{ "type": "Feature", "properties": { "CITY_NAME": "佐伯市", "S_NAME": "大字竹野浦", "JINKO": 118, "medical_area": "44_南部医療圏", "町丁目名": "佐伯市大字竹野浦" }, "geometry": { "type": "Polygon", "coordinates": [ [ [ 131.992958710831687, 32.932224302794879 ], [ 131.993255687588885, 32.931535847504733 ], [ 131.994641904897009, 32.930454493026978 ], [ 131.993732520361959, 32.927180665883881 ], [ 131.993639245782987, 32.925589637959128 ], [ 131.992985718245393, 32.924729651768118 ], [ 131.992404658141027, 32.923595678363043 ], [ 131.991425052476359, 32.922562237742071 ], [ 131.990915515666188, 32.921472646218021 ], [ 131.990044341161763, 32.920902532986624 ], [ 131.989881809821014, 32.921188756030944 ], [ 131.989920762727053, 32.922287633126594 ], [ 131.988949188026908, 32.922408931842781 ], [ 131.989843569027897, 32.922361278971429 ], [ 131.99030224140202, 32.923324280427053 ], [ 131.989996561363427, 32.924100363902376 ], [ 131.989549346191239, 32.924265311912961 ], [ 131.98956547674652, 32.924078529127861 ], [ 131.98824240583599, 32.923937504717301 ], [ 131.988110644721559, 32.924107166511099 ], [ 131.987980068667184, 32.923999993246127 ], [ 131.987750797940208, 32.923768258670179 ], [ 131.987642198221408, 32.923225389389515 ], [ 131.987774820650856, 32.922561588070288 ], [ 131.988503474128549, 32.922415159135774 ], [ 131.987774340156648, 32.922518311733818 ], [ 131.987310673600831, 32.921102684661882 ], [ 131.987427036935003, 32.919733872110861 ], [ 131.987154677394301, 32.919373531153227 ], [ 131.986659399804012, 32.919353101592932 ], [ 131.986092923722879, 32.922826150322088 ], [ 131.985071127858077, 32.923979656697078 ], [ 131.983420024808424, 32.924985106546067 ], [ 131.985112480056614, 32.929040883298427 ], [ 131.986053015546702, 32.930507709745619 ], [ 131.986308252597212, 32.932268462820133 ], [ 131.988159427174566, 32.932232641561519 ], [ 131.990532690387994, 32.933240201868124 ], [ 131.990865443842893, 32.933205096512765 ], [ 131.991366279190999, 32.932780441010742 ], [ 131.99248244592016, 32.932596533399639 ], [ 131.992958710831687, 32.932224302794879 ] ] ] } }
]
}
