{
"type": "FeatureCollection",
"name": "geo_44_通所介護",
"crs": { "type": "name", "properties": { "name": "urn:ogc:def:crs:OGC:1.3:CRS84" } },
"features": [
{ "type": "Feature", "properties": { "内容": "デイサービスセンター夢見草【通所介護】大分県大分市大字猪野876番地の1", "url": "https://www.kaigokensaku.mhlw.go.jp/44/index.php?action_kouhyou_detail_004_kani=true&JigyosyoCd=4470108160-00&ServiceCd=150&Type=search", "url2": null }, "geometry": { "type": "Point", "coordinates": [ 131.665110224178875, 33.229835859937594 ] } },
{ "type": "Feature", "properties": { "内容": "デイサービス　ラファミリア【通所介護】大分県大分市南鶴崎２丁目６番５号つるさきクリニックビル２階", "url": "https://www.kaigokensaku.mhlw.go.jp/44/index.php?action_kouhyou_detail_004_kani=true&JigyosyoCd=4470109135-00&ServiceCd=150&Type=search", "url2": "www.kakuyukai.com/" }, "geometry": { "type": "Point", "coordinates": [ 131.690681899999959, 33.239111 ] } },
{ "type": "Feature", "properties": { "内容": "デイサービスセンター花咲の里【通所介護】花高松2丁目10-39", "url": "https://www.kaigokensaku.mhlw.go.jp/44/index.php?action_kouhyou_detail_004_kani=true&JigyosyoCd=4470109499-00&ServiceCd=150&Type=search", "url2": null }, "geometry": { "type": "Point", "coordinates": [ 131.665844900000025, 33.2509974 ] } },
{ "type": "Feature", "properties": { "内容": "社会医療法人関愛会デイサービスひまわり【通所介護】大分県大分市大字佐賀関８８０番地１", "url": "https://www.kaigokensaku.mhlw.go.jp/44/index.php?action_kouhyou_detail_004_kani=true&JigyosyoCd=4472400177-00&ServiceCd=150&Type=search", "url2": null }, "geometry": { "type": "Point", "coordinates": [ 131.868033, 33.2489396 ] } },
{ "type": "Feature", "properties": { "内容": "デイサービス凪の木【通所介護】大分県大分市畑中二丁目9番18号住宅型有料老人ホーム凪ぎ", "url": "https://www.kaigokensaku.mhlw.go.jp/44/index.php?action_kouhyou_detail_004_kani=true&JigyosyoCd=4470110182-00&ServiceCd=150&Type=search", "url2": null }, "geometry": { "type": "Point", "coordinates": [ 131.597282299999989, 33.20336910000001 ] } },
{ "type": "Feature", "properties": { "内容": "DayserviceKOKORO【通所介護】大分県大分市大字細字赤迫1718-4", "url": "https://www.kaigokensaku.mhlw.go.jp/44/index.php?action_kouhyou_detail_004_kani=true&JigyosyoCd=4470111321-00&ServiceCd=150&Type=search", "url2": "https://lig-care.com/" }, "geometry": { "type": "Point", "coordinates": [ 131.707191200000011, 33.1905692 ] } },
{ "type": "Feature", "properties": { "内容": "デイサービスよもぎ【通所介護】大分県大分市松岡５３７番地の２", "url": "https://www.kaigokensaku.mhlw.go.jp/44/index.php?action_kouhyou_detail_004_kani=true&JigyosyoCd=4470108236-00&ServiceCd=150&Type=search", "url2": null }, "geometry": { "type": "Point", "coordinates": [ 131.655486099999962, 33.1734105 ] } },
{ "type": "Feature", "properties": { "内容": "デイサービスひだまりの里【通所介護】大分県大分市大字中戸次4339番地の14", "url": "https://www.kaigokensaku.mhlw.go.jp/44/index.php?action_kouhyou_detail_004_kani=true&JigyosyoCd=4470104029-00&ServiceCd=150&Type=search", "url2": "http://www.sunsunkai.com/" }, "geometry": { "type": "Point", "coordinates": [ 131.658589200000051, 33.1523319 ] } },
{ "type": "Feature", "properties": { "内容": "デイサービス大分YYパーク【通所介護】大分県大分市森町西5丁目5番1号", "url": "https://www.kaigokensaku.mhlw.go.jp/44/index.php?action_kouhyou_detail_004_kani=true&JigyosyoCd=4470111701-00&ServiceCd=150&Type=search", "url2": "https://e-rin.com/" }, "geometry": { "type": "Point", "coordinates": [ 131.679849749737514, 33.228134044950465 ] } },
{ "type": "Feature", "properties": { "内容": "光明園デイサービスセンター【通所介護】大分県大分市大字志生木字西岡145番地の9", "url": "https://www.kaigokensaku.mhlw.go.jp/44/index.php?action_kouhyou_detail_004_kani=true&JigyosyoCd=4472400060-00&ServiceCd=150&Type=search", "url2": "http://www.koumyoen.or.jp" }, "geometry": { "type": "Point", "coordinates": [ 131.834867700000018, 33.2461105 ] } },
{ "type": "Feature", "properties": { "内容": "デイサービスオルタナここ笑み【通所介護】大分県大分市大字寒田字-池添1044-1", "url": "https://www.kaigokensaku.mhlw.go.jp/44/index.php?action_kouhyou_detail_004_kani=true&JigyosyoCd=4470111917-00&ServiceCd=150&Type=search", "url2": "https://cocoemi.net" }, "geometry": { "type": "Point", "coordinates": [ 131.6049242, 33.1823926 ] } },
{ "type": "Feature", "properties": { "内容": "デイサービス心葉【通所介護】大分県大分市希望ヶ丘1丁目1045番地の2", "url": "https://www.kaigokensaku.mhlw.go.jp/44/index.php?action_kouhyou_detail_004_kani=true&JigyosyoCd=4470108152-00&ServiceCd=150&Type=search", "url2": "http://www.shinyo-geka.or.jp/" }, "geometry": { "type": "Point", "coordinates": [ 131.63895279999997, 33.2347479 ] } },
{ "type": "Feature", "properties": { "内容": "デイサービス　森のコーラス【通所介護】大分県大分市羽屋四丁目3番26号", "url": "https://www.kaigokensaku.mhlw.go.jp/44/index.php?action_kouhyou_detail_004_kani=true&JigyosyoCd=4470108855-00&ServiceCd=150&Type=search", "url2": "http://oitamh.jp" }, "geometry": { "type": "Point", "coordinates": [ 131.599268621501665, 33.21133338716475 ] } },
{ "type": "Feature", "properties": { "内容": "デイサービスセンターゆらら【通所介護】大分県大分市大字曲283番地", "url": "https://www.kaigokensaku.mhlw.go.jp/44/index.php?action_kouhyou_detail_004_kani=true&JigyosyoCd=4470105554-00&ServiceCd=150&Type=search", "url2": "http://k-suwanomori.com" }, "geometry": { "type": "Point", "coordinates": [ 131.617140220901547, 33.199683860632717 ] } },
{ "type": "Feature", "properties": { "内容": "デイサービスセンターぽれぽれ【通所介護】大分県大分市大字津守824番地の4", "url": "https://www.kaigokensaku.mhlw.go.jp/44/index.php?action_kouhyou_detail_004_kani=true&JigyosyoCd=4470109325-00&ServiceCd=150&Type=search", "url2": "http://i-kyouseinokai.com/" }, "geometry": { "type": "Point", "coordinates": [ 131.617871700000023, 33.2091419 ] } },
{ "type": "Feature", "properties": { "内容": "デイサービスセンターメモリー賀来南【通所介護】大分県大分市賀来南1丁目4番32号有料老人ホームメモリー賀来南", "url": "https://www.kaigokensaku.mhlw.go.jp/44/index.php?action_kouhyou_detail_004_kani=true&JigyosyoCd=4470111438-00&ServiceCd=150&Type=search", "url2": "https://www.sephaid-memory.co.jp" }, "geometry": { "type": "Point", "coordinates": [ 131.568577, 33.2106822 ] } },
{ "type": "Feature", "properties": { "内容": "デイサービスセンター　メモリー猪野【通所介護】大分県大分市猪野５６７－３メモリー猪野", "url": "https://www.kaigokensaku.mhlw.go.jp/44/index.php?action_kouhyou_detail_004_kani=true&JigyosyoCd=4470110042-00&ServiceCd=150&Type=search", "url2": null }, "geometry": { "type": "Point", "coordinates": [ 131.667795696325697, 33.226738885979103 ] } },
{ "type": "Feature", "properties": { "内容": "デイサービスセンターメモリー津守【通所介護】大分県大分市大字津守392番地3", "url": "https://www.kaigokensaku.mhlw.go.jp/44/index.php?action_kouhyou_detail_004_kani=true&JigyosyoCd=4470107626-00&ServiceCd=150&Type=search", "url2": "https://www.sephaid-memory.co.jp/" }, "geometry": { "type": "Point", "coordinates": [ 131.616632900000013, 33.2111111 ] } },
{ "type": "Feature", "properties": { "内容": "デイサービスセンターメモリー明野北Ⅱ【通所介護】明野北３丁目３番９号", "url": "https://www.kaigokensaku.mhlw.go.jp/44/index.php?action_kouhyou_detail_004_kani=true&JigyosyoCd=4470110455-00&ServiceCd=150&Type=search", "url2": "https://www.sephaid-memory.co.jp/" }, "geometry": { "type": "Point", "coordinates": [ 131.655343600000037, 33.2313627 ] } },
{ "type": "Feature", "properties": { "内容": "デイサービスセンターメモリー明野北【通所介護】大分県大分市明野北３丁目３番１号", "url": "https://www.kaigokensaku.mhlw.go.jp/44/index.php?action_kouhyou_detail_004_kani=true&JigyosyoCd=4470109622-00&ServiceCd=150&Type=search", "url2": null }, "geometry": { "type": "Point", "coordinates": [ 131.654689141000404, 33.230581933278202 ] } },
{ "type": "Feature", "properties": { "内容": "デイサービスセンターメモリー木上【通所介護】大分県大分市大字木上567番地1", "url": "https://www.kaigokensaku.mhlw.go.jp/44/index.php?action_kouhyou_detail_004_kani=true&JigyosyoCd=4470111552-00&ServiceCd=150&Type=search", "url2": "https://www.sephaid-memory.co.jp" }, "geometry": { "type": "Point", "coordinates": [ 131.5618527, 33.181414 ] } },
{ "type": "Feature", "properties": { "内容": "デイサービスてぃーだ【通所介護】大分県大分市大字常行140番1", "url": "https://www.kaigokensaku.mhlw.go.jp/44/index.php?action_kouhyou_detail_004_kani=true&JigyosyoCd=4470111149-00&ServiceCd=150&Type=search", "url2": "https://www.mirai-no-oto.com" }, "geometry": { "type": "Point", "coordinates": [ 131.689863899999978, 33.216869600000017 ] } },
{ "type": "Feature", "properties": { "内容": "ﾃﾞｲサービスセンター蔵掛母家【通所介護】大分県大分市坂ノ市南1-7-26", "url": "https://www.kaigokensaku.mhlw.go.jp/44/index.php?action_kouhyou_detail_004_kani=true&JigyosyoCd=4470105539-00&ServiceCd=150&Type=search", "url2": null }, "geometry": { "type": "Point", "coordinates": [ 131.74975459999996, 33.231685 ] } },
{ "type": "Feature", "properties": { "内容": "デイサービスセンター母家【通所介護】大分県大分市坂ノ市南2-11-29", "url": "https://www.kaigokensaku.mhlw.go.jp/44/index.php?action_kouhyou_detail_004_kani=true&JigyosyoCd=4470108939-00&ServiceCd=150&Type=search", "url2": null }, "geometry": { "type": "Point", "coordinates": [ 131.750796199999968, 33.2284798 ] } },
{ "type": "Feature", "properties": { "内容": "デイサービスセンターメモリー三芳【通所介護】大分県大分市大字三芳1065番1有料老人ホームメモリー三芳", "url": "https://www.kaigokensaku.mhlw.go.jp/44/index.php?action_kouhyou_detail_004_kani=true&JigyosyoCd=4470111016-00&ServiceCd=150&Type=search", "url2": "https://www.sephaid-memory.co.jp/" }, "geometry": { "type": "Point", "coordinates": [ 131.5899514, 33.2256697 ] } },
{ "type": "Feature", "properties": { "内容": "元気デイ　きらら【通所介護】大分県大分市大字田尻字高尾７８３－１", "url": "https://www.kaigokensaku.mhlw.go.jp/44/index.php?action_kouhyou_detail_004_kani=true&JigyosyoCd=4470105323-00&ServiceCd=150&Type=search", "url2": "http://san-ai-kai.or.jp/" }, "geometry": { "type": "Point", "coordinates": [ 131.597183576192009, 33.185465924249755 ] } },
{ "type": "Feature", "properties": { "内容": "デイサービスセンター実の里【通所介護】大分県大分市大字三芳642番地", "url": "https://www.kaigokensaku.mhlw.go.jp/44/index.php?action_kouhyou_detail_004_kani=true&JigyosyoCd=4470111834-00&ServiceCd=150&Type=search", "url2": null }, "geometry": { "type": "Point", "coordinates": [ 131.5924277, 33.2260239 ] } },
{ "type": "Feature", "properties": { "内容": "デイサービスセンタージーナ【通所介護】大分県大分市寒田１１１６番地の10", "url": "https://www.kaigokensaku.mhlw.go.jp/44/index.php?action_kouhyou_detail_004_kani=true&JigyosyoCd=4470112311-00&ServiceCd=150&Type=search", "url2": null }, "geometry": { "type": "Point", "coordinates": [ 131.612388900000013, 33.189914 ] } },
{ "type": "Feature", "properties": { "内容": "デイサービスセンターたかはし【通所介護】大分県大分市大字寒田1048番地1", "url": "https://www.kaigokensaku.mhlw.go.jp/44/index.php?action_kouhyou_detail_004_kani=true&JigyosyoCd=4470112303-00&ServiceCd=150&Type=search", "url2": "http://www.takahasi-hp.net/kaigo.html" }, "geometry": { "type": "Point", "coordinates": [ 131.611468789996366, 33.187375976459215 ] } },
{ "type": "Feature", "properties": { "内容": "庄の原苑デイサービスセンター【通所介護】大分県大分市大字荏隈字庄ノ原1798番地", "url": "https://www.kaigokensaku.mhlw.go.jp/44/index.php?action_kouhyou_detail_004_kani=true&JigyosyoCd=4470101074-00&ServiceCd=150&Type=search", "url2": "http://shonoharuen.com/" }, "geometry": { "type": "Point", "coordinates": [ 131.572868200000016, 33.2217954 ] } },
{ "type": "Feature", "properties": { "内容": "デイサービスセンター風雅【通所介護】大分県大分市大字三芳288番地1", "url": "https://www.kaigokensaku.mhlw.go.jp/44/index.php?action_kouhyou_detail_004_kani=true&JigyosyoCd=4470105372-00&ServiceCd=150&Type=search", "url2": "https://tenjukai.company/free/tokuyou" }, "geometry": { "type": "Point", "coordinates": [ 131.5988595, 33.222509 ] } },
{ "type": "Feature", "properties": { "内容": "デイサービスセンター仁【通所介護】大分県大分市大字丹生930番地の12", "url": "https://www.kaigokensaku.mhlw.go.jp/44/index.php?action_kouhyou_detail_004_kani=true&JigyosyoCd=4470108863-00&ServiceCd=150&Type=search", "url2": null }, "geometry": { "type": "Point", "coordinates": [ 131.723945700000058, 33.2175692 ] } },
{ "type": "Feature", "properties": { "内容": "デイサービスセンタージーナ【通所介護】大分県大分市大字寒田1116番地の10", "url": "https://www.kaigokensaku.mhlw.go.jp/44/index.php?action_kouhyou_detail_004_kani=true&JigyosyoCd=4470111537-00&ServiceCd=150&Type=search", "url2": null }, "geometry": { "type": "Point", "coordinates": [ 131.612404, 33.1898946 ] } },
{ "type": "Feature", "properties": { "内容": "SJR大分デイサービスセンター【通所介護】大分県大分市要町6番32号SJR大分", "url": "https://www.kaigokensaku.mhlw.go.jp/44/index.php?action_kouhyou_detail_004_kani=true&JigyosyoCd=4470109739-00&ServiceCd=150&Type=search", "url2": "www.sjr-jr.co.jp" }, "geometry": { "type": "Point", "coordinates": [ 131.608979859524567, 33.230120103390377 ] } },
{ "type": "Feature", "properties": { "内容": "デイサービス賀来【通所介護】大石町５丁目３－３組ひだまり荘", "url": "https://www.kaigokensaku.mhlw.go.jp/44/index.php?action_kouhyou_detail_004_kani=true&JigyosyoCd=4470106966-00&ServiceCd=150&Type=search", "url2": "https://www.hidamariso.com/" }, "geometry": { "type": "Point", "coordinates": [ 131.578350399999977, 33.2136366 ] } },
{ "type": "Feature", "properties": { "内容": "デイサービスふるさと【通所介護】大分県大分市高江北1丁目8番1号", "url": "https://www.kaigokensaku.mhlw.go.jp/44/index.php?action_kouhyou_detail_004_kani=true&JigyosyoCd=4470109028-00&ServiceCd=150&Type=search", "url2": "https://www.oita-yuima-ru.com" }, "geometry": { "type": "Point", "coordinates": [ 131.616438870294957, 33.170964040881977 ] } },
{ "type": "Feature", "properties": { "内容": "デイサービスセンター笑咲【通所介護】大分市大字市字垣ノ内357-6", "url": "https://www.kaigokensaku.mhlw.go.jp/44/index.php?action_kouhyou_detail_004_kani=true&JigyosyoCd=4470109440-00&ServiceCd=150&Type=search", "url2": "http://warasaku.jp" }, "geometry": { "type": "Point", "coordinates": [ 131.572638644088016, 33.18610386905263 ] } },
{ "type": "Feature", "properties": { "内容": "ケアパートナー賀来【通所介護】大分県大分市賀来西２－４－１２ヴィラネオユニゾン　１階", "url": "https://www.kaigokensaku.mhlw.go.jp/44/index.php?action_kouhyou_detail_004_kani=true&JigyosyoCd=4470105216-00&ServiceCd=150&Type=search", "url2": "http://www.care-partｎｅr.com" }, "geometry": { "type": "Point", "coordinates": [ 131.555455199999983, 33.2126716 ] } },
{ "type": "Feature", "properties": { "内容": "ケアパートナー明野【通所介護】大分県大分市明野北５－１－４８グレイス天然館１Ｆ", "url": "https://www.kaigokensaku.mhlw.go.jp/44/index.php?action_kouhyou_detail_004_kani=true&JigyosyoCd=4470104318-00&ServiceCd=150&Type=search", "url2": "http://www.care-partner.com/" }, "geometry": { "type": "Point", "coordinates": [ 131.6588018, 33.22689680000002 ] } },
{ "type": "Feature", "properties": { "内容": "デイサービス　福寿【通所介護】大分県大分市明野南町2丁目1－1－2有料老人ホーム福寿の郷", "url": "https://www.kaigokensaku.mhlw.go.jp/44/index.php?action_kouhyou_detail_004_kani=true&JigyosyoCd=4470110992-00&ServiceCd=150&Type=search", "url2": "福寿の郷.com" }, "geometry": { "type": "Point", "coordinates": [ 131.6478945, 33.2255644 ] } },
{ "type": "Feature", "properties": { "内容": "デイサービス　カリス中島【通所介護】大分県大分市中島中央１丁目2番6号", "url": "https://www.kaigokensaku.mhlw.go.jp/44/index.php?action_kouhyou_detail_004_kani=true&JigyosyoCd=4470110281-00&ServiceCd=150&Type=search", "url2": "http://makarios-shimai.com" }, "geometry": { "type": "Point", "coordinates": [ 131.613640025027053, 33.243118858348005 ] } },
{ "type": "Feature", "properties": { "内容": "そうりんデイサービス森町【通所介護】大分県大分市大字森577番地1", "url": "https://www.kaigokensaku.mhlw.go.jp/44/index.php?action_kouhyou_detail_004_kani=true&JigyosyoCd=4470109408-00&ServiceCd=150&Type=search", "url2": "http://www.fukujyukai.net/" }, "geometry": { "type": "Point", "coordinates": [ 131.680844500000035, 33.220293 ] } },
{ "type": "Feature", "properties": { "内容": "通所介護事業所　デイサービス　ふうせんかずら【通所介護】光吉新町２－１", "url": "https://www.kaigokensaku.mhlw.go.jp/44/index.php?action_kouhyou_detail_004_kani=true&JigyosyoCd=4470109226-00&ServiceCd=150&Type=search", "url2": "http://www.heart-cl.com" }, "geometry": { "type": "Point", "coordinates": [ 131.59693762750851, 33.191213435371537 ] } },
{ "type": "Feature", "properties": { "内容": "デイサービス　ルームス【通所介護】大分県大分市牧２丁目１７番－５号牧ロイヤルプラザ203号", "url": "https://www.kaigokensaku.mhlw.go.jp/44/index.php?action_kouhyou_detail_004_kani=true&JigyosyoCd=4470109341-00&ServiceCd=150&Type=search", "url2": "http://www.unonaika.net" }, "geometry": { "type": "Point", "coordinates": [ 131.641296495106531, 33.241759548178599 ] } },
{ "type": "Feature", "properties": { "内容": "デイサービス夢工房【通所介護】大分市大字中尾３１１番地１", "url": "https://www.kaigokensaku.mhlw.go.jp/44/index.php?action_kouhyou_detail_004_kani=true&JigyosyoCd=4470105760-00&ServiceCd=150&Type=search", "url2": "http://www.inobe.or.jp/inobe/" }, "geometry": { "type": "Point", "coordinates": [ 131.551605500000051, 33.2082218 ] } },
{ "type": "Feature", "properties": { "内容": "デイサービス仁友【通所介護】大分県大分市古国府一丁目３番７３号有料老人ホーム仁友の邑", "url": "https://www.kaigokensaku.mhlw.go.jp/44/index.php?action_kouhyou_detail_004_kani=true&JigyosyoCd=4470106800-00&ServiceCd=150&Type=search", "url2": "http://www.oct-net.ne.jp/~jinikai/mura/" }, "geometry": { "type": "Point", "coordinates": [ 131.612194300000027, 33.2176518 ] } },
{ "type": "Feature", "properties": { "内容": "デイサービスおおつか【通所介護】大分市住吉町1丁目2番16号", "url": "https://www.kaigokensaku.mhlw.go.jp/44/index.php?action_kouhyou_detail_004_kani=true&JigyosyoCd=4470105034-00&ServiceCd=150&Type=search", "url2": "http://www.otsuka-mc.jp/" }, "geometry": { "type": "Point", "coordinates": [ 131.6052558, 33.2454017 ] } },
{ "type": "Feature", "properties": { "内容": "デイサービスセンター　浮き雲【通所介護】大分県大分市大字田尻字中ノ尾1100番地の165", "url": "https://www.kaigokensaku.mhlw.go.jp/44/index.php?action_kouhyou_detail_004_kani=true&JigyosyoCd=4470103088-00&ServiceCd=150&Type=search", "url2": null }, "geometry": { "type": "Point", "coordinates": [ 131.593284544191732, 33.177812038342601 ] } },
{ "type": "Feature", "properties": { "内容": "ななせデイサービスセンター【通所介護】大分県大分市椿が丘二丁目14番6号", "url": "https://www.kaigokensaku.mhlw.go.jp/44/index.php?action_kouhyou_detail_004_kani=true&JigyosyoCd=4470108947-00&ServiceCd=150&Type=search", "url2": null }, "geometry": { "type": "Point", "coordinates": [ 131.573259931846707, 33.194855657136074 ] } },
{ "type": "Feature", "properties": { "内容": "デイサービスセンターそよ風【通所介護】大分市生石1丁目80番", "url": "https://www.kaigokensaku.mhlw.go.jp/44/index.php?action_kouhyou_detail_004_kani=true&JigyosyoCd=4470101744-00&ServiceCd=150&Type=search", "url2": null }, "geometry": { "type": "Point", "coordinates": [ 131.586330845507717, 33.244326146123406 ] } },
{ "type": "Feature", "properties": { "内容": "デイサービス　スマイル【通所介護】大分県大分市賀来2085番地の1", "url": "https://www.kaigokensaku.mhlw.go.jp/44/index.php?action_kouhyou_detail_004_kani=true&JigyosyoCd=4470111875-00&ServiceCd=150&Type=search", "url2": "http://smile-enokuma.com" }, "geometry": { "type": "Point", "coordinates": [ 131.566168797611567, 33.215396505867666 ] } },
{ "type": "Feature", "properties": { "内容": "デイサービスセンター智泉の園【通所介護】大分県大分市荏隈字中洲1230番地", "url": "https://www.kaigokensaku.mhlw.go.jp/44/index.php?action_kouhyou_detail_004_kani=true&JigyosyoCd=4470111172-00&ServiceCd=150&Type=search", "url2": "https://www.gotogakuen.ac.jp/chisen-nosono" }, "geometry": { "type": "Point", "coordinates": [ 131.5799673, 33.211137 ] } },
{ "type": "Feature", "properties": { "内容": "リハビリ型デイサービス　さんさん【通所介護】大分市中島東一丁目3番5号ｼｬｶﾞｰﾙ中島1F", "url": "https://www.kaigokensaku.mhlw.go.jp/44/index.php?action_kouhyou_detail_004_kani=true&JigyosyoCd=4470110125-00&ServiceCd=150&Type=search", "url2": null }, "geometry": { "type": "Point", "coordinates": [ 131.615587900000037, 33.24396320000001 ] } },
{ "type": "Feature", "properties": { "内容": "デイサービス国分【通所介護】大分県大分市大字国分1907番地", "url": "https://www.kaigokensaku.mhlw.go.jp/44/index.php?action_kouhyou_detail_004_kani=true&JigyosyoCd=4470106057-00&ServiceCd=150&Type=search", "url2": null }, "geometry": { "type": "Point", "coordinates": [ 131.558353112303138, 33.202109768691841 ] } },
{ "type": "Feature", "properties": { "内容": "デイサービス　ななみ【通所介護】大分県大分市政所3158-26", "url": "https://www.kaigokensaku.mhlw.go.jp/44/index.php?action_kouhyou_detail_004_kani=true&JigyosyoCd=4470107154-00&ServiceCd=150&Type=search", "url2": "https://sites.google.com/view/nanami773" }, "geometry": { "type": "Point", "coordinates": [ 131.715448323942582, 33.234132749162349 ] } },
{ "type": "Feature", "properties": { "内容": "はなはなデイサービスセンター【通所介護】大分県大分市大字玉沢1027番地1", "url": "https://www.kaigokensaku.mhlw.go.jp/44/index.php?action_kouhyou_detail_004_kani=true&JigyosyoCd=4470109838-00&ServiceCd=150&Type=search", "url2": "http://hanahana-care.jp/" }, "geometry": { "type": "Point", "coordinates": [ 131.583155300000044, 33.19406390000001 ] } },
{ "type": "Feature", "properties": { "内容": "デイサービスセンター　ほなみ【通所介護】大分県大分市坂ノ市南３丁目９番３６号", "url": "https://www.kaigokensaku.mhlw.go.jp/44/index.php?action_kouhyou_detail_004_kani=true&JigyosyoCd=4470108806-00&ServiceCd=150&Type=search", "url2": "http://honami-g.com/" }, "geometry": { "type": "Point", "coordinates": [ 131.7535765, 33.2296187 ] } },
{ "type": "Feature", "properties": { "内容": "デイサービスセンターはなえみ【通所介護】大分県大分市曙台4丁目1-2", "url": "https://www.kaigokensaku.mhlw.go.jp/44/index.php?action_kouhyou_detail_004_kani=true&JigyosyoCd=4470111495-00&ServiceCd=150&Type=search", "url2": null }, "geometry": { "type": "Point", "coordinates": [ 131.7291491, 33.2363148 ] } },
{ "type": "Feature", "properties": { "内容": "デイサービスセンター花ごころ【通所介護】大分県大分市大字上戸次６０７４番地", "url": "https://www.kaigokensaku.mhlw.go.jp/44/index.php?action_kouhyou_detail_004_kani=true&JigyosyoCd=4470109721-00&ServiceCd=150&Type=search", "url2": null }, "geometry": { "type": "Point", "coordinates": [ 131.65919010893225, 33.142880591622898 ] } },
{ "type": "Feature", "properties": { "内容": "デイサービスセンター千の郷【通所介護】大分県大分市中尾４４９番地１", "url": "https://www.kaigokensaku.mhlw.go.jp/44/index.php?action_kouhyou_detail_004_kani=true&JigyosyoCd=4470107238-00&ServiceCd=150&Type=search", "url2": null }, "geometry": { "type": "Point", "coordinates": [ 131.555946899999981, 33.2056721 ] } },
{ "type": "Feature", "properties": { "内容": "介護予防デイサービスＳＡＫＵＲＡ-ＳＡＫＵ【通所介護】大分市大字津守376-1第一奈良勘ビル102号", "url": "https://www.kaigokensaku.mhlw.go.jp/44/index.php?action_kouhyou_detail_004_kani=true&JigyosyoCd=4470107378-00&ServiceCd=150&Type=search", "url2": "http：//sakura-saku100.com" }, "geometry": { "type": "Point", "coordinates": [ 131.6174661, 33.2121499 ] } },
{ "type": "Feature", "properties": { "内容": "デイサービスセンター　はんだの郷【通所介護】大分県大分市判田台北４丁目１番２号", "url": "https://www.kaigokensaku.mhlw.go.jp/44/index.php?action_kouhyou_detail_004_kani=true&JigyosyoCd=4470107071-00&ServiceCd=150&Type=search", "url2": null }, "geometry": { "type": "Point", "coordinates": [ 131.629113599999982, 33.1617107 ] } },
{ "type": "Feature", "properties": { "内容": "デイサービスセンターあんじゅ【通所介護】大分県大分市大字森731-1有料老人ホーム安寿の森", "url": "https://www.kaigokensaku.mhlw.go.jp/44/index.php?action_kouhyou_detail_004_kani=true&JigyosyoCd=4470107725-00&ServiceCd=150&Type=search", "url2": "https://anjyunomoriweb.wixsite.com/anjyunomori" }, "geometry": { "type": "Point", "coordinates": [ 131.67895569999996, 33.2213317 ] } },
{ "type": "Feature", "properties": { "内容": "デイサービスセンター花埜家【通所介護】大分県大分市東原2丁目6番54号", "url": "https://www.kaigokensaku.mhlw.go.jp/44/index.php?action_kouhyou_detail_004_kani=true&JigyosyoCd=4470108129-00&ServiceCd=150&Type=search", "url2": null }, "geometry": { "type": "Point", "coordinates": [ 131.65064258465577, 33.235047769735047 ] } },
{ "type": "Feature", "properties": { "内容": "デイサービスセンターすずね【通所介護】大分県大分市羽屋4－3－3", "url": "https://www.kaigokensaku.mhlw.go.jp/44/index.php?action_kouhyou_detail_004_kani=true&JigyosyoCd=4470108913-00&ServiceCd=150&Type=search", "url2": "http://meguminokai.co.jp" }, "geometry": { "type": "Point", "coordinates": [ 131.600276099999974, 33.2110213 ] } },
{ "type": "Feature", "properties": { "内容": "デイサービスセンターせつげっか【通所介護】大分県大分市三川上1丁目4番28号", "url": "https://www.kaigokensaku.mhlw.go.jp/44/index.php?action_kouhyou_detail_004_kani=true&JigyosyoCd=4470108277-00&ServiceCd=150&Type=search", "url2": "meguminokai.co.jp/" }, "geometry": { "type": "Point", "coordinates": [ 131.67690390000007, 33.2435326 ] } },
{ "type": "Feature", "properties": { "内容": "デイサービスセンター　魁【通所介護】大分市城南北二丁目2番10号", "url": "https://www.kaigokensaku.mhlw.go.jp/44/index.php?action_kouhyou_detail_004_kani=true&JigyosyoCd=4470109234-00&ServiceCd=150&Type=search", "url2": "http://grandhome-yakumo.com/corporate/" }, "geometry": { "type": "Point", "coordinates": [ 131.583732457234049, 33.222116329353931 ] } },
{ "type": "Feature", "properties": { "内容": "デイサービスセンター　しらかば【通所介護】大分県大分市高松東１丁目4－7", "url": "https://www.kaigokensaku.mhlw.go.jp/44/index.php?action_kouhyou_detail_004_kani=true&JigyosyoCd=4470107089-00&ServiceCd=150&Type=search", "url2": "https://care-net.biz/44/shirakaba/" }, "geometry": { "type": "Point", "coordinates": [ 131.658373500000039, 33.2466336 ] } },
{ "type": "Feature", "properties": { "内容": "デイサービスセンターゆう【通所介護】大分県大分市大字葛木816番地", "url": "https://www.kaigokensaku.mhlw.go.jp/44/index.php?action_kouhyou_detail_004_kani=true&JigyosyoCd=4470109069-00&ServiceCd=150&Type=search", "url2": "care-net.biz/44/hobasira/company.php" }, "geometry": { "type": "Point", "coordinates": [ 131.675050599999963, 33.2182707 ] } },
{ "type": "Feature", "properties": { "内容": "デイサービスセンターあしすと【通所介護】大字永興846番地", "url": "https://www.kaigokensaku.mhlw.go.jp/44/index.php?action_kouhyou_detail_004_kani=true&JigyosyoCd=4470111693-00&ServiceCd=150&Type=search", "url2": null }, "geometry": { "type": "Point", "coordinates": [ 131.5800022, 33.2214452 ] } },
{ "type": "Feature", "properties": { "内容": "デイサービスセンター悠藤里【通所介護】大分県大分市大字横尾3647-1", "url": "https://www.kaigokensaku.mhlw.go.jp/44/index.php?action_kouhyou_detail_004_kani=true&JigyosyoCd=4470110448-00&ServiceCd=150&Type=search", "url2": "http://yukyu-yokoo.com/" }, "geometry": { "type": "Point", "coordinates": [ 131.666992339637687, 33.21276675076183 ] } },
{ "type": "Feature", "properties": { "内容": "デイサービスセンターふれあい【通所介護】大分県大分市新貝７番２９号", "url": "https://www.kaigokensaku.mhlw.go.jp/44/index.php?action_kouhyou_detail_004_kani=true&JigyosyoCd=4470107808-00&ServiceCd=150&Type=search", "url2": null }, "geometry": { "type": "Point", "coordinates": [ 131.646907599999963, 33.2465249 ] } },
{ "type": "Feature", "properties": { "内容": "デイサービスセンターひまわり【通所介護】大分県大分市大字太田３２６番地の３", "url": "https://www.kaigokensaku.mhlw.go.jp/44/index.php?action_kouhyou_detail_004_kani=true&JigyosyoCd=4470107006-00&ServiceCd=150&Type=search", "url2": null }, "geometry": { "type": "Point", "coordinates": [ 131.501936500000056, 33.1436389 ] } },
{ "type": "Feature", "properties": { "内容": "デイサービスCLUBFOOT【通所介護】大分市大字千歳字米竹1760番1", "url": "https://www.kaigokensaku.mhlw.go.jp/44/index.php?action_kouhyou_detail_004_kani=true&JigyosyoCd=4470111685-00&ServiceCd=150&Type=search", "url2": "https://smile-lib.com" }, "geometry": { "type": "Point", "coordinates": [ 131.6722509, 33.2385937 ] } },
{ "type": "Feature", "properties": { "内容": "デイサービス桜の庵　大分【通所介護】大分県大分市大字廻栖野1779番地", "url": "https://www.kaigokensaku.mhlw.go.jp/44/index.php?action_kouhyou_detail_004_kani=true&JigyosyoCd=4470111198-00&ServiceCd=150&Type=search", "url2": "http://www.toneriko.co.jp" }, "geometry": { "type": "Point", "coordinates": [ 131.546366541989158, 33.170530003448157 ] } },
{ "type": "Feature", "properties": { "内容": "デイサービス大分ふぁみりん【通所介護】大分県大分市大字旦野原167番地", "url": "https://www.kaigokensaku.mhlw.go.jp/44/index.php?action_kouhyou_detail_004_kani=true&JigyosyoCd=4470110406-00&ServiceCd=150&Type=search", "url2": "http://e-rin.com" }, "geometry": { "type": "Point", "coordinates": [ 131.606606599999964, 33.1767915 ] } },
{ "type": "Feature", "properties": { "内容": "デイサービスセンター　だんのはるの郷【通所介護】高江北1丁目１７－１", "url": "https://www.kaigokensaku.mhlw.go.jp/44/index.php?action_kouhyou_detail_004_kani=true&JigyosyoCd=4470110554-00&ServiceCd=150&Type=search", "url2": "https://dainan-no-sato.com/moving_in#price" }, "geometry": { "type": "Point", "coordinates": [ 131.6198253, 33.1714012 ] } },
{ "type": "Feature", "properties": { "内容": "デイサービスセンター　だいなんの郷【通所介護】高江北１丁目１７－３住宅型有料老人ホーム　だいなんの郷", "url": "https://www.kaigokensaku.mhlw.go.jp/44/index.php?action_kouhyou_detail_004_kani=true&JigyosyoCd=4470108442-00&ServiceCd=150&Type=search", "url2": "https://dainan-no-sato.com" }, "geometry": { "type": "Point", "coordinates": [ 131.6196142, 33.1714011 ] } },
{ "type": "Feature", "properties": { "内容": "デイサービスセンターつながり【通所介護】大分県大分市大字政所　3365番地1サービス付き高齢者向け住宅　つながりの郷", "url": "https://www.kaigokensaku.mhlw.go.jp/44/index.php?action_kouhyou_detail_004_kani=true&JigyosyoCd=4470107097-00&ServiceCd=150&Type=search", "url2": "http://www.kcc-fukushi.co.jp/tsunagari/" }, "geometry": { "type": "Point", "coordinates": [ 131.717324, 33.2373668 ] } },
{ "type": "Feature", "properties": { "内容": "デイサービスセンター　ゆいの杜【通所介護】大分県大分市大字田尻53－1", "url": "https://www.kaigokensaku.mhlw.go.jp/44/index.php?action_kouhyou_detail_004_kani=true&JigyosyoCd=4470109093-00&ServiceCd=150&Type=search", "url2": "http://www.kcc-fukushi.co.jp" }, "geometry": { "type": "Point", "coordinates": [ 131.594658812797178, 33.192033589807963 ] } },
{ "type": "Feature", "properties": { "内容": "デイサービスセンターやさしさPlus【通所介護】角子原１丁目11番41号", "url": "https://www.kaigokensaku.mhlw.go.jp/44/index.php?action_kouhyou_detail_004_kani=true&JigyosyoCd=4470111750-00&ServiceCd=150&Type=search", "url2": "https://careplus-oita.com/" }, "geometry": { "type": "Point", "coordinates": [ 131.7100859, 33.2485308 ] } },
{ "type": "Feature", "properties": { "内容": "デイサービスさとしん【通所介護】大分県大分市大字曲597番地", "url": "https://www.kaigokensaku.mhlw.go.jp/44/index.php?action_kouhyou_detail_004_kani=true&JigyosyoCd=4470107592-00&ServiceCd=150&Type=search", "url2": null }, "geometry": { "type": "Point", "coordinates": [ 131.625227099999961, 33.1921745 ] } },
{ "type": "Feature", "properties": { "内容": "デイサービス　ソレイユガーデン【通所介護】大分県大分市中島西2丁目2番15号", "url": "https://www.kaigokensaku.mhlw.go.jp/44/index.php?action_kouhyou_detail_004_kani=true&JigyosyoCd=4470108491-00&ServiceCd=150&Type=search", "url2": null }, "geometry": { "type": "Point", "coordinates": [ 131.609986981614725, 33.244213440544364 ] } },
{ "type": "Feature", "properties": { "内容": "ツクイ大分下郡【通所介護】大分県大分市下郡中央2－10－29", "url": "https://www.kaigokensaku.mhlw.go.jp/44/index.php?action_kouhyou_detail_004_kani=true&JigyosyoCd=4470111099-00&ServiceCd=150&Type=search", "url2": "http://www.tsukui.net" }, "geometry": { "type": "Point", "coordinates": [ 131.6341186, 33.2246445 ] } },
{ "type": "Feature", "properties": { "内容": "デイサービスセンター　アリエ【通所介護】大分県大分市明野北五丁目１番５号", "url": "https://www.kaigokensaku.mhlw.go.jp/44/index.php?action_kouhyou_detail_004_kani=true&JigyosyoCd=4470111594-00&ServiceCd=150&Type=search", "url2": "https://www.torefuru-arie.com/" }, "geometry": { "type": "Point", "coordinates": [ 131.658786, 33.2257044 ] } },
{ "type": "Feature", "properties": { "内容": "ニチイケアセンター大分【通所介護】大分県大分市下郡東一丁目9番23号", "url": "https://www.kaigokensaku.mhlw.go.jp/44/index.php?action_kouhyou_detail_004_kani=true&JigyosyoCd=4470100043-00&ServiceCd=150&Type=search", "url2": null }, "geometry": { "type": "Point", "coordinates": [ 131.636019900000065, 33.2280264 ] } },
{ "type": "Feature", "properties": { "内容": "ほたるデイサービスセンター【通所介護】大分県大分市大字寒田字矢羽田265番地の１", "url": "https://www.kaigokensaku.mhlw.go.jp/44/index.php?action_kouhyou_detail_004_kani=true&JigyosyoCd=4470106461-00&ServiceCd=150&Type=search", "url2": "https://miyu-oita.com/" }, "geometry": { "type": "Point", "coordinates": [ 131.60084705089568, 33.176295563620904 ] } },
{ "type": "Feature", "properties": { "内容": "コンパスウォークわさだ【通所介護】大分県大分市市1188番地2デサキパーク１階　１０２号", "url": "https://www.kaigokensaku.mhlw.go.jp/44/index.php?action_kouhyou_detail_004_kani=true&JigyosyoCd=4470112246-00&ServiceCd=150&Type=search", "url2": "https://cw-oita.com" }, "geometry": { "type": "Point", "coordinates": [ 131.574155100000013, 33.1865921 ] } },
{ "type": "Feature", "properties": { "内容": "コンパスウォーク大分宗方【通所介護】大分県大分市大字上宗方390-1", "url": "https://www.kaigokensaku.mhlw.go.jp/44/index.php?action_kouhyou_detail_004_kani=true&JigyosyoCd=4470111362-00&ServiceCd=150&Type=search", "url2": "https://cw-oita.com/" }, "geometry": { "type": "Point", "coordinates": [ 131.582463499999989, 33.2008242 ] } },
{ "type": "Feature", "properties": { "内容": "デイサービス楽横尾センター【通所介護】大分県大分市大字横尾1939－1", "url": "https://www.kaigokensaku.mhlw.go.jp/44/index.php?action_kouhyou_detail_004_kani=true&JigyosyoCd=4470105877-00&ServiceCd=150&Type=search", "url2": "http://www.lifely.co.jp" }, "geometry": { "type": "Point", "coordinates": [ 131.665451800000028, 33.2066438 ] } },
{ "type": "Feature", "properties": { "内容": "デイサービス楽　二目川センター【通所介護】大分県大分市横尾1939-4", "url": "https://www.kaigokensaku.mhlw.go.jp/44/index.php?action_kouhyou_detail_004_kani=true&JigyosyoCd=4470106586-00&ServiceCd=150&Type=search", "url2": "http://www.lifely.co.jp" }, "geometry": { "type": "Point", "coordinates": [ 131.665229599999975, 33.2066299 ] } },
{ "type": "Feature", "properties": { "内容": "レッツ倶楽部中島【通所介護】大分県大分市中島中央2－4－30", "url": "https://www.kaigokensaku.mhlw.go.jp/44/index.php?action_kouhyou_detail_004_kani=true&JigyosyoCd=4470111511-00&ServiceCd=150&Type=search", "url2": null }, "geometry": { "type": "Point", "coordinates": [ 131.6151644, 33.2448041 ] } },
{ "type": "Feature", "properties": { "内容": "レッツ倶楽部中島2番館【通所介護】大分県大分市中島中央3-3-9", "url": "https://www.kaigokensaku.mhlw.go.jp/44/index.php?action_kouhyou_detail_004_kani=true&JigyosyoCd=4470112170-00&ServiceCd=150&Type=search", "url2": "https://www.lets-club.jp/shop/nakashima-nibankan/" }, "geometry": { "type": "Point", "coordinates": [ 131.6120067, 33.2458889 ] } },
{ "type": "Feature", "properties": { "内容": "RE’Fineデイ高江【通所介護】大分県大分市高江中央1丁目1304-1", "url": "https://www.kaigokensaku.mhlw.go.jp/44/index.php?action_kouhyou_detail_004_kani=true&JigyosyoCd=4470109994-00&ServiceCd=150&Type=search", "url2": "http://loveloving.co.jp" }, "geometry": { "type": "Point", "coordinates": [ 131.618194899999907, 33.1665015 ] } },
{ "type": "Feature", "properties": { "内容": "デイサービスセンター丹生なごみ【通所介護】大分県大分市大字丹川185番地2デイサービスセンター丹生なごみ", "url": "https://www.kaigokensaku.mhlw.go.jp/44/index.php?action_kouhyou_detail_004_kani=true&JigyosyoCd=4470106206-00&ServiceCd=150&Type=search", "url2": null }, "geometry": { "type": "Point", "coordinates": [ 131.719068399999969, 33.2143028 ] } },
{ "type": "Feature", "properties": { "内容": "デイサービスセンターほのか【通所介護】大分県大分市大字下郡字尻込3708番地19", "url": "https://www.kaigokensaku.mhlw.go.jp/44/index.php?action_kouhyou_detail_004_kani=true&JigyosyoCd=4470108418-00&ServiceCd=150&Type=search", "url2": "meguminokai.co.jp/" }, "geometry": { "type": "Point", "coordinates": [ 131.626170874082959, 33.228967841826218 ] } },
{ "type": "Feature", "properties": { "内容": "デイサービスセンターはなみずき【通所介護】大分県大分市高城新町12番12号", "url": "https://www.kaigokensaku.mhlw.go.jp/44/index.php?action_kouhyou_detail_004_kani=true&JigyosyoCd=4470107758-00&ServiceCd=150&Type=search", "url2": "meguminokai.co.jp/" }, "geometry": { "type": "Point", "coordinates": [ 131.6539517, 33.2428809 ] } },
{ "type": "Feature", "properties": { "内容": "デイサービスセンター陽だまり【通所介護】大分県大分市千歳1770番地5", "url": "https://www.kaigokensaku.mhlw.go.jp/44/index.php?action_kouhyou_detail_004_kani=true&JigyosyoCd=4470106750-00&ServiceCd=150&Type=search", "url2": "meguminokai.co.jp" }, "geometry": { "type": "Point", "coordinates": [ 131.669067199999972, 33.2376933 ] } },
{ "type": "Feature", "properties": { "内容": "デイサービスセンター悠映【通所介護】大分県大分市大字羽田其平41-1", "url": "https://www.kaigokensaku.mhlw.go.jp/44/index.php?action_kouhyou_detail_004_kani=true&JigyosyoCd=4470110885-00&ServiceCd=150&Type=search", "url2": "http://yamanokai.co.jp" }, "geometry": { "type": "Point", "coordinates": [ 131.636191852152535, 33.21901945196759 ] } },
{ "type": "Feature", "properties": { "内容": "デイサービスセンター紫苑【通所介護】大分県大分市大字森255-1悠久の里三番館敷地内", "url": "https://www.kaigokensaku.mhlw.go.jp/44/index.php?action_kouhyou_detail_004_kani=true&JigyosyoCd=4470112154-00&ServiceCd=150&Type=search", "url2": "yuku3.com" }, "geometry": { "type": "Point", "coordinates": [ 131.683883996958912, 33.220629201572883 ] } },
{ "type": "Feature", "properties": { "内容": "デイサービスセンター鈴蘭【通所介護】大分県大分市大字森町255-1悠久の里三番館敷地内", "url": "https://www.kaigokensaku.mhlw.go.jp/44/index.php?action_kouhyou_detail_004_kani=true&JigyosyoCd=4470112147-00&ServiceCd=150&Type=search", "url2": "yuku3.com" }, "geometry": { "type": "Point", "coordinates": [ 131.683843618663019, 33.220657943370426 ] } },
{ "type": "Feature", "properties": { "内容": "デイサービスセンターはるか【通所介護】大分県大分市大字下徳丸字上鶴52-1番地", "url": "https://www.kaigokensaku.mhlw.go.jp/44/index.php?action_kouhyou_detail_004_kani=true&JigyosyoCd=4470106834-00&ServiceCd=150&Type=search", "url2": "http://yamanokai.co.jp/index.html" }, "geometry": { "type": "Point", "coordinates": [ 131.690043899999978, 33.2112581 ] } },
{ "type": "Feature", "properties": { "内容": "デイサービスなないろ【通所介護】大字常行211番1", "url": "https://www.kaigokensaku.mhlw.go.jp/44/index.php?action_kouhyou_detail_004_kani=true&JigyosyoCd=4470110786-00&ServiceCd=150&Type=search", "url2": null }, "geometry": { "type": "Point", "coordinates": [ 131.6872012, 33.21624 ] } },
{ "type": "Feature", "properties": { "内容": "デイサービスセンター　かざおと【通所介護】大分県大分市三芳字庄原1296番地18グランドホーム　祥雲", "url": "https://www.kaigokensaku.mhlw.go.jp/44/index.php?action_kouhyou_detail_004_kani=true&JigyosyoCd=4470108384-00&ServiceCd=150&Type=search", "url2": "http://kabujuun.wixsite.com/syoun" }, "geometry": { "type": "Point", "coordinates": [ 131.577580456639112, 33.225883029718617 ] } },
{ "type": "Feature", "properties": { "内容": "はなまるデイサービス【通所介護】大分県大分市大字小野鶴字原437番地1", "url": "https://www.kaigokensaku.mhlw.go.jp/44/index.php?action_kouhyou_detail_004_kani=true&JigyosyoCd=4470106347-00&ServiceCd=150&Type=search", "url2": "http://kabujuun.wix.com/ayamo" }, "geometry": { "type": "Point", "coordinates": [ 131.56920167116391, 33.203744086031683 ] } },
{ "type": "Feature", "properties": { "内容": "株式会社笑福【通所介護】大分県大分市津守1221番地ケアホーム来夢", "url": "https://www.kaigokensaku.mhlw.go.jp/44/index.php?action_kouhyou_detail_004_kani=true&JigyosyoCd=4470111313-00&ServiceCd=150&Type=search", "url2": null }, "geometry": { "type": "Point", "coordinates": [ 131.6261285, 33.2051363 ] } },
{ "type": "Feature", "properties": { "内容": "いまじんデイルーム下郡【通所介護】大分県大分市下郡北二丁目3番40号", "url": "https://www.kaigokensaku.mhlw.go.jp/44/index.php?action_kouhyou_detail_004_kani=true&JigyosyoCd=4470110562-00&ServiceCd=150&Type=search", "url2": "http://f-imagine.net/" }, "geometry": { "type": "Point", "coordinates": [ 131.629456399999981, 33.2275624 ] } },
{ "type": "Feature", "properties": { "内容": "いまじんデイルーム南大分【通所介護】大分県大分市二又町１丁目４番３４号", "url": "https://www.kaigokensaku.mhlw.go.jp/44/index.php?action_kouhyou_detail_004_kani=true&JigyosyoCd=4470106321-00&ServiceCd=150&Type=search", "url2": "http://f-imagine.net/" }, "geometry": { "type": "Point", "coordinates": [ 131.594810407409682, 33.213330922984838 ] } },
{ "type": "Feature", "properties": { "内容": "デイサービスここ笑み【通所介護】大分県大分市判田台南2丁目2-1-1", "url": "https://www.kaigokensaku.mhlw.go.jp/44/index.php?action_kouhyou_detail_004_kani=true&JigyosyoCd=4470109663-00&ServiceCd=150&Type=search", "url2": "https://cocoemi.com/" }, "geometry": { "type": "Point", "coordinates": [ 131.6292267, 33.160683200000022 ] } },
{ "type": "Feature", "properties": { "内容": "合同会社　インテリアフェスタ【通所介護】大分市大字野津原字久保１５０５－１３", "url": "https://www.kaigokensaku.mhlw.go.jp/44/index.php?action_kouhyou_detail_004_kani=true&JigyosyoCd=4470111008-00&ServiceCd=150&Type=search", "url2": "https://shinshoka.jp/" }, "geometry": { "type": "Point", "coordinates": [ 131.527342, 33.1610204 ] } },
{ "type": "Feature", "properties": { "内容": "ライフサポートまなと【通所介護】大分県大分市高江中央３丁目4629番4ライフサポートまなと", "url": "https://www.kaigokensaku.mhlw.go.jp/44/index.php?action_kouhyou_detail_004_kani=true&JigyosyoCd=4470107311-00&ServiceCd=150&Type=search", "url2": "http://www.manato.co.jp" }, "geometry": { "type": "Point", "coordinates": [ 131.6125786, 33.1678566 ] } },
{ "type": "Feature", "properties": { "内容": "デイサービス　ようこう【通所介護】大分県大分市中戸次寺ノ内5111-1", "url": "https://www.kaigokensaku.mhlw.go.jp/44/index.php?action_kouhyou_detail_004_kani=true&JigyosyoCd=4470109879-00&ServiceCd=150&Type=search", "url2": "http://www.tenshindo.org/" }, "geometry": { "type": "Point", "coordinates": [ 131.655524300000025, 33.1513493 ] } },
{ "type": "Feature", "properties": { "内容": "デイサービスセンター天神ヴィラ【通所介護】大分県大分市大字駄原天神平1670番地1デイサービスセンター天神ヴィラ", "url": "https://www.kaigokensaku.mhlw.go.jp/44/index.php?action_kouhyou_detail_004_kani=true&JigyosyoCd=4470109291-00&ServiceCd=150&Type=search", "url2": "http://isshinkai-oita-kitsuki-jp" }, "geometry": { "type": "Point", "coordinates": [ 131.587913995839671, 33.231175287204245 ] } },
{ "type": "Feature", "properties": { "内容": "すくすく・いきいき村横丁【通所介護】大分県大分市緑ヶ丘5丁目23-1", "url": "https://www.kaigokensaku.mhlw.go.jp/44/index.php?action_kouhyou_detail_004_kani=true&JigyosyoCd=4470107642-00&ServiceCd=150&Type=search", "url2": "https://sukuiki.com/" }, "geometry": { "type": "Point", "coordinates": [ 131.526454899999976, 33.1777911 ] } },
{ "type": "Feature", "properties": { "内容": "Greenガーデン南大分デイサービス【通所介護】大分県大分市上田町一丁目12番5号Greenガーデン南大分", "url": "https://www.kaigokensaku.mhlw.go.jp/44/index.php?action_kouhyou_detail_004_kani=true&JigyosyoCd=4470109192-00&ServiceCd=150&Type=search", "url2": "http://taisyoukai.jp/" }, "geometry": { "type": "Point", "coordinates": [ 131.599984400000039, 33.2174485 ] } },
{ "type": "Feature", "properties": { "内容": "アイリスあけのデイサービスセンター【通所介護】大分市大字横尾4457番地の1サービス付き高齢者向け住宅アイリスあけの", "url": "https://www.kaigokensaku.mhlw.go.jp/44/index.php?action_kouhyou_detail_004_kani=true&JigyosyoCd=4470108517-00&ServiceCd=150&Type=search", "url2": "http：//www.nijiｰiris.ｃｏｍ" }, "geometry": { "type": "Point", "coordinates": [ 131.647998183869959, 33.216193178157759 ] } },
{ "type": "Feature", "properties": { "内容": "デイサービス　みなはるの里【通所介護】大分県大分市大字皆春262番地1社会福祉法人　悠久福祉会　みなはるの里", "url": "https://www.kaigokensaku.mhlw.go.jp/44/index.php?action_kouhyou_detail_004_kani=true&JigyosyoCd=4470108673-00&ServiceCd=150&Type=search", "url2": "minaharunosato@aurora.ocn.ne.jp" }, "geometry": { "type": "Point", "coordinates": [ 131.676445298676782, 33.236701447679486 ] } },
{ "type": "Feature", "properties": { "内容": "清静園指定通所介護事業所【通所介護】大分県大分市大字竹中5268番地", "url": "https://www.kaigokensaku.mhlw.go.jp/44/index.php?action_kouhyou_detail_004_kani=true&JigyosyoCd=4470100878-00&ServiceCd=150&Type=search", "url2": "http://www.seijyoen.or.jp" }, "geometry": { "type": "Point", "coordinates": [ 131.65398719999996, 33.1331697 ] } },
{ "type": "Feature", "properties": { "内容": "田尻誠寿園デイサービスセンター【通所介護】大分県大分市大字高瀬562番地の3", "url": "https://www.kaigokensaku.mhlw.go.jp/44/index.php?action_kouhyou_detail_004_kani=true&JigyosyoCd=4470106222-00&ServiceCd=150&Type=search", "url2": "https://seijuen.org" }, "geometry": { "type": "Point", "coordinates": [ 131.58951049999996, 33.18279 ] } },
{ "type": "Feature", "properties": { "内容": "誠寿園デイサービスセンター【通所介護】大分県大分市大字辻933番地", "url": "https://www.kaigokensaku.mhlw.go.jp/44/index.php?action_kouhyou_detail_004_kani=true&JigyosyoCd=4470101215-00&ServiceCd=150&Type=search", "url2": "https://seijuen.org" }, "geometry": { "type": "Point", "coordinates": [ 131.692746359771746, 33.110015775273219 ] } },
{ "type": "Feature", "properties": { "内容": "そうだ藤の森デイサービスセンター【通所介護】大分県大分市大字寒田202番地", "url": "https://www.kaigokensaku.mhlw.go.jp/44/index.php?action_kouhyou_detail_004_kani=true&JigyosyoCd=4470100845-00&ServiceCd=150&Type=search", "url2": "http://san-ai-kai.or.jp/" }, "geometry": { "type": "Point", "coordinates": [ 131.599689236478071, 33.174201693962779 ] } },
{ "type": "Feature", "properties": { "内容": "創生の里デイサービスセンター【通所介護】大分県大分市大字野田３０７番地の８", "url": "https://www.kaigokensaku.mhlw.go.jp/44/index.php?action_kouhyou_detail_004_kani=true&JigyosyoCd=4470101264-00&ServiceCd=150&Type=search", "url2": "http://www.wakakusakai.jp" }, "geometry": { "type": "Point", "coordinates": [ 131.536468337048859, 33.203358833620726 ] } },
{ "type": "Feature", "properties": { "内容": "太平の里デイサービスセンター【通所介護】大分県大分市南太平寺2丁目4番15号", "url": "https://www.kaigokensaku.mhlw.go.jp/44/index.php?action_kouhyou_detail_004_kani=true&JigyosyoCd=4470102429-00&ServiceCd=150&Type=search", "url2": "http://www.wakakusakai.jp" }, "geometry": { "type": "Point", "coordinates": [ 131.596793893501285, 33.218120530440558 ] } },
{ "type": "Feature", "properties": { "内容": "緑風苑デイサービスセンターB型【通所介護】大分県大分市下郡山の手2番16号", "url": "https://www.kaigokensaku.mhlw.go.jp/44/index.php?action_kouhyou_detail_004_kani=true&JigyosyoCd=4470100928-00&ServiceCd=150&Type=search", "url2": "http://syouzankai.jp/ryokufu-en/" }, "geometry": { "type": "Point", "coordinates": [ 131.63848949032672, 33.221066346061079 ] } },
{ "type": "Feature", "properties": { "内容": "紅葉苑デイサービスセンターこころ【通所介護】大字羽田字菖蒲田70番1社会福祉法人　松山会　紅葉苑　1階", "url": "https://www.kaigokensaku.mhlw.go.jp/44/index.php?action_kouhyou_detail_004_kani=true&JigyosyoCd=4470106933-00&ServiceCd=150&Type=search", "url2": "http://syozankai.com/" }, "geometry": { "type": "Point", "coordinates": [ 131.636656, 33.21939 ] } },
{ "type": "Feature", "properties": { "内容": "湯屋すくすく・いきいき館和みの郷【通所介護】大分県大分市大字横瀬1050番地", "url": "https://www.kaigokensaku.mhlw.go.jp/44/index.php?action_kouhyou_detail_004_kani=true&JigyosyoCd=4470103559-00&ServiceCd=150&Type=search", "url2": "https://sukuiki.com/" }, "geometry": { "type": "Point", "coordinates": [ 131.54191179999998, 33.1868182 ] } },
{ "type": "Feature", "properties": { "内容": "湯屋すくすく・いきいき館横瀬【通所介護】大分県大分市大字横瀬1050番地", "url": "https://www.kaigokensaku.mhlw.go.jp/44/index.php?action_kouhyou_detail_004_kani=true&JigyosyoCd=4470100480-00&ServiceCd=150&Type=search", "url2": "https://sukuiki.com/" }, "geometry": { "type": "Point", "coordinates": [ 131.54191179999998, 33.1868182 ] } },
{ "type": "Feature", "properties": { "内容": "柞原の里指定通所介護事業所【通所介護】大分県大分市大字八幡320番地1", "url": "https://www.kaigokensaku.mhlw.go.jp/44/index.php?action_kouhyou_detail_004_kani=true&JigyosyoCd=4470100688-00&ServiceCd=150&Type=search", "url2": "http://yusuhara.org/" }, "geometry": { "type": "Point", "coordinates": [ 131.55838, 33.233764900000025 ] } },
{ "type": "Feature", "properties": { "内容": "デイサービスセンター川添清流苑【通所介護】大分県大分市大字種具１４４番地", "url": "https://www.kaigokensaku.mhlw.go.jp/44/index.php?action_kouhyou_detail_004_kani=true&JigyosyoCd=4470101322-00&ServiceCd=150&Type=search", "url2": "https://seiryu-kyousei.org/" }, "geometry": { "type": "Point", "coordinates": [ 131.699624314819403, 33.206552137869437 ] } },
{ "type": "Feature", "properties": { "内容": "デイサービスセンター清流苑【通所介護】大分県大分市大字森400番地１", "url": "https://www.kaigokensaku.mhlw.go.jp/44/index.php?action_kouhyou_detail_004_kani=true&JigyosyoCd=4470102288-00&ServiceCd=150&Type=search", "url2": "http://www.seiryu-kyousei.org/" }, "geometry": { "type": "Point", "coordinates": [ 131.680886191453538, 33.216783774851045 ] } },
{ "type": "Feature", "properties": { "内容": "デイサービスセンター舞鶴清流苑【通所介護】大分県大分市西新地2丁目5番40号", "url": "https://www.kaigokensaku.mhlw.go.jp/44/index.php?action_kouhyou_detail_004_kani=true&JigyosyoCd=4470102916-00&ServiceCd=150&Type=search", "url2": "http://www.eiseikai.or.jp" }, "geometry": { "type": "Point", "coordinates": [ 131.624925800000028, 33.2523074 ] } },
{ "type": "Feature", "properties": { "内容": "デイサービスセンター明治清流苑【通所介護】大分県大分市大字猪野729番地1", "url": "https://www.kaigokensaku.mhlw.go.jp/44/index.php?action_kouhyou_detail_004_kani=true&JigyosyoCd=4470104458-00&ServiceCd=150&Type=search", "url2": "http://www.seiryu-kyousei.org" }, "geometry": { "type": "Point", "coordinates": [ 131.668845199999964, 33.23228 ] } },
{ "type": "Feature", "properties": { "内容": "さわやか荘デイサービスセンター【通所介護】大分県大分市大字鶴崎２１８９番地", "url": "https://www.kaigokensaku.mhlw.go.jp/44/index.php?action_kouhyou_detail_004_kani=true&JigyosyoCd=4470100738-00&ServiceCd=150&Type=search", "url2": "nishihamakai.jp" }, "geometry": { "type": "Point", "coordinates": [ 131.6849962, 33.2438797 ] } },
{ "type": "Feature", "properties": { "内容": "リバーサイド桃花苑デイサービスセンター【通所介護】大分県大分市大字曲字箕久保320番", "url": "https://www.kaigokensaku.mhlw.go.jp/44/index.php?action_kouhyou_detail_004_kani=true&JigyosyoCd=4470102155-00&ServiceCd=150&Type=search", "url2": "http://www.riverside-toukaen.jp" }, "geometry": { "type": "Point", "coordinates": [ 131.612391800000069, 33.2010369 ] } },
{ "type": "Feature", "properties": { "内容": "菜の花デイサービス【通所介護】大分市大字佐賀関335番地", "url": "https://www.kaigokensaku.mhlw.go.jp/44/index.php?action_kouhyou_detail_004_kani=true&JigyosyoCd=4470111859-00&ServiceCd=150&Type=search", "url2": null }, "geometry": { "type": "Point", "coordinates": [ 131.863302799370956, 33.245807466471526 ] } },
{ "type": "Feature", "properties": { "内容": "指定通所介護事業所　白水長久苑【通所介護】大字横尾字大原1897番地2", "url": "https://www.kaigokensaku.mhlw.go.jp/44/index.php?action_kouhyou_detail_004_kani=true&JigyosyoCd=4470100779-00&ServiceCd=150&Type=search", "url2": "https://chokyuen.jp/" }, "geometry": { "type": "Point", "coordinates": [ 131.664690175282203, 33.205065146345767 ] } },
{ "type": "Feature", "properties": { "内容": "居宅介護支援総合福祉施設「憩いの館」デイサービスセンター【通所介護】大分県大分市大字津守2547番地の6", "url": "https://www.kaigokensaku.mhlw.go.jp/44/index.php?action_kouhyou_detail_004_kani=true&JigyosyoCd=4470102460-00&ServiceCd=150&Type=search", "url2": "https://www.ikoinoyakata.com" }, "geometry": { "type": "Point", "coordinates": [ 131.629293100000041, 33.2096979 ] } },
{ "type": "Feature", "properties": { "内容": "アイリスおおいたデイサービスセンター【通所介護】大分県大分市大字横尾4451-8", "url": "https://www.kaigokensaku.mhlw.go.jp/44/index.php?action_kouhyou_detail_004_kani=true&JigyosyoCd=4470102502-00&ServiceCd=150&Type=search", "url2": "http://www.niji-iris.com" }, "geometry": { "type": "Point", "coordinates": [ 131.649944399999981, 33.2170615 ] } },
{ "type": "Feature", "properties": { "内容": "アイリスつるさきデイサービスセンター【通所介護】大分県大分市大字迫徳平538番地の2サービス付き高齢者向け住宅　アイリスつるさき", "url": "https://www.kaigokensaku.mhlw.go.jp/44/index.php?action_kouhyou_detail_004_kani=true&JigyosyoCd=4470110661-00&ServiceCd=150&Type=search", "url2": "http://www.niji-iris.com" }, "geometry": { "type": "Point", "coordinates": [ 131.703665099999967, 33.2274009 ] } },
{ "type": "Feature", "properties": { "内容": "はなぞのデイサービスセンター【通所介護】大分県大分市花江川４－２８ケアマンションはなぞの・１F", "url": "https://www.kaigokensaku.mhlw.go.jp/44/index.php?action_kouhyou_detail_004_kani=true&JigyosyoCd=4470101652-00&ServiceCd=150&Type=search", "url2": "http://www.hyakkaen.or.jp/hanazono/z_tuusyo.htm" }, "geometry": { "type": "Point", "coordinates": [ 131.70793290000006, 33.2458659 ] } },
{ "type": "Feature", "properties": { "内容": "百華苑デイサービスセンター【通所介護】大分県大分市大字東上野1800番地", "url": "https://www.kaigokensaku.mhlw.go.jp/44/index.php?action_kouhyou_detail_004_kani=true&JigyosyoCd=4470101280-00&ServiceCd=150&Type=search", "url2": "http://www.hyakkaen.or.jp/" }, "geometry": { "type": "Point", "coordinates": [ 131.770325, 33.2293997 ] } },
{ "type": "Feature", "properties": { "内容": "滝尾デイサービスセンター【通所介護】大字下郡941番地の3", "url": "https://www.kaigokensaku.mhlw.go.jp/44/index.php?action_kouhyou_detail_004_kani=true&JigyosyoCd=4470101470-00&ServiceCd=150&Type=search", "url2": "http://www.shahuku-houtokukai.jp" }, "geometry": { "type": "Point", "coordinates": [ 131.6446029, 33.2227023 ] } },
{ "type": "Feature", "properties": { "内容": "寿志の里デイサービスセンター【通所介護】大分県大分市大字中判田１３４２番地の３", "url": "https://www.kaigokensaku.mhlw.go.jp/44/index.php?action_kouhyou_detail_004_kani=true&JigyosyoCd=4470104193-00&ServiceCd=150&Type=search", "url2": "http://jyushinosato.com/" }, "geometry": { "type": "Point", "coordinates": [ 131.626694300000054, 33.1675018 ] } },
{ "type": "Feature", "properties": { "内容": "デイサービスたかまつ【通所介護】大分県大分市高松１丁目９番33号", "url": "https://www.kaigokensaku.mhlw.go.jp/44/index.php?action_kouhyou_detail_004_kani=true&JigyosyoCd=4470107402-00&ServiceCd=150&Type=search", "url2": "ｈｔｔｐ：//ｗｗｗ．ｏｉｔａ－ｍｉｎ．ｏｒ．ｊｐ" }, "geometry": { "type": "Point", "coordinates": [ 131.655228220237774, 33.2469195 ] } },
{ "type": "Feature", "properties": { "内容": "JAおおいたデイサービスセンターグラティ丹生の郷【通所介護】大分県大分市大字丹生147番地の3", "url": "https://www.kaigokensaku.mhlw.go.jp/44/index.php?action_kouhyou_detail_004_kani=true&JigyosyoCd=4470105430-00&ServiceCd=150&Type=search", "url2": null }, "geometry": { "type": "Point", "coordinates": [ 131.7207071, 33.218346800000035 ] } },
{ "type": "Feature", "properties": { "内容": "デイサービスセンターぽっぽっぽはとぽっぽ【通所介護】廻栖野字田吹原3231-45", "url": "https://www.kaigokensaku.mhlw.go.jp/44/index.php?action_kouhyou_detail_004_kani=true&JigyosyoCd=4470107576-00&ServiceCd=150&Type=search", "url2": "https://usagi-kame.com/" }, "geometry": { "type": "Point", "coordinates": [ 131.540717800000039, 33.1712605 ] } },
{ "type": "Feature", "properties": { "内容": "デイサービスセンターうさぎとかめ【通所介護】大分市緑が丘４丁目２６番８号", "url": "https://www.kaigokensaku.mhlw.go.jp/44/index.php?action_kouhyou_detail_004_kani=true&JigyosyoCd=4470102908-00&ServiceCd=150&Type=search", "url2": "https://usagi-kame.com/" }, "geometry": { "type": "Point", "coordinates": [ 131.528920962565593, 33.182076237599325 ] } },
{ "type": "Feature", "properties": { "内容": "デイサービス　ぷちとまと２【通所介護】大分市大字城原字尾崎2600-25", "url": "https://www.kaigokensaku.mhlw.go.jp/44/index.php?action_kouhyou_detail_004_kani=true&JigyosyoCd=4470108145-00&ServiceCd=150&Type=search", "url2": "http://www.oita-tomato.com/" }, "geometry": { "type": "Point", "coordinates": [ 131.72389894666594, 33.239806706688022 ] } },
{ "type": "Feature", "properties": { "内容": "いずみリハビリ倶楽部【通所介護】大分県大分市大在北一丁目12番12号", "url": "https://www.kaigokensaku.mhlw.go.jp/44/index.php?action_kouhyou_detail_004_kani=true&JigyosyoCd=4470107881-00&ServiceCd=150&Type=search", "url2": "https://www.eff-izumi.com/" }, "geometry": { "type": "Point", "coordinates": [ 131.710007499999961, 33.2520987 ] } },
{ "type": "Feature", "properties": { "内容": "なでしこ横町デイサービス【通所介護】大分県大分市千歳字林967-1", "url": "https://www.kaigokensaku.mhlw.go.jp/44/index.php?action_kouhyou_detail_004_kani=true&JigyosyoCd=4470105620-00&ServiceCd=150&Type=search", "url2": null }, "geometry": { "type": "Point", "coordinates": [ 131.663328440202832, 33.240782721209634 ] } },
{ "type": "Feature", "properties": { "内容": "なでしこガーデンデイサービス【通所介護】中戸次７９８番地", "url": "https://www.kaigokensaku.mhlw.go.jp/44/index.php?action_kouhyou_detail_004_kani=true&JigyosyoCd=4470110794-00&ServiceCd=150&Type=search", "url2": null }, "geometry": { "type": "Point", "coordinates": [ 131.664142099999907, 33.1446363 ] } },
{ "type": "Feature", "properties": { "内容": "デイサービス　ぷちとまと【通所介護】大分県大分市城原字尾崎2551-14", "url": "https://www.kaigokensaku.mhlw.go.jp/44/index.php?action_kouhyou_detail_004_kani=true&JigyosyoCd=4470106982-00&ServiceCd=150&Type=search", "url2": "http://www.oita-tomato.com" }, "geometry": { "type": "Point", "coordinates": [ 131.727509199999986, 33.238353 ] } },
{ "type": "Feature", "properties": { "内容": "ブンゴヤ・ファインケア豊（デイサービスセンター）【通所介護】大分県大分市西大道２丁目５６７－１", "url": "https://www.kaigokensaku.mhlw.go.jp/44/index.php?action_kouhyou_detail_004_kani=true&JigyosyoCd=4470103633-00&ServiceCd=150&Type=search", "url2": "https://www.bungoya.co.jp/yutaka/" }, "geometry": { "type": "Point", "coordinates": [ 131.595360508598333, 33.228589703181406 ] } },
{ "type": "Feature", "properties": { "内容": "デイサービスセンターアザレア【通所介護】大分県大分市下判田205番地8", "url": "https://www.kaigokensaku.mhlw.go.jp/44/index.php?action_kouhyou_detail_004_kani=true&JigyosyoCd=4470107188-00&ServiceCd=150&Type=search", "url2": "https://meguminokai.co.jp" }, "geometry": { "type": "Point", "coordinates": [ 131.635747779623443, 33.171171141109859 ] } },
{ "type": "Feature", "properties": { "内容": "デイサービスセンター　かざぐるま【通所介護】大分県大分市荏隈1220番地の23", "url": "https://www.kaigokensaku.mhlw.go.jp/44/index.php?action_kouhyou_detail_004_kani=true&JigyosyoCd=4470104078-00&ServiceCd=150&Type=search", "url2": "https://www.shikisai-oita.com/" }, "geometry": { "type": "Point", "coordinates": [ 131.576645, 33.2115312 ] } },
{ "type": "Feature", "properties": { "内容": "しきどデイサービスセンター【通所介護】大分県大分市大字曲595番地", "url": "https://www.kaigokensaku.mhlw.go.jp/44/index.php?action_kouhyou_detail_004_kani=true&JigyosyoCd=4470107535-00&ServiceCd=150&Type=search", "url2": "https://fujinokai.co.jp" }, "geometry": { "type": "Point", "coordinates": [ 131.6249133, 33.1921217 ] } },
{ "type": "Feature", "properties": { "内容": "わさだデイサービスセンター【通所介護】大分県大分市大字小野鶴1601番地", "url": "https://www.kaigokensaku.mhlw.go.jp/44/index.php?action_kouhyou_detail_004_kani=true&JigyosyoCd=4470103872-00&ServiceCd=150&Type=search", "url2": "https://fujinokai.co.jp" }, "geometry": { "type": "Point", "coordinates": [ 131.570276779598998, 33.198166354473273 ] } },
{ "type": "Feature", "properties": { "内容": "デイサービスWHITEAPPLE【通所介護】大分県大分市中春日166-2翼ビル1F", "url": "https://www.kaigokensaku.mhlw.go.jp/44/index.php?action_kouhyou_detail_004_kani=true&JigyosyoCd=4470112428-00&ServiceCd=150&Type=search", "url2": "https://smile-lib.com/" }, "geometry": { "type": "Point", "coordinates": [ 131.595094631213414, 33.240110619700445 ] } },
{ "type": "Feature", "properties": { "内容": "和泉デイサービスセンター【通所介護】大分県大分市大字大分市大字竹矢1024-1", "url": "https://www.kaigokensaku.mhlw.go.jp/44/index.php?action_kouhyou_detail_004_kani=true&JigyosyoCd=4472300302-00&ServiceCd=150&Type=search", "url2": "http://izumisou.com/" }, "geometry": { "type": "Point", "coordinates": [ 131.545661900000027, 33.1618658 ] } },
{ "type": "Feature", "properties": { "内容": "デイサービスセンターめいわ【通所介護】大分県大分市花津留１丁目１１番１５号住宅型有料老人ホームめいわの里福寿", "url": "https://www.kaigokensaku.mhlw.go.jp/44/index.php?action_kouhyou_detail_004_kani=true&JigyosyoCd=4470111115-00&ServiceCd=150&Type=search", "url2": null }, "geometry": { "type": "Point", "coordinates": [ 131.632869, 33.2453837 ] } },
{ "type": "Feature", "properties": { "内容": "株式会社　椋の樹【通所介護】大分県大分市大字角子原字花田８７０番地有料老人ホーム椋の樹", "url": "https://www.kaigokensaku.mhlw.go.jp/44/index.php?action_kouhyou_detail_004_kani=true&JigyosyoCd=4470107832-00&ServiceCd=150&Type=search", "url2": "http://mukunoki-oita.com/" }, "geometry": { "type": "Point", "coordinates": [ 131.712233705710418, 33.245402491607983 ] } },
{ "type": "Feature", "properties": { "内容": "コンパスウォーク古国府【通所介護】大分県大分市古国府4丁目1番13号", "url": "https://www.kaigokensaku.mhlw.go.jp/44/index.php?action_kouhyou_detail_004_kani=true&JigyosyoCd=4470112436-00&ServiceCd=150&Type=search", "url2": "https://mirai-oita.com/office/service/sample-service1/" }, "geometry": { "type": "Point", "coordinates": [ 131.6102201, 33.2170373 ] } },
{ "type": "Feature", "properties": { "内容": "デイサービスセンターイルカ【通所介護】大分県大分市大字曲949番地1", "url": "https://www.kaigokensaku.mhlw.go.jp/44/index.php?action_kouhyou_detail_004_kani=true&JigyosyoCd=4470107675-00&ServiceCd=150&Type=search", "url2": "http://www.small-west.net" }, "geometry": { "type": "Point", "coordinates": [ 131.611608599999954, 33.1993787 ] } },
{ "type": "Feature", "properties": { "内容": "デイサービスセンターイルカテラス【通所介護】大分県大分市大字片島445番地1", "url": "https://www.kaigokensaku.mhlw.go.jp/44/index.php?action_kouhyou_detail_004_kani=true&JigyosyoCd=4470110349-00&ServiceCd=150&Type=search", "url2": "http://www.small-west.net" }, "geometry": { "type": "Point", "coordinates": [ 131.622707200000036, 33.215322 ] } },
{ "type": "Feature", "properties": { "内容": "アイリス別府デイサービスセンター【通所介護】大分県別府市観海寺3組", "url": "https://www.kaigokensaku.mhlw.go.jp/44/index.php?action_kouhyou_detail_004_kani=true&JigyosyoCd=4470202575-00&ServiceCd=150&Type=search", "url2": "http://www.niji-iris.com/" }, "geometry": { "type": "Point", "coordinates": [ 131.476805730827351, 33.281747214412405 ] } },
{ "type": "Feature", "properties": { "内容": "ローランデイサービスセンター【通所介護】大分県別府市大字薬師田字1750－2ローランデイサービスセンター", "url": "https://www.kaigokensaku.mhlw.go.jp/44/index.php?action_kouhyou_detail_004_kani=true&JigyosyoCd=4470201478-00&ServiceCd=150&Type=search", "url2": null }, "geometry": { "type": "Point", "coordinates": [ 131.464953900631372, 33.308007548960248 ] } },
{ "type": "Feature", "properties": { "内容": "デイサービスセンター　里庵【通所介護】大分県別府市石垣東10丁目1番25号", "url": "https://www.kaigokensaku.mhlw.go.jp/44/index.php?action_kouhyou_detail_004_kani=true&JigyosyoCd=4470202492-00&ServiceCd=150&Type=search", "url2": "http://www.kubota-clinic.com/aion/" }, "geometry": { "type": "Point", "coordinates": [ 131.4989051, 33.3050787 ] } },
{ "type": "Feature", "properties": { "内容": "多機能型事業所Bro'sGarden【通所介護】大分県別府市野田1459番地", "url": "https://www.kaigokensaku.mhlw.go.jp/44/index.php?action_kouhyou_detail_004_kani=true&JigyosyoCd=4470203730-00&ServiceCd=150&Type=search", "url2": "https://www.broskoubou.jp" }, "geometry": { "type": "Point", "coordinates": [ 131.476549, 33.3242924 ] } },
{ "type": "Feature", "properties": { "内容": "デイサービスセンター福笑居【通所介護】大分県別府市南荘園町６組", "url": "https://www.kaigokensaku.mhlw.go.jp/44/index.php?action_kouhyou_detail_004_kani=true&JigyosyoCd=4470202708-00&ServiceCd=150&Type=search", "url2": "https://www.fukuwarai-inc.com/" }, "geometry": { "type": "Point", "coordinates": [ 131.480242500000031, 33.2903942 ] } },
{ "type": "Feature", "properties": { "内容": "デイサービスみらい【通所介護】大分県別府市浜脇1丁目2-5", "url": "https://www.kaigokensaku.mhlw.go.jp/44/index.php?action_kouhyou_detail_004_kani=true&JigyosyoCd=4470203367-00&ServiceCd=150&Type=search", "url2": "https://www.sephaid-memory.co.jp/facility/index.html" }, "geometry": { "type": "Point", "coordinates": [ 131.509192799999937, 33.2704495 ] } },
{ "type": "Feature", "properties": { "内容": "デイサービス年輪【通所介護】大分県別府市堀田４組ー２", "url": "https://www.kaigokensaku.mhlw.go.jp/44/index.php?action_kouhyou_detail_004_kani=true&JigyosyoCd=4470202674-00&ServiceCd=150&Type=search", "url2": "http://www.genkihinata1.com" }, "geometry": { "type": "Point", "coordinates": [ 131.458498274703629, 33.291916463737223 ] } },
{ "type": "Feature", "properties": { "内容": "いまじんデイルーム別府朝見【通所介護】大分県別府市朝見3丁目3955番2ケアいまじん別府朝見弐番館", "url": "https://www.kaigokensaku.mhlw.go.jp/44/index.php?action_kouhyou_detail_004_kani=true&JigyosyoCd=4470202724-00&ServiceCd=150&Type=search", "url2": "http://f-imagine.net/" }, "geometry": { "type": "Point", "coordinates": [ 131.490869400000065, 33.2719021 ] } },
{ "type": "Feature", "properties": { "内容": "デイサービスセンター大観苑【通所介護】大分県別府市鉄輪東8組", "url": "https://www.kaigokensaku.mhlw.go.jp/44/index.php?action_kouhyou_detail_004_kani=true&JigyosyoCd=4470201262-00&ServiceCd=150&Type=search", "url2": "http://www.daikanen.jp" }, "geometry": { "type": "Point", "coordinates": [ 131.483234, 33.3177747 ] } },
{ "type": "Feature", "properties": { "内容": "ローズガーデンデイサービス【通所介護】大分県別府市野口元町1775", "url": "https://www.kaigokensaku.mhlw.go.jp/44/index.php?action_kouhyou_detail_004_kani=true&JigyosyoCd=4470203656-00&ServiceCd=150&Type=search", "url2": "https://rosegarden-beppu.jp" }, "geometry": { "type": "Point", "coordinates": [ 131.500710904886688, 33.281428418890258 ] } },
{ "type": "Feature", "properties": { "内容": "通所介護センター　ゆうゆうの郷　白雲山荘【通所介護】大分県別府市大字南立石2488番地の1", "url": "https://www.kaigokensaku.mhlw.go.jp/44/index.php?action_kouhyou_detail_004_kani=true&JigyosyoCd=4470201387-00&ServiceCd=150&Type=search", "url2": "http://www.hakuun.co.jp" }, "geometry": { "type": "Point", "coordinates": [ 131.475470500000029, 33.2823534 ] } },
{ "type": "Feature", "properties": { "内容": "デイサービスセンターくろき【通所介護】大分県別府市平田町2-2", "url": "https://www.kaigokensaku.mhlw.go.jp/44/index.php?action_kouhyou_detail_004_kani=true&JigyosyoCd=4470202864-00&ServiceCd=150&Type=search", "url2": "http://www.kuroki-hp.or.jp" }, "geometry": { "type": "Point", "coordinates": [ 131.497468900000058, 33.3201942 ] } },
{ "type": "Feature", "properties": { "内容": "デイサービスセンターふれあい【通所介護】大分県別府市中島町19番29号", "url": "https://www.kaigokensaku.mhlw.go.jp/44/index.php?action_kouhyou_detail_004_kani=true&JigyosyoCd=4470201601-00&ServiceCd=150&Type=search", "url2": "http://www.hata.or.jp" }, "geometry": { "type": "Point", "coordinates": [ 131.490183399999978, 33.2761571 ] } },
{ "type": "Feature", "properties": { "内容": "デイサービスセンターつどい【通所介護】別府市末広町3番1号内田病院5階", "url": "https://www.kaigokensaku.mhlw.go.jp/44/index.php?action_kouhyou_detail_004_kani=true&JigyosyoCd=4470202641-00&ServiceCd=150&Type=search", "url2": "http://uchida-hp.jp" }, "geometry": { "type": "Point", "coordinates": [ 131.502846099999942, 33.2735408 ] } },
{ "type": "Feature", "properties": { "内容": "デイサービスセンターT.win【通所介護】大分県別府市上人仲町4番6号", "url": "https://www.kaigokensaku.mhlw.go.jp/44/index.php?action_kouhyou_detail_004_kani=true&JigyosyoCd=4470203904-00&ServiceCd=150&Type=search", "url2": null }, "geometry": { "type": "Point", "coordinates": [ 131.494396558197053, 33.31250167066576 ] } },
{ "type": "Feature", "properties": { "内容": "デイサービスせいか南立石【通所介護】大分県別府市南立石本町１組", "url": "https://www.kaigokensaku.mhlw.go.jp/44/index.php?action_kouhyou_detail_004_kani=true&JigyosyoCd=4470203458-00&ServiceCd=150&Type=search", "url2": null }, "geometry": { "type": "Point", "coordinates": [ 131.46473101031188, 33.286337195788924 ] } },
{ "type": "Feature", "properties": { "内容": "デイサーセンター別府中島【通所介護】大分県別府市中島町12－21", "url": "https://www.kaigokensaku.mhlw.go.jp/44/index.php?action_kouhyou_detail_004_kani=true&JigyosyoCd=4470203060-00&ServiceCd=150&Type=search", "url2": "sachinokai.com" }, "geometry": { "type": "Point", "coordinates": [ 131.490348549073786, 33.275199394267069 ] } },
{ "type": "Feature", "properties": { "内容": "サクラデマリデサービス【通所介護】大分県別府市扇山21組10", "url": "https://www.kaigokensaku.mhlw.go.jp/44/index.php?action_kouhyou_detail_004_kani=true&JigyosyoCd=4470202435-00&ServiceCd=150&Type=search", "url2": "http://koroh.x0.com/" }, "geometry": { "type": "Point", "coordinates": [ 131.472487526677469, 33.293723368508026 ] } },
{ "type": "Feature", "properties": { "内容": "デイサービスセンター春花【通所介護】大分県別府市大字鶴見1951番地の30はーとふるほーむ春花", "url": "https://www.kaigokensaku.mhlw.go.jp/44/index.php?action_kouhyou_detail_004_kani=true&JigyosyoCd=4470203052-00&ServiceCd=150&Type=search", "url2": "https://yuuwa1122.jp/" }, "geometry": { "type": "Point", "coordinates": [ 131.463442789024413, 33.299526349821754 ] } },
{ "type": "Feature", "properties": { "内容": "デイサービスセンターエミアス鉄輪【通所介護】鉄輪御幸9組", "url": "https://www.kaigokensaku.mhlw.go.jp/44/index.php?action_kouhyou_detail_004_kani=true&JigyosyoCd=4470202989-00&ServiceCd=150&Type=search", "url2": "http://www.bls-oita.co.jp/" }, "geometry": { "type": "Point", "coordinates": [ 131.474728388885524, 33.316655897150881 ] } },
{ "type": "Feature", "properties": { "内容": "ＪＡべっぷ「グラティほっとパル」【通所介護】大分県別府市大字鶴見４５番地の３", "url": "https://www.kaigokensaku.mhlw.go.jp/44/index.php?action_kouhyou_detail_004_kani=true&JigyosyoCd=4470201718-00&ServiceCd=150&Type=search", "url2": null }, "geometry": { "type": "Point", "coordinates": [ 131.484435032222109, 33.310626261836674 ] } },
{ "type": "Feature", "properties": { "内容": "デイサービスセンター　清水の郷【通所介護】石垣東9丁目1番37号有料老人ホーム・デイサービスセンター清水の郷", "url": "https://www.kaigokensaku.mhlw.go.jp/44/index.php?action_kouhyou_detail_004_kani=true&JigyosyoCd=4470202211-00&ServiceCd=150&Type=search", "url2": null }, "geometry": { "type": "Point", "coordinates": [ 131.499368900000036, 33.3032511 ] } },
{ "type": "Feature", "properties": { "内容": "デイサービスｂ・cafe【通所介護】大分県別府市堀田4-2さわやか別府の里", "url": "https://www.kaigokensaku.mhlw.go.jp/44/index.php?action_kouhyou_detail_004_kani=true&JigyosyoCd=4470203763-00&ServiceCd=150&Type=search", "url2": "https://sawayakaclub.jp/beppunosato" }, "geometry": { "type": "Point", "coordinates": [ 131.458400707138082, 33.29241433813209 ] } },
{ "type": "Feature", "properties": { "内容": "アンジュ別府デイサービスセンター【通所介護】大分県別府市大字鉄輪671番地住宅型有料老人ホーム　アンジュ別府", "url": "https://www.kaigokensaku.mhlw.go.jp/44/index.php?action_kouhyou_detail_004_kani=true&JigyosyoCd=4470202476-00&ServiceCd=150&Type=search", "url2": "http://www.anju-beppu" }, "geometry": { "type": "Point", "coordinates": [ 131.4760235, 33.3175441 ] } },
{ "type": "Feature", "properties": { "内容": "デイサービスセンター豊海【通所介護】大分県別府市スパランド豊海14-7", "url": "https://www.kaigokensaku.mhlw.go.jp/44/index.php?action_kouhyou_detail_004_kani=true&JigyosyoCd=4470203789-00&ServiceCd=150&Type=search", "url2": null }, "geometry": { "type": "Point", "coordinates": [ 131.48441144813853, 33.341540943861709 ] } },
{ "type": "Feature", "properties": { "内容": "デイサービス大宮司【通所介護】大分県別府市火売6組２", "url": "https://www.kaigokensaku.mhlw.go.jp/44/index.php?action_kouhyou_detail_004_kani=true&JigyosyoCd=4470203037-00&ServiceCd=150&Type=search", "url2": "http://lightcare-oita.com/" }, "geometry": { "type": "Point", "coordinates": [ 131.470476247404491, 33.313119275437394 ] } },
{ "type": "Feature", "properties": { "内容": "デイサービスセンター祐【通所介護】大分県別府市大字鶴見字鶴見原4548-396", "url": "https://www.kaigokensaku.mhlw.go.jp/44/index.php?action_kouhyou_detail_004_kani=true&JigyosyoCd=4470202609-00&ServiceCd=150&Type=search", "url2": null }, "geometry": { "type": "Point", "coordinates": [ 131.464512167766259, 33.293487295190367 ] } },
{ "type": "Feature", "properties": { "内容": "デイサービスセンター生活俱楽部【通所介護】大分県別府市上原町６番２２号", "url": "https://www.kaigokensaku.mhlw.go.jp/44/index.php?action_kouhyou_detail_004_kani=true&JigyosyoCd=4470202799-00&ServiceCd=150&Type=search", "url2": null }, "geometry": { "type": "Point", "coordinates": [ 131.486131137434427, 33.278751548437207 ] } },
{ "type": "Feature", "properties": { "内容": "デイサービスセンター歩【通所介護】大分県別府市大字鶴見4548番1878", "url": "https://www.kaigokensaku.mhlw.go.jp/44/index.php?action_kouhyou_detail_004_kani=true&JigyosyoCd=4470202062-00&ServiceCd=150&Type=search", "url2": "info@beppu-shu.com" }, "geometry": { "type": "Point", "coordinates": [ 131.463571699999989, 33.2971461 ] } },
{ "type": "Feature", "properties": { "内容": "デイサービスセンター火売【通所介護】別府市大字鶴見字古殿434番1", "url": "https://www.kaigokensaku.mhlw.go.jp/44/index.php?action_kouhyou_detail_004_kani=true&JigyosyoCd=4470202385-00&ServiceCd=150&Type=search", "url2": "info@beppu-shu.com" }, "geometry": { "type": "Point", "coordinates": [ 131.474656, 33.311474 ] } },
{ "type": "Feature", "properties": { "内容": "デイサービスセンターわだち【通所介護】別府市大字鶴見字古殿434番2", "url": "https://www.kaigokensaku.mhlw.go.jp/44/index.php?action_kouhyou_detail_004_kani=true&JigyosyoCd=4470203029-00&ServiceCd=150&Type=search", "url2": "info@beppu-shu.com" }, "geometry": { "type": "Point", "coordinates": [ 131.480317600000035, 33.3131613 ] } },
{ "type": "Feature", "properties": { "内容": "デイサービスまごころ【通所介護】大分県別府市字鶴見字竹の内2169-1", "url": "https://www.kaigokensaku.mhlw.go.jp/44/index.php?action_kouhyou_detail_004_kani=true&JigyosyoCd=4470202518-00&ServiceCd=150&Type=search", "url2": "http://www.beppu-magokoro.com" }, "geometry": { "type": "Point", "coordinates": [ 131.467668, 33.3023323 ] } },
{ "type": "Feature", "properties": { "内容": "デイサービスセンターマイウェイ別府【通所介護】別府市鉄輪東11組", "url": "https://www.kaigokensaku.mhlw.go.jp/44/index.php?action_kouhyou_detail_004_kani=true&JigyosyoCd=4470203243-00&ServiceCd=150&Type=search", "url2": "http://www.beppu-myway.jp/index.php" }, "geometry": { "type": "Point", "coordinates": [ 131.480287723412744, 33.317121201734345 ] } },
{ "type": "Feature", "properties": { "内容": "通所介護デイサービスミスト【通所介護】大分県別府市鶴見6組の１グランドハウスミスト", "url": "https://www.kaigokensaku.mhlw.go.jp/44/index.php?action_kouhyou_detail_004_kani=true&JigyosyoCd=4470203318-00&ServiceCd=150&Type=search", "url2": "http://grandhousemyst.jp/" }, "geometry": { "type": "Point", "coordinates": [ 131.476337300000068, 33.2971462 ] } },
{ "type": "Feature", "properties": { "内容": "通所介護ロイヤルハウスミスト【通所介護】大分県別府市東荘園5丁目8番26号ロイヤルハウスミスト", "url": "https://www.kaigokensaku.mhlw.go.jp/44/index.php?action_kouhyou_detail_004_kani=true&JigyosyoCd=4470203888-00&ServiceCd=150&Type=search", "url2": "https://grandhousemyst.jp/" }, "geometry": { "type": "Point", "coordinates": [ 131.485229299999986, 33.294813 ] } },
{ "type": "Feature", "properties": { "内容": "デイサービスセンター心和の里【通所介護】大分県別府市大字鶴見４５４８番地２９１", "url": "https://www.kaigokensaku.mhlw.go.jp/44/index.php?action_kouhyou_detail_004_kani=true&JigyosyoCd=4470203128-00&ServiceCd=150&Type=search", "url2": null }, "geometry": { "type": "Point", "coordinates": [ 131.466905114094487, 33.296741830283075 ] } },
{ "type": "Feature", "properties": { "内容": "デイサービスセンター大学通り一燈園【通所介護】大分県別府市上人南１０組", "url": "https://www.kaigokensaku.mhlw.go.jp/44/index.php?action_kouhyou_detail_004_kani=true&JigyosyoCd=4470202146-00&ServiceCd=150&Type=search", "url2": "http://www@ittouen.or.jp" }, "geometry": { "type": "Point", "coordinates": [ 131.4962941, 33.3122726 ] } },
{ "type": "Feature", "properties": { "内容": "デイサービスセンター新別府一燈園【通所介護】大分県別府市大字鶴見字新別府3051番地3新別府一燈園", "url": "https://www.kaigokensaku.mhlw.go.jp/44/index.php?action_kouhyou_detail_004_kani=true&JigyosyoCd=4470201031-00&ServiceCd=150&Type=search", "url2": "http://www.ittouen.or.jp/" }, "geometry": { "type": "Point", "coordinates": [ 131.480612800000017, 33.3084058 ] } },
{ "type": "Feature", "properties": { "内容": "デイサービスセンター南立石一燈園【通所介護】大分県別府市南立石八幡町3組", "url": "https://www.kaigokensaku.mhlw.go.jp/44/index.php?action_kouhyou_detail_004_kani=true&JigyosyoCd=4470200256-00&ServiceCd=150&Type=search", "url2": "http://www.ittouen.or.jp/" }, "geometry": { "type": "Point", "coordinates": [ 131.473818498503078, 33.287100322089273 ] } },
{ "type": "Feature", "properties": { "内容": "デイサービスセンター浜脇一燈園【通所介護】大分県別府市浜脇1丁目8番20号", "url": "https://www.kaigokensaku.mhlw.go.jp/44/index.php?action_kouhyou_detail_004_kani=true&JigyosyoCd=4470202013-00&ServiceCd=150&Type=search", "url2": "http://www.ittouen.or.jp/" }, "geometry": { "type": "Point", "coordinates": [ 131.50794019933619, 33.269638782465847 ] } },
{ "type": "Feature", "properties": { "内容": "デイサービスセンター　ゲンジョウ【通所介護】大分県別府市大字鉄輪字水落1068番地デイサービスセンター　ゲンジョウ", "url": "https://www.kaigokensaku.mhlw.go.jp/44/index.php?action_kouhyou_detail_004_kani=true&JigyosyoCd=4470200330-00&ServiceCd=150&Type=search", "url2": "rouran-beppu.com" }, "geometry": { "type": "Point", "coordinates": [ 131.478642700000023, 33.3173914 ] } },
{ "type": "Feature", "properties": { "内容": "デイサービスセンター別府石垣園【通所介護】大分県別府市石垣西2-1-31", "url": "https://www.kaigokensaku.mhlw.go.jp/44/index.php?action_kouhyou_detail_004_kani=true&JigyosyoCd=4470200413-00&ServiceCd=150&Type=search", "url2": "day@beppu-ishigakien.jp" }, "geometry": { "type": "Point", "coordinates": [ 131.495260542424859, 33.291958212638683 ] } },
{ "type": "Feature", "properties": { "内容": "デイサービスセンターはるかぜ庵【通所介護】大分県別府市石垣西10丁目2942番地", "url": "https://www.kaigokensaku.mhlw.go.jp/44/index.php?action_kouhyou_detail_004_kani=true&JigyosyoCd=4470201817-00&ServiceCd=150&Type=search", "url2": "http://www.harukaze.or.jp/" }, "geometry": { "type": "Point", "coordinates": [ 131.491511100000025, 33.3034678 ] } },
{ "type": "Feature", "properties": { "内容": "恵幸園デイサービスセンター【通所介護】大分県別府市小倉町69番1号", "url": "https://www.kaigokensaku.mhlw.go.jp/44/index.php?action_kouhyou_detail_004_kani=true&JigyosyoCd=4470200371-00&ServiceCd=150&Type=search", "url2": "https://keikouen-beppu.com" }, "geometry": { "type": "Point", "coordinates": [ 131.456336653998477, 33.312400201320528 ] } },
{ "type": "Feature", "properties": { "内容": "偕楽園指定通所介護事業所【通所介護】大分県別府市南荘園町4番36号", "url": "https://www.kaigokensaku.mhlw.go.jp/44/index.php?action_kouhyou_detail_004_kani=true&JigyosyoCd=4470201486-00&ServiceCd=150&Type=search", "url2": "http://www.kairakuen-sunny.com/" }, "geometry": { "type": "Point", "coordinates": [ 131.479887542991605, 33.287846738480418 ] } },
{ "type": "Feature", "properties": { "内容": "扇山デイサービス【通所介護】大分県別府市扇山6-1-3", "url": "https://www.kaigokensaku.mhlw.go.jp/44/index.php?action_kouhyou_detail_004_kani=true&JigyosyoCd=4470201833-00&ServiceCd=150&Type=search", "url2": "http://koroh-tasukeai.com" }, "geometry": { "type": "Point", "coordinates": [ 131.469034274502746, 33.297286751647327 ] } },
{ "type": "Feature", "properties": { "内容": "デイサービスセンター　白梅の花【通所介護】大分県別府市中島町11番25号", "url": "https://www.kaigokensaku.mhlw.go.jp/44/index.php?action_kouhyou_detail_004_kani=true&JigyosyoCd=4470202526-00&ServiceCd=150&Type=search", "url2": null }, "geometry": { "type": "Point", "coordinates": [ 131.490636099999961, 33.2746212 ] } },
{ "type": "Feature", "properties": { "内容": "デイサービスセンターまほろば【通所介護】大分県別府市上人ヶ浜町7番48号", "url": "https://www.kaigokensaku.mhlw.go.jp/44/index.php?action_kouhyou_detail_004_kani=true&JigyosyoCd=4470203334-00&ServiceCd=150&Type=search", "url2": "http://meguminokai.co.jp" }, "geometry": { "type": "Point", "coordinates": [ 131.499163908598376, 33.318671221385202 ] } },
{ "type": "Feature", "properties": { "内容": "デイサービスセンターこはる【通所介護】大分県別府市中島町2番4号", "url": "https://www.kaigokensaku.mhlw.go.jp/44/index.php?action_kouhyou_detail_004_kani=true&JigyosyoCd=4470203003-00&ServiceCd=150&Type=search", "url2": "https://meguminokai.co.jp" }, "geometry": { "type": "Point", "coordinates": [ 131.493166400000064, 33.2733075 ] } },
{ "type": "Feature", "properties": { "内容": "デイサービス　ひなたぼっこ【通所介護】大分県別府市南立石1区2組1", "url": "https://www.kaigokensaku.mhlw.go.jp/44/index.php?action_kouhyou_detail_004_kani=true&JigyosyoCd=4470201726-00&ServiceCd=150&Type=search", "url2": null }, "geometry": { "type": "Point", "coordinates": [ 131.481742539519104, 33.285901630618696 ] } },
{ "type": "Feature", "properties": { "内容": "デイサービスせいか南立石うみの棟【通所介護】大分県別府市大字南立石1235番地の1", "url": "https://www.kaigokensaku.mhlw.go.jp/44/index.php?action_kouhyou_detail_004_kani=true&JigyosyoCd=4470203953-00&ServiceCd=150&Type=search", "url2": "https://www.kaigonomadoguti.com" }, "geometry": { "type": "Point", "coordinates": [ 131.47291, 33.2879948 ] } },
{ "type": "Feature", "properties": { "内容": "RE’Fineデイ別府【通所介護】大分県別府市野口元町1775番地Greenガーデンアトリオ別府青山", "url": "https://www.kaigokensaku.mhlw.go.jp/44/index.php?action_kouhyou_detail_004_kani=true&JigyosyoCd=4470203979-00&ServiceCd=150&Type=search", "url2": null }, "geometry": { "type": "Point", "coordinates": [ 131.500445087696875, 33.281365311797785 ] } },
{ "type": "Feature", "properties": { "内容": "デイサービスセンターぽれぽれ【通所介護】大分県別府市火売8組4", "url": "https://www.kaigokensaku.mhlw.go.jp/44/index.php?action_kouhyou_detail_004_kani=true&JigyosyoCd=4470203250-00&ServiceCd=150&Type=search", "url2": null }, "geometry": { "type": "Point", "coordinates": [ 131.4734876, 33.3085033 ] } },
{ "type": "Feature", "properties": { "内容": "下肢機能訓練特化型デイサービス　ゼロアップ【通所介護】東荘園6丁目6番10号", "url": "https://www.kaigokensaku.mhlw.go.jp/44/index.php?action_kouhyou_detail_004_kani=true&JigyosyoCd=4470204035-00&ServiceCd=150&Type=search", "url2": "https://www.zero-updayservice.com" }, "geometry": { "type": "Point", "coordinates": [ 131.483896864418028, 33.295199935469057 ] } },
{ "type": "Feature", "properties": { "内容": "別府湾リゾートデイサービス【通所介護】大分県別府市大字浜脇29-11", "url": "https://www.kaigokensaku.mhlw.go.jp/44/index.php?action_kouhyou_detail_004_kani=true&JigyosyoCd=4470203359-00&ServiceCd=150&Type=search", "url2": null }, "geometry": { "type": "Point", "coordinates": [ 131.512697900000035, 33.2667609 ] } },
{ "type": "Feature", "properties": { "内容": "デイサービスセンターなごみ【通所介護】大分県中津市大字万田57番地1", "url": "https://www.kaigokensaku.mhlw.go.jp/44/index.php?action_kouhyou_detail_004_kani=true&JigyosyoCd=4470300833-00&ServiceCd=150&Type=search", "url2": null }, "geometry": { "type": "Point", "coordinates": [ 131.185522799999944, 33.5734565 ] } },
{ "type": "Feature", "properties": { "内容": "デイサービス赤とんぼ中津いっちょう【通所介護】大分県中津市三光佐知930-1", "url": "https://www.kaigokensaku.mhlw.go.jp/44/index.php?action_kouhyou_detail_004_kani=true&JigyosyoCd=4470300775-00&ServiceCd=150&Type=search", "url2": null }, "geometry": { "type": "Point", "coordinates": [ 131.191925199999986, 33.5584224 ] } },
{ "type": "Feature", "properties": { "内容": "デイサービスセンター　ゆるりと【通所介護】大分県中津市大字大塚544-1", "url": "https://www.kaigokensaku.mhlw.go.jp/44/index.php?action_kouhyou_detail_004_kani=true&JigyosyoCd=4470301443-00&ServiceCd=150&Type=search", "url2": null }, "geometry": { "type": "Point", "coordinates": [ 131.2042577, 33.6097318 ] } },
{ "type": "Feature", "properties": { "内容": "デイサービスセンター新生【通所介護】大分県中津市大字万田５９４", "url": "https://www.kaigokensaku.mhlw.go.jp/44/index.php?action_kouhyou_detail_004_kani=true&JigyosyoCd=4470300965-00&ServiceCd=150&Type=search", "url2": "www.uchio-seikei.com" }, "geometry": { "type": "Point", "coordinates": [ 131.1852642, 33.5838639 ] } },
{ "type": "Feature", "properties": { "内容": "デイサービスセンター三光【通所介護】大分県中津市三光成恒421番地1中津市三光福祉保健センター", "url": "https://www.kaigokensaku.mhlw.go.jp/44/index.php?action_kouhyou_detail_004_kani=true&JigyosyoCd=4473000158-00&ServiceCd=150&Type=search", "url2": null }, "geometry": { "type": "Point", "coordinates": [ 131.209515300000021, 33.5378843 ] } },
{ "type": "Feature", "properties": { "内容": "デイサービスセンター喜楽【通所介護】大分県中津市山国町守実112番地の12", "url": "https://www.kaigokensaku.mhlw.go.jp/44/index.php?action_kouhyou_detail_004_kani=true&JigyosyoCd=4470300767-00&ServiceCd=150&Type=search", "url2": null }, "geometry": { "type": "Point", "coordinates": [ 131.0424, 33.4030786 ] } },
{ "type": "Feature", "properties": { "内容": "老人デイサービスセンター燦燦館中央【通所介護】大分県中津市中央町１丁目３－５４", "url": "https://www.kaigokensaku.mhlw.go.jp/44/index.php?action_kouhyou_detail_004_kani=true&JigyosyoCd=4470300742-00&ServiceCd=150&Type=search", "url2": null }, "geometry": { "type": "Point", "coordinates": [ 131.192085600000041, 33.5923523 ] } },
{ "type": "Feature", "properties": { "内容": "デイサービスセンターグリーンヴィレッジ【通所介護】大分県中津市大字犬丸763-1", "url": "https://www.kaigokensaku.mhlw.go.jp/44/index.php?action_kouhyou_detail_004_kani=true&JigyosyoCd=4470301294-00&ServiceCd=150&Type=search", "url2": null }, "geometry": { "type": "Point", "coordinates": [ 131.25566128128969, 33.5648864580481 ] } },
{ "type": "Feature", "properties": { "内容": "老人デイサービスセンター燦燦館東なかつ【通所介護】大分県中津市大字上如水字野田1825番10", "url": "https://www.kaigokensaku.mhlw.go.jp/44/index.php?action_kouhyou_detail_004_kani=true&JigyosyoCd=4470301211-00&ServiceCd=150&Type=search", "url2": null }, "geometry": { "type": "Point", "coordinates": [ 131.239851915358031, 33.575737243735659 ] } },
{ "type": "Feature", "properties": { "内容": "デイサービスセンター　うちお【通所介護】大分県中津市大字上宮永３３１番地２", "url": "https://www.kaigokensaku.mhlw.go.jp/44/index.php?action_kouhyou_detail_004_kani=true&JigyosyoCd=4470300536-00&ServiceCd=150&Type=search", "url2": "www.uchio-seikei.com" }, "geometry": { "type": "Point", "coordinates": [ 131.184314299999983, 33.5842611 ] } },
{ "type": "Feature", "properties": { "内容": "デイサービスセンター悠々【通所介護】大分県中津市豊田町6番地2", "url": "https://www.kaigokensaku.mhlw.go.jp/44/index.php?action_kouhyou_detail_004_kani=true&JigyosyoCd=4470300858-00&ServiceCd=150&Type=search", "url2": "http://www8.plala.or.jp/yuyu/" }, "geometry": { "type": "Point", "coordinates": [ 131.189557899999954, 33.5972684 ] } },
{ "type": "Feature", "properties": { "内容": "デイサービスセンターよつ葉【通所介護】大分県中津市大字永添2636-114", "url": "https://www.kaigokensaku.mhlw.go.jp/44/index.php?action_kouhyou_detail_004_kani=true&JigyosyoCd=4470301104-00&ServiceCd=150&Type=search", "url2": "http://www.kaigo-yotsuba.com/" }, "geometry": { "type": "Point", "coordinates": [ 131.202402, 33.5623198 ] } },
{ "type": "Feature", "properties": { "内容": "デイサービスセンター玄々堂【通所介護】大分県中津市下池永13番地", "url": "https://www.kaigokensaku.mhlw.go.jp/44/index.php?action_kouhyou_detail_004_kani=true&JigyosyoCd=4470300650-00&ServiceCd=150&Type=search", "url2": "http://act-group.jp/care/" }, "geometry": { "type": "Point", "coordinates": [ 131.2102119, 33.5884257 ] } },
{ "type": "Feature", "properties": { "内容": "デイサービスおぐす【通所介護】大分県中津市牛神19番地1", "url": "https://www.kaigokensaku.mhlw.go.jp/44/index.php?action_kouhyou_detail_004_kani=true&JigyosyoCd=4470300700-00&ServiceCd=150&Type=search", "url2": "http：//www.taizenkai.com/" }, "geometry": { "type": "Point", "coordinates": [ 131.203303799999958, 33.6014435 ] } },
{ "type": "Feature", "properties": { "内容": "デイサービスセンター花しょうぶ【通所介護】大字下池永227-1", "url": "https://www.kaigokensaku.mhlw.go.jp/44/index.php?action_kouhyou_detail_004_kani=true&JigyosyoCd=4470301062-00&ServiceCd=150&Type=search", "url2": "hanasyoubu@kcc-fukushi.co.jp" }, "geometry": { "type": "Point", "coordinates": [ 131.2151503, 33.5884453 ] } },
{ "type": "Feature", "properties": { "内容": "デイサービスセンターえーる【通所介護】大分県中津市大字大貞371-356", "url": "https://www.kaigokensaku.mhlw.go.jp/44/index.php?action_kouhyou_detail_004_kani=true&JigyosyoCd=4470301377-00&ServiceCd=150&Type=search", "url2": null }, "geometry": { "type": "Point", "coordinates": [ 131.209566689449474, 33.566359346877022 ] } },
{ "type": "Feature", "properties": { "内容": "リハケアあるく【通所介護】大分県中津市大字大貞371-129リハケア", "url": "https://www.kaigokensaku.mhlw.go.jp/44/index.php?action_kouhyou_detail_004_kani=true&JigyosyoCd=4470301542-00&ServiceCd=150&Type=search", "url2": "https://www.reha-care.jp/" }, "geometry": { "type": "Point", "coordinates": [ 131.212593514077753, 33.568143289399366 ] } },
{ "type": "Feature", "properties": { "内容": "デイサービスひだまり【通所介護】大分県中津市大字宮夫14番地1かわしま介護ケアセンター", "url": "https://www.kaigokensaku.mhlw.go.jp/44/index.php?action_kouhyou_detail_004_kani=true&JigyosyoCd=4470301161-00&ServiceCd=150&Type=search", "url2": "http//kawashimahp.jp" }, "geometry": { "type": "Point", "coordinates": [ 131.213544800000022, 33.5929809 ] } },
{ "type": "Feature", "properties": { "内容": "いずみの園リハビリセンターふれあい館【通所介護】大分県中津市永添2744", "url": "https://www.kaigokensaku.mhlw.go.jp/44/index.php?action_kouhyou_detail_004_kani=true&JigyosyoCd=4470301021-00&ServiceCd=150&Type=search", "url2": "http://www.izuminosono.jp/" }, "geometry": { "type": "Point", "coordinates": [ 131.198587098240438, 33.561620950679114 ] } },
{ "type": "Feature", "properties": { "内容": "いずみの園デイサービスセンターふれんど館【通所介護】大分県中津市永添2744", "url": "https://www.kaigokensaku.mhlw.go.jp/44/index.php?action_kouhyou_detail_004_kani=true&JigyosyoCd=4470300130-00&ServiceCd=150&Type=search", "url2": "http://www.izuminosono.jp/" }, "geometry": { "type": "Point", "coordinates": [ 131.198195611746428, 33.561313486298694 ] } },
{ "type": "Feature", "properties": { "内容": "いずみの園デイサービスセンターかきぜ【通所介護】大分県中津市蛎瀬643福祉の里センター　サマリア館", "url": "https://www.kaigokensaku.mhlw.go.jp/44/index.php?action_kouhyou_detail_004_kani=true&JigyosyoCd=4470300510-00&ServiceCd=150&Type=search", "url2": "http://www.izuminosono.jp" }, "geometry": { "type": "Point", "coordinates": [ 131.201215, 33.6034127 ] } },
{ "type": "Feature", "properties": { "内容": "デイサービスセンターおうま【通所介護】大分県中津市大字合馬字池ノ手2－1", "url": "https://www.kaigokensaku.mhlw.go.jp/44/index.php?action_kouhyou_detail_004_kani=true&JigyosyoCd=4470301252-00&ServiceCd=150&Type=search", "url2": null }, "geometry": { "type": "Point", "coordinates": [ 131.222449197622723, 33.585320505262168 ] } },
{ "type": "Feature", "properties": { "内容": "デイサービスセンターかなで【通所介護】大分県中津市大字上如水379番地", "url": "https://www.kaigokensaku.mhlw.go.jp/44/index.php?action_kouhyou_detail_004_kani=true&JigyosyoCd=4470301401-00&ServiceCd=150&Type=search", "url2": "https://meguminokai.co.jp" }, "geometry": { "type": "Point", "coordinates": [ 131.228686625656167, 33.582520201207195 ] } },
{ "type": "Feature", "properties": { "内容": "デイサービスセンター山国【通所介護】大分県中津市山国町守実57番地1中津市山国高齢者生活福祉センター内", "url": "https://www.kaigokensaku.mhlw.go.jp/44/index.php?action_kouhyou_detail_004_kani=true&JigyosyoCd=4473000240-00&ServiceCd=150&Type=search", "url2": null }, "geometry": { "type": "Point", "coordinates": [ 131.0412417, 33.4048783 ] } },
{ "type": "Feature", "properties": { "内容": "デイサービスセンター本耶馬渓【通所介護】大分県中津市本耶馬渓折元1243番地中津市本耶馬渓総合福祉センター内", "url": "https://www.kaigokensaku.mhlw.go.jp/44/index.php?action_kouhyou_detail_004_kani=true&JigyosyoCd=4473000109-00&ServiceCd=150&Type=search", "url2": null }, "geometry": { "type": "Point", "coordinates": [ 131.185691899999938, 33.4566785 ] } },
{ "type": "Feature", "properties": { "内容": "デイサービスセンター耶馬溪【通所介護】大分県中津市耶馬溪町大字樋山路25番地1中津市耶馬溪老人デイサービスセンター", "url": "https://www.kaigokensaku.mhlw.go.jp/44/index.php?action_kouhyou_detail_004_kani=true&JigyosyoCd=4473000166-00&ServiceCd=150&Type=search", "url2": "https://nakatsu-s.or.jp/" }, "geometry": { "type": "Point", "coordinates": [ 131.097924700000021, 33.4309126 ] } },
{ "type": "Feature", "properties": { "内容": "デイサービス蹈青【通所介護】大分県日田市南元町304番2", "url": "https://www.kaigokensaku.mhlw.go.jp/44/index.php?action_kouhyou_detail_004_kani=true&JigyosyoCd=4470401391-00&ServiceCd=150&Type=search", "url2": null }, "geometry": { "type": "Point", "coordinates": [ 130.942293177662691, 33.312397481390917 ] } },
{ "type": "Feature", "properties": { "内容": "悠愛デイサービス【通所介護】大分県日田市亀山町5-30", "url": "https://www.kaigokensaku.mhlw.go.jp/44/index.php?action_kouhyou_detail_004_kani=true&JigyosyoCd=4470401508-00&ServiceCd=150&Type=search", "url2": null }, "geometry": { "type": "Point", "coordinates": [ 130.9305584, 33.3178799 ] } },
{ "type": "Feature", "properties": { "内容": "ディサービスゆめ倶楽部【通所介護】大分県日田市神来町607-5", "url": "https://www.kaigokensaku.mhlw.go.jp/44/index.php?action_kouhyou_detail_004_kani=true&JigyosyoCd=4470400914-00&ServiceCd=150&Type=search", "url2": "http://www.suimei.or.jp" }, "geometry": { "type": "Point", "coordinates": [ 130.960066347082488, 33.312920043232474 ] } },
{ "type": "Feature", "properties": { "内容": "デイサービスセンターソレイユの郷【通所介護】大分県日田市日高町２３０９－１ソレイユの郷日高", "url": "https://www.kaigokensaku.mhlw.go.jp/44/index.php?action_kouhyou_detail_004_kani=true&JigyosyoCd=4470400989-00&ServiceCd=150&Type=search", "url2": null }, "geometry": { "type": "Point", "coordinates": [ 130.95909748402255, 33.303835194335669 ] } },
{ "type": "Feature", "properties": { "内容": "デイサービスセンター日田ゆうあい【通所介護】大分県日田市亀山町4-16", "url": "https://www.kaigokensaku.mhlw.go.jp/44/index.php?action_kouhyou_detail_004_kani=true&JigyosyoCd=4470401581-00&ServiceCd=150&Type=search", "url2": null }, "geometry": { "type": "Point", "coordinates": [ 130.930041800000026, 33.3180049 ] } },
{ "type": "Feature", "properties": { "内容": "デイサービスセンター日田ゆうあい【通所介護】大分県日田市亀山町4-16", "url": "https://www.kaigokensaku.mhlw.go.jp/44/index.php?action_kouhyou_detail_004_kani=true&JigyosyoCd=4470401714-00&ServiceCd=150&Type=search", "url2": "https://a-lifesupport.co.jp" }, "geometry": { "type": "Point", "coordinates": [ 130.929739831352236, 33.317370565716608 ] } },
{ "type": "Feature", "properties": { "内容": "日田市社協デイサービスセンター「あまがせ」【通所介護】大分県日田市天瀬町合田1986-2", "url": "https://www.kaigokensaku.mhlw.go.jp/44/index.php?action_kouhyou_detail_004_kani=true&JigyosyoCd=4472900200-00&ServiceCd=150&Type=search", "url2": "https://www.hitashakyo.jp" }, "geometry": { "type": "Point", "coordinates": [ 131.00756130000002, 33.2835573 ] } },
{ "type": "Feature", "properties": { "内容": "日田園ヘルスケアセンター【通所介護】大分県日田市大字石井字池ノ瀬271番地の2", "url": "https://www.kaigokensaku.mhlw.go.jp/44/index.php?action_kouhyou_detail_004_kani=true&JigyosyoCd=4470400955-00&ServiceCd=150&Type=search", "url2": "http://www.hitaen.jp/" }, "geometry": { "type": "Point", "coordinates": [ 130.91504580000003, 33.3180349 ] } },
{ "type": "Feature", "properties": { "内容": "デイサービスセンター喜楽苑【通所介護】大分県日田市天瀬町桜竹1115-87", "url": "https://www.kaigokensaku.mhlw.go.jp/44/index.php?action_kouhyou_detail_004_kani=true&JigyosyoCd=4472900101-00&ServiceCd=150&Type=search", "url2": "https://www.kiraku-en.or.jp/" }, "geometry": { "type": "Point", "coordinates": [ 131.011878799999977, 33.2425558 ] } },
{ "type": "Feature", "properties": { "内容": "デイサービスセンターすいれん【通所介護】大分県日田市日高2309-1", "url": "https://www.kaigokensaku.mhlw.go.jp/44/index.php?action_kouhyou_detail_004_kani=true&JigyosyoCd=4470401656-00&ServiceCd=150&Type=search", "url2": null }, "geometry": { "type": "Point", "coordinates": [ 130.9587606, 33.30369 ] } },
{ "type": "Feature", "properties": { "内容": "あいのてる丘デイサービス【通所介護】大分県日田市大字十二町４８４－３住宅型有料老人ホームあいのてる丘", "url": "https://www.kaigokensaku.mhlw.go.jp/44/index.php?action_kouhyou_detail_004_kani=true&JigyosyoCd=4470401441-00&ServiceCd=150&Type=search", "url2": "http://horita-clinic.com/" }, "geometry": { "type": "Point", "coordinates": [ 130.920253295600901, 33.324559773162058 ] } },
{ "type": "Feature", "properties": { "内容": "ニチイケアセンター日田【通所介護】大分県日田市三芳小渕町36番", "url": "https://www.kaigokensaku.mhlw.go.jp/44/index.php?action_kouhyou_detail_004_kani=true&JigyosyoCd=4470400096-00&ServiceCd=150&Type=search", "url2": null }, "geometry": { "type": "Point", "coordinates": [ 130.9508045, 33.3049484 ] } },
{ "type": "Feature", "properties": { "内容": "デイサービスセンター　ゆあーじゅ【通所介護】大分県日田市大字三和825番3", "url": "https://www.kaigokensaku.mhlw.go.jp/44/index.php?action_kouhyou_detail_004_kani=true&JigyosyoCd=4470400658-00&ServiceCd=150&Type=search", "url2": null }, "geometry": { "type": "Point", "coordinates": [ 130.939841291987591, 33.346474947190238 ] } },
{ "type": "Feature", "properties": { "内容": "有田ひまわりデイサービスセンター【通所介護】大分県日田市大字東有田字町ノ坪2番4", "url": "https://www.kaigokensaku.mhlw.go.jp/44/index.php?action_kouhyou_detail_004_kani=true&JigyosyoCd=4470400161-00&ServiceCd=150&Type=search", "url2": null }, "geometry": { "type": "Point", "coordinates": [ 130.972592742965276, 33.332447152836536 ] } },
{ "type": "Feature", "properties": { "内容": "日田市社協デイサービスセンター「つえ」【通所介護】大分県日田市中津江村栃野4344番地1日田市津江高齢者生活福祉センター「長寿苑」", "url": "https://www.kaigokensaku.mhlw.go.jp/44/index.php?action_kouhyou_detail_004_kani=true&JigyosyoCd=4470401748-00&ServiceCd=150&Type=search", "url2": "www.hitasyakyo.jo" }, "geometry": { "type": "Point", "coordinates": [ 130.9743575, 33.1391695 ] } },
{ "type": "Feature", "properties": { "内容": "日田デイサービスセンター【通所介護】日田市大字石井字池ノ瀬271番地の2", "url": "https://www.kaigokensaku.mhlw.go.jp/44/index.php?action_kouhyou_detail_004_kani=true&JigyosyoCd=4470400237-00&ServiceCd=150&Type=search", "url2": "http://www.hitaen.jp/" }, "geometry": { "type": "Point", "coordinates": [ 130.911911942744382, 33.31257613180717 ] } },
{ "type": "Feature", "properties": { "内容": "介護保険サービスセンター花月園【通所介護】大分県日田市日ノ出町156", "url": "https://www.kaigokensaku.mhlw.go.jp/44/index.php?action_kouhyou_detail_004_kani=true&JigyosyoCd=4470400021-00&ServiceCd=150&Type=search", "url2": "www.kagetsuen-swc.com/" }, "geometry": { "type": "Point", "coordinates": [ 130.939713, 33.3347398 ] } },
{ "type": "Feature", "properties": { "内容": "デイサービス翔【通所介護】大分県日田市大字友田1424－2", "url": "https://www.kaigokensaku.mhlw.go.jp/44/index.php?action_kouhyou_detail_004_kani=true&JigyosyoCd=4470400807-00&ServiceCd=150&Type=search", "url2": null }, "geometry": { "type": "Point", "coordinates": [ 130.920539700000063, 33.3295813 ] } },
{ "type": "Feature", "properties": { "内容": "日田市社協　介護保険サービスセンター「おおやま」【通所介護】大分県日田市大山町西大山3610番地１大山総合福祉センター", "url": "https://www.kaigokensaku.mhlw.go.jp/44/index.php?action_kouhyou_detail_004_kani=true&JigyosyoCd=4472900036-00&ServiceCd=150&Type=search", "url2": "http://www.hitashakyo.jp/" }, "geometry": { "type": "Point", "coordinates": [ 130.969271239286826, 33.257979000457865 ] } },
{ "type": "Feature", "properties": { "内容": "デイサービスセンターうめの里【通所介護】大分県佐伯市宇目大字小野市字井ノ上3754-1", "url": "https://www.kaigokensaku.mhlw.go.jp/44/index.php?action_kouhyou_detail_004_kani=true&JigyosyoCd=4470501760-00&ServiceCd=150&Type=search", "url2": "http://r.goope.jp/choyokai" }, "geometry": { "type": "Point", "coordinates": [ 131.631422, 32.8556928 ] } },
{ "type": "Feature", "properties": { "内容": "楽々園　指定通所介護事業所【通所介護】大分県佐伯市長島町4丁目14番28号", "url": "https://www.kaigokensaku.mhlw.go.jp/44/index.php?action_kouhyou_detail_004_kani=true&JigyosyoCd=4470500184-00&ServiceCd=150&Type=search", "url2": "http://www.nagato.or.jp" }, "geometry": { "type": "Point", "coordinates": [ 131.905529500000057, 32.9532319 ] } },
{ "type": "Feature", "properties": { "内容": "佐伯市社協デイサービスセンター「なおかわ」【通所介護】大分県佐伯市直川大字赤木1235番地", "url": "https://www.kaigokensaku.mhlw.go.jp/44/index.php?action_kouhyou_detail_004_kani=true&JigyosyoCd=4472500224-00&ServiceCd=150&Type=search", "url2": "http://www.sashakyo/or/jp/" }, "geometry": { "type": "Point", "coordinates": [ 131.784668499999952, 32.8732064 ] } },
{ "type": "Feature", "properties": { "内容": "佐伯市社協デイサービスセンター「やよい」【通所介護】大分県佐伯市弥生大字上小倉1208番地", "url": "https://www.kaigokensaku.mhlw.go.jp/44/index.php?action_kouhyou_detail_004_kani=true&JigyosyoCd=4472500323-00&ServiceCd=150&Type=search", "url2": "http://sashakyo.or.jp/publics/index/1/" }, "geometry": { "type": "Point", "coordinates": [ 131.840731099999971, 32.9692841 ] } },
{ "type": "Feature", "properties": { "内容": "デイサービスセンター鶴望園【通所介護】大分県佐伯市大字鶴望5156-1", "url": "https://www.kaigokensaku.mhlw.go.jp/44/index.php?action_kouhyou_detail_004_kani=true&JigyosyoCd=4470500747-00&ServiceCd=150&Type=search", "url2": "http://tsurumien.com/" }, "geometry": { "type": "Point", "coordinates": [ 131.881922600000053, 32.9695959 ] } },
{ "type": "Feature", "properties": { "内容": "デイサービスセンター　彦岳の太陽【通所介護】大分県佐伯市大字狩生418番地2", "url": "https://www.kaigokensaku.mhlw.go.jp/44/index.php?action_kouhyou_detail_004_kani=true&JigyosyoCd=4470500945-00&ServiceCd=150&Type=search", "url2": "http://www.hikodake.net/" }, "geometry": { "type": "Point", "coordinates": [ 131.901705600000014, 33.0163783 ] } },
{ "type": "Feature", "properties": { "内容": "デイサービスセンターこでら【通所介護】大分県佐伯市鶴見大字沖松浦508－2佐伯市鶴見高齢者福祉センター", "url": "https://www.kaigokensaku.mhlw.go.jp/44/index.php?action_kouhyou_detail_004_kani=true&JigyosyoCd=4470501737-00&ServiceCd=150&Type=search", "url2": null }, "geometry": { "type": "Point", "coordinates": [ 131.876351, 32.9624966 ] } },
{ "type": "Feature", "properties": { "内容": "デイサービス樹の里【通所介護】大分県佐伯市弥生大字井崎字中道957", "url": "https://www.kaigokensaku.mhlw.go.jp/44/index.php?action_kouhyou_detail_004_kani=true&JigyosyoCd=4470501620-00&ServiceCd=150&Type=search", "url2": null }, "geometry": { "type": "Point", "coordinates": [ 131.8443972, 32.9751779 ] } },
{ "type": "Feature", "properties": { "内容": "バンジョウノシラベツウショカイゴジギョウショ【通所介護】大分県佐伯市弥生大字門田173番地1", "url": "https://www.kaigokensaku.mhlw.go.jp/44/index.php?action_kouhyou_detail_004_kani=true&JigyosyoCd=4470501703-00&ServiceCd=150&Type=search", "url2": null }, "geometry": { "type": "Point", "coordinates": [ 131.842361964024832, 32.948784618052009 ] } },
{ "type": "Feature", "properties": { "内容": "デイサービス　きぼう【通所介護】大分県佐伯市字女島7439", "url": "https://www.kaigokensaku.mhlw.go.jp/44/index.php?action_kouhyou_detail_004_kani=true&JigyosyoCd=4470501448-00&ServiceCd=150&Type=search", "url2": "saiki-kibou.jp" }, "geometry": { "type": "Point", "coordinates": [ 131.914559100000019, 32.9573373 ] } },
{ "type": "Feature", "properties": { "内容": "佐伯市弥生デイサービスセンター【通所介護】大分県佐伯市大字小倉１２０８番地", "url": "https://www.kaigokensaku.mhlw.go.jp/44/index.php?action_kouhyou_detail_004_kani=true&JigyosyoCd=4470501901-00&ServiceCd=150&Type=search", "url2": "http://kodomomirai.saiki.jp/" }, "geometry": { "type": "Point", "coordinates": [ 131.900056299999989, 32.959827 ] } },
{ "type": "Feature", "properties": { "内容": "デイサービスいきいき【通所介護】大分県佐伯市大字木立5597-1", "url": "https://www.kaigokensaku.mhlw.go.jp/44/index.php?action_kouhyou_detail_004_kani=true&JigyosyoCd=4470501653-00&ServiceCd=150&Type=search", "url2": null }, "geometry": { "type": "Point", "coordinates": [ 131.939483267004107, 32.92522091557057 ] } },
{ "type": "Feature", "properties": { "内容": "デイサービスセンター愛情苑八幡【通所介護】大分県佐伯市大字戸穴字首山619-9", "url": "https://www.kaigokensaku.mhlw.go.jp/44/index.php?action_kouhyou_detail_004_kani=true&JigyosyoCd=4470502008-00&ServiceCd=150&Type=search", "url2": "http://r.goope.jp/choyokai" }, "geometry": { "type": "Point", "coordinates": [ 131.8824233, 33.0145227 ] } },
{ "type": "Feature", "properties": { "内容": "介護予防センター愛情苑八幡【通所介護】大分県佐伯市大字戸穴字首山619-9", "url": "https://www.kaigokensaku.mhlw.go.jp/44/index.php?action_kouhyou_detail_004_kani=true&JigyosyoCd=4470500226-00&ServiceCd=150&Type=search", "url2": "http://r.goope.jp/choyokai" }, "geometry": { "type": "Point", "coordinates": [ 131.891559799999982, 33.0014572 ] } },
{ "type": "Feature", "properties": { "内容": "デイサービスセンター　潮の風【通所介護】大分県佐伯市蒲江大字丸市尾浦21番地", "url": "https://www.kaigokensaku.mhlw.go.jp/44/index.php?action_kouhyou_detail_004_kani=true&JigyosyoCd=4470500887-00&ServiceCd=150&Type=search", "url2": "http://ushionokaze.net/" }, "geometry": { "type": "Point", "coordinates": [ 131.87728089999996, 32.7936556 ] } },
{ "type": "Feature", "properties": { "内容": "長門デイサービスセンター【通所介護】大分県佐伯市鶴岡町1丁目6番3号", "url": "https://www.kaigokensaku.mhlw.go.jp/44/index.php?action_kouhyou_detail_004_kani=true&JigyosyoCd=4470501745-00&ServiceCd=150&Type=search", "url2": "http://www.nagato.or.jp" }, "geometry": { "type": "Point", "coordinates": [ 131.883120100000042, 32.9582057 ] } },
{ "type": "Feature", "properties": { "内容": "デイサービスセンター　悠凪【通所介護】佐伯市中の島1-2-3", "url": "https://www.kaigokensaku.mhlw.go.jp/44/index.php?action_kouhyou_detail_004_kani=true&JigyosyoCd=4470501802-00&ServiceCd=150&Type=search", "url2": "http://yamanokai.co.jp" }, "geometry": { "type": "Point", "coordinates": [ 131.900805799999944, 32.9580153 ] } },
{ "type": "Feature", "properties": { "内容": "さいき長寿苑そよ風【通所介護】大分県佐伯市鶴岡西町二丁目２６９番地", "url": "https://www.kaigokensaku.mhlw.go.jp/44/index.php?action_kouhyou_detail_004_kani=true&JigyosyoCd=4470501356-00&ServiceCd=150&Type=search", "url2": null }, "geometry": { "type": "Point", "coordinates": [ 131.864632499999971, 32.9584301 ] } },
{ "type": "Feature", "properties": { "内容": "デイ・サービスセンターロイヤルなおかわ【通所介護】大分県佐伯市直川大字上直見２９２０番地１号デイ・サービスセンターロイヤルなおかわ", "url": "https://www.kaigokensaku.mhlw.go.jp/44/index.php?action_kouhyou_detail_004_kani=true&JigyosyoCd=4470501331-00&ServiceCd=150&Type=search", "url2": "tky-royal.co.jp" }, "geometry": { "type": "Point", "coordinates": [ 131.796286862955412, 32.906773501591111 ] } },
{ "type": "Feature", "properties": { "内容": "デイサービスセンターきづな【通所介護】大分県佐伯市本匠大字笠掛1589番地1みどりの郷優しい風1階", "url": "https://www.kaigokensaku.mhlw.go.jp/44/index.php?action_kouhyou_detail_004_kani=true&JigyosyoCd=4470501455-00&ServiceCd=150&Type=search", "url2": null }, "geometry": { "type": "Point", "coordinates": [ 131.799732720255093, 32.953655355862679 ] } },
{ "type": "Feature", "properties": { "内容": "デイサービスセンター　遊友館【通所介護】大分県佐伯市上灘10077番地1", "url": "https://www.kaigokensaku.mhlw.go.jp/44/index.php?action_kouhyou_detail_004_kani=true&JigyosyoCd=4470501208-00&ServiceCd=150&Type=search", "url2": null }, "geometry": { "type": "Point", "coordinates": [ 131.911078515530306, 32.944330464391015 ] } },
{ "type": "Feature", "properties": { "内容": "蒲江デイサービスセンター【通所介護】大分県佐伯市蒲江大字蒲江浦１３４４番地１", "url": "https://www.kaigokensaku.mhlw.go.jp/44/index.php?action_kouhyou_detail_004_kani=true&JigyosyoCd=4472500315-00&ServiceCd=150&Type=search", "url2": "http://www.saiki.tv/~kamae-1886/" }, "geometry": { "type": "Point", "coordinates": [ 131.941476700000067, 32.8040462 ] } },
{ "type": "Feature", "properties": { "内容": "佐伯市社協デイサービスセンター「うめ」【通所介護】大分県佐伯市宇目大字小野市3374番地1佐伯市宇目高齢者生活福祉センター「通所介護部門」", "url": "https://www.kaigokensaku.mhlw.go.jp/44/index.php?action_kouhyou_detail_004_kani=true&JigyosyoCd=4472500158-00&ServiceCd=150&Type=search", "url2": "http://www.sashakyo.or.jp/" }, "geometry": { "type": "Point", "coordinates": [ 131.630508299999974, 32.8521071 ] } },
{ "type": "Feature", "properties": { "内容": "佐伯市社協デイサービスセンター「上浦ふれあい荘」【通所介護】大分県佐伯市上浦大字浅海井浦489番地10", "url": "https://www.kaigokensaku.mhlw.go.jp/44/index.php?action_kouhyou_detail_004_kani=true&JigyosyoCd=4472500281-00&ServiceCd=150&Type=search", "url2": "http://www.sashakyo.or.jp/index.html" }, "geometry": { "type": "Point", "coordinates": [ 131.920596700000033, 33.0421729 ] } },
{ "type": "Feature", "properties": { "内容": "佐伯市老人デイサービスセンターB型「中川園」【通所介護】大分県佐伯市向島１丁目３番８号佐伯市保険福祉総合センター　和楽内", "url": "https://www.kaigokensaku.mhlw.go.jp/44/index.php?action_kouhyou_detail_004_kani=true&JigyosyoCd=4470501232-00&ServiceCd=150&Type=search", "url2": "https//www.nagato.or.jp" }, "geometry": { "type": "Point", "coordinates": [ 131.900157600000057, 32.9586506 ] } },
{ "type": "Feature", "properties": { "内容": "社会福祉法人双樹会ながと通所介護事業所【通所介護】大分県佐伯市弥生大字井崎字中道957番地", "url": "https://www.kaigokensaku.mhlw.go.jp/44/index.php?action_kouhyou_detail_004_kani=true&JigyosyoCd=4470501976-00&ServiceCd=150&Type=search", "url2": "https://www.nagato.or.jp/index.html" }, "geometry": { "type": "Point", "coordinates": [ 131.842444556227292, 32.972201594533466 ] } },
{ "type": "Feature", "properties": { "内容": "介護予防センター愛情苑女島【通所介護】大分県佐伯市字女島6945番1", "url": "https://www.kaigokensaku.mhlw.go.jp/44/index.php?action_kouhyou_detail_004_kani=true&JigyosyoCd=4470500606-00&ServiceCd=150&Type=search", "url2": "http://r.goope.jp/choyokai" }, "geometry": { "type": "Point", "coordinates": [ 131.908521400000041, 32.9540203 ] } },
{ "type": "Feature", "properties": { "内容": "介護予防センター愛情苑鶴岡【通所介護】大分県佐伯市上岡1237番地8", "url": "https://www.kaigokensaku.mhlw.go.jp/44/index.php?action_kouhyou_detail_004_kani=true&JigyosyoCd=4470500879-00&ServiceCd=150&Type=search", "url2": "http://r.goopejp/choyokai" }, "geometry": { "type": "Point", "coordinates": [ 131.864754799999986, 32.9573191 ] } },
{ "type": "Feature", "properties": { "内容": "デイサービスセンター愛情苑【通所介護】大分県佐伯市大字長良4954番地", "url": "https://www.kaigokensaku.mhlw.go.jp/44/index.php?action_kouhyou_detail_004_kani=true&JigyosyoCd=4470500242-00&ServiceCd=150&Type=search", "url2": "http://r.goopejp/choyokai" }, "geometry": { "type": "Point", "coordinates": [ 131.911726600000065, 32.9365425 ] } },
{ "type": "Feature", "properties": { "内容": "デイサービスセンター愛情苑鶴見【通所介護】大分県佐伯市鶴見大字沖松浦508番地２", "url": "https://www.kaigokensaku.mhlw.go.jp/44/index.php?action_kouhyou_detail_004_kani=true&JigyosyoCd=4470501893-00&ServiceCd=150&Type=search", "url2": "http://r.goope.jp/choyokai" }, "geometry": { "type": "Point", "coordinates": [ 131.962765750926195, 32.942232473101079 ] } },
{ "type": "Feature", "properties": { "内容": "野津町デイサービスセンター【通所介護】大分県臼杵市野津町大字野津市1050番地", "url": "https://www.kaigokensaku.mhlw.go.jp/44/index.php?action_kouhyou_detail_004_kani=true&JigyosyoCd=4472600644-00&ServiceCd=150&Type=search", "url2": null }, "geometry": { "type": "Point", "coordinates": [ 131.6921413, 33.0408689 ] } },
{ "type": "Feature", "properties": { "内容": "デイサービスさわらび【通所介護】大字井村１４３２番地の1", "url": "https://www.kaigokensaku.mhlw.go.jp/44/index.php?action_kouhyou_detail_004_kani=true&JigyosyoCd=4470600935-00&ServiceCd=150&Type=search", "url2": null }, "geometry": { "type": "Point", "coordinates": [ 131.777246500000047, 33.1412809 ] } },
{ "type": "Feature", "properties": { "内容": "デイサービスセンター喫茶去【通所介護】大分県臼杵市大字海添551番地", "url": "https://www.kaigokensaku.mhlw.go.jp/44/index.php?action_kouhyou_detail_004_kani=true&JigyosyoCd=4470600760-00&ServiceCd=150&Type=search", "url2": "http://www.kissako.co.jp/" }, "geometry": { "type": "Point", "coordinates": [ 131.8063661, 33.1116242 ] } },
{ "type": "Feature", "properties": { "内容": "デイサービスセンターひあたり良好【通所介護】大分県臼杵市大字福良字塩入1841-3", "url": "https://www.kaigokensaku.mhlw.go.jp/44/index.php?action_kouhyou_detail_004_kani=true&JigyosyoCd=4470600463-00&ServiceCd=150&Type=search", "url2": null }, "geometry": { "type": "Point", "coordinates": [ 131.791786223748545, 33.113034524061739 ] } },
{ "type": "Feature", "properties": { "内容": "輝デイサービスセンター【通所介護】大分県臼杵市大字戸室字大迫937番地", "url": "https://www.kaigokensaku.mhlw.go.jp/44/index.php?action_kouhyou_detail_004_kani=true&JigyosyoCd=4470600968-00&ServiceCd=150&Type=search", "url2": "https://www.mizuhokousei.com" }, "geometry": { "type": "Point", "coordinates": [ 131.784436, 33.1224132 ] } },
{ "type": "Feature", "properties": { "内容": "指定通所介護いいあんばい【通所介護】大分県臼杵市大字大野字友田大道西３番４", "url": "https://www.kaigokensaku.mhlw.go.jp/44/index.php?action_kouhyou_detail_004_kani=true&JigyosyoCd=4470600307-00&ServiceCd=150&Type=search", "url2": null }, "geometry": { "type": "Point", "coordinates": [ 131.792300399999931, 33.1462782 ] } },
{ "type": "Feature", "properties": { "内容": "デイサービスセンター城東【通所介護】大分県臼杵市大字臼杵字浜2の107番地の715", "url": "https://www.kaigokensaku.mhlw.go.jp/44/index.php?action_kouhyou_detail_004_kani=true&JigyosyoCd=4470600406-00&ServiceCd=150&Type=search", "url2": "http://hiiragikai.or.jp/" }, "geometry": { "type": "Point", "coordinates": [ 131.806257114572219, 33.122201962964866 ] } },
{ "type": "Feature", "properties": { "内容": "臼杵病院デイサービスセンター【通所介護】大分県臼杵市大字江無田1154番地1臼杵病院", "url": "https://www.kaigokensaku.mhlw.go.jp/44/index.php?action_kouhyou_detail_004_kani=true&JigyosyoCd=4470601057-00&ServiceCd=150&Type=search", "url2": "http://usuki-hospital.or.jp/" }, "geometry": { "type": "Point", "coordinates": [ 131.780135299999984, 33.1251661 ] } },
{ "type": "Feature", "properties": { "内容": "四季の郷デイサービスセンター【通所介護】大分県臼杵市大字江無田1119番地の5", "url": "https://www.kaigokensaku.mhlw.go.jp/44/index.php?action_kouhyou_detail_004_kani=true&JigyosyoCd=4470600281-00&ServiceCd=150&Type=search", "url2": "http://mizuhokouseicenter.planet.bindcloud.jp/" }, "geometry": { "type": "Point", "coordinates": [ 131.77827149999996, 33.1240606 ] } },
{ "type": "Feature", "properties": { "内容": "臼杵デイサービスセンターひととき【通所介護】大分県臼杵市大字野田字森の木６番４", "url": "https://www.kaigokensaku.mhlw.go.jp/44/index.php?action_kouhyou_detail_004_kani=true&JigyosyoCd=4470600877-00&ServiceCd=150&Type=search", "url2": "http://fukushi-greencoop.or.jp/prog/dbs/96" }, "geometry": { "type": "Point", "coordinates": [ 131.7745433, 33.1098377 ] } },
{ "type": "Feature", "properties": { "内容": "緑の園デイサービスセンターふれあい【通所介護】大分県臼杵市大字諏訪289番地の1", "url": "https://www.kaigokensaku.mhlw.go.jp/44/index.php?action_kouhyou_detail_004_kani=true&JigyosyoCd=4470600141-00&ServiceCd=150&Type=search", "url2": "http://fuku-doushinkai.or.jp/" }, "geometry": { "type": "Point", "coordinates": [ 131.80395210000006, 33.134355 ] } },
{ "type": "Feature", "properties": { "内容": "デイサービスセンター　ゆうあい【通所介護】大分県臼杵市野津町大字落谷５３０番地", "url": "https://www.kaigokensaku.mhlw.go.jp/44/index.php?action_kouhyou_detail_004_kani=true&JigyosyoCd=4472600552-00&ServiceCd=150&Type=search", "url2": "http://www.eijuso.or.jp/" }, "geometry": { "type": "Point", "coordinates": [ 131.70487479999997, 33.0202797 ] } },
{ "type": "Feature", "properties": { "内容": "コープおおいた　デイサービスセンターにじいろ2号館【通所介護】大字江無田２８０－２", "url": "https://www.kaigokensaku.mhlw.go.jp/44/index.php?action_kouhyou_detail_004_kani=true&JigyosyoCd=4470601107-00&ServiceCd=150&Type=search", "url2": null }, "geometry": { "type": "Point", "coordinates": [ 131.791985126983633, 33.124959207594564 ] } },
{ "type": "Feature", "properties": { "内容": "デイサービスセンター・もみじ【通所介護】野津町大字野津市1050番地", "url": "https://www.kaigokensaku.mhlw.go.jp/44/index.php?action_kouhyou_detail_004_kani=true&JigyosyoCd=4470601081-00&ServiceCd=150&Type=search", "url2": "https://usuki-momiji.jp/" }, "geometry": { "type": "Point", "coordinates": [ 131.6921504, 33.0405837 ] } },
{ "type": "Feature", "properties": { "内容": "デイサービスセンター　はれやか・すえひろ【通所介護】大分県臼杵市大字井村字山ノ下2719番地", "url": "https://www.kaigokensaku.mhlw.go.jp/44/index.php?action_kouhyou_detail_004_kani=true&JigyosyoCd=4470601016-00&ServiceCd=150&Type=search", "url2": "http://www4.ocn.ne.jp/hareyaka/" }, "geometry": { "type": "Point", "coordinates": [ 131.786499, 33.136045 ] } },
{ "type": "Feature", "properties": { "内容": "デイサービスセンター明日風【通所介護】大分県臼杵市大字前田37番地", "url": "https://www.kaigokensaku.mhlw.go.jp/44/index.php?action_kouhyou_detail_004_kani=true&JigyosyoCd=4470600489-00&ServiceCd=150&Type=search", "url2": "https://www.big-advance.site/s/207/1367" }, "geometry": { "type": "Point", "coordinates": [ 131.767122500000028, 33.1037655 ] } },
{ "type": "Feature", "properties": { "内容": "デイサービスセンターやわらぎ【通所介護】大分県津久見市大字上青江４８６６番地", "url": "https://www.kaigokensaku.mhlw.go.jp/44/index.php?action_kouhyou_detail_004_kani=true&JigyosyoCd=4470700347-00&ServiceCd=150&Type=search", "url2": "yawaragi@orchid.plala.or.jp" }, "geometry": { "type": "Point", "coordinates": [ 131.837495100000069, 33.0805787 ] } },
{ "type": "Feature", "properties": { "内容": "デイサービスセンターえん【通所介護】大分県津久見市大字津久見1487-1", "url": "https://www.kaigokensaku.mhlw.go.jp/44/index.php?action_kouhyou_detail_004_kani=true&JigyosyoCd=4470700453-00&ServiceCd=150&Type=search", "url2": "www.home-en.net" }, "geometry": { "type": "Point", "coordinates": [ 131.87266098482516, 33.054534100084261 ] } },
{ "type": "Feature", "properties": { "内容": "白梅デイサービスセンターいこい【通所介護】大分県津久見市徳浦宮町420番地", "url": "https://www.kaigokensaku.mhlw.go.jp/44/index.php?action_kouhyou_detail_004_kani=true&JigyosyoCd=4470700081-00&ServiceCd=150&Type=search", "url2": null }, "geometry": { "type": "Point", "coordinates": [ 131.850849599999947, 33.0911334 ] } },
{ "type": "Feature", "properties": { "内容": "デイサービスセンターおあしす【通所介護】大分県津久見市大字津久見1270番地", "url": "https://www.kaigokensaku.mhlw.go.jp/44/index.php?action_kouhyou_detail_004_kani=true&JigyosyoCd=4470700230-00&ServiceCd=150&Type=search", "url2": null }, "geometry": { "type": "Point", "coordinates": [ 131.871343199999956, 33.0595486 ] } },
{ "type": "Feature", "properties": { "内容": "デイサービス寿楽【通所介護】大分県津久見市大字千怒1533番地", "url": "https://www.kaigokensaku.mhlw.go.jp/44/index.php?action_kouhyou_detail_004_kani=true&JigyosyoCd=4470700461-00&ServiceCd=150&Type=search", "url2": "https://jyuraku-tsukumi.com" }, "geometry": { "type": "Point", "coordinates": [ 131.887272199999984, 33.0667901 ] } },
{ "type": "Feature", "properties": { "内容": "荻町介護保険サービスセンター【通所介護】竹田市荻町恵良原1772番地7", "url": "https://www.kaigokensaku.mhlw.go.jp/44/index.php?action_kouhyou_detail_004_kani=true&JigyosyoCd=4472700071-00&ServiceCd=150&Type=search", "url2": null }, "geometry": { "type": "Point", "coordinates": [ 131.302481, 32.9213677 ] } },
{ "type": "Feature", "properties": { "内容": "久住デイサービスセンター【通所介護】大分県竹田市久住大字久住6485番地1", "url": "https://www.kaigokensaku.mhlw.go.jp/44/index.php?action_kouhyou_detail_004_kani=true&JigyosyoCd=4472700121-00&ServiceCd=150&Type=search", "url2": null }, "geometry": { "type": "Point", "coordinates": [ 131.297154914911488, 33.0204360264784 ] } },
{ "type": "Feature", "properties": { "内容": "ディサービスセンター　長湯ぽっかぽかの家【通所介護】直入町大字長湯8242-5", "url": "https://www.kaigokensaku.mhlw.go.jp/44/index.php?action_kouhyou_detail_004_kani=true&JigyosyoCd=4470800394-00&ServiceCd=150&Type=search", "url2": null }, "geometry": { "type": "Point", "coordinates": [ 131.3865085, 33.0756852 ] } },
{ "type": "Feature", "properties": { "内容": "デイサービスセンター野の花【通所介護】大分県竹田市大字飛田川1577番地1ライフホーム野の花", "url": "https://www.kaigokensaku.mhlw.go.jp/44/index.php?action_kouhyou_detail_004_kani=true&JigyosyoCd=4470800493-00&ServiceCd=150&Type=search", "url2": null }, "geometry": { "type": "Point", "coordinates": [ 131.383320300000037, 32.9658953 ] } },
{ "type": "Feature", "properties": { "内容": "悠々居デイサービスセンター【通所介護】大分県竹田市大字三宅1763番地1", "url": "https://www.kaigokensaku.mhlw.go.jp/44/index.php?action_kouhyou_detail_004_kani=true&JigyosyoCd=4470800147-00&ServiceCd=150&Type=search", "url2": "https://yuyukyo.com" }, "geometry": { "type": "Point", "coordinates": [ 131.4138924, 32.9909934 ] } },
{ "type": "Feature", "properties": { "内容": "長湯憩の家デイサービスセンター【通所介護】大分県竹田市直入町長湯3050-2", "url": "https://www.kaigokensaku.mhlw.go.jp/44/index.php?action_kouhyou_detail_004_kani=true&JigyosyoCd=4470800576-00&ServiceCd=150&Type=search", "url2": "http://www.kaiseien-bungo-ohno.com/" }, "geometry": { "type": "Point", "coordinates": [ 131.374712100000011, 33.066772 ] } },
{ "type": "Feature", "properties": { "内容": "デイホーム玄々堂【通所介護】大分県豊後高田市呉崎３１５８－２あっとほーむ玄々堂・高田", "url": "https://www.kaigokensaku.mhlw.go.jp/44/index.php?action_kouhyou_detail_004_kani=true&JigyosyoCd=4470900343-00&ServiceCd=150&Type=search", "url2": null }, "geometry": { "type": "Point", "coordinates": [ 131.435299100000066, 33.5689395 ] } },
{ "type": "Feature", "properties": { "内容": "デイサービスオリーブ高田【通所介護】大分県豊後高田市新地1169番地デイサービスオリーブ高田", "url": "https://www.kaigokensaku.mhlw.go.jp/44/index.php?action_kouhyou_detail_004_kani=true&JigyosyoCd=4471100984-00&ServiceCd=150&Type=search", "url2": "http://olive-care.com/" }, "geometry": { "type": "Point", "coordinates": [ 131.439602670840287, 33.554358711545405 ] } },
{ "type": "Feature", "properties": { "内容": "やすらぎの里デイサービスセンター【通所介護】大分県豊後高田市呉崎755-1", "url": "https://www.kaigokensaku.mhlw.go.jp/44/index.php?action_kouhyou_detail_004_kani=true&JigyosyoCd=4470900111-00&ServiceCd=150&Type=search", "url2": "https://s-yasuragi.org" }, "geometry": { "type": "Point", "coordinates": [ 131.432146200000034, 33.5759609 ] } },
{ "type": "Feature", "properties": { "内容": "デイサービスセンター周防苑【通所介護】大分県豊後高田市臼野4335番地3", "url": "https://www.kaigokensaku.mhlw.go.jp/44/index.php?action_kouhyou_detail_004_kani=true&JigyosyoCd=4472000043-00&ServiceCd=150&Type=search", "url2": "http://www.buntaka.syuako.jp" }, "geometry": { "type": "Point", "coordinates": [ 131.476316399999973, 33.6304172 ] } },
{ "type": "Feature", "properties": { "内容": "デイサービスセンターふれあい館【通所介護】大分県豊後高田市見目１０４番地", "url": "https://www.kaigokensaku.mhlw.go.jp/44/index.php?action_kouhyou_detail_004_kani=true&JigyosyoCd=4472000134-00&ServiceCd=150&Type=search", "url2": "syakyo-kakaji@rice.ocn.ne.jp" }, "geometry": { "type": "Point", "coordinates": [ 131.528910499999938, 33.664115 ] } },
{ "type": "Feature", "properties": { "内容": "ハートフルケア笑顔【通所介護】大分県杵築市山香町大字野原1682番地1", "url": "https://www.kaigokensaku.mhlw.go.jp/44/index.php?action_kouhyou_detail_004_kani=true&JigyosyoCd=4471000481-00&ServiceCd=150&Type=search", "url2": "http://npoegao.web.fc2.com/" }, "geometry": { "type": "Point", "coordinates": [ 131.506449100000026, 33.4467663 ] } },
{ "type": "Feature", "properties": { "内容": "杵築市社会福祉協議会デイサービスセンター大田【通所介護】大分県杵築市大田沓掛1404番地", "url": "https://www.kaigokensaku.mhlw.go.jp/44/index.php?action_kouhyou_detail_004_kani=true&JigyosyoCd=4472000118-00&ServiceCd=150&Type=search", "url2": null }, "geometry": { "type": "Point", "coordinates": [ 131.551846699999942, 33.5082751 ] } },
{ "type": "Feature", "properties": { "内容": "デイサービスセンター初音の里【通所介護】大分県杵築市溝井1609番地", "url": "https://www.kaigokensaku.mhlw.go.jp/44/index.php?action_kouhyou_detail_004_kani=true&JigyosyoCd=4471000333-00&ServiceCd=150&Type=search", "url2": "http://www.kimura-corp.co.jp" }, "geometry": { "type": "Point", "coordinates": [ 131.593294277909848, 33.430244670415895 ] } },
{ "type": "Feature", "properties": { "内容": "きつきの里デイサービスセンター【通所介護】大分県杵築市大字守江字王子1864番地", "url": "https://www.kaigokensaku.mhlw.go.jp/44/index.php?action_kouhyou_detail_004_kani=true&JigyosyoCd=4471000051-00&ServiceCd=150&Type=search", "url2": "https://note.com/himawari10616" }, "geometry": { "type": "Point", "coordinates": [ 131.658452799999964, 33.4226456 ] } },
{ "type": "Feature", "properties": { "内容": "三楽園デイサービスセンター【通所介護】大分県杵築市大字大内字茅場１２１番地2", "url": "https://www.kaigokensaku.mhlw.go.jp/44/index.php?action_kouhyou_detail_004_kani=true&JigyosyoCd=4471000275-00&ServiceCd=150&Type=search", "url2": "https://etoh-g.jp/publics/index/31/" }, "geometry": { "type": "Point", "coordinates": [ 131.646970484130861, 33.439169119607314 ] } },
{ "type": "Feature", "properties": { "内容": "菩提樹デイサービスセンター「風と樹々と空と」【通所介護】大分県杵築市大字日野1921番の7", "url": "https://www.kaigokensaku.mhlw.go.jp/44/index.php?action_kouhyou_detail_004_kani=true&JigyosyoCd=4471000309-00&ServiceCd=150&Type=search", "url2": "http//www.minorimura.or.jp/" }, "geometry": { "type": "Point", "coordinates": [ 131.598349, 33.3938583 ] } },
{ "type": "Feature", "properties": { "内容": "デイサービスセンターとどろきの里【通所介護】大分県杵築市船部中津屋2167-30", "url": "https://www.kaigokensaku.mhlw.go.jp/44/index.php?action_kouhyou_detail_004_kani=true&JigyosyoCd=4471000143-00&ServiceCd=150&Type=search", "url2": "http//todoroki3.wix.com/kaigo" }, "geometry": { "type": "Point", "coordinates": [ 131.600117299999965, 33.4491504 ] } },
{ "type": "Feature", "properties": { "内容": "デイサービスセンター　風の唄【通所介護】大分県杵築市山香町大字野原字竜頭1405-9", "url": "https://www.kaigokensaku.mhlw.go.jp/44/index.php?action_kouhyou_detail_004_kani=true&JigyosyoCd=4471000572-00&ServiceCd=150&Type=search", "url2": "http://isshinkai-oita-kituki.jp/sp/kazenouta-m.html" }, "geometry": { "type": "Point", "coordinates": [ 131.505983491719149, 33.442946293702754 ] } },
{ "type": "Feature", "properties": { "内容": "デイサービスセンターなごみ宇佐【通所介護】大分県宇佐市大字閤字沼口４０９", "url": "https://www.kaigokensaku.mhlw.go.jp/44/index.php?action_kouhyou_detail_004_kani=true&JigyosyoCd=4471101255-00&ServiceCd=150&Type=search", "url2": null }, "geometry": { "type": "Point", "coordinates": [ 131.3347655, 33.5267443 ] } },
{ "type": "Feature", "properties": { "内容": "デイサービスかがやき【通所介護】大分県宇佐市大字四日市萱壁851－1", "url": "https://www.kaigokensaku.mhlw.go.jp/44/index.php?action_kouhyou_detail_004_kani=true&JigyosyoCd=4471101354-00&ServiceCd=150&Type=search", "url2": null }, "geometry": { "type": "Point", "coordinates": [ 131.318477701599278, 33.534337766054151 ] } },
{ "type": "Feature", "properties": { "内容": "デイサービスセンター　よりよ【通所介護】大分県宇佐市院内町原口字柿添589-2", "url": "https://www.kaigokensaku.mhlw.go.jp/44/index.php?action_kouhyou_detail_004_kani=true&JigyosyoCd=4471100901-00&ServiceCd=150&Type=search", "url2": null }, "geometry": { "type": "Point", "coordinates": [ 131.311863099999982, 33.4141991 ] } },
{ "type": "Feature", "properties": { "内容": "介護保険サービスセンター　「あさぎり」【通所介護】大分県宇佐市安心院町木裳字西光寺４１３－１", "url": "https://www.kaigokensaku.mhlw.go.jp/44/index.php?action_kouhyou_detail_004_kani=true&JigyosyoCd=4473100172-00&ServiceCd=150&Type=search", "url2": null }, "geometry": { "type": "Point", "coordinates": [ 131.356569900000068, 33.4400719 ] } },
{ "type": "Feature", "properties": { "内容": "デイサービスあいの里【通所介護】大分県宇佐市大字青森481番地1", "url": "https://www.kaigokensaku.mhlw.go.jp/44/index.php?action_kouhyou_detail_004_kani=true&JigyosyoCd=4471101081-00&ServiceCd=150&Type=search", "url2": "http://aikaigojapan.web.fc2.com" }, "geometry": { "type": "Point", "coordinates": [ 131.417159199999986, 33.547341 ] } },
{ "type": "Feature", "properties": { "内容": "安心院老人デイサービスセンター【通所介護】大分県宇佐市安心院町六郎丸344番地の2", "url": "https://www.kaigokensaku.mhlw.go.jp/44/index.php?action_kouhyou_detail_004_kani=true&JigyosyoCd=4473100164-00&ServiceCd=150&Type=search", "url2": null }, "geometry": { "type": "Point", "coordinates": [ 131.396651499999962, 33.389261 ] } },
{ "type": "Feature", "properties": { "内容": "院内町老人デイサービスセンター【通所介護】大分県宇佐市院内町御沓５５６番地の４", "url": "https://www.kaigokensaku.mhlw.go.jp/44/index.php?action_kouhyou_detail_004_kani=true&JigyosyoCd=4473100123-00&ServiceCd=150&Type=search", "url2": null }, "geometry": { "type": "Point", "coordinates": [ 131.324383399999988, 33.4541679 ] } },
{ "type": "Feature", "properties": { "内容": "デイサービスセンターえーる宇佐【通所介護】大分県宇佐市東高家1209-6", "url": "https://www.kaigokensaku.mhlw.go.jp/44/index.php?action_kouhyou_detail_004_kani=true&JigyosyoCd=4471101644-00&ServiceCd=150&Type=search", "url2": null }, "geometry": { "type": "Point", "coordinates": [ 131.322782300000028, 33.564875 ] } },
{ "type": "Feature", "properties": { "内容": "デイサービスセンター　さくら【通所介護】大分県宇佐市大字南敷田762-1", "url": "https://www.kaigokensaku.mhlw.go.jp/44/index.php?action_kouhyou_detail_004_kani=true&JigyosyoCd=4471100497-00&ServiceCd=150&Type=search", "url2": null }, "geometry": { "type": "Point", "coordinates": [ 131.278639200000043, 33.5500344 ] } },
{ "type": "Feature", "properties": { "内容": "丸三グロリアデイサービス【通所介護】大分県宇佐市大字芝原147番地", "url": "https://www.kaigokensaku.mhlw.go.jp/44/index.php?action_kouhyou_detail_004_kani=true&JigyosyoCd=4471101362-00&ServiceCd=150&Type=search", "url2": "https://www.care-maru3.jp/" }, "geometry": { "type": "Point", "coordinates": [ 131.340975500000013, 33.539612500000011 ] } },
{ "type": "Feature", "properties": { "内容": "デイサービスかがやき【通所介護】大分県宇佐市大字四日市萱壁1049-1", "url": "https://www.kaigokensaku.mhlw.go.jp/44/index.php?action_kouhyou_detail_004_kani=true&JigyosyoCd=4471101560-00&ServiceCd=150&Type=search", "url2": null }, "geometry": { "type": "Point", "coordinates": [ 131.3235072, 33.525506 ] } },
{ "type": "Feature", "properties": { "内容": "デイサービス　オラレア【通所介護】大分県宇佐市葛原780-2", "url": "https://www.kaigokensaku.mhlw.go.jp/44/index.php?action_kouhyou_detail_004_kani=true&JigyosyoCd=4471101230-00&ServiceCd=150&Type=search", "url2": "http://www.lifestageolalea.com/" }, "geometry": { "type": "Point", "coordinates": [ 131.329729499999985, 33.5358542 ] } },
{ "type": "Feature", "properties": { "内容": "共生型デイサービス懐【通所介護】大分県宇佐市大字別府１６番地の５", "url": "https://www.kaigokensaku.mhlw.go.jp/44/index.php?action_kouhyou_detail_004_kani=true&JigyosyoCd=4471101404-00&ServiceCd=150&Type=search", "url2": "http://www.human-totalcare.co.jp/" }, "geometry": { "type": "Point", "coordinates": [ 131.345262, 33.5242422 ] } },
{ "type": "Feature", "properties": { "内容": "デイサービスセンター「ぶどう」【通所介護】大分県宇佐市安心院町木裳364-1", "url": "https://www.kaigokensaku.mhlw.go.jp/44/index.php?action_kouhyou_detail_004_kani=true&JigyosyoCd=4471100968-00&ServiceCd=150&Type=search", "url2": "http://www.yu-ryu.co.jp/" }, "geometry": { "type": "Point", "coordinates": [ 131.356569900000068, 33.4400719 ] } },
{ "type": "Feature", "properties": { "内容": "デイサービス　オリーブ宇佐【通所介護】大分県宇佐市大字東高家984番地1デイサービス　オリーブ宇佐", "url": "https://www.kaigokensaku.mhlw.go.jp/44/index.php?action_kouhyou_detail_004_kani=true&JigyosyoCd=4471100638-00&ServiceCd=150&Type=search", "url2": "http://www.olive-care.com/" }, "geometry": { "type": "Point", "coordinates": [ 131.316961194477443, 33.565606550403004 ] } },
{ "type": "Feature", "properties": { "内容": "デイサービスセンターきのも【通所介護】安心院町木裳字西光寺413-1", "url": "https://www.kaigokensaku.mhlw.go.jp/44/index.php?action_kouhyou_detail_004_kani=true&JigyosyoCd=4471101610-00&ServiceCd=150&Type=search", "url2": null }, "geometry": { "type": "Point", "coordinates": [ 131.3598591, 33.4399062 ] } },
{ "type": "Feature", "properties": { "内容": "妻垣荘デイサービスセンター【通所介護】大分県宇佐市安心院町妻垣401番地", "url": "https://www.kaigokensaku.mhlw.go.jp/44/index.php?action_kouhyou_detail_004_kani=true&JigyosyoCd=4473100081-00&ServiceCd=150&Type=search", "url2": "http://care-net.biz/44/tumagaki/" }, "geometry": { "type": "Point", "coordinates": [ 131.363286199999948, 33.4287233 ] } },
{ "type": "Feature", "properties": { "内容": "宇水園デイサービスセンター高森【通所介護】大分県宇佐市高森723", "url": "https://www.kaigokensaku.mhlw.go.jp/44/index.php?action_kouhyou_detail_004_kani=true&JigyosyoCd=4471100224-00&ServiceCd=150&Type=search", "url2": "https;//www.usuien.org/" }, "geometry": { "type": "Point", "coordinates": [ 131.367060073016347, 33.541631409555457 ] } },
{ "type": "Feature", "properties": { "内容": "いこいの里　駅水デイサービスセンター【通所介護】大分県宇佐市江須賀２７４８－１０", "url": "https://www.kaigokensaku.mhlw.go.jp/44/index.php?action_kouhyou_detail_004_kani=true&JigyosyoCd=4471100422-00&ServiceCd=150&Type=search", "url2": null }, "geometry": { "type": "Point", "coordinates": [ 131.368964399999982, 33.5643075 ] } },
{ "type": "Feature", "properties": { "内容": "めずらの里デイサービスセンター【通所介護】大分県宇佐市大字下時枝555-2", "url": "https://www.kaigokensaku.mhlw.go.jp/44/index.php?action_kouhyou_detail_004_kani=true&JigyosyoCd=4471100299-00&ServiceCd=150&Type=search", "url2": "https://mezura.jp/" }, "geometry": { "type": "Point", "coordinates": [ 131.306380699999977, 33.5555986 ] } },
{ "type": "Feature", "properties": { "内容": "八つ星の丘　デイサービスセンター和々【通所介護】大分県宇佐市大字上時枝1223－10", "url": "https://www.kaigokensaku.mhlw.go.jp/44/index.php?action_kouhyou_detail_004_kani=true&JigyosyoCd=4471101487-00&ServiceCd=150&Type=search", "url2": "http://www.oitaswo.jp/" }, "geometry": { "type": "Point", "coordinates": [ 131.303131300000018, 33.5485742 ] } },
{ "type": "Feature", "properties": { "内容": "薬膳の里デイサービスセンター【通所介護】大分県宇佐市大字佐野440", "url": "https://www.kaigokensaku.mhlw.go.jp/44/index.php?action_kouhyou_detail_004_kani=true&JigyosyoCd=4471100208-00&ServiceCd=150&Type=search", "url2": "http://yakuzen01.sakura.ne.jp/" }, "geometry": { "type": "Point", "coordinates": [ 131.273670700000025, 33.5340833 ] } },
{ "type": "Feature", "properties": { "内容": "デイサービスセンターすこやか【通所介護】大分県宇佐市大字川部1500番地", "url": "https://www.kaigokensaku.mhlw.go.jp/44/index.php?action_kouhyou_detail_004_kani=true&JigyosyoCd=4471100794-00&ServiceCd=150&Type=search", "url2": "http://www.sukoyaka-usa.com/" }, "geometry": { "type": "Point", "coordinates": [ 131.362118400000014, 33.538235399999984 ] } },
{ "type": "Feature", "properties": { "内容": "デイサービスセンターらふ法鏡寺【通所介護】大分県宇佐市法鏡寺153-1", "url": "https://www.kaigokensaku.mhlw.go.jp/44/index.php?action_kouhyou_detail_004_kani=true&JigyosyoCd=4471101313-00&ServiceCd=150&Type=search", "url2": null }, "geometry": { "type": "Point", "coordinates": [ 131.345698, 33.5270613 ] } },
{ "type": "Feature", "properties": { "内容": "デイサービスセンター下元重【通所介護】大分県宇佐市下元重4-2", "url": "https://www.kaigokensaku.mhlw.go.jp/44/index.php?action_kouhyou_detail_004_kani=true&JigyosyoCd=4471101263-00&ServiceCd=150&Type=search", "url2": "https://meguminokai.co.jp" }, "geometry": { "type": "Point", "coordinates": [ 131.3108231, 33.525952 ] } },
{ "type": "Feature", "properties": { "内容": "デイサービスセンターほりかわ【通所介護】大分県宇佐市院内町櫛野165-1", "url": "https://www.kaigokensaku.mhlw.go.jp/44/index.php?action_kouhyou_detail_004_kani=true&JigyosyoCd=4471100893-00&ServiceCd=150&Type=search", "url2": "http://www.care-horikawa.info/care/index.html" }, "geometry": { "type": "Point", "coordinates": [ 131.32814970000004, 33.4541734 ] } },
{ "type": "Feature", "properties": { "内容": "デイサービスセンターニコニコ村【通所介護】大分県豊後大野市三重町菅生1-154", "url": "https://www.kaigokensaku.mhlw.go.jp/44/index.php?action_kouhyou_detail_004_kani=true&JigyosyoCd=4471200784-00&ServiceCd=150&Type=search", "url2": null }, "geometry": { "type": "Point", "coordinates": [ 131.618757500000015, 32.9982381 ] } },
{ "type": "Feature", "properties": { "内容": "デイサービスセンターなごみ塾【通所介護】大分県豊後大野市緒方町馬場７９６－１", "url": "https://www.kaigokensaku.mhlw.go.jp/44/index.php?action_kouhyou_detail_004_kani=true&JigyosyoCd=4472600545-00&ServiceCd=150&Type=search", "url2": "http://ninun.or.jp/" }, "geometry": { "type": "Point", "coordinates": [ 131.47791170000005, 32.9742163 ] } },
{ "type": "Feature", "properties": { "内容": "デイサービスセンター　フィットネスひかり【通所介護】大分県豊後大野市犬飼町田原302-1", "url": "https://www.kaigokensaku.mhlw.go.jp/44/index.php?action_kouhyou_detail_004_kani=true&JigyosyoCd=4471200636-00&ServiceCd=150&Type=search", "url2": null }, "geometry": { "type": "Point", "coordinates": [ 131.637500600000067, 33.0639347 ] } },
{ "type": "Feature", "properties": { "内容": "デイサービスセンター　ケンコー【通所介護】大分県豊後大野市犬飼町田原７７－７", "url": "https://www.kaigokensaku.mhlw.go.jp/44/index.php?action_kouhyou_detail_004_kani=true&JigyosyoCd=4471200313-00&ServiceCd=150&Type=search", "url2": "https://www.kenkoh-home.net/" }, "geometry": { "type": "Point", "coordinates": [ 131.635886029499829, 33.068247220961446 ] } },
{ "type": "Feature", "properties": { "内容": "デイサービスさくらの【通所介護】大分県豊後大野市三重町芦刈字津留前４９５番地２", "url": "https://www.kaigokensaku.mhlw.go.jp/44/index.php?action_kouhyou_detail_004_kani=true&JigyosyoCd=4471200834-00&ServiceCd=150&Type=search", "url2": "https://hanaemisakurano.com" }, "geometry": { "type": "Point", "coordinates": [ 131.608666699999986, 33.00058460000001 ] } },
{ "type": "Feature", "properties": { "内容": "デイサービスセンターゆりかご【通所介護】大分県豊後大野市三重町菅生９２１番地１", "url": "https://www.kaigokensaku.mhlw.go.jp/44/index.php?action_kouhyou_detail_004_kani=true&JigyosyoCd=4471200610-00&ServiceCd=150&Type=search", "url2": null }, "geometry": { "type": "Point", "coordinates": [ 131.62394560000007, 33.0103593 ] } },
{ "type": "Feature", "properties": { "内容": "紫雲荘デイサービスセンター【通所介護】大分県豊後大野市三重町本城2054番地2", "url": "https://www.kaigokensaku.mhlw.go.jp/44/index.php?action_kouhyou_detail_004_kani=true&JigyosyoCd=4472600271-00&ServiceCd=150&Type=search", "url2": "http://siunkai.com" }, "geometry": { "type": "Point", "coordinates": [ 131.572248771827731, 32.972688399257045 ] } },
{ "type": "Feature", "properties": { "内容": "常楽荘デイサービスセンター【通所介護】豊後大野市緒方町下自在123番地１", "url": "https://www.kaigokensaku.mhlw.go.jp/44/index.php?action_kouhyou_detail_004_kani=true&JigyosyoCd=4471200537-00&ServiceCd=150&Type=search", "url2": "http://www.kaiseien-bungo-ohno.com/contentsogatadayservice.html" }, "geometry": { "type": "Point", "coordinates": [ 131.471010826397674, 32.970857575079847 ] } },
{ "type": "Feature", "properties": { "内容": "ディサービスセンター偕生園【通所介護】大分県豊後大野市大野町田中700番地2", "url": "https://www.kaigokensaku.mhlw.go.jp/44/index.php?action_kouhyou_detail_004_kani=true&JigyosyoCd=4472600396-00&ServiceCd=150&Type=search", "url2": "http://ｗｗｗ.kaiseien-bungo-ohno.com" }, "geometry": { "type": "Point", "coordinates": [ 131.493298, 33.0379578 ] } },
{ "type": "Feature", "properties": { "内容": "デイサービスセンター　フェリス【通所介護】大分県豊後大野市千歳町前田1157番地", "url": "https://www.kaigokensaku.mhlw.go.jp/44/index.php?action_kouhyou_detail_004_kani=true&JigyosyoCd=4471200750-00&ServiceCd=150&Type=search", "url2": "http://www.citydo.com/prf/oita/guide/sg/520002912.html" }, "geometry": { "type": "Point", "coordinates": [ 131.58366, 33.0198094 ] } },
{ "type": "Feature", "properties": { "内容": "デイサービスセンターよしちゃん家【通所介護】大分県豊後大野市大野町屋原３８３番地１", "url": "https://www.kaigokensaku.mhlw.go.jp/44/index.php?action_kouhyou_detail_004_kani=true&JigyosyoCd=4472600859-00&ServiceCd=150&Type=search", "url2": null }, "geometry": { "type": "Point", "coordinates": [ 131.485251285041841, 33.035810363881438 ] } },
{ "type": "Feature", "properties": { "内容": "デイサービスセンターふくろう【通所介護】大分県豊後大野市三重町小坂4109-22デイサービスセンター　ふくろう", "url": "https://www.kaigokensaku.mhlw.go.jp/44/index.php?action_kouhyou_detail_004_kani=true&JigyosyoCd=4471200677-00&ServiceCd=150&Type=search", "url2": null }, "geometry": { "type": "Point", "coordinates": [ 131.616058438623014, 32.993336820525442 ] } },
{ "type": "Feature", "properties": { "内容": "明日暦【通所介護】大分県豊後大野市三重町小坂3862番地14", "url": "https://www.kaigokensaku.mhlw.go.jp/44/index.php?action_kouhyou_detail_004_kani=true&JigyosyoCd=4471200107-00&ServiceCd=150&Type=search", "url2": null }, "geometry": { "type": "Point", "coordinates": [ 131.6056479, 32.9859887 ] } },
{ "type": "Feature", "properties": { "内容": "デイサービスセンターえがおの丘【通所介護】大分県豊後大野市犬飼町田原字石井3074番地の1", "url": "https://www.kaigokensaku.mhlw.go.jp/44/index.php?action_kouhyou_detail_004_kani=true&JigyosyoCd=4471200644-00&ServiceCd=150&Type=search", "url2": null }, "geometry": { "type": "Point", "coordinates": [ 131.620992253581221, 33.051609951184275 ] } },
{ "type": "Feature", "properties": { "内容": "大分県のぞみ園【通所介護】大分県由布市挾間町赤野３３９番地１", "url": "https://www.kaigokensaku.mhlw.go.jp/44/index.php?action_kouhyou_detail_004_kani=true&JigyosyoCd=4471300535-00&ServiceCd=150&Type=search", "url2": "http://www.oitaswo.ip" }, "geometry": { "type": "Point", "coordinates": [ 131.504767, 33.2108089 ] } },
{ "type": "Feature", "properties": { "内容": "情和園リハビリテーションデイサービスみもざ【通所介護】大分県由布市庄内町櫟木亀ノ甲982番地", "url": "https://www.kaigokensaku.mhlw.go.jp/44/index.php?action_kouhyou_detail_004_kani=true&JigyosyoCd=4471300014-00&ServiceCd=150&Type=search", "url2": "http://www.jyowaen.com" }, "geometry": { "type": "Point", "coordinates": [ 131.46776060000002, 33.1894938 ] } },
{ "type": "Feature", "properties": { "内容": "デイサービス絆【通所介護】大分県由布市庄内町柿原1121-1", "url": "https://www.kaigokensaku.mhlw.go.jp/44/index.php?action_kouhyou_detail_004_kani=true&JigyosyoCd=4471300238-00&ServiceCd=150&Type=search", "url2": null }, "geometry": { "type": "Point", "coordinates": [ 131.407123899999988, 33.1791464 ] } },
{ "type": "Feature", "properties": { "内容": "デイサービス瑞泉【通所介護】大分県由布市庄内町東長宝653", "url": "https://www.kaigokensaku.mhlw.go.jp/44/index.php?action_kouhyou_detail_004_kani=true&JigyosyoCd=4471300469-00&ServiceCd=150&Type=search", "url2": null }, "geometry": { "type": "Point", "coordinates": [ 131.457981199999949, 33.1865134 ] } },
{ "type": "Feature", "properties": { "内容": "デイサービスひだまり【通所介護】大分県由布市庄内町高岡491", "url": "https://www.kaigokensaku.mhlw.go.jp/44/index.php?action_kouhyou_detail_004_kani=true&JigyosyoCd=4472300740-00&ServiceCd=150&Type=search", "url2": "https://www.hidamariso.com" }, "geometry": { "type": "Point", "coordinates": [ 131.414140451553521, 33.183432458711408 ] } },
{ "type": "Feature", "properties": { "内容": "株式会社　TONERIKO【通所介護】大分県由布市湯布院町中川806番地", "url": "https://www.kaigokensaku.mhlw.go.jp/44/index.php?action_kouhyou_detail_004_kani=true&JigyosyoCd=4471300337-00&ServiceCd=150&Type=search", "url2": "http://www.toneriko.co.jp" }, "geometry": { "type": "Point", "coordinates": [ 131.337509800000021, 33.2414414 ] } },
{ "type": "Feature", "properties": { "内容": "さとしんデイサービスセンター【通所介護】大分県由布市挾間町下市438番地2", "url": "https://www.kaigokensaku.mhlw.go.jp/44/index.php?action_kouhyou_detail_004_kani=true&JigyosyoCd=4471300188-00&ServiceCd=150&Type=search", "url2": null }, "geometry": { "type": "Point", "coordinates": [ 131.523368130688482, 33.198951786027905 ] } },
{ "type": "Feature", "properties": { "内容": "デイサービスセンターあすか【通所介護】大分県由布市庄内町柿原1569番地1", "url": "https://www.kaigokensaku.mhlw.go.jp/44/index.php?action_kouhyou_detail_004_kani=true&JigyosyoCd=4471300097-00&ServiceCd=150&Type=search", "url2": "http://www.jyueikai.jp/" }, "geometry": { "type": "Point", "coordinates": [ 131.4203311, 33.1758772 ] } },
{ "type": "Feature", "properties": { "内容": "情和園デイサービスセンター【通所介護】大分県由布市庄内町西長宝870番地1", "url": "https://www.kaigokensaku.mhlw.go.jp/44/index.php?action_kouhyou_detail_004_kani=true&JigyosyoCd=4472300229-00&ServiceCd=150&Type=search", "url2": "http://www.jyowaen.com/" }, "geometry": { "type": "Point", "coordinates": [ 131.442451399999982, 33.1960899 ] } },
{ "type": "Feature", "properties": { "内容": "若葉苑デイサービスセンター「ドリーム」【通所介護】大分県由布市挾間町向原1215番地2", "url": "https://www.kaigokensaku.mhlw.go.jp/44/index.php?action_kouhyou_detail_004_kani=true&JigyosyoCd=4472300427-00&ServiceCd=150&Type=search", "url2": "http://care-net.biz/44/wakabaen/" }, "geometry": { "type": "Point", "coordinates": [ 131.502917600000046, 33.1964659 ] } },
{ "type": "Feature", "properties": { "内容": "庄内厚生館デイサービスセンター長宝【通所介護】大分県由布市庄内町東長宝613番地1", "url": "https://www.kaigokensaku.mhlw.go.jp/44/index.php?action_kouhyou_detail_004_kani=true&JigyosyoCd=4471300196-00&ServiceCd=150&Type=search", "url2": "http://www.kouseikan.jp/" }, "geometry": { "type": "Point", "coordinates": [ 131.451815, 33.1845996 ] } },
{ "type": "Feature", "properties": { "内容": "老人デイサービスセンター豊友【通所介護】大分県由布市挾間町鬼崎4-16", "url": "https://www.kaigokensaku.mhlw.go.jp/44/index.php?action_kouhyou_detail_004_kani=true&JigyosyoCd=4472300401-00&ServiceCd=150&Type=search", "url2": "https://www.hojukai-oita.jp" }, "geometry": { "type": "Point", "coordinates": [ 131.52686, 33.1945502 ] } },
{ "type": "Feature", "properties": { "内容": "由布市社会福祉協議会通所介護事業所【通所介護】大分県由布市庄内町庄内原365番地1", "url": "https://www.kaigokensaku.mhlw.go.jp/44/index.php?action_kouhyou_detail_004_kani=true&JigyosyoCd=4472300146-00&ServiceCd=150&Type=search", "url2": null }, "geometry": { "type": "Point", "coordinates": [ 131.399957699999959, 33.1839987 ] } },
{ "type": "Feature", "properties": { "内容": "デイサービスセンター　虹色【通所介護】湯布院町川北1005-1", "url": "https://www.kaigokensaku.mhlw.go.jp/44/index.php?action_kouhyou_detail_004_kani=true&JigyosyoCd=4471300261-00&ServiceCd=150&Type=search", "url2": null }, "geometry": { "type": "Point", "coordinates": [ 131.343872599999941, 33.261223200000011 ] } },
{ "type": "Feature", "properties": { "内容": "デイサービスセンター虹【通所介護】大分県由布市湯布院町川北1006番地1", "url": "https://www.kaigokensaku.mhlw.go.jp/44/index.php?action_kouhyou_detail_004_kani=true&JigyosyoCd=4471300204-00&ServiceCd=150&Type=search", "url2": null }, "geometry": { "type": "Point", "coordinates": [ 131.344297500000039, 33.2611787 ] } },
{ "type": "Feature", "properties": { "内容": "デイサービスセンターやすらぎ【通所介護】大分県由布市挾間町古野625番地1", "url": "https://www.kaigokensaku.mhlw.go.jp/44/index.php?action_kouhyou_detail_004_kani=true&JigyosyoCd=4471300378-00&ServiceCd=150&Type=search", "url2": "https://www.goto-kikaku.net" }, "geometry": { "type": "Point", "coordinates": [ 131.523340500000018, 33.2144928 ] } },
{ "type": "Feature", "properties": { "内容": "福永デイサービスセンター【通所介護】大分県国東市国東町鶴川１０６番地", "url": "https://www.kaigokensaku.mhlw.go.jp/44/index.php?action_kouhyou_detail_004_kani=true&JigyosyoCd=4471400046-00&ServiceCd=150&Type=search", "url2": null }, "geometry": { "type": "Point", "coordinates": [ 131.733245899999929, 33.5627025 ] } },
{ "type": "Feature", "properties": { "内容": "くにさきケアセンターなのはな　通所介護事業所【通所介護】大分県国東市武蔵町古市１０８６番地１国東市武蔵町保健福祉センター", "url": "https://www.kaigokensaku.mhlw.go.jp/44/index.php?action_kouhyou_detail_004_kani=true&JigyosyoCd=4472100363-00&ServiceCd=150&Type=search", "url2": null }, "geometry": { "type": "Point", "coordinates": [ 131.71980689999998, 33.5024343 ] } },
{ "type": "Feature", "properties": { "内容": "姫島村老人福祉施設姫寿苑【通所介護】大分県東国東郡姫島村１５６２番地", "url": "https://www.kaigokensaku.mhlw.go.jp/44/index.php?action_kouhyou_detail_004_kani=true&JigyosyoCd=4472100157-00&ServiceCd=150&Type=search", "url2": null }, "geometry": { "type": "Point", "coordinates": [ 131.646759054244995, 33.72389045474403 ] } },
{ "type": "Feature", "properties": { "内容": "デイサービスセンター紬寿里【通所介護】大分県速見郡日出町3568-2", "url": "https://www.kaigokensaku.mhlw.go.jp/44/index.php?action_kouhyou_detail_004_kani=true&JigyosyoCd=4472200700-00&ServiceCd=150&Type=search", "url2": "http://yamanokai.co.jp/index.html" }, "geometry": { "type": "Point", "coordinates": [ 131.537690399999974, 33.3751469 ] } },
{ "type": "Feature", "properties": { "内容": "通所介護デイサービスセンター・サンライズ【通所介護】大分県速見郡日出町1827番地1サンライズケアセンター", "url": "https://www.kaigokensaku.mhlw.go.jp/44/index.php?action_kouhyou_detail_004_kani=true&JigyosyoCd=4472200551-00&ServiceCd=150&Type=search", "url2": "http://www.heiseikai.com/" }, "geometry": { "type": "Point", "coordinates": [ 131.529236625239605, 33.370985102853098 ] } },
{ "type": "Feature", "properties": { "内容": "ライフホームまないﾃﾞｲｻｰﾋﾞｽｾﾝﾀｰ【通所介護】大分県速見郡日出町真那井1871番地", "url": "https://www.kaigokensaku.mhlw.go.jp/44/index.php?action_kouhyou_detail_004_kani=true&JigyosyoCd=4472200452-00&ServiceCd=150&Type=search", "url2": null }, "geometry": { "type": "Point", "coordinates": [ 131.598549600000069, 33.3725024 ] } },
{ "type": "Feature", "properties": { "内容": "デイリーライフかい福【通所介護】大分県速見郡日出町大字川崎４８６４番地１", "url": "https://www.kaigokensaku.mhlw.go.jp/44/index.php?action_kouhyou_detail_004_kani=true&JigyosyoCd=4472200775-00&ServiceCd=150&Type=search", "url2": "http://dailylife3.wix.com/dailylife-kaigo" }, "geometry": { "type": "Point", "coordinates": [ 131.551233476235325, 33.359624845379244 ] } },
{ "type": "Feature", "properties": { "内容": "デイサービスセンター　すいれん　日出【通所介護】速見郡日出町3568-2", "url": "https://www.kaigokensaku.mhlw.go.jp/44/index.php?action_kouhyou_detail_004_kani=true&JigyosyoCd=4472200817-00&ServiceCd=150&Type=search", "url2": null }, "geometry": { "type": "Point", "coordinates": [ 131.5326365, 33.369216 ] } },
{ "type": "Feature", "properties": { "内容": "デイサービスセンターぬくもりの里【通所介護】大分県速見郡日出町大字藤原5708番地の3", "url": "https://www.kaigokensaku.mhlw.go.jp/44/index.php?action_kouhyou_detail_004_kani=true&JigyosyoCd=4472200221-00&ServiceCd=150&Type=search", "url2": "http://www.youkoku.or.jp/" }, "geometry": { "type": "Point", "coordinates": [ 131.55243490557686, 33.395810843356088 ] } },
{ "type": "Feature", "properties": { "内容": "うのスマイルデイサービスセンター【通所介護】大分県速見郡日出町２５１２番地１", "url": "https://www.kaigokensaku.mhlw.go.jp/44/index.php?action_kouhyou_detail_004_kani=true&JigyosyoCd=4472200627-00&ServiceCd=150&Type=search", "url2": "https://uno-fu94.jimdoweb.com" }, "geometry": { "type": "Point", "coordinates": [ 131.52676979439309, 33.369261651252046 ] } },
{ "type": "Feature", "properties": { "内容": "デイサービスセンターいろは【通所介護】大分県速見郡日出町藤原字里2303番地1、2305番地1", "url": "https://www.kaigokensaku.mhlw.go.jp/44/index.php?action_kouhyou_detail_004_kani=true&JigyosyoCd=4472200841-00&ServiceCd=150&Type=search", "url2": "https://meguminokai.co.jp" }, "geometry": { "type": "Point", "coordinates": [ 131.543035768671757, 33.381585760683791 ] } },
{ "type": "Feature", "properties": { "内容": "デイサービスセンターまれぞら【通所介護】大分県日出町大字豊岡字辻間6100番250", "url": "https://www.kaigokensaku.mhlw.go.jp/44/index.php?action_kouhyou_detail_004_kani=true&JigyosyoCd=4472200684-00&ServiceCd=150&Type=search", "url2": "https://meguminokai.co.jp" }, "geometry": { "type": "Point", "coordinates": [ 131.514526239744526, 33.371006663592091 ] } },
{ "type": "Feature", "properties": { "内容": "亀鶴苑デイサービスセンター【通所介護】大分県玖珠郡九重町大字町田４６番地の１養護老人ホーム　亀鶴苑", "url": "https://www.kaigokensaku.mhlw.go.jp/44/index.php?action_kouhyou_detail_004_kani=true&JigyosyoCd=4472800632-00&ServiceCd=150&Type=search", "url2": "http://www.kusuen.or.jp" }, "geometry": { "type": "Point", "coordinates": [ 131.16939496683429, 33.204367112843123 ] } },
{ "type": "Feature", "properties": { "内容": "デイサービスセンターともだち村【通所介護】大分県玖珠郡九重町大字右田914番地の3", "url": "https://www.kaigokensaku.mhlw.go.jp/44/index.php?action_kouhyou_detail_004_kani=true&JigyosyoCd=4472800376-00&ServiceCd=150&Type=search", "url2": null }, "geometry": { "type": "Point", "coordinates": [ 131.204772224575805, 33.232227269380559 ] } },
{ "type": "Feature", "properties": { "内容": "ここのえ介護事業センター【通所介護】大分県玖珠郡九重町大字後野上１７番地の１", "url": "https://www.kaigokensaku.mhlw.go.jp/44/index.php?action_kouhyou_detail_004_kani=true&JigyosyoCd=4472800186-00&ServiceCd=150&Type=search", "url2": "ｈｔｔｐ//www.oct-net.ne.jp/~smile9/syakyoTop.html" }, "geometry": { "type": "Point", "coordinates": [ 131.190491699999939, 33.2278241 ] } },
{ "type": "Feature", "properties": { "内容": "デイサービスセンター春日荘【通所介護】大分県玖珠郡九重町大字右田3156番地の7", "url": "https://www.kaigokensaku.mhlw.go.jp/44/index.php?action_kouhyou_detail_004_kani=true&JigyosyoCd=4472800087-00&ServiceCd=150&Type=search", "url2": "http://www.daijukai-meruhen.com" }, "geometry": { "type": "Point", "coordinates": [ 131.174532799999952, 33.2522023 ] } },
{ "type": "Feature", "properties": { "内容": "明友サービスセンター【通所介護】大分県玖珠郡九重町大字菅原736番地", "url": "https://www.kaigokensaku.mhlw.go.jp/44/index.php?action_kouhyou_detail_004_kani=true&JigyosyoCd=4472800616-00&ServiceCd=150&Type=search", "url2": null }, "geometry": { "type": "Point", "coordinates": [ 131.127066, 33.1821458 ] } },
{ "type": "Feature", "properties": { "内容": "デイサービス　きりかぶ【通所介護】大分県玖珠郡玖珠町大字塚脇678番地10", "url": "https://www.kaigokensaku.mhlw.go.jp/44/index.php?action_kouhyou_detail_004_kani=true&JigyosyoCd=4472800699-00&ServiceCd=150&Type=search", "url2": null }, "geometry": { "type": "Point", "coordinates": [ 131.161260800000036, 33.2729139 ] } },
{ "type": "Feature", "properties": { "内容": "デイサービスきりかぶ【通所介護】大分県玖珠郡玖珠町大字塚脇字梅迫678-10", "url": "https://www.kaigokensaku.mhlw.go.jp/44/index.php?action_kouhyou_detail_004_kani=true&JigyosyoCd=4472800715-00&ServiceCd=150&Type=search", "url2": null }, "geometry": { "type": "Point", "coordinates": [ 131.161497766279666, 33.272691284219299 ] } },
{ "type": "Feature", "properties": { "内容": "ディサービス　きりかぶ【通所介護】大分県玖珠郡玖珠町大字塚脇678番地10", "url": "https://www.kaigokensaku.mhlw.go.jp/44/index.php?action_kouhyou_detail_004_kani=true&JigyosyoCd=4472800764-00&ServiceCd=150&Type=search", "url2": null }, "geometry": { "type": "Point", "coordinates": [ 131.161261, 33.272914 ] } },
{ "type": "Feature", "properties": { "内容": "デイサービスセンター　れざんの木【通所介護】大分県玖珠郡玖珠町大字綾垣1086-1", "url": "https://www.kaigokensaku.mhlw.go.jp/44/index.php?action_kouhyou_detail_004_kani=true&JigyosyoCd=4472800517-00&ServiceCd=150&Type=search", "url2": null }, "geometry": { "type": "Point", "coordinates": [ 131.13327, 33.2918863 ] } },
{ "type": "Feature", "properties": { "内容": "デイサービスきりかぶ【通所介護】大分県玖珠郡玖珠町大字塚脇678番地10", "url": "https://www.kaigokensaku.mhlw.go.jp/44/index.php?action_kouhyou_detail_004_kani=true&JigyosyoCd=4472800798-00&ServiceCd=150&Type=search", "url2": null }, "geometry": { "type": "Point", "coordinates": [ 131.161261, 33.272914 ] } },
{ "type": "Feature", "properties": { "内容": "玖珠園デイサービスセンター【通所介護】大分県玖珠郡玖珠町大字大隈３１５番地の５", "url": "https://www.kaigokensaku.mhlw.go.jp/44/index.php?action_kouhyou_detail_004_kani=true&JigyosyoCd=4472800145-00&ServiceCd=150&Type=search", "url2": "http://www.kusuen.or.jp" }, "geometry": { "type": "Point", "coordinates": [ 131.166791, 33.2700421 ] } },
{ "type": "Feature", "properties": { "内容": "玖珠町介護保険サービスセンター通所介護【通所介護】大分県玖珠郡玖珠町大字岩室24番地の１玖珠町老人福祉センター", "url": "https://www.kaigokensaku.mhlw.go.jp/44/index.php?action_kouhyou_detail_004_kani=true&JigyosyoCd=4472800244-00&ServiceCd=150&Type=search", "url2": "https://www.kusushakyo.or.jp/index.php/care/2016-03-17-06-45-13" }, "geometry": { "type": "Point", "coordinates": [ 131.159763200000043, 33.2825213 ] } }
]
}
