{
"type": "FeatureCollection",
"name": "geo_44_居宅介護支援",
"crs": { "type": "name", "properties": { "name": "urn:ogc:def:crs:OGC:1.3:CRS84" } },
"features": [
{ "type": "Feature", "properties": { "内容": "介護保険サービスセンター　光明園【居宅介護支援】大分県大分市大字志生木字西岡145番地の9", "url": "https://www.kaigokensaku.mhlw.go.jp/44/index.php?action_kouhyou_detail_004_kani=true&JigyosyoCd=4472400011-00&ServiceCd=430&Type=search", "url2": "http:/www.koumyouen/nr.jp" }, "geometry": { "type": "Point", "coordinates": [ 131.834867700000018, 33.2461105 ] } },
{ "type": "Feature", "properties": { "内容": "医療法人博光会介護保険サービスセンターつかがわ【居宅介護支援】大分県大分市東春日町6番28号", "url": "https://www.kaigokensaku.mhlw.go.jp/44/index.php?action_kouhyou_detail_004_kani=true&JigyosyoCd=4470102775-00&ServiceCd=430&Type=search", "url2": "http://wwwhakokai.com/" }, "geometry": { "type": "Point", "coordinates": [ 131.5985511, 33.2409879 ] } },
{ "type": "Feature", "properties": { "内容": "ケアサポート　オハナ【居宅介護支援】大字玉沢１１９１番地ルピナスおぎ１０２号", "url": "https://www.kaigokensaku.mhlw.go.jp/44/index.php?action_kouhyou_detail_004_kani=true&JigyosyoCd=4470111560-00&ServiceCd=430&Type=search", "url2": null }, "geometry": { "type": "Point", "coordinates": [ 131.583302099999969, 33.1915661 ] } },
{ "type": "Feature", "properties": { "内容": "サンライフプランニング【居宅介護支援】大分県大分市望みが丘45番5", "url": "https://www.kaigokensaku.mhlw.go.jp/44/index.php?action_kouhyou_detail_004_kani=true&JigyosyoCd=4470110836-00&ServiceCd=430&Type=search", "url2": null }, "geometry": { "type": "Point", "coordinates": [ 131.7127318, 33.2400524 ] } },
{ "type": "Feature", "properties": { "内容": "居宅介護支援事業所トリコ【居宅介護支援】大分県大分市田尻南1丁目4番8号", "url": "https://www.kaigokensaku.mhlw.go.jp/44/index.php?action_kouhyou_detail_004_kani=true&JigyosyoCd=4470111206-00&ServiceCd=430&Type=search", "url2": "http://hp.kaipoke.biz/058/" }, "geometry": { "type": "Point", "coordinates": [ 131.5856421, 33.1777192 ] } },
{ "type": "Feature", "properties": { "内容": "Ｇreenガーデン居宅ケアプランニング【居宅介護支援】大分県大分市賀来西2丁目11番5-1フレル賀来西D棟", "url": "https://www.kaigokensaku.mhlw.go.jp/44/index.php?action_kouhyou_detail_004_kani=true&JigyosyoCd=4470111842-00&ServiceCd=430&Type=search", "url2": "https://taisyoukai.jp/" }, "geometry": { "type": "Point", "coordinates": [ 131.5526578, 33.2139536 ] } },
{ "type": "Feature", "properties": { "内容": "ケアプランステーションＬＩＢ【居宅介護支援】中島西１丁目４番１６号アソシエビル403", "url": "https://www.kaigokensaku.mhlw.go.jp/44/index.php?action_kouhyou_detail_004_kani=true&JigyosyoCd=4470111420-00&ServiceCd=430&Type=search", "url2": "smile-lib.com" }, "geometry": { "type": "Point", "coordinates": [ 131.61140158504179, 33.24277290182912 ] } },
{ "type": "Feature", "properties": { "内容": "合同会社さくら　居宅介護支援事業所千住【居宅介護支援】大分市賀来北２丁目１番２１号アメニックス賀来Ⅲ101", "url": "https://www.kaigokensaku.mhlw.go.jp/44/index.php?action_kouhyou_detail_004_kani=true&JigyosyoCd=4470111719-00&ServiceCd=430&Type=search", "url2": null }, "geometry": { "type": "Point", "coordinates": [ 131.5700957, 33.2135359 ] } },
{ "type": "Feature", "properties": { "内容": "居宅介護支援センターのぞみ【居宅介護支援】大分県大分市大字志生木8番地の1", "url": "https://www.kaigokensaku.mhlw.go.jp/44/index.php?action_kouhyou_detail_004_kani=true&JigyosyoCd=4470111255-00&ServiceCd=430&Type=search", "url2": null }, "geometry": { "type": "Point", "coordinates": [ 131.833101199999987, 33.2471796 ] } },
{ "type": "Feature", "properties": { "内容": "Ｇｒｅｅｎガーデン南大分居宅介護支援センター【居宅介護支援】大分市上田町三丁目3番4-111号チュリス古国府壱番館特別養護老人ホームＧｒｅｅｎガーデン南大分", "url": "https://www.kaigokensaku.mhlw.go.jp/44/index.php?action_kouhyou_detail_004_kani=true&JigyosyoCd=4470109168-00&ServiceCd=430&Type=search", "url2": "http://www.taisyoukai.jp" }, "geometry": { "type": "Point", "coordinates": [ 131.602924101080333, 33.217017380875042 ] } },
{ "type": "Feature", "properties": { "内容": "介護保険計画センターおおいた【居宅介護支援】大分県大分市大字神埼1879番地", "url": "https://www.kaigokensaku.mhlw.go.jp/44/index.php?action_kouhyou_detail_004_kani=true&JigyosyoCd=4470107436-00&ServiceCd=430&Type=search", "url2": null }, "geometry": { "type": "Point", "coordinates": [ 131.542981200000014, 33.2559907 ] } },
{ "type": "Feature", "properties": { "内容": "ケアサポート　オハナ【居宅介護支援】大分県大分市大字玉沢1191番地ルピナスおぎ102号", "url": "https://www.kaigokensaku.mhlw.go.jp/44/index.php?action_kouhyou_detail_004_kani=true&JigyosyoCd=4470111792-00&ServiceCd=430&Type=search", "url2": null }, "geometry": { "type": "Point", "coordinates": [ 131.583299417790954, 33.191531308802389 ] } },
{ "type": "Feature", "properties": { "内容": "Greenガーデンさがのせき居宅【居宅介護支援】大分県大分市大字佐賀関335", "url": "https://www.kaigokensaku.mhlw.go.jp/44/index.php?action_kouhyou_detail_004_kani=true&JigyosyoCd=4470112022-00&ServiceCd=430&Type=search", "url2": null }, "geometry": { "type": "Point", "coordinates": [ 131.8634007, 33.2457469 ] } },
{ "type": "Feature", "properties": { "内容": "いちごプラン【居宅介護支援】大分県大分市下郡中央３丁目３番10号グリーンフラットノダ１０１号", "url": "https://www.kaigokensaku.mhlw.go.jp/44/index.php?action_kouhyou_detail_004_kani=true&JigyosyoCd=4470112063-00&ServiceCd=430&Type=search", "url2": null }, "geometry": { "type": "Point", "coordinates": [ 131.636992, 33.2272046 ] } },
{ "type": "Feature", "properties": { "内容": "Let'sケアプラン！大分【居宅介護支援】大分市玉沢６９６番地の1", "url": "https://www.kaigokensaku.mhlw.go.jp/44/index.php?action_kouhyou_detail_004_kani=true&JigyosyoCd=4470112345-00&ServiceCd=430&Type=search", "url2": null }, "geometry": { "type": "Point", "coordinates": [ 131.5794797, 33.1864369 ] } },
{ "type": "Feature", "properties": { "内容": "ケアサポートまりも【居宅介護支援】大分県大分市萩原3-16-3萩原３－１６－３", "url": "https://www.kaigokensaku.mhlw.go.jp/44/index.php?action_kouhyou_detail_004_kani=true&JigyosyoCd=4470107709-00&ServiceCd=430&Type=search", "url2": null }, "geometry": { "type": "Point", "coordinates": [ 131.64478, 33.2454527 ] } },
{ "type": "Feature", "properties": { "内容": "Greenガーデンもりまち居宅【居宅介護支援】大分市森６４１ー３", "url": "https://www.kaigokensaku.mhlw.go.jp/44/index.php?action_kouhyou_detail_004_kani=true&JigyosyoCd=4470112329-00&ServiceCd=430&Type=search", "url2": "https://www.gg-kyotaku.jp/" }, "geometry": { "type": "Point", "coordinates": [ 131.6801256, 33.2175584 ] } },
{ "type": "Feature", "properties": { "内容": "西大分居宅介護支援事業所【居宅介護支援】大分県大分市生石2丁目1番5号", "url": "https://www.kaigokensaku.mhlw.go.jp/44/index.php?action_kouhyou_detail_004_kani=true&JigyosyoCd=4470100431-00&ServiceCd=430&Type=search", "url2": null }, "geometry": { "type": "Point", "coordinates": [ 131.584955218791748, 33.244233340676374 ] } },
{ "type": "Feature", "properties": { "内容": "ケアプラン木の葉【居宅介護支援】大分県大分市萩原2丁目2番37号鶴羽ビル103", "url": "https://www.kaigokensaku.mhlw.go.jp/44/index.php?action_kouhyou_detail_004_kani=true&JigyosyoCd=4470108210-00&ServiceCd=430&Type=search", "url2": null }, "geometry": { "type": "Point", "coordinates": [ 131.6380805, 33.2466358 ] } },
{ "type": "Feature", "properties": { "内容": "介護保険サービスセンタ―ケアマネージメント牧【居宅介護支援】大分市牧２丁目１７番５号牧ロイヤルプラザ107", "url": "https://www.kaigokensaku.mhlw.go.jp/44/index.php?action_kouhyou_detail_004_kani=true&JigyosyoCd=4470109283-00&ServiceCd=430&Type=search", "url2": "http://www.unonaika.net" }, "geometry": { "type": "Point", "coordinates": [ 131.641205300000024, 33.2417557 ] } },
{ "type": "Feature", "properties": { "内容": "介護相談こねくと【居宅介護支援】三川新町1丁目2-1三川ホワイトオフィス109号", "url": "https://www.kaigokensaku.mhlw.go.jp/44/index.php?action_kouhyou_detail_004_kani=true&JigyosyoCd=4470110638-00&ServiceCd=430&Type=search", "url2": null }, "geometry": { "type": "Point", "coordinates": [ 131.6670914, 33.2510921 ] } },
{ "type": "Feature", "properties": { "内容": "ケアプランセンターかざぐるま【居宅介護支援】大分県大分市大字荏隈1220番地の23", "url": "https://www.kaigokensaku.mhlw.go.jp/44/index.php?action_kouhyou_detail_004_kani=true&JigyosyoCd=4470111826-00&ServiceCd=430&Type=search", "url2": null }, "geometry": { "type": "Point", "coordinates": [ 131.5766324, 33.211494100000024 ] } },
{ "type": "Feature", "properties": { "内容": "サンテラスながとみ居宅介護支援事業所【居宅介護支援】大分県大分市西大道2丁目2番1号", "url": "https://www.kaigokensaku.mhlw.go.jp/44/index.php?action_kouhyou_detail_004_kani=true&JigyosyoCd=4470102445-00&ServiceCd=430&Type=search", "url2": null }, "geometry": { "type": "Point", "coordinates": [ 131.596020899999985, 33.2314219 ] } },
{ "type": "Feature", "properties": { "内容": "SJR大分ケアプランセンター【居宅介護支援】大分県大分市要町6番32号住宅型有料老人ホームSJR大分", "url": "https://www.kaigokensaku.mhlw.go.jp/44/index.php?action_kouhyou_detail_004_kani=true&JigyosyoCd=4470109671-00&ServiceCd=430&Type=search", "url2": "sjr-jr.co.jp/oita/jr" }, "geometry": { "type": "Point", "coordinates": [ 131.608990588360626, 33.230187411496416 ] } },
{ "type": "Feature", "properties": { "内容": "楓　介護保険相談センター【居宅介護支援】牧1組リルームス牧　２０１号", "url": "https://www.kaigokensaku.mhlw.go.jp/44/index.php?action_kouhyou_detail_004_kani=true&JigyosyoCd=4470110927-00&ServiceCd=430&Type=search", "url2": null }, "geometry": { "type": "Point", "coordinates": [ 131.638268973003932, 33.236044195811381 ] } },
{ "type": "Feature", "properties": { "内容": "ウェルフェアサポートｅｎ【居宅介護支援】大分県大分市旦野原４５７番地（コーポＫＡＩ　１０２号室）", "url": "https://www.kaigokensaku.mhlw.go.jp/44/index.php?action_kouhyou_detail_004_kani=true&JigyosyoCd=4470111735-00&ServiceCd=430&Type=search", "url2": null }, "geometry": { "type": "Point", "coordinates": [ 131.605752599999988, 33.1747825 ] } },
{ "type": "Feature", "properties": { "内容": "あおば介護相談センター【居宅介護支援】大分県大分市花津留一丁目14番21号ホワイトカーサ１号室", "url": "https://www.kaigokensaku.mhlw.go.jp/44/index.php?action_kouhyou_detail_004_kani=true&JigyosyoCd=4470111933-00&ServiceCd=430&Type=search", "url2": null }, "geometry": { "type": "Point", "coordinates": [ 131.6324956, 33.2457187 ] } },
{ "type": "Feature", "properties": { "内容": "南大分居宅介護支援センター【居宅介護支援】大分県大分市明碩町１丁目２番９号", "url": "https://www.kaigokensaku.mhlw.go.jp/44/index.php?action_kouhyou_detail_004_kani=true&JigyosyoCd=4470100258-00&ServiceCd=430&Type=search", "url2": "http://www.kyoritsu-hospital.com/" }, "geometry": { "type": "Point", "coordinates": [ 131.588277299999959, 33.207621 ] } },
{ "type": "Feature", "properties": { "内容": "介護保険支援センターおりべ【居宅介護支援】大分県大分市田中町一丁目8番48号", "url": "https://www.kaigokensaku.mhlw.go.jp/44/index.php?action_kouhyou_detail_004_kani=true&JigyosyoCd=4470106313-00&ServiceCd=430&Type=search", "url2": "http://ｗｗｗ.oribe-hp.com" }, "geometry": { "type": "Point", "coordinates": [ 131.591511299999979, 33.213705800000021 ] } },
{ "type": "Feature", "properties": { "内容": "居宅介護支援センターからしま【居宅介護支援】大分県大分市賀来新川二丁目1番15号", "url": "https://www.kaigokensaku.mhlw.go.jp/44/index.php?action_kouhyou_detail_004_kani=true&JigyosyoCd=4470103245-00&ServiceCd=430&Type=search", "url2": "http://www.clinic.-kaku-oita.com/pc/" }, "geometry": { "type": "Point", "coordinates": [ 131.573924210975633, 33.21277351669589 ] } },
{ "type": "Feature", "properties": { "内容": "介護保険サービスセンターいのべ【居宅介護支援】大分県大分市府内町1丁目3番15号府内MCビル", "url": "https://www.kaigokensaku.mhlw.go.jp/44/index.php?action_kouhyou_detail_004_kani=true&JigyosyoCd=4470100308-00&ServiceCd=430&Type=search", "url2": "http://www.inobe.or.jp/" }, "geometry": { "type": "Point", "coordinates": [ 131.609910899999932, 33.2353748 ] } },
{ "type": "Feature", "properties": { "内容": "ケアサポートやました【居宅介護支援】大分県大分市大字下判田2349番地の１", "url": "https://www.kaigokensaku.mhlw.go.jp/44/index.php?action_kouhyou_detail_004_kani=true&JigyosyoCd=4470100035-00&ServiceCd=430&Type=search", "url2": "sp556ck9@bird.ocn.ne.jp" }, "geometry": { "type": "Point", "coordinates": [ 131.642784600000027, 33.1637443 ] } },
{ "type": "Feature", "properties": { "内容": "さくらハウス介護サービスセンター【居宅介護支援】大分県大分市牧1丁目25-1", "url": "https://www.kaigokensaku.mhlw.go.jp/44/index.php?action_kouhyou_detail_004_kani=true&JigyosyoCd=4470104128-00&ServiceCd=430&Type=search", "url2": "http://www.zeze-hospi.org/" }, "geometry": { "type": "Point", "coordinates": [ 131.6381222, 33.2391308 ] } },
{ "type": "Feature", "properties": { "内容": "明野中央介護支援センター【居宅介護支援】明野東２丁目７番３３号", "url": "https://www.kaigokensaku.mhlw.go.jp/44/index.php?action_kouhyou_detail_004_kani=true&JigyosyoCd=4470109119-00&ServiceCd=430&Type=search", "url2": "http://www.akenohp.jp/" }, "geometry": { "type": "Point", "coordinates": [ 131.657263199999989, 33.2206002 ] } },
{ "type": "Feature", "properties": { "内容": "居宅介護支援センター仁医会【居宅介護支援】大分市古国府1丁目3番73号有料老人ホーム　仁友の邑", "url": "https://www.kaigokensaku.mhlw.go.jp/44/index.php?action_kouhyou_detail_004_kani=true&JigyosyoCd=4470103302-00&ServiceCd=430&Type=search", "url2": "http://www.jinikai.com" }, "geometry": { "type": "Point", "coordinates": [ 131.612194300000027, 33.2176518 ] } },
{ "type": "Feature", "properties": { "内容": "はんだ介護保険支援センター【居宅介護支援】大分県大分市大字中判田1419番地の2", "url": "https://www.kaigokensaku.mhlw.go.jp/44/index.php?action_kouhyou_detail_004_kani=true&JigyosyoCd=4470100159-00&ServiceCd=430&Type=search", "url2": "http://www.shinwakai-hosp.com" }, "geometry": { "type": "Point", "coordinates": [ 131.631823552778599, 33.167600083628642 ] } },
{ "type": "Feature", "properties": { "内容": "百々園居宅介護支援センター【居宅介護支援】大分県大分市大字津守字山崎2742-1", "url": "https://www.kaigokensaku.mhlw.go.jp/44/index.php?action_kouhyou_detail_004_kani=true&JigyosyoCd=4470100019-00&ServiceCd=430&Type=search", "url2": "http://momoen.jp/" }, "geometry": { "type": "Point", "coordinates": [ 131.62897045975501, 33.210815997192633 ] } },
{ "type": "Feature", "properties": { "内容": "介護保険サービスセンターだいかく【居宅介護支援】大分県大分市下郡山の手２－１８だいかく病院内4階", "url": "https://www.kaigokensaku.mhlw.go.jp/44/index.php?action_kouhyou_detail_004_kani=true&JigyosyoCd=4470100456-00&ServiceCd=430&Type=search", "url2": "http://www.daikaku-hp.jp/" }, "geometry": { "type": "Point", "coordinates": [ 131.639088535103355, 33.221102830894083 ] } },
{ "type": "Feature", "properties": { "内容": "介護保険サービスセンターおおつか【居宅介護支援】大分県大分市浜町東3組", "url": "https://www.kaigokensaku.mhlw.go.jp/44/index.php?action_kouhyou_detail_004_kani=true&JigyosyoCd=4470100324-00&ServiceCd=430&Type=search", "url2": "http://www.otsuka-mc.jp/hoken" }, "geometry": { "type": "Point", "coordinates": [ 131.602687314715268, 33.246407532917111 ] } },
{ "type": "Feature", "properties": { "内容": "コスモス介護保険支援センター【居宅介護支援】大分県大分市東鶴崎２丁目３番35号", "url": "https://www.kaigokensaku.mhlw.go.jp/44/index.php?action_kouhyou_detail_004_kani=true&JigyosyoCd=4470100027-00&ServiceCd=430&Type=search", "url2": null }, "geometry": { "type": "Point", "coordinates": [ 131.696106399999962, 33.238863132409925 ] } },
{ "type": "Feature", "properties": { "内容": "小野鶴養生院　居宅介護支援事業所【居宅介護支援】大分県大分市大字小野鶴１１５７番地の１", "url": "https://www.kaigokensaku.mhlw.go.jp/44/index.php?action_kouhyou_detail_004_kani=true&JigyosyoCd=4470100068-00&ServiceCd=430&Type=search", "url2": "https//soujyu-oita.com/" }, "geometry": { "type": "Point", "coordinates": [ 131.568115199999966, 33.1988818 ] } },
{ "type": "Feature", "properties": { "内容": "介護保険サービスセンターみよし【居宅介護支援】大分県大分市大字森町５３４番地の１０", "url": "https://www.kaigokensaku.mhlw.go.jp/44/index.php?action_kouhyou_detail_004_kani=true&JigyosyoCd=4470103237-00&ServiceCd=430&Type=search", "url2": null }, "geometry": { "type": "Point", "coordinates": [ 131.681119200000012, 33.2286227 ] } },
{ "type": "Feature", "properties": { "内容": "ケアサポート宗方【居宅介護支援】大分市大字下宗方櫛引258番地", "url": "https://www.kaigokensaku.mhlw.go.jp/44/index.php?action_kouhyou_detail_004_kani=true&JigyosyoCd=4470110950-00&ServiceCd=430&Type=search", "url2": "https://oita-hoyu.com" }, "geometry": { "type": "Point", "coordinates": [ 131.58938273743442, 33.196115665735469 ] } },
{ "type": "Feature", "properties": { "内容": "介護保険サービスセンターこが【居宅介護支援】大分県大分市中鶴崎2丁目4番29号", "url": "https://www.kaigokensaku.mhlw.go.jp/44/index.php?action_kouhyou_detail_004_kani=true&JigyosyoCd=4470100167-00&ServiceCd=430&Type=search", "url2": null }, "geometry": { "type": "Point", "coordinates": [ 131.691251299999976, 33.2404275 ] } },
{ "type": "Feature", "properties": { "内容": "ふじが丘介護保険サービスセンター【居宅介護支援】大分県大分市ふじが丘南一丁目１６番１０号", "url": "https://www.kaigokensaku.mhlw.go.jp/44/index.php?action_kouhyou_detail_004_kani=true&JigyosyoCd=4470100290-00&ServiceCd=430&Type=search", "url2": null }, "geometry": { "type": "Point", "coordinates": [ 131.599525153442443, 33.177534315703376 ] } },
{ "type": "Feature", "properties": { "内容": "居宅介護支援事業所　風香【居宅介護支援】大分県大分市賀来南1丁目13番39号", "url": "https://www.kaigokensaku.mhlw.go.jp/44/index.php?action_kouhyou_detail_004_kani=true&JigyosyoCd=4470107030-00&ServiceCd=430&Type=search", "url2": "www.fukujyukai.net/" }, "geometry": { "type": "Point", "coordinates": [ 131.566594022014726, 33.211072593304621 ] } },
{ "type": "Feature", "properties": { "内容": "そうりんケアセンター稙田南【居宅介護支援】大分県大分市大字田尻647-2", "url": "https://www.kaigokensaku.mhlw.go.jp/44/index.php?action_kouhyou_detail_004_kani=true&JigyosyoCd=4470111743-00&ServiceCd=430&Type=search", "url2": null }, "geometry": { "type": "Point", "coordinates": [ 131.593822373680126, 33.184759622123714 ] } },
{ "type": "Feature", "properties": { "内容": "介護保険相談室ハート【居宅介護支援】大分県大分市大字光吉1430番地の27", "url": "https://www.kaigokensaku.mhlw.go.jp/44/index.php?action_kouhyou_detail_004_kani=true&JigyosyoCd=4470102510-00&ServiceCd=430&Type=search", "url2": "http://www.heart-cl.com" }, "geometry": { "type": "Point", "coordinates": [ 131.600432679727191, 33.191019252207305 ] } },
{ "type": "Feature", "properties": { "内容": "介護保険支援センターアルメイダ【居宅介護支援】大分県大分市大字宮崎１３１５番地", "url": "https://www.kaigokensaku.mhlw.go.jp/44/index.php?action_kouhyou_detail_004_kani=true&JigyosyoCd=4470100134-00&ServiceCd=430&Type=search", "url2": null }, "geometry": { "type": "Point", "coordinates": [ 131.608861700000034, 33.1933707 ] } },
{ "type": "Feature", "properties": { "内容": "居宅介護支援事業所メイプル【居宅介護支援】大分県大分市賀来南1丁目1-71", "url": "https://www.kaigokensaku.mhlw.go.jp/44/index.php?action_kouhyou_detail_004_kani=true&JigyosyoCd=4470106438-00&ServiceCd=430&Type=search", "url2": null }, "geometry": { "type": "Point", "coordinates": [ 131.570265231491987, 33.212103071899726 ] } },
{ "type": "Feature", "properties": { "内容": "大分ケアプランエージェント【居宅介護支援】大字旦野原167番地", "url": "https://www.kaigokensaku.mhlw.go.jp/44/index.php?action_kouhyou_detail_004_kani=true&JigyosyoCd=4470110323-00&ServiceCd=430&Type=search", "url2": "http://e-rin.com" }, "geometry": { "type": "Point", "coordinates": [ 131.606719600000019, 33.1768167 ] } },
{ "type": "Feature", "properties": { "内容": "居宅介護支援センター　ほたる【居宅介護支援】大分県大分市大字寒田字矢羽田265番地の1有料老人ホーム　グレイスホームささむた内", "url": "https://www.kaigokensaku.mhlw.go.jp/44/index.php?action_kouhyou_detail_004_kani=true&JigyosyoCd=4470108194-00&ServiceCd=430&Type=search", "url2": "https://miyu-oita.com/" }, "geometry": { "type": "Point", "coordinates": [ 131.604865, 33.1812299 ] } },
{ "type": "Feature", "properties": { "内容": "介護保険サービスセンター陽だまり【居宅介護支援】大分県大分市大字下郡字尻込3708番地19", "url": "https://www.kaigokensaku.mhlw.go.jp/44/index.php?action_kouhyou_detail_004_kani=true&JigyosyoCd=4470107774-00&ServiceCd=430&Type=search", "url2": "http://meguminokai.co.jp/" }, "geometry": { "type": "Point", "coordinates": [ 131.626237448589222, 33.229146796972145 ] } },
{ "type": "Feature", "properties": { "内容": "介護保険相談センター　きぼう【居宅介護支援】大分県大分市敷戸東町20番2号", "url": "https://www.kaigokensaku.mhlw.go.jp/44/index.php?action_kouhyou_detail_004_kani=true&JigyosyoCd=4470109580-00&ServiceCd=430&Type=search", "url2": null }, "geometry": { "type": "Point", "coordinates": [ 131.628571500000021, 33.1858419 ] } },
{ "type": "Feature", "properties": { "内容": "介護保険サービスセンターほむら【居宅介護支援】大分県大分市三佐5丁目4番5号エクレール三佐A102号", "url": "https://www.kaigokensaku.mhlw.go.jp/44/index.php?action_kouhyou_detail_004_kani=true&JigyosyoCd=4470109515-00&ServiceCd=430&Type=search", "url2": "http://sachinokai.com/" }, "geometry": { "type": "Point", "coordinates": [ 131.682485, 33.2527235 ] } },
{ "type": "Feature", "properties": { "内容": "介護保険相談センターTONERIKOの木大分【居宅介護支援】大分県大分市大字野津原160番地1桜ハイツ101", "url": "https://www.kaigokensaku.mhlw.go.jp/44/index.php?action_kouhyou_detail_004_kani=true&JigyosyoCd=4470111131-00&ServiceCd=430&Type=search", "url2": "http://www.toneriko.co.jp" }, "geometry": { "type": "Point", "coordinates": [ 131.5370676, 33.1641056 ] } },
{ "type": "Feature", "properties": { "内容": "田室ケアプランセンターいきいき【居宅介護支援】大分県大分市田室町９番８０号アーバン田室１２８", "url": "https://www.kaigokensaku.mhlw.go.jp/44/index.php?action_kouhyou_detail_004_kani=true&JigyosyoCd=4470110919-00&ServiceCd=430&Type=search", "url2": null }, "geometry": { "type": "Point", "coordinates": [ 131.5991412, 33.2344058 ] } },
{ "type": "Feature", "properties": { "内容": "居宅介護支援事業所　まねき【居宅介護支援】賀来北２丁目９番３号メゾンベルデ３０２", "url": "https://www.kaigokensaku.mhlw.go.jp/44/index.php?action_kouhyou_detail_004_kani=true&JigyosyoCd=4470112113-00&ServiceCd=430&Type=search", "url2": null }, "geometry": { "type": "Point", "coordinates": [ 131.569504981704796, 33.212792238126184 ] } },
{ "type": "Feature", "properties": { "内容": "やさしい手鶴崎居宅介護支援事業所【居宅介護支援】大分県大分市北鶴崎１丁目４番８号住宅型有料老人ホームやさしえ鶴崎1階", "url": "https://www.kaigokensaku.mhlw.go.jp/44/index.php?action_kouhyou_detail_004_kani=true&JigyosyoCd=4470112071-00&ServiceCd=430&Type=search", "url2": "https://www.yasashiite.com/" }, "geometry": { "type": "Point", "coordinates": [ 131.6882415, 33.2420874 ] } },
{ "type": "Feature", "properties": { "内容": "ケアステーションあん【居宅介護支援】大分県大分市上宗方544－1グリーンシティ雄城台201", "url": "https://www.kaigokensaku.mhlw.go.jp/44/index.php?action_kouhyou_detail_004_kani=true&JigyosyoCd=4470111768-00&ServiceCd=430&Type=search", "url2": "https://www.endear.info/" }, "geometry": { "type": "Point", "coordinates": [ 131.5807802, 33.1957615 ] } },
{ "type": "Feature", "properties": { "内容": "ケアサポートソレイユ【居宅介護支援】大分県大分市中島西2丁目2番9号", "url": "https://www.kaigokensaku.mhlw.go.jp/44/index.php?action_kouhyou_detail_004_kani=true&JigyosyoCd=4470108475-00&ServiceCd=430&Type=search", "url2": "soleil@siren.ocn.ne.jp" }, "geometry": { "type": "Point", "coordinates": [ 137.1191791, 34.8852597 ] } },
{ "type": "Feature", "properties": { "内容": "介護保険サービスセンター　アリエ【居宅介護支援】大分県大分市萩原1丁目2番33号グリーンパークヨシハラ103号室", "url": "https://www.kaigokensaku.mhlw.go.jp/44/index.php?action_kouhyou_detail_004_kani=true&JigyosyoCd=4470111941-00&ServiceCd=430&Type=search", "url2": null }, "geometry": { "type": "Point", "coordinates": [ 131.6376989, 33.2447378 ] } },
{ "type": "Feature", "properties": { "内容": "ニチイケアセンター大分【居宅介護支援】大分市下郡東1-9-23", "url": "https://www.kaigokensaku.mhlw.go.jp/44/index.php?action_kouhyou_detail_004_kani=true&JigyosyoCd=4470100043-00&ServiceCd=430&Type=search", "url2": null }, "geometry": { "type": "Point", "coordinates": [ 131.636019900000065, 33.2280264 ] } },
{ "type": "Feature", "properties": { "内容": "Greenガーデン居宅ケアプランニング高江【居宅介護支援】大分県大分市高江中央1丁目1304番1", "url": "https://www.kaigokensaku.mhlw.go.jp/44/index.php?action_kouhyou_detail_004_kani=true&JigyosyoCd=4470112204-00&ServiceCd=430&Type=search", "url2": "https://loveloving.co.jp" }, "geometry": { "type": "Point", "coordinates": [ 131.6192692, 33.1666781 ] } },
{ "type": "Feature", "properties": { "内容": "花こよみ【居宅介護支援】大分県大分市猪野1608番地の3猪野ハイツ801", "url": "https://www.kaigokensaku.mhlw.go.jp/44/index.php?action_kouhyou_detail_004_kani=true&JigyosyoCd=4470105497-00&ServiceCd=430&Type=search", "url2": "hanakoyomi@cam.bibiq.jp" }, "geometry": { "type": "Point", "coordinates": [ 131.661776599999939, 33.2240917 ] } },
{ "type": "Feature", "properties": { "内容": "ケアプランはるか【居宅介護支援】大分市仲西町1丁目1番24号第一森和ビル107", "url": "https://www.kaigokensaku.mhlw.go.jp/44/index.php?action_kouhyou_detail_004_kani=true&JigyosyoCd=4470111164-00&ServiceCd=430&Type=search", "url2": null }, "geometry": { "type": "Point", "coordinates": [ 131.6604008, 33.2424103 ] } },
{ "type": "Feature", "properties": { "内容": "介護保険相談オフィス誠実【居宅介護支援】大分県大分市畑中四丁目3-37", "url": "https://www.kaigokensaku.mhlw.go.jp/44/index.php?action_kouhyou_detail_004_kani=true&JigyosyoCd=4470110497-00&ServiceCd=430&Type=search", "url2": "https://www.seijitu.net/form.html" }, "geometry": { "type": "Point", "coordinates": [ 131.591123591270161, 33.204500089628489 ] } },
{ "type": "Feature", "properties": { "内容": "いまじん介護相談室【居宅介護支援】大分県大分市三ケ田町三丁目４番１号", "url": "https://www.kaigokensaku.mhlw.go.jp/44/index.php?action_kouhyou_detail_004_kani=true&JigyosyoCd=4470104102-00&ServiceCd=430&Type=search", "url2": "http://f-imagine.net/" }, "geometry": { "type": "Point", "coordinates": [ 131.590978727962721, 33.216574879580115 ] } },
{ "type": "Feature", "properties": { "内容": "公益社団法人　大分県看護協会　訪問看護ステーションおおいた【居宅介護支援】豊饒二丁目7番1号", "url": "https://www.kaigokensaku.mhlw.go.jp/44/index.php?action_kouhyou_detail_004_kani=true&JigyosyoCd=4460190137-00&ServiceCd=430&Type=search", "url2": "https://www.oita-kango.com/" }, "geometry": { "type": "Point", "coordinates": [ 131.597379199999978, 33.2081159 ] } },
{ "type": "Feature", "properties": { "内容": "福祉介護保険オフィスあーと【居宅介護支援】大分県大分市高江中央2丁目2番地の1", "url": "https://www.kaigokensaku.mhlw.go.jp/44/index.php?action_kouhyou_detail_004_kani=true&JigyosyoCd=4470109697-00&ServiceCd=430&Type=search", "url2": null }, "geometry": { "type": "Point", "coordinates": [ 131.6168534, 33.166201500000035 ] } },
{ "type": "Feature", "properties": { "内容": "大分市松岡3703-1-101【居宅介護支援】大分県大分市松岡3703-1-101", "url": "https://www.kaigokensaku.mhlw.go.jp/44/index.php?action_kouhyou_detail_004_kani=true&JigyosyoCd=4470110166-00&ServiceCd=430&Type=search", "url2": null }, "geometry": { "type": "Point", "coordinates": [ 131.669344955755008, 33.186493339021098 ] } },
{ "type": "Feature", "properties": { "内容": "居宅介護支援事業所あさかぜ【居宅介護支援】大分市里３丁目９番７号", "url": "https://www.kaigokensaku.mhlw.go.jp/44/index.php?action_kouhyou_detail_004_kani=true&JigyosyoCd=4470109903-00&ServiceCd=430&Type=search", "url2": "http://hp.kaipoke.biz" }, "geometry": { "type": "Point", "coordinates": [ 131.741089, 33.232675 ] } },
{ "type": "Feature", "properties": { "内容": "おれんじ・ケアプラン【居宅介護支援】大分県大分市今津留3丁目13-21レジデンス丸互203", "url": "https://www.kaigokensaku.mhlw.go.jp/44/index.php?action_kouhyou_detail_004_kani=true&JigyosyoCd=4470110646-00&ServiceCd=430&Type=search", "url2": null }, "geometry": { "type": "Point", "coordinates": [ 131.627326399999987, 33.2441777 ] } },
{ "type": "Feature", "properties": { "内容": "ケアプランあん【居宅介護支援】大分県大分市大字猪野585番地サンヴェールいの805", "url": "https://www.kaigokensaku.mhlw.go.jp/44/index.php?action_kouhyou_detail_004_kani=true&JigyosyoCd=4470110687-00&ServiceCd=430&Type=search", "url2": null }, "geometry": { "type": "Point", "coordinates": [ 131.666894400000047, 33.2251941 ] } },
{ "type": "Feature", "properties": { "内容": "介護相談室　椿【居宅介護支援】大分県大分市舞鶴町1丁目7番2516号エイルマンション城址公園東", "url": "https://www.kaigokensaku.mhlw.go.jp/44/index.php?action_kouhyou_detail_004_kani=true&JigyosyoCd=4470110893-00&ServiceCd=430&Type=search", "url2": null }, "geometry": { "type": "Point", "coordinates": [ 131.6158643, 33.2403443 ] } },
{ "type": "Feature", "properties": { "内容": "リバティケアマネ事務所【居宅介護支援】大分県大分市中判田1704-3コーポ角202", "url": "https://www.kaigokensaku.mhlw.go.jp/44/index.php?action_kouhyou_detail_004_kani=true&JigyosyoCd=4470111776-00&ServiceCd=430&Type=search", "url2": "https://liberty-cm-office.com/" }, "geometry": { "type": "Point", "coordinates": [ 131.639958599999972, 33.1650884 ] } },
{ "type": "Feature", "properties": { "内容": "ケアサポート　一久【居宅介護支援】大分県大分市南津留8-18マンションミエヨシ203", "url": "https://www.kaigokensaku.mhlw.go.jp/44/index.php?action_kouhyou_detail_004_kani=true&JigyosyoCd=4470111982-00&ServiceCd=430&Type=search", "url2": "https://www.care-support-19.com" }, "geometry": { "type": "Point", "coordinates": [ 131.634957500000013, 33.2482343 ] } },
{ "type": "Feature", "properties": { "内容": "居宅介護支援事業所　さくら【居宅介護支援】大分県大分市恵比寿町　3-29", "url": "https://www.kaigokensaku.mhlw.go.jp/44/index.php?action_kouhyou_detail_004_kani=true&JigyosyoCd=4470110729-00&ServiceCd=430&Type=search", "url2": null }, "geometry": { "type": "Point", "coordinates": [ 131.74550320000003, 33.2363514 ] } },
{ "type": "Feature", "properties": { "内容": "ケアマネジメントoto【居宅介護支援】大分市南太平寺2丁目5-61パークヒルズ南太平寺Ⅰ　205", "url": "https://www.kaigokensaku.mhlw.go.jp/44/index.php?action_kouhyou_detail_004_kani=true&JigyosyoCd=4470111891-00&ServiceCd=430&Type=search", "url2": null }, "geometry": { "type": "Point", "coordinates": [ 131.5963523, 33.2188664 ] } },
{ "type": "Feature", "properties": { "内容": "介護保険サービスセンターあかり【居宅介護支援】大分市萩原3丁目11番29203号", "url": "https://www.kaigokensaku.mhlw.go.jp/44/index.php?action_kouhyou_detail_004_kani=true&JigyosyoCd=4470111446-00&ServiceCd=430&Type=search", "url2": "https://akari-oita.co.jp/" }, "geometry": { "type": "Point", "coordinates": [ 131.644699300000013, 33.2424328 ] } },
{ "type": "Feature", "properties": { "内容": "介護保険サービスセンターあかり２nd【居宅介護支援】大分県大分市舞鶴町１丁目７－１２市川ビル２０１号", "url": "https://www.kaigokensaku.mhlw.go.jp/44/index.php?action_kouhyou_detail_004_kani=true&JigyosyoCd=4470112105-00&ServiceCd=430&Type=search", "url2": "https://akari-oita.co.jp/" }, "geometry": { "type": "Point", "coordinates": [ 131.616521299999988, 33.2406481 ] } },
{ "type": "Feature", "properties": { "内容": "L.L.C.ハートブリッジ・介護サポートセンター風【居宅介護支援】大分県大分市仲西町2丁目5番4号メゾンナカニシ105号", "url": "https://www.kaigokensaku.mhlw.go.jp/44/index.php?action_kouhyou_detail_004_kani=true&JigyosyoCd=4470104573-00&ServiceCd=430&Type=search", "url2": null }, "geometry": { "type": "Point", "coordinates": [ 131.662286462240559, 33.244304730970711 ] } },
{ "type": "Feature", "properties": { "内容": "ケアセンターライフデザイン大分【居宅介護支援】富士見ヶ丘東2丁目18番3号", "url": "https://www.kaigokensaku.mhlw.go.jp/44/index.php?action_kouhyou_detail_004_kani=true&JigyosyoCd=4470110117-00&ServiceCd=430&Type=search", "url2": "https://www.lifedesignoita.com/" }, "geometry": { "type": "Point", "coordinates": [ 131.549503373016364, 33.184784593153609 ] } },
{ "type": "Feature", "properties": { "内容": "ライフサポート愛和【居宅介護支援】高江中央３丁目4629番4ライフサポートまなと", "url": "https://www.kaigokensaku.mhlw.go.jp/44/index.php?action_kouhyou_detail_004_kani=true&JigyosyoCd=4470107048-00&ServiceCd=430&Type=search", "url2": "http//www.manato.co.jp" }, "geometry": { "type": "Point", "coordinates": [ 131.6125786, 33.1678566 ] } },
{ "type": "Feature", "properties": { "内容": "介護保険サービスセンターあおい【居宅介護支援】大分県大分市畑中３丁目４番32‐504", "url": "https://www.kaigokensaku.mhlw.go.jp/44/index.php?action_kouhyou_detail_004_kani=true&JigyosyoCd=4470111503-00&ServiceCd=430&Type=search", "url2": null }, "geometry": { "type": "Point", "coordinates": [ 131.595357819573962, 33.204635227874761 ] } },
{ "type": "Feature", "properties": { "内容": "介護相談サービス　佑マネジメント【居宅介護支援】大分県大分市下郡中央3丁目3番10号グリーンフラットノダ103", "url": "https://www.kaigokensaku.mhlw.go.jp/44/index.php?action_kouhyou_detail_004_kani=true&JigyosyoCd=4470111230-00&ServiceCd=430&Type=search", "url2": "https://www.emaru-llc.com" }, "geometry": { "type": "Point", "coordinates": [ 131.636992, 33.2272052 ] } },
{ "type": "Feature", "properties": { "内容": "大分県大分市判田台北4丁目13-3【居宅介護支援】大分県大分市判田台北4丁目13-3", "url": "https://www.kaigokensaku.mhlw.go.jp/44/index.php?action_kouhyou_detail_004_kani=true&JigyosyoCd=4470111073-00&ServiceCd=430&Type=search", "url2": null }, "geometry": { "type": "Point", "coordinates": [ 131.6266157, 33.1624721 ] } },
{ "type": "Feature", "properties": { "内容": "ひめしま居宅介護支援事業所【居宅介護支援】大分県大分市高城新町５－１３高城ハイツ２０３号", "url": "https://www.kaigokensaku.mhlw.go.jp/44/index.php?action_kouhyou_detail_004_kani=true&JigyosyoCd=4470105992-00&ServiceCd=430&Type=search", "url2": null }, "geometry": { "type": "Point", "coordinates": [ 131.652643500000039, 33.2423393 ] } },
{ "type": "Feature", "properties": { "内容": "やない居宅介護支援事業所【居宅介護支援】大分県大分市牧２丁目８番１８号松ビル２０１", "url": "https://www.kaigokensaku.mhlw.go.jp/44/index.php?action_kouhyou_detail_004_kani=true&JigyosyoCd=4470111123-00&ServiceCd=430&Type=search", "url2": null }, "geometry": { "type": "Point", "coordinates": [ 131.639466344180306, 33.238302654692063 ] } },
{ "type": "Feature", "properties": { "内容": "社会医療法人関愛会　ケアセンター坂ノ市ひまわり【居宅介護支援】大分県大分市坂ノ市中央3丁目18-9-1", "url": "https://www.kaigokensaku.mhlw.go.jp/44/index.php?action_kouhyou_detail_004_kani=true&JigyosyoCd=4470110430-00&ServiceCd=430&Type=search", "url2": null }, "geometry": { "type": "Point", "coordinates": [ 131.751765500000033, 33.2326627 ] } },
{ "type": "Feature", "properties": { "内容": "大分豊寿苑居宅介護支援事業所【居宅介護支援】大字皆春1521番地の1在宅総合ケアセンター３階", "url": "https://www.kaigokensaku.mhlw.go.jp/44/index.php?action_kouhyou_detail_004_kani=true&JigyosyoCd=4470100191-00&ServiceCd=430&Type=search", "url2": "http://ｗｗ.hojuen.jp" }, "geometry": { "type": "Point", "coordinates": [ 131.684284356125545, 33.236116689318159 ] } },
{ "type": "Feature", "properties": { "内容": "大分豊寿苑居宅介護支援事業所こいけばる【居宅介護支援】大分県大分市大字小池原字池ノ内1021番地", "url": "https://www.kaigokensaku.mhlw.go.jp/44/index.php?action_kouhyou_detail_004_kani=true&JigyosyoCd=4470110091-00&ServiceCd=430&Type=search", "url2": "https://keiwakai.oita.jp/hojuen/" }, "geometry": { "type": "Point", "coordinates": [ 131.661808699999938, 33.2354942 ] } },
{ "type": "Feature", "properties": { "内容": "天心堂介護相談サービスセンター【居宅介護支援】大分県大分市大字中戸次字寺ノ内5111番1", "url": "https://www.kaigokensaku.mhlw.go.jp/44/index.php?action_kouhyou_detail_004_kani=true&JigyosyoCd=4470100241-00&ServiceCd=430&Type=search", "url2": "http://www.tenshindo.org" }, "geometry": { "type": "Point", "coordinates": [ 131.655175348132389, 33.151531624661914 ] } },
{ "type": "Feature", "properties": { "内容": "介護保険相談センターさんあい【居宅介護支援】大分県大分市大字市1213番地", "url": "https://www.kaigokensaku.mhlw.go.jp/44/index.php?action_kouhyou_detail_004_kani=true&JigyosyoCd=4470100381-00&ServiceCd=430&Type=search", "url2": "http://www.san-ai-group.org/" }, "geometry": { "type": "Point", "coordinates": [ 131.575559, 33.1863196 ] } },
{ "type": "Feature", "properties": { "内容": "グリーンコープケアプランセンター大分【居宅介護支援】大分県大分市大字旦の原880-96", "url": "https://www.kaigokensaku.mhlw.go.jp/44/index.php?action_kouhyou_detail_004_kani=true&JigyosyoCd=4470108038-00&ServiceCd=430&Type=search", "url2": "http://fukushi-greencoop.or.jp/prog/dbs/107" }, "geometry": { "type": "Point", "coordinates": [ 131.620190163243137, 33.172466419885559 ] } },
{ "type": "Feature", "properties": { "内容": "天神ヴィラ居宅介護支援事業所【居宅介護支援】大分県大分市大字駄原字天神平1670番地１", "url": "https://www.kaigokensaku.mhlw.go.jp/44/index.php?action_kouhyou_detail_004_kani=true&JigyosyoCd=4470109309-00&ServiceCd=430&Type=search", "url2": "http://isshinkai-oita-kitsuki.jp" }, "geometry": { "type": "Point", "coordinates": [ 131.587938337920377, 33.231053591842738 ] } },
{ "type": "Feature", "properties": { "内容": "介護保険サービスセンター庄の原苑【居宅介護支援】大分県大分市大字荏隈字庄の原1798番地社会福祉法人　温寿会　特別養護老人ホーム庄の原苑内", "url": "https://www.kaigokensaku.mhlw.go.jp/44/index.php?action_kouhyou_detail_004_kani=true&JigyosyoCd=4470107915-00&ServiceCd=430&Type=search", "url2": "http://shonoharuen.com/" }, "geometry": { "type": "Point", "coordinates": [ 131.573061355009685, 33.222045432726183 ] } },
{ "type": "Feature", "properties": { "内容": "いきいきほっとカフェ【居宅介護支援】大分県大分市緑が丘3丁目16番1号", "url": "https://www.kaigokensaku.mhlw.go.jp/44/index.php?action_kouhyou_detail_004_kani=true&JigyosyoCd=4470108772-00&ServiceCd=430&Type=search", "url2": "https://sukuiki.com/" }, "geometry": { "type": "Point", "coordinates": [ 131.530968300000069, 33.1842488 ] } },
{ "type": "Feature", "properties": { "内容": "介護保険サービスセンター清静園【居宅介護支援】大分県大分市大字竹中5268番地", "url": "https://www.kaigokensaku.mhlw.go.jp/44/index.php?action_kouhyou_detail_004_kani=true&JigyosyoCd=4470100183-00&ServiceCd=430&Type=search", "url2": "http://www.seijyoen.or.jp" }, "geometry": { "type": "Point", "coordinates": [ 131.6444629, 33.1283644 ] } },
{ "type": "Feature", "properties": { "内容": "誠寿園介護保険サービスセンター【居宅介護支援】大分県大分市大字辻902番地", "url": "https://www.kaigokensaku.mhlw.go.jp/44/index.php?action_kouhyou_detail_004_kani=true&JigyosyoCd=4470100217-00&ServiceCd=430&Type=search", "url2": "https://seijuen.org" }, "geometry": { "type": "Point", "coordinates": [ 131.692783910697955, 33.109878727649033 ] } },
{ "type": "Feature", "properties": { "内容": "そうだ藤の森介護保険相談センター【居宅介護支援】大分県大分市大字寒田202番地", "url": "https://www.kaigokensaku.mhlw.go.jp/44/index.php?action_kouhyou_detail_004_kani=true&JigyosyoCd=4470100233-00&ServiceCd=430&Type=search", "url2": "http://san-ai-kai.or.jp/" }, "geometry": { "type": "Point", "coordinates": [ 131.599707099999932, 33.1743663 ] } },
{ "type": "Feature", "properties": { "内容": "ケアプランセンターBASARA【居宅介護支援】大分市高崎3丁目12番8号", "url": "https://www.kaigokensaku.mhlw.go.jp/44/index.php?action_kouhyou_detail_004_kani=true&JigyosyoCd=4470112014-00&ServiceCd=430&Type=search", "url2": "https://sanfukai.jp/" }, "geometry": { "type": "Point", "coordinates": [ 131.580885, 33.2321747 ] } },
{ "type": "Feature", "properties": { "内容": "介護保険サービスセンター創生の里【居宅介護支援】大分県大分市大字野田３０６番地の２", "url": "https://www.kaigokensaku.mhlw.go.jp/44/index.php?action_kouhyou_detail_004_kani=true&JigyosyoCd=4470100316-00&ServiceCd=430&Type=search", "url2": "http://www.wakakusakai.jp" }, "geometry": { "type": "Point", "coordinates": [ 131.536189700000023, 33.2031772 ] } },
{ "type": "Feature", "properties": { "内容": "緑風苑介護保険サービスセンター【居宅介護支援】大分県大分市下郡山の手２番１７号", "url": "https://www.kaigokensaku.mhlw.go.jp/44/index.php?action_kouhyou_detail_004_kani=true&JigyosyoCd=4470100084-00&ServiceCd=430&Type=search", "url2": "http://syouzankai.jp/ryokufu-en/" }, "geometry": { "type": "Point", "coordinates": [ 131.638489490551791, 33.221096862350151 ] } },
{ "type": "Feature", "properties": { "内容": "介護保険サービスセンター柞原の里【居宅介護支援】大分県大分市大字八幡３２０番地1", "url": "https://www.kaigokensaku.mhlw.go.jp/44/index.php?action_kouhyou_detail_004_kani=true&JigyosyoCd=4470100126-00&ServiceCd=430&Type=search", "url2": "http://yusuhara.org" }, "geometry": { "type": "Point", "coordinates": [ 131.558133236770573, 33.233679646544644 ] } },
{ "type": "Feature", "properties": { "内容": "介護保険サービスセンター　清流苑【居宅介護支援】大分県大分市大字種具字南谷144番地", "url": "https://www.kaigokensaku.mhlw.go.jp/44/index.php?action_kouhyou_detail_004_kani=true&JigyosyoCd=4470100225-00&ServiceCd=430&Type=search", "url2": "http://www.seiryu-kyousei.org" }, "geometry": { "type": "Point", "coordinates": [ 131.698935526907434, 33.206477034638127 ] } },
{ "type": "Feature", "properties": { "内容": "リバーサイド桃花苑介護保険サービスセンター【居宅介護支援】大分県大分市大字曲字箕久保320番地", "url": "https://www.kaigokensaku.mhlw.go.jp/44/index.php?action_kouhyou_detail_004_kani=true&JigyosyoCd=4470102163-00&ServiceCd=430&Type=search", "url2": "http://www.riverside-toukaen.jp/" }, "geometry": { "type": "Point", "coordinates": [ 131.618432134701607, 33.197937397507822 ] } },
{ "type": "Feature", "properties": { "内容": "大分市介護保険サービスセンターさざんか駅南事業所【居宅介護支援】大分県大分市金池南一丁目8番16号", "url": "https://www.kaigokensaku.mhlw.go.jp/44/index.php?action_kouhyou_detail_004_kani=true&JigyosyoCd=4470100050-00&ServiceCd=430&Type=search", "url2": "http://www.oita-syakyo.jp" }, "geometry": { "type": "Point", "coordinates": [ 131.605664032540858, 33.229787987226047 ] } },
{ "type": "Feature", "properties": { "内容": "介護保険サービスセンター　白水長久苑【居宅介護支援】大分県大分市大字横尾字大原1897番地2", "url": "https://www.kaigokensaku.mhlw.go.jp/44/index.php?action_kouhyou_detail_004_kani=true&JigyosyoCd=4470100092-00&ServiceCd=430&Type=search", "url2": "https://chokyuen.jp/" }, "geometry": { "type": "Point", "coordinates": [ 131.664701571192637, 33.205055611259873 ] } },
{ "type": "Feature", "properties": { "内容": "社会福祉法人碇山会【居宅介護支援】大分県大分市大字津守字長田２５４７番地の６", "url": "https://www.kaigokensaku.mhlw.go.jp/44/index.php?action_kouhyou_detail_004_kani=true&JigyosyoCd=4470102452-00&ServiceCd=430&Type=search", "url2": "ｉｋｏｉｎｏｙａｋａｔａ－ｏｏｉｔａ．ｃｏｍ" }, "geometry": { "type": "Point", "coordinates": [ 131.615833, 33.2102056 ] } },
{ "type": "Feature", "properties": { "内容": "アイリスおおいた介護保険サービスセンター【居宅介護支援】大分県大分市大字横尾4451-8", "url": "https://www.kaigokensaku.mhlw.go.jp/44/index.php?action_kouhyou_detail_004_kani=true&JigyosyoCd=4470101520-00&ServiceCd=430&Type=search", "url2": "http://www.niji-iris.com/" }, "geometry": { "type": "Point", "coordinates": [ 131.664579600000025, 33.2080158 ] } },
{ "type": "Feature", "properties": { "内容": "はなぞの在宅サービスセンター【居宅介護支援】大分県大分市花江川4-28ケアマンションはなぞの１階", "url": "https://www.kaigokensaku.mhlw.go.jp/44/index.php?action_kouhyou_detail_004_kani=true&JigyosyoCd=4470100332-00&ServiceCd=430&Type=search", "url2": "http://www.hyakkaen.or.jp/" }, "geometry": { "type": "Point", "coordinates": [ 131.70793290000006, 33.2458659 ] } },
{ "type": "Feature", "properties": { "内容": "百華苑在宅サービスセンター【居宅介護支援】大分県大分市大字東上野1800番地", "url": "https://www.kaigokensaku.mhlw.go.jp/44/index.php?action_kouhyou_detail_004_kani=true&JigyosyoCd=4470100282-00&ServiceCd=430&Type=search", "url2": "htttp://www.hyakkaen.or.jp/" }, "geometry": { "type": "Point", "coordinates": [ 131.770325, 33.2293997 ] } },
{ "type": "Feature", "properties": { "内容": "介護保険サービスセンター玉光苑【居宅介護支援】大分県大分市大字市字洲高田459番地", "url": "https://www.kaigokensaku.mhlw.go.jp/44/index.php?action_kouhyou_detail_004_kani=true&JigyosyoCd=4470100399-00&ServiceCd=430&Type=search", "url2": "http://www.gyokkouen.com" }, "geometry": { "type": "Point", "coordinates": [ 131.570603802348273, 33.188536869199602 ] } },
{ "type": "Feature", "properties": { "内容": "コープおおいた介護保険サービスセンター【居宅介護支援】大分県　大分市　青崎1丁目9番35号", "url": "https://www.kaigokensaku.mhlw.go.jp/44/index.php?action_kouhyou_detail_004_kani=true&JigyosyoCd=4470109689-00&ServiceCd=430&Type=search", "url2": null }, "geometry": { "type": "Point", "coordinates": [ 131.705866499999985, 33.259614200000016 ] } },
{ "type": "Feature", "properties": { "内容": "医療生協介護保険サービスセンター健生【居宅介護支援】大字津留字六本松1970-7在宅総合センターすこやか", "url": "https://www.kaigokensaku.mhlw.go.jp/44/index.php?action_kouhyou_detail_004_kani=true&JigyosyoCd=4470100506-00&ServiceCd=430&Type=search", "url2": "http://www.oita-min.or.jp/" }, "geometry": { "type": "Point", "coordinates": [ 131.629616400000032, 33.2334264 ] } },
{ "type": "Feature", "properties": { "内容": "ＪＡおおいた大分福祉サービスセンター【居宅介護支援】大分県大分市大字丹生147番地の3", "url": "https://www.kaigokensaku.mhlw.go.jp/44/index.php?action_kouhyou_detail_004_kani=true&JigyosyoCd=4470105422-00&ServiceCd=430&Type=search", "url2": null }, "geometry": { "type": "Point", "coordinates": [ 131.7207071, 33.2183468 ] } },
{ "type": "Feature", "properties": { "内容": "介護保険独立支援センター丸永樹【居宅介護支援】大分市田尻中央19番12号大分市田尻中央19番12号", "url": "https://www.kaigokensaku.mhlw.go.jp/44/index.php?action_kouhyou_detail_004_kani=true&JigyosyoCd=4470103708-00&ServiceCd=430&Type=search", "url2": null }, "geometry": { "type": "Point", "coordinates": [ 131.587988399999972, 33.1814456 ] } },
{ "type": "Feature", "properties": { "内容": "のりこえ居宅介護支援事業所【居宅介護支援】大分県大分市牧1丁目9番24号", "url": "https://www.kaigokensaku.mhlw.go.jp/44/index.php?action_kouhyou_detail_004_kani=true&JigyosyoCd=4470108624-00&ServiceCd=430&Type=search", "url2": "http://shigeishi.o-jta.com/" }, "geometry": { "type": "Point", "coordinates": [ 131.637688900000057, 33.2410085 ] } },
{ "type": "Feature", "properties": { "内容": "介護保険サービスセンターなでしこ【居宅介護支援】大分県大分市牧2丁目7番26号", "url": "https://www.kaigokensaku.mhlw.go.jp/44/index.php?action_kouhyou_detail_004_kani=true&JigyosyoCd=4470102098-00&ServiceCd=430&Type=search", "url2": null }, "geometry": { "type": "Point", "coordinates": [ 131.593487900000014, 33.2175259 ] } },
{ "type": "Feature", "properties": { "内容": "ケアセンターゆぅゆぅ【居宅介護支援】大分県大分市明磧町1丁目9番77号", "url": "https://www.kaigokensaku.mhlw.go.jp/44/index.php?action_kouhyou_detail_004_kani=true&JigyosyoCd=4470109572-00&ServiceCd=430&Type=search", "url2": null }, "geometry": { "type": "Point", "coordinates": [ 131.587146360086791, 33.207462117091318 ] } },
{ "type": "Feature", "properties": { "内容": "介護保険サービスセンターほんだ【居宅介護支援】大分県大分市三川上二丁目6番36号", "url": "https://www.kaigokensaku.mhlw.go.jp/44/index.php?action_kouhyou_detail_004_kani=true&JigyosyoCd=4470102486-00&ServiceCd=430&Type=search", "url2": null }, "geometry": { "type": "Point", "coordinates": [ 131.673438499999946, 33.24483810000001 ] } },
{ "type": "Feature", "properties": { "内容": "居宅介護支援事業所スマイルゆい【居宅介護支援】大分県大分市敷戸西町１－３ミクスチャーハウスえん2F", "url": "https://www.kaigokensaku.mhlw.go.jp/44/index.php?action_kouhyou_detail_004_kani=true&JigyosyoCd=4470102726-00&ServiceCd=430&Type=search", "url2": "http://www.smile-yui.com/" }, "geometry": { "type": "Point", "coordinates": [ 131.62266360000001, 33.1873027 ] } },
{ "type": "Feature", "properties": { "内容": "介護保険サービスセンターめぐみ【居宅介護支援】大分県大分市千歳1770番地5", "url": "https://www.kaigokensaku.mhlw.go.jp/44/index.php?action_kouhyou_detail_004_kani=true&JigyosyoCd=4470105794-00&ServiceCd=430&Type=search", "url2": "meguminokai.co.jp" }, "geometry": { "type": "Point", "coordinates": [ 131.669067199999972, 33.2376933 ] } },
{ "type": "Feature", "properties": { "内容": "介護福祉支援センター富士見が丘【居宅介護支援】大分県大分市富士見が丘西1-3-1", "url": "https://www.kaigokensaku.mhlw.go.jp/44/index.php?action_kouhyou_detail_004_kani=true&JigyosyoCd=4470102650-00&ServiceCd=430&Type=search", "url2": "http://k-fujimigaoka.com/" }, "geometry": { "type": "Point", "coordinates": [ 131.542997900000046, 33.1818688 ] } },
{ "type": "Feature", "properties": { "内容": "ケアプランセンター実の里【居宅介護支援】大分県大分市大字三芳642番地", "url": "https://www.kaigokensaku.mhlw.go.jp/44/index.php?action_kouhyou_detail_004_kani=true&JigyosyoCd=4470109614-00&ServiceCd=430&Type=search", "url2": "http://www.shikisai‐oita.coｍ/" }, "geometry": { "type": "Point", "coordinates": [ 131.59289646549837, 33.225934458389503 ] } },
{ "type": "Feature", "properties": { "内容": "在宅ケアセンター大分【居宅介護支援】大分県大分市豊饒２丁目３番２３号", "url": "https://www.kaigokensaku.mhlw.go.jp/44/index.php?action_kouhyou_detail_004_kani=true&JigyosyoCd=4470100647-00&ServiceCd=430&Type=search", "url2": null }, "geometry": { "type": "Point", "coordinates": [ 131.598230684655704, 33.209790558745446 ] } },
{ "type": "Feature", "properties": { "内容": "介護保険サービスセンターあらた【居宅介護支援】大分県大分市大字小野鶴1601番地", "url": "https://www.kaigokensaku.mhlw.go.jp/44/index.php?action_kouhyou_detail_004_kani=true&JigyosyoCd=4470104359-00&ServiceCd=430&Type=search", "url2": "https://fujinokai.co.jp" }, "geometry": { "type": "Point", "coordinates": [ 131.570242023116748, 33.197978150459114 ] } },
{ "type": "Feature", "properties": { "内容": "介護保険サービスセンター愉里【居宅介護支援】大分県大分市大字片島７５０番地", "url": "https://www.kaigokensaku.mhlw.go.jp/44/index.php?action_kouhyou_detail_004_kani=true&JigyosyoCd=4470103948-00&ServiceCd=430&Type=search", "url2": null }, "geometry": { "type": "Point", "coordinates": [ 131.624643200000037, 33.2136334 ] } },
{ "type": "Feature", "properties": { "内容": "介護保険サービスセンター舞鶴清流苑【居宅介護支援】西新地２丁目５－４０", "url": "https://www.kaigokensaku.mhlw.go.jp/44/index.php?action_kouhyou_detail_004_kani=true&JigyosyoCd=4470112352-00&ServiceCd=430&Type=search", "url2": "http://seiryu-kyousei.org" }, "geometry": { "type": "Point", "coordinates": [ 131.62495340000001, 33.2522907 ] } },
{ "type": "Feature", "properties": { "内容": "介護相談室はるかぜ【居宅介護支援】大分県大分市大字鴛野1348ー2桜井コーポ101号", "url": "https://www.kaigokensaku.mhlw.go.jp/44/index.php?action_kouhyou_detail_004_kani=true&JigyosyoCd=4470112360-00&ServiceCd=430&Type=search", "url2": null }, "geometry": { "type": "Point", "coordinates": [ 131.617930300000012, 33.1842092 ] } },
{ "type": "Feature", "properties": { "内容": "ケアマネジメント影光【居宅介護支援】大分県大分市田室町７－８サンライフ米穀５０６", "url": "https://www.kaigokensaku.mhlw.go.jp/44/index.php?action_kouhyou_detail_004_kani=true&JigyosyoCd=4470112378-00&ServiceCd=430&Type=search", "url2": null }, "geometry": { "type": "Point", "coordinates": [ 131.5972404, 33.2351191 ] } },
{ "type": "Feature", "properties": { "内容": "シップメイト【居宅介護支援】大分県大分市大字中戸次字中村5856番地の3ヴィラコンソラータ106号室", "url": "https://www.kaigokensaku.mhlw.go.jp/44/index.php?action_kouhyou_detail_004_kani=true&JigyosyoCd=4470112386-00&ServiceCd=430&Type=search", "url2": null }, "geometry": { "type": "Point", "coordinates": [ 131.656307, 33.1524564 ] } },
{ "type": "Feature", "properties": { "内容": "居宅介護支援センター大分まどか【居宅介護支援】片島73-1小野ビル301号室", "url": "https://www.kaigokensaku.mhlw.go.jp/44/index.php?action_kouhyou_detail_004_kani=true&JigyosyoCd=4470112394-00&ServiceCd=430&Type=search", "url2": "https://www.ymg-oita.com/" }, "geometry": { "type": "Point", "coordinates": [ 131.620735899999971, 33.216684 ] } },
{ "type": "Feature", "properties": { "内容": "サンプレイス【居宅介護支援】明磧町二丁目14番1号", "url": "https://www.kaigokensaku.mhlw.go.jp/44/index.php?action_kouhyou_detail_004_kani=true&JigyosyoCd=4470112402-00&ServiceCd=430&Type=search", "url2": null }, "geometry": { "type": "Point", "coordinates": [ 131.5897122, 33.2058896 ] } },
{ "type": "Feature", "properties": { "内容": "社会医療法人関愛会ケアセンターひまわり【居宅介護支援】大分県大分市大字佐賀関880-1高齢者介護施設ひまわり", "url": "https://www.kaigokensaku.mhlw.go.jp/44/index.php?action_kouhyou_detail_004_kani=true&JigyosyoCd=4472400193-00&ServiceCd=430&Type=search", "url2": "http://sekiaikai.jp/" }, "geometry": { "type": "Point", "coordinates": [ 131.867911699999979, 33.2489158 ] } },
{ "type": "Feature", "properties": { "内容": "介護保険サービスセンター　和泉荘【居宅介護支援】大分県大分市大字竹矢1006-1", "url": "https://www.kaigokensaku.mhlw.go.jp/44/index.php?action_kouhyou_detail_004_kani=true&JigyosyoCd=4472300062-00&ServiceCd=430&Type=search", "url2": "http://izumisou.com/" }, "geometry": { "type": "Point", "coordinates": [ 131.507813199999987, 33.154896 ] } },
{ "type": "Feature", "properties": { "内容": "大分市介護保険サービスセンターさざんか佐賀関事業所【居宅介護支援】大分県大分市大字佐賀関869番地4", "url": "https://www.kaigokensaku.mhlw.go.jp/44/index.php?action_kouhyou_detail_004_kani=true&JigyosyoCd=4472400029-00&ServiceCd=430&Type=search", "url2": "http://www.oita-syakyo.jp" }, "geometry": { "type": "Point", "coordinates": [ 131.868568357672075, 33.248713354983806 ] } },
{ "type": "Feature", "properties": { "内容": "大分市介護保険サービスセンターさざんか野津原事業所【居宅介護支援】大分県大分市野津原800番地", "url": "https://www.kaigokensaku.mhlw.go.jp/44/index.php?action_kouhyou_detail_004_kani=true&JigyosyoCd=4472300120-00&ServiceCd=430&Type=search", "url2": "http://www.oita-syakyo.jp" }, "geometry": { "type": "Point", "coordinates": [ 131.529819373016352, 33.162643174665206 ] } },
{ "type": "Feature", "properties": { "内容": "めいわ在宅サービスセンター【居宅介護支援】大分市明野北4丁目1番1号旧山本ビル3Ｆ", "url": "https://www.kaigokensaku.mhlw.go.jp/44/index.php?action_kouhyou_detail_004_kani=true&JigyosyoCd=4470101850-00&ServiceCd=430&Type=search", "url2": "http://www.meiwa-hp.jp/" }, "geometry": { "type": "Point", "coordinates": [ 131.656320343357152, 33.22584950000001 ] } },
{ "type": "Feature", "properties": { "内容": "いずみ在宅介護支援事業所【居宅介護支援】大分県大分市大在北1丁目12番12号", "url": "https://www.kaigokensaku.mhlw.go.jp/44/index.php?action_kouhyou_detail_004_kani=true&JigyosyoCd=4470104847-00&ServiceCd=430&Type=search", "url2": "https://www.eff-izumi.com/" }, "geometry": { "type": "Point", "coordinates": [ 131.710007499999961, 33.2520987 ] } },
{ "type": "Feature", "properties": { "内容": "介護保険相談コンダクター【居宅介護支援】大分県大分市葛木430-1サンスカイＫ301号", "url": "https://www.kaigokensaku.mhlw.go.jp/44/index.php?action_kouhyou_detail_004_kani=true&JigyosyoCd=4470112006-00&ServiceCd=430&Type=search", "url2": "https://www.local-train.jp/" }, "geometry": { "type": "Point", "coordinates": [ 131.6707896, 33.2217581 ] } },
{ "type": "Feature", "properties": { "内容": "ケアプランたきた【居宅介護支援】大分県大分市大字小池原528番地の8", "url": "https://www.kaigokensaku.mhlw.go.jp/44/index.php?action_kouhyou_detail_004_kani=true&JigyosyoCd=4470111545-00&ServiceCd=430&Type=search", "url2": null }, "geometry": { "type": "Point", "coordinates": [ 131.6647743, 33.2370006 ] } },
{ "type": "Feature", "properties": { "内容": "介護保険相談センター結【居宅介護支援】明磧町1丁目4-38荏隈タウンB棟", "url": "https://www.kaigokensaku.mhlw.go.jp/44/index.php?action_kouhyou_detail_004_kani=true&JigyosyoCd=4470111958-00&ServiceCd=430&Type=search", "url2": "https://www.nanairo-official.com" }, "geometry": { "type": "Point", "coordinates": [ 131.587531899999988, 33.2096836 ] } },
{ "type": "Feature", "properties": { "内容": "Ｂａｎｓｏ相談支援センター【居宅介護支援】大分市大字佐野4058番地", "url": "https://www.kaigokensaku.mhlw.go.jp/44/index.php?action_kouhyou_detail_004_kani=true&JigyosyoCd=4470112196-00&ServiceCd=430&Type=search", "url2": null }, "geometry": { "type": "Point", "coordinates": [ 131.7232721, 33.2199219 ] } },
{ "type": "Feature", "properties": { "内容": "一般社団法人ライフ・プランニング【居宅介護支援】大分県大分市萩原1-12-25グランシードセフィラ101", "url": "https://www.kaigokensaku.mhlw.go.jp/44/index.php?action_kouhyou_detail_004_kani=true&JigyosyoCd=4470111339-00&ServiceCd=430&Type=search", "url2": null }, "geometry": { "type": "Point", "coordinates": [ 131.6400023, 33.2450147 ] } },
{ "type": "Feature", "properties": { "内容": "村上神経内科クリニック居宅介護支援事業所【居宅介護支援】大分県別府市山の手町14番25号", "url": "https://www.kaigokensaku.mhlw.go.jp/44/index.php?action_kouhyou_detail_004_kani=true&JigyosyoCd=4470202823-00&ServiceCd=430&Type=search", "url2": "http://www.murakami-clinic.or.jp/" }, "geometry": { "type": "Point", "coordinates": [ 131.485419800000045, 33.2825202 ] } },
{ "type": "Feature", "properties": { "内容": "居宅介護支援事業所福祉の森【居宅介護支援】大分県別府市上平田町11組", "url": "https://www.kaigokensaku.mhlw.go.jp/44/index.php?action_kouhyou_detail_004_kani=true&JigyosyoCd=4470201999-00&ServiceCd=430&Type=search", "url2": "http//betsufukukai.com" }, "geometry": { "type": "Point", "coordinates": [ 131.487630800000034, 33.3128197 ] } },
{ "type": "Feature", "properties": { "内容": "白梅の花　居宅介護支援センター【居宅介護支援】大分県別府市大字浜脇29-2", "url": "https://www.kaigokensaku.mhlw.go.jp/44/index.php?action_kouhyou_detail_004_kani=true&JigyosyoCd=4470202401-00&ServiceCd=430&Type=search", "url2": null }, "geometry": { "type": "Point", "coordinates": [ 131.512643624967183, 33.266545720580204 ] } },
{ "type": "Feature", "properties": { "内容": "ケアライフおおいた　別府居宅介護支援事業所【居宅介護支援】大分県別府市亀川四の湯町二区1-5", "url": "https://www.kaigokensaku.mhlw.go.jp/44/index.php?action_kouhyou_detail_004_kani=true&JigyosyoCd=4470201460-00&ServiceCd=430&Type=search", "url2": "http://www11.ocn.ne.jp/~nct" }, "geometry": { "type": "Point", "coordinates": [ 131.492088800000033, 33.3200858 ] } },
{ "type": "Feature", "properties": { "内容": "介護保険サービスセンターこはる【居宅介護支援】大分県別府市亀川東町12-8", "url": "https://www.kaigokensaku.mhlw.go.jp/44/index.php?action_kouhyou_detail_004_kani=true&JigyosyoCd=4470190010-00&ServiceCd=430&Type=search", "url2": "meguminokai.co.jp" }, "geometry": { "type": "Point", "coordinates": [ 131.496377299999949, 33.325627 ] } },
{ "type": "Feature", "properties": { "内容": "介護の窓口相談センター【居宅介護支援】大分県別府市南立石本町1組", "url": "https://www.kaigokensaku.mhlw.go.jp/44/index.php?action_kouhyou_detail_004_kani=true&JigyosyoCd=4470203441-00&ServiceCd=430&Type=search", "url2": null }, "geometry": { "type": "Point", "coordinates": [ 131.467868400000043, 33.2857168 ] } },
{ "type": "Feature", "properties": { "内容": "居宅介護支援センター大観苑【居宅介護支援】大分県鉄輪東8組", "url": "https://www.kaigokensaku.mhlw.go.jp/44/index.php?action_kouhyou_detail_004_kani=true&JigyosyoCd=4470201247-00&ServiceCd=430&Type=search", "url2": "http://www.daikanen.jp" }, "geometry": { "type": "Point", "coordinates": [ 131.483234, 33.3177747 ] } },
{ "type": "Feature", "properties": { "内容": "居宅介護支援事業所　母家【居宅介護支援】大分県別府市石垣東8丁目5-30", "url": "https://www.kaigokensaku.mhlw.go.jp/44/index.php?action_kouhyou_detail_004_kani=true&JigyosyoCd=4470202096-00&ServiceCd=430&Type=search", "url2": "http://www.beppu-magokoro.com" }, "geometry": { "type": "Point", "coordinates": [ 131.495630645644383, 33.302229762531546 ] } },
{ "type": "Feature", "properties": { "内容": "居宅介護支援事業所ほほえみ【居宅介護支援】大分県別府市中島町17番6号", "url": "https://www.kaigokensaku.mhlw.go.jp/44/index.php?action_kouhyou_detail_004_kani=true&JigyosyoCd=4470202773-00&ServiceCd=430&Type=search", "url2": "http://www.hata.or.jp" }, "geometry": { "type": "Point", "coordinates": [ 131.491258300000027, 33.2759294 ] } },
{ "type": "Feature", "properties": { "内容": "介護保険サービスセンタースマイル【居宅介護支援】大分県別府市大字鶴見3043番地の6", "url": "https://www.kaigokensaku.mhlw.go.jp/44/index.php?action_kouhyou_detail_004_kani=true&JigyosyoCd=4470203045-00&ServiceCd=430&Type=search", "url2": null }, "geometry": { "type": "Point", "coordinates": [ 131.48023553322605, 33.308244895916424 ] } },
{ "type": "Feature", "properties": { "内容": "アンジュ別府介護保険サービスセンター【居宅介護支援】大分県別府市大字鉄輪671番地住宅型有料老人ホーム　アンジュ別府", "url": "https://www.kaigokensaku.mhlw.go.jp/44/index.php?action_kouhyou_detail_004_kani=true&JigyosyoCd=4470202468-00&ServiceCd=430&Type=search", "url2": "http：//www．anju-beppu．jp" }, "geometry": { "type": "Point", "coordinates": [ 131.4760235, 33.3175441 ] } },
{ "type": "Feature", "properties": { "内容": "ニチイケアセンター別府【居宅介護支援】大分県別府市天満町2-13YUAIビル2F", "url": "https://www.kaigokensaku.mhlw.go.jp/44/index.php?action_kouhyou_detail_004_kani=true&JigyosyoCd=4470200199-00&ServiceCd=430&Type=search", "url2": null }, "geometry": { "type": "Point", "coordinates": [ 131.494219199999947, 33.2844311 ] } },
{ "type": "Feature", "properties": { "内容": "静雲荘介護保険サービスセンター【居宅介護支援】大分県別府市石垣西７－１－３７石垣西ビル１０２号", "url": "https://www.kaigokensaku.mhlw.go.jp/44/index.php?action_kouhyou_detail_004_kani=true&JigyosyoCd=4470200785-00&ServiceCd=430&Type=search", "url2": "http://seiunso.com/" }, "geometry": { "type": "Point", "coordinates": [ 131.494856986508239, 33.300819565690247 ] } },
{ "type": "Feature", "properties": { "内容": "居宅介護支援事業所　和～のどか【居宅介護支援】大分県別府市鶴見7組-3日小田アパート1F", "url": "https://www.kaigokensaku.mhlw.go.jp/44/index.php?action_kouhyou_detail_004_kani=true&JigyosyoCd=4470203417-00&ServiceCd=430&Type=search", "url2": null }, "geometry": { "type": "Point", "coordinates": [ 131.482447900000011, 33.2962325 ] } },
{ "type": "Feature", "properties": { "内容": "居宅介護支援事業所母家【居宅介護支援】大分県別府市石垣東８丁目５番", "url": "https://www.kaigokensaku.mhlw.go.jp/44/index.php?action_kouhyou_detail_004_kani=true&JigyosyoCd=4470203508-00&ServiceCd=430&Type=search", "url2": null }, "geometry": { "type": "Point", "coordinates": [ 131.49549810000002, 33.3016747 ] } },
{ "type": "Feature", "properties": { "内容": "介護保険サービスセンター南立石一燈園【居宅介護支援】大分県別府市南立石八幡町３組", "url": "https://www.kaigokensaku.mhlw.go.jp/44/index.php?action_kouhyou_detail_004_kani=true&JigyosyoCd=4470203516-00&ServiceCd=430&Type=search", "url2": "http://www.ittouen.or.jp/" }, "geometry": { "type": "Point", "coordinates": [ 131.446255900000011, 33.2874934 ] } },
{ "type": "Feature", "properties": { "内容": "指定居宅介護支援センターあやめ【居宅介護支援】大分県別府市浜脇２丁目３番３号", "url": "https://www.kaigokensaku.mhlw.go.jp/44/index.php?action_kouhyou_detail_004_kani=true&JigyosyoCd=4470201403-00&ServiceCd=430&Type=search", "url2": "http://hamawakimhp.com" }, "geometry": { "type": "Point", "coordinates": [ 131.507559600000036, 33.2693579 ] } },
{ "type": "Feature", "properties": { "内容": "ケアプランセンター　キムラ【居宅介護支援】大分県別府市亀川四の湯町９番３９号キムラ薬局亀川店２階", "url": "https://www.kaigokensaku.mhlw.go.jp/44/index.php?action_kouhyou_detail_004_kani=true&JigyosyoCd=4470202732-00&ServiceCd=430&Type=search", "url2": "有限会社キムラ薬局" }, "geometry": { "type": "Point", "coordinates": [ 131.493480299999987, 33.3216218 ] } },
{ "type": "Feature", "properties": { "内容": "介護保険サービスセンター紫苑【居宅介護支援】大分県別府市大字鶴見字下原4235番10-1", "url": "https://www.kaigokensaku.mhlw.go.jp/44/index.php?action_kouhyou_detail_004_kani=true&JigyosyoCd=4470200876-00&ServiceCd=430&Type=search", "url2": null }, "geometry": { "type": "Point", "coordinates": [ 131.483295043391308, 33.295292682566142 ] } },
{ "type": "Feature", "properties": { "内容": "介護保険サービスセンターさかもと【居宅介護支援】大分県別府市扇山５組２", "url": "https://www.kaigokensaku.mhlw.go.jp/44/index.php?action_kouhyou_detail_004_kani=true&JigyosyoCd=4470200793-00&ServiceCd=430&Type=search", "url2": null }, "geometry": { "type": "Point", "coordinates": [ 131.465357575630719, 33.296752559309134 ] } },
{ "type": "Feature", "properties": { "内容": "介護保険サービスセンター　なの花【居宅介護支援】大分県別府市大字鶴見3256番地1", "url": "https://www.kaigokensaku.mhlw.go.jp/44/index.php?action_kouhyou_detail_004_kani=true&JigyosyoCd=4470200066-00&ServiceCd=430&Type=search", "url2": null }, "geometry": { "type": "Point", "coordinates": [ 131.4808481, 33.3017985 ] } },
{ "type": "Feature", "properties": { "内容": "指定居宅介護支援センターげんき【居宅介護支援】大分県別府市南立石一区2組1", "url": "https://www.kaigokensaku.mhlw.go.jp/44/index.php?action_kouhyou_detail_004_kani=true&JigyosyoCd=4470201502-00&ServiceCd=430&Type=search", "url2": null }, "geometry": { "type": "Point", "coordinates": [ 131.481615310450707, 33.28592294822149 ] } },
{ "type": "Feature", "properties": { "内容": "介護サポートセンターえにし【居宅介護支援】大分県別府市立田町3543番地6", "url": "https://www.kaigokensaku.mhlw.go.jp/44/index.php?action_kouhyou_detail_004_kani=true&JigyosyoCd=4470203094-00&ServiceCd=430&Type=search", "url2": "http://hp.kaipoke.biz/3fn/info.html" }, "geometry": { "type": "Point", "coordinates": [ 131.503347121040406, 33.272412155537531 ] } },
{ "type": "Feature", "properties": { "内容": "こねん居宅介護支援事業所【居宅介護支援】大分県別府市千代町4番15号", "url": "https://www.kaigokensaku.mhlw.go.jp/44/index.php?action_kouhyou_detail_004_kani=true&JigyosyoCd=4470203581-00&ServiceCd=430&Type=search", "url2": "http://konen.jp/" }, "geometry": { "type": "Point", "coordinates": [ 131.505790499999989, 33.2745959 ] } },
{ "type": "Feature", "properties": { "内容": "合同会社　Omoinomamani【居宅介護支援】大分県別府市石垣西3-9-20第二大鳥ビル203号", "url": "https://www.kaigokensaku.mhlw.go.jp/44/index.php?action_kouhyou_detail_004_kani=true&JigyosyoCd=4470203615-00&ServiceCd=430&Type=search", "url2": null }, "geometry": { "type": "Point", "coordinates": [ 131.494788699999987, 33.2941102 ] } },
{ "type": "Feature", "properties": { "内容": "指定居宅介護支援事業所　愛音【居宅介護支援】大分県別府市石垣西9丁目1番38号", "url": "https://www.kaigokensaku.mhlw.go.jp/44/index.php?action_kouhyou_detail_004_kani=true&JigyosyoCd=4470201163-00&ServiceCd=430&Type=search", "url2": "www.kubota-clinic.com" }, "geometry": { "type": "Point", "coordinates": [ 131.494399814353386, 33.303591654157749 ] } },
{ "type": "Feature", "properties": { "内容": "ローズガーデン居宅介護支援事業所【居宅介護支援】大分県別府市野口元町1770番地6の2リル・アリュール　103号室", "url": "https://www.kaigokensaku.mhlw.go.jp/44/index.php?action_kouhyou_detail_004_kani=true&JigyosyoCd=4470202948-00&ServiceCd=430&Type=search", "url2": null }, "geometry": { "type": "Point", "coordinates": [ 131.499738935443162, 33.281697598335271 ] } },
{ "type": "Feature", "properties": { "内容": "居宅介護支援センター　まどか【居宅介護支援】大分県別府市浜脇3丁目2番10号", "url": "https://www.kaigokensaku.mhlw.go.jp/44/index.php?action_kouhyou_detail_004_kani=true&JigyosyoCd=4470203748-00&ServiceCd=430&Type=search", "url2": "ymg-oita.com" }, "geometry": { "type": "Point", "coordinates": [ 131.5045504, 33.2701136 ] } },
{ "type": "Feature", "properties": { "内容": "セントケア別府【居宅介護支援】大分県別府市石垣西４－５－１２九十歩ビル１F", "url": "https://www.kaigokensaku.mhlw.go.jp/44/index.php?action_kouhyou_detail_004_kani=true&JigyosyoCd=4470202336-00&ServiceCd=430&Type=search", "url2": null }, "geometry": { "type": "Point", "coordinates": [ 131.491630699999973, 33.2945636 ] } },
{ "type": "Feature", "properties": { "内容": "居宅介護支援センター　むらはし【居宅介護支援】別府市千代町２番５号", "url": "https://www.kaigokensaku.mhlw.go.jp/44/index.php?action_kouhyou_detail_004_kani=true&JigyosyoCd=4470201551-00&ServiceCd=430&Type=search", "url2": "http://murahashi-hp.jp" }, "geometry": { "type": "Point", "coordinates": [ 131.5047154, 33.2746295 ] } },
{ "type": "Feature", "properties": { "内容": "やまなみ苑指定居宅介護支援事業所【居宅介護支援】大分県別府市大字南立石274番地の2", "url": "https://www.kaigokensaku.mhlw.go.jp/44/index.php?action_kouhyou_detail_004_kani=true&JigyosyoCd=4470200116-00&ServiceCd=430&Type=search", "url2": "http://www.yamanamien.com" }, "geometry": { "type": "Point", "coordinates": [ 131.4571082, 33.2905051 ] } },
{ "type": "Feature", "properties": { "内容": "居宅介護支援センターくろき【居宅介護支援】大分県別府市平田町2番2号", "url": "https://www.kaigokensaku.mhlw.go.jp/44/index.php?action_kouhyou_detail_004_kani=true&JigyosyoCd=4470200140-00&ServiceCd=430&Type=search", "url2": "http://www.kuroki-hp.or.jp" }, "geometry": { "type": "Point", "coordinates": [ 131.497468900000058, 33.3201942 ] } },
{ "type": "Feature", "properties": { "内容": "居宅介護支援事業所ひまわり【居宅介護支援】大分県別府市中島町17番6号", "url": "https://www.kaigokensaku.mhlw.go.jp/44/index.php?action_kouhyou_detail_004_kani=true&JigyosyoCd=4470200025-00&ServiceCd=430&Type=search", "url2": "http://www.hata.or.jp" }, "geometry": { "type": "Point", "coordinates": [ 131.491333661763036, 33.275572018653378 ] } },
{ "type": "Feature", "properties": { "内容": "ハーモニーふじみ介護保険センター【居宅介護支援】大分県別府市別府市北的ヶ浜町5番19号", "url": "https://www.kaigokensaku.mhlw.go.jp/44/index.php?action_kouhyou_detail_004_kani=true&JigyosyoCd=4470200124-00&ServiceCd=430&Type=search", "url2": "http://www.fujimi.or.jp" }, "geometry": { "type": "Point", "coordinates": [ 131.504013399999963, 33.2849247 ] } },
{ "type": "Feature", "properties": { "内容": "内田介護支援センター【居宅介護支援】大分県別府市末広町3番1号", "url": "https://www.kaigokensaku.mhlw.go.jp/44/index.php?action_kouhyou_detail_004_kani=true&JigyosyoCd=4470200157-00&ServiceCd=430&Type=search", "url2": null }, "geometry": { "type": "Point", "coordinates": [ 131.502846099999942, 33.2735408 ] } },
{ "type": "Feature", "properties": { "内容": "介護保険サービスセンターいでゆの園【居宅介護支援】大分県別府市大字北石垣深町846番地の2", "url": "https://www.kaigokensaku.mhlw.go.jp/44/index.php?action_kouhyou_detail_004_kani=true&JigyosyoCd=4470200132-00&ServiceCd=430&Type=search", "url2": null }, "geometry": { "type": "Point", "coordinates": [ 131.500396418307474, 33.311283421032186 ] } },
{ "type": "Feature", "properties": { "内容": "Firststar【居宅介護支援】大分県別府市鶴見９組1", "url": "https://www.kaigokensaku.mhlw.go.jp/44/index.php?action_kouhyou_detail_004_kani=true&JigyosyoCd=4470202955-00&ServiceCd=430&Type=search", "url2": null }, "geometry": { "type": "Point", "coordinates": [ 131.480512, 33.3011097 ] } },
{ "type": "Feature", "properties": { "内容": "湯のまちケアプランセンター【居宅介護支援】大分県別府市大字南立石1079番地の132", "url": "https://www.kaigokensaku.mhlw.go.jp/44/index.php?action_kouhyou_detail_004_kani=true&JigyosyoCd=4470202542-00&ServiceCd=430&Type=search", "url2": "http://yunomachi.jp" }, "geometry": { "type": "Point", "coordinates": [ 131.4678849, 33.291595 ] } },
{ "type": "Feature", "properties": { "内容": "別府市医師会居宅介護支援センター【居宅介護支援】大分県別府市上田の湯町10番5号", "url": "https://www.kaigokensaku.mhlw.go.jp/44/index.php?action_kouhyou_detail_004_kani=true&JigyosyoCd=4470200090-00&ServiceCd=430&Type=search", "url2": "http:/www.beppu-med.or.jp" }, "geometry": { "type": "Point", "coordinates": [ 131.494608, 33.277843 ] } },
{ "type": "Feature", "properties": { "内容": "ケアステーションかんなわ【居宅介護支援】大分県別府市大字平道1002番地4", "url": "https://www.kaigokensaku.mhlw.go.jp/44/index.php?action_kouhyou_detail_004_kani=true&JigyosyoCd=4470202021-00&ServiceCd=430&Type=search", "url2": "https://suimei-kannawa.com" }, "geometry": { "type": "Point", "coordinates": [ 131.494936311124491, 33.348059018156889 ] } },
{ "type": "Feature", "properties": { "内容": "介護保険サービスセンター青葉【居宅介護支援】大分県別府市石垣西３丁目２－５丸栄ビル１Ｆ", "url": "https://www.kaigokensaku.mhlw.go.jp/44/index.php?action_kouhyou_detail_004_kani=true&JigyosyoCd=4470202815-00&ServiceCd=430&Type=search", "url2": null }, "geometry": { "type": "Point", "coordinates": [ 131.494041399999986, 33.2922385 ] } },
{ "type": "Feature", "properties": { "内容": "居宅介護支援事業所ミスト【居宅介護支援】大分県別府市東荘園町五丁目8番26号", "url": "https://www.kaigokensaku.mhlw.go.jp/44/index.php?action_kouhyou_detail_004_kani=true&JigyosyoCd=4470203565-00&ServiceCd=430&Type=search", "url2": "http://grandhousemyst.jp" }, "geometry": { "type": "Point", "coordinates": [ 131.485242536299324, 33.294765551894763 ] } },
{ "type": "Feature", "properties": { "内容": "ＪＡべっぷ【居宅介護支援】大分県別府市大字鶴見45番地の3", "url": "https://www.kaigokensaku.mhlw.go.jp/44/index.php?action_kouhyou_detail_004_kani=true&JigyosyoCd=4470201734-00&ServiceCd=430&Type=search", "url2": "https://fukushi-bh-ja.com/" }, "geometry": { "type": "Point", "coordinates": [ 131.484457962714686, 33.310612251475874 ] } },
{ "type": "Feature", "properties": { "内容": "さわやかケアプランセンター別府【居宅介護支援】大分県別府市堀田4-2さわやか別府の里内", "url": "https://www.kaigokensaku.mhlw.go.jp/44/index.php?action_kouhyou_detail_004_kani=true&JigyosyoCd=4470201916-00&ServiceCd=430&Type=search", "url2": "http://www.sawayakaclub.jp" }, "geometry": { "type": "Point", "coordinates": [ 131.458383744903699, 33.292430888147315 ] } },
{ "type": "Feature", "properties": { "内容": "居宅介護支援センター歩【居宅介護支援】大分県別府市大字鶴見字古殿４３４-１", "url": "https://www.kaigokensaku.mhlw.go.jp/44/index.php?action_kouhyou_detail_004_kani=true&JigyosyoCd=4470202377-00&ServiceCd=430&Type=search", "url2": "http://beppu-shu.com" }, "geometry": { "type": "Point", "coordinates": [ 131.475031899999976, 33.3115364 ] } },
{ "type": "Feature", "properties": { "内容": "ケアプランセンター湯けむりの郷【居宅介護支援】大分県別府市石垣東1丁目6番20号幸橋小野ビル101号", "url": "https://www.kaigokensaku.mhlw.go.jp/44/index.php?action_kouhyou_detail_004_kani=true&JigyosyoCd=4470203391-00&ServiceCd=430&Type=search", "url2": null }, "geometry": { "type": "Point", "coordinates": [ 131.496480099999985, 33.2897583 ] } },
{ "type": "Feature", "properties": { "内容": "居宅介護支援センター福笑居【居宅介護支援】大分県別府市南荘園町20番1号", "url": "https://www.kaigokensaku.mhlw.go.jp/44/index.php?action_kouhyou_detail_004_kani=true&JigyosyoCd=4470201973-00&ServiceCd=430&Type=search", "url2": "https://www.fukuwarai-inc.com" }, "geometry": { "type": "Point", "coordinates": [ 131.479829439811738, 33.289896461950285 ] } },
{ "type": "Feature", "properties": { "内容": "居宅介護支援センターてらす【居宅介護支援】大分県別府市馬場6組2三笠ビル1階", "url": "https://www.kaigokensaku.mhlw.go.jp/44/index.php?action_kouhyou_detail_004_kani=true&JigyosyoCd=4470203557-00&ServiceCd=430&Type=search", "url2": "hshwn66744@yahoo.co.jp" }, "geometry": { "type": "Point", "coordinates": [ 131.4786049, 33.3069694 ] } },
{ "type": "Feature", "properties": { "内容": "かいごほけんせんたーゆーあい【居宅介護支援】大分県別府市松原町３７０１番1通称（松原町13番13号）", "url": "https://www.kaigokensaku.mhlw.go.jp/44/index.php?action_kouhyou_detail_004_kani=true&JigyosyoCd=4470203490-00&ServiceCd=430&Type=search", "url2": null }, "geometry": { "type": "Point", "coordinates": [ 131.507040200000034, 33.27103730000001 ] } },
{ "type": "Feature", "properties": { "内容": "介護相談支援センタ-ケア・ラボ別府【居宅介護支援】大分県別府市大字天満町2-16YUAIビル401号", "url": "https://www.kaigokensaku.mhlw.go.jp/44/index.php?action_kouhyou_detail_004_kani=true&JigyosyoCd=4470203797-00&ServiceCd=430&Type=search", "url2": "justright-care.net" }, "geometry": { "type": "Point", "coordinates": [ 131.494204599999989, 33.2844205 ] } },
{ "type": "Feature", "properties": { "内容": "居宅介護支援事業所あらた【居宅介護支援】大分県別府市鶴見3847番地7", "url": "https://www.kaigokensaku.mhlw.go.jp/44/index.php?action_kouhyou_detail_004_kani=true&JigyosyoCd=4470203755-00&ServiceCd=430&Type=search", "url2": null }, "geometry": { "type": "Point", "coordinates": [ 131.479671200000013, 33.3003018 ] } },
{ "type": "Feature", "properties": { "内容": "居宅介護支援事業所偕楽園【居宅介護支援】大分県別府市南荘園町4番39号", "url": "https://www.kaigokensaku.mhlw.go.jp/44/index.php?action_kouhyou_detail_004_kani=true&JigyosyoCd=4470202252-00&ServiceCd=430&Type=search", "url2": "https://kikakukai.com" }, "geometry": { "type": "Point", "coordinates": [ 131.479820300000029, 33.287380700000021 ] } },
{ "type": "Feature", "properties": { "内容": "グリーンコープ　ケアプランセンター別府【居宅介護支援】大分県別府市石垣西7丁目4-7", "url": "https://www.kaigokensaku.mhlw.go.jp/44/index.php?action_kouhyou_detail_004_kani=true&JigyosyoCd=4470202765-00&ServiceCd=430&Type=search", "url2": "http//www.fukushi-greencoop.or.jp//" }, "geometry": { "type": "Point", "coordinates": [ 131.4913583, 33.2994071 ] } },
{ "type": "Feature", "properties": { "内容": "一燈園亀川介護保険サービスセンター【居宅介護支援】大分県別府市亀川中央町19-13", "url": "https://www.kaigokensaku.mhlw.go.jp/44/index.php?action_kouhyou_detail_004_kani=true&JigyosyoCd=4470200843-00&ServiceCd=430&Type=search", "url2": "http://www.ittouen.or.jp/" }, "geometry": { "type": "Point", "coordinates": [ 131.493811827647392, 33.327003559925757 ] } },
{ "type": "Feature", "properties": { "内容": "介護保険サービスセンター大学通り一燈園【居宅介護支援】大分県別府市上人南１０組", "url": "https://www.kaigokensaku.mhlw.go.jp/44/index.php?action_kouhyou_detail_004_kani=true&JigyosyoCd=4470202138-00&ServiceCd=430&Type=search", "url2": "http://www.ittouen.or.jp" }, "geometry": { "type": "Point", "coordinates": [ 131.4962941, 33.3122726 ] } },
{ "type": "Feature", "properties": { "内容": "介護保険サービスセンター一燈園【居宅介護支援】大分県別府市石垣東３丁目７２６番地", "url": "https://www.kaigokensaku.mhlw.go.jp/44/index.php?action_kouhyou_detail_004_kani=true&JigyosyoCd=4470200058-00&ServiceCd=430&Type=search", "url2": "http://www.ittouen.or.jp/" }, "geometry": { "type": "Point", "coordinates": [ 131.497902299999964, 33.2928051 ] } },
{ "type": "Feature", "properties": { "内容": "一燈園介護保険サービス浜脇センター【居宅介護支援】大分県別府市浜脇１丁目９番３号一燈園介護保険サービス浜脇センター", "url": "https://www.kaigokensaku.mhlw.go.jp/44/index.php?action_kouhyou_detail_004_kani=true&JigyosyoCd=4470201114-00&ServiceCd=430&Type=search", "url2": "http://www.ittouen.or.jp/" }, "geometry": { "type": "Point", "coordinates": [ 131.507931699999972, 33.2693302 ] } },
{ "type": "Feature", "properties": { "内容": "別府市介護保険サービスセンター茶寿苑【居宅介護支援】大分県別府市大字鉄輪1050番地", "url": "https://www.kaigokensaku.mhlw.go.jp/44/index.php?action_kouhyou_detail_004_kani=true&JigyosyoCd=4470200017-00&ServiceCd=430&Type=search", "url2": "http://sajuen.jp/" }, "geometry": { "type": "Point", "coordinates": [ 131.478642700000023, 33.3173914 ] } },
{ "type": "Feature", "properties": { "内容": "介護保険サービスセンターはるかぜ【居宅介護支援】大分県別府市大字鶴見字五反4136番地の2", "url": "https://www.kaigokensaku.mhlw.go.jp/44/index.php?action_kouhyou_detail_004_kani=true&JigyosyoCd=4470200033-00&ServiceCd=430&Type=search", "url2": "http://www.harukaze.or.jp" }, "geometry": { "type": "Point", "coordinates": [ 131.479139457394467, 33.299338376425894 ] } },
{ "type": "Feature", "properties": { "内容": "泰生の里介護保険プランニングセンター別府【居宅介護支援】大分県別府市大字鶴見字中山田1068番地の1", "url": "https://www.kaigokensaku.mhlw.go.jp/44/index.php?action_kouhyou_detail_004_kani=true&JigyosyoCd=4470200082-00&ServiceCd=430&Type=search", "url2": "http://www.wellb.or.jp" }, "geometry": { "type": "Point", "coordinates": [ 131.462686, 33.312875 ] } },
{ "type": "Feature", "properties": { "内容": "別府市社会福祉協議会指定居宅介護支援事業所【居宅介護支援】大分県別府市上田の湯町15番40号", "url": "https://www.kaigokensaku.mhlw.go.jp/44/index.php?action_kouhyou_detail_004_kani=true&JigyosyoCd=4470200041-00&ServiceCd=430&Type=search", "url2": "http://beppu-shakyo.or.jp/publics/index/14/" }, "geometry": { "type": "Point", "coordinates": [ 131.494143287696829, 33.279101839780679 ] } },
{ "type": "Feature", "properties": { "内容": "和幸苑介護保険サービスセンター【居宅介護支援】大分県別府市亀川東町8番20号", "url": "https://www.kaigokensaku.mhlw.go.jp/44/index.php?action_kouhyou_detail_004_kani=true&JigyosyoCd=4470200074-00&ServiceCd=430&Type=search", "url2": "http://www.housinkai.life/" }, "geometry": { "type": "Point", "coordinates": [ 131.497310036384562, 33.324764529994425 ] } },
{ "type": "Feature", "properties": { "内容": "ＮＰＯ法人　たすけあい組織鼓楼【居宅介護支援】扇山6-1-3", "url": "https://www.kaigokensaku.mhlw.go.jp/44/index.php?action_kouhyou_detail_004_kani=true&JigyosyoCd=4470200892-00&ServiceCd=430&Type=search", "url2": "https://koroh-tasukeai.com" }, "geometry": { "type": "Point", "coordinates": [ 131.468793499999947, 33.2973656 ] } },
{ "type": "Feature", "properties": { "内容": "Greenガーデンべっぷ居宅【居宅介護支援】別府市野口元町１７７６番地1Greenガーデン別府青山", "url": "https://www.kaigokensaku.mhlw.go.jp/44/index.php?action_kouhyou_detail_004_kani=true&JigyosyoCd=4470203961-00&ServiceCd=430&Type=search", "url2": null }, "geometry": { "type": "Point", "coordinates": [ 131.500461180950964, 33.281410157563506 ] } },
{ "type": "Feature", "properties": { "内容": "ケアプランセンター　たけい【居宅介護支援】大分県別府市幸町11番20号", "url": "https://www.kaigokensaku.mhlw.go.jp/44/index.php?action_kouhyou_detail_004_kani=true&JigyosyoCd=4470203151-00&ServiceCd=430&Type=search", "url2": "cereplan55@takei.or.jp" }, "geometry": { "type": "Point", "coordinates": [ 131.496605100000011, 33.2879474 ] } },
{ "type": "Feature", "properties": { "内容": "居宅介護支援センターつばさ【居宅介護支援】火売８組４", "url": "https://www.kaigokensaku.mhlw.go.jp/44/index.php?action_kouhyou_detail_004_kani=true&JigyosyoCd=4470203169-00&ServiceCd=430&Type=search", "url2": null }, "geometry": { "type": "Point", "coordinates": [ 131.472736581475829, 33.308449501788765 ] } },
{ "type": "Feature", "properties": { "内容": "介護支援サービス事業所わらく【居宅介護支援】大分県別府市小倉町30番51-201号ガーデンヒルズ松本Ⅱ", "url": "https://www.kaigokensaku.mhlw.go.jp/44/index.php?action_kouhyou_detail_004_kani=true&JigyosyoCd=4470203821-00&ServiceCd=430&Type=search", "url2": null }, "geometry": { "type": "Point", "coordinates": [ 131.4641398, 33.3078425 ] } },
{ "type": "Feature", "properties": { "内容": "介護保険センター　マイウェイ【居宅介護支援】大分県別府市石垣西2丁目2番13号", "url": "https://www.kaigokensaku.mhlw.go.jp/44/index.php?action_kouhyou_detail_004_kani=true&JigyosyoCd=4470201981-00&ServiceCd=430&Type=search", "url2": "http://www.beppu-myway.jp/" }, "geometry": { "type": "Point", "coordinates": [ 131.494180940475417, 33.291159549693759 ] } },
{ "type": "Feature", "properties": { "内容": "かがやき社会生活相談センター【居宅介護支援】大字鉄輪828番地の6", "url": "https://www.kaigokensaku.mhlw.go.jp/44/index.php?action_kouhyou_detail_004_kani=true&JigyosyoCd=4470203375-00&ServiceCd=430&Type=search", "url2": "http://kagayaki-beppu.co.jp/" }, "geometry": { "type": "Point", "coordinates": [ 131.482892106618294, 33.316465297826234 ] } },
{ "type": "Feature", "properties": { "内容": "居宅介護支援ステーション　里見【居宅介護支援】大分県中津市中央町１丁目８番３６号", "url": "https://www.kaigokensaku.mhlw.go.jp/44/index.php?action_kouhyou_detail_004_kani=true&JigyosyoCd=4470300072-00&ServiceCd=430&Type=search", "url2": "http://www.eizenkai.jp/" }, "geometry": { "type": "Point", "coordinates": [ 131.189322100000027, 33.5900107 ] } },
{ "type": "Feature", "properties": { "内容": "望箭荘介護保険サービスセンター【居宅介護支援】大分県中津市三光森山８５１番地", "url": "https://www.kaigokensaku.mhlw.go.jp/44/index.php?action_kouhyou_detail_004_kani=true&JigyosyoCd=4473000059-00&ServiceCd=430&Type=search", "url2": "http://www.chokusin.jp" }, "geometry": { "type": "Point", "coordinates": [ 131.21956990000001, 33.5474365 ] } },
{ "type": "Feature", "properties": { "内容": "指定居宅介護支援事業所　悠々【居宅介護支援】大分県中津市豊田町６番地２", "url": "https://www.kaigokensaku.mhlw.go.jp/44/index.php?action_kouhyou_detail_004_kani=true&JigyosyoCd=4470300825-00&ServiceCd=430&Type=search", "url2": "http://www8.plala.or.jp/furukawaclinic/" }, "geometry": { "type": "Point", "coordinates": [ 131.189557899999954, 33.5972684 ] } },
{ "type": "Feature", "properties": { "内容": "ひだまり【居宅介護支援】大分県中津市耶馬溪町大字樋山路15-5下郷診療所内", "url": "https://www.kaigokensaku.mhlw.go.jp/44/index.php?action_kouhyou_detail_004_kani=true&JigyosyoCd=4473000083-00&ServiceCd=430&Type=search", "url2": null }, "geometry": { "type": "Point", "coordinates": [ 131.097316451837173, 33.430095300557632 ] } },
{ "type": "Feature", "properties": { "内容": "ケアプランセンターグリーンヴィレッジ【居宅介護支援】大分県中津市大字犬丸727番地1", "url": "https://www.kaigokensaku.mhlw.go.jp/44/index.php?action_kouhyou_detail_004_kani=true&JigyosyoCd=4470301328-00&ServiceCd=430&Type=search", "url2": null }, "geometry": { "type": "Point", "coordinates": [ 131.256229909600847, 33.56562176270598 ] } },
{ "type": "Feature", "properties": { "内容": "ケアサポートややま【居宅介護支援】大分県中津市伊藤田1064番地１", "url": "https://www.kaigokensaku.mhlw.go.jp/44/index.php?action_kouhyou_detail_004_kani=true&JigyosyoCd=4470301419-00&ServiceCd=430&Type=search", "url2": "https://nakatsu-ouentai.com/" }, "geometry": { "type": "Point", "coordinates": [ 131.2403316, 33.5561804 ] } },
{ "type": "Feature", "properties": { "内容": "グリーンコープケアプランセンター中津【居宅介護支援】大分県中津市牛神1丁目514-1", "url": "https://www.kaigokensaku.mhlw.go.jp/44/index.php?action_kouhyou_detail_004_kani=true&JigyosyoCd=4470301070-00&ServiceCd=430&Type=search", "url2": null }, "geometry": { "type": "Point", "coordinates": [ 131.198526316255197, 33.59346010337196 ] } },
{ "type": "Feature", "properties": { "内容": "はぴねすさぽーと中津支店【居宅介護支援】大分県中津市豊田町1－537－3ハイノーブル6F", "url": "https://www.kaigokensaku.mhlw.go.jp/44/index.php?action_kouhyou_detail_004_kani=true&JigyosyoCd=4470301120-00&ServiceCd=430&Type=search", "url2": "www.regalore.net" }, "geometry": { "type": "Point", "coordinates": [ 131.186292676656421, 33.598452849162484 ] } },
{ "type": "Feature", "properties": { "内容": "介護保険サービスおぐす【居宅介護支援】大分県中津市大字牛神19番地の1", "url": "https://www.kaigokensaku.mhlw.go.jp/44/index.php?action_kouhyou_detail_004_kani=true&JigyosyoCd=4470300718-00&ServiceCd=430&Type=search", "url2": "http://www.taizenkai.com" }, "geometry": { "type": "Point", "coordinates": [ 131.203303799999958, 33.6014435 ] } },
{ "type": "Feature", "properties": { "内容": "ケアプランセンター耶馬溪【居宅介護支援】大分県中津市耶馬溪町大字樋山路1番地1特別養護老人ホームやすらぎ荘内", "url": "https://www.kaigokensaku.mhlw.go.jp/44/index.php?action_kouhyou_detail_004_kani=true&JigyosyoCd=4473000315-00&ServiceCd=430&Type=search", "url2": null }, "geometry": { "type": "Point", "coordinates": [ 131.0975942, 33.4305321 ] } },
{ "type": "Feature", "properties": { "内容": "居宅介護支援事業所　つながるて【居宅介護支援】大分県中津市大字宮夫252-2", "url": "https://www.kaigokensaku.mhlw.go.jp/44/index.php?action_kouhyou_detail_004_kani=true&JigyosyoCd=4470301393-00&ServiceCd=430&Type=search", "url2": "www.nakatsu-daiichi.jp" }, "geometry": { "type": "Point", "coordinates": [ 131.207937500000014, 33.5885075 ] } },
{ "type": "Feature", "properties": { "内容": "介護相談所たいじゅ【居宅介護支援】大分県中津市中央町2丁目401番6", "url": "https://www.kaigokensaku.mhlw.go.jp/44/index.php?action_kouhyou_detail_004_kani=true&JigyosyoCd=4470301187-00&ServiceCd=430&Type=search", "url2": "http://taijyu.net/" }, "geometry": { "type": "Point", "coordinates": [ 131.187752815141494, 33.588504719571503 ] } },
{ "type": "Feature", "properties": { "内容": "介護保険相談センター三光園【居宅介護支援】大分県中津市大字永添933番地1", "url": "https://www.kaigokensaku.mhlw.go.jp/44/index.php?action_kouhyou_detail_004_kani=true&JigyosyoCd=4470300049-00&ServiceCd=430&Type=search", "url2": "www.matsunaga-hp.com" }, "geometry": { "type": "Point", "coordinates": [ 131.21113170000001, 33.5742939 ] } },
{ "type": "Feature", "properties": { "内容": "ハッピーライフ居宅介護支援事業所【居宅介護支援】大分県中津市大字大悟法751番地3", "url": "https://www.kaigokensaku.mhlw.go.jp/44/index.php?action_kouhyou_detail_004_kani=true&JigyosyoCd=4470300973-00&ServiceCd=430&Type=search", "url2": "http://hp.kaipoke.biz/ryd/info.html" }, "geometry": { "type": "Point", "coordinates": [ 131.215445199999976, 33.5728388 ] } },
{ "type": "Feature", "properties": { "内容": "リハケアサポート【居宅介護支援】大分県中津市大字大貞371-129", "url": "https://www.kaigokensaku.mhlw.go.jp/44/index.php?action_kouhyou_detail_004_kani=true&JigyosyoCd=4470301526-00&ServiceCd=430&Type=search", "url2": "https://www.reha-care.jp/" }, "geometry": { "type": "Point", "coordinates": [ 131.212633076660723, 33.567999697353358 ] } },
{ "type": "Feature", "properties": { "内容": "指定居宅介護支援事業所さつき苑【居宅介護支援】大分県中津市三光土田1243-4", "url": "https://www.kaigokensaku.mhlw.go.jp/44/index.php?action_kouhyou_detail_004_kani=true&JigyosyoCd=4470301278-00&ServiceCd=430&Type=search", "url2": "https://seigakai1997.net" }, "geometry": { "type": "Point", "coordinates": [ 131.175482264418036, 33.530731460697609 ] } },
{ "type": "Feature", "properties": { "内容": "村上指定居宅介護支援事業所【居宅介護支援】中津市諸町1799番地", "url": "https://www.kaigokensaku.mhlw.go.jp/44/index.php?action_kouhyou_detail_004_kani=true&JigyosyoCd=4470300031-00&ServiceCd=430&Type=search", "url2": "kyorin-6@cello.ocn.ne.jp" }, "geometry": { "type": "Point", "coordinates": [ 131.182494499999962, 33.6022652 ] } },
{ "type": "Feature", "properties": { "内容": "介護保険サービス支援センター創生園【居宅介護支援】大分県中津市大字上宮永298番地1", "url": "https://www.kaigokensaku.mhlw.go.jp/44/index.php?action_kouhyou_detail_004_kani=true&JigyosyoCd=4470300015-00&ServiceCd=430&Type=search", "url2": null }, "geometry": { "type": "Point", "coordinates": [ 131.1848281, 33.5859471 ] } },
{ "type": "Feature", "properties": { "内容": "やさしい手中津居宅介護支援事業所【居宅介護支援】大分県中津市下池永826", "url": "https://www.kaigokensaku.mhlw.go.jp/44/index.php?action_kouhyou_detail_004_kani=true&JigyosyoCd=4470301492-00&ServiceCd=430&Type=search", "url2": "https://www.yasashiite.com/" }, "geometry": { "type": "Point", "coordinates": [ 131.1936248, 33.5968327 ] } },
{ "type": "Feature", "properties": { "内容": "介護相談センター　やまと【居宅介護支援】大分県中津市中央町2丁目3番2号", "url": "https://www.kaigokensaku.mhlw.go.jp/44/index.php?action_kouhyou_detail_004_kani=true&JigyosyoCd=4470301500-00&ServiceCd=430&Type=search", "url2": null }, "geometry": { "type": "Point", "coordinates": [ 131.192719899999986, 33.58824790000002 ] } },
{ "type": "Feature", "properties": { "内容": "居宅介護支援事業所レオン【居宅介護支援】大分県中津市1128番地", "url": "https://www.kaigokensaku.mhlw.go.jp/44/index.php?action_kouhyou_detail_004_kani=true&JigyosyoCd=4470301450-00&ServiceCd=430&Type=search", "url2": null }, "geometry": { "type": "Point", "coordinates": [ 131.2009971, 33.5557659 ] } },
{ "type": "Feature", "properties": { "内容": "介護相談支援センタ－ケア・ラボ【居宅介護支援】大分県中津市大字今津620-1", "url": "https://www.kaigokensaku.mhlw.go.jp/44/index.php?action_kouhyou_detail_004_kani=true&JigyosyoCd=4470301385-00&ServiceCd=430&Type=search", "url2": "justright-care.net" }, "geometry": { "type": "Point", "coordinates": [ 131.2634583, 33.5770449 ] } },
{ "type": "Feature", "properties": { "内容": "ケアプランセンターめぐみ【居宅介護支援】大分県中津市大字角木368番地4", "url": "https://www.kaigokensaku.mhlw.go.jp/44/index.php?action_kouhyou_detail_004_kani=true&JigyosyoCd=4470301369-00&ServiceCd=430&Type=search", "url2": null }, "geometry": { "type": "Point", "coordinates": [ 131.195873399999982, 33.6102613 ] } },
{ "type": "Feature", "properties": { "内容": "かわしま介護保険サービスセンター【居宅介護支援】大分県中津市大字下池永93番地13", "url": "https://www.kaigokensaku.mhlw.go.jp/44/index.php?action_kouhyou_detail_004_kani=true&JigyosyoCd=4470300023-00&ServiceCd=430&Type=search", "url2": "http://kawashimahp.jp/zaitaku/" }, "geometry": { "type": "Point", "coordinates": [ 131.211983754353383, 33.591805676136566 ] } },
{ "type": "Feature", "properties": { "内容": "今津サポートセンターいずみの園【居宅介護支援】大字今津1005-2", "url": "https://www.kaigokensaku.mhlw.go.jp/44/index.php?action_kouhyou_detail_004_kani=true&JigyosyoCd=4470301336-00&ServiceCd=430&Type=search", "url2": null }, "geometry": { "type": "Point", "coordinates": [ 131.267500700000028, 33.5720848 ] } },
{ "type": "Feature", "properties": { "内容": "いずみの園介護保険サービスセンター【居宅介護支援】大分県中津市永添2744", "url": "https://www.kaigokensaku.mhlw.go.jp/44/index.php?action_kouhyou_detail_004_kani=true&JigyosyoCd=4470300056-00&ServiceCd=430&Type=search", "url2": "http://www.izuminosono.jp/" }, "geometry": { "type": "Point", "coordinates": [ 131.199180100000035, 33.5615614 ] } },
{ "type": "Feature", "properties": { "内容": "介護保険サービスセンター和奏【居宅介護支援】中津市大字上如水379番地", "url": "https://www.kaigokensaku.mhlw.go.jp/44/index.php?action_kouhyou_detail_004_kani=true&JigyosyoCd=4470301468-00&ServiceCd=430&Type=search", "url2": "https://meguminokai.co.jp" }, "geometry": { "type": "Point", "coordinates": [ 131.228841057431936, 33.582449819763376 ] } },
{ "type": "Feature", "properties": { "内容": "居宅介護支援事業所　ふれあいハウス【居宅介護支援】大分県中津市下宮永1丁目52番地47", "url": "https://www.kaigokensaku.mhlw.go.jp/44/index.php?action_kouhyou_detail_004_kani=true&JigyosyoCd=4470300478-00&ServiceCd=430&Type=search", "url2": null }, "geometry": { "type": "Point", "coordinates": [ 131.184082178250634, 33.595189054913376 ] } },
{ "type": "Feature", "properties": { "内容": "介護相談センターリンク【居宅介護支援】大分県中津市大字鍋島828-1中津市鍋島貸店舗Village　C", "url": "https://www.kaigokensaku.mhlw.go.jp/44/index.php?action_kouhyou_detail_004_kani=true&JigyosyoCd=4470301559-00&ServiceCd=430&Type=search", "url2": null }, "geometry": { "type": "Point", "coordinates": [ 131.2689891, 33.5812032 ] } },
{ "type": "Feature", "properties": { "内容": "在宅連携ステーション三光【居宅介護支援】大分県中津市三光臼木1218番地", "url": "https://www.kaigokensaku.mhlw.go.jp/44/index.php?action_kouhyou_detail_004_kani=true&JigyosyoCd=4473000356-00&ServiceCd=430&Type=search", "url2": null }, "geometry": { "type": "Point", "coordinates": [ 131.180273700000043, 33.5310974 ] } },
{ "type": "Feature", "properties": { "内容": "ケアプランセンター社協山国【居宅介護支援】大分県中津市山国町守実89番地1中津市山国社会福祉センター", "url": "https://www.kaigokensaku.mhlw.go.jp/44/index.php?action_kouhyou_detail_004_kani=true&JigyosyoCd=4473000307-00&ServiceCd=430&Type=search", "url2": null }, "geometry": { "type": "Point", "coordinates": [ 131.043509832818586, 33.402084543921447 ] } },
{ "type": "Feature", "properties": { "内容": "ケアプランセンター社協【居宅介護支援】大分県中津市本耶馬渓町曽木1800番地中津市役所本耶馬渓支所２階", "url": "https://www.kaigokensaku.mhlw.go.jp/44/index.php?action_kouhyou_detail_004_kani=true&JigyosyoCd=4473000026-00&ServiceCd=430&Type=search", "url2": "http://www.nakatsu‐s.or.jp/" }, "geometry": { "type": "Point", "coordinates": [ 131.169801844316908, 33.496051361467643 ] } },
{ "type": "Feature", "properties": { "内容": "居宅介護支援すばる【居宅介護支援】大分県日田市竹田新町2-14", "url": "https://www.kaigokensaku.mhlw.go.jp/44/index.php?action_kouhyou_detail_004_kani=true&JigyosyoCd=4470400849-00&ServiceCd=430&Type=search", "url2": null }, "geometry": { "type": "Point", "coordinates": [ 130.937960699999962, 33.31195850000001 ] } },
{ "type": "Feature", "properties": { "内容": "けいりん介護保険ｻｰﾋﾞｽｾﾝﾀｰ【居宅介護支援】大分県日田市城町1丁目2番61号通所ﾘﾊﾋﾞﾘｾﾝﾀｰけいりん", "url": "https://www.kaigokensaku.mhlw.go.jp/44/index.php?action_kouhyou_detail_004_kani=true&JigyosyoCd=4470400344-00&ServiceCd=430&Type=search", "url2": "http://keirin-hosp.com/" }, "geometry": { "type": "Point", "coordinates": [ 130.940832499999942, 33.3269516 ] } },
{ "type": "Feature", "properties": { "内容": "沙羅の花【居宅介護支援】大分県日田市南元町11番", "url": "https://www.kaigokensaku.mhlw.go.jp/44/index.php?action_kouhyou_detail_004_kani=true&JigyosyoCd=4470400872-00&ServiceCd=430&Type=search", "url2": null }, "geometry": { "type": "Point", "coordinates": [ 130.94000821609734, 33.315577839618328 ] } },
{ "type": "Feature", "properties": { "内容": "有限会社　日田ケアセンター若葉会【居宅介護支援】大分県日田市田島1丁目8番13号", "url": "https://www.kaigokensaku.mhlw.go.jp/44/index.php?action_kouhyou_detail_004_kani=true&JigyosyoCd=4470400112-00&ServiceCd=430&Type=search", "url2": null }, "geometry": { "type": "Point", "coordinates": [ 130.940350999151548, 33.318622423619182 ] } },
{ "type": "Feature", "properties": { "内容": "悠愛介護サービス【居宅介護支援】大分県日田市亀山町4‐16‐101", "url": "https://www.kaigokensaku.mhlw.go.jp/44/index.php?action_kouhyou_detail_004_kani=true&JigyosyoCd=4470401474-00&ServiceCd=430&Type=search", "url2": "https://yu-ai-group.jp" }, "geometry": { "type": "Point", "coordinates": [ 130.9305584, 33.3178799 ] } },
{ "type": "Feature", "properties": { "内容": "介護保険サービスセンター森の棲家【居宅介護支援】大分県日田市石井町3丁目631-9", "url": "https://www.kaigokensaku.mhlw.go.jp/44/index.php?action_kouhyou_detail_004_kani=true&JigyosyoCd=4470401250-00&ServiceCd=430&Type=search", "url2": "http://www.morinosumika.com" }, "geometry": { "type": "Point", "coordinates": [ 130.90420789999996, 33.3152735 ] } },
{ "type": "Feature", "properties": { "内容": "あいケアプラン【居宅介護支援】大分県日田市大字小迫775番地5", "url": "https://www.kaigokensaku.mhlw.go.jp/44/index.php?action_kouhyou_detail_004_kani=true&JigyosyoCd=4470401367-00&ServiceCd=430&Type=search", "url2": null }, "geometry": { "type": "Point", "coordinates": [ 130.935091911083873, 33.315034505533255 ] } },
{ "type": "Feature", "properties": { "内容": "堀田クリニックケアプランセンター【居宅介護支援】大分県日田市大字十二町新治４８４－３堀田クリニックケアプランセンター", "url": "https://www.kaigokensaku.mhlw.go.jp/44/index.php?action_kouhyou_detail_004_kani=true&JigyosyoCd=4470401458-00&ServiceCd=430&Type=search", "url2": "http://horita-clinic.com/" }, "geometry": { "type": "Point", "coordinates": [ 130.9404064, 33.3206146 ] } },
{ "type": "Feature", "properties": { "内容": "居宅介護支援事業所　愛幸会【居宅介護支援】大分県日田市三本松２丁目6-16医療法人愛幸会　原病院", "url": "https://www.kaigokensaku.mhlw.go.jp/44/index.php?action_kouhyou_detail_004_kani=true&JigyosyoCd=4470401532-00&ServiceCd=430&Type=search", "url2": null }, "geometry": { "type": "Point", "coordinates": [ 130.9313301, 33.3203588 ] } },
{ "type": "Feature", "properties": { "内容": "ニチイケアセンター日田【居宅介護支援】大分県日田市三芳小渕町36番", "url": "https://www.kaigokensaku.mhlw.go.jp/44/index.php?action_kouhyou_detail_004_kani=true&JigyosyoCd=4470400096-00&ServiceCd=430&Type=search", "url2": null }, "geometry": { "type": "Point", "coordinates": [ 130.9508045, 33.3049484 ] } },
{ "type": "Feature", "properties": { "内容": "介護サービスセンター　ほうゆう【居宅介護支援】大分県日田市城町2丁目7-12", "url": "https://www.kaigokensaku.mhlw.go.jp/44/index.php?action_kouhyou_detail_004_kani=true&JigyosyoCd=4470400203-00&ServiceCd=430&Type=search", "url2": "http://www.houyou-hita.jp/" }, "geometry": { "type": "Point", "coordinates": [ 130.943355088306561, 33.330462828449043 ] } },
{ "type": "Feature", "properties": { "内容": "介護保険相談センター恵【居宅介護支援】大分県日田市大字田島745番地13", "url": "https://www.kaigokensaku.mhlw.go.jp/44/index.php?action_kouhyou_detail_004_kani=true&JigyosyoCd=4470401631-00&ServiceCd=430&Type=search", "url2": "https://www.nanairo-official.com" }, "geometry": { "type": "Point", "coordinates": [ 130.9469058, 33.3151023 ] } },
{ "type": "Feature", "properties": { "内容": "居宅介護支援センター　虹の家【居宅介護支援】大分県日田市３丁目1479-3", "url": "https://www.kaigokensaku.mhlw.go.jp/44/index.php?action_kouhyou_detail_004_kani=true&JigyosyoCd=4470401136-00&ServiceCd=430&Type=search", "url2": null }, "geometry": { "type": "Point", "coordinates": [ 130.943776399999933, 33.3420502 ] } },
{ "type": "Feature", "properties": { "内容": "ケアプランよりそい【居宅介護支援】大分県日田市大字日高８７３－１", "url": "https://www.kaigokensaku.mhlw.go.jp/44/index.php?action_kouhyou_detail_004_kani=true&JigyosyoCd=4470401177-00&ServiceCd=430&Type=search", "url2": null }, "geometry": { "type": "Point", "coordinates": [ 130.949373899999955, 33.3079453 ] } },
{ "type": "Feature", "properties": { "内容": "優和ケアプランセンター【居宅介護支援】清水町767-9", "url": "https://www.kaigokensaku.mhlw.go.jp/44/index.php?action_kouhyou_detail_004_kani=true&JigyosyoCd=4470401524-00&ServiceCd=430&Type=search", "url2": null }, "geometry": { "type": "Point", "coordinates": [ 130.859631199999967, 33.8741268 ] } },
{ "type": "Feature", "properties": { "内容": "在宅介護支援はな【居宅介護支援】大分県日田市大字日高1348番地", "url": "https://www.kaigokensaku.mhlw.go.jp/44/index.php?action_kouhyou_detail_004_kani=true&JigyosyoCd=4470401193-00&ServiceCd=430&Type=search", "url2": null }, "geometry": { "type": "Point", "coordinates": [ 130.951898900000032, 33.303954 ] } },
{ "type": "Feature", "properties": { "内容": "ケアプランほうどう【居宅介護支援】大分県日田市玉川町726-5", "url": "https://www.kaigokensaku.mhlw.go.jp/44/index.php?action_kouhyou_detail_004_kani=true&JigyosyoCd=4470401409-00&ServiceCd=430&Type=search", "url2": "https://www.iwaoseikei.com" }, "geometry": { "type": "Point", "coordinates": [ 130.927318234146128, 33.32168429356922 ] } },
{ "type": "Feature", "properties": { "内容": "居宅介護支援事業所　五反田【居宅介護支援】大分県日田市大字竹田395番地１", "url": "https://www.kaigokensaku.mhlw.go.jp/44/index.php?action_kouhyou_detail_004_kani=true&JigyosyoCd=4470401466-00&ServiceCd=430&Type=search", "url2": "gotandadeikea@yahoo.co.jp" }, "geometry": { "type": "Point", "coordinates": [ 130.942868800000042, 33.3087978 ] } },
{ "type": "Feature", "properties": { "内容": "ケアプランセンター　さざんか【居宅介護支援】大分県日田市淡窓2丁目5番17号", "url": "https://www.kaigokensaku.mhlw.go.jp/44/index.php?action_kouhyou_detail_004_kani=true&JigyosyoCd=4470401425-00&ServiceCd=430&Type=search", "url2": "http://www.kangikai.or.jp" }, "geometry": { "type": "Point", "coordinates": [ 130.933499799999936, 33.3223629 ] } },
{ "type": "Feature", "properties": { "内容": "ケアプランセンター若宮【居宅介護支援】大分県日田市日高町1434番地1", "url": "https://www.kaigokensaku.mhlw.go.jp/44/index.php?action_kouhyou_detail_004_kani=true&JigyosyoCd=4470401011-00&ServiceCd=430&Type=search", "url2": null }, "geometry": { "type": "Point", "coordinates": [ 130.955273337361461, 33.304083413234942 ] } },
{ "type": "Feature", "properties": { "内容": "ケアプランあきよし【居宅介護支援】大分県日田市豆田町5番20号", "url": "https://www.kaigokensaku.mhlw.go.jp/44/index.php?action_kouhyou_detail_004_kani=true&JigyosyoCd=4470400591-00&ServiceCd=430&Type=search", "url2": "http://akiyoshihp.jp/" }, "geometry": { "type": "Point", "coordinates": [ 130.93800550422975, 33.328594328600637 ] } },
{ "type": "Feature", "properties": { "内容": "居宅支援事業所　にいぜき【居宅介護支援】大分県日田市田島２丁目４番９号", "url": "https://www.kaigokensaku.mhlw.go.jp/44/index.php?action_kouhyou_detail_004_kani=true&JigyosyoCd=4470400641-00&ServiceCd=430&Type=search", "url2": "http://niizekinaika.or.jp" }, "geometry": { "type": "Point", "coordinates": [ 130.9414104, 33.3199578 ] } },
{ "type": "Feature", "properties": { "内容": "さくらケアプランサービス日田【居宅介護支援】大分県日田市大字有田小金田455-1", "url": "https://www.kaigokensaku.mhlw.go.jp/44/index.php?action_kouhyou_detail_004_kani=true&JigyosyoCd=4470400609-00&ServiceCd=430&Type=search", "url2": "http/www.seihoukai.or.jp/" }, "geometry": { "type": "Point", "coordinates": [ 130.965863500000069, 33.3328294 ] } },
{ "type": "Feature", "properties": { "内容": "居宅介護支援センターうえの【居宅介護支援】大分県日田市大字高瀬字篠原2226-1", "url": "https://www.kaigokensaku.mhlw.go.jp/44/index.php?action_kouhyou_detail_004_kani=true&JigyosyoCd=4470400294-00&ServiceCd=430&Type=search", "url2": "hppt:www.uenokoen-hospital.jp/" }, "geometry": { "type": "Point", "coordinates": [ 130.9340128, 33.30505969999998 ] } },
{ "type": "Feature", "properties": { "内容": "鳩友園介護保険サービスセンター【居宅介護支援】大分県日田市大鶴町2267-1グループホームおおつるの家", "url": "https://www.kaigokensaku.mhlw.go.jp/44/index.php?action_kouhyou_detail_004_kani=true&JigyosyoCd=4470400088-00&ServiceCd=430&Type=search", "url2": null }, "geometry": { "type": "Point", "coordinates": [ 130.880336667736827, 33.360389081867424 ] } },
{ "type": "Feature", "properties": { "内容": "有田ひまわり介護保険センター【居宅介護支援】大分県日田市大字東有田字町ノ坪7番5", "url": "https://www.kaigokensaku.mhlw.go.jp/44/index.php?action_kouhyou_detail_004_kani=true&JigyosyoCd=4470400013-00&ServiceCd=430&Type=search", "url2": null }, "geometry": { "type": "Point", "coordinates": [ 130.973230459937355, 33.332482113361969 ] } },
{ "type": "Feature", "properties": { "内容": "介護保険サービスセンターなかのしま【居宅介護支援】大分県日田市神来町607-2", "url": "https://www.kaigokensaku.mhlw.go.jp/44/index.php?action_kouhyou_detail_004_kani=true&JigyosyoCd=4470400047-00&ServiceCd=430&Type=search", "url2": "http://www.suimei.or.jp/" }, "geometry": { "type": "Point", "coordinates": [ 130.960465165961523, 33.313051792336445 ] } },
{ "type": "Feature", "properties": { "内容": "日田市社協介護保険サービスセンター「ひた」【居宅介護支援】大分県日田市上城内町1番8号日田市総合保健福祉センター(ウェルピア)3階", "url": "https://www.kaigokensaku.mhlw.go.jp/44/index.php?action_kouhyou_detail_004_kani=true&JigyosyoCd=4470400054-00&ServiceCd=430&Type=search", "url2": "http://www.hitashakyo.jp" }, "geometry": { "type": "Point", "coordinates": [ 130.941404564417979, 33.32419973566212 ] } },
{ "type": "Feature", "properties": { "内容": "日田園介護保険サービスセンター【居宅介護支援】日田市大字石井字池ノ瀬271番地の2", "url": "https://www.kaigokensaku.mhlw.go.jp/44/index.php?action_kouhyou_detail_004_kani=true&JigyosyoCd=4470400039-00&ServiceCd=430&Type=search", "url2": "http://www.hitaen.jp/" }, "geometry": { "type": "Point", "coordinates": [ 130.912008502268918, 33.312558199911322 ] } },
{ "type": "Feature", "properties": { "内容": "介護保険サービスセンター花月園【居宅介護支援】大分県日田市日ノ出町156", "url": "https://www.kaigokensaku.mhlw.go.jp/44/index.php?action_kouhyou_detail_004_kani=true&JigyosyoCd=4470400021-00&ServiceCd=430&Type=search", "url2": "www.kagetsuen-swc.com/" }, "geometry": { "type": "Point", "coordinates": [ 130.937908241557807, 33.336129157310182 ] } },
{ "type": "Feature", "properties": { "内容": "聖陵ストリーム居宅介護サービスセンター【居宅介護支援】大分県日田市中釣町485-3医療法人聖陵会　聖陵ストリーム内", "url": "https://www.kaigokensaku.mhlw.go.jp/44/index.php?action_kouhyou_detail_004_kani=true&JigyosyoCd=4470400070-00&ServiceCd=430&Type=search", "url2": "htpp://www.seiryou.or.jp" }, "geometry": { "type": "Point", "coordinates": [ 130.919806805557272, 33.31514814187387 ] } },
{ "type": "Feature", "properties": { "内容": "居宅介護支援事業所しあわせ【居宅介護支援】大分県日田市竹田新町1番14号", "url": "https://www.kaigokensaku.mhlw.go.jp/44/index.php?action_kouhyou_detail_004_kani=true&JigyosyoCd=4470400690-00&ServiceCd=430&Type=search", "url2": null }, "geometry": { "type": "Point", "coordinates": [ 130.9387246, 33.3126362 ] } },
{ "type": "Feature", "properties": { "内容": "オアシス居宅介護支援事業所【居宅介護支援】大分県日田市田島２丁目154-7", "url": "https://www.kaigokensaku.mhlw.go.jp/44/index.php?action_kouhyou_detail_004_kani=true&JigyosyoCd=4470401102-00&ServiceCd=430&Type=search", "url2": null }, "geometry": { "type": "Point", "coordinates": [ 130.9444714, 33.3140696 ] } },
{ "type": "Feature", "properties": { "内容": "有限会社　ケアサービス光岡【居宅介護支援】大分県日田市清岸寺町１０３４番地１", "url": "https://www.kaigokensaku.mhlw.go.jp/44/index.php?action_kouhyou_detail_004_kani=true&JigyosyoCd=4470400104-00&ServiceCd=430&Type=search", "url2": null }, "geometry": { "type": "Point", "coordinates": [ 130.930372199999965, 33.33642660000001 ] } },
{ "type": "Feature", "properties": { "内容": "居宅介護支援センター光洋【居宅介護支援】大分県日田市日ノ出町163", "url": "https://www.kaigokensaku.mhlw.go.jp/44/index.php?action_kouhyou_detail_004_kani=true&JigyosyoCd=4470400443-00&ServiceCd=430&Type=search", "url2": "https://kyotaku.home-kaigo.com" }, "geometry": { "type": "Point", "coordinates": [ 130.939165829360974, 33.336003667882856 ] } },
{ "type": "Feature", "properties": { "内容": "指定居宅介護支援事業所センテナリアン【居宅介護支援】大分県日田市大山町東大山14-4", "url": "https://www.kaigokensaku.mhlw.go.jp/44/index.php?action_kouhyou_detail_004_kani=true&JigyosyoCd=4472900077-00&ServiceCd=430&Type=search", "url2": "rokuwa@hita-net.jp" }, "geometry": { "type": "Point", "coordinates": [ 130.9570655, 33.2925247 ] } },
{ "type": "Feature", "properties": { "内容": "介護保険サービスセンター喜楽苑【居宅介護支援】大分県日田市天瀬町桜竹1115-87", "url": "https://www.kaigokensaku.mhlw.go.jp/44/index.php?action_kouhyou_detail_004_kani=true&JigyosyoCd=4472900010-00&ServiceCd=430&Type=search", "url2": "https://www.kiraku-en.or.jp/" }, "geometry": { "type": "Point", "coordinates": [ 131.011878799999977, 33.2425558 ] } },
{ "type": "Feature", "properties": { "内容": "日田市社協介護保険サービスセンター「つえ」【居宅介護支援】大分県日田市上津江町川原3938番地日田社協　上津江支所内", "url": "https://www.kaigokensaku.mhlw.go.jp/44/index.php?action_kouhyou_detail_004_kani=true&JigyosyoCd=4472900028-00&ServiceCd=430&Type=search", "url2": "http://hitashakyo.jp/" }, "geometry": { "type": "Point", "coordinates": [ 130.968509810095128, 33.119550243435306 ] } },
{ "type": "Feature", "properties": { "内容": "日田市社協介護保険サービスセンター「おおやま」【居宅介護支援】大分県日田市大山町西大山３６１０番地１日田市大山総合福祉センター", "url": "https://www.kaigokensaku.mhlw.go.jp/44/index.php?action_kouhyou_detail_004_kani=true&JigyosyoCd=4472900036-00&ServiceCd=430&Type=search", "url2": "http://www.hitashakyo.jp/" }, "geometry": { "type": "Point", "coordinates": [ 130.96912640000005, 33.2579476 ] } },
{ "type": "Feature", "properties": { "内容": "日田市社協介護保険サービスセンター「あまがせ」【居宅介護支援】大分県日田市天瀬町合田　1986-2日田市天瀬複合施設", "url": "https://www.kaigokensaku.mhlw.go.jp/44/index.php?action_kouhyou_detail_004_kani=true&JigyosyoCd=4472900051-00&ServiceCd=430&Type=search", "url2": "https://hitashakyo.jp" }, "geometry": { "type": "Point", "coordinates": [ 131.00756130000002, 33.2835573 ] } },
{ "type": "Feature", "properties": { "内容": "悠愛介護サービス【居宅介護支援】大分県日田市亀山町4‐16住宅型有料老人ホーム日田ゆうあい－101", "url": "https://www.kaigokensaku.mhlw.go.jp/44/index.php?action_kouhyou_detail_004_kani=true&JigyosyoCd=4470401698-00&ServiceCd=430&Type=search", "url2": "https://a-lifesupport.co.jp/" }, "geometry": { "type": "Point", "coordinates": [ 130.9293375, 33.3187602 ] } },
{ "type": "Feature", "properties": { "内容": "済生会まほろば居宅介護支援事業所【居宅介護支援】大分県日田市大字三和643番地7", "url": "https://www.kaigokensaku.mhlw.go.jp/44/index.php?action_kouhyou_detail_004_kani=true&JigyosyoCd=4470401771-00&ServiceCd=430&Type=search", "url2": null }, "geometry": { "type": "Point", "coordinates": [ 130.941083, 33.3452791 ] } },
{ "type": "Feature", "properties": { "内容": "株式会社　サンルーム佐伯営業所【居宅介護支援】大分県佐伯市鶴岡西町１丁目１７８番地", "url": "https://www.kaigokensaku.mhlw.go.jp/44/index.php?action_kouhyou_detail_004_kani=true&JigyosyoCd=4470500077-00&ServiceCd=430&Type=search", "url2": "http://care-net.biz/45/sun-room/index.ｈｔｍｌ" }, "geometry": { "type": "Point", "coordinates": [ 131.868643199999951, 32.9612688 ] } },
{ "type": "Feature", "properties": { "内容": "佐伯市社協介護保険サービスセンター「かまえ」【居宅介護支援】佐伯市蒲江大字蒲江浦3522番地5旧蒲江町国民健康保険蒲江診療所", "url": "https://www.kaigokensaku.mhlw.go.jp/44/index.php?action_kouhyou_detail_004_kani=true&JigyosyoCd=4472500042-00&ServiceCd=430&Type=search", "url2": "http:www.sashakyo.or.jp/public/index/121" }, "geometry": { "type": "Point", "coordinates": [ 131.923965855819716, 32.802460345849042 ] } },
{ "type": "Feature", "properties": { "内容": "有限会社　佐伯ケア･サービス【居宅介護支援】大分県佐伯市大手町3丁目4番3号やつか整形病院内３Ｆ", "url": "https://www.kaigokensaku.mhlw.go.jp/44/index.php?action_kouhyou_detail_004_kani=true&JigyosyoCd=4470500440-00&ServiceCd=430&Type=search", "url2": "scs@wine.plala.or.jp" }, "geometry": { "type": "Point", "coordinates": [ 131.893477699999949, 32.9554563 ] } },
{ "type": "Feature", "properties": { "内容": "ケアプランセンターさくら【居宅介護支援】大分県佐伯市東町２７番１２号", "url": "https://www.kaigokensaku.mhlw.go.jp/44/index.php?action_kouhyou_detail_004_kani=true&JigyosyoCd=4470501794-00&ServiceCd=430&Type=search", "url2": null }, "geometry": { "type": "Point", "coordinates": [ 131.9094566, 32.9636864 ] } },
{ "type": "Feature", "properties": { "内容": "佐伯市医師会居宅介護支援事業所【居宅介護支援】鶴谷町1丁目7番28号", "url": "https://www.kaigokensaku.mhlw.go.jp/44/index.php?action_kouhyou_detail_004_kani=true&JigyosyoCd=4470500051-00&ServiceCd=430&Type=search", "url2": "http://ｗｗｗ.saiki-med.jp" }, "geometry": { "type": "Point", "coordinates": [ 131.908170199999972, 32.9749712 ] } },
{ "type": "Feature", "properties": { "内容": "居宅介護支援事業所しーとぴあ【居宅介護支援】５番２２号", "url": "https://www.kaigokensaku.mhlw.go.jp/44/index.php?action_kouhyou_detail_004_kani=true&JigyosyoCd=4470500515-00&ServiceCd=430&Type=search", "url2": null }, "geometry": { "type": "Point", "coordinates": [ 101.931569099999919, 2.4269359 ] } },
{ "type": "Feature", "properties": { "内容": "花みずき　介護支援事業所【居宅介護支援】大分県佐伯市大字池田1699番地7", "url": "https://www.kaigokensaku.mhlw.go.jp/44/index.php?action_kouhyou_detail_004_kani=true&JigyosyoCd=4470500010-00&ServiceCd=430&Type=search", "url2": "http://www.nagato.or.jp" }, "geometry": { "type": "Point", "coordinates": [ 131.89628330000005, 32.945949200000022 ] } },
{ "type": "Feature", "properties": { "内容": "居宅介護支援事業所あいの風【居宅介護支援】大分県佐伯市弥生大字床木4番地1", "url": "https://www.kaigokensaku.mhlw.go.jp/44/index.php?action_kouhyou_detail_004_kani=true&JigyosyoCd=4470500978-00&ServiceCd=430&Type=search", "url2": "http://seseragi-life.info" }, "geometry": { "type": "Point", "coordinates": [ 131.856862500000034, 32.9833967 ] } },
{ "type": "Feature", "properties": { "内容": "ケアプランセンター佐伯の太陽【居宅介護支援】大分県佐伯市駅前1丁目1番11号地域包括ケアセンター佐伯の太陽", "url": "https://www.kaigokensaku.mhlw.go.jp/44/index.php?action_kouhyou_detail_004_kani=true&JigyosyoCd=4470501687-00&ServiceCd=430&Type=search", "url2": "http://www.saikichuo.net/" }, "geometry": { "type": "Point", "coordinates": [ 131.904434600000059, 32.9700688 ] } },
{ "type": "Feature", "properties": { "内容": "居宅介護支援事業所あいの風【居宅介護支援】大分県佐伯市弥生大字床木４番地１", "url": "https://www.kaigokensaku.mhlw.go.jp/44/index.php?action_kouhyou_detail_004_kani=true&JigyosyoCd=4470501844-00&ServiceCd=430&Type=search", "url2": null }, "geometry": { "type": "Point", "coordinates": [ 131.856752199999988, 32.9832508 ] } },
{ "type": "Feature", "properties": { "内容": "佐伯市社協介護保険サービスセンター「さいき」【居宅介護支援】大分県佐伯市7255番地13佐伯市社会福祉センタ－", "url": "https://www.kaigokensaku.mhlw.go.jp/44/index.php?action_kouhyou_detail_004_kani=true&JigyosyoCd=4470500069-00&ServiceCd=430&Type=search", "url2": "http://www.sashakyo.or.jp" }, "geometry": { "type": "Point", "coordinates": [ 131.91135727178812, 32.957392676608357 ] } },
{ "type": "Feature", "properties": { "内容": "居宅介護支援事業所　すずかけ【居宅介護支援】大分県佐伯市大字木立５５５２番地２", "url": "https://www.kaigokensaku.mhlw.go.jp/44/index.php?action_kouhyou_detail_004_kani=true&JigyosyoCd=4470501109-00&ServiceCd=430&Type=search", "url2": "http://www.cts-net.ne.jp/^peche" }, "geometry": { "type": "Point", "coordinates": [ 131.9397328, 32.9252558 ] } },
{ "type": "Feature", "properties": { "内容": "ケアプランセンター　佐伯の太陽【居宅介護支援】大分県佐伯市駅前1-1-11地域包括ケアセンター　佐伯の太陽", "url": "https://www.kaigokensaku.mhlw.go.jp/44/index.php?action_kouhyou_detail_004_kani=true&JigyosyoCd=4480500018-00&ServiceCd=430&Type=search", "url2": null }, "geometry": { "type": "Point", "coordinates": [ 131.9044166, 32.9700809 ] } },
{ "type": "Feature", "properties": { "内容": "居宅介護支援事業所のどか【居宅介護支援】大分県佐伯市大字青山125番地2", "url": "https://www.kaigokensaku.mhlw.go.jp/44/index.php?action_kouhyou_detail_004_kani=true&JigyosyoCd=4470501935-00&ServiceCd=430&Type=search", "url2": null }, "geometry": { "type": "Point", "coordinates": [ 131.8700097, 32.8499962 ] } },
{ "type": "Feature", "properties": { "内容": "wonderwall【居宅介護支援】大分県佐伯市大手町2丁目3-4", "url": "https://www.kaigokensaku.mhlw.go.jp/44/index.php?action_kouhyou_detail_004_kani=true&JigyosyoCd=4470501943-00&ServiceCd=430&Type=search", "url2": null }, "geometry": { "type": "Point", "coordinates": [ 131.894233, 32.9566611 ] } },
{ "type": "Feature", "properties": { "内容": "佐伯市社協介護保険サービスセンター「うめ」【居宅介護支援】大分県佐伯市宇目大字小野市３３７４番地１佐伯市宇目高齢者生活福祉センター", "url": "https://www.kaigokensaku.mhlw.go.jp/44/index.php?action_kouhyou_detail_004_kani=true&JigyosyoCd=4472500059-00&ServiceCd=430&Type=search", "url2": "http://www.sashakyo.or.jp/" }, "geometry": { "type": "Point", "coordinates": [ 131.630508299999974, 32.8521071 ] } },
{ "type": "Feature", "properties": { "内容": "ケアセンターやまもと【居宅介護支援】大分県佐伯市直川大字上直見708-5", "url": "https://www.kaigokensaku.mhlw.go.jp/44/index.php?action_kouhyou_detail_004_kani=true&JigyosyoCd=4470501919-00&ServiceCd=430&Type=search", "url2": null }, "geometry": { "type": "Point", "coordinates": [ 131.7806813, 32.899098 ] } },
{ "type": "Feature", "properties": { "内容": "介護保険サービスセンター鶴望野【居宅介護支援】大分県佐伯市鶴岡町１丁目６番３号", "url": "https://www.kaigokensaku.mhlw.go.jp/44/index.php?action_kouhyou_detail_004_kani=true&JigyosyoCd=4470500036-00&ServiceCd=430&Type=search", "url2": "http://www.nagato.or.jp" }, "geometry": { "type": "Point", "coordinates": [ 131.883120100000042, 32.9582057 ] } },
{ "type": "Feature", "properties": { "内容": "介護保険サービスセンター長良苑【居宅介護支援】大分県佐伯市宇目大字小野市字井ノ上3754-1", "url": "https://www.kaigokensaku.mhlw.go.jp/44/index.php?action_kouhyou_detail_004_kani=true&JigyosyoCd=4470500028-00&ServiceCd=430&Type=search", "url2": "http://chouyoukai.health-life.net/" }, "geometry": { "type": "Point", "coordinates": [ 131.911726600000065, 32.9365425 ] } },
{ "type": "Feature", "properties": { "内容": "ひととき【居宅介護支援】大分県佐伯市長島町2丁目18-24", "url": "https://www.kaigokensaku.mhlw.go.jp/44/index.php?action_kouhyou_detail_004_kani=true&JigyosyoCd=4470501646-00&ServiceCd=430&Type=search", "url2": "http://sone-hp.jp/indeX.html" }, "geometry": { "type": "Point", "coordinates": [ 131.908945600000038, 32.9594841 ] } },
{ "type": "Feature", "properties": { "内容": "居宅介護支援事業所　もっこうばら【居宅介護支援】大分県佐伯市弥生大字大坂本３１１番地１", "url": "https://www.kaigokensaku.mhlw.go.jp/44/index.php?action_kouhyou_detail_004_kani=true&JigyosyoCd=4470501273-00&ServiceCd=430&Type=search", "url2": null }, "geometry": { "type": "Point", "coordinates": [ 131.851369881614687, 32.976046449882617 ] } },
{ "type": "Feature", "properties": { "内容": "さいき長寿苑そよ風【居宅介護支援】大分県佐伯市鶴岡西町二丁目269番地", "url": "https://www.kaigokensaku.mhlw.go.jp/44/index.php?action_kouhyou_detail_004_kani=true&JigyosyoCd=4470501349-00&ServiceCd=430&Type=search", "url2": "https://corp.sykz.co.jp/" }, "geometry": { "type": "Point", "coordinates": [ 131.864632499999971, 32.9584301 ] } },
{ "type": "Feature", "properties": { "内容": "居宅介護支援事業所なごみ【居宅介護支援】大分県佐伯市弥生大字床木３２６８番地", "url": "https://www.kaigokensaku.mhlw.go.jp/44/index.php?action_kouhyou_detail_004_kani=true&JigyosyoCd=4470501380-00&ServiceCd=430&Type=search", "url2": null }, "geometry": { "type": "Point", "coordinates": [ 131.858595056648312, 32.986637890691149 ] } },
{ "type": "Feature", "properties": { "内容": "ケアネットきりん【居宅介護支援】城南町６－２５", "url": "https://www.kaigokensaku.mhlw.go.jp/44/index.php?action_kouhyou_detail_004_kani=true&JigyosyoCd=4470500598-00&ServiceCd=430&Type=search", "url2": "https://www.officefukai.com/" }, "geometry": { "type": "Point", "coordinates": [ 131.890619172945804, 32.952254029502285 ] } },
{ "type": "Feature", "properties": { "内容": "たずねケアマネジメント【居宅介護支援】大分県佐伯市直川大字下直見3073番地2", "url": "https://www.kaigokensaku.mhlw.go.jp/44/index.php?action_kouhyou_detail_004_kani=true&JigyosyoCd=4470501950-00&ServiceCd=430&Type=search", "url2": "https://tamaki-care.localinfo.jp/" }, "geometry": { "type": "Point", "coordinates": [ 131.8059633, 32.9270072 ] } },
{ "type": "Feature", "properties": { "内容": "ケアプランセンターこくぶ【居宅介護支援】大分県佐伯市常盤南町6-25ときわセンタービル101号", "url": "https://www.kaigokensaku.mhlw.go.jp/44/index.php?action_kouhyou_detail_004_kani=true&JigyosyoCd=4470501927-00&ServiceCd=430&Type=search", "url2": "https://careplan-kokubu.com/" }, "geometry": { "type": "Point", "coordinates": [ 131.900660427580135, 32.963155782516061 ] } },
{ "type": "Feature", "properties": { "内容": "ケアプランセンター　佐伯の太陽【居宅介護支援】大分県佐伯市駅前1-1-11地域包括ケアセンター　佐伯の太陽", "url": "https://www.kaigokensaku.mhlw.go.jp/44/index.php?action_kouhyou_detail_004_kani=true&JigyosyoCd=4470501885-00&ServiceCd=430&Type=search", "url2": "kaigocenter@saikichuo.net" }, "geometry": { "type": "Point", "coordinates": [ 131.9044166, 32.9700809 ] } },
{ "type": "Feature", "properties": { "内容": "介護保険サービスセンターはまゆう【居宅介護支援】大分県佐伯市蒲江大字蒲江浦１３４４番地１", "url": "https://www.kaigokensaku.mhlw.go.jp/44/index.php?action_kouhyou_detail_004_kani=true&JigyosyoCd=4472500026-00&ServiceCd=430&Type=search", "url2": "http://www.saiki.tv/~kamae-1886/" }, "geometry": { "type": "Point", "coordinates": [ 131.941476700000067, 32.8040462 ] } },
{ "type": "Feature", "properties": { "内容": "佐伯市社協介護保険ｻｰﾋﾞｽｾﾝﾀｰ「まごころ」【居宅介護支援】大分県佐伯市弥生大字大坂本1174番地", "url": "https://www.kaigokensaku.mhlw.go.jp/44/index.php?action_kouhyou_detail_004_kani=true&JigyosyoCd=4472500067-00&ServiceCd=430&Type=search", "url2": "http://sashakyo.or.jp/publics/index/1/" }, "geometry": { "type": "Point", "coordinates": [ 131.84843, 32.9823467 ] } },
{ "type": "Feature", "properties": { "内容": "介護保険サービスセンター直川苑【居宅介護支援】大分県佐伯市直川大字仁田原1962-1", "url": "https://www.kaigokensaku.mhlw.go.jp/44/index.php?action_kouhyou_detail_004_kani=true&JigyosyoCd=4472500018-00&ServiceCd=430&Type=search", "url2": "http://www.naokawaen.com/" }, "geometry": { "type": "Point", "coordinates": [ 131.757325600000058, 32.8786413 ] } },
{ "type": "Feature", "properties": { "内容": "ＪＡおおいた　佐伯福祉サービスセンター　居宅介護支援事業所【居宅介護支援】大分県佐伯市長島町１－２－４", "url": "https://www.kaigokensaku.mhlw.go.jp/44/index.php?action_kouhyou_detail_004_kani=true&JigyosyoCd=4470501018-00&ServiceCd=430&Type=search", "url2": null }, "geometry": { "type": "Point", "coordinates": [ 131.9048709, 32.9642139 ] } },
{ "type": "Feature", "properties": { "内容": "南海医療センター附属居宅介護支援センター【居宅介護支援】大分県佐伯市常盤西町１２番６号", "url": "https://www.kaigokensaku.mhlw.go.jp/44/index.php?action_kouhyou_detail_004_kani=true&JigyosyoCd=4470501125-00&ServiceCd=430&Type=search", "url2": "http://nankai.jcho.go.jp" }, "geometry": { "type": "Point", "coordinates": [ 131.90093509999997, 32.9659331 ] } },
{ "type": "Feature", "properties": { "内容": "居宅介護支援事業所　豊かな木【居宅介護支援】大分県佐伯市鶴岡西町1-234-1", "url": "https://www.kaigokensaku.mhlw.go.jp/44/index.php?action_kouhyou_detail_004_kani=true&JigyosyoCd=4470501562-00&ServiceCd=430&Type=search", "url2": null }, "geometry": { "type": "Point", "coordinates": [ 131.864651699999968, 32.962699 ] } },
{ "type": "Feature", "properties": { "内容": "居宅介護支援センター　はれやか【居宅介護支援】大分県臼杵市大字市浜666番地の1", "url": "https://www.kaigokensaku.mhlw.go.jp/44/index.php?action_kouhyou_detail_004_kani=true&JigyosyoCd=4470600794-00&ServiceCd=430&Type=search", "url2": "http://www4.ocn.ne.jp/~hareyaka" }, "geometry": { "type": "Point", "coordinates": [ 131.792828500000041, 33.1216309 ] } },
{ "type": "Feature", "properties": { "内容": "野津町居宅介護支援事業所【居宅介護支援】大分県臼杵市野津町大字野津市1050番地", "url": "https://www.kaigokensaku.mhlw.go.jp/44/index.php?action_kouhyou_detail_004_kani=true&JigyosyoCd=4472600032-00&ServiceCd=430&Type=search", "url2": "http://ususya.michikusa.jp/" }, "geometry": { "type": "Point", "coordinates": [ 131.6921413, 33.0408689 ] } },
{ "type": "Feature", "properties": { "内容": "介護保険サービスセンターふうれん【居宅介護支援】大分県臼杵市野津町大字落谷５３０番地", "url": "https://www.kaigokensaku.mhlw.go.jp/44/index.php?action_kouhyou_detail_004_kani=true&JigyosyoCd=4472600172-00&ServiceCd=430&Type=search", "url2": "http://www.eijuso.or.jp" }, "geometry": { "type": "Point", "coordinates": [ 131.70487479999997, 33.0202797 ] } },
{ "type": "Feature", "properties": { "内容": "居宅介護支援事業所さわらび【居宅介護支援】大分県臼杵市大字臼杵６３８番地", "url": "https://www.kaigokensaku.mhlw.go.jp/44/index.php?action_kouhyou_detail_004_kani=true&JigyosyoCd=4470600919-00&ServiceCd=430&Type=search", "url2": null }, "geometry": { "type": "Point", "coordinates": [ 131.798952900000018, 33.1201869 ] } },
{ "type": "Feature", "properties": { "内容": "指定居宅介護支援事業所【居宅介護支援】大字佐志生3033番地の4", "url": "https://www.kaigokensaku.mhlw.go.jp/44/index.php?action_kouhyou_detail_004_kani=true&JigyosyoCd=4470600745-00&ServiceCd=430&Type=search", "url2": null }, "geometry": { "type": "Point", "coordinates": [ 131.8286928, 33.1756125 ] } },
{ "type": "Feature", "properties": { "内容": "介護相談センター明日風【居宅介護支援】大字深田674番地の1", "url": "https://www.kaigokensaku.mhlw.go.jp/44/index.php?action_kouhyou_detail_004_kani=true&JigyosyoCd=4470600455-00&ServiceCd=430&Type=search", "url2": null }, "geometry": { "type": "Point", "coordinates": [ 131.764395299999933, 33.0949912 ] } },
{ "type": "Feature", "properties": { "内容": "居宅介護支援センター　つむぎ【居宅介護支援】大分県臼杵市野津町大字野津市150番地の2", "url": "https://www.kaigokensaku.mhlw.go.jp/44/index.php?action_kouhyou_detail_004_kani=true&JigyosyoCd=4470601008-00&ServiceCd=430&Type=search", "url2": "https://manyounohana.com/branch/" }, "geometry": { "type": "Point", "coordinates": [ 131.6912409, 33.0430565 ] } },
{ "type": "Feature", "properties": { "内容": "JAおおいた臼杵福祉サービスセンター　居宅介護支援事業所【居宅介護支援】大分県臼杵市大字野田297-1", "url": "https://www.kaigokensaku.mhlw.go.jp/44/index.php?action_kouhyou_detail_004_kani=true&JigyosyoCd=4470600653-00&ServiceCd=430&Type=search", "url2": null }, "geometry": { "type": "Point", "coordinates": [ 131.791292333404527, 33.124840759575314 ] } },
{ "type": "Feature", "properties": { "内容": "はる風合同会社【居宅介護支援】大分県臼杵市大字大浜１０４番地の１", "url": "https://www.kaigokensaku.mhlw.go.jp/44/index.php?action_kouhyou_detail_004_kani=true&JigyosyoCd=4470600562-00&ServiceCd=430&Type=search", "url2": "http://www.us.oct-net.jp/harukaze/" }, "geometry": { "type": "Point", "coordinates": [ 131.807879500000013, 33.1365354 ] } },
{ "type": "Feature", "properties": { "内容": "居宅介護支援センター「かがやき」【居宅介護支援】大分県臼杵市野津町大字野津市510", "url": "https://www.kaigokensaku.mhlw.go.jp/44/index.php?action_kouhyou_detail_004_kani=true&JigyosyoCd=4472600842-00&ServiceCd=430&Type=search", "url2": null }, "geometry": { "type": "Point", "coordinates": [ 131.688891600000034, 33.0408022 ] } },
{ "type": "Feature", "properties": { "内容": "結居宅介護支援事業所【居宅介護支援】大分県臼杵市大字江無田７４６番地", "url": "https://www.kaigokensaku.mhlw.go.jp/44/index.php?action_kouhyou_detail_004_kani=true&JigyosyoCd=4470601032-00&ServiceCd=430&Type=search", "url2": null }, "geometry": { "type": "Point", "coordinates": [ 131.785615300000018, 33.1263245 ] } },
{ "type": "Feature", "properties": { "内容": "のつ指定居宅介護支援センター【居宅介護支援】大分県臼杵市野津町大字亀甲752番地", "url": "https://www.kaigokensaku.mhlw.go.jp/44/index.php?action_kouhyou_detail_004_kani=true&JigyosyoCd=4472600206-00&ServiceCd=430&Type=search", "url2": "http://iwata-cl.jp" }, "geometry": { "type": "Point", "coordinates": [ 131.7107426, 33.0478466 ] } },
{ "type": "Feature", "properties": { "内容": "居宅介護支援事業所「お達者クラブ」【居宅介護支援】大分県臼杵市大字大野字友田大道西3番4", "url": "https://www.kaigokensaku.mhlw.go.jp/44/index.php?action_kouhyou_detail_004_kani=true&JigyosyoCd=4470600059-00&ServiceCd=430&Type=search", "url2": null }, "geometry": { "type": "Point", "coordinates": [ 131.789412449361208, 33.141615033364715 ] } },
{ "type": "Feature", "properties": { "内容": "うすき介護支援センター【居宅介護支援】大分県臼杵市大字臼杵字洲崎72番地の32うすきメディカルクリニック", "url": "https://www.kaigokensaku.mhlw.go.jp/44/index.php?action_kouhyou_detail_004_kani=true&JigyosyoCd=4470600075-00&ServiceCd=430&Type=search", "url2": "http://hiiragikai.or.jp/" }, "geometry": { "type": "Point", "coordinates": [ 131.805454899999972, 33.1255477 ] } },
{ "type": "Feature", "properties": { "内容": "居宅介護支援事業所　しらかわ【居宅介護支援】大分県臼杵市大字末広938番地の3", "url": "https://www.kaigokensaku.mhlw.go.jp/44/index.php?action_kouhyou_detail_004_kani=true&JigyosyoCd=4470600349-00&ServiceCd=430&Type=search", "url2": "https://shirakawa-hospital.jp" }, "geometry": { "type": "Point", "coordinates": [ 131.7695529, 33.1364172 ] } },
{ "type": "Feature", "properties": { "内容": "臼杵市医師会コスモス介護支援センター【居宅介護支援】大分県臼杵市大字戸室1131-1", "url": "https://www.kaigokensaku.mhlw.go.jp/44/index.php?action_kouhyou_detail_004_kani=true&JigyosyoCd=4470600083-00&ServiceCd=430&Type=search", "url2": "info@usukicosmos-med.or.jp" }, "geometry": { "type": "Point", "coordinates": [ 131.77917322776409, 33.123810604873739 ] } },
{ "type": "Feature", "properties": { "内容": "居宅介護支援事業所　すみれ【居宅介護支援】大分県臼杵市大字臼杵72番地の346三明館101", "url": "https://www.kaigokensaku.mhlw.go.jp/44/index.php?action_kouhyou_detail_004_kani=true&JigyosyoCd=4470601065-00&ServiceCd=430&Type=search", "url2": null }, "geometry": { "type": "Point", "coordinates": [ 131.806773546032673, 33.12358057800305 ] } },
{ "type": "Feature", "properties": { "内容": "臼杵病院ケアプランセンター【居宅介護支援】大分県臼杵市大字江無田1154番地1臼杵病院", "url": "https://www.kaigokensaku.mhlw.go.jp/44/index.php?action_kouhyou_detail_004_kani=true&JigyosyoCd=4470601040-00&ServiceCd=430&Type=search", "url2": "http://usuki-hospital.or.jp/http://usuki-hospital.or.jp/http://usuki-hospital.or.jp/http://usuki-hospital.or.jp/" }, "geometry": { "type": "Point", "coordinates": [ 131.780135299999984, 33.1251661 ] } },
{ "type": "Feature", "properties": { "内容": "介護保険サービスセンター四季の郷【居宅介護支援】大分県臼杵市大字江無田1119番地の5", "url": "https://www.kaigokensaku.mhlw.go.jp/44/index.php?action_kouhyou_detail_004_kani=true&JigyosyoCd=4470600018-00&ServiceCd=430&Type=search", "url2": "http://i-mizuho.net/" }, "geometry": { "type": "Point", "coordinates": [ 131.77827149999996, 33.1240606 ] } },
{ "type": "Feature", "properties": { "内容": "臼杵市社会福祉協議会指定居宅介護支援事業所【居宅介護支援】大分県臼杵市大字臼杵字祇園洲4番1臼杵市社会福祉センター", "url": "https://www.kaigokensaku.mhlw.go.jp/44/index.php?action_kouhyou_detail_004_kani=true&JigyosyoCd=4470600091-00&ServiceCd=430&Type=search", "url2": "http://usuki-shakyo.jp/" }, "geometry": { "type": "Point", "coordinates": [ 131.798441790599099, 33.121788207549805 ] } },
{ "type": "Feature", "properties": { "内容": "緑の園介護保険サービスセンター【居宅介護支援】大分県臼杵市大字諏訪289番地の1", "url": "https://www.kaigokensaku.mhlw.go.jp/44/index.php?action_kouhyou_detail_004_kani=true&JigyosyoCd=4470600067-00&ServiceCd=430&Type=search", "url2": "http://fuku-doushinkai.or.jp/" }, "geometry": { "type": "Point", "coordinates": [ 131.80360073061911, 33.134465056773536 ] } },
{ "type": "Feature", "properties": { "内容": "生活協同組合コープおおいた介護センター【居宅介護支援】大分県臼杵市大字江無田２８０－２", "url": "https://www.kaigokensaku.mhlw.go.jp/44/index.php?action_kouhyou_detail_004_kani=true&JigyosyoCd=4470600323-00&ServiceCd=430&Type=search", "url2": null }, "geometry": { "type": "Point", "coordinates": [ 131.792023546544186, 33.12501550164081 ] } },
{ "type": "Feature", "properties": { "内容": "居宅介護支援事業所ひなたぼっこ【居宅介護支援】大分県臼杵市大字福良２１３番地の３", "url": "https://www.kaigokensaku.mhlw.go.jp/44/index.php?action_kouhyou_detail_004_kani=true&JigyosyoCd=4470600026-00&ServiceCd=430&Type=search", "url2": null }, "geometry": { "type": "Point", "coordinates": [ 131.793945255613636, 33.116049851292104 ] } },
{ "type": "Feature", "properties": { "内容": "ケアプランセンターひろせ【居宅介護支援】野津町大字野津市1050番地", "url": "https://www.kaigokensaku.mhlw.go.jp/44/index.php?action_kouhyou_detail_004_kani=true&JigyosyoCd=4472600958-00&ServiceCd=430&Type=search", "url2": null }, "geometry": { "type": "Point", "coordinates": [ 131.692150399999946, 33.040583699999985 ] } },
{ "type": "Feature", "properties": { "内容": "髙橋ケアマネジメントオフィス【居宅介護支援】大分県臼杵市大字江無田671番地の7", "url": "https://www.kaigokensaku.mhlw.go.jp/44/index.php?action_kouhyou_detail_004_kani=true&JigyosyoCd=4470600885-00&ServiceCd=430&Type=search", "url2": null }, "geometry": { "type": "Point", "coordinates": [ 131.78737563024535, 33.12559817762245 ] } },
{ "type": "Feature", "properties": { "内容": "居宅介護支援事業所　えん【居宅介護支援】大分県津久見市大字津久見1487-1", "url": "https://www.kaigokensaku.mhlw.go.jp/44/index.php?action_kouhyou_detail_004_kani=true&JigyosyoCd=4470700479-00&ServiceCd=430&Type=search", "url2": null }, "geometry": { "type": "Point", "coordinates": [ 131.872677453655939, 33.054483428199163 ] } },
{ "type": "Feature", "properties": { "内容": "ケアマネジメント喫茶去【居宅介護支援】大分県津久見市大字千怒字新地6201", "url": "https://www.kaigokensaku.mhlw.go.jp/44/index.php?action_kouhyou_detail_004_kani=true&JigyosyoCd=4470600380-00&ServiceCd=430&Type=search", "url2": "http:/ｗｗｗ.kissako.co.jp" }, "geometry": { "type": "Point", "coordinates": [ 131.888455199999953, 33.0734617 ] } },
{ "type": "Feature", "properties": { "内容": "介護支援センターやわらぎ【居宅介護支援】大分県津久見市大字上青江４８６６番地", "url": "https://www.kaigokensaku.mhlw.go.jp/44/index.php?action_kouhyou_detail_004_kani=true&JigyosyoCd=4470700370-00&ServiceCd=430&Type=search", "url2": null }, "geometry": { "type": "Point", "coordinates": [ 131.837495100000069, 33.0805787 ] } },
{ "type": "Feature", "properties": { "内容": "ニチイケアセンター津久見【居宅介護支援】大分県津久見市大字津久見９６７番地エクセレンス青坂１０６号", "url": "https://www.kaigokensaku.mhlw.go.jp/44/index.php?action_kouhyou_detail_004_kani=true&JigyosyoCd=4470700057-00&ServiceCd=430&Type=search", "url2": null }, "geometry": { "type": "Point", "coordinates": [ 131.870446, 33.0618817 ] } },
{ "type": "Feature", "properties": { "内容": "こすもすケアプランセンター【居宅介護支援】大分県津久見市徳浦本町１２番２０号介護ホーム　秋桜", "url": "https://www.kaigokensaku.mhlw.go.jp/44/index.php?action_kouhyou_detail_004_kani=true&JigyosyoCd=4470700487-00&ServiceCd=430&Type=search", "url2": "https://i-kkan-ken.jp/" }, "geometry": { "type": "Point", "coordinates": [ 131.847679728944371, 33.092536472317818 ] } },
{ "type": "Feature", "properties": { "内容": "居宅介護支援事業所　万里【居宅介護支援】大分県津久見市上宮本町22番14号", "url": "https://www.kaigokensaku.mhlw.go.jp/44/index.php?action_kouhyou_detail_004_kani=true&JigyosyoCd=4470700164-00&ServiceCd=430&Type=search", "url2": null }, "geometry": { "type": "Point", "coordinates": [ 131.86003, 33.0714111 ] } },
{ "type": "Feature", "properties": { "内容": "つくみかん居宅介護支援事業所【居宅介護支援】大分県津久見市大字千怒6120番地", "url": "https://www.kaigokensaku.mhlw.go.jp/44/index.php?action_kouhyou_detail_004_kani=true&JigyosyoCd=4470700016-00&ServiceCd=430&Type=search", "url2": "https://tsukumikan.jp/" }, "geometry": { "type": "Point", "coordinates": [ 131.8874164, 33.0726701 ] } },
{ "type": "Feature", "properties": { "内容": "介護保険サービスセンター白梅荘【居宅介護支援】大分県津久見市徳浦宮町411番の1", "url": "https://www.kaigokensaku.mhlw.go.jp/44/index.php?action_kouhyou_detail_004_kani=true&JigyosyoCd=4470700024-00&ServiceCd=430&Type=search", "url2": "http:www.shiraume-fukushikai.com" }, "geometry": { "type": "Point", "coordinates": [ 131.850849599999947, 33.0911334 ] } },
{ "type": "Feature", "properties": { "内容": "居宅介護支援事業所　おあしす【居宅介護支援】大分県津久見市大字津久見1323", "url": "https://www.kaigokensaku.mhlw.go.jp/44/index.php?action_kouhyou_detail_004_kani=true&JigyosyoCd=4470700222-00&ServiceCd=430&Type=search", "url2": null }, "geometry": { "type": "Point", "coordinates": [ 131.87101830000006, 33.0593097 ] } },
{ "type": "Feature", "properties": { "内容": "大分県竹田市大字飛田川1577番地1【居宅介護支援】大分県竹田市大字飛田川1577番地1ライフホーム野の花", "url": "https://www.kaigokensaku.mhlw.go.jp/44/index.php?action_kouhyou_detail_004_kani=true&JigyosyoCd=4470800519-00&ServiceCd=430&Type=search", "url2": null }, "geometry": { "type": "Point", "coordinates": [ 131.383320300000037, 32.9658953 ] } },
{ "type": "Feature", "properties": { "内容": "岡の苑居宅介護支援事業所【居宅介護支援】大分県竹田市大字竹田1824", "url": "https://www.kaigokensaku.mhlw.go.jp/44/index.php?action_kouhyou_detail_004_kani=true&JigyosyoCd=4470800022-00&ServiceCd=430&Type=search", "url2": "http://www.yuujinkai.com" }, "geometry": { "type": "Point", "coordinates": [ 131.391681471025095, 32.970666719172286 ] } },
{ "type": "Feature", "properties": { "内容": "ケアマネステーション　シナモン【居宅介護支援】大分県竹田市荻町馬場468番地2", "url": "https://www.kaigokensaku.mhlw.go.jp/44/index.php?action_kouhyou_detail_004_kani=true&JigyosyoCd=4470800584-00&ServiceCd=430&Type=search", "url2": null }, "geometry": { "type": "Point", "coordinates": [ 131.296828799999957, 32.9236561 ] } },
{ "type": "Feature", "properties": { "内容": "長湯温泉居宅介護支援センター【居宅介護支援】大分県竹田市直入町大字長湯7985番地5", "url": "https://www.kaigokensaku.mhlw.go.jp/44/index.php?action_kouhyou_detail_004_kani=true&JigyosyoCd=4472700220-00&ServiceCd=430&Type=search", "url2": "info＠nagayu-itohiin.com" }, "geometry": { "type": "Point", "coordinates": [ 131.383144799999968, 33.0704441 ] } },
{ "type": "Feature", "properties": { "内容": "居宅介護支援事業所　千の和美【居宅介護支援】直入町大字長湯8242-5201号", "url": "https://www.kaigokensaku.mhlw.go.jp/44/index.php?action_kouhyou_detail_004_kani=true&JigyosyoCd=4470800410-00&ServiceCd=430&Type=search", "url2": null }, "geometry": { "type": "Point", "coordinates": [ 131.3865085, 33.0756852 ] } },
{ "type": "Feature", "properties": { "内容": "介護保険サービスセンター久住【居宅介護支援】久住町６４８２番地", "url": "https://www.kaigokensaku.mhlw.go.jp/44/index.php?action_kouhyou_detail_004_kani=true&JigyosyoCd=4472700030-00&ServiceCd=430&Type=search", "url2": null }, "geometry": { "type": "Point", "coordinates": [ 131.297917900000016, 33.0207131 ] } },
{ "type": "Feature", "properties": { "内容": "たけたねっとケアプランセンター【居宅介護支援】大分県竹田市大字竹田町382番地", "url": "https://www.kaigokensaku.mhlw.go.jp/44/index.php?action_kouhyou_detail_004_kani=true&JigyosyoCd=4470800634-00&ServiceCd=430&Type=search", "url2": null }, "geometry": { "type": "Point", "coordinates": [ 131.39285240000001, 32.9674712 ] } },
{ "type": "Feature", "properties": { "内容": "ケアプランセンターみはら【居宅介護支援】大分県竹田市大字会々２５７６番地１ケアホーム五つの実", "url": "https://www.kaigokensaku.mhlw.go.jp/44/index.php?action_kouhyou_detail_004_kani=true&JigyosyoCd=4470800261-00&ServiceCd=430&Type=search", "url2": "http://www.kenshinkai-taketa.jp" }, "geometry": { "type": "Point", "coordinates": [ 131.386786499999971, 32.9704393 ] } },
{ "type": "Feature", "properties": { "内容": "居宅介護支援センター　クローバーたけた【居宅介護支援】大分県竹田市久住町大字仏原1558番地3", "url": "https://www.kaigokensaku.mhlw.go.jp/44/index.php?action_kouhyou_detail_004_kani=true&JigyosyoCd=4470800642-00&ServiceCd=430&Type=search", "url2": "http://hp.kaipoke.biz/rh4/" }, "geometry": { "type": "Point", "coordinates": [ 131.345759, 33.0718016 ] } },
{ "type": "Feature", "properties": { "内容": "帰巖会たけたケアプランセンター【居宅介護支援】大分県竹田市大字竹田町389-1", "url": "https://www.kaigokensaku.mhlw.go.jp/44/index.php?action_kouhyou_detail_004_kani=true&JigyosyoCd=4470800667-00&ServiceCd=430&Type=search", "url2": "http://kigankai.or.jp" }, "geometry": { "type": "Point", "coordinates": [ 131.3978846, 32.9736457 ] } },
{ "type": "Feature", "properties": { "内容": "久住高原居宅介護支援センター【居宅介護支援】大分県竹田市久住町大字栢木5834", "url": "https://www.kaigokensaku.mhlw.go.jp/44/index.php?action_kouhyou_detail_004_kani=true&JigyosyoCd=4472700048-00&ServiceCd=430&Type=search", "url2": "http://www.okubo-hp.com" }, "geometry": { "type": "Point", "coordinates": [ 131.332951683171189, 33.055570749910615 ] } },
{ "type": "Feature", "properties": { "内容": "竹田市介護保険ケアプランセンター【居宅介護支援】大分県竹田市大字玉来1299番地2", "url": "https://www.kaigokensaku.mhlw.go.jp/44/index.php?action_kouhyou_detail_004_kani=true&JigyosyoCd=4470800048-00&ServiceCd=430&Type=search", "url2": null }, "geometry": { "type": "Point", "coordinates": [ 131.376685299999963, 32.9508997 ] } },
{ "type": "Feature", "properties": { "内容": "悠々居ケアプランセンター【居宅介護支援】大分県竹田市大字三宅1763番地1", "url": "https://www.kaigokensaku.mhlw.go.jp/44/index.php?action_kouhyou_detail_004_kani=true&JigyosyoCd=4470800170-00&ServiceCd=430&Type=search", "url2": "https://yuyukyo.com" }, "geometry": { "type": "Point", "coordinates": [ 131.4138924, 32.9909934 ] } },
{ "type": "Feature", "properties": { "内容": "医療生協竹田介護サービスセンター【居宅介護支援】大分県竹田市大字会々3313-1", "url": "https://www.kaigokensaku.mhlw.go.jp/44/index.php?action_kouhyou_detail_004_kani=true&JigyosyoCd=4470800055-00&ServiceCd=430&Type=search", "url2": "taketa_aiai4014@yahoo.co.jp" }, "geometry": { "type": "Point", "coordinates": [ 131.382292499999949, 32.9749832 ] } },
{ "type": "Feature", "properties": { "内容": "希の里介護保険支援室【居宅介護支援】大分県豊後高田市呉崎755番地", "url": "https://www.kaigokensaku.mhlw.go.jp/44/index.php?action_kouhyou_detail_004_kani=true&JigyosyoCd=4470900038-00&ServiceCd=430&Type=search", "url2": null }, "geometry": { "type": "Point", "coordinates": [ 131.4322072, 33.5764331 ] } },
{ "type": "Feature", "properties": { "内容": "ケアサポート香々地【居宅介護支援】大分県豊後高田市見目３９１５番地１", "url": "https://www.kaigokensaku.mhlw.go.jp/44/index.php?action_kouhyou_detail_004_kani=true&JigyosyoCd=4470900327-00&ServiceCd=430&Type=search", "url2": "http://www.takachuo.com/" }, "geometry": { "type": "Point", "coordinates": [ 131.5291158, 33.6722894 ] } },
{ "type": "Feature", "properties": { "内容": "さくらライフプランニング【居宅介護支援】大分県豊後高田市新地1170番地", "url": "https://www.kaigokensaku.mhlw.go.jp/44/index.php?action_kouhyou_detail_004_kani=true&JigyosyoCd=4470900020-00&ServiceCd=430&Type=search", "url2": "http://www.takachuo.com/" }, "geometry": { "type": "Point", "coordinates": [ 131.439724293115205, 33.555288765994959 ] } },
{ "type": "Feature", "properties": { "内容": "居宅介護事業所オリーブ高田【居宅介護支援】大分県豊後高田市新地１１５７番地ケアプレイスオリーブ", "url": "https://www.kaigokensaku.mhlw.go.jp/44/index.php?action_kouhyou_detail_004_kani=true&JigyosyoCd=4470900236-00&ServiceCd=430&Type=search", "url2": "http://olive-care.com/" }, "geometry": { "type": "Point", "coordinates": [ 131.439779899999962, 33.5537768 ] } },
{ "type": "Feature", "properties": { "内容": "やすらぎの里介護保険支援センター【居宅介護支援】大分県豊後高田市呉崎775-10グループホーム棟2階", "url": "https://www.kaigokensaku.mhlw.go.jp/44/index.php?action_kouhyou_detail_004_kani=true&JigyosyoCd=4470900046-00&ServiceCd=430&Type=search", "url2": "https://s-yasuragi.org" }, "geometry": { "type": "Point", "coordinates": [ 131.431951700000013, 33.5770802 ] } },
{ "type": "Feature", "properties": { "内容": "豊後高田市介護支援センター【居宅介護支援】大分県豊後高田市臼野4335番地３", "url": "https://www.kaigokensaku.mhlw.go.jp/44/index.php?action_kouhyou_detail_004_kani=true&JigyosyoCd=4472000027-00&ServiceCd=430&Type=search", "url2": "http://www.buntaka-syakyo.jp" }, "geometry": { "type": "Point", "coordinates": [ 131.476316399999973, 33.6304172 ] } },
{ "type": "Feature", "properties": { "内容": "希の里　居宅介護支援事業所【居宅介護支援】大分県豊後高田市呉崎755番地", "url": "https://www.kaigokensaku.mhlw.go.jp/44/index.php?action_kouhyou_detail_004_kani=true&JigyosyoCd=4470900434-00&ServiceCd=430&Type=search", "url2": "http://nozomi-sekizen.com" }, "geometry": { "type": "Point", "coordinates": [ 131.4321004, 33.5764174 ] } },
{ "type": "Feature", "properties": { "内容": "杵築介護保険サービスセンター【居宅介護支援】大分県杵築市大字船部字中津屋2167-30", "url": "https://www.kaigokensaku.mhlw.go.jp/44/index.php?action_kouhyou_detail_004_kani=true&JigyosyoCd=4471000036-00&ServiceCd=430&Type=search", "url2": null }, "geometry": { "type": "Point", "coordinates": [ 131.598298762287868, 33.446616982048198 ] } },
{ "type": "Feature", "properties": { "内容": "ケアプランサービス初音の里【居宅介護支援】大分県杵築市溝井1609番地", "url": "https://www.kaigokensaku.mhlw.go.jp/44/index.php?action_kouhyou_detail_004_kani=true&JigyosyoCd=4471000226-00&ServiceCd=430&Type=search", "url2": "http//www.kimura-corp.co.jp" }, "geometry": { "type": "Point", "coordinates": [ 131.593406930688474, 33.430258101155339 ] } },
{ "type": "Feature", "properties": { "内容": "杵築市社会福祉協議会　介護保険センター杵築【居宅介護支援】杵築市大字猪尾941番地", "url": "https://www.kaigokensaku.mhlw.go.jp/44/index.php?action_kouhyou_detail_004_kani=true&JigyosyoCd=4471000044-00&ServiceCd=430&Type=search", "url2": "http://www18.ocn.ne.jp/～ｋｓｈａｋｙｏ/" }, "geometry": { "type": "Point", "coordinates": [ 131.608598, 33.4037381 ] } },
{ "type": "Feature", "properties": { "内容": "介護保険サービスセンター　心助園【居宅介護支援】大分県杵築市大字熊野1427-1", "url": "https://www.kaigokensaku.mhlw.go.jp/44/index.php?action_kouhyou_detail_004_kani=true&JigyosyoCd=4471000283-00&ServiceCd=430&Type=search", "url2": "http//isshinkai-oita-kitsuki.jp/" }, "geometry": { "type": "Point", "coordinates": [ 131.633335799999941, 33.3911843 ] } },
{ "type": "Feature", "properties": { "内容": "居宅介護支援事業所　とわの桜【居宅介護支援】大分県杵築市大字杵築120番地", "url": "https://www.kaigokensaku.mhlw.go.jp/44/index.php?action_kouhyou_detail_004_kani=true&JigyosyoCd=4471000614-00&ServiceCd=430&Type=search", "url2": null }, "geometry": { "type": "Point", "coordinates": [ 131.623520991184449, 33.41574946995425 ] } },
{ "type": "Feature", "properties": { "内容": "居宅介護支援事業所桜さくら【居宅介護支援】杵築市南杵築字大手内1943番地1", "url": "https://www.kaigokensaku.mhlw.go.jp/44/index.php?action_kouhyou_detail_004_kani=true&JigyosyoCd=4471000341-00&ServiceCd=430&Type=search", "url2": null }, "geometry": { "type": "Point", "coordinates": [ 131.61188089999996, 33.4167454 ] } },
{ "type": "Feature", "properties": { "内容": "株式会社　ＪＡいこいの村　生活福祉センター【居宅介護支援】大分県杵築市大字大内7707番地2", "url": "https://www.kaigokensaku.mhlw.go.jp/44/index.php?action_kouhyou_detail_004_kani=true&JigyosyoCd=4471000523-00&ServiceCd=430&Type=search", "url2": null }, "geometry": { "type": "Point", "coordinates": [ 131.6319294, 33.4241979 ] } },
{ "type": "Feature", "properties": { "内容": "杵築市山香居宅介護支援事業所【居宅介護支援】杵築市山香町大字野原1612番地の1", "url": "https://www.kaigokensaku.mhlw.go.jp/44/index.php?action_kouhyou_detail_004_kani=true&JigyosyoCd=4472200080-00&ServiceCd=430&Type=search", "url2": "http://www.yamaga-hp.jp" }, "geometry": { "type": "Point", "coordinates": [ 131.508643399999983, 33.445336 ] } },
{ "type": "Feature", "properties": { "内容": "きつきケアプランステーション【居宅介護支援】大分県杵築市大字守江字王子1864番地", "url": "https://www.kaigokensaku.mhlw.go.jp/44/index.php?action_kouhyou_detail_004_kani=true&JigyosyoCd=4471000010-00&ServiceCd=430&Type=search", "url2": "https://etoh-g.jp/" }, "geometry": { "type": "Point", "coordinates": [ 131.657581329345703, 33.423382628287435 ] } },
{ "type": "Feature", "properties": { "内容": "指定居宅介護支援事業所ぼだいじゅ【居宅介護支援】大分県杵築市大字日野1921番地の7", "url": "https://www.kaigokensaku.mhlw.go.jp/44/index.php?action_kouhyou_detail_004_kani=true&JigyosyoCd=4471000028-00&ServiceCd=430&Type=search", "url2": "http//www.minorimura.or.jp/" }, "geometry": { "type": "Point", "coordinates": [ 131.598349, 33.3938583 ] } },
{ "type": "Feature", "properties": { "内容": "居宅介護支援事業所　風の唄【居宅介護支援】大分県杵築市山香町大字野原1422番地3", "url": "https://www.kaigokensaku.mhlw.go.jp/44/index.php?action_kouhyou_detail_004_kani=true&JigyosyoCd=4471000564-00&ServiceCd=430&Type=search", "url2": "http://isshinkai-oita-kituki.jp/sp/kazenouta-m.html" }, "geometry": { "type": "Point", "coordinates": [ 131.50600957075892, 33.443021945695484 ] } },
{ "type": "Feature", "properties": { "内容": "ハートフルケア笑顔【居宅介護支援】大分県杵築市山香町大字野原1682番地1", "url": "https://www.kaigokensaku.mhlw.go.jp/44/index.php?action_kouhyou_detail_004_kani=true&JigyosyoCd=4471000481-00&ServiceCd=430&Type=search", "url2": "https://npoegao.web.fc2.com/" }, "geometry": { "type": "Point", "coordinates": [ 131.506449100000026, 33.4467663 ] } },
{ "type": "Feature", "properties": { "内容": "宇佐よりも園居宅介護支援事業所【居宅介護支援】大分県宇佐市大字南宇佐2562-3", "url": "https://www.kaigokensaku.mhlw.go.jp/44/index.php?action_kouhyou_detail_004_kani=true&JigyosyoCd=4471100026-00&ServiceCd=430&Type=search", "url2": null }, "geometry": { "type": "Point", "coordinates": [ 131.369449199999963, 33.5250899 ] } },
{ "type": "Feature", "properties": { "内容": "居宅介護支援事業所　オラレア【居宅介護支援】宇佐市大字葛原780-2", "url": "https://www.kaigokensaku.mhlw.go.jp/44/index.php?action_kouhyou_detail_004_kani=true&JigyosyoCd=4471101305-00&ServiceCd=430&Type=search", "url2": "ｈｔｔｐ：//ｗｗｗ.ｌiｆestageolarea.com/" }, "geometry": { "type": "Point", "coordinates": [ 131.329729499999985, 33.5358542 ] } },
{ "type": "Feature", "properties": { "内容": "いちょう居宅介護支援事業所【居宅介護支援】大分県宇佐市大字江須賀４０９２番地の１", "url": "https://www.kaigokensaku.mhlw.go.jp/44/index.php?action_kouhyou_detail_004_kani=true&JigyosyoCd=4471100612-00&ServiceCd=430&Type=search", "url2": "http:www18.ocn.jp/~usaicho" }, "geometry": { "type": "Point", "coordinates": [ 131.3569625, 33.5575413 ] } },
{ "type": "Feature", "properties": { "内容": "居宅介護支援事業所のどか園【居宅介護支援】大分県宇佐市大字長洲1118番地", "url": "https://www.kaigokensaku.mhlw.go.jp/44/index.php?action_kouhyou_detail_004_kani=true&JigyosyoCd=4471100844-00&ServiceCd=430&Type=search", "url2": null }, "geometry": { "type": "Point", "coordinates": [ 131.383041300000059, 33.5636663 ] } },
{ "type": "Feature", "properties": { "内容": "ケアステーションとまと【居宅介護支援】大分県宇佐市大字下高家", "url": "https://www.kaigokensaku.mhlw.go.jp/44/index.php?action_kouhyou_detail_004_kani=true&JigyosyoCd=4471101503-00&ServiceCd=430&Type=search", "url2": null }, "geometry": { "type": "Point", "coordinates": [ 131.302630499999964, 33.5770964 ] } },
{ "type": "Feature", "properties": { "内容": "玄々堂居宅介護支援事業所【居宅介護支援】大分県宇佐市大字四日市萱壁1049番地の１", "url": "https://www.kaigokensaku.mhlw.go.jp/44/index.php?action_kouhyou_detail_004_kani=true&JigyosyoCd=4471101446-00&ServiceCd=430&Type=search", "url2": "kyotaku@gengendo-oita.jp" }, "geometry": { "type": "Point", "coordinates": [ 131.318439953823713, 33.5343839773181 ] } },
{ "type": "Feature", "properties": { "内容": "支援事業所　吉田【居宅介護支援】大分県宇佐市大字北宇佐253番地３", "url": "https://www.kaigokensaku.mhlw.go.jp/44/index.php?action_kouhyou_detail_004_kani=true&JigyosyoCd=4471101206-00&ServiceCd=430&Type=search", "url2": null }, "geometry": { "type": "Point", "coordinates": [ 131.381208199999946, 33.5391883 ] } },
{ "type": "Feature", "properties": { "内容": "居宅介護支援事業所やまぶき【居宅介護支援】大分県宇佐市大字上高31番地の10", "url": "https://www.kaigokensaku.mhlw.go.jp/44/index.php?action_kouhyou_detail_004_kani=true&JigyosyoCd=4471101149-00&ServiceCd=430&Type=search", "url2": "http://www.yamabuki-no-sato.com/" }, "geometry": { "type": "Point", "coordinates": [ 131.31032289999996, 33.5350176 ] } },
{ "type": "Feature", "properties": { "内容": "えすか居宅介護支援事業所【居宅介護支援】大字江須賀４０４６－２", "url": "https://www.kaigokensaku.mhlw.go.jp/44/index.php?action_kouhyou_detail_004_kani=true&JigyosyoCd=4471100125-00&ServiceCd=430&Type=search", "url2": "http://usa-chyuou.webmedipr.jp" }, "geometry": { "type": "Point", "coordinates": [ 131.357004299999971, 33.5553943 ] } },
{ "type": "Feature", "properties": { "内容": "あいの里支援事業所【居宅介護支援】大分県宇佐市大字青森481番地1", "url": "https://www.kaigokensaku.mhlw.go.jp/44/index.php?action_kouhyou_detail_004_kani=true&JigyosyoCd=4471101073-00&ServiceCd=430&Type=search", "url2": "http://aikaigojapan.web.fc2.com" }, "geometry": { "type": "Point", "coordinates": [ 131.417159199999986, 33.547341 ] } },
{ "type": "Feature", "properties": { "内容": "ＪＡおおいた宇佐福祉サービスセンター【居宅介護支援】大分県宇佐市大字長洲921番地3", "url": "https://www.kaigokensaku.mhlw.go.jp/44/index.php?action_kouhyou_detail_004_kani=true&JigyosyoCd=4471100992-00&ServiceCd=430&Type=search", "url2": null }, "geometry": { "type": "Point", "coordinates": [ 131.38421070000004, 33.565455 ] } },
{ "type": "Feature", "properties": { "内容": "居宅介護支援事業所　サンケア【居宅介護支援】大分県宇佐市大字樋田43番地の4", "url": "https://www.kaigokensaku.mhlw.go.jp/44/index.php?action_kouhyou_detail_004_kani=true&JigyosyoCd=4471101552-00&ServiceCd=430&Type=search", "url2": null }, "geometry": { "type": "Point", "coordinates": [ 131.3404911, 33.5261177 ] } },
{ "type": "Feature", "properties": { "内容": "ふるしょう居宅介護支援事業所【居宅介護支援】大分県宇佐市院内町原口583", "url": "https://www.kaigokensaku.mhlw.go.jp/44/index.php?action_kouhyou_detail_004_kani=true&JigyosyoCd=4473100032-00&ServiceCd=430&Type=search", "url2": "https://www.furushoiin.jp/" }, "geometry": { "type": "Point", "coordinates": [ 131.311863099999982, 33.4141991 ] } },
{ "type": "Feature", "properties": { "内容": "院内福祉サービス居宅介護支援事業所【居宅介護支援】大分県宇佐市院内町副1107-2", "url": "https://www.kaigokensaku.mhlw.go.jp/44/index.php?action_kouhyou_detail_004_kani=true&JigyosyoCd=4471101198-00&ServiceCd=430&Type=search", "url2": null }, "geometry": { "type": "Point", "coordinates": [ 131.322895199999948, 33.4279508 ] } },
{ "type": "Feature", "properties": { "内容": "宇佐両院介護保険サービスセンター【居宅介護支援】大分県宇佐市院内町御沓５５６番地の４", "url": "https://www.kaigokensaku.mhlw.go.jp/44/index.php?action_kouhyou_detail_004_kani=true&JigyosyoCd=4473100040-00&ServiceCd=430&Type=search", "url2": null }, "geometry": { "type": "Point", "coordinates": [ 131.324383399999988, 33.4541679 ] } },
{ "type": "Feature", "properties": { "内容": "介護相談センターリンク【居宅介護支援】大分県宇佐市富山100サンハイアットビル208号", "url": "https://www.kaigokensaku.mhlw.go.jp/44/index.php?action_kouhyou_detail_004_kani=true&JigyosyoCd=4471101602-00&ServiceCd=430&Type=search", "url2": null }, "geometry": { "type": "Point", "coordinates": [ 131.2724258, 33.5519439 ] } },
{ "type": "Feature", "properties": { "内容": "丸三グロリアケアプランセンター【居宅介護支援】大分県宇佐市大字芝原147番地丸三グロリアケアプランセンター", "url": "https://www.kaigokensaku.mhlw.go.jp/44/index.php?action_kouhyou_detail_004_kani=true&JigyosyoCd=4471101438-00&ServiceCd=430&Type=search", "url2": "https://marusan-care.jp/" }, "geometry": { "type": "Point", "coordinates": [ 131.340975500000013, 33.5396125 ] } },
{ "type": "Feature", "properties": { "内容": "居宅介護支援事業所さくら【居宅介護支援】大分県宇佐市大字南敷田705－1", "url": "https://www.kaigokensaku.mhlw.go.jp/44/index.php?action_kouhyou_detail_004_kani=true&JigyosyoCd=4471100620-00&ServiceCd=430&Type=search", "url2": "stg.ono-naika.jpabout.html" }, "geometry": { "type": "Point", "coordinates": [ 131.278767, 33.5493567 ] } },
{ "type": "Feature", "properties": { "内容": "ケアステーション玄々堂【居宅介護支援】大分県宇佐市大字石田１４２番地1アクトⅤ", "url": "https://www.kaigokensaku.mhlw.go.jp/44/index.php?action_kouhyou_detail_004_kani=true&JigyosyoCd=4470300601-00&ServiceCd=430&Type=search", "url2": "http:/act-group.jp/care/" }, "geometry": { "type": "Point", "coordinates": [ 131.2102119, 33.5884257 ] } },
{ "type": "Feature", "properties": { "内容": "セントケア宇佐【居宅介護支援】大分県宇佐市四日市1469-5", "url": "https://www.kaigokensaku.mhlw.go.jp/44/index.php?action_kouhyou_detail_004_kani=true&JigyosyoCd=4471101180-00&ServiceCd=430&Type=search", "url2": "https://www.saint-care.com/kyushu/" }, "geometry": { "type": "Point", "coordinates": [ 131.3300591, 33.5278749 ] } },
{ "type": "Feature", "properties": { "内容": "居宅介護支援事業所　オアシス宇佐【居宅介護支援】大分県宇佐市大字和気185番地", "url": "https://www.kaigokensaku.mhlw.go.jp/44/index.php?action_kouhyou_detail_004_kani=true&JigyosyoCd=4471100117-00&ServiceCd=430&Type=search", "url2": "https://oashisu-usa.com/" }, "geometry": { "type": "Point", "coordinates": [ 131.3906111, 33.5383168 ] } },
{ "type": "Feature", "properties": { "内容": "和光園居宅介護支援事業所【居宅介護支援】大分県宇佐市大字出光165-1", "url": "https://www.kaigokensaku.mhlw.go.jp/44/index.php?action_kouhyou_detail_004_kani=true&JigyosyoCd=4471100075-00&ServiceCd=430&Type=search", "url2": "https://wadahp.com" }, "geometry": { "type": "Point", "coordinates": [ 131.411735300000032, 33.5296678 ] } },
{ "type": "Feature", "properties": { "内容": "居宅介護支援事業所明日花【居宅介護支援】大分県宇佐市法鏡寺77番地の1", "url": "https://www.kaigokensaku.mhlw.go.jp/44/index.php?action_kouhyou_detail_004_kani=true&JigyosyoCd=4471100869-00&ServiceCd=430&Type=search", "url2": "http://www.sato-d1.com" }, "geometry": { "type": "Point", "coordinates": [ 131.343609300000026, 33.5264168 ] } },
{ "type": "Feature", "properties": { "内容": "指定居宅介護支援事業所　清流荘【居宅介護支援】大分県宇佐市大字山本1658番地", "url": "https://www.kaigokensaku.mhlw.go.jp/44/index.php?action_kouhyou_detail_004_kani=true&JigyosyoCd=4471100018-00&ServiceCd=430&Type=search", "url2": "https://ritsuseikai.com" }, "geometry": { "type": "Point", "coordinates": [ 131.327639, 33.5081019 ] } },
{ "type": "Feature", "properties": { "内容": "居宅介護支援事業所絆【居宅介護支援】大分県宇佐市大字別府１６番地の５", "url": "https://www.kaigokensaku.mhlw.go.jp/44/index.php?action_kouhyou_detail_004_kani=true&JigyosyoCd=4471101115-00&ServiceCd=430&Type=search", "url2": "http://www.human-totalcare.co.jp/" }, "geometry": { "type": "Point", "coordinates": [ 131.345262, 33.5242422 ] } },
{ "type": "Feature", "properties": { "内容": "居宅介護支援事業所　オリーブ宇佐【居宅介護支援】大分県宇佐市大字東高家９８４番地１デイサービス　オリーブ宇佐", "url": "https://www.kaigokensaku.mhlw.go.jp/44/index.php?action_kouhyou_detail_004_kani=true&JigyosyoCd=4471100653-00&ServiceCd=430&Type=search", "url2": "http://www.olive-care.com/" }, "geometry": { "type": "Point", "coordinates": [ 131.316942043465787, 33.56560829366861 ] } },
{ "type": "Feature", "properties": { "内容": "介護保険サービスセンター妻垣荘【居宅介護支援】大分県宇佐市安心院町妻垣401番地", "url": "https://www.kaigokensaku.mhlw.go.jp/44/index.php?action_kouhyou_detail_004_kani=true&JigyosyoCd=4473100024-00&ServiceCd=430&Type=search", "url2": "http://care-net.biz/44/tumagaki" }, "geometry": { "type": "Point", "coordinates": [ 131.363286199999948, 33.4287233 ] } },
{ "type": "Feature", "properties": { "内容": "宇水園介護保険サービスセンター【居宅介護支援】大分県宇佐市辛島299-2", "url": "https://www.kaigokensaku.mhlw.go.jp/44/index.php?action_kouhyou_detail_004_kani=true&JigyosyoCd=4471100083-00&ServiceCd=430&Type=search", "url2": "https://www.usuien.org/" }, "geometry": { "type": "Point", "coordinates": [ 131.390922199999977, 33.537228 ] } },
{ "type": "Feature", "properties": { "内容": "いこいの里駅水居宅介護支援事業所【居宅介護支援】大分県宇佐市住吉町３丁目１番", "url": "https://www.kaigokensaku.mhlw.go.jp/44/index.php?action_kouhyou_detail_004_kani=true&JigyosyoCd=4471100430-00&ServiceCd=430&Type=search", "url2": null }, "geometry": { "type": "Point", "coordinates": [ 131.362634100000037, 33.5680624 ] } },
{ "type": "Feature", "properties": { "内容": "めずらの里介護保険サービスセンター【居宅介護支援】大分県宇佐市大字上時枝196番地の1", "url": "https://www.kaigokensaku.mhlw.go.jp/44/index.php?action_kouhyou_detail_004_kani=true&JigyosyoCd=4471100109-00&ServiceCd=430&Type=search", "url2": "http://mezura.jp/" }, "geometry": { "type": "Point", "coordinates": [ 131.305012435968024, 33.555091616522873 ] } },
{ "type": "Feature", "properties": { "内容": "泰生の里介護保険プランニングセンター宇佐【居宅介護支援】大分県宇佐市大字山下字下坂本２１００番地", "url": "https://www.kaigokensaku.mhlw.go.jp/44/index.php?action_kouhyou_detail_004_kani=true&JigyosyoCd=4471100059-00&ServiceCd=430&Type=search", "url2": "http://www.wellb.or.jp/usa/index.html" }, "geometry": { "type": "Point", "coordinates": [ 131.305439989640803, 33.535174380670966 ] } },
{ "type": "Feature", "properties": { "内容": "ひかり介護サービス【居宅介護支援】大分県宇佐市大字四日市4442-4", "url": "https://www.kaigokensaku.mhlw.go.jp/44/index.php?action_kouhyou_detail_004_kani=true&JigyosyoCd=4471100463-00&ServiceCd=430&Type=search", "url2": "https://meihokai.or.jp" }, "geometry": { "type": "Point", "coordinates": [ 131.318897500000048, 33.5232332 ] } },
{ "type": "Feature", "properties": { "内容": "居宅介護支援事業所　ナチュレ【居宅介護支援】大分県宇佐市大字下拝田506番地の１", "url": "https://www.kaigokensaku.mhlw.go.jp/44/index.php?action_kouhyou_detail_004_kani=true&JigyosyoCd=4471101628-00&ServiceCd=430&Type=search", "url2": "ikuyama7@jasmine.ocn.ne.jp" }, "geometry": { "type": "Point", "coordinates": [ 131.3290125, 33.5063763 ] } },
{ "type": "Feature", "properties": { "内容": "介護保険サービス　らふ法鏡寺【居宅介護支援】大分県宇佐市法鏡寺288-1", "url": "https://www.kaigokensaku.mhlw.go.jp/44/index.php?action_kouhyou_detail_004_kani=true&JigyosyoCd=4471101321-00&ServiceCd=430&Type=search", "url2": null }, "geometry": { "type": "Point", "coordinates": [ 131.3498333, 33.5252981 ] } },
{ "type": "Feature", "properties": { "内容": "ケアプランニングセンターほりかわ【居宅介護支援】大分県宇佐市院内町櫛野１６５－１有料老人ホームほりかわ１号館内１階　　ケアプランニングセンターほりかわ", "url": "https://www.kaigokensaku.mhlw.go.jp/44/index.php?action_kouhyou_detail_004_kani=true&JigyosyoCd=4471100877-00&ServiceCd=430&Type=search", "url2": "http://www.care-horikawa.Info/index.html" }, "geometry": { "type": "Point", "coordinates": [ 131.32814970000004, 33.4541734 ] } },
{ "type": "Feature", "properties": { "内容": "指定居宅介護支援事業所「あさぎり」【居宅介護支援】大分県宇佐市安心院町木裳字西光寺413-1", "url": "https://www.kaigokensaku.mhlw.go.jp/44/index.php?action_kouhyou_detail_004_kani=true&JigyosyoCd=4473100180-00&ServiceCd=430&Type=search", "url2": "https://yuryukai.or.jp" }, "geometry": { "type": "Point", "coordinates": [ 131.356569900000068, 33.4400719 ] } },
{ "type": "Feature", "properties": { "内容": "介護支援センターこだま【居宅介護支援】大分県豊後大野市大野町田中270-1児玉医院２階", "url": "https://www.kaigokensaku.mhlw.go.jp/44/index.php?action_kouhyou_detail_004_kani=true&JigyosyoCd=4471200131-00&ServiceCd=430&Type=search", "url2": null }, "geometry": { "type": "Point", "coordinates": [ 131.497644668122803, 33.041341575180809 ] } },
{ "type": "Feature", "properties": { "内容": "介護相談室花みずき【居宅介護支援】大分県豊後大野市大野町田中２３１１－１", "url": "https://www.kaigokensaku.mhlw.go.jp/44/index.php?action_kouhyou_detail_004_kani=true&JigyosyoCd=4471200453-00&ServiceCd=430&Type=search", "url2": "http://ykhimawari.web.fc2.com" }, "geometry": { "type": "Point", "coordinates": [ 131.5030107, 33.038925 ] } },
{ "type": "Feature", "properties": { "内容": "ケアプランセンターふくし生協【居宅介護支援】大分県豊後大野市三重町菅生１番地１５４", "url": "https://www.kaigokensaku.mhlw.go.jp/44/index.php?action_kouhyou_detail_004_kani=true&JigyosyoCd=4471200446-00&ServiceCd=430&Type=search", "url2": null }, "geometry": { "type": "Point", "coordinates": [ 131.618743600000016, 32.9982354 ] } },
{ "type": "Feature", "properties": { "内容": "ケアプランセンターおがた【居宅介護支援】大分県豊後大野市緒方町馬場36番地豊後大野市　緒方支所内", "url": "https://www.kaigokensaku.mhlw.go.jp/44/index.php?action_kouhyou_detail_004_kani=true&JigyosyoCd=4472600065-00&ServiceCd=430&Type=search", "url2": "http://bungo-fukushi.jimdo.com/" }, "geometry": { "type": "Point", "coordinates": [ 131.473706499999906, 32.9702748 ] } },
{ "type": "Feature", "properties": { "内容": "ケアプランセンターいぬかい【居宅介護支援】大分県豊後大野市犬飼町田原1421番地40", "url": "https://www.kaigokensaku.mhlw.go.jp/44/index.php?action_kouhyou_detail_004_kani=true&JigyosyoCd=4472600131-00&ServiceCd=430&Type=search", "url2": "http://bungo-fukushi.jimdo.com/" }, "geometry": { "type": "Point", "coordinates": [ 131.63190272394263, 33.067362684754954 ] } },
{ "type": "Feature", "properties": { "内容": "介護保険サービス　やちよ【居宅介護支援】大分県豊後大野市三重町市場187番地ー２", "url": "https://www.kaigokensaku.mhlw.go.jp/44/index.php?action_kouhyou_detail_004_kani=true&JigyosyoCd=4471200149-00&ServiceCd=430&Type=search", "url2": null }, "geometry": { "type": "Point", "coordinates": [ 131.588338499999963, 32.9815496 ] } },
{ "type": "Feature", "properties": { "内容": "介護保険サービスセンターいぬかい偕生園【居宅介護支援】大分県豊後大野市犬飼町田原2307番地1", "url": "https://www.kaigokensaku.mhlw.go.jp/44/index.php?action_kouhyou_detail_004_kani=true&JigyosyoCd=4471200735-00&ServiceCd=430&Type=search", "url2": "http://www.kaiseien-bungo-ohno.com/" }, "geometry": { "type": "Point", "coordinates": [ 131.634126, 33.0602932 ] } },
{ "type": "Feature", "properties": { "内容": "ニコニコ居宅介護支援センター【居宅介護支援】大分県豊後大野市三重町小坂4169番地1にこにこ内科クリニック内", "url": "https://www.kaigokensaku.mhlw.go.jp/44/index.php?action_kouhyou_detail_004_kani=true&JigyosyoCd=4472600081-00&ServiceCd=430&Type=search", "url2": "https://nikoniko.or.jp/nikoniko_clinic/careplan_center/" }, "geometry": { "type": "Point", "coordinates": [ 131.616979899999933, 32.9968826 ] } },
{ "type": "Feature", "properties": { "内容": "支援センターももたろう【居宅介護支援】大分県豊後大野市清川町686番地", "url": "https://www.kaigokensaku.mhlw.go.jp/44/index.php?action_kouhyou_detail_004_kani=true&JigyosyoCd=4471200529-00&ServiceCd=430&Type=search", "url2": null }, "geometry": { "type": "Point", "coordinates": [ 131.506206600000041, 32.9612633 ] } },
{ "type": "Feature", "properties": { "内容": "居宅介護支援事業所　豊志【居宅介護支援】大分県豊後大野市三重町赤嶺字深田1570番地", "url": "https://www.kaigokensaku.mhlw.go.jp/44/index.php?action_kouhyou_detail_004_kani=true&JigyosyoCd=4471200628-00&ServiceCd=430&Type=search", "url2": "http://www.oct-net.ne.jp/~ysm-302523-kt/" }, "geometry": { "type": "Point", "coordinates": [ 131.598686, 32.986005099999986 ] } },
{ "type": "Feature", "properties": { "内容": "居宅介護支援事業所たんぽぽ【居宅介護支援】大分県豊後大野市三重町市場598番地1", "url": "https://www.kaigokensaku.mhlw.go.jp/44/index.php?action_kouhyou_detail_004_kani=true&JigyosyoCd=4471200370-00&ServiceCd=430&Type=search", "url2": null }, "geometry": { "type": "Point", "coordinates": [ 131.584541700000045, 32.9791998 ] } },
{ "type": "Feature", "properties": { "内容": "ふれあい介護相談センター【居宅介護支援】大分県豊後大野市三重町百枝1086番地-12", "url": "https://www.kaigokensaku.mhlw.go.jp/44/index.php?action_kouhyou_detail_004_kani=true&JigyosyoCd=4472600107-00&ServiceCd=430&Type=search", "url2": null }, "geometry": { "type": "Point", "coordinates": [ 131.5844247, 32.9912734 ] } },
{ "type": "Feature", "properties": { "内容": "ケアプランセンター　ケンコー【居宅介護支援】大分県豊後大野市犬飼町田原７７－７", "url": "https://www.kaigokensaku.mhlw.go.jp/44/index.php?action_kouhyou_detail_004_kani=true&JigyosyoCd=4471200354-00&ServiceCd=430&Type=search", "url2": "https://www.kenkoh-home.net/" }, "geometry": { "type": "Point", "coordinates": [ 131.635525926319872, 33.068388809825443 ] } },
{ "type": "Feature", "properties": { "内容": "居宅介護支援センター　つむぎ【居宅介護支援】大分県豊後大野市三重町芦刈４９５番地２デイサービス　さくらの", "url": "https://www.kaigokensaku.mhlw.go.jp/44/index.php?action_kouhyou_detail_004_kani=true&JigyosyoCd=4471200826-00&ServiceCd=430&Type=search", "url2": "https://hanaemisakurano.com/branch/index.php" }, "geometry": { "type": "Point", "coordinates": [ 131.615600210303512, 32.995399408106294 ] } },
{ "type": "Feature", "properties": { "内容": "社会医療法人関愛会　三重東介護サポートセンター三つ葉【居宅介護支援】大分県豊後大野市三重町小坂4109番地61", "url": "https://www.kaigokensaku.mhlw.go.jp/44/index.php?action_kouhyou_detail_004_kani=true&JigyosyoCd=4471200479-00&ServiceCd=430&Type=search", "url2": "http://sekiaikai.jp" }, "geometry": { "type": "Point", "coordinates": [ 131.61674821646875, 32.994091819646705 ] } },
{ "type": "Feature", "properties": { "内容": "コミュニティケアセンター【居宅介護支援】豊後大野市三重町赤嶺1250番地1", "url": "https://www.kaigokensaku.mhlw.go.jp/44/index.php?action_kouhyou_detail_004_kani=true&JigyosyoCd=4472600149-00&ServiceCd=430&Type=search", "url2": "http://kigankai.or.jp" }, "geometry": { "type": "Point", "coordinates": [ 131.600323600000024, 32.987597 ] } },
{ "type": "Feature", "properties": { "内容": "天心堂おおのケアプランセンター【居宅介護支援】大分県豊後大野市大野町田中２番地９", "url": "https://www.kaigokensaku.mhlw.go.jp/44/index.php?action_kouhyou_detail_004_kani=true&JigyosyoCd=4471200255-00&ServiceCd=430&Type=search", "url2": "http://www.tenshindo.org" }, "geometry": { "type": "Point", "coordinates": [ 131.501963700000033, 33.0364029 ] } },
{ "type": "Feature", "properties": { "内容": "介護保険サービスセンター紫雲【居宅介護支援】大分県豊後大野市三重町内田2672番地1-1", "url": "https://www.kaigokensaku.mhlw.go.jp/44/index.php?action_kouhyou_detail_004_kani=true&JigyosyoCd=4472600040-00&ServiceCd=430&Type=search", "url2": "siunkai.com" }, "geometry": { "type": "Point", "coordinates": [ 131.593230045403629, 32.981000543332804 ] } },
{ "type": "Feature", "properties": { "内容": "任運荘介護保険サービスセンター【居宅介護支援】大分県豊後大野市緒方町馬場東仙寺320番地任運社総合相談支援センター", "url": "https://www.kaigokensaku.mhlw.go.jp/44/index.php?action_kouhyou_detail_004_kani=true&JigyosyoCd=4472600156-00&ServiceCd=430&Type=search", "url2": "http://ninun.or.jp/" }, "geometry": { "type": "Point", "coordinates": [ 131.477251876582386, 32.968558494805364 ] } },
{ "type": "Feature", "properties": { "内容": "ケアプランセンターぶんごおおの【居宅介護支援】大分県豊後大野市清川町砂田1844番地", "url": "https://www.kaigokensaku.mhlw.go.jp/44/index.php?action_kouhyou_detail_004_kani=true&JigyosyoCd=4472600313-00&ServiceCd=430&Type=search", "url2": "https://www.bghohnosw.com/" }, "geometry": { "type": "Point", "coordinates": [ 131.512447983370834, 32.967854653631463 ] } },
{ "type": "Feature", "properties": { "内容": "介護保険サービスセンター偕生園【居宅介護支援】大分県豊後大野市大野町田中700番地2", "url": "https://www.kaigokensaku.mhlw.go.jp/44/index.php?action_kouhyou_detail_004_kani=true&JigyosyoCd=4472600057-00&ServiceCd=430&Type=search", "url2": "http：//kaiseien.bungo-oono.com/" }, "geometry": { "type": "Point", "coordinates": [ 131.493298, 33.0379578 ] } },
{ "type": "Feature", "properties": { "内容": "介護保険サポートセンター　フェリス【居宅介護支援】大分県豊後大野市千歳町前田１１５７番地", "url": "https://www.kaigokensaku.mhlw.go.jp/44/index.php?action_kouhyou_detail_004_kani=true&JigyosyoCd=4471200404-00&ServiceCd=430&Type=search", "url2": "http://www.citydo.com/prf/oita/guide/sg/520002912.html" }, "geometry": { "type": "Point", "coordinates": [ 131.58366, 33.0198094 ] } },
{ "type": "Feature", "properties": { "内容": "あしたこよみ【居宅介護支援】大分県豊後大野市三重町小坂3862番地14", "url": "https://www.kaigokensaku.mhlw.go.jp/44/index.php?action_kouhyou_detail_004_kani=true&JigyosyoCd=4471200099-00&ServiceCd=430&Type=search", "url2": null }, "geometry": { "type": "Point", "coordinates": [ 131.60567195028375, 32.985920576711642 ] } },
{ "type": "Feature", "properties": { "内容": "ふくしま居宅介護支援事業所【居宅介護支援】大分県豊後大野市三重町市場231番地", "url": "https://www.kaigokensaku.mhlw.go.jp/44/index.php?action_kouhyou_detail_004_kani=true&JigyosyoCd=4472600016-00&ServiceCd=430&Type=search", "url2": "http://www.shinseikai-fukushima.com" }, "geometry": { "type": "Point", "coordinates": [ 131.586599799999931, 32.9817162 ] } },
{ "type": "Feature", "properties": { "内容": "介護相談室花みずき【居宅介護支援】大分県豊後大野市三重町市場1511番地1", "url": "https://www.kaigokensaku.mhlw.go.jp/44/index.php?action_kouhyou_detail_004_kani=true&JigyosyoCd=4471200727-00&ServiceCd=430&Type=search", "url2": null }, "geometry": { "type": "Point", "coordinates": [ 131.578841421426404, 32.977640295299331 ] } },
{ "type": "Feature", "properties": { "内容": "介護保険サービスセンター慶寿苑【居宅介護支援】由布市庄内町柿原1569番地1", "url": "https://www.kaigokensaku.mhlw.go.jp/44/index.php?action_kouhyou_detail_004_kani=true&JigyosyoCd=4471300246-00&ServiceCd=430&Type=search", "url2": null }, "geometry": { "type": "Point", "coordinates": [ 131.4203311, 33.1758772 ] } },
{ "type": "Feature", "properties": { "内容": "介護保険相談センターTONERIKOの木【居宅介護支援】大分県由布市湯布院町中川806番地", "url": "https://www.kaigokensaku.mhlw.go.jp/44/index.php?action_kouhyou_detail_004_kani=true&JigyosyoCd=4471300295-00&ServiceCd=430&Type=search", "url2": "http://toneriko.co.jp/" }, "geometry": { "type": "Point", "coordinates": [ 131.33743759999993, 33.2423886 ] } },
{ "type": "Feature", "properties": { "内容": "居宅介護支援事業所あした天気になあれ【居宅介護支援】大分県由布市湯布院町川上3571番地", "url": "https://www.kaigokensaku.mhlw.go.jp/44/index.php?action_kouhyou_detail_004_kani=true&JigyosyoCd=4471300477-00&ServiceCd=430&Type=search", "url2": "http://www.ashitatenki.com/" }, "geometry": { "type": "Point", "coordinates": [ 131.352205, 33.2648507 ] } },
{ "type": "Feature", "properties": { "内容": "社会福祉法人庄内厚生館介護保険サービスセンターゆふネット【居宅介護支援】大分県由布市庄内町東長宝613番地1", "url": "https://www.kaigokensaku.mhlw.go.jp/44/index.php?action_kouhyou_detail_004_kani=true&JigyosyoCd=4472300781-00&ServiceCd=430&Type=search", "url2": "www.kouseikan.jp/" }, "geometry": { "type": "Point", "coordinates": [ 131.4555996, 33.1874021 ] } },
{ "type": "Feature", "properties": { "内容": "居宅介護支援事業所　道【居宅介護支援】大分県由布市挾間町挟間525", "url": "https://www.kaigokensaku.mhlw.go.jp/44/index.php?action_kouhyou_detail_004_kani=true&JigyosyoCd=4471300394-00&ServiceCd=430&Type=search", "url2": null }, "geometry": { "type": "Point", "coordinates": [ 131.519104800000036, 33.2009242 ] } },
{ "type": "Feature", "properties": { "内容": "湯布院病院附属居宅介護支援センター【居宅介護支援】大分県由布市湯布院町川南252番地", "url": "https://www.kaigokensaku.mhlw.go.jp/44/index.php?action_kouhyou_detail_004_kani=true&JigyosyoCd=4472300476-00&ServiceCd=430&Type=search", "url2": "https://yufuin.jcho.go.jp" }, "geometry": { "type": "Point", "coordinates": [ 131.362473899999941, 33.2564816 ] } },
{ "type": "Feature", "properties": { "内容": "介護保険サービスセンター「暖家」【居宅介護支援】由布市挾間町鬼崎４番地１", "url": "https://www.kaigokensaku.mhlw.go.jp/44/index.php?action_kouhyou_detail_004_kani=true&JigyosyoCd=4472300104-00&ServiceCd=430&Type=search", "url2": "http://www.hoaki.jp/" }, "geometry": { "type": "Point", "coordinates": [ 131.527248800000052, 33.1950696 ] } },
{ "type": "Feature", "properties": { "内容": "ごとう介護サービスセンター【居宅介護支援】大分県由布市挾間町向原350番地", "url": "https://www.kaigokensaku.mhlw.go.jp/44/index.php?action_kouhyou_detail_004_kani=true&JigyosyoCd=4472300708-00&ServiceCd=430&Type=search", "url2": null }, "geometry": { "type": "Point", "coordinates": [ 131.511405700000068, 33.1979326 ] } },
{ "type": "Feature", "properties": { "内容": "指定居宅介護支援事業所「介護相談センター川崎」【居宅介護支援】大分県由布市挾間町古野263番地1", "url": "https://www.kaigokensaku.mhlw.go.jp/44/index.php?action_kouhyou_detail_004_kani=true&JigyosyoCd=4472300096-00&ServiceCd=430&Type=search", "url2": null }, "geometry": { "type": "Point", "coordinates": [ 131.531048591392477, 33.209996869721842 ] } },
{ "type": "Feature", "properties": { "内容": "ゆとり【居宅介護支援】大分県由布市湯布院町川南280番地介護老人保健施設ゆふいん風香", "url": "https://www.kaigokensaku.mhlw.go.jp/44/index.php?action_kouhyou_detail_004_kani=true&JigyosyoCd=4472300237-00&ServiceCd=430&Type=search", "url2": "http:/www.fukujyukai.net" }, "geometry": { "type": "Point", "coordinates": [ 131.358704699999976, 33.2570872 ] } },
{ "type": "Feature", "properties": { "内容": "居宅介護支援事業みんなの家【居宅介護支援】大分県由布市湯布院町川北1112番地37", "url": "https://www.kaigokensaku.mhlw.go.jp/44/index.php?action_kouhyou_detail_004_kani=true&JigyosyoCd=4471300485-00&ServiceCd=430&Type=search", "url2": null }, "geometry": { "type": "Point", "coordinates": [ 131.346936300000039, 33.2557596 ] } },
{ "type": "Feature", "properties": { "内容": "ケアプランＬＯＹＡＬ【居宅介護支援】挾間町赤野字芥神814番地-1", "url": "https://www.kaigokensaku.mhlw.go.jp/44/index.php?action_kouhyou_detail_004_kani=true&JigyosyoCd=4471300576-00&ServiceCd=430&Type=search", "url2": "loyalaid.jp" }, "geometry": { "type": "Point", "coordinates": [ 131.496074308520519, 33.211336637770458 ] } },
{ "type": "Feature", "properties": { "内容": "介護保険サービスセンター情和園【居宅介護支援】大分県由布市庄内町西長宝870番地1", "url": "https://www.kaigokensaku.mhlw.go.jp/44/index.php?action_kouhyou_detail_004_kani=true&JigyosyoCd=4472300013-00&ServiceCd=430&Type=search", "url2": "http://www.jyowaen.com/" }, "geometry": { "type": "Point", "coordinates": [ 131.442431899999974, 33.1961205 ] } },
{ "type": "Feature", "properties": { "内容": "わかば介護保険サービスセンター【居宅介護支援】大分県由布市挾間町向原１２１２番地２", "url": "https://www.kaigokensaku.mhlw.go.jp/44/index.php?action_kouhyou_detail_004_kani=true&JigyosyoCd=4472300054-00&ServiceCd=430&Type=search", "url2": "http://care-net.biz/44/wakabaen/" }, "geometry": { "type": "Point", "coordinates": [ 131.502917600000046, 33.196465900000021 ] } },
{ "type": "Feature", "properties": { "内容": "湯布院居宅介護支援事業白心荘【居宅介護支援】大分県由布市湯布院町川北１３５４番地１３", "url": "https://www.kaigokensaku.mhlw.go.jp/44/index.php?action_kouhyou_detail_004_kani=true&JigyosyoCd=4472300021-00&ServiceCd=430&Type=search", "url2": "http://hakushinsou.com/" }, "geometry": { "type": "Point", "coordinates": [ 131.335398400000031, 33.2595206 ] } },
{ "type": "Feature", "properties": { "内容": "シルバーケア総合センターぬくみケアプラン事業部【居宅介護支援】大分県由布市湯布院町川北１９６４番地", "url": "https://www.kaigokensaku.mhlw.go.jp/44/index.php?action_kouhyou_detail_004_kani=true&JigyosyoCd=4472300039-00&ServiceCd=430&Type=search", "url2": "http://www.nukumien.or.jp" }, "geometry": { "type": "Point", "coordinates": [ 131.336745800000017, 33.2485103 ] } },
{ "type": "Feature", "properties": { "内容": "介護保険ｻｰﾋﾞｽｾﾝﾀｰ豊友館【居宅介護支援】大分県由布市挟間町鬼崎４番地１６", "url": "https://www.kaigokensaku.mhlw.go.jp/44/index.php?action_kouhyou_detail_004_kani=true&JigyosyoCd=4472300153-00&ServiceCd=430&Type=search", "url2": "https://www.hojukai-oita.jp" }, "geometry": { "type": "Point", "coordinates": [ 131.52686, 33.1945502 ] } },
{ "type": "Feature", "properties": { "内容": "由布市社会福祉協議会居宅介護支援事業所【居宅介護支援】大分県由布市庄内町３６５番地１", "url": "https://www.kaigokensaku.mhlw.go.jp/44/index.php?action_kouhyou_detail_004_kani=true&JigyosyoCd=4472300138-00&ServiceCd=430&Type=search", "url2": null }, "geometry": { "type": "Point", "coordinates": [ 131.5167275, 33.1956803 ] } },
{ "type": "Feature", "properties": { "内容": "介護サポートセンターせきじょうあん【居宅介護支援】大分県由布市挾間町来鉢６１番地", "url": "https://www.kaigokensaku.mhlw.go.jp/44/index.php?action_kouhyou_detail_004_kani=true&JigyosyoCd=4471300519-00&ServiceCd=430&Type=search", "url2": "https://sekijyonakayosi.wixsite.com/community-space-an" }, "geometry": { "type": "Point", "coordinates": [ 131.522431545755012, 33.222540065929884 ] } },
{ "type": "Feature", "properties": { "内容": "介護保険サービスセンター虹【居宅介護支援】大分県由布市湯布院町川北1006番地1", "url": "https://www.kaigokensaku.mhlw.go.jp/44/index.php?action_kouhyou_detail_004_kani=true&JigyosyoCd=4472300815-00&ServiceCd=430&Type=search", "url2": null }, "geometry": { "type": "Point", "coordinates": [ 131.344297500000039, 33.2611787 ] } },
{ "type": "Feature", "properties": { "内容": "指定居宅介護支援事業所「にじ」【居宅介護支援】大分県国東市国東町富来浦2304番地3", "url": "https://www.kaigokensaku.mhlw.go.jp/44/index.php?action_kouhyou_detail_004_kani=true&JigyosyoCd=4471400111-00&ServiceCd=430&Type=search", "url2": null }, "geometry": { "type": "Point", "coordinates": [ 131.7151341, 33.5985875 ] } },
{ "type": "Feature", "properties": { "内容": "福永ケアプランサービス【居宅介護支援】大分県国東市国東町鶴川１０６番地", "url": "https://www.kaigokensaku.mhlw.go.jp/44/index.php?action_kouhyou_detail_004_kani=true&JigyosyoCd=4472100041-00&ServiceCd=430&Type=search", "url2": null }, "geometry": { "type": "Point", "coordinates": [ 131.733245899999929, 33.5627025 ] } },
{ "type": "Feature", "properties": { "内容": "有）そうご　そうご在宅介護支援事業所【居宅介護支援】大分県国東市国東町安国寺804番地２", "url": "https://www.kaigokensaku.mhlw.go.jp/44/index.php?action_kouhyou_detail_004_kani=true&JigyosyoCd=4472100017-00&ServiceCd=430&Type=search", "url2": null }, "geometry": { "type": "Point", "coordinates": [ 131.730946, 33.5641717 ] } },
{ "type": "Feature", "properties": { "内容": "ケアプランやえなでしこ【居宅介護支援】大分県国東市武蔵町糸原１２３５番地１", "url": "https://www.kaigokensaku.mhlw.go.jp/44/index.php?action_kouhyou_detail_004_kani=true&JigyosyoCd=4471400236-00&ServiceCd=430&Type=search", "url2": null }, "geometry": { "type": "Point", "coordinates": [ 131.720290500000033, 33.4934185 ] } },
{ "type": "Feature", "properties": { "内容": "医療法人鶴玲会　亀寿苑介護保険センター【居宅介護支援】大分県国東市国東町田深６６５－１", "url": "https://www.kaigokensaku.mhlw.go.jp/44/index.php?action_kouhyou_detail_004_kani=true&JigyosyoCd=4472100033-00&ServiceCd=430&Type=search", "url2": null }, "geometry": { "type": "Point", "coordinates": [ 131.7290071, 33.5681269 ] } },
{ "type": "Feature", "properties": { "内容": "はるかぜ介護保険サービスセンター【居宅介護支援】大分県国東市国見町大熊毛字花開１８２番地はるかぜ醫院", "url": "https://www.kaigokensaku.mhlw.go.jp/44/index.php?action_kouhyou_detail_004_kani=true&JigyosyoCd=4472100421-00&ServiceCd=430&Type=search", "url2": "harukaze-med.jp" }, "geometry": { "type": "Point", "coordinates": [ 131.666120500000034, 33.656255 ] } },
{ "type": "Feature", "properties": { "内容": "指定居宅介護支援事業所ウェルハウスしらさぎ【居宅介護支援】大分県国東市安岐町瀬戸田1035番地9", "url": "https://www.kaigokensaku.mhlw.go.jp/44/index.php?action_kouhyou_detail_004_kani=true&JigyosyoCd=4472100066-00&ServiceCd=430&Type=search", "url2": "https://roken-shirasagi.com/" }, "geometry": { "type": "Point", "coordinates": [ 131.684871, 33.4730443 ] } },
{ "type": "Feature", "properties": { "内容": "介護保険支援センター大樹【居宅介護支援】大分県国東市国見町伊美2641番地1", "url": "https://www.kaigokensaku.mhlw.go.jp/44/index.php?action_kouhyou_detail_004_kani=true&JigyosyoCd=4472100074-00&ServiceCd=430&Type=search", "url2": "http://www.horita.or.jp" }, "geometry": { "type": "Point", "coordinates": [ 131.5983268, 33.6846962 ] } },
{ "type": "Feature", "properties": { "内容": "ケアプランサービス　ひなた【居宅介護支援】大分県国東市国東町富来浦1233番地", "url": "https://www.kaigokensaku.mhlw.go.jp/44/index.php?action_kouhyou_detail_004_kani=true&JigyosyoCd=4471400368-00&ServiceCd=430&Type=search", "url2": "http://hp.kaipoke.biz>zxp" }, "geometry": { "type": "Point", "coordinates": [ 131.721775900000011, 33.5929567 ] } },
{ "type": "Feature", "properties": { "内容": "居宅介護保険センターくにさき【居宅介護支援】大分県国東市安岐町下原1456番地", "url": "https://www.kaigokensaku.mhlw.go.jp/44/index.php?action_kouhyou_detail_004_kani=true&JigyosyoCd=4472100108-00&ServiceCd=430&Type=search", "url2": "http://www.kunisaki-hp.jp/site/hospital/ns-homen.html" }, "geometry": { "type": "Point", "coordinates": [ 131.72018262380368, 33.468456201216242 ] } },
{ "type": "Feature", "properties": { "内容": "指定居宅介護支援事業所　鈴鳴荘【居宅介護支援】大分県国東市安岐町下山口58番地", "url": "https://www.kaigokensaku.mhlw.go.jp/44/index.php?action_kouhyou_detail_004_kani=true&JigyosyoCd=4472100116-00&ServiceCd=430&Type=search", "url2": "http://www.akinosato.com/" }, "geometry": { "type": "Point", "coordinates": [ 131.691195900000025, 33.4607761 ] } },
{ "type": "Feature", "properties": { "内容": "くにさきケアセンターなのはな　居宅介護支援事業所【居宅介護支援】大分県国東市国東町浜崎2757番地5", "url": "https://www.kaigokensaku.mhlw.go.jp/44/index.php?action_kouhyou_detail_004_kani=true&JigyosyoCd=4472100132-00&ServiceCd=430&Type=search", "url2": null }, "geometry": { "type": "Point", "coordinates": [ 131.71980689999998, 33.5024343 ] } },
{ "type": "Feature", "properties": { "内容": "ＪＡおおいた国東福祉サービスセンター【居宅介護支援】大分県国東市国東町鶴川56番地1", "url": "https://www.kaigokensaku.mhlw.go.jp/44/index.php?action_kouhyou_detail_004_kani=true&JigyosyoCd=4471400079-00&ServiceCd=430&Type=search", "url2": null }, "geometry": { "type": "Point", "coordinates": [ 131.734398599999963, 33.5637691 ] } },
{ "type": "Feature", "properties": { "内容": "国東中央福祉センター　居宅介護支援事業所【居宅介護支援】大分県国東市国東町北江３２４５－４", "url": "https://www.kaigokensaku.mhlw.go.jp/44/index.php?action_kouhyou_detail_004_kani=true&JigyosyoCd=4472100520-00&ServiceCd=430&Type=search", "url2": null }, "geometry": { "type": "Point", "coordinates": [ 131.7230535, 33.5880305 ] } },
{ "type": "Feature", "properties": { "内容": "はなみずきケアプランサービス【居宅介護支援】大分県国東市武蔵町古市148番地", "url": "https://www.kaigokensaku.mhlw.go.jp/44/index.php?action_kouhyou_detail_004_kani=true&JigyosyoCd=4471400277-00&ServiceCd=430&Type=search", "url2": "http://www.kouyou-kai.or.jp/hanamizuki/" }, "geometry": { "type": "Point", "coordinates": [ 131.726631600000019, 33.5021651 ] } },
{ "type": "Feature", "properties": { "内容": "姫島村高齢者生活福祉センター姫寿苑【居宅介護支援】大分県東国東郡姫島村１５６２番地", "url": "https://www.kaigokensaku.mhlw.go.jp/44/index.php?action_kouhyou_detail_004_kani=true&JigyosyoCd=4472100157-00&ServiceCd=430&Type=search", "url2": null }, "geometry": { "type": "Point", "coordinates": [ 131.64663567263031, 33.724024305886765 ] } },
{ "type": "Feature", "properties": { "内容": "姫島村居宅介護支援事業所【居宅介護支援】大分県東国東郡姫島村1560番地の1", "url": "https://www.kaigokensaku.mhlw.go.jp/44/index.php?action_kouhyou_detail_004_kani=true&JigyosyoCd=4472100561-00&ServiceCd=430&Type=search", "url2": null }, "geometry": { "type": "Point", "coordinates": [ 131.645804187835694, 33.7244080113393 ] } },
{ "type": "Feature", "properties": { "内容": "ジュエル藤原ケアプランセンター【居宅介護支援】大分県速見郡日出町大字藤原930番地1", "url": "https://www.kaigokensaku.mhlw.go.jp/44/index.php?action_kouhyou_detail_004_kani=true&JigyosyoCd=4472200668-00&ServiceCd=430&Type=search", "url2": null }, "geometry": { "type": "Point", "coordinates": [ 131.5500538, 33.3898111 ] } },
{ "type": "Feature", "properties": { "内容": "ライフホームまないかいごほけんさーびすせんたー【居宅介護支援】大分県速見郡日出町真那井1871番地", "url": "https://www.kaigokensaku.mhlw.go.jp/44/index.php?action_kouhyou_detail_004_kani=true&JigyosyoCd=4472200460-00&ServiceCd=430&Type=search", "url2": null }, "geometry": { "type": "Point", "coordinates": [ 131.598549600000069, 33.3725024 ] } },
{ "type": "Feature", "properties": { "内容": "居宅介護支援事業所　ぷらすわん【居宅介護支援】大分県速見郡日出町豊岡6069-22", "url": "https://www.kaigokensaku.mhlw.go.jp/44/index.php?action_kouhyou_detail_004_kani=true&JigyosyoCd=4472200320-00&ServiceCd=430&Type=search", "url2": "http://www.scnws.jp/" }, "geometry": { "type": "Point", "coordinates": [ 131.515316200000029, 33.3731029 ] } },
{ "type": "Feature", "properties": { "内容": "ケアプランセンター暘谷苑・堀【居宅介護支援】大分県速見郡日出町3878-13ブルームビル2階", "url": "https://www.kaigokensaku.mhlw.go.jp/44/index.php?action_kouhyou_detail_004_kani=true&JigyosyoCd=4472200601-00&ServiceCd=430&Type=search", "url2": "http://www.youkoku.or.jp" }, "geometry": { "type": "Point", "coordinates": [ 131.5350555, 33.374641 ] } },
{ "type": "Feature", "properties": { "内容": "ひじ介護支援ステーション【居宅介護支援】大分県速見郡日出町大字川崎８３７番地の1", "url": "https://www.kaigokensaku.mhlw.go.jp/44/index.php?action_kouhyou_detail_004_kani=true&JigyosyoCd=4472200056-00&ServiceCd=430&Type=search", "url2": null }, "geometry": { "type": "Point", "coordinates": [ 131.54378040000006, 33.3678188 ] } },
{ "type": "Feature", "properties": { "内容": "介護支援サービスセンターすずらん【居宅介護支援】大分県速見郡日出町３９０４－６", "url": "https://www.kaigokensaku.mhlw.go.jp/44/index.php?action_kouhyou_detail_004_kani=true&JigyosyoCd=4472200023-00&ServiceCd=430&Type=search", "url2": "http://www.suzuki-hp.or.jp/" }, "geometry": { "type": "Point", "coordinates": [ 131.52852700325775, 33.373924232329649 ] } },
{ "type": "Feature", "properties": { "内容": "居宅介護支援ステーションつなぐ【居宅介護支援】大分県速見郡日出町豊岡1027番地９", "url": "https://www.kaigokensaku.mhlw.go.jp/44/index.php?action_kouhyou_detail_004_kani=true&JigyosyoCd=4472200825-00&ServiceCd=430&Type=search", "url2": "https://houmonkango-ayumi.jp" }, "geometry": { "type": "Point", "coordinates": [ 131.498086, 33.3591812 ] } },
{ "type": "Feature", "properties": { "内容": "ＬＯＮＧ　ＬＩＦＥ【居宅介護支援】大分県速見郡日出町３８８４番地２", "url": "https://www.kaigokensaku.mhlw.go.jp/44/index.php?action_kouhyou_detail_004_kani=true&JigyosyoCd=4472200791-00&ServiceCd=430&Type=search", "url2": null }, "geometry": { "type": "Point", "coordinates": [ 131.533054422811404, 33.373713185162799 ] } },
{ "type": "Feature", "properties": { "内容": "日出町社会福祉協議会　指定居宅介護支援事業所【居宅介護支援】大分県速見郡日出町2277番地１", "url": "https://www.kaigokensaku.mhlw.go.jp/44/index.php?action_kouhyou_detail_004_kani=true&JigyosyoCd=4472200064-00&ServiceCd=430&Type=search", "url2": "http://www.hiji.syakyo.Jp" }, "geometry": { "type": "Point", "coordinates": [ 131.541505049273724, 33.380186469951894 ] } },
{ "type": "Feature", "properties": { "内容": "ケアプランセンター暘谷苑【居宅介護支援】大分県速見郡日出町大字藤原５７０８番地の３", "url": "https://www.kaigokensaku.mhlw.go.jp/44/index.php?action_kouhyou_detail_004_kani=true&JigyosyoCd=4472200049-00&ServiceCd=430&Type=search", "url2": "http://www.youkoku.or.jp" }, "geometry": { "type": "Point", "coordinates": [ 131.552683600000023, 33.3964216 ] } },
{ "type": "Feature", "properties": { "内容": "有限会社　うの福祉サービス【居宅介護支援】大分県速見郡日出町2512番地1", "url": "https://www.kaigokensaku.mhlw.go.jp/44/index.php?action_kouhyou_detail_004_kani=true&JigyosyoCd=4472200635-00&ServiceCd=430&Type=search", "url2": "http://unofu94.com" }, "geometry": { "type": "Point", "coordinates": [ 131.526465451605645, 33.369291419775642 ] } },
{ "type": "Feature", "properties": { "内容": "指定居宅介護支援事業所　サンライズ・ビュー【居宅介護支援】大分県速見郡日出町１８２７番地１", "url": "https://www.kaigokensaku.mhlw.go.jp/44/index.php?action_kouhyou_detail_004_kani=true&JigyosyoCd=4472200015-00&ServiceCd=430&Type=search", "url2": "http://www.heiseikai.com/" }, "geometry": { "type": "Point", "coordinates": [ 131.532557200000042, 33.3694171 ] } },
{ "type": "Feature", "properties": { "内容": "けあぷらんすてーしょん・みさと【居宅介護支援】大分県玖珠郡九重町大字野上4047番地の１", "url": "https://www.kaigokensaku.mhlw.go.jp/44/index.php?action_kouhyou_detail_004_kani=true&JigyosyoCd=4472800483-00&ServiceCd=430&Type=search", "url2": null }, "geometry": { "type": "Point", "coordinates": [ 131.254370900000026, 33.2423464 ] } },
{ "type": "Feature", "properties": { "内容": "介護保険サービスセンターともだち村【居宅介護支援】大分県玖珠郡九重町大字右田926番地2", "url": "https://www.kaigokensaku.mhlw.go.jp/44/index.php?action_kouhyou_detail_004_kani=true&JigyosyoCd=4472800285-00&ServiceCd=430&Type=search", "url2": null }, "geometry": { "type": "Point", "coordinates": [ 131.205281844288606, 33.232181276586346 ] } },
{ "type": "Feature", "properties": { "内容": "明友サービスセンター【居宅介護支援】大分県玖珠郡九重町菅原739番地の219", "url": "https://www.kaigokensaku.mhlw.go.jp/44/index.php?action_kouhyou_detail_004_kani=true&JigyosyoCd=4472800624-00&ServiceCd=430&Type=search", "url2": "meiyu.sev@gmail.com" }, "geometry": { "type": "Point", "coordinates": [ 131.127066, 33.1821458 ] } },
{ "type": "Feature", "properties": { "内容": "介護保険サービスセンター渓和【居宅介護支援】大分県玖珠郡九重町大字町田5481番地の３", "url": "https://www.kaigokensaku.mhlw.go.jp/44/index.php?action_kouhyou_detail_004_kani=true&JigyosyoCd=4472800178-00&ServiceCd=430&Type=search", "url2": null }, "geometry": { "type": "Point", "coordinates": [ 131.18357519999995, 33.2306876 ] } },
{ "type": "Feature", "properties": { "内容": "九重町社会福祉協議会　介護保険サービスセンター【居宅介護支援】大分県玖珠郡九重町大字後野上１７番地の１", "url": "https://www.kaigokensaku.mhlw.go.jp/44/index.php?action_kouhyou_detail_004_kani=true&JigyosyoCd=4472800046-00&ServiceCd=430&Type=search", "url2": "http:/www.oct-net.ne.jp/~smile9/kaigo.html" }, "geometry": { "type": "Point", "coordinates": [ 131.190491699999939, 33.2278241 ] } },
{ "type": "Feature", "properties": { "内容": "介護保険サービスセンターメルヘン【居宅介護支援】大分県玖珠郡九重町大字右田3156番地の7", "url": "https://www.kaigokensaku.mhlw.go.jp/44/index.php?action_kouhyou_detail_004_kani=true&JigyosyoCd=4472800012-00&ServiceCd=430&Type=search", "url2": "http://www.daijyukai-meruhen.com" }, "geometry": { "type": "Point", "coordinates": [ 131.174532799999952, 33.252202300000015 ] } },
{ "type": "Feature", "properties": { "内容": "介護保険サービスセンター森栄館【居宅介護支援】大分県玖珠郡玖珠町大字森690番地の3介護保険サービスセンター森栄館", "url": "https://www.kaigokensaku.mhlw.go.jp/44/index.php?action_kouhyou_detail_004_kani=true&JigyosyoCd=4472800590-00&ServiceCd=430&Type=search", "url2": null }, "geometry": { "type": "Point", "coordinates": [ 131.159653899999967, 33.299092 ] } },
{ "type": "Feature", "properties": { "内容": "ケアセンターきりかぶ【居宅介護支援】大分県玖珠郡玖珠町大字塚脇678番地10", "url": "https://www.kaigokensaku.mhlw.go.jp/44/index.php?action_kouhyou_detail_004_kani=true&JigyosyoCd=4472800673-00&ServiceCd=430&Type=search", "url2": null }, "geometry": { "type": "Point", "coordinates": [ 131.161260800000036, 33.2729139 ] } },
{ "type": "Feature", "properties": { "内容": "高田病院居宅介護支援事業所【居宅介護支援】大分県玖珠郡玖珠町大字塚脇678番地の１０サービス付き高齢者向け住宅　きりかぶ", "url": "https://www.kaigokensaku.mhlw.go.jp/44/index.php?action_kouhyou_detail_004_kani=true&JigyosyoCd=4472800731-00&ServiceCd=430&Type=search", "url2": null }, "geometry": { "type": "Point", "coordinates": [ 131.161323957151637, 33.272714477078154 ] } },
{ "type": "Feature", "properties": { "内容": "玖珠郡医師会立老人保健施設はね　居宅介護支援事業所【居宅介護支援】大分県玖珠郡玖珠町大字山田2696", "url": "https://www.kaigokensaku.mhlw.go.jp/44/index.php?action_kouhyou_detail_004_kani=true&JigyosyoCd=4452880018-00&ServiceCd=430&Type=search", "url2": "ｈａｎｅ＠ｆａｔ.ｃｏａｒａ.ｏｒ.ｊｐ" }, "geometry": { "type": "Point", "coordinates": [ 131.130062100000032, 33.2790735 ] } },
{ "type": "Feature", "properties": { "内容": "介護保険サービスセンター　ウォーク【居宅介護支援】大分県玖珠郡玖珠町大字塚脇113番地の13", "url": "https://www.kaigokensaku.mhlw.go.jp/44/index.php?action_kouhyou_detail_004_kani=true&JigyosyoCd=4472800434-00&ServiceCd=430&Type=search", "url2": "website2.infomity.net/8310120/" }, "geometry": { "type": "Point", "coordinates": [ 131.149813377759301, 33.278946636335434 ] } },
{ "type": "Feature", "properties": { "内容": "居宅介護支援センターれざんの木【居宅介護支援】大分県玖珠郡玖珠町大字綾垣1086-1", "url": "https://www.kaigokensaku.mhlw.go.jp/44/index.php?action_kouhyou_detail_004_kani=true&JigyosyoCd=4472800509-00&ServiceCd=430&Type=search", "url2": null }, "geometry": { "type": "Point", "coordinates": [ 131.13327, 33.2918863 ] } },
{ "type": "Feature", "properties": { "内容": "介護保険サービスセンター玖珠園【居宅介護支援】大分県玖珠郡玖珠町大字大隈325番地", "url": "https://www.kaigokensaku.mhlw.go.jp/44/index.php?action_kouhyou_detail_004_kani=true&JigyosyoCd=4472800053-00&ServiceCd=430&Type=search", "url2": "http://www.kusuen.or.jp" }, "geometry": { "type": "Point", "coordinates": [ 131.166860400000019, 33.2704004 ] } },
{ "type": "Feature", "properties": { "内容": "玖珠町介護保険サービスセンター【居宅介護支援】大分県玖珠郡玖珠町大字岩室24番地の１玖珠町老人福祉センター", "url": "https://www.kaigokensaku.mhlw.go.jp/44/index.php?action_kouhyou_detail_004_kani=true&JigyosyoCd=4472800020-00&ServiceCd=430&Type=search", "url2": "htttp://www.kusushakyo.or.jp" }, "geometry": { "type": "Point", "coordinates": [ 131.159763200000043, 33.2825213 ] } }
]
}
