{
"type": "FeatureCollection",
"name": "geo_44_2",
"crs": { "type": "name", "properties": { "name": "urn:ogc:def:crs:OGC:1.3:CRS84" } },
"features": [
{ "type": "Feature", "properties": { "ID": 4421016700000, "正式名称": "明野耳鼻咽喉科医院", "機関区分": 2, "都道府県コード": 44, "市区町村コード": 201, "所在地": "大分県大分市明野東　２丁目３３の１４", "緯度": 33.221856, "経度": 131.65931, "url": "https://www.iryou.teikyouseido.mhlw.go.jp/znk-web/juminkanja/S2430/initialize?prefCd=44&kikanCd=1016700000&kikanKbn=2", "url2": null, "内容": "明野耳鼻咽喉科医院【2:診療所】【診療科目:耳鼻いんこう科】大分県大分市明野東　２丁目３３の１４" }, "geometry": { "type": "Point", "coordinates": [ 131.65931, 33.221856 ] } },
{ "type": "Feature", "properties": { "ID": 4421016800000, "正式名称": "あけのメディカルクリニック", "機関区分": 2, "都道府県コード": 44, "市区町村コード": 201, "所在地": "大分県大分市横尾", "緯度": 33.217166, "経度": 131.649256, "url": "https://www.iryou.teikyouseido.mhlw.go.jp/znk-web/juminkanja/S2430/initialize?prefCd=44&kikanCd=1016800000&kikanKbn=2", "url2": "https://akenomedical.com/", "内容": "あけのメディカルクリニック【2:診療所】【診療科目:内科_呼吸器内科_循環器内科_精神科】大分県大分市横尾" }, "geometry": { "type": "Point", "coordinates": [ 131.649256, 33.217166 ] } },
{ "type": "Feature", "properties": { "ID": 4421016900000, "正式名称": "医療法人　一淑会　麻生整形外科クリニック", "機関区分": 2, "都道府県コード": 44, "市区町村コード": 201, "所在地": "大分県大分市新春日町２－３－１３", "緯度": 33.232399, "経度": 131.590863, "url": "https://www.iryou.teikyouseido.mhlw.go.jp/znk-web/juminkanja/S2430/initialize?prefCd=44&kikanCd=1016900000&kikanKbn=2", "url2": "https://aso-seikei.com/", "内容": "医療法人　一淑会　麻生整形外科クリニック【2:診療所】【診療科目:整形外科_形成外科_リハビリテーション科】大分県大分市新春日町２－３－１３" }, "geometry": { "type": "Point", "coordinates": [ 131.590863, 33.232399 ] } },
{ "type": "Feature", "properties": { "ID": 4421017100000, "正式名称": "安達産婦人科", "機関区分": 2, "都道府県コード": 44, "市区町村コード": 201, "所在地": "大分県大分市宮崎", "緯度": 33.197923, "経度": 131.605734, "url": "https://www.iryou.teikyouseido.mhlw.go.jp/znk-web/juminkanja/S2430/initialize?prefCd=44&kikanCd=1017100000&kikanKbn=2", "url2": "http://www.adachi-sosei.com/", "内容": "安達産婦人科【2:診療所】【診療科目:産婦人科】大分県大分市宮崎" }, "geometry": { "type": "Point", "coordinates": [ 131.605734, 33.197923 ] } },
{ "type": "Feature", "properties": { "ID": 4421017300000, "正式名称": "阿部眼科医院", "機関区分": 2, "都道府県コード": 44, "市区町村コード": 201, "所在地": "大分県大分市王子南町２－３４", "緯度": 33.240177, "経度": 131.593724, "url": "https://www.iryou.teikyouseido.mhlw.go.jp/znk-web/juminkanja/S2430/initialize?prefCd=44&kikanCd=1017300000&kikanKbn=2", "url2": "https://abeganka.jp/", "内容": "阿部眼科医院【2:診療所】【診療科目:眼科】大分県大分市王子南町２－３４" }, "geometry": { "type": "Point", "coordinates": [ 131.593724, 33.240177 ] } },
{ "type": "Feature", "properties": { "ID": 4421017400000, "正式名称": "安部クリニック", "機関区分": 2, "都道府県コード": 44, "市区町村コード": 201, "所在地": "大分県大分市三ケ田町３丁目３番２８号", "緯度": 33.214351, "経度": 131.589661, "url": "https://www.iryou.teikyouseido.mhlw.go.jp/znk-web/juminkanja/S2430/initialize?prefCd=44&kikanCd=1017400000&kikanKbn=2", "url2": null, "内容": "安部クリニック【2:診療所】【診療科目:内科_循環器内科_小児科_アレルギー科】大分県大分市三ケ田町３丁目３番２８号" }, "geometry": { "type": "Point", "coordinates": [ 131.589661, 33.214351 ] } },
{ "type": "Feature", "properties": { "ID": 4421017500000, "正式名称": "大分あべハートクリニック　内科・循環器科・リハビリテーション科", "機関区分": 2, "都道府県コード": 44, "市区町村コード": 201, "所在地": "大分県大分市萩原３丁目２２ー２８", "緯度": 33.244606, "経度": 131.645547, "url": "https://www.iryou.teikyouseido.mhlw.go.jp/znk-web/juminkanja/S2430/initialize?prefCd=44&kikanCd=1017500000&kikanKbn=2", "url2": "https://www.dr-abe.com/", "内容": "大分あべハートクリニック　内科・循環器科・リハビリテーション科【2:診療所】【診療科目:内科_循環器内科_リハビリテーション科】大分県大分市萩原３丁目２２ー２８" }, "geometry": { "type": "Point", "coordinates": [ 131.645547, 33.244606 ] } },
{ "type": "Feature", "properties": { "ID": 4421017600000, "正式名称": "アリナガ美容外科・歯科", "機関区分": 2, "都道府県コード": 44, "市区町村コード": 201, "所在地": "大分県大分市中央町２－８－１０　ヴィアレテッツォビル　２Ｆ", "緯度": 33.238227, "経度": 131.605609, "url": "https://www.iryou.teikyouseido.mhlw.go.jp/znk-web/juminkanja/S2430/initialize?prefCd=44&kikanCd=1017600000&kikanKbn=2", "url2": "http://www.ari-biyo.com", "内容": "アリナガ美容外科・歯科【2:診療所】【診療科目:外科_形成外科_美容外科_皮膚科_麻酔科】大分県大分市中央町２－８－１０　ヴィアレテッツォビル　２Ｆ" }, "geometry": { "type": "Point", "coordinates": [ 131.605609, 33.238227 ] } },
{ "type": "Feature", "properties": { "ID": 4421017800000, "正式名称": "アンジェリッククリニック浦田", "機関区分": 2, "都道府県コード": 44, "市区町村コード": 201, "所在地": "大分県大分市花津留", "緯度": 33.243833, "経度": 131.633349, "url": "https://www.iryou.teikyouseido.mhlw.go.jp/znk-web/juminkanja/S2430/initialize?prefCd=44&kikanCd=1017800000&kikanKbn=2", "url2": "http://www.angelicurata.jp", "内容": "アンジェリッククリニック浦田【2:診療所】【診療科目:産婦人科】大分県大分市花津留" }, "geometry": { "type": "Point", "coordinates": [ 131.633349, 33.243833 ] } },
{ "type": "Feature", "properties": { "ID": 4421017900000, "正式名称": "あんどう糖尿病内科クリニック", "機関区分": 2, "都道府県コード": 44, "市区町村コード": 201, "所在地": "大分県大分市高松１－４－４", "緯度": 33.244984, "経度": 131.655293, "url": "https://www.iryou.teikyouseido.mhlw.go.jp/znk-web/juminkanja/S2430/initialize?prefCd=44&kikanCd=1017900000&kikanKbn=2", "url2": "https://ando-tounyou.com/", "内容": "あんどう糖尿病内科クリニック【2:診療所】【診療科目:内科_糖尿病内科】大分県大分市高松１－４－４" }, "geometry": { "type": "Point", "coordinates": [ 131.655293, 33.244984 ] } },
{ "type": "Feature", "properties": { "ID": 4421018300000, "正式名称": "池永小児科", "機関区分": 2, "都道府県コード": 44, "市区町村コード": 201, "所在地": "大分県大分市中央町３丁目３番３号", "緯度": 33.237299, "経度": 131.604103, "url": "https://www.iryou.teikyouseido.mhlw.go.jp/znk-web/juminkanja/S2430/initialize?prefCd=44&kikanCd=1018300000&kikanKbn=2", "url2": "https://www.ikenaga-shonika.jp/", "内容": "池永小児科【2:診療所】【診療科目:小児科】大分県大分市中央町３丁目３番３号" }, "geometry": { "type": "Point", "coordinates": [ 131.604103, 33.237299 ] } },
{ "type": "Feature", "properties": { "ID": 4421018400000, "正式名称": "ペインクリニック内科　いけべ医院", "機関区分": 2, "都道府県コード": 44, "市区町村コード": 201, "所在地": "大分県大分市羽屋３丁目４番８号", "緯度": 33.21521, "経度": 131.604173, "url": "https://www.iryou.teikyouseido.mhlw.go.jp/znk-web/juminkanja/S2430/initialize?prefCd=44&kikanCd=1018400000&kikanKbn=2", "url2": "http://www5f.biglobe.ne.jp/~ikebe-iin/", "内容": "ペインクリニック内科　いけべ医院【2:診療所】【診療科目:内科_呼吸器内科_循環器内科_ペインクリニック内科_リハビリテーション科_麻酔科】大分県大分市羽屋３丁目４番８号" }, "geometry": { "type": "Point", "coordinates": [ 131.604173, 33.21521 ] } },
{ "type": "Feature", "properties": { "ID": 4421018800000, "正式名称": "石和こどもクリニック", "機関区分": 2, "都道府県コード": 44, "市区町村コード": 201, "所在地": "大分県大分市羽屋１丁目５番７号", "緯度": 33.241628, "経度": 131.737996, "url": "https://www.iryou.teikyouseido.mhlw.go.jp/znk-web/juminkanja/S2430/initialize?prefCd=44&kikanCd=1018800000&kikanKbn=2", "url2": "ishiwa-cl.com", "内容": "石和こどもクリニック【2:診療所】【診療科目:小児科】大分県大分市羽屋１丁目５番７号" }, "geometry": { "type": "Point", "coordinates": [ 131.737996, 33.241628 ] } },
{ "type": "Feature", "properties": { "ID": 4421019100000, "正式名称": "一番ケ瀬内科医院", "機関区分": 2, "都道府県コード": 44, "市区町村コード": 201, "所在地": "大分県大分市大道町６－９", "緯度": 33.225702, "経度": 131.594764, "url": "https://www.iryou.teikyouseido.mhlw.go.jp/znk-web/juminkanja/S2430/initialize?prefCd=44&kikanCd=1019100000&kikanKbn=2", "url2": null, "内容": "一番ケ瀬内科医院【2:診療所】【診療科目:内科_アレルギー科_リウマチ科_リハビリテーション科】大分県大分市大道町６－９" }, "geometry": { "type": "Point", "coordinates": [ 131.594764, 33.225702 ] } },
{ "type": "Feature", "properties": { "ID": 4421019200000, "正式名称": "医療法人　伊東Ｋクリニック", "機関区分": 2, "都道府県コード": 44, "市区町村コード": 201, "所在地": "大分県大分市大字三芳クス神２１８８番地の１", "緯度": 33.225669, "経度": 131.589951, "url": "https://www.iryou.teikyouseido.mhlw.go.jp/znk-web/juminkanja/S2430/initialize?prefCd=44&kikanCd=1019200000&kikanKbn=2", "url2": "http://www7a.biglobe.ne.jp/^ito-k-clinic/sub3.htm/", "内容": "医療法人　伊東Ｋクリニック【2:診療所】【診療科目:内科_呼吸器内科_胃腸内科_放射線科】大分県大分市大字三芳クス神２１８８番地の１" }, "geometry": { "type": "Point", "coordinates": [ 131.589951, 33.225669 ] } },
{ "type": "Feature", "properties": { "ID": 4421019400000, "正式名称": "伊藤内科医院", "機関区分": 2, "都道府県コード": 44, "市区町村コード": 201, "所在地": "大分県大分市大石町４−１−２", "緯度": 33.211727, "経度": 131.583295, "url": "https://www.iryou.teikyouseido.mhlw.go.jp/znk-web/juminkanja/S2430/initialize?prefCd=44&kikanCd=1019400000&kikanKbn=2", "url2": "http://ito-naika.net/", "内容": "伊藤内科医院【2:診療所】【診療科目:内科_感染症内科_小児科】大分県大分市大石町４−１−２" }, "geometry": { "type": "Point", "coordinates": [ 131.583295, 33.211727 ] } },
{ "type": "Feature", "properties": { "ID": 4421019600000, "正式名称": "伊東レディースクリニック", "機関区分": 2, "都道府県コード": 44, "市区町村コード": 201, "所在地": "大分県大分市大字森６６０番地の１", "緯度": 33.222115, "経度": 131.680167, "url": "https://www.iryou.teikyouseido.mhlw.go.jp/znk-web/juminkanja/S2430/initialize?prefCd=44&kikanCd=1019600000&kikanKbn=2", "url2": "http://ito-ladies.jp", "内容": "伊東レディースクリニック【2:診療所】【診療科目:産婦人科】大分県大分市大字森６６０番地の１" }, "geometry": { "type": "Point", "coordinates": [ 131.680167, 33.222115 ] } },
{ "type": "Feature", "properties": { "ID": 4421019700000, "正式名称": "井上循環器科内科クリニック", "機関区分": 2, "都道府県コード": 44, "市区町村コード": 201, "所在地": "大分県大分市高松", "緯度": 33.24678, "経度": 131.66104, "url": "https://www.iryou.teikyouseido.mhlw.go.jp/znk-web/juminkanja/S2430/initialize?prefCd=44&kikanCd=1019700000&kikanKbn=2", "url2": null, "内容": "井上循環器科内科クリニック【2:診療所】【診療科目:内科_循環器内科】大分県大分市高松" }, "geometry": { "type": "Point", "coordinates": [ 131.66104, 33.24678 ] } },
{ "type": "Feature", "properties": { "ID": 4421019900000, "正式名称": "井野辺府内クリニック", "機関区分": 2, "都道府県コード": 44, "市区町村コード": 201, "所在地": "大分県大分市府内町１丁目３番２３号", "緯度": 33.235216, "経度": 131.610019, "url": "https://www.iryou.teikyouseido.mhlw.go.jp/znk-web/juminkanja/S2430/initialize?prefCd=44&kikanCd=1019900000&kikanKbn=2", "url2": "http://www.inobe.or.jp/", "内容": "井野辺府内クリニック【2:診療所】【診療科目:内科_呼吸器内科_循環器内科_消化器内科_神経内科_リハビリテーション科】大分県大分市府内町１丁目３番２３号" }, "geometry": { "type": "Point", "coordinates": [ 131.610019, 33.235216 ] } },
{ "type": "Feature", "properties": { "ID": 4421020000000, "正式名称": "医療法人　三栄会　三宅胃腸科内科クリニック", "機関区分": 2, "都道府県コード": 44, "市区町村コード": 201, "所在地": "大分県大分市久原中央２－２－２２", "緯度": 33.23609, "経度": 131.760173, "url": "https://www.iryou.teikyouseido.mhlw.go.jp/znk-web/juminkanja/S2430/initialize?prefCd=44&kikanCd=1020000000&kikanKbn=2", "url2": null, "内容": "医療法人　三栄会　三宅胃腸科内科クリニック【2:診療所】【診療科目:内科_呼吸器内科_循環器内科_胃腸内科_小児科_アレルギー科_リハビリテーション科】大分県大分市久原中央２－２－２２" }, "geometry": { "type": "Point", "coordinates": [ 131.760173, 33.23609 ] } },
{ "type": "Feature", "properties": { "ID": 4421020100000, "正式名称": "医療法人　松寿堂　西の台医院", "機関区分": 2, "都道府県コード": 44, "市区町村コード": 201, "所在地": "大分県大分市三芳１９５５番地", "緯度": 33.226384, "経度": 131.588874, "url": "https://www.iryou.teikyouseido.mhlw.go.jp/znk-web/juminkanja/S2430/initialize?prefCd=44&kikanCd=1020100000&kikanKbn=2", "url2": null, "内容": "医療法人　松寿堂　西の台医院【2:診療所】【診療科目:内科_循環器内科_消化器内科_小児科_リハビリテーション科】大分県大分市三芳１９５５番地" }, "geometry": { "type": "Point", "coordinates": [ 131.588874, 33.226384 ] } },
{ "type": "Feature", "properties": { "ID": 4421020200000, "正式名称": "辛島内科・消化器内科", "機関区分": 2, "都道府県コード": 44, "市区町村コード": 201, "所在地": "大分県大分市賀来新川二丁目１番１５号", "緯度": 33.212734, "経度": 131.573903, "url": "https://www.iryou.teikyouseido.mhlw.go.jp/znk-web/juminkanja/S2430/initialize?prefCd=44&kikanCd=1020200000&kikanKbn=2", "url2": "http://www.clinic-kaku-oita.com/pc/index.html", "内容": "辛島内科・消化器内科【2:診療所】【診療科目:内科_呼吸器内科_消化器内科_リハビリテーション科】大分県大分市賀来新川二丁目１番１５号" }, "geometry": { "type": "Point", "coordinates": [ 131.573903, 33.212734 ] } },
{ "type": "Feature", "properties": { "ID": 4421020300000, "正式名称": "医療法人　仁真会　真央クリニック", "機関区分": 2, "都道府県コード": 44, "市区町村コード": 201, "所在地": "大分県大分市小池原１１６７番地１", "緯度": 33.241326, "経度": 131.661065, "url": "https://www.iryou.teikyouseido.mhlw.go.jp/znk-web/juminkanja/S2430/initialize?prefCd=44&kikanCd=1020300000&kikanKbn=2", "url2": "http://www.shin-ou.jp/", "内容": "医療法人　仁真会　真央クリニック【2:診療所】【診療科目:内科_脳神経外科_整形外科_精神科_リハビリテーション科】大分県大分市小池原１１６７番地１" }, "geometry": { "type": "Point", "coordinates": [ 131.661065, 33.241326 ] } },
{ "type": "Feature", "properties": { "ID": 4421020400000, "正式名称": "社会医療法人　関愛会　こうざきクリニック", "機関区分": 2, "都道府県コード": 44, "市区町村コード": 201, "所在地": "大分県大分市本神崎２５１－８", "緯度": 33.233276, "経度": 131.79564, "url": "https://www.iryou.teikyouseido.mhlw.go.jp/znk-web/juminkanja/S2430/initialize?prefCd=44&kikanCd=1020400000&kikanKbn=2", "url2": "https://www.sekiaikai.jp/contact/kouzaki-clinic/", "内容": "社会医療法人　関愛会　こうざきクリニック【2:診療所】【診療科目:内科】大分県大分市本神崎２５１－８" }, "geometry": { "type": "Point", "coordinates": [ 131.79564, 33.233276 ] } },
{ "type": "Feature", "properties": { "ID": 4421020600000, "正式名称": "医療法人社団　愛育会　曽根崎産婦人科医院", "機関区分": 2, "都道府県コード": 44, "市区町村コード": 201, "所在地": "大分県大分市二又町一丁目２番７号", "緯度": 33.215804, "経度": 131.594627, "url": "https://www.iryou.teikyouseido.mhlw.go.jp/znk-web/juminkanja/S2430/initialize?prefCd=44&kikanCd=1020600000&kikanKbn=2", "url2": "http://sonezaki-clinic.com", "内容": "医療法人社団　愛育会　曽根崎産婦人科医院【2:診療所】【診療科目:産科_婦人科】大分県大分市二又町一丁目２番７号" }, "geometry": { "type": "Point", "coordinates": [ 131.594627, 33.215804 ] } },
{ "type": "Feature", "properties": { "ID": 4421020700000, "正式名称": "岩永こどもクリニック", "機関区分": 2, "都道府県コード": 44, "市区町村コード": 201, "所在地": "大分県大分市賀来南", "緯度": 33.211503, "経度": 131.560821, "url": "https://www.iryou.teikyouseido.mhlw.go.jp/znk-web/juminkanja/S2430/initialize?prefCd=44&kikanCd=1020700000&kikanKbn=2", "url2": "http://www.oitagunshi-ishikai.jp/iryokikan/iwanaga.htm", "内容": "岩永こどもクリニック【2:診療所】【診療科目:小児科】大分県大分市賀来南" }, "geometry": { "type": "Point", "coordinates": [ 131.560821, 33.211503 ] } },
{ "type": "Feature", "properties": { "ID": 4421020800000, "正式名称": "富士見が丘さくらクリニック", "機関区分": 2, "都道府県コード": 44, "市区町村コード": 201, "所在地": "大分県大分市富士見が丘東５丁目１０番１２号", "緯度": 33.181642, "経度": 131.543802, "url": "https://www.iryou.teikyouseido.mhlw.go.jp/znk-web/juminkanja/S2430/initialize?prefCd=44&kikanCd=1020800000&kikanKbn=2", "url2": "https://sakura-fujimigaoka.clinic/", "内容": "富士見が丘さくらクリニック【2:診療所】【診療科目:内科_循環器内科_消化器内科_神経内科】大分県大分市富士見が丘東５丁目１０番１２号" }, "geometry": { "type": "Point", "coordinates": [ 131.543802, 33.181642 ] } },
{ "type": "Feature", "properties": { "ID": 4421020900000, "正式名称": "うえお乳腺外科", "機関区分": 2, "都道府県コード": 44, "市区町村コード": 201, "所在地": "大分県大分市二又町１−３−５", "緯度": 33.215533, "経度": 131.59544, "url": "https://www.iryou.teikyouseido.mhlw.go.jp/znk-web/juminkanja/S2430/initialize?prefCd=44&kikanCd=1020900000&kikanKbn=2", "url2": "http://www.oita-mamma.jp/index.html", "内容": "うえお乳腺外科【2:診療所】【診療科目:乳腺外科】大分県大分市二又町１−３−５" }, "geometry": { "type": "Point", "coordinates": [ 131.59544, 33.215533 ] } },
{ "type": "Feature", "properties": { "ID": 4421021300000, "正式名称": "上野醫院", "機関区分": 2, "都道府県コード": 44, "市区町村コード": 201, "所在地": "大分県大分市田中町三丁目２番１４号", "緯度": 33.211452, "経度": 131.595024, "url": "https://www.iryou.teikyouseido.mhlw.go.jp/znk-web/juminkanja/S2430/initialize?prefCd=44&kikanCd=1021300000&kikanKbn=2", "url2": "https://oitauenoclinic.amebaownd.com/", "内容": "上野醫院【2:診療所】【診療科目:内科_消化器内科_外科_整形外科】大分県大分市田中町三丁目２番１４号" }, "geometry": { "type": "Point", "coordinates": [ 131.595024, 33.211452 ] } },
{ "type": "Feature", "properties": { "ID": 4421021600000, "正式名称": "内林皮フ科医院", "機関区分": 2, "都道府県コード": 44, "市区町村コード": 201, "所在地": "大分県大分市城崎町１丁目５番２６号", "緯度": 33.239894, "経度": 131.615535, "url": "https://www.iryou.teikyouseido.mhlw.go.jp/znk-web/juminkanja/S2430/initialize?prefCd=44&kikanCd=1021600000&kikanKbn=2", "url2": null, "内容": "内林皮フ科医院【2:診療所】【診療科目:皮膚科】大分県大分市城崎町１丁目５番２６号" }, "geometry": { "type": "Point", "coordinates": [ 131.615535, 33.239894 ] } },
{ "type": "Feature", "properties": { "ID": 4421021800000, "正式名称": "宇野内科医院", "機関区分": 2, "都道府県コード": 44, "市区町村コード": 201, "所在地": "大分県大分市萩原", "緯度": 33.243515, "経度": 131.640662, "url": "https://www.iryou.teikyouseido.mhlw.go.jp/znk-web/juminkanja/S2430/initialize?prefCd=44&kikanCd=1021800000&kikanKbn=2", "url2": "http://www.unonaika.net/", "内容": "宇野内科医院【2:診療所】【診療科目:内科_糖尿病内科_内分泌内科_呼吸器内科_循環器内科_胃腸内科】大分県大分市萩原" }, "geometry": { "type": "Point", "coordinates": [ 131.640662, 33.243515 ] } },
{ "type": "Feature", "properties": { "ID": 4421022000000, "正式名称": "えもと内科クリニック", "機関区分": 2, "都道府県コード": 44, "市区町村コード": 201, "所在地": "大分県大分市府内町２－５－３７", "緯度": 33.236472, "経度": 131.6109, "url": "https://www.iryou.teikyouseido.mhlw.go.jp/znk-web/juminkanja/S2430/initialize?prefCd=44&kikanCd=1022000000&kikanKbn=2", "url2": "http://www.emoto-naika-clinic.com/", "内容": "えもと内科クリニック【2:診療所】【診療科目:内科_呼吸器内科_循環器内科_消化器内科】大分県大分市府内町２－５－３７" }, "geometry": { "type": "Point", "coordinates": [ 131.6109, 33.236472 ] } },
{ "type": "Feature", "properties": { "ID": 4421022900000, "正式名称": "おおいた健診センター（大分市小児夜間急患センター）", "機関区分": 2, "都道府県コード": 44, "市区町村コード": 201, "所在地": "大分県大分市宮崎１４１５番地", "緯度": 33.194624, "経度": 131.610081, "url": "https://www.iryou.teikyouseido.mhlw.go.jp/znk-web/juminkanja/S2430/initialize?prefCd=44&kikanCd=1022900000&kikanKbn=2", "url2": "http://www.oita-h-cuc.jp", "内容": "おおいた健診センター（大分市小児夜間急患センター）【2:診療所】【診療科目:小児科】大分県大分市宮崎１４１５番地" }, "geometry": { "type": "Point", "coordinates": [ 131.610081, 33.194624 ] } },
{ "type": "Feature", "properties": { "ID": 4421023000000, "正式名称": "大分こども療育センター", "機関区分": 2, "都道府県コード": 44, "市区町村コード": 201, "所在地": "大分県大分市片島２９９６－１", "緯度": 33.206143, "経度": 131.634235, "url": "https://www.iryou.teikyouseido.mhlw.go.jp/znk-web/juminkanja/S2430/initialize?prefCd=44&kikanCd=1023000000&kikanKbn=2", "url2": "https://www.oita-kodomo.net", "内容": "大分こども療育センター【2:診療所】【診療科目:小児科_児童精神科_歯科】大分県大分市片島２９９６－１" }, "geometry": { "type": "Point", "coordinates": [ 131.634235, 33.206143 ] } },
{ "type": "Feature", "properties": { "ID": 4421023200000, "正式名称": "大分内科腎クリニック", "機関区分": 2, "都道府県コード": 44, "市区町村コード": 201, "所在地": "大分県大分市顕徳町３－１－５", "緯度": 33.231817, "経度": 131.616257, "url": "https://www.iryou.teikyouseido.mhlw.go.jp/znk-web/juminkanja/S2430/initialize?prefCd=44&kikanCd=1023200000&kikanKbn=2", "url2": "http://oitanaika-jinclinic.jp/", "内容": "大分内科腎クリニック【2:診療所】【診療科目:内科_糖尿病内科_腎臓内科_人工透析内科】大分県大分市顕徳町３－１－５" }, "geometry": { "type": "Point", "coordinates": [ 131.616257, 33.231817 ] } },
{ "type": "Feature", "properties": { "ID": 4421023300000, "正式名称": "大分皮膚科", "機関区分": 2, "都道府県コード": 44, "市区町村コード": 201, "所在地": "大分県大分市高砂町２番５０号", "緯度": 33.238149, "経度": 131.602242, "url": "https://www.iryou.teikyouseido.mhlw.go.jp/znk-web/juminkanja/S2430/initialize?prefCd=44&kikanCd=1023300000&kikanKbn=2", "url2": "https://hifuka.org", "内容": "大分皮膚科【2:診療所】【診療科目:皮膚科_美容皮膚科】大分県大分市高砂町２番５０号" }, "geometry": { "type": "Point", "coordinates": [ 131.602242, 33.238149 ] } },
{ "type": "Feature", "properties": { "ID": 4421023400000, "正式名称": "大分みぞぐち眼科", "機関区分": 2, "都道府県コード": 44, "市区町村コード": 201, "所在地": "大分県大分市中央町２丁目３番１９号大津ビル２階", "緯度": 33.235871, "経度": 131.606366, "url": "https://www.iryou.teikyouseido.mhlw.go.jp/znk-web/juminkanja/S2430/initialize?prefCd=44&kikanCd=1023400000&kikanKbn=2", "url2": null, "内容": "大分みぞぐち眼科【2:診療所】【診療科目:眼科_麻酔科】大分県大分市中央町２丁目３番１９号大津ビル２階" }, "geometry": { "type": "Point", "coordinates": [ 131.606366, 33.235871 ] } },
{ "type": "Feature", "properties": { "ID": 4421023500000, "正式名称": "大分療育クリニック", "機関区分": 2, "都道府県コード": 44, "市区町村コード": 201, "所在地": "大分県大分市大字国分字六重原５６７番地３", "緯度": 33.195209, "経度": 131.549778, "url": "https://www.iryou.teikyouseido.mhlw.go.jp/znk-web/juminkanja/S2430/initialize?prefCd=44&kikanCd=1023500000&kikanKbn=2", "url2": "http://beppu-hattatsu.jp/", "内容": "大分療育クリニック【2:診療所】【診療科目:小児科_児童精神科_精神科_歯科_歯科口腔外科_リハビリテーション科】大分県大分市大字国分字六重原５６７番地３" }, "geometry": { "type": "Point", "coordinates": [ 131.549778, 33.195209 ] } },
{ "type": "Feature", "properties": { "ID": 4421023800000, "正式名称": "大川産婦人科・高砂", "機関区分": 2, "都道府県コード": 44, "市区町村コード": 201, "所在地": "大分県大分市高砂町１番５号", "緯度": 33.23753, "経度": 131.601845, "url": "https://www.iryou.teikyouseido.mhlw.go.jp/znk-web/juminkanja/S2430/initialize?prefCd=44&kikanCd=1023800000&kikanKbn=2", "url2": "https://okawa-obgyn.com", "内容": "大川産婦人科・高砂【2:診療所】【診療科目:産婦人科_産婦人科（生殖医療）】大分県大分市高砂町１番５号" }, "geometry": { "type": "Point", "coordinates": [ 131.601845, 33.23753 ] } },
{ "type": "Feature", "properties": { "ID": 4421023900000, "正式名称": "大川小児科・高砂", "機関区分": 2, "都道府県コード": 44, "市区町村コード": 201, "所在地": "大分県大分市高砂町１番５号", "緯度": 33.237508, "経度": 131.601851, "url": "https://www.iryou.teikyouseido.mhlw.go.jp/znk-web/juminkanja/S2430/initialize?prefCd=44&kikanCd=1023900000&kikanKbn=2", "url2": "https://okawa-obgyn.com/syounika/", "内容": "大川小児科・高砂【2:診療所】【診療科目:小児科_小児外科】大分県大分市高砂町１番５号" }, "geometry": { "type": "Point", "coordinates": [ 131.601851, 33.237508 ] } },
{ "type": "Feature", "properties": { "ID": 4421024100000, "正式名称": "大在こどもクリニック", "機関区分": 2, "都道府県コード": 44, "市区町村コード": 201, "所在地": "大分県大分市横田１丁目１３番１７号", "緯度": 33.249049, "経度": 131.721176, "url": "https://www.iryou.teikyouseido.mhlw.go.jp/znk-web/juminkanja/S2430/initialize?prefCd=44&kikanCd=1024100000&kikanKbn=2", "url2": "https://ozaikodomo.com/", "内容": "大在こどもクリニック【2:診療所】【診療科目:小児科】大分県大分市横田１丁目１３番１７号" }, "geometry": { "type": "Point", "coordinates": [ 131.721176, 33.249049 ] } },
{ "type": "Feature", "properties": { "ID": 4421024200000, "正式名称": "大在耳鼻科内科医院", "機関区分": 2, "都道府県コード": 44, "市区町村コード": 201, "所在地": "大分県大分市汐見２丁目１番１号", "緯度": 33.244955, "経度": 131.731286, "url": "https://www.iryou.teikyouseido.mhlw.go.jp/znk-web/juminkanja/S2430/initialize?prefCd=44&kikanCd=1024200000&kikanKbn=2", "url2": "http://www.ohzai-jibinaika.com", "内容": "大在耳鼻科内科医院【2:診療所】【診療科目:耳鼻いんこう科_アレルギー科】大分県大分市汐見２丁目１番１号" }, "geometry": { "type": "Point", "coordinates": [ 131.731286, 33.244955 ] } },
{ "type": "Feature", "properties": { "ID": 4421024300000, "正式名称": "社会医療法人帰巖会　大嶋医院", "機関区分": 2, "都道府県コード": 44, "市区町村コード": 201, "所在地": "大分県大分市竹中２６６６番地", "緯度": 33.133167, "経度": 131.653987, "url": "https://www.iryou.teikyouseido.mhlw.go.jp/znk-web/juminkanja/S2430/initialize?prefCd=44&kikanCd=1024300000&kikanKbn=2", "url2": null, "内容": "社会医療法人帰巖会　大嶋医院【2:診療所】【診療科目:内科_胃腸内科_外科_整形外科_リハビリテーション科_麻酔科】大分県大分市竹中２６６６番地" }, "geometry": { "type": "Point", "coordinates": [ 131.653987, 33.133167 ] } },
{ "type": "Feature", "properties": { "ID": 4421024400000, "正式名称": "大塚眼科医院", "機関区分": 2, "都道府県コード": 44, "市区町村コード": 201, "所在地": "大分県大分市田中町三丁目１２番６９号", "緯度": 33.20856, "経度": 131.591269, "url": "https://www.iryou.teikyouseido.mhlw.go.jp/znk-web/juminkanja/S2430/initialize?prefCd=44&kikanCd=1024400000&kikanKbn=2", "url2": "http://www.otsuka-eyeclinic.jp/", "内容": "大塚眼科医院【2:診療所】【診療科目:眼科】大分県大分市田中町三丁目１２番６９号" }, "geometry": { "type": "Point", "coordinates": [ 131.591269, 33.20856 ] } },
{ "type": "Feature", "properties": { "ID": 4421024500000, "正式名称": "おおつかクリニック", "機関区分": 2, "都道府県コード": 44, "市区町村コード": 201, "所在地": "大分県大分市住吉町１－２－１６", "緯度": 33.245638, "経度": 131.60517, "url": "https://www.iryou.teikyouseido.mhlw.go.jp/znk-web/juminkanja/S2430/initialize?prefCd=44&kikanCd=1024500000&kikanKbn=2", "url2": "http://www.otsuka-mc.jp/", "内容": "おおつかクリニック【2:診療所】【診療科目:内科_外科_形成外科_皮膚科_リハビリテーション科】大分県大分市住吉町１－２－１６" }, "geometry": { "type": "Point", "coordinates": [ 131.60517, 33.245638 ] } },
{ "type": "Feature", "properties": { "ID": 4421024700000, "正式名称": "大塚内科リウマチ科クリニック", "機関区分": 2, "都道府県コード": 44, "市区町村コード": 201, "所在地": "大分県大分市玉沢７０３－１", "緯度": 33.186406, "経度": 131.580278, "url": "https://www.iryou.teikyouseido.mhlw.go.jp/znk-web/juminkanja/S2430/initialize?prefCd=44&kikanCd=1024700000&kikanKbn=2", "url2": null, "内容": "大塚内科リウマチ科クリニック【2:診療所】【診療科目:内科_リウマチ科】大分県大分市玉沢７０３－１" }, "geometry": { "type": "Point", "coordinates": [ 131.580278, 33.186406 ] } },
{ "type": "Feature", "properties": { "ID": 4421024900000, "正式名称": "おおの皮ふ科・小児外科", "機関区分": 2, "都道府県コード": 44, "市区町村コード": 201, "所在地": "大分県大分市賀来北３－１－１１", "緯度": 33.212295, "経度": 131.563767, "url": "https://www.iryou.teikyouseido.mhlw.go.jp/znk-web/juminkanja/S2430/initialize?prefCd=44&kikanCd=1024900000&kikanKbn=2", "url2": null, "内容": "おおの皮ふ科・小児外科【2:診療所】【診療科目:小児外科_皮膚科】大分県大分市賀来北３－１－１１" }, "geometry": { "type": "Point", "coordinates": [ 131.563767, 33.212295 ] } },
{ "type": "Feature", "properties": { "ID": 4421025100000, "正式名称": "医療法人　大場整形外科", "機関区分": 2, "都道府県コード": 44, "市区町村コード": 201, "所在地": "大分県大分市明野北１丁目１番１１号", "緯度": 33.225852, "経度": 131.653288, "url": "https://www.iryou.teikyouseido.mhlw.go.jp/znk-web/juminkanja/S2430/initialize?prefCd=44&kikanCd=1025100000&kikanKbn=2", "url2": "http://www.ohba-clinic.jp/", "内容": "医療法人　大場整形外科【2:診療所】【診療科目:整形外科_リハビリテーション科】大分県大分市明野北１丁目１番１１号" }, "geometry": { "type": "Point", "coordinates": [ 131.653288, 33.225852 ] } },
{ "type": "Feature", "properties": { "ID": 4421025200000, "正式名称": "おかだ眼科", "機関区分": 2, "都道府県コード": 44, "市区町村コード": 201, "所在地": "大分県大分市今津留３丁目４番３０号", "緯度": 33.241655, "経度": 131.628123, "url": "https://www.iryou.teikyouseido.mhlw.go.jp/znk-web/juminkanja/S2430/initialize?prefCd=44&kikanCd=1025200000&kikanKbn=2", "url2": null, "内容": "おかだ眼科【2:診療所】【診療科目:眼科】大分県大分市今津留３丁目４番３０号" }, "geometry": { "type": "Point", "coordinates": [ 131.628123, 33.241655 ] } },
{ "type": "Feature", "properties": { "ID": 4421025300000, "正式名称": "医療法人　緒方クリニック", "機関区分": 2, "都道府県コード": 44, "市区町村コード": 201, "所在地": "大分県大分市賀来北　１丁目１８－５", "緯度": 33.214978, "経度": 131.570418, "url": "https://www.iryou.teikyouseido.mhlw.go.jp/znk-web/juminkanja/S2430/initialize?prefCd=44&kikanCd=1025300000&kikanKbn=2", "url2": "http://ogataclinic.com", "内容": "医療法人　緒方クリニック【2:診療所】【診療科目:呼吸器内科_循環器内科_ペインクリニック内科_麻酔科】大分県大分市賀来北　１丁目１８－５" }, "geometry": { "type": "Point", "coordinates": [ 131.570418, 33.214978 ] } },
{ "type": "Feature", "properties": { "ID": 4421025500000, "正式名称": "わさだかかりつけ医院泌尿器科クリニック", "機関区分": 2, "都道府県コード": 44, "市区町村コード": 201, "所在地": "大分県大分市大字口戸５９", "緯度": 33.183609, "経度": 131.568607, "url": "https://www.iryou.teikyouseido.mhlw.go.jp/znk-web/juminkanja/S2430/initialize?prefCd=44&kikanCd=1025500000&kikanKbn=2", "url2": "http://www.oct-net.ne.jp/ogatauro/", "内容": "わさだかかりつけ医院泌尿器科クリニック【2:診療所】【診療科目:腎臓内科_皮膚科_皮膚泌尿器科_泌尿器科_男性泌尿器科_腎臓・泌尿器科_泌尿器皮膚_男性不妊外来】大分県大分市大字口戸５９" }, "geometry": { "type": "Point", "coordinates": [ 131.568607, 33.183609 ] } },
{ "type": "Feature", "properties": { "ID": 4421025700000, "正式名称": "すずかけ岡本クリニック", "機関区分": 2, "都道府県コード": 44, "市区町村コード": 201, "所在地": "大分県大分市千代町２ー３ー４５", "緯度": 33.243385, "経度": 131.606175, "url": "https://www.iryou.teikyouseido.mhlw.go.jp/znk-web/juminkanja/S2430/initialize?prefCd=44&kikanCd=1025700000&kikanKbn=2", "url2": "http://okamoto-iclinic.wix.com/suzukakeok", "内容": "すずかけ岡本クリニック【2:診療所】【診療科目:内科_糖尿病内科】大分県大分市千代町２ー３ー４５" }, "geometry": { "type": "Point", "coordinates": [ 131.606175, 33.243385 ] } },
{ "type": "Feature", "properties": { "ID": 4421026000000, "正式名称": "医療法人　岡本皮ふ科クリニック", "機関区分": 2, "都道府県コード": 44, "市区町村コード": 201, "所在地": "大分県大分市大在中央２丁目６番３号", "緯度": 33.243197, "経度": 131.72248, "url": "https://www.iryou.teikyouseido.mhlw.go.jp/znk-web/juminkanja/S2430/initialize?prefCd=44&kikanCd=1026000000&kikanKbn=2", "url2": "http://www.citydo.com/sp/097-528-9245", "内容": "医療法人　岡本皮ふ科クリニック【2:診療所】【診療科目:皮膚科】大分県大分市大在中央２丁目６番３号" }, "geometry": { "type": "Point", "coordinates": [ 131.72248, 33.243197 ] } },
{ "type": "Feature", "properties": { "ID": 4421026100000, "正式名称": "小串整形外科", "機関区分": 2, "都道府県コード": 44, "市区町村コード": 201, "所在地": "大分県大分市牧１－２－１４", "緯度": 33.240259, "経度": 131.636089, "url": "https://www.iryou.teikyouseido.mhlw.go.jp/znk-web/juminkanja/S2430/initialize?prefCd=44&kikanCd=1026100000&kikanKbn=2", "url2": null, "内容": "小串整形外科【2:診療所】【診療科目:整形外科】大分県大分市牧１－２－１４" }, "geometry": { "type": "Point", "coordinates": [ 131.636089, 33.240259 ] } },
{ "type": "Feature", "properties": { "ID": 4421026200000, "正式名称": "お元気でクリニックこれいし", "機関区分": 2, "都道府県コード": 44, "市区町村コード": 201, "所在地": "大分県大分市田中町２丁目１７番１号", "緯度": 33.208824, "経度": 131.589608, "url": "https://www.iryou.teikyouseido.mhlw.go.jp/znk-web/juminkanja/S2430/initialize?prefCd=44&kikanCd=1026200000&kikanKbn=2", "url2": "https://website2.infomity.net/8312142", "内容": "お元気でクリニックこれいし【2:診療所】【診療科目:内科_アレルギー科_リハビリテーション科】大分県大分市田中町２丁目１７番１号" }, "geometry": { "type": "Point", "coordinates": [ 131.589608, 33.208824 ] } },
{ "type": "Feature", "properties": { "ID": 4421026400000, "正式名称": "おの英伸クリニック", "機関区分": 2, "都道府県コード": 44, "市区町村コード": 201, "所在地": "大分県大分市王子南町８番２３号　Ｍ＆Ｍ王子南１０２", "緯度": 33.241451, "経度": 131.591964, "url": "https://www.iryou.teikyouseido.mhlw.go.jp/znk-web/juminkanja/S2430/initialize?prefCd=44&kikanCd=1026400000&kikanKbn=2", "url2": null, "内容": "おの英伸クリニック【2:診療所】【診療科目:内科_代謝内科_糖尿病・代謝内科_消化器内科_胃腸内科_内視鏡内科_肛門外科】大分県大分市王子南町８番２３号　Ｍ＆Ｍ王子南１０２" }, "geometry": { "type": "Point", "coordinates": [ 131.591964, 33.241451 ] } },
{ "type": "Feature", "properties": { "ID": 4421026500000, "正式名称": "織部消化器科", "機関区分": 2, "都道府県コード": 44, "市区町村コード": 201, "所在地": "大分県大分市森３８６番地", "緯度": 33.215723, "経度": 131.680691, "url": "https://www.iryou.teikyouseido.mhlw.go.jp/znk-web/juminkanja/S2430/initialize?prefCd=44&kikanCd=1026500000&kikanKbn=2", "url2": "https://oribe-shokaki.sakura.ne.jp/", "内容": "織部消化器科【2:診療所】【診療科目:内科_消化器内科_外科】大分県大分市森３８６番地" }, "geometry": { "type": "Point", "coordinates": [ 131.680691, 33.215723 ] } },
{ "type": "Feature", "properties": { "ID": 4421026600000, "正式名称": "織部内科クリニック", "機関区分": 2, "都道府県コード": 44, "市区町村コード": 201, "所在地": "大分県大分市大手町２－１－１５", "緯度": 33.236853, "経度": 131.612633, "url": "https://www.iryou.teikyouseido.mhlw.go.jp/znk-web/juminkanja/S2430/initialize?prefCd=44&kikanCd=1026600000&kikanKbn=2", "url2": null, "内容": "織部内科クリニック【2:診療所】【診療科目:内科_糖尿病内科_糖尿病・内分泌内科_循環器内科_消化器内科_漢方内科】大分県大分市大手町２－１－１５" }, "geometry": { "type": "Point", "coordinates": [ 131.612633, 33.236853 ] } },
{ "type": "Feature", "properties": { "ID": 4421026700000, "正式名称": "前島リウマチ内科クリニック", "機関区分": 2, "都道府県コード": 44, "市区町村コード": 201, "所在地": "大分県大分市東大道", "緯度": 33.231647, "経度": 131.603356, "url": "https://www.iryou.teikyouseido.mhlw.go.jp/znk-web/juminkanja/S2430/initialize?prefCd=44&kikanCd=1026700000&kikanKbn=2", "url2": "https://maeshima-rc.com/", "内容": "前島リウマチ内科クリニック【2:診療所】【診療科目:内科_リウマチ科】大分県大分市東大道" }, "geometry": { "type": "Point", "coordinates": [ 131.603356, 33.231647 ] } },
{ "type": "Feature", "properties": { "ID": 4421026800000, "正式名称": "尾渡眼科医院", "機関区分": 2, "都道府県コード": 44, "市区町村コード": 201, "所在地": "大分県大分市千代町", "緯度": 33.242438, "経度": 131.604999, "url": "https://www.iryou.teikyouseido.mhlw.go.jp/znk-web/juminkanja/S2430/initialize?prefCd=44&kikanCd=1026800000&kikanKbn=2", "url2": null, "内容": "尾渡眼科医院【2:診療所】【診療科目:眼科】大分県大分市千代町" }, "geometry": { "type": "Point", "coordinates": [ 131.604999, 33.242438 ] } },
{ "type": "Feature", "properties": { "ID": 4421027300000, "正式名称": "蔭山眼科", "機関区分": 2, "都道府県コード": 44, "市区町村コード": 201, "所在地": "大分県大分市南鶴崎２－２－２４", "緯度": 33.239883, "経度": 131.690782, "url": "https://www.iryou.teikyouseido.mhlw.go.jp/znk-web/juminkanja/S2430/initialize?prefCd=44&kikanCd=1027300000&kikanKbn=2", "url2": "http://eyecontact0001.s2.weblife.me/", "内容": "蔭山眼科【2:診療所】【診療科目:眼科】大分県大分市南鶴崎２－２－２４" }, "geometry": { "type": "Point", "coordinates": [ 131.690782, 33.239883 ] } },
{ "type": "Feature", "properties": { "ID": 4421027400000, "正式名称": "鹿子嶋医院", "機関区分": 2, "都道府県コード": 44, "市区町村コード": 201, "所在地": "大分県大分市碩田町", "緯度": 33.246652, "経度": 131.614094, "url": "https://www.iryou.teikyouseido.mhlw.go.jp/znk-web/juminkanja/S2430/initialize?prefCd=44&kikanCd=1027400000&kikanKbn=2", "url2": null, "内容": "鹿子嶋医院【2:診療所】【診療科目:内科_消化器内科_胃腸内科_老年内科】大分県大分市碩田町" }, "geometry": { "type": "Point", "coordinates": [ 131.614094, 33.246652 ] } },
{ "type": "Feature", "properties": { "ID": 4421027600000, "正式名称": "かさぎ泌尿器科医院", "機関区分": 2, "都道府県コード": 44, "市区町村コード": 201, "所在地": "大分県大分市中戸次４８４０－３", "緯度": 33.140803, "経度": 131.658525, "url": "https://www.iryou.teikyouseido.mhlw.go.jp/znk-web/juminkanja/S2430/initialize?prefCd=44&kikanCd=1027600000&kikanKbn=2", "url2": "http://www.kasagi-hinyoukika.jp", "内容": "かさぎ泌尿器科医院【2:診療所】【診療科目:皮膚科_泌尿器科】大分県大分市中戸次４８４０－３" }, "geometry": { "type": "Point", "coordinates": [ 131.658525, 33.140803 ] } },
{ "type": "Feature", "properties": { "ID": 4421027700000, "正式名称": "医療法人展寿会　梶本医院", "機関区分": 2, "都道府県コード": 44, "市区町村コード": 201, "所在地": "大分県大分市ふじが丘南", "緯度": 33.187316, "経度": 131.607995, "url": "https://www.iryou.teikyouseido.mhlw.go.jp/znk-web/juminkanja/S2430/initialize?prefCd=44&kikanCd=1027700000&kikanKbn=2", "url2": null, "内容": "医療法人展寿会　梶本医院【2:診療所】【診療科目:内科_循環器内科_消化器内科】大分県大分市ふじが丘南" }, "geometry": { "type": "Point", "coordinates": [ 131.607995, 33.187316 ] } },
{ "type": "Feature", "properties": { "ID": 4421027800000, "正式名称": "春日皮膚科クリニック", "機関区分": 2, "都道府県コード": 44, "市区町村コード": 201, "所在地": "大分県大分市南春日町５番２１号", "緯度": 33.235369, "経度": 131.592735, "url": "https://www.iryou.teikyouseido.mhlw.go.jp/znk-web/juminkanja/S2430/initialize?prefCd=44&kikanCd=1027800000&kikanKbn=2", "url2": "https://www.kasuga-hifuka.com", "内容": "春日皮膚科クリニック【2:診療所】【診療科目:皮膚科】大分県大分市南春日町５番２１号" }, "geometry": { "type": "Point", "coordinates": [ 131.592735, 33.235369 ] } },
{ "type": "Feature", "properties": { "ID": 4421027900000, "正式名称": "かつた内科・内視鏡クリニック", "機関区分": 2, "都道府県コード": 44, "市区町村コード": 201, "所在地": "大分県大分市毛井２４５－１", "緯度": 33.188965, "経度": 131.671307, "url": "https://www.iryou.teikyouseido.mhlw.go.jp/znk-web/juminkanja/S2430/initialize?prefCd=44&kikanCd=1027900000&kikanKbn=2", "url2": "http://www.katsuta-cl.com/", "内容": "かつた内科・内視鏡クリニック【2:診療所】【診療科目:内科_呼吸器内科_循環器内科_胃腸内科_内視鏡内科】大分県大分市毛井２４５－１" }, "geometry": { "type": "Point", "coordinates": [ 131.671307, 33.188965 ] } },
{ "type": "Feature", "properties": { "ID": 4421028100000, "正式名称": "医療法人かなや小児科", "機関区分": 2, "都道府県コード": 44, "市区町村コード": 201, "所在地": "大分県大分市下郡東１丁目４ー８", "緯度": 33.230714, "経度": 131.63663, "url": "https://www.iryou.teikyouseido.mhlw.go.jp/znk-web/juminkanja/S2430/initialize?prefCd=44&kikanCd=1028100000&kikanKbn=2", "url2": "http://www.kanaya-syonika.com/", "内容": "医療法人かなや小児科【2:診療所】【診療科目:小児科】大分県大分市下郡東１丁目４ー８" }, "geometry": { "type": "Point", "coordinates": [ 131.63663, 33.230714 ] } },
{ "type": "Feature", "properties": { "ID": 4421028400000, "正式名称": "かやしま内科", "機関区分": 2, "都道府県コード": 44, "市区町村コード": 201, "所在地": "大分県大分市古ケ鶴２丁目１番１号", "緯度": 33.237695, "経度": 131.630337, "url": "https://www.iryou.teikyouseido.mhlw.go.jp/znk-web/juminkanja/S2430/initialize?prefCd=44&kikanCd=1028400000&kikanKbn=2", "url2": "http://www.kayashima-naika.com", "内容": "かやしま内科【2:診療所】【診療科目:内科_糖尿病・内分泌内科_糖尿病・代謝内科_代謝・内分泌内科】大分県大分市古ケ鶴２丁目１番１号" }, "geometry": { "type": "Point", "coordinates": [ 131.630337, 33.237695 ] } },
{ "type": "Feature", "properties": { "ID": 4421028500000, "正式名称": "辛島内科クリニック", "機関区分": 2, "都道府県コード": 44, "市区町村コード": 201, "所在地": "大分県大分市千代町２丁目１番１号", "緯度": 33.242465, "経度": 131.60619, "url": "https://www.iryou.teikyouseido.mhlw.go.jp/znk-web/juminkanja/S2430/initialize?prefCd=44&kikanCd=1028500000&kikanKbn=2", "url2": null, "内容": "辛島内科クリニック【2:診療所】【診療科目:内科_呼吸器内科_循環器内科_消化器内科_胃腸内科_外科_肛門外科_小児科_放射線科】大分県大分市千代町２丁目１番１号" }, "geometry": { "type": "Point", "coordinates": [ 131.60619, 33.242465 ] } },
{ "type": "Feature", "properties": { "ID": 4421028600000, "正式名称": "河野泌尿器科医院", "機関区分": 2, "都道府県コード": 44, "市区町村コード": 201, "所在地": "大分県大分市賀来北", "緯度": 33.213098, "経度": 131.562714, "url": "https://www.iryou.teikyouseido.mhlw.go.jp/znk-web/juminkanja/S2430/initialize?prefCd=44&kikanCd=1028600000&kikanKbn=2", "url2": "https://oitagunshi-ishikai.jp/iryokikan/kawanohinyo.htm", "内容": "河野泌尿器科医院【2:診療所】【診療科目:内科_性感染症内科_腎臓内科_小児泌尿器科_皮膚科_泌尿器科_男性泌尿器科】大分県大分市賀来北" }, "geometry": { "type": "Point", "coordinates": [ 131.562714, 33.213098 ] } },
{ "type": "Feature", "properties": { "ID": 4421028800000, "正式名称": "医療法人社団　神崎循環器クリニック", "機関区分": 2, "都道府県コード": 44, "市区町村コード": 201, "所在地": "大分県大分市府内町３丁目７番３６号", "緯度": 33.237578, "経度": 131.61045, "url": "https://www.iryou.teikyouseido.mhlw.go.jp/znk-web/juminkanja/S2430/initialize?prefCd=44&kikanCd=1028800000&kikanKbn=2", "url2": "http://kanzaki-clinic.ne.jp/", "内容": "医療法人社団　神崎循環器クリニック【2:診療所】【診療科目:内科_循環器内科】大分県大分市府内町３丁目７番３６号" }, "geometry": { "type": "Point", "coordinates": [ 131.61045, 33.237578 ] } },
{ "type": "Feature", "properties": { "ID": 4421028900000, "正式名称": "医療法人　孟和会　岸眼科", "機関区分": 2, "都道府県コード": 44, "市区町村コード": 201, "所在地": "大分県大分市大在中央１丁目４番１０号", "緯度": 33.246958, "経度": 131.717699, "url": "https://www.iryou.teikyouseido.mhlw.go.jp/znk-web/juminkanja/S2430/initialize?prefCd=44&kikanCd=1028900000&kikanKbn=2", "url2": null, "内容": "医療法人　孟和会　岸眼科【2:診療所】【診療科目:眼科】大分県大分市大在中央１丁目４番１０号" }, "geometry": { "type": "Point", "coordinates": [ 131.717699, 33.246958 ] } },
{ "type": "Feature", "properties": { "ID": 4421029100000, "正式名称": "木村医院", "機関区分": 2, "都道府県コード": 44, "市区町村コード": 201, "所在地": "大分県大分市東春日町３－２２", "緯度": 33.239693, "経度": 131.599731, "url": "https://www.iryou.teikyouseido.mhlw.go.jp/znk-web/juminkanja/S2430/initialize?prefCd=44&kikanCd=1029100000&kikanKbn=2", "url2": null, "内容": "木村医院【2:診療所】【診療科目:内科_消化器内科_外科_肛門外科_リハビリテーション科】大分県大分市東春日町３－２２" }, "geometry": { "type": "Point", "coordinates": [ 131.599731, 33.239693 ] } },
{ "type": "Feature", "properties": { "ID": 4421029800000, "正式名称": "国東循環器クリニック", "機関区分": 2, "都道府県コード": 44, "市区町村コード": 201, "所在地": "大分県大分市上宗方４１７－６", "緯度": 33.19858, "経度": 131.582203, "url": "https://www.iryou.teikyouseido.mhlw.go.jp/znk-web/juminkanja/S2430/initialize?prefCd=44&kikanCd=1029800000&kikanKbn=2", "url2": "http://kunisaki-clinic.com", "内容": "国東循環器クリニック【2:診療所】【診療科目:内科_糖尿病内科_循環器内科_腎臓内科_人工透析内科】大分県大分市上宗方４１７－６" }, "geometry": { "type": "Point", "coordinates": [ 131.582203, 33.19858 ] } },
{ "type": "Feature", "properties": { "ID": 4421029900000, "正式名称": "医療法人顕寿会　国東整形外科医院", "機関区分": 2, "都道府県コード": 44, "市区町村コード": 201, "所在地": "大分県大分市上宗方", "緯度": 33.195999, "経度": 131.579754, "url": "https://www.iryou.teikyouseido.mhlw.go.jp/znk-web/juminkanja/S2430/initialize?prefCd=44&kikanCd=1029900000&kikanKbn=2", "url2": "https://www.kunisakiseikei.com/", "内容": "医療法人顕寿会　国東整形外科医院【2:診療所】【診療科目:整形外科_リウマチ科_リハビリテーション科】大分県大分市上宗方" }, "geometry": { "type": "Point", "coordinates": [ 131.579754, 33.195999 ] } },
{ "type": "Feature", "properties": { "ID": 4421030000000, "正式名称": "くぼた高江クリニック", "機関区分": 2, "都道府県コード": 44, "市区町村コード": 201, "所在地": "大分県大分市高江南３－１－１", "緯度": 33.163846, "経度": 131.614237, "url": "https://www.iryou.teikyouseido.mhlw.go.jp/znk-web/juminkanja/S2430/initialize?prefCd=44&kikanCd=1030000000&kikanKbn=2", "url2": "https://www.kubotatc.com", "内容": "くぼた高江クリニック【2:診療所】【診療科目:内科_呼吸器内科_循環器内科_消化器内科】大分県大分市高江南３－１－１" }, "geometry": { "type": "Point", "coordinates": [ 131.614237, 33.163846 ] } },
{ "type": "Feature", "properties": { "ID": 4421030200000, "正式名称": "栗林医院", "機関区分": 2, "都道府県コード": 44, "市区町村コード": 201, "所在地": "大分県大分市久原中央１丁目７番１２号", "緯度": 33.236673, "経度": 131.754249, "url": "https://www.iryou.teikyouseido.mhlw.go.jp/znk-web/juminkanja/S2430/initialize?prefCd=44&kikanCd=1030200000&kikanKbn=2", "url2": "http://www.kuribayashi-iin.com", "内容": "栗林医院【2:診療所】【診療科目:内科】大分県大分市久原中央１丁目７番１２号" }, "geometry": { "type": "Point", "coordinates": [ 131.754249, 33.236673 ] } },
{ "type": "Feature", "properties": { "ID": 4421030300000, "正式名称": "形成外科白山クリニック", "機関区分": 2, "都道府県コード": 44, "市区町村コード": 201, "所在地": "大分県大分市府内町１丁目２－１　第２トレンドビル６Ｆ", "緯度": 33.235766, "経度": 131.607733, "url": "https://www.iryou.teikyouseido.mhlw.go.jp/znk-web/juminkanja/S2430/initialize?prefCd=44&kikanCd=1030300000&kikanKbn=2", "url2": "http://www.e-hakusan.jp", "内容": "形成外科白山クリニック【2:診療所】【診療科目:形成外科_美容外科_皮膚科_美容皮膚科】大分県大分市府内町１丁目２－１　第２トレンドビル６Ｆ" }, "geometry": { "type": "Point", "coordinates": [ 131.607733, 33.235766 ] } },
{ "type": "Feature", "properties": { "ID": 4421030400000, "正式名称": "健眼会　野田眼科", "機関区分": 2, "都道府県コード": 44, "市区町村コード": 201, "所在地": "大分県大分市東春日町７－１６", "緯度": 33.231796, "経度": 131.610718, "url": "https://www.iryou.teikyouseido.mhlw.go.jp/znk-web/juminkanja/S2430/initialize?prefCd=44&kikanCd=1030400000&kikanKbn=2", "url2": "http://noda-ganka.jp", "内容": "健眼会　野田眼科【2:診療所】【診療科目:眼科】大分県大分市東春日町７－１６" }, "geometry": { "type": "Point", "coordinates": [ 131.610718, 33.231796 ] } },
{ "type": "Feature", "properties": { "ID": 4421030500000, "正式名称": "玄同内科医院", "機関区分": 2, "都道府県コード": 44, "市区町村コード": 201, "所在地": "大分県大分市横瀬４９３番地の１", "緯度": 33.187499, "経度": 131.554375, "url": "https://www.iryou.teikyouseido.mhlw.go.jp/znk-web/juminkanja/S2430/initialize?prefCd=44&kikanCd=1030500000&kikanKbn=2", "url2": "http://www.gendounaika.com", "内容": "玄同内科医院【2:診療所】【診療科目:内科_呼吸器内科_循環器内科_胃腸内科】大分県大分市横瀬４９３番地の１" }, "geometry": { "type": "Point", "coordinates": [ 131.554375, 33.187499 ] } },
{ "type": "Feature", "properties": { "ID": 4421031700000, "正式名称": "こば健康クリニック", "機関区分": 2, "都道府県コード": 44, "市区町村コード": 201, "所在地": "大分県大分市明野南１丁目２３６４ー１", "緯度": 33.224411, "経度": 131.651633, "url": "https://www.iryou.teikyouseido.mhlw.go.jp/znk-web/juminkanja/S2430/initialize?prefCd=44&kikanCd=1031700000&kikanKbn=2", "url2": "http://kobaclinic.com", "内容": "こば健康クリニック【2:診療所】【診療科目:内科_胃腸内科_外科_肛門外科】大分県大分市明野南１丁目２３６４ー１" }, "geometry": { "type": "Point", "coordinates": [ 131.651633, 33.224411 ] } },
{ "type": "Feature", "properties": { "ID": 4421031800000, "正式名称": "駒田皮ふ科クリニック", "機関区分": 2, "都道府県コード": 44, "市区町村コード": 201, "所在地": "大分県大分市大字森町２４７－１", "緯度": 33.228284, "経度": 131.68048, "url": "https://www.iryou.teikyouseido.mhlw.go.jp/znk-web/juminkanja/S2430/initialize?prefCd=44&kikanCd=1031800000&kikanKbn=2", "url2": "https://www.komada-skin-clinic.com/", "内容": "駒田皮ふ科クリニック【2:診療所】【診療科目:皮膚科】大分県大分市大字森町２４７－１" }, "geometry": { "type": "Point", "coordinates": [ 131.68048, 33.228284 ] } },
{ "type": "Feature", "properties": { "ID": 4421032000000, "正式名称": "医療法人　近藤整形外科", "機関区分": 2, "都道府県コード": 44, "市区町村コード": 201, "所在地": "大分県大分市寺崎町１丁目１番６号", "緯度": 33.245382, "経度": 131.661744, "url": "https://www.iryou.teikyouseido.mhlw.go.jp/znk-web/juminkanja/S2430/initialize?prefCd=44&kikanCd=1032000000&kikanKbn=2", "url2": null, "内容": "医療法人　近藤整形外科【2:診療所】【診療科目:整形外科_リハビリテーション科_麻酔科】大分県大分市寺崎町１丁目１番６号" }, "geometry": { "type": "Point", "coordinates": [ 131.661744, 33.245382 ] } },
{ "type": "Feature", "properties": { "ID": 4421032200000, "正式名称": "さかき眼科", "機関区分": 2, "都道府県コード": 44, "市区町村コード": 201, "所在地": "大分県大分市玉沢７０８番地１", "緯度": 33.186767, "経度": 131.581131, "url": "https://www.iryou.teikyouseido.mhlw.go.jp/znk-web/juminkanja/S2430/initialize?prefCd=44&kikanCd=1032200000&kikanKbn=2", "url2": "https://sakaki-ganka.com/", "内容": "さかき眼科【2:診療所】【診療科目:眼科】大分県大分市玉沢７０８番地１" }, "geometry": { "type": "Point", "coordinates": [ 131.581131, 33.186767 ] } },
{ "type": "Feature", "properties": { "ID": 4421032300000, "正式名称": "坂ノ市こどもクリニック", "機関区分": 2, "都道府県コード": 44, "市区町村コード": 201, "所在地": "大分県大分市坂ノ市西１－７－８", "緯度": 33.230315, "経度": 131.747511, "url": "https://www.iryou.teikyouseido.mhlw.go.jp/znk-web/juminkanja/S2430/initialize?prefCd=44&kikanCd=1032300000&kikanKbn=2", "url2": "https://www.sakanoichi.com/", "内容": "坂ノ市こどもクリニック【2:診療所】【診療科目:小児科】大分県大分市坂ノ市西１－７－８" }, "geometry": { "type": "Point", "coordinates": [ 131.747511, 33.230315 ] } },
{ "type": "Feature", "properties": { "ID": 4421032600000, "正式名称": "さかまき内科医院", "機関区分": 2, "都道府県コード": 44, "市区町村コード": 201, "所在地": "大分県大分市大在浜２－７－１", "緯度": 33.242133, "経度": 131.730494, "url": "https://www.iryou.teikyouseido.mhlw.go.jp/znk-web/juminkanja/S2430/initialize?prefCd=44&kikanCd=1032600000&kikanKbn=2", "url2": null, "内容": "さかまき内科医院【2:診療所】【診療科目:内科_糖尿病内科_代謝内科_糖尿病・代謝内科】大分県大分市大在浜２－７－１" }, "geometry": { "type": "Point", "coordinates": [ 131.730494, 33.242133 ] } },
{ "type": "Feature", "properties": { "ID": 4421032900000, "正式名称": "佐々木医院", "機関区分": 2, "都道府県コード": 44, "市区町村コード": 201, "所在地": "大分県大分市荷揚町２番１５号", "緯度": 33.239936, "経度": 131.608256, "url": "https://www.iryou.teikyouseido.mhlw.go.jp/znk-web/juminkanja/S2430/initialize?prefCd=44&kikanCd=1032900000&kikanKbn=2", "url2": null, "内容": "佐々木医院【2:診療所】【診療科目:耳鼻いんこう科_リハビリテーション科】大分県大分市荷揚町２番１５号" }, "geometry": { "type": "Point", "coordinates": [ 131.608256, 33.239936 ] } },
{ "type": "Feature", "properties": { "ID": 4421033000000, "正式名称": "医療法人一明会貞永産婦人科医院", "機関区分": 2, "都道府県コード": 44, "市区町村コード": 201, "所在地": "大分県大分市生石２丁目１番１８号", "緯度": 33.245043, "経度": 131.584269, "url": "https://www.iryou.teikyouseido.mhlw.go.jp/znk-web/juminkanja/S2430/initialize?prefCd=44&kikanCd=1033000000&kikanKbn=2", "url2": "http://sadanaga-ladies.com", "内容": "医療法人一明会貞永産婦人科医院【2:診療所】【診療科目:産婦人科】大分県大分市生石２丁目１番１８号" }, "geometry": { "type": "Point", "coordinates": [ 131.584269, 33.245043 ] } },
{ "type": "Feature", "properties": { "ID": 4421033200000, "正式名称": "佐藤クリニック", "機関区分": 2, "都道府県コード": 44, "市区町村コード": 201, "所在地": "大分県大分市金池町２－８－１８", "緯度": 33.234917, "経度": 131.611681, "url": "https://www.iryou.teikyouseido.mhlw.go.jp/znk-web/juminkanja/S2430/initialize?prefCd=44&kikanCd=1033200000&kikanKbn=2", "url2": null, "内容": "佐藤クリニック【2:診療所】【診療科目:耳鼻いんこう科】大分県大分市金池町２－８－１８" }, "geometry": { "type": "Point", "coordinates": [ 131.611681, 33.234917 ] } },
{ "type": "Feature", "properties": { "ID": 4421033500000, "正式名称": "さとうファミリークリニック", "機関区分": 2, "都道府県コード": 44, "市区町村コード": 201, "所在地": "大分県大分市下郡北１－４－１４", "緯度": 33.228671, "経度": 131.628623, "url": "https://www.iryou.teikyouseido.mhlw.go.jp/znk-web/juminkanja/S2430/initialize?prefCd=44&kikanCd=1033500000&kikanKbn=2", "url2": "https://www.satoshinkeinaika-naikaclinic.com/", "内容": "さとうファミリークリニック【2:診療所】【診療科目:内科_神経内科_小児科_リハビリテーション科】大分県大分市下郡北１－４－１４" }, "geometry": { "type": "Point", "coordinates": [ 131.628623, 33.228671 ] } },
{ "type": "Feature", "properties": { "ID": 4421033700000, "正式名称": "佐藤内科循環器科医院", "機関区分": 2, "都道府県コード": 44, "市区町村コード": 201, "所在地": "大分県大分市大道町３－４－１", "緯度": 33.231797, "経度": 131.599409, "url": "https://www.iryou.teikyouseido.mhlw.go.jp/znk-web/juminkanja/S2430/initialize?prefCd=44&kikanCd=1033700000&kikanKbn=2", "url2": null, "内容": "佐藤内科循環器科医院【2:診療所】【診療科目:内科_循環器内科】大分県大分市大道町３－４－１" }, "geometry": { "type": "Point", "coordinates": [ 131.599409, 33.231797 ] } },
{ "type": "Feature", "properties": { "ID": 4421033800000, "正式名称": "サトウ皮膚科医院", "機関区分": 2, "都道府県コード": 44, "市区町村コード": 201, "所在地": "大分県大分市金池南１丁目１−２２　イエステーション大分駅南２階", "緯度": 33.235623, "経度": 131.609111, "url": "https://www.iryou.teikyouseido.mhlw.go.jp/znk-web/juminkanja/S2430/initialize?prefCd=44&kikanCd=1033800000&kikanKbn=2", "url2": null, "内容": "サトウ皮膚科医院【2:診療所】【診療科目:皮膚科】大分県大分市金池南１丁目１−２２　イエステーション大分駅南２階" }, "geometry": { "type": "Point", "coordinates": [ 131.609111, 33.235623 ] } },
{ "type": "Feature", "properties": { "ID": 4421033900000, "正式名称": "三楽会濱田クリニック", "機関区分": 2, "都道府県コード": 44, "市区町村コード": 201, "所在地": "大分県大分市府内町１－６－３８", "緯度": 33.235891, "経度": 131.610789, "url": "https://www.iryou.teikyouseido.mhlw.go.jp/znk-web/juminkanja/S2430/initialize?prefCd=44&kikanCd=1033900000&kikanKbn=2", "url2": "http://www.hamadaclinic.com", "内容": "三楽会濱田クリニック【2:診療所】【診療科目:胃腸内科_肛門外科_心療内科_麻酔科】大分県大分市府内町１－６－３８" }, "geometry": { "type": "Point", "coordinates": [ 131.610789, 33.235891 ] } },
{ "type": "Feature", "properties": { "ID": 4421034100000, "正式名称": "椎迫泌尿器科", "機関区分": 2, "都道府県コード": 44, "市区町村コード": 201, "所在地": "大分県大分市三芳１０５５－２", "緯度": 33.224378, "経度": 131.584453, "url": "https://www.iryou.teikyouseido.mhlw.go.jp/znk-web/juminkanja/S2430/initialize?prefCd=44&kikanCd=1034100000&kikanKbn=2", "url2": "http://www.shiizako.com/", "内容": "椎迫泌尿器科【2:診療所】【診療科目:性感染症内科_人工透析内科_小児泌尿器科_皮膚泌尿器科_泌尿器科_男性泌尿器科_腎臓・泌尿器科】大分県大分市三芳１０５５－２" }, "geometry": { "type": "Point", "coordinates": [ 131.584453, 33.224378 ] } },
{ "type": "Feature", "properties": { "ID": 4421034200000, "正式名称": "敷戸耳鼻咽喉科医院", "機関区分": 2, "都道府県コード": 44, "市区町村コード": 201, "所在地": "大分県大分市寒田８８３－１", "緯度": 33.186499, "経度": 131.609737, "url": "https://www.iryou.teikyouseido.mhlw.go.jp/znk-web/juminkanja/S2430/initialize?prefCd=44&kikanCd=1034200000&kikanKbn=2", "url2": null, "内容": "敷戸耳鼻咽喉科医院【2:診療所】【診療科目:耳鼻いんこう科】大分県大分市寒田８８３－１" }, "geometry": { "type": "Point", "coordinates": [ 131.609737, 33.186499 ] } },
{ "type": "Feature", "properties": { "ID": 4421034400000, "正式名称": "嶋田循環器科内科", "機関区分": 2, "都道府県コード": 44, "市区町村コード": 201, "所在地": "大分県大分市大在中央１－１０－１７", "緯度": 33.23639, "経度": 131.731567, "url": "https://www.iryou.teikyouseido.mhlw.go.jp/znk-web/juminkanja/S2430/initialize?prefCd=44&kikanCd=1034400000&kikanKbn=2", "url2": null, "内容": "嶋田循環器科内科【2:診療所】【診療科目:内科_循環器内科】大分県大分市大在中央１－１０－１７" }, "geometry": { "type": "Point", "coordinates": [ 131.731567, 33.23639 ] } },
{ "type": "Feature", "properties": { "ID": 4421034600000, "正式名称": "しみず小児科", "機関区分": 2, "都道府県コード": 44, "市区町村コード": 201, "所在地": "大分県大分市下郡中央２－１－１", "緯度": 33.227249, "経度": 131.632098, "url": "https://www.iryou.teikyouseido.mhlw.go.jp/znk-web/juminkanja/S2430/initialize?prefCd=44&kikanCd=1034600000&kikanKbn=2", "url2": "https://shimizu-syounika.com/", "内容": "しみず小児科【2:診療所】【診療科目:小児科】大分県大分市下郡中央２－１－１" }, "geometry": { "type": "Point", "coordinates": [ 131.632098, 33.227249 ] } },
{ "type": "Feature", "properties": { "ID": 4421034800000, "正式名称": "首藤耳鼻咽喉科", "機関区分": 2, "都道府県コード": 44, "市区町村コード": 201, "所在地": "大分県大分市津守１２組２", "緯度": 33.213764, "経度": 131.618936, "url": "https://www.iryou.teikyouseido.mhlw.go.jp/znk-web/juminkanja/S2430/initialize?prefCd=44&kikanCd=1034800000&kikanKbn=2", "url2": "http://shuto-clinic.jp", "内容": "首藤耳鼻咽喉科【2:診療所】【診療科目:小児耳鼻いんこう科_耳鼻いんこう科_気管食道・耳鼻いんこう科_頭頸部・耳鼻いんこう科_アレルギー科】大分県大分市津守１２組２" }, "geometry": { "type": "Point", "coordinates": [ 131.618936, 33.213764 ] } },
{ "type": "Feature", "properties": { "ID": 4421035000000, "正式名称": "循環器・内科　平田医院", "機関区分": 2, "都道府県コード": 44, "市区町村コード": 201, "所在地": "大分県大分市王子中町", "緯度": 33.243477, "経度": 131.593138, "url": "https://www.iryou.teikyouseido.mhlw.go.jp/znk-web/juminkanja/S2430/initialize?prefCd=44&kikanCd=1035000000&kikanKbn=2", "url2": "http://hirataiin.jimdo.com/", "内容": "循環器・内科　平田医院【2:診療所】【診療科目:内科_糖尿病内科_循環器内科_心臓内科_消化器内科】大分県大分市王子中町" }, "geometry": { "type": "Point", "coordinates": [ 131.593138, 33.243477 ] } },
{ "type": "Feature", "properties": { "ID": 4421035100000, "正式名称": "正内科医院", "機関区分": 2, "都道府県コード": 44, "市区町村コード": 201, "所在地": "大分県大分市賀来北３丁目１番３号", "緯度": 33.212329, "経度": 131.563983, "url": "https://www.iryou.teikyouseido.mhlw.go.jp/znk-web/juminkanja/S2430/initialize?prefCd=44&kikanCd=1035100000&kikanKbn=2", "url2": "http://www.sho-naika.com/", "内容": "正内科医院【2:診療所】【診療科目:内科_糖尿病・代謝内科_循環器内科_消化器内科_胃腸内科_肝臓内科】大分県大分市賀来北３丁目１番３号" }, "geometry": { "type": "Point", "coordinates": [ 131.563983, 33.212329 ] } },
{ "type": "Feature", "properties": { "ID": 4421035200000, "正式名称": "医療法人ナーサティア　城南クリニック", "機関区分": 2, "都道府県コード": 44, "市区町村コード": 201, "所在地": "大分県大分市城南東２丁目２－１", "緯度": 33.218348, "経度": 131.584828, "url": "https://www.iryou.teikyouseido.mhlw.go.jp/znk-web/juminkanja/S2430/initialize?prefCd=44&kikanCd=1035200000&kikanKbn=2", "url2": null, "内容": "医療法人ナーサティア　城南クリニック【2:診療所】【診療科目:内科_小児科_アレルギー科】大分県大分市城南東２丁目２－１" }, "geometry": { "type": "Point", "coordinates": [ 131.584828, 33.218348 ] } },
{ "type": "Feature", "properties": { "ID": 4421035300000, "正式名称": "庄の原クリニック", "機関区分": 2, "都道府県コード": 44, "市区町村コード": 201, "所在地": "大分県大分市庄の原", "緯度": 33.221844, "経度": 131.572959, "url": "https://www.iryou.teikyouseido.mhlw.go.jp/znk-web/juminkanja/S2430/initialize?prefCd=44&kikanCd=1035300000&kikanKbn=2", "url2": null, "内容": "庄の原クリニック【2:診療所】【診療科目:内科_糖尿病・内分泌内科_呼吸器内科_循環器内科】大分県大分市庄の原" }, "geometry": { "type": "Point", "coordinates": [ 131.572959, 33.221844 ] } },
{ "type": "Feature", "properties": { "ID": 4421035600000, "正式名称": "心葉消化器外科", "機関区分": 2, "都道府県コード": 44, "市区町村コード": 201, "所在地": "大分県大分市下郡中央３－１０－１４", "緯度": 33.224571, "経度": 131.636023, "url": "https://www.iryou.teikyouseido.mhlw.go.jp/znk-web/juminkanja/S2430/initialize?prefCd=44&kikanCd=1035600000&kikanKbn=2", "url2": "http://www.shinyo-geka.or.jp", "内容": "心葉消化器外科【2:診療所】【診療科目:内科_消化器内科_外科_消化器外科】大分県大分市下郡中央３－１０－１４" }, "geometry": { "type": "Point", "coordinates": [ 131.636023, 33.224571 ] } },
{ "type": "Feature", "properties": { "ID": 4421035800000, "正式名称": "すみ循環器内科クリニック", "機関区分": 2, "都道府県コード": 44, "市区町村コード": 201, "所在地": "大分県大分市下郡南１丁目３－７", "緯度": 33.22346, "経度": 131.630535, "url": "https://www.iryou.teikyouseido.mhlw.go.jp/znk-web/juminkanja/S2430/initialize?prefCd=44&kikanCd=1035800000&kikanKbn=2", "url2": "http://www.oct-net.ne.jp/~sumiclin/", "内容": "すみ循環器内科クリニック【2:診療所】【診療科目:内科_糖尿病内科_代謝内科_脂質代謝内科_糖尿病・代謝内科_呼吸器内科_循環器内科_心臓内科_老年内科】大分県大分市下郡南１丁目３－７" }, "geometry": { "type": "Point", "coordinates": [ 131.630535, 33.22346 ] } },
{ "type": "Feature", "properties": { "ID": 4421036000000, "正式名称": "セント・ルカ産婦人科", "機関区分": 2, "都道府県コード": 44, "市区町村コード": 201, "所在地": "大分県大分市東大道１丁目４番５号", "緯度": 33.233236, "経度": 131.603889, "url": "https://www.iryou.teikyouseido.mhlw.go.jp/znk-web/juminkanja/S2430/initialize?prefCd=44&kikanCd=1036000000&kikanKbn=2", "url2": "http://www.st-luke.jp/", "内容": "セント・ルカ産婦人科【2:診療所】【診療科目:産婦人科_婦人科_産婦人科（生殖医療）_麻酔科】大分県大分市東大道１丁目４番５号" }, "geometry": { "type": "Point", "coordinates": [ 131.603889, 33.233236 ] } },
{ "type": "Feature", "properties": { "ID": 4421036300000, "正式名称": "そのだ内科・外科クリニック", "機関区分": 2, "都道府県コード": 44, "市区町村コード": 201, "所在地": "大分県大分市大道町３－３－１", "緯度": 33.230686, "経度": 131.599337, "url": "https://www.iryou.teikyouseido.mhlw.go.jp/znk-web/juminkanja/S2430/initialize?prefCd=44&kikanCd=1036300000&kikanKbn=2", "url2": "http:/sonoda-naikageka.com", "内容": "そのだ内科・外科クリニック【2:診療所】【診療科目:内科_消化器内科_外科_ペインクリニック外科_リハビリテーション科_麻酔科】大分県大分市大道町３－３－１" }, "geometry": { "type": "Point", "coordinates": [ 131.599337, 33.230686 ] } },
{ "type": "Feature", "properties": { "ID": 4421036400000, "正式名称": "ソフィアクリニック", "機関区分": 2, "都道府県コード": 44, "市区町村コード": 201, "所在地": "大分県大分市牧３－１５０", "緯度": 33.241397, "経度": 131.643173, "url": "https://www.iryou.teikyouseido.mhlw.go.jp/znk-web/juminkanja/S2430/initialize?prefCd=44&kikanCd=1036400000&kikanKbn=2", "url2": "http://www.sophia-c.jp/", "内容": "ソフィアクリニック【2:診療所】【診療科目:小児科_産婦人科】大分県大分市牧３－１５０" }, "geometry": { "type": "Point", "coordinates": [ 131.643173, 33.241397 ] } },
{ "type": "Feature", "properties": { "ID": 4421036600000, "正式名称": "大南クリニック", "機関区分": 2, "都道府県コード": 44, "市区町村コード": 201, "所在地": "大分県大分市大字中判田１８６４", "緯度": 33.165899, "経度": 131.634483, "url": "https://www.iryou.teikyouseido.mhlw.go.jp/znk-web/juminkanja/S2430/initialize?prefCd=44&kikanCd=1036600000&kikanKbn=2", "url2": null, "内容": "大南クリニック【2:診療所】【診療科目:内科_循環器内科_胃腸内科_外科_肛門外科_小児科_リハビリテーション科_麻酔科】大分県大分市大字中判田１８６４" }, "geometry": { "type": "Point", "coordinates": [ 131.634483, 33.165899 ] } },
{ "type": "Feature", "properties": { "ID": 4421036800000, "正式名称": "医療法人　高城こうのクリニック", "機関区分": 2, "都道府県コード": 44, "市区町村コード": 201, "所在地": "大分県大分市城東町１１―３０", "緯度": 33.241878, "経度": 131.648924, "url": "https://www.iryou.teikyouseido.mhlw.go.jp/znk-web/juminkanja/S2430/initialize?prefCd=44&kikanCd=1036800000&kikanKbn=2", "url2": null, "内容": "医療法人　高城こうのクリニック【2:診療所】【診療科目:内科_循環器内科_ペインクリニック内科_整形外科_リハビリテーション科_麻酔科】大分県大分市城東町１１―３０" }, "geometry": { "type": "Point", "coordinates": [ 131.648924, 33.241878 ] } },
{ "type": "Feature", "properties": { "ID": 4421037000000, "正式名称": "医療法人社団　順耳会　たかだ耳鼻咽喉科クリニック", "機関区分": 2, "都道府県コード": 44, "市区町村コード": 201, "所在地": "大分県大分市田尻４２０－２", "緯度": 33.187311, "経度": 131.592928, "url": "https://www.iryou.teikyouseido.mhlw.go.jp/znk-web/juminkanja/S2430/initialize?prefCd=44&kikanCd=1037000000&kikanKbn=2", "url2": null, "内容": "医療法人社団　順耳会　たかだ耳鼻咽喉科クリニック【2:診療所】【診療科目:小児科_耳鼻いんこう科】大分県大分市田尻４２０－２" }, "geometry": { "type": "Point", "coordinates": [ 131.592928, 33.187311 ] } },
{ "type": "Feature", "properties": { "ID": 4421037100000, "正式名称": "たかはし泌尿器科", "機関区分": 2, "都道府県コード": 44, "市区町村コード": 201, "所在地": "大分県大分市寒田１０５４番地の１", "緯度": 33.189877, "経度": 131.612334, "url": "https://www.iryou.teikyouseido.mhlw.go.jp/znk-web/juminkanja/S2430/initialize?prefCd=44&kikanCd=1037100000&kikanKbn=2", "url2": "http://www.takahashi-hp.net/", "内容": "たかはし泌尿器科【2:診療所】【診療科目:内科_性感染症内科_消化器内科_胃腸内科_腎臓内科_人工透析内科_内視鏡内科_小児泌尿器科_皮膚科_皮膚泌尿器科_泌尿器科_男性泌尿器科_腎臓・泌尿器科_リハビリテーション科】大分県大分市寒田１０５４番地の１" }, "geometry": { "type": "Point", "coordinates": [ 131.612334, 33.189877 ] } },
{ "type": "Feature", "properties": { "ID": 4421037400000, "正式名称": "たけうち小児科", "機関区分": 2, "都道府県コード": 44, "市区町村コード": 201, "所在地": "大分県大分市田尻４１９－２", "緯度": 33.187721, "経度": 131.592586, "url": "https://www.iryou.teikyouseido.mhlw.go.jp/znk-web/juminkanja/S2430/initialize?prefCd=44&kikanCd=1037400000&kikanKbn=2", "url2": "http://www.oct-net.ne.jp/sansui/", "内容": "たけうち小児科【2:診療所】【診療科目:小児科_アレルギー科】大分県大分市田尻４１９－２" }, "geometry": { "type": "Point", "coordinates": [ 131.592586, 33.187721 ] } },
{ "type": "Feature", "properties": { "ID": 4421037500000, "正式名称": "医療法人　竹内皮ふ科", "機関区分": 2, "都道府県コード": 44, "市区町村コード": 201, "所在地": "大分県大分市田中町２－７－２４", "緯度": 33.208841, "経度": 131.58992, "url": "https://www.iryou.teikyouseido.mhlw.go.jp/znk-web/juminkanja/S2430/initialize?prefCd=44&kikanCd=1037500000&kikanKbn=2", "url2": "http://takeuchihifuka.jp", "内容": "医療法人　竹内皮ふ科【2:診療所】【診療科目:皮膚科】大分県大分市田中町２－７－２４" }, "geometry": { "type": "Point", "coordinates": [ 131.58992, 33.208841 ] } },
{ "type": "Feature", "properties": { "ID": 4421037600000, "正式名称": "竹下粧子クリニック", "機関区分": 2, "都道府県コード": 44, "市区町村コード": 201, "所在地": "大分県大分市中島西１－１－２４　中島ビル２Ｆ", "緯度": 33.242608, "経度": 131.608758, "url": "https://www.iryou.teikyouseido.mhlw.go.jp/znk-web/juminkanja/S2430/initialize?prefCd=44&kikanCd=1037600000&kikanKbn=2", "url2": null, "内容": "竹下粧子クリニック【2:診療所】【診療科目:内科_精神科_心療内科】大分県大分市中島西１－１－２４　中島ビル２Ｆ" }, "geometry": { "type": "Point", "coordinates": [ 131.608758, 33.242608 ] } },
{ "type": "Feature", "properties": { "ID": 4421037900000, "正式名称": "田中耳鼻咽喉科クリニック", "機関区分": 2, "都道府県コード": 44, "市区町村コード": 201, "所在地": "大分県大分市牧３－１１－１０", "緯度": 33.242097, "経度": 131.6443, "url": "https://www.iryou.teikyouseido.mhlw.go.jp/znk-web/juminkanja/S2430/initialize?prefCd=44&kikanCd=1037900000&kikanKbn=2", "url2": "https://tanakajibika-oita.com/", "内容": "田中耳鼻咽喉科クリニック【2:診療所】【診療科目:耳鼻いんこう科_アレルギー科】大分県大分市牧３－１１－１０" }, "geometry": { "type": "Point", "coordinates": [ 131.6443, 33.242097 ] } },
{ "type": "Feature", "properties": { "ID": 4421038100000, "正式名称": "織部泌尿器科", "機関区分": 2, "都道府県コード": 44, "市区町村コード": 201, "所在地": "大分県大分市森５５０－１", "緯度": 33.222115, "経度": 131.680167, "url": "https://www.iryou.teikyouseido.mhlw.go.jp/znk-web/juminkanja/S2430/initialize?prefCd=44&kikanCd=1038100000&kikanKbn=2", "url2": "https://oribe.or.jp/", "内容": "織部泌尿器科【2:診療所】【診療科目:泌尿器科】大分県大分市森５５０－１" }, "geometry": { "type": "Point", "coordinates": [ 131.680167, 33.222115 ] } },
{ "type": "Feature", "properties": { "ID": 4421038200000, "正式名称": "谷村胃腸科・小児科医院", "機関区分": 2, "都道府県コード": 44, "市区町村コード": 201, "所在地": "大分県大分市竹下１丁目９番２２号", "緯度": 33.242264, "経度": 131.728734, "url": "https://www.iryou.teikyouseido.mhlw.go.jp/znk-web/juminkanja/S2430/initialize?prefCd=44&kikanCd=1038200000&kikanKbn=2", "url2": "http://tanimura.oita.jp", "内容": "谷村胃腸科・小児科医院【2:診療所】【診療科目:内科_消化器内科_外科_肛門外科_小児科_小児皮膚科_アレルギー科】大分県大分市竹下１丁目９番２２号" }, "geometry": { "type": "Point", "coordinates": [ 131.728734, 33.242264 ] } },
{ "type": "Feature", "properties": { "ID": 4421038400000, "正式名称": "たねだ内科", "機関区分": 2, "都道府県コード": 44, "市区町村コード": 201, "所在地": "大分県大分市豊饒二３番２３号", "緯度": 33.20974, "経度": 131.598358, "url": "https://www.iryou.teikyouseido.mhlw.go.jp/znk-web/juminkanja/S2430/initialize?prefCd=44&kikanCd=1038400000&kikanKbn=2", "url2": "http://www.oct-net.ne.jp/~taneda/", "内容": "たねだ内科【2:診療所】【診療科目:内科_循環器内科_胃腸内科_形成外科_美容外科_皮膚科_美容皮膚科_放射線科】大分県大分市豊饒二３番２３号" }, "geometry": { "type": "Point", "coordinates": [ 131.598358, 33.20974 ] } },
{ "type": "Feature", "properties": { "ID": 4421038500000, "正式名称": "たまい小児科", "機関区分": 2, "都道府県コード": 44, "市区町村コード": 201, "所在地": "大分県大分市毛井３１０番地１", "緯度": 33.189704, "経度": 131.671918, "url": "https://www.iryou.teikyouseido.mhlw.go.jp/znk-web/juminkanja/S2430/initialize?prefCd=44&kikanCd=1038500000&kikanKbn=2", "url2": "http://www.tamai-syounika.com/pc/", "内容": "たまい小児科【2:診療所】【診療科目:小児科_アレルギー科】大分県大分市毛井３１０番地１" }, "geometry": { "type": "Point", "coordinates": [ 131.671918, 33.189704 ] } },
{ "type": "Feature", "properties": { "ID": 4421038600000, "正式名称": "田村医院田村皮膚科クリニック", "機関区分": 2, "都道府県コード": 44, "市区町村コード": 201, "所在地": "大分県大分市中央町１－１－１６", "緯度": 33.235566, "経度": 131.606845, "url": "https://www.iryou.teikyouseido.mhlw.go.jp/znk-web/juminkanja/S2430/initialize?prefCd=44&kikanCd=1038600000&kikanKbn=2", "url2": null, "内容": "田村医院田村皮膚科クリニック【2:診療所】【診療科目:皮膚科_美容皮膚科_泌尿器科】大分県大分市中央町１－１－１６" }, "geometry": { "type": "Point", "coordinates": [ 131.606845, 33.235566 ] } },
{ "type": "Feature", "properties": { "ID": 4421038700000, "正式名称": "医療法人啓弘会　田村山下眼科", "機関区分": 2, "都道府県コード": 44, "市区町村コード": 201, "所在地": "大分県大分市森５９０－１", "緯度": 33.221147, "経度": 131.679913, "url": "https://www.iryou.teikyouseido.mhlw.go.jp/znk-web/juminkanja/S2430/initialize?prefCd=44&kikanCd=1038700000&kikanKbn=2", "url2": null, "内容": "医療法人啓弘会　田村山下眼科【2:診療所】【診療科目:眼科】大分県大分市森５９０－１" }, "geometry": { "type": "Point", "coordinates": [ 131.679913, 33.221147 ] } },
{ "type": "Feature", "properties": { "ID": 4421038900000, "正式名称": "社会医療法人関愛会　直耕団吉野診療所", "機関区分": 2, "都道府県コード": 44, "市区町村コード": 201, "所在地": "大分県大分市奥３１番地", "緯度": 33.113489, "経度": 131.68906, "url": "https://www.iryou.teikyouseido.mhlw.go.jp/znk-web/juminkanja/S2430/initialize?prefCd=44&kikanCd=1038900000&kikanKbn=2", "url2": null, "内容": "社会医療法人関愛会　直耕団吉野診療所【2:診療所】【診療科目:内科_リハビリテーション科】大分県大分市奥３１番地" }, "geometry": { "type": "Point", "coordinates": [ 131.68906, 33.113489 ] } },
{ "type": "Feature", "properties": { "ID": 4421039000000, "正式名称": "大分府内レディースクリニック", "機関区分": 2, "都道府県コード": 44, "市区町村コード": 201, "所在地": "大分県大分市府内町", "緯度": 33.236441, "経度": 131.60915, "url": "https://www.iryou.teikyouseido.mhlw.go.jp/znk-web/juminkanja/S2430/initialize?prefCd=44&kikanCd=1039000000&kikanKbn=2", "url2": "https://oita-funai-ladies-clinic.com", "内容": "大分府内レディースクリニック【2:診療所】【診療科目:内科_婦人科】大分県大分市府内町" }, "geometry": { "type": "Point", "coordinates": [ 131.60915, 33.236441 ] } },
{ "type": "Feature", "properties": { "ID": 4421039100000, "正式名称": "つざき循環器麻酔科クリニック", "機関区分": 2, "都道府県コード": 44, "市区町村コード": 201, "所在地": "大分県大分市大字猪野１１０１－６", "緯度": 33.226544, "経度": 131.664568, "url": "https://www.iryou.teikyouseido.mhlw.go.jp/znk-web/juminkanja/S2430/initialize?prefCd=44&kikanCd=1039100000&kikanKbn=2", "url2": null, "内容": "つざき循環器麻酔科クリニック【2:診療所】【診療科目:内科_呼吸器内科_循環器内科_ペインクリニック内科_神経科_リハビリテーション科_救急科_麻酔科】大分県大分市大字猪野１１０１－６" }, "geometry": { "type": "Point", "coordinates": [ 131.664568, 33.226544 ] } },
{ "type": "Feature", "properties": { "ID": 4421039200000, "正式名称": "医療法人　津田皮膚科クリニック", "機関区分": 2, "都道府県コード": 44, "市区町村コード": 201, "所在地": "大分県大分市明野南１丁目２７番２号", "緯度": 33.221208, "経度": 131.649042, "url": "https://www.iryou.teikyouseido.mhlw.go.jp/znk-web/juminkanja/S2430/initialize?prefCd=44&kikanCd=1039200000&kikanKbn=2", "url2": "https://oitagunshi-ishikai.jp/clinic/tsuda/", "内容": "医療法人　津田皮膚科クリニック【2:診療所】【診療科目:皮膚科】大分県大分市明野南１丁目２７番２号" }, "geometry": { "type": "Point", "coordinates": [ 131.649042, 33.221208 ] } },
{ "type": "Feature", "properties": { "ID": 4421039300000, "正式名称": "つるさきクリニック", "機関区分": 2, "都道府県コード": 44, "市区町村コード": 201, "所在地": "大分県大分市南鶴崎２丁目６番５号", "緯度": 33.239083, "経度": 131.690674, "url": "https://www.iryou.teikyouseido.mhlw.go.jp/znk-web/juminkanja/S2430/initialize?prefCd=44&kikanCd=1039300000&kikanKbn=2", "url2": "http://www.kakuyukai.com/", "内容": "つるさきクリニック【2:診療所】【診療科目:内科_循環器内科_婦人科】大分県大分市南鶴崎２丁目６番５号" }, "geometry": { "type": "Point", "coordinates": [ 131.690674, 33.239083 ] } },
{ "type": "Feature", "properties": { "ID": 4421039400000, "正式名称": "つる皮ふ科医院", "機関区分": 2, "都道府県コード": 44, "市区町村コード": 201, "所在地": "大分県大分市中島西１丁目１番地２４号　中島ビル１階", "緯度": 33.222605, "経度": 131.616211, "url": "https://www.iryou.teikyouseido.mhlw.go.jp/znk-web/juminkanja/S2430/initialize?prefCd=44&kikanCd=1039400000&kikanKbn=2", "url2": "http://turu-inoue.com", "内容": "つる皮ふ科医院【2:診療所】【診療科目:皮膚科】大分県大分市中島西１丁目１番地２４号　中島ビル１階" }, "geometry": { "type": "Point", "coordinates": [ 131.616211, 33.222605 ] } },
{ "type": "Feature", "properties": { "ID": 4421039500000, "正式名称": "天心堂へつぎ診療所", "機関区分": 2, "都道府県コード": 44, "市区町村コード": 201, "所在地": "大分県大分市大字中戸次５１８５－２", "緯度": 33.154746, "経度": 131.655767, "url": "https://www.iryou.teikyouseido.mhlw.go.jp/znk-web/juminkanja/S2430/initialize?prefCd=44&kikanCd=1039500000&kikanKbn=2", "url2": "https://www.tenshindo.org/", "内容": "天心堂へつぎ診療所【2:診療所】【診療科目:内科】大分県大分市大字中戸次５１８５－２" }, "geometry": { "type": "Point", "coordinates": [ 131.655767, 33.154746 ] } },
{ "type": "Feature", "properties": { "ID": 4421041200000, "正式名称": "得丸内科・消化器内科", "機関区分": 2, "都道府県コード": 44, "市区町村コード": 201, "所在地": "大分県大分市牧３－１３ー１", "緯度": 33.24162, "経度": 131.645816, "url": "https://www.iryou.teikyouseido.mhlw.go.jp/znk-web/juminkanja/S2430/initialize?prefCd=44&kikanCd=1041200000&kikanKbn=2", "url2": "https://tokumaru-naika.com/", "内容": "得丸内科・消化器内科【2:診療所】【診療科目:内科_糖尿病・代謝内科_呼吸器内科_循環器内科_消化器内科_胃腸内科_アレルギー科】大分県大分市牧３－１３ー１" }, "geometry": { "type": "Point", "coordinates": [ 131.645816, 33.24162 ] } },
{ "type": "Feature", "properties": { "ID": 4421041500000, "正式名称": "内科阿部医院", "機関区分": 2, "都道府県コード": 44, "市区町村コード": 201, "所在地": "大分県大分市中春日町１６ー１３", "緯度": 33.240405, "経度": 131.594449, "url": "https://www.iryou.teikyouseido.mhlw.go.jp/znk-web/juminkanja/S2430/initialize?prefCd=44&kikanCd=1041500000&kikanKbn=2", "url2": "http://www.naikaabeiin.com/", "内容": "内科阿部医院【2:診療所】【診療科目:内科_糖尿病内科_循環器内科_消化器内科_腎臓内科】大分県大分市中春日町１６ー１３" }, "geometry": { "type": "Point", "coordinates": [ 131.594449, 33.240405 ] } },
{ "type": "Feature", "properties": { "ID": 4421041700000, "正式名称": "医療法人　内科津田かおるクリニック", "機関区分": 2, "都道府県コード": 44, "市区町村コード": 201, "所在地": "大分県大分市横尾４１３１－１", "緯度": 33.208675, "経度": 131.660285, "url": "https://www.iryou.teikyouseido.mhlw.go.jp/znk-web/juminkanja/S2430/initialize?prefCd=44&kikanCd=1041700000&kikanKbn=2", "url2": "https://tsudakaoru.com/", "内容": "医療法人　内科津田かおるクリニック【2:診療所】【診療科目:内科_代謝内科_内分泌内科_脂質代謝内科_糖尿病・内分泌内科】大分県大分市横尾４１３１－１" }, "geometry": { "type": "Point", "coordinates": [ 131.660285, 33.208675 ] } },
{ "type": "Feature", "properties": { "ID": 4421041900000, "正式名称": "永田瀧田眼科医院", "機関区分": 2, "都道府県コード": 44, "市区町村コード": 201, "所在地": "大分県大分市中央町２ー２ー１７", "緯度": 33.236325, "経度": 131.60492, "url": "https://www.iryou.teikyouseido.mhlw.go.jp/znk-web/juminkanja/S2430/initialize?prefCd=44&kikanCd=1041900000&kikanKbn=2", "url2": "http://eye-nagata-clinic.com/", "内容": "永田瀧田眼科医院【2:診療所】【診療科目:眼科】大分県大分市中央町２ー２ー１７" }, "geometry": { "type": "Point", "coordinates": [ 131.60492, 33.236325 ] } },
{ "type": "Feature", "properties": { "ID": 4421042000000, "正式名称": "長浜内科クリニック", "機関区分": 2, "都道府県コード": 44, "市区町村コード": 201, "所在地": "大分県大分市長浜町１－９－１５　Ｍ＆Ｍ長浜２０３", "緯度": 33.238692, "経度": 131.615516, "url": "https://www.iryou.teikyouseido.mhlw.go.jp/znk-web/juminkanja/S2430/initialize?prefCd=44&kikanCd=1042000000&kikanKbn=2", "url2": null, "内容": "長浜内科クリニック【2:診療所】【診療科目:内科_循環器内科_消化器内科】大分県大分市長浜町１－９－１５　Ｍ＆Ｍ長浜２０３" }, "geometry": { "type": "Point", "coordinates": [ 131.615516, 33.238692 ] } },
{ "type": "Feature", "properties": { "ID": 4421042100000, "正式名称": "よしどめ内科・神経内科クリニック", "機関区分": 2, "都道府県コード": 44, "市区町村コード": 201, "所在地": "大分県大分市新春日町１丁目１番２９", "緯度": 33.234199, "経度": 131.595382, "url": "https://www.iryou.teikyouseido.mhlw.go.jp/znk-web/juminkanja/S2430/initialize?prefCd=44&kikanCd=1042100000&kikanKbn=2", "url2": null, "内容": "よしどめ内科・神経内科クリニック【2:診療所】【診療科目:内科_神経内科_リハビリテーション科】大分県大分市新春日町１丁目１番２９" }, "geometry": { "type": "Point", "coordinates": [ 131.595382, 33.234199 ] } },
{ "type": "Feature", "properties": { "ID": 4421042400000, "正式名称": "菜の花クリニック", "機関区分": 2, "都道府県コード": 44, "市区町村コード": 201, "所在地": "大分県大分市佐賀関２２６６番地", "緯度": 33.249206, "経度": 131.876302, "url": "https://www.iryou.teikyouseido.mhlw.go.jp/znk-web/juminkanja/S2430/initialize?prefCd=44&kikanCd=1042400000&kikanKbn=2", "url2": "http://www.oasis-hp.jp", "内容": "菜の花クリニック【2:診療所】【診療科目:内科_呼吸器内科_循環器内科_消化器内科_眼科】大分県大分市佐賀関２２６６番地" }, "geometry": { "type": "Point", "coordinates": [ 131.876302, 33.249206 ] } },
{ "type": "Feature", "properties": { "ID": 4421042500000, "正式名称": "きたまち消化器・肛門外科", "機関区分": 2, "都道府県コード": 44, "市区町村コード": 201, "所在地": "大分県大分市明野北１－７－１", "緯度": 33.22729, "経度": 131.652067, "url": "https://www.iryou.teikyouseido.mhlw.go.jp/znk-web/juminkanja/S2430/initialize?prefCd=44&kikanCd=1042500000&kikanKbn=2", "url2": "https://www.kitamachi-cl.jp/", "内容": "きたまち消化器・肛門外科【2:診療所】【診療科目:消化器内科_肛門外科】大分県大分市明野北１－７－１" }, "geometry": { "type": "Point", "coordinates": [ 131.652067, 33.22729 ] } },
{ "type": "Feature", "properties": { "ID": 4421042600000, "正式名称": "南原クリニック", "機関区分": 2, "都道府県コード": 44, "市区町村コード": 201, "所在地": "大分県大分市新春日町２－４－３", "緯度": 33.232621, "経度": 131.590408, "url": "https://www.iryou.teikyouseido.mhlw.go.jp/znk-web/juminkanja/S2430/initialize?prefCd=44&kikanCd=1042600000&kikanKbn=2", "url2": "http://nanbara-cl.com/", "内容": "南原クリニック【2:診療所】【診療科目:内科_糖尿病内科_糖尿病・代謝内科_気管食道内科_消化器内科_胃腸内科_腫瘍内科_内視鏡内科_外科_肛門外科】大分県大分市新春日町２－４－３" }, "geometry": { "type": "Point", "coordinates": [ 131.590408, 33.232621 ] } },
{ "type": "Feature", "properties": { "ID": 4421042800000, "正式名称": "のつはる診療所", "機関区分": 2, "都道府県コード": 44, "市区町村コード": 201, "所在地": "大分県大分市野津原９０６番地の１", "緯度": 33.161646, "経度": 131.530063, "url": "https://www.iryou.teikyouseido.mhlw.go.jp/znk-web/juminkanja/S2430/initialize?prefCd=44&kikanCd=1042800000&kikanKbn=2", "url2": null, "内容": "のつはる診療所【2:診療所】【診療科目:内科_循環器内科_外科_整形外科_リハビリテーション科】大分県大分市野津原９０６番地の１" }, "geometry": { "type": "Point", "coordinates": [ 131.530063, 33.161646 ] } },
{ "type": "Feature", "properties": { "ID": 4421042900000, "正式名称": "ハートクリニック", "機関区分": 2, "都道府県コード": 44, "市区町村コード": 201, "所在地": "大分県大分市光吉台", "緯度": 33.192379, "経度": 131.603273, "url": "https://www.iryou.teikyouseido.mhlw.go.jp/znk-web/juminkanja/S2430/initialize?prefCd=44&kikanCd=1042900000&kikanKbn=2", "url2": "http://www.heart-cl.com", "内容": "ハートクリニック【2:診療所】【診療科目:内科_循環器内科_緩和ケア内科】大分県大分市光吉台" }, "geometry": { "type": "Point", "coordinates": [ 131.603273, 33.192379 ] } },
{ "type": "Feature", "properties": { "ID": 4421043000000, "正式名称": "博愛診療所", "機関区分": 2, "都道府県コード": 44, "市区町村コード": 201, "所在地": "大分県大分市野田８１８番地", "緯度": 33.196967, "経度": 131.541742, "url": "https://www.iryou.teikyouseido.mhlw.go.jp/znk-web/juminkanja/S2430/initialize?prefCd=44&kikanCd=1043000000&kikanKbn=2", "url2": "http://www.hakuai.org/", "内容": "博愛診療所【2:診療所】【診療科目:内科_神経内科_精神科】大分県大分市野田８１８番地" }, "geometry": { "type": "Point", "coordinates": [ 131.541742, 33.196967 ] } },
{ "type": "Feature", "properties": { "ID": 4421043300000, "正式名称": "橋本形成外科", "機関区分": 2, "都道府県コード": 44, "市区町村コード": 201, "所在地": "大分県大分市府内町二丁目三の二十四前川ビル二階", "緯度": 33.2365, "経度": 131.609883, "url": "https://www.iryou.teikyouseido.mhlw.go.jp/znk-web/juminkanja/S2430/initialize?prefCd=44&kikanCd=1043300000&kikanKbn=2", "url2": null, "内容": "橋本形成外科【2:診療所】【診療科目:形成外科_美容外科_リハビリテーション科】大分県大分市府内町二丁目三の二十四前川ビル二階" }, "geometry": { "type": "Point", "coordinates": [ 131.609883, 33.2365 ] } },
{ "type": "Feature", "properties": { "ID": 4421043500000, "正式名称": "馬場クリニック", "機関区分": 2, "都道府県コード": 44, "市区町村コード": 201, "所在地": "大分県大分市府内町１ー６ー３５", "緯度": 33.235922, "経度": 131.611103, "url": "https://www.iryou.teikyouseido.mhlw.go.jp/znk-web/juminkanja/S2430/initialize?prefCd=44&kikanCd=1043500000&kikanKbn=2", "url2": "https://baba-dr.com/", "内容": "馬場クリニック【2:診療所】【診療科目:内科_精神科_神経科_心療内科】大分県大分市府内町１ー６ー３５" }, "geometry": { "type": "Point", "coordinates": [ 131.611103, 33.235922 ] } },
{ "type": "Feature", "properties": { "ID": 4421043600000, "正式名称": "濱田皮膚科医院", "機関区分": 2, "都道府県コード": 44, "市区町村コード": 201, "所在地": "大分県大分市南鶴崎", "緯度": 33.239261, "経度": 131.68986, "url": "https://www.iryou.teikyouseido.mhlw.go.jp/znk-web/juminkanja/S2430/initialize?prefCd=44&kikanCd=1043600000&kikanKbn=2", "url2": "http://www.hamada-hifuka.jp/", "内容": "濱田皮膚科医院【2:診療所】【診療科目:皮膚科_美容皮膚科】大分県大分市南鶴崎" }, "geometry": { "type": "Point", "coordinates": [ 131.68986, 33.239261 ] } },
{ "type": "Feature", "properties": { "ID": 4421043700000, "正式名称": "東九州泌尿器科", "機関区分": 2, "都道府県コード": 44, "市区町村コード": 201, "所在地": "大分県大分市明野高尾２丁目２７－３", "緯度": 33.21674, "経度": 131.649422, "url": "https://www.iryou.teikyouseido.mhlw.go.jp/znk-web/juminkanja/S2430/initialize?prefCd=44&kikanCd=1043700000&kikanKbn=2", "url2": "http://fc00041120172010.web3.blks.jp/", "内容": "東九州泌尿器科【2:診療所】【診療科目:腎臓内科_泌尿器科_男性泌尿器科】大分県大分市明野高尾２丁目２７－３" }, "geometry": { "type": "Point", "coordinates": [ 131.649422, 33.21674 ] } },
{ "type": "Feature", "properties": { "ID": 4421043800000, "正式名称": "ひがし内科医院", "機関区分": 2, "都道府県コード": 44, "市区町村コード": 201, "所在地": "大分県大分市上宗方５２４番の１", "緯度": 33.198266, "経度": 131.581125, "url": "https://www.iryou.teikyouseido.mhlw.go.jp/znk-web/juminkanja/S2430/initialize?prefCd=44&kikanCd=1043800000&kikanKbn=2", "url2": "https://www.higashinaika.com", "内容": "ひがし内科医院【2:診療所】【診療科目:内科_糖尿病内科_代謝内科_内分泌内科_呼吸器内科_循環器内科_消化器内科_神経科】大分県大分市上宗方５２４番の１" }, "geometry": { "type": "Point", "coordinates": [ 131.581125, 33.198266 ] } },
{ "type": "Feature", "properties": { "ID": 4421044000000, "正式名称": "日野医院", "機関区分": 2, "都道府県コード": 44, "市区町村コード": 201, "所在地": "大分県大分市宮崎８３２－４", "緯度": 33.198617, "経度": 131.607823, "url": "https://www.iryou.teikyouseido.mhlw.go.jp/znk-web/juminkanja/S2430/initialize?prefCd=44&kikanCd=1044000000&kikanKbn=2", "url2": "http://hino-cl.com", "内容": "日野医院【2:診療所】【診療科目:内科_胃腸内科】大分県大分市宮崎８３２－４" }, "geometry": { "type": "Point", "coordinates": [ 131.607823, 33.198617 ] } },
{ "type": "Feature", "properties": { "ID": 4421044100000, "正式名称": "皮膚科市川医院", "機関区分": 2, "都道府県コード": 44, "市区町村コード": 201, "所在地": "大分県大分市中央町", "緯度": 33.238373, "経度": 131.604999, "url": "https://www.iryou.teikyouseido.mhlw.go.jp/znk-web/juminkanja/S2430/initialize?prefCd=44&kikanCd=1044100000&kikanKbn=2", "url2": "https://hifuka-ichikawa.com/", "内容": "皮膚科市川医院【2:診療所】【診療科目:皮膚科】大分県大分市中央町" }, "geometry": { "type": "Point", "coordinates": [ 131.604999, 33.238373 ] } },
{ "type": "Feature", "properties": { "ID": 4421044400000, "正式名称": "平岡外科医院", "機関区分": 2, "都道府県コード": 44, "市区町村コード": 201, "所在地": "大分県大分市宮崎", "緯度": 33.196321, "経度": 131.610781, "url": "https://www.iryou.teikyouseido.mhlw.go.jp/znk-web/juminkanja/S2430/initialize?prefCd=44&kikanCd=1044400000&kikanKbn=2", "url2": "http://www.hiraoka-geka.com", "内容": "平岡外科医院【2:診療所】【診療科目:内科_胃腸内科_外科_肛門外科_整形外科_リハビリテーション科】大分県大分市宮崎" }, "geometry": { "type": "Point", "coordinates": [ 131.610781, 33.196321 ] } },
{ "type": "Feature", "properties": { "ID": 4421044600000, "正式名称": "ひらた医院", "機関区分": 2, "都道府県コード": 44, "市区町村コード": 201, "所在地": "大分県大分市田尻４７８", "緯度": 33.189156, "経度": 131.593989, "url": "https://www.iryou.teikyouseido.mhlw.go.jp/znk-web/juminkanja/S2430/initialize?prefCd=44&kikanCd=1044600000&kikanKbn=2", "url2": "https://www.hirataiin.com", "内容": "ひらた医院【2:診療所】【診療科目:内科_胃腸内科_外科_肛門外科】大分県大分市田尻４７８" }, "geometry": { "type": "Point", "coordinates": [ 131.593989, 33.189156 ] } },
{ "type": "Feature", "properties": { "ID": 4421044700000, "正式名称": "深川内科クリニック", "機関区分": 2, "都道府県コード": 44, "市区町村コード": 201, "所在地": "大分県大分市中央町２丁目１番１７号　ブンゴヤ本社ビル３０１号", "緯度": 33.235888, "経度": 131.605761, "url": "https://www.iryou.teikyouseido.mhlw.go.jp/znk-web/juminkanja/S2430/initialize?prefCd=44&kikanCd=1044700000&kikanKbn=2", "url2": "https://www.fukagawa-clinic.com/", "内容": "深川内科クリニック【2:診療所】【診療科目:内科_心療内科】大分県大分市中央町２丁目１番１７号　ブンゴヤ本社ビル３０１号" }, "geometry": { "type": "Point", "coordinates": [ 131.605761, 33.235888 ] } },
{ "type": "Feature", "properties": { "ID": 4421045000000, "正式名称": "医療法人　福田内科医院", "機関区分": 2, "都道府県コード": 44, "市区町村コード": 201, "所在地": "大分県大分市坂ノ市西２丁目１番５号", "緯度": 33.22851, "経度": 131.748666, "url": "https://www.iryou.teikyouseido.mhlw.go.jp/znk-web/juminkanja/S2430/initialize?prefCd=44&kikanCd=1045000000&kikanKbn=2", "url2": null, "内容": "医療法人　福田内科医院【2:診療所】【診療科目:内科_糖尿病内科_呼吸器内科_循環器内科_消化器内科】大分県大分市坂ノ市西２丁目１番５号" }, "geometry": { "type": "Point", "coordinates": [ 131.748666, 33.22851 ] } },
{ "type": "Feature", "properties": { "ID": 4421045100000, "正式名称": "福光医院", "機関区分": 2, "都道府県コード": 44, "市区町村コード": 201, "所在地": "大分県大分市下郡１８５４番地の１", "緯度": 33.231837, "経度": 131.634673, "url": "https://www.iryou.teikyouseido.mhlw.go.jp/znk-web/juminkanja/S2430/initialize?prefCd=44&kikanCd=1045100000&kikanKbn=2", "url2": "http://www.fukumitsu-iin.com", "内容": "福光医院【2:診療所】【診療科目:内科_胃腸内科_外科_肛門外科_整形外科_心療内科】大分県大分市下郡１８５４番地の１" }, "geometry": { "type": "Point", "coordinates": [ 131.634673, 33.231837 ] } },
{ "type": "Feature", "properties": { "ID": 4421045200000, "正式名称": "藤井医院　皮膚科・形成外科", "機関区分": 2, "都道府県コード": 44, "市区町村コード": 201, "所在地": "大分県大分市府内町２－１－２２", "緯度": 33.236772, "経度": 131.608297, "url": "https://www.iryou.teikyouseido.mhlw.go.jp/znk-web/juminkanja/S2430/initialize?prefCd=44&kikanCd=1045200000&kikanKbn=2", "url2": null, "内容": "藤井医院　皮膚科・形成外科【2:診療所】【診療科目:形成外科_皮膚科】大分県大分市府内町２－１－２２" }, "geometry": { "type": "Point", "coordinates": [ 131.608297, 33.236772 ] } },
{ "type": "Feature", "properties": { "ID": 4421045300000, "正式名称": "藤垣クリニック", "機関区分": 2, "都道府県コード": 44, "市区町村コード": 201, "所在地": "大分県大分市大字羽田１９４－３", "緯度": 33.217672, "経度": 131.636815, "url": "https://www.iryou.teikyouseido.mhlw.go.jp/znk-web/juminkanja/S2430/initialize?prefCd=44&kikanCd=1045300000&kikanKbn=2", "url2": "http://fujigaki.d2.r-cms.jp/", "内容": "藤垣クリニック【2:診療所】【診療科目:内科_リハビリテーション科_麻酔科】大分県大分市大字羽田１９４－３" }, "geometry": { "type": "Point", "coordinates": [ 131.636815, 33.217672 ] } },
{ "type": "Feature", "properties": { "ID": 4421045400000, "正式名称": "ふじさお内科クリニック", "機関区分": 2, "都道府県コード": 44, "市区町村コード": 201, "所在地": "大分県大分市長浜町", "緯度": 33.235975, "経度": 131.616185, "url": "https://www.iryou.teikyouseido.mhlw.go.jp/znk-web/juminkanja/S2430/initialize?prefCd=44&kikanCd=1045400000&kikanKbn=2", "url2": "http://www.fujisao.sakura.ne.jp", "内容": "ふじさお内科クリニック【2:診療所】【診療科目:内科_呼吸器内科_循環器内科_消化器内科_アレルギー疾患内科_小児科_心療内科_リウマチ科】大分県大分市長浜町" }, "geometry": { "type": "Point", "coordinates": [ 131.616185, 33.235975 ] } },
{ "type": "Feature", "properties": { "ID": 4421045500000, "正式名称": "藤沢小児科・アレルギー科医院", "機関区分": 2, "都道府県コード": 44, "市区町村コード": 201, "所在地": "大分県大分市森５４１－１", "緯度": 33.223414, "経度": 131.679697, "url": "https://www.iryou.teikyouseido.mhlw.go.jp/znk-web/juminkanja/S2430/initialize?prefCd=44&kikanCd=1045500000&kikanKbn=2", "url2": null, "内容": "藤沢小児科・アレルギー科医院【2:診療所】【診療科目:小児科_アレルギー科】大分県大分市森５４１－１" }, "geometry": { "type": "Point", "coordinates": [ 131.679697, 33.223414 ] } },
{ "type": "Feature", "properties": { "ID": 4421045600000, "正式名称": "藤島クリニック", "機関区分": 2, "都道府県コード": 44, "市区町村コード": 201, "所在地": "大分県大分市深河内二丁目二番十二号", "緯度": 33.215695, "経度": 131.577856, "url": "https://www.iryou.teikyouseido.mhlw.go.jp/znk-web/juminkanja/S2430/initialize?prefCd=44&kikanCd=1045600000&kikanKbn=2", "url2": "https://www.big-advance.site/s/207/1488", "内容": "藤島クリニック【2:診療所】【診療科目:内科_外科】大分県大分市深河内二丁目二番十二号" }, "geometry": { "type": "Point", "coordinates": [ 131.577856, 33.215695 ] } },
{ "type": "Feature", "properties": { "ID": 4421045700000, "正式名称": "医療法人　ふじしま整形外科", "機関区分": 2, "都道府県コード": 44, "市区町村コード": 201, "所在地": "大分県大分市中判田１５−９５", "緯度": 33.169477, "経度": 131.635238, "url": "https://www.iryou.teikyouseido.mhlw.go.jp/znk-web/juminkanja/S2430/initialize?prefCd=44&kikanCd=1045700000&kikanKbn=2", "url2": "http://fujishima-orthopedics.com/index.html", "内容": "医療法人　ふじしま整形外科【2:診療所】【診療科目:整形外科_リウマチ科_リハビリテーション科_麻酔科】大分県大分市中判田１５−９５" }, "geometry": { "type": "Point", "coordinates": [ 131.635238, 33.169477 ] } },
{ "type": "Feature", "properties": { "ID": 4421045900000, "正式名称": "藤本整形外科医院", "機関区分": 2, "都道府県コード": 44, "市区町村コード": 201, "所在地": "大分県大分市賀来北２丁目１０－１８", "緯度": 33.212768, "経度": 131.566923, "url": "https://www.iryou.teikyouseido.mhlw.go.jp/znk-web/juminkanja/S2430/initialize?prefCd=44&kikanCd=1045900000&kikanKbn=2", "url2": "http://fujimoto-seikei.net", "内容": "藤本整形外科医院【2:診療所】【診療科目:整形外科_リハビリテーション科】大分県大分市賀来北２丁目１０－１８" }, "geometry": { "type": "Point", "coordinates": [ 131.566923, 33.212768 ] } },
{ "type": "Feature", "properties": { "ID": 4421046100000, "正式名称": "府内耳鼻咽喉科", "機関区分": 2, "都道府県コード": 44, "市区町村コード": 201, "所在地": "大分県大分市府内町２丁目３ー３０　ヴィーナスビル２階", "緯度": 33.236402, "経度": 131.609155, "url": "https://www.iryou.teikyouseido.mhlw.go.jp/znk-web/juminkanja/S2430/initialize?prefCd=44&kikanCd=1046100000&kikanKbn=2", "url2": "https://funai-ent.com/", "内容": "府内耳鼻咽喉科【2:診療所】【診療科目:内科_気管食道外科_形成外科_耳鼻いんこう科_アレルギー科】大分県大分市府内町２丁目３ー３０　ヴィーナスビル２階" }, "geometry": { "type": "Point", "coordinates": [ 131.609155, 33.236402 ] } },
{ "type": "Feature", "properties": { "ID": 4421046200000, "正式名称": "古国府クリニック", "機関区分": 2, "都道府県コード": 44, "市区町村コード": 201, "所在地": "大分県大分市古国府五丁目１番３３号", "緯度": 33.215971, "経度": 131.606303, "url": "https://www.iryou.teikyouseido.mhlw.go.jp/znk-web/juminkanja/S2430/initialize?prefCd=44&kikanCd=1046200000&kikanKbn=2", "url2": "http://furugoucl.g1.xrea.com/", "内容": "古国府クリニック【2:診療所】【診療科目:内分泌内科_糖尿病・代謝内科_精神科_神経科_心療内科】大分県大分市古国府五丁目１番３３号" }, "geometry": { "type": "Point", "coordinates": [ 131.606303, 33.215971 ] } },
{ "type": "Feature", "properties": { "ID": 4421046400000, "正式名称": "ぶんどう耳鼻咽喉科クリニック", "機関区分": 2, "都道府県コード": 44, "市区町村コード": 201, "所在地": "大分県大分市賀来北２−５−１２", "緯度": 33.215407, "経度": 131.568811, "url": "https://www.iryou.teikyouseido.mhlw.go.jp/znk-web/juminkanja/S2430/initialize?prefCd=44&kikanCd=1046400000&kikanKbn=2", "url2": "http://www.bundo-ent.com/bundo-ent/HOME.html", "内容": "ぶんどう耳鼻咽喉科クリニック【2:診療所】【診療科目:耳鼻いんこう科_アレルギー科】大分県大分市賀来北２−５−１２" }, "geometry": { "type": "Point", "coordinates": [ 131.568811, 33.215407 ] } },
{ "type": "Feature", "properties": { "ID": 4421046700000, "正式名称": "朋友クリニック", "機関区分": 2, "都道府県コード": 44, "市区町村コード": 201, "所在地": "大分県大分市下宗方", "緯度": 33.19618, "経度": 131.589313, "url": "https://www.iryou.teikyouseido.mhlw.go.jp/znk-web/juminkanja/S2430/initialize?prefCd=44&kikanCd=1046700000&kikanKbn=2", "url2": "http://clinic.oita-hoyu.com", "内容": "朋友クリニック【2:診療所】【診療科目:内科_胃腸内科_外科_大腸・肛門外科_整形外科_精神科_リハビリテーション科】大分県大分市下宗方" }, "geometry": { "type": "Point", "coordinates": [ 131.589313, 33.19618 ] } },
{ "type": "Feature", "properties": { "ID": 4421046800000, "正式名称": "ほしの整形外科クリニック", "機関区分": 2, "都道府県コード": 44, "市区町村コード": 201, "所在地": "大分県大分市今津留３－２－３", "緯度": 33.241442, "経度": 131.627323, "url": "https://www.iryou.teikyouseido.mhlw.go.jp/znk-web/juminkanja/S2430/initialize?prefCd=44&kikanCd=1046800000&kikanKbn=2", "url2": null, "内容": "ほしの整形外科クリニック【2:診療所】【診療科目:整形外科_リウマチ科】大分県大分市今津留３－２－３" }, "geometry": { "type": "Point", "coordinates": [ 131.627323, 33.241442 ] } },
{ "type": "Feature", "properties": { "ID": 4421046900000, "正式名称": "細川内科クリニック", "機関区分": 2, "都道府県コード": 44, "市区町村コード": 201, "所在地": "大分県大分市千代町１丁目２番３５号", "緯度": 33.243657, "経度": 131.606772, "url": "https://www.iryou.teikyouseido.mhlw.go.jp/znk-web/juminkanja/S2430/initialize?prefCd=44&kikanCd=1046900000&kikanKbn=2", "url2": null, "内容": "細川内科クリニック【2:診療所】【診療科目:内科_血液内科_小児科_アレルギー科】大分県大分市千代町１丁目２番３５号" }, "geometry": { "type": "Point", "coordinates": [ 131.606772, 33.243657 ] } },
{ "type": "Feature", "properties": { "ID": 4421047000000, "正式名称": "星生クリニック", "機関区分": 2, "都道府県コード": 44, "市区町村コード": 201, "所在地": "大分県大分市東大道１－８－１５－２階", "緯度": 33.23115, "経度": 131.604053, "url": "https://www.iryou.teikyouseido.mhlw.go.jp/znk-web/juminkanja/S2430/initialize?prefCd=44&kikanCd=1047000000&kikanKbn=2", "url2": null, "内容": "星生クリニック【2:診療所】【診療科目:内科_精神科_神経科_心療内科】大分県大分市東大道１－８－１５－２階" }, "geometry": { "type": "Point", "coordinates": [ 131.604053, 33.23115 ] } },
{ "type": "Feature", "properties": { "ID": 4421047100000, "正式名称": "医療法人　堀耳鼻咽喉科クリニック", "機関区分": 2, "都道府県コード": 44, "市区町村コード": 201, "所在地": "大分県大分市羽田１１２番地１", "緯度": 33.217725, "経度": 131.637549, "url": "https://www.iryou.teikyouseido.mhlw.go.jp/znk-web/juminkanja/S2430/initialize?prefCd=44&kikanCd=1047100000&kikanKbn=2", "url2": "http://www.hori-jibi.com/", "内容": "医療法人　堀耳鼻咽喉科クリニック【2:診療所】【診療科目:耳鼻いんこう科】大分県大分市羽田１１２番地１" }, "geometry": { "type": "Point", "coordinates": [ 131.637549, 33.217725 ] } },
{ "type": "Feature", "properties": { "ID": 4421047200000, "正式名称": "堀内科", "機関区分": 2, "都道府県コード": 44, "市区町村コード": 201, "所在地": "大分県大分市三佐１丁目７番８号", "緯度": 33.252042, "経度": 131.677716, "url": "https://www.iryou.teikyouseido.mhlw.go.jp/znk-web/juminkanja/S2430/initialize?prefCd=44&kikanCd=1047200000&kikanKbn=2", "url2": null, "内容": "堀内科【2:診療所】【診療科目:内科】大分県大分市三佐１丁目７番８号" }, "geometry": { "type": "Point", "coordinates": [ 131.677716, 33.252042 ] } },
{ "type": "Feature", "properties": { "ID": 4421047300000, "正式名称": "堀永産婦人科医院", "機関区分": 2, "都道府県コード": 44, "市区町村コード": 201, "所在地": "大分県大分市府内町２－５－１３", "緯度": 33.236819, "経度": 131.610822, "url": "https://www.iryou.teikyouseido.mhlw.go.jp/znk-web/juminkanja/S2430/initialize?prefCd=44&kikanCd=1047300000&kikanKbn=2", "url2": "http://horinaga.net/", "内容": "堀永産婦人科医院【2:診療所】【診療科目:産婦人科】大分県大分市府内町２－５－１３" }, "geometry": { "type": "Point", "coordinates": [ 131.610822, 33.236819 ] } },
{ "type": "Feature", "properties": { "ID": 4421047400000, "正式名称": "牧野皮膚科形成外科内科医院", "機関区分": 2, "都道府県コード": 44, "市区町村コード": 201, "所在地": "大分県大分市明野東２－３２－２７", "緯度": 33.224339, "経度": 131.659977, "url": "https://www.iryou.teikyouseido.mhlw.go.jp/znk-web/juminkanja/S2430/initialize?prefCd=44&kikanCd=1047400000&kikanKbn=2", "url2": "http://www.makinoclinic.com/", "内容": "牧野皮膚科形成外科内科医院【2:診療所】【診療科目:内科_消化器内科_形成外科_美容外科_小児科_皮膚科_美容皮膚科_麻酔科】大分県大分市明野東２－３２－２７" }, "geometry": { "type": "Point", "coordinates": [ 131.659977, 33.224339 ] } },
{ "type": "Feature", "properties": { "ID": 4421047700000, "正式名称": "松岡メディカルクリニック", "機関区分": 2, "都道府県コード": 44, "市区町村コード": 201, "所在地": "大分県大分市松岡１８２４－１", "緯度": 33.178652, "経度": 131.663697, "url": "https://www.iryou.teikyouseido.mhlw.go.jp/znk-web/juminkanja/S2430/initialize?prefCd=44&kikanCd=1047700000&kikanKbn=2", "url2": "http://www.matuoka.net", "内容": "松岡メディカルクリニック【2:診療所】【診療科目:内科_呼吸器内科_循環器内科_消化器内科_腎臓内科_整形外科_リウマチ科_リハビリテーション科】大分県大分市松岡１８２４－１" }, "geometry": { "type": "Point", "coordinates": [ 131.663697, 33.178652 ] } },
{ "type": "Feature", "properties": { "ID": 4421047800000, "正式名称": "まつお内科クリニック", "機関区分": 2, "都道府県コード": 44, "市区町村コード": 201, "所在地": "大分県大分市中島東２丁目３番７号", "緯度": 33.245007, "経度": 131.615488, "url": "https://www.iryou.teikyouseido.mhlw.go.jp/znk-web/juminkanja/S2430/initialize?prefCd=44&kikanCd=1047800000&kikanKbn=2", "url2": "https://sites.google.com/view/matsuonaika-clinic", "内容": "まつお内科クリニック【2:診療所】【診療科目:内科_呼吸器内科_循環器内科_消化器内科】大分県大分市中島東２丁目３番７号" }, "geometry": { "type": "Point", "coordinates": [ 131.615488, 33.245007 ] } },
{ "type": "Feature", "properties": { "ID": 4421047900000, "正式名称": "松坂さとう消化器内科", "機関区分": 2, "都道府県コード": 44, "市区町村コード": 201, "所在地": "大分県大分市大道町１－２－１", "緯度": 33.233639, "経度": 131.603778, "url": "https://www.iryou.teikyouseido.mhlw.go.jp/znk-web/juminkanja/S2430/initialize?prefCd=44&kikanCd=1047900000&kikanKbn=2", "url2": null, "内容": "松坂さとう消化器内科【2:診療所】【診療科目:内科_呼吸器内科_循環器内科_胃腸内科_リハビリテーション科_放射線科】大分県大分市大道町１－２－１" }, "geometry": { "type": "Point", "coordinates": [ 131.603778, 33.233639 ] } },
{ "type": "Feature", "properties": { "ID": 4421048000000, "正式名称": "松田クリニック", "機関区分": 2, "都道府県コード": 44, "市区町村コード": 201, "所在地": "大分県大分市下徳丸東上鶴１１４－１", "緯度": 33.211191, "経度": 131.689125, "url": "https://www.iryou.teikyouseido.mhlw.go.jp/znk-web/juminkanja/S2430/initialize?prefCd=44&kikanCd=1048000000&kikanKbn=2", "url2": null, "内容": "松田クリニック【2:診療所】【診療科目:内科_糖尿病内科_脳神経内科_呼吸器内科_循環器内科_消化器内科_腎臓内科_小児科_皮膚科_アレルギー科_リウマチ科】大分県大分市下徳丸東上鶴１１４－１" }, "geometry": { "type": "Point", "coordinates": [ 131.689125, 33.211191 ] } },
{ "type": "Feature", "properties": { "ID": 4421048200000, "正式名称": "松本内科循環器科クリニック", "機関区分": 2, "都道府県コード": 44, "市区町村コード": 201, "所在地": "大分県大分市下郡北３丁目２１番２５号", "緯度": 33.230575, "経度": 131.633806, "url": "https://www.iryou.teikyouseido.mhlw.go.jp/znk-web/juminkanja/S2430/initialize?prefCd=44&kikanCd=1048200000&kikanKbn=2", "url2": "http://www.matsumoto-naika.com/", "内容": "松本内科循環器科クリニック【2:診療所】【診療科目:内科_呼吸器内科_循環器内科_腎臓内科_人工透析内科_心療内科_アレルギー科】大分県大分市下郡北３丁目２１番２５号" }, "geometry": { "type": "Point", "coordinates": [ 131.633806, 33.230575 ] } },
{ "type": "Feature", "properties": { "ID": 4421048300000, "正式名称": "松山医院大分腎臓内科", "機関区分": 2, "都道府県コード": 44, "市区町村コード": 201, "所在地": "大分県大分市田尻４５７－１", "緯度": 33.187391, "経度": 131.59445, "url": "https://www.iryou.teikyouseido.mhlw.go.jp/znk-web/juminkanja/S2430/initialize?prefCd=44&kikanCd=1048300000&kikanKbn=2", "url2": "http://www.matsuyama-iin.com", "内容": "松山医院大分腎臓内科【2:診療所】【診療科目:内科_腎臓内科_人工透析内科_リハビリテーション科】大分県大分市田尻４５７－１" }, "geometry": { "type": "Point", "coordinates": [ 131.59445, 33.187391 ] } },
{ "type": "Feature", "properties": { "ID": 4421048500000, "正式名称": "丸井整形外科医院", "機関区分": 2, "都道府県コード": 44, "市区町村コード": 201, "所在地": "大分県大分市東鶴崎１－６－２３", "緯度": 33.23968, "経度": 131.694995, "url": "https://www.iryou.teikyouseido.mhlw.go.jp/znk-web/juminkanja/S2430/initialize?prefCd=44&kikanCd=1048500000&kikanKbn=2", "url2": null, "内容": "丸井整形外科医院【2:診療所】【診療科目:整形外科_リウマチ科_リハビリテーション科】大分県大分市東鶴崎１－６－２３" }, "geometry": { "type": "Point", "coordinates": [ 131.694995, 33.23968 ] } },
{ "type": "Feature", "properties": { "ID": 4421048700000, "正式名称": "医療法人社団芳樹会みうら皮ふ科クリニック", "機関区分": 2, "都道府県コード": 44, "市区町村コード": 201, "所在地": "大分県大分市大字玉沢字垣添７０７番地の１", "緯度": 33.18747, "経度": 131.58197, "url": "https://www.iryou.teikyouseido.mhlw.go.jp/znk-web/juminkanja/S2430/initialize?prefCd=44&kikanCd=1048700000&kikanKbn=2", "url2": "https://www.miura-cl.com", "内容": "医療法人社団芳樹会みうら皮ふ科クリニック【2:診療所】【診療科目:形成外科_皮膚科】大分県大分市大字玉沢字垣添７０７番地の１" }, "geometry": { "type": "Point", "coordinates": [ 131.58197, 33.18747 ] } },
{ "type": "Feature", "properties": { "ID": 4421048800000, "正式名称": "見塩　医院", "機関区分": 2, "都道府県コード": 44, "市区町村コード": 201, "所在地": "大分県大分市坂ノ市中央３－５－８", "緯度": 33.233985, "経度": 131.751738, "url": "https://www.iryou.teikyouseido.mhlw.go.jp/znk-web/juminkanja/S2430/initialize?prefCd=44&kikanCd=1048800000&kikanKbn=2", "url2": null, "内容": "見塩　医院【2:診療所】【診療科目:内科_ペインクリニック内科_麻酔科】大分県大分市坂ノ市中央３－５－８" }, "geometry": { "type": "Point", "coordinates": [ 131.751738, 33.233985 ] } },
{ "type": "Feature", "properties": { "ID": 4421049400000, "正式名称": "みやむらレディースクリニック", "機関区分": 2, "都道府県コード": 44, "市区町村コード": 201, "所在地": "大分県大分市田尻", "緯度": 33.188379, "経度": 131.592405, "url": "https://www.iryou.teikyouseido.mhlw.go.jp/znk-web/juminkanja/S2430/initialize?prefCd=44&kikanCd=1049400000&kikanKbn=2", "url2": "https://miyamura-oita.jp", "内容": "みやむらレディースクリニック【2:診療所】【診療科目:産科_婦人科】大分県大分市田尻" }, "geometry": { "type": "Point", "coordinates": [ 131.592405, 33.188379 ] } },
{ "type": "Feature", "properties": { "ID": 4421049500000, "正式名称": "宮本クリニック", "機関区分": 2, "都道府県コード": 44, "市区町村コード": 201, "所在地": "大分県大分市高松東２丁目７番７号", "緯度": 33.247967, "経度": 131.660612, "url": "https://www.iryou.teikyouseido.mhlw.go.jp/znk-web/juminkanja/S2430/initialize?prefCd=44&kikanCd=1049500000&kikanKbn=2", "url2": "http://www.m-clinic.or.jp", "内容": "宮本クリニック【2:診療所】【診療科目:内科_麻酔科】大分県大分市高松東２丁目７番７号" }, "geometry": { "type": "Point", "coordinates": [ 131.660612, 33.247967 ] } },
{ "type": "Feature", "properties": { "ID": 4421049600000, "正式名称": "医療法人　健耳会　宮本耳鼻咽喉科医院", "機関区分": 2, "都道府県コード": 44, "市区町村コード": 201, "所在地": "大分県大分市大道町４ー５ー３０", "緯度": 33.229447, "経度": 131.597446, "url": "https://www.iryou.teikyouseido.mhlw.go.jp/znk-web/juminkanja/S2430/initialize?prefCd=44&kikanCd=1049600000&kikanKbn=2", "url2": null, "内容": "医療法人　健耳会　宮本耳鼻咽喉科医院【2:診療所】【診療科目:耳鼻いんこう科】大分県大分市大道町４ー５ー３０" }, "geometry": { "type": "Point", "coordinates": [ 131.597446, 33.229447 ] } },
{ "type": "Feature", "properties": { "ID": 4421049700000, "正式名称": "三好医院", "機関区分": 2, "都道府県コード": 44, "市区町村コード": 201, "所在地": "大分県大分市森町", "緯度": 33.228628, "経度": 131.681147, "url": "https://www.iryou.teikyouseido.mhlw.go.jp/znk-web/juminkanja/S2430/initialize?prefCd=44&kikanCd=1049700000&kikanKbn=2", "url2": "https://miyoshiclinic.jp/", "内容": "三好医院【2:診療所】【診療科目:内科_循環器内科_消化器内科_肛門外科_リハビリテーション科】大分県大分市森町" }, "geometry": { "type": "Point", "coordinates": [ 131.681147, 33.228628 ] } },
{ "type": "Feature", "properties": { "ID": 4421049800000, "正式名称": "三好眼科内科医院", "機関区分": 2, "都道府県コード": 44, "市区町村コード": 201, "所在地": "大分県大分市馬場２６６番地", "緯度": 33.239219, "経度": 131.784424, "url": "https://www.iryou.teikyouseido.mhlw.go.jp/znk-web/juminkanja/S2430/initialize?prefCd=44&kikanCd=1049800000&kikanKbn=2", "url2": "http://www.advanced.ne.jp/miyoshi/", "内容": "三好眼科内科医院【2:診療所】【診療科目:内科_眼科】大分県大分市馬場２６６番地" }, "geometry": { "type": "Point", "coordinates": [ 131.784424, 33.239219 ] } },
{ "type": "Feature", "properties": { "ID": 4421049900000, "正式名称": "三好内科循環器科医院", "機関区分": 2, "都道府県コード": 44, "市区町村コード": 201, "所在地": "大分県大分市大字丹川字水ヶ本３７２－１", "緯度": 33.21372, "経度": 131.719122, "url": "https://www.iryou.teikyouseido.mhlw.go.jp/znk-web/juminkanja/S2430/initialize?prefCd=44&kikanCd=1049900000&kikanKbn=2", "url2": null, "内容": "三好内科循環器科医院【2:診療所】【診療科目:内科_循環器内科_眼科】大分県大分市大字丹川字水ヶ本３７２－１" }, "geometry": { "type": "Point", "coordinates": [ 131.719122, 33.21372 ] } },
{ "type": "Feature", "properties": { "ID": 4421050000000, "正式名称": "むねむら大腸肛門クリニック", "機関区分": 2, "都道府県コード": 44, "市区町村コード": 201, "所在地": "大分県大分市古国府五丁目１番２９号", "緯度": 33.215416, "経度": 131.606179, "url": "https://www.iryou.teikyouseido.mhlw.go.jp/znk-web/juminkanja/S2430/initialize?prefCd=44&kikanCd=1050000000&kikanKbn=2", "url2": "http://www.munemura-clinic.com/", "内容": "むねむら大腸肛門クリニック【2:診療所】【診療科目:内科_消化器内科_胃腸内科_外科_消化器外科_胃腸外科_肛門外科_麻酔科】大分県大分市古国府五丁目１番２９号" }, "geometry": { "type": "Point", "coordinates": [ 131.606179, 33.215416 ] } },
{ "type": "Feature", "properties": { "ID": 4421050200000, "正式名称": "明治河野医院", "機関区分": 2, "都道府県コード": 44, "市区町村コード": 201, "所在地": "大分県大分市横尾３９３７の８", "緯度": 33.215907, "経度": 131.66381, "url": "https://www.iryou.teikyouseido.mhlw.go.jp/znk-web/juminkanja/S2430/initialize?prefCd=44&kikanCd=1050200000&kikanKbn=2", "url2": "http://www.m-kawano.com", "内容": "明治河野医院【2:診療所】【診療科目:内科_呼吸器内科_漢方内科_外科_呼吸器外科】大分県大分市横尾３９３７の８" }, "geometry": { "type": "Point", "coordinates": [ 131.66381, 33.215907 ] } },
{ "type": "Feature", "properties": { "ID": 4421050300000, "正式名称": "めのクリニック", "機関区分": 2, "都道府県コード": 44, "市区町村コード": 201, "所在地": "大分県大分市明野高尾三丁目１番地の１", "緯度": 33.210323, "経度": 131.649645, "url": "https://www.iryou.teikyouseido.mhlw.go.jp/znk-web/juminkanja/S2430/initialize?prefCd=44&kikanCd=1050300000&kikanKbn=2", "url2": null, "内容": "めのクリニック【2:診療所】【診療科目:内科_外科】大分県大分市明野高尾三丁目１番地の１" }, "geometry": { "type": "Point", "coordinates": [ 131.649645, 33.210323 ] } },
{ "type": "Feature", "properties": { "ID": 4421050500000, "正式名称": "医療法人仁友会森内科医院", "機関区分": 2, "都道府県コード": 44, "市区町村コード": 201, "所在地": "大分県大分市下郡北３丁目２３番２５号", "緯度": 33.231109, "経度": 131.633014, "url": "https://www.iryou.teikyouseido.mhlw.go.jp/znk-web/juminkanja/S2430/initialize?prefCd=44&kikanCd=1050500000&kikanKbn=2", "url2": "http://m-naikai.com/", "内容": "医療法人仁友会森内科医院【2:診療所】【診療科目:内科_糖尿病内科_糖尿病・内分泌内科_呼吸器内科_循環器内科_消化器内科_胃腸内科_肝臓内科_内視鏡内科_放射線科】大分県大分市下郡北３丁目２３番２５号" }, "geometry": { "type": "Point", "coordinates": [ 131.633014, 33.231109 ] } },
{ "type": "Feature", "properties": { "ID": 4421050600000, "正式名称": "医療法人安武医院　安武クリニック", "機関区分": 2, "都道府県コード": 44, "市区町村コード": 201, "所在地": "大分県大分市今津留１丁目３番１４号", "緯度": 33.240797, "経度": 131.62514, "url": "https://www.iryou.teikyouseido.mhlw.go.jp/znk-web/juminkanja/S2430/initialize?prefCd=44&kikanCd=1050600000&kikanKbn=2", "url2": null, "内容": "医療法人安武医院　安武クリニック【2:診療所】【診療科目:整形外科_産婦人科_婦人科_リハビリテーション科】大分県大分市今津留１丁目３番１４号" }, "geometry": { "type": "Point", "coordinates": [ 131.62514, 33.240797 ] } },
{ "type": "Feature", "properties": { "ID": 4421050800000, "正式名称": "医療法人矢野眼科", "機関区分": 2, "都道府県コード": 44, "市区町村コード": 201, "所在地": "大分県大分市中央町１丁目５番１０号", "緯度": 33.238293, "経度": 131.60677, "url": "https://www.iryou.teikyouseido.mhlw.go.jp/znk-web/juminkanja/S2430/initialize?prefCd=44&kikanCd=1050800000&kikanKbn=2", "url2": "http://www.yano-ganka.co.jp", "内容": "医療法人矢野眼科【2:診療所】【診療科目:眼科】大分県大分市中央町１丁目５番１０号" }, "geometry": { "type": "Point", "coordinates": [ 131.60677, 33.238293 ] } },
{ "type": "Feature", "properties": { "ID": 4421051100000, "正式名称": "山口内科胃腸クリニック", "機関区分": 2, "都道府県コード": 44, "市区町村コード": 201, "所在地": "大分県大分市小池原１１１３－１", "緯度": 33.234799, "経度": 131.661079, "url": "https://www.iryou.teikyouseido.mhlw.go.jp/znk-web/juminkanja/S2430/initialize?prefCd=44&kikanCd=1051100000&kikanKbn=2", "url2": "http://yamaguchi-cl-ooita.com", "内容": "山口内科胃腸クリニック【2:診療所】【診療科目:内科_胃腸内科_外科_肛門外科】大分県大分市小池原１１１３－１" }, "geometry": { "type": "Point", "coordinates": [ 131.661079, 33.234799 ] } },
{ "type": "Feature", "properties": { "ID": 4421051200000, "正式名称": "山下クリニック", "機関区分": 2, "都道府県コード": 44, "市区町村コード": 201, "所在地": "大分県大分市府内町１－５－１　コスモ２　３階", "緯度": 33.236402, "経度": 131.609155, "url": "https://www.iryou.teikyouseido.mhlw.go.jp/znk-web/juminkanja/S2430/initialize?prefCd=44&kikanCd=1051200000&kikanKbn=2", "url2": "https://yamashita-painclinic.com/#access", "内容": "山下クリニック【2:診療所】【診療科目:内科_麻酔科】大分県大分市府内町１－５－１　コスモ２　３階" }, "geometry": { "type": "Point", "coordinates": [ 131.609155, 33.236402 ] } },
{ "type": "Feature", "properties": { "ID": 4421051300000, "正式名称": "山下循環器科内科", "機関区分": 2, "都道府県コード": 44, "市区町村コード": 201, "所在地": "大分県大分市下判田", "緯度": 33.163672, "経度": 131.642754, "url": "https://www.iryou.teikyouseido.mhlw.go.jp/znk-web/juminkanja/S2430/initialize?prefCd=44&kikanCd=1051300000&kikanKbn=2", "url2": "http://yamashita.chobi.net/", "内容": "山下循環器科内科【2:診療所】【診療科目:内科_循環器内科_消化器内科_リハビリテーション科】大分県大分市下判田" }, "geometry": { "type": "Point", "coordinates": [ 131.642754, 33.163672 ] } },
{ "type": "Feature", "properties": { "ID": 4421051500000, "正式名称": "医療法人　健和会　山田クリニック", "機関区分": 2, "都道府県コード": 44, "市区町村コード": 201, "所在地": "大分県大分市府内町２丁目３番３０号　ヴィーナスビル５階", "緯度": 33.236471, "経度": 131.609167, "url": "https://www.iryou.teikyouseido.mhlw.go.jp/znk-web/juminkanja/S2430/initialize?prefCd=44&kikanCd=1051500000&kikanKbn=2", "url2": "https://www.yamadaclinic.net", "内容": "医療法人　健和会　山田クリニック【2:診療所】【診療科目:精神科_心療内科】大分県大分市府内町２丁目３番３０号　ヴィーナスビル５階" }, "geometry": { "type": "Point", "coordinates": [ 131.609167, 33.236471 ] } },
{ "type": "Feature", "properties": { "ID": 4421051600000, "正式名称": "医療法人健山会山田整形外科クリニック", "機関区分": 2, "都道府県コード": 44, "市区町村コード": 201, "所在地": "大分県大分市下郡中央１丁目５番２０号", "緯度": 33.225118, "経度": 131.630888, "url": "https://www.iryou.teikyouseido.mhlw.go.jp/znk-web/juminkanja/S2430/initialize?prefCd=44&kikanCd=1051600000&kikanKbn=2", "url2": null, "内容": "医療法人健山会山田整形外科クリニック【2:診療所】【診療科目:整形外科_リウマチ科_リハビリテーション科】大分県大分市下郡中央１丁目５番２０号" }, "geometry": { "type": "Point", "coordinates": [ 131.630888, 33.225118 ] } },
{ "type": "Feature", "properties": { "ID": 4421051800000, "正式名称": "医療法人星水会　弓崎耳鼻咽喉科・気管食道科", "機関区分": 2, "都道府県コード": 44, "市区町村コード": 201, "所在地": "大分県大分市生石３丁目１番２９号　西の丸ビル１階", "緯度": 33.244212, "経度": 131.587905, "url": "https://www.iryou.teikyouseido.mhlw.go.jp/znk-web/juminkanja/S2430/initialize?prefCd=44&kikanCd=1051800000&kikanKbn=2", "url2": null, "内容": "医療法人星水会　弓崎耳鼻咽喉科・気管食道科【2:診療所】【診療科目:気管食道内科_耳鼻いんこう科】大分県大分市生石３丁目１番２９号　西の丸ビル１階" }, "geometry": { "type": "Point", "coordinates": [ 131.587905, 33.244212 ] } },
{ "type": "Feature", "properties": { "ID": 4421052100000, "正式名称": "吉田胃腸科・外科・肛門科", "機関区分": 2, "都道府県コード": 44, "市区町村コード": 201, "所在地": "大分県大分市城原１７６９番地の９", "緯度": 33.237561, "経度": 131.72862, "url": "https://www.iryou.teikyouseido.mhlw.go.jp/znk-web/juminkanja/S2430/initialize?prefCd=44&kikanCd=1052100000&kikanKbn=2", "url2": null, "内容": "吉田胃腸科・外科・肛門科【2:診療所】【診療科目:糖尿病内科_胃腸内科_肛門外科】大分県大分市城原１７６９番地の９" }, "geometry": { "type": "Point", "coordinates": [ 131.72862, 33.237561 ] } },
{ "type": "Feature", "properties": { "ID": 4421052300000, "正式名称": "吉村耳鼻咽喉科", "機関区分": 2, "都道府県コード": 44, "市区町村コード": 201, "所在地": "大分県大分市森町５６５－１", "緯度": 33.225477, "経度": 131.680001, "url": "https://www.iryou.teikyouseido.mhlw.go.jp/znk-web/juminkanja/S2430/initialize?prefCd=44&kikanCd=1052300000&kikanKbn=2", "url2": null, "内容": "吉村耳鼻咽喉科【2:診療所】【診療科目:耳鼻いんこう科】大分県大分市森町５６５－１" }, "geometry": { "type": "Point", "coordinates": [ 131.680001, 33.225477 ] } },
{ "type": "Feature", "properties": { "ID": 4421052400000, "正式名称": "吉村内科循環器科クリニック", "機関区分": 2, "都道府県コード": 44, "市区町村コード": 201, "所在地": "大分県大分市常行２６６番地１", "緯度": 33.212948, "経度": 131.688867, "url": "https://www.iryou.teikyouseido.mhlw.go.jp/znk-web/juminkanja/S2430/initialize?prefCd=44&kikanCd=1052400000&kikanKbn=2", "url2": "http://www.yoshimura-cl.com/", "内容": "吉村内科循環器科クリニック【2:診療所】【診療科目:内科_呼吸器内科_循環器内科_小児科】大分県大分市常行２６６番地１" }, "geometry": { "type": "Point", "coordinates": [ 131.688867, 33.212948 ] } },
{ "type": "Feature", "properties": { "ID": 4421052500000, "正式名称": "米満内科医院", "機関区分": 2, "都道府県コード": 44, "市区町村コード": 201, "所在地": "大分県大分市明野南１丁目２７－１０", "緯度": 33.221603, "経度": 131.649592, "url": "https://www.iryou.teikyouseido.mhlw.go.jp/znk-web/juminkanja/S2430/initialize?prefCd=44&kikanCd=1052500000&kikanKbn=2", "url2": "https://www.yonemitsunaikaiin.com/", "内容": "米満内科医院【2:診療所】【診療科目:内科_呼吸器内科_循環器内科_消化器内科】大分県大分市明野南１丁目２７－１０" }, "geometry": { "type": "Point", "coordinates": [ 131.649592, 33.221603 ] } },
{ "type": "Feature", "properties": { "ID": 4421052600000, "正式名称": "龍の和胃腸科クリニック", "機関区分": 2, "都道府県コード": 44, "市区町村コード": 201, "所在地": "大分県大分市府内町", "緯度": 33.236954, "経度": 131.60905, "url": "https://www.iryou.teikyouseido.mhlw.go.jp/znk-web/juminkanja/S2430/initialize?prefCd=44&kikanCd=1052600000&kikanKbn=2", "url2": null, "内容": "龍の和胃腸科クリニック【2:診療所】【診療科目:内科_消化器内科_胃腸内科】大分県大分市府内町" }, "geometry": { "type": "Point", "coordinates": [ 131.60905, 33.236954 ] } },
{ "type": "Feature", "properties": { "ID": 4421052700000, "正式名称": "わかくさ診療所", "機関区分": 2, "都道府県コード": 44, "市区町村コード": 201, "所在地": "大分県大分市野田２７１番地", "緯度": 33.203811, "経度": 131.536223, "url": "https://www.iryou.teikyouseido.mhlw.go.jp/znk-web/juminkanja/S2430/initialize?prefCd=44&kikanCd=1052700000&kikanKbn=2", "url2": null, "内容": "わかくさ診療所【2:診療所】【診療科目:内科_呼吸器内科_循環器内科_消化器内科_アレルギー科】大分県大分市野田２７１番地" }, "geometry": { "type": "Point", "coordinates": [ 131.536223, 33.203811 ] } },
{ "type": "Feature", "properties": { "ID": 4421053000000, "正式名称": "わかやま・こどもクリニック", "機関区分": 2, "都道府県コード": 44, "市区町村コード": 201, "所在地": "大分県大分市明野北１丁目７番１０号", "緯度": 33.22786, "経度": 131.652302, "url": "https://www.iryou.teikyouseido.mhlw.go.jp/znk-web/juminkanja/S2430/initialize?prefCd=44&kikanCd=1053000000&kikanKbn=2", "url2": "http://www.wakayama-kodomo.com/", "内容": "わかやま・こどもクリニック【2:診療所】【診療科目:小児科_アレルギー科】大分県大分市明野北１丁目７番１０号" }, "geometry": { "type": "Point", "coordinates": [ 131.652302, 33.22786 ] } },
{ "type": "Feature", "properties": { "ID": 4421053100000, "正式名称": "わだ内科・胃と腸クリニック", "機関区分": 2, "都道府県コード": 44, "市区町村コード": 201, "所在地": "大分県大分市津守", "緯度": 33.205136, "経度": 131.626129, "url": "https://www.iryou.teikyouseido.mhlw.go.jp/znk-web/juminkanja/S2430/initialize?prefCd=44&kikanCd=1053100000&kikanKbn=2", "url2": "https://wada-cl.net/", "内容": "わだ内科・胃と腸クリニック【2:診療所】【診療科目:内科_消化器内科_胃腸内科_内視鏡内科_外科_整形外科_リハビリテーション科】大分県大分市津守" }, "geometry": { "type": "Point", "coordinates": [ 131.626129, 33.205136 ] } },
{ "type": "Feature", "properties": { "ID": 4421053200000, "正式名称": "のだこどもクリニック", "機関区分": 2, "都道府県コード": 44, "市区町村コード": 201, "所在地": "大分県大分市玉沢７０４－１", "緯度": 33.186365, "経度": 131.580516, "url": "https://www.iryou.teikyouseido.mhlw.go.jp/znk-web/juminkanja/S2430/initialize?prefCd=44&kikanCd=1053200000&kikanKbn=2", "url2": "https://www.child-clinic.jp/", "内容": "のだこどもクリニック【2:診療所】【診療科目:小児科】大分県大分市玉沢７０４－１" }, "geometry": { "type": "Point", "coordinates": [ 131.580516, 33.186365 ] } },
{ "type": "Feature", "properties": { "ID": 4421053400000, "正式名称": "渡辺内科医院", "機関区分": 2, "都道府県コード": 44, "市区町村コード": 201, "所在地": "大分県大分市生石２丁目１番５号", "緯度": 33.244293, "経度": 131.584947, "url": "https://www.iryou.teikyouseido.mhlw.go.jp/znk-web/juminkanja/S2430/initialize?prefCd=44&kikanCd=1053400000&kikanKbn=2", "url2": null, "内容": "渡辺内科医院【2:診療所】【診療科目:内科_呼吸器内科_循環器内科_消化器内科】大分県大分市生石２丁目１番５号" }, "geometry": { "type": "Point", "coordinates": [ 131.584947, 33.244293 ] } },
{ "type": "Feature", "properties": { "ID": 4421053900000, "正式名称": "大久保内科外科（内視鏡）クリニック", "機関区分": 2, "都道府県コード": 44, "市区町村コード": 201, "所在地": "大分県大分市大字市１２８２番地", "緯度": 33.187739, "経度": 131.57469, "url": "https://www.iryou.teikyouseido.mhlw.go.jp/znk-web/juminkanja/S2430/initialize?prefCd=44&kikanCd=1053900000&kikanKbn=2", "url2": "http://www.mp-clinic.jp", "内容": "大久保内科外科（内視鏡）クリニック【2:診療所】【診療科目:内科_消化器内科_胃腸内科_外科_胃腸外科_大腸外科_乳腺外科_肛門外科_内視鏡外科】大分県大分市大字市１２８２番地" }, "geometry": { "type": "Point", "coordinates": [ 131.57469, 33.187739 ] } },
{ "type": "Feature", "properties": { "ID": 4421054000000, "正式名称": "おさこ内科・外科クリニック", "機関区分": 2, "都道府県コード": 44, "市区町村コード": 201, "所在地": "大分県大分市田中町３ー１５－１５", "緯度": 33.207155, "経度": 131.592028, "url": "https://www.iryou.teikyouseido.mhlw.go.jp/znk-web/juminkanja/S2430/initialize?prefCd=44&kikanCd=1054000000&kikanKbn=2", "url2": "https://www.osako-clinic.com", "内容": "おさこ内科・外科クリニック【2:診療所】【診療科目:内科_外科】大分県大分市田中町３ー１５－１５" }, "geometry": { "type": "Point", "coordinates": [ 131.592028, 33.207155 ] } },
{ "type": "Feature", "properties": { "ID": 4421054100000, "正式名称": "くわたに内科", "機関区分": 2, "都道府県コード": 44, "市区町村コード": 201, "所在地": "大分県大分市大字本神崎６９０番地の１", "緯度": 33.241358, "経度": 131.798214, "url": "https://www.iryou.teikyouseido.mhlw.go.jp/znk-web/juminkanja/S2430/initialize?prefCd=44&kikanCd=1054100000&kikanKbn=2", "url2": null, "内容": "くわたに内科【2:診療所】【診療科目:内科_漢方内科】大分県大分市大字本神崎６９０番地の１" }, "geometry": { "type": "Point", "coordinates": [ 131.798214, 33.241358 ] } },
{ "type": "Feature", "properties": { "ID": 4421054300000, "正式名称": "すえなが耳鼻咽喉科", "機関区分": 2, "都道府県コード": 44, "市区町村コード": 201, "所在地": "大分県大分市日吉町", "緯度": 33.243282, "経度": 131.607971, "url": "https://www.iryou.teikyouseido.mhlw.go.jp/znk-web/juminkanja/S2430/initialize?prefCd=44&kikanCd=1054300000&kikanKbn=2", "url2": null, "内容": "すえなが耳鼻咽喉科【2:診療所】【診療科目:耳鼻いんこう科】大分県大分市日吉町" }, "geometry": { "type": "Point", "coordinates": [ 131.607971, 33.243282 ] } },
{ "type": "Feature", "properties": { "ID": 4421054600000, "正式名称": "戸次あべクリニック", "機関区分": 2, "都道府県コード": 44, "市区町村コード": 201, "所在地": "大分県大分市大字下戸次１５２８－５", "緯度": 33.158284, "経度": 131.659908, "url": "https://www.iryou.teikyouseido.mhlw.go.jp/znk-web/juminkanja/S2430/initialize?prefCd=44&kikanCd=1054600000&kikanKbn=2", "url2": null, "内容": "戸次あべクリニック【2:診療所】【診療科目:内科_呼吸器内科_アレルギー疾患内科】大分県大分市大字下戸次１５２８－５" }, "geometry": { "type": "Point", "coordinates": [ 131.659908, 33.158284 ] } },
{ "type": "Feature", "properties": { "ID": 4421054700000, "正式名称": "ほうふ耳鼻咽喉科", "機関区分": 2, "都道府県コード": 44, "市区町村コード": 201, "所在地": "大分県大分市羽屋１丁目５番２０号", "緯度": 33.21529, "経度": 131.601003, "url": "https://www.iryou.teikyouseido.mhlw.go.jp/znk-web/juminkanja/S2430/initialize?prefCd=44&kikanCd=1054700000&kikanKbn=2", "url2": "http://www.houfu-ent.jp/", "内容": "ほうふ耳鼻咽喉科【2:診療所】【診療科目:気管食道・耳鼻いんこう科_アレルギー科】大分県大分市羽屋１丁目５番２０号" }, "geometry": { "type": "Point", "coordinates": [ 131.601003, 33.21529 ] } },
{ "type": "Feature", "properties": { "ID": 4421054800000, "正式名称": "みみはなクリニック", "機関区分": 2, "都道府県コード": 44, "市区町村コード": 201, "所在地": "大分県大分市大字口戸６２番地７", "緯度": 33.183892, "経度": 131.568807, "url": "https://www.iryou.teikyouseido.mhlw.go.jp/znk-web/juminkanja/S2430/initialize?prefCd=44&kikanCd=1054800000&kikanKbn=2", "url2": "https://www.mimihana-clinic.com/", "内容": "みみはなクリニック【2:診療所】【診療科目:耳鼻いんこう科_アレルギー科】大分県大分市大字口戸６２番地７" }, "geometry": { "type": "Point", "coordinates": [ 131.568807, 33.183892 ] } },
{ "type": "Feature", "properties": { "ID": 4421054900000, "正式名称": "わだ内科医院", "機関区分": 2, "都道府県コード": 44, "市区町村コード": 201, "所在地": "大分県大分市中央町２丁目９番１５号", "緯度": 33.238686, "経度": 131.605284, "url": "https://www.iryou.teikyouseido.mhlw.go.jp/znk-web/juminkanja/S2430/initialize?prefCd=44&kikanCd=1054900000&kikanKbn=2", "url2": null, "内容": "わだ内科医院【2:診療所】【診療科目:内科_糖尿病・内分泌内科_呼吸器内科_循環器内科_消化器内科_アレルギー科_放射線診断科】大分県大分市中央町２丁目９番１５号" }, "geometry": { "type": "Point", "coordinates": [ 131.605284, 33.238686 ] } },
{ "type": "Feature", "properties": { "ID": 4421055000000, "正式名称": "あおい産婦人科", "機関区分": 2, "都道府県コード": 44, "市区町村コード": 202, "所在地": "大分県別府市石垣東８丁目２番３１号", "緯度": 33.302207, "経度": 131.498361, "url": "https://www.iryou.teikyouseido.mhlw.go.jp/znk-web/juminkanja/S2430/initialize?prefCd=44&kikanCd=1055000000&kikanKbn=2", "url2": "http://oita-aoiclinic.jp/", "内容": "あおい産婦人科【2:診療所】【診療科目:産婦人科】大分県別府市石垣東８丁目２番３１号" }, "geometry": { "type": "Point", "coordinates": [ 131.498361, 33.302207 ] } },
{ "type": "Feature", "properties": { "ID": 4421055100000, "正式名称": "青山整形外科クリニック", "機関区分": 2, "都道府県コード": 44, "市区町村コード": 202, "所在地": "大分県別府市山の手町１７－１", "緯度": 33.283149, "経度": 131.48283, "url": "https://www.iryou.teikyouseido.mhlw.go.jp/znk-web/juminkanja/S2430/initialize?prefCd=44&kikanCd=1055100000&kikanKbn=2", "url2": "http://www.aocli.com/", "内容": "青山整形外科クリニック【2:診療所】【診療科目:内科_外科_整形外科_リハビリテーション科】大分県別府市山の手町１７－１" }, "geometry": { "type": "Point", "coordinates": [ 131.48283, 33.283149 ] } },
{ "type": "Feature", "properties": { "ID": 4421055300000, "正式名称": "あべ消化器・内科クリニック", "機関区分": 2, "都道府県コード": 44, "市区町村コード": 202, "所在地": "大分県別府市新別府町３１番１５号", "緯度": 33.308115, "経度": 131.481886, "url": "https://www.iryou.teikyouseido.mhlw.go.jp/znk-web/juminkanja/S2430/initialize?prefCd=44&kikanCd=1055300000&kikanKbn=2", "url2": "http://abegiclinic.com/", "内容": "あべ消化器・内科クリニック【2:診療所】【診療科目:内科_消化器内科】大分県別府市新別府町３１番１５号" }, "geometry": { "type": "Point", "coordinates": [ 131.481886, 33.308115 ] } },
{ "type": "Feature", "properties": { "ID": 4421055500000, "正式名称": "安倍内科医院", "機関区分": 2, "都道府県コード": 44, "市区町村コード": 202, "所在地": "大分県別府市火売８－１", "緯度": 33.308563, "経度": 131.468582, "url": "https://www.iryou.teikyouseido.mhlw.go.jp/znk-web/juminkanja/S2430/initialize?prefCd=44&kikanCd=1055500000&kikanKbn=2", "url2": "http://www.abe-cl.jp/", "内容": "安倍内科医院【2:診療所】【診療科目:内科_糖尿病内科_循環器内科】大分県別府市火売８－１" }, "geometry": { "type": "Point", "coordinates": [ 131.468582, 33.308563 ] } },
{ "type": "Feature", "properties": { "ID": 4421055700000, "正式名称": "諌山整形外科医院", "機関区分": 2, "都道府県コード": 44, "市区町村コード": 202, "所在地": "大分県別府市南荘園町", "緯度": 33.28958, "経度": 131.475661, "url": "https://www.iryou.teikyouseido.mhlw.go.jp/znk-web/juminkanja/S2430/initialize?prefCd=44&kikanCd=1055700000&kikanKbn=2", "url2": "http://www3.plala.or.jp/isaclin/html/", "内容": "諌山整形外科医院【2:診療所】【診療科目:整形外科_リウマチ科_リハビリテーション科】大分県別府市南荘園町" }, "geometry": { "type": "Point", "coordinates": [ 131.475661, 33.28958 ] } },
{ "type": "Feature", "properties": { "ID": 4421055800000, "正式名称": "石川胃腸科医院", "機関区分": 2, "都道府県コード": 44, "市区町村コード": 202, "所在地": "大分県別府市東荘園５－９－１", "緯度": 33.294124, "経度": 131.484812, "url": "https://www.iryou.teikyouseido.mhlw.go.jp/znk-web/juminkanja/S2430/initialize?prefCd=44&kikanCd=1055800000&kikanKbn=2", "url2": "http://ishikawa-ichouka.jimdo.com", "内容": "石川胃腸科医院【2:診療所】【診療科目:内科_胃腸内科_外科_肛門外科】大分県別府市東荘園５－９－１" }, "geometry": { "type": "Point", "coordinates": [ 131.484812, 33.294124 ] } },
{ "type": "Feature", "properties": { "ID": 4421056000000, "正式名称": "いとう循環器・麻酔科クリニック", "機関区分": 2, "都道府県コード": 44, "市区町村コード": 202, "所在地": "大分県別府市石垣西７丁目２１４７－１", "緯度": 33.299943, "経度": 131.493819, "url": "https://www.iryou.teikyouseido.mhlw.go.jp/znk-web/juminkanja/S2430/initialize?prefCd=44&kikanCd=1056000000&kikanKbn=2", "url2": null, "内容": "いとう循環器・麻酔科クリニック【2:診療所】【診療科目:ペインクリニック内科】大分県別府市石垣西７丁目２１４７－１" }, "geometry": { "type": "Point", "coordinates": [ 131.493819, 33.299943 ] } },
{ "type": "Feature", "properties": { "ID": 4421056100000, "正式名称": "医療法人　清瞳会　岡田眼科医院", "機関区分": 2, "都道府県コード": 44, "市区町村コード": 202, "所在地": "大分県別府市楠町１番３２号", "緯度": 33.275105, "経度": 131.503231, "url": "https://www.iryou.teikyouseido.mhlw.go.jp/znk-web/juminkanja/S2430/initialize?prefCd=44&kikanCd=1056100000&kikanKbn=2", "url2": null, "内容": "医療法人　清瞳会　岡田眼科医院【2:診療所】【診療科目:眼科】大分県別府市楠町１番３２号" }, "geometry": { "type": "Point", "coordinates": [ 131.503231, 33.275105 ] } },
{ "type": "Feature", "properties": { "ID": 4421056200000, "正式名称": "医療法人　三和会　馬場医院", "機関区分": 2, "都道府県コード": 44, "市区町村コード": 202, "所在地": "大分県別府市大字南立石１７７５番地の１４", "緯度": 33.289517, "経度": 131.468861, "url": "https://www.iryou.teikyouseido.mhlw.go.jp/znk-web/juminkanja/S2430/initialize?prefCd=44&kikanCd=1056200000&kikanKbn=2", "url2": null, "内容": "医療法人　三和会　馬場医院【2:診療所】【診療科目:内科_外科】大分県別府市大字南立石１７７５番地の１４" }, "geometry": { "type": "Point", "coordinates": [ 131.468861, 33.289517 ] } },
{ "type": "Feature", "properties": { "ID": 4421056600000, "正式名称": "うちくら内科", "機関区分": 2, "都道府県コード": 44, "市区町村コード": 202, "所在地": "大分県別府市馬場", "緯度": 33.306268, "経度": 131.474515, "url": "https://www.iryou.teikyouseido.mhlw.go.jp/znk-web/juminkanja/S2430/initialize?prefCd=44&kikanCd=1056600000&kikanKbn=2", "url2": null, "内容": "うちくら内科【2:診療所】【診療科目:内科_呼吸器内科_循環器内科_消化器内科】大分県別府市馬場" }, "geometry": { "type": "Point", "coordinates": [ 131.474515, 33.306268 ] } },
{ "type": "Feature", "properties": { "ID": 4421056900000, "正式名称": "おおさわクリニック", "機関区分": 2, "都道府県コード": 44, "市区町村コード": 202, "所在地": "大分県別府市富士見町１－７", "緯度": 33.285092, "経度": 131.500549, "url": "https://www.iryou.teikyouseido.mhlw.go.jp/znk-web/juminkanja/S2430/initialize?prefCd=44&kikanCd=1056900000&kikanKbn=2", "url2": null, "内容": "おおさわクリニック【2:診療所】【診療科目:内科_消化器内科_胃腸内科_外科_肛門外科】大分県別府市富士見町１－７" }, "geometry": { "type": "Point", "coordinates": [ 131.500549, 33.285092 ] } },
{ "type": "Feature", "properties": { "ID": 4421057000000, "正式名称": "岡嶋医院", "機関区分": 2, "都道府県コード": 44, "市区町村コード": 202, "所在地": "大分県別府市元町１６番９号", "緯度": 33.277924, "経度": 131.505732, "url": "https://www.iryou.teikyouseido.mhlw.go.jp/znk-web/juminkanja/S2430/initialize?prefCd=44&kikanCd=1057000000&kikanKbn=2", "url2": null, "内容": "岡嶋医院【2:診療所】【診療科目:内科_消化器内科_外科_肛門外科_リハビリテーション科】大分県別府市元町１６番９号" }, "geometry": { "type": "Point", "coordinates": [ 131.505732, 33.277924 ] } },
{ "type": "Feature", "properties": { "ID": 4421057100000, "正式名称": "垣迫内科医院", "機関区分": 2, "都道府県コード": 44, "市区町村コード": 202, "所在地": "大分県別府市松原町６番１２号", "緯度": 33.272483, "経度": 131.506868, "url": "https://www.iryou.teikyouseido.mhlw.go.jp/znk-web/juminkanja/S2430/initialize?prefCd=44&kikanCd=1057100000&kikanKbn=2", "url2": null, "内容": "垣迫内科医院【2:診療所】【診療科目:内科_神経内科_漢方内科】大分県別府市松原町６番１２号" }, "geometry": { "type": "Point", "coordinates": [ 131.506868, 33.272483 ] } },
{ "type": "Feature", "properties": { "ID": 4421057200000, "正式名称": "金子内科医院", "機関区分": 2, "都道府県コード": 44, "市区町村コード": 202, "所在地": "大分県別府市石垣東１－７－２７", "緯度": 33.29033, "経度": 131.497933, "url": "https://www.iryou.teikyouseido.mhlw.go.jp/znk-web/juminkanja/S2430/initialize?prefCd=44&kikanCd=1057200000&kikanKbn=2", "url2": null, "内容": "金子内科医院【2:診療所】【診療科目:内科】大分県別府市石垣東１－７－２７" }, "geometry": { "type": "Point", "coordinates": [ 131.497933, 33.29033 ] } },
{ "type": "Feature", "properties": { "ID": 4421057500000, "正式名称": "かめがわ耳鼻咽喉科", "機関区分": 2, "都道府県コード": 44, "市区町村コード": 202, "所在地": "大分県別府市亀川四の湯町", "緯度": 33.321186, "経度": 131.493455, "url": "https://www.iryou.teikyouseido.mhlw.go.jp/znk-web/juminkanja/S2430/initialize?prefCd=44&kikanCd=1057500000&kikanKbn=2", "url2": null, "内容": "かめがわ耳鼻咽喉科【2:診療所】【診療科目:耳鼻いんこう科】大分県別府市亀川四の湯町" }, "geometry": { "type": "Point", "coordinates": [ 131.493455, 33.321186 ] } },
{ "type": "Feature", "properties": { "ID": 4421057600000, "正式名称": "亀川精神保健クリニック", "機関区分": 2, "都道府県コード": 44, "市区町村コード": 202, "所在地": "大分県別府市亀川浜田町３番３０号", "緯度": 33.329363, "経度": 131.494005, "url": "https://www.iryou.teikyouseido.mhlw.go.jp/znk-web/juminkanja/S2430/initialize?prefCd=44&kikanCd=1057600000&kikanKbn=2", "url2": null, "内容": "亀川精神保健クリニック【2:診療所】【診療科目:精神科】大分県別府市亀川浜田町３番３０号" }, "geometry": { "type": "Point", "coordinates": [ 131.494005, 33.329363 ] } },
{ "type": "Feature", "properties": { "ID": 4421057800000, "正式名称": "北崎医院", "機関区分": 2, "都道府県コード": 44, "市区町村コード": 202, "所在地": "大分県別府市青山町", "緯度": 33.279929, "経度": 131.493623, "url": "https://www.iryou.teikyouseido.mhlw.go.jp/znk-web/juminkanja/S2430/initialize?prefCd=44&kikanCd=1057800000&kikanKbn=2", "url2": null, "内容": "北崎医院【2:診療所】【診療科目:内科_消化器内科】大分県別府市青山町" }, "geometry": { "type": "Point", "coordinates": [ 131.493623, 33.279929 ] } },
{ "type": "Feature", "properties": { "ID": 4421057900000, "正式名称": "北浜眼科クリニック", "機関区分": 2, "都道府県コード": 44, "市区町村コード": 202, "所在地": "大分県別府市北浜１丁目１３番１１号", "緯度": 33.278115, "経度": 131.50576, "url": "https://www.iryou.teikyouseido.mhlw.go.jp/znk-web/juminkanja/S2430/initialize?prefCd=44&kikanCd=1057900000&kikanKbn=2", "url2": null, "内容": "北浜眼科クリニック【2:診療所】【診療科目:眼科】大分県別府市北浜１丁目１３番１１号" }, "geometry": { "type": "Point", "coordinates": [ 131.50576, 33.278115 ] } },
{ "type": "Feature", "properties": { "ID": 4421058000000, "正式名称": "杉下医院", "機関区分": 2, "都道府県コード": 44, "市区町村コード": 202, "所在地": "大分県別府市上田の湯町１番７号", "緯度": 33.276108, "経度": 131.496967, "url": "https://www.iryou.teikyouseido.mhlw.go.jp/znk-web/juminkanja/S2430/initialize?prefCd=44&kikanCd=1058000000&kikanKbn=2", "url2": null, "内容": "杉下医院【2:診療所】【診療科目:内科_胃腸内科_外科_肛門外科_眼科_泌尿器科】大分県別府市上田の湯町１番７号" }, "geometry": { "type": "Point", "coordinates": [ 131.496967, 33.276108 ] } },
{ "type": "Feature", "properties": { "ID": 4421058500000, "正式名称": "久保田クリニック", "機関区分": 2, "都道府県コード": 44, "市区町村コード": 202, "所在地": "大分県別府市石垣東１０丁目４番１７号", "緯度": 33.304933, "経度": 131.495841, "url": "https://www.iryou.teikyouseido.mhlw.go.jp/znk-web/juminkanja/S2430/initialize?prefCd=44&kikanCd=1058500000&kikanKbn=2", "url2": "http://www.kubota-clinic.com", "内容": "久保田クリニック【2:診療所】【診療科目:内科_循環器内科_胃腸内科_外科_心臓血管外科_肛門外科_リハビリテーション科】大分県別府市石垣東１０丁目４番１７号" }, "geometry": { "type": "Point", "coordinates": [ 131.495841, 33.304933 ] } },
{ "type": "Feature", "properties": { "ID": 4421058600000, "正式名称": "たなか乳腺・外科・内科クリニック", "機関区分": 2, "都道府県コード": 44, "市区町村コード": 202, "所在地": "大分県別府市中央町", "緯度": 33.277463, "経度": 131.50136, "url": "https://www.iryou.teikyouseido.mhlw.go.jp/znk-web/juminkanja/S2430/initialize?prefCd=44&kikanCd=1058600000&kikanKbn=2", "url2": "http://tanaka-bsi-clinic.jimdo.com", "内容": "たなか乳腺・外科・内科クリニック【2:診療所】【診療科目:内科_外科_乳腺外科】大分県別府市中央町" }, "geometry": { "type": "Point", "coordinates": [ 131.50136, 33.277463 ] } },
{ "type": "Feature", "properties": { "ID": 4421059200000, "正式名称": "河野小児科医院", "機関区分": 2, "都道府県コード": 44, "市区町村コード": 202, "所在地": "大分県別府市石垣西７ー８ー１０", "緯度": 33.300818, "経度": 131.493475, "url": "https://www.iryou.teikyouseido.mhlw.go.jp/znk-web/juminkanja/S2430/initialize?prefCd=44&kikanCd=1059200000&kikanKbn=2", "url2": "http://www.beppu-med.or.jp-kono-index.html", "内容": "河野小児科医院【2:診療所】【診療科目:小児科】大分県別府市石垣西７ー８ー１０" }, "geometry": { "type": "Point", "coordinates": [ 131.493475, 33.300818 ] } },
{ "type": "Feature", "properties": { "ID": 4421059600000, "正式名称": "古城循環器クリニック", "機関区分": 2, "都道府県コード": 44, "市区町村コード": 202, "所在地": "大分県別府市石垣東６－３－２４", "緯度": 33.297658, "経度": 131.499619, "url": "https://www.iryou.teikyouseido.mhlw.go.jp/znk-web/juminkanja/S2430/initialize?prefCd=44&kikanCd=1059600000&kikanKbn=2", "url2": "https://kojoclinic.com/", "内容": "古城循環器クリニック【2:診療所】【診療科目:内科_循環器内科】大分県別府市石垣東６－３－２４" }, "geometry": { "type": "Point", "coordinates": [ 131.499619, 33.297658 ] } },
{ "type": "Feature", "properties": { "ID": 4421059700000, "正式名称": "古城小児科医院", "機関区分": 2, "都道府県コード": 44, "市区町村コード": 202, "所在地": "大分県別府市上人仲町", "緯度": 33.313367, "経度": 131.494375, "url": "https://www.iryou.teikyouseido.mhlw.go.jp/znk-web/juminkanja/S2430/initialize?prefCd=44&kikanCd=1059700000&kikanKbn=2", "url2": null, "内容": "古城小児科医院【2:診療所】【診療科目:小児科】大分県別府市上人仲町" }, "geometry": { "type": "Point", "coordinates": [ 131.494375, 33.313367 ] } },
{ "type": "Feature", "properties": { "ID": 4421059800000, "正式名称": "医療法人　児玉耳鼻咽喉科クリニック", "機関区分": 2, "都道府県コード": 44, "市区町村コード": 202, "所在地": "大分県別府市北浜２丁目４番９号", "緯度": 33.280976, "経度": 131.504085, "url": "https://www.iryou.teikyouseido.mhlw.go.jp/znk-web/juminkanja/S2430/initialize?prefCd=44&kikanCd=1059800000&kikanKbn=2", "url2": null, "内容": "医療法人　児玉耳鼻咽喉科クリニック【2:診療所】【診療科目:気管食道外科_小児耳鼻いんこう科_耳鼻いんこう科_アレルギー科_麻酔科】大分県別府市北浜２丁目４番９号" }, "geometry": { "type": "Point", "coordinates": [ 131.504085, 33.280976 ] } },
{ "type": "Feature", "properties": { "ID": 4421060000000, "正式名称": "こだま脳神経外科クリニック", "機関区分": 2, "都道府県コード": 44, "市区町村コード": 202, "所在地": "大分県別府市石垣東８－２－３５", "緯度": 33.302287, "経度": 131.498773, "url": "https://www.iryou.teikyouseido.mhlw.go.jp/znk-web/juminkanja/S2430/initialize?prefCd=44&kikanCd=1060000000&kikanKbn=2", "url2": "http://ns-kodama.sakura.ne.jp", "内容": "こだま脳神経外科クリニック【2:診療所】【診療科目:神経内科_脳神経外科】大分県別府市石垣東８－２－３５" }, "geometry": { "type": "Point", "coordinates": [ 131.498773, 33.302287 ] } },
{ "type": "Feature", "properties": { "ID": 4421060600000, "正式名称": "佐藤整形外科医院", "機関区分": 2, "都道府県コード": 44, "市区町村コード": 202, "所在地": "大分県別府市中央町", "緯度": 33.27746, "経度": 131.50076, "url": "https://www.iryou.teikyouseido.mhlw.go.jp/znk-web/juminkanja/S2430/initialize?prefCd=44&kikanCd=1060600000&kikanKbn=2", "url2": null, "内容": "佐藤整形外科医院【2:診療所】【診療科目:整形外科_リハビリテーション科】大分県別府市中央町" }, "geometry": { "type": "Point", "coordinates": [ 131.50076, 33.27746 ] } },
{ "type": "Feature", "properties": { "ID": 4421060700000, "正式名称": "さとう皮膚科", "機関区分": 2, "都道府県コード": 44, "市区町村コード": 202, "所在地": "大分県別府市田の湯町１５－４", "緯度": 33.280076, "経度": 131.49853, "url": "https://www.iryou.teikyouseido.mhlw.go.jp/znk-web/juminkanja/S2430/initialize?prefCd=44&kikanCd=1060700000&kikanKbn=2", "url2": null, "内容": "さとう皮膚科【2:診療所】【診療科目:皮膚科】大分県別府市田の湯町１５－４" }, "geometry": { "type": "Point", "coordinates": [ 131.49853, 33.280076 ] } },
{ "type": "Feature", "properties": { "ID": 4421060800000, "正式名称": "耳鼻咽喉科しげみ医院", "機関区分": 2, "都道府県コード": 44, "市区町村コード": 202, "所在地": "大分県別府市東荘園", "緯度": 33.291557, "経度": 131.485931, "url": "https://www.iryou.teikyouseido.mhlw.go.jp/znk-web/juminkanja/S2430/initialize?prefCd=44&kikanCd=1060800000&kikanKbn=2", "url2": "https://www2.i-helios-net.com/pc/hw2_pc_login.php?MID=8672&portal=bnavi", "内容": "耳鼻咽喉科しげみ医院【2:診療所】【診療科目:気管食道・耳鼻いんこう科_アレルギー科】大分県別府市東荘園" }, "geometry": { "type": "Point", "coordinates": [ 131.485931, 33.291557 ] } },
{ "type": "Feature", "properties": { "ID": 4421061300000, "正式名称": "新森内科クリニック", "機関区分": 2, "都道府県コード": 44, "市区町村コード": 202, "所在地": "大分県別府市石垣東５丁目１番２５号", "緯度": 33.297294, "経度": 131.499302, "url": "https://www.iryou.teikyouseido.mhlw.go.jp/znk-web/juminkanja/S2430/initialize?prefCd=44&kikanCd=1061300000&kikanKbn=2", "url2": "https://www.shinmori-clinic.com", "内容": "新森内科クリニック【2:診療所】【診療科目:内科_呼吸器内科_循環器内科_胃腸内科_腎臓内科】大分県別府市石垣東５丁目１番２５号" }, "geometry": { "type": "Point", "coordinates": [ 131.499302, 33.297294 ] } },
{ "type": "Feature", "properties": { "ID": 4421061400000, "正式名称": "末宗内科医院", "機関区分": 2, "都道府県コード": 44, "市区町村コード": 202, "所在地": "大分県別府市上田の湯町１３番３号", "緯度": 33.278664, "経度": 131.497078, "url": "https://www.iryou.teikyouseido.mhlw.go.jp/znk-web/juminkanja/S2430/initialize?prefCd=44&kikanCd=1061400000&kikanKbn=2", "url2": null, "内容": "末宗内科医院【2:診療所】【診療科目:内科_消化器内科_胃腸内科_肝臓内科】大分県別府市上田の湯町１３番３号" }, "geometry": { "type": "Point", "coordinates": [ 131.497078, 33.278664 ] } },
{ "type": "Feature", "properties": { "ID": 4421061500000, "正式名称": "荘園内科クリニック", "機関区分": 2, "都道府県コード": 44, "市区町村コード": 202, "所在地": "大分県別府市東荘園４丁目１１番１０号", "緯度": 33.294436, "経度": 131.486589, "url": "https://www.iryou.teikyouseido.mhlw.go.jp/znk-web/juminkanja/S2430/initialize?prefCd=44&kikanCd=1061500000&kikanKbn=2", "url2": "https://www.soen-naika.com", "内容": "荘園内科クリニック【2:診療所】【診療科目:内科_消化器内科_胃腸内科_肝臓内科】大分県別府市東荘園４丁目１１番１０号" }, "geometry": { "type": "Point", "coordinates": [ 131.486589, 33.294436 ] } },
{ "type": "Feature", "properties": { "ID": 4421061700000, "正式名称": "高木眼科医院", "機関区分": 2, "都道府県コード": 44, "市区町村コード": 202, "所在地": "大分県別府市駅前町５番５号", "緯度": 33.277997, "経度": 131.501536, "url": "https://www.iryou.teikyouseido.mhlw.go.jp/znk-web/juminkanja/S2430/initialize?prefCd=44&kikanCd=1061700000&kikanKbn=2", "url2": "http://www.takaki.jp", "内容": "高木眼科医院【2:診療所】【診療科目:眼科】大分県別府市駅前町５番５号" }, "geometry": { "type": "Point", "coordinates": [ 131.501536, 33.277997 ] } },
{ "type": "Feature", "properties": { "ID": 4421061800000, "正式名称": "高橋内科医院", "機関区分": 2, "都道府県コード": 44, "市区町村コード": 202, "所在地": "大分県別府市朝見１－１２－７", "緯度": 33.271588, "経度": 131.499775, "url": "https://www.iryou.teikyouseido.mhlw.go.jp/znk-web/juminkanja/S2430/initialize?prefCd=44&kikanCd=1061800000&kikanKbn=2", "url2": null, "内容": "高橋内科医院【2:診療所】【診療科目:内科_精神科_心療内科_老年精神科】大分県別府市朝見１－１２－７" }, "geometry": { "type": "Point", "coordinates": [ 131.499775, 33.271588 ] } },
{ "type": "Feature", "properties": { "ID": 4421061900000, "正式名称": "医療法人武井医院", "機関区分": 2, "都道府県コード": 44, "市区町村コード": 202, "所在地": "大分県別府市幸町", "緯度": 33.287945, "経度": 131.496605, "url": "https://www.iryou.teikyouseido.mhlw.go.jp/znk-web/juminkanja/S2430/initialize?prefCd=44&kikanCd=1061900000&kikanKbn=2", "url2": null, "内容": "医療法人武井医院【2:診療所】【診療科目:内科_外科】大分県別府市幸町" }, "geometry": { "type": "Point", "coordinates": [ 131.496605, 33.287945 ] } },
{ "type": "Feature", "properties": { "ID": 4421062000000, "正式名称": "たにぐち糖尿病内科クリニック", "機関区分": 2, "都道府県コード": 44, "市区町村コード": 202, "所在地": "大分県別府市東荘園一丁目６番２号リバーサイドハイツ荘園１Ｆ", "緯度": 33.290404, "経度": 131.486852, "url": "https://www.iryou.teikyouseido.mhlw.go.jp/znk-web/juminkanja/S2430/initialize?prefCd=44&kikanCd=1062000000&kikanKbn=2", "url2": "http://www.taninai-med.dr-clinic.jp", "内容": "たにぐち糖尿病内科クリニック【2:診療所】【診療科目:内科_糖尿病内科】大分県別府市東荘園一丁目６番２号リバーサイドハイツ荘園１Ｆ" }, "geometry": { "type": "Point", "coordinates": [ 131.486852, 33.290404 ] } },
{ "type": "Feature", "properties": { "ID": 4421062100000, "正式名称": "千馬内科医院", "機関区分": 2, "都道府県コード": 44, "市区町村コード": 202, "所在地": "大分県別府市楠町２番１７号", "緯度": 33.275891, "経度": 131.503474, "url": "https://www.iryou.teikyouseido.mhlw.go.jp/znk-web/juminkanja/S2430/initialize?prefCd=44&kikanCd=1062100000&kikanKbn=2", "url2": null, "内容": "千馬内科医院【2:診療所】【診療科目:内科_呼吸器内科_循環器内科_消化器内科_放射線科】大分県別府市楠町２番１７号" }, "geometry": { "type": "Point", "coordinates": [ 131.503474, 33.275891 ] } },
{ "type": "Feature", "properties": { "ID": 4421062200000, "正式名称": "つねとみ内科胃腸科クリニック", "機関区分": 2, "都道府県コード": 44, "市区町村コード": 202, "所在地": "大分県別府市中須賀本町３組", "緯度": 33.309729, "経度": 131.493366, "url": "https://www.iryou.teikyouseido.mhlw.go.jp/znk-web/juminkanja/S2430/initialize?prefCd=44&kikanCd=1062200000&kikanKbn=2", "url2": null, "内容": "つねとみ内科胃腸科クリニック【2:診療所】【診療科目:内科_胃腸内科】大分県別府市中須賀本町３組" }, "geometry": { "type": "Point", "coordinates": [ 131.493366, 33.309729 ] } },
{ "type": "Feature", "properties": { "ID": 4421062300000, "正式名称": "局医院", "機関区分": 2, "都道府県コード": 44, "市区町村コード": 202, "所在地": "大分県別府市南荘園町２９－５２", "緯度": 33.289736, "経度": 131.478126, "url": "https://www.iryou.teikyouseido.mhlw.go.jp/znk-web/juminkanja/S2430/initialize?prefCd=44&kikanCd=1062300000&kikanKbn=2", "url2": null, "内容": "局医院【2:診療所】【診療科目:内科】大分県別府市南荘園町２９－５２" }, "geometry": { "type": "Point", "coordinates": [ 131.478126, 33.289736 ] } },
{ "type": "Feature", "properties": { "ID": 4421063000000, "正式名称": "中村たかクリニック", "機関区分": 2, "都道府県コード": 44, "市区町村コード": 202, "所在地": "大分県別府市新港町１－３０", "緯度": 33.297171, "経度": 131.500652, "url": "https://www.iryou.teikyouseido.mhlw.go.jp/znk-web/juminkanja/S2430/initialize?prefCd=44&kikanCd=1063000000&kikanKbn=2", "url2": null, "内容": "中村たかクリニック【2:診療所】【診療科目:内科_胃腸科】大分県別府市新港町１－３０" }, "geometry": { "type": "Point", "coordinates": [ 131.500652, 33.297171 ] } },
{ "type": "Feature", "properties": { "ID": 4421063100000, "正式名称": "鳴海クリニック", "機関区分": 2, "都道府県コード": 44, "市区町村コード": 202, "所在地": "大分県別府市楠町１４番８号", "緯度": 33.275807, "経度": 131.505732, "url": "https://www.iryou.teikyouseido.mhlw.go.jp/znk-web/juminkanja/S2430/initialize?prefCd=44&kikanCd=1063100000&kikanKbn=2", "url2": "http://www.narumi-clinic.jp", "内容": "鳴海クリニック【2:診療所】【診療科目:内科_消化器内科_胃腸内科_外科_皮膚科】大分県別府市楠町１４番８号" }, "geometry": { "type": "Point", "coordinates": [ 131.505732, 33.275807 ] } },
{ "type": "Feature", "properties": { "ID": 4421063300000, "正式名称": "医療法人　にしむら皮ふ科医院　別府診療所", "機関区分": 2, "都道府県コード": 44, "市区町村コード": 202, "所在地": "大分県別府市石垣東", "緯度": 33.302199, "経度": 131.495194, "url": "https://www.iryou.teikyouseido.mhlw.go.jp/znk-web/juminkanja/S2430/initialize?prefCd=44&kikanCd=1063300000&kikanKbn=2", "url2": "http://www.nishimura-hifuka.or.jp/", "内容": "医療法人　にしむら皮ふ科医院　別府診療所【2:診療所】【診療科目:皮膚科】大分県別府市石垣東" }, "geometry": { "type": "Point", "coordinates": [ 131.495194, 33.302199 ] } },
{ "type": "Feature", "properties": { "ID": 4421063600000, "正式名称": "原嶋内科医院", "機関区分": 2, "都道府県コード": 44, "市区町村コード": 202, "所在地": "大分県別府市荘園６６番―４２号", "緯度": 33.296116, "経度": 131.476357, "url": "https://www.iryou.teikyouseido.mhlw.go.jp/znk-web/juminkanja/S2430/initialize?prefCd=44&kikanCd=1063600000&kikanKbn=2", "url2": null, "内容": "原嶋内科医院【2:診療所】【診療科目:内科_呼吸器内科_アレルギー科】大分県別府市荘園６６番―４２号" }, "geometry": { "type": "Point", "coordinates": [ 131.476357, 33.296116 ] } },
{ "type": "Feature", "properties": { "ID": 4421063700000, "正式名称": "飛田内科外科クリニック", "機関区分": 2, "都道府県コード": 44, "市区町村コード": 202, "所在地": "大分県別府市扇山一丁目１７番５号", "緯度": 33.294916, "経度": 131.467263, "url": "https://www.iryou.teikyouseido.mhlw.go.jp/znk-web/juminkanja/S2430/initialize?prefCd=44&kikanCd=1063700000&kikanKbn=2", "url2": null, "内容": "飛田内科外科クリニック【2:診療所】【診療科目:内科_胃腸内科_外科_麻酔科】大分県別府市扇山一丁目１７番５号" }, "geometry": { "type": "Point", "coordinates": [ 131.467263, 33.294916 ] } },
{ "type": "Feature", "properties": { "ID": 4421063800000, "正式名称": "平井整形外科医院", "機関区分": 2, "都道府県コード": 44, "市区町村コード": 202, "所在地": "大分県別府市田の湯町９番１６号", "緯度": 33.279032, "経度": 131.497571, "url": "https://www.iryou.teikyouseido.mhlw.go.jp/znk-web/juminkanja/S2430/initialize?prefCd=44&kikanCd=1063800000&kikanKbn=2", "url2": null, "内容": "平井整形外科医院【2:診療所】【診療科目:整形外科_リウマチ科_リハビリテーション科】大分県別府市田の湯町９番１６号" }, "geometry": { "type": "Point", "coordinates": [ 131.497571, 33.279032 ] } },
{ "type": "Feature", "properties": { "ID": 4421064000000, "正式名称": "医療法人メディキューブ　ヒロセ内科医院", "機関区分": 2, "都道府県コード": 44, "市区町村コード": 202, "所在地": "大分県別府市駅前本町", "緯度": 33.280962, "経度": 131.501544, "url": "https://www.iryou.teikyouseido.mhlw.go.jp/znk-web/juminkanja/S2430/initialize?prefCd=44&kikanCd=1064000000&kikanKbn=2", "url2": null, "内容": "医療法人メディキューブ　ヒロセ内科医院【2:診療所】【診療科目:内科_呼吸器内科_循環器内科_消化器内科_リウマチ科】大分県別府市駅前本町" }, "geometry": { "type": "Point", "coordinates": [ 131.501544, 33.280962 ] } },
{ "type": "Feature", "properties": { "ID": 4421064200000, "正式名称": "医療法人福田会　福田内科医院", "機関区分": 2, "都道府県コード": 44, "市区町村コード": 202, "所在地": "大分県別府市石垣東３丁目４番１２", "緯度": 33.292833, "経度": 131.496639, "url": "https://www.iryou.teikyouseido.mhlw.go.jp/znk-web/juminkanja/S2430/initialize?prefCd=44&kikanCd=1064200000&kikanKbn=2", "url2": "http://fukuda-naika.jp/", "内容": "医療法人福田会　福田内科医院【2:診療所】【診療科目:内科_糖尿病内科_消化器内科_胃腸内科】大分県別府市石垣東３丁目４番１２" }, "geometry": { "type": "Point", "coordinates": [ 131.496639, 33.292833 ] } },
{ "type": "Feature", "properties": { "ID": 4421064500000, "正式名称": "別府駅前クリニック", "機関区分": 2, "都道府県コード": 44, "市区町村コード": 202, "所在地": "大分県別府市北浜１丁目３－１２－３", "緯度": 33.279157, "経度": 131.503982, "url": "https://www.iryou.teikyouseido.mhlw.go.jp/znk-web/juminkanja/S2430/initialize?prefCd=44&kikanCd=1064500000&kikanKbn=2", "url2": "https://bec-medicube.com/", "内容": "別府駅前クリニック【2:診療所】【診療科目:内科_呼吸器内科_消化器内科_外科_美容皮膚科_放射線科_麻酔科】大分県別府市北浜１丁目３－１２－３" }, "geometry": { "type": "Point", "coordinates": [ 131.503982, 33.279157 ] } },
{ "type": "Feature", "properties": { "ID": 4421064600000, "正式名称": "別府市医師会地域保健センター", "機関区分": 2, "都道府県コード": 44, "市区町村コード": 202, "所在地": "大分県別府市西野口町１５ー３３", "緯度": 33.28381, "経度": 131.493697, "url": "https://www.iryou.teikyouseido.mhlw.go.jp/znk-web/juminkanja/S2430/initialize?prefCd=44&kikanCd=1064600000&kikanKbn=2", "url2": "http://www.beppu-med.or.jp/", "内容": "別府市医師会地域保健センター【2:診療所】【診療科目:内科_小児科_婦人科_放射線科】大分県別府市西野口町１５ー３３" }, "geometry": { "type": "Point", "coordinates": [ 131.493697, 33.28381 ] } },
{ "type": "Feature", "properties": { "ID": 4421065000000, "正式名称": "堀循環器科内科クリニック", "機関区分": 2, "都道府県コード": 44, "市区町村コード": 202, "所在地": "大分県別府市亀川浜田町２－６３－１Ｆ", "緯度": 33.329698, "経度": 131.493498, "url": "https://www.iryou.teikyouseido.mhlw.go.jp/znk-web/juminkanja/S2430/initialize?prefCd=44&kikanCd=1065000000&kikanKbn=2", "url2": null, "内容": "堀循環器科内科クリニック【2:診療所】【診療科目:内科_呼吸器内科_循環器内科】大分県別府市亀川浜田町２－６３－１Ｆ" }, "geometry": { "type": "Point", "coordinates": [ 131.493498, 33.329698 ] } },
{ "type": "Feature", "properties": { "ID": 4421065100000, "正式名称": "牧野リウマチ整形外科クリニック", "機関区分": 2, "都道府県コード": 44, "市区町村コード": 202, "所在地": "大分県別府市船小路町", "緯度": 33.301501, "経度": 131.500905, "url": "https://www.iryou.teikyouseido.mhlw.go.jp/znk-web/juminkanja/S2430/initialize?prefCd=44&kikanCd=1065100000&kikanKbn=2", "url2": null, "内容": "牧野リウマチ整形外科クリニック【2:診療所】【診療科目:整形外科_リウマチ科】大分県別府市船小路町" }, "geometry": { "type": "Point", "coordinates": [ 131.500905, 33.301501 ] } },
{ "type": "Feature", "properties": { "ID": 4421065200000, "正式名称": "松井小児科医院", "機関区分": 2, "都道府県コード": 44, "市区町村コード": 202, "所在地": "大分県別府市大畑町３番３７号", "緯度": 33.305264, "経度": 131.475324, "url": "https://www.iryou.teikyouseido.mhlw.go.jp/znk-web/juminkanja/S2430/initialize?prefCd=44&kikanCd=1065200000&kikanKbn=2", "url2": "https://owl-c.com/", "内容": "松井小児科医院【2:診療所】【診療科目:内科_小児科_アレルギー科】大分県別府市大畑町３番３７号" }, "geometry": { "type": "Point", "coordinates": [ 131.475324, 33.305264 ] } },
{ "type": "Feature", "properties": { "ID": 4421065500000, "正式名称": "医療法人　松本小児科医院", "機関区分": 2, "都道府県コード": 44, "市区町村コード": 202, "所在地": "大分県別府市北浜２丁目５番５号", "緯度": 33.281029, "経度": 131.503793, "url": "https://www.iryou.teikyouseido.mhlw.go.jp/znk-web/juminkanja/S2430/initialize?prefCd=44&kikanCd=1065500000&kikanKbn=2", "url2": "http://www.e-matsumoto.ftw.jp/", "内容": "医療法人　松本小児科医院【2:診療所】【診療科目:内科_小児科】大分県別府市北浜２丁目５番５号" }, "geometry": { "type": "Point", "coordinates": [ 131.503793, 33.281029 ] } },
{ "type": "Feature", "properties": { "ID": 4421065700000, "正式名称": "右田眼科", "機関区分": 2, "都道府県コード": 44, "市区町村コード": 202, "所在地": "大分県別府市石垣西", "緯度": 33.300635, "経度": 131.493805, "url": "https://www.iryou.teikyouseido.mhlw.go.jp/znk-web/juminkanja/S2430/initialize?prefCd=44&kikanCd=1065700000&kikanKbn=2", "url2": "http://www.migita.net", "内容": "右田眼科【2:診療所】【診療科目:眼科】大分県別府市石垣西" }, "geometry": { "type": "Point", "coordinates": [ 131.493805, 33.300635 ] } },
{ "type": "Feature", "properties": { "ID": 4421065900000, "正式名称": "みなみメンタルクリニック", "機関区分": 2, "都道府県コード": 44, "市区町村コード": 202, "所在地": "大分県別府市鶴見３組", "緯度": 33.301799, "経度": 131.480848, "url": "https://www.iryou.teikyouseido.mhlw.go.jp/znk-web/juminkanja/S2430/initialize?prefCd=44&kikanCd=1065900000&kikanKbn=2", "url2": null, "内容": "みなみメンタルクリニック【2:診療所】【診療科目:精神科_神経科_心療内科】大分県別府市鶴見３組" }, "geometry": { "type": "Point", "coordinates": [ 131.480848, 33.301799 ] } },
{ "type": "Feature", "properties": { "ID": 4421066000000, "正式名称": "医療法人社団　宮崎クリニック", "機関区分": 2, "都道府県コード": 44, "市区町村コード": 202, "所在地": "大分県別府市亀川東町２７－３７", "緯度": 33.327191, "経度": 131.494569, "url": "https://www.iryou.teikyouseido.mhlw.go.jp/znk-web/juminkanja/S2430/initialize?prefCd=44&kikanCd=1066000000&kikanKbn=2", "url2": null, "内容": "医療法人社団　宮崎クリニック【2:診療所】【診療科目:呼吸器内科_循環器内科_外科】大分県別府市亀川東町２７－３７" }, "geometry": { "type": "Point", "coordinates": [ 131.494569, 33.327191 ] } },
{ "type": "Feature", "properties": { "ID": 4421066300000, "正式名称": "ミヨシ医院", "機関区分": 2, "都道府県コード": 44, "市区町村コード": 202, "所在地": "大分県別府市石垣西２－３－３０", "緯度": 33.290628, "経度": 131.495797, "url": "https://www.iryou.teikyouseido.mhlw.go.jp/znk-web/juminkanja/S2430/initialize?prefCd=44&kikanCd=1066300000&kikanKbn=2", "url2": "http://www.miyoshi-clinic.jp/", "内容": "ミヨシ医院【2:診療所】【診療科目:内科_皮膚科_アレルギー科_リウマチ科】大分県別府市石垣西２－３－３０" }, "geometry": { "type": "Point", "coordinates": [ 131.495797, 33.290628 ] } },
{ "type": "Feature", "properties": { "ID": 4421066400000, "正式名称": "村上脳神経内科クリニック", "機関区分": 2, "都道府県コード": 44, "市区町村コード": 202, "所在地": "大分県別府市山の手町１４番３０号", "緯度": 33.282598, "経度": 131.485789, "url": "https://www.iryou.teikyouseido.mhlw.go.jp/znk-web/juminkanja/S2430/initialize?prefCd=44&kikanCd=1066400000&kikanKbn=2", "url2": "http://www.murakami-clinic.or.jp/", "内容": "村上脳神経内科クリニック【2:診療所】【診療科目:内科_神経内科_リハビリテーション科】大分県別府市山の手町１４番３０号" }, "geometry": { "type": "Point", "coordinates": [ 131.485789, 33.282598 ] } },
{ "type": "Feature", "properties": { "ID": 4421066500000, "正式名称": "大分先端画像診断センター", "機関区分": 2, "都道府県コード": 44, "市区町村コード": 202, "所在地": "大分県別府市上人ケ浜町９組", "緯度": 33.311971, "経度": 131.50034, "url": "https://www.iryou.teikyouseido.mhlw.go.jp/znk-web/juminkanja/S2430/initialize?prefCd=44&kikanCd=1066500000&kikanKbn=2", "url2": "http://www.odic.or.jp/", "内容": "大分先端画像診断センター【2:診療所】【診療科目:内科_神経内科_放射線科】大分県別府市上人ケ浜町９組" }, "geometry": { "type": "Point", "coordinates": [ 131.50034, 33.311971 ] } },
{ "type": "Feature", "properties": { "ID": 4421066600000, "正式名称": "餅ヶ浜医院", "機関区分": 2, "都道府県コード": 44, "市区町村コード": 202, "所在地": "大分県別府市餅ケ浜町５－３９", "緯度": 33.293191, "経度": 131.502392, "url": "https://www.iryou.teikyouseido.mhlw.go.jp/znk-web/juminkanja/S2430/initialize?prefCd=44&kikanCd=1066600000&kikanKbn=2", "url2": "https://mochigahamaiin.com/", "内容": "餅ヶ浜医院【2:診療所】【診療科目:内科_胃腸内科_外科_リハビリテーション科】大分県別府市餅ケ浜町５－３９" }, "geometry": { "type": "Point", "coordinates": [ 131.502392, 33.293191 ] } },
{ "type": "Feature", "properties": { "ID": 4421066800000, "正式名称": "矢田こどもクリニック", "機関区分": 2, "都道府県コード": 44, "市区町村コード": 202, "所在地": "大分県別府市石垣東４丁目５番４号", "緯度": 33.294422, "経度": 131.495984, "url": "https://www.iryou.teikyouseido.mhlw.go.jp/znk-web/juminkanja/S2430/initialize?prefCd=44&kikanCd=1066800000&kikanKbn=2", "url2": "http://www.ma-rukun.jp/", "内容": "矢田こどもクリニック【2:診療所】【診療科目:アレルギー疾患内科_小児科_小児循環器内科_精神科（児童）_アレルギー科】大分県別府市石垣東４丁目５番４号" }, "geometry": { "type": "Point", "coordinates": [ 131.495984, 33.294422 ] } },
{ "type": "Feature", "properties": { "ID": 4421066900000, "正式名称": "横井内科クリニック", "機関区分": 2, "都道府県コード": 44, "市区町村コード": 202, "所在地": "大分県別府市鶴見園町１－１", "緯度": 33.286509, "経度": 131.480084, "url": "https://www.iryou.teikyouseido.mhlw.go.jp/znk-web/juminkanja/S2430/initialize?prefCd=44&kikanCd=1066900000&kikanKbn=2", "url2": null, "内容": "横井内科クリニック【2:診療所】【診療科目:内科_呼吸器内科_循環器内科】大分県別府市鶴見園町１－１" }, "geometry": { "type": "Point", "coordinates": [ 131.480084, 33.286509 ] } },
{ "type": "Feature", "properties": { "ID": 4421067000000, "正式名称": "吉賀循環器内科", "機関区分": 2, "都道府県コード": 44, "市区町村コード": 202, "所在地": "大分県別府市大字鉄輪１６３番地", "緯度": 33.315144, "経度": 131.478925, "url": "https://www.iryou.teikyouseido.mhlw.go.jp/znk-web/juminkanja/S2430/initialize?prefCd=44&kikanCd=1067000000&kikanKbn=2", "url2": "https://yoshiga-clinic.github.io/", "内容": "吉賀循環器内科【2:診療所】【診療科目:内科_循環器内科】大分県別府市大字鉄輪１６３番地" }, "geometry": { "type": "Point", "coordinates": [ 131.478925, 33.315144 ] } },
{ "type": "Feature", "properties": { "ID": 4421067100000, "正式名称": "吉武内科医院", "機関区分": 2, "都道府県コード": 44, "市区町村コード": 202, "所在地": "大分県別府市扇山８－４", "緯度": 33.29905, "経度": 131.46695, "url": "https://www.iryou.teikyouseido.mhlw.go.jp/znk-web/juminkanja/S2430/initialize?prefCd=44&kikanCd=1067100000&kikanKbn=2", "url2": null, "内容": "吉武内科医院【2:診療所】【診療科目:内科_循環器内科】大分県別府市扇山８－４" }, "geometry": { "type": "Point", "coordinates": [ 131.46695, 33.29905 ] } },
{ "type": "Feature", "properties": { "ID": 4421067400000, "正式名称": "医療法人　渡邉医院", "機関区分": 2, "都道府県コード": 44, "市区町村コード": 202, "所在地": "大分県別府市光町４番１１号", "緯度": 33.272819, "経度": 131.498835, "url": "https://www.iryou.teikyouseido.mhlw.go.jp/znk-web/juminkanja/S2430/initialize?prefCd=44&kikanCd=1067400000&kikanKbn=2", "url2": null, "内容": "医療法人　渡邉医院【2:診療所】【診療科目:内科_呼吸器内科_循環器内科_消化器内科】大分県別府市光町４番１１号" }, "geometry": { "type": "Point", "coordinates": [ 131.498835, 33.272819 ] } },
{ "type": "Feature", "properties": { "ID": 4421067500000, "正式名称": "渡部内科循環器科クリニック", "機関区分": 2, "都道府県コード": 44, "市区町村コード": 202, "所在地": "大分県別府市末広町６番３１号", "緯度": 33.27463, "経度": 131.501196, "url": "https://www.iryou.teikyouseido.mhlw.go.jp/znk-web/juminkanja/S2430/initialize?prefCd=44&kikanCd=1067500000&kikanKbn=2", "url2": "https://watanabenjclinic.wixsite.com", "内容": "渡部内科循環器科クリニック【2:診療所】【診療科目:内科_循環器内科】大分県別府市末広町６番３１号" }, "geometry": { "type": "Point", "coordinates": [ 131.501196, 33.27463 ] } },
{ "type": "Feature", "properties": { "ID": 4421067700000, "正式名称": "藤吉乳腺クリニック", "機関区分": 2, "都道府県コード": 44, "市区町村コード": 202, "所在地": "大分県別府市東荘園４－１０－４", "緯度": 33.29305, "経度": 131.486853, "url": "https://www.iryou.teikyouseido.mhlw.go.jp/znk-web/juminkanja/S2430/initialize?prefCd=44&kikanCd=1067700000&kikanKbn=2", "url2": "http://www.cli-fujiyoshi.jp", "内容": "藤吉乳腺クリニック【2:診療所】【診療科目:外科_乳腺外科】大分県別府市東荘園４－１０－４" }, "geometry": { "type": "Point", "coordinates": [ 131.486853, 33.29305 ] } },
{ "type": "Feature", "properties": { "ID": 4421068100000, "正式名称": "医療法人　Ｍパートナー　久持クリニック", "機関区分": 2, "都道府県コード": 44, "市区町村コード": 203, "所在地": "大分県中津市上宮永字友ノ町１３番地の４", "緯度": 33.589797, "経度": 131.185756, "url": "https://www.iryou.teikyouseido.mhlw.go.jp/znk-web/juminkanja/S2430/initialize?prefCd=44&kikanCd=1068100000&kikanKbn=2", "url2": "https://ssc5.doctorqube.com/inouesyounika/", "内容": "医療法人　Ｍパートナー　久持クリニック【2:診療所】【診療科目:内科_小児科_精神科_リハビリテーション科】大分県中津市上宮永字友ノ町１３番地の４" }, "geometry": { "type": "Point", "coordinates": [ 131.185756, 33.589797 ] } },
{ "type": "Feature", "properties": { "ID": 4421068300000, "正式名称": "医療法人　さがら小児科", "機関区分": 2, "都道府県コード": 44, "市区町村コード": 203, "所在地": "大分県中津市沖代町２－１－６０", "緯度": 33.586803, "経度": 131.195758, "url": "https://www.iryou.teikyouseido.mhlw.go.jp/znk-web/juminkanja/S2430/initialize?prefCd=44&kikanCd=1068300000&kikanKbn=2", "url2": null, "内容": "医療法人　さがら小児科【2:診療所】【診療科目:小児科】大分県中津市沖代町２－１－６０" }, "geometry": { "type": "Point", "coordinates": [ 131.195758, 33.586803 ] } },
{ "type": "Feature", "properties": { "ID": 4421068500000, "正式名称": "医療法人　誠雅会　松元整形外科医院", "機関区分": 2, "都道府県コード": 44, "市区町村コード": 203, "所在地": "大分県中津市三光土田１２４３番地４", "緯度": 33.530878, "経度": 131.1759, "url": "https://www.iryou.teikyouseido.mhlw.go.jp/znk-web/juminkanja/S2430/initialize?prefCd=44&kikanCd=1068500000&kikanKbn=2", "url2": "https://www.seigakai1997.net/", "内容": "医療法人　誠雅会　松元整形外科医院【2:診療所】【診療科目:内科_外科_整形外科_リハビリテーション科】大分県中津市三光土田１２４３番地４" }, "geometry": { "type": "Point", "coordinates": [ 131.1759, 33.530878 ] } },
{ "type": "Feature", "properties": { "ID": 4421068600000, "正式名称": "医療法人社団　内尾整形外科医院", "機関区分": 2, "都道府県コード": 44, "市区町村コード": 203, "所在地": "大分県中津市大字上宮永３３１番地２", "緯度": 33.583771, "経度": 131.18415, "url": "https://www.iryou.teikyouseido.mhlw.go.jp/znk-web/juminkanja/S2430/initialize?prefCd=44&kikanCd=1068600000&kikanKbn=2", "url2": "http://www.uchio-seikei.com", "内容": "医療法人社団　内尾整形外科医院【2:診療所】【診療科目:整形外科_リウマチ科_リハビリテーション科】大分県中津市大字上宮永３３１番地２" }, "geometry": { "type": "Point", "coordinates": [ 131.18415, 33.583771 ] } },
{ "type": "Feature", "properties": { "ID": 4421068700000, "正式名称": "大堀脳神経クリニック", "機関区分": 2, "都道府県コード": 44, "市区町村コード": 203, "所在地": "大分県中津市豊田町", "緯度": 33.596212, "経度": 131.188763, "url": "https://www.iryou.teikyouseido.mhlw.go.jp/znk-web/juminkanja/S2430/initialize?prefCd=44&kikanCd=1068700000&kikanKbn=2", "url2": "http://ohhorinousinkei.jp/", "内容": "大堀脳神経クリニック【2:診療所】【診療科目:内科_外科_脳神経外科】大分県中津市豊田町" }, "geometry": { "type": "Point", "coordinates": [ 131.188763, 33.596212 ] } },
{ "type": "Feature", "properties": { "ID": 4421068800000, "正式名称": "藤吉産婦人科", "機関区分": 2, "都道府県コード": 44, "市区町村コード": 203, "所在地": "大分県中津市上宮永２７０－１", "緯度": 33.589322, "経度": 131.186197, "url": "https://www.iryou.teikyouseido.mhlw.go.jp/znk-web/juminkanja/S2430/initialize?prefCd=44&kikanCd=1068800000&kikanKbn=2", "url2": "http://fujiyoshi-obgyn.com/", "内容": "藤吉産婦人科【2:診療所】【診療科目:産科_婦人科】大分県中津市上宮永２７０－１" }, "geometry": { "type": "Point", "coordinates": [ 131.186197, 33.589322 ] } },
{ "type": "Feature", "properties": { "ID": 4421069000000, "正式名称": "賀来内科循環器科医院", "機関区分": 2, "都道府県コード": 44, "市区町村コード": 203, "所在地": "大分県中津市湯屋", "緯度": 33.575773, "経度": 131.190697, "url": "https://www.iryou.teikyouseido.mhlw.go.jp/znk-web/juminkanja/S2430/initialize?prefCd=44&kikanCd=1069000000&kikanKbn=2", "url2": null, "内容": "賀来内科循環器科医院【2:診療所】【診療科目:内科_循環器内科_消化器内科】大分県中津市湯屋" }, "geometry": { "type": "Point", "coordinates": [ 131.190697, 33.575773 ] } },
{ "type": "Feature", "properties": { "ID": 4421069100000, "正式名称": "かわしまクリニック", "機関区分": 2, "都道府県コード": 44, "市区町村コード": 203, "所在地": "大分県中津市宮夫１１－１", "緯度": 33.592889, "経度": 131.212539, "url": "https://www.iryou.teikyouseido.mhlw.go.jp/znk-web/juminkanja/S2430/initialize?prefCd=44&kikanCd=1069100000&kikanKbn=2", "url2": "http://www.coara.or.jp/gensin/", "内容": "かわしまクリニック【2:診療所】【診療科目:整形外科_リウマチ科_リハビリテーション科】大分県中津市宮夫１１－１" }, "geometry": { "type": "Point", "coordinates": [ 131.212539, 33.592889 ] } },
{ "type": "Feature", "properties": { "ID": 4421069200000, "正式名称": "木戸耳鼻咽喉科クリニック", "機関区分": 2, "都道府県コード": 44, "市区町村コード": 203, "所在地": "大分県中津市永添３７５－１", "緯度": 33.57664, "経度": 131.198472, "url": "https://www.iryou.teikyouseido.mhlw.go.jp/znk-web/juminkanja/S2430/initialize?prefCd=44&kikanCd=1069200000&kikanKbn=2", "url2": null, "内容": "木戸耳鼻咽喉科クリニック【2:診療所】【診療科目:頭頸部・耳鼻いんこう科】大分県中津市永添３７５－１" }, "geometry": { "type": "Point", "coordinates": [ 131.198472, 33.57664 ] } },
{ "type": "Feature", "properties": { "ID": 4421069400000, "正式名称": "清松内科医院", "機関区分": 2, "都道府県コード": 44, "市区町村コード": 203, "所在地": "大分県中津市島田本町５番地", "緯度": 33.561575, "経度": 131.201361, "url": "https://www.iryou.teikyouseido.mhlw.go.jp/znk-web/juminkanja/S2430/initialize?prefCd=44&kikanCd=1069400000&kikanKbn=2", "url2": null, "内容": "清松内科医院【2:診療所】【診療科目:内科】大分県中津市島田本町５番地" }, "geometry": { "type": "Point", "coordinates": [ 131.201361, 33.561575 ] } },
{ "type": "Feature", "properties": { "ID": 4421069500000, "正式名称": "熊谷循環器科内科医院", "機関区分": 2, "都道府県コード": 44, "市区町村コード": 203, "所在地": "大分県中津市山国町守実", "緯度": 33.404037, "経度": 131.036709, "url": "https://www.iryou.teikyouseido.mhlw.go.jp/znk-web/juminkanja/S2430/initialize?prefCd=44&kikanCd=1069500000&kikanKbn=2", "url2": "https://kumagai-iin.com/", "内容": "熊谷循環器科内科医院【2:診療所】【診療科目:内科_循環器内科_小児科】大分県中津市山国町守実" }, "geometry": { "type": "Point", "coordinates": [ 131.036709, 33.404037 ] } },
{ "type": "Feature", "properties": { "ID": 4421069800000, "正式名称": "けいだクリニック", "機関区分": 2, "都道府県コード": 44, "市区町村コード": 203, "所在地": "大分県中津市中央町１－７３８－１", "緯度": 33.589, "経度": 131.191089, "url": "https://www.iryou.teikyouseido.mhlw.go.jp/znk-web/juminkanja/S2430/initialize?prefCd=44&kikanCd=1069800000&kikanKbn=2", "url2": "http://www.keida-clinic.com", "内容": "けいだクリニック【2:診療所】【診療科目:内科_呼吸器内科_消化器内科_胃腸内科】大分県中津市中央町１－７３８－１" }, "geometry": { "type": "Point", "coordinates": [ 131.191089, 33.589 ] } },
{ "type": "Feature", "properties": { "ID": 4421070000000, "正式名称": "髙椋クリニック", "機関区分": 2, "都道府県コード": 44, "市区町村コード": 203, "所在地": "大分県中津市上宮永２９９番地３", "緯度": 33.585755, "経度": 131.184825, "url": "https://www.iryou.teikyouseido.mhlw.go.jp/znk-web/juminkanja/S2430/initialize?prefCd=44&kikanCd=1070000000&kikanKbn=2", "url2": null, "内容": "髙椋クリニック【2:診療所】【診療科目:内科_外科_リハビリテーション科】大分県中津市上宮永２９９番地３" }, "geometry": { "type": "Point", "coordinates": [ 131.184825, 33.585755 ] } },
{ "type": "Feature", "properties": { "ID": 4421070100000, "正式名称": "サクラクリニック", "機関区分": 2, "都道府県コード": 44, "市区町村コード": 203, "所在地": "大分県中津市万田６５５番地", "緯度": 33.583195, "経度": 131.187092, "url": "https://www.iryou.teikyouseido.mhlw.go.jp/znk-web/juminkanja/S2430/initialize?prefCd=44&kikanCd=1070100000&kikanKbn=2", "url2": null, "内容": "サクラクリニック【2:診療所】【診療科目:精神科_心療内科】大分県中津市万田６５５番地" }, "geometry": { "type": "Point", "coordinates": [ 131.187092, 33.583195 ] } },
{ "type": "Feature", "properties": { "ID": 4421070300000, "正式名称": "里見医院", "機関区分": 2, "都道府県コード": 44, "市区町村コード": 203, "所在地": "大分県中津市中央町１－８－３６", "緯度": 33.589647, "経度": 131.189517, "url": "https://www.iryou.teikyouseido.mhlw.go.jp/znk-web/juminkanja/S2430/initialize?prefCd=44&kikanCd=1070300000&kikanKbn=2", "url2": "http://www.eizenkai.jp", "内容": "里見医院【2:診療所】【診療科目:内科_胃腸内科_小児科】大分県中津市中央町１－８－３６" }, "geometry": { "type": "Point", "coordinates": [ 131.189517, 33.589647 ] } },
{ "type": "Feature", "properties": { "ID": 4421070700000, "正式名称": "小路内科医院", "機関区分": 2, "都道府県コード": 44, "市区町村コード": 203, "所在地": "大分県中津市上宮永７４", "緯度": 33.594424, "経度": 131.187947, "url": "https://www.iryou.teikyouseido.mhlw.go.jp/znk-web/juminkanja/S2430/initialize?prefCd=44&kikanCd=1070700000&kikanKbn=2", "url2": "http://www.shoji-medical-clinic.com", "内容": "小路内科医院【2:診療所】【診療科目:内科_循環器内科_消化器内科_精神科_放射線科】大分県中津市上宮永７４" }, "geometry": { "type": "Point", "coordinates": [ 131.187947, 33.594424 ] } },
{ "type": "Feature", "properties": { "ID": 4421071000000, "正式名称": "末廣医院", "機関区分": 2, "都道府県コード": 44, "市区町村コード": 203, "所在地": "大分県中津市沖代町１－７－１", "緯度": 33.592456, "経度": 131.197739, "url": "https://www.iryou.teikyouseido.mhlw.go.jp/znk-web/juminkanja/S2430/initialize?prefCd=44&kikanCd=1071000000&kikanKbn=2", "url2": null, "内容": "末廣医院【2:診療所】【診療科目:内科_血液内科_リウマチ科】大分県中津市沖代町１－７－１" }, "geometry": { "type": "Point", "coordinates": [ 131.197739, 33.592456 ] } },
{ "type": "Feature", "properties": { "ID": 4421071400000, "正式名称": "医療法人にしむら皮ふ科医院　髙野医院", "機関区分": 2, "都道府県コード": 44, "市区町村コード": 203, "所在地": "大分県中津市大字島田８０７番地１", "緯度": 33.600065, "経度": 131.186716, "url": "https://www.iryou.teikyouseido.mhlw.go.jp/znk-web/juminkanja/S2430/initialize?prefCd=44&kikanCd=1071400000&kikanKbn=2", "url2": "http://www.nishimura-hifuka.or.jp/", "内容": "医療法人にしむら皮ふ科医院　髙野医院【2:診療所】【診療科目:皮膚科】大分県中津市大字島田８０７番地１" }, "geometry": { "type": "Point", "coordinates": [ 131.186716, 33.600065 ] } },
{ "type": "Feature", "properties": { "ID": 4421071500000, "正式名称": "田中医院", "機関区分": 2, "都道府県コード": 44, "市区町村コード": 203, "所在地": "大分県中津市大字植野１０７－１", "緯度": 33.561644, "経度": 131.26191, "url": "https://www.iryou.teikyouseido.mhlw.go.jp/znk-web/juminkanja/S2430/initialize?prefCd=44&kikanCd=1071500000&kikanKbn=2", "url2": null, "内容": "田中医院【2:診療所】【診療科目:内科_呼吸器内科】大分県中津市大字植野１０７－１" }, "geometry": { "type": "Point", "coordinates": [ 131.26191, 33.561644 ] } },
{ "type": "Feature", "properties": { "ID": 4421071600000, "正式名称": "寺町クリニック", "機関区分": 2, "都道府県コード": 44, "市区町村コード": 203, "所在地": "大分県中津市寺町９８８－３", "緯度": 33.603887, "経度": 131.190702, "url": "https://www.iryou.teikyouseido.mhlw.go.jp/znk-web/juminkanja/S2430/initialize?prefCd=44&kikanCd=1071600000&kikanKbn=2", "url2": null, "内容": "寺町クリニック【2:診療所】【診療科目:精神科_神経科_心療内科_リハビリテーション科】大分県中津市寺町９８８－３" }, "geometry": { "type": "Point", "coordinates": [ 131.190702, 33.603887 ] } },
{ "type": "Feature", "properties": { "ID": 4421072000000, "正式名称": "医療法人　中尾循環器科内科クリニック", "機関区分": 2, "都道府県コード": 44, "市区町村コード": 203, "所在地": "大分県中津市大字加来２２８３－５１１", "緯度": 33.561828, "経度": 131.203252, "url": "https://www.iryou.teikyouseido.mhlw.go.jp/znk-web/juminkanja/S2430/initialize?prefCd=44&kikanCd=1072000000&kikanKbn=2", "url2": null, "内容": "医療法人　中尾循環器科内科クリニック【2:診療所】【診療科目:内科_呼吸器内科_循環器内科_消化器内科】大分県中津市大字加来２２８３－５１１" }, "geometry": { "type": "Point", "coordinates": [ 131.203252, 33.561828 ] } },
{ "type": "Feature", "properties": { "ID": 4421072100000, "正式名称": "中津眼科", "機関区分": 2, "都道府県コード": 44, "市区町村コード": 203, "所在地": "大分県中津市大字上宮永６７番地１", "緯度": 33.595211, "経度": 131.185899, "url": "https://www.iryou.teikyouseido.mhlw.go.jp/znk-web/juminkanja/S2430/initialize?prefCd=44&kikanCd=1072100000&kikanKbn=2", "url2": null, "内容": "中津眼科【2:診療所】【診療科目:眼科】大分県中津市大字上宮永６７番地１" }, "geometry": { "type": "Point", "coordinates": [ 131.185899, 33.595211 ] } },
{ "type": "Feature", "properties": { "ID": 4421072400000, "正式名称": "中津市国民健康保険津民診療所", "機関区分": 2, "都道府県コード": 44, "市区町村コード": 203, "所在地": "大分県中津市耶馬溪町大野９５０－２", "緯度": 33.477104, "経度": 131.082275, "url": "https://www.iryou.teikyouseido.mhlw.go.jp/znk-web/juminkanja/S2430/initialize?prefCd=44&kikanCd=1072400000&kikanKbn=2", "url2": null, "内容": "中津市国民健康保険津民診療所【2:診療所】【診療科目:内科_外科_小児科】大分県中津市耶馬溪町大野９５０－２" }, "geometry": { "type": "Point", "coordinates": [ 131.082275, 33.477104 ] } },
{ "type": "Feature", "properties": { "ID": 4421072500000, "正式名称": "中津市国民健康保険山移診療所", "機関区分": 2, "都道府県コード": 44, "市区町村コード": 203, "所在地": "大分県中津市耶馬溪町山移", "緯度": 33.40778, "経度": 131.157837, "url": "https://www.iryou.teikyouseido.mhlw.go.jp/znk-web/juminkanja/S2430/initialize?prefCd=44&kikanCd=1072500000&kikanKbn=2", "url2": null, "内容": "中津市国民健康保険山移診療所【2:診療所】【診療科目:内科_小児科】大分県中津市耶馬溪町山移" }, "geometry": { "type": "Point", "coordinates": [ 131.157837, 33.40778 ] } },
{ "type": "Feature", "properties": { "ID": 4421072700000, "正式名称": "中津皮膚科", "機関区分": 2, "都道府県コード": 44, "市区町村コード": 203, "所在地": "大分県中津市中央町１丁目９番３６号", "緯度": 33.592308, "経度": 131.18908, "url": "https://www.iryou.teikyouseido.mhlw.go.jp/znk-web/juminkanja/S2430/initialize?prefCd=44&kikanCd=1072700000&kikanKbn=2", "url2": null, "内容": "中津皮膚科【2:診療所】【診療科目:皮膚科_アレルギー科】大分県中津市中央町１丁目９番３６号" }, "geometry": { "type": "Point", "coordinates": [ 131.18908, 33.592308 ] } },
{ "type": "Feature", "properties": { "ID": 4421073000000, "正式名称": "西耳鼻咽喉科医院", "機関区分": 2, "都道府県コード": 44, "市区町村コード": 203, "所在地": "大分県中津市上宮永１１１５－１", "緯度": 33.589797, "経度": 131.185756, "url": "https://www.iryou.teikyouseido.mhlw.go.jp/znk-web/juminkanja/S2430/initialize?prefCd=44&kikanCd=1073000000&kikanKbn=2", "url2": null, "内容": "西耳鼻咽喉科医院【2:診療所】【診療科目:耳鼻いんこう科】大分県中津市上宮永１１１５－１" }, "geometry": { "type": "Point", "coordinates": [ 131.185756, 33.589797 ] } },
{ "type": "Feature", "properties": { "ID": 4421073100000, "正式名称": "農業協同組合立　下郷診療所", "機関区分": 2, "都道府県コード": 44, "市区町村コード": 203, "所在地": "大分県中津市耶馬溪町樋山路１５番地５", "緯度": 33.42854, "経度": 131.099596, "url": "https://www.iryou.teikyouseido.mhlw.go.jp/znk-web/juminkanja/S2430/initialize?prefCd=44&kikanCd=1073100000&kikanKbn=2", "url2": "http://hs4407.web.fc2.com/medical_clinic_data/_shimogou_mc.html", "内容": "農業協同組合立　下郷診療所【2:診療所】【診療科目:内科_循環器内科_外科_整形外科_小児科】大分県中津市耶馬溪町樋山路１５番地５" }, "geometry": { "type": "Point", "coordinates": [ 131.099596, 33.42854 ] } },
{ "type": "Feature", "properties": { "ID": 4421073400000, "正式名称": "医療法人　平田診療所", "機関区分": 2, "都道府県コード": 44, "市区町村コード": 203, "所在地": "大分県中津市耶馬溪町平田１５１８－１", "緯度": 33.469373, "経度": 131.138487, "url": "https://www.iryou.teikyouseido.mhlw.go.jp/znk-web/juminkanja/S2430/initialize?prefCd=44&kikanCd=1073400000&kikanKbn=2", "url2": null, "内容": "医療法人　平田診療所【2:診療所】【診療科目:内科_循環器内科_外科_小児科】大分県中津市耶馬溪町平田１５１８－１" }, "geometry": { "type": "Point", "coordinates": [ 131.138487, 33.469373 ] } },
{ "type": "Feature", "properties": { "ID": 4421073500000, "正式名称": "ふるかわメディカルクリニック", "機関区分": 2, "都道府県コード": 44, "市区町村コード": 203, "所在地": "大分県中津市豊田町６番地４", "緯度": 33.59715, "経度": 131.189343, "url": "https://www.iryou.teikyouseido.mhlw.go.jp/znk-web/juminkanja/S2430/initialize?prefCd=44&kikanCd=1073500000&kikanKbn=2", "url2": "https://furukawa-med.jp", "内容": "ふるかわメディカルクリニック【2:診療所】【診療科目:内科_消化器内科_胃腸内科_精神科_放射線科】大分県中津市豊田町６番地４" }, "geometry": { "type": "Point", "coordinates": [ 131.189343, 33.59715 ] } },
{ "type": "Feature", "properties": { "ID": 4421073800000, "正式名称": "前田内科医院", "機関区分": 2, "都道府県コード": 44, "市区町村コード": 203, "所在地": "大分県中津市田尻１０７５", "緯度": 33.593315, "経度": 131.238039, "url": "https://www.iryou.teikyouseido.mhlw.go.jp/znk-web/juminkanja/S2430/initialize?prefCd=44&kikanCd=1073800000&kikanKbn=2", "url2": null, "内容": "前田内科医院【2:診療所】【診療科目:内科_呼吸器内科_循環器内科_消化器内科】大分県中津市田尻１０７５" }, "geometry": { "type": "Point", "coordinates": [ 131.238039, 33.593315 ] } },
{ "type": "Feature", "properties": { "ID": 4421073900000, "正式名称": "まつざきクリニック", "機関区分": 2, "都道府県コード": 44, "市区町村コード": 203, "所在地": "大分県中津市三光臼木１２１８番地", "緯度": 33.534956, "経度": 131.1871, "url": "https://www.iryou.teikyouseido.mhlw.go.jp/znk-web/juminkanja/S2430/initialize?prefCd=44&kikanCd=1073900000&kikanKbn=2", "url2": "https://www.matsuzaki-clinic-hp.jp/", "内容": "まつざきクリニック【2:診療所】【診療科目:内科_脳神経外科_精神科_神経科_リハビリテーション科_麻酔科】大分県中津市三光臼木１２１８番地" }, "geometry": { "type": "Point", "coordinates": [ 131.1871, 33.534956 ] } },
{ "type": "Feature", "properties": { "ID": 4421074100000, "正式名称": "水谷クリニック", "機関区分": 2, "都道府県コード": 44, "市区町村コード": 203, "所在地": "大分県中津市山国町守実８０番地１", "緯度": 33.40334, "経度": 131.042669, "url": "https://www.iryou.teikyouseido.mhlw.go.jp/znk-web/juminkanja/S2430/initialize?prefCd=44&kikanCd=1074100000&kikanKbn=2", "url2": "https://mizutani-cl.jp/", "内容": "水谷クリニック【2:診療所】【診療科目:内科_消化器内科_漢方内科_外科_小児科】大分県中津市山国町守実８０番地１" }, "geometry": { "type": "Point", "coordinates": [ 131.042669, 33.40334 ] } },
{ "type": "Feature", "properties": { "ID": 4421074200000, "正式名称": "南整形外科クリニック", "機関区分": 2, "都道府県コード": 44, "市区町村コード": 203, "所在地": "大分県中津市殿町２丁目１４３１－１", "緯度": 33.602765, "経度": 131.182756, "url": "https://www.iryou.teikyouseido.mhlw.go.jp/znk-web/juminkanja/S2430/initialize?prefCd=44&kikanCd=1074200000&kikanKbn=2", "url2": "http://minami-cl.com", "内容": "南整形外科クリニック【2:診療所】【診療科目:整形外科_リハビリテーション科】大分県中津市殿町２丁目１４３１－１" }, "geometry": { "type": "Point", "coordinates": [ 131.182756, 33.602765 ] } },
{ "type": "Feature", "properties": { "ID": 4421074300000, "正式名称": "三保診療所", "機関区分": 2, "都道府県コード": 44, "市区町村コード": 203, "所在地": "大分県中津市大字大悟法７９０番地の２", "緯度": 33.571439, "経度": 131.214243, "url": "https://www.iryou.teikyouseido.mhlw.go.jp/znk-web/juminkanja/S2430/initialize?prefCd=44&kikanCd=1074300000&kikanKbn=2", "url2": null, "内容": "三保診療所【2:診療所】【診療科目:内科_リハビリテーション科_麻酔科】大分県中津市大字大悟法７９０番地の２" }, "geometry": { "type": "Point", "coordinates": [ 131.214243, 33.571439 ] } },
{ "type": "Feature", "properties": { "ID": 4421074400000, "正式名称": "宮田内科医院", "機関区分": 2, "都道府県コード": 44, "市区町村コード": 203, "所在地": "大分県中津市牛神４３２", "緯度": 33.596272, "経度": 131.201657, "url": "https://www.iryou.teikyouseido.mhlw.go.jp/znk-web/juminkanja/S2430/initialize?prefCd=44&kikanCd=1074400000&kikanKbn=2", "url2": "https://miyatanaika-nakatsu.com", "内容": "宮田内科医院【2:診療所】【診療科目:内科_呼吸器内科_循環器内科_消化器内科】大分県中津市牛神４３２" }, "geometry": { "type": "Point", "coordinates": [ 131.201657, 33.596272 ] } },
{ "type": "Feature", "properties": { "ID": 4421074600000, "正式名称": "守谷医院", "機関区分": 2, "都道府県コード": 44, "市区町村コード": 203, "所在地": "大分県中津市本耶馬渓町樋田９０－３", "緯度": 33.558848, "経度": 131.20903, "url": "https://www.iryou.teikyouseido.mhlw.go.jp/znk-web/juminkanja/S2430/initialize?prefCd=44&kikanCd=1074600000&kikanKbn=2", "url2": null, "内容": "守谷医院【2:診療所】【診療科目:内科】大分県中津市本耶馬渓町樋田９０－３" }, "geometry": { "type": "Point", "coordinates": [ 131.20903, 33.558848 ] } },
{ "type": "Feature", "properties": { "ID": 4421075300000, "正式名称": "和田胃腸科内科クリニック", "機関区分": 2, "都道府県コード": 44, "市区町村コード": 203, "所在地": "大分県中津市牛神町１丁目１４番地の４", "緯度": 33.595041, "経度": 131.199557, "url": "https://www.iryou.teikyouseido.mhlw.go.jp/znk-web/juminkanja/S2430/initialize?prefCd=44&kikanCd=1075300000&kikanKbn=2", "url2": null, "内容": "和田胃腸科内科クリニック【2:診療所】【診療科目:内科_胃腸内科_外科_肛門外科_リハビリテーション科】大分県中津市牛神町１丁目１４番地の４" }, "geometry": { "type": "Point", "coordinates": [ 131.199557, 33.595041 ] } },
{ "type": "Feature", "properties": { "ID": 4421075400000, "正式名称": "医療法人社団　麻生会　麻生小児科医院", "機関区分": 2, "都道府県コード": 44, "市区町村コード": 204, "所在地": "大分県日田市淡窓２丁目１−２５", "緯度": 33.322263, "経度": 130.935041, "url": "https://www.iryou.teikyouseido.mhlw.go.jp/znk-web/juminkanja/S2430/initialize?prefCd=44&kikanCd=1075400000&kikanKbn=2", "url2": null, "内容": "医療法人社団　麻生会　麻生小児科医院【2:診療所】【診療科目:小児科】大分県日田市淡窓２丁目１−２５" }, "geometry": { "type": "Point", "coordinates": [ 130.935041, 33.322263 ] } },
{ "type": "Feature", "properties": { "ID": 4421075500000, "正式名称": "池田医院", "機関区分": 2, "都道府県コード": 44, "市区町村コード": 204, "所在地": "大分県日田市丸の内町８－１２", "緯度": 33.327331, "経度": 130.933278, "url": "https://www.iryou.teikyouseido.mhlw.go.jp/znk-web/juminkanja/S2430/initialize?prefCd=44&kikanCd=1075500000&kikanKbn=2", "url2": null, "内容": "池田医院【2:診療所】【診療科目:内科_皮膚科】大分県日田市丸の内町８－１２" }, "geometry": { "type": "Point", "coordinates": [ 130.933278, 33.327331 ] } },
{ "type": "Feature", "properties": { "ID": 4421075600000, "正式名称": "医療法人いけべ耳鼻咽喉科医院", "機関区分": 2, "都道府県コード": 44, "市区町村コード": 204, "所在地": "大分県日田市淡窓２－２－５２－２", "緯度": 33.323509, "経度": 130.939195, "url": "https://www.iryou.teikyouseido.mhlw.go.jp/znk-web/juminkanja/S2430/initialize?prefCd=44&kikanCd=1075600000&kikanKbn=2", "url2": null, "内容": "医療法人いけべ耳鼻咽喉科医院【2:診療所】【診療科目:耳鼻いんこう科_アレルギー科】大分県日田市淡窓２－２－５２－２" }, "geometry": { "type": "Point", "coordinates": [ 130.939195, 33.323509 ] } },
{ "type": "Feature", "properties": { "ID": 4421075700000, "正式名称": "医療法人社団石井産婦人科", "機関区分": 2, "都道府県コード": 44, "市区町村コード": 204, "所在地": "大分県日田市豆田町５番１６号", "緯度": 33.328265, "経度": 130.937682, "url": "https://www.iryou.teikyouseido.mhlw.go.jp/znk-web/juminkanja/S2430/initialize?prefCd=44&kikanCd=1075700000&kikanKbn=2", "url2": null, "内容": "医療法人社団石井産婦人科【2:診療所】【診療科目:産婦人科】大分県日田市豆田町５番１６号" }, "geometry": { "type": "Point", "coordinates": [ 130.937682, 33.328265 ] } },
{ "type": "Feature", "properties": { "ID": 4421075900000, "正式名称": "井上鶴川堂", "機関区分": 2, "都道府県コード": 44, "市区町村コード": 204, "所在地": "大分県日田市大鶴本町８４１－１", "緯度": 33.371718, "経度": 130.88944, "url": "https://www.iryou.teikyouseido.mhlw.go.jp/znk-web/juminkanja/S2430/initialize?prefCd=44&kikanCd=1075900000&kikanKbn=2", "url2": "http://www.i-kakusendo.com/", "内容": "井上鶴川堂【2:診療所】【診療科目:内科_外科】大分県日田市大鶴本町８４１－１" }, "geometry": { "type": "Point", "coordinates": [ 130.88944, 33.371718 ] } },
{ "type": "Feature", "properties": { "ID": 4421076000000, "正式名称": "井上内科", "機関区分": 2, "都道府県コード": 44, "市区町村コード": 204, "所在地": "大分県日田市田島本町９ー１", "緯度": 33.320758, "経度": 130.939189, "url": "https://www.iryou.teikyouseido.mhlw.go.jp/znk-web/juminkanja/S2430/initialize?prefCd=44&kikanCd=1076000000&kikanKbn=2", "url2": null, "内容": "井上内科【2:診療所】【診療科目:内科_糖尿病内科_代謝内科_内分泌内科_呼吸器内科_循環器内科】大分県日田市田島本町９ー１" }, "geometry": { "type": "Point", "coordinates": [ 130.939189, 33.320758 ] } },
{ "type": "Feature", "properties": { "ID": 4421076100000, "正式名称": "医療法人　恒心会　膳所医院", "機関区分": 2, "都道府県コード": 44, "市区町村コード": 204, "所在地": "大分県日田市本町８番３２号", "緯度": 33.313877, "経度": 130.936558, "url": "https://www.iryou.teikyouseido.mhlw.go.jp/znk-web/juminkanja/S2430/initialize?prefCd=44&kikanCd=1076100000&kikanKbn=2", "url2": null, "内容": "医療法人　恒心会　膳所医院【2:診療所】【診療科目:内科_循環器内科_心臓血管外科】大分県日田市本町８番３２号" }, "geometry": { "type": "Point", "coordinates": [ 130.936558, 33.313877 ] } },
{ "type": "Feature", "properties": { "ID": 4421076200000, "正式名称": "医療法人　寿隆々会　渡辺医院", "機関区分": 2, "都道府県コード": 44, "市区町村コード": 204, "所在地": "大分県日田市大山町西大山３４４７番地４", "緯度": 33.259353, "経度": 130.961969, "url": "https://www.iryou.teikyouseido.mhlw.go.jp/znk-web/juminkanja/S2430/initialize?prefCd=44&kikanCd=1076200000&kikanKbn=2", "url2": null, "内容": "医療法人　寿隆々会　渡辺医院【2:診療所】【診療科目:内科_糖尿病・代謝内科_小児科】大分県日田市大山町西大山３４４７番地４" }, "geometry": { "type": "Point", "coordinates": [ 130.961969, 33.259353 ] } },
{ "type": "Feature", "properties": { "ID": 4421076400000, "正式名称": "医療法人讃井会　西村眼科医院", "機関区分": 2, "都道府県コード": 44, "市区町村コード": 204, "所在地": "大分県日田市上城内町１番１１号", "緯度": 33.32448, "経度": 130.941588, "url": "https://www.iryou.teikyouseido.mhlw.go.jp/znk-web/juminkanja/S2430/initialize?prefCd=44&kikanCd=1076400000&kikanKbn=2", "url2": "https://nishimura-2025.com", "内容": "医療法人讃井会　西村眼科医院【2:診療所】【診療科目:眼科】大分県日田市上城内町１番１１号" }, "geometry": { "type": "Point", "coordinates": [ 130.941588, 33.32448 ] } },
{ "type": "Feature", "properties": { "ID": 4421076500000, "正式名称": "日田石井町クリニック", "機関区分": 2, "都道府県コード": 44, "市区町村コード": 204, "所在地": "大分県日田市石井", "緯度": 33.311002, "経度": 130.906647, "url": "https://www.iryou.teikyouseido.mhlw.go.jp/znk-web/juminkanja/S2430/initialize?prefCd=44&kikanCd=1076500000&kikanKbn=2", "url2": "http://www.kawazunaika.jp/", "内容": "日田石井町クリニック【2:診療所】【診療科目:内科_呼吸器内科】大分県日田市石井" }, "geometry": { "type": "Point", "coordinates": [ 130.906647, 33.311002 ] } },
{ "type": "Feature", "properties": { "ID": 4421076600000, "正式名称": "医療法人　蒼龍会　日野内科", "機関区分": 2, "都道府県コード": 44, "市区町村コード": 204, "所在地": "大分県日田市天神町", "緯度": 33.31432, "経度": 130.946989, "url": "https://www.iryou.teikyouseido.mhlw.go.jp/znk-web/juminkanja/S2430/initialize?prefCd=44&kikanCd=1076600000&kikanKbn=2", "url2": null, "内容": "医療法人　蒼龍会　日野内科【2:診療所】【診療科目:内科_循環器内科_神経内科】大分県日田市天神町" }, "geometry": { "type": "Point", "coordinates": [ 130.946989, 33.31432 ] } },
{ "type": "Feature", "properties": { "ID": 4421076700000, "正式名称": "医療法人　宮原レディースクリニック", "機関区分": 2, "都道府県コード": 44, "市区町村コード": 204, "所在地": "大分県日田市玉川町", "緯度": 33.319793, "経度": 130.922992, "url": "https://www.iryou.teikyouseido.mhlw.go.jp/znk-web/juminkanja/S2430/initialize?prefCd=44&kikanCd=1076700000&kikanKbn=2", "url2": "http://www.miyahara-lc.com/", "内容": "医療法人　宮原レディースクリニック【2:診療所】【診療科目:新生児内科_産婦人科_産科_婦人科】大分県日田市玉川町" }, "geometry": { "type": "Point", "coordinates": [ 130.922992, 33.319793 ] } },
{ "type": "Feature", "properties": { "ID": 4421076800000, "正式名称": "医療法人上舟会　上野眼科医院", "機関区分": 2, "都道府県コード": 44, "市区町村コード": 204, "所在地": "大分県日田市本町１０－１１", "緯度": 33.315312, "経度": 130.936412, "url": "https://www.iryou.teikyouseido.mhlw.go.jp/znk-web/juminkanja/S2430/initialize?prefCd=44&kikanCd=1076800000&kikanKbn=2", "url2": "http://ichiro-ueno123.sakura.net.jp/ueno-oph01.htm", "内容": "医療法人上舟会　上野眼科医院【2:診療所】【診療科目:眼科】大分県日田市本町１０－１１" }, "geometry": { "type": "Point", "coordinates": [ 130.936412, 33.315312 ] } },
{ "type": "Feature", "properties": { "ID": 4421077000000, "正式名称": "医療法人　江浦耳鼻咽喉科クリニック", "機関区分": 2, "都道府県コード": 44, "市区町村コード": 204, "所在地": "大分県日田市天神町７９－１", "緯度": 33.34239, "経度": 130.942333, "url": "https://www.iryou.teikyouseido.mhlw.go.jp/znk-web/juminkanja/S2430/initialize?prefCd=44&kikanCd=1077000000&kikanKbn=2", "url2": null, "内容": "医療法人　江浦耳鼻咽喉科クリニック【2:診療所】【診療科目:耳鼻いんこう科】大分県日田市天神町７９－１" }, "geometry": { "type": "Point", "coordinates": [ 130.942333, 33.34239 ] } },
{ "type": "Feature", "properties": { "ID": 4421077200000, "正式名称": "奥平医院", "機関区分": 2, "都道府県コード": 44, "市区町村コード": 204, "所在地": "大分県日田市中津江村栃野２９７０ー８", "緯度": 33.134232, "経度": 130.964918, "url": "https://www.iryou.teikyouseido.mhlw.go.jp/znk-web/juminkanja/S2430/initialize?prefCd=44&kikanCd=1077200000&kikanKbn=2", "url2": "http://www.citydo.com/sp2/oita/520003152.html", "内容": "奥平医院【2:診療所】【診療科目:内科_循環器内科_小児科】大分県日田市中津江村栃野２９７０ー８" }, "geometry": { "type": "Point", "coordinates": [ 130.964918, 33.134232 ] } },
{ "type": "Feature", "properties": { "ID": 4421077400000, "正式名称": "亀山皮膚科医院", "機関区分": 2, "都道府県コード": 44, "市区町村コード": 204, "所在地": "大分県日田市中央２丁目６−４１", "緯度": 33.316193, "経度": 130.93453, "url": "https://www.iryou.teikyouseido.mhlw.go.jp/znk-web/juminkanja/S2430/initialize?prefCd=44&kikanCd=1077400000&kikanKbn=2", "url2": null, "内容": "亀山皮膚科医院【2:診療所】【診療科目:皮膚科】大分県日田市中央２丁目６−４１" }, "geometry": { "type": "Point", "coordinates": [ 130.93453, 33.316193 ] } },
{ "type": "Feature", "properties": { "ID": 4421077500000, "正式名称": "隈診療所", "機関区分": 2, "都道府県コード": 44, "市区町村コード": 204, "所在地": "大分県日田市隈１丁目２－３１", "緯度": 33.3131, "経度": 130.931269, "url": "https://www.iryou.teikyouseido.mhlw.go.jp/znk-web/juminkanja/S2430/initialize?prefCd=44&kikanCd=1077500000&kikanKbn=2", "url2": "http://drkuma.jp", "内容": "隈診療所【2:診療所】【診療科目:内科_循環器内科】大分県日田市隈１丁目２－３１" }, "geometry": { "type": "Point", "coordinates": [ 130.931269, 33.3131 ] } },
{ "type": "Feature", "properties": { "ID": 4421077700000, "正式名称": "こじかこどもクリニック", "機関区分": 2, "都道府県コード": 44, "市区町村コード": 204, "所在地": "大分県日田市清岸寺町１０３９－６", "緯度": 33.335436, "経度": 130.930579, "url": "https://www.iryou.teikyouseido.mhlw.go.jp/znk-web/juminkanja/S2430/initialize?prefCd=44&kikanCd=1077700000&kikanKbn=2", "url2": "http://www011.upp.so-net.ne.jp/kojika-clinic/", "内容": "こじかこどもクリニック【2:診療所】【診療科目:小児科】大分県日田市清岸寺町１０３９－６" }, "geometry": { "type": "Point", "coordinates": [ 130.930579, 33.335436 ] } },
{ "type": "Feature", "properties": { "ID": 4421078100000, "正式名称": "下飛田小児科", "機関区分": 2, "都道府県コード": 44, "市区町村コード": 204, "所在地": "大分県日田市中央１丁目７－１", "緯度": 33.316994, "経度": 130.935914, "url": "https://www.iryou.teikyouseido.mhlw.go.jp/znk-web/juminkanja/S2430/initialize?prefCd=44&kikanCd=1078100000&kikanKbn=2", "url2": null, "内容": "下飛田小児科【2:診療所】【診療科目:小児科】大分県日田市中央１丁目７－１" }, "geometry": { "type": "Point", "coordinates": [ 130.935914, 33.316994 ] } },
{ "type": "Feature", "properties": { "ID": 4421078600000, "正式名称": "聖陵花月クリニック", "機関区分": 2, "都道府県コード": 44, "市区町村コード": 204, "所在地": "大分県日田市清水町９３１－６", "緯度": 33.348641, "経度": 130.940988, "url": "https://www.iryou.teikyouseido.mhlw.go.jp/znk-web/juminkanja/S2430/initialize?prefCd=44&kikanCd=1078600000&kikanKbn=2", "url2": "http://www.seiryou.or.jp/kagetu/", "内容": "聖陵花月クリニック【2:診療所】【診療科目:内科_呼吸器内科_循環器内科_消化器内科】大分県日田市清水町９３１－６" }, "geometry": { "type": "Point", "coordinates": [ 130.940988, 33.348641 ] } },
{ "type": "Feature", "properties": { "ID": 4421078800000, "正式名称": "医療法人　田中眼科医院", "機関区分": 2, "都道府県コード": 44, "市区町村コード": 204, "所在地": "大分県日田市三本松１－１０－１８", "緯度": 33.318333, "経度": 130.933914, "url": "https://www.iryou.teikyouseido.mhlw.go.jp/znk-web/juminkanja/S2430/initialize?prefCd=44&kikanCd=1078800000&kikanKbn=2", "url2": null, "内容": "医療法人　田中眼科医院【2:診療所】【診療科目:眼科】大分県日田市三本松１－１０－１８" }, "geometry": { "type": "Point", "coordinates": [ 130.933914, 33.318333 ] } },
{ "type": "Feature", "properties": { "ID": 4421079200000, "正式名称": "特別養護老人ホーム「花月園」", "機関区分": 2, "都道府県コード": 44, "市区町村コード": 204, "所在地": "大分県日田市日ノ出町１５６", "緯度": 33.33577, "経度": 130.93909, "url": "https://www.iryou.teikyouseido.mhlw.go.jp/znk-web/juminkanja/S2430/initialize?prefCd=44&kikanCd=1079200000&kikanKbn=2", "url2": null, "内容": "特別養護老人ホーム「花月園」【2:診療所】【診療科目:内科】大分県日田市日ノ出町１５６" }, "geometry": { "type": "Point", "coordinates": [ 130.93909, 33.33577 ] } },
{ "type": "Feature", "properties": { "ID": 4421079500000, "正式名称": "中川泌尿器科", "機関区分": 2, "都道府県コード": 44, "市区町村コード": 204, "所在地": "大分県日田市上野町", "緯度": 33.310339, "経度": 130.923085, "url": "https://www.iryou.teikyouseido.mhlw.go.jp/znk-web/juminkanja/S2430/initialize?prefCd=44&kikanCd=1079500000&kikanKbn=2", "url2": null, "内容": "中川泌尿器科【2:診療所】【診療科目:泌尿器科】大分県日田市上野町" }, "geometry": { "type": "Point", "coordinates": [ 130.923085, 33.310339 ] } },
{ "type": "Feature", "properties": { "ID": 4421079600000, "正式名称": "医療法人　新関内科医院", "機関区分": 2, "都道府県コード": 44, "市区町村コード": 204, "所在地": "大分県日田市田島２丁目４番９号", "緯度": 33.319995, "経度": 130.941464, "url": "https://www.iryou.teikyouseido.mhlw.go.jp/znk-web/juminkanja/S2430/initialize?prefCd=44&kikanCd=1079600000&kikanKbn=2", "url2": null, "内容": "医療法人　新関内科医院【2:診療所】【診療科目:内科_消化器内科】大分県日田市田島２丁目４番９号" }, "geometry": { "type": "Point", "coordinates": [ 130.941464, 33.319995 ] } },
{ "type": "Feature", "properties": { "ID": 4421079700000, "正式名称": "医療法人　原整形外科医院", "機関区分": 2, "都道府県コード": 44, "市区町村コード": 204, "所在地": "大分県日田市上城内町２の１４", "緯度": 33.326696, "経度": 130.941785, "url": "https://www.iryou.teikyouseido.mhlw.go.jp/znk-web/juminkanja/S2430/initialize?prefCd=44&kikanCd=1079700000&kikanKbn=2", "url2": "http://hara-oc.net", "内容": "医療法人　原整形外科医院【2:診療所】【診療科目:整形外科_リハビリテーション科】大分県日田市上城内町２の１４" }, "geometry": { "type": "Point", "coordinates": [ 130.941785, 33.326696 ] } },
{ "type": "Feature", "properties": { "ID": 4421080000000, "正式名称": "日田市立上津江診療所", "機関区分": 2, "都道府県コード": 44, "市区町村コード": 204, "所在地": "大分県日田市上津江町川原３９３３番地", "緯度": 33.119553, "経度": 130.96811, "url": "https://www.iryou.teikyouseido.mhlw.go.jp/znk-web/juminkanja/S2430/initialize?prefCd=44&kikanCd=1080000000&kikanKbn=2", "url2": null, "内容": "日田市立上津江診療所【2:診療所】【診療科目:内科_外科】大分県日田市上津江町川原３９３３番地" }, "geometry": { "type": "Point", "coordinates": [ 130.96811, 33.119553 ] } },
{ "type": "Feature", "properties": { "ID": 4421080100000, "正式名称": "日田市立東渓診療所", "機関区分": 2, "都道府県コード": 44, "市区町村コード": 204, "所在地": "大分県日田市天瀬町合田１９８６番地２", "緯度": 33.283405, "経度": 131.007214, "url": "https://www.iryou.teikyouseido.mhlw.go.jp/znk-web/juminkanja/S2430/initialize?prefCd=44&kikanCd=1080100000&kikanKbn=2", "url2": null, "内容": "日田市立東渓診療所【2:診療所】【診療科目:内科】大分県日田市天瀬町合田１９８６番地２" }, "geometry": { "type": "Point", "coordinates": [ 131.007214, 33.283405 ] } },
{ "type": "Feature", "properties": { "ID": 4421080200000, "正式名称": "日田市立東渓診療所　出口出張診療所", "機関区分": 2, "都道府県コード": 44, "市区町村コード": 204, "所在地": "大分県日田市天瀬町出口１７４８番地１", "緯度": 33.203649, "経度": 131.014371, "url": "https://www.iryou.teikyouseido.mhlw.go.jp/znk-web/juminkanja/S2430/initialize?prefCd=44&kikanCd=1080200000&kikanKbn=2", "url2": null, "内容": "日田市立東渓診療所　出口出張診療所【2:診療所】【診療科目:内科】大分県日田市天瀬町出口１７４８番地１" }, "geometry": { "type": "Point", "coordinates": [ 131.014371, 33.203649 ] } },
{ "type": "Feature", "properties": { "ID": 4421080300000, "正式名称": "日田市立東渓診療所　塚田出張診療所", "機関区分": 2, "都道府県コード": 44, "市区町村コード": 204, "所在地": "大分県日田市天瀬町塚田８９８番地１", "緯度": 33.219236, "経度": 131.027878, "url": "https://www.iryou.teikyouseido.mhlw.go.jp/znk-web/juminkanja/S2430/initialize?prefCd=44&kikanCd=1080300000&kikanKbn=2", "url2": null, "内容": "日田市立東渓診療所　塚田出張診療所【2:診療所】【診療科目:内科】大分県日田市天瀬町塚田８９８番地１" }, "geometry": { "type": "Point", "coordinates": [ 131.027878, 33.219236 ] } },
{ "type": "Feature", "properties": { "ID": 4421080400000, "正式名称": "医療法人　福田医院", "機関区分": 2, "都道府県コード": 44, "市区町村コード": 204, "所在地": "大分県日田市清岸寺町１１５０―１", "緯度": 33.342002, "経度": 130.940552, "url": "https://www.iryou.teikyouseido.mhlw.go.jp/znk-web/juminkanja/S2430/initialize?prefCd=44&kikanCd=1080400000&kikanKbn=2", "url2": null, "内容": "医療法人　福田医院【2:診療所】【診療科目:内科_呼吸器内科_消化器内科_外科】大分県日田市清岸寺町１１５０―１" }, "geometry": { "type": "Point", "coordinates": [ 130.940552, 33.342002 ] } },
{ "type": "Feature", "properties": { "ID": 4421080500000, "正式名称": "医療法人　善信会　堀田クリニック", "機関区分": 2, "都道府県コード": 44, "市区町村コード": 204, "所在地": "大分県日田市大字十二町４７４－１", "緯度": 33.32365, "経度": 130.919405, "url": "https://www.iryou.teikyouseido.mhlw.go.jp/znk-web/juminkanja/S2430/initialize?prefCd=44&kikanCd=1080500000&kikanKbn=2", "url2": "horita-clinic.com", "内容": "医療法人　善信会　堀田クリニック【2:診療所】【診療科目:内科_消化器内科_胃腸内科_外科_肛門外科】大分県日田市大字十二町４７４－１" }, "geometry": { "type": "Point", "coordinates": [ 130.919405, 33.32365 ] } },
{ "type": "Feature", "properties": { "ID": 4421080600000, "正式名称": "松浦クリニック", "機関区分": 2, "都道府県コード": 44, "市区町村コード": 204, "所在地": "大分県日田市中央一丁目五ー四", "緯度": 33.318038, "経度": 130.935022, "url": "https://www.iryou.teikyouseido.mhlw.go.jp/znk-web/juminkanja/S2430/initialize?prefCd=44&kikanCd=1080600000&kikanKbn=2", "url2": null, "内容": "松浦クリニック【2:診療所】【診療科目:内科_漢方内科】大分県日田市中央一丁目五ー四" }, "geometry": { "type": "Point", "coordinates": [ 130.935022, 33.318038 ] } },
{ "type": "Feature", "properties": { "ID": 4421080700000, "正式名称": "みよしクリニック", "機関区分": 2, "都道府県コード": 44, "市区町村コード": 204, "所在地": "大分県日田市三芳小渕町", "緯度": 33.303058, "経度": 130.948877, "url": "https://www.iryou.teikyouseido.mhlw.go.jp/znk-web/juminkanja/S2430/initialize?prefCd=44&kikanCd=1080700000&kikanKbn=2", "url2": null, "内容": "みよしクリニック【2:診療所】【診療科目:内科_産婦人科_産科_婦人科】大分県日田市三芳小渕町" }, "geometry": { "type": "Point", "coordinates": [ 130.948877, 33.303058 ] } },
{ "type": "Feature", "properties": { "ID": 4421080800000, "正式名称": "メンタルクリニック日田駅前", "機関区分": 2, "都道府県コード": 44, "市区町村コード": 204, "所在地": "大分県日田市中央１丁目１－２４　ロフティ日田駅前テリオ２０１", "緯度": 33.315853, "経度": 130.937773, "url": "https://www.iryou.teikyouseido.mhlw.go.jp/znk-web/juminkanja/S2430/initialize?prefCd=44&kikanCd=1080800000&kikanKbn=2", "url2": "http://www.mc-hitaekimae.com/", "内容": "メンタルクリニック日田駅前【2:診療所】【診療科目:精神科_心療内科】大分県日田市中央１丁目１－２４　ロフティ日田駅前テリオ２０１" }, "geometry": { "type": "Point", "coordinates": [ 130.937773, 33.315853 ] } },
{ "type": "Feature", "properties": { "ID": 4421081000000, "正式名称": "和田皮膚科医院", "機関区分": 2, "都道府県コード": 44, "市区町村コード": 204, "所在地": "大分県日田市淡窓２丁目１番３号", "緯度": 33.321358, "経度": 130.93545, "url": "https://www.iryou.teikyouseido.mhlw.go.jp/znk-web/juminkanja/S2430/initialize?prefCd=44&kikanCd=1081000000&kikanKbn=2", "url2": null, "内容": "和田皮膚科医院【2:診療所】【診療科目:皮膚科】大分県日田市淡窓２丁目１番３号" }, "geometry": { "type": "Point", "coordinates": [ 130.93545, 33.321358 ] } },
{ "type": "Feature", "properties": { "ID": 4421081100000, "正式名称": "医療法人　穐山会　秋山医院", "機関区分": 2, "都道府県コード": 44, "市区町村コード": 205, "所在地": "大分県佐伯市向島２丁目１９－２１", "緯度": 32.954354, "経度": 131.895247, "url": "https://www.iryou.teikyouseido.mhlw.go.jp/znk-web/juminkanja/S2430/initialize?prefCd=44&kikanCd=1081100000&kikanKbn=2", "url2": null, "内容": "医療法人　穐山会　秋山医院【2:診療所】【診療科目:内科】大分県佐伯市向島２丁目１９－２１" }, "geometry": { "type": "Point", "coordinates": [ 131.895247, 32.954354 ] } },
{ "type": "Feature", "properties": { "ID": 4421081400000, "正式名称": "石川眼科医院", "機関区分": 2, "都道府県コード": 44, "市区町村コード": 205, "所在地": "大分県佐伯市駅前", "緯度": 32.97328, "経度": 131.90325, "url": "https://www.iryou.teikyouseido.mhlw.go.jp/znk-web/juminkanja/S2430/initialize?prefCd=44&kikanCd=1081400000&kikanKbn=2", "url2": null, "内容": "石川眼科医院【2:診療所】【診療科目:眼科】大分県佐伯市駅前" }, "geometry": { "type": "Point", "coordinates": [ 131.90325, 32.97328 ] } },
{ "type": "Feature", "properties": { "ID": 4421081600000, "正式名称": "医療法人　ひまわり会　池田医院", "機関区分": 2, "都道府県コード": 44, "市区町村コード": 205, "所在地": "大分県佐伯市上岡１２５８番地１", "緯度": 32.956036, "経度": 131.862852, "url": "https://www.iryou.teikyouseido.mhlw.go.jp/znk-web/juminkanja/S2430/initialize?prefCd=44&kikanCd=1081600000&kikanKbn=2", "url2": null, "内容": "医療法人　ひまわり会　池田医院【2:診療所】【診療科目:内科_消化器内科_胃腸内科_外科_肛門外科】大分県佐伯市上岡１２５８番地１" }, "geometry": { "type": "Point", "coordinates": [ 131.862852, 32.956036 ] } },
{ "type": "Feature", "properties": { "ID": 4421081700000, "正式名称": "医療法人　上尾皮膚科", "機関区分": 2, "都道府県コード": 44, "市区町村コード": 205, "所在地": "大分県佐伯市大手町３丁目３番３８号", "緯度": 32.955943, "経度": 131.892843, "url": "https://www.iryou.teikyouseido.mhlw.go.jp/znk-web/juminkanja/S2430/initialize?prefCd=44&kikanCd=1081700000&kikanKbn=2", "url2": null, "内容": "医療法人　上尾皮膚科【2:診療所】【診療科目:皮膚科】大分県佐伯市大手町３丁目３番３８号" }, "geometry": { "type": "Point", "coordinates": [ 131.892843, 32.955943 ] } },
{ "type": "Feature", "properties": { "ID": 4421081800000, "正式名称": "大分県勤労者医療生活協同組合　佐伯診療所", "機関区分": 2, "都道府県コード": 44, "市区町村コード": 205, "所在地": "大分県佐伯市中の島１丁目１４番２１号", "緯度": 32.956376, "経度": 131.899797, "url": "https://www.iryou.teikyouseido.mhlw.go.jp/znk-web/juminkanja/S2430/initialize?prefCd=44&kikanCd=1081800000&kikanKbn=2", "url2": "http://www.oitakyowa-hp.org/index.html", "内容": "大分県勤労者医療生活協同組合　佐伯診療所【2:診療所】【診療科目:内科_呼吸器内科_心療内科_リハビリテーション科】大分県佐伯市中の島１丁目１４番２１号" }, "geometry": { "type": "Point", "coordinates": [ 131.899797, 32.956376 ] } },
{ "type": "Feature", "properties": { "ID": 4421082100000, "正式名称": "岡本医院", "機関区分": 2, "都道府県コード": 44, "市区町村コード": 205, "所在地": "大分県佐伯市蒲江蒲江浦２１５３番地", "緯度": 32.798458, "経度": 131.927969, "url": "https://www.iryou.teikyouseido.mhlw.go.jp/znk-web/juminkanja/S2430/initialize?prefCd=44&kikanCd=1082100000&kikanKbn=2", "url2": null, "内容": "岡本医院【2:診療所】【診療科目:内科】大分県佐伯市蒲江蒲江浦２１５３番地" }, "geometry": { "type": "Point", "coordinates": [ 131.927969, 32.798458 ] } },
{ "type": "Feature", "properties": { "ID": 4421082400000, "正式名称": "片岡医院", "機関区分": 2, "都道府県コード": 44, "市区町村コード": 205, "所在地": "大分県佐伯市長谷７７２８ー１", "緯度": 32.937018, "経度": 131.880623, "url": "https://www.iryou.teikyouseido.mhlw.go.jp/znk-web/juminkanja/S2430/initialize?prefCd=44&kikanCd=1082400000&kikanKbn=2", "url2": null, "内容": "片岡医院【2:診療所】【診療科目:内科_小児科】大分県佐伯市長谷７７２８ー１" }, "geometry": { "type": "Point", "coordinates": [ 131.880623, 32.937018 ] } },
{ "type": "Feature", "properties": { "ID": 4421082500000, "正式名称": "医療法人　からしま医院", "機関区分": 2, "都道府県コード": 44, "市区町村コード": 205, "所在地": "大分県佐伯市弥生上小倉", "緯度": 32.969662, "経度": 131.840937, "url": "https://www.iryou.teikyouseido.mhlw.go.jp/znk-web/juminkanja/S2430/initialize?prefCd=44&kikanCd=1082500000&kikanKbn=2", "url2": null, "内容": "医療法人　からしま医院【2:診療所】【診療科目:内科_呼吸器内科_消化器内科_胃腸内科_外科_肛門外科_整形外科】大分県佐伯市弥生上小倉" }, "geometry": { "type": "Point", "coordinates": [ 131.840937, 32.969662 ] } },
{ "type": "Feature", "properties": { "ID": 4421082600000, "正式名称": "木下整形外科", "機関区分": 2, "都道府県コード": 44, "市区町村コード": 205, "所在地": "大分県佐伯市新女島２丁目６８７３－２", "緯度": 32.953116, "経度": 131.907778, "url": "https://www.iryou.teikyouseido.mhlw.go.jp/znk-web/juminkanja/S2430/initialize?prefCd=44&kikanCd=1082600000&kikanKbn=2", "url2": null, "内容": "木下整形外科【2:診療所】【診療科目:整形外科】大分県佐伯市新女島２丁目６８７３－２" }, "geometry": { "type": "Point", "coordinates": [ 131.907778, 32.953116 ] } },
{ "type": "Feature", "properties": { "ID": 4421082800000, "正式名称": "医療法人　桑畑小児科医院", "機関区分": 2, "都道府県コード": 44, "市区町村コード": 205, "所在地": "大分県佐伯市中村東町１０番５号", "緯度": 32.96067, "経度": 131.901955, "url": "https://www.iryou.teikyouseido.mhlw.go.jp/znk-web/juminkanja/S2430/initialize?prefCd=44&kikanCd=1082800000&kikanKbn=2", "url2": null, "内容": "医療法人　桑畑小児科医院【2:診療所】【診療科目:小児科】大分県佐伯市中村東町１０番５号" }, "geometry": { "type": "Point", "coordinates": [ 131.901955, 32.96067 ] } },
{ "type": "Feature", "properties": { "ID": 4421083100000, "正式名称": "医療法人　養春堂　近藤医院", "機関区分": 2, "都道府県コード": 44, "市区町村コード": 205, "所在地": "大分県佐伯市弥生大字江良１０５２－３", "緯度": 32.93966, "経度": 131.827896, "url": "https://www.iryou.teikyouseido.mhlw.go.jp/znk-web/juminkanja/S2430/initialize?prefCd=44&kikanCd=1083100000&kikanKbn=2", "url2": null, "内容": "医療法人　養春堂　近藤医院【2:診療所】【診療科目:内科_リハビリテーション科】大分県佐伯市弥生大字江良１０５２－３" }, "geometry": { "type": "Point", "coordinates": [ 131.827896, 32.93966 ] } },
{ "type": "Feature", "properties": { "ID": 4421083200000, "正式名称": "医療法人佐伯眼科", "機関区分": 2, "都道府県コード": 44, "市区町村コード": 205, "所在地": "大分県佐伯市常盤西町１８６８番地１", "緯度": 32.96391, "経度": 131.89883, "url": "https://www.iryou.teikyouseido.mhlw.go.jp/znk-web/juminkanja/S2430/initialize?prefCd=44&kikanCd=1083200000&kikanKbn=2", "url2": null, "内容": "医療法人佐伯眼科【2:診療所】【診療科目:眼科】大分県佐伯市常盤西町１８６８番地１" }, "geometry": { "type": "Point", "coordinates": [ 131.89883, 32.96391 ] } },
{ "type": "Feature", "properties": { "ID": 4421083300000, "正式名称": "佐伯市国民健康保険因尾診療所", "機関区分": 2, "都道府県コード": 44, "市区町村コード": 205, "所在地": "大分県佐伯市本匠堂ノ間", "緯度": 32.929673, "経度": 131.712161, "url": "https://www.iryou.teikyouseido.mhlw.go.jp/znk-web/juminkanja/S2430/initialize?prefCd=44&kikanCd=1083300000&kikanKbn=2", "url2": null, "内容": "佐伯市国民健康保険因尾診療所【2:診療所】【診療科目:内科_外科_小児科】大分県佐伯市本匠堂ノ間" }, "geometry": { "type": "Point", "coordinates": [ 131.712161, 32.929673 ] } },
{ "type": "Feature", "properties": { "ID": 4421083400000, "正式名称": "佐伯市国民健康保険大島診療所", "機関区分": 2, "都道府県コード": 44, "市区町村コード": 205, "所在地": "大分県佐伯市鶴見大島７１７番地５", "緯度": 32.96703, "経度": 132.072535, "url": "https://www.iryou.teikyouseido.mhlw.go.jp/znk-web/juminkanja/S2430/initialize?prefCd=44&kikanCd=1083400000&kikanKbn=2", "url2": null, "内容": "佐伯市国民健康保険大島診療所【2:診療所】【診療科目:内科】大分県佐伯市鶴見大島７１７番地５" }, "geometry": { "type": "Point", "coordinates": [ 132.072535, 32.96703 ] } },
{ "type": "Feature", "properties": { "ID": 4421083500000, "正式名称": "佐伯市国民健康保険大入島診療所", "機関区分": 2, "都道府県コード": 44, "市区町村コード": 205, "所在地": "大分県佐伯市大字久保浦字堀切１０５９番地の１９", "緯度": 32.997453, "経度": 131.923877, "url": "https://www.iryou.teikyouseido.mhlw.go.jp/znk-web/juminkanja/S2430/initialize?prefCd=44&kikanCd=1083500000&kikanKbn=2", "url2": null, "内容": "佐伯市国民健康保険大入島診療所【2:診療所】【診療科目:内科_外科】大分県佐伯市大字久保浦字堀切１０５９番地の１９" }, "geometry": { "type": "Point", "coordinates": [ 131.923877, 32.997453 ] } },
{ "type": "Feature", "properties": { "ID": 4421083700000, "正式名称": "佐伯市国民健康保険丹賀診療所", "機関区分": 2, "都道府県コード": 44, "市区町村コード": 205, "所在地": "大分県佐伯市鶴見丹賀浦１２９番地１", "緯度": 32.947409, "経度": 132.048744, "url": "https://www.iryou.teikyouseido.mhlw.go.jp/znk-web/juminkanja/S2430/initialize?prefCd=44&kikanCd=1083700000&kikanKbn=2", "url2": null, "内容": "佐伯市国民健康保険丹賀診療所【2:診療所】【診療科目:内科】大分県佐伯市鶴見丹賀浦１２９番地１" }, "geometry": { "type": "Point", "coordinates": [ 132.048744, 32.947409 ] } },
{ "type": "Feature", "properties": { "ID": 4421083800000, "正式名称": "佐伯市国民健康保険鶴見診療所", "機関区分": 2, "都道府県コード": 44, "市区町村コード": 205, "所在地": "大分県佐伯市鶴見大字沖松浦２０番地", "緯度": 32.942285, "経度": 131.962688, "url": "https://www.iryou.teikyouseido.mhlw.go.jp/znk-web/juminkanja/S2430/initialize?prefCd=44&kikanCd=1083800000&kikanKbn=2", "url2": null, "内容": "佐伯市国民健康保険鶴見診療所【2:診療所】【診療科目:内科_糖尿病・内分泌内科_ペインクリニック内科_外科_整形外科】大分県佐伯市鶴見大字沖松浦２０番地" }, "geometry": { "type": "Point", "coordinates": [ 131.962688, 32.942285 ] } },
{ "type": "Feature", "properties": { "ID": 4421084300000, "正式名称": "医療法人　雄生会　塩月内科小児科医院", "機関区分": 2, "都道府県コード": 44, "市区町村コード": 205, "所在地": "大分県佐伯市　女島一丁目７２３８番地１", "緯度": 32.959076, "経度": 131.913849, "url": "https://www.iryou.teikyouseido.mhlw.go.jp/znk-web/juminkanja/S2430/initialize?prefCd=44&kikanCd=1084300000&kikanKbn=2", "url2": null, "内容": "医療法人　雄生会　塩月内科小児科医院【2:診療所】【診療科目:内科_小児科】大分県佐伯市　女島一丁目７２３８番地１" }, "geometry": { "type": "Point", "coordinates": [ 131.913849, 32.959076 ] } },
{ "type": "Feature", "properties": { "ID": 4421084400000, "正式名称": "島村耳鼻咽喉科", "機関区分": 2, "都道府県コード": 44, "市区町村コード": 205, "所在地": "大分県佐伯市中の島１－２－２９", "緯度": 32.958013, "経度": 131.901094, "url": "https://www.iryou.teikyouseido.mhlw.go.jp/znk-web/juminkanja/S2430/initialize?prefCd=44&kikanCd=1084400000&kikanKbn=2", "url2": null, "内容": "島村耳鼻咽喉科【2:診療所】【診療科目:気管食道・耳鼻いんこう科_アレルギー科】大分県佐伯市中の島１－２－２９" }, "geometry": { "type": "Point", "coordinates": [ 131.901094, 32.958013 ] } },
{ "type": "Feature", "properties": { "ID": 4421084500000, "正式名称": "志村内科胃腸科", "機関区分": 2, "都道府県コード": 44, "市区町村コード": 205, "所在地": "大分県佐伯市中の島３丁目２－２", "緯度": 32.953638, "経度": 131.902961, "url": "https://www.iryou.teikyouseido.mhlw.go.jp/znk-web/juminkanja/S2430/initialize?prefCd=44&kikanCd=1084500000&kikanKbn=2", "url2": null, "内容": "志村内科胃腸科【2:診療所】【診療科目:内科_胃腸内科】大分県佐伯市中の島３丁目２－２" }, "geometry": { "type": "Point", "coordinates": [ 131.902961, 32.953638 ] } },
{ "type": "Feature", "properties": { "ID": 4421084600000, "正式名称": "城東医院", "機関区分": 2, "都道府県コード": 44, "市区町村コード": 205, "所在地": "大分県佐伯市中村東町８－１２", "緯度": 32.96102, "経度": 131.900815, "url": "https://www.iryou.teikyouseido.mhlw.go.jp/znk-web/juminkanja/S2430/initialize?prefCd=44&kikanCd=1084600000&kikanKbn=2", "url2": null, "内容": "城東医院【2:診療所】【診療科目:内科】大分県佐伯市中村東町８－１２" }, "geometry": { "type": "Point", "coordinates": [ 131.900815, 32.96102 ] } },
{ "type": "Feature", "properties": { "ID": 4421084700000, "正式名称": "医療法人　新徳寺　神宮医院", "機関区分": 2, "都道府県コード": 44, "市区町村コード": 205, "所在地": "大分県佐伯市宇目小野市２８８４番地３", "緯度": 32.86714, "経度": 131.62833, "url": "https://www.iryou.teikyouseido.mhlw.go.jp/znk-web/juminkanja/S2430/initialize?prefCd=44&kikanCd=1084700000&kikanKbn=2", "url2": null, "内容": "医療法人　新徳寺　神宮医院【2:診療所】【診療科目:内科_外科】大分県佐伯市宇目小野市２８８４番地３" }, "geometry": { "type": "Point", "coordinates": [ 131.62833, 32.86714 ] } },
{ "type": "Feature", "properties": { "ID": 4421084900000, "正式名称": "杉谷診療所", "機関区分": 2, "都道府県コード": 44, "市区町村コード": 205, "所在地": "大分県佐伯市西谷町５番２４号", "緯度": 32.956819, "経度": 131.885505, "url": "https://www.iryou.teikyouseido.mhlw.go.jp/znk-web/juminkanja/S2430/initialize?prefCd=44&kikanCd=1084900000&kikanKbn=2", "url2": "https://sugidani.sakura.ne.jp/www/", "内容": "杉谷診療所【2:診療所】【診療科目:内科_消化器内科_肝臓内科】大分県佐伯市西谷町５番２４号" }, "geometry": { "type": "Point", "coordinates": [ 131.885505, 32.956819 ] } },
{ "type": "Feature", "properties": { "ID": 4421085100000, "正式名称": "田中眼科医院", "機関区分": 2, "都道府県コード": 44, "市区町村コード": 205, "所在地": "大分県佐伯市城下西町３－２３", "緯度": 32.959256, "経度": 131.892833, "url": "https://www.iryou.teikyouseido.mhlw.go.jp/znk-web/juminkanja/S2430/initialize?prefCd=44&kikanCd=1085100000&kikanKbn=2", "url2": null, "内容": "田中眼科医院【2:診療所】【診療科目:眼科】大分県佐伯市城下西町３－２３" }, "geometry": { "type": "Point", "coordinates": [ 131.892833, 32.959256 ] } },
{ "type": "Feature", "properties": { "ID": 4421085300000, "正式名称": "医療法人緑桜会田渕内科", "機関区分": 2, "都道府県コード": 44, "市区町村コード": 205, "所在地": "大分県佐伯市中村東町２ー２２", "緯度": 32.960358, "経度": 131.90144, "url": "https://www.iryou.teikyouseido.mhlw.go.jp/znk-web/juminkanja/S2430/initialize?prefCd=44&kikanCd=1085300000&kikanKbn=2", "url2": null, "内容": "医療法人緑桜会田渕内科【2:診療所】【診療科目:内科_呼吸器内科_消化器内科_放射線科】大分県佐伯市中村東町２ー２２" }, "geometry": { "type": "Point", "coordinates": [ 131.90144, 32.960358 ] } },
{ "type": "Feature", "properties": { "ID": 4421086000000, "正式名称": "特別養護老人ホームはたのうら医務室", "機関区分": 2, "都道府県コード": 44, "市区町村コード": 205, "所在地": "大分県佐伯市蒲江大字畑野浦５９６番地３２", "緯度": 32.856347, "経度": 131.950022, "url": "https://www.iryou.teikyouseido.mhlw.go.jp/znk-web/juminkanja/S2430/initialize?prefCd=44&kikanCd=1086000000&kikanKbn=2", "url2": null, "内容": "特別養護老人ホームはたのうら医務室【2:診療所】【診療科目:内科】大分県佐伯市蒲江大字畑野浦５９６番地３２" }, "geometry": { "type": "Point", "coordinates": [ 131.950022, 32.856347 ] } },
{ "type": "Feature", "properties": { "ID": 4421086100000, "正式名称": "社会医療法人長門莫記念会直川クリニック", "機関区分": 2, "都道府県コード": 44, "市区町村コード": 205, "所在地": "大分県佐伯市直川上直見５６２番地１", "緯度": 32.89584, "経度": 131.778646, "url": "https://www.iryou.teikyouseido.mhlw.go.jp/znk-web/juminkanja/S2430/initialize?prefCd=44&kikanCd=1086100000&kikanKbn=2", "url2": "http://www.nagato.or.jp", "内容": "社会医療法人長門莫記念会直川クリニック【2:診療所】【診療科目:内科】大分県佐伯市直川上直見５６２番地１" }, "geometry": { "type": "Point", "coordinates": [ 131.778646, 32.89584 ] } },
{ "type": "Feature", "properties": { "ID": 4421086200000, "正式名称": "中浦循環器クリニック", "機関区分": 2, "都道府県コード": 44, "市区町村コード": 205, "所在地": "大分県佐伯市向島", "緯度": 32.955145, "経度": 131.895391, "url": "https://www.iryou.teikyouseido.mhlw.go.jp/znk-web/juminkanja/S2430/initialize?prefCd=44&kikanCd=1086200000&kikanKbn=2", "url2": "http://www.nakauraheart.com", "内容": "中浦循環器クリニック【2:診療所】【診療科目:内科_循環器内科】大分県佐伯市向島" }, "geometry": { "type": "Point", "coordinates": [ 131.895391, 32.955145 ] } },
{ "type": "Feature", "properties": { "ID": 4421086400000, "正式名称": "東内科医院", "機関区分": 2, "都道府県コード": 44, "市区町村コード": 205, "所在地": "大分県佐伯市中村東町６－１１", "緯度": 32.962132, "経度": 131.899892, "url": "https://www.iryou.teikyouseido.mhlw.go.jp/znk-web/juminkanja/S2430/initialize?prefCd=44&kikanCd=1086400000&kikanKbn=2", "url2": null, "内容": "東内科医院【2:診療所】【診療科目:内科】大分県佐伯市中村東町６－１１" }, "geometry": { "type": "Point", "coordinates": [ 131.899892, 32.962132 ] } },
{ "type": "Feature", "properties": { "ID": 4421086700000, "正式名称": "水沼医院", "機関区分": 2, "都道府県コード": 44, "市区町村コード": 205, "所在地": "大分県佐伯市駅前２丁目４番９号", "緯度": 32.973028, "経度": 131.9034, "url": "https://www.iryou.teikyouseido.mhlw.go.jp/znk-web/juminkanja/S2430/initialize?prefCd=44&kikanCd=1086700000&kikanKbn=2", "url2": null, "内容": "水沼医院【2:診療所】【診療科目:内科_循環器内科_消化器内科】大分県佐伯市駅前２丁目４番９号" }, "geometry": { "type": "Point", "coordinates": [ 131.9034, 32.973028 ] } },
{ "type": "Feature", "properties": { "ID": 4421086800000, "正式名称": "ミタライクリニック", "機関区分": 2, "都道府県コード": 44, "市区町村コード": 205, "所在地": "大分県佐伯市蒲江蒲江浦", "緯度": 32.796402, "経度": 131.925652, "url": "https://www.iryou.teikyouseido.mhlw.go.jp/znk-web/juminkanja/S2430/initialize?prefCd=44&kikanCd=1086800000&kikanKbn=2", "url2": null, "内容": "ミタライクリニック【2:診療所】【診療科目:内科_婦人科】大分県佐伯市蒲江蒲江浦" }, "geometry": { "type": "Point", "coordinates": [ 131.925652, 32.796402 ] } },
{ "type": "Feature", "properties": { "ID": 4421086900000, "正式名称": "医療法人光和会　ひなた女性クリニック", "機関区分": 2, "都道府県コード": 44, "市区町村コード": 205, "所在地": "大分県佐伯市西谷町１－２７", "緯度": 32.956141, "経度": 131.889453, "url": "https://www.iryou.teikyouseido.mhlw.go.jp/znk-web/juminkanja/S2430/initialize?prefCd=44&kikanCd=1086900000&kikanKbn=2", "url2": null, "内容": "医療法人光和会　ひなた女性クリニック【2:診療所】【診療科目:婦人科】大分県佐伯市西谷町１－２７" }, "geometry": { "type": "Point", "coordinates": [ 131.889453, 32.956141 ] } },
{ "type": "Feature", "properties": { "ID": 4421087000000, "正式名称": "やつか眼科医院", "機関区分": 2, "都道府県コード": 44, "市区町村コード": 205, "所在地": "大分県佐伯市船頭町", "緯度": 32.955433, "経度": 131.893707, "url": "https://www.iryou.teikyouseido.mhlw.go.jp/znk-web/juminkanja/S2430/initialize?prefCd=44&kikanCd=1087000000&kikanKbn=2", "url2": null, "内容": "やつか眼科医院【2:診療所】【診療科目:眼科】大分県佐伯市船頭町" }, "geometry": { "type": "Point", "coordinates": [ 131.893707, 32.955433 ] } },
{ "type": "Feature", "properties": { "ID": 4421087100000, "正式名称": "やつか整形外科", "機関区分": 2, "都道府県コード": 44, "市区町村コード": 205, "所在地": "大分県佐伯市大手町３－４－３", "緯度": 32.955448, "経度": 131.893476, "url": "https://www.iryou.teikyouseido.mhlw.go.jp/znk-web/juminkanja/S2430/initialize?prefCd=44&kikanCd=1087100000&kikanKbn=2", "url2": null, "内容": "やつか整形外科【2:診療所】【診療科目:整形外科_リウマチ科_リハビリテーション科】大分県佐伯市大手町３－４－３" }, "geometry": { "type": "Point", "coordinates": [ 131.893476, 32.955448 ] } },
{ "type": "Feature", "properties": { "ID": 4421087300000, "正式名称": "医療法人栞奈輝会　こうへいクリニック", "機関区分": 2, "都道府県コード": 44, "市区町村コード": 205, "所在地": "大分県佐伯市池田", "緯度": 32.945121, "経度": 131.899903, "url": "https://www.iryou.teikyouseido.mhlw.go.jp/znk-web/juminkanja/S2430/initialize?prefCd=44&kikanCd=1087300000&kikanKbn=2", "url2": null, "内容": "医療法人栞奈輝会　こうへいクリニック【2:診療所】【診療科目:内科_血液内科_呼吸器内科_リハビリテーション科】大分県佐伯市池田" }, "geometry": { "type": "Point", "coordinates": [ 131.899903, 32.945121 ] } },
{ "type": "Feature", "properties": { "ID": 4421087400000, "正式名称": "産科婦人科すがのウィメンズクリニック", "機関区分": 2, "都道府県コード": 44, "市区町村コード": 205, "所在地": "大分県佐伯市鶴岡西町二丁目１１３番地", "緯度": 32.96021, "経度": 131.869873, "url": "https://www.iryou.teikyouseido.mhlw.go.jp/znk-web/juminkanja/S2430/initialize?prefCd=44&kikanCd=1087400000&kikanKbn=2", "url2": "http://www.sugano-clinic.jp/", "内容": "産科婦人科すがのウィメンズクリニック【2:診療所】【診療科目:産婦人科】大分県佐伯市鶴岡西町二丁目１１３番地" }, "geometry": { "type": "Point", "coordinates": [ 131.869873, 32.96021 ] } },
{ "type": "Feature", "properties": { "ID": 4421087500000, "正式名称": "馬場内科クリニック", "機関区分": 2, "都道府県コード": 44, "市区町村コード": 205, "所在地": "大分県佐伯市長島町２－１３３－２", "緯度": 32.961677, "経度": 131.909623, "url": "https://www.iryou.teikyouseido.mhlw.go.jp/znk-web/juminkanja/S2430/initialize?prefCd=44&kikanCd=1087500000&kikanKbn=2", "url2": null, "内容": "馬場内科クリニック【2:診療所】【診療科目:内科_リウマチ科_リハビリテーション科】大分県佐伯市長島町２－１３３－２" }, "geometry": { "type": "Point", "coordinates": [ 131.909623, 32.961677 ] } },
{ "type": "Feature", "properties": { "ID": 4421087800000, "正式名称": "医療法人聖心会臼杵循環器内科", "機関区分": 2, "都道府県コード": 44, "市区町村コード": 206, "所在地": "大分県臼杵市大字稲田字三石畝町７５９－１", "緯度": 33.142248, "経度": 131.789687, "url": "https://www.iryou.teikyouseido.mhlw.go.jp/znk-web/juminkanja/S2430/initialize?prefCd=44&kikanCd=1087800000&kikanKbn=2", "url2": null, "内容": "医療法人聖心会臼杵循環器内科【2:診療所】【診療科目:内科_循環器内科】大分県臼杵市大字稲田字三石畝町７５９－１" }, "geometry": { "type": "Point", "coordinates": [ 131.789687, 33.142248 ] } },
{ "type": "Feature", "properties": { "ID": 4421088100000, "正式名称": "岩田医院", "機関区分": 2, "都道府県コード": 44, "市区町村コード": 206, "所在地": "大分県臼杵市野津町大字野津市１５６番地", "緯度": 33.043469, "経度": 131.691975, "url": "https://www.iryou.teikyouseido.mhlw.go.jp/znk-web/juminkanja/S2430/initialize?prefCd=44&kikanCd=1088100000&kikanKbn=2", "url2": "http://www.iwata-cl.jp", "内容": "岩田医院【2:診療所】【診療科目:内科_呼吸器内科_循環器内科_胃腸内科_外科_整形外科_小児科_皮膚科_リハビリテーション科】大分県臼杵市野津町大字野津市１５６番地" }, "geometry": { "type": "Point", "coordinates": [ 131.691975, 33.043469 ] } },
{ "type": "Feature", "properties": { "ID": 4421088200000, "正式名称": "岩田リハビリクリニック", "機関区分": 2, "都道府県コード": 44, "市区町村コード": 206, "所在地": "大分県臼杵市野津町亀甲７５２番地", "緯度": 33.047666, "経度": 131.710968, "url": "https://www.iryou.teikyouseido.mhlw.go.jp/znk-web/juminkanja/S2430/initialize?prefCd=44&kikanCd=1088200000&kikanKbn=2", "url2": null, "内容": "岩田リハビリクリニック【2:診療所】【診療科目:内科_呼吸器内科_外科_小児科_リハビリテーション科】大分県臼杵市野津町亀甲７５２番地" }, "geometry": { "type": "Point", "coordinates": [ 131.710968, 33.047666 ] } },
{ "type": "Feature", "properties": { "ID": 4421088300000, "正式名称": "植田内科クリニック", "機関区分": 2, "都道府県コード": 44, "市区町村コード": 206, "所在地": "大分県臼杵市臼杵２ー１０７ー７１６", "緯度": 33.122454, "経度": 131.806347, "url": "https://www.iryou.teikyouseido.mhlw.go.jp/znk-web/juminkanja/S2430/initialize?prefCd=44&kikanCd=1088300000&kikanKbn=2", "url2": null, "内容": "植田内科クリニック【2:診療所】【診療科目:内科_糖尿病内科_内分泌内科_循環器内科_腎臓内科】大分県臼杵市臼杵２ー１０７ー７１６" }, "geometry": { "type": "Point", "coordinates": [ 131.806347, 33.122454 ] } },
{ "type": "Feature", "properties": { "ID": 4421088500000, "正式名称": "うすき皮ふ科内科クリニック", "機関区分": 2, "都道府県コード": 44, "市区町村コード": 206, "所在地": "大分県臼杵市市浜字堂尻１１３６", "緯度": 33.11297, "経度": 131.785464, "url": "https://www.iryou.teikyouseido.mhlw.go.jp/znk-web/juminkanja/S2430/initialize?prefCd=44&kikanCd=1088500000&kikanKbn=2", "url2": null, "内容": "うすき皮ふ科内科クリニック【2:診療所】【診療科目:内科_皮膚科_アレルギー科】大分県臼杵市市浜字堂尻１１３６" }, "geometry": { "type": "Point", "coordinates": [ 131.785464, 33.11297 ] } },
{ "type": "Feature", "properties": { "ID": 4421088700000, "正式名称": "奥津医院", "機関区分": 2, "都道府県コード": 44, "市区町村コード": 206, "所在地": "大分県臼杵市大字臼杵５２１番地", "緯度": 33.120753, "経度": 131.7967, "url": "https://www.iryou.teikyouseido.mhlw.go.jp/znk-web/juminkanja/S2430/initialize?prefCd=44&kikanCd=1088700000&kikanKbn=2", "url2": null, "内容": "奥津医院【2:診療所】【診療科目:内科_皮膚科】大分県臼杵市大字臼杵５２１番地" }, "geometry": { "type": "Point", "coordinates": [ 131.7967, 33.120753 ] } },
{ "type": "Feature", "properties": { "ID": 4421088800000, "正式名称": "医療法人　児玉循環器科・内科医院", "機関区分": 2, "都道府県コード": 44, "市区町村コード": 206, "所在地": "大分県臼杵市大字市浜８６６番地の４", "緯度": 33.117462, "経度": 131.79267, "url": "https://www.iryou.teikyouseido.mhlw.go.jp/znk-web/juminkanja/S2430/initialize?prefCd=44&kikanCd=1088800000&kikanKbn=2", "url2": null, "内容": "医療法人　児玉循環器科・内科医院【2:診療所】【診療科目:内科_循環器内科】大分県臼杵市大字市浜８６６番地の４" }, "geometry": { "type": "Point", "coordinates": [ 131.79267, 33.117462 ] } },
{ "type": "Feature", "properties": { "ID": 4421088900000, "正式名称": "うすき眼科", "機関区分": 2, "都道府県コード": 44, "市区町村コード": 206, "所在地": "大分県臼杵市市浜６６９－１", "緯度": 33.121173, "経度": 131.792456, "url": "https://www.iryou.teikyouseido.mhlw.go.jp/znk-web/juminkanja/S2430/initialize?prefCd=44&kikanCd=1088900000&kikanKbn=2", "url2": "http://usuki-ganka.com", "内容": "うすき眼科【2:診療所】【診療科目:眼科】大分県臼杵市市浜６６９－１" }, "geometry": { "type": "Point", "coordinates": [ 131.792456, 33.121173 ] } },
{ "type": "Feature", "properties": { "ID": 4421089000000, "正式名称": "さくら産婦人科医院", "機関区分": 2, "都道府県コード": 44, "市区町村コード": 206, "所在地": "大分県臼杵市大字野田２７８番地", "緯度": 33.108421, "経度": 131.777251, "url": "https://www.iryou.teikyouseido.mhlw.go.jp/znk-web/juminkanja/S2430/initialize?prefCd=44&kikanCd=1089000000&kikanKbn=2", "url2": "https://sakura-sanfujinka.com", "内容": "さくら産婦人科医院【2:診療所】【診療科目:小児科_産婦人科】大分県臼杵市大字野田２７８番地" }, "geometry": { "type": "Point", "coordinates": [ 131.777251, 33.108421 ] } },
{ "type": "Feature", "properties": { "ID": 4421089400000, "正式名称": "渡辺内科クリニック", "機関区分": 2, "都道府県コード": 44, "市区町村コード": 206, "所在地": "大分県臼杵市臼杵２０番地の１１", "緯度": 33.122457, "経度": 131.79873, "url": "https://www.iryou.teikyouseido.mhlw.go.jp/znk-web/juminkanja/S2430/initialize?prefCd=44&kikanCd=1089400000&kikanKbn=2", "url2": null, "内容": "渡辺内科クリニック【2:診療所】【診療科目:内科_循環器内科_消化器内科】大分県臼杵市臼杵２０番地の１１" }, "geometry": { "type": "Point", "coordinates": [ 131.79873, 33.122457 ] } },
{ "type": "Feature", "properties": { "ID": 4421089500000, "正式名称": "藤整形外科", "機関区分": 2, "都道府県コード": 44, "市区町村コード": 206, "所在地": "大分県臼杵市大字市浜字大平木１２２６－４", "緯度": 33.113857, "経度": 131.785866, "url": "https://www.iryou.teikyouseido.mhlw.go.jp/znk-web/juminkanja/S2430/initialize?prefCd=44&kikanCd=1089500000&kikanKbn=2", "url2": null, "内容": "藤整形外科【2:診療所】【診療科目:整形外科】大分県臼杵市大字市浜字大平木１２２６－４" }, "geometry": { "type": "Point", "coordinates": [ 131.785866, 33.113857 ] } },
{ "type": "Feature", "properties": { "ID": 4421089600000, "正式名称": "医療法人　とうぼ小児科医院", "機関区分": 2, "都道府県コード": 44, "市区町村コード": 206, "所在地": "大分県臼杵市臼杵２の２０７番地の５１５", "緯度": 33.132951, "経度": 131.800232, "url": "https://www.iryou.teikyouseido.mhlw.go.jp/znk-web/juminkanja/S2430/initialize?prefCd=44&kikanCd=1089600000&kikanKbn=2", "url2": "http://www.tobobaby.com", "内容": "医療法人　とうぼ小児科医院【2:診療所】【診療科目:小児科】大分県臼杵市臼杵２の２０７番地の５１５" }, "geometry": { "type": "Point", "coordinates": [ 131.800232, 33.132951 ] } },
{ "type": "Feature", "properties": { "ID": 4421090000000, "正式名称": "浜田消化器科内科医院", "機関区分": 2, "都道府県コード": 44, "市区町村コード": 206, "所在地": "大分県臼杵市福良４５２番地", "緯度": 33.116901, "経度": 131.795818, "url": "https://www.iryou.teikyouseido.mhlw.go.jp/znk-web/juminkanja/S2430/initialize?prefCd=44&kikanCd=1090000000&kikanKbn=2", "url2": null, "内容": "浜田消化器科内科医院【2:診療所】【診療科目:内科_消化器内科】大分県臼杵市福良４５２番地" }, "geometry": { "type": "Point", "coordinates": [ 131.795818, 33.116901 ] } },
{ "type": "Feature", "properties": { "ID": 4421090100000, "正式名称": "うすきメディカルクリニック", "機関区分": 2, "都道府県コード": 44, "市区町村コード": 206, "所在地": "大分県臼杵市大字臼杵字洲崎７２番地３２", "緯度": 33.125548, "経度": 131.805455, "url": "https://www.iryou.teikyouseido.mhlw.go.jp/znk-web/juminkanja/S2430/initialize?prefCd=44&kikanCd=1090100000&kikanKbn=2", "url2": "1322139806180", "内容": "うすきメディカルクリニック【2:診療所】【診療科目:内科_消化器内科_腎臓内科_外科_整形外科_リハビリテーション科_麻酔科】大分県臼杵市大字臼杵字洲崎７２番地３２" }, "geometry": { "type": "Point", "coordinates": [ 131.805455, 33.125548 ] } },
{ "type": "Feature", "properties": { "ID": 4421090200000, "正式名称": "藤野循環器科内科医院", "機関区分": 2, "都道府県コード": 44, "市区町村コード": 206, "所在地": "大分県臼杵市大字二王座３４番地", "緯度": 33.117712, "経度": 131.79594, "url": "https://www.iryou.teikyouseido.mhlw.go.jp/znk-web/juminkanja/S2430/initialize?prefCd=44&kikanCd=1090200000&kikanKbn=2", "url2": "https://fujino-cl.com", "内容": "藤野循環器科内科医院【2:診療所】【診療科目:内科_循環器内科】大分県臼杵市大字二王座３４番地" }, "geometry": { "type": "Point", "coordinates": [ 131.79594, 33.117712 ] } },
{ "type": "Feature", "properties": { "ID": 4421090400000, "正式名称": "前尾眼科", "機関区分": 2, "都道府県コード": 44, "市区町村コード": 206, "所在地": "大分県臼杵市市浜１２４２ー３", "緯度": 33.113215, "経度": 131.784503, "url": "https://www.iryou.teikyouseido.mhlw.go.jp/znk-web/juminkanja/S2430/initialize?prefCd=44&kikanCd=1090400000&kikanKbn=2", "url2": null, "内容": "前尾眼科【2:診療所】【診療科目:眼科】大分県臼杵市市浜１２４２ー３" }, "geometry": { "type": "Point", "coordinates": [ 131.784503, 33.113215 ] } },
{ "type": "Feature", "properties": { "ID": 4421090500000, "正式名称": "三好医院", "機関区分": 2, "都道府県コード": 44, "市区町村コード": 206, "所在地": "大分県臼杵市海添５８ー５", "緯度": 33.116113, "経度": 131.803011, "url": "https://www.iryou.teikyouseido.mhlw.go.jp/znk-web/juminkanja/S2430/initialize?prefCd=44&kikanCd=1090500000&kikanKbn=2", "url2": "https://miyoshi-cl.jp/", "内容": "三好医院【2:診療所】【診療科目:内科_循環器内科_泌尿器科_腎臓・泌尿器科】大分県臼杵市海添５８ー５" }, "geometry": { "type": "Point", "coordinates": [ 131.803011, 33.116113 ] } },
{ "type": "Feature", "properties": { "ID": 4421090600000, "正式名称": "元村眼科", "機関区分": 2, "都道府県コード": 44, "市区町村コード": 206, "所在地": "大分県臼杵市臼杵洲崎７２－７５", "緯度": 33.123966, "経度": 131.805135, "url": "https://www.iryou.teikyouseido.mhlw.go.jp/znk-web/juminkanja/S2430/initialize?prefCd=44&kikanCd=1090600000&kikanKbn=2", "url2": "https://motomuraganka.info/", "内容": "元村眼科【2:診療所】【診療科目:小児眼科_眼科】大分県臼杵市臼杵洲崎７２－７５" }, "geometry": { "type": "Point", "coordinates": [ 131.805135, 33.123966 ] } },
{ "type": "Feature", "properties": { "ID": 4421090900000, "正式名称": "吉田医院", "機関区分": 2, "都道府県コード": 44, "市区町村コード": 206, "所在地": "大分県臼杵市掻懐１４６８－１", "緯度": 33.066226, "経度": 131.728821, "url": "https://www.iryou.teikyouseido.mhlw.go.jp/znk-web/juminkanja/S2430/initialize?prefCd=44&kikanCd=1090900000&kikanKbn=2", "url2": null, "内容": "吉田医院【2:診療所】【診療科目:内科_リウマチ科_リハビリテーション科】大分県臼杵市掻懐１４６８－１" }, "geometry": { "type": "Point", "coordinates": [ 131.728821, 33.066226 ] } },
{ "type": "Feature", "properties": { "ID": 4421091100000, "正式名称": "秋岡医院", "機関区分": 2, "都道府県コード": 44, "市区町村コード": 207, "所在地": "大分県津久見市徳浦本町７番３号", "緯度": 33.091797, "経度": 131.850811, "url": "https://www.iryou.teikyouseido.mhlw.go.jp/znk-web/juminkanja/S2430/initialize?prefCd=44&kikanCd=1091100000&kikanKbn=2", "url2": "http://www16.ocn.ne.jp/^akioka", "内容": "秋岡医院【2:診療所】【診療科目:内科_糖尿病内科_呼吸器内科_循環器内科_胃腸内科_小児科_麻酔科】大分県津久見市徳浦本町７番３号" }, "geometry": { "type": "Point", "coordinates": [ 131.850811, 33.091797 ] } },
{ "type": "Feature", "properties": { "ID": 4421091300000, "正式名称": "池邉整形外科", "機関区分": 2, "都道府県コード": 44, "市区町村コード": 207, "所在地": "大分県津久見市津久見浦", "緯度": 33.076597, "経度": 131.869518, "url": "https://www.iryou.teikyouseido.mhlw.go.jp/znk-web/juminkanja/S2430/initialize?prefCd=44&kikanCd=1091300000&kikanKbn=2", "url2": null, "内容": "池邉整形外科【2:診療所】【診療科目:整形外科_リウマチ科_リハビリテーション科】大分県津久見市津久見浦" }, "geometry": { "type": "Point", "coordinates": [ 131.869518, 33.076597 ] } },
{ "type": "Feature", "properties": { "ID": 4421091400000, "正式名称": "医療法人　小田クリニック", "機関区分": 2, "都道府県コード": 44, "市区町村コード": 207, "所在地": "大分県津久見市港町９番３号", "緯度": 33.076691, "経度": 131.858944, "url": "https://www.iryou.teikyouseido.mhlw.go.jp/znk-web/juminkanja/S2430/initialize?prefCd=44&kikanCd=1091400000&kikanKbn=2", "url2": null, "内容": "医療法人　小田クリニック【2:診療所】【診療科目:内科_循環器内科_整形外科_小児科_精神科_心療内科_リハビリテーション科】大分県津久見市港町９番３号" }, "geometry": { "type": "Point", "coordinates": [ 131.858944, 33.076691 ] } },
{ "type": "Feature", "properties": { "ID": 4421091500000, "正式名称": "大石医院", "機関区分": 2, "都道府県コード": 44, "市区町村コード": 207, "所在地": "大分県津久見市上宮本町２２番１４号", "緯度": 33.071243, "経度": 131.860271, "url": "https://www.iryou.teikyouseido.mhlw.go.jp/znk-web/juminkanja/S2430/initialize?prefCd=44&kikanCd=1091500000&kikanKbn=2", "url2": null, "内容": "大石医院【2:診療所】【診療科目:内科_小児科_リウマチ科】大分県津久見市上宮本町２２番１４号" }, "geometry": { "type": "Point", "coordinates": [ 131.860271, 33.071243 ] } },
{ "type": "Feature", "properties": { "ID": 4421091600000, "正式名称": "小宅医院", "機関区分": 2, "都道府県コード": 44, "市区町村コード": 207, "所在地": "大分県津久見市港町１０－２４", "緯度": 33.05932, "経度": 131.85791, "url": "https://www.iryou.teikyouseido.mhlw.go.jp/znk-web/juminkanja/S2430/initialize?prefCd=44&kikanCd=1091600000&kikanKbn=2", "url2": "https://oyake-clinic.net", "内容": "小宅医院【2:診療所】【診療科目:内科_小児科_リハビリテーション科】大分県津久見市港町１０－２４" }, "geometry": { "type": "Point", "coordinates": [ 131.85791, 33.05932 ] } },
{ "type": "Feature", "properties": { "ID": 4421091700000, "正式名称": "金田医院", "機関区分": 2, "都道府県コード": 44, "市区町村コード": 207, "所在地": "大分県津久見市高洲町１９－１０", "緯度": 33.07473, "経度": 131.866307, "url": "https://www.iryou.teikyouseido.mhlw.go.jp/znk-web/juminkanja/S2430/initialize?prefCd=44&kikanCd=1091700000&kikanKbn=2", "url2": null, "内容": "金田医院【2:診療所】【診療科目:内科_小児科】大分県津久見市高洲町１９－１０" }, "geometry": { "type": "Point", "coordinates": [ 131.866307, 33.07473 ] } },
{ "type": "Feature", "properties": { "ID": 4421091800000, "正式名称": "加納医院", "機関区分": 2, "都道府県コード": 44, "市区町村コード": 207, "所在地": "大分県津久見市中央町", "緯度": 33.073688, "経度": 131.862298, "url": "https://www.iryou.teikyouseido.mhlw.go.jp/znk-web/juminkanja/S2430/initialize?prefCd=44&kikanCd=1091800000&kikanKbn=2", "url2": null, "内容": "加納医院【2:診療所】【診療科目:眼科】大分県津久見市中央町" }, "geometry": { "type": "Point", "coordinates": [ 131.862298, 33.073688 ] } },
{ "type": "Feature", "properties": { "ID": 4421091900000, "正式名称": "小手川内科クリニック", "機関区分": 2, "都道府県コード": 44, "市区町村コード": 207, "所在地": "大分県津久見市網代字西の下９５－１９", "緯度": 33.066622, "経度": 131.916919, "url": "https://www.iryou.teikyouseido.mhlw.go.jp/znk-web/juminkanja/S2430/initialize?prefCd=44&kikanCd=1091900000&kikanKbn=2", "url2": null, "内容": "小手川内科クリニック【2:診療所】【診療科目:内科_呼吸器内科_循環器内科】大分県津久見市網代字西の下９５－１９" }, "geometry": { "type": "Point", "coordinates": [ 131.916919, 33.066622 ] } },
{ "type": "Feature", "properties": { "ID": 4421092000000, "正式名称": "後藤医院", "機関区分": 2, "都道府県コード": 44, "市区町村コード": 207, "所在地": "大分県津久見市中央町", "緯度": 33.074569, "経度": 131.864476, "url": "https://www.iryou.teikyouseido.mhlw.go.jp/znk-web/juminkanja/S2430/initialize?prefCd=44&kikanCd=1092000000&kikanKbn=2", "url2": null, "内容": "後藤医院【2:診療所】【診療科目:内科_外科_整形外科_リハビリテーション科】大分県津久見市中央町" }, "geometry": { "type": "Point", "coordinates": [ 131.864476, 33.074569 ] } },
{ "type": "Feature", "properties": { "ID": 4421092200000, "正式名称": "つくみクリニック", "機関区分": 2, "都道府県コード": 44, "市区町村コード": 207, "所在地": "大分県津久見市宮本町２番２３号", "緯度": 33.072097, "経度": 131.864455, "url": "https://www.iryou.teikyouseido.mhlw.go.jp/znk-web/juminkanja/S2430/initialize?prefCd=44&kikanCd=1092200000&kikanKbn=2", "url2": "http://www.bungo.or.jp/nagamatu/", "内容": "つくみクリニック【2:診療所】【診療科目:内科_消化器内科_胃腸内科_外科_整形外科】大分県津久見市宮本町２番２３号" }, "geometry": { "type": "Point", "coordinates": [ 131.864455, 33.072097 ] } },
{ "type": "Feature", "properties": { "ID": 4421092400000, "正式名称": "津久見市保戸島診療所", "機関区分": 2, "都道府県コード": 44, "市区町村コード": 207, "所在地": "大分県津久見市保戸島", "緯度": 33.10319, "経度": 132.008114, "url": "https://www.iryou.teikyouseido.mhlw.go.jp/znk-web/juminkanja/S2430/initialize?prefCd=44&kikanCd=1092400000&kikanKbn=2", "url2": null, "内容": "津久見市保戸島診療所【2:診療所】【診療科目:内科】大分県津久見市保戸島" }, "geometry": { "type": "Point", "coordinates": [ 132.008114, 33.10319 ] } },
{ "type": "Feature", "properties": { "ID": 4421092600000, "正式名称": "姫野胃腸科クリニック", "機関区分": 2, "都道府県コード": 44, "市区町村コード": 207, "所在地": "大分県津久見市千怒６０４５－５", "緯度": 33.071379, "経度": 131.889827, "url": "https://www.iryou.teikyouseido.mhlw.go.jp/znk-web/juminkanja/S2430/initialize?prefCd=44&kikanCd=1092600000&kikanKbn=2", "url2": "http://www.himeno-ic.com/", "内容": "姫野胃腸科クリニック【2:診療所】【診療科目:内科_胃腸内科_外科_肛門外科】大分県津久見市千怒６０４５－５" }, "geometry": { "type": "Point", "coordinates": [ 131.889827, 33.071379 ] } },
{ "type": "Feature", "properties": { "ID": 4421092700000, "正式名称": "深江医院", "機関区分": 2, "都道府県コード": 44, "市区町村コード": 207, "所在地": "大分県津久見市宮本町９－１９", "緯度": 33.071764, "経度": 131.863275, "url": "https://www.iryou.teikyouseido.mhlw.go.jp/znk-web/juminkanja/S2430/initialize?prefCd=44&kikanCd=1092700000&kikanKbn=2", "url2": null, "内容": "深江医院【2:診療所】【診療科目:内科_呼吸器内科_循環器内科_消化器内科】大分県津久見市宮本町９－１９" }, "geometry": { "type": "Point", "coordinates": [ 131.863275, 33.071764 ] } },
{ "type": "Feature", "properties": { "ID": 4421093000000, "正式名称": "安西皮膚科", "機関区分": 2, "都道府県コード": 44, "市区町村コード": 208, "所在地": "大分県竹田市大字会々２３１０－１", "緯度": 32.966003, "経度": 131.39462, "url": "https://www.iryou.teikyouseido.mhlw.go.jp/znk-web/juminkanja/S2430/initialize?prefCd=44&kikanCd=1093000000&kikanKbn=2", "url2": null, "内容": "安西皮膚科【2:診療所】【診療科目:皮膚科】大分県竹田市大字会々２３１０－１" }, "geometry": { "type": "Point", "coordinates": [ 131.39462, 32.966003 ] } },
{ "type": "Feature", "properties": { "ID": 4421093200000, "正式名称": "伊藤医院", "機関区分": 2, "都道府県コード": 44, "市区町村コード": 208, "所在地": "大分県竹田市直入町長湯７９８５番地５", "緯度": 33.070444, "経度": 131.383145, "url": "https://www.iryou.teikyouseido.mhlw.go.jp/znk-web/juminkanja/S2430/initialize?prefCd=44&kikanCd=1093200000&kikanKbn=2", "url2": "http://www.nagayu-itohiin.com/", "内容": "伊藤医院【2:診療所】【診療科目:内科_整形外科_小児科】大分県竹田市直入町長湯７９８５番地５" }, "geometry": { "type": "Point", "coordinates": [ 131.383145, 33.070444 ] } },
{ "type": "Feature", "properties": { "ID": 4421093300000, "正式名称": "大分県医療生活協同組合　竹田診療所", "機関区分": 2, "都道府県コード": 44, "市区町村コード": 208, "所在地": "大分県竹田市会々３３１３番地１", "緯度": 32.974844, "経度": 131.382326, "url": "https://www.iryou.teikyouseido.mhlw.go.jp/znk-web/juminkanja/S2430/initialize?prefCd=44&kikanCd=1093300000&kikanKbn=2", "url2": "http://www.oita-min.or.jp/", "内容": "大分県医療生活協同組合　竹田診療所【2:診療所】【診療科目:内科_呼吸器内科_循環器内科_小児科】大分県竹田市会々３３１３番地１" }, "geometry": { "type": "Point", "coordinates": [ 131.382326, 32.974844 ] } },
{ "type": "Feature", "properties": { "ID": 4421093500000, "正式名称": "加藤内科医院", "機関区分": 2, "都道府県コード": 44, "市区町村コード": 208, "所在地": "大分県竹田市大字竹田２０７８－２", "緯度": 32.965476, "経度": 131.393906, "url": "https://www.iryou.teikyouseido.mhlw.go.jp/znk-web/juminkanja/S2430/initialize?prefCd=44&kikanCd=1093500000&kikanKbn=2", "url2": null, "内容": "加藤内科医院【2:診療所】【診療科目:内科_消化器内科】大分県竹田市大字竹田２０７８－２" }, "geometry": { "type": "Point", "coordinates": [ 131.393906, 32.965476 ] } },
{ "type": "Feature", "properties": { "ID": 4421093600000, "正式名称": "久住加藤医院", "機関区分": 2, "都道府県コード": 44, "市区町村コード": 208, "所在地": "大分県竹田市久住町久住６２６８番地", "緯度": 33.021321, "経度": 131.296743, "url": "https://www.iryou.teikyouseido.mhlw.go.jp/znk-web/juminkanja/S2430/initialize?prefCd=44&kikanCd=1093600000&kikanKbn=2", "url2": null, "内容": "久住加藤医院【2:診療所】【診療科目:内科_歯科】大分県竹田市久住町久住６２６８番地" }, "geometry": { "type": "Point", "coordinates": [ 131.296743, 33.021321 ] } },
{ "type": "Feature", "properties": { "ID": 4421093700000, "正式名称": "くどう循環器科・内科", "機関区分": 2, "都道府県コード": 44, "市区町村コード": 208, "所在地": "大分県竹田市大字玉来８６７", "緯度": 32.951162, "経度": 131.371915, "url": "https://www.iryou.teikyouseido.mhlw.go.jp/znk-web/juminkanja/S2430/initialize?prefCd=44&kikanCd=1093700000&kikanKbn=2", "url2": null, "内容": "くどう循環器科・内科【2:診療所】【診療科目:内科_糖尿病内科_呼吸器内科_循環器内科_心臓内科_外科】大分県竹田市大字玉来８６７" }, "geometry": { "type": "Point", "coordinates": [ 131.371915, 32.951162 ] } },
{ "type": "Feature", "properties": { "ID": 4421093900000, "正式名称": "竹田市医師会立　竹田医師会病院　荻町診療所", "機関区分": 2, "都道府県コード": 44, "市区町村コード": 208, "所在地": "大分県竹田市荻町馬場４３１－２", "緯度": 32.924384, "経度": 131.298743, "url": "https://www.iryou.teikyouseido.mhlw.go.jp/znk-web/juminkanja/S2430/initialize?prefCd=44&kikanCd=1093900000&kikanKbn=2", "url2": null, "内容": "竹田市医師会立　竹田医師会病院　荻町診療所【2:診療所】【診療科目:内科_予防接種】大分県竹田市荻町馬場４３１－２" }, "geometry": { "type": "Point", "coordinates": [ 131.298743, 32.924384 ] } },
{ "type": "Feature", "properties": { "ID": 4421094000000, "正式名称": "志賀内科", "機関区分": 2, "都道府県コード": 44, "市区町村コード": 208, "所在地": "大分県竹田市竹田１８８８－１", "緯度": 32.96968, "経度": 131.392976, "url": "https://www.iryou.teikyouseido.mhlw.go.jp/znk-web/juminkanja/S2430/initialize?prefCd=44&kikanCd=1094000000&kikanKbn=2", "url2": null, "内容": "志賀内科【2:診療所】【診療科目:内科_呼吸器内科_循環器内科_消化器内科】大分県竹田市竹田１８８８－１" }, "geometry": { "type": "Point", "coordinates": [ 131.392976, 32.96968 ] } },
{ "type": "Feature", "properties": { "ID": 4421094200000, "正式名称": "竹田クリニック", "機関区分": 2, "都道府県コード": 44, "市区町村コード": 208, "所在地": "大分県竹田市会々字七里１６３６－１０", "緯度": 32.974522, "経度": 131.398695, "url": "https://www.iryou.teikyouseido.mhlw.go.jp/znk-web/juminkanja/S2430/initialize?prefCd=44&kikanCd=1094200000&kikanKbn=2", "url2": "https://oitamh.jp/takeda/", "内容": "竹田クリニック【2:診療所】【診療科目:内科_人工透析内科】大分県竹田市会々字七里１６３６－１０" }, "geometry": { "type": "Point", "coordinates": [ 131.398695, 32.974522 ] } },
{ "type": "Feature", "properties": { "ID": 4421094500000, "正式名称": "道全内科", "機関区分": 2, "都道府県コード": 44, "市区町村コード": 208, "所在地": "大分県竹田市玉来６２３－７", "緯度": 32.957545, "経度": 131.371336, "url": "https://www.iryou.teikyouseido.mhlw.go.jp/znk-web/juminkanja/S2430/initialize?prefCd=44&kikanCd=1094500000&kikanKbn=2", "url2": null, "内容": "道全内科【2:診療所】【診療科目:内科】大分県竹田市玉来６２３－７" }, "geometry": { "type": "Point", "coordinates": [ 131.371336, 32.957545 ] } },
{ "type": "Feature", "properties": { "ID": 4421094800000, "正式名称": "秦医院", "機関区分": 2, "都道府県コード": 44, "市区町村コード": 208, "所在地": "大分県竹田市大字竹田７５５", "緯度": 32.959706, "経度": 131.397654, "url": "https://www.iryou.teikyouseido.mhlw.go.jp/znk-web/juminkanja/S2430/initialize?prefCd=44&kikanCd=1094800000&kikanKbn=2", "url2": "http://www.citydo.com/prf/oita/guide/sg/520003008.html", "内容": "秦医院【2:診療所】【診療科目:内科_呼吸器内科_循環器内科_胃腸内科】大分県竹田市大字竹田７５５" }, "geometry": { "type": "Point", "coordinates": [ 131.397654, 32.959706 ] } },
{ "type": "Feature", "properties": { "ID": 4421095100000, "正式名称": "みはらクリニック", "機関区分": 2, "都道府県コード": 44, "市区町村コード": 208, "所在地": "大分県竹田市会々１２５７", "緯度": 32.974839, "経度": 131.391481, "url": "https://www.iryou.teikyouseido.mhlw.go.jp/znk-web/juminkanja/S2430/initialize?prefCd=44&kikanCd=1095100000&kikanKbn=2", "url2": "http://www.kenshinkai-taketa.jp/", "内容": "みはらクリニック【2:診療所】【診療科目:内科_糖尿病内科_整形外科_アレルギー科_リハビリテーション科_麻酔科】大分県竹田市会々１２５７" }, "geometry": { "type": "Point", "coordinates": [ 131.391481, 32.974839 ] } },
{ "type": "Feature", "properties": { "ID": 4421095200000, "正式名称": "柚須医院", "機関区分": 2, "都道府県コード": 44, "市区町村コード": 208, "所在地": "大分県竹田市竹田１８１０－１", "緯度": 32.969512, "経度": 131.390661, "url": "https://www.iryou.teikyouseido.mhlw.go.jp/znk-web/juminkanja/S2430/initialize?prefCd=44&kikanCd=1095200000&kikanKbn=2", "url2": null, "内容": "柚須医院【2:診療所】【診療科目:内科】大分県竹田市竹田１８１０－１" }, "geometry": { "type": "Point", "coordinates": [ 131.390661, 32.969512 ] } },
{ "type": "Feature", "properties": { "ID": 4421095400000, "正式名称": "安部内科", "機関区分": 2, "都道府県コード": 44, "市区町村コード": 209, "所在地": "大分県豊後高田市玉津４１５", "緯度": 33.561526, "経度": 131.443646, "url": "https://www.iryou.teikyouseido.mhlw.go.jp/znk-web/juminkanja/S2430/initialize?prefCd=44&kikanCd=1095400000&kikanKbn=2", "url2": null, "内容": "安部内科【2:診療所】【診療科目:内科】大分県豊後高田市玉津４１５" }, "geometry": { "type": "Point", "coordinates": [ 131.443646, 33.561526 ] } },
{ "type": "Feature", "properties": { "ID": 4421095600000, "正式名称": "医療法人ＦｅｌｉｘＶｉｔａ　おしうみファミリークリニック", "機関区分": 2, "都道府県コード": 44, "市区町村コード": 209, "所在地": "大分県豊後高田市玉津３５７番地", "緯度": 33.561093, "経度": 131.443916, "url": "https://www.iryou.teikyouseido.mhlw.go.jp/znk-web/juminkanja/S2430/initialize?prefCd=44&kikanCd=1095600000&kikanKbn=2", "url2": "https://oshiumi.net/", "内容": "医療法人ＦｅｌｉｘＶｉｔａ　おしうみファミリークリニック【2:診療所】【診療科目:内科_漢方内科_老年内科_外科_小児科_婦人科_皮膚科】大分県豊後高田市玉津３５７番地" }, "geometry": { "type": "Point", "coordinates": [ 131.443916, 33.561093 ] } },
{ "type": "Feature", "properties": { "ID": 4421095700000, "正式名称": "くれさき循環器クリニック", "機関区分": 2, "都道府県コード": 44, "市区町村コード": 209, "所在地": "大分県豊後高田市呉崎１５９２番地", "緯度": 33.576929, "経度": 131.447181, "url": "https://www.iryou.teikyouseido.mhlw.go.jp/znk-web/juminkanja/S2430/initialize?prefCd=44&kikanCd=1095700000&kikanKbn=2", "url2": "http://www.kuresaki-cli.com/", "内容": "くれさき循環器クリニック【2:診療所】【診療科目:内科_循環器内科_外科】大分県豊後高田市呉崎１５９２番地" }, "geometry": { "type": "Point", "coordinates": [ 131.447181, 33.576929 ] } },
{ "type": "Feature", "properties": { "ID": 4421095800000, "正式名称": "佐藤医院", "機関区分": 2, "都道府県コード": 44, "市区町村コード": 209, "所在地": "大分県豊後高田市浜町６７２", "緯度": 33.559689, "経度": 131.44205, "url": "https://www.iryou.teikyouseido.mhlw.go.jp/znk-web/juminkanja/S2430/initialize?prefCd=44&kikanCd=1095800000&kikanKbn=2", "url2": null, "内容": "佐藤医院【2:診療所】【診療科目:耳鼻いんこう科_頭頸部・耳鼻いんこう科】大分県豊後高田市浜町６７２" }, "geometry": { "type": "Point", "coordinates": [ 131.44205, 33.559689 ] } },
{ "type": "Feature", "properties": { "ID": 4421095900000, "正式名称": "サンクリニック", "機関区分": 2, "都道府県コード": 44, "市区町村コード": 209, "所在地": "大分県豊後高田市見目３９１５番地１", "緯度": 33.672051, "経度": 131.52891, "url": "https://www.iryou.teikyouseido.mhlw.go.jp/znk-web/juminkanja/S2430/initialize?prefCd=44&kikanCd=1095900000&kikanKbn=2", "url2": null, "内容": "サンクリニック【2:診療所】【診療科目:内科_整形外科_眼科_皮膚科】大分県豊後高田市見目３９１５番地１" }, "geometry": { "type": "Point", "coordinates": [ 131.52891, 33.672051 ] } },
{ "type": "Feature", "properties": { "ID": 4421096000000, "正式名称": "せぐち内科", "機関区分": 2, "都道府県コード": 44, "市区町村コード": 209, "所在地": "大分県豊後高田市玉津１３１６番地の１", "緯度": 33.567109, "経度": 131.440043, "url": "https://www.iryou.teikyouseido.mhlw.go.jp/znk-web/juminkanja/S2430/initialize?prefCd=44&kikanCd=1096000000&kikanKbn=2", "url2": null, "内容": "せぐち内科【2:診療所】【診療科目:内科】大分県豊後高田市玉津１３１６番地の１" }, "geometry": { "type": "Point", "coordinates": [ 131.440043, 33.567109 ] } },
{ "type": "Feature", "properties": { "ID": 4421096800000, "正式名称": "原田医院", "機関区分": 2, "都道府県コード": 44, "市区町村コード": 209, "所在地": "大分県豊後高田市中真玉２１３３番地", "緯度": 33.6084, "経度": 131.473217, "url": "https://www.iryou.teikyouseido.mhlw.go.jp/znk-web/juminkanja/S2430/initialize?prefCd=44&kikanCd=1096800000&kikanKbn=2", "url2": null, "内容": "原田医院【2:診療所】【診療科目:内科_呼吸器内科_循環器内科_消化器内科_胃腸内科】大分県豊後高田市中真玉２１３３番地" }, "geometry": { "type": "Point", "coordinates": [ 131.473217, 33.6084 ] } },
{ "type": "Feature", "properties": { "ID": 4421097200000, "正式名称": "いちみや医院", "機関区分": 2, "都道府県コード": 44, "市区町村コード": 210, "所在地": "大分県杵築市杵築６６５番地７８７", "緯度": 33.418941, "経度": 131.624655, "url": "https://www.iryou.teikyouseido.mhlw.go.jp/znk-web/juminkanja/S2430/initialize?prefCd=44&kikanCd=1097200000&kikanKbn=2", "url2": "http://ichimiya-clinic.jp/jibi/", "内容": "いちみや医院【2:診療所】【診療科目:耳鼻いんこう科】大分県杵築市杵築６６５番地７８７" }, "geometry": { "type": "Point", "coordinates": [ 131.624655, 33.418941 ] } },
{ "type": "Feature", "properties": { "ID": 4421097300000, "正式名称": "伊藤小児科循環器科医院", "機関区分": 2, "都道府県コード": 44, "市区町村コード": 210, "所在地": "大分県杵築市杵築６６５", "緯度": 33.418472, "経度": 131.629132, "url": "https://www.iryou.teikyouseido.mhlw.go.jp/znk-web/juminkanja/S2430/initialize?prefCd=44&kikanCd=1097300000&kikanKbn=2", "url2": "http://itoshounika.wix.com/mysite", "内容": "伊藤小児科循環器科医院【2:診療所】【診療科目:内科_循環器内科_小児科】大分県杵築市杵築６６５" }, "geometry": { "type": "Point", "coordinates": [ 131.629132, 33.418472 ] } },
{ "type": "Feature", "properties": { "ID": 4421097400000, "正式名称": "伊藤皮膚科", "機関区分": 2, "都道府県コード": 44, "市区町村コード": 210, "所在地": "大分県杵築市南杵築", "緯度": 33.41529, "経度": 131.621466, "url": "https://www.iryou.teikyouseido.mhlw.go.jp/znk-web/juminkanja/S2430/initialize?prefCd=44&kikanCd=1097400000&kikanKbn=2", "url2": "http://itohifuka.jp/", "内容": "伊藤皮膚科【2:診療所】【診療科目:皮膚科】大分県杵築市南杵築" }, "geometry": { "type": "Point", "coordinates": [ 131.621466, 33.41529 ] } },
{ "type": "Feature", "properties": { "ID": 4421097500000, "正式名称": "衛藤外科", "機関区分": 2, "都道府県コード": 44, "市区町村コード": 210, "所在地": "大分県杵築市大内７６９５番１", "緯度": 33.423017, "経度": 131.63216, "url": "https://www.iryou.teikyouseido.mhlw.go.jp/znk-web/juminkanja/S2430/initialize?prefCd=44&kikanCd=1097500000&kikanKbn=2", "url2": "https://etoh-g.jp/publics/index/47/", "内容": "衛藤外科【2:診療所】【診療科目:内科_外科_肛門外科_整形外科_リハビリテーション科】大分県杵築市大内７６９５番１" }, "geometry": { "type": "Point", "coordinates": [ 131.63216, 33.423017 ] } },
{ "type": "Feature", "properties": { "ID": 4421097700000, "正式名称": "しおはま診療所", "機関区分": 2, "都道府県コード": 44, "市区町村コード": 210, "所在地": "大分県杵築市大内字塩浜７７０３番地の４", "緯度": 33.423612, "経度": 131.632157, "url": "https://www.iryou.teikyouseido.mhlw.go.jp/znk-web/juminkanja/S2430/initialize?prefCd=44&kikanCd=1097700000&kikanKbn=2", "url2": "https://shiohama-clinic.kc-hospital.or.jp/", "内容": "しおはま診療所【2:診療所】【診療科目:内科_呼吸器内科_循環器内科_外科】大分県杵築市大内字塩浜７７０３番地の４" }, "geometry": { "type": "Point", "coordinates": [ 131.632157, 33.423612 ] } },
{ "type": "Feature", "properties": { "ID": 4421097900000, "正式名称": "医療法人恵英会きつき眼科", "機関区分": 2, "都道府県コード": 44, "市区町村コード": 210, "所在地": "大分県杵築市杵築６６５番地１５０", "緯度": 33.418761, "経度": 131.623907, "url": "https://www.iryou.teikyouseido.mhlw.go.jp/znk-web/juminkanja/S2430/initialize?prefCd=44&kikanCd=1097900000&kikanKbn=2", "url2": "https://www.kitsukiganka.com", "内容": "医療法人恵英会きつき眼科【2:診療所】【診療科目:眼科】大分県杵築市杵築６６５番地１５０" }, "geometry": { "type": "Point", "coordinates": [ 131.623907, 33.418761 ] } },
{ "type": "Feature", "properties": { "ID": 4421098000000, "正式名称": "杵築泌尿器科クリニック", "機関区分": 2, "都道府県コード": 44, "市区町村コード": 210, "所在地": "大分県杵築市大内４５２６－３", "緯度": 33.423017, "経度": 131.63216, "url": "https://www.iryou.teikyouseido.mhlw.go.jp/znk-web/juminkanja/S2430/initialize?prefCd=44&kikanCd=1098000000&kikanKbn=2", "url2": null, "内容": "杵築泌尿器科クリニック【2:診療所】【診療科目:内科_腎臓内科_泌尿器科】大分県杵築市大内４５２６－３" }, "geometry": { "type": "Point", "coordinates": [ 131.63216, 33.423017 ] } },
{ "type": "Feature", "properties": { "ID": 4421098100000, "正式名称": "くりやまレディースクリニック", "機関区分": 2, "都道府県コード": 44, "市区町村コード": 210, "所在地": "大分県杵築市杵築８６１番地１２", "緯度": 33.41601, "経度": 131.62218, "url": "https://www.iryou.teikyouseido.mhlw.go.jp/znk-web/juminkanja/S2430/initialize?prefCd=44&kikanCd=1098100000&kikanKbn=2", "url2": "http://www.kuriyama-ladiesclinic.com", "内容": "くりやまレディースクリニック【2:診療所】【診療科目:小児科_産婦人科】大分県杵築市杵築８６１番地１２" }, "geometry": { "type": "Point", "coordinates": [ 131.62218, 33.41601 ] } },
{ "type": "Feature", "properties": { "ID": 4421098300000, "正式名称": "佐藤医院", "機関区分": 2, "都道府県コード": 44, "市区町村コード": 210, "所在地": "大分県杵築市山香町大字内河野字三反田２７６１番地１", "緯度": 33.450779, "経度": 131.503215, "url": "https://www.iryou.teikyouseido.mhlw.go.jp/znk-web/juminkanja/S2430/initialize?prefCd=44&kikanCd=1098300000&kikanKbn=2", "url2": null, "内容": "佐藤医院【2:診療所】【診療科目:内科_呼吸器内科_循環器内科_外科_小児科_麻酔科】大分県杵築市山香町大字内河野字三反田２７６１番地１" }, "geometry": { "type": "Point", "coordinates": [ 131.503215, 33.450779 ] } },
{ "type": "Feature", "properties": { "ID": 4421098500000, "正式名称": "菅原内科杵築", "機関区分": 2, "都道府県コード": 44, "市区町村コード": 210, "所在地": "大分県杵築市南杵築１９４７番地３", "緯度": 33.418663, "経度": 131.608121, "url": "https://www.iryou.teikyouseido.mhlw.go.jp/znk-web/juminkanja/S2430/initialize?prefCd=44&kikanCd=1098500000&kikanKbn=2", "url2": null, "内容": "菅原内科杵築【2:診療所】【診療科目:内科_呼吸器内科_循環器内科_消化器内科_放射線科】大分県杵築市南杵築１９４７番地３" }, "geometry": { "type": "Point", "coordinates": [ 131.608121, 33.418663 ] } },
{ "type": "Feature", "properties": { "ID": 4421098700000, "正式名称": "田原医院", "機関区分": 2, "都道府県コード": 44, "市区町村コード": 210, "所在地": "大分県杵築市八坂", "緯度": 33.412634, "経度": 131.588397, "url": "https://www.iryou.teikyouseido.mhlw.go.jp/znk-web/juminkanja/S2430/initialize?prefCd=44&kikanCd=1098700000&kikanKbn=2", "url2": null, "内容": "田原医院【2:診療所】【診療科目:内科】大分県杵築市八坂" }, "geometry": { "type": "Point", "coordinates": [ 131.588397, 33.412634 ] } },
{ "type": "Feature", "properties": { "ID": 4421099300000, "正式名称": "友岡医院", "機関区分": 2, "都道府県コード": 44, "市区町村コード": 210, "所在地": "大分県杵築市山香町立石", "緯度": 33.480912, "経度": 131.477146, "url": "https://www.iryou.teikyouseido.mhlw.go.jp/znk-web/juminkanja/S2430/initialize?prefCd=44&kikanCd=1099300000&kikanKbn=2", "url2": null, "内容": "友岡医院【2:診療所】【診療科目:内科_小児科】大分県杵築市山香町立石" }, "geometry": { "type": "Point", "coordinates": [ 131.477146, 33.480912 ] } },
{ "type": "Feature", "properties": { "ID": 4421099500000, "正式名称": "岩下クリニック", "機関区分": 2, "都道府県コード": 44, "市区町村コード": 210, "所在地": "大分県杵築市杵築６６５番地６５５", "緯度": 33.42089, "経度": 131.620561, "url": "https://www.iryou.teikyouseido.mhlw.go.jp/znk-web/juminkanja/S2430/initialize?prefCd=44&kikanCd=1099500000&kikanKbn=2", "url2": "https://iwashita-c.jp", "内容": "岩下クリニック【2:診療所】【診療科目:内科_消化器内科_外科_リハビリテーション科】大分県杵築市杵築６６５番地６５５" }, "geometry": { "type": "Point", "coordinates": [ 131.620561, 33.42089 ] } },
{ "type": "Feature", "properties": { "ID": 4421099600000, "正式名称": "矢野医院", "機関区分": 2, "都道府県コード": 44, "市区町村コード": 210, "所在地": "大分県杵築市大田沓掛１３－２", "緯度": 33.499033, "経度": 131.508064, "url": "https://www.iryou.teikyouseido.mhlw.go.jp/znk-web/juminkanja/S2430/initialize?prefCd=44&kikanCd=1099600000&kikanKbn=2", "url2": null, "内容": "矢野医院【2:診療所】【診療科目:内科】大分県杵築市大田沓掛１３－２" }, "geometry": { "type": "Point", "coordinates": [ 131.508064, 33.499033 ] } },
{ "type": "Feature", "properties": { "ID": 4421099800000, "正式名称": "渡辺内科医院", "機関区分": 2, "都道府県コード": 44, "市区町村コード": 210, "所在地": "大分県杵築市杵築６９１－１", "緯度": 33.41924, "経度": 131.621466, "url": "https://www.iryou.teikyouseido.mhlw.go.jp/znk-web/juminkanja/S2430/initialize?prefCd=44&kikanCd=1099800000&kikanKbn=2", "url2": null, "内容": "渡辺内科医院【2:診療所】【診療科目:内科_消化器内科】大分県杵築市杵築６９１－１" }, "geometry": { "type": "Point", "coordinates": [ 131.621466, 33.41924 ] } },
{ "type": "Feature", "properties": { "ID": 4421100000000, "正式名称": "安心院中央医院", "機関区分": 2, "都道府県コード": 44, "市区町村コード": 211, "所在地": "大分県宇佐市安心院町下毛２１０９－５", "緯度": 33.439369, "経度": 131.355428, "url": "https://www.iryou.teikyouseido.mhlw.go.jp/znk-web/juminkanja/S2430/initialize?prefCd=44&kikanCd=1100000000&kikanKbn=2", "url2": null, "内容": "安心院中央医院【2:診療所】【診療科目:内科_循環器内科_胃腸内科_外科_肛門外科_整形外科_リハビリテーション科】大分県宇佐市安心院町下毛２１０９－５" }, "geometry": { "type": "Point", "coordinates": [ 131.355428, 33.439369 ] } },
{ "type": "Feature", "properties": { "ID": 4421100200000, "正式名称": "いしだ内科", "機関区分": 2, "都道府県コード": 44, "市区町村コード": 211, "所在地": "大分県宇佐市長洲２２４１", "緯度": 33.571972, "経度": 131.379361, "url": "https://www.iryou.teikyouseido.mhlw.go.jp/znk-web/juminkanja/S2430/initialize?prefCd=44&kikanCd=1100200000&kikanKbn=2", "url2": "https://ishida-mc.com/", "内容": "いしだ内科【2:診療所】【診療科目:内科_呼吸器内科_循環器内科_消化器内科】大分県宇佐市長洲２２４１" }, "geometry": { "type": "Point", "coordinates": [ 131.379361, 33.571972 ] } },
{ "type": "Feature", "properties": { "ID": 4421100300000, "正式名称": "いしばしの里クリニック", "機関区分": 2, "都道府県コード": 44, "市区町村コード": 211, "所在地": "大分県宇佐市院内町櫛野", "緯度": 33.453487, "経度": 131.328139, "url": "https://www.iryou.teikyouseido.mhlw.go.jp/znk-web/juminkanja/S2430/initialize?prefCd=44&kikanCd=1100300000&kikanKbn=2", "url2": null, "内容": "いしばしの里クリニック【2:診療所】【診療科目:内科】大分県宇佐市院内町櫛野" }, "geometry": { "type": "Point", "coordinates": [ 131.328139, 33.453487 ] } },
{ "type": "Feature", "properties": { "ID": 4421100400000, "正式名称": "安心院クリニック", "機関区分": 2, "都道府県コード": 44, "市区町村コード": 211, "所在地": "大分県宇佐市安心院町下毛", "緯度": 33.440204, "経度": 131.353285, "url": "https://www.iryou.teikyouseido.mhlw.go.jp/znk-web/juminkanja/S2430/initialize?prefCd=44&kikanCd=1100400000&kikanKbn=2", "url2": null, "内容": "安心院クリニック【2:診療所】【診療科目:内科_胃腸内科_外科_整形外科_リハビリテーション科】大分県宇佐市安心院町下毛" }, "geometry": { "type": "Point", "coordinates": [ 131.353285, 33.440204 ] } },
{ "type": "Feature", "properties": { "ID": 4421100500000, "正式名称": "医療法人　九州千雅　安心院整形外科医院", "機関区分": 2, "都道府県コード": 44, "市区町村コード": 211, "所在地": "大分県宇佐市安心院町木裳４１３－１", "緯度": 33.441019, "経度": 131.356912, "url": "https://www.iryou.teikyouseido.mhlw.go.jp/znk-web/juminkanja/S2430/initialize?prefCd=44&kikanCd=1100500000&kikanKbn=2", "url2": null, "内容": "医療法人　九州千雅　安心院整形外科医院【2:診療所】【診療科目:内科_整形外科】大分県宇佐市安心院町木裳４１３－１" }, "geometry": { "type": "Point", "coordinates": [ 131.356912, 33.441019 ] } },
{ "type": "Feature", "properties": { "ID": 4421100600000, "正式名称": "医療法人　藤心会　黒田整形外科", "機関区分": 2, "都道府県コード": 44, "市区町村コード": 211, "所在地": "大分県宇佐市上田１５１０", "緯度": 33.52932, "経度": 131.357255, "url": "https://www.iryou.teikyouseido.mhlw.go.jp/znk-web/juminkanja/S2430/initialize?prefCd=44&kikanCd=1100600000&kikanKbn=2", "url2": "kurodaseikei.jp", "内容": "医療法人　藤心会　黒田整形外科【2:診療所】【診療科目:内科_外科_整形外科_リハビリテーション科】大分県宇佐市上田１５１０" }, "geometry": { "type": "Point", "coordinates": [ 131.357255, 33.52932 ] } },
{ "type": "Feature", "properties": { "ID": 4421100700000, "正式名称": "院内中央医院", "機関区分": 2, "都道府県コード": 44, "市区町村コード": 211, "所在地": "大分県宇佐市院内町大副４８３の１番地", "緯度": 33.423157, "経度": 131.317962, "url": "https://www.iryou.teikyouseido.mhlw.go.jp/znk-web/juminkanja/S2430/initialize?prefCd=44&kikanCd=1100700000&kikanKbn=2", "url2": null, "内容": "院内中央医院【2:診療所】【診療科目:内科_外科】大分県宇佐市院内町大副４８３の１番地" }, "geometry": { "type": "Point", "coordinates": [ 131.317962, 33.423157 ] } },
{ "type": "Feature", "properties": { "ID": 4421100900000, "正式名称": "植山循環器科内科クリニック", "機関区分": 2, "都道府県コード": 44, "市区町村コード": 211, "所在地": "大分県宇佐市四日市", "緯度": 33.533677, "経度": 131.328871, "url": "https://www.iryou.teikyouseido.mhlw.go.jp/znk-web/juminkanja/S2430/initialize?prefCd=44&kikanCd=1100900000&kikanKbn=2", "url2": null, "内容": "植山循環器科内科クリニック【2:診療所】【診療科目:内科_循環器内科】大分県宇佐市四日市" }, "geometry": { "type": "Point", "coordinates": [ 131.328871, 33.533677 ] } },
{ "type": "Feature", "properties": { "ID": 4421101400000, "正式名称": "宇佐リハビリ診療所", "機関区分": 2, "都道府県コード": 44, "市区町村コード": 211, "所在地": "大分県宇佐市山本１６５８番地", "緯度": 33.508113, "経度": 131.327628, "url": "https://www.iryou.teikyouseido.mhlw.go.jp/znk-web/juminkanja/S2430/initialize?prefCd=44&kikanCd=1101400000&kikanKbn=2", "url2": "http://www.risseikai.or.jp", "内容": "宇佐リハビリ診療所【2:診療所】【診療科目:内科_循環器内科_消化器内科_整形外科_リウマチ科_リハビリテーション科】大分県宇佐市山本１６５８番地" }, "geometry": { "type": "Point", "coordinates": [ 131.327628, 33.508113 ] } },
{ "type": "Feature", "properties": { "ID": 4421101500000, "正式名称": "宇佐レディースクリニック", "機関区分": 2, "都道府県コード": 44, "市区町村コード": 211, "所在地": "大分県宇佐市大字法鏡寺字川上３３６の１", "緯度": 33.531025, "経度": 131.34871, "url": "https://www.iryou.teikyouseido.mhlw.go.jp/znk-web/juminkanja/S2430/initialize?prefCd=44&kikanCd=1101500000&kikanKbn=2", "url2": null, "内容": "宇佐レディースクリニック【2:診療所】【診療科目:産婦人科_麻酔科】大分県宇佐市大字法鏡寺字川上３３６の１" }, "geometry": { "type": "Point", "coordinates": [ 131.34871, 33.531025 ] } },
{ "type": "Feature", "properties": { "ID": 4421101700000, "正式名称": "医療法人賀来内科医院", "機関区分": 2, "都道府県コード": 44, "市区町村コード": 211, "所在地": "大分県宇佐市北宇佐字前田１６２１－１", "緯度": 33.528215, "経度": 131.369327, "url": "https://www.iryou.teikyouseido.mhlw.go.jp/znk-web/juminkanja/S2430/initialize?prefCd=44&kikanCd=1101700000&kikanKbn=2", "url2": null, "内容": "医療法人賀来内科医院【2:診療所】【診療科目:内科】大分県宇佐市北宇佐字前田１６２１－１" }, "geometry": { "type": "Point", "coordinates": [ 131.369327, 33.528215 ] } },
{ "type": "Feature", "properties": { "ID": 4421101800000, "正式名称": "桐田眼科医院", "機関区分": 2, "都道府県コード": 44, "市区町村コード": 211, "所在地": "大分県宇佐市四日市２６２５", "緯度": 33.529458, "経度": 131.327766, "url": "https://www.iryou.teikyouseido.mhlw.go.jp/znk-web/juminkanja/S2430/initialize?prefCd=44&kikanCd=1101800000&kikanKbn=2", "url2": "http://www.kiritaganka.jp/", "内容": "桐田眼科医院【2:診療所】【診療科目:眼科】大分県宇佐市四日市２６２５" }, "geometry": { "type": "Point", "coordinates": [ 131.327766, 33.529458 ] } },
{ "type": "Feature", "properties": { "ID": 4421101900000, "正式名称": "くぼたクリニック", "機関区分": 2, "都道府県コード": 44, "市区町村コード": 211, "所在地": "大分県宇佐市上田８１－１", "緯度": 33.534088, "経度": 131.341023, "url": "https://www.iryou.teikyouseido.mhlw.go.jp/znk-web/juminkanja/S2430/initialize?prefCd=44&kikanCd=1101900000&kikanKbn=2", "url2": null, "内容": "くぼたクリニック【2:診療所】【診療科目:内科_腎臓内科_人工透析内科_外科_小児泌尿器科_泌尿器科_男性泌尿器科_神経泌尿器科_腎臓・泌尿器科】大分県宇佐市上田８１－１" }, "geometry": { "type": "Point", "coordinates": [ 131.341023, 33.534088 ] } },
{ "type": "Feature", "properties": { "ID": 4421102000000, "正式名称": "医療法人　くまのみどう小児科", "機関区分": 2, "都道府県コード": 44, "市区町村コード": 211, "所在地": "大分県宇佐市四日市１０－１", "緯度": 33.532953, "経度": 131.329633, "url": "https://www.iryou.teikyouseido.mhlw.go.jp/znk-web/juminkanja/S2430/initialize?prefCd=44&kikanCd=1102000000&kikanKbn=2", "url2": null, "内容": "医療法人　くまのみどう小児科【2:診療所】【診療科目:小児科】大分県宇佐市四日市１０－１" }, "geometry": { "type": "Point", "coordinates": [ 131.329633, 33.532953 ] } },
{ "type": "Feature", "properties": { "ID": 4421102100000, "正式名称": "クリニックオアシス", "機関区分": 2, "都道府県コード": 44, "市区町村コード": 211, "所在地": "大分県宇佐市和気４７７番地の１", "緯度": 33.537361, "経度": 131.390625, "url": "https://www.iryou.teikyouseido.mhlw.go.jp/znk-web/juminkanja/S2430/initialize?prefCd=44&kikanCd=1102100000&kikanKbn=2", "url2": "https://oashisu-usa.com", "内容": "クリニックオアシス【2:診療所】【診療科目:内科_リハビリテーション科_放射線科】大分県宇佐市和気４７７番地の１" }, "geometry": { "type": "Point", "coordinates": [ 131.390625, 33.537361 ] } },
{ "type": "Feature", "properties": { "ID": 4421102200000, "正式名称": "玄々堂整形外科", "機関区分": 2, "都道府県コード": 44, "市区町村コード": 211, "所在地": "大分県宇佐市大字石田３３－２", "緯度": 33.532557, "経度": 131.330827, "url": "https://www.iryou.teikyouseido.mhlw.go.jp/znk-web/juminkanja/S2430/initialize?prefCd=44&kikanCd=1102200000&kikanKbn=2", "url2": "https://ag-holdings.jp/gengendo/seikeigeka/", "内容": "玄々堂整形外科【2:診療所】【診療科目:整形外科_リハビリテーション科】大分県宇佐市大字石田３３－２" }, "geometry": { "type": "Point", "coordinates": [ 131.330827, 33.532557 ] } },
{ "type": "Feature", "properties": { "ID": 4421102300000, "正式名称": "玄々堂泌尿器科", "機関区分": 2, "都道府県コード": 44, "市区町村コード": 211, "所在地": "大分県宇佐市四日市１９－１", "緯度": 33.532774, "経度": 131.330931, "url": "https://www.iryou.teikyouseido.mhlw.go.jp/znk-web/juminkanja/S2430/initialize?prefCd=44&kikanCd=1102300000&kikanKbn=2", "url2": "http://www.gengendo-oita.jp/hinyokika", "内容": "玄々堂泌尿器科【2:診療所】【診療科目:泌尿器科】大分県宇佐市四日市１９－１" }, "geometry": { "type": "Point", "coordinates": [ 131.330931, 33.532774 ] } },
{ "type": "Feature", "properties": { "ID": 4421102500000, "正式名称": "医療法人　大神会　佐藤レディースクリニック", "機関区分": 2, "都道府県コード": 44, "市区町村コード": 211, "所在地": "大分県宇佐市大字上田１０６０番地の２", "緯度": 33.534686, "経度": 131.349324, "url": "https://www.iryou.teikyouseido.mhlw.go.jp/znk-web/juminkanja/S2430/initialize?prefCd=44&kikanCd=1102500000&kikanKbn=2", "url2": "http://www.satolc.jp/", "内容": "医療法人　大神会　佐藤レディースクリニック【2:診療所】【診療科目:産婦人科】大分県宇佐市大字上田１０６０番地の２" }, "geometry": { "type": "Point", "coordinates": [ 131.349324, 33.534686 ] } },
{ "type": "Feature", "properties": { "ID": 4421102800000, "正式名称": "医療法人時枝内科医院", "機関区分": 2, "都道府県コード": 44, "市区町村コード": 211, "所在地": "大分県宇佐市葛原７７７－１", "緯度": 33.536068, "経度": 131.330185, "url": "https://www.iryou.teikyouseido.mhlw.go.jp/znk-web/juminkanja/S2430/initialize?prefCd=44&kikanCd=1102800000&kikanKbn=2", "url2": "http://tokiedaclinic.jp", "内容": "医療法人時枝内科医院【2:診療所】【診療科目:内科_循環器内科_消化器内科_漢方内科】大分県宇佐市葛原７７７－１" }, "geometry": { "type": "Point", "coordinates": [ 131.330185, 33.536068 ] } },
{ "type": "Feature", "properties": { "ID": 4421103100000, "正式名称": "内科原澤医院", "機関区分": 2, "都道府県コード": 44, "市区町村コード": 211, "所在地": "大分県宇佐市下高家１１２４ー１", "緯度": 33.575294, "経度": 131.309705, "url": "https://www.iryou.teikyouseido.mhlw.go.jp/znk-web/juminkanja/S2430/initialize?prefCd=44&kikanCd=1103100000&kikanKbn=2", "url2": null, "内容": "内科原澤医院【2:診療所】【診療科目:内科_循環器内科_消化器内科_神経内科_ペインクリニック内科_麻酔科】大分県宇佐市下高家１１２４ー１" }, "geometry": { "type": "Point", "coordinates": [ 131.309705, 33.575294 ] } },
{ "type": "Feature", "properties": { "ID": 4421103300000, "正式名称": "にしむら皮ふ科医院", "機関区分": 2, "都道府県コード": 44, "市区町村コード": 211, "所在地": "大分県宇佐市葛原７８０－１", "緯度": 33.535307, "経度": 131.329588, "url": "https://www.iryou.teikyouseido.mhlw.go.jp/znk-web/juminkanja/S2430/initialize?prefCd=44&kikanCd=1103300000&kikanKbn=2", "url2": "http://www.nishimura-hifuka.or.jp/", "内容": "にしむら皮ふ科医院【2:診療所】【診療科目:皮膚科_美容皮膚科】大分県宇佐市葛原７８０－１" }, "geometry": { "type": "Point", "coordinates": [ 131.329588, 33.535307 ] } },
{ "type": "Feature", "properties": { "ID": 4421103400000, "正式名称": "医療法人　昭仁会　はたで眼科", "機関区分": 2, "都道府県コード": 44, "市区町村コード": 211, "所在地": "大分県宇佐市法鏡寺２０５番地", "緯度": 33.530708, "経度": 131.347153, "url": "https://www.iryou.teikyouseido.mhlw.go.jp/znk-web/juminkanja/S2430/initialize?prefCd=44&kikanCd=1103400000&kikanKbn=2", "url2": null, "内容": "医療法人　昭仁会　はたで眼科【2:診療所】【診療科目:眼科】大分県宇佐市法鏡寺２０５番地" }, "geometry": { "type": "Point", "coordinates": [ 131.347153, 33.530708 ] } },
{ "type": "Feature", "properties": { "ID": 4421103800000, "正式名称": "宮原医院", "機関区分": 2, "都道府県コード": 44, "市区町村コード": 211, "所在地": "大分県宇佐市四日市１４８６－６", "緯度": 33.528719, "経度": 131.331406, "url": "https://www.iryou.teikyouseido.mhlw.go.jp/znk-web/juminkanja/S2430/initialize?prefCd=44&kikanCd=1103800000&kikanKbn=2", "url2": null, "内容": "宮原医院【2:診療所】【診療科目:内科_消化器内科_外科_肛門外科】大分県宇佐市四日市１４８６－６" }, "geometry": { "type": "Point", "coordinates": [ 131.331406, 33.528719 ] } },
{ "type": "Feature", "properties": { "ID": 4421103900000, "正式名称": "宗像医院", "機関区分": 2, "都道府県コード": 44, "市区町村コード": 211, "所在地": "大分県宇佐市下時枝", "緯度": 33.556077, "経度": 131.305893, "url": "https://www.iryou.teikyouseido.mhlw.go.jp/znk-web/juminkanja/S2430/initialize?prefCd=44&kikanCd=1103900000&kikanKbn=2", "url2": "https://munakata-mezura.com", "内容": "宗像医院【2:診療所】【診療科目:内科_呼吸器内科_循環器内科_消化器内科_腎臓内科_人工透析内科_外科】大分県宇佐市下時枝" }, "geometry": { "type": "Point", "coordinates": [ 131.305893, 33.556077 ] } },
{ "type": "Feature", "properties": { "ID": 4421104000000, "正式名称": "村上医院", "機関区分": 2, "都道府県コード": 44, "市区町村コード": 211, "所在地": "大分県宇佐市安心院町木裳２３７", "緯度": 33.440633, "経度": 131.360361, "url": "https://www.iryou.teikyouseido.mhlw.go.jp/znk-web/juminkanja/S2430/initialize?prefCd=44&kikanCd=1104000000&kikanKbn=2", "url2": null, "内容": "村上医院【2:診療所】【診療科目:内科_消化器内科_整形外科_小児科_皮膚科_リハビリテーション科】大分県宇佐市安心院町木裳２３７" }, "geometry": { "type": "Point", "coordinates": [ 131.360361, 33.440633 ] } },
{ "type": "Feature", "properties": { "ID": 4421104200000, "正式名称": "渡辺医院", "機関区分": 2, "都道府県コード": 44, "市区町村コード": 211, "所在地": "大分県宇佐市四日市１２２２－１", "緯度": 33.532407, "経度": 131.324116, "url": "https://www.iryou.teikyouseido.mhlw.go.jp/znk-web/juminkanja/S2430/initialize?prefCd=44&kikanCd=1104200000&kikanKbn=2", "url2": "https://watanabeiin.net/", "内容": "渡辺医院【2:診療所】【診療科目:呼吸器内科_循環器内科_消化器内科】大分県宇佐市四日市１２２２－１" }, "geometry": { "type": "Point", "coordinates": [ 131.324116, 33.532407 ] } },
{ "type": "Feature", "properties": { "ID": 4421104300000, "正式名称": "社会医療法人　帰巖会　あさじ町クリニック", "機関区分": 2, "都道府県コード": 44, "市区町村コード": 212, "所在地": "大分県豊後大野市朝地町朝地９０６－７", "緯度": 33.006203, "経度": 131.431252, "url": "https://www.iryou.teikyouseido.mhlw.go.jp/znk-web/juminkanja/S2430/initialize?prefCd=44&kikanCd=1104300000&kikanKbn=2", "url2": "http://www.kigankai.or.jp/", "内容": "社会医療法人　帰巖会　あさじ町クリニック【2:診療所】【診療科目:内科】大分県豊後大野市朝地町朝地９０６－７" }, "geometry": { "type": "Point", "coordinates": [ 131.431252, 33.006203 ] } },
{ "type": "Feature", "properties": { "ID": 4421104400000, "正式名称": "麻生眼科", "機関区分": 2, "都道府県コード": 44, "市区町村コード": 212, "所在地": "大分県豊後大野市三重町市場", "緯度": 32.98001, "経度": 131.58545, "url": "https://www.iryou.teikyouseido.mhlw.go.jp/znk-web/juminkanja/S2430/initialize?prefCd=44&kikanCd=1104400000&kikanKbn=2", "url2": null, "内容": "麻生眼科【2:診療所】【診療科目:眼科】大分県豊後大野市三重町市場" }, "geometry": { "type": "Point", "coordinates": [ 131.58545, 32.98001 ] } },
{ "type": "Feature", "properties": { "ID": 4421104700000, "正式名称": "いしかわ皮ふ科・形成外科", "機関区分": 2, "都道府県コード": 44, "市区町村コード": 212, "所在地": "大分県豊後大野市三重町市場", "緯度": 32.97863, "経度": 131.58275, "url": "https://www.iryou.teikyouseido.mhlw.go.jp/znk-web/juminkanja/S2430/initialize?prefCd=44&kikanCd=1104700000&kikanKbn=2", "url2": "https://www.ishikawa-dermatology.com", "内容": "いしかわ皮ふ科・形成外科【2:診療所】【診療科目:形成外科_皮膚科_美容皮膚科】大分県豊後大野市三重町市場" }, "geometry": { "type": "Point", "coordinates": [ 131.58275, 32.97863 ] } },
{ "type": "Feature", "properties": { "ID": 4421104800000, "正式名称": "いぬかい児玉医院", "機関区分": 2, "都道府県コード": 44, "市区町村コード": 212, "所在地": "大分県豊後大野市犬飼町田原１１０５ー１－１", "緯度": 33.058349, "経度": 131.636596, "url": "https://www.iryou.teikyouseido.mhlw.go.jp/znk-web/juminkanja/S2430/initialize?prefCd=44&kikanCd=1104800000&kikanKbn=2", "url2": null, "内容": "いぬかい児玉医院【2:診療所】【診療科目:内科_呼吸器内科_循環器内科_消化器内科_小児科_リハビリテーション科】大分県豊後大野市犬飼町田原１１０５ー１－１" }, "geometry": { "type": "Point", "coordinates": [ 131.636596, 33.058349 ] } },
{ "type": "Feature", "properties": { "ID": 4421104900000, "正式名称": "医療法人　宇野医院", "機関区分": 2, "都道府県コード": 44, "市区町村コード": 212, "所在地": "大分県豊後大野市犬飼町犬飼８０ー２", "緯度": 33.073434, "経度": 131.635712, "url": "https://www.iryou.teikyouseido.mhlw.go.jp/znk-web/juminkanja/S2430/initialize?prefCd=44&kikanCd=1104900000&kikanKbn=2", "url2": "http://www.unoiin.com/", "内容": "医療法人　宇野医院【2:診療所】【診療科目:内科_内分泌内科_呼吸器内科_消化器内科_胃腸内科_腎臓内科_人工透析内科_外科】大分県豊後大野市犬飼町犬飼８０ー２" }, "geometry": { "type": "Point", "coordinates": [ 131.635712, 33.073434 ] } },
{ "type": "Feature", "properties": { "ID": 4421105100000, "正式名称": "おぐり胃腸・肛門科", "機関区分": 2, "都道府県コード": 44, "市区町村コード": 212, "所在地": "大分県豊後大野市三重町赤嶺１１６４番地１１", "緯度": 32.991438, "経度": 131.609736, "url": "https://www.iryou.teikyouseido.mhlw.go.jp/znk-web/juminkanja/S2430/initialize?prefCd=44&kikanCd=1105100000&kikanKbn=2", "url2": null, "内容": "おぐり胃腸・肛門科【2:診療所】【診療科目:内科_消化器内科_胃腸内科_外科_肛門外科】大分県豊後大野市三重町赤嶺１１６４番地１１" }, "geometry": { "type": "Point", "coordinates": [ 131.609736, 32.991438 ] } },
{ "type": "Feature", "properties": { "ID": 4421105200000, "正式名称": "児玉医院", "機関区分": 2, "都道府県コード": 44, "市区町村コード": 212, "所在地": "大分県豊後大野市大野町田中２７０－１番地", "緯度": 33.05206, "経度": 131.48492, "url": "https://www.iryou.teikyouseido.mhlw.go.jp/znk-web/juminkanja/S2430/initialize?prefCd=44&kikanCd=1105200000&kikanKbn=2", "url2": null, "内容": "児玉医院【2:診療所】【診療科目:内科_胃腸内科_外科】大分県豊後大野市大野町田中２７０－１番地" }, "geometry": { "type": "Point", "coordinates": [ 131.48492, 33.05206 ] } },
{ "type": "Feature", "properties": { "ID": 4421105300000, "正式名称": "後藤耳鼻咽喉科医院", "機関区分": 2, "都道府県コード": 44, "市区町村コード": 212, "所在地": "大分県豊後大野市三重町市場９８７番地の６", "緯度": 32.975292, "経度": 131.580209, "url": "https://www.iryou.teikyouseido.mhlw.go.jp/znk-web/juminkanja/S2430/initialize?prefCd=44&kikanCd=1105300000&kikanKbn=2", "url2": null, "内容": "後藤耳鼻咽喉科医院【2:診療所】【診療科目:耳鼻いんこう科】大分県豊後大野市三重町市場９８７番地の６" }, "geometry": { "type": "Point", "coordinates": [ 131.580209, 32.975292 ] } },
{ "type": "Feature", "properties": { "ID": 4421105400000, "正式名称": "医療法人　ごとう消化器科・内科クリニック", "機関区分": 2, "都道府県コード": 44, "市区町村コード": 212, "所在地": "大分県豊後大野市三重町赤嶺１６７０", "緯度": 32.982167, "経度": 131.597177, "url": "https://www.iryou.teikyouseido.mhlw.go.jp/znk-web/juminkanja/S2430/initialize?prefCd=44&kikanCd=1105400000&kikanKbn=2", "url2": null, "内容": "医療法人　ごとう消化器科・内科クリニック【2:診療所】【診療科目:内科_呼吸器内科_循環器内科_消化器内科_胃腸内科】大分県豊後大野市三重町赤嶺１６７０" }, "geometry": { "type": "Point", "coordinates": [ 131.597177, 32.982167 ] } },
{ "type": "Feature", "properties": { "ID": 4421105500000, "正式名称": "医療法人　新明会　佐藤産婦人科医院", "機関区分": 2, "都道府県コード": 44, "市区町村コード": 212, "所在地": "大分県豊後大野市三重町秋葉１２４８番地", "緯度": 32.971714, "経度": 131.581557, "url": "https://www.iryou.teikyouseido.mhlw.go.jp/znk-web/juminkanja/S2430/initialize?prefCd=44&kikanCd=1105500000&kikanKbn=2", "url2": null, "内容": "医療法人　新明会　佐藤産婦人科医院【2:診療所】【診療科目:小児科_産婦人科】大分県豊後大野市三重町秋葉１２４８番地" }, "geometry": { "type": "Point", "coordinates": [ 131.581557, 32.971714 ] } },
{ "type": "Feature", "properties": { "ID": 4421106000000, "正式名称": "菅尾医院", "機関区分": 2, "都道府県コード": 44, "市区町村コード": 212, "所在地": "大分県豊後大野市三重町浅瀬３９４９", "緯度": 33.018986, "経度": 131.616327, "url": "https://www.iryou.teikyouseido.mhlw.go.jp/znk-web/juminkanja/S2430/initialize?prefCd=44&kikanCd=1106000000&kikanKbn=2", "url2": null, "内容": "菅尾医院【2:診療所】【診療科目:内科_整形外科】大分県豊後大野市三重町浅瀬３９４９" }, "geometry": { "type": "Point", "coordinates": [ 131.616327, 33.018986 ] } },
{ "type": "Feature", "properties": { "ID": 4421106100000, "正式名称": "多田整形外科クリニック", "機関区分": 2, "都道府県コード": 44, "市区町村コード": 212, "所在地": "大分県豊後大野市三重町赤嶺１５７０番地", "緯度": 32.986005, "経度": 131.598686, "url": "https://www.iryou.teikyouseido.mhlw.go.jp/znk-web/juminkanja/S2430/initialize?prefCd=44&kikanCd=1106100000&kikanKbn=2", "url2": null, "内容": "多田整形外科クリニック【2:診療所】【診療科目:整形外科_リウマチ科_リハビリテーション科】大分県豊後大野市三重町赤嶺１５７０番地" }, "geometry": { "type": "Point", "coordinates": [ 131.598686, 32.986005 ] } },
{ "type": "Feature", "properties": { "ID": 4421106300000, "正式名称": "天心堂おおの診療所", "機関区分": 2, "都道府県コード": 44, "市区町村コード": 212, "所在地": "大分県豊後大野市大野町田中２番地９", "緯度": 33.036127, "経度": 131.502088, "url": "https://www.iryou.teikyouseido.mhlw.go.jp/znk-web/juminkanja/S2430/initialize?prefCd=44&kikanCd=1106300000&kikanKbn=2", "url2": "https://www.tenshindo.org/", "内容": "天心堂おおの診療所【2:診療所】【診療科目:内科_外科_整形外科】大分県豊後大野市大野町田中２番地９" }, "geometry": { "type": "Point", "coordinates": [ 131.502088, 33.036127 ] } },
{ "type": "Feature", "properties": { "ID": 4421106400000, "正式名称": "にこにこ内科クリニック", "機関区分": 2, "都道府県コード": 44, "市区町村コード": 212, "所在地": "大分県豊後大野市三重町小坂４１６９－１", "緯度": 32.996894, "経度": 131.616925, "url": "https://www.iryou.teikyouseido.mhlw.go.jp/znk-web/juminkanja/S2430/initialize?prefCd=44&kikanCd=1106400000&kikanKbn=2", "url2": "https://nikoniko.or.jp/nikoniko_clinic/", "内容": "にこにこ内科クリニック【2:診療所】【診療科目:内科_外科】大分県豊後大野市三重町小坂４１６９－１" }, "geometry": { "type": "Point", "coordinates": [ 131.616925, 32.996894 ] } },
{ "type": "Feature", "properties": { "ID": 4421106500000, "正式名称": "土生医院", "機関区分": 2, "都道府県コード": 44, "市区町村コード": 212, "所在地": "大分県豊後大野市三重町市場５９８番地１", "緯度": 32.97922, "経度": 131.586186, "url": "https://www.iryou.teikyouseido.mhlw.go.jp/znk-web/juminkanja/S2430/initialize?prefCd=44&kikanCd=1106500000&kikanKbn=2", "url2": null, "内容": "土生医院【2:診療所】【診療科目:内科_消化器内科_胃腸内科_外科_肛門外科_麻酔科】大分県豊後大野市三重町市場５９８番地１" }, "geometry": { "type": "Point", "coordinates": [ 131.586186, 32.97922 ] } },
{ "type": "Feature", "properties": { "ID": 4421106600000, "正式名称": "広瀬医院", "機関区分": 2, "都道府県コード": 44, "市区町村コード": 212, "所在地": "大分県豊後大野市千歳町新殿７８１番地１", "緯度": 33.039202, "経度": 131.597689, "url": "https://www.iryou.teikyouseido.mhlw.go.jp/znk-web/juminkanja/S2430/initialize?prefCd=44&kikanCd=1106600000&kikanKbn=2", "url2": null, "内容": "広瀬医院【2:診療所】【診療科目:内科_小児科_眼科_耳鼻いんこう科_皮膚科】大分県豊後大野市千歳町新殿７８１番地１" }, "geometry": { "type": "Point", "coordinates": [ 131.597689, 33.039202 ] } },
{ "type": "Feature", "properties": { "ID": 4421107100000, "正式名称": "みやわき小児科", "機関区分": 2, "都道府県コード": 44, "市区町村コード": 212, "所在地": "大分県豊後大野市三重町赤嶺", "緯度": 33.0, "経度": 131.6, "url": "https://www.iryou.teikyouseido.mhlw.go.jp/znk-web/juminkanja/S2430/initialize?prefCd=44&kikanCd=1107100000&kikanKbn=2", "url2": null, "内容": "みやわき小児科【2:診療所】【診療科目:内科_アレルギー疾患内科_小児科】大分県豊後大野市三重町赤嶺" }, "geometry": { "type": "Point", "coordinates": [ 131.6, 33.0 ] } },
{ "type": "Feature", "properties": { "ID": 4421107400000, "正式名称": "秋吉医院", "機関区分": 2, "都道府県コード": 44, "市区町村コード": 213, "所在地": "大分県由布市湯布院町下湯平９０－２", "緯度": 33.198342, "経度": 131.351171, "url": "https://www.iryou.teikyouseido.mhlw.go.jp/znk-web/juminkanja/S2430/initialize?prefCd=44&kikanCd=1107400000&kikanKbn=2", "url2": null, "内容": "秋吉医院【2:診療所】【診療科目:内科_消化器内科】大分県由布市湯布院町下湯平９０－２" }, "geometry": { "type": "Point", "coordinates": [ 131.351171, 33.198342 ] } },
{ "type": "Feature", "properties": { "ID": 4421107800000, "正式名称": "おざきホームケアクリニック", "機関区分": 2, "都道府県コード": 44, "市区町村コード": 213, "所在地": "大分県由布市庄内町庄内原８２８－１", "緯度": 33.183963, "経度": 131.39695, "url": "https://www.iryou.teikyouseido.mhlw.go.jp/znk-web/juminkanja/S2430/initialize?prefCd=44&kikanCd=1107800000&kikanKbn=2", "url2": "http://www.ozaki-clinic.ecnet.jp/", "内容": "おざきホームケアクリニック【2:診療所】【診療科目:内科_呼吸器内科_循環器内科_消化器内科】大分県由布市庄内町庄内原８２８－１" }, "geometry": { "type": "Point", "coordinates": [ 131.39695, 33.183963 ] } },
{ "type": "Feature", "properties": { "ID": 4421107900000, "正式名称": "川崎内科", "機関区分": 2, "都道府県コード": 44, "市区町村コード": 213, "所在地": "大分県由布市挾間町古野２６３番地１", "緯度": 33.210318, "経度": 131.53151, "url": "https://www.iryou.teikyouseido.mhlw.go.jp/znk-web/juminkanja/S2430/initialize?prefCd=44&kikanCd=1107900000&kikanKbn=2", "url2": null, "内容": "川崎内科【2:診療所】【診療科目:内科_呼吸器内科_消化器内科】大分県由布市挾間町古野２６３番地１" }, "geometry": { "type": "Point", "coordinates": [ 131.53151, 33.210318 ] } },
{ "type": "Feature", "properties": { "ID": 4421108000000, "正式名称": "ごとう医院", "機関区分": 2, "都道府県コード": 44, "市区町村コード": 213, "所在地": "大分県由布市挾間町向原３５０番地", "緯度": 33.197933, "経度": 131.511406, "url": "https://www.iryou.teikyouseido.mhlw.go.jp/znk-web/juminkanja/S2430/initialize?prefCd=44&kikanCd=1108000000&kikanKbn=2", "url2": null, "内容": "ごとう医院【2:診療所】【診療科目:内科_呼吸器内科_消化器内科_外科_整形外科_小児科】大分県由布市挾間町向原３５０番地" }, "geometry": { "type": "Point", "coordinates": [ 131.511406, 33.197933 ] } },
{ "type": "Feature", "properties": { "ID": 4421108100000, "正式名称": "医療法人　照臨会　佐藤医院", "機関区分": 2, "都道府県コード": 44, "市区町村コード": 213, "所在地": "大分県由布市庄内町大龍２１６４番地１", "緯度": 33.180461, "経度": 131.444981, "url": "https://www.iryou.teikyouseido.mhlw.go.jp/znk-web/juminkanja/S2430/initialize?prefCd=44&kikanCd=1108100000&kikanKbn=2", "url2": null, "内容": "医療法人　照臨会　佐藤医院【2:診療所】【診療科目:内科_循環器内科_消化器内科_小児科_リハビリテーション科】大分県由布市庄内町大龍２１６４番地１" }, "geometry": { "type": "Point", "coordinates": [ 131.444981, 33.180461 ] } },
{ "type": "Feature", "properties": { "ID": 4421108200000, "正式名称": "さとう消化器・大腸肛門クリニック", "機関区分": 2, "都道府県コード": 44, "市区町村コード": 213, "所在地": "大分県由布市挾間町北方１９－１", "緯度": 33.204994, "経度": 131.523557, "url": "https://www.iryou.teikyouseido.mhlw.go.jp/znk-web/juminkanja/S2430/initialize?prefCd=44&kikanCd=1108200000&kikanKbn=2", "url2": "http://www.dr-sato.com", "内容": "さとう消化器・大腸肛門クリニック【2:診療所】【診療科目:内科_消化器内科_外科_消化器外科_肛門外科_大腸・肛門外科_内視鏡外科】大分県由布市挾間町北方１９－１" }, "geometry": { "type": "Point", "coordinates": [ 131.523557, 33.204994 ] } },
{ "type": "Feature", "properties": { "ID": 4421108400000, "正式名称": "新こどもクリニック", "機関区分": 2, "都道府県コード": 44, "市区町村コード": 213, "所在地": "大分県由布市挾間町北方５３番地", "緯度": 33.204431, "経度": 131.519778, "url": "https://www.iryou.teikyouseido.mhlw.go.jp/znk-web/juminkanja/S2430/initialize?prefCd=44&kikanCd=1108400000&kikanKbn=2", "url2": null, "内容": "新こどもクリニック【2:診療所】【診療科目:小児科_アレルギー科】大分県由布市挾間町北方５３番地" }, "geometry": { "type": "Point", "coordinates": [ 131.519778, 33.204431 ] } },
{ "type": "Feature", "properties": { "ID": 4421108600000, "正式名称": "特別養護老人ホーム　慶寿苑医務室", "機関区分": 2, "都道府県コード": 44, "市区町村コード": 213, "所在地": "大分県由布市庄内町柿原１５６９番１", "緯度": 33.175853, "経度": 131.420492, "url": "https://www.iryou.teikyouseido.mhlw.go.jp/znk-web/juminkanja/S2430/initialize?prefCd=44&kikanCd=1108600000&kikanKbn=2", "url2": null, "内容": "特別養護老人ホーム　慶寿苑医務室【2:診療所】【診療科目:内科_循環器内科_消化器内科_リハビリテーション科】大分県由布市庄内町柿原１５６９番１" }, "geometry": { "type": "Point", "coordinates": [ 131.420492, 33.175853 ] } },
{ "type": "Feature", "properties": { "ID": 4421109100000, "正式名称": "医療法人　何松内科循環器科", "機関区分": 2, "都道府県コード": 44, "市区町村コード": 213, "所在地": "大分県由布市挾間町北方７５７番地の３", "緯度": 33.203796, "経度": 131.512286, "url": "https://www.iryou.teikyouseido.mhlw.go.jp/znk-web/juminkanja/S2430/initialize?prefCd=44&kikanCd=1109100000&kikanKbn=2", "url2": null, "内容": "医療法人　何松内科循環器科【2:診療所】【診療科目:内科_糖尿病内科_呼吸器内科_循環器内科_消化器内科】大分県由布市挾間町北方７５７番地の３" }, "geometry": { "type": "Point", "coordinates": [ 131.512286, 33.203796 ] } },
{ "type": "Feature", "properties": { "ID": 4421109300000, "正式名称": "南由布クリニック", "機関区分": 2, "都道府県コード": 44, "市区町村コード": 213, "所在地": "大分県由布市湯布院町川北１１１２－４４", "緯度": 33.255318, "経度": 131.346829, "url": "https://www.iryou.teikyouseido.mhlw.go.jp/znk-web/juminkanja/S2430/initialize?prefCd=44&kikanCd=1109300000&kikanKbn=2", "url2": "https://www.dai-seikai.net/", "内容": "南由布クリニック【2:診療所】【診療科目:内科_小児科】大分県由布市湯布院町川北１１１２－４４" }, "geometry": { "type": "Point", "coordinates": [ 131.346829, 33.255318 ] } },
{ "type": "Feature", "properties": { "ID": 4421109400000, "正式名称": "宮崎医院", "機関区分": 2, "都道府県コード": 44, "市区町村コード": 213, "所在地": "大分県由布市庄内町大龍２３５７－１", "緯度": 33.180378, "経度": 131.447857, "url": "https://www.iryou.teikyouseido.mhlw.go.jp/znk-web/juminkanja/S2430/initialize?prefCd=44&kikanCd=1109400000&kikanKbn=2", "url2": null, "内容": "宮崎医院【2:診療所】【診療科目:内科_整形外科_小児科】大分県由布市庄内町大龍２３５７－１" }, "geometry": { "type": "Point", "coordinates": [ 131.447857, 33.180378 ] } },
{ "type": "Feature", "properties": { "ID": 4421109600000, "正式名称": "森本整形外科クリニック", "機関区分": 2, "都道府県コード": 44, "市区町村コード": 213, "所在地": "大分県由布市挾間町挾間２６７番地", "緯度": 33.204041, "経度": 131.517966, "url": "https://www.iryou.teikyouseido.mhlw.go.jp/znk-web/juminkanja/S2430/initialize?prefCd=44&kikanCd=1109600000&kikanKbn=2", "url2": "https://morimotoseikei-cl.com/", "内容": "森本整形外科クリニック【2:診療所】【診療科目:整形外科_リハビリテーション科】大分県由布市挾間町挾間２６７番地" }, "geometry": { "type": "Point", "coordinates": [ 131.517966, 33.204041 ] } },
{ "type": "Feature", "properties": { "ID": 4421109900000, "正式名称": "朝倉内科医院", "機関区分": 2, "都道府県コード": 44, "市区町村コード": 214, "所在地": "大分県国東市安岐町中園４００", "緯度": 33.465148, "経度": 131.693124, "url": "https://www.iryou.teikyouseido.mhlw.go.jp/znk-web/juminkanja/S2430/initialize?prefCd=44&kikanCd=1109900000&kikanKbn=2", "url2": null, "内容": "朝倉内科医院【2:診療所】【診療科目:内科_呼吸器内科_循環器内科_消化器内科_胃腸内科】大分県国東市安岐町中園４００" }, "geometry": { "type": "Point", "coordinates": [ 131.693124, 33.465148 ] } },
{ "type": "Feature", "properties": { "ID": 4421110000000, "正式名称": "あさひクリニック", "機関区分": 2, "都道府県コード": 44, "市区町村コード": 214, "所在地": "大分県国東市国東町綱井４３２番地７", "緯度": 33.526375, "経度": 131.726695, "url": "https://www.iryou.teikyouseido.mhlw.go.jp/znk-web/juminkanja/S2430/initialize?prefCd=44&kikanCd=1110000000&kikanKbn=2", "url2": null, "内容": "あさひクリニック【2:診療所】【診療科目:内科_消化器内科_外科_小児科_リハビリテーション科】大分県国東市国東町綱井４３２番地７" }, "geometry": { "type": "Point", "coordinates": [ 131.726695, 33.526375 ] } },
{ "type": "Feature", "properties": { "ID": 4421110200000, "正式名称": "牛嶋内科クリニック", "機関区分": 2, "都道府県コード": 44, "市区町村コード": 214, "所在地": "大分県国東市武蔵町古市８９番地", "緯度": 33.501354, "経度": 131.722182, "url": "https://www.iryou.teikyouseido.mhlw.go.jp/znk-web/juminkanja/S2430/initialize?prefCd=44&kikanCd=1110200000&kikanKbn=2", "url2": null, "内容": "牛嶋内科クリニック【2:診療所】【診療科目:内科_呼吸器内科_消化器内科】大分県国東市武蔵町古市８９番地" }, "geometry": { "type": "Point", "coordinates": [ 131.722182, 33.501354 ] } },
{ "type": "Feature", "properties": { "ID": 4421110700000, "正式名称": "国東中央クリニック", "機関区分": 2, "都道府県コード": 44, "市区町村コード": 214, "所在地": "大分県国東市国東町北江３２４５－４", "緯度": 33.587983, "経度": 131.723011, "url": "https://www.iryou.teikyouseido.mhlw.go.jp/znk-web/juminkanja/S2430/initialize?prefCd=44&kikanCd=1110700000&kikanKbn=2", "url2": "http://www.kunisakityuouclinic.dr-clinic.jp/", "内容": "国東中央クリニック【2:診療所】【診療科目:内科_呼吸器内科_循環器内科_消化器内科_小児科_心療内科_リハビリテーション科】大分県国東市国東町北江３２４５－４" }, "geometry": { "type": "Point", "coordinates": [ 131.723011, 33.587983 ] } },
{ "type": "Feature", "properties": { "ID": 4421110800000, "正式名称": "定村内科医院", "機関区分": 2, "都道府県コード": 44, "市区町村コード": 214, "所在地": "大分県国東市安岐町塩屋１１４番地１", "緯度": 33.459632, "経度": 131.71894, "url": "https://www.iryou.teikyouseido.mhlw.go.jp/znk-web/juminkanja/S2430/initialize?prefCd=44&kikanCd=1110800000&kikanKbn=2", "url2": null, "内容": "定村内科医院【2:診療所】【診療科目:内科_循環器内科_消化器内科】大分県国東市安岐町塩屋１１４番地１" }, "geometry": { "type": "Point", "coordinates": [ 131.71894, 33.459632 ] } },
{ "type": "Feature", "properties": { "ID": 4421110900000, "正式名称": "医療法人鶴玲会　末綱クリニック", "機関区分": 2, "都道府県コード": 44, "市区町村コード": 214, "所在地": "大分県国東市国東町田深６６５番地４", "緯度": 33.56848, "経度": 131.728596, "url": "https://www.iryou.teikyouseido.mhlw.go.jp/znk-web/juminkanja/S2430/initialize?prefCd=44&kikanCd=1110900000&kikanKbn=2", "url2": "http://www.suetsuna-clinic.jp/", "内容": "医療法人鶴玲会　末綱クリニック【2:診療所】【診療科目:内科_感染症内科_糖尿病内科_糖尿病・内分泌内科_呼吸器内科_老年・呼吸器内科_循環器内科_心臓内科_消化器内科_胃腸内科_腎臓内科_肝臓内科_漢方内科_老年内科_内視鏡内科_アレルギー疾患内科_心療内科_アレルギー科_リハビリテーション科_放射線科】大分県国東市国東町田深６６５番地４" }, "geometry": { "type": "Point", "coordinates": [ 131.728596, 33.56848 ] } },
{ "type": "Feature", "properties": { "ID": 4421111300000, "正式名称": "富来Ｋ．クリニック", "機関区分": 2, "都道府県コード": 44, "市区町村コード": 214, "所在地": "大分県国東市国東町富来浦１７８８－１３", "緯度": 33.600193, "経度": 131.712432, "url": "https://www.iryou.teikyouseido.mhlw.go.jp/znk-web/juminkanja/S2430/initialize?prefCd=44&kikanCd=1111300000&kikanKbn=2", "url2": null, "内容": "富来Ｋ．クリニック【2:診療所】【診療科目:内科_循環器内科_消化器内科_外科_肛門外科_整形外科_形成外科_小児科_皮膚科_リハビリテーション科】大分県国東市国東町富来浦１７８８－１３" }, "geometry": { "type": "Point", "coordinates": [ 131.712432, 33.600193 ] } },
{ "type": "Feature", "properties": { "ID": 4421111500000, "正式名称": "はるかぜ醫院", "機関区分": 2, "都道府県コード": 44, "市区町村コード": 214, "所在地": "大分県国東市国見町大熊毛字花開１８２番地", "緯度": 33.657334, "経度": 131.649952, "url": "https://www.iryou.teikyouseido.mhlw.go.jp/znk-web/juminkanja/S2430/initialize?prefCd=44&kikanCd=1111500000&kikanKbn=2", "url2": "harukaze-med.jp", "内容": "はるかぜ醫院【2:診療所】【診療科目:内科_糖尿病・内分泌内科_糖尿病・代謝内科_循環器内科_消化器内科_小児科_皮膚科_リハビリテーション科_放射線科】大分県国東市国見町大熊毛字花開１８２番地" }, "geometry": { "type": "Point", "coordinates": [ 131.649952, 33.657334 ] } },
{ "type": "Feature", "properties": { "ID": 4421111700000, "正式名称": "福永胃腸科外科医院", "機関区分": 2, "都道府県コード": 44, "市区町村コード": 214, "所在地": "大分県国東市国東町鶴川", "緯度": 33.561325, "経度": 131.73616, "url": "https://www.iryou.teikyouseido.mhlw.go.jp/znk-web/juminkanja/S2430/initialize?prefCd=44&kikanCd=1111700000&kikanKbn=2", "url2": null, "内容": "福永胃腸科外科医院【2:診療所】【診療科目:内科_胃腸内科_外科_消化器外科_肛門外科_内視鏡外科_整形外科_リハビリテーション科_麻酔科】大分県国東市国東町鶴川" }, "geometry": { "type": "Point", "coordinates": [ 131.73616, 33.561325 ] } },
{ "type": "Feature", "properties": { "ID": 4421111800000, "正式名称": "堀田医院", "機関区分": 2, "都道府県コード": 44, "市区町村コード": 214, "所在地": "大分県国東市国見町伊美２６４１番地１", "緯度": 33.684247, "経度": 131.598315, "url": "https://www.iryou.teikyouseido.mhlw.go.jp/znk-web/juminkanja/S2430/initialize?prefCd=44&kikanCd=1111800000&kikanKbn=2", "url2": "http://www.horita.or.jp/", "内容": "堀田医院【2:診療所】【診療科目:内科_循環器内科_消化器内科_リウマチ科_放射線科】大分県国東市国見町伊美２６４１番地１" }, "geometry": { "type": "Point", "coordinates": [ 131.598315, 33.684247 ] } },
{ "type": "Feature", "properties": { "ID": 4421112100000, "正式名称": "むさし整形外科医院", "機関区分": 2, "都道府県コード": 44, "市区町村コード": 214, "所在地": "大分県国東市武蔵町古市１４８", "緯度": 33.502109, "経度": 131.726678, "url": "https://www.iryou.teikyouseido.mhlw.go.jp/znk-web/juminkanja/S2430/initialize?prefCd=44&kikanCd=1112100000&kikanKbn=2", "url2": "https://kouyou-kai.or.jp/", "内容": "むさし整形外科医院【2:診療所】【診療科目:整形外科_リハビリテーション科_麻酔科】大分県国東市武蔵町古市１４８" }, "geometry": { "type": "Point", "coordinates": [ 131.726678, 33.502109 ] } },
{ "type": "Feature", "properties": { "ID": 4421112200000, "正式名称": "メープル尽クリニック", "機関区分": 2, "都道府県コード": 44, "市区町村コード": 214, "所在地": "大分県国東市安岐町下原３８１番地１", "緯度": 33.474734, "経度": 131.718799, "url": "https://www.iryou.teikyouseido.mhlw.go.jp/znk-web/juminkanja/S2430/initialize?prefCd=44&kikanCd=1112200000&kikanKbn=2", "url2": null, "内容": "メープル尽クリニック【2:診療所】【診療科目:内科_消化器内科_腎臓内科_人工透析内科_心臓血管外科】大分県国東市安岐町下原３８１番地１" }, "geometry": { "type": "Point", "coordinates": [ 131.718799, 33.474734 ] } },
{ "type": "Feature", "properties": { "ID": 4421112400000, "正式名称": "江本眼科", "機関区分": 2, "都道府県コード": 44, "市区町村コード": 341, "所在地": "大分県速見郡日出町日出町３７２８番地１", "緯度": 33.372234, "経度": 131.533506, "url": "https://www.iryou.teikyouseido.mhlw.go.jp/znk-web/juminkanja/S2430/initialize?prefCd=44&kikanCd=1112400000&kikanKbn=2", "url2": null, "内容": "江本眼科【2:診療所】【診療科目:眼科】大分県速見郡日出町日出町３７２８番地１" }, "geometry": { "type": "Point", "coordinates": [ 131.533506, 33.372234 ] } },
{ "type": "Feature", "properties": { "ID": 4421112600000, "正式名称": "岡田内科クリニック", "機関区分": 2, "都道府県コード": 44, "市区町村コード": 341, "所在地": "大分県速見郡日出町日出町３９０２番地２", "緯度": 33.374181, "経度": 131.529914, "url": "https://www.iryou.teikyouseido.mhlw.go.jp/znk-web/juminkanja/S2430/initialize?prefCd=44&kikanCd=1112600000&kikanKbn=2", "url2": null, "内容": "岡田内科クリニック【2:診療所】【診療科目:内科_糖尿病内科_脂質代謝内科_呼吸器内科_循環器内科_消化器内科】大分県速見郡日出町日出町３９０２番地２" }, "geometry": { "type": "Point", "coordinates": [ 131.529914, 33.374181 ] } },
{ "type": "Feature", "properties": { "ID": 4421112700000, "正式名称": "金田耳鼻咽喉科医院", "機関区分": 2, "都道府県コード": 44, "市区町村コード": 341, "所在地": "大分県速見郡日出町３８３４番地９", "緯度": 33.374764, "経度": 131.530305, "url": "https://www.iryou.teikyouseido.mhlw.go.jp/znk-web/juminkanja/S2430/initialize?prefCd=44&kikanCd=1112700000&kikanKbn=2", "url2": null, "内容": "金田耳鼻咽喉科医院【2:診療所】【診療科目:耳鼻いんこう科】大分県速見郡日出町３８３４番地９" }, "geometry": { "type": "Point", "coordinates": [ 131.530305, 33.374764 ] } },
{ "type": "Feature", "properties": { "ID": 4421113100000, "正式名称": "こうまつ循環器科内科クリニック", "機関区分": 2, "都道府県コード": 44, "市区町村コード": 341, "所在地": "大分県速見郡日出町３８５２番地６", "緯度": 33.375068, "経度": 131.531861, "url": "https://www.iryou.teikyouseido.mhlw.go.jp/znk-web/juminkanja/S2430/initialize?prefCd=44&kikanCd=1113100000&kikanKbn=2", "url2": "http://koumatu.or.jp", "内容": "こうまつ循環器科内科クリニック【2:診療所】【診療科目:内科_循環器内科_腎臓内科_人工透析内科】大分県速見郡日出町３８５２番地６" }, "geometry": { "type": "Point", "coordinates": [ 131.531861, 33.375068 ] } },
{ "type": "Feature", "properties": { "ID": 4421113200000, "正式名称": "酒井医院", "機関区分": 2, "都道府県コード": 44, "市区町村コード": 341, "所在地": "大分県速見郡日出町豊岡７５５－３", "緯度": 33.365437, "経度": 131.506059, "url": "https://www.iryou.teikyouseido.mhlw.go.jp/znk-web/juminkanja/S2430/initialize?prefCd=44&kikanCd=1113200000&kikanKbn=2", "url2": null, "内容": "酒井医院【2:診療所】【診療科目:内科】大分県速見郡日出町豊岡７５５－３" }, "geometry": { "type": "Point", "coordinates": [ 131.506059, 33.365437 ] } },
{ "type": "Feature", "properties": { "ID": 4421113700000, "正式名称": "土屋会八重眼科医院", "機関区分": 2, "都道府県コード": 44, "市区町村コード": 341, "所在地": "大分県速見郡日出町川崎字角力田３－１", "緯度": 33.373729, "経度": 131.538047, "url": "https://www.iryou.teikyouseido.mhlw.go.jp/znk-web/juminkanja/S2430/initialize?prefCd=44&kikanCd=1113700000&kikanKbn=2", "url2": "http://yaeganka.blue.coocan.jp/", "内容": "土屋会八重眼科医院【2:診療所】【診療科目:眼科】大分県速見郡日出町川崎字角力田３－１" }, "geometry": { "type": "Point", "coordinates": [ 131.538047, 33.373729 ] } },
{ "type": "Feature", "properties": { "ID": 4421113800000, "正式名称": "てしまこどもの杜クリニック", "機関区分": 2, "都道府県コード": 44, "市区町村コード": 341, "所在地": "大分県速見郡日出町３９０２番地３", "緯度": 33.374177, "経度": 131.530187, "url": "https://www.iryou.teikyouseido.mhlw.go.jp/znk-web/juminkanja/S2430/initialize?prefCd=44&kikanCd=1113800000&kikanKbn=2", "url2": null, "内容": "てしまこどもの杜クリニック【2:診療所】【診療科目:内科_小児科_アレルギー科】大分県速見郡日出町３９０２番地３" }, "geometry": { "type": "Point", "coordinates": [ 131.530187, 33.374177 ] } },
{ "type": "Feature", "properties": { "ID": 4421114000000, "正式名称": "日出中央医院", "機関区分": 2, "都道府県コード": 44, "市区町村コード": 341, "所在地": "大分県速見郡日出町３４７０番地８", "緯度": 33.373635, "経度": 131.537011, "url": "https://www.iryou.teikyouseido.mhlw.go.jp/znk-web/juminkanja/S2430/initialize?prefCd=44&kikanCd=1114000000&kikanKbn=2", "url2": null, "内容": "日出中央医院【2:診療所】【診療科目:内科_麻酔科】大分県速見郡日出町３４７０番地８" }, "geometry": { "type": "Point", "coordinates": [ 131.537011, 33.373635 ] } },
{ "type": "Feature", "properties": { "ID": 4421114100000, "正式名称": "松本整形外科クリニック", "機関区分": 2, "都道府県コード": 44, "市区町村コード": 341, "所在地": "大分県速見郡日出町３８７０－３", "緯度": 33.374155, "経度": 131.534243, "url": "https://www.iryou.teikyouseido.mhlw.go.jp/znk-web/juminkanja/S2430/initialize?prefCd=44&kikanCd=1114100000&kikanKbn=2", "url2": null, "内容": "松本整形外科クリニック【2:診療所】【診療科目:整形外科_リウマチ科_リハビリテーション科】大分県速見郡日出町３８７０－３" }, "geometry": { "type": "Point", "coordinates": [ 131.534243, 33.374155 ] } },
{ "type": "Feature", "properties": { "ID": 4421114300000, "正式名称": "すがこどもクリニック", "機関区分": 2, "都道府県コード": 44, "市区町村コード": 341, "所在地": "大分県速見郡日出町大字豊岡６１００−２５１", "緯度": 33.3711, "経度": 131.514947, "url": "https://www.iryou.teikyouseido.mhlw.go.jp/znk-web/juminkanja/S2430/initialize?prefCd=44&kikanCd=1114300000&kikanKbn=2", "url2": "http://suga-codomo-clinic.com", "内容": "すがこどもクリニック【2:診療所】【診療科目:内科_小児科】大分県速見郡日出町大字豊岡６１００−２５１" }, "geometry": { "type": "Point", "coordinates": [ 131.514947, 33.3711 ] } },
{ "type": "Feature", "properties": { "ID": 4421114500000, "正式名称": "吉岡内科医院", "機関区分": 2, "都道府県コード": 44, "市区町村コード": 341, "所在地": "大分県速見郡日出町川崎５２４０番地５", "緯度": 33.362161, "経度": 131.548716, "url": "https://www.iryou.teikyouseido.mhlw.go.jp/znk-web/juminkanja/S2430/initialize?prefCd=44&kikanCd=1114500000&kikanKbn=2", "url2": null, "内容": "吉岡内科医院【2:診療所】【診療科目:内科_消化器内科_リウマチ科】大分県速見郡日出町川崎５２４０番地５" }, "geometry": { "type": "Point", "coordinates": [ 131.548716, 33.362161 ] } },
{ "type": "Feature", "properties": { "ID": 4421114600000, "正式名称": "医療法人　井上医院", "機関区分": 2, "都道府県コード": 44, "市区町村コード": 461, "所在地": "大分県玖珠郡九重町大字恵良５９２番地", "緯度": 33.256687, "経度": 131.176833, "url": "https://www.iryou.teikyouseido.mhlw.go.jp/znk-web/juminkanja/S2430/initialize?prefCd=44&kikanCd=1114600000&kikanKbn=2", "url2": null, "内容": "医療法人　井上医院【2:診療所】【診療科目:内科_消化器内科_外科】大分県玖珠郡九重町大字恵良５９２番地" }, "geometry": { "type": "Point", "coordinates": [ 131.176833, 33.256687 ] } },
{ "type": "Feature", "properties": { "ID": 4421114800000, "正式名称": "友成医院", "機関区分": 2, "都道府県コード": 44, "市区町村コード": 461, "所在地": "大分県玖珠郡九重町大字町田５５７番地の１", "緯度": 33.21953, "経度": 131.174168, "url": "https://www.iryou.teikyouseido.mhlw.go.jp/znk-web/juminkanja/S2430/initialize?prefCd=44&kikanCd=1114800000&kikanKbn=2", "url2": null, "内容": "友成医院【2:診療所】【診療科目:内科_胃腸内科_外科_肛門外科_小児科_皮膚科】大分県玖珠郡九重町大字町田５５７番地の１" }, "geometry": { "type": "Point", "coordinates": [ 131.174168, 33.21953 ] } },
{ "type": "Feature", "properties": { "ID": 4421114900000, "正式名称": "飯田高原診療所", "機関区分": 2, "都道府県コード": 44, "市区町村コード": 461, "所在地": "大分県玖珠郡九重町大字田野１２７１", "緯度": 33.166483, "経度": 131.220541, "url": "https://www.iryou.teikyouseido.mhlw.go.jp/znk-web/juminkanja/S2430/initialize?prefCd=44&kikanCd=1114900000&kikanKbn=2", "url2": null, "内容": "飯田高原診療所【2:診療所】【診療科目:内科_外科_小児科】大分県玖珠郡九重町大字田野１２７１" }, "geometry": { "type": "Point", "coordinates": [ 131.220541, 33.166483 ] } },
{ "type": "Feature", "properties": { "ID": 4421115000000, "正式名称": "医療法人　豊山会　矢原医院", "機関区分": 2, "都道府県コード": 44, "市区町村コード": 461, "所在地": "大分県玖珠郡九重町右田１０２８－１１", "緯度": 33.22643, "経度": 131.20344, "url": "https://www.iryou.teikyouseido.mhlw.go.jp/znk-web/juminkanja/S2430/initialize?prefCd=44&kikanCd=1115000000&kikanKbn=2", "url2": null, "内容": "医療法人　豊山会　矢原医院【2:診療所】【診療科目:内科_胃腸内科_外科_整形外科_小児科_皮膚科_泌尿器科】大分県玖珠郡九重町右田１０２８－１１" }, "geometry": { "type": "Point", "coordinates": [ 131.20344, 33.22643 ] } },
{ "type": "Feature", "properties": { "ID": 4421115200000, "正式名称": "麻生消化器科内科", "機関区分": 2, "都道府県コード": 44, "市区町村コード": 462, "所在地": "大分県玖珠郡玖珠町大字山田２２８９－１", "緯度": 33.278772, "経度": 131.138477, "url": "https://www.iryou.teikyouseido.mhlw.go.jp/znk-web/juminkanja/S2430/initialize?prefCd=44&kikanCd=1115200000&kikanKbn=2", "url2": null, "内容": "麻生消化器科内科【2:診療所】【診療科目:内科_消化器内科_小児科】大分県玖珠郡玖珠町大字山田２２８９－１" }, "geometry": { "type": "Point", "coordinates": [ 131.138477, 33.278772 ] } },
{ "type": "Feature", "properties": { "ID": 4421115300000, "正式名称": "小野眼科医院", "機関区分": 2, "都道府県コード": 44, "市区町村コード": 462, "所在地": "大分県玖珠郡玖珠町大字塚脇１７１番地の３", "緯度": 33.276844, "経度": 131.148758, "url": "https://www.iryou.teikyouseido.mhlw.go.jp/znk-web/juminkanja/S2430/initialize?prefCd=44&kikanCd=1115300000&kikanKbn=2", "url2": null, "内容": "小野眼科医院【2:診療所】【診療科目:眼科】大分県玖珠郡玖珠町大字塚脇１７１番地の３" }, "geometry": { "type": "Point", "coordinates": [ 131.148758, 33.276844 ] } },
{ "type": "Feature", "properties": { "ID": 4421115400000, "正式名称": "北山田クリニック", "機関区分": 2, "都道府県コード": 44, "市区町村コード": 462, "所在地": "大分県玖珠郡玖珠町大字戸畑１６６７番地の１", "緯度": 33.281925, "経度": 131.101672, "url": "https://www.iryou.teikyouseido.mhlw.go.jp/znk-web/juminkanja/S2430/initialize?prefCd=44&kikanCd=1115400000&kikanKbn=2", "url2": null, "内容": "北山田クリニック【2:診療所】【診療科目:内科_外科】大分県玖珠郡玖珠町大字戸畑１６６７番地の１" }, "geometry": { "type": "Point", "coordinates": [ 131.101672, 33.281925 ] } },
{ "type": "Feature", "properties": { "ID": 4421115500000, "正式名称": "玖珠耳鼻咽喉科医院", "機関区分": 2, "都道府県コード": 44, "市区町村コード": 462, "所在地": "大分県玖珠郡玖珠町帆足２２２－４", "緯度": 33.283956, "経度": 131.150354, "url": "https://www.iryou.teikyouseido.mhlw.go.jp/znk-web/juminkanja/S2430/initialize?prefCd=44&kikanCd=1115500000&kikanKbn=2", "url2": null, "内容": "玖珠耳鼻咽喉科医院【2:診療所】【診療科目:耳鼻いんこう科】大分県玖珠郡玖珠町帆足２２２－４" }, "geometry": { "type": "Point", "coordinates": [ 131.150354, 33.283956 ] } },
{ "type": "Feature", "properties": { "ID": 4421115900000, "正式名称": "長内科小児科胃腸科医院", "機関区分": 2, "都道府県コード": 44, "市区町村コード": 462, "所在地": "大分県玖珠郡玖珠町帆足", "緯度": 33.284229, "経度": 131.153164, "url": "https://www.iryou.teikyouseido.mhlw.go.jp/znk-web/juminkanja/S2430/initialize?prefCd=44&kikanCd=1115900000&kikanKbn=2", "url2": null, "内容": "長内科小児科胃腸科医院【2:診療所】【診療科目:内科_胃腸内科_小児科】大分県玖珠郡玖珠町帆足" }, "geometry": { "type": "Point", "coordinates": [ 131.153164, 33.284229 ] } },
{ "type": "Feature", "properties": { "ID": 4421116200000, "正式名称": "医療法人　友光会　友成医院", "機関区分": 2, "都道府県コード": 44, "市区町村コード": 462, "所在地": "大分県玖珠郡玖珠町塚脇１２８－２", "緯度": 33.279033, "経度": 131.151361, "url": "https://www.iryou.teikyouseido.mhlw.go.jp/znk-web/juminkanja/S2430/initialize?prefCd=44&kikanCd=1116200000&kikanKbn=2", "url2": null, "内容": "医療法人　友光会　友成医院【2:診療所】【診療科目:内科_人工透析内科_脳神経外科_小児科_産婦人科_リハビリテーション科_麻酔科】大分県玖珠郡玖珠町塚脇１２８－２" }, "geometry": { "type": "Point", "coordinates": [ 131.151361, 33.279033 ] } },
{ "type": "Feature", "properties": { "ID": 4421116300000, "正式名称": "三池循環器内科クリニック", "機関区分": 2, "都道府県コード": 44, "市区町村コード": 462, "所在地": "大分県玖珠郡玖珠町塚脇", "緯度": 33.275289, "経度": 131.154856, "url": "https://www.iryou.teikyouseido.mhlw.go.jp/znk-web/juminkanja/S2430/initialize?prefCd=44&kikanCd=1116300000&kikanKbn=2", "url2": null, "内容": "三池循環器内科クリニック【2:診療所】【診療科目:内科_循環器内科】大分県玖珠郡玖珠町塚脇" }, "geometry": { "type": "Point", "coordinates": [ 131.154856, 33.275289 ] } },
{ "type": "Feature", "properties": { "ID": 4421116500000, "正式名称": "姫島村国民健康保険診療所", "機関区分": 2, "都道府県コード": 44, "市区町村コード": 322, "所在地": "大分県東国東郡姫島村姫島村一円", "緯度": 33.724322, "経度": 131.646498, "url": "https://www.iryou.teikyouseido.mhlw.go.jp/znk-web/juminkanja/S2430/initialize?prefCd=44&kikanCd=1116500000&kikanKbn=2", "url2": null, "内容": "姫島村国民健康保険診療所【2:診療所】【診療科目:内科_外科_小児科_眼科_歯科_歯科口腔外科】大分県東国東郡姫島村姫島村一円" }, "geometry": { "type": "Point", "coordinates": [ 131.646498, 33.724322 ] } },
{ "type": "Feature", "properties": { "ID": 4422004200000, "正式名称": "つつみ泌尿器科医院", "機関区分": 2, "都道府県コード": 44, "市区町村コード": 205, "所在地": "大分県佐伯市城下西町１－１２", "緯度": 32.95795, "経度": 131.894689, "url": "https://www.iryou.teikyouseido.mhlw.go.jp/znk-web/juminkanja/S2430/initialize?prefCd=44&kikanCd=2004200000&kikanKbn=2", "url2": null, "内容": "つつみ泌尿器科医院【2:診療所】【診療科目:腎臓内科_人工透析内科_泌尿器科】大分県佐伯市城下西町１－１２" }, "geometry": { "type": "Point", "coordinates": [ 131.894689, 32.95795 ] } },
{ "type": "Feature", "properties": { "ID": 4422004300000, "正式名称": "こころの先生クリニック", "機関区分": 2, "都道府県コード": 44, "市区町村コード": 201, "所在地": "大分県大分市大在中央１－１２－４メゾン芦刈２Ｆ", "緯度": 33.245561, "経度": 131.720774, "url": "https://www.iryou.teikyouseido.mhlw.go.jp/znk-web/juminkanja/S2430/initialize?prefCd=44&kikanCd=2004300000&kikanKbn=2", "url2": "http://www.kokorono-clinic.com/", "内容": "こころの先生クリニック【2:診療所】【診療科目:内科_精神科_心療内科】大分県大分市大在中央１－１２－４メゾン芦刈２Ｆ" }, "geometry": { "type": "Point", "coordinates": [ 131.720774, 33.245561 ] } },
{ "type": "Feature", "properties": { "ID": 4422005100000, "正式名称": "星野泌尿器科医院", "機関区分": 2, "都道府県コード": 44, "市区町村コード": 201, "所在地": "大分県大分市今津留三丁目２番１号", "緯度": 33.241442, "経度": 131.627456, "url": "https://www.iryou.teikyouseido.mhlw.go.jp/znk-web/juminkanja/S2430/initialize?prefCd=44&kikanCd=2005100000&kikanKbn=2", "url2": null, "内容": "星野泌尿器科医院【2:診療所】【診療科目:泌尿器科】大分県大分市今津留三丁目２番１号" }, "geometry": { "type": "Point", "coordinates": [ 131.627456, 33.241442 ] } },
{ "type": "Feature", "properties": { "ID": 4422005700000, "正式名称": "はら小児科", "機関区分": 2, "都道府県コード": 44, "市区町村コード": 201, "所在地": "大分県大分市中戸次４８４０－２３", "緯度": 33.152279, "経度": 131.658631, "url": "https://www.iryou.teikyouseido.mhlw.go.jp/znk-web/juminkanja/S2430/initialize?prefCd=44&kikanCd=2005700000&kikanKbn=2", "url2": "http://www.hara-kids.com/", "内容": "はら小児科【2:診療所】【診療科目:小児科】大分県大分市中戸次４８４０－２３" }, "geometry": { "type": "Point", "coordinates": [ 131.658631, 33.152279 ] } },
{ "type": "Feature", "properties": { "ID": 4422005800000, "正式名称": "アロハ　クリニック", "機関区分": 2, "都道府県コード": 44, "市区町村コード": 202, "所在地": "大分県別府市鶴見３丁目２５番２１　１０１号", "緯度": 33.301735, "経度": 131.476543, "url": "https://www.iryou.teikyouseido.mhlw.go.jp/znk-web/juminkanja/S2430/initialize?prefCd=44&kikanCd=2005800000&kikanKbn=2", "url2": null, "内容": "アロハ　クリニック【2:診療所】【診療科目:内科_皮膚科_アレルギー科】大分県別府市鶴見３丁目２５番２１　１０１号" }, "geometry": { "type": "Point", "coordinates": [ 131.476543, 33.301735 ] } },
{ "type": "Feature", "properties": { "ID": 4422005900000, "正式名称": "しまざき耳鼻咽喉科", "機関区分": 2, "都道府県コード": 44, "市区町村コード": 202, "所在地": "大分県別府市大畑２－２", "緯度": 33.303614, "経度": 131.475921, "url": "https://www.iryou.teikyouseido.mhlw.go.jp/znk-web/juminkanja/S2430/initialize?prefCd=44&kikanCd=2005900000&kikanKbn=2", "url2": null, "内容": "しまざき耳鼻咽喉科【2:診療所】【診療科目:耳鼻いんこう科_アレルギー科】大分県別府市大畑２－２" }, "geometry": { "type": "Point", "coordinates": [ 131.475921, 33.303614 ] } },
{ "type": "Feature", "properties": { "ID": 4422006100000, "正式名称": "明和整形外科醫院", "機関区分": 2, "都道府県コード": 44, "市区町村コード": 201, "所在地": "大分県大分市毛井２７９－３", "緯度": 33.189516, "経度": 131.671905, "url": "https://www.iryou.teikyouseido.mhlw.go.jp/znk-web/juminkanja/S2430/initialize?prefCd=44&kikanCd=2006100000&kikanKbn=2", "url2": null, "内容": "明和整形外科醫院【2:診療所】【診療科目:整形外科_リハビリテーション科】大分県大分市毛井２７９－３" }, "geometry": { "type": "Point", "coordinates": [ 131.671905, 33.189516 ] } },
{ "type": "Feature", "properties": { "ID": 4422006200000, "正式名称": "医療法人カーサミア　やまおか在宅クリニック", "機関区分": 2, "都道府県コード": 44, "市区町村コード": 201, "所在地": "大分県大分市東大道３丁目６２－５", "緯度": 33.227711, "経度": 131.599773, "url": "https://www.iryou.teikyouseido.mhlw.go.jp/znk-web/juminkanja/S2430/initialize?prefCd=44&kikanCd=2006200000&kikanKbn=2", "url2": "http://www.home-clinic.jp/", "内容": "医療法人カーサミア　やまおか在宅クリニック【2:診療所】【診療科目:内科_緩和ケア内科_緩和ケア外科】大分県大分市東大道３丁目６２－５" }, "geometry": { "type": "Point", "coordinates": [ 131.599773, 33.227711 ] } },
{ "type": "Feature", "properties": { "ID": 4422006600000, "正式名称": "竹田市立こども診療所", "機関区分": 2, "都道府県コード": 44, "市区町村コード": 208, "所在地": "大分県竹田市玉来２番地６", "緯度": 32.959292, "経度": 131.383011, "url": "https://www.iryou.teikyouseido.mhlw.go.jp/znk-web/juminkanja/S2430/initialize?prefCd=44&kikanCd=2006600000&kikanKbn=2", "url2": "https://www.city.taketa.oita.jp/soshiki/hokenkenkoka/clinic/index.html", "内容": "竹田市立こども診療所【2:診療所】【診療科目:小児科】大分県竹田市玉来２番地６" }, "geometry": { "type": "Point", "coordinates": [ 131.383011, 32.959292 ] } },
{ "type": "Feature", "properties": { "ID": 4422006700000, "正式名称": "立川眼科", "機関区分": 2, "都道府県コード": 44, "市区町村コード": 213, "所在地": "大分県由布市挾間町挾間２７６番地２", "緯度": 33.203967, "経度": 131.518418, "url": "https://www.iryou.teikyouseido.mhlw.go.jp/znk-web/juminkanja/S2430/initialize?prefCd=44&kikanCd=2006700000&kikanKbn=2", "url2": "http://www.tazeye.jp/", "内容": "立川眼科【2:診療所】【診療科目:眼科】大分県由布市挾間町挾間２７６番地２" }, "geometry": { "type": "Point", "coordinates": [ 131.518418, 33.203967 ] } },
{ "type": "Feature", "properties": { "ID": 4422007000000, "正式名称": "臼杵内科リハビリテーション医院", "機関区分": 2, "都道府県コード": 44, "市区町村コード": 206, "所在地": "大分県臼杵市市浜６９４－１", "緯度": 33.122744, "経度": 131.79388, "url": "https://www.iryou.teikyouseido.mhlw.go.jp/znk-web/juminkanja/S2430/initialize?prefCd=44&kikanCd=2007000000&kikanKbn=2", "url2": null, "内容": "臼杵内科リハビリテーション医院【2:診療所】【診療科目:内科_循環器内科_消化器内科_腎臓内科_老年内科_リハビリテーション科】大分県臼杵市市浜６９４－１" }, "geometry": { "type": "Point", "coordinates": [ 131.79388, 33.122744 ] } },
{ "type": "Feature", "properties": { "ID": 4422007300000, "正式名称": "おおが耳鼻咽喉科クリニック", "機関区分": 2, "都道府県コード": 44, "市区町村コード": 201, "所在地": "大分県大分市庄境２－１０", "緯度": 33.241344, "経度": 131.705818, "url": "https://www.iryou.teikyouseido.mhlw.go.jp/znk-web/juminkanja/S2430/initialize?prefCd=44&kikanCd=2007300000&kikanKbn=2", "url2": "http://www.ohga-ent.jp/", "内容": "おおが耳鼻咽喉科クリニック【2:診療所】【診療科目:耳鼻いんこう科】大分県大分市庄境２－１０" }, "geometry": { "type": "Point", "coordinates": [ 131.705818, 33.241344 ] } },
{ "type": "Feature", "properties": { "ID": 4422007400000, "正式名称": "えとう眼科", "機関区分": 2, "都道府県コード": 44, "市区町村コード": 201, "所在地": "大分県大分市明野北", "緯度": 33.226043, "経度": 131.652228, "url": "https://www.iryou.teikyouseido.mhlw.go.jp/znk-web/juminkanja/S2430/initialize?prefCd=44&kikanCd=2007400000&kikanKbn=2", "url2": "eto-eyeclinic.com", "内容": "えとう眼科【2:診療所】【診療科目:眼科】大分県大分市明野北" }, "geometry": { "type": "Point", "coordinates": [ 131.652228, 33.226043 ] } },
{ "type": "Feature", "properties": { "ID": 4422007500000, "正式名称": "ふじしま内科", "機関区分": 2, "都道府県コード": 44, "市区町村コード": 212, "所在地": "大分県豊後大野市三重町市場１２７番地", "緯度": 32.982298, "経度": 131.58646, "url": "https://www.iryou.teikyouseido.mhlw.go.jp/znk-web/juminkanja/S2430/initialize?prefCd=44&kikanCd=2007500000&kikanKbn=2", "url2": "https://www.naikafujishima.com/", "内容": "ふじしま内科【2:診療所】【診療科目:内科_糖尿病内科_呼吸器内科_循環器内科_消化器内科_小児科_リハビリテーション科】大分県豊後大野市三重町市場１２７番地" }, "geometry": { "type": "Point", "coordinates": [ 131.58646, 32.982298 ] } },
{ "type": "Feature", "properties": { "ID": 4422007600000, "正式名称": "垣迫胃腸クリニック", "機関区分": 2, "都道府県コード": 44, "市区町村コード": 201, "所在地": "大分県大分市金池南２丁目３番３号", "緯度": 33.229781, "経度": 131.607724, "url": "https://www.iryou.teikyouseido.mhlw.go.jp/znk-web/juminkanja/S2430/initialize?prefCd=44&kikanCd=2007600000&kikanKbn=2", "url2": "http://www.kakisako-cl.com/", "内容": "垣迫胃腸クリニック【2:診療所】【診療科目:内科_消化器内科_胃腸内科_外科_肛門外科_内視鏡外科】大分県大分市金池南２丁目３番３号" }, "geometry": { "type": "Point", "coordinates": [ 131.607724, 33.229781 ] } },
{ "type": "Feature", "properties": { "ID": 4422008000000, "正式名称": "平川循環器内科クリニック", "機関区分": 2, "都道府県コード": 44, "市区町村コード": 201, "所在地": "大分県大分市二又町３－３－１３", "緯度": 33.211116, "経度": 131.597607, "url": "https://www.iryou.teikyouseido.mhlw.go.jp/znk-web/juminkanja/S2430/initialize?prefCd=44&kikanCd=2008000000&kikanKbn=2", "url2": "http://www.hirakawa-oita.com", "内容": "平川循環器内科クリニック【2:診療所】【診療科目:内科_脂質代謝内科_循環器内科_心臓内科】大分県大分市二又町３－３－１３" }, "geometry": { "type": "Point", "coordinates": [ 131.597607, 33.211116 ] } },
{ "type": "Feature", "properties": { "ID": 4422008100000, "正式名称": "高木眼科", "機関区分": 2, "都道府県コード": 44, "市区町村コード": 201, "所在地": "大分県大分市賀来西１丁目１３番２４号", "緯度": 33.2134, "経度": 131.558436, "url": "https://www.iryou.teikyouseido.mhlw.go.jp/znk-web/juminkanja/S2430/initialize?prefCd=44&kikanCd=2008100000&kikanKbn=2", "url2": null, "内容": "高木眼科【2:診療所】【診療科目:眼科】大分県大分市賀来西１丁目１３番２４号" }, "geometry": { "type": "Point", "coordinates": [ 131.558436, 33.2134 ] } },
{ "type": "Feature", "properties": { "ID": 4422008300000, "正式名称": "阿南循環器内科クリニック", "機関区分": 2, "都道府県コード": 44, "市区町村コード": 201, "所在地": "大分県大分市大字森５８２番地の１", "緯度": 33.217674, "経度": 131.677828, "url": "https://www.iryou.teikyouseido.mhlw.go.jp/znk-web/juminkanja/S2430/initialize?prefCd=44&kikanCd=2008300000&kikanKbn=2", "url2": null, "内容": "阿南循環器内科クリニック【2:診療所】【診療科目:内科_糖尿病内科_糖尿病・代謝内科_循環器内科】大分県大分市大字森５８２番地の１" }, "geometry": { "type": "Point", "coordinates": [ 131.677828, 33.217674 ] } },
{ "type": "Feature", "properties": { "ID": 4422008500000, "正式名称": "しぶや皮ふ科形成外科", "機関区分": 2, "都道府県コード": 44, "市区町村コード": 201, "所在地": "大分県大分市羽屋新町２ー１ー４０", "緯度": 33.213531, "経度": 131.596524, "url": "https://www.iryou.teikyouseido.mhlw.go.jp/znk-web/juminkanja/S2430/initialize?prefCd=44&kikanCd=2008500000&kikanKbn=2", "url2": null, "内容": "しぶや皮ふ科形成外科【2:診療所】【診療科目:形成外科_皮膚科_美容皮膚科】大分県大分市羽屋新町２ー１ー４０" }, "geometry": { "type": "Point", "coordinates": [ 131.596524, 33.213531 ] } },
{ "type": "Feature", "properties": { "ID": 4422008600000, "正式名称": "荒木医院", "機関区分": 2, "都道府県コード": 44, "市区町村コード": 462, "所在地": "大分県玖珠郡玖珠町大字森９８５番地の４", "緯度": 33.299162, "経度": 131.159368, "url": "https://www.iryou.teikyouseido.mhlw.go.jp/znk-web/juminkanja/S2430/initialize?prefCd=44&kikanCd=2008600000&kikanKbn=2", "url2": null, "内容": "荒木医院【2:診療所】【診療科目:内科_循環器内科_小児科】大分県玖珠郡玖珠町大字森９８５番地の４" }, "geometry": { "type": "Point", "coordinates": [ 131.159368, 33.299162 ] } },
{ "type": "Feature", "properties": { "ID": 4422008900000, "正式名称": "ひろたクリニック", "機関区分": 2, "都道府県コード": 44, "市区町村コード": 213, "所在地": "大分県由布市挾間町北方５７", "緯度": 33.204911, "経度": 131.520878, "url": "https://www.iryou.teikyouseido.mhlw.go.jp/znk-web/juminkanja/S2430/initialize?prefCd=44&kikanCd=2008900000&kikanKbn=2", "url2": null, "内容": "ひろたクリニック【2:診療所】【診療科目:内科_血液内科_精神科_心療内科】大分県由布市挾間町北方５７" }, "geometry": { "type": "Point", "coordinates": [ 131.520878, 33.204911 ] } },
{ "type": "Feature", "properties": { "ID": 4422009000000, "正式名称": "社会医療法人関愛会　三重東クリニック", "機関区分": 2, "都道府県コード": 44, "市区町村コード": 212, "所在地": "大分県豊後大野市三重町小坂４１０９−６１", "緯度": 32.993763, "経度": 131.616704, "url": "https://www.iryou.teikyouseido.mhlw.go.jp/znk-web/juminkanja/S2430/initialize?prefCd=44&kikanCd=2009000000&kikanKbn=2", "url2": "https://miehigashi.sekiaikai.jp", "内容": "社会医療法人関愛会　三重東クリニック【2:診療所】【診療科目:内科_循環器内科_小児科】大分県豊後大野市三重町小坂４１０９−６１" }, "geometry": { "type": "Point", "coordinates": [ 131.616704, 32.993763 ] } },
{ "type": "Feature", "properties": { "ID": 4422009600000, "正式名称": "中央町こころのクリニック", "機関区分": 2, "都道府県コード": 44, "市区町村コード": 201, "所在地": "大分県大分市中央町４丁目２番１６号　サンリラ２Ｆ", "緯度": 33.238813, "経度": 131.603081, "url": "https://www.iryou.teikyouseido.mhlw.go.jp/znk-web/juminkanja/S2430/initialize?prefCd=44&kikanCd=2009600000&kikanKbn=2", "url2": null, "内容": "中央町こころのクリニック【2:診療所】【診療科目:精神科_心療内科】大分県大分市中央町４丁目２番１６号　サンリラ２Ｆ" }, "geometry": { "type": "Point", "coordinates": [ 131.603081, 33.238813 ] } },
{ "type": "Feature", "properties": { "ID": 4422009800000, "正式名称": "レディースクリニック松本醫院", "機関区分": 2, "都道府県コード": 44, "市区町村コード": 211, "所在地": "大分県宇佐市貴船町", "緯度": 33.567707, "経度": 131.368592, "url": "https://www.iryou.teikyouseido.mhlw.go.jp/znk-web/juminkanja/S2430/initialize?prefCd=44&kikanCd=2009800000&kikanKbn=2", "url2": null, "内容": "レディースクリニック松本醫院【2:診療所】【診療科目:内科_婦人科】大分県宇佐市貴船町" }, "geometry": { "type": "Point", "coordinates": [ 131.368592, 33.567707 ] } },
{ "type": "Feature", "properties": { "ID": 4422010100000, "正式名称": "さかい内科医院", "機関区分": 2, "都道府県コード": 44, "市区町村コード": 202, "所在地": "大分県別府市大字鶴見２４９４番地の３", "緯度": 33.303434, "経度": 131.471849, "url": "https://www.iryou.teikyouseido.mhlw.go.jp/znk-web/juminkanja/S2430/initialize?prefCd=44&kikanCd=2010100000&kikanKbn=2", "url2": null, "内容": "さかい内科医院【2:診療所】【診療科目:内科_糖尿病内科_消化器内科_胃腸内科_放射線科】大分県別府市大字鶴見２４９４番地の３" }, "geometry": { "type": "Point", "coordinates": [ 131.471849, 33.303434 ] } },
{ "type": "Feature", "properties": { "ID": 4422010500000, "正式名称": "医療法人真和会　たてわき眼科", "機関区分": 2, "都道府県コード": 44, "市区町村コード": 214, "所在地": "大分県国東市武蔵町糸原２５１７", "緯度": 33.487456, "経度": 131.720849, "url": "https://www.iryou.teikyouseido.mhlw.go.jp/znk-web/juminkanja/S2430/initialize?prefCd=44&kikanCd=2010500000&kikanKbn=2", "url2": null, "内容": "医療法人真和会　たてわき眼科【2:診療所】【診療科目:眼科】大分県国東市武蔵町糸原２５１７" }, "geometry": { "type": "Point", "coordinates": [ 131.720849, 33.487456 ] } },
{ "type": "Feature", "properties": { "ID": 4422010700000, "正式名称": "伊藤循環器内科クリニック", "機関区分": 2, "都道府県コード": 44, "市区町村コード": 205, "所在地": "大分県佐伯市長島町４丁目１番７号", "緯度": 32.955551, "経度": 131.903782, "url": "https://www.iryou.teikyouseido.mhlw.go.jp/znk-web/juminkanja/S2430/initialize?prefCd=44&kikanCd=2010700000&kikanKbn=2", "url2": null, "内容": "伊藤循環器内科クリニック【2:診療所】【診療科目:内科_循環器内科】大分県佐伯市長島町４丁目１番７号" }, "geometry": { "type": "Point", "coordinates": [ 131.903782, 32.955551 ] } },
{ "type": "Feature", "properties": { "ID": 4422011200000, "正式名称": "しん整形外科　リハヒ゛リテーション＆スホ゜ーツクリニック", "機関区分": 2, "都道府県コード": 44, "市区町村コード": 202, "所在地": "大分県別府市東荘園二丁目１３番１４号", "緯度": 33.290979, "経度": 131.486719, "url": "https://www.iryou.teikyouseido.mhlw.go.jp/znk-web/juminkanja/S2430/initialize?prefCd=44&kikanCd=2011200000&kikanKbn=2", "url2": "http://shin-clinic.com/", "内容": "しん整形外科　リハヒ゛リテーション＆スホ゜ーツクリニック【2:診療所】【診療科目:整形外科_リハビリテーション科】大分県別府市東荘園二丁目１３番１４号" }, "geometry": { "type": "Point", "coordinates": [ 131.486719, 33.290979 ] } },
{ "type": "Feature", "properties": { "ID": 4422011600000, "正式名称": "臼杵わかばクリニック", "機関区分": 2, "都道府県コード": 44, "市区町村コード": 206, "所在地": "大分県臼杵市大字江無田字樋の内３２３－１", "緯度": 33.127302, "経度": 131.788357, "url": "https://www.iryou.teikyouseido.mhlw.go.jp/znk-web/juminkanja/S2430/initialize?prefCd=44&kikanCd=2011600000&kikanKbn=2", "url2": null, "内容": "臼杵わかばクリニック【2:診療所】【診療科目:内科_消化器内科_内視鏡内科_外科】大分県臼杵市大字江無田字樋の内３２３－１" }, "geometry": { "type": "Point", "coordinates": [ 131.788357, 33.127302 ] } },
{ "type": "Feature", "properties": { "ID": 4422012500000, "正式名称": "村上眼科", "機関区分": 2, "都道府県コード": 44, "市区町村コード": 201, "所在地": "大分県大分市大道町２丁目７番４号", "緯度": 33.231158, "経度": 131.601706, "url": "https://www.iryou.teikyouseido.mhlw.go.jp/znk-web/juminkanja/S2430/initialize?prefCd=44&kikanCd=2012500000&kikanKbn=2", "url2": "https://tmurakami.wixsite.com/hospital", "内容": "村上眼科【2:診療所】【診療科目:眼科】大分県大分市大道町２丁目７番４号" }, "geometry": { "type": "Point", "coordinates": [ 131.601706, 33.231158 ] } },
{ "type": "Feature", "properties": { "ID": 4422012800000, "正式名称": "明野循環器内科クリニック", "機関区分": 2, "都道府県コード": 44, "市区町村コード": 201, "所在地": "大分県大分市明野東２丁目３３番１１号", "緯度": 33.221656, "経度": 131.659286, "url": "https://www.iryou.teikyouseido.mhlw.go.jp/znk-web/juminkanja/S2430/initialize?prefCd=44&kikanCd=2012800000&kikanKbn=2", "url2": "http://abe-circulation.com", "内容": "明野循環器内科クリニック【2:診療所】【診療科目:内科_循環器内科】大分県大分市明野東２丁目３３番１１号" }, "geometry": { "type": "Point", "coordinates": [ 131.659286, 33.221656 ] } },
{ "type": "Feature", "properties": { "ID": 4422013200000, "正式名称": "工藤クリニック", "機関区分": 2, "都道府県コード": 44, "市区町村コード": 201, "所在地": "大分県大分市要町", "緯度": 33.229902, "経度": 131.609634, "url": "https://www.iryou.teikyouseido.mhlw.go.jp/znk-web/juminkanja/S2430/initialize?prefCd=44&kikanCd=2013200000&kikanKbn=2", "url2": "http://kudo-clinic9100.sakura.ne.jp/", "内容": "工藤クリニック【2:診療所】【診療科目:整形外科_美容皮膚科_リウマチ科_リハビリテーション科】大分県大分市要町" }, "geometry": { "type": "Point", "coordinates": [ 131.609634, 33.229902 ] } },
{ "type": "Feature", "properties": { "ID": 4422013800000, "正式名称": "調枝眼科", "機関区分": 2, "都道府県コード": 44, "市区町村コード": 201, "所在地": "大分県大分市鴛野", "緯度": 33.187494, "経度": 131.6165, "url": "https://www.iryou.teikyouseido.mhlw.go.jp/znk-web/juminkanja/S2430/initialize?prefCd=44&kikanCd=2013800000&kikanKbn=2", "url2": null, "内容": "調枝眼科【2:診療所】【診療科目:眼科】大分県大分市鴛野" }, "geometry": { "type": "Point", "coordinates": [ 131.6165, 33.187494 ] } },
{ "type": "Feature", "properties": { "ID": 4422014200000, "正式名称": "日出生診療所", "機関区分": 2, "都道府県コード": 44, "市区町村コード": 462, "所在地": "大分県玖珠郡玖珠町日出生", "緯度": 33.308727, "経度": 131.28543, "url": "https://www.iryou.teikyouseido.mhlw.go.jp/znk-web/juminkanja/S2430/initialize?prefCd=44&kikanCd=2014200000&kikanKbn=2", "url2": null, "内容": "日出生診療所【2:診療所】【診療科目:内科_小児科】大分県玖珠郡玖珠町日出生" }, "geometry": { "type": "Point", "coordinates": [ 131.28543, 33.308727 ] } },
{ "type": "Feature", "properties": { "ID": 4422014400000, "正式名称": "麻生医院", "機関区分": 2, "都道府県コード": 44, "市区町村コード": 212, "所在地": "大分県豊後大野市緒方町下自在１６８－１", "緯度": 32.973247, "経度": 131.471508, "url": "https://www.iryou.teikyouseido.mhlw.go.jp/znk-web/juminkanja/S2430/initialize?prefCd=44&kikanCd=2014400000&kikanKbn=2", "url2": null, "内容": "麻生医院【2:診療所】【診療科目:内科_呼吸器内科_アレルギー科】大分県豊後大野市緒方町下自在１６８－１" }, "geometry": { "type": "Point", "coordinates": [ 131.471508, 32.973247 ] } },
{ "type": "Feature", "properties": { "ID": 4422014600000, "正式名称": "たなか眼科", "機関区分": 2, "都道府県コード": 44, "市区町村コード": 201, "所在地": "大分県大分市大字羽屋１丁目５番１８号", "緯度": 33.215056, "経度": 131.601083, "url": "https://www.iryou.teikyouseido.mhlw.go.jp/znk-web/juminkanja/S2430/initialize?prefCd=44&kikanCd=2014600000&kikanKbn=2", "url2": "https://www.tanaka-ganka.info/", "内容": "たなか眼科【2:診療所】【診療科目:眼科】大分県大分市大字羽屋１丁目５番１８号" }, "geometry": { "type": "Point", "coordinates": [ 131.601083, 33.215056 ] } },
{ "type": "Feature", "properties": { "ID": 4422014700000, "正式名称": "吉川医院", "機関区分": 2, "都道府県コード": 44, "市区町村コード": 201, "所在地": "大分県大分市中島中央１丁目２番３８号", "緯度": 33.243238, "経度": 131.614108, "url": "https://www.iryou.teikyouseido.mhlw.go.jp/znk-web/juminkanja/S2430/initialize?prefCd=44&kikanCd=2014700000&kikanKbn=2", "url2": null, "内容": "吉川医院【2:診療所】【診療科目:内科_消化器内科】大分県大分市中島中央１丁目２番３８号" }, "geometry": { "type": "Point", "coordinates": [ 131.614108, 33.243238 ] } },
{ "type": "Feature", "properties": { "ID": 4422015300000, "正式名称": "大分内分泌糖尿病内科クリニック", "機関区分": 2, "都道府県コード": 44, "市区町村コード": 201, "所在地": "大分県大分市要町", "緯度": 33.229923, "経度": 131.610028, "url": "https://www.iryou.teikyouseido.mhlw.go.jp/znk-web/juminkanja/S2430/initialize?prefCd=44&kikanCd=2015300000&kikanKbn=2", "url2": null, "内容": "大分内分泌糖尿病内科クリニック【2:診療所】【診療科目:内科_糖尿病内科_代謝内科_内分泌内科_糖尿病・内分泌内科_糖尿病・代謝内科_代謝・内分泌内科】大分県大分市要町" }, "geometry": { "type": "Point", "coordinates": [ 131.610028, 33.229923 ] } },
{ "type": "Feature", "properties": { "ID": 4422015400000, "正式名称": "高橋内科クリニック", "機関区分": 2, "都道府県コード": 44, "市区町村コード": 201, "所在地": "大分県大分市王子北町四の十二", "緯度": 33.244888, "経度": 131.594752, "url": "https://www.iryou.teikyouseido.mhlw.go.jp/znk-web/juminkanja/S2430/initialize?prefCd=44&kikanCd=2015400000&kikanKbn=2", "url2": null, "内容": "高橋内科クリニック【2:診療所】【診療科目:内科_循環器内科】大分県大分市王子北町四の十二" }, "geometry": { "type": "Point", "coordinates": [ 131.594752, 33.244888 ] } },
{ "type": "Feature", "properties": { "ID": 4422015800000, "正式名称": "大道整形外科", "機関区分": 2, "都道府県コード": 44, "市区町村コード": 201, "所在地": "大分県大分市西大道２目３－１　コスモビル２・３Ｆ", "緯度": 33.229785, "経度": 131.596663, "url": "https://www.iryou.teikyouseido.mhlw.go.jp/znk-web/juminkanja/S2430/initialize?prefCd=44&kikanCd=2015800000&kikanKbn=2", "url2": null, "内容": "大道整形外科【2:診療所】【診療科目:整形外科_リウマチ科_リハビリテーション科】大分県大分市西大道２目３－１　コスモビル２・３Ｆ" }, "geometry": { "type": "Point", "coordinates": [ 131.596663, 33.229785 ] } },
{ "type": "Feature", "properties": { "ID": 4422016600000, "正式名称": "はさまクリニック", "機関区分": 2, "都道府県コード": 44, "市区町村コード": 201, "所在地": "大分県大分市東津留２丁目３番２０号", "緯度": 33.240642, "経度": 131.631925, "url": "https://www.iryou.teikyouseido.mhlw.go.jp/znk-web/juminkanja/S2430/initialize?prefCd=44&kikanCd=2016600000&kikanKbn=2", "url2": null, "内容": "はさまクリニック【2:診療所】【診療科目:内科_漢方内科_精神科_心療内科】大分県大分市東津留２丁目３番２０号" }, "geometry": { "type": "Point", "coordinates": [ 131.631925, 33.240642 ] } },
{ "type": "Feature", "properties": { "ID": 4422016800000, "正式名称": "社会医療法人関愛会　王子クリニック", "機関区分": 2, "都道府県コード": 44, "市区町村コード": 201, "所在地": "大分県大分市王子町１―１１", "緯度": 33.2426, "経度": 131.59073, "url": "https://www.iryou.teikyouseido.mhlw.go.jp/znk-web/juminkanja/S2430/initialize?prefCd=44&kikanCd=2016800000&kikanKbn=2", "url2": "https://www.sekiaikai.jp/contact/ouji-clinic/", "内容": "社会医療法人関愛会　王子クリニック【2:診療所】【診療科目:内科_心臓内科_消化器内科_心療内科】大分県大分市王子町１―１１" }, "geometry": { "type": "Point", "coordinates": [ 131.59073, 33.2426 ] } },
{ "type": "Feature", "properties": { "ID": 4422017100000, "正式名称": "のまさ小児科", "機関区分": 2, "都道府県コード": 44, "市区町村コード": 203, "所在地": "大分県中津市大字蛎瀬６００－１", "緯度": 33.586435, "経度": 131.184998, "url": "https://www.iryou.teikyouseido.mhlw.go.jp/znk-web/juminkanja/S2430/initialize?prefCd=44&kikanCd=2017100000&kikanKbn=2", "url2": null, "内容": "のまさ小児科【2:診療所】【診療科目:小児科】大分県中津市大字蛎瀬６００－１" }, "geometry": { "type": "Point", "coordinates": [ 131.184998, 33.586435 ] } },
{ "type": "Feature", "properties": { "ID": 4422017600000, "正式名称": "神矢内科胃腸クリニック", "機関区分": 2, "都道府県コード": 44, "市区町村コード": 201, "所在地": "大分県大分市賀来西１丁目４番１号", "緯度": 33.213611, "経度": 131.561921, "url": "https://www.iryou.teikyouseido.mhlw.go.jp/znk-web/juminkanja/S2430/initialize?prefCd=44&kikanCd=2017600000&kikanKbn=2", "url2": "http://kamiya-jcl.com", "内容": "神矢内科胃腸クリニック【2:診療所】【診療科目:内科_消化器内科_外科_肛門外科】大分県大分市賀来西１丁目４番１号" }, "geometry": { "type": "Point", "coordinates": [ 131.561921, 33.213611 ] } },
{ "type": "Feature", "properties": { "ID": 4422017800000, "正式名称": "おかむら眼科", "機関区分": 2, "都道府県コード": 44, "市区町村コード": 201, "所在地": "大分県大分市公園通り西２丁目１番パークプレイス大分３階", "緯度": 33.194986, "経度": 131.657109, "url": "https://www.iryou.teikyouseido.mhlw.go.jp/znk-web/juminkanja/S2430/initialize?prefCd=44&kikanCd=2017800000&kikanKbn=2", "url2": "http://okamura-eyeclinic.com/", "内容": "おかむら眼科【2:診療所】【診療科目:眼科】大分県大分市公園通り西２丁目１番パークプレイス大分３階" }, "geometry": { "type": "Point", "coordinates": [ 131.657109, 33.194986 ] } },
{ "type": "Feature", "properties": { "ID": 4422018200000, "正式名称": "医療法人英知会山形クリニック", "機関区分": 2, "都道府県コード": 44, "市区町村コード": 201, "所在地": "大分県大分市萩原１丁目１９番３５号", "緯度": 33.242138, "経度": 131.641145, "url": "https://www.iryou.teikyouseido.mhlw.go.jp/znk-web/juminkanja/S2430/initialize?prefCd=44&kikanCd=2018200000&kikanKbn=2", "url2": "https://oita-yamagata-cls.com", "内容": "医療法人英知会山形クリニック【2:診療所】【診療科目:内科_呼吸器内科_アレルギー科】大分県大分市萩原１丁目１９番３５号" }, "geometry": { "type": "Point", "coordinates": [ 131.641145, 33.242138 ] } },
{ "type": "Feature", "properties": { "ID": 4422018300000, "正式名称": "吉良内科循環器クリニック", "機関区分": 2, "都道府県コード": 44, "市区町村コード": 201, "所在地": "大分県大分市角子原８７０", "緯度": 33.24548, "経度": 131.711987, "url": "https://www.iryou.teikyouseido.mhlw.go.jp/znk-web/juminkanja/S2430/initialize?prefCd=44&kikanCd=2018300000&kikanKbn=2", "url2": "http://www.kira-naika.com", "内容": "吉良内科循環器クリニック【2:診療所】【診療科目:内科_代謝内科_循環器内科】大分県大分市角子原８７０" }, "geometry": { "type": "Point", "coordinates": [ 131.711987, 33.24548 ] } },
{ "type": "Feature", "properties": { "ID": 4422018700000, "正式名称": "医療法人　ハートドアクリニック", "機関区分": 2, "都道府県コード": 44, "市区町村コード": 201, "所在地": "大分県大分市大字神崎字見内４０４番２１", "緯度": 33.244597, "経度": 131.569518, "url": "https://www.iryou.teikyouseido.mhlw.go.jp/znk-web/juminkanja/S2430/initialize?prefCd=44&kikanCd=2018700000&kikanKbn=2", "url2": "http://www.heartdoorclinic.com/", "内容": "医療法人　ハートドアクリニック【2:診療所】【診療科目:精神科_心療内科_老年精神科_老年心療内科】大分県大分市大字神崎字見内４０４番２１" }, "geometry": { "type": "Point", "coordinates": [ 131.569518, 33.244597 ] } },
{ "type": "Feature", "properties": { "ID": 4422019000000, "正式名称": "かきさこ小児科", "機関区分": 2, "都道府県コード": 44, "市区町村コード": 201, "所在地": "大分県大分市要町９－１５", "緯度": 33.229912, "経度": 131.610025, "url": "https://www.iryou.teikyouseido.mhlw.go.jp/znk-web/juminkanja/S2430/initialize?prefCd=44&kikanCd=2019000000&kikanKbn=2", "url2": null, "内容": "かきさこ小児科【2:診療所】【診療科目:内科_小児科】大分県大分市要町９－１５" }, "geometry": { "type": "Point", "coordinates": [ 131.610025, 33.229912 ] } },
{ "type": "Feature", "properties": { "ID": 4422019300000, "正式名称": "なごみ診療所", "機関区分": 2, "都道府県コード": 44, "市区町村コード": 202, "所在地": "大分県別府市山の手町９番３９号", "緯度": 33.281235, "経度": 131.486161, "url": "https://www.iryou.teikyouseido.mhlw.go.jp/znk-web/juminkanja/S2430/initialize?prefCd=44&kikanCd=2019300000&kikanKbn=2", "url2": "http://www.h-shinwakai.com", "内容": "なごみ診療所【2:診療所】【診療科目:内科_呼吸器内科】大分県別府市山の手町９番３９号" }, "geometry": { "type": "Point", "coordinates": [ 131.486161, 33.281235 ] } },
{ "type": "Feature", "properties": { "ID": 4422019500000, "正式名称": "かんたん在宅クリニック", "機関区分": 2, "都道府県コード": 44, "市区町村コード": 201, "所在地": "大分県大分市尼が瀬３丁目９９番１", "緯度": 33.208259, "経度": 131.582038, "url": "https://www.iryou.teikyouseido.mhlw.go.jp/znk-web/juminkanja/S2430/initialize?prefCd=44&kikanCd=2019500000&kikanKbn=2", "url2": null, "内容": "かんたん在宅クリニック【2:診療所】【診療科目:内科_精神科】大分県大分市尼が瀬３丁目９９番１" }, "geometry": { "type": "Point", "coordinates": [ 131.582038, 33.208259 ] } },
{ "type": "Feature", "properties": { "ID": 4422020300000, "正式名称": "森山消化器内科クリニック", "機関区分": 2, "都道府県コード": 44, "市区町村コード": 201, "所在地": "大分県大分市宮崎９３３番２", "緯度": 33.198293, "経度": 131.606169, "url": "https://www.iryou.teikyouseido.mhlw.go.jp/znk-web/juminkanja/S2430/initialize?prefCd=44&kikanCd=2020300000&kikanKbn=2", "url2": "http://www.moriyama-clinic.jp", "内容": "森山消化器内科クリニック【2:診療所】【診療科目:内科_消化器内科_外科_肛門外科】大分県大分市宮崎９３３番２" }, "geometry": { "type": "Point", "coordinates": [ 131.606169, 33.198293 ] } },
{ "type": "Feature", "properties": { "ID": 4422020400000, "正式名称": "医療法人春風　うちのう整形外科", "機関区分": 2, "都道府県コード": 44, "市区町村コード": 201, "所在地": "大分県大分市王子南町９－１９", "緯度": 33.239064, "経度": 131.591449, "url": "https://www.iryou.teikyouseido.mhlw.go.jp/znk-web/juminkanja/S2430/initialize?prefCd=44&kikanCd=2020400000&kikanKbn=2", "url2": null, "内容": "医療法人春風　うちのう整形外科【2:診療所】【診療科目:内科_整形外科_リハビリテーション科_麻酔科】大分県大分市王子南町９－１９" }, "geometry": { "type": "Point", "coordinates": [ 131.591449, 33.239064 ] } },
{ "type": "Feature", "properties": { "ID": 4422020600000, "正式名称": "かめがわ皮膚科", "機関区分": 2, "都道府県コード": 44, "市区町村コード": 202, "所在地": "大分県別府市亀川四の湯町五番一七号", "緯度": 33.32312, "経度": 131.49367, "url": "https://www.iryou.teikyouseido.mhlw.go.jp/znk-web/juminkanja/S2430/initialize?prefCd=44&kikanCd=2020600000&kikanKbn=2", "url2": null, "内容": "かめがわ皮膚科【2:診療所】【診療科目:皮膚科】大分県別府市亀川四の湯町五番一七号" }, "geometry": { "type": "Point", "coordinates": [ 131.49367, 33.32312 ] } },
{ "type": "Feature", "properties": { "ID": 4422021600000, "正式名称": "アドテック株式会社内診療所", "機関区分": 2, "都道府県コード": 44, "市区町村コード": 211, "所在地": "大分県宇佐市上田１７７０－１", "緯度": 33.534226, "経度": 131.348051, "url": "https://www.iryou.teikyouseido.mhlw.go.jp/znk-web/juminkanja/S2430/initialize?prefCd=44&kikanCd=2021600000&kikanKbn=2", "url2": null, "内容": "アドテック株式会社内診療所【2:診療所】【診療科目:内科】大分県宇佐市上田１７７０－１" }, "geometry": { "type": "Point", "coordinates": [ 131.348051, 33.534226 ] } },
{ "type": "Feature", "properties": { "ID": 4422021700000, "正式名称": "吉田耳鼻咽喉科", "機関区分": 2, "都道府県コード": 44, "市区町村コード": 211, "所在地": "大分県宇佐市大字上田字寺ノ前１７０番地の１２", "緯度": 33.531343, "経度": 131.344836, "url": "https://www.iryou.teikyouseido.mhlw.go.jp/znk-web/juminkanja/S2430/initialize?prefCd=44&kikanCd=2021700000&kikanKbn=2", "url2": null, "内容": "吉田耳鼻咽喉科【2:診療所】【診療科目:耳鼻いんこう科】大分県宇佐市大字上田字寺ノ前１７０番地の１２" }, "geometry": { "type": "Point", "coordinates": [ 131.344836, 33.531343 ] } },
{ "type": "Feature", "properties": { "ID": 4422021800000, "正式名称": "ＡＮＳ皮膚科クリニック", "機関区分": 2, "都道府県コード": 44, "市区町村コード": 203, "所在地": "大分県中津市大字金手１０番地１３", "緯度": 33.583937, "経度": 131.204334, "url": "https://www.iryou.teikyouseido.mhlw.go.jp/znk-web/juminkanja/S2430/initialize?prefCd=44&kikanCd=2021800000&kikanKbn=2", "url2": "http://www.ans-clinic.jp", "内容": "ＡＮＳ皮膚科クリニック【2:診療所】【診療科目:皮膚科_美容皮膚科_アレルギー科】大分県中津市大字金手１０番地１３" }, "geometry": { "type": "Point", "coordinates": [ 131.204334, 33.583937 ] } },
{ "type": "Feature", "properties": { "ID": 4422022900000, "正式名称": "くまもとココロクリニック", "機関区分": 2, "都道府県コード": 44, "市区町村コード": 210, "所在地": "大分県杵築市杵築６６５番地４３２", "緯度": 33.4182, "経度": 131.626169, "url": "https://www.iryou.teikyouseido.mhlw.go.jp/znk-web/juminkanja/S2430/initialize?prefCd=44&kikanCd=2022900000&kikanKbn=2", "url2": "http://kucocoro.jp/", "内容": "くまもとココロクリニック【2:診療所】【診療科目:精神科_心療内科_老年精神科】大分県杵築市杵築６６５番地４３２" }, "geometry": { "type": "Point", "coordinates": [ 131.626169, 33.4182 ] } },
{ "type": "Feature", "properties": { "ID": 4422023100000, "正式名称": "みずのえ呼吸器内科クリニック", "機関区分": 2, "都道府県コード": 44, "市区町村コード": 209, "所在地": "大分県豊後高田市界", "緯度": 33.548263, "経度": 131.42815, "url": "https://www.iryou.teikyouseido.mhlw.go.jp/znk-web/juminkanja/S2430/initialize?prefCd=44&kikanCd=2023100000&kikanKbn=2", "url2": "http://mizunoe-clinic.jp/", "内容": "みずのえ呼吸器内科クリニック【2:診療所】【診療科目:内科_呼吸器内科_アレルギー科】大分県豊後高田市界" }, "geometry": { "type": "Point", "coordinates": [ 131.42815, 33.548263 ] } },
{ "type": "Feature", "properties": { "ID": 4422023600000, "正式名称": "社会医療法人敬和会　在宅支援クリニック　すばる", "機関区分": 2, "都道府県コード": 44, "市区町村コード": 201, "所在地": "大分県大分市小池原１０２１番地", "緯度": 33.235497, "経度": 131.661808, "url": "https://www.iryou.teikyouseido.mhlw.go.jp/znk-web/juminkanja/S2430/initialize?prefCd=44&kikanCd=2023600000&kikanKbn=2", "url2": "https://keiwakai.oita.jp/", "内容": "社会医療法人敬和会　在宅支援クリニック　すばる【2:診療所】【診療科目:内科】大分県大分市小池原１０２１番地" }, "geometry": { "type": "Point", "coordinates": [ 131.661808, 33.235497 ] } },
{ "type": "Feature", "properties": { "ID": 4422023700000, "正式名称": "おおば脳神経外科・頭痛クリニック", "機関区分": 2, "都道府県コード": 44, "市区町村コード": 201, "所在地": "大分県大分市要町", "緯度": 33.230248, "経度": 131.610067, "url": "https://www.iryou.teikyouseido.mhlw.go.jp/znk-web/juminkanja/S2430/initialize?prefCd=44&kikanCd=2023700000&kikanKbn=2", "url2": "https://oobanougeka.com/", "内容": "おおば脳神経外科・頭痛クリニック【2:診療所】【診療科目:脳神経外科】大分県大分市要町" }, "geometry": { "type": "Point", "coordinates": [ 131.610067, 33.230248 ] } },
{ "type": "Feature", "properties": { "ID": 4422024100000, "正式名称": "釘宮整形外科リハビリクリニック", "機関区分": 2, "都道府県コード": 44, "市区町村コード": 202, "所在地": "大分県別府市鶴見一丁目２４番８６号", "緯度": 33.270875, "経度": 131.499611, "url": "https://www.iryou.teikyouseido.mhlw.go.jp/znk-web/juminkanja/S2430/initialize?prefCd=44&kikanCd=2024100000&kikanKbn=2", "url2": null, "内容": "釘宮整形外科リハビリクリニック【2:診療所】【診療科目:整形外科_リハビリテーション科】大分県別府市鶴見一丁目２４番８６号" }, "geometry": { "type": "Point", "coordinates": [ 131.499611, 33.270875 ] } },
{ "type": "Feature", "properties": { "ID": 4422024500000, "正式名称": "深堀内科医院", "機関区分": 2, "都道府県コード": 44, "市区町村コード": 208, "所在地": "大分県竹田市大字菅生１１５７番地２", "緯度": 32.957747, "経度": 131.281569, "url": "https://www.iryou.teikyouseido.mhlw.go.jp/znk-web/juminkanja/S2430/initialize?prefCd=44&kikanCd=2024500000&kikanKbn=2", "url2": null, "内容": "深堀内科医院【2:診療所】【診療科目:内科】大分県竹田市大字菅生１１５７番地２" }, "geometry": { "type": "Point", "coordinates": [ 131.281569, 32.957747 ] } },
{ "type": "Feature", "properties": { "ID": 4422024600000, "正式名称": "平井眼科", "機関区分": 2, "都道府県コード": 44, "市区町村コード": 201, "所在地": "大分県大分市要町１番１４号　アミュプラザおおいた４Ｆ", "緯度": 33.233253, "経度": 131.6061, "url": "https://www.iryou.teikyouseido.mhlw.go.jp/znk-web/juminkanja/S2430/initialize?prefCd=44&kikanCd=2024600000&kikanKbn=2", "url2": "https://oitahiraiganka.jp/", "内容": "平井眼科【2:診療所】【診療科目:眼科】大分県大分市要町１番１４号　アミュプラザおおいた４Ｆ" }, "geometry": { "type": "Point", "coordinates": [ 131.6061, 33.233253 ] } },
{ "type": "Feature", "properties": { "ID": 4422024700000, "正式名称": "あけの胃腸内科乳腺クリニック", "機関区分": 2, "都道府県コード": 44, "市区町村コード": 201, "所在地": "大分県大分市大字小池原１５３４番地の１", "緯度": 33.232902, "経度": 131.661015, "url": "https://www.iryou.teikyouseido.mhlw.go.jp/znk-web/juminkanja/S2430/initialize?prefCd=44&kikanCd=2024700000&kikanKbn=2", "url2": "http://www.akeno-clinic.jp/", "内容": "あけの胃腸内科乳腺クリニック【2:診療所】【診療科目:内科_消化器内科_胃腸内科_内視鏡内科_外科_乳腺外科_放射線科_麻酔科】大分県大分市大字小池原１５３４番地の１" }, "geometry": { "type": "Point", "coordinates": [ 131.661015, 33.232902 ] } },
{ "type": "Feature", "properties": { "ID": 4422024800000, "正式名称": "こころの郷クリニック", "機関区分": 2, "都道府県コード": 44, "市区町村コード": 208, "所在地": "大分県竹田市飛田川１６１８番地２３", "緯度": 32.965029, "経度": 131.384926, "url": "https://www.iryou.teikyouseido.mhlw.go.jp/znk-web/juminkanja/S2430/initialize?prefCd=44&kikanCd=2024800000&kikanKbn=2", "url2": null, "内容": "こころの郷クリニック【2:診療所】【診療科目:精神科】大分県竹田市飛田川１６１８番地２３" }, "geometry": { "type": "Point", "coordinates": [ 131.384926, 32.965029 ] } },
{ "type": "Feature", "properties": { "ID": 4422025100000, "正式名称": "若林脳神経外科クリニック", "機関区分": 2, "都道府県コード": 44, "市区町村コード": 201, "所在地": "大分県大分市坂ノ市中央３丁目１３番２９号", "緯度": 33.231051, "経度": 131.748079, "url": "https://www.iryou.teikyouseido.mhlw.go.jp/znk-web/juminkanja/S2430/initialize?prefCd=44&kikanCd=2025100000&kikanKbn=2", "url2": "http://wakabayashi-nclinic.net/", "内容": "若林脳神経外科クリニック【2:診療所】【診療科目:神経内科_脳神経外科】大分県大分市坂ノ市中央３丁目１３番２９号" }, "geometry": { "type": "Point", "coordinates": [ 131.748079, 33.231051 ] } },
{ "type": "Feature", "properties": { "ID": 4422025300000, "正式名称": "あべたかこ内科循環器クリニック", "機関区分": 2, "都道府県コード": 44, "市区町村コード": 201, "所在地": "大分県大分市生石１４５－５４", "緯度": 33.245577, "経度": 131.578192, "url": "https://www.iryou.teikyouseido.mhlw.go.jp/znk-web/juminkanja/S2430/initialize?prefCd=44&kikanCd=2025300000&kikanKbn=2", "url2": "abet-cl.sakura.ne.jp", "内容": "あべたかこ内科循環器クリニック【2:診療所】【診療科目:内科_循環器内科】大分県大分市生石１４５－５４" }, "geometry": { "type": "Point", "coordinates": [ 131.578192, 33.245577 ] } },
{ "type": "Feature", "properties": { "ID": 4422025500000, "正式名称": "久保おなか・おしりクリニック", "機関区分": 2, "都道府県コード": 44, "市区町村コード": 202, "所在地": "大分県別府市石垣東３丁目５番１５号", "緯度": 33.293069, "経度": 131.496055, "url": "https://www.iryou.teikyouseido.mhlw.go.jp/znk-web/juminkanja/S2430/initialize?prefCd=44&kikanCd=2025500000&kikanKbn=2", "url2": "https://www.kubo-onaka-oshiri.com/", "内容": "久保おなか・おしりクリニック【2:診療所】【診療科目:内科_消化器内科_胃腸内科_外科_消化器外科_肛門外科_大腸・肛門外科】大分県別府市石垣東３丁目５番１５号" }, "geometry": { "type": "Point", "coordinates": [ 131.496055, 33.293069 ] } },
{ "type": "Feature", "properties": { "ID": 4422025600000, "正式名称": "福田内科クリニック", "機関区分": 2, "都道府県コード": 44, "市区町村コード": 204, "所在地": "大分県日田市大字高瀬１２２８番地１", "緯度": 33.290721, "経度": 130.922293, "url": "https://www.iryou.teikyouseido.mhlw.go.jp/znk-web/juminkanja/S2430/initialize?prefCd=44&kikanCd=2025600000&kikanKbn=2", "url2": null, "内容": "福田内科クリニック【2:診療所】【診療科目:内科_循環器内科】大分県日田市大字高瀬１２２８番地１" }, "geometry": { "type": "Point", "coordinates": [ 130.922293, 33.290721 ] } },
{ "type": "Feature", "properties": { "ID": 4422025900000, "正式名称": "衛藤小児科医院", "機関区分": 2, "都道府県コード": 44, "市区町村コード": 202, "所在地": "大分県別府市荘園", "緯度": 33.291, "経度": 131.485941, "url": "https://www.iryou.teikyouseido.mhlw.go.jp/znk-web/juminkanja/S2430/initialize?prefCd=44&kikanCd=2025900000&kikanKbn=2", "url2": "https://eto-kodomo.jimdofree.com", "内容": "衛藤小児科医院【2:診療所】【診療科目:小児科_小児循環器内科】大分県別府市荘園" }, "geometry": { "type": "Point", "coordinates": [ 131.485941, 33.291 ] } },
{ "type": "Feature", "properties": { "ID": 4422026200000, "正式名称": "須小耳鼻咽喉科", "機関区分": 2, "都道府県コード": 44, "市区町村コード": 208, "所在地": "大分県竹田市竹田町５１８－４", "緯度": 32.968301, "経度": 131.392525, "url": "https://www.iryou.teikyouseido.mhlw.go.jp/znk-web/juminkanja/S2430/initialize?prefCd=44&kikanCd=2026200000&kikanKbn=2", "url2": null, "内容": "須小耳鼻咽喉科【2:診療所】【診療科目:耳鼻いんこう科_頭頸部・耳鼻いんこう科】大分県竹田市竹田町５１８－４" }, "geometry": { "type": "Point", "coordinates": [ 131.392525, 32.968301 ] } },
{ "type": "Feature", "properties": { "ID": 4422026700000, "正式名称": "いいそらヒフ科クリニック", "機関区分": 2, "都道府県コード": 44, "市区町村コード": 201, "所在地": "大分県大分市東大道１－８－１５　カサベルデ駅南２階", "緯度": 33.231577, "経度": 131.603186, "url": "https://www.iryou.teikyouseido.mhlw.go.jp/znk-web/juminkanja/S2430/initialize?prefCd=44&kikanCd=2026700000&kikanKbn=2", "url2": "http://iisora-hifuka.jp/", "内容": "いいそらヒフ科クリニック【2:診療所】【診療科目:皮膚科_美容皮膚科】大分県大分市東大道１－８－１５　カサベルデ駅南２階" }, "geometry": { "type": "Point", "coordinates": [ 131.603186, 33.231577 ] } },
{ "type": "Feature", "properties": { "ID": 4422026800000, "正式名称": "きたじま内科・胃腸内科", "機関区分": 2, "都道府県コード": 44, "市区町村コード": 201, "所在地": "大分県大分市六坊北町４４７１－４", "緯度": 33.227781, "経度": 131.617055, "url": "https://www.iryou.teikyouseido.mhlw.go.jp/znk-web/juminkanja/S2430/initialize?prefCd=44&kikanCd=2026800000&kikanKbn=2", "url2": "http://www.kitajima-giclinic.jp/", "内容": "きたじま内科・胃腸内科【2:診療所】【診療科目:内科_消化器内科_胃腸内科】大分県大分市六坊北町４４７１－４" }, "geometry": { "type": "Point", "coordinates": [ 131.617055, 33.227781 ] } },
{ "type": "Feature", "properties": { "ID": 4422026900000, "正式名称": "やまだこどもクリニック", "機関区分": 2, "都道府県コード": 44, "市区町村コード": 201, "所在地": "大分県大分市六坊北町", "緯度": 33.227781, "経度": 131.617055, "url": "https://www.iryou.teikyouseido.mhlw.go.jp/znk-web/juminkanja/S2430/initialize?prefCd=44&kikanCd=2026900000&kikanKbn=2", "url2": "http://www.yamada-kodomo.jp/", "内容": "やまだこどもクリニック【2:診療所】【診療科目:小児科】大分県大分市六坊北町" }, "geometry": { "type": "Point", "coordinates": [ 131.617055, 33.227781 ] } },
{ "type": "Feature", "properties": { "ID": 4422027300000, "正式名称": "別府トキハクリニック", "機関区分": 2, "都道府県コード": 44, "市区町村コード": 202, "所在地": "大分県別府市北浜２丁目９番１号", "緯度": 33.279619, "経度": 131.504974, "url": "https://www.iryou.teikyouseido.mhlw.go.jp/znk-web/juminkanja/S2430/initialize?prefCd=44&kikanCd=2027300000&kikanKbn=2", "url2": null, "内容": "別府トキハクリニック【2:診療所】【診療科目:内科_循環器内科_外科_心臓血管外科】大分県別府市北浜２丁目９番１号" }, "geometry": { "type": "Point", "coordinates": [ 131.504974, 33.279619 ] } },
{ "type": "Feature", "properties": { "ID": 4422027400000, "正式名称": "かわのこどもクリニック", "機関区分": 2, "都道府県コード": 44, "市区町村コード": 201, "所在地": "大分県大分市田中町二丁目６番６号", "緯度": 33.210256, "経度": 131.591618, "url": "https://www.iryou.teikyouseido.mhlw.go.jp/znk-web/juminkanja/S2430/initialize?prefCd=44&kikanCd=2027400000&kikanKbn=2", "url2": "https://kawano-kodomo.jp/", "内容": "かわのこどもクリニック【2:診療所】【診療科目:小児科】大分県大分市田中町二丁目６番６号" }, "geometry": { "type": "Point", "coordinates": [ 131.591618, 33.210256 ] } },
{ "type": "Feature", "properties": { "ID": 4422027600000, "正式名称": "舞鶴内科クリニック", "機関区分": 2, "都道府県コード": 44, "市区町村コード": 201, "所在地": "大分県大分市西浜３－８", "緯度": 33.247424, "経度": 131.625462, "url": "https://www.iryou.teikyouseido.mhlw.go.jp/znk-web/juminkanja/S2430/initialize?prefCd=44&kikanCd=2027600000&kikanKbn=2", "url2": null, "内容": "舞鶴内科クリニック【2:診療所】【診療科目:内科_呼吸器内科_循環器内科_消化器内科】大分県大分市西浜３－８" }, "geometry": { "type": "Point", "coordinates": [ 131.625462, 33.247424 ] } },
{ "type": "Feature", "properties": { "ID": 4422028500000, "正式名称": "特別養護老人ホームかえで診療所", "機関区分": 2, "都道府県コード": 44, "市区町村コード": 203, "所在地": "大分県中津市本耶馬渓町跡田", "緯度": 33.482517, "経度": 131.176409, "url": "https://www.iryou.teikyouseido.mhlw.go.jp/znk-web/juminkanja/S2430/initialize?prefCd=44&kikanCd=2028500000&kikanKbn=2", "url2": null, "内容": "特別養護老人ホームかえで診療所【2:診療所】【診療科目:内科】大分県中津市本耶馬渓町跡田" }, "geometry": { "type": "Point", "coordinates": [ 131.176409, 33.482517 ] } },
{ "type": "Feature", "properties": { "ID": 4422028700000, "正式名称": "医療法人　かみだ脳神経クリニック", "機関区分": 2, "都道府県コード": 44, "市区町村コード": 201, "所在地": "大分県大分市大字鴛野１０２８番地１", "緯度": 33.186841, "経度": 131.615453, "url": "https://www.iryou.teikyouseido.mhlw.go.jp/znk-web/juminkanja/S2430/initialize?prefCd=44&kikanCd=2028700000&kikanKbn=2", "url2": "http://tkamida.com", "内容": "医療法人　かみだ脳神経クリニック【2:診療所】【診療科目:神経内科_脳神経外科_リハビリテーション科】大分県大分市大字鴛野１０２８番地１" }, "geometry": { "type": "Point", "coordinates": [ 131.615453, 33.186841 ] } },
{ "type": "Feature", "properties": { "ID": 4422028900000, "正式名称": "石田消化器ＩＢＤクリニック", "機関区分": 2, "都道府県コード": 44, "市区町村コード": 201, "所在地": "大分県大分市東大道１－３－１アクロスプラザ大分駅南２Ｆ", "緯度": 33.232864, "経度": 131.604284, "url": "https://www.iryou.teikyouseido.mhlw.go.jp/znk-web/juminkanja/S2430/initialize?prefCd=44&kikanCd=2028900000&kikanKbn=2", "url2": "https://ishidaibd.com/", "内容": "石田消化器ＩＢＤクリニック【2:診療所】【診療科目:内科_消化器内科】大分県大分市東大道１－３－１アクロスプラザ大分駅南２Ｆ" }, "geometry": { "type": "Point", "coordinates": [ 131.604284, 33.232864 ] } },
{ "type": "Feature", "properties": { "ID": 4422029000000, "正式名称": "いちみや皮フ科クリニック", "機関区分": 2, "都道府県コード": 44, "市区町村コード": 201, "所在地": "大分県大分市六坊北町５－４２", "緯度": 33.228636, "経度": 131.617848, "url": "https://www.iryou.teikyouseido.mhlw.go.jp/znk-web/juminkanja/S2430/initialize?prefCd=44&kikanCd=2029000000&kikanKbn=2", "url2": null, "内容": "いちみや皮フ科クリニック【2:診療所】【診療科目:皮膚科_美容皮膚科】大分県大分市六坊北町５－４２" }, "geometry": { "type": "Point", "coordinates": [ 131.617848, 33.228636 ] } },
{ "type": "Feature", "properties": { "ID": 4422029800000, "正式名称": "医療法人ゆずの木会ゆずの木クリニック", "機関区分": 2, "都道府県コード": 44, "市区町村コード": 213, "所在地": "大分県由布市湯布院町川上２７１３－２", "緯度": 33.265846, "経度": 131.367431, "url": "https://www.iryou.teikyouseido.mhlw.go.jp/znk-web/juminkanja/S2430/initialize?prefCd=44&kikanCd=2029800000&kikanKbn=2", "url2": "https://yuzunoki-clinic.com/", "内容": "医療法人ゆずの木会ゆずの木クリニック【2:診療所】【診療科目:内科】大分県由布市湯布院町川上２７１３－２" }, "geometry": { "type": "Point", "coordinates": [ 131.367431, 33.265846 ] } },
{ "type": "Feature", "properties": { "ID": 4422029900000, "正式名称": "中津市立小児救急センター", "機関区分": 2, "都道府県コード": 44, "市区町村コード": 203, "所在地": "大分県中津市下池永", "緯度": 33.59014, "経度": 131.21615, "url": "https://www.iryou.teikyouseido.mhlw.go.jp/znk-web/juminkanja/S2430/initialize?prefCd=44&kikanCd=2029900000&kikanKbn=2", "url2": "http://www.city-nakatsu.jp/hospital/clinic/", "内容": "中津市立小児救急センター【2:診療所】【診療科目:小児科】大分県中津市下池永" }, "geometry": { "type": "Point", "coordinates": [ 131.21615, 33.59014 ] } },
{ "type": "Feature", "properties": { "ID": 4422030100000, "正式名称": "あだち眼科", "機関区分": 2, "都道府県コード": 44, "市区町村コード": 203, "所在地": "大分県中津市中殿町", "緯度": 33.59658, "経度": 131.1946, "url": "https://www.iryou.teikyouseido.mhlw.go.jp/znk-web/juminkanja/S2430/initialize?prefCd=44&kikanCd=2030100000&kikanKbn=2", "url2": "https://www.adachiganka.info", "内容": "あだち眼科【2:診療所】【診療科目:眼科】大分県中津市中殿町" }, "geometry": { "type": "Point", "coordinates": [ 131.1946, 33.59658 ] } },
{ "type": "Feature", "properties": { "ID": 4422030200000, "正式名称": "かみぞのキッズクリニック", "機関区分": 2, "都道府県コード": 44, "市区町村コード": 201, "所在地": "大分県大分市大道町四丁目五の二十七　第五ブンゴヤビル２階", "緯度": 33.229552, "経度": 131.597633, "url": "https://www.iryou.teikyouseido.mhlw.go.jp/znk-web/juminkanja/S2430/initialize?prefCd=44&kikanCd=2030200000&kikanKbn=2", "url2": "http://kamizono-kids.com/", "内容": "かみぞのキッズクリニック【2:診療所】【診療科目:小児科】大分県大分市大道町四丁目五の二十七　第五ブンゴヤビル２階" }, "geometry": { "type": "Point", "coordinates": [ 131.597633, 33.229552 ] } },
{ "type": "Feature", "properties": { "ID": 4422030300000, "正式名称": "たばるクリニック", "機関区分": 2, "都道府県コード": 44, "市区町村コード": 201, "所在地": "大分県大分市田原９３６番地１の１", "緯度": 33.184505, "経度": 131.55879, "url": "https://www.iryou.teikyouseido.mhlw.go.jp/znk-web/juminkanja/S2430/initialize?prefCd=44&kikanCd=2030300000&kikanKbn=2", "url2": "http://san-ai-group.org/relevant/tabaru", "内容": "たばるクリニック【2:診療所】【診療科目:内科_外科_消化器外科_整形外科_リハビリテーション科】大分県大分市田原９３６番地１の１" }, "geometry": { "type": "Point", "coordinates": [ 131.55879, 33.184505 ] } },
{ "type": "Feature", "properties": { "ID": 4422030500000, "正式名称": "うちのうリハビリテーションクリニック", "機関区分": 2, "都道府県コード": 44, "市区町村コード": 201, "所在地": "大分県大分市錦町２丁目１３－１４", "緯度": 33.232311, "経度": 131.619706, "url": "https://www.iryou.teikyouseido.mhlw.go.jp/znk-web/juminkanja/S2430/initialize?prefCd=44&kikanCd=2030500000&kikanKbn=2", "url2": null, "内容": "うちのうリハビリテーションクリニック【2:診療所】【診療科目:内科_整形外科_リハビリテーション科】大分県大分市錦町２丁目１３－１４" }, "geometry": { "type": "Point", "coordinates": [ 131.619706, 33.232311 ] } },
{ "type": "Feature", "properties": { "ID": 4422031200000, "正式名称": "さゆりレディースクリニック", "機関区分": 2, "都道府県コード": 44, "市区町村コード": 201, "所在地": "大分県大分市明野北４丁目１番１号山本ビル３Ｆ", "緯度": 33.225792, "経度": 131.656455, "url": "https://www.iryou.teikyouseido.mhlw.go.jp/znk-web/juminkanja/S2430/initialize?prefCd=44&kikanCd=2031200000&kikanKbn=2", "url2": "http://sayuriclinic.jp", "内容": "さゆりレディースクリニック【2:診療所】【診療科目:内科_産婦人科】大分県大分市明野北４丁目１番１号山本ビル３Ｆ" }, "geometry": { "type": "Point", "coordinates": [ 131.656455, 33.225792 ] } },
{ "type": "Feature", "properties": { "ID": 4422031300000, "正式名称": "クリニック佐伯の太陽", "機関区分": 2, "都道府県コード": 44, "市区町村コード": 205, "所在地": "大分県佐伯市駅前１丁目１番１１号", "緯度": 32.970069, "経度": 131.904435, "url": "https://www.iryou.teikyouseido.mhlw.go.jp/znk-web/juminkanja/S2430/initialize?prefCd=44&kikanCd=2031300000&kikanKbn=2", "url2": null, "内容": "クリニック佐伯の太陽【2:診療所】【診療科目:内科】大分県佐伯市駅前１丁目１番１１号" }, "geometry": { "type": "Point", "coordinates": [ 131.904435, 32.970069 ] } },
{ "type": "Feature", "properties": { "ID": 4422031700000, "正式名称": "わさだハートクリニック", "機関区分": 2, "都道府県コード": 44, "市区町村コード": 201, "所在地": "大分県大分市上宗方南", "緯度": 33.01532, "経度": 132.17168, "url": "https://www.iryou.teikyouseido.mhlw.go.jp/znk-web/juminkanja/S2430/initialize?prefCd=44&kikanCd=2031700000&kikanKbn=2", "url2": "http://www.wasada-heart.com", "内容": "わさだハートクリニック【2:診療所】【診療科目:内科_糖尿病内科_循環器内科】大分県大分市上宗方南" }, "geometry": { "type": "Point", "coordinates": [ 132.17168, 33.01532 ] } },
{ "type": "Feature", "properties": { "ID": 4422031900000, "正式名称": "彦陽クリニック", "機関区分": 2, "都道府県コード": 44, "市区町村コード": 205, "所在地": "大分県佐伯市戸穴３６２番地１", "緯度": 33.00036, "経度": 131.889764, "url": "https://www.iryou.teikyouseido.mhlw.go.jp/znk-web/juminkanja/S2430/initialize?prefCd=44&kikanCd=2031900000&kikanKbn=2", "url2": null, "内容": "彦陽クリニック【2:診療所】【診療科目:内科】大分県佐伯市戸穴３６２番地１" }, "geometry": { "type": "Point", "coordinates": [ 131.889764, 33.00036 ] } },
{ "type": "Feature", "properties": { "ID": 4422032700000, "正式名称": "ながまつ内科・小児科クリニック", "機関区分": 2, "都道府県コード": 44, "市区町村コード": 209, "所在地": "大分県豊後高田市玉津１１０番地１", "緯度": 33.561662, "経度": 131.443671, "url": "https://www.iryou.teikyouseido.mhlw.go.jp/znk-web/juminkanja/S2430/initialize?prefCd=44&kikanCd=2032700000&kikanKbn=2", "url2": "http://nagamatsu-clinic.jp", "内容": "ながまつ内科・小児科クリニック【2:診療所】【診療科目:内科_消化器内科_漢方内科_老年内科_内視鏡内科_小児科_皮膚科】大分県豊後高田市玉津１１０番地１" }, "geometry": { "type": "Point", "coordinates": [ 131.443671, 33.561662 ] } },
{ "type": "Feature", "properties": { "ID": 4422033500000, "正式名称": "いしい産婦人科醫院", "機関区分": 2, "都道府県コード": 44, "市区町村コード": 201, "所在地": "大分県大分市下郡北３－４３４－２", "緯度": 33.231257, "経度": 131.634848, "url": "https://www.iryou.teikyouseido.mhlw.go.jp/znk-web/juminkanja/S2430/initialize?prefCd=44&kikanCd=2033500000&kikanKbn=2", "url2": "https://www.ishii-mfm.jp/", "内容": "いしい産婦人科醫院【2:診療所】【診療科目:産婦人科】大分県大分市下郡北３－４３４－２" }, "geometry": { "type": "Point", "coordinates": [ 131.634848, 33.231257 ] } },
{ "type": "Feature", "properties": { "ID": 4422033700000, "正式名称": "社会医療法人関愛会　よつばファミリークリニック", "機関区分": 2, "都道府県コード": 44, "市区町村コード": 201, "所在地": "大分県大分市大字横尾１８５９番地", "緯度": 33.205912, "経度": 131.663552, "url": "https://www.iryou.teikyouseido.mhlw.go.jp/znk-web/juminkanja/S2430/initialize?prefCd=44&kikanCd=2033700000&kikanKbn=2", "url2": "https://www.yotsubafcl.com/", "内容": "社会医療法人関愛会　よつばファミリークリニック【2:診療所】【診療科目:内科_小児科】大分県大分市大字横尾１８５９番地" }, "geometry": { "type": "Point", "coordinates": [ 131.663552, 33.205912 ] } },
{ "type": "Feature", "properties": { "ID": 4422033900000, "正式名称": "東浜循環器科・内科クリニック", "機関区分": 2, "都道府県コード": 44, "市区町村コード": 201, "所在地": "大分県大分市東浜１丁目９－１８", "緯度": 33.246709, "経度": 131.632734, "url": "https://www.iryou.teikyouseido.mhlw.go.jp/znk-web/juminkanja/S2430/initialize?prefCd=44&kikanCd=2033900000&kikanKbn=2", "url2": "http://www.higashihama-clinic.jp/", "内容": "東浜循環器科・内科クリニック【2:診療所】【診療科目:内科_循環器内科】大分県大分市東浜１丁目９－１８" }, "geometry": { "type": "Point", "coordinates": [ 131.632734, 33.246709 ] } },
{ "type": "Feature", "properties": { "ID": 4422034100000, "正式名称": "永井循環器内科生活習慣病心臓クリニック", "機関区分": 2, "都道府県コード": 44, "市区町村コード": 201, "所在地": "大分県大分市大字羽田２１７番地", "緯度": 33.219935, "経度": 131.635509, "url": "https://www.iryou.teikyouseido.mhlw.go.jp/znk-web/juminkanja/S2430/initialize?prefCd=44&kikanCd=2034100000&kikanKbn=2", "url2": "http://www.nagaic.jp/", "内容": "永井循環器内科生活習慣病心臓クリニック【2:診療所】【診療科目:内科_代謝内科_呼吸器内科_循環器内科】大分県大分市大字羽田２１７番地" }, "geometry": { "type": "Point", "coordinates": [ 131.635509, 33.219935 ] } },
{ "type": "Feature", "properties": { "ID": 4422034300000, "正式名称": "生活習慣病・脳内科あべクリニック", "機関区分": 2, "都道府県コード": 44, "市区町村コード": 201, "所在地": "大分県大分市森４０２－５", "緯度": 33.217296, "経度": 131.680919, "url": "https://www.iryou.teikyouseido.mhlw.go.jp/znk-web/juminkanja/S2430/initialize?prefCd=44&kikanCd=2034300000&kikanKbn=2", "url2": "https://brain-abe-clinic.org", "内容": "生活習慣病・脳内科あべクリニック【2:診療所】【診療科目:内科_神経内科_皮膚科_アレルギー科】大分県大分市森４０２－５" }, "geometry": { "type": "Point", "coordinates": [ 131.680919, 33.217296 ] } },
{ "type": "Feature", "properties": { "ID": 4422034500000, "正式名称": "大分駅南クリニック", "機関区分": 2, "都道府県コード": 44, "市区町村コード": 201, "所在地": "大分県大分市東大道２丁目３番４５号", "緯度": 33.230283, "経度": 131.601979, "url": "https://www.iryou.teikyouseido.mhlw.go.jp/znk-web/juminkanja/S2430/initialize?prefCd=44&kikanCd=2034500000&kikanKbn=2", "url2": "http://oitaekinanclinic.com/", "内容": "大分駅南クリニック【2:診療所】【診療科目:神経内科_精神科_心療内科】大分県大分市東大道２丁目３番４５号" }, "geometry": { "type": "Point", "coordinates": [ 131.601979, 33.230283 ] } },
{ "type": "Feature", "properties": { "ID": 4422034600000, "正式名称": "みやざき内科リウマチクリニック", "機関区分": 2, "都道府県コード": 44, "市区町村コード": 201, "所在地": "大分県大分市牧１丁目３－１５", "緯度": 33.239272, "経度": 131.636113, "url": "https://www.iryou.teikyouseido.mhlw.go.jp/znk-web/juminkanja/S2430/initialize?prefCd=44&kikanCd=2034600000&kikanKbn=2", "url2": "https://miyazaki-naika.jp", "内容": "みやざき内科リウマチクリニック【2:診療所】【診療科目:内科_感染症内科_糖尿病内科_内分泌内科_脂質代謝内科_呼吸器内科_膠原病内科_リウマチ科】大分県大分市牧１丁目３－１５" }, "geometry": { "type": "Point", "coordinates": [ 131.636113, 33.239272 ] } },
{ "type": "Feature", "properties": { "ID": 4422034800000, "正式名称": "岡本医院　おかもと糖尿病・内分泌クリニック", "機関区分": 2, "都道府県コード": 44, "市区町村コード": 212, "所在地": "大分県豊後大野市犬飼町犬飼１１－１", "緯度": 33.070991, "経度": 131.634535, "url": "https://www.iryou.teikyouseido.mhlw.go.jp/znk-web/juminkanja/S2430/initialize?prefCd=44&kikanCd=2034800000&kikanKbn=2", "url2": "https://okamoto-dm-clinic.com/", "内容": "岡本医院　おかもと糖尿病・内分泌クリニック【2:診療所】【診療科目:内科_糖尿病内科_内分泌内科】大分県豊後大野市犬飼町犬飼１１－１" }, "geometry": { "type": "Point", "coordinates": [ 131.634535, 33.070991 ] } },
{ "type": "Feature", "properties": { "ID": 4422034900000, "正式名称": "しもやま内科・循環器内科クリニック", "機関区分": 2, "都道府県コード": 44, "市区町村コード": 202, "所在地": "大分県別府市南荘園町４９番３２号", "緯度": 33.287357, "経度": 131.48158, "url": "https://www.iryou.teikyouseido.mhlw.go.jp/znk-web/juminkanja/S2430/initialize?prefCd=44&kikanCd=2034900000&kikanKbn=2", "url2": null, "内容": "しもやま内科・循環器内科クリニック【2:診療所】【診療科目:内科_糖尿病内科_循環器内科_心臓血管内科】大分県別府市南荘園町４９番３２号" }, "geometry": { "type": "Point", "coordinates": [ 131.48158, 33.287357 ] } },
{ "type": "Feature", "properties": { "ID": 4422035300000, "正式名称": "大分春日内科循環器・エコークリニック", "機関区分": 2, "都道府県コード": 44, "市区町村コード": 201, "所在地": "大分県大分市田室町６－１１", "緯度": 33.235809, "経度": 131.597784, "url": "https://www.iryou.teikyouseido.mhlw.go.jp/znk-web/juminkanja/S2430/initialize?prefCd=44&kikanCd=2035300000&kikanKbn=2", "url2": null, "内容": "大分春日内科循環器・エコークリニック【2:診療所】【診療科目:内科_循環器内科】大分県大分市田室町６－１１" }, "geometry": { "type": "Point", "coordinates": [ 131.597784, 33.235809 ] } },
{ "type": "Feature", "properties": { "ID": 4422035600000, "正式名称": "甲斐医院", "機関区分": 2, "都道府県コード": 44, "市区町村コード": 202, "所在地": "大分県別府市野口元町８番１０号", "緯度": 33.282314, "経度": 131.500556, "url": "https://www.iryou.teikyouseido.mhlw.go.jp/znk-web/juminkanja/S2430/initialize?prefCd=44&kikanCd=2035600000&kikanKbn=2", "url2": "https://www.kaiclinic.co/", "内容": "甲斐医院【2:診療所】【診療科目:内科】大分県別府市野口元町８番１０号" }, "geometry": { "type": "Point", "coordinates": [ 131.500556, 33.282314 ] } },
{ "type": "Feature", "properties": { "ID": 4422035900000, "正式名称": "おおたにクリニック", "機関区分": 2, "都道府県コード": 44, "市区町村コード": 203, "所在地": "大分県中津市沖代町二丁目１１９番２", "緯度": 33.586306, "経度": 131.198052, "url": "https://www.iryou.teikyouseido.mhlw.go.jp/znk-web/juminkanja/S2430/initialize?prefCd=44&kikanCd=2035900000&kikanKbn=2", "url2": "https://otani-cl.jp", "内容": "おおたにクリニック【2:診療所】【診療科目:内科_性感染症内科_腎臓内科_小児科_小児泌尿器科_泌尿器科_男性泌尿器科_神経泌尿器科_腎臓・泌尿器科_男性更年期障害】大分県中津市沖代町二丁目１１９番２" }, "geometry": { "type": "Point", "coordinates": [ 131.198052, 33.586306 ] } },
{ "type": "Feature", "properties": { "ID": 4422036400000, "正式名称": "すどクリニック", "機関区分": 2, "都道府県コード": 44, "市区町村コード": 205, "所在地": "大分県佐伯市長島町１丁目４番１６号", "緯度": 32.964384, "経度": 131.906084, "url": "https://www.iryou.teikyouseido.mhlw.go.jp/znk-web/juminkanja/S2430/initialize?prefCd=44&kikanCd=2036400000&kikanKbn=2", "url2": "http://www.saiki-sudoclinic.com", "内容": "すどクリニック【2:診療所】【診療科目:内科_消化器内科_内視鏡内科】大分県佐伯市長島町１丁目４番１６号" }, "geometry": { "type": "Point", "coordinates": [ 131.906084, 32.964384 ] } },
{ "type": "Feature", "properties": { "ID": 4422036500000, "正式名称": "三愛呼吸器クリニック", "機関区分": 2, "都道府県コード": 44, "市区町村コード": 201, "所在地": "大分県大分市田尻４１９番地の１", "緯度": 33.187447, "経度": 131.592628, "url": "https://www.iryou.teikyouseido.mhlw.go.jp/znk-web/juminkanja/S2430/initialize?prefCd=44&kikanCd=2036500000&kikanKbn=2", "url2": "http://kokyu-oita.com/", "内容": "三愛呼吸器クリニック【2:診療所】【診療科目:内科_呼吸器内科_リハビリテーション科】大分県大分市田尻４１９番地の１" }, "geometry": { "type": "Point", "coordinates": [ 131.592628, 33.187447 ] } },
{ "type": "Feature", "properties": { "ID": 4422037500000, "正式名称": "医療法人ＮＯＣ　ななせクリニック", "機関区分": 2, "都道府県コード": 44, "市区町村コード": 201, "所在地": "大分県大分市上宗方", "緯度": 33.199931, "経度": 131.583027, "url": "https://www.iryou.teikyouseido.mhlw.go.jp/znk-web/juminkanja/S2430/initialize?prefCd=44&kikanCd=2037500000&kikanKbn=2", "url2": null, "内容": "医療法人ＮＯＣ　ななせクリニック【2:診療所】【診療科目:整形外科_リウマチ科_リハビリテーション科】大分県大分市上宗方" }, "geometry": { "type": "Point", "coordinates": [ 131.583027, 33.199931 ] } },
{ "type": "Feature", "properties": { "ID": 4422037900000, "正式名称": "あきこ皮フ科クリニック", "機関区分": 2, "都道府県コード": 44, "市区町村コード": 201, "所在地": "大分県大分市東大道１丁目３番１号アクロスプラザ大分駅南２Ｆ", "緯度": 33.232847, "経度": 131.604765, "url": "https://www.iryou.teikyouseido.mhlw.go.jp/znk-web/juminkanja/S2430/initialize?prefCd=44&kikanCd=2037900000&kikanKbn=2", "url2": "https://akikosc.jp", "内容": "あきこ皮フ科クリニック【2:診療所】【診療科目:皮膚科_美容皮膚科】大分県大分市東大道１丁目３番１号アクロスプラザ大分駅南２Ｆ" }, "geometry": { "type": "Point", "coordinates": [ 131.604765, 33.232847 ] } },
{ "type": "Feature", "properties": { "ID": 4422038100000, "正式名称": "医療法人賢鶯会　西村内科クリニック", "機関区分": 2, "都道府県コード": 44, "市区町村コード": 201, "所在地": "大分県大分市明野北４丁目１番１号　山本ビル４階", "緯度": 33.225947, "経度": 131.656466, "url": "https://www.iryou.teikyouseido.mhlw.go.jp/znk-web/juminkanja/S2430/initialize?prefCd=44&kikanCd=2038100000&kikanKbn=2", "url2": null, "内容": "医療法人賢鶯会　西村内科クリニック【2:診療所】【診療科目:内科_呼吸器内科_循環器内科_消化器内科_胃腸内科_肝臓内科_内視鏡内科】大分県大分市明野北４丁目１番１号　山本ビル４階" }, "geometry": { "type": "Point", "coordinates": [ 131.656466, 33.225947 ] } },
{ "type": "Feature", "properties": { "ID": 4422038300000, "正式名称": "いまき眼科", "機関区分": 2, "都道府県コード": 44, "市区町村コード": 201, "所在地": "大分県大分市羽田２２４－１", "緯度": 33.219898, "経度": 131.635873, "url": "https://www.iryou.teikyouseido.mhlw.go.jp/znk-web/juminkanja/S2430/initialize?prefCd=44&kikanCd=2038300000&kikanKbn=2", "url2": "https://www.imakiganka.com", "内容": "いまき眼科【2:診療所】【診療科目:眼科】大分県大分市羽田２２４－１" }, "geometry": { "type": "Point", "coordinates": [ 131.635873, 33.219898 ] } },
{ "type": "Feature", "properties": { "ID": 4422038600000, "正式名称": "進耳鼻いんこう科クリニック", "機関区分": 2, "都道府県コード": 44, "市区町村コード": 203, "所在地": "大分県中津市古魚町１６８０", "緯度": 33.60288, "経度": 131.188063, "url": "https://www.iryou.teikyouseido.mhlw.go.jp/znk-web/juminkanja/S2430/initialize?prefCd=44&kikanCd=2038600000&kikanKbn=2", "url2": "https://www.shin-ent.jp", "内容": "進耳鼻いんこう科クリニック【2:診療所】【診療科目:小児耳鼻いんこう科_耳鼻いんこう科_頭頸部・耳鼻いんこう科】大分県中津市古魚町１６８０" }, "geometry": { "type": "Point", "coordinates": [ 131.188063, 33.60288 ] } },
{ "type": "Feature", "properties": { "ID": 4422038700000, "正式名称": "医療法人眞心会　寺尾こころクリニック", "機関区分": 2, "都道府県コード": 44, "市区町村コード": 204, "所在地": "大分県日田市元町１９－２４ＡＰＥＸビル６Ｆ", "緯度": 33.315933, "経度": 130.937869, "url": "https://www.iryou.teikyouseido.mhlw.go.jp/znk-web/juminkanja/S2430/initialize?prefCd=44&kikanCd=2038700000&kikanKbn=2", "url2": "https://terao-cocoro.com", "内容": "医療法人眞心会　寺尾こころクリニック【2:診療所】【診療科目:精神科_心療内科】大分県日田市元町１９－２４ＡＰＥＸビル６Ｆ" }, "geometry": { "type": "Point", "coordinates": [ 130.937869, 33.315933 ] } },
{ "type": "Feature", "properties": { "ID": 4422039200000, "正式名称": "あべ胃腸病内視鏡クリニック", "機関区分": 2, "都道府県コード": 44, "市区町村コード": 201, "所在地": "大分県大分市片島３９６番地の１", "緯度": 33.220581, "経度": 131.62514, "url": "https://www.iryou.teikyouseido.mhlw.go.jp/znk-web/juminkanja/S2430/initialize?prefCd=44&kikanCd=2039200000&kikanKbn=2", "url2": "http://www.abe-dig-endoscopy-cl.com", "内容": "あべ胃腸病内視鏡クリニック【2:診療所】【診療科目:内科_消化器内科】大分県大分市片島３９６番地の１" }, "geometry": { "type": "Point", "coordinates": [ 131.62514, 33.220581 ] } },
{ "type": "Feature", "properties": { "ID": 4422039300000, "正式名称": "医療法人惺光会　冨士本眼科　中津院", "機関区分": 2, "都道府県コード": 44, "市区町村コード": 203, "所在地": "大分県中津市島田本町４８番", "緯度": 33.60045, "経度": 131.189953, "url": "https://www.iryou.teikyouseido.mhlw.go.jp/znk-web/juminkanja/S2430/initialize?prefCd=44&kikanCd=2039300000&kikanKbn=2", "url2": "https://fujimoto-nakatsu-clinic.jp/", "内容": "医療法人惺光会　冨士本眼科　中津院【2:診療所】【診療科目:眼科】大分県中津市島田本町４８番" }, "geometry": { "type": "Point", "coordinates": [ 131.189953, 33.60045 ] } },
{ "type": "Feature", "properties": { "ID": 4422039800000, "正式名称": "在宅支援クリニックえがお", "機関区分": 2, "都道府県コード": 44, "市区町村コード": 205, "所在地": "大分県佐伯市池田２２６０ー１", "緯度": 32.945472, "経度": 131.896384, "url": "https://www.iryou.teikyouseido.mhlw.go.jp/znk-web/juminkanja/S2430/initialize?prefCd=44&kikanCd=2039800000&kikanKbn=2", "url2": "http://egaoclinic.jp/", "内容": "在宅支援クリニックえがお【2:診療所】【診療科目:内科_精神科_心療内科】大分県佐伯市池田２２６０ー１" }, "geometry": { "type": "Point", "coordinates": [ 131.896384, 32.945472 ] } },
{ "type": "Feature", "properties": { "ID": 4422041400000, "正式名称": "みゆきクリニック", "機関区分": 2, "都道府県コード": 44, "市区町村コード": 201, "所在地": "大分県大分市大字城原１７６９番５", "緯度": 33.23769, "経度": 131.728327, "url": "https://www.iryou.teikyouseido.mhlw.go.jp/znk-web/juminkanja/S2430/initialize?prefCd=44&kikanCd=2041400000&kikanKbn=2", "url2": "http://yu-seikai.jp", "内容": "みゆきクリニック【2:診療所】【診療科目:整形外科_リウマチ科_リハビリテーション科】大分県大分市大字城原１７６９番５" }, "geometry": { "type": "Point", "coordinates": [ 131.728327, 33.23769 ] } },
{ "type": "Feature", "properties": { "ID": 4422041500000, "正式名称": "高崎皮フ科", "機関区分": 2, "都道府県コード": 44, "市区町村コード": 203, "所在地": "大分県中津市下池永", "緯度": 33.587715, "経度": 131.2168, "url": "https://www.iryou.teikyouseido.mhlw.go.jp/znk-web/juminkanja/S2430/initialize?prefCd=44&kikanCd=2041500000&kikanKbn=2", "url2": "https://takasaki-skin.com", "内容": "高崎皮フ科【2:診療所】【診療科目:形成外科_皮膚科】大分県中津市下池永" }, "geometry": { "type": "Point", "coordinates": [ 131.2168, 33.587715 ] } },
{ "type": "Feature", "properties": { "ID": 4422041700000, "正式名称": "轟木整形外科", "機関区分": 2, "都道府県コード": 44, "市区町村コード": 211, "所在地": "大分県宇佐市南宇佐７６６", "緯度": 33.528821, "経度": 131.384189, "url": "https://www.iryou.teikyouseido.mhlw.go.jp/znk-web/juminkanja/S2430/initialize?prefCd=44&kikanCd=2041700000&kikanKbn=2", "url2": "https://todoroki-seikei.com/", "内容": "轟木整形外科【2:診療所】【診療科目:整形外科_美容外科_リハビリテーション科】大分県宇佐市南宇佐７６６" }, "geometry": { "type": "Point", "coordinates": [ 131.384189, 33.528821 ] } },
{ "type": "Feature", "properties": { "ID": 4422043200000, "正式名称": "立花漢方内科小児科", "機関区分": 2, "都道府県コード": 44, "市区町村コード": 201, "所在地": "大分県大分市西鶴崎２ー２ー４", "緯度": 33.242282, "経度": 131.683522, "url": "https://www.iryou.teikyouseido.mhlw.go.jp/znk-web/juminkanja/S2430/initialize?prefCd=44&kikanCd=2043200000&kikanKbn=2", "url2": "https://tatibanakanpounaika.com/", "内容": "立花漢方内科小児科【2:診療所】【診療科目:内科_漢方内科_小児科】大分県大分市西鶴崎２ー２ー４" }, "geometry": { "type": "Point", "coordinates": [ 131.683522, 33.242282 ] } },
{ "type": "Feature", "properties": { "ID": 4422043800000, "正式名称": "別府駅ゆのまち内科・胃と腸クリニック", "機関区分": 2, "都道府県コード": 44, "市区町村コード": 202, "所在地": "大分県別府市駅前町１２－１３", "緯度": 33.280079, "経度": 131.500703, "url": "https://www.iryou.teikyouseido.mhlw.go.jp/znk-web/juminkanja/S2430/initialize?prefCd=44&kikanCd=2043800000&kikanKbn=2", "url2": "https://yunomachi.clinic", "内容": "別府駅ゆのまち内科・胃と腸クリニック【2:診療所】【診療科目:内科_消化器内科_内視鏡内科】大分県別府市駅前町１２－１３" }, "geometry": { "type": "Point", "coordinates": [ 131.500703, 33.280079 ] } },
{ "type": "Feature", "properties": { "ID": 4422044900000, "正式名称": "なかがわ柳通りクリニック", "機関区分": 2, "都道府県コード": 44, "市区町村コード": 201, "所在地": "大分県大分市高松２ー６ー１０", "緯度": 33.247378, "経度": 131.656323, "url": "https://www.iryou.teikyouseido.mhlw.go.jp/znk-web/juminkanja/S2430/initialize?prefCd=44&kikanCd=2044900000&kikanKbn=2", "url2": "https://oita-nakagawa.jp", "内容": "なかがわ柳通りクリニック【2:診療所】【診療科目:内科_小児科_美容皮膚科_精神科_心療内科】大分県大分市高松２ー６ー１０" }, "geometry": { "type": "Point", "coordinates": [ 131.656323, 33.247378 ] } },
{ "type": "Feature", "properties": { "ID": 4422045000000, "正式名称": "ふじみ整形外科クリニック", "機関区分": 2, "都道府県コード": 44, "市区町村コード": 201, "所在地": "大分県大分市富士見が丘西１丁目３番２６号", "緯度": 33.181735, "経度": 131.541903, "url": "https://www.iryou.teikyouseido.mhlw.go.jp/znk-web/juminkanja/S2430/initialize?prefCd=44&kikanCd=2045000000&kikanKbn=2", "url2": "https://fujimiseikei.jp/", "内容": "ふじみ整形外科クリニック【2:診療所】【診療科目:整形外科_リウマチ科_リハビリテーション科】大分県大分市富士見が丘西１丁目３番２６号" }, "geometry": { "type": "Point", "coordinates": [ 131.541903, 33.181735 ] } },
{ "type": "Feature", "properties": { "ID": 4422045100000, "正式名称": "おかもと整形外科", "機関区分": 2, "都道府県コード": 44, "市区町村コード": 201, "所在地": "大分県大分市六坊北町６－７３－３", "緯度": 33.227931, "経度": 131.618208, "url": "https://www.iryou.teikyouseido.mhlw.go.jp/znk-web/juminkanja/S2430/initialize?prefCd=44&kikanCd=2045100000&kikanKbn=2", "url2": null, "内容": "おかもと整形外科【2:診療所】【診療科目:整形外科】大分県大分市六坊北町６－７３－３" }, "geometry": { "type": "Point", "coordinates": [ 131.618208, 33.227931 ] } },
{ "type": "Feature", "properties": { "ID": 4422045300000, "正式名称": "府内大橋こどもクリニック", "機関区分": 2, "都道府県コード": 44, "市区町村コード": 201, "所在地": "大分県大分市畑中２－６－６０", "緯度": 33.202199, "経度": 131.600879, "url": "https://www.iryou.teikyouseido.mhlw.go.jp/znk-web/juminkanja/S2430/initialize?prefCd=44&kikanCd=2045300000&kikanKbn=2", "url2": "https://funai-nanase.jp/", "内容": "府内大橋こどもクリニック【2:診療所】【診療科目:小児内科_小児科_児童精神科_アレルギー科】大分県大分市畑中２－６－６０" }, "geometry": { "type": "Point", "coordinates": [ 131.600879, 33.202199 ] } },
{ "type": "Feature", "properties": { "ID": 4422045900000, "正式名称": "医療法人　新生会　宇佐胃腸内科医院", "機関区分": 2, "都道府県コード": 44, "市区町村コード": 211, "所在地": "大分県宇佐市江須賀", "緯度": 33.557543, "経度": 131.356959, "url": "https://www.iryou.teikyouseido.mhlw.go.jp/znk-web/juminkanja/S2430/initialize?prefCd=44&kikanCd=2045900000&kikanKbn=2", "url2": "http://usaicho-hosp.jp", "内容": "医療法人　新生会　宇佐胃腸内科医院【2:診療所】【診療科目:内科_消化器内科_外科_消化器外科_肛門外科_皮膚科】大分県宇佐市江須賀" }, "geometry": { "type": "Point", "coordinates": [ 131.356959, 33.557543 ] } },
{ "type": "Feature", "properties": { "ID": 4422046000000, "正式名称": "宇佐メディカルクリニック", "機関区分": 2, "都道府県コード": 44, "市区町村コード": 211, "所在地": "大分県宇佐市辛島２９８の２", "緯度": 33.531888, "経度": 131.337174, "url": "https://www.iryou.teikyouseido.mhlw.go.jp/znk-web/juminkanja/S2430/initialize?prefCd=44&kikanCd=2046000000&kikanKbn=2", "url2": "https://usa-medical-clinic.com/", "内容": "宇佐メディカルクリニック【2:診療所】【診療科目:内科_消化器内科_肝臓内科】大分県宇佐市辛島２９８の２" }, "geometry": { "type": "Point", "coordinates": [ 131.337174, 33.531888 ] } },
{ "type": "Feature", "properties": { "ID": 4422046100000, "正式名称": "しまだ皮ふ科クリニック", "機関区分": 2, "都道府県コード": 44, "市区町村コード": 201, "所在地": "大分県大分市田尻４２５－１", "緯度": 33.188074, "経度": 131.592122, "url": "https://www.iryou.teikyouseido.mhlw.go.jp/znk-web/juminkanja/S2430/initialize?prefCd=44&kikanCd=2046100000&kikanKbn=2", "url2": "https://shimada-hifuka-clinic.jp/", "内容": "しまだ皮ふ科クリニック【2:診療所】【診療科目:小児皮膚科_皮膚科】大分県大分市田尻４２５－１" }, "geometry": { "type": "Point", "coordinates": [ 131.592122, 33.188074 ] } },
{ "type": "Feature", "properties": { "ID": 4422046500000, "正式名称": "中山レディースクリニック", "機関区分": 2, "都道府県コード": 44, "市区町村コード": 202, "所在地": "大分県別府市石垣西４丁目１１１０番", "緯度": 33.295127, "経度": 131.495291, "url": "https://www.iryou.teikyouseido.mhlw.go.jp/znk-web/juminkanja/S2430/initialize?prefCd=44&kikanCd=2046500000&kikanKbn=2", "url2": null, "内容": "中山レディースクリニック【2:診療所】【診療科目:婦人科】大分県別府市石垣西４丁目１１１０番" }, "geometry": { "type": "Point", "coordinates": [ 131.495291, 33.295127 ] } },
{ "type": "Feature", "properties": { "ID": 4422046600000, "正式名称": "皮フ科　河野クリニック", "機関区分": 2, "都道府県コード": 44, "市区町村コード": 202, "所在地": "大分県別府市荘園１－１", "緯度": 33.292345, "経度": 131.48211, "url": "https://www.iryou.teikyouseido.mhlw.go.jp/znk-web/juminkanja/S2430/initialize?prefCd=44&kikanCd=2046600000&kikanKbn=2", "url2": null, "内容": "皮フ科　河野クリニック【2:診療所】【診療科目:皮膚科_美容皮膚科】大分県別府市荘園１－１" }, "geometry": { "type": "Point", "coordinates": [ 131.48211, 33.292345 ] } },
{ "type": "Feature", "properties": { "ID": 4422047900000, "正式名称": "秋本こどもクリニック", "機関区分": 2, "都道府県コード": 44, "市区町村コード": 203, "所在地": "大分県中津市大貞３７１－５２", "緯度": 33.563973, "経度": 131.206049, "url": "https://www.iryou.teikyouseido.mhlw.go.jp/znk-web/juminkanja/S2430/initialize?prefCd=44&kikanCd=2047900000&kikanKbn=2", "url2": "https://akimoto-child.com/", "内容": "秋本こどもクリニック【2:診療所】【診療科目:小児科_アレルギー科】大分県中津市大貞３７１－５２" }, "geometry": { "type": "Point", "coordinates": [ 131.206049, 33.563973 ] } },
{ "type": "Feature", "properties": { "ID": 4422049400000, "正式名称": "銀座美容クリニック大分院", "機関区分": 2, "都道府県コード": 44, "市区町村コード": 201, "所在地": "大分県大分市金池町２丁目１番１９号大分駅前ビル５Ｆ", "緯度": 33.234534, "経度": 131.607982, "url": "https://www.iryou.teikyouseido.mhlw.go.jp/znk-web/juminkanja/S2430/initialize?prefCd=44&kikanCd=2049400000&kikanKbn=2", "url2": "https://f-clinic-oita.com/", "内容": "銀座美容クリニック大分院【2:診療所】【診療科目:内科_形成外科_美容外科_美容皮膚科】大分県大分市金池町２丁目１番１９号大分駅前ビル５Ｆ" }, "geometry": { "type": "Point", "coordinates": [ 131.607982, 33.234534 ] } },
{ "type": "Feature", "properties": { "ID": 4422049600000, "正式名称": "大分整形金池診療所　リハランド", "機関区分": 2, "都道府県コード": 44, "市区町村コード": 201, "所在地": "大分県大分市金池町三丁目１番７７号", "緯度": 33.232588, "経度": 131.612486, "url": "https://www.iryou.teikyouseido.mhlw.go.jp/znk-web/juminkanja/S2430/initialize?prefCd=44&kikanCd=2049600000&kikanKbn=2", "url2": "https://rehaland.oitaseikei.jp/", "内容": "大分整形金池診療所　リハランド【2:診療所】【診療科目:整形外科_リハビリテーション科_麻酔科】大分県大分市金池町三丁目１番７７号" }, "geometry": { "type": "Point", "coordinates": [ 131.612486, 33.232588 ] } },
{ "type": "Feature", "properties": { "ID": 4422049900000, "正式名称": "府内ハートフルクリニック", "機関区分": 2, "都道府県コード": 44, "市区町村コード": 201, "所在地": "大分県大分市府内町１丁目１ー２０トイビル２階", "緯度": 33.235585, "経度": 131.608885, "url": "https://www.iryou.teikyouseido.mhlw.go.jp/znk-web/juminkanja/S2430/initialize?prefCd=44&kikanCd=2049900000&kikanKbn=2", "url2": "https://heartful.clinic/access/", "内容": "府内ハートフルクリニック【2:診療所】【診療科目:精神科_心療内科】大分県大分市府内町１丁目１ー２０トイビル２階" }, "geometry": { "type": "Point", "coordinates": [ 131.608885, 33.235585 ] } },
{ "type": "Feature", "properties": { "ID": 4422050000000, "正式名称": "ほんだ肝臓・胃腸内科クリニック", "機関区分": 2, "都道府県コード": 44, "市区町村コード": 201, "所在地": "大分県大分市森町５０１－１", "緯度": 33.226826, "経度": 131.681437, "url": "https://www.iryou.teikyouseido.mhlw.go.jp/znk-web/juminkanja/S2430/initialize?prefCd=44&kikanCd=2050000000&kikanKbn=2", "url2": null, "内容": "ほんだ肝臓・胃腸内科クリニック【2:診療所】【診療科目:内科_胃腸内科_肝臓内科_内視鏡内科】大分県大分市森町５０１－１" }, "geometry": { "type": "Point", "coordinates": [ 131.681437, 33.226826 ] } },
{ "type": "Feature", "properties": { "ID": 4422050700000, "正式名称": "すみれレディースクリニック", "機関区分": 2, "都道府県コード": 44, "市区町村コード": 201, "所在地": "大分県大分市中央町１－３－１２　大一マートビル２階", "緯度": 33.236926, "経度": 131.606714, "url": "https://www.iryou.teikyouseido.mhlw.go.jp/znk-web/juminkanja/S2430/initialize?prefCd=44&kikanCd=2050700000&kikanKbn=2", "url2": "https://sumire-lc.com/", "内容": "すみれレディースクリニック【2:診療所】【診療科目:内科_婦人科】大分県大分市中央町１－３－１２　大一マートビル２階" }, "geometry": { "type": "Point", "coordinates": [ 131.606714, 33.236926 ] } },
{ "type": "Feature", "properties": { "ID": 4422050800000, "正式名称": "ヒカリノ診療所", "機関区分": 2, "都道府県コード": 44, "市区町村コード": 201, "所在地": "大分県大分市寒田９４４番地３芝崎ビル１階１０１号", "緯度": 33.187012, "経度": 131.605761, "url": "https://www.iryou.teikyouseido.mhlw.go.jp/znk-web/juminkanja/S2430/initialize?prefCd=44&kikanCd=2050800000&kikanKbn=2", "url2": "http://hikarino.clinic", "内容": "ヒカリノ診療所【2:診療所】【診療科目:内科】大分県大分市寒田９４４番地３芝崎ビル１階１０１号" }, "geometry": { "type": "Point", "coordinates": [ 131.605761, 33.187012 ] } },
{ "type": "Feature", "properties": { "ID": 4422051300000, "正式名称": "しみず在宅内科クリニック", "機関区分": 2, "都道府県コード": 44, "市区町村コード": 201, "所在地": "大分県大分市大字猪野８２２－１", "緯度": 33.229706, "経度": 131.665639, "url": "https://www.iryou.teikyouseido.mhlw.go.jp/znk-web/juminkanja/S2430/initialize?prefCd=44&kikanCd=2051300000&kikanKbn=2", "url2": null, "内容": "しみず在宅内科クリニック【2:診療所】【診療科目:内科_呼吸器内科】大分県大分市大字猪野８２２－１" }, "geometry": { "type": "Point", "coordinates": [ 131.665639, 33.229706 ] } },
{ "type": "Feature", "properties": { "ID": 4422051400000, "正式名称": "にしお呼吸器内科・アレルギークリニック", "機関区分": 2, "都道府県コード": 44, "市区町村コード": 201, "所在地": "大分県大分市大字駄原２８８１－８２", "緯度": 33.231463, "経度": 131.591277, "url": "https://www.iryou.teikyouseido.mhlw.go.jp/znk-web/juminkanja/S2430/initialize?prefCd=44&kikanCd=2051400000&kikanKbn=2", "url2": "https://nishio-rac.com", "内容": "にしお呼吸器内科・アレルギークリニック【2:診療所】【診療科目:内科_呼吸器内科_アレルギー科】大分県大分市大字駄原２８８１－８２" }, "geometry": { "type": "Point", "coordinates": [ 131.591277, 33.231463 ] } },
{ "type": "Feature", "properties": { "ID": 4422051900000, "正式名称": "医療法人　順橙会　山上内科医院", "機関区分": 2, "都道府県コード": 44, "市区町村コード": 203, "所在地": "大分県中津市大貞２５２－１", "緯度": 33.569079, "経度": 131.215736, "url": "https://www.iryou.teikyouseido.mhlw.go.jp/znk-web/juminkanja/S2430/initialize?prefCd=44&kikanCd=2051900000&kikanKbn=2", "url2": "https://www.yamagami-naika.com/access", "内容": "医療法人　順橙会　山上内科医院【2:診療所】【診療科目:内科_呼吸器内科_循環器内科_消化器内科】大分県中津市大貞２５２－１" }, "geometry": { "type": "Point", "coordinates": [ 131.215736, 33.569079 ] } },
{ "type": "Feature", "properties": { "ID": 4422052400000, "正式名称": "はまさきクリニック", "機関区分": 2, "都道府県コード": 44, "市区町村コード": 201, "所在地": "大分県大分市東大道２丁目３番１６号", "緯度": 33.2294, "経度": 131.60145, "url": "https://www.iryou.teikyouseido.mhlw.go.jp/znk-web/juminkanja/S2430/initialize?prefCd=44&kikanCd=2052400000&kikanKbn=2", "url2": "https://hamasakiclinic.com", "内容": "はまさきクリニック【2:診療所】【診療科目:内科_婦人科_リウマチ科】大分県大分市東大道２丁目３番１６号" }, "geometry": { "type": "Point", "coordinates": [ 131.60145, 33.2294 ] } },
{ "type": "Feature", "properties": { "ID": 4422053900000, "正式名称": "湘南美容クリニック大分院", "機関区分": 2, "都道府県コード": 44, "市区町村コード": 201, "所在地": "大分県大分市中央町一丁目２番１７号　大分オーパ３階", "緯度": 33.236164, "経度": 131.606869, "url": "https://www.iryou.teikyouseido.mhlw.go.jp/znk-web/juminkanja/S2430/initialize?prefCd=44&kikanCd=2053900000&kikanKbn=2", "url2": "https://www.s-b-c.net/clinic/branch/oita/", "内容": "湘南美容クリニック大分院【2:診療所】【診療科目:美容外科_美容皮膚科】大分県大分市中央町一丁目２番１７号　大分オーパ３階" }, "geometry": { "type": "Point", "coordinates": [ 131.606869, 33.236164 ] } },
{ "type": "Feature", "properties": { "ID": 4422055200000, "正式名称": "せきぐち赤ちゃんこどもクリニック", "機関区分": 2, "都道府県コード": 44, "市区町村コード": 201, "所在地": "大分県大分市高松１丁目１－２", "緯度": 33.244552, "経度": 131.654795, "url": "https://www.iryou.teikyouseido.mhlw.go.jp/znk-web/juminkanja/S2430/initialize?prefCd=44&kikanCd=2055200000&kikanKbn=2", "url2": null, "内容": "せきぐち赤ちゃんこどもクリニック【2:診療所】【診療科目:小児科_新生児内科_アレルギー科】大分県大分市高松１丁目１－２" }, "geometry": { "type": "Point", "coordinates": [ 131.654795, 33.244552 ] } },
{ "type": "Feature", "properties": { "ID": 4422055800000, "正式名称": "医療法人大晴会　べっぷ在宅・訪問クリニック", "機関区分": 2, "都道府県コード": 44, "市区町村コード": 202, "所在地": "大分県別府市荘園９組１　セスナビル３階", "緯度": 33.293193, "経度": 131.484479, "url": "https://www.iryou.teikyouseido.mhlw.go.jp/znk-web/juminkanja/S2430/initialize?prefCd=44&kikanCd=2055800000&kikanKbn=2", "url2": "http://www.beppu.dai-seikai.net", "内容": "医療法人大晴会　べっぷ在宅・訪問クリニック【2:診療所】【診療科目:内科】大分県別府市荘園９組１　セスナビル３階" }, "geometry": { "type": "Point", "coordinates": [ 131.484479, 33.293193 ] } },
{ "type": "Feature", "properties": { "ID": 4422055900000, "正式名称": "ひの眼科・皮フ科", "機関区分": 2, "都道府県コード": 44, "市区町村コード": 201, "所在地": "大分県大分市高松１丁目１番１号", "緯度": 33.244415, "経度": 131.654552, "url": "https://www.iryou.teikyouseido.mhlw.go.jp/znk-web/juminkanja/S2430/initialize?prefCd=44&kikanCd=2055900000&kikanKbn=2", "url2": "https://hinoeands.com", "内容": "ひの眼科・皮フ科【2:診療所】【診療科目:眼科_皮膚科】大分県大分市高松１丁目１番１号" }, "geometry": { "type": "Point", "coordinates": [ 131.654552, 33.244415 ] } },
{ "type": "Feature", "properties": { "ID": 4422056000000, "正式名称": "ブランクリニック大分院", "機関区分": 2, "都道府県コード": 44, "市区町村コード": 201, "所在地": "大分県大分市中央町１ー４ー２オフィスニューガイアＴＩＣ大分ビル３階", "緯度": 33.23803, "経度": 131.60652, "url": "https://www.iryou.teikyouseido.mhlw.go.jp/znk-web/juminkanja/S2430/initialize?prefCd=44&kikanCd=2056000000&kikanKbn=2", "url2": "https://bccl.jp/about2/ooita/", "内容": "ブランクリニック大分院【2:診療所】【診療科目:皮膚科_美容皮膚科】大分県大分市中央町１ー４ー２オフィスニューガイアＴＩＣ大分ビル３階" }, "geometry": { "type": "Point", "coordinates": [ 131.60652, 33.23803 ] } },
{ "type": "Feature", "properties": { "ID": 4422056200000, "正式名称": "ごとう内科・脳神経内科", "機関区分": 2, "都道府県コード": 44, "市区町村コード": 201, "所在地": "大分県大分市中央町２－５－３セントポルタビル２階", "緯度": 33.236454, "経度": 131.606093, "url": "https://www.iryou.teikyouseido.mhlw.go.jp/znk-web/juminkanja/S2430/initialize?prefCd=44&kikanCd=2056200000&kikanKbn=2", "url2": "https://www.gotoneuroclinic.com/", "内容": "ごとう内科・脳神経内科【2:診療所】【診療科目:内科_脳神経内科_神経内科_リハビリテーション科】大分県大分市中央町２－５－３セントポルタビル２階" }, "geometry": { "type": "Point", "coordinates": [ 131.606093, 33.236454 ] } },
{ "type": "Feature", "properties": { "ID": 4422056800000, "正式名称": "ＴＣＢ　東京中央美容外科・ＴＣＢ　スキンクリニック　大分院", "機関区分": 2, "都道府県コード": 44, "市区町村コード": 201, "所在地": "大分県大分市府内町２丁目１−４トキハ会館２階", "緯度": 33.237113, "経度": 131.611072, "url": "https://www.iryou.teikyouseido.mhlw.go.jp/znk-web/juminkanja/S2430/initialize?prefCd=44&kikanCd=2056800000&kikanKbn=2", "url2": null, "内容": "ＴＣＢ　東京中央美容外科・ＴＣＢ　スキンクリニック　大分院【2:診療所】【診療科目:形成外科_美容外科_皮膚科_美容皮膚科】大分県大分市府内町２丁目１−４トキハ会館２階" }, "geometry": { "type": "Point", "coordinates": [ 131.611072, 33.237113 ] } },
{ "type": "Feature", "properties": { "ID": 4422056900000, "正式名称": "久保田アネックスクリニック", "機関区分": 2, "都道府県コード": 44, "市区町村コード": 201, "所在地": "大分県大分市千歳１７７０番地５有料老人ホーム陽だまりの丘４階", "緯度": 33.2376686, "経度": 131.6690968, "url": "https://www.iryou.teikyouseido.mhlw.go.jp/znk-web/juminkanja/S2430/initialize?prefCd=44&kikanCd=2056900000&kikanKbn=2", "url2": null, "内容": "久保田アネックスクリニック【2:診療所】【診療科目:内科】大分県大分市千歳１７７０番地５有料老人ホーム陽だまりの丘４階" }, "geometry": { "type": "Point", "coordinates": [ 131.6690968, 33.2376686 ] } },
{ "type": "Feature", "properties": { "ID": 4422057200000, "正式名称": "エミナルクリニック大分院", "機関区分": 2, "都道府県コード": 44, "市区町村コード": 201, "所在地": "大分県大分市中央町１丁目１−２０ニューガイア大分駅前ＢＬＤＧ７階", "緯度": 33.23645, "経度": 131.606692, "url": "https://www.iryou.teikyouseido.mhlw.go.jp/znk-web/juminkanja/S2430/initialize?prefCd=44&kikanCd=2057200000&kikanKbn=2", "url2": null, "内容": "エミナルクリニック大分院【2:診療所】【診療科目:美容皮膚科】大分県大分市中央町１丁目１−２０ニューガイア大分駅前ＢＬＤＧ７階" }, "geometry": { "type": "Point", "coordinates": [ 131.606692, 33.23645 ] } },
{ "type": "Feature", "properties": { "ID": 4422057400000, "正式名称": "おかさんクリニック", "機関区分": 2, "都道府県コード": 44, "市区町村コード": 201, "所在地": "大分県大分市南鶴崎二丁目７番３４号", "緯度": 33.238889, "経度": 131.688889, "url": "https://www.iryou.teikyouseido.mhlw.go.jp/znk-web/juminkanja/S2430/initialize?prefCd=44&kikanCd=2057400000&kikanKbn=2", "url2": "https://okasan-clinic.com", "内容": "おかさんクリニック【2:診療所】【診療科目:ペインクリニック外科_整形外科_麻酔科】大分県大分市南鶴崎二丁目７番３４号" }, "geometry": { "type": "Point", "coordinates": [ 131.688889, 33.238889 ] } },
{ "type": "Feature", "properties": { "ID": 4422058000000, "正式名称": "社会医療法人　長門莫記念会　長門在宅リハビリテーションクリニック", "機関区分": 2, "都道府県コード": 44, "市区町村コード": 205, "所在地": "大分県佐伯市鶴岡町１丁目６番３号", "緯度": 32.958206, "経度": 131.883119, "url": "https://www.iryou.teikyouseido.mhlw.go.jp/znk-web/juminkanja/S2430/initialize?prefCd=44&kikanCd=2058000000&kikanKbn=2", "url2": "https://www.nagato.or.jp/index.html", "内容": "社会医療法人　長門莫記念会　長門在宅リハビリテーションクリニック【2:診療所】【診療科目:内科_糖尿病内科_脂質代謝内科_消化器内科_胃腸内科】大分県佐伯市鶴岡町１丁目６番３号" }, "geometry": { "type": "Point", "coordinates": [ 131.883119, 32.958206 ] } },
{ "type": "Feature", "properties": { "ID": 4422058200000, "正式名称": "ふるさとクリニック", "機関区分": 2, "都道府県コード": 44, "市区町村コード": 201, "所在地": "大分県大分市南春日町２－３０コーポ大塚　Ｉ　４０２号室", "緯度": 33.237408, "経度": 131.596119, "url": "https://www.iryou.teikyouseido.mhlw.go.jp/znk-web/juminkanja/S2430/initialize?prefCd=44&kikanCd=2058200000&kikanKbn=2", "url2": null, "内容": "ふるさとクリニック【2:診療所】【診療科目:内科_皮膚科_精神科】大分県大分市南春日町２－３０コーポ大塚　Ｉ　４０２号室" }, "geometry": { "type": "Point", "coordinates": [ 131.596119, 33.237408 ] } },
{ "type": "Feature", "properties": { "ID": 4422058400000, "正式名称": "医療法人社団青樹会　大分メンタルクリニック", "機関区分": 2, "都道府県コード": 44, "市区町村コード": 201, "所在地": "大分県大分市中央町２丁目７番２２号ピアッツァ・ドゥオーモ２Ｆ（２０２号）", "緯度": 33.237827, "経度": 131.605664, "url": "https://www.iryou.teikyouseido.mhlw.go.jp/znk-web/juminkanja/S2430/initialize?prefCd=44&kikanCd=2058400000&kikanKbn=2", "url2": null, "内容": "医療法人社団青樹会　大分メンタルクリニック【2:診療所】【診療科目:精神科_心療内科】大分県大分市中央町２丁目７番２２号ピアッツァ・ドゥオーモ２Ｆ（２０２号）" }, "geometry": { "type": "Point", "coordinates": [ 131.605664, 33.237827 ] } },
{ "type": "Feature", "properties": { "ID": 4422058700000, "正式名称": "医療法人ゆうき皮ふ科クリニック", "機関区分": 2, "都道府県コード": 44, "市区町村コード": 206, "所在地": "大分県臼杵市大字市浜７４３－９", "緯度": 33.123678, "経度": 131.795281, "url": "https://www.iryou.teikyouseido.mhlw.go.jp/znk-web/juminkanja/S2430/initialize?prefCd=44&kikanCd=2058700000&kikanKbn=2", "url2": "https://yuki-hifu.jp/", "内容": "医療法人ゆうき皮ふ科クリニック【2:診療所】【診療科目:皮膚科】大分県臼杵市大字市浜７４３－９" }, "geometry": { "type": "Point", "coordinates": [ 131.795281, 33.123678 ] } },
{ "type": "Feature", "properties": { "ID": 4422058900000, "正式名称": "佐藤とよかわクリニック", "機関区分": 2, "都道府県コード": 44, "市区町村コード": 211, "所在地": "大分県宇佐市中原３４７番地", "緯度": 33.516196, "経度": 131.336265, "url": "https://www.iryou.teikyouseido.mhlw.go.jp/znk-web/juminkanja/S2430/initialize?prefCd=44&kikanCd=2058900000&kikanKbn=2", "url2": "https://uni-fro.jp/sato/", "内容": "佐藤とよかわクリニック【2:診療所】【診療科目:内科_小児科_耳鼻いんこう科_精神科_心療内科】大分県宇佐市中原３４７番地" }, "geometry": { "type": "Point", "coordinates": [ 131.336265, 33.516196 ] } },
{ "type": "Feature", "properties": { "ID": 4422059000000, "正式名称": "大分東耳鼻咽喉科", "機関区分": 2, "都道府県コード": 44, "市区町村コード": 201, "所在地": "大分県大分市猪野１０７６", "緯度": 33.227936, "経度": 131.664778, "url": "https://www.iryou.teikyouseido.mhlw.go.jp/znk-web/juminkanja/S2430/initialize?prefCd=44&kikanCd=2059000000&kikanKbn=2", "url2": "https://oita-east-ent.jimdofree.com/", "内容": "大分東耳鼻咽喉科【2:診療所】【診療科目:耳鼻いんこう科】大分県大分市猪野１０７６" }, "geometry": { "type": "Point", "coordinates": [ 131.664778, 33.227936 ] } },
{ "type": "Feature", "properties": { "ID": 4422059100000, "正式名称": "おおつか内科クリニック", "機関区分": 2, "都道府県コード": 44, "市区町村コード": 201, "所在地": "大分県大分市横田７５－１", "緯度": 33.244835, "経度": 131.716043, "url": "https://www.iryou.teikyouseido.mhlw.go.jp/znk-web/juminkanja/S2430/initialize?prefCd=44&kikanCd=2059100000&kikanKbn=2", "url2": null, "内容": "おおつか内科クリニック【2:診療所】【診療科目:内科_消化器内科_内視鏡内科】大分県大分市横田７５－１" }, "geometry": { "type": "Point", "coordinates": [ 131.716043, 33.244835 ] } },
{ "type": "Feature", "properties": { "ID": 4422059200000, "正式名称": "医療法人　豊山会　渓和ファミリークリニック", "機関区分": 2, "都道府県コード": 44, "市区町村コード": 461, "所在地": "大分県玖珠郡九重町町田字瀧ノ尻９１０番地１", "緯度": 33.230918, "経度": 131.181831, "url": "https://www.iryou.teikyouseido.mhlw.go.jp/znk-web/juminkanja/S2430/initialize?prefCd=44&kikanCd=2059200000&kikanKbn=2", "url2": "https://careport-keiwa.jp/kanren", "内容": "医療法人　豊山会　渓和ファミリークリニック【2:診療所】【診療科目:内科_泌尿器科】大分県玖珠郡九重町町田字瀧ノ尻９１０番地１" }, "geometry": { "type": "Point", "coordinates": [ 131.181831, 33.230918 ] } },
{ "type": "Feature", "properties": { "ID": 4422059300000, "正式名称": "わたなべ整形外科クリニック", "機関区分": 2, "都道府県コード": 44, "市区町村コード": 203, "所在地": "大分県中津市大字加来字加来原２２８３番地２０１", "緯度": 33.559721, "経度": 131.202505, "url": "https://www.iryou.teikyouseido.mhlw.go.jp/znk-web/juminkanja/S2430/initialize?prefCd=44&kikanCd=2059300000&kikanKbn=2", "url2": "https://www.watanabe-seikei.org/", "内容": "わたなべ整形外科クリニック【2:診療所】【診療科目:整形外科】大分県中津市大字加来字加来原２２８３番地２０１" }, "geometry": { "type": "Point", "coordinates": [ 131.202505, 33.559721 ] } },
{ "type": "Feature", "properties": { "ID": 4422059500000, "正式名称": "岩男医院", "機関区分": 2, "都道府県コード": 44, "市区町村コード": 213, "所在地": "大分県由布市湯布院町川上３０５９番地１", "緯度": 33.265891, "経度": 131.358252, "url": "https://www.iryou.teikyouseido.mhlw.go.jp/znk-web/juminkanja/S2430/initialize?prefCd=44&kikanCd=2059500000&kikanKbn=2", "url2": "https://iwao-hosp.com/", "内容": "岩男医院【2:診療所】【診療科目:内科_呼吸器内科_消化器内科_人工透析内科_外科_整形外科_リハビリテーション科】大分県由布市湯布院町川上３０５９番地１" }, "geometry": { "type": "Point", "coordinates": [ 131.358252, 33.265891 ] } },
{ "type": "Feature", "properties": { "ID": 4422059700000, "正式名称": "そまだ胃腸内科クリニック", "機関区分": 2, "都道府県コード": 44, "市区町村コード": 201, "所在地": "大分県大分市王子中町４－１", "緯度": 33.212222, "経度": 131.6417, "url": "https://www.iryou.teikyouseido.mhlw.go.jp/znk-web/juminkanja/S2430/initialize?prefCd=44&kikanCd=2059700000&kikanKbn=2", "url2": null, "内容": "そまだ胃腸内科クリニック【2:診療所】【診療科目:内科_消化器内科_内視鏡内科】大分県大分市王子中町４－１" }, "geometry": { "type": "Point", "coordinates": [ 131.6417, 33.212222 ] } },
{ "type": "Feature", "properties": { "ID": 4422059900000, "正式名称": "日田ごうばる耳鼻科・アレルギー科", "機関区分": 2, "都道府県コード": 44, "市区町村コード": 204, "所在地": "大分県日田市大字十二町３３６番地ー１", "緯度": 33.322772, "経度": 130.919194, "url": "https://www.iryou.teikyouseido.mhlw.go.jp/znk-web/juminkanja/S2430/initialize?prefCd=44&kikanCd=2059900000&kikanKbn=2", "url2": null, "内容": "日田ごうばる耳鼻科・アレルギー科【2:診療所】【診療科目:耳鼻いんこう科】大分県日田市大字十二町３３６番地ー１" }, "geometry": { "type": "Point", "coordinates": [ 130.919194, 33.322772 ] } },
{ "type": "Feature", "properties": { "ID": 4422060000000, "正式名称": "桜レディースクリニック大分駅前", "機関区分": 2, "都道府県コード": 44, "市区町村コード": 201, "所在地": "大分県大分市中央町２丁目１ー１７ブンゴヤ薬局本社ビル４階", "緯度": 33.235897, "経度": 131.605723, "url": "https://www.iryou.teikyouseido.mhlw.go.jp/znk-web/juminkanja/S2430/initialize?prefCd=44&kikanCd=2060000000&kikanKbn=2", "url2": "https://sakura-oita-lc.com", "内容": "桜レディースクリニック大分駅前【2:診療所】【診療科目:産婦人科】大分県大分市中央町２丁目１ー１７ブンゴヤ薬局本社ビル４階" }, "geometry": { "type": "Point", "coordinates": [ 131.605723, 33.235897 ] } },
{ "type": "Feature", "properties": { "ID": 4422060100000, "正式名称": "松亀クリニック", "機関区分": 2, "都道府県コード": 44, "市区町村コード": 201, "所在地": "大分県大分市南春日町２－３０コーポ大塚　Ｉ　４０２号室", "緯度": 33.237408, "経度": 131.596119, "url": "https://www.iryou.teikyouseido.mhlw.go.jp/znk-web/juminkanja/S2430/initialize?prefCd=44&kikanCd=2060100000&kikanKbn=2", "url2": null, "内容": "松亀クリニック【2:診療所】【診療科目:内科_皮膚科_精神科】大分県大分市南春日町２－３０コーポ大塚　Ｉ　４０２号室" }, "geometry": { "type": "Point", "coordinates": [ 131.596119, 33.237408 ] } },
{ "type": "Feature", "properties": { "ID": 4422060200000, "正式名称": "おおいたペインクリニック", "機関区分": 2, "都道府県コード": 44, "市区町村コード": 201, "所在地": "大分県大分市玉沢６９６－４", "緯度": 33.186408, "経度": 131.579743, "url": "https://www.iryou.teikyouseido.mhlw.go.jp/znk-web/juminkanja/S2430/initialize?prefCd=44&kikanCd=2060200000&kikanKbn=2", "url2": "https://oitapain.com/", "内容": "おおいたペインクリニック【2:診療所】【診療科目:ペインクリニック内科_ペインクリニック外科_麻酔科】大分県大分市玉沢６９６－４" }, "geometry": { "type": "Point", "coordinates": [ 131.579743, 33.186408 ] } },
{ "type": "Feature", "properties": { "ID": 4422060600000, "正式名称": "医療法人　安武医院", "機関区分": 2, "都道府県コード": 44, "市区町村コード": 201, "所在地": "大分県大分市今津留１丁目３－１４", "緯度": 33.24057, "経度": 131.62531, "url": "https://www.iryou.teikyouseido.mhlw.go.jp/znk-web/juminkanja/S2430/initialize?prefCd=44&kikanCd=2060600000&kikanKbn=2", "url2": "https://yasutake-clinic.jp/index.html", "内容": "医療法人　安武医院【2:診療所】【診療科目:整形外科_産婦人科_リハビリテーション科】大分県大分市今津留１丁目３－１４" }, "geometry": { "type": "Point", "coordinates": [ 131.62531, 33.24057 ] } },
{ "type": "Feature", "properties": { "ID": 4422060700000, "正式名称": "わきさかクリニック　循環器内科・内科", "機関区分": 2, "都道府県コード": 44, "市区町村コード": 201, "所在地": "大分県大分市森町西１丁目１－２", "緯度": 33.232007, "経度": 131.6763, "url": "https://www.iryou.teikyouseido.mhlw.go.jp/znk-web/juminkanja/S2430/initialize?prefCd=44&kikanCd=2060700000&kikanKbn=2", "url2": "https://wakisaka-heart.com/", "内容": "わきさかクリニック　循環器内科・内科【2:診療所】【診療科目:内科_循環器内科】大分県大分市森町西１丁目１－２" }, "geometry": { "type": "Point", "coordinates": [ 131.6763, 33.232007 ] } },
{ "type": "Feature", "properties": { "ID": 4422061200000, "正式名称": "内科小野医院", "機関区分": 2, "都道府県コード": 44, "市区町村コード": 201, "所在地": "大分県大分市上野町１３－４８", "緯度": 33.225967, "経度": 131.613361, "url": "https://www.iryou.teikyouseido.mhlw.go.jp/znk-web/juminkanja/S2430/initialize?prefCd=44&kikanCd=2061200000&kikanKbn=2", "url2": null, "内容": "内科小野医院【2:診療所】【診療科目:内科】大分県大分市上野町１３－４８" }, "geometry": { "type": "Point", "coordinates": [ 131.613361, 33.225967 ] } },
{ "type": "Feature", "properties": { "ID": 4422061600000, "正式名称": "松本整形外科クリニック", "機関区分": 2, "都道府県コード": 44, "市区町村コード": 341, "所在地": "大分県速見郡日出町３８７０ー３", "緯度": 33.374097, "経度": 131.534113, "url": "https://www.iryou.teikyouseido.mhlw.go.jp/znk-web/juminkanja/S2430/initialize?prefCd=44&kikanCd=2061600000&kikanKbn=2", "url2": null, "内容": "松本整形外科クリニック【2:診療所】【診療科目:整形外科_リウマチ科_リハビリテーション科】大分県速見郡日出町３８７０ー３" }, "geometry": { "type": "Point", "coordinates": [ 131.534113, 33.374097 ] } },
{ "type": "Feature", "properties": { "ID": 4422062000000, "正式名称": "みかん皮ふ科", "機関区分": 2, "都道府県コード": 44, "市区町村コード": 201, "所在地": "大分県大分市萩原１丁目１９ー３５松栄堂ビル１階", "緯度": 33.242195, "経度": 131.641178, "url": "https://www.iryou.teikyouseido.mhlw.go.jp/znk-web/juminkanja/S2430/initialize?prefCd=44&kikanCd=2062000000&kikanKbn=2", "url2": "https://mikan-hifuka-oita.jp/", "内容": "みかん皮ふ科【2:診療所】【診療科目:小児皮膚科_皮膚科】大分県大分市萩原１丁目１９ー３５松栄堂ビル１階" }, "geometry": { "type": "Point", "coordinates": [ 131.641178, 33.242195 ] } }
]
}
