{
"type": "FeatureCollection",
"name": "geo_0_町丁目境界04",
"crs": { "type": "name", "properties": { "name": "urn:ogc:def:crs:EPSG::4612" } },
"features": [
{ "type": "Feature", "properties": { "CITY_NAME": "竹田市", "S_NAME": "大字竹田町", "JINKO": 407, "medical_area": "44_豊肥医療圏", "町丁目名": "竹田市大字竹田町" }, "geometry": { "type": "Polygon", "coordinates": [ [ [ 131.390741413882893, 32.970507313808007 ], [ 131.391952184417931, 32.969749644703299 ], [ 131.392516389678605, 32.969575752740994 ], [ 131.392348496143313, 32.969285895922809 ], [ 131.392638406800501, 32.969122367660141 ], [ 131.39245224779657, 32.96895400035082 ], [ 131.393223450773377, 32.968485712779774 ], [ 131.393797435916667, 32.968990352183482 ], [ 131.39388338379257, 32.968800602316016 ], [ 131.394511870638667, 32.968724708982975 ], [ 131.394122241356172, 32.967870616608039 ], [ 131.394804797094281, 32.967833614860574 ], [ 131.394949199887208, 32.967714363342694 ], [ 131.394873621153351, 32.967403942062184 ], [ 131.395179638870957, 32.967339300015887 ], [ 131.395158780026861, 32.967159860905412 ], [ 131.39580221801512, 32.96706700509128 ], [ 131.395703048705116, 32.966737866933535 ], [ 131.396054842617133, 32.966689229821377 ], [ 131.39600264548082, 32.966024398224988 ], [ 131.392571076950219, 32.96607620944436 ], [ 131.392222323527392, 32.965943718972177 ], [ 131.392074128293928, 32.966061468979447 ], [ 131.391782557238287, 32.966849001551211 ], [ 131.391566235600067, 32.966860203538708 ], [ 131.391718640725941, 32.966985168338539 ], [ 131.391727769965655, 32.967329478173014 ], [ 131.391533045821888, 32.967595072232498 ], [ 131.391765439281727, 32.96794763566605 ], [ 131.391635322605168, 32.968063253766076 ], [ 131.391932292629889, 32.968371697395931 ], [ 131.391621025376367, 32.968515226014411 ], [ 131.391904080047112, 32.968785713799576 ], [ 131.391626316489237, 32.969144558339536 ], [ 131.390323836565216, 32.970066252480294 ], [ 131.390741413882893, 32.970507313808007 ] ] ] } },
{ "type": "Feature", "properties": { "CITY_NAME": "竹田市", "S_NAME": "大字竹田", "JINKO": 1481, "medical_area": "44_豊肥医療圏", "町丁目名": "竹田市大字竹田" }, "geometry": { "type": "Polygon", "coordinates": [ [ [ 131.416288902647068, 32.973355189383199 ], [ 131.416977504342526, 32.973318729967573 ], [ 131.418266137768995, 32.973754647935841 ], [ 131.417794784623823, 32.973098544294338 ], [ 131.417565282684961, 32.97225882726805 ], [ 131.417584200065932, 32.971238166917409 ], [ 131.417807365419776, 32.970737130698893 ], [ 131.417627559808039, 32.970367523667434 ], [ 131.416711322887608, 32.96989030991358 ], [ 131.415410234013677, 32.96960948665641 ], [ 131.412251113134261, 32.969239748336818 ], [ 131.409187449614336, 32.967693938721006 ], [ 131.408246251979989, 32.966936587865746 ], [ 131.407278527536278, 32.965568958312112 ], [ 131.406707313511816, 32.965250631201457 ], [ 131.405603973376969, 32.965354288543452 ], [ 131.405093109070464, 32.96525588878422 ], [ 131.404371441047715, 32.964472778184003 ], [ 131.40353118999559, 32.962414305278948 ], [ 131.40206711877255, 32.961488497922417 ], [ 131.400825394632449, 32.961177322030913 ], [ 131.399398507352657, 32.96059155727103 ], [ 131.398207614352486, 32.959704863058263 ], [ 131.397849697133637, 32.959230163546557 ], [ 131.397858071902675, 32.957932359473169 ], [ 131.397544421249137, 32.957701751290166 ], [ 131.396178863958085, 32.957378659581686 ], [ 131.39384400775262, 32.957429980447536 ], [ 131.391815000070011, 32.957029064270188 ], [ 131.390891748051047, 32.957115814879181 ], [ 131.390743163576701, 32.957787138322843 ], [ 131.389749981021282, 32.958125676486077 ], [ 131.389064458467629, 32.957337168250106 ], [ 131.388591477966372, 32.955334063642987 ], [ 131.387659208694089, 32.954864962118968 ], [ 131.386332315709637, 32.955361046269324 ], [ 131.385071364480723, 32.956199516452962 ], [ 131.383029713247339, 32.956514504123604 ], [ 131.382733048068445, 32.957712529756265 ], [ 131.383292111015635, 32.957686472845367 ], [ 131.384138066840876, 32.957990668858443 ], [ 131.384950265464084, 32.958496869129938 ], [ 131.385358868969121, 32.959172342718794 ], [ 131.385815854863665, 32.959345861624207 ], [ 131.38584826662256, 32.960581637058354 ], [ 131.385643950090184, 32.961524653963011 ], [ 131.385305272265668, 32.962068778565715 ], [ 131.385827425120169, 32.962330714150262 ], [ 131.385995284245041, 32.962908509110569 ], [ 131.38615087431063, 32.962875796495531 ], [ 131.386215153202784, 32.963204762604484 ], [ 131.386374712510957, 32.963190728716519 ], [ 131.386535339292635, 32.963469807016331 ], [ 131.386575832144473, 32.963757712133784 ], [ 131.385752002710774, 32.963692899606997 ], [ 131.385891708817951, 32.965394649907665 ], [ 131.386791309057656, 32.965295897653128 ], [ 131.387310965301879, 32.965612085484366 ], [ 131.386614564223265, 32.966724518217617 ], [ 131.386947700890943, 32.967683679719009 ], [ 131.387768854993652, 32.967720312580759 ], [ 131.388749548681062, 32.968154967153723 ], [ 131.389566725594705, 32.969461018482527 ], [ 131.390323836565216, 32.970066252480294 ], [ 131.391626316489237, 32.969144558339536 ], [ 131.391904080047112, 32.968785713799576 ], [ 131.391621025376367, 32.968515226014411 ], [ 131.391932292629889, 32.968371697395931 ], [ 131.391635322605168, 32.968063253766076 ], [ 131.391765439281727, 32.96794763566605 ], [ 131.391533045821888, 32.967595072232498 ], [ 131.391727769965655, 32.967329478173014 ], [ 131.391718640725941, 32.966985168338539 ], [ 131.391566235600067, 32.966860203538708 ], [ 131.391782557238287, 32.966849001551211 ], [ 131.391895584750415, 32.966375462896245 ], [ 131.392222323527392, 32.965943718972177 ], [ 131.392571076950219, 32.96607620944436 ], [ 131.39600264548082, 32.966024398224988 ], [ 131.396054842617133, 32.966689229821377 ], [ 131.395703048705116, 32.966737866933535 ], [ 131.39580221801512, 32.96706700509128 ], [ 131.395158780026861, 32.967159860905412 ], [ 131.395179638870957, 32.967339300015887 ], [ 131.394873621153351, 32.967403942062184 ], [ 131.394949199887208, 32.967714363342694 ], [ 131.394804797094281, 32.967833614860574 ], [ 131.394122241356172, 32.967870616608039 ], [ 131.394511870638667, 32.968724708982975 ], [ 131.39388338379257, 32.968800602316016 ], [ 131.393797435916667, 32.968990352183482 ], [ 131.393223450773377, 32.968485712779774 ], [ 131.392741979127806, 32.96875034435358 ], [ 131.39245224779657, 32.96895400035082 ], [ 131.392638406800501, 32.969122367660141 ], [ 131.392348496143313, 32.969285895922809 ], [ 131.392516389678605, 32.969575752740994 ], [ 131.391952184417931, 32.969749644703299 ], [ 131.390741413882921, 32.970507313808007 ], [ 131.391097369210939, 32.970743423874431 ], [ 131.392084830868185, 32.971128500399374 ], [ 131.392695363551042, 32.971145895213532 ], [ 131.394241894145352, 32.969337804994865 ], [ 131.395164146494409, 32.969176754838514 ], [ 131.396941876192756, 32.969666705834356 ], [ 131.398307124517885, 32.970721751481292 ], [ 131.399325424206552, 32.971276476399694 ], [ 131.401571978004768, 32.971577817716749 ], [ 131.403114395289265, 32.971997107262425 ], [ 131.403545689310022, 32.972260568129563 ], [ 131.403922396326266, 32.973251888000796 ], [ 131.404626833245288, 32.973861456124574 ], [ 131.405136821888306, 32.973757340561896 ], [ 131.405520592237707, 32.972622281295976 ], [ 131.40640970748521, 32.972141261146078 ], [ 131.407765269629692, 32.971771419642714 ], [ 131.408252413382399, 32.971981558192766 ], [ 131.408527800773214, 32.972831016229506 ], [ 131.408934554023745, 32.973178022232887 ], [ 131.410388683671073, 32.97310152366822 ], [ 131.412282884281296, 32.972692298352783 ], [ 131.412559765022735, 32.972985078435741 ], [ 131.412591216079818, 32.973644099077909 ], [ 131.413135914753269, 32.974031614624799 ], [ 131.414698827670435, 32.973821520681078 ], [ 131.416288902647068, 32.973355189383199 ] ] ] } },
{ "type": "Feature", "properties": { "CITY_NAME": "竹田市", "S_NAME": "大字片ケ瀬", "JINKO": 179, "medical_area": "44_豊肥医療圏", "町丁目名": "竹田市大字片ケ瀬" }, "geometry": { "type": "Polygon", "coordinates": [ [ [ 131.423642773092212, 32.969703018878015 ], [ 131.424539082192013, 32.968122453281957 ], [ 131.424225487458955, 32.967734175190309 ], [ 131.423280895755823, 32.968204585871788 ], [ 131.422720010404504, 32.968016680651431 ], [ 131.422131303302166, 32.968057603755561 ], [ 131.421099149598007, 32.967107220193441 ], [ 131.42137177494314, 32.966171888220607 ], [ 131.421854921465894, 32.965790652848732 ], [ 131.422016426875558, 32.964549099179173 ], [ 131.421493307131186, 32.963811125508961 ], [ 131.420647651955562, 32.963220243846905 ], [ 131.420408652627799, 32.962739246321483 ], [ 131.419841838971934, 32.962517285821676 ], [ 131.419875183903258, 32.962244633667794 ], [ 131.420186511481944, 32.962155990620616 ], [ 131.420395000203911, 32.961827885948942 ], [ 131.420456010370003, 32.961495244661442 ], [ 131.419866775086263, 32.960650319300193 ], [ 131.418734705332213, 32.960828251489957 ], [ 131.416857049694613, 32.96018286652113 ], [ 131.416153674291309, 32.959011157260719 ], [ 131.415638837591302, 32.958675161003015 ], [ 131.415232010315464, 32.958009013206372 ], [ 131.414188870251422, 32.957115447025764 ], [ 131.413817728606944, 32.95605342735027 ], [ 131.413962176549404, 32.954145431079553 ], [ 131.41286431081798, 32.952156115152555 ], [ 131.412736134658928, 32.951502547443184 ], [ 131.412857522091883, 32.950700473256894 ], [ 131.413344414114562, 32.950119832276322 ], [ 131.409400648948434, 32.947920133412055 ], [ 131.408256816164254, 32.948868938052534 ], [ 131.408573409961605, 32.949340423337816 ], [ 131.408492570285404, 32.949594238428652 ], [ 131.406549871764582, 32.949317731900052 ], [ 131.405659410676861, 32.948796739382722 ], [ 131.404209252470622, 32.950305847684753 ], [ 131.402840326777778, 32.950652507939616 ], [ 131.403309475029744, 32.951959510852348 ], [ 131.403370763674246, 32.953124821711377 ], [ 131.40317337971797, 32.953460886569779 ], [ 131.403161265763174, 32.953920141327742 ], [ 131.403352300962382, 32.954262940949278 ], [ 131.403173606197669, 32.954547032684609 ], [ 131.403952943437361, 32.955115528666425 ], [ 131.404476552768301, 32.955163745098893 ], [ 131.404510639487796, 32.956405514708969 ], [ 131.404054957431413, 32.956704489964011 ], [ 131.403909410027467, 32.95699246772331 ], [ 131.4031237702103, 32.957126788371177 ], [ 131.402992848257583, 32.957498575291098 ], [ 131.403264131741395, 32.957781210844026 ], [ 131.403215640424918, 32.958050900697728 ], [ 131.402833232172668, 32.958331665208142 ], [ 131.402501837940349, 32.958364676037213 ], [ 131.402058769297554, 32.958841300134551 ], [ 131.401871354589247, 32.95929712220839 ], [ 131.401322025821628, 32.95932284893162 ], [ 131.401404229594789, 32.959685970315888 ], [ 131.401264317272478, 32.960169592773617 ], [ 131.400942541036329, 32.960242504834582 ], [ 131.400178346704564, 32.960931786969255 ], [ 131.40206711877255, 32.961488497922417 ], [ 131.403281037482657, 32.962215004517979 ], [ 131.403638625906979, 32.96254403517036 ], [ 131.404263541789419, 32.964232988965854 ], [ 131.404705952737629, 32.96495197357428 ], [ 131.40523578399916, 32.965305458390695 ], [ 131.406707313511788, 32.965250631201428 ], [ 131.407278527536249, 32.965568958312112 ], [ 131.408246251979932, 32.966936587865753 ], [ 131.409377969467783, 32.967823383822683 ], [ 131.412429447750725, 32.96929918890234 ], [ 131.415410234013649, 32.96960948665641 ], [ 131.416711322887608, 32.96989030991358 ], [ 131.417425060734331, 32.970218111794367 ], [ 131.417807365419776, 32.970737130698893 ], [ 131.417504295491796, 32.971918831327827 ], [ 131.417662446586831, 32.972728770134253 ], [ 131.418046229690731, 32.973557962236299 ], [ 131.418647945874056, 32.974041228788494 ], [ 131.418765986355595, 32.973190578163894 ], [ 131.419153616481935, 32.972148705407633 ], [ 131.420616178132803, 32.971162817283947 ], [ 131.422904399099139, 32.970763418691163 ], [ 131.423010353861912, 32.970182171497051 ], [ 131.423642773092212, 32.969703018878015 ] ] ] } },
{ "type": "Feature", "properties": { "CITY_NAME": "竹田市", "S_NAME": "大字挟田", "JINKO": 207, "medical_area": "44_豊肥医療圏", "町丁目名": "竹田市大字挟田" }, "geometry": { "type": "Polygon", "coordinates": [ [ [ 131.419448959456957, 32.99686418217204 ], [ 131.419692845829985, 32.994643542550307 ], [ 131.42074969118886, 32.993429171309238 ], [ 131.42032648714158, 32.992560337857135 ], [ 131.420233590601384, 32.991904799682921 ], [ 131.420412054999616, 32.991664566761763 ], [ 131.421054665059984, 32.991473209194439 ], [ 131.421294666225862, 32.990015646620151 ], [ 131.421289020800913, 32.988830088096634 ], [ 131.421107545022068, 32.98842710546667 ], [ 131.420296383778265, 32.98779921173238 ], [ 131.419738488074444, 32.986918213902243 ], [ 131.418480343796233, 32.986695419978972 ], [ 131.418209900569792, 32.986469302219405 ], [ 131.417779180613479, 32.985581563648147 ], [ 131.416893474882215, 32.984991743269944 ], [ 131.417530443101612, 32.98361484414572 ], [ 131.417858202051832, 32.983298429383979 ], [ 131.41804793743367, 32.982288787813829 ], [ 131.419047139735966, 32.981566520055971 ], [ 131.419349482009579, 32.980625869739129 ], [ 131.419197312795319, 32.980096653662024 ], [ 131.419927556651032, 32.97946357674013 ], [ 131.421452004732544, 32.979067443775868 ], [ 131.422168527583835, 32.978699252558364 ], [ 131.422328925162333, 32.977815825295096 ], [ 131.420663570290884, 32.97690073580339 ], [ 131.420368282325057, 32.976163882252237 ], [ 131.420512791159069, 32.975091315269971 ], [ 131.420164701208506, 32.974260053121753 ], [ 131.419909910567782, 32.974172619320157 ], [ 131.41887104715687, 32.974196899624602 ], [ 131.418266137768995, 32.973754647935841 ], [ 131.416977504342526, 32.973318729967573 ], [ 131.413135914753269, 32.974031614624799 ], [ 131.412591216079818, 32.973644099077909 ], [ 131.412559765022735, 32.972985078435741 ], [ 131.412282884281296, 32.972692298352783 ], [ 131.410388683671073, 32.97310152366822 ], [ 131.408934554023745, 32.973178022232887 ], [ 131.408527800773214, 32.972831016229506 ], [ 131.408252413382399, 32.971981558192766 ], [ 131.407765269629692, 32.971771419642714 ], [ 131.405859917283863, 32.972402606508588 ], [ 131.405391768936767, 32.972807109756168 ], [ 131.405136821888306, 32.973757340561896 ], [ 131.404626833245288, 32.973861456124574 ], [ 131.40462852429053, 32.974267179844077 ], [ 131.404366379459248, 32.974743115002838 ], [ 131.403221529133731, 32.97496133751639 ], [ 131.403400530198923, 32.975486491710335 ], [ 131.402808068263397, 32.975643504644658 ], [ 131.403107308458175, 32.976013258743386 ], [ 131.402602738817251, 32.977658674731003 ], [ 131.402522919632162, 32.978668516840948 ], [ 131.402310285438887, 32.978825433785374 ], [ 131.401118623121334, 32.978752318467443 ], [ 131.400965616304205, 32.979496593995741 ], [ 131.401767998018897, 32.980039599546508 ], [ 131.402069922582768, 32.980574947715951 ], [ 131.401992325509468, 32.981128842647216 ], [ 131.401226020431324, 32.982291346165184 ], [ 131.400973211712113, 32.983304080796238 ], [ 131.401138587719828, 32.983643285860722 ], [ 131.401952866484322, 32.984165943686982 ], [ 131.401652510326784, 32.984768467372696 ], [ 131.40180564185772, 32.98586924653349 ], [ 131.401228646761552, 32.985830591501667 ], [ 131.400442103023352, 32.985509042753428 ], [ 131.399843129088367, 32.984160601160511 ], [ 131.399313885140771, 32.984040760808227 ], [ 131.398618381034453, 32.984373837610441 ], [ 131.397958762586399, 32.983768278601907 ], [ 131.397750643762635, 32.983809451029721 ], [ 131.398377341169464, 32.985195833787778 ], [ 131.398630806548056, 32.985468913163153 ], [ 131.399673572268455, 32.985591985742793 ], [ 131.400789531034889, 32.98668398899931 ], [ 131.401183823808196, 32.986810443522707 ], [ 131.401904558290056, 32.986729708818835 ], [ 131.40206895564782, 32.987082033125503 ], [ 131.402465965287774, 32.987254463807574 ], [ 131.402994744233411, 32.987101753845181 ], [ 131.40336318211493, 32.986535213530722 ], [ 131.403630305733515, 32.986601059372106 ], [ 131.403808865595863, 32.987362479163743 ], [ 131.405119682408611, 32.986835002971951 ], [ 131.406175647660177, 32.986641940254309 ], [ 131.407278397198638, 32.987115893868889 ], [ 131.408534527689227, 32.98662652424364 ], [ 131.409029023383738, 32.986141045167393 ], [ 131.410469731913594, 32.986774591294036 ], [ 131.410999001170552, 32.987423930787244 ], [ 131.411405799085031, 32.987575859687915 ], [ 131.413490612929678, 32.987357771390052 ], [ 131.414040336878941, 32.986916712256104 ], [ 131.414387252344426, 32.986865151244508 ], [ 131.414605753390617, 32.986997603713647 ], [ 131.414680249102275, 32.987677836912532 ], [ 131.415337524336991, 32.98812049057809 ], [ 131.415594707723727, 32.988638546805234 ], [ 131.414410630448543, 32.988500147430059 ], [ 131.414227944898272, 32.98866235783828 ], [ 131.414377232531223, 32.989159556645191 ], [ 131.413983434479945, 32.989438849079775 ], [ 131.41383449370278, 32.989827682032853 ], [ 131.413763885986953, 32.990146812070677 ], [ 131.41390971571829, 32.990530365985371 ], [ 131.414238488754506, 32.990751926095001 ], [ 131.415790169695043, 32.991025553588713 ], [ 131.416212167512157, 32.991285075573714 ], [ 131.416822539837597, 32.992819014507084 ], [ 131.416728733346531, 32.994138039395551 ], [ 131.416191161948007, 32.994965164123812 ], [ 131.416166683364821, 32.995296929408887 ], [ 131.415655643896372, 32.99557275978291 ], [ 131.41556733407603, 32.996019775372666 ], [ 131.415917833597291, 32.996216586983792 ], [ 131.416755516419329, 32.996183336340088 ], [ 131.41680039836109, 32.99675682113137 ], [ 131.417805396840208, 32.997462490031083 ], [ 131.419151804185731, 32.997331841364449 ], [ 131.419448959456957, 32.99686418217204 ] ] ] } },
{ "type": "Feature", "properties": { "CITY_NAME": "竹田市", "S_NAME": "大字三宅", "JINKO": 255, "medical_area": "44_豊肥医療圏", "町丁目名": "竹田市大字三宅" }, "geometry": { "type": "Polygon", "coordinates": [ [ [ 131.396974142496759, 33.002425918134293 ], [ 131.398744449734494, 33.00267407993875 ], [ 131.400124365000892, 33.002557972220949 ], [ 131.400785747821374, 33.002190346295038 ], [ 131.401247027734826, 33.001559384303377 ], [ 131.402246623449599, 33.000667797982317 ], [ 131.403868268446956, 33.000703153665249 ], [ 131.405024184753927, 33.000389745874607 ], [ 131.406335240796949, 33.000390550428101 ], [ 131.406424865037451, 33.000217653489884 ], [ 131.40728901835098, 33.00069200980802 ], [ 131.408005263674539, 33.000456155526877 ], [ 131.409005828677408, 33.00044271891997 ], [ 131.409627283245754, 32.999922880935415 ], [ 131.410502042258628, 33.000077374991214 ], [ 131.411115249456827, 32.999730154510203 ], [ 131.411440904499955, 32.999769695700358 ], [ 131.412302297639087, 33.000294792417719 ], [ 131.413410773371737, 33.00015406418391 ], [ 131.414259347736305, 32.999866969696285 ], [ 131.415243831346089, 32.999005783050876 ], [ 131.416299171751575, 32.99846924482582 ], [ 131.417200087783954, 32.997791070590743 ], [ 131.417427811826116, 32.997896156296783 ], [ 131.41780539684018, 32.997462490031083 ], [ 131.41680039836109, 32.99675682113137 ], [ 131.416803877422211, 32.996218703863647 ], [ 131.415917833597263, 32.996216586983792 ], [ 131.41556733407603, 32.996019775372666 ], [ 131.415655643896372, 32.99557275978291 ], [ 131.416226550243579, 32.995210431288143 ], [ 131.416191161948007, 32.994965164123812 ], [ 131.416728733346531, 32.994138039395551 ], [ 131.416869573149654, 32.99347681124943 ], [ 131.416822539837597, 32.992819014507084 ], [ 131.416439766462247, 32.991712817770292 ], [ 131.416212167512157, 32.991285075573714 ], [ 131.415790169695043, 32.991025553588713 ], [ 131.414238488754506, 32.990751926095001 ], [ 131.41390971571829, 32.990530365985371 ], [ 131.413763885986953, 32.990146812070677 ], [ 131.413983434479945, 32.989438849079775 ], [ 131.414377232531223, 32.989159556645191 ], [ 131.414227944898272, 32.98866235783828 ], [ 131.414410630448543, 32.988500147430059 ], [ 131.415594707723727, 32.988638546805234 ], [ 131.415337524336991, 32.98812049057809 ], [ 131.414680249102275, 32.987677836912532 ], [ 131.414605753390617, 32.986997603713647 ], [ 131.414387252344426, 32.986865151244508 ], [ 131.414040336878941, 32.986916712256104 ], [ 131.413490612929678, 32.987357771390052 ], [ 131.411405799085031, 32.987575859687915 ], [ 131.410999001170552, 32.987423930787244 ], [ 131.410469731913594, 32.986774591294036 ], [ 131.409029023383738, 32.986141045167393 ], [ 131.408534527689227, 32.98662652424364 ], [ 131.407603257685679, 32.987048118300585 ], [ 131.407090899072585, 32.987134065356699 ], [ 131.406175647660177, 32.986641940254309 ], [ 131.403186090798869, 32.987469841072155 ], [ 131.40247310974641, 32.98974407686346 ], [ 131.402863670615801, 32.990360829067342 ], [ 131.401881922568947, 32.990838053406428 ], [ 131.402486121737439, 32.991685874910473 ], [ 131.402689414329444, 32.992380493997331 ], [ 131.401632216493255, 32.993240709414216 ], [ 131.401832435628222, 32.994170606606602 ], [ 131.400671241494592, 32.995083820465361 ], [ 131.400200866191511, 32.995250372704234 ], [ 131.399535769099629, 32.994774952103725 ], [ 131.399396803228427, 32.994473410339204 ], [ 131.399063350697986, 32.994488529227013 ], [ 131.398243195202042, 32.995221538281918 ], [ 131.397819484172487, 32.996034046133438 ], [ 131.397505032602226, 32.997962852092307 ], [ 131.397148766743555, 32.998385737945469 ], [ 131.398174929522924, 33.00002095908772 ], [ 131.398157360371528, 33.000807846938649 ], [ 131.39791720209891, 33.001011671097118 ], [ 131.396905504081047, 33.001243345375016 ], [ 131.395916158840066, 33.001073905881448 ], [ 131.395176542162119, 33.001482365773327 ], [ 131.393894010849039, 33.001131092027371 ], [ 131.393466904147402, 33.001330425301902 ], [ 131.393143068089643, 33.001712182138341 ], [ 131.393652530125024, 33.002406038022329 ], [ 131.394408863251073, 33.00236810095911 ], [ 131.395426709554755, 33.002831891640405 ], [ 131.396974142496759, 33.002425918134293 ] ] ] } },
{ "type": "Feature", "properties": { "CITY_NAME": "竹田市", "S_NAME": "大字中", "JINKO": 107, "medical_area": "44_豊肥医療圏", "町丁目名": "竹田市大字中" }, "geometry": { "type": "Polygon", "coordinates": [ [ [ 131.392174021372796, 33.014067008540216 ], [ 131.393216658992571, 33.014072059531955 ], [ 131.394041678027321, 33.014261847543253 ], [ 131.394983994026319, 33.014024596077242 ], [ 131.394917147122356, 33.013501930717347 ], [ 131.395181794686124, 33.012714690239271 ], [ 131.396168168724586, 33.011222411300885 ], [ 131.39617760381978, 33.009996836743774 ], [ 131.39692015823573, 33.009525986456232 ], [ 131.397485407603284, 33.009365219408394 ], [ 131.398301092759255, 33.009697235789439 ], [ 131.399054326316389, 33.009402039199301 ], [ 131.400145784094747, 33.00924795955023 ], [ 131.402602687997899, 33.009152213852296 ], [ 131.404003208858057, 33.009281542179004 ], [ 131.406200192471459, 33.008801751371202 ], [ 131.40711168291358, 33.008380498752267 ], [ 131.408545161878465, 33.007045677148767 ], [ 131.409278299454883, 33.006700280703548 ], [ 131.409759978392856, 33.006736346575011 ], [ 131.410136377398061, 33.006542700171188 ], [ 131.412709902198344, 33.003794463560098 ], [ 131.414517588181127, 33.003955783994044 ], [ 131.414993712011892, 33.00387054441363 ], [ 131.41621590976473, 33.003181315718592 ], [ 131.41804222275303, 33.003225653850571 ], [ 131.41799088011436, 33.001863667866047 ], [ 131.417478341707465, 33.001096015610074 ], [ 131.41726461871616, 33.000213847237148 ], [ 131.417394177623095, 32.999128736022641 ], [ 131.417249360986546, 32.998567959211066 ], [ 131.417427811826116, 32.997896156296783 ], [ 131.417200087783954, 32.997791070590743 ], [ 131.416299171751575, 32.99846924482582 ], [ 131.415243831346089, 32.999005783050876 ], [ 131.414259347736305, 32.999866969696285 ], [ 131.413410773371737, 33.00015406418391 ], [ 131.412302297639087, 33.000294792417719 ], [ 131.411440904499955, 32.999769695700358 ], [ 131.411115249456827, 32.999730154510203 ], [ 131.410502042258628, 33.000077374991214 ], [ 131.409627283245754, 32.999922880935415 ], [ 131.409005828677408, 33.00044271891997 ], [ 131.408005263674539, 33.000456155526877 ], [ 131.40728901835098, 33.00069200980802 ], [ 131.406424865037451, 33.000217653489884 ], [ 131.406335240796949, 33.000390550428101 ], [ 131.405024184753927, 33.000389745874607 ], [ 131.403868268446956, 33.000703153665249 ], [ 131.402246623449599, 33.000667797982317 ], [ 131.401247027734826, 33.001559384303377 ], [ 131.400785747821374, 33.002190346295038 ], [ 131.399931698627171, 33.002614427800985 ], [ 131.398744449734494, 33.00267407993875 ], [ 131.396974142496759, 33.002425918134293 ], [ 131.395426709554755, 33.002831891640405 ], [ 131.394408863251073, 33.00236810095911 ], [ 131.393652530125024, 33.002406038022329 ], [ 131.393143068089643, 33.001712182138341 ], [ 131.392741496069874, 33.002231249242556 ], [ 131.391284532404313, 33.002652108859557 ], [ 131.3897947341286, 33.003834532589856 ], [ 131.388035402283009, 33.0047214617625 ], [ 131.387201667922341, 33.005531042524169 ], [ 131.38708350013755, 33.006055474697931 ], [ 131.387101451404561, 33.006645698721577 ], [ 131.387511391399329, 33.007774215210574 ], [ 131.387435540350339, 33.007934579823427 ], [ 131.386305749568635, 33.007817734099362 ], [ 131.386214119369441, 33.008341714002825 ], [ 131.386407331038811, 33.009406029356477 ], [ 131.386342749044587, 33.009929564336005 ], [ 131.385648040330295, 33.010895654704385 ], [ 131.385928504694448, 33.012185442485887 ], [ 131.386697123018337, 33.011876733619118 ], [ 131.387192642212426, 33.012299791206871 ], [ 131.388091400901544, 33.011542595408919 ], [ 131.388326208323463, 33.012530048438258 ], [ 131.389623601035311, 33.013409970910367 ], [ 131.38888254753013, 33.014235683931609 ], [ 131.389951469306368, 33.01389904529033 ], [ 131.390370460034859, 33.013936931566285 ], [ 131.390720348415783, 33.014131866200515 ], [ 131.390910146504382, 33.014974244962417 ], [ 131.391257571909932, 33.014600665412644 ], [ 131.392174021372796, 33.014067008540216 ] ] ] } },
{ "type": "Feature", "properties": { "CITY_NAME": "竹田市", "S_NAME": "大字枝", "JINKO": 96, "medical_area": "44_豊肥医療圏", "町丁目名": "竹田市大字枝" }, "geometry": { "type": "Polygon", "coordinates": [ [ [ 131.383558184221869, 33.007433557895574 ], [ 131.383846361818001, 33.007201537868426 ], [ 131.384304028619454, 33.007261691840448 ], [ 131.384967864994422, 33.007045996490028 ], [ 131.386062191930534, 33.007753755765712 ], [ 131.387435540350339, 33.007934579823427 ], [ 131.387511391399329, 33.007774215210574 ], [ 131.387101451404561, 33.006645698721577 ], [ 131.38708350013755, 33.006055474697931 ], [ 131.387201667922341, 33.005531042524169 ], [ 131.388035402283009, 33.0047214617625 ], [ 131.3897947341286, 33.003834532589856 ], [ 131.391284532404313, 33.002652108859557 ], [ 131.392741496069874, 33.002231249242556 ], [ 131.393466904147402, 33.001330425301902 ], [ 131.393791619935172, 33.001156801541391 ], [ 131.395176542162119, 33.001482365773327 ], [ 131.395916158840066, 33.001073905881448 ], [ 131.396724727774824, 33.001259154034074 ], [ 131.398061426708438, 33.000919835656148 ], [ 131.398174929522924, 33.00002095908772 ], [ 131.397148766743555, 32.998385737945469 ], [ 131.397505032602282, 32.997962852092307 ], [ 131.397819484172487, 32.996034046133438 ], [ 131.398243195202042, 32.995221538281918 ], [ 131.399063350697986, 32.994488529227013 ], [ 131.399396803228427, 32.994473410339204 ], [ 131.399535769099629, 32.994774952103725 ], [ 131.400200866191511, 32.995250372704234 ], [ 131.400671241494592, 32.995083820465361 ], [ 131.401832435628222, 32.994170606606602 ], [ 131.401632216493283, 32.993240709414216 ], [ 131.402689414329444, 32.992380493997331 ], [ 131.402486121737439, 32.991685874910473 ], [ 131.401881922568975, 32.990838053406428 ], [ 131.402863670615801, 32.990360829067342 ], [ 131.402494556651106, 32.989873931453374 ], [ 131.402546019394975, 32.989269790223361 ], [ 131.403103172552136, 32.987571944846984 ], [ 131.403808865595863, 32.987362479163743 ], [ 131.403630305733515, 32.986601059372106 ], [ 131.403230092174823, 32.986605874120322 ], [ 131.402994744233411, 32.987101753845181 ], [ 131.402465965287774, 32.987254463807574 ], [ 131.40206895564782, 32.987082033125503 ], [ 131.401904558290056, 32.986729708818835 ], [ 131.401183823808196, 32.986810443522707 ], [ 131.400789531034889, 32.98668398899931 ], [ 131.399673572268455, 32.985591985742793 ], [ 131.39849701949143, 32.985385071871498 ], [ 131.397750643762635, 32.983809451029721 ], [ 131.396741140782922, 32.983785654846017 ], [ 131.395666129764152, 32.983451473365136 ], [ 131.394530072031984, 32.983792660647282 ], [ 131.392505621298966, 32.982529694545512 ], [ 131.391567735022392, 32.983309678322115 ], [ 131.390926918440613, 32.984421981367746 ], [ 131.38995241867994, 32.984973930791448 ], [ 131.390280469568467, 32.985521808012933 ], [ 131.390832792489817, 32.985593663331457 ], [ 131.391829424302415, 32.98662144215519 ], [ 131.392153846416761, 32.987592525364349 ], [ 131.392559508304942, 32.988002396309149 ], [ 131.392631918198219, 32.988816841343841 ], [ 131.393124680988194, 32.988997886440494 ], [ 131.392608060752337, 32.990488381156908 ], [ 131.392133156730893, 32.991048204283864 ], [ 131.392466588971246, 32.991963653500683 ], [ 131.391427613727103, 32.992254858749362 ], [ 131.389987089174838, 32.992172669364443 ], [ 131.389733644491457, 32.992653988616276 ], [ 131.38969457396928, 32.993131707837875 ], [ 131.389946745219873, 32.993490548306873 ], [ 131.389221315595847, 32.994320961628013 ], [ 131.388845330957935, 32.995190419189377 ], [ 131.388397867876222, 32.994936589713063 ], [ 131.387935193436334, 32.994969628282249 ], [ 131.388151143234609, 32.996682585896785 ], [ 131.38718333531105, 32.997043771193731 ], [ 131.386295435746945, 32.997095694154872 ], [ 131.385382892966817, 32.996872945476326 ], [ 131.384815256912646, 32.997006546461833 ], [ 131.383745031861451, 32.997893662135873 ], [ 131.383088427279176, 32.998889446191704 ], [ 131.38240063940512, 32.999421804362456 ], [ 131.382508633913631, 33.002000314832848 ], [ 131.381969680029016, 33.002804619248224 ], [ 131.381067153698353, 33.003115299947652 ], [ 131.381432327320795, 33.003654308554616 ], [ 131.382792621656847, 33.006947174814954 ], [ 131.382925999771146, 33.008693816973036 ], [ 131.383295003720775, 33.008482867383989 ], [ 131.383628292178031, 33.00797751726234 ], [ 131.383558184221869, 33.007433557895574 ] ] ] } },
{ "type": "Feature", "properties": { "CITY_NAME": "竹田市", "S_NAME": "大字平田", "JINKO": 285, "medical_area": "44_豊肥医療圏", "町丁目名": "竹田市大字平田" }, "geometry": { "type": "Polygon", "coordinates": [ [ [ 131.372975320432857, 32.996483050900565 ], [ 131.373565490581996, 32.996038831644761 ], [ 131.373713754146564, 32.995599440629434 ], [ 131.374081146687416, 32.995212066547509 ], [ 131.375537948200815, 32.994617758894755 ], [ 131.376204888233787, 32.994580637595575 ], [ 131.376989455580201, 32.99327549561923 ], [ 131.3777887734106, 32.99250405708294 ], [ 131.378503915772967, 32.992041886801239 ], [ 131.379154065545407, 32.991983736524659 ], [ 131.379321882752777, 32.991737415054509 ], [ 131.379622306067319, 32.991789174920882 ], [ 131.380471365471863, 32.991445979438112 ], [ 131.380972664508334, 32.99070702796552 ], [ 131.382087393305596, 32.990580725209163 ], [ 131.382944615191548, 32.991164526869127 ], [ 131.383637291760579, 32.991295835804252 ], [ 131.38379574049938, 32.990347248604074 ], [ 131.38321538156427, 32.989664275910407 ], [ 131.38356896157282, 32.988999523273989 ], [ 131.382819710507107, 32.988791122775211 ], [ 131.382567509498813, 32.988317838648648 ], [ 131.382241327508041, 32.988087084265601 ], [ 131.381282892756417, 32.988198860004999 ], [ 131.380877421093686, 32.987947268466556 ], [ 131.380448602866949, 32.988089032985236 ], [ 131.379770664933801, 32.987009545886799 ], [ 131.378890822428161, 32.986966565705153 ], [ 131.377839458333739, 32.986299042138896 ], [ 131.376684913850909, 32.984894408696391 ], [ 131.376423809685974, 32.984273655266392 ], [ 131.375906955231358, 32.98380817907843 ], [ 131.375910649151422, 32.982709069061279 ], [ 131.375418832953272, 32.982321022850023 ], [ 131.374170784750561, 32.982089122672122 ], [ 131.373761318533951, 32.982345879461313 ], [ 131.372917172457647, 32.982231828875356 ], [ 131.372017895488057, 32.981748367587088 ], [ 131.371552892531923, 32.981668727309533 ], [ 131.370913616663557, 32.980992528637742 ], [ 131.369119616791153, 32.981384959985313 ], [ 131.36866457600749, 32.981167491138365 ], [ 131.367947772408826, 32.981632120697512 ], [ 131.366430256286208, 32.981761487834433 ], [ 131.365191188254414, 32.980637921528903 ], [ 131.364093763788475, 32.980301583085314 ], [ 131.36309196065136, 32.978697390231176 ], [ 131.361942749198221, 32.97795304728335 ], [ 131.362489262213671, 32.976367352929799 ], [ 131.361986961884497, 32.975588844149208 ], [ 131.362027319642124, 32.974849378796414 ], [ 131.362348684316174, 32.974417841352768 ], [ 131.36295740127602, 32.97409921711774 ], [ 131.363839901352122, 32.97410070744791 ], [ 131.364137700788433, 32.973815480787671 ], [ 131.364351811182729, 32.973250618865549 ], [ 131.364046946465976, 32.972852966556722 ], [ 131.36402926042868, 32.971863800814582 ], [ 131.364475221502232, 32.970385756940061 ], [ 131.363841124521883, 32.969023006059437 ], [ 131.364958129950139, 32.968739581084314 ], [ 131.366339772073587, 32.967647106820841 ], [ 131.366644539686661, 32.967214966396909 ], [ 131.366552776610149, 32.965435933437156 ], [ 131.366894613963353, 32.965037496763166 ], [ 131.365931521841162, 32.964328314284622 ], [ 131.365628136752093, 32.964678958545534 ], [ 131.365342729667361, 32.966036402638821 ], [ 131.364285317692065, 32.9656919721617 ], [ 131.363107080335681, 32.967065025223398 ], [ 131.362336805751568, 32.967390624307875 ], [ 131.361925590621581, 32.968183475087223 ], [ 131.361017541972842, 32.968245576616411 ], [ 131.360539880761593, 32.968434657335905 ], [ 131.359366929858936, 32.969497300347427 ], [ 131.358895096631613, 32.969487508412705 ], [ 131.358735427743483, 32.969261246140618 ], [ 131.358950405381933, 32.968996740408777 ], [ 131.359027439965445, 32.968412985195279 ], [ 131.35969155015934, 32.967457731667082 ], [ 131.359562553380158, 32.967179350690458 ], [ 131.356757529060161, 32.966442172712853 ], [ 131.35555559733379, 32.966335949180063 ], [ 131.354209142712023, 32.966464285446051 ], [ 131.351581716651111, 32.967135137829445 ], [ 131.35097660904384, 32.967984250998974 ], [ 131.350347444441383, 32.968331675506946 ], [ 131.349794164186392, 32.968913034674372 ], [ 131.348478669232435, 32.971464546904066 ], [ 131.34816500200364, 32.972710253384967 ], [ 131.348682932071739, 32.973449430790218 ], [ 131.348756480192975, 32.973873157568278 ], [ 131.348705261138946, 32.974143077666504 ], [ 131.347836181947912, 32.975244842486838 ], [ 131.347723044549923, 32.975950930819238 ], [ 131.348400943212027, 32.977097814779718 ], [ 131.348584128833068, 32.977844137653335 ], [ 131.349095596444556, 32.978812214433333 ], [ 131.349527142073583, 32.981575865162945 ], [ 131.350013876251523, 32.982612437646502 ], [ 131.350378275599297, 32.98403732295634 ], [ 131.351032221686609, 32.98527536202824 ], [ 131.351242911149029, 32.986044177537188 ], [ 131.350839760597495, 32.986914153373895 ], [ 131.350900849204152, 32.987162796832642 ], [ 131.351754208875889, 32.987898014763218 ], [ 131.352360128430803, 32.989377281620662 ], [ 131.35325114302546, 32.990795349440482 ], [ 131.353617435559926, 32.993710697913123 ], [ 131.35410535353796, 32.993519018356068 ], [ 131.354643842978646, 32.992835966920254 ], [ 131.355596726929718, 32.99328909018331 ], [ 131.356306576588679, 32.994070371305654 ], [ 131.357021289295716, 32.994094879504388 ], [ 131.357456659267115, 32.993903344964771 ], [ 131.358213059880683, 32.994034503256742 ], [ 131.358352518322988, 32.994213724622483 ], [ 131.358258078477377, 32.994582571058416 ], [ 131.358511060967317, 32.995028774775236 ], [ 131.358669784083133, 32.994958054191748 ], [ 131.359119622064952, 32.993860070689585 ], [ 131.359327864661992, 32.993652130901168 ], [ 131.359914910607188, 32.993551337551082 ], [ 131.360138135055649, 32.993842656820711 ], [ 131.360625257316997, 32.993993419121949 ], [ 131.36078381995668, 32.994808476423103 ], [ 131.361811755500185, 32.995994875144675 ], [ 131.36149977042362, 32.996318026736702 ], [ 131.361505911248997, 32.996522406046218 ], [ 131.36283632611412, 32.997067628182748 ], [ 131.363745373153421, 32.996983931977027 ], [ 131.365197728662338, 32.99711812199682 ], [ 131.36714680198105, 32.995791008466533 ], [ 131.368140848038763, 32.996392192838023 ], [ 131.369378286979185, 32.996825129356559 ], [ 131.369986840741291, 32.996767495559347 ], [ 131.370392038646742, 32.996420485751052 ], [ 131.371209680484924, 32.99652341202966 ], [ 131.372297469584822, 32.997412120835861 ], [ 131.372886188451218, 32.997607017026588 ], [ 131.373110799423188, 32.997469393536633 ], [ 131.372907532166096, 32.996725551631556 ], [ 131.372975320432857, 32.996483050900565 ] ] ] } },
{ "type": "Feature", "properties": { "CITY_NAME": "竹田市", "S_NAME": "大字植木", "JINKO": 303, "medical_area": "44_豊肥医療圏", "町丁目名": "竹田市大字植木" }, "geometry": { "type": "Polygon", "coordinates": [ [ [ 131.380130037212012, 33.023574578914427 ], [ 131.381178330935086, 33.022567513751717 ], [ 131.380838765275428, 33.022116801581738 ], [ 131.380500194865988, 33.020733322081135 ], [ 131.380924989280402, 33.020221732559023 ], [ 131.381365348553089, 33.018697807201107 ], [ 131.381416313414633, 33.018352681485759 ], [ 131.381228409065557, 33.018016399982166 ], [ 131.381345969349212, 33.017639580094304 ], [ 131.381820861791624, 33.017228194637397 ], [ 131.382600594017163, 33.016129881477013 ], [ 131.382997357872313, 33.016028277988575 ], [ 131.384199298852366, 33.016141702892369 ], [ 131.38511397889377, 33.016414961545102 ], [ 131.385374067875688, 33.016857544101839 ], [ 131.387170370750027, 33.017767993765219 ], [ 131.387427626365195, 33.017549673895637 ], [ 131.387504299448381, 33.016905254434377 ], [ 131.387691767728285, 33.016628590316486 ], [ 131.388058738185663, 33.016527049430792 ], [ 131.388754296945137, 33.016625249164129 ], [ 131.389809913022503, 33.017324662269196 ], [ 131.390375674956204, 33.017264312016778 ], [ 131.391494824222946, 33.015441181582261 ], [ 131.391817665058909, 33.014327487323307 ], [ 131.391257571909932, 33.014600665412644 ], [ 131.390910146504382, 33.014974244962417 ], [ 131.390720348415783, 33.014131866200515 ], [ 131.390370460034859, 33.013936931566285 ], [ 131.389951469306368, 33.01389904529033 ], [ 131.38888254753013, 33.014235683931609 ], [ 131.389623601035311, 33.013409970910367 ], [ 131.388326208323463, 33.012530048438258 ], [ 131.388091400901544, 33.011542595408919 ], [ 131.387192642212426, 33.012299791206871 ], [ 131.386697123018337, 33.011876733619118 ], [ 131.385928504694448, 33.012185442485887 ], [ 131.385648040330295, 33.010895654704385 ], [ 131.386342749044587, 33.009929564336005 ], [ 131.386407331038811, 33.009406029356477 ], [ 131.386214119369441, 33.008341714002825 ], [ 131.386305749568635, 33.007817734099362 ], [ 131.384967864994422, 33.007045996490028 ], [ 131.384304028619454, 33.007261691840448 ], [ 131.383846361818001, 33.007201537868426 ], [ 131.383558184221869, 33.007433557895574 ], [ 131.383628292178031, 33.00797751726234 ], [ 131.383295003720775, 33.008482867383989 ], [ 131.382925999771146, 33.008693816973036 ], [ 131.382792621656847, 33.006947174814954 ], [ 131.381432327320795, 33.003654308554616 ], [ 131.381067153698353, 33.003115299947652 ], [ 131.381969680029016, 33.002804619248224 ], [ 131.382508633913631, 33.002000314832848 ], [ 131.38240063940512, 32.999421804362456 ], [ 131.383088427279176, 32.998889446191704 ], [ 131.383745031861451, 32.997893662135873 ], [ 131.384815256912646, 32.997006546461833 ], [ 131.385382892966817, 32.996872945476326 ], [ 131.386295435746945, 32.997095694154872 ], [ 131.38718333531105, 32.997043771193731 ], [ 131.388151143234609, 32.996682585896785 ], [ 131.387935193436334, 32.994969628282249 ], [ 131.388397867876222, 32.994936589713063 ], [ 131.388845330957906, 32.995190419189377 ], [ 131.389221315595847, 32.994320961628013 ], [ 131.389946745219873, 32.993490548306873 ], [ 131.389694573969251, 32.993131707837875 ], [ 131.389733644491457, 32.992653988616276 ], [ 131.389987089174838, 32.992172669364443 ], [ 131.391427613727103, 32.992254858749362 ], [ 131.392445949186765, 32.992012882331146 ], [ 131.392133156730893, 32.991048204283864 ], [ 131.392608060752337, 32.990488381156908 ], [ 131.393154292600713, 32.989096110432193 ], [ 131.393040954352671, 32.988920896747786 ], [ 131.392631918198219, 32.988816841343841 ], [ 131.392559508304913, 32.988002396309149 ], [ 131.392153846416733, 32.987592525364327 ], [ 131.391829424302415, 32.98662144215519 ], [ 131.390832792489789, 32.985593663331457 ], [ 131.390280469568438, 32.985521808012933 ], [ 131.38995241867994, 32.984973930791448 ], [ 131.390926918440613, 32.984421981367746 ], [ 131.391567735022392, 32.983309678322115 ], [ 131.392505621298966, 32.982529694545512 ], [ 131.392052511543483, 32.981518340476363 ], [ 131.390856049612211, 32.980880659654289 ], [ 131.389717510169135, 32.980654656891637 ], [ 131.388404581646085, 32.981059562854995 ], [ 131.387826063656973, 32.980219121980305 ], [ 131.387185308841168, 32.979641809532438 ], [ 131.386678153817286, 32.979728887732797 ], [ 131.386549599936188, 32.979930225646441 ], [ 131.386064024069043, 32.979724374767528 ], [ 131.386160037550297, 32.979632154147033 ], [ 131.386047781719355, 32.979497830743497 ], [ 131.384391113041488, 32.979010207822832 ], [ 131.383996711506597, 32.97858604817975 ], [ 131.382856113427238, 32.977873847154889 ], [ 131.381941866420448, 32.977633582281186 ], [ 131.381158127233618, 32.977933050155265 ], [ 131.380903287224839, 32.978284927538652 ], [ 131.380650705441184, 32.979163434710671 ], [ 131.380075489245172, 32.979529783721915 ], [ 131.378440407695024, 32.981202452532941 ], [ 131.378040936923725, 32.981446729389148 ], [ 131.377544318475856, 32.981461737906855 ], [ 131.376697105718165, 32.981923416029169 ], [ 131.375912635117089, 32.982074313104 ], [ 131.375533526116214, 32.982381879188587 ], [ 131.375910649151422, 32.982709069061279 ], [ 131.375906955231386, 32.98380817907843 ], [ 131.376423809685974, 32.984273655266392 ], [ 131.376684913850909, 32.984894408696391 ], [ 131.377839458333739, 32.986299042138896 ], [ 131.378890822428161, 32.986966565705153 ], [ 131.379770664933858, 32.987009545886799 ], [ 131.380448602866949, 32.988089032985236 ], [ 131.380877421093714, 32.987947268466556 ], [ 131.381282892756445, 32.988198860005006 ], [ 131.382241327508041, 32.988087084265601 ], [ 131.382567509498813, 32.988317838648648 ], [ 131.382819710507107, 32.988791122775211 ], [ 131.383568961572848, 32.988999523274011 ], [ 131.38321538156427, 32.989664275910407 ], [ 131.38379574049938, 32.990347248604074 ], [ 131.383687130090976, 32.991260569009214 ], [ 131.382944615191548, 32.991164526869127 ], [ 131.382087393305596, 32.990580725209163 ], [ 131.381105841611344, 32.990650442475093 ], [ 131.380471365471863, 32.991445979438112 ], [ 131.379622306067319, 32.991789174920882 ], [ 131.379321882752777, 32.991737415054509 ], [ 131.379154065545407, 32.991983736524659 ], [ 131.378399923401844, 32.992101898353255 ], [ 131.376989455580201, 32.99327549561923 ], [ 131.376204888233787, 32.994580637595575 ], [ 131.375537948200815, 32.994617758894755 ], [ 131.374584601425511, 32.994964753649072 ], [ 131.373817414762925, 32.995458670293168 ], [ 131.373565490581996, 32.996038831644761 ], [ 131.372931955814721, 32.996588525673957 ], [ 131.373110799423188, 32.997469393536633 ], [ 131.372986202691095, 32.997592677595279 ], [ 131.372297469584822, 32.997412120835861 ], [ 131.371209680484924, 32.99652341202966 ], [ 131.370392038646742, 32.996420485751052 ], [ 131.369986840741291, 32.996767495559347 ], [ 131.369378286979185, 32.996825129356559 ], [ 131.368140848038763, 32.996392192838023 ], [ 131.36714680198105, 32.995791008466533 ], [ 131.365197728662338, 32.99711812199682 ], [ 131.363745373153421, 32.996983931977027 ], [ 131.36283632611412, 32.997067628182748 ], [ 131.361505911248997, 32.996522406046218 ], [ 131.36149977042362, 32.996318026736702 ], [ 131.361811755500185, 32.995994875144675 ], [ 131.36078381995668, 32.994808476423103 ], [ 131.360625257316997, 32.993993419121949 ], [ 131.360138135055649, 32.993842656820711 ], [ 131.359914910607159, 32.993551337551082 ], [ 131.359327864661964, 32.993652130901168 ], [ 131.359119622064952, 32.993860070689585 ], [ 131.358669784083133, 32.994958054191748 ], [ 131.358511060967317, 32.995028774775236 ], [ 131.358258078477377, 32.994582571058395 ], [ 131.358352518322988, 32.994213724622483 ], [ 131.358213059880683, 32.994034503256742 ], [ 131.357456659267115, 32.993903344964771 ], [ 131.357021289295716, 32.994094879504388 ], [ 131.356306576588679, 32.994070371305654 ], [ 131.355596726929718, 32.99328909018331 ], [ 131.354643842978646, 32.992835966920254 ], [ 131.35410535353796, 32.993519018356068 ], [ 131.35361743555984, 32.993710697913123 ], [ 131.353433960412275, 32.99447239303781 ], [ 131.351425023905932, 32.994995626830637 ], [ 131.351393189462982, 32.995464520848323 ], [ 131.350922416528249, 32.995778371459579 ], [ 131.351433293747135, 32.997083911813291 ], [ 131.351472037550479, 32.998169438371413 ], [ 131.351139335317129, 32.998697397219011 ], [ 131.351122710179993, 32.999038322122146 ], [ 131.351446761711316, 33.00000952305102 ], [ 131.351460095193715, 33.001349429927956 ], [ 131.352660359591397, 33.002919099556941 ], [ 131.354553159324382, 33.003432149753408 ], [ 131.355966760710629, 33.004066802194771 ], [ 131.357677394666041, 33.003878843283758 ], [ 131.359207947747734, 33.003943701710249 ], [ 131.360076675217101, 33.004292123936558 ], [ 131.361583718579993, 33.005356851481629 ], [ 131.362563085540899, 33.005817124545885 ], [ 131.363115515081745, 33.006352818193953 ], [ 131.364060602477508, 33.006564000894528 ], [ 131.364485422844609, 33.007306322875159 ], [ 131.365236508548264, 33.007316027420607 ], [ 131.365457900855802, 33.007974506564025 ], [ 131.366277566168208, 33.008657431500417 ], [ 131.366399263201203, 33.008931214916636 ], [ 131.365885894225698, 33.009281259926802 ], [ 131.365909135257851, 33.010052959158912 ], [ 131.365398821695862, 33.010924824478984 ], [ 131.366021556431519, 33.012004445825646 ], [ 131.365884442682642, 33.012801754188267 ], [ 131.363855981319119, 33.014017553524283 ], [ 131.363679040976564, 33.014384086901586 ], [ 131.363651425521823, 33.015247647955981 ], [ 131.363110450415149, 33.015983591031187 ], [ 131.362995570719079, 33.01662165549137 ], [ 131.363176192550213, 33.017277239691943 ], [ 131.363491530617921, 33.017953295686176 ], [ 131.364542046576275, 33.019184067600982 ], [ 131.363627322037587, 33.019790708719931 ], [ 131.363318659028607, 33.020227518013968 ], [ 131.363218090521514, 33.02198299118588 ], [ 131.363381242957075, 33.021635924085075 ], [ 131.364004070194653, 33.021604407249171 ], [ 131.366205487226154, 33.02241002423802 ], [ 131.36764341284686, 33.021935437046977 ], [ 131.368855136544113, 33.022179452704101 ], [ 131.36914139119088, 33.023178774108075 ], [ 131.369683836624773, 33.023593089714126 ], [ 131.370871465869584, 33.023698506703944 ], [ 131.372268682108171, 33.023318069892049 ], [ 131.37255695022094, 33.024459016455225 ], [ 131.372796721374669, 33.024801285913576 ], [ 131.373115973882165, 33.025151698950367 ], [ 131.374061259585631, 33.025608980153308 ], [ 131.375531794025818, 33.026980716762651 ], [ 131.3759806425835, 33.027447853290667 ], [ 131.376700870420535, 33.028675427066716 ], [ 131.37699982178404, 33.028925498782712 ], [ 131.378684879630441, 33.029342876336592 ], [ 131.378978119217123, 33.028237721890747 ], [ 131.378537134653556, 33.027293740090315 ], [ 131.378419329249937, 33.026444982564691 ], [ 131.379082676257099, 33.025974499043819 ], [ 131.379404845203737, 33.024676853640159 ], [ 131.380130037212012, 33.023574578914427 ] ] ] } },
{ "type": "Feature", "properties": { "CITY_NAME": "竹田市", "S_NAME": "大字会々", "JINKO": 1698, "medical_area": "44_豊肥医療圏", "町丁目名": "竹田市大字会々" }, "geometry": { "type": "Polygon", "coordinates": [ [ [ 131.401902664937893, 32.984082168543345 ], [ 131.401138587719828, 32.983643285860722 ], [ 131.400973211712113, 32.983304080796238 ], [ 131.401226020431324, 32.982291346165184 ], [ 131.401722420692209, 32.981669866981264 ], [ 131.402070906274588, 32.980790997028521 ], [ 131.401767998018897, 32.980039599546508 ], [ 131.400965616304205, 32.979496593995741 ], [ 131.401118623121334, 32.978752318467443 ], [ 131.402310285438887, 32.978825433785374 ], [ 131.402522919632162, 32.978668516840948 ], [ 131.402602738817251, 32.977658674731003 ], [ 131.403107308458175, 32.976013258743386 ], [ 131.402808068263397, 32.975643504644658 ], [ 131.403400530198923, 32.975486491710335 ], [ 131.403221529133731, 32.97496133751639 ], [ 131.404366379459248, 32.974743115002838 ], [ 131.40462852429053, 32.974267179844077 ], [ 131.404626833245288, 32.973861456124574 ], [ 131.403922396326266, 32.973251888000796 ], [ 131.403545689310022, 32.972260568129563 ], [ 131.403114395289265, 32.971997107262425 ], [ 131.401571978004796, 32.971577817716749 ], [ 131.399325424206552, 32.971276476399694 ], [ 131.398307124517885, 32.970721751481292 ], [ 131.396941876192756, 32.969666705834356 ], [ 131.39549638440721, 32.969237645444053 ], [ 131.394960845775188, 32.96915726272681 ], [ 131.394241894145381, 32.969337804994865 ], [ 131.392728159894943, 32.971125647722914 ], [ 131.392084830868185, 32.971128500399374 ], [ 131.390563673242838, 32.970371793465937 ], [ 131.389566725594705, 32.969461018482527 ], [ 131.388864659551757, 32.968237327930787 ], [ 131.388434965420515, 32.967953213409643 ], [ 131.387440410415365, 32.967711458175422 ], [ 131.386154931647269, 32.968224974346867 ], [ 131.384673118281086, 32.969104578250473 ], [ 131.384352967956829, 32.968986205821999 ], [ 131.384119500451192, 32.969179729274558 ], [ 131.383636616982471, 32.969242412410864 ], [ 131.383602092053593, 32.969655660594263 ], [ 131.383916847550324, 32.97019636266694 ], [ 131.384842860787643, 32.970392543778104 ], [ 131.384919897794902, 32.970877381614287 ], [ 131.385858416199852, 32.970786933497664 ], [ 131.386030425830313, 32.971095309747014 ], [ 131.385270952072119, 32.971900916100097 ], [ 131.384983878893905, 32.972482174968391 ], [ 131.383932223829817, 32.972488473504654 ], [ 131.382708074059309, 32.972923728155187 ], [ 131.381735407718736, 32.972293214575117 ], [ 131.380801596492233, 32.972250161388473 ], [ 131.380562079188536, 32.971458278984144 ], [ 131.380228604946069, 32.971624540075638 ], [ 131.380001355099381, 32.972004710660116 ], [ 131.37702679859089, 32.971844697599465 ], [ 131.375821116892496, 32.97234449370584 ], [ 131.375840926225948, 32.971960716759398 ], [ 131.375571658807786, 32.971976604285459 ], [ 131.375042211899427, 32.971390811199718 ], [ 131.373476888251417, 32.970354278960649 ], [ 131.37210437788724, 32.971012329837315 ], [ 131.370684952278737, 32.971238971364301 ], [ 131.36941198140525, 32.971644306411626 ], [ 131.368313369790513, 32.971492006798933 ], [ 131.367507806493393, 32.971041526124182 ], [ 131.367080159002427, 32.970553056250338 ], [ 131.366130094365218, 32.971809190026413 ], [ 131.365625687814514, 32.971544766633095 ], [ 131.364030594745941, 32.971934458531599 ], [ 131.364046946465976, 32.972852966556722 ], [ 131.364351811182758, 32.973250618865549 ], [ 131.364137700788433, 32.973815480787671 ], [ 131.363839901352122, 32.97410070744791 ], [ 131.363159699589659, 32.974045811356213 ], [ 131.362348684316174, 32.974417841352768 ], [ 131.361941931613899, 32.975194925894783 ], [ 131.361986961884497, 32.975588844149208 ], [ 131.362489262213671, 32.976367352929799 ], [ 131.361942749198221, 32.97795304728335 ], [ 131.36309196065136, 32.978697390231176 ], [ 131.364093763788475, 32.980301583085314 ], [ 131.365191188254414, 32.980637921528903 ], [ 131.366430256286208, 32.981761487834433 ], [ 131.367947772408826, 32.981632120697512 ], [ 131.36866457600749, 32.981167491138365 ], [ 131.369119616791153, 32.981384959985313 ], [ 131.370913616663557, 32.980992528637742 ], [ 131.371552892531923, 32.981668727309533 ], [ 131.372017895488057, 32.981748367587088 ], [ 131.372917172457647, 32.982231828875356 ], [ 131.373761318533951, 32.982345879461313 ], [ 131.374250715024061, 32.982093473216075 ], [ 131.375533526116214, 32.982381879188587 ], [ 131.375912635117089, 32.982074313104 ], [ 131.376697105718165, 32.981923416029169 ], [ 131.377544318475856, 32.981461737906855 ], [ 131.378040936923725, 32.981446729389148 ], [ 131.378440407695024, 32.981202452532941 ], [ 131.380075489245172, 32.979529783721915 ], [ 131.380650705441184, 32.979163434710671 ], [ 131.380903287224839, 32.978284927538652 ], [ 131.381158127233618, 32.977933050155265 ], [ 131.381941866420448, 32.977633582281186 ], [ 131.382856113427238, 32.977873847154889 ], [ 131.383996711506597, 32.97858604817975 ], [ 131.384391113041488, 32.979010207822832 ], [ 131.386047781719327, 32.979497830743497 ], [ 131.386160037550297, 32.979632154147033 ], [ 131.386064024069043, 32.979724374767528 ], [ 131.386549599936188, 32.979930225646441 ], [ 131.386678153817286, 32.979728887732797 ], [ 131.38718530884114, 32.979641809532438 ], [ 131.387826063656917, 32.980219121980305 ], [ 131.388404581646085, 32.981059562854995 ], [ 131.388706585053484, 32.981069308972593 ], [ 131.38965339946941, 32.980654856963319 ], [ 131.390856049612239, 32.980880659654289 ], [ 131.392052511543483, 32.981518340476363 ], [ 131.392505621298966, 32.982529694545512 ], [ 131.394321464866664, 32.983725806370316 ], [ 131.394530072031984, 32.983792660647282 ], [ 131.395666129764152, 32.983451473365136 ], [ 131.396741140782922, 32.983785654846017 ], [ 131.397958762586399, 32.983768278601907 ], [ 131.398618381034453, 32.984373837610441 ], [ 131.399313885140771, 32.984040760808227 ], [ 131.399634441355829, 32.984066739603065 ], [ 131.399923801146116, 32.984281872098123 ], [ 131.400200334526403, 32.985199236252498 ], [ 131.400442103023352, 32.985509042753428 ], [ 131.401645462913052, 32.985883262013012 ], [ 131.40180564185772, 32.98586924653349 ], [ 131.401652510326784, 32.984768467372696 ], [ 131.401902664937893, 32.984082168543345 ] ] ] } },
{ "type": "Feature", "properties": { "CITY_NAME": "竹田市", "S_NAME": "大字飛田川", "JINKO": 580, "medical_area": "44_豊肥医療圏", "町丁目名": "竹田市大字飛田川" }, "geometry": { "type": "Polygon", "coordinates": [ [ [ 131.384128261312156, 32.972460323279826 ], [ 131.384983878893905, 32.972482174968391 ], [ 131.385270952072119, 32.971900916100097 ], [ 131.386035418438496, 32.971013630052688 ], [ 131.385858416199852, 32.970786933497664 ], [ 131.384919897794902, 32.970877381614287 ], [ 131.384842860787643, 32.970392543778104 ], [ 131.383916847550324, 32.97019636266694 ], [ 131.383602092053593, 32.969655660594263 ], [ 131.383636616982471, 32.969242412410864 ], [ 131.384119500451192, 32.969179729274558 ], [ 131.384352967956829, 32.968986205821999 ], [ 131.384673118281086, 32.969104578250473 ], [ 131.386154931647269, 32.968224974346867 ], [ 131.387440410415365, 32.967711458175422 ], [ 131.386864603885499, 32.967601689165086 ], [ 131.386601998086235, 32.966851796488974 ], [ 131.386825211665155, 32.966207733016994 ], [ 131.387310965301879, 32.965612085484366 ], [ 131.386791309057656, 32.965295897653128 ], [ 131.385891708817951, 32.965394649907665 ], [ 131.385752002710774, 32.963692899606997 ], [ 131.384492203855075, 32.96357585599722 ], [ 131.383744762989551, 32.964149182980194 ], [ 131.382656427076853, 32.963911472111732 ], [ 131.38199068129839, 32.963248230446801 ], [ 131.379144660065322, 32.961348880175017 ], [ 131.377556664032568, 32.961049398112813 ], [ 131.369687125932501, 32.958601311897304 ], [ 131.369447896374055, 32.958596260888406 ], [ 131.368923550374205, 32.959047192287038 ], [ 131.368257153097801, 32.959028991607418 ], [ 131.368011946681975, 32.959225604811415 ], [ 131.367410277784643, 32.959158238038121 ], [ 131.366825587064568, 32.959903174455583 ], [ 131.36443465805857, 32.959319630904538 ], [ 131.363279775976508, 32.959334517905987 ], [ 131.362570457144074, 32.959682257061303 ], [ 131.362312230253053, 32.960040213184655 ], [ 131.362004522567076, 32.960006540192012 ], [ 131.361473854630844, 32.960712292870589 ], [ 131.36024057858998, 32.961492173679694 ], [ 131.359452959969389, 32.96172552441103 ], [ 131.358235761175138, 32.961714584353203 ], [ 131.356982674860689, 32.96129931001532 ], [ 131.356036014171281, 32.961969858805944 ], [ 131.35510676520164, 32.962316793422147 ], [ 131.35446858236304, 32.962348792435058 ], [ 131.352575146821522, 32.962133369603421 ], [ 131.352045461213521, 32.961855590231877 ], [ 131.351458920378718, 32.961917620028252 ], [ 131.350808856176428, 32.961491094883399 ], [ 131.348126414585124, 32.961107989060665 ], [ 131.347388170282926, 32.961328932566772 ], [ 131.345984884406874, 32.961300737083143 ], [ 131.34403032427366, 32.962185541422578 ], [ 131.343861773107648, 32.962430848348767 ], [ 131.343734126984259, 32.963683753078939 ], [ 131.344271801732873, 32.963924467423766 ], [ 131.34489849427564, 32.964528198167628 ], [ 131.345483051615105, 32.964696871725572 ], [ 131.345749210292894, 32.964991307160709 ], [ 131.347038524093222, 32.965619690466255 ], [ 131.347802820509884, 32.967521002425329 ], [ 131.347671917797811, 32.968501455813133 ], [ 131.348368738645888, 32.96865088634032 ], [ 131.348937754783776, 32.969210902181572 ], [ 131.349669393835342, 32.969138244683151 ], [ 131.350347444441383, 32.968331675506946 ], [ 131.35097660904384, 32.967984250998974 ], [ 131.351581716651111, 32.967135137829445 ], [ 131.354209142712023, 32.966464285446051 ], [ 131.35555559733379, 32.966335949180063 ], [ 131.356757529060161, 32.966442172712853 ], [ 131.359664240934421, 32.96724595968206 ], [ 131.35969155015934, 32.967457731667082 ], [ 131.359027439965473, 32.968412985195279 ], [ 131.358950405381989, 32.968996740408777 ], [ 131.358735427743483, 32.969261246140618 ], [ 131.358895096631642, 32.969487508412719 ], [ 131.359366929858936, 32.969497300347427 ], [ 131.360539880761593, 32.968434657335905 ], [ 131.361017541972871, 32.968245576616411 ], [ 131.361925590621581, 32.968183475087223 ], [ 131.362336805751625, 32.967390624307889 ], [ 131.363107080335737, 32.967065025223398 ], [ 131.364285317692094, 32.9656919721617 ], [ 131.365342729667361, 32.966036402638821 ], [ 131.365628136752122, 32.964678958545534 ], [ 131.36593152184119, 32.964328314284629 ], [ 131.366894613963382, 32.965037496763173 ], [ 131.366595755757771, 32.96533018136553 ], [ 131.366491658563916, 32.965813911853282 ], [ 131.366644539686661, 32.967214966396909 ], [ 131.366204326928738, 32.967806114693794 ], [ 131.365270293217264, 32.96855829969676 ], [ 131.363841124521883, 32.969023006059437 ], [ 131.364475221502232, 32.970385756940061 ], [ 131.364030594745941, 32.971934458531599 ], [ 131.365625687814514, 32.971544766633095 ], [ 131.366130094365218, 32.971809190026413 ], [ 131.367080159002427, 32.970553056250338 ], [ 131.367507806493393, 32.971041526124182 ], [ 131.368313369790513, 32.971492006798933 ], [ 131.36941198140525, 32.971644306411626 ], [ 131.370684952278737, 32.971238971364301 ], [ 131.37210437788724, 32.971012329837315 ], [ 131.373476888251417, 32.970354278960649 ], [ 131.375042211899427, 32.971390811199718 ], [ 131.375571658807786, 32.971976604285459 ], [ 131.375840926225948, 32.971960716759398 ], [ 131.375821116892496, 32.97234449370584 ], [ 131.37702679859089, 32.971844697599465 ], [ 131.380001355099381, 32.972004710660116 ], [ 131.380228604946041, 32.971624540075638 ], [ 131.380562079188536, 32.971458278984144 ], [ 131.380801596492233, 32.972250161388473 ], [ 131.381735407718736, 32.972293214575117 ], [ 131.382419954995299, 32.972658363011149 ], [ 131.38254813649192, 32.97290279194609 ], [ 131.384128261312156, 32.972460323279826 ] ] ] } },
{ "type": "Feature", "properties": { "CITY_NAME": "竹田市", "S_NAME": "大字拝田原", "JINKO": 271, "medical_area": "44_豊肥医療圏", "町丁目名": "竹田市大字拝田原" }, "geometry": { "type": "Polygon", "coordinates": [ [ [ 131.384492203855075, 32.96357585599722 ], [ 131.386575832144473, 32.963757712133784 ], [ 131.386374712510957, 32.963190728716519 ], [ 131.386215153202784, 32.963204762604491 ], [ 131.38615087431063, 32.962875796495531 ], [ 131.385995284245013, 32.962908509110548 ], [ 131.385810743638132, 32.962568414663011 ], [ 131.385827425120169, 32.962330714150262 ], [ 131.385305272265668, 32.962068778565715 ], [ 131.385643950090184, 32.961524653963011 ], [ 131.38584826662256, 32.960581637058354 ], [ 131.384991257121897, 32.960952066894301 ], [ 131.384247952918031, 32.960883325174862 ], [ 131.383626361398115, 32.960620481634926 ], [ 131.38180048247159, 32.958184064920296 ], [ 131.380353569606342, 32.957869514946445 ], [ 131.380075064249212, 32.957317639311704 ], [ 131.379569929652547, 32.956823243678464 ], [ 131.377804828741347, 32.956536219043706 ], [ 131.377046002081244, 32.956147279573308 ], [ 131.376605161361709, 32.955034223988598 ], [ 131.376760847951203, 32.954426139600884 ], [ 131.37605415775846, 32.954109569240089 ], [ 131.373616166676015, 32.95425080696004 ], [ 131.371992898786516, 32.954941146957381 ], [ 131.37025993647552, 32.955404617168462 ], [ 131.369862217053907, 32.955254351473862 ], [ 131.369718553900412, 32.954808406395209 ], [ 131.3697425092586, 32.953748222057769 ], [ 131.369952845336798, 32.953007918398626 ], [ 131.369418253302001, 32.952955584673177 ], [ 131.368794867499787, 32.953283478850018 ], [ 131.368274341033896, 32.953297559568178 ], [ 131.367946648596643, 32.953185660037079 ], [ 131.367483540842898, 32.95269794630704 ], [ 131.366665293719706, 32.952662726363378 ], [ 131.366176539336664, 32.95317832802845 ], [ 131.366465542208601, 32.954719948855029 ], [ 131.366177163048718, 32.956927900505178 ], [ 131.36589744974944, 32.957643525272253 ], [ 131.365303913592982, 32.957996396775563 ], [ 131.36459039769602, 32.958111346207403 ], [ 131.363443679382698, 32.957788628667537 ], [ 131.362462552031843, 32.957250271259852 ], [ 131.362450725398872, 32.957495844939338 ], [ 131.362179125512768, 32.957574735599856 ], [ 131.362312345060957, 32.958398227515161 ], [ 131.362247912106596, 32.95936056382061 ], [ 131.362004264281211, 32.959943162624789 ], [ 131.362107339698127, 32.960075379822158 ], [ 131.363279775976508, 32.959334517905987 ], [ 131.36443465805857, 32.959319630904538 ], [ 131.366825587064568, 32.959903174455583 ], [ 131.367410277784643, 32.959158238038121 ], [ 131.368011946681975, 32.959225604811415 ], [ 131.368257153097801, 32.959028991607418 ], [ 131.368923550374205, 32.959047192287038 ], [ 131.369550317532202, 32.958578671322073 ], [ 131.377556664032568, 32.961049398112813 ], [ 131.379144660065322, 32.961348880175017 ], [ 131.38199068129839, 32.963248230446801 ], [ 131.382656427076853, 32.963911472111732 ], [ 131.383744762989551, 32.964149182980194 ], [ 131.384492203855075, 32.96357585599722 ] ] ] } },
{ "type": "Feature", "properties": { "CITY_NAME": "竹田市", "S_NAME": "大字玉来", "JINKO": 1287, "medical_area": "44_豊肥医療圏", "町丁目名": "竹田市大字玉来" }, "geometry": { "type": "Polygon", "coordinates": [ [ [ 131.384950265464056, 32.958496869129938 ], [ 131.383292111015606, 32.957686472845367 ], [ 131.382733048068445, 32.957712529756265 ], [ 131.383029713247339, 32.956514504123604 ], [ 131.385071364480723, 32.956199516452962 ], [ 131.385839371309373, 32.955733206848684 ], [ 131.384965707533553, 32.95507548458685 ], [ 131.381657131428227, 32.950918436381876 ], [ 131.380659888139775, 32.950233066380825 ], [ 131.378314547406831, 32.949390967425636 ], [ 131.376666151918869, 32.949365960687253 ], [ 131.373969913908212, 32.948588159617316 ], [ 131.373805407601822, 32.948055176920761 ], [ 131.373089131484335, 32.947469132127779 ], [ 131.372488360846575, 32.947347814530559 ], [ 131.372018903833862, 32.946758859004085 ], [ 131.371886696441692, 32.946323773470915 ], [ 131.371559736085459, 32.946190936328058 ], [ 131.371660083849179, 32.946561250525754 ], [ 131.371058512986963, 32.947507953232254 ], [ 131.370827019633225, 32.948339245035434 ], [ 131.371623030485068, 32.949970702929136 ], [ 131.371484689991291, 32.950144455763329 ], [ 131.371536500523661, 32.950417159689216 ], [ 131.371268286030158, 32.950741206262222 ], [ 131.370751279207127, 32.950812345194869 ], [ 131.371039443230814, 32.951498645558999 ], [ 131.370198396553462, 32.952628336083592 ], [ 131.369779691737989, 32.953596657895048 ], [ 131.369718553900412, 32.954808406395209 ], [ 131.369862217053907, 32.955254351473862 ], [ 131.37025993647552, 32.955404617168462 ], [ 131.370789155305175, 32.955347255235154 ], [ 131.373616166676015, 32.95425080696004 ], [ 131.376054157758404, 32.954109569240082 ], [ 131.376760847951203, 32.954426139600884 ], [ 131.376605161361709, 32.955034223988598 ], [ 131.377046002081244, 32.956147279573308 ], [ 131.377804828741347, 32.956536219043706 ], [ 131.379569929652547, 32.956823243678464 ], [ 131.380075064249212, 32.957317639311704 ], [ 131.380353569606342, 32.957869514946445 ], [ 131.381800482471618, 32.95818406492031 ], [ 131.383626361398115, 32.960620481634926 ], [ 131.384247952918031, 32.960883325174862 ], [ 131.384991257121897, 32.960952066894301 ], [ 131.38584826662256, 32.960581637058354 ], [ 131.385815854863608, 32.959345861624215 ], [ 131.385358868969092, 32.959172342718794 ], [ 131.384950265464056, 32.958496869129938 ] ] ] } },
{ "type": "Feature", "properties": { "CITY_NAME": "竹田市", "S_NAME": "大字吉田", "JINKO": 413, "medical_area": "44_豊肥医療圏", "町丁目名": "竹田市大字吉田" }, "geometry": { "type": "Polygon", "coordinates": [ [ [ 131.387442609342486, 32.953581680794159 ], [ 131.390614324517742, 32.953430398877913 ], [ 131.391641372411726, 32.95323248046202 ], [ 131.392018818536712, 32.952902288784145 ], [ 131.391597172298134, 32.951983833528175 ], [ 131.390999262202939, 32.951784363484258 ], [ 131.389943508824501, 32.951654425076882 ], [ 131.386818543154902, 32.951733638395091 ], [ 131.385892531067071, 32.951336962548723 ], [ 131.386048249740867, 32.950897069606192 ], [ 131.38647357449517, 32.950573553140742 ], [ 131.388257066492031, 32.950094201743063 ], [ 131.388456701256985, 32.949697328904698 ], [ 131.389101770752831, 32.949480220429336 ], [ 131.388819799057444, 32.949315823308737 ], [ 131.389244669231971, 32.949027061313551 ], [ 131.389658166783931, 32.948098813811384 ], [ 131.388521754913143, 32.947426891745913 ], [ 131.390668584656396, 32.94724054533598 ], [ 131.390813845401453, 32.947326316783332 ], [ 131.390789195707185, 32.947534781254468 ], [ 131.389954907710745, 32.947745785116219 ], [ 131.390067406424691, 32.948133459573214 ], [ 131.390272484610477, 32.948254977962314 ], [ 131.39132845755978, 32.948064834874714 ], [ 131.391983221534758, 32.947739425893793 ], [ 131.393124980846494, 32.947678344376619 ], [ 131.39196689978931, 32.946938260425853 ], [ 131.391572785104159, 32.946458046420915 ], [ 131.39159719927116, 32.946206466406956 ], [ 131.391135864425536, 32.945942048516713 ], [ 131.39080517479249, 32.945357446644941 ], [ 131.390292101677375, 32.944963827607069 ], [ 131.390239358342598, 32.944597529449929 ], [ 131.389034243642385, 32.943796481277019 ], [ 131.387832392604167, 32.941795399836025 ], [ 131.387045097669443, 32.941036154935276 ], [ 131.386098488646553, 32.94090123619057 ], [ 131.385254505809883, 32.940213600878124 ], [ 131.384098611170685, 32.939999683319563 ], [ 131.383690705682795, 32.939027015032956 ], [ 131.381134015742049, 32.937706341095769 ], [ 131.378854653631976, 32.936985199337613 ], [ 131.377500383954413, 32.936247044762709 ], [ 131.376734678739865, 32.935492909405838 ], [ 131.376573215448957, 32.934434366701922 ], [ 131.376010528206962, 32.933944368805555 ], [ 131.3759638257674, 32.933509550789239 ], [ 131.375738441412238, 32.933245480190145 ], [ 131.375804373951041, 32.932923792871044 ], [ 131.37486277793775, 32.932983353358168 ], [ 131.374043333332565, 32.932768329494003 ], [ 131.372833131064795, 32.932942149350637 ], [ 131.371778349512397, 32.932756182177719 ], [ 131.369200203700245, 32.932934031464576 ], [ 131.36807833417646, 32.932786053482182 ], [ 131.366864872445632, 32.932184462772561 ], [ 131.365650220265252, 32.931280288752433 ], [ 131.363874393802803, 32.929005750734312 ], [ 131.363588170408178, 32.929112604391761 ], [ 131.364142546673833, 32.92980862910003 ], [ 131.36430681122846, 32.930314271908436 ], [ 131.362798409401904, 32.932322650507324 ], [ 131.362312961142408, 32.932611320375031 ], [ 131.360506368093809, 32.933102156485802 ], [ 131.360182826568433, 32.933321951803904 ], [ 131.359667161566676, 32.93415786905409 ], [ 131.358832181130452, 32.934262847514546 ], [ 131.357584814599988, 32.934676791415114 ], [ 131.357277349432906, 32.934869168808625 ], [ 131.356745337848764, 32.935691437950233 ], [ 131.356240635443982, 32.936065812774302 ], [ 131.356759192925381, 32.936186249156094 ], [ 131.357882569923703, 32.936904387386221 ], [ 131.35840480899455, 32.937939178078175 ], [ 131.360494147568488, 32.937674111527208 ], [ 131.360953331630725, 32.93801820226124 ], [ 131.361682615513473, 32.938102454145401 ], [ 131.36248061093508, 32.938801141959267 ], [ 131.363747453022881, 32.939234318081922 ], [ 131.365680547654335, 32.940539256300802 ], [ 131.366523965707216, 32.940546944656752 ], [ 131.366814086053068, 32.940769604367937 ], [ 131.368348961103777, 32.943371014046747 ], [ 131.368338696158105, 32.943797739954768 ], [ 131.368496153224271, 32.944000471711242 ], [ 131.36873821268145, 32.944253748616589 ], [ 131.369956536999211, 32.944585407565917 ], [ 131.370603701615579, 32.945198139988122 ], [ 131.370967817524559, 32.945826950146788 ], [ 131.371886696441692, 32.946323773470915 ], [ 131.372388094682577, 32.947258361164927 ], [ 131.373089131484335, 32.947469132127779 ], [ 131.373805407601822, 32.948055176920761 ], [ 131.373969913908212, 32.948588159617316 ], [ 131.376666151918869, 32.949365960687253 ], [ 131.378314547406831, 32.949390967425636 ], [ 131.381177668629761, 32.950498690222922 ], [ 131.382009647751573, 32.951302481873448 ], [ 131.382745378137486, 32.952415193359073 ], [ 131.384965707533553, 32.95507548458685 ], [ 131.385839371309373, 32.955733206848684 ], [ 131.386852207441905, 32.955103877243687 ], [ 131.387659208694089, 32.954864962118968 ], [ 131.387125726205539, 32.954247309365037 ], [ 131.387127810126287, 32.953882313734276 ], [ 131.387442609342486, 32.953581680794159 ] ] ] } },
{ "type": "Feature", "properties": { "CITY_NAME": "竹田市", "S_NAME": "大字岩本", "JINKO": 74, "medical_area": "44_豊肥医療圏", "町丁目名": "竹田市大字岩本" }, "geometry": { "type": "Polygon", "coordinates": [ [ [ 131.360927415793498, 32.932936789106257 ], [ 131.362798409401904, 32.932322650507366 ], [ 131.364194140404578, 32.930533470207045 ], [ 131.364305912762632, 32.930095413447248 ], [ 131.363588170408178, 32.929112604391761 ], [ 131.363874393802803, 32.929005750734312 ], [ 131.362299842417144, 32.926306897500638 ], [ 131.361533648926354, 32.925382454496742 ], [ 131.36130552110572, 32.924418628888077 ], [ 131.3612784853064, 32.923285526376247 ], [ 131.360543831265517, 32.922034203616079 ], [ 131.359737810372593, 32.921770953533553 ], [ 131.359416214929922, 32.92131776178482 ], [ 131.358731571447436, 32.921075414607515 ], [ 131.358581671199289, 32.920619069022329 ], [ 131.358280378434046, 32.920516366824067 ], [ 131.357940013543811, 32.919309041341315 ], [ 131.357564549794319, 32.919174670860329 ], [ 131.357101798366955, 32.919258322043916 ], [ 131.356116140189755, 32.918578636100541 ], [ 131.35594171547973, 32.918230352945784 ], [ 131.355390450639163, 32.918550270211725 ], [ 131.354893822231929, 32.919364460605813 ], [ 131.35426274132638, 32.919696444260332 ], [ 131.353987776119368, 32.920225520512822 ], [ 131.353259789985202, 32.920420612232611 ], [ 131.352755869543557, 32.921689466955485 ], [ 131.352048786345648, 32.922600748457093 ], [ 131.351868267348124, 32.922641896673852 ], [ 131.351638365662382, 32.922383473668837 ], [ 131.350927483585281, 32.923109339705249 ], [ 131.350541080520486, 32.922881831440172 ], [ 131.349880123646813, 32.923274834505129 ], [ 131.349896947472672, 32.923729429308644 ], [ 131.348909446722701, 32.923803303590446 ], [ 131.345955633776242, 32.924663024748853 ], [ 131.345451035668503, 32.926001681292028 ], [ 131.345719100106976, 32.927408687409496 ], [ 131.345633072977108, 32.930279362887262 ], [ 131.345797812223481, 32.93050994506649 ], [ 131.347508946782312, 32.931490501257855 ], [ 131.350064602905661, 32.932654299486252 ], [ 131.351232828055572, 32.93255959980079 ], [ 131.35163084778398, 32.932670232775713 ], [ 131.353843211881468, 32.934594364965932 ], [ 131.355423232817003, 32.935026759425959 ], [ 131.356240635443982, 32.936065812774302 ], [ 131.356745337848764, 32.935691437950233 ], [ 131.357277349432906, 32.934869168808603 ], [ 131.357584814599988, 32.934676791415114 ], [ 131.358832181130424, 32.934262847514546 ], [ 131.359667161566676, 32.93415786905409 ], [ 131.360182826568433, 32.933321951803904 ], [ 131.360927415793498, 32.932936789106257 ] ] ] } },
{ "type": "Feature", "properties": { "CITY_NAME": "竹田市", "S_NAME": "大字穴井迫", "JINKO": 125, "medical_area": "44_豊肥医療圏", "町丁目名": "竹田市大字穴井迫" }, "geometry": { "type": "Polygon", "coordinates": [ [ [ 131.354453950123172, 32.956140313741628 ], [ 131.354700376337775, 32.955594726175647 ], [ 131.357271188588385, 32.954472494057718 ], [ 131.358568333428394, 32.954387313273251 ], [ 131.359817289515604, 32.954856741151445 ], [ 131.359127411679538, 32.953053260179615 ], [ 131.359151941659547, 32.951822630667472 ], [ 131.359017393552108, 32.951363109914425 ], [ 131.357071284838668, 32.951356249587427 ], [ 131.355655108560853, 32.95114897608358 ], [ 131.355432131321265, 32.950689703077956 ], [ 131.355531153241628, 32.949645307696287 ], [ 131.355397023898888, 32.949285221562739 ], [ 131.354878824378346, 32.94872734514302 ], [ 131.353907404574187, 32.948177157613763 ], [ 131.354004847585173, 32.947813604885383 ], [ 131.354394738684846, 32.947491943943419 ], [ 131.354377656250961, 32.94689534922189 ], [ 131.354611404226517, 32.946360203098784 ], [ 131.354581326299723, 32.945794679032019 ], [ 131.354169605937585, 32.945248782175916 ], [ 131.35461344295328, 32.944617116063668 ], [ 131.354247672913715, 32.94415229808623 ], [ 131.353856864323063, 32.944082878560295 ], [ 131.353408333061452, 32.944289822778416 ], [ 131.352445725613052, 32.944326270557525 ], [ 131.351668483891217, 32.943875763140177 ], [ 131.35103487785392, 32.944199815303065 ], [ 131.349515182528989, 32.944345117297438 ], [ 131.348998705865739, 32.944880806667605 ], [ 131.348776418002785, 32.945437029991631 ], [ 131.348937287550484, 32.94635975314003 ], [ 131.34961010037344, 32.94754438822401 ], [ 131.349211153379116, 32.947948130630479 ], [ 131.348632754579057, 32.947922718629165 ], [ 131.347213026435213, 32.948360479303417 ], [ 131.346640559063104, 32.948855704588134 ], [ 131.346007529928215, 32.949105343555445 ], [ 131.345835021652988, 32.949088722430496 ], [ 131.345638459585359, 32.948758039078832 ], [ 131.345110661948951, 32.948682566453286 ], [ 131.343949586996558, 32.949446525748307 ], [ 131.343519453271398, 32.949443010563144 ], [ 131.343660878154225, 32.94988113180046 ], [ 131.343486318543683, 32.950977871173336 ], [ 131.343821213307649, 32.952318970366655 ], [ 131.343515399630832, 32.952924572006474 ], [ 131.343408945401677, 32.953595876611836 ], [ 131.343881896629227, 32.95577365811819 ], [ 131.344076238224403, 32.95611063715598 ], [ 131.344718939222957, 32.956030621741711 ], [ 131.346601723785454, 32.955223453658306 ], [ 131.348112215003567, 32.954995717490284 ], [ 131.348338021088381, 32.955101269193506 ], [ 131.348885356709957, 32.95606656235983 ], [ 131.349217957439521, 32.956356242108654 ], [ 131.351281951535952, 32.956118525558267 ], [ 131.352213915289695, 32.957110665666853 ], [ 131.352586570498289, 32.958308363419349 ], [ 131.352705294770431, 32.959816935932281 ], [ 131.353154966908818, 32.960371725841149 ], [ 131.354459787612683, 32.960094195196682 ], [ 131.354816116541031, 32.959674048823963 ], [ 131.355137615791989, 32.958016125257949 ], [ 131.354453950123172, 32.956140313741628 ] ] ] } },
{ "type": "Feature", "properties": { "CITY_NAME": "竹田市", "S_NAME": "大字渡瀬", "JINKO": 76, "medical_area": "44_豊肥医療圏", "町丁目名": "竹田市大字渡瀬" }, "geometry": { "type": "Polygon", "coordinates": [ [ [ 131.320233248107485, 32.949498116362363 ], [ 131.320659109224977, 32.949497029809379 ], [ 131.320768396070434, 32.949870349098511 ], [ 131.321042981907397, 32.949985172550811 ], [ 131.321251757759882, 32.949642990056056 ], [ 131.32162728747295, 32.949438021520422 ], [ 131.32204301113677, 32.949464000912513 ], [ 131.322555524306011, 32.949229181107839 ], [ 131.323162986223309, 32.949436546761831 ], [ 131.323614512473313, 32.948877435849248 ], [ 131.324081068294987, 32.949150995424283 ], [ 131.324641080608075, 32.949058116788102 ], [ 131.324749089446613, 32.948935910408792 ], [ 131.324531063242688, 32.948631663465271 ], [ 131.32478351845441, 32.948463366823319 ], [ 131.326398944149844, 32.948875657517235 ], [ 131.32697685485104, 32.94866967089699 ], [ 131.328961010642814, 32.948462950580527 ], [ 131.330010612285605, 32.948735501256095 ], [ 131.329999574831163, 32.948907580066589 ], [ 131.330852765661632, 32.949298613393154 ], [ 131.331376964113929, 32.949076019343131 ], [ 131.33162945766486, 32.948736164970931 ], [ 131.332765550678516, 32.948892133742284 ], [ 131.33357765104941, 32.948539446966421 ], [ 131.336946323816846, 32.947882717706143 ], [ 131.33743449369652, 32.947911885199574 ], [ 131.339245332626689, 32.948760457584903 ], [ 131.341163006038698, 32.949181981430563 ], [ 131.342764610244814, 32.948951870978611 ], [ 131.343214117884429, 32.949115179327222 ], [ 131.343519453271398, 32.949443010563144 ], [ 131.343838102523534, 32.949474615880931 ], [ 131.345257694754196, 32.948669337392545 ], [ 131.345752834495443, 32.948823968197551 ], [ 131.345835021652988, 32.949088722430496 ], [ 131.346007529928215, 32.949105343555445 ], [ 131.346640559063104, 32.948855704588134 ], [ 131.347213026435213, 32.948360479303417 ], [ 131.348632754579057, 32.947922718629165 ], [ 131.349211153379116, 32.947948130630479 ], [ 131.34961010037344, 32.94754438822401 ], [ 131.34885658041577, 32.946148415517264 ], [ 131.348776418002785, 32.945437029991631 ], [ 131.348998705865739, 32.944880806667605 ], [ 131.349515182528989, 32.944345117297438 ], [ 131.35103487785392, 32.944199815303065 ], [ 131.351668483891217, 32.943875763140177 ], [ 131.350768342643647, 32.94252517148378 ], [ 131.350049058375163, 32.941785650540616 ], [ 131.347939125986443, 32.941107699904443 ], [ 131.34568545985536, 32.938994046510871 ], [ 131.344624320532631, 32.938680690184185 ], [ 131.343743674124397, 32.938161681134304 ], [ 131.341485069790679, 32.937693445833801 ], [ 131.340983335484736, 32.938438482681818 ], [ 131.339382555058478, 32.93858387024472 ], [ 131.33878862067246, 32.937429362639811 ], [ 131.337749808066434, 32.937318900978219 ], [ 131.336776872930557, 32.936849235614751 ], [ 131.335921302477317, 32.936238208419695 ], [ 131.336135000985365, 32.935752541039051 ], [ 131.335708855510973, 32.93570880053862 ], [ 131.334982912716981, 32.936189433223291 ], [ 131.3346819625244, 32.937169483637 ], [ 131.334284868876239, 32.937343140207659 ], [ 131.333438872579762, 32.938943870255265 ], [ 131.33326872054127, 32.938875939904136 ], [ 131.33312055297236, 32.938241639124577 ], [ 131.332015903722237, 32.937308402439214 ], [ 131.331451282916845, 32.937295249162041 ], [ 131.330363047429444, 32.937792511147549 ], [ 131.330181496426405, 32.938881954833178 ], [ 131.329070999074929, 32.941316762045361 ], [ 131.329512897729984, 32.941592447538646 ], [ 131.330580716831548, 32.941435830745476 ], [ 131.331684987310553, 32.941733220345448 ], [ 131.331824575710527, 32.941893992488502 ], [ 131.331745071005514, 32.942703547796029 ], [ 131.330708445998312, 32.943180195079478 ], [ 131.330325255194055, 32.943785981513749 ], [ 131.329480439384668, 32.943685619689163 ], [ 131.326512153952933, 32.942867386159683 ], [ 131.324430330156616, 32.943656485800005 ], [ 131.323820715358011, 32.944416119485716 ], [ 131.32226730096815, 32.944815625193598 ], [ 131.321279281050238, 32.945433403733787 ], [ 131.320592575604792, 32.945605000795673 ], [ 131.320986305539407, 32.9463443957397 ], [ 131.322734386575632, 32.947374292154741 ], [ 131.32361205996645, 32.947405152326944 ], [ 131.323808657275777, 32.94772909433874 ], [ 131.322666492448633, 32.948462024429787 ], [ 131.321832687640182, 32.948569857873267 ], [ 131.32150041024488, 32.948236435634485 ], [ 131.321264562510208, 32.948347641818117 ], [ 131.321149447773109, 32.948780533426408 ], [ 131.3206091292341, 32.948582821125065 ], [ 131.320499781591366, 32.948993566180995 ], [ 131.319543345375024, 32.949411274057709 ], [ 131.319917150969815, 32.950005252030437 ], [ 131.320233248107485, 32.949498116362363 ] ] ] } },
{ "type": "Feature", "properties": { "CITY_NAME": "竹田市", "S_NAME": "大字向山田", "JINKO": 40, "medical_area": "44_豊肥医療圏", "町丁目名": "竹田市大字向山田" }, "geometry": { "type": "Polygon", "coordinates": [ [ [ 131.328046977298811, 32.962174777486879 ], [ 131.327779620093366, 32.961039656155897 ], [ 131.327893826724249, 32.960613424893523 ], [ 131.328544381385854, 32.960061556445673 ], [ 131.329411259297046, 32.959655537562647 ], [ 131.329935605961197, 32.959130622956607 ], [ 131.330486593796451, 32.95729234755364 ], [ 131.33099982788417, 32.956616605403724 ], [ 131.331526119161282, 32.956624093090603 ], [ 131.333044363419958, 32.957312222275 ], [ 131.333339036128507, 32.957302570087904 ], [ 131.333594923188741, 32.956773920858659 ], [ 131.336059596749095, 32.957219898004581 ], [ 131.337007015909336, 32.95724396237685 ], [ 131.3374150067215, 32.957140010783313 ], [ 131.337685349542767, 32.956835019417504 ], [ 131.337746648608913, 32.955527147962137 ], [ 131.338328770278395, 32.955201441145846 ], [ 131.341255190036691, 32.956003807203835 ], [ 131.344076238224403, 32.95611063715598 ], [ 131.343881896629227, 32.95577365811819 ], [ 131.343408945401677, 32.953595876611836 ], [ 131.343515399630832, 32.952924572006474 ], [ 131.343821213307649, 32.952318970366655 ], [ 131.343486318543683, 32.950977871173336 ], [ 131.343660878154225, 32.94988113180046 ], [ 131.343519453271398, 32.949443010563144 ], [ 131.343214117884429, 32.949115179327222 ], [ 131.342764610244814, 32.948951870978611 ], [ 131.341163006038698, 32.949181981430563 ], [ 131.339607252418006, 32.948866164431216 ], [ 131.33743449369652, 32.947911885199574 ], [ 131.336946323816846, 32.947882717706143 ], [ 131.33357765104941, 32.948539446966421 ], [ 131.332765550678516, 32.948892133742284 ], [ 131.33162945766486, 32.948736164970931 ], [ 131.331376964113929, 32.949076019343131 ], [ 131.330852765661632, 32.949298613393154 ], [ 131.329999574831163, 32.948907580066589 ], [ 131.330010612285605, 32.948735501256095 ], [ 131.328961010642814, 32.948462950580527 ], [ 131.32697685485104, 32.94866967089699 ], [ 131.326398944149844, 32.948875657517235 ], [ 131.32478351845441, 32.948463366823319 ], [ 131.324531063242688, 32.948631663465271 ], [ 131.324749089446613, 32.948935910408792 ], [ 131.324641080608075, 32.949058116788102 ], [ 131.324081068294987, 32.949150995424283 ], [ 131.323614512473313, 32.948877435849248 ], [ 131.323162986223309, 32.949436546761831 ], [ 131.322555524306011, 32.949229181107839 ], [ 131.32204301113677, 32.949464000912513 ], [ 131.32162728747295, 32.949438021520422 ], [ 131.321251757759882, 32.949642990056056 ], [ 131.321042981907397, 32.949985172550811 ], [ 131.320768396070434, 32.949870349098511 ], [ 131.320659109224977, 32.949497029809379 ], [ 131.320145888938754, 32.949532749100278 ], [ 131.320024995097214, 32.949980394610378 ], [ 131.319780459936226, 32.949954929223551 ], [ 131.320178720387332, 32.951279335591117 ], [ 131.320502473402371, 32.951748872845378 ], [ 131.319567307435221, 32.952070775407371 ], [ 131.318810982550332, 32.9520364960092 ], [ 131.31863422295686, 32.95261776125691 ], [ 131.318752431966431, 32.952940436114268 ], [ 131.319515336819677, 32.953517179418583 ], [ 131.31987355611119, 32.954005225223646 ], [ 131.319959769492613, 32.954301072394756 ], [ 131.319594432006937, 32.955145536642682 ], [ 131.319700613476101, 32.95621269268436 ], [ 131.31944685245432, 32.956670888720055 ], [ 131.319575685705274, 32.956943894867536 ], [ 131.320286590476627, 32.957382522997221 ], [ 131.320375681167292, 32.957802761100297 ], [ 131.320173163504137, 32.958150286759349 ], [ 131.318984245716479, 32.958147914932134 ], [ 131.318659778389588, 32.958372923412171 ], [ 131.318668061232216, 32.960531408254027 ], [ 131.319045180422563, 32.960916513718061 ], [ 131.321185787965078, 32.961412417184221 ], [ 131.321652229993731, 32.96166265608413 ], [ 131.322106679978532, 32.961239086598184 ], [ 131.322935313822853, 32.961295287052039 ], [ 131.324953352095918, 32.962466768429664 ], [ 131.326020404840307, 32.963528833089967 ], [ 131.32653594799649, 32.963465374803157 ], [ 131.327669817780532, 32.962663806740906 ], [ 131.328046977298811, 32.962174777486879 ] ] ] } },
{ "type": "Feature", "properties": { "CITY_NAME": "竹田市", "S_NAME": "大字岩瀬", "JINKO": 50, "medical_area": "44_豊肥医療圏", "町丁目名": "竹田市大字岩瀬" }, "geometry": { "type": "Polygon", "coordinates": [ [ [ 131.358991212774441, 32.961750883735725 ], [ 131.358363152479654, 32.9614217431984 ], [ 131.357900036162704, 32.960827285903925 ], [ 131.358114041945953, 32.959154876930668 ], [ 131.358468097159204, 32.958745834812632 ], [ 131.358459797409154, 32.958283679019964 ], [ 131.358642995754252, 32.958019560600874 ], [ 131.358507373599309, 32.956799505632027 ], [ 131.358971915027411, 32.956159062679411 ], [ 131.358624150632693, 32.956001178099712 ], [ 131.3586127415509, 32.955835116844078 ], [ 131.359048972381913, 32.95561360353495 ], [ 131.358992373412434, 32.955389895071534 ], [ 131.359301383820224, 32.954592141573663 ], [ 131.358894265264468, 32.954447762094837 ], [ 131.357271188588385, 32.954472494057718 ], [ 131.356030086824262, 32.954925910136389 ], [ 131.354601291645935, 32.955684425548036 ], [ 131.354481507170959, 32.956397306412001 ], [ 131.355103655835194, 32.957809447604298 ], [ 131.355044453637305, 32.9587512853332 ], [ 131.354658120856698, 32.959953922339615 ], [ 131.353506241913863, 32.960359557510806 ], [ 131.353068657613846, 32.960344031381474 ], [ 131.35275900593183, 32.959990028778051 ], [ 131.352448217364383, 32.957685631594998 ], [ 131.352213915289695, 32.957110665666846 ], [ 131.351494499408574, 32.956235293306968 ], [ 131.350897384415447, 32.956097261043972 ], [ 131.349217957439606, 32.956356242108654 ], [ 131.348218386853631, 32.955023368237242 ], [ 131.346601723785454, 32.955223453658277 ], [ 131.344718939222957, 32.956030621741711 ], [ 131.343817840762995, 32.956144877591598 ], [ 131.340618419268196, 32.955899365075368 ], [ 131.33854751857956, 32.955200848320892 ], [ 131.337977745586471, 32.955286217220213 ], [ 131.337707276144073, 32.955627847399349 ], [ 131.337744248110056, 32.95663367100687 ], [ 131.337492462324803, 32.95706611194251 ], [ 131.338109993653575, 32.958012404723199 ], [ 131.337995549819055, 32.958598233153374 ], [ 131.338589074526027, 32.958600902357503 ], [ 131.338885871765399, 32.959279637157792 ], [ 131.338606049128828, 32.959729151824327 ], [ 131.338134134205745, 32.959858997112931 ], [ 131.338127574318861, 32.960181997698662 ], [ 131.337648306834382, 32.960236468278111 ], [ 131.33746872745715, 32.960628318443355 ], [ 131.337726151975573, 32.960953785381591 ], [ 131.339210129206407, 32.961127468643404 ], [ 131.339433822709225, 32.961923060127532 ], [ 131.339868060001237, 32.962186348401907 ], [ 131.340092006784943, 32.962147956616626 ], [ 131.340725006643197, 32.961549239017415 ], [ 131.341345883029732, 32.961547573641198 ], [ 131.341720223950034, 32.962666933432466 ], [ 131.342037687577715, 32.962742463551706 ], [ 131.342248628310273, 32.962614567322376 ], [ 131.342396120897263, 32.961697476963842 ], [ 131.343075795716459, 32.961708349440372 ], [ 131.343469798000967, 32.962051025797649 ], [ 131.34403032427366, 32.962185541422578 ], [ 131.346110159585095, 32.961264535094351 ], [ 131.347388170282926, 32.961328932566751 ], [ 131.348126414585124, 32.961107989060665 ], [ 131.350808856176457, 32.961491094883399 ], [ 131.35145892037869, 32.961917620028267 ], [ 131.352045461213521, 32.961855590231863 ], [ 131.352575146821522, 32.962133369603421 ], [ 131.35446858236304, 32.962348792435058 ], [ 131.355106765201668, 32.962316793422147 ], [ 131.356036014171281, 32.961969858805908 ], [ 131.356982674860689, 32.96129931001532 ], [ 131.358235761175138, 32.961714584353203 ], [ 131.358991212774441, 32.961750883735725 ] ] ] } },
{ "type": "Feature", "properties": { "CITY_NAME": "竹田市", "S_NAME": "大字君ケ園", "JINKO": 851, "medical_area": "44_豊肥医療圏", "町丁目名": "竹田市大字君ケ園" }, "geometry": { "type": "Polygon", "coordinates": [ [ [ 131.362274975122318, 32.957492740367073 ], [ 131.362450725398872, 32.957495844939338 ], [ 131.362462552031843, 32.957250271259852 ], [ 131.363443679382698, 32.957788628667537 ], [ 131.36459039769602, 32.958111346207403 ], [ 131.365600890015997, 32.957870118550609 ], [ 131.366030441809812, 32.957429949616774 ], [ 131.366409256312068, 32.955497615917182 ], [ 131.366465542208601, 32.954719948855029 ], [ 131.366176539336664, 32.95317832802845 ], [ 131.366383366439976, 32.952826584260734 ], [ 131.367036927534173, 32.952611479011772 ], [ 131.367483540842869, 32.952697946307033 ], [ 131.367946648596643, 32.953185660037079 ], [ 131.368274341033896, 32.953297559568178 ], [ 131.36879486749973, 32.953283478850018 ], [ 131.369581761125772, 32.952930024445514 ], [ 131.369952845336798, 32.953007918398626 ], [ 131.369985981699585, 32.953189537062748 ], [ 131.370198396553434, 32.952628336083592 ], [ 131.371039443230757, 32.951498645558999 ], [ 131.37075127920707, 32.950812345194862 ], [ 131.371268286030158, 32.950741206262222 ], [ 131.371536500523661, 32.950417159689216 ], [ 131.371610856962832, 32.949837126462356 ], [ 131.370827019633225, 32.948339245035434 ], [ 131.371058512986963, 32.947507953232254 ], [ 131.371695691336583, 32.946423977277945 ], [ 131.37096781752453, 32.945826950146788 ], [ 131.370603701615579, 32.945198139988122 ], [ 131.369956536999211, 32.944585407565917 ], [ 131.368738212681393, 32.944253748616589 ], [ 131.368496153224271, 32.944000471711242 ], [ 131.368338696158105, 32.943797739954768 ], [ 131.368348961103777, 32.943371014046747 ], [ 131.366814086053068, 32.940769604367937 ], [ 131.366523965707216, 32.940546944656752 ], [ 131.365680547654335, 32.940539256300802 ], [ 131.363747453022881, 32.939234318081922 ], [ 131.36248061093508, 32.938801141959267 ], [ 131.361682615513473, 32.938102454145401 ], [ 131.360953331630725, 32.93801820226124 ], [ 131.360494147568488, 32.937674111527208 ], [ 131.35840480899455, 32.937939178078175 ], [ 131.357882569923703, 32.936904387386221 ], [ 131.356759192925381, 32.936186249156094 ], [ 131.356240635443982, 32.936065812774302 ], [ 131.355423232817003, 32.935026759425959 ], [ 131.35384321188144, 32.934594364965932 ], [ 131.35163084778398, 32.932670232775699 ], [ 131.351232828055572, 32.93255959980079 ], [ 131.350064602905661, 32.932654299486252 ], [ 131.349648198925422, 32.932467501883067 ], [ 131.349578629513616, 32.933854550880199 ], [ 131.347866314155709, 32.934177216843622 ], [ 131.345573802230177, 32.935137286024798 ], [ 131.346218027133034, 32.935547351518011 ], [ 131.347271079917761, 32.937538592494306 ], [ 131.347136929949983, 32.938290385317437 ], [ 131.346538322459537, 32.938595496205643 ], [ 131.344669547727307, 32.938369444545479 ], [ 131.344461496087092, 32.938084187481493 ], [ 131.343817612134586, 32.937792987566652 ], [ 131.343780643616725, 32.937214454604963 ], [ 131.344004515307574, 32.936708459254639 ], [ 131.343854929590037, 32.935086511036374 ], [ 131.343348576366623, 32.934414055229617 ], [ 131.342870814666526, 32.934400707900735 ], [ 131.342359821506847, 32.934782977763234 ], [ 131.342348020025838, 32.936233242706471 ], [ 131.342137467299949, 32.936816107744519 ], [ 131.341485069790679, 32.937693445833801 ], [ 131.343743674124397, 32.938161681134304 ], [ 131.344449053807978, 32.938604239677083 ], [ 131.345179925458893, 32.938751827643756 ], [ 131.345926911713008, 32.939132283121033 ], [ 131.347939125986443, 32.941107699904443 ], [ 131.350049058375163, 32.941785650540616 ], [ 131.351978976071678, 32.944141722877816 ], [ 131.352445725613052, 32.944326270557525 ], [ 131.353408333061452, 32.944289822778416 ], [ 131.353856864323063, 32.944082878560295 ], [ 131.354247672913715, 32.94415229808623 ], [ 131.35461344295328, 32.944617116063668 ], [ 131.354169605937585, 32.945248782175916 ], [ 131.354581326299723, 32.945794679032012 ], [ 131.354611404226517, 32.946360203098784 ], [ 131.354377656250989, 32.94689534922189 ], [ 131.354394738684846, 32.947491943943419 ], [ 131.354004847585173, 32.947813604885383 ], [ 131.353907404574187, 32.948177157613763 ], [ 131.354878824378375, 32.94872734514302 ], [ 131.355397023898888, 32.949285221562739 ], [ 131.355531153241628, 32.949645307696287 ], [ 131.355432131321265, 32.950689703077956 ], [ 131.355536766531685, 32.951049876781674 ], [ 131.356540365494141, 32.951320479288519 ], [ 131.359017393552108, 32.951363109914425 ], [ 131.359151941659547, 32.951822630667472 ], [ 131.359127411679538, 32.953053260179615 ], [ 131.359817289515604, 32.954856741151445 ], [ 131.359301383820281, 32.954592141573663 ], [ 131.358992373412462, 32.955389895071526 ], [ 131.359048972381913, 32.95561360353495 ], [ 131.3586127415509, 32.955835116844085 ], [ 131.358624150632693, 32.956001178099712 ], [ 131.358971915027468, 32.956159062679397 ], [ 131.358507373599281, 32.956799505632013 ], [ 131.358668004973936, 32.957838948325559 ], [ 131.358459797409154, 32.958283679019964 ], [ 131.358468097159204, 32.958745834812632 ], [ 131.358114041945953, 32.959154876930668 ], [ 131.357899017598839, 32.960574528701677 ], [ 131.357995216081605, 32.961043663677714 ], [ 131.358991212774441, 32.961750883735739 ], [ 131.359452959969389, 32.96172552441103 ], [ 131.36024057858998, 32.961492173679694 ], [ 131.361473854630844, 32.960712292870589 ], [ 131.361951339153904, 32.960100682986869 ], [ 131.362247912106596, 32.95936056382061 ], [ 131.362312345060957, 32.958398227515161 ], [ 131.362145529560053, 32.957707343997392 ], [ 131.362274975122318, 32.957492740367073 ] ] ] } },
{ "type": "Feature", "properties": { "CITY_NAME": "竹田市", "S_NAME": "大字入田", "JINKO": 178, "medical_area": "44_豊肥医療圏", "町丁目名": "竹田市大字入田" }, "geometry": { "type": "Polygon", "coordinates": [ [ [ 131.401350371599563, 32.959298800808916 ], [ 131.401871354589247, 32.95929712220839 ], [ 131.402058769297554, 32.958841300134551 ], [ 131.402501837940349, 32.958364676037213 ], [ 131.402833232172668, 32.958331665208142 ], [ 131.403215640424918, 32.958050900697728 ], [ 131.403264131741395, 32.957781210844026 ], [ 131.402992848257583, 32.957498575291098 ], [ 131.4031237702103, 32.957126788371177 ], [ 131.403909410027467, 32.95699246772331 ], [ 131.404054957431413, 32.956704489964011 ], [ 131.404510639487796, 32.956405514708969 ], [ 131.404476552768301, 32.955163745098893 ], [ 131.403952943437361, 32.955115528666425 ], [ 131.403173606197669, 32.954547032684609 ], [ 131.403352300962382, 32.954262940949278 ], [ 131.403161265763174, 32.953920141327742 ], [ 131.40317337971797, 32.953460886569779 ], [ 131.403370763674246, 32.953124821711377 ], [ 131.403309475029744, 32.951959510852348 ], [ 131.402840326777778, 32.950652507939616 ], [ 131.404209252470622, 32.950305847684753 ], [ 131.405521358724968, 32.94902124601532 ], [ 131.406428374778045, 32.94707592359994 ], [ 131.406354508290121, 32.946947319783192 ], [ 131.406496189430072, 32.946941675377317 ], [ 131.406489642361265, 32.946698401890522 ], [ 131.406642511886105, 32.946673235851108 ], [ 131.406959351460358, 32.946037670099699 ], [ 131.40653928187723, 32.945680823353328 ], [ 131.406589301571643, 32.945255885018035 ], [ 131.406426817688526, 32.945005916136381 ], [ 131.40656429524725, 32.944730934943664 ], [ 131.408651609853706, 32.943739423224322 ], [ 131.409039077641864, 32.942497896912492 ], [ 131.409039102256912, 32.9417146515773 ], [ 131.408320185272487, 32.939675108730306 ], [ 131.408260383475096, 32.938470764585958 ], [ 131.408491295762474, 32.937570419831196 ], [ 131.409106147264794, 32.936482880816328 ], [ 131.408864801712099, 32.935893941174555 ], [ 131.408126484295479, 32.935236233369437 ], [ 131.406902068554018, 32.934885456298126 ], [ 131.406167108893158, 32.934968686794448 ], [ 131.405061567663637, 32.935569543300019 ], [ 131.404512844954098, 32.93558479188647 ], [ 131.403954632670121, 32.935276738069184 ], [ 131.40317301269269, 32.934466454195075 ], [ 131.401886777405792, 32.933638202760029 ], [ 131.39969620058821, 32.93347055662926 ], [ 131.398971648620346, 32.933572971492637 ], [ 131.397748510085478, 32.934504435239781 ], [ 131.396464261359625, 32.935086497307047 ], [ 131.395593289099992, 32.935218797274551 ], [ 131.395606747192573, 32.934563461523922 ], [ 131.39537853682728, 32.933949805729178 ], [ 131.393663293507103, 32.933071324508539 ], [ 131.393269768783597, 32.932692541691424 ], [ 131.39319414128866, 32.93217720672169 ], [ 131.393724601370451, 32.93142711538453 ], [ 131.393527712050968, 32.931212945037863 ], [ 131.392183774910563, 32.93079583703485 ], [ 131.392122382974975, 32.930201207354152 ], [ 131.392610671390258, 32.929852701227233 ], [ 131.392128024772262, 32.928070083916275 ], [ 131.387298441303869, 32.925670031334981 ], [ 131.386923173484604, 32.92569163199402 ], [ 131.383957431726827, 32.92727157923494 ], [ 131.383219887185362, 32.928006647666756 ], [ 131.382777457388357, 32.928700863052441 ], [ 131.382739969671519, 32.929220219136766 ], [ 131.382436393137709, 32.929667852648024 ], [ 131.382453346801412, 32.930142780905953 ], [ 131.382846167169276, 32.930555472142572 ], [ 131.382970104032296, 32.931032013984755 ], [ 131.382326970760232, 32.931556695337854 ], [ 131.383030948547741, 32.93232943209572 ], [ 131.386441237854797, 32.934847203352753 ], [ 131.388450918237623, 32.937490473771291 ], [ 131.388888896481944, 32.937727117411598 ], [ 131.38916590342825, 32.937691499011429 ], [ 131.38892410721553, 32.938165219923327 ], [ 131.388976231005955, 32.938925910556769 ], [ 131.38801133801681, 32.93958312560995 ], [ 131.387751038509265, 32.940528667068833 ], [ 131.387045097669443, 32.941036154935276 ], [ 131.387832392604167, 32.941795399836025 ], [ 131.389034243642357, 32.943796481277012 ], [ 131.390239358342541, 32.944597529449929 ], [ 131.390292101677375, 32.944963827607069 ], [ 131.39080517479249, 32.945357446644941 ], [ 131.391135864425536, 32.945942048516713 ], [ 131.39159719927116, 32.946206466406956 ], [ 131.391572785104159, 32.946458046420915 ], [ 131.39196689978931, 32.946938260425831 ], [ 131.393124980846494, 32.947678344376619 ], [ 131.39198322153473, 32.947739425893793 ], [ 131.391328457559752, 32.948064834874714 ], [ 131.390272484610477, 32.948254977962314 ], [ 131.390067406424691, 32.948133459573214 ], [ 131.389954907710717, 32.947745785116219 ], [ 131.390789195707185, 32.947534781254468 ], [ 131.390813845401425, 32.947326316783332 ], [ 131.390668584656396, 32.94724054533598 ], [ 131.388521754913114, 32.947426891745913 ], [ 131.389658166783931, 32.948098813811363 ], [ 131.389244669231971, 32.949027061313551 ], [ 131.388819799057416, 32.949315823308737 ], [ 131.389101770752831, 32.949480220429336 ], [ 131.388456701256985, 32.949697328904698 ], [ 131.388257066492031, 32.950094201743063 ], [ 131.386473574495113, 32.950573553140735 ], [ 131.38604824974081, 32.950897069606206 ], [ 131.385892531067014, 32.951336962548723 ], [ 131.386818543154874, 32.951733638395083 ], [ 131.389943508824501, 32.951654425076882 ], [ 131.390999262202939, 32.951784363484258 ], [ 131.391597172298134, 32.951983833528175 ], [ 131.392018818536712, 32.952902288784145 ], [ 131.391641372411726, 32.95323248046202 ], [ 131.390614324517742, 32.953430398877913 ], [ 131.387556690781679, 32.953538690791824 ], [ 131.387127810126259, 32.953882313734269 ], [ 131.387125726205539, 32.954247309365037 ], [ 131.387659208694089, 32.954864962118968 ], [ 131.388591477966344, 32.955334063642965 ], [ 131.389064458467629, 32.957337168250106 ], [ 131.389749981021282, 32.958125676486077 ], [ 131.390743163576701, 32.957787138322843 ], [ 131.390891748051047, 32.957115814879181 ], [ 131.391815000070011, 32.957029064270188 ], [ 131.39384400775262, 32.957429980447536 ], [ 131.395349625234616, 32.957297437516054 ], [ 131.39735469518979, 32.957638467152272 ], [ 131.397858071902675, 32.957932359473169 ], [ 131.397921388058961, 32.959395597888772 ], [ 131.399398507352657, 32.96059155727103 ], [ 131.400178346704564, 32.960931786969255 ], [ 131.400942541036329, 32.960242504834582 ], [ 131.401264317272478, 32.960169592773617 ], [ 131.401350371599563, 32.959298800808916 ] ] ] } },
{ "type": "Feature", "properties": { "CITY_NAME": "竹田市", "S_NAME": "大字門田", "JINKO": 212, "medical_area": "44_豊肥医療圏", "町丁目名": "竹田市大字門田" }, "geometry": { "type": "Polygon", "coordinates": [ [ [ 131.38892410721553, 32.938165219923327 ], [ 131.38916590342825, 32.937691499011429 ], [ 131.388888896481944, 32.937727117411598 ], [ 131.388450918237623, 32.937490473771291 ], [ 131.386805100125883, 32.935200840723738 ], [ 131.3824564506304, 32.931778289575519 ], [ 131.382326970760232, 32.931556695337854 ], [ 131.382970104032296, 32.931032013984755 ], [ 131.382846167169276, 32.930555472142572 ], [ 131.382453346801412, 32.930142780905953 ], [ 131.382436393137709, 32.929667852648024 ], [ 131.382739969671519, 32.929220219136766 ], [ 131.382777457388357, 32.928700863052441 ], [ 131.382311336101367, 32.928695476129342 ], [ 131.382263916986034, 32.929004081468413 ], [ 131.381971415925818, 32.929025535421083 ], [ 131.381751523907553, 32.928923389434168 ], [ 131.38162783717226, 32.928512501554351 ], [ 131.380970456148162, 32.928740710745771 ], [ 131.380847389211425, 32.928473751514325 ], [ 131.381124319882758, 32.928075369868353 ], [ 131.380466919399055, 32.927888839376841 ], [ 131.380318269486878, 32.927334076617655 ], [ 131.380807967164799, 32.926760751301167 ], [ 131.379927051275899, 32.925874722276539 ], [ 131.38027921662291, 32.924992467259614 ], [ 131.379829232497798, 32.923774636998175 ], [ 131.378392906648031, 32.921828808632156 ], [ 131.378170497511462, 32.921130315115292 ], [ 131.378292275854278, 32.919185695650718 ], [ 131.377867626199674, 32.919021162152006 ], [ 131.377028027141193, 32.919067091771069 ], [ 131.377384920112689, 32.918392606472032 ], [ 131.3764094286324, 32.91693030103049 ], [ 131.375798379242383, 32.916561982286922 ], [ 131.375115297267882, 32.916461213711358 ], [ 131.374883471885255, 32.915857406426987 ], [ 131.374331927981416, 32.915702686759573 ], [ 131.374344838747362, 32.914741749114917 ], [ 131.373627669754796, 32.91425774440853 ], [ 131.372068853522819, 32.913807246562477 ], [ 131.371726160664622, 32.913479237437144 ], [ 131.371626758698426, 32.913027126890917 ], [ 131.371990530227549, 32.912174986672703 ], [ 131.372053152405215, 32.911581402262996 ], [ 131.370639352529082, 32.910014202848316 ], [ 131.370723489567524, 32.909131144652122 ], [ 131.370136796875414, 32.908427083821586 ], [ 131.370223236026476, 32.907023014017241 ], [ 131.369852254213924, 32.905980146613039 ], [ 131.369344828849336, 32.905593512602501 ], [ 131.367443139703113, 32.905406264485883 ], [ 131.365108952503732, 32.906078561509325 ], [ 131.364178117273354, 32.906129940446135 ], [ 131.364458631189933, 32.906716229272178 ], [ 131.364156935465843, 32.907146729596434 ], [ 131.363601883623886, 32.907230403432472 ], [ 131.362787862426188, 32.906991411488022 ], [ 131.362485721435348, 32.907325363707223 ], [ 131.362036076472464, 32.908683101821836 ], [ 131.362296602432167, 32.909387115054201 ], [ 131.362200052078691, 32.9103911321561 ], [ 131.361561865965939, 32.91148946570209 ], [ 131.360687007233565, 32.912403204038561 ], [ 131.359484401558973, 32.912692467650196 ], [ 131.357253585409126, 32.912173691439058 ], [ 131.356345158161389, 32.912519658660742 ], [ 131.35644274056358, 32.914839326639772 ], [ 131.356274016810744, 32.916673238819541 ], [ 131.355893174827855, 32.918008462680277 ], [ 131.356018071139204, 32.918472683173597 ], [ 131.357101798366955, 32.91925832204393 ], [ 131.357564549794319, 32.919174670860329 ], [ 131.357940013543811, 32.919309041341315 ], [ 131.358280378434017, 32.920516366824067 ], [ 131.358581671199289, 32.920619069022329 ], [ 131.358731571447436, 32.921075414607515 ], [ 131.359416214929922, 32.921317761784834 ], [ 131.359737810372593, 32.921770953533553 ], [ 131.360543831265517, 32.922034203616086 ], [ 131.3612784853064, 32.923285526376247 ], [ 131.361328643865136, 32.924588765245041 ], [ 131.361669180350162, 32.925627912750706 ], [ 131.362299842417144, 32.926306897500638 ], [ 131.364027356456887, 32.929261514548564 ], [ 131.365650220265252, 32.931280288752433 ], [ 131.366864872445632, 32.932184462772561 ], [ 131.36807833417646, 32.932786053482182 ], [ 131.369200203700245, 32.932934031464576 ], [ 131.371778349512397, 32.932756182177719 ], [ 131.372833131064795, 32.932942149350637 ], [ 131.374043333332565, 32.932768329494003 ], [ 131.37486277793775, 32.932983353358168 ], [ 131.375804373951041, 32.932923792871044 ], [ 131.375738441412238, 32.933245480190145 ], [ 131.3759638257674, 32.933509550789239 ], [ 131.376010528206962, 32.933944368805555 ], [ 131.376573215448957, 32.934434366701922 ], [ 131.376734678739865, 32.935492909405838 ], [ 131.377500383954413, 32.936247044762709 ], [ 131.378854653631976, 32.936985199337613 ], [ 131.381134015742049, 32.937706341095769 ], [ 131.383690705682795, 32.939027015032956 ], [ 131.384098611170657, 32.939999683319563 ], [ 131.385254505809883, 32.940213600878124 ], [ 131.386098488646553, 32.94090123619057 ], [ 131.387045097669443, 32.941036154935276 ], [ 131.387751038509265, 32.940528667068833 ], [ 131.38801133801681, 32.93958312560995 ], [ 131.388976231005955, 32.938925910556769 ], [ 131.38892410721553, 32.938165219923327 ] ] ] } },
{ "type": "Feature", "properties": { "CITY_NAME": "竹田市", "S_NAME": "大字太田", "JINKO": 110, "medical_area": "44_豊肥医療圏", "町丁目名": "竹田市大字太田" }, "geometry": { "type": "Polygon", "coordinates": [ [ [ 131.398971648620346, 32.933572971492637 ], [ 131.39969620058821, 32.93347055662926 ], [ 131.402027557960565, 32.93370577834434 ], [ 131.402027545336409, 32.9334904914246 ], [ 131.402277554343669, 32.933382178797387 ], [ 131.404302329947001, 32.933398862189364 ], [ 131.405077246958086, 32.933240570584175 ], [ 131.405377219810845, 32.933015599347129 ], [ 131.405464303698921, 32.932739107314518 ], [ 131.405053467573822, 32.932026415341653 ], [ 131.404261378511904, 32.931252097649995 ], [ 131.402513613761442, 32.930633546083961 ], [ 131.402333931791077, 32.929776402906903 ], [ 131.400819699231732, 32.929538788332941 ], [ 131.399853043615565, 32.929622714542177 ], [ 131.399433093102147, 32.929835123668951 ], [ 131.398654502585657, 32.930865974908457 ], [ 131.397963159358227, 32.931114048564083 ], [ 131.397058808527703, 32.931086061643384 ], [ 131.396477314947987, 32.930706759657511 ], [ 131.397006968009038, 32.930009025348362 ], [ 131.397539162479404, 32.929872612008943 ], [ 131.398186710418258, 32.929322679053193 ], [ 131.399614900202295, 32.927014396397695 ], [ 131.39967249261278, 32.926789669176962 ], [ 131.399175313984898, 32.925816791653261 ], [ 131.399154606820787, 32.924757055620084 ], [ 131.399335838211726, 32.924190645722646 ], [ 131.400986972247409, 32.922312749163019 ], [ 131.401229822472345, 32.921826971897687 ], [ 131.400834190627506, 32.921513892803389 ], [ 131.39882146402482, 32.921156581736518 ], [ 131.39841010915606, 32.920901930741024 ], [ 131.398456766357555, 32.920614379384382 ], [ 131.400086917782829, 32.918826361684474 ], [ 131.400623406935182, 32.917886086642817 ], [ 131.400344271437689, 32.917415465416816 ], [ 131.399268450466423, 32.917481765286851 ], [ 131.399092046129965, 32.917343126789675 ], [ 131.399616132476808, 32.916012203813573 ], [ 131.39949682668103, 32.915484004345466 ], [ 131.399042233489837, 32.915147337091305 ], [ 131.397929946556587, 32.914796110083181 ], [ 131.397267155512395, 32.914295260636798 ], [ 131.396681441259602, 32.914351002929166 ], [ 131.396027883792868, 32.91473029036181 ], [ 131.395573746095977, 32.914435340091707 ], [ 131.395690424162552, 32.913720954564454 ], [ 131.397324467012936, 32.91162311924684 ], [ 131.397566887327486, 32.91103406159332 ], [ 131.39683693558564, 32.910403192539583 ], [ 131.395982703563249, 32.909965798425347 ], [ 131.394511524227198, 32.909745911282492 ], [ 131.393162088523638, 32.908753203021931 ], [ 131.392780081837088, 32.907914037186764 ], [ 131.391759302277848, 32.908023277695229 ], [ 131.390326782935517, 32.907687098185704 ], [ 131.388841321720236, 32.908325076096489 ], [ 131.386655459837101, 32.908149236496065 ], [ 131.387273170341643, 32.909943618921837 ], [ 131.388688734101009, 32.91144811940174 ], [ 131.388362140397902, 32.912293388328735 ], [ 131.38713640085976, 32.912166953691653 ], [ 131.386490831241218, 32.911939911800452 ], [ 131.385921350295234, 32.912058430150303 ], [ 131.38417880341396, 32.911906604455069 ], [ 131.383978143970495, 32.912148486539458 ], [ 131.383659348751479, 32.91358182704505 ], [ 131.38208478571562, 32.914313942960433 ], [ 131.380469637058326, 32.915619849510726 ], [ 131.378629911969483, 32.916708495153301 ], [ 131.377616552107895, 32.916998642878269 ], [ 131.3764094286324, 32.91693030103049 ], [ 131.377384920112689, 32.918392606472032 ], [ 131.377028027141193, 32.919067091771069 ], [ 131.377867626199674, 32.919021162152006 ], [ 131.378292275854278, 32.919185695650718 ], [ 131.378170497511462, 32.921130315115292 ], [ 131.378392906648031, 32.921828808632156 ], [ 131.379829232497798, 32.923774636998175 ], [ 131.38027921662291, 32.924992467259614 ], [ 131.379927051275899, 32.925874722276539 ], [ 131.380807967164799, 32.926760751301167 ], [ 131.380318269486878, 32.927334076617655 ], [ 131.380466919399055, 32.927888839376841 ], [ 131.381124319882758, 32.928075369868353 ], [ 131.380847389211425, 32.928473751514325 ], [ 131.380970456148162, 32.928740710745771 ], [ 131.38162783717226, 32.928512501554351 ], [ 131.381824924546862, 32.928984866719013 ], [ 131.382263916986034, 32.929004081468413 ], [ 131.382311336101367, 32.928695476129342 ], [ 131.382777457388357, 32.928700863052441 ], [ 131.383219887185362, 32.928006647666756 ], [ 131.383957431726827, 32.92727157923494 ], [ 131.386923173484604, 32.92569163199402 ], [ 131.387298441303869, 32.925670031334981 ], [ 131.392128024772262, 32.928070083916275 ], [ 131.392610671390258, 32.929852701227233 ], [ 131.392122382974975, 32.930201207354152 ], [ 131.392183774910563, 32.93079583703485 ], [ 131.393527712050968, 32.931212945037863 ], [ 131.393724601370451, 32.93142711538453 ], [ 131.39319414128866, 32.93217720672169 ], [ 131.393269768783597, 32.932692541691424 ], [ 131.393663293507103, 32.933071324508539 ], [ 131.39537853682728, 32.933949805729178 ], [ 131.395606747192573, 32.934563461523922 ], [ 131.395593289099992, 32.935218797274551 ], [ 131.396464261359625, 32.935086497307047 ], [ 131.397748510085478, 32.934504435239781 ], [ 131.398971648620346, 32.933572971492637 ] ] ] } },
{ "type": "Feature", "properties": { "CITY_NAME": "竹田市", "S_NAME": "大字田井", "JINKO": 50, "medical_area": "44_豊肥医療圏", "町丁目名": "竹田市大字田井" }, "geometry": { "type": "Polygon", "coordinates": [ [ [ 131.388495312213678, 32.911957762423796 ], [ 131.387565996394642, 32.911093759249802 ], [ 131.387157447276223, 32.910900938583644 ], [ 131.386896688313897, 32.910918660999393 ], [ 131.38585335490248, 32.911662133869072 ], [ 131.385378935825798, 32.911273392091175 ], [ 131.384763256626712, 32.911397928714727 ], [ 131.384208067118038, 32.910416598287625 ], [ 131.384387929015503, 32.909769747095027 ], [ 131.384231879773239, 32.9089793765229 ], [ 131.384423868551181, 32.908655417795607 ], [ 131.38413218711031, 32.908135236413678 ], [ 131.384476285267908, 32.90727712855346 ], [ 131.383880595215203, 32.906550996884 ], [ 131.383675251071395, 32.905995201214431 ], [ 131.382029101842249, 32.906236951796494 ], [ 131.381266121409709, 32.905843511048651 ], [ 131.381020873280818, 32.905462594046654 ], [ 131.380891745263284, 32.904387442107613 ], [ 131.380549720871329, 32.903677784691432 ], [ 131.379443486842575, 32.903040160089873 ], [ 131.378477254677989, 32.902182398964584 ], [ 131.376249730832996, 32.900705634539065 ], [ 131.375175382468569, 32.900444430944773 ], [ 131.373983337063635, 32.899827231215916 ], [ 131.373183265408642, 32.899102184314003 ], [ 131.372941057248681, 32.898657147812202 ], [ 131.371945325463884, 32.898785049966449 ], [ 131.369001963203885, 32.899774035294101 ], [ 131.367944454154099, 32.899618986586397 ], [ 131.366068224442216, 32.899933115148471 ], [ 131.367028966969201, 32.900396685126658 ], [ 131.367054640497116, 32.900577350407772 ], [ 131.36612226901596, 32.901447110184478 ], [ 131.366144852047086, 32.901749215943447 ], [ 131.366513600073858, 32.902174301360922 ], [ 131.366335755255562, 32.902527797984568 ], [ 131.365981275254285, 32.902769503881373 ], [ 131.366412481845856, 32.903069726286368 ], [ 131.366466628420739, 32.903309521971991 ], [ 131.36579743335929, 32.904640168630145 ], [ 131.366437770785296, 32.904524487230447 ], [ 131.36661920793037, 32.90485851122741 ], [ 131.36698605046567, 32.904939810073834 ], [ 131.365822848028444, 32.905457981315934 ], [ 131.365710429053991, 32.905903421983183 ], [ 131.367443139703141, 32.905406264485876 ], [ 131.369344828849336, 32.905593512602501 ], [ 131.369852254213924, 32.905980146613039 ], [ 131.370223236026504, 32.907023014017248 ], [ 131.370136796875414, 32.908427083821586 ], [ 131.370723489567524, 32.909131144652122 ], [ 131.370639352529082, 32.910014202848316 ], [ 131.372053152405215, 32.911581402262996 ], [ 131.371990530227549, 32.912174986672703 ], [ 131.371626758698426, 32.913027126890917 ], [ 131.371726160664622, 32.913479237437144 ], [ 131.372068853522819, 32.91380724656247 ], [ 131.373627669754796, 32.914257744408516 ], [ 131.374344838747362, 32.914741749114903 ], [ 131.374331927981416, 32.915702686759573 ], [ 131.374883471885255, 32.915857406426987 ], [ 131.375115297267882, 32.916461213711358 ], [ 131.375798379242383, 32.916561982286922 ], [ 131.3764094286324, 32.91693030103049 ], [ 131.377616552107895, 32.916998642878255 ], [ 131.378629911969483, 32.916708495153301 ], [ 131.380469637058326, 32.915619849510726 ], [ 131.38208478571562, 32.914313942960433 ], [ 131.383659348751479, 32.91358182704505 ], [ 131.383978143970495, 32.912148486539436 ], [ 131.384279832427382, 32.911870365772799 ], [ 131.38564431342283, 32.912050300717063 ], [ 131.386490831241218, 32.911939911800452 ], [ 131.38713640085976, 32.912166953691653 ], [ 131.388362140397902, 32.912293388328713 ], [ 131.388495312213678, 32.911957762423796 ] ] ] } },
{ "type": "Feature", "properties": { "CITY_NAME": "竹田市", "S_NAME": "大字倉木", "JINKO": 128, "medical_area": "44_豊肥医療圏", "町丁目名": "竹田市大字倉木" }, "geometry": { "type": "Polygon", "coordinates": [ [ [ 131.388688734101009, 32.91144811940174 ], [ 131.387273170341643, 32.909943618921837 ], [ 131.386655459837101, 32.908149236496065 ], [ 131.388841321720236, 32.908325076096489 ], [ 131.390326782935517, 32.907687098185704 ], [ 131.392109449341461, 32.908022183062421 ], [ 131.392780081837088, 32.907914037186764 ], [ 131.393726289953833, 32.907449123615827 ], [ 131.394416717016668, 32.90743658855434 ], [ 131.395378610287764, 32.906445206691039 ], [ 131.397011907858996, 32.904330911894064 ], [ 131.396323506570809, 32.9029932275566 ], [ 131.396875663990301, 32.902227288047982 ], [ 131.396886273346922, 32.901891016053334 ], [ 131.397631846963321, 32.901165225181551 ], [ 131.397931091253866, 32.900552922967833 ], [ 131.398521023188465, 32.90013328871018 ], [ 131.39898068480835, 32.89893459946461 ], [ 131.398856326896322, 32.898140240641382 ], [ 131.398612861450601, 32.897713067735495 ], [ 131.397884844297067, 32.896961385354686 ], [ 131.397473376166658, 32.896779290068459 ], [ 131.398222845466904, 32.895579681183186 ], [ 131.39825575903555, 32.894835758113466 ], [ 131.398134052433335, 32.894622175622324 ], [ 131.398289308842891, 32.89423448798135 ], [ 131.399455136113545, 32.892967321608673 ], [ 131.400391310658023, 32.890330419080541 ], [ 131.400530129395662, 32.888974811070966 ], [ 131.400323697899978, 32.888720736370622 ], [ 131.400339822497926, 32.888277456105563 ], [ 131.399776064752018, 32.886445197908692 ], [ 131.400445205741306, 32.8848535488683 ], [ 131.400902324555858, 32.883104632059435 ], [ 131.400772695908302, 32.881128348954803 ], [ 131.40025812082277, 32.880819211283885 ], [ 131.399964996124311, 32.88007633410669 ], [ 131.398608979216561, 32.879275699650208 ], [ 131.397619754701338, 32.87772966263595 ], [ 131.396933007647846, 32.877240202608562 ], [ 131.396711512172118, 32.876552618465468 ], [ 131.39463584527337, 32.87487534207856 ], [ 131.394443953863146, 32.87429827982082 ], [ 131.394034449349448, 32.873918557812644 ], [ 131.393545560491759, 32.873692704996323 ], [ 131.393062680295373, 32.873190300442729 ], [ 131.392246050193819, 32.872959342684304 ], [ 131.390344888001465, 32.871183122037877 ], [ 131.389221481774854, 32.870731858888533 ], [ 131.387643396691033, 32.872133651288181 ], [ 131.387214714994627, 32.872745228617518 ], [ 131.386359106341359, 32.874863225507838 ], [ 131.385365281927818, 32.876029746216986 ], [ 131.384373527213057, 32.876693937728696 ], [ 131.380045619778997, 32.877694237785889 ], [ 131.379213121198404, 32.878134040136757 ], [ 131.378543843341276, 32.879333339621951 ], [ 131.378048639526185, 32.879784256748287 ], [ 131.377374788980688, 32.879966064329814 ], [ 131.375032550445894, 32.880080193823652 ], [ 131.373362260560697, 32.881202439347504 ], [ 131.372985870644015, 32.88195104113727 ], [ 131.372988527376833, 32.882466658942171 ], [ 131.37273200429135, 32.883208800115973 ], [ 131.37332358912721, 32.885158820498944 ], [ 131.373848796242925, 32.885909063972719 ], [ 131.373883729321875, 32.886534199673264 ], [ 131.373696436544009, 32.887717346369975 ], [ 131.373399988689613, 32.88824925607824 ], [ 131.372428648429889, 32.889080616472484 ], [ 131.372187129101917, 32.890661402636596 ], [ 131.372592228467511, 32.892007062661413 ], [ 131.371956118693305, 32.89207089744459 ], [ 131.371889418069372, 32.892295527282563 ], [ 131.372170081508131, 32.89266762872726 ], [ 131.371360381898427, 32.892545904835487 ], [ 131.371177243972539, 32.892732642340199 ], [ 131.371712193284964, 32.893118951995902 ], [ 131.371251844329635, 32.89298067422007 ], [ 131.370885088652273, 32.893230021702166 ], [ 131.371143951556462, 32.893570610006485 ], [ 131.371845412232318, 32.893946457297645 ], [ 131.371481264218062, 32.894380804362179 ], [ 131.371596201594286, 32.894789258175571 ], [ 131.37083221433582, 32.894860994561299 ], [ 131.370618326455457, 32.895054618981078 ], [ 131.371208304917957, 32.895386738365168 ], [ 131.37137178706152, 32.895640614709528 ], [ 131.370799539621089, 32.896025797743839 ], [ 131.370652298513846, 32.8967820256591 ], [ 131.369089911635399, 32.897746561574728 ], [ 131.369164740982086, 32.898581920039611 ], [ 131.367944454154099, 32.899618986586397 ], [ 131.369001963203914, 32.899774035294101 ], [ 131.371945325463855, 32.89878504996647 ], [ 131.372941057248681, 32.898657147812216 ], [ 131.373183265408642, 32.899102184314017 ], [ 131.373983337063635, 32.899827231215916 ], [ 131.375175382468569, 32.900444430944773 ], [ 131.376249730832996, 32.900705634539065 ], [ 131.378477254677961, 32.902182398964605 ], [ 131.379443486842575, 32.903040160089873 ], [ 131.380549720871329, 32.903677784691432 ], [ 131.380891745263284, 32.904387442107613 ], [ 131.381020873280818, 32.905462594046654 ], [ 131.381266121409709, 32.905843511048666 ], [ 131.382029101842221, 32.906236951796487 ], [ 131.383675251071395, 32.905995201214431 ], [ 131.38388059521526, 32.906550996884 ], [ 131.384476285267908, 32.907277128553453 ], [ 131.38413218711031, 32.908135236413678 ], [ 131.384423868551124, 32.908655417795615 ], [ 131.384231879773239, 32.9089793765229 ], [ 131.384387929015503, 32.909769747095027 ], [ 131.384208067118038, 32.910416598287611 ], [ 131.384763256626712, 32.911397928714727 ], [ 131.38537893582577, 32.911273392091182 ], [ 131.38585335490248, 32.911662133869072 ], [ 131.386896688313868, 32.910918660999393 ], [ 131.38715744727628, 32.91090093858363 ], [ 131.387565996394642, 32.911093759249802 ], [ 131.388495312213678, 32.911957762423796 ], [ 131.388688734101009, 32.91144811940174 ] ] ] } },
{ "type": "Feature", "properties": { "CITY_NAME": "竹田市", "S_NAME": "大字神原", "JINKO": 138, "medical_area": "44_豊肥医療圏", "町丁目名": "竹田市大字神原" }, "geometry": { "type": "Polygon", "coordinates": [ [ [ 131.366947099810773, 32.904901467321437 ], [ 131.36661920793037, 32.904858511227403 ], [ 131.36643777078524, 32.904524487230454 ], [ 131.36579743335929, 32.904640168630166 ], [ 131.366466628420739, 32.903309521971991 ], [ 131.366412481845856, 32.903069726286368 ], [ 131.365981275254285, 32.902769503881373 ], [ 131.366335755255562, 32.90252779798459 ], [ 131.366513600073858, 32.902174301360922 ], [ 131.366144852047086, 32.901749215943447 ], [ 131.36612226901596, 32.901447110184478 ], [ 131.367054640497173, 32.900577350407779 ], [ 131.367028966969229, 32.900396685126672 ], [ 131.366068224442216, 32.899933115148471 ], [ 131.368256876671865, 32.899460372953889 ], [ 131.369164740982086, 32.898581920039611 ], [ 131.369089911635399, 32.897746561574728 ], [ 131.370652298513846, 32.8967820256591 ], [ 131.370799539621089, 32.896025797743839 ], [ 131.37137178706152, 32.895640614709528 ], [ 131.371208304917957, 32.895386738365168 ], [ 131.370618326455457, 32.895054618981078 ], [ 131.37083221433582, 32.894860994561299 ], [ 131.371596201594286, 32.894789258175571 ], [ 131.371481264218062, 32.894380804362179 ], [ 131.371845412232318, 32.893946457297645 ], [ 131.371143951556462, 32.893570610006485 ], [ 131.370885088652273, 32.893230021702166 ], [ 131.371251844329635, 32.89298067422007 ], [ 131.371712193284964, 32.893118951995902 ], [ 131.371177243972539, 32.892732642340199 ], [ 131.371360381898427, 32.892545904835487 ], [ 131.372170081508131, 32.89266762872726 ], [ 131.371889418069372, 32.892295527282563 ], [ 131.371956118693305, 32.89207089744459 ], [ 131.372592228467511, 32.892007062661413 ], [ 131.372187129101917, 32.890661402636596 ], [ 131.372428648429889, 32.889080616472484 ], [ 131.373399988689613, 32.88824925607824 ], [ 131.373799162893306, 32.887165634568639 ], [ 131.373848796242925, 32.885909063972719 ], [ 131.37332358912721, 32.885158820498944 ], [ 131.37273200429135, 32.883208800115973 ], [ 131.372988527376833, 32.882466658942171 ], [ 131.372985870644015, 32.88195104113727 ], [ 131.373362260560697, 32.881202439347504 ], [ 131.375032550445894, 32.880080193823652 ], [ 131.377374788980688, 32.879966064329814 ], [ 131.378048639526185, 32.879784256748287 ], [ 131.378543843341276, 32.879333339621951 ], [ 131.379213121198404, 32.878134040136757 ], [ 131.379602864361317, 32.877880329152781 ], [ 131.384373527213057, 32.876693937728696 ], [ 131.385365281927818, 32.876029746216986 ], [ 131.386359106341359, 32.874863225507838 ], [ 131.386827666740459, 32.873555392081954 ], [ 131.387643396691033, 32.872133651288181 ], [ 131.389221481774854, 32.870731858888533 ], [ 131.388796058339125, 32.870032613396617 ], [ 131.388902387891505, 32.869362433142449 ], [ 131.388709801319635, 32.868613298578424 ], [ 131.388197190706279, 32.867951189072734 ], [ 131.388178951149627, 32.867103189783691 ], [ 131.388584884172275, 32.866671752273746 ], [ 131.389176313922917, 32.865367090422616 ], [ 131.390810174092422, 32.864323405829502 ], [ 131.391814976887019, 32.864307968521906 ], [ 131.392395319253751, 32.863802221758462 ], [ 131.393706473363807, 32.863908707218584 ], [ 131.395190809286504, 32.863645902392371 ], [ 131.395782726569195, 32.86247638897963 ], [ 131.39630732080812, 32.862548468181664 ], [ 131.397250943833825, 32.861869458140781 ], [ 131.39663258453993, 32.860359700703526 ], [ 131.396111473425293, 32.859421131770617 ], [ 131.395205392704327, 32.858698864004467 ], [ 131.393784032433643, 32.856699991033317 ], [ 131.393345896562124, 32.856406395756395 ], [ 131.392693758518334, 32.855468217516638 ], [ 131.392065413637539, 32.854966284228183 ], [ 131.39162521109364, 32.854205636295895 ], [ 131.391223888298384, 32.852338715010866 ], [ 131.390690573226578, 32.851916353973522 ], [ 131.388910691471921, 32.851135289896519 ], [ 131.387537279301341, 32.850045665089318 ], [ 131.387397163457905, 32.849634363535166 ], [ 131.387569930176596, 32.849179064639493 ], [ 131.38733408243138, 32.848516087765582 ], [ 131.387448114710139, 32.847950363411023 ], [ 131.387036529346943, 32.847042103833338 ], [ 131.38607309548658, 32.846479695026254 ], [ 131.38554623684567, 32.845854486546521 ], [ 131.384444392057588, 32.845261765534786 ], [ 131.382957686503801, 32.844897611039002 ], [ 131.382517749063453, 32.844161519569674 ], [ 131.380707998430381, 32.843159209202334 ], [ 131.379556323965943, 32.842818570029173 ], [ 131.37901760735258, 32.842820201837242 ], [ 131.378272244083632, 32.842158747993608 ], [ 131.376980901544783, 32.841492780060342 ], [ 131.377051341840797, 32.840927190557174 ], [ 131.376846212122302, 32.840620530084138 ], [ 131.375502546439833, 32.83961669602418 ], [ 131.375573826774371, 32.839260046318927 ], [ 131.373939803786868, 32.838441423076773 ], [ 131.372746276066977, 32.83851868909921 ], [ 131.371332545105417, 32.838321147692291 ], [ 131.369721699554901, 32.837788335605744 ], [ 131.366598903062993, 32.836312075357611 ], [ 131.364804055257906, 32.83585045606695 ], [ 131.362637147820124, 32.834541100851972 ], [ 131.362131988558559, 32.833934264202206 ], [ 131.359979955338673, 32.834216291098635 ], [ 131.357181848488949, 32.834252531709744 ], [ 131.35637701216146, 32.834113336877813 ], [ 131.350466922551817, 32.832213490592487 ], [ 131.349555647355828, 32.832107567035109 ], [ 131.348350181058606, 32.831420718035218 ], [ 131.34777570704253, 32.830830740999758 ], [ 131.347726383710153, 32.830160426720141 ], [ 131.347888975920711, 32.829923338543246 ], [ 131.347788632165162, 32.829642621815395 ], [ 131.347401019366998, 32.829061980233682 ], [ 131.346850551889162, 32.828639562078742 ], [ 131.343833656534969, 32.830600056980373 ], [ 131.342961335908029, 32.831519387622102 ], [ 131.339902961456232, 32.833366535906542 ], [ 131.338892882620257, 32.833384071087977 ], [ 131.337782207911488, 32.833041984824114 ], [ 131.335796311313658, 32.832859989276471 ], [ 131.33463564187818, 32.833203256458646 ], [ 131.331881149922509, 32.833595128805023 ], [ 131.330853120123464, 32.833489390770929 ], [ 131.328731453969965, 32.832898502914155 ], [ 131.328182534386229, 32.832880218766199 ], [ 131.327844497848389, 32.833048718240939 ], [ 131.327146467138476, 32.833770296904746 ], [ 131.327429595347041, 32.836170335563899 ], [ 131.326390345600117, 32.838078680953153 ], [ 131.326266665627344, 32.839005285240013 ], [ 131.325135587706654, 32.839222742245596 ], [ 131.324778839320373, 32.839574665410026 ], [ 131.324017079170261, 32.839722900332283 ], [ 131.323107546311292, 32.840524768446777 ], [ 131.323074239865264, 32.840895365558794 ], [ 131.322515655041514, 32.841340430694132 ], [ 131.322414533580968, 32.842130467521152 ], [ 131.32274117742918, 32.843036403345458 ], [ 131.322455374050918, 32.843865894379363 ], [ 131.322306067072844, 32.844100289290871 ], [ 131.321567394245562, 32.844258215136541 ], [ 131.320963608037516, 32.844995896173039 ], [ 131.320677457221052, 32.845727911906614 ], [ 131.319479956912801, 32.846793759862713 ], [ 131.320204419799836, 32.847508526341031 ], [ 131.321537039655198, 32.851931699202296 ], [ 131.321815745168209, 32.852340487576882 ], [ 131.322162703036582, 32.852456598000629 ], [ 131.324393551973202, 32.852850607853142 ], [ 131.325343570015775, 32.853628187924052 ], [ 131.326245639266517, 32.853918352972435 ], [ 131.327658677942679, 32.854948193541915 ], [ 131.327798367270958, 32.855240328895938 ], [ 131.327549354909252, 32.85664499721014 ], [ 131.328430343055459, 32.860630490716268 ], [ 131.329403904895315, 32.861485939127483 ], [ 131.331705242972077, 32.862133122298886 ], [ 131.332469591070776, 32.862638087245401 ], [ 131.333515356669864, 32.864253814017246 ], [ 131.335296979410401, 32.864912051102898 ], [ 131.335646848616591, 32.865788621475275 ], [ 131.336457444692172, 32.866293458261204 ], [ 131.336643701874948, 32.866663453894041 ], [ 131.336508440897916, 32.867560815352093 ], [ 131.338581986605419, 32.867643398617034 ], [ 131.340226440180516, 32.868344533078989 ], [ 131.341653673199403, 32.869956045473472 ], [ 131.343912936187337, 32.871744353249674 ], [ 131.345013940018049, 32.873606230168697 ], [ 131.346264608867187, 32.875055561892928 ], [ 131.34658407818236, 32.876272137024934 ], [ 131.347045456787157, 32.876975157622994 ], [ 131.349406003496028, 32.877838566011235 ], [ 131.350232572036219, 32.877642188752532 ], [ 131.351646272285592, 32.877899597534515 ], [ 131.353759799142551, 32.878675094329921 ], [ 131.355099957904685, 32.879714918498685 ], [ 131.355072134892424, 32.880464819750685 ], [ 131.355802277709756, 32.881385845891991 ], [ 131.356037681963357, 32.882596935652678 ], [ 131.355083959658884, 32.884145260553666 ], [ 131.355116968449522, 32.885063603449233 ], [ 131.355352378526078, 32.885637460635877 ], [ 131.355242891218381, 32.886260314528734 ], [ 131.354937821798387, 32.886519547216096 ], [ 131.354237496156372, 32.886638308105823 ], [ 131.353940004184636, 32.886998260730003 ], [ 131.353934040223152, 32.887241261748215 ], [ 131.354943871911956, 32.887722684876699 ], [ 131.355187000581964, 32.888397063084454 ], [ 131.355352812134754, 32.889804030299238 ], [ 131.355290320600886, 32.891374709603198 ], [ 131.355066906811771, 32.891760996491946 ], [ 131.355321632735865, 32.891949558186312 ], [ 131.356367609747792, 32.89195361794539 ], [ 131.356537814119548, 32.892136649187314 ], [ 131.356593551990898, 32.892720174381459 ], [ 131.356433751479358, 32.893153583192991 ], [ 131.35678798256086, 32.89418606725387 ], [ 131.356612724025894, 32.895055150735317 ], [ 131.356829209488865, 32.895377175516295 ], [ 131.356867176154964, 32.895880864545944 ], [ 131.356423917599756, 32.896703525176505 ], [ 131.355284749230293, 32.896421509023781 ], [ 131.354976787612316, 32.896802272646575 ], [ 131.354706839719995, 32.89641224245792 ], [ 131.35371491581617, 32.896648000024875 ], [ 131.352645152830661, 32.895532764959171 ], [ 131.352020660458919, 32.896021637044427 ], [ 131.353028736662964, 32.896796305437796 ], [ 131.353004746658911, 32.896959361612531 ], [ 131.352285314926434, 32.897463509052656 ], [ 131.352615714747827, 32.898022123244033 ], [ 131.352848644556786, 32.898080373602291 ], [ 131.353275329507909, 32.897521215282758 ], [ 131.353570934736524, 32.897454687414729 ], [ 131.35485935903165, 32.897961537661324 ], [ 131.355874174918, 32.89802779198974 ], [ 131.356019467690516, 32.898201966042336 ], [ 131.355922577668224, 32.898510685542504 ], [ 131.3551782296569, 32.899005982158108 ], [ 131.355927701534114, 32.899541919420543 ], [ 131.355900176218881, 32.899654684336987 ], [ 131.355538094329404, 32.89979563670569 ], [ 131.354565142287413, 32.899645988463043 ], [ 131.354165049030115, 32.899920478606965 ], [ 131.354064107662168, 32.900178739288158 ], [ 131.354301476791562, 32.900459177519998 ], [ 131.355920803554852, 32.900887275937137 ], [ 131.355845516051374, 32.901326198331283 ], [ 131.355579298927637, 32.901623773144514 ], [ 131.354711165688315, 32.901995600633498 ], [ 131.355012006331037, 32.902348422352112 ], [ 131.357292234421294, 32.903436604277786 ], [ 131.358924180214046, 32.903797072903835 ], [ 131.360807293488165, 32.90525481090166 ], [ 131.363589535716159, 32.906048741304119 ], [ 131.365108952503732, 32.906078561509325 ], [ 131.365710429053991, 32.905903421983183 ], [ 131.365822848028444, 32.905457981315934 ], [ 131.366947099810773, 32.904901467321437 ] ] ] } },
{ "type": "Feature", "properties": { "CITY_NAME": "竹田市", "S_NAME": "大字中角", "JINKO": 77, "medical_area": "44_豊肥医療圏", "町丁目名": "竹田市大字中角" }, "geometry": { "type": "Polygon", "coordinates": [ [ [ 131.354343581085601, 32.899738843865229 ], [ 131.355788073529737, 32.899761920557729 ], [ 131.355927701534114, 32.899541919420543 ], [ 131.3551782296569, 32.899005982158108 ], [ 131.355922577668224, 32.898510685542504 ], [ 131.356019467690516, 32.898201966042336 ], [ 131.355874174918, 32.89802779198974 ], [ 131.35485935903165, 32.897961537661324 ], [ 131.353570934736524, 32.897454687414729 ], [ 131.353275329507909, 32.897521215282758 ], [ 131.352848644556786, 32.898080373602291 ], [ 131.352615714747827, 32.898022123244033 ], [ 131.352285314926434, 32.897463509052656 ], [ 131.353004746658911, 32.896959361612531 ], [ 131.353028736662964, 32.896796305437796 ], [ 131.352020660458919, 32.896021637044427 ], [ 131.352645152830661, 32.895532764959171 ], [ 131.35371491581617, 32.896648000024875 ], [ 131.354706839719995, 32.89641224245792 ], [ 131.354976787612316, 32.896802272646575 ], [ 131.355284749230293, 32.896421509023781 ], [ 131.356423917599756, 32.896703525176505 ], [ 131.356867176154964, 32.895880864545944 ], [ 131.356829209488865, 32.895377175516295 ], [ 131.356612724025894, 32.895055150735317 ], [ 131.35678798256086, 32.89418606725387 ], [ 131.356433751479358, 32.893153583192991 ], [ 131.356593551990898, 32.892720174381459 ], [ 131.356537814119548, 32.892136649187314 ], [ 131.356367609747792, 32.89195361794539 ], [ 131.355321632735865, 32.891949558186312 ], [ 131.355066906811771, 32.891760996491946 ], [ 131.355290320600886, 32.891374709603198 ], [ 131.355352812134754, 32.889804030299238 ], [ 131.355187000581964, 32.888397063084454 ], [ 131.354943871911956, 32.887722684876699 ], [ 131.353934040223152, 32.887241261748215 ], [ 131.353940004184636, 32.886998260730003 ], [ 131.354237496156372, 32.886638308105823 ], [ 131.354937821798387, 32.886519547216096 ], [ 131.355242891218381, 32.886260314528734 ], [ 131.355352378526078, 32.885637460635877 ], [ 131.355116968449522, 32.885063603449233 ], [ 131.355083959658884, 32.884145260553666 ], [ 131.356037681963357, 32.882596935652678 ], [ 131.355802277709756, 32.881385845891991 ], [ 131.355072134892424, 32.880464819750685 ], [ 131.355099957904685, 32.879714918498685 ], [ 131.353759799142551, 32.878675094329921 ], [ 131.351646272285592, 32.877899597534515 ], [ 131.350232572036219, 32.877642188752532 ], [ 131.349406003496028, 32.877838566011235 ], [ 131.347045456787157, 32.876975157622994 ], [ 131.34658407818236, 32.876272137024934 ], [ 131.346264608867187, 32.875055561892928 ], [ 131.345013940018049, 32.873606230168697 ], [ 131.343912936187337, 32.871744353249674 ], [ 131.341653673199403, 32.869956045473472 ], [ 131.340226440180516, 32.868344533078989 ], [ 131.338581986605419, 32.867643398617034 ], [ 131.336508440897916, 32.867560815352093 ], [ 131.335716144707789, 32.868859675952471 ], [ 131.334150647203529, 32.870404360623603 ], [ 131.33337343252299, 32.872668439932909 ], [ 131.332082344269736, 32.873471383603857 ], [ 131.331486663361915, 32.874857462817161 ], [ 131.3314657974569, 32.875462022863481 ], [ 131.331688478399201, 32.876309681314773 ], [ 131.333010973854471, 32.877729667077858 ], [ 131.333113550140183, 32.878738426471685 ], [ 131.333455674758966, 32.87949535956146 ], [ 131.333281225095959, 32.880876787286766 ], [ 131.334978089763439, 32.883625737125065 ], [ 131.336479479001611, 32.88480057983039 ], [ 131.337653837193784, 32.886574153674431 ], [ 131.339153831355219, 32.887361647965932 ], [ 131.340886451686401, 32.888948427405069 ], [ 131.342405698650168, 32.889533730763731 ], [ 131.342927460793931, 32.890256469791147 ], [ 131.344470090546366, 32.891717417100828 ], [ 131.344871729216806, 32.892339423939305 ], [ 131.346694337254121, 32.893917450118586 ], [ 131.34972753555806, 32.896207826857392 ], [ 131.350087326305214, 32.896324714239562 ], [ 131.350830805247512, 32.897568886874659 ], [ 131.351351465952035, 32.897988446640504 ], [ 131.351934375553583, 32.898997287595144 ], [ 131.352314938903191, 32.899316199448464 ], [ 131.352818394233964, 32.900426302997523 ], [ 131.354429907375248, 32.901558532366899 ], [ 131.354711165688315, 32.901995600633498 ], [ 131.355579298927637, 32.901623773144514 ], [ 131.355956893415254, 32.901047151146884 ], [ 131.355920803554852, 32.900887275937137 ], [ 131.354110593099108, 32.900317836792482 ], [ 131.354343581085601, 32.899738843865229 ] ] ] } },
{ "type": "Feature", "properties": { "CITY_NAME": "竹田市", "S_NAME": "大字次倉", "JINKO": 210, "medical_area": "44_豊肥医療圏", "町丁目名": "竹田市大字次倉" }, "geometry": { "type": "Polygon", "coordinates": [ [ [ 131.348909446722701, 32.923803303590446 ], [ 131.349896947472672, 32.923729429308644 ], [ 131.349880123646813, 32.923274834505129 ], [ 131.350541080520486, 32.922881831440172 ], [ 131.350927483585252, 32.923109339705235 ], [ 131.351638365662382, 32.922383473668852 ], [ 131.351868267348124, 32.922641896673852 ], [ 131.352192936823201, 32.922498752155384 ], [ 131.352755869543557, 32.921689466955485 ], [ 131.353259789985202, 32.92042061223264 ], [ 131.353987776119396, 32.920225520512822 ], [ 131.354262741326352, 32.919696444260332 ], [ 131.354893822231958, 32.919364460605799 ], [ 131.355390450639163, 32.918550270211725 ], [ 131.35594171547973, 32.918230352945784 ], [ 131.356274016810744, 32.916673238819541 ], [ 131.35644274056358, 32.914839326639772 ], [ 131.356345158161389, 32.912519658660742 ], [ 131.357253585409126, 32.912173691439058 ], [ 131.359484401558973, 32.912692467650196 ], [ 131.360687007233565, 32.912403204038561 ], [ 131.361561865965939, 32.91148946570209 ], [ 131.362200052078691, 32.9103911321561 ], [ 131.362296602432167, 32.909387115054201 ], [ 131.362036076472464, 32.908683101821836 ], [ 131.362485721435348, 32.907325363707223 ], [ 131.362787862426188, 32.906991411488022 ], [ 131.363601883623886, 32.907230403432472 ], [ 131.364156935465843, 32.907146729596434 ], [ 131.364458631189933, 32.906716229272178 ], [ 131.364178117273354, 32.906129940446135 ], [ 131.362149969287429, 32.905723903993533 ], [ 131.360807293488165, 32.90525481090166 ], [ 131.358924180214046, 32.903797072903835 ], [ 131.357292234421294, 32.903436604277786 ], [ 131.355012006331037, 32.902348422352112 ], [ 131.354429907375248, 32.901558532366899 ], [ 131.352818394233964, 32.900426302997523 ], [ 131.352314938903191, 32.899316199448464 ], [ 131.351934375553583, 32.898997287595144 ], [ 131.351351465952035, 32.897988446640504 ], [ 131.350830805247512, 32.897568886874659 ], [ 131.350087326305214, 32.896324714239562 ], [ 131.34972753555806, 32.896207826857392 ], [ 131.346694337254121, 32.893917450118586 ], [ 131.344871729216806, 32.892339423939305 ], [ 131.344470090546366, 32.891717417100828 ], [ 131.342927460793931, 32.890256469791147 ], [ 131.342405698650168, 32.889533730763731 ], [ 131.340886451686401, 32.888948427405069 ], [ 131.339153831355219, 32.887361647965932 ], [ 131.337653837193784, 32.886574153674431 ], [ 131.336479479001611, 32.88480057983039 ], [ 131.334978089763439, 32.883625737125065 ], [ 131.334425949491731, 32.882759908760875 ], [ 131.333695800891491, 32.882645114374043 ], [ 131.333278431807798, 32.882407611874704 ], [ 131.332804475797786, 32.882482856094441 ], [ 131.330553725342241, 32.88369774005978 ], [ 131.329501054823311, 32.884726278040596 ], [ 131.328923478343881, 32.884925139147235 ], [ 131.327354622671237, 32.884765715166594 ], [ 131.326744333393378, 32.884845970342106 ], [ 131.326185442657788, 32.885390268287892 ], [ 131.321297234914084, 32.885668937503347 ], [ 131.318605791650498, 32.886571038020428 ], [ 131.316485736100447, 32.886613732258454 ], [ 131.315814734693674, 32.887029002213971 ], [ 131.315390686402935, 32.888128985907265 ], [ 131.314734137671763, 32.888332280442505 ], [ 131.314080544664591, 32.88837985724772 ], [ 131.313557392684658, 32.888128444097191 ], [ 131.313261149492888, 32.886923432058829 ], [ 131.312825753941468, 32.886935054160723 ], [ 131.312710252219063, 32.887423015015948 ], [ 131.31186274883936, 32.888363955214771 ], [ 131.311881410333456, 32.888709410777913 ], [ 131.31230744661795, 32.889496933581341 ], [ 131.311945774943581, 32.889998410347914 ], [ 131.309036233306273, 32.891293223952353 ], [ 131.308991931221414, 32.8915391988564 ], [ 131.30962473502899, 32.892644442980114 ], [ 131.309409602401814, 32.893233700557367 ], [ 131.308331996087134, 32.894098779619654 ], [ 131.307779835773403, 32.8954543680276 ], [ 131.308813932091653, 32.894722608719057 ], [ 131.310128225977849, 32.89450626198883 ], [ 131.310740266037982, 32.895047488239051 ], [ 131.312467491005066, 32.896025438425077 ], [ 131.312551141431982, 32.896231658446894 ], [ 131.312366568449391, 32.897087857524646 ], [ 131.312612542953275, 32.897406885907998 ], [ 131.312928695041734, 32.897466030124171 ], [ 131.314315963837487, 32.896660098048933 ], [ 131.316101474452864, 32.897348160890566 ], [ 131.31731515544007, 32.897155299852997 ], [ 131.317768068425153, 32.897913327313034 ], [ 131.317836188432608, 32.898735588251469 ], [ 131.318127206325528, 32.899500674991693 ], [ 131.318588986662263, 32.899972313586652 ], [ 131.318838978234027, 32.900850717437649 ], [ 131.318854312442284, 32.901826272059502 ], [ 131.319135197351216, 32.902508153923613 ], [ 131.319483255114847, 32.902650439934163 ], [ 131.321242981726385, 32.902719185125711 ], [ 131.321784798913882, 32.902924231699053 ], [ 131.322134623242363, 32.903552641513564 ], [ 131.32200154947148, 32.904435355406846 ], [ 131.322259632247636, 32.904807609951973 ], [ 131.322733905348827, 32.904899619572966 ], [ 131.324276998747848, 32.904579316106897 ], [ 131.326416308505344, 32.904760227437635 ], [ 131.327021459589645, 32.90500172297979 ], [ 131.327429998365659, 32.906009546029509 ], [ 131.327903080251644, 32.906314637709066 ], [ 131.329134685906553, 32.906131605170714 ], [ 131.33067302795294, 32.905072044157947 ], [ 131.331289703184268, 32.905220256758021 ], [ 131.331608790047625, 32.906058504323283 ], [ 131.33135427326684, 32.907181286632117 ], [ 131.331618825784346, 32.907693357582808 ], [ 131.332873134260922, 32.908302717728063 ], [ 131.333639813714427, 32.908953309300905 ], [ 131.335300653251011, 32.909481640562632 ], [ 131.335908841616344, 32.909989456349727 ], [ 131.336258292954028, 32.911007414616591 ], [ 131.336101773939276, 32.911400742003416 ], [ 131.335391234477356, 32.912035298595121 ], [ 131.335297789931332, 32.912395159708588 ], [ 131.336013701495176, 32.913179048899835 ], [ 131.337512802371236, 32.913737753720596 ], [ 131.338100876446418, 32.914139063667989 ], [ 131.338078297393366, 32.9144288116957 ], [ 131.33748461203794, 32.915159620031375 ], [ 131.337499783343446, 32.915515860478585 ], [ 131.338442015517614, 32.916079372247168 ], [ 131.339063777981494, 32.917019998383381 ], [ 131.34035628123317, 32.91775571055512 ], [ 131.341275090934317, 32.918898632358243 ], [ 131.34469554069625, 32.920773938768356 ], [ 131.34483299988247, 32.921207234389556 ], [ 131.344695508792455, 32.92151552121274 ], [ 131.343583063951314, 32.922482066819221 ], [ 131.343333078166467, 32.922890348288334 ], [ 131.343045579124521, 32.923681935083295 ], [ 131.343195543711772, 32.92402356708763 ], [ 131.344232956920564, 32.924665207887436 ], [ 131.344997407398722, 32.924820708218498 ], [ 131.348909446722701, 32.923803303590446 ] ] ] } },
{ "type": "Feature", "properties": { "CITY_NAME": "竹田市", "S_NAME": "大字九重野", "JINKO": 230, "medical_area": "44_豊肥医療圏", "町丁目名": "竹田市大字九重野" }, "geometry": { "type": "Polygon", "coordinates": [ [ [ 131.309409602401814, 32.893233700557367 ], [ 131.30962473502899, 32.892644442980114 ], [ 131.308991931221414, 32.8915391988564 ], [ 131.309036233306273, 32.891293223952353 ], [ 131.311945774943581, 32.889998410347914 ], [ 131.31230744661795, 32.889496933581341 ], [ 131.311881410333456, 32.888709410777913 ], [ 131.31186274883936, 32.888363955214771 ], [ 131.312710252219063, 32.887423015015948 ], [ 131.312917237854919, 32.886878420339031 ], [ 131.313261149492888, 32.886923432058829 ], [ 131.313557392684658, 32.888128444097191 ], [ 131.314080544664591, 32.88837985724772 ], [ 131.314734137671763, 32.888332280442505 ], [ 131.315390686402935, 32.888128985907265 ], [ 131.315814734693674, 32.887029002213971 ], [ 131.316485736100447, 32.886613732258454 ], [ 131.318605791650498, 32.886571038020428 ], [ 131.321297234914084, 32.885668937503347 ], [ 131.326185442657788, 32.885390268287892 ], [ 131.326744333393378, 32.884845970342106 ], [ 131.327354622671237, 32.884765715166594 ], [ 131.328923478343881, 32.884925139147235 ], [ 131.329501054823311, 32.884726278040596 ], [ 131.330553725342241, 32.88369774005978 ], [ 131.332804475797786, 32.882482856094441 ], [ 131.333278431807798, 32.882407611874704 ], [ 131.333695800891491, 32.882645114374043 ], [ 131.334425949491731, 32.882759908760875 ], [ 131.333281225095959, 32.880876787286766 ], [ 131.333455674758966, 32.87949535956146 ], [ 131.333113550140183, 32.878738426471685 ], [ 131.333010973854471, 32.877729667077858 ], [ 131.331688478399201, 32.876309681314773 ], [ 131.3314657974569, 32.875462022863481 ], [ 131.331486663361915, 32.874857462817161 ], [ 131.332082344269736, 32.873471383603857 ], [ 131.33337343252299, 32.872668439932909 ], [ 131.334150647203529, 32.870404360623603 ], [ 131.336130138108416, 32.868351571162869 ], [ 131.336508440897916, 32.867560815352093 ], [ 131.336643701874948, 32.866663453894041 ], [ 131.336457444692172, 32.866293458261204 ], [ 131.335646848616591, 32.865788621475275 ], [ 131.335296979410401, 32.864912051102898 ], [ 131.333515356669864, 32.864253814017246 ], [ 131.332469591070776, 32.862638087245401 ], [ 131.331705242972077, 32.862133122298886 ], [ 131.329403904895315, 32.861485939127483 ], [ 131.328430343055459, 32.860630490716268 ], [ 131.327549354909252, 32.85664499721014 ], [ 131.327798367270958, 32.855240328895938 ], [ 131.327658677942679, 32.854948193541915 ], [ 131.326245639266517, 32.853918352972435 ], [ 131.325343570015775, 32.853628187924052 ], [ 131.324393551973202, 32.852850607853142 ], [ 131.321815745168209, 32.852340487576882 ], [ 131.321537039655198, 32.851931699202296 ], [ 131.320204419799836, 32.847508526341031 ], [ 131.319479956912801, 32.846793759862713 ], [ 131.319012866609, 32.847139379791415 ], [ 131.317125439597902, 32.847747633473233 ], [ 131.315662979600091, 32.848489203338907 ], [ 131.315337975717085, 32.848855828821961 ], [ 131.315475418182814, 32.849730742198666 ], [ 131.314212890340286, 32.850972258502445 ], [ 131.313612910897376, 32.851238893828793 ], [ 131.312762958646516, 32.851222213999272 ], [ 131.310775478210616, 32.852597033535524 ], [ 131.310063007463981, 32.852913667778061 ], [ 131.307625585767511, 32.85316358035552 ], [ 131.304513210465387, 32.853163505451946 ], [ 131.30451316907758, 32.853613463535673 ], [ 131.304238154652296, 32.854271730617512 ], [ 131.303800665125863, 32.854588345946418 ], [ 131.300613273792294, 32.855604842082556 ], [ 131.298475862610445, 32.855579782826119 ], [ 131.297425916985816, 32.855938044323274 ], [ 131.296601000835039, 32.8566212688972 ], [ 131.29468467332461, 32.857054053862107 ], [ 131.294238736515553, 32.85733777240506 ], [ 131.293938761071729, 32.857879362157114 ], [ 131.292766081649148, 32.858931762100745 ], [ 131.290785603871939, 32.859930986128241 ], [ 131.290314041051801, 32.860903895369113 ], [ 131.288551681382614, 32.862411990264832 ], [ 131.287351755541266, 32.863861793795849 ], [ 131.286851741472134, 32.865594916059877 ], [ 131.285864337369873, 32.86534491707156 ], [ 131.285426878226417, 32.86550320782591 ], [ 131.285226897197276, 32.865794826683846 ], [ 131.285314365903929, 32.866136475846851 ], [ 131.285064392135496, 32.866228108289654 ], [ 131.283114674804125, 32.865936377962512 ], [ 131.282927172712448, 32.866452985639008 ], [ 131.281464847849264, 32.867402802493842 ], [ 131.280339944386071, 32.868485973420263 ], [ 131.2801774150862, 32.869502538011275 ], [ 131.279577479525074, 32.869952458205667 ], [ 131.276602875190349, 32.869835671573121 ], [ 131.27355320184185, 32.871127083717106 ], [ 131.273165711331075, 32.871618689439337 ], [ 131.273553003688932, 32.873901799244173 ], [ 131.273365476126799, 32.874576721355155 ], [ 131.271690553962969, 32.877051378736397 ], [ 131.271603000398898, 32.877842960876563 ], [ 131.271740437173179, 32.878426248462084 ], [ 131.272240284378455, 32.879484517017978 ], [ 131.273202525464512, 32.880884418309371 ], [ 131.273427446721229, 32.881692687218319 ], [ 131.273639835352498, 32.881853713174308 ], [ 131.274246406120852, 32.881909863871037 ], [ 131.275311197295366, 32.881511487379861 ], [ 131.275889780451877, 32.882212810568134 ], [ 131.276970283026145, 32.882420221725376 ], [ 131.278543963546753, 32.881864026537492 ], [ 131.278760026004619, 32.881507265288143 ], [ 131.279199717841465, 32.88132648480584 ], [ 131.281468750579819, 32.882200524409939 ], [ 131.284227497642121, 32.884964716410394 ], [ 131.284225538540113, 32.885594053024157 ], [ 131.284493213940607, 32.885959714631475 ], [ 131.285109898963555, 32.886184751671202 ], [ 131.286326009894339, 32.886158676623069 ], [ 131.289342027918167, 32.887137352328949 ], [ 131.289884820367064, 32.887695492908627 ], [ 131.289652517614599, 32.888511815122207 ], [ 131.289780064419574, 32.888877789367051 ], [ 131.291601113931335, 32.889679356797238 ], [ 131.293147456959673, 32.889485901047742 ], [ 131.293457098619626, 32.891483072649116 ], [ 131.29435102774903, 32.892529853562309 ], [ 131.295003478823133, 32.892794699345941 ], [ 131.297008967959471, 32.893135056811118 ], [ 131.297374759959069, 32.893358482381238 ], [ 131.298125551427916, 32.894251850280696 ], [ 131.298678131414391, 32.894597366429402 ], [ 131.299646006173873, 32.894694953470896 ], [ 131.300186665550257, 32.895173133120416 ], [ 131.300720149657394, 32.895275071726701 ], [ 131.301709723619325, 32.894786549951263 ], [ 131.30397805120279, 32.894661196543439 ], [ 131.304324668206363, 32.894397305425819 ], [ 131.304939254303321, 32.893386901257138 ], [ 131.305368933100453, 32.89316608896906 ], [ 131.305705212833402, 32.893341749740834 ], [ 131.305804750127464, 32.893577915203878 ], [ 131.305741174417108, 32.894616946498331 ], [ 131.305898333114982, 32.894956191062761 ], [ 131.306357344244361, 32.89522478195962 ], [ 131.307779835773403, 32.8954543680276 ], [ 131.308331996087134, 32.894098779619654 ], [ 131.309409602401814, 32.893233700557367 ] ] ] } },
{ "type": "Feature", "properties": { "CITY_NAME": "竹田市", "S_NAME": "大字戸上", "JINKO": 107, "medical_area": "44_豊肥医療圏", "町丁目名": "竹田市大字戸上" }, "geometry": { "type": "Polygon", "coordinates": [ [ [ 131.303047117865731, 32.960833066395999 ], [ 131.305073579197625, 32.960738775079754 ], [ 131.306220502672801, 32.959806990202694 ], [ 131.307939243764963, 32.960389310361279 ], [ 131.311475280903181, 32.96012793662635 ], [ 131.313240394586387, 32.959488113789511 ], [ 131.316055405658716, 32.958771258733314 ], [ 131.316505991494012, 32.959065906214754 ], [ 131.316412415619368, 32.959393734995942 ], [ 131.316549805825161, 32.959437430401515 ], [ 131.316957281373703, 32.958924427851187 ], [ 131.318619079369142, 32.958785816218992 ], [ 131.318659778389588, 32.958372923412171 ], [ 131.318984245716479, 32.958147914932134 ], [ 131.320173163504137, 32.958150286759349 ], [ 131.320375681167292, 32.957802761100297 ], [ 131.320286590476627, 32.957382522997221 ], [ 131.319575685705274, 32.956943894867536 ], [ 131.31944685245432, 32.956670888720055 ], [ 131.319700613476101, 32.95621269268436 ], [ 131.319608671698802, 32.955044725885926 ], [ 131.319959769492613, 32.954301072394756 ], [ 131.319515336819677, 32.953517179418583 ], [ 131.318752431966431, 32.952940436114268 ], [ 131.31863422295686, 32.95261776125691 ], [ 131.318810982550332, 32.9520364960092 ], [ 131.319567307435221, 32.952070775407371 ], [ 131.320502473402371, 32.951748872845378 ], [ 131.320178720387332, 32.951279335591117 ], [ 131.319543345375024, 32.949411274057709 ], [ 131.320499781591366, 32.948993566180995 ], [ 131.3206091292341, 32.948582821125065 ], [ 131.321225151851195, 32.948741010240731 ], [ 131.321264562510208, 32.948347641818117 ], [ 131.32150041024488, 32.948236435634485 ], [ 131.321832687640182, 32.948569857873267 ], [ 131.322666492448633, 32.948462024429787 ], [ 131.323808657275777, 32.94772909433874 ], [ 131.323682282877968, 32.947466426328681 ], [ 131.322734386575632, 32.947374292154741 ], [ 131.321807165890959, 32.946869833727497 ], [ 131.320831705857415, 32.946204837285727 ], [ 131.320592575604792, 32.945605000795673 ], [ 131.320018934826209, 32.945984062628938 ], [ 131.319192412057447, 32.946044260651767 ], [ 131.318345700841519, 32.946386019380114 ], [ 131.317370277111081, 32.947043131882339 ], [ 131.316496931983892, 32.947353671779652 ], [ 131.3158922651522, 32.947212199529105 ], [ 131.315278265441378, 32.94742822933479 ], [ 131.314747262243316, 32.947143579891112 ], [ 131.313528141428634, 32.947084077966942 ], [ 131.312914931118513, 32.947523519583299 ], [ 131.310209983159893, 32.948437334209316 ], [ 131.309382396601563, 32.948207029381145 ], [ 131.308906420445794, 32.948494192744676 ], [ 131.307262128330251, 32.948113955429939 ], [ 131.305636769509107, 32.948605008534521 ], [ 131.30503147879034, 32.948284758838611 ], [ 131.306011147275001, 32.948880685628851 ], [ 131.306208688545325, 32.95010982106966 ], [ 131.306016629306157, 32.950458444054107 ], [ 131.304655524019353, 32.950661769587533 ], [ 131.303126533249355, 32.950584006766547 ], [ 131.301818058833959, 32.952050130844285 ], [ 131.298557177159296, 32.952965371593805 ], [ 131.297695861755813, 32.952878544074316 ], [ 131.295670183013812, 32.954046324233801 ], [ 131.295837144188852, 32.955368153085082 ], [ 131.296057133046475, 32.955463931975977 ], [ 131.298283962586822, 32.955321585327425 ], [ 131.302229870437827, 32.956069603714319 ], [ 131.302227924144461, 32.957542666767914 ], [ 131.300996667384823, 32.957715922343674 ], [ 131.301214020203332, 32.959137921375046 ], [ 131.300716794223092, 32.959316160373376 ], [ 131.300396994570946, 32.959708998674749 ], [ 131.300376009402896, 32.960045099836059 ], [ 131.30091661760494, 32.960232680762026 ], [ 131.302147923392141, 32.959979444955735 ], [ 131.303035645647185, 32.960519660933407 ], [ 131.303047117865731, 32.960833066395999 ] ] ] } },
{ "type": "Feature", "properties": { "CITY_NAME": "竹田市", "S_NAME": "大字菅生", "JINKO": 279, "medical_area": "44_豊肥医療圏", "町丁目名": "竹田市大字菅生" }, "geometry": { "type": "Polygon", "coordinates": [ [ [ 131.282154296614408, 32.959482792589945 ], [ 131.285222759128516, 32.958134484405029 ], [ 131.286387550254915, 32.957929356863772 ], [ 131.287295426908884, 32.958160101409028 ], [ 131.287580367571053, 32.957909884965986 ], [ 131.287808300448859, 32.95793114597619 ], [ 131.2890236266839, 32.95849017455275 ], [ 131.289443901771875, 32.95841327340765 ], [ 131.291154005175855, 32.958712990506648 ], [ 131.291543920250859, 32.958539988346836 ], [ 131.295111528586347, 32.95829370498614 ], [ 131.295987226476655, 32.957876577820571 ], [ 131.297309549338252, 32.958212739577718 ], [ 131.298559205181476, 32.958227027010089 ], [ 131.300529110880433, 32.957763910674991 ], [ 131.302116748007109, 32.957625107151536 ], [ 131.302317608288178, 32.957290092964215 ], [ 131.302314293793415, 32.956315887902164 ], [ 131.302097185614315, 32.955970153944264 ], [ 131.298283962586822, 32.955321585327425 ], [ 131.296057133046475, 32.955463931975977 ], [ 131.295837144188852, 32.955368153085082 ], [ 131.295670183013812, 32.954046324233801 ], [ 131.297695861755813, 32.952878544074316 ], [ 131.298557177159296, 32.952965371593805 ], [ 131.301818058833959, 32.952050130844285 ], [ 131.303126533249355, 32.950584006766547 ], [ 131.304655524019353, 32.950661769587533 ], [ 131.306016629306157, 32.950458444054107 ], [ 131.306208688545325, 32.95010982106966 ], [ 131.306011147275001, 32.948880685628851 ], [ 131.30503147879034, 32.948284758838611 ], [ 131.301114466354051, 32.948173609695722 ], [ 131.299760828146617, 32.947528936919277 ], [ 131.298880324231419, 32.947316553541548 ], [ 131.298242762535466, 32.946844422951273 ], [ 131.296854828100209, 32.94702647035713 ], [ 131.291608828873223, 32.948875390291803 ], [ 131.290177237925377, 32.948691054653224 ], [ 131.288979591644534, 32.948729584075977 ], [ 131.28584109359744, 32.950072904605662 ], [ 131.281725071093319, 32.950712340656494 ], [ 131.279872938281045, 32.951619162444928 ], [ 131.277812319343042, 32.951885218108224 ], [ 131.27682569369361, 32.951840857915293 ], [ 131.274942890817243, 32.953145978276616 ], [ 131.274507655958104, 32.953768660550089 ], [ 131.273473945958727, 32.954277610711003 ], [ 131.273020704857288, 32.954864716627426 ], [ 131.272415821074901, 32.955298772080681 ], [ 131.273719227286193, 32.956341358958063 ], [ 131.274178424626484, 32.95695072567343 ], [ 131.273864502144193, 32.95835481331477 ], [ 131.273702377418772, 32.958520540617883 ], [ 131.273849882374719, 32.959157372247788 ], [ 131.274700868426692, 32.959347800889475 ], [ 131.277837002046709, 32.959427982776795 ], [ 131.281711148558003, 32.959924148510041 ], [ 131.281891267748193, 32.959888314283099 ], [ 131.282154296614408, 32.959482792589945 ] ] ] } },
{ "type": "Feature", "properties": { "CITY_NAME": "竹田市", "S_NAME": "大字小塚", "JINKO": 147, "medical_area": "44_豊肥医療圏", "町丁目名": "竹田市大字小塚" }, "geometry": { "type": "Polygon", "coordinates": [ [ [ 131.268508813634185, 32.976302087074508 ], [ 131.269387218101173, 32.976375583831945 ], [ 131.270849248324737, 32.975607465202948 ], [ 131.273322443505918, 32.97513159003244 ], [ 131.274253433473177, 32.974296408813565 ], [ 131.275213520184735, 32.97392081929609 ], [ 131.27586832623922, 32.973384293364852 ], [ 131.27763444560432, 32.973118221047194 ], [ 131.277943622311085, 32.972485499410723 ], [ 131.278948984998152, 32.972278564056836 ], [ 131.281088275327306, 32.971415492727814 ], [ 131.282293916824102, 32.971190114243235 ], [ 131.28287462984207, 32.970829691205317 ], [ 131.283125110908912, 32.970385621081711 ], [ 131.282289098468425, 32.969483352216621 ], [ 131.281323296847802, 32.969266820172514 ], [ 131.281596226802918, 32.968942252751397 ], [ 131.281585844366731, 32.968699322916279 ], [ 131.280922283402276, 32.968615782830554 ], [ 131.280762693828081, 32.968304337062506 ], [ 131.27933291374049, 32.968350065730611 ], [ 131.278861300611766, 32.968164850971711 ], [ 131.278314978678623, 32.967528303228391 ], [ 131.277934685439504, 32.967344902696652 ], [ 131.274208752870237, 32.966644518700605 ], [ 131.273011014192548, 32.967116868867372 ], [ 131.272553194893362, 32.967109771506763 ], [ 131.271506652097912, 32.966733461842587 ], [ 131.27120830199641, 32.966272184699143 ], [ 131.271816497313665, 32.966010082136634 ], [ 131.272402668755376, 32.965374461243449 ], [ 131.274164506420504, 32.964101591028417 ], [ 131.274508204984357, 32.963263162904873 ], [ 131.275815954648834, 32.962263256486025 ], [ 131.276134283735757, 32.961651261391111 ], [ 131.276535330344814, 32.961491413439987 ], [ 131.276667523978404, 32.961174209032805 ], [ 131.276530956771296, 32.960722138798488 ], [ 131.277198984147617, 32.960357890716615 ], [ 131.277143179438951, 32.959950795174137 ], [ 131.276469736147448, 32.959364613496362 ], [ 131.274700868426692, 32.959347800889475 ], [ 131.273849882374719, 32.959157372247788 ], [ 131.273702377418772, 32.958520540617883 ], [ 131.273864502144193, 32.95835481331477 ], [ 131.274178424626484, 32.95695072567343 ], [ 131.273719227286193, 32.956341358958063 ], [ 131.272415821074901, 32.955298772080681 ], [ 131.273020704857288, 32.954864716627426 ], [ 131.273473945958727, 32.954277610711003 ], [ 131.274507655958104, 32.953768660550089 ], [ 131.274942890817243, 32.953145978276616 ], [ 131.276361705749821, 32.95210755462373 ], [ 131.276558633503925, 32.951159479482563 ], [ 131.276459560663767, 32.950661223252496 ], [ 131.275149597256075, 32.949590506603812 ], [ 131.274721578857708, 32.949914632395966 ], [ 131.274273207412847, 32.949975877414055 ], [ 131.272172227601601, 32.94997395035157 ], [ 131.269690882324397, 32.949639742765235 ], [ 131.268478257834857, 32.949977500350364 ], [ 131.267153293975412, 32.949980348502898 ], [ 131.266430064858525, 32.949159692130529 ], [ 131.265739911548252, 32.948767929994716 ], [ 131.263672969528216, 32.948754438639583 ], [ 131.261524267814707, 32.947976975886782 ], [ 131.260760816844936, 32.947880260959131 ], [ 131.259741389165811, 32.947229968910776 ], [ 131.259106030918787, 32.947418951691596 ], [ 131.258172612208199, 32.94717061172809 ], [ 131.257360850577101, 32.946837114148948 ], [ 131.256658128092653, 32.945721382970738 ], [ 131.25632922790868, 32.945605862056333 ], [ 131.255608615924388, 32.945634121881177 ], [ 131.254185179509051, 32.946356421671759 ], [ 131.252892542697055, 32.94649305978583 ], [ 131.252258304657317, 32.947084178918189 ], [ 131.251783800895822, 32.947952054203064 ], [ 131.251138327360223, 32.948328706508505 ], [ 131.249760444067675, 32.948322489864488 ], [ 131.248985500025697, 32.94787713681837 ], [ 131.248540695299454, 32.948003134311207 ], [ 131.247843237529196, 32.94875525372148 ], [ 131.24710531485249, 32.950222444374738 ], [ 131.246601825545838, 32.952153932685853 ], [ 131.246901146582218, 32.95308285154001 ], [ 131.24794079230881, 32.953402569389084 ], [ 131.250314313341562, 32.953111861320792 ], [ 131.251036137960853, 32.953485783006826 ], [ 131.252336617375363, 32.953596299565874 ], [ 131.252817685921713, 32.953895742519016 ], [ 131.253302047654273, 32.955357651857099 ], [ 131.253264222827653, 32.955677729406617 ], [ 131.252878401102322, 32.956200961154508 ], [ 131.252228645885594, 32.956515751972141 ], [ 131.251378619325749, 32.957235843605432 ], [ 131.250108720193822, 32.95739512891803 ], [ 131.249459992790321, 32.958088683910958 ], [ 131.249041305366916, 32.9579458459758 ], [ 131.248406923993599, 32.95823446536663 ], [ 131.247820026868084, 32.95888870807714 ], [ 131.246910825820663, 32.958722529906836 ], [ 131.246039260934907, 32.958811182985777 ], [ 131.245952757714775, 32.959747927871348 ], [ 131.246386317533222, 32.960600648825015 ], [ 131.246464774592113, 32.961865061450858 ], [ 131.24710548974403, 32.963049301791386 ], [ 131.247782312054056, 32.963711841924727 ], [ 131.248758158090368, 32.964026028874969 ], [ 131.249489055120762, 32.963898107457275 ], [ 131.249900141220905, 32.963391466015132 ], [ 131.250517864933641, 32.963026671896962 ], [ 131.251042679633542, 32.962962379356988 ], [ 131.251737195327763, 32.963245507250292 ], [ 131.253030438974491, 32.963069000665939 ], [ 131.253735378027812, 32.963444599650991 ], [ 131.25454231195539, 32.963266808961706 ], [ 131.255722474583337, 32.96357722415717 ], [ 131.257479537726425, 32.96495668071082 ], [ 131.257555817049678, 32.965399111707441 ], [ 131.258082838691308, 32.966093513144713 ], [ 131.259567289050523, 32.967181084420162 ], [ 131.259417966855352, 32.967418499487188 ], [ 131.259720247977839, 32.968192392040081 ], [ 131.260849009995439, 32.969454546842286 ], [ 131.261115229290112, 32.97071851262605 ], [ 131.261566900097165, 32.971270790055229 ], [ 131.26246862787923, 32.971822102173427 ], [ 131.263223573588533, 32.973464380823252 ], [ 131.264399767812819, 32.974860739154451 ], [ 131.264364000629399, 32.975445659417318 ], [ 131.263995071028575, 32.976039561447415 ], [ 131.264492055014188, 32.975980392834011 ], [ 131.265661286357016, 32.976369314558333 ], [ 131.266660759532414, 32.97630250608622 ], [ 131.267369039075049, 32.976498485439627 ], [ 131.268508813634185, 32.976302087074508 ] ] ] } },
{ "type": "Feature", "properties": { "CITY_NAME": "竹田市", "S_NAME": "大字今", "JINKO": 115, "medical_area": "44_豊肥医療圏", "町丁目名": "竹田市大字今" }, "geometry": { "type": "Polygon", "coordinates": [ [ [ 131.293990102182903, 32.970337157760191 ], [ 131.294705625383955, 32.969513106674135 ], [ 131.297141767863508, 32.968889654974788 ], [ 131.297666292509291, 32.968186678766109 ], [ 131.298360734265145, 32.966454893159415 ], [ 131.298241195457678, 32.965081889334122 ], [ 131.298421645284776, 32.964881915825025 ], [ 131.298686277902078, 32.96486368041402 ], [ 131.298719942297168, 32.964517339636323 ], [ 131.299025531557163, 32.964246647019969 ], [ 131.300090574180444, 32.964032817899074 ], [ 131.300663306020908, 32.964483337243827 ], [ 131.300811460822956, 32.965040513032932 ], [ 131.301542877616413, 32.965038750464913 ], [ 131.301897905778901, 32.963940429009753 ], [ 131.302217197038232, 32.963611006074508 ], [ 131.302922714136201, 32.964117915748716 ], [ 131.303404564133473, 32.964025738285734 ], [ 131.303535982342083, 32.963572831916352 ], [ 131.303007604660337, 32.962523367545849 ], [ 131.303329516061098, 32.961941577618653 ], [ 131.302985680710549, 32.961153253295926 ], [ 131.303035645647185, 32.960519660933407 ], [ 131.302147923392141, 32.959979444955735 ], [ 131.30091661760494, 32.960232680762026 ], [ 131.300376009402896, 32.960045099836059 ], [ 131.300396994570946, 32.959708998674749 ], [ 131.300716794223092, 32.959316160373376 ], [ 131.301214020203332, 32.959137921375046 ], [ 131.300996667384823, 32.957715922343674 ], [ 131.298559205181476, 32.958227027010089 ], [ 131.297309549338252, 32.958212739577718 ], [ 131.295987226476655, 32.957876577820571 ], [ 131.295111528586347, 32.95829370498614 ], [ 131.291543920250859, 32.958539988346836 ], [ 131.291154005175855, 32.958712990506648 ], [ 131.289443901771875, 32.95841327340765 ], [ 131.2890236266839, 32.95849017455275 ], [ 131.287808300448859, 32.95793114597619 ], [ 131.287580367571053, 32.957909884965986 ], [ 131.287295426908884, 32.958160101409028 ], [ 131.286718032682899, 32.957948838360316 ], [ 131.28595516269931, 32.957975894532034 ], [ 131.282681882626406, 32.959152594122912 ], [ 131.282154296614408, 32.959482792589945 ], [ 131.281819267561815, 32.959918845153673 ], [ 131.276469736147448, 32.959364613496362 ], [ 131.277224647374936, 32.960154111657125 ], [ 131.277198984147617, 32.960357890716615 ], [ 131.276530956771296, 32.960722138798488 ], [ 131.276667523978404, 32.961174209032805 ], [ 131.276535330344814, 32.961491413439987 ], [ 131.276134283735757, 32.961651261391111 ], [ 131.275815954648834, 32.962263256486025 ], [ 131.274508204984357, 32.963263162904873 ], [ 131.274164506420504, 32.964101591028417 ], [ 131.272402668755376, 32.965374461243449 ], [ 131.271816497313665, 32.966010082136634 ], [ 131.27120830199641, 32.966272184699143 ], [ 131.271506652097912, 32.966733461842587 ], [ 131.272553194893362, 32.967109771506763 ], [ 131.273011014192548, 32.967116868867372 ], [ 131.274208752870237, 32.966644518700605 ], [ 131.277934685439504, 32.967344902696652 ], [ 131.278314978678623, 32.967528303228391 ], [ 131.278861300611766, 32.968164850971711 ], [ 131.27933291374049, 32.968350065730611 ], [ 131.280762693828081, 32.968304337062506 ], [ 131.280922283402276, 32.968615782830554 ], [ 131.281585844366731, 32.968699322916279 ], [ 131.281596226802918, 32.968942252751397 ], [ 131.281323296847802, 32.969266820172514 ], [ 131.282289098468425, 32.969483352216621 ], [ 131.283125110908912, 32.970385621081711 ], [ 131.284274966897385, 32.969515752023334 ], [ 131.285909034354518, 32.969978871688255 ], [ 131.287889310280462, 32.970060501808483 ], [ 131.288857822277095, 32.970331187954351 ], [ 131.290002486259027, 32.970375216988259 ], [ 131.29184240860846, 32.971193286718702 ], [ 131.292675219195502, 32.971029742387294 ], [ 131.293990102182903, 32.970337157760191 ] ] ] } },
{ "type": "Feature", "properties": { "CITY_NAME": "竹田市", "S_NAME": "大字市用", "JINKO": 66, "medical_area": "44_豊肥医療圏", "町丁目名": "竹田市大字市用" }, "geometry": { "type": "Polygon", "coordinates": [ [ [ 131.348564468899241, 32.973240545806753 ], [ 131.34816500200364, 32.972710253384967 ], [ 131.348215406105226, 32.972212147711517 ], [ 131.349669393835342, 32.969138244683151 ], [ 131.348937754783776, 32.969210902181572 ], [ 131.348368738645888, 32.96865088634032 ], [ 131.347671917797811, 32.968501455813133 ], [ 131.347802820509884, 32.967521002425329 ], [ 131.347038524093222, 32.965619690466255 ], [ 131.345749210292894, 32.964991307160709 ], [ 131.345483051615105, 32.964696871725572 ], [ 131.34489849427564, 32.964528198167628 ], [ 131.344271801732873, 32.963924467423766 ], [ 131.343734126984259, 32.963683753078939 ], [ 131.343861773107648, 32.962430848348767 ], [ 131.34403032427366, 32.962185541422578 ], [ 131.343469798000967, 32.962051025797649 ], [ 131.343075795716459, 32.961708349440372 ], [ 131.342396120897263, 32.961697476963842 ], [ 131.342248628310273, 32.962614567322376 ], [ 131.342037687577715, 32.962742463551706 ], [ 131.341720223950034, 32.962666933432466 ], [ 131.341345883029732, 32.961547573641198 ], [ 131.340725006643197, 32.961549239017415 ], [ 131.340092006784943, 32.962147956616626 ], [ 131.339868060001237, 32.962186348401907 ], [ 131.339433822709225, 32.961923060127532 ], [ 131.339275855937927, 32.961170581360562 ], [ 131.338736094406244, 32.961125261439804 ], [ 131.338244265172534, 32.961846432141769 ], [ 131.337758088133, 32.962217470703095 ], [ 131.33628051198113, 32.962913955364968 ], [ 131.33541906029734, 32.963526606233657 ], [ 131.333937016475375, 32.963964841932899 ], [ 131.333443753222468, 32.964312404487124 ], [ 131.333677127266867, 32.965244903459286 ], [ 131.334229703940906, 32.965842030570023 ], [ 131.334983660704353, 32.966280174979026 ], [ 131.335765286592647, 32.967575055508377 ], [ 131.33585090608608, 32.968108877721598 ], [ 131.33671545262564, 32.968306087705713 ], [ 131.337019074118786, 32.969154428345909 ], [ 131.337666107739125, 32.969785768684012 ], [ 131.338128074406711, 32.970923735101223 ], [ 131.338937053128177, 32.970552670451518 ], [ 131.33927044246758, 32.970573788656303 ], [ 131.339853365253674, 32.970908058273018 ], [ 131.340547457273118, 32.971901855567225 ], [ 131.341273063339941, 32.972170770223492 ], [ 131.341730839490282, 32.972531072299141 ], [ 131.341839148050838, 32.973579480976817 ], [ 131.342706772209453, 32.974247293599014 ], [ 131.342421055721445, 32.975790081031953 ], [ 131.343921587681791, 32.975097766195304 ], [ 131.346453178115638, 32.97483753742312 ], [ 131.347896160583929, 32.974475670105583 ], [ 131.348566829806373, 32.973840654060631 ], [ 131.348564468899241, 32.973240545806753 ] ] ] } },
{ "type": "Feature", "properties": { "CITY_NAME": "竹田市", "S_NAME": "大字下志土知", "JINKO": 41, "medical_area": "44_豊肥医療圏", "町丁目名": "竹田市大字下志土知" }, "geometry": { "type": "Polygon", "coordinates": [ [ [ 131.33352779206561, 32.98152343360892 ], [ 131.333876116259319, 32.98029472980312 ], [ 131.335221459016793, 32.980004856723994 ], [ 131.335836527085377, 32.980179388306333 ], [ 131.336289293683848, 32.980646161368014 ], [ 131.337675036725585, 32.980664455077132 ], [ 131.337903141588868, 32.980256777209505 ], [ 131.338052434975225, 32.979256185331742 ], [ 131.338205110899196, 32.976634322824943 ], [ 131.338470797114923, 32.976036726948728 ], [ 131.338699659245634, 32.97582639611533 ], [ 131.33935007968276, 32.975743977388106 ], [ 131.339599316808631, 32.975856227996481 ], [ 131.339830607841293, 32.976275033678739 ], [ 131.340309263725857, 32.976322122374917 ], [ 131.340733642734051, 32.975486361894632 ], [ 131.341006981269516, 32.975182808648938 ], [ 131.341294352193501, 32.975132476400042 ], [ 131.342421055721445, 32.975790081031953 ], [ 131.342726200499897, 32.974613533690068 ], [ 131.342706772209453, 32.974247293598978 ], [ 131.341839148050866, 32.973579480976817 ], [ 131.341730839490282, 32.972531072299141 ], [ 131.341273063339969, 32.972170770223471 ], [ 131.340547457273118, 32.971901855567225 ], [ 131.339853365253674, 32.970908058272983 ], [ 131.339074203243968, 32.970530278091289 ], [ 131.338128074406711, 32.970923735101223 ], [ 131.337666107739125, 32.969785768683991 ], [ 131.337019074118786, 32.969154428345895 ], [ 131.33671545262564, 32.968306087705713 ], [ 131.335850906085994, 32.968108877721598 ], [ 131.335765286592647, 32.967575055508362 ], [ 131.334983660704353, 32.966280174979026 ], [ 131.334229703940906, 32.965842030570023 ], [ 131.333677127266867, 32.965244903459286 ], [ 131.333443753222468, 32.964312404487124 ], [ 131.332860112431973, 32.964713019997809 ], [ 131.331896049882687, 32.964897501812246 ], [ 131.331549152789535, 32.965274013185436 ], [ 131.330909182215294, 32.965510442265298 ], [ 131.329418382968868, 32.965485019259653 ], [ 131.32877979776265, 32.966102903797783 ], [ 131.327587471478296, 32.966733969479229 ], [ 131.327123963600428, 32.967603741106863 ], [ 131.327153352408999, 32.968020333076126 ], [ 131.326819278152556, 32.969346042996442 ], [ 131.327177973855697, 32.970027803652755 ], [ 131.329461716427488, 32.972576444277919 ], [ 131.33050601918174, 32.973080223054083 ], [ 131.330671570709711, 32.973663382795529 ], [ 131.330441686415838, 32.974231062194583 ], [ 131.330665322155141, 32.974615873466071 ], [ 131.331332824029886, 32.974845352620697 ], [ 131.332749146029812, 32.974335089681531 ], [ 131.333056654318398, 32.974422365654533 ], [ 131.333156205667308, 32.974824014079033 ], [ 131.331110743784137, 32.975907315667186 ], [ 131.328042989653909, 32.97663758418841 ], [ 131.327403655952651, 32.977542042913583 ], [ 131.32676275496388, 32.978025188764164 ], [ 131.326121095290915, 32.978297693625514 ], [ 131.324372052215324, 32.978422587737704 ], [ 131.323980848575729, 32.978844904606468 ], [ 131.322090719964933, 32.979451651385716 ], [ 131.321664029456116, 32.979934256576279 ], [ 131.320880169116151, 32.98038767755795 ], [ 131.31937233517192, 32.980737201908887 ], [ 131.320258677273188, 32.981005619842179 ], [ 131.321363736992282, 32.982020051228027 ], [ 131.32155161820782, 32.982041841542376 ], [ 131.32187214507195, 32.98183709527752 ], [ 131.322001331395001, 32.981532088954943 ], [ 131.323314300658126, 32.981787388746582 ], [ 131.323639321481352, 32.980844547915908 ], [ 131.324763637788664, 32.980331751112388 ], [ 131.326065654569135, 32.980457434298764 ], [ 131.326930696588619, 32.981471521143817 ], [ 131.32756327832854, 32.981727986022065 ], [ 131.328022536072552, 32.981694532676762 ], [ 131.328880490224122, 32.980788881282145 ], [ 131.329262698495882, 32.980626562592697 ], [ 131.329894440556131, 32.980657172964861 ], [ 131.330413318361082, 32.981220433736603 ], [ 131.33043354136322, 32.981510758529822 ], [ 131.3297185873123, 32.982262781219916 ], [ 131.329624197115351, 32.982617936550234 ], [ 131.329759429787089, 32.982956358753476 ], [ 131.331064785459887, 32.983969251083522 ], [ 131.331754762815166, 32.984209408606915 ], [ 131.332346453866251, 32.983756139234735 ], [ 131.332954833924134, 32.982657550090352 ], [ 131.33352779206561, 32.98152343360892 ] ] ] } },
{ "type": "Feature", "properties": { "CITY_NAME": "竹田市", "S_NAME": "大字川床", "JINKO": 81, "medical_area": "44_豊肥医療圏", "町丁目名": "竹田市大字川床" }, "geometry": { "type": "Polygon", "coordinates": [ [ [ 131.324052326869605, 32.968668066867679 ], [ 131.325285198808359, 32.968629666148303 ], [ 131.327049231701579, 32.968120375534824 ], [ 131.327123963600428, 32.967603741106863 ], [ 131.327587471478296, 32.966733969479229 ], [ 131.32877979776265, 32.966102903797783 ], [ 131.329216695521495, 32.965573579173721 ], [ 131.331361446891719, 32.965374277080841 ], [ 131.331896049882687, 32.964897501812246 ], [ 131.333061812921528, 32.964624459730942 ], [ 131.333937016475375, 32.963964841932899 ], [ 131.33541906029734, 32.963526606233657 ], [ 131.338244265172534, 32.961846432141769 ], [ 131.338736094406244, 32.961125261439804 ], [ 131.337726151975573, 32.960953785381591 ], [ 131.337486205961682, 32.960510881839966 ], [ 131.337648306834382, 32.960236468278111 ], [ 131.338127574318861, 32.960181997698662 ], [ 131.3381976034687, 32.959804399765417 ], [ 131.338606049128828, 32.959729151824327 ], [ 131.338833271469014, 32.959450733159976 ], [ 131.338859673869905, 32.959061747567262 ], [ 131.338589074526027, 32.958600902357503 ], [ 131.337995549819055, 32.958598233153374 ], [ 131.338109993653575, 32.958012404723178 ], [ 131.337492462324803, 32.957066111942517 ], [ 131.336596656741278, 32.957280562041227 ], [ 131.333594923188741, 32.956773920858659 ], [ 131.33321285172525, 32.957329525670794 ], [ 131.331526119161282, 32.956624093090603 ], [ 131.33099982788417, 32.956616605403724 ], [ 131.330486593796451, 32.95729234755364 ], [ 131.329935605961197, 32.959130622956607 ], [ 131.329411259297046, 32.959655537562647 ], [ 131.328544381385854, 32.960061556445673 ], [ 131.327893826724249, 32.960613424893523 ], [ 131.327779620093366, 32.961039656155897 ], [ 131.328046977298811, 32.962174777486879 ], [ 131.327218649544363, 32.963055412258107 ], [ 131.326220421294039, 32.963537189778982 ], [ 131.325798918827928, 32.963414046881326 ], [ 131.324615650430673, 32.962228057951641 ], [ 131.322935313822853, 32.961295287052039 ], [ 131.322106679978532, 32.961239086598184 ], [ 131.321709572527766, 32.961672561031939 ], [ 131.321185787965078, 32.961412417184221 ], [ 131.319045180422563, 32.960916513718061 ], [ 131.318576096317088, 32.960345129023715 ], [ 131.318619079369142, 32.958785816218992 ], [ 131.316957281373703, 32.958924427851187 ], [ 131.316549805825161, 32.959437430401515 ], [ 131.316412415619368, 32.959393734995942 ], [ 131.316505991494012, 32.959065906214754 ], [ 131.316055405658716, 32.958771258733314 ], [ 131.315297907995387, 32.958894052981883 ], [ 131.314632325387379, 32.959234190382517 ], [ 131.313240394586387, 32.959488113789511 ], [ 131.312278129634763, 32.959921298618866 ], [ 131.310350467764806, 32.96024505578864 ], [ 131.307939243764963, 32.960389310361279 ], [ 131.306220502672801, 32.959806990202694 ], [ 131.305073579197625, 32.960738775079754 ], [ 131.303047117865731, 32.960833066395999 ], [ 131.302985680710549, 32.961153253295926 ], [ 131.303329516061098, 32.961941577618653 ], [ 131.303007604660337, 32.962523367545849 ], [ 131.303535982342083, 32.963572831916352 ], [ 131.303404564133473, 32.964025738285734 ], [ 131.302922714136201, 32.964117915748716 ], [ 131.302217197038232, 32.963611006074508 ], [ 131.301897905778901, 32.963940429009753 ], [ 131.301542877616413, 32.965038750464913 ], [ 131.300811460822956, 32.965040513032932 ], [ 131.300663306020908, 32.964483337243827 ], [ 131.300090574180444, 32.964032817899074 ], [ 131.299025531557163, 32.964246647019969 ], [ 131.298782403440555, 32.964446762409615 ], [ 131.298686277902078, 32.96486368041402 ], [ 131.298421645284776, 32.964881915825025 ], [ 131.298241195457678, 32.965081889334122 ], [ 131.298360734265145, 32.966454893159415 ], [ 131.297666292509291, 32.968186678766109 ], [ 131.297141767863508, 32.968889654974788 ], [ 131.29769724581314, 32.969056349038304 ], [ 131.29861920447533, 32.969776012039752 ], [ 131.299204811722632, 32.969915456648195 ], [ 131.301388977500096, 32.968959467100738 ], [ 131.305549502948708, 32.968444643781552 ], [ 131.307058696507994, 32.968746127973624 ], [ 131.309334010418667, 32.969996427701709 ], [ 131.309675497539473, 32.970036665133257 ], [ 131.310381977584115, 32.96986471420233 ], [ 131.310756553116875, 32.969406022453491 ], [ 131.311314778732083, 32.967679220203536 ], [ 131.311838197035257, 32.96696192955006 ], [ 131.312749468693966, 32.966601658924411 ], [ 131.314287997624149, 32.966333721325668 ], [ 131.315180292626792, 32.966513408143406 ], [ 131.316108775168232, 32.967086210230789 ], [ 131.317858945013512, 32.96658880139276 ], [ 131.32062238399169, 32.966986700644121 ], [ 131.321258951102294, 32.968681125368626 ], [ 131.322141866046252, 32.97011080620733 ], [ 131.322826455231791, 32.970631352285508 ], [ 131.323416010193228, 32.969925598632237 ], [ 131.323428214234212, 32.969450200750018 ], [ 131.324052326869605, 32.968668066867679 ] ] ] } },
{ "type": "Feature", "properties": { "CITY_NAME": "竹田市", "S_NAME": "大字志土知", "JINKO": 72, "medical_area": "44_豊肥医療圏", "町丁目名": "竹田市大字志土知" }, "geometry": { "type": "Polygon", "coordinates": [ [ [ 131.318600659686524, 32.981667921315513 ], [ 131.318650824841711, 32.981124573095073 ], [ 131.31913131418284, 32.98076092163776 ], [ 131.320880169116151, 32.98038767755795 ], [ 131.321664029456116, 32.979934256576279 ], [ 131.322090719964933, 32.979451651385716 ], [ 131.323980848575729, 32.978844904606468 ], [ 131.324372052215324, 32.978422587737704 ], [ 131.326121095290915, 32.978297693625514 ], [ 131.32676275496388, 32.978025188764164 ], [ 131.327403655952651, 32.977542042913583 ], [ 131.328042989653909, 32.97663758418841 ], [ 131.331110743784137, 32.975907315667186 ], [ 131.333038895884897, 32.974912416922372 ], [ 131.333135447332097, 32.974521261570494 ], [ 131.332749146029812, 32.974335089681531 ], [ 131.331332824029886, 32.974845352620697 ], [ 131.331019000480836, 32.97481864902381 ], [ 131.330501389578274, 32.974467652744515 ], [ 131.330434388629214, 32.974027377880041 ], [ 131.330671570709711, 32.973663382795529 ], [ 131.33050601918174, 32.973080223054083 ], [ 131.329461716427488, 32.972576444277919 ], [ 131.326885548168292, 32.969593624772685 ], [ 131.327049231701579, 32.968120375534824 ], [ 131.325285198808359, 32.968629666148303 ], [ 131.324511557038903, 32.968526026837488 ], [ 131.324052326869605, 32.968668066867679 ], [ 131.323428214234212, 32.969450200750018 ], [ 131.323416010193228, 32.969925598632237 ], [ 131.322826455231791, 32.970631352285508 ], [ 131.322141866046252, 32.97011080620733 ], [ 131.321258951102294, 32.968681125368626 ], [ 131.32062238399169, 32.966986700644121 ], [ 131.317858945013512, 32.96658880139276 ], [ 131.316108775168232, 32.967086210230789 ], [ 131.315180292626792, 32.966513408143406 ], [ 131.314287997624149, 32.966333721325668 ], [ 131.312749468693966, 32.966601658924411 ], [ 131.311838197035257, 32.96696192955006 ], [ 131.311314778732083, 32.967679220203536 ], [ 131.310984767486559, 32.968930082377128 ], [ 131.310381977584115, 32.96986471420233 ], [ 131.309334010418667, 32.969996427701709 ], [ 131.307979769347128, 32.9691898822051 ], [ 131.306681693902021, 32.969784883967534 ], [ 131.306309808584615, 32.97035174176262 ], [ 131.306365769091713, 32.970758838041625 ], [ 131.307070036430957, 32.972023610872789 ], [ 131.306991987608683, 32.972408619820513 ], [ 131.30633019461996, 32.973791332999404 ], [ 131.305556307696946, 32.974405052638652 ], [ 131.305210744030148, 32.97490405733928 ], [ 131.305618136801655, 32.975807831694219 ], [ 131.304981904517831, 32.976986675961371 ], [ 131.306646392053949, 32.97743359664647 ], [ 131.308208396129515, 32.978650014220662 ], [ 131.309119845958406, 32.978669485188668 ], [ 131.309683041621184, 32.978346294872416 ], [ 131.310215802541421, 32.978518778703474 ], [ 131.310484142527997, 32.978683629348311 ], [ 131.310502669020309, 32.978879185847504 ], [ 131.309932747216124, 32.979256777728075 ], [ 131.309952164372703, 32.979708135456178 ], [ 131.310309986643944, 32.979932942428974 ], [ 131.311541942225176, 32.979975011297299 ], [ 131.312579651811461, 32.980619424484395 ], [ 131.313257485823556, 32.980467262381353 ], [ 131.31399197780982, 32.98118766066252 ], [ 131.314687807179752, 32.981065528113156 ], [ 131.314989953942415, 32.980688591819678 ], [ 131.31581197069832, 32.980912214707239 ], [ 131.316385008335345, 32.9814073132573 ], [ 131.316935670490551, 32.981198561933262 ], [ 131.31798516582532, 32.981873789561121 ], [ 131.318600659686524, 32.981667921315513 ] ] ] } },
{ "type": "Feature", "properties": { "CITY_NAME": "竹田市", "S_NAME": "大字炭竃", "JINKO": 104, "medical_area": "44_豊肥医療圏", "町丁目名": "竹田市大字炭竃" }, "geometry": { "type": "Polygon", "coordinates": [ [ [ 131.314918963653525, 32.987881186064968 ], [ 131.3170745203237, 32.986537828347629 ], [ 131.317466357213789, 32.986437727666889 ], [ 131.317897853696763, 32.986458659639432 ], [ 131.318494015736462, 32.986831528466283 ], [ 131.31878151408759, 32.98680326320153 ], [ 131.319617163389154, 32.985611887310611 ], [ 131.320250186867526, 32.98532946897403 ], [ 131.322381816302624, 32.985584115999927 ], [ 131.322133047401024, 32.985429229246897 ], [ 131.321946790370731, 32.98471085943833 ], [ 131.322611325693714, 32.983224975328731 ], [ 131.32245698028035, 32.982886594431896 ], [ 131.322111667645544, 32.982677760213264 ], [ 131.322033717868294, 32.982290794861193 ], [ 131.322665404605658, 32.982305294192471 ], [ 131.322567820565268, 32.981789307707011 ], [ 131.322739566926884, 32.981643679251754 ], [ 131.322001331395001, 32.981532088954943 ], [ 131.321712212941918, 32.981996023173096 ], [ 131.321363736992282, 32.982020051228027 ], [ 131.320258677273188, 32.981005619842179 ], [ 131.31937233517192, 32.980737201908887 ], [ 131.318650824841711, 32.981124573095073 ], [ 131.318600659686581, 32.981667921315498 ], [ 131.317985165825377, 32.981873789561085 ], [ 131.316935670490551, 32.98119856193329 ], [ 131.316385008335345, 32.981407313257314 ], [ 131.31581197069832, 32.980912214707239 ], [ 131.314989953942415, 32.980688591819693 ], [ 131.314687807179752, 32.981065528113156 ], [ 131.31399197780982, 32.98118766066252 ], [ 131.313418371061772, 32.98052704222804 ], [ 131.312579651811461, 32.980619424484395 ], [ 131.311541942225176, 32.979975011297299 ], [ 131.310702522957257, 32.979871778564274 ], [ 131.308719999837535, 32.980342688713911 ], [ 131.307316224955287, 32.980188457650932 ], [ 131.306078482651429, 32.980704011372922 ], [ 131.305753023361262, 32.981276457692069 ], [ 131.305285950734429, 32.981474718942984 ], [ 131.304584143798735, 32.981417293760963 ], [ 131.303626473432786, 32.981774444767552 ], [ 131.303208042919778, 32.982524518346125 ], [ 131.303163424450219, 32.983155406509653 ], [ 131.302672819688098, 32.98331429751164 ], [ 131.30220659957007, 32.983768799541679 ], [ 131.301668663907577, 32.983770100461925 ], [ 131.30063820585363, 32.98335863757341 ], [ 131.300076888182787, 32.983359987903924 ], [ 131.299657245021876, 32.983755231797531 ], [ 131.299309870275351, 32.98478108988671 ], [ 131.298647591358957, 32.984770492883897 ], [ 131.298448458718212, 32.98510063749481 ], [ 131.298550856403381, 32.985306086386807 ], [ 131.300061683947064, 32.985989612860614 ], [ 131.301450914380268, 32.986150315420481 ], [ 131.301935724155328, 32.986476260848185 ], [ 131.302457617167818, 32.986177693144377 ], [ 131.302621320570296, 32.98625988117562 ], [ 131.302774119432314, 32.986852937701258 ], [ 131.303250263320649, 32.987110339372911 ], [ 131.302910954198808, 32.987874035912235 ], [ 131.30335853947355, 32.988719163316247 ], [ 131.305078202034906, 32.989821633131285 ], [ 131.305535986927481, 32.989881075404121 ], [ 131.305874273745928, 32.990359239911022 ], [ 131.306402412359461, 32.989972545232504 ], [ 131.306667980309669, 32.989267157958551 ], [ 131.307752530536021, 32.988168836238664 ], [ 131.309141513399112, 32.987212917754945 ], [ 131.310359076668277, 32.986785948747375 ], [ 131.310947743134818, 32.986889096876233 ], [ 131.313539914097504, 32.987934209844688 ], [ 131.314918963653525, 32.987881186064968 ] ] ] } },
{ "type": "Feature", "properties": { "CITY_NAME": "竹田市", "S_NAME": "大字上坂田", "JINKO": 56, "medical_area": "44_豊肥医療圏", "町丁目名": "竹田市大字上坂田" }, "geometry": { "type": "Polygon", "coordinates": [ [ [ 131.312070973677464, 32.992530758581132 ], [ 131.312338115533407, 32.992371343176202 ], [ 131.314746018110014, 32.992983709286932 ], [ 131.315517643273154, 32.993414465602761 ], [ 131.318021008967321, 32.992198201700425 ], [ 131.318707776830763, 32.991747605329927 ], [ 131.319241421115152, 32.991085551239678 ], [ 131.320281270903195, 32.991220533164537 ], [ 131.321325689369473, 32.990810421383742 ], [ 131.322640249965559, 32.990988719221463 ], [ 131.32337734171125, 32.990551869870551 ], [ 131.324239852773729, 32.989564118030614 ], [ 131.325051483070979, 32.989853820018872 ], [ 131.325396991743531, 32.989599661418438 ], [ 131.325880736529513, 32.989603906645002 ], [ 131.326515975245258, 32.989035167078029 ], [ 131.326566295831896, 32.988500973004719 ], [ 131.326937940074487, 32.988241242055871 ], [ 131.327119545193796, 32.987855361649785 ], [ 131.327172263058713, 32.987286551074043 ], [ 131.326254065568662, 32.987450270070156 ], [ 131.325698530261405, 32.9873387869373 ], [ 131.325410046561387, 32.986968494411173 ], [ 131.325254320808227, 32.986259087622727 ], [ 131.323722844300733, 32.9862146517331 ], [ 131.322381816302624, 32.98558411599992 ], [ 131.320655274951605, 32.985284376928888 ], [ 131.319617163389154, 32.985611887310611 ], [ 131.31878151408759, 32.98680326320153 ], [ 131.318494015736462, 32.986831528466283 ], [ 131.317897853696707, 32.986458659639432 ], [ 131.3170745203237, 32.986537828347629 ], [ 131.315653177106867, 32.987554488442363 ], [ 131.314918963653525, 32.987881186064968 ], [ 131.313539914097504, 32.987934209844703 ], [ 131.313003486201211, 32.987814421726497 ], [ 131.310947743134818, 32.986889096876261 ], [ 131.310359076668277, 32.986785948747375 ], [ 131.309141513399112, 32.987212917754945 ], [ 131.307752530536021, 32.988168836238664 ], [ 131.306667980309669, 32.989267157958565 ], [ 131.306402412359461, 32.989972545232504 ], [ 131.305874273745928, 32.990359239911022 ], [ 131.305063564851878, 32.990317184297197 ], [ 131.304763989011747, 32.990642752298157 ], [ 131.304599473051042, 32.991276316040576 ], [ 131.303939328990793, 32.991299957641004 ], [ 131.303528684002544, 32.991642315229925 ], [ 131.303457598271024, 32.991884740604306 ], [ 131.303950548510102, 32.992665357678163 ], [ 131.304024935732372, 32.993386430250119 ], [ 131.30326475379411, 32.994150957265447 ], [ 131.306213424096768, 32.994859657746517 ], [ 131.307952291132921, 32.994242464237992 ], [ 131.311566261182008, 32.993301759409782 ], [ 131.311806634684217, 32.993142601313103 ], [ 131.312070973677464, 32.992530758581132 ] ] ] } },
{ "type": "Feature", "properties": { "CITY_NAME": "竹田市", "S_NAME": "大字古園", "JINKO": 66, "medical_area": "44_豊肥医療圏", "町丁目名": "竹田市大字古園" }, "geometry": { "type": "Polygon", "coordinates": [ [ [ 131.305584362320815, 33.003249906863985 ], [ 131.307392724634099, 33.002715926720207 ], [ 131.308476579066223, 33.001527748944106 ], [ 131.308961486605369, 33.000720407217244 ], [ 131.309862140674113, 33.000797198128367 ], [ 131.311117815372, 33.000477937915022 ], [ 131.312394920271629, 33.000917336432096 ], [ 131.312409887096635, 32.999842445248689 ], [ 131.312688476899467, 32.999051418339121 ], [ 131.312980401317475, 32.998623482335532 ], [ 131.31427007944589, 32.997902361673709 ], [ 131.31446061601028, 32.997643768503551 ], [ 131.314665816006539, 32.996126826796683 ], [ 131.315198753131199, 32.995254336681676 ], [ 131.315562133418041, 32.995156631359755 ], [ 131.315517643273182, 32.993414465602775 ], [ 131.314746018110014, 32.992983709286932 ], [ 131.312338115533407, 32.992371343176217 ], [ 131.312070973677464, 32.992530758581132 ], [ 131.311806634684217, 32.993142601313103 ], [ 131.311566261182008, 32.993301759409782 ], [ 131.307952291132921, 32.994242464237992 ], [ 131.306213424096768, 32.994859657746517 ], [ 131.303452415900267, 32.994182117219452 ], [ 131.303943174605024, 32.995081898058615 ], [ 131.303869116911812, 32.995366596920135 ], [ 131.303214356462661, 32.995874007033159 ], [ 131.304097943375552, 32.996456697325605 ], [ 131.303895511875396, 32.99759527313558 ], [ 131.303689613879897, 32.997722222706464 ], [ 131.302658020762664, 32.997740544237004 ], [ 131.302041720649783, 32.998532373929592 ], [ 131.300204930548944, 32.998963603074486 ], [ 131.300093288185167, 32.999232582982643 ], [ 131.30028322398033, 32.999927617983538 ], [ 131.300152459713274, 33.000086006706496 ], [ 131.2999840694211, 33.000212859039657 ], [ 131.298811894146638, 33.000271005307546 ], [ 131.298176615038614, 33.001015448553339 ], [ 131.297230967773885, 33.001499818783749 ], [ 131.296894439924358, 33.001832555633399 ], [ 131.296783260714847, 33.002243796197696 ], [ 131.296937402552487, 33.003460547731343 ], [ 131.297294749195913, 33.003744215089419 ], [ 131.297502624392422, 33.004202111190082 ], [ 131.297864872355944, 33.005939989957838 ], [ 131.298617508195008, 33.006617868810537 ], [ 131.299461657641984, 33.006615833592953 ], [ 131.299947903819799, 33.006172075637551 ], [ 131.30067833407449, 33.005822556087516 ], [ 131.301612745584691, 33.004777052799348 ], [ 131.304070986132388, 33.005023959367179 ], [ 131.304819076113233, 33.004358250337738 ], [ 131.305584362320815, 33.003249906863985 ] ] ] } },
{ "type": "Feature", "properties": { "CITY_NAME": "竹田市", "S_NAME": "大字刈小野", "JINKO": 52, "medical_area": "44_豊肥医療圏", "町丁目名": "竹田市大字刈小野" }, "geometry": { "type": "Polygon", "coordinates": [ [ [ 131.303939328990793, 32.991299957641004 ], [ 131.304599473051042, 32.991276316040576 ], [ 131.304763989011747, 32.990642752298157 ], [ 131.305063564851878, 32.990317184297197 ], [ 131.305874273745928, 32.990359239911022 ], [ 131.305535986927481, 32.989881075404121 ], [ 131.305078202034906, 32.989821633131285 ], [ 131.30335853947355, 32.98871916331624 ], [ 131.302910954198808, 32.987874035912235 ], [ 131.303250263320649, 32.987110339372911 ], [ 131.302774119432314, 32.986852937701258 ], [ 131.302621320570296, 32.98625988117562 ], [ 131.302457617167818, 32.986177693144377 ], [ 131.301935724155328, 32.986476260848214 ], [ 131.301450914380268, 32.986150315420481 ], [ 131.29958295042195, 32.985845252648069 ], [ 131.299188563546664, 32.985521318035545 ], [ 131.298550856403381, 32.985306086386807 ], [ 131.298479959219179, 32.98489736615084 ], [ 131.2986475913589, 32.984770492883897 ], [ 131.29808250514472, 32.984410322912709 ], [ 131.297253769155674, 32.984820493511258 ], [ 131.296725134010813, 32.986112346221006 ], [ 131.296295589962227, 32.986000652594463 ], [ 131.295890593582214, 32.985504232185484 ], [ 131.294765900304498, 32.98568903006035 ], [ 131.29390654766982, 32.985465640239283 ], [ 131.293051367828866, 32.985898405008264 ], [ 131.292354160785408, 32.985878234362055 ], [ 131.291819285323498, 32.986106341990109 ], [ 131.291042199276262, 32.986154288630559 ], [ 131.290213918414508, 32.986632259008751 ], [ 131.289248382675993, 32.986567676411937 ], [ 131.286427552595597, 32.985513425002338 ], [ 131.283738322703641, 32.984006211360452 ], [ 131.280252756085702, 32.983904661607696 ], [ 131.279867821797694, 32.984072501674049 ], [ 131.278866327093141, 32.984039902807631 ], [ 131.279000273814859, 32.985724964452707 ], [ 131.27890804749714, 32.986139113999045 ], [ 131.278628368515371, 32.98645512595796 ], [ 131.277389709140095, 32.986396654165645 ], [ 131.276527783172384, 32.98660756744237 ], [ 131.276203807883292, 32.986714869941316 ], [ 131.275490567424612, 32.987426236915418 ], [ 131.273964104988011, 32.987398679739002 ], [ 131.273631757912256, 32.987867957589302 ], [ 131.274852590725374, 32.98834285406771 ], [ 131.275267189772023, 32.989096686211596 ], [ 131.275799259715086, 32.988811812963888 ], [ 131.276015821259051, 32.989906656850124 ], [ 131.276807321591264, 32.990106015949173 ], [ 131.277277684468572, 32.990550286032068 ], [ 131.276720883582016, 32.991104557724881 ], [ 131.276971034412469, 32.991344618006494 ], [ 131.276792296336396, 32.991449162002318 ], [ 131.276092633225915, 32.991317828326075 ], [ 131.275374467135919, 32.991535866613773 ], [ 131.275619637681871, 32.991741295302191 ], [ 131.279790018499995, 32.993834352113019 ], [ 131.280341070271533, 32.993113899918399 ], [ 131.280790471017554, 32.992875794853532 ], [ 131.28167221885144, 32.992937036304568 ], [ 131.282477767465394, 32.992634890803657 ], [ 131.28299339355965, 32.992674250554771 ], [ 131.283076120990842, 32.993216332324671 ], [ 131.282913011694347, 32.993851033204649 ], [ 131.283007942200811, 32.994214372066033 ], [ 131.283383390684975, 32.994308362407892 ], [ 131.28495852083546, 32.994178334350295 ], [ 131.285780902280777, 32.993275466713662 ], [ 131.286867878840638, 32.993004252100086 ], [ 131.287714161855064, 32.993697802052921 ], [ 131.288108386404389, 32.993807539954894 ], [ 131.289664537358306, 32.993614256929199 ], [ 131.291325213144489, 32.993839587183018 ], [ 131.292562287357072, 32.993583789816711 ], [ 131.293068070998714, 32.993392922999902 ], [ 131.29332970997325, 32.993107787503753 ], [ 131.294242588547235, 32.991240437347656 ], [ 131.294560159249926, 32.990860328623853 ], [ 131.294953666869617, 32.990748752420537 ], [ 131.295367391340335, 32.991079717561199 ], [ 131.29540979766756, 32.992549641508106 ], [ 131.295824691880171, 32.993228345219507 ], [ 131.296934369701461, 32.994142501240013 ], [ 131.298447154282371, 32.995000353989013 ], [ 131.300343181866054, 32.995469993057633 ], [ 131.301168425393911, 32.99545219133509 ], [ 131.302048747808101, 32.995086508362071 ], [ 131.303875358212792, 32.993612527159407 ], [ 131.304050116715814, 32.993105576167061 ], [ 131.303950548510102, 32.992665357678163 ], [ 131.303457598271024, 32.991884740604306 ], [ 131.303939328990793, 32.991299957641004 ] ] ] } },
{ "type": "Feature", "properties": { "CITY_NAME": "竹田市", "S_NAME": "大字上畑", "JINKO": 47, "medical_area": "44_豊肥医療圏", "町丁目名": "竹田市大字上畑" }, "geometry": { "type": "Polygon", "coordinates": [ [ [ 131.298647591358957, 32.984770492883897 ], [ 131.299309870275351, 32.98478108988671 ], [ 131.299657245021876, 32.983755231797531 ], [ 131.300076888182787, 32.983359987903924 ], [ 131.30063820585363, 32.98335863757341 ], [ 131.301668663907577, 32.983770100461925 ], [ 131.30220659957007, 32.983768799541679 ], [ 131.302672819688098, 32.98331429751164 ], [ 131.303163424450219, 32.983155406509653 ], [ 131.303208042919778, 32.982524518346125 ], [ 131.303626473432786, 32.981774444767552 ], [ 131.304584143798735, 32.981417293760963 ], [ 131.305285950734429, 32.981474718942984 ], [ 131.305753023361262, 32.981276457692069 ], [ 131.306078482651429, 32.980704011372922 ], [ 131.306685391865386, 32.980367414497387 ], [ 131.307316224955287, 32.980188457650932 ], [ 131.308719999837535, 32.980342688713911 ], [ 131.310309986643944, 32.979932942428974 ], [ 131.309952164372703, 32.979708135456178 ], [ 131.309861953815727, 32.979437513679834 ], [ 131.310502669020281, 32.978879185847504 ], [ 131.310484142527997, 32.978683629348311 ], [ 131.309683041621184, 32.978346294872416 ], [ 131.309119845958435, 32.978669485188668 ], [ 131.308208396129515, 32.978650014220662 ], [ 131.306646392053949, 32.977433596646478 ], [ 131.305143117772303, 32.977054004315633 ], [ 131.303584173176318, 32.976357985802878 ], [ 131.302000949025569, 32.976024070224241 ], [ 131.301491767812422, 32.976048411746525 ], [ 131.300582356505458, 32.976413616382978 ], [ 131.298115879258944, 32.976331777486074 ], [ 131.297337100137128, 32.976062897515661 ], [ 131.29583641653511, 32.976158389118623 ], [ 131.292143109216852, 32.977166740083327 ], [ 131.289779360859228, 32.976314749221878 ], [ 131.2877429034599, 32.976434885940442 ], [ 131.286133767044333, 32.976281778961891 ], [ 131.28533239074568, 32.976782302917336 ], [ 131.284321167195571, 32.978075514711023 ], [ 131.281915053687669, 32.979214967219498 ], [ 131.28079368047122, 32.979965346672238 ], [ 131.278218008316969, 32.98277209649509 ], [ 131.278373002459603, 32.983322464223463 ], [ 131.278866327093141, 32.984039902807645 ], [ 131.279867821797694, 32.984072501674021 ], [ 131.280252756085702, 32.983904661607696 ], [ 131.283738322703641, 32.984006211360445 ], [ 131.286427552595597, 32.985513425002338 ], [ 131.289248382675908, 32.986567676411937 ], [ 131.29021391841448, 32.986632259008751 ], [ 131.291042199276262, 32.986154288630573 ], [ 131.291819285323498, 32.98610634199013 ], [ 131.292354160785408, 32.985878234362055 ], [ 131.293051367828866, 32.985898405008285 ], [ 131.29390654766982, 32.985465640239283 ], [ 131.294765900304498, 32.98568903006035 ], [ 131.295890593582214, 32.985504232185484 ], [ 131.296295589962227, 32.986000652594456 ], [ 131.296725134010813, 32.986112346221006 ], [ 131.297253769155674, 32.984820493511258 ], [ 131.29808250514472, 32.984410322912709 ], [ 131.298647591358957, 32.984770492883897 ] ] ] } },
{ "type": "Feature", "properties": { "CITY_NAME": "竹田市", "S_NAME": "大字久保", "JINKO": 81, "medical_area": "44_豊肥医療圏", "町丁目名": "竹田市大字久保" }, "geometry": { "type": "Polygon", "coordinates": [ [ [ 131.275374467135919, 32.991535866613773 ], [ 131.276873178316634, 32.99140947487426 ], [ 131.276971034412469, 32.991344618006494 ], [ 131.276720883582016, 32.991104557724881 ], [ 131.277277684468572, 32.990550286032068 ], [ 131.276807321591264, 32.990106015949173 ], [ 131.276015821259051, 32.989906656850124 ], [ 131.275799259715086, 32.988811812963888 ], [ 131.275267189772023, 32.989096686211596 ], [ 131.274852590725374, 32.98834285406771 ], [ 131.273631757912256, 32.987867957589302 ], [ 131.273774018099033, 32.987508428338906 ], [ 131.273964104988011, 32.987398679739002 ], [ 131.275247393724271, 32.987512477573674 ], [ 131.276203807883292, 32.986714869941316 ], [ 131.277389709140095, 32.986396654165645 ], [ 131.278628368515371, 32.98645512595796 ], [ 131.27890804749714, 32.986139113999045 ], [ 131.279022225396545, 32.985271538670609 ], [ 131.278866327093141, 32.984039902807631 ], [ 131.278373002459574, 32.983322464223463 ], [ 131.278218008316969, 32.98277209649509 ], [ 131.28079368047122, 32.979965346672238 ], [ 131.281915053687669, 32.979214967219498 ], [ 131.284321167195571, 32.978075514711023 ], [ 131.284959289397534, 32.977168169770295 ], [ 131.285732819558149, 32.976486926278668 ], [ 131.286133767044333, 32.976281778961905 ], [ 131.286696527950596, 32.97625723875769 ], [ 131.2877429034599, 32.976434885940414 ], [ 131.289779360859171, 32.976314749221856 ], [ 131.292143109216852, 32.977166740083327 ], [ 131.29583641653511, 32.976158389118623 ], [ 131.297337100137128, 32.976062897515661 ], [ 131.298115879258944, 32.976331777486088 ], [ 131.300582356505458, 32.976413616383006 ], [ 131.301491767812394, 32.976048411746525 ], [ 131.302000949025569, 32.976024070224241 ], [ 131.30358417317629, 32.976357985802871 ], [ 131.304981904517831, 32.976986675961371 ], [ 131.305618136801655, 32.975807831694219 ], [ 131.305210744030148, 32.97490405733928 ], [ 131.306622387152942, 32.97336046014415 ], [ 131.307070036430957, 32.972023610872789 ], [ 131.306365769091713, 32.970758838041625 ], [ 131.306309808584615, 32.97035174176262 ], [ 131.306948292319959, 32.969557605977265 ], [ 131.307979769347128, 32.9691898822051 ], [ 131.307058696507994, 32.968746127973624 ], [ 131.304957338140241, 32.968434358378921 ], [ 131.302444179287392, 32.968909970712502 ], [ 131.301388977500096, 32.968959467100738 ], [ 131.299204811722632, 32.969915456648195 ], [ 131.29861920447533, 32.969776012039752 ], [ 131.29769724581314, 32.969056349038304 ], [ 131.297141767863508, 32.968889654974788 ], [ 131.294705625383955, 32.969513106674135 ], [ 131.294151774886814, 32.970246997693359 ], [ 131.292675219195502, 32.971029742387294 ], [ 131.291934050630118, 32.971193072365509 ], [ 131.290002486259027, 32.970375216988259 ], [ 131.288857822277095, 32.970331187954351 ], [ 131.287889310280462, 32.970060501808483 ], [ 131.285909034354518, 32.969978871688255 ], [ 131.284274966897385, 32.969515752023334 ], [ 131.282293916824102, 32.971190114243235 ], [ 131.281088275327306, 32.971415492727814 ], [ 131.278948984998152, 32.972278564056836 ], [ 131.277943622311085, 32.972485499410723 ], [ 131.27763444560432, 32.973118221047194 ], [ 131.275970480492759, 32.973337383107783 ], [ 131.275213520184735, 32.97392081929609 ], [ 131.274253433473177, 32.974296408813565 ], [ 131.273322443505918, 32.97513159003244 ], [ 131.270849248324737, 32.975607465202948 ], [ 131.269387218101173, 32.976375583831945 ], [ 131.268508813634185, 32.976302087074508 ], [ 131.267369039075049, 32.976498485439627 ], [ 131.266660759532414, 32.97630250608622 ], [ 131.265661286357016, 32.976369314558333 ], [ 131.264492055014188, 32.975980392834011 ], [ 131.263995071028575, 32.976039561447415 ], [ 131.2636917119911, 32.976395498529953 ], [ 131.263375289180289, 32.977202312438983 ], [ 131.261447112709249, 32.978376108884717 ], [ 131.259441415936777, 32.978696468870375 ], [ 131.258446641244888, 32.978414028717971 ], [ 131.25741655489017, 32.97887454683147 ], [ 131.256848637479635, 32.980290399865652 ], [ 131.256493668941545, 32.98076532534764 ], [ 131.254675726611424, 32.981180042606034 ], [ 131.253589183317246, 32.981609049414793 ], [ 131.252013611042969, 32.981533234113769 ], [ 131.249492365657261, 32.981973020874356 ], [ 131.248668654700367, 32.98251211019727 ], [ 131.248124821497981, 32.98252900160788 ], [ 131.247227239943726, 32.982286155394767 ], [ 131.246727986368001, 32.983655316364043 ], [ 131.247606375609593, 32.983750635658559 ], [ 131.249302301431527, 32.983416842247678 ], [ 131.250432316325885, 32.98348638573195 ], [ 131.251426365871623, 32.982963647574422 ], [ 131.252079426681121, 32.983242427621612 ], [ 131.25252896769581, 32.983905872510356 ], [ 131.252716617192903, 32.983930628317196 ], [ 131.253625269611746, 32.983364955097585 ], [ 131.254758343046745, 32.983017880466335 ], [ 131.255885730931027, 32.982914999249793 ], [ 131.256630617038013, 32.982504072674729 ], [ 131.258126100329633, 32.982170586782104 ], [ 131.258927786844737, 32.982966129770404 ], [ 131.260787059505617, 32.983113043139504 ], [ 131.26226187872561, 32.983713204575785 ], [ 131.265408424062514, 32.983031320345674 ], [ 131.267674995512266, 32.983205961528483 ], [ 131.268854898050989, 32.982855049064625 ], [ 131.270578392690993, 32.983872742381777 ], [ 131.272424979828799, 32.986634759549808 ], [ 131.273154590238931, 32.989106938965101 ], [ 131.275187243489142, 32.991410299022917 ], [ 131.275374467135919, 32.991535866613773 ] ] ] } },
{ "type": "Feature", "properties": { "CITY_NAME": "竹田市", "S_NAME": "大字米納", "JINKO": 228, "medical_area": "44_豊肥医療圏", "町丁目名": "竹田市大字米納" }, "geometry": { "type": "Polygon", "coordinates": [ [ [ 131.35361743555984, 32.993710697913123 ], [ 131.35325114302546, 32.990795349440482 ], [ 131.352360128430803, 32.989377281620662 ], [ 131.351754208875889, 32.987898014763218 ], [ 131.350900849204152, 32.987162796832642 ], [ 131.350839760597495, 32.986914153373895 ], [ 131.351242911149029, 32.986044177537188 ], [ 131.351032221686609, 32.98527536202824 ], [ 131.350378275599297, 32.98403732295634 ], [ 131.350013876251523, 32.982612437646502 ], [ 131.349527142073583, 32.981575865162945 ], [ 131.349095596444556, 32.978812214433333 ], [ 131.348584128833068, 32.977844137653335 ], [ 131.348400943212027, 32.977097814779718 ], [ 131.347723044549923, 32.975950930819238 ], [ 131.347836181947912, 32.975244842486838 ], [ 131.348705261138946, 32.974143077666504 ], [ 131.348756480192975, 32.973873157568278 ], [ 131.348564468899269, 32.973240545806753 ], [ 131.348566829806373, 32.973840654060595 ], [ 131.34838487049177, 32.974105439265173 ], [ 131.347896160583929, 32.974475670105591 ], [ 131.347217301459693, 32.974692279281598 ], [ 131.343921587681791, 32.975097766195283 ], [ 131.342421055721445, 32.975790081031953 ], [ 131.341510331373854, 32.97520897092393 ], [ 131.341006981269516, 32.975182808648938 ], [ 131.340309263725857, 32.976322122374917 ], [ 131.339830607841293, 32.976275033678739 ], [ 131.339599316808631, 32.975856227996481 ], [ 131.33935007968276, 32.975743977388106 ], [ 131.338699659245634, 32.97582639611533 ], [ 131.338261424141166, 32.976343797956602 ], [ 131.338052434975225, 32.979256185331742 ], [ 131.337903141588868, 32.980256777209505 ], [ 131.337675036725585, 32.980664455077132 ], [ 131.336289293683848, 32.980646161368014 ], [ 131.335913961590194, 32.980320009560373 ], [ 131.334693676391026, 32.980614630398023 ], [ 131.334427626836373, 32.981115420044176 ], [ 131.334444242850566, 32.982035876823709 ], [ 131.334687236960576, 32.982384842706274 ], [ 131.335174071623953, 32.982609247252626 ], [ 131.335908638742666, 32.982350600941217 ], [ 131.336565652486655, 32.982428490986749 ], [ 131.337119302811544, 32.982949213412802 ], [ 131.337215394564964, 32.9833516718287 ], [ 131.337070806147892, 32.984011456299122 ], [ 131.336396751335002, 32.984991300131831 ], [ 131.335742147798101, 32.985555088250599 ], [ 131.33521495414692, 32.986472573700269 ], [ 131.333179567429369, 32.987327696062628 ], [ 131.333123431150483, 32.987765968938042 ], [ 131.334340110315907, 32.989944501265363 ], [ 131.334376497570076, 32.990620863325582 ], [ 131.335350890049881, 32.990832519130599 ], [ 131.336534214424233, 32.991576782393736 ], [ 131.337907373061796, 32.991899846186143 ], [ 131.33868511822152, 32.99192430190989 ], [ 131.339090120467034, 32.991347887504162 ], [ 131.339605208171207, 32.99138632208571 ], [ 131.340813421942443, 32.991993749823067 ], [ 131.34142436979684, 32.991682301338216 ], [ 131.342611777756076, 32.99166135632921 ], [ 131.344012581709706, 32.992467380201838 ], [ 131.344391556164624, 32.993311606613915 ], [ 131.344707669727939, 32.993527583569808 ], [ 131.345695187205678, 32.993440779590991 ], [ 131.347625000496038, 32.993802749316323 ], [ 131.348838811460837, 32.994472035377122 ], [ 131.349525480118075, 32.995377346917032 ], [ 131.349642589041707, 32.99617876617959 ], [ 131.349021380260098, 32.997824702394205 ], [ 131.349054356702879, 32.998046428185766 ], [ 131.349604502064551, 32.998436701637992 ], [ 131.350099779360704, 32.998406477372285 ], [ 131.351429153820277, 32.997622002545668 ], [ 131.351433293747135, 32.997083911813291 ], [ 131.350922416528249, 32.995778371459579 ], [ 131.351393189462982, 32.995464520848323 ], [ 131.351425023905932, 32.994995626830637 ], [ 131.353433960412275, 32.99447239303781 ], [ 131.35361743555984, 32.993710697913123 ] ] ] } },
{ "type": "Feature", "properties": { "CITY_NAME": "竹田市", "S_NAME": "大字高伏", "JINKO": 68, "medical_area": "44_豊肥医療圏", "町丁目名": "竹田市大字高伏" }, "geometry": { "type": "Polygon", "coordinates": [ [ [ 131.363079165199736, 33.022498332070761 ], [ 131.363318659028607, 33.020227518013968 ], [ 131.363627322037587, 33.019790708719931 ], [ 131.364542046576275, 33.019184067600982 ], [ 131.363491530617921, 33.017953295686176 ], [ 131.363176192550213, 33.017277239691943 ], [ 131.362995570719079, 33.01662165549137 ], [ 131.363110450415149, 33.015983591031187 ], [ 131.363651425521823, 33.015247647955981 ], [ 131.363679040976564, 33.014384086901586 ], [ 131.363855981319119, 33.014017553524283 ], [ 131.365884442682642, 33.012801754188267 ], [ 131.366034575149229, 33.012435889882468 ], [ 131.365817948436955, 33.011485630898868 ], [ 131.365398821695862, 33.010924824478984 ], [ 131.365909135257851, 33.010052959158912 ], [ 131.365885894225698, 33.009281259926802 ], [ 131.366399263201203, 33.008931214916636 ], [ 131.366122966415674, 33.008444677279805 ], [ 131.365457900855802, 33.007974506564025 ], [ 131.365334998051168, 33.007406296098537 ], [ 131.364485422844609, 33.007306322875159 ], [ 131.364060602477508, 33.006564000894528 ], [ 131.363115515081745, 33.006352818193953 ], [ 131.362563085540899, 33.005817124545885 ], [ 131.361583718579993, 33.005356851481629 ], [ 131.360950916977259, 33.004822473680839 ], [ 131.359207947747734, 33.003943701710249 ], [ 131.357677394666041, 33.003878843283758 ], [ 131.355966760710629, 33.004066802194771 ], [ 131.354553159324382, 33.003432149753408 ], [ 131.352660359591397, 33.002919099556941 ], [ 131.351460095193715, 33.001349429927956 ], [ 131.351446761711316, 33.00000952305102 ], [ 131.351122710179993, 32.999038322122146 ], [ 131.351139335317129, 32.998697397219011 ], [ 131.351472037550479, 32.998169438371413 ], [ 131.351429153820277, 32.997622002545668 ], [ 131.35014648164443, 32.998366172518416 ], [ 131.349724175383159, 32.998933495542545 ], [ 131.349040936939559, 32.999129086723556 ], [ 131.34882425290283, 32.999517046945435 ], [ 131.34834465327603, 32.999761725907959 ], [ 131.347813837114842, 32.999733399323944 ], [ 131.347474810684787, 33.000499123857558 ], [ 131.346307824033033, 33.000651349146693 ], [ 131.346038330856544, 33.001099038788382 ], [ 131.345453992441549, 33.000961609751052 ], [ 131.344522083654198, 33.001669363525821 ], [ 131.343513670689163, 33.001657240008868 ], [ 131.342696070079597, 33.002190858306165 ], [ 131.342332219871906, 33.00282133480156 ], [ 131.341941634252322, 33.003057026621917 ], [ 131.341551295447744, 33.003606784359867 ], [ 131.341897958838217, 33.004441238379457 ], [ 131.34162851155267, 33.005413669420911 ], [ 131.341225622886043, 33.005562577743433 ], [ 131.341105495058372, 33.006257611794567 ], [ 131.340379584607547, 33.006579436680845 ], [ 131.339790395388462, 33.006612058156129 ], [ 131.339873244782467, 33.007421271085434 ], [ 131.340102600007981, 33.007760606465133 ], [ 131.341034445651218, 33.008304969318495 ], [ 131.341140773610448, 33.008585518231392 ], [ 131.341596708086087, 33.008539935536156 ], [ 131.341721885821102, 33.009160391047679 ], [ 131.342037651004347, 33.009159529222138 ], [ 131.342126636319648, 33.009484464854197 ], [ 131.342705416730183, 33.009453322599981 ], [ 131.343356145393017, 33.009880188826244 ], [ 131.343499181237405, 33.010574503880548 ], [ 131.344044727835865, 33.011016435214799 ], [ 131.34450105310637, 33.011074310794655 ], [ 131.345136464320007, 33.012062888323449 ], [ 131.346259323338387, 33.01208935079616 ], [ 131.346875389423502, 33.012619762785228 ], [ 131.346729023019293, 33.013322258311412 ], [ 131.346204331617628, 33.013737577088435 ], [ 131.345681093916312, 33.014522417104011 ], [ 131.345718873739145, 33.015217016277767 ], [ 131.34540682377812, 33.016178641690367 ], [ 131.345846695223287, 33.016502606725389 ], [ 131.3457772080626, 33.016680165739608 ], [ 131.344640789948869, 33.01770318855904 ], [ 131.344455046425878, 33.01824327511504 ], [ 131.345371858761894, 33.018240745369603 ], [ 131.34560967594939, 33.018943177628366 ], [ 131.345662045834246, 33.020319508259711 ], [ 131.345992938404493, 33.020774124606071 ], [ 131.34796245243362, 33.020932051008792 ], [ 131.349108967572988, 33.019552372180954 ], [ 131.349731404958021, 33.01942190806124 ], [ 131.350343229810676, 33.01956873696836 ], [ 131.350891605903627, 33.02002767092641 ], [ 131.351715471488006, 33.02029273693276 ], [ 131.353301910445765, 33.020189246786387 ], [ 131.354871867018744, 33.020377904756231 ], [ 131.356509471799313, 33.021314018690852 ], [ 131.356874381168751, 33.021441716006592 ], [ 131.357849822708715, 33.021399316252015 ], [ 131.358592156587122, 33.021842811431362 ], [ 131.360243033784087, 33.02168458118939 ], [ 131.363079165199736, 33.022498332070761 ] ] ] } },
{ "type": "Feature", "properties": { "CITY_NAME": "竹田市", "S_NAME": "大字城原", "JINKO": 118, "medical_area": "44_豊肥医療圏", "町丁目名": "竹田市大字城原" }, "geometry": { "type": "Polygon", "coordinates": [ [ [ 131.344455046425878, 33.01824327511504 ], [ 131.344640789948869, 33.01770318855904 ], [ 131.3457772080626, 33.016680165739608 ], [ 131.345846695223287, 33.016502606725389 ], [ 131.34540682377812, 33.016178641690367 ], [ 131.345718873739145, 33.015217016277767 ], [ 131.345681093916312, 33.014522417104011 ], [ 131.346204331617628, 33.013737577088435 ], [ 131.346729023019293, 33.013322258311412 ], [ 131.346875389423502, 33.012619762785228 ], [ 131.346259323338387, 33.01208935079616 ], [ 131.345136464320007, 33.012062888323449 ], [ 131.34450105310637, 33.011074310794655 ], [ 131.344044727835865, 33.011016435214799 ], [ 131.343499181237405, 33.010574503880548 ], [ 131.343356145393017, 33.009880188826244 ], [ 131.342705416730183, 33.009453322599981 ], [ 131.342126636319648, 33.009484464854197 ], [ 131.342037651004347, 33.009159529222138 ], [ 131.341721885821102, 33.009160391047679 ], [ 131.341596708086087, 33.008539935536156 ], [ 131.341140773610448, 33.008585518231392 ], [ 131.34077040805019, 33.008069189576531 ], [ 131.340102600007981, 33.007760606465133 ], [ 131.339873244782467, 33.007421271085434 ], [ 131.339790395388462, 33.006612058156129 ], [ 131.340379584607547, 33.006579436680845 ], [ 131.341105495058372, 33.006257611794567 ], [ 131.341225622886043, 33.005562577743433 ], [ 131.34162851155267, 33.005413669420911 ], [ 131.341881361824591, 33.004782370164399 ], [ 131.341864392951123, 33.004214832603843 ], [ 131.341530597155923, 33.003811605875889 ], [ 131.341551295447744, 33.003606784359867 ], [ 131.342925166843372, 33.001961785121871 ], [ 131.343513670689163, 33.001657240008868 ], [ 131.344522083654198, 33.001669363525821 ], [ 131.345453992441549, 33.000961609751052 ], [ 131.346038330856544, 33.001099038788382 ], [ 131.346307824033033, 33.000651349146693 ], [ 131.347357118381041, 33.000559047603268 ], [ 131.34755702039925, 33.000409511124488 ], [ 131.347813837114842, 32.999733399323944 ], [ 131.348438903140277, 32.999736629540635 ], [ 131.348871291751266, 32.999477183703263 ], [ 131.349040936939559, 32.999129086723556 ], [ 131.349771174429293, 32.998883703936102 ], [ 131.350099779360704, 32.998406477372285 ], [ 131.349604502064551, 32.998436701637992 ], [ 131.349054356702879, 32.998046428185766 ], [ 131.349021380260098, 32.997824702394205 ], [ 131.349642589041707, 32.99617876617959 ], [ 131.349525480118075, 32.995377346917032 ], [ 131.348838811460837, 32.994472035377122 ], [ 131.347625000496038, 32.993802749316323 ], [ 131.345695187205678, 32.993440779590991 ], [ 131.344896936985549, 32.99355361805997 ], [ 131.34454971786073, 32.993443938245854 ], [ 131.344012581709706, 32.992467380201838 ], [ 131.342611777756076, 32.99166135632921 ], [ 131.34142436979684, 32.991682301338216 ], [ 131.340813421942443, 32.991993749823067 ], [ 131.339605208171207, 32.99138632208571 ], [ 131.339090120467034, 32.991347887504162 ], [ 131.33868511822152, 32.99192430190989 ], [ 131.337907373061796, 32.991899846186143 ], [ 131.336534214424233, 32.991576782393736 ], [ 131.335350890049881, 32.990832519130599 ], [ 131.334376497570076, 32.990620863325582 ], [ 131.333483210260226, 32.991916132570076 ], [ 131.33307435151454, 32.992182746041671 ], [ 131.332871279037533, 32.992674513741292 ], [ 131.33226347723155, 32.99313195945372 ], [ 131.331446953617586, 32.99480497726578 ], [ 131.33079500283182, 32.995429136988641 ], [ 131.33007419815425, 32.995532198397811 ], [ 131.329658556845118, 32.996011050331575 ], [ 131.328853411346927, 32.995961422271833 ], [ 131.327019385008299, 32.996514605826768 ], [ 131.325224538259306, 32.997475837100573 ], [ 131.325689022342345, 32.998671982744447 ], [ 131.327090369238391, 32.999806935359544 ], [ 131.327402018829332, 33.000369411873827 ], [ 131.326592997601352, 33.002018540476392 ], [ 131.326673804847303, 33.005651335834145 ], [ 131.32722895474754, 33.006277956453367 ], [ 131.326617725727857, 33.006828351369435 ], [ 131.326373930143149, 33.007316758492081 ], [ 131.326400232104248, 33.008177036699003 ], [ 131.326783987261905, 33.009104195544495 ], [ 131.326083584168629, 33.011847903745227 ], [ 131.32682403157861, 33.012836306112902 ], [ 131.327250821024705, 33.014401989434269 ], [ 131.326708910306223, 33.014935526901219 ], [ 131.325990527470481, 33.015188684996403 ], [ 131.324410057596936, 33.014778922750146 ], [ 131.323726214473965, 33.014884156427122 ], [ 131.323259317567334, 33.015316361322064 ], [ 131.323335490268505, 33.015804162842322 ], [ 131.326451792229335, 33.017811292637433 ], [ 131.327192657718115, 33.017908380936582 ], [ 131.327429596934223, 33.018412802729337 ], [ 131.327711844261927, 33.018451676390754 ], [ 131.328228815153381, 33.018390903923311 ], [ 131.329132061537507, 33.0178933894924 ], [ 131.329883674436672, 33.0177131631077 ], [ 131.332482786091248, 33.018092484781796 ], [ 131.332964408604965, 33.018011981543388 ], [ 131.334731161154792, 33.017408139938269 ], [ 131.335141743973026, 33.01718917913086 ], [ 131.3353979017119, 33.016544810693524 ], [ 131.336360945771418, 33.016334265856436 ], [ 131.33669023964012, 33.016382896424552 ], [ 131.336480078483476, 33.017579491104236 ], [ 131.33697733492059, 33.017944102536937 ], [ 131.341063548168336, 33.018138689428078 ], [ 131.342704222020672, 33.018386723935272 ], [ 131.343375312768444, 33.018672062107726 ], [ 131.344455046425878, 33.01824327511504 ] ] ] } },
{ "type": "Feature", "properties": { "CITY_NAME": "竹田市", "S_NAME": "大字下坂田", "JINKO": 141, "medical_area": "44_豊肥医療圏", "町丁目名": "竹田市大字下坂田" }, "geometry": { "type": "Polygon", "coordinates": [ [ [ 131.32353640340628, 32.998256719115481 ], [ 131.324745222199937, 32.997904888079233 ], [ 131.326409794215408, 32.996751989773912 ], [ 131.328853411346927, 32.995961422271833 ], [ 131.329658556845118, 32.996011050331575 ], [ 131.33007419815425, 32.995532198397811 ], [ 131.33079500283182, 32.995429136988641 ], [ 131.331446953617586, 32.99480497726578 ], [ 131.33226347723155, 32.99313195945372 ], [ 131.332871279037533, 32.992674513741292 ], [ 131.33307435151454, 32.992182746041671 ], [ 131.333483210260226, 32.991916132570076 ], [ 131.334275286331319, 32.990865179311868 ], [ 131.334340110315907, 32.989944501265363 ], [ 131.333393752435285, 32.98839367358493 ], [ 131.333091361843401, 32.98762444028948 ], [ 131.333179567429369, 32.987327696062628 ], [ 131.33504214725474, 32.9866279315168 ], [ 131.335742147798101, 32.985555088250599 ], [ 131.336396751335002, 32.984991300131831 ], [ 131.337169691935088, 32.983763366542362 ], [ 131.337214872529472, 32.98321447825969 ], [ 131.336834235256021, 32.982595939702833 ], [ 131.336244839646554, 32.982340844432613 ], [ 131.334942686805761, 32.98255676036753 ], [ 131.334444242850566, 32.982035876823709 ], [ 131.334352626145687, 32.981425402477022 ], [ 131.334604718669141, 32.980703383496788 ], [ 131.335913961590194, 32.980320009560373 ], [ 131.335836527085377, 32.980179388306333 ], [ 131.335221459016793, 32.980004856723994 ], [ 131.333876116259319, 32.98029472980312 ], [ 131.333706890352317, 32.980482375947034 ], [ 131.33352779206561, 32.98152343360892 ], [ 131.332954833924134, 32.982657550090352 ], [ 131.332346453866251, 32.983756139234735 ], [ 131.331754762815166, 32.984209408606915 ], [ 131.331064785459887, 32.983969251083522 ], [ 131.329759429787089, 32.982956358753476 ], [ 131.329624197115351, 32.982617936550234 ], [ 131.3297185873123, 32.982262781219916 ], [ 131.33043354136322, 32.981510758529822 ], [ 131.330413318361082, 32.981220433736603 ], [ 131.329894440556131, 32.980657172964861 ], [ 131.329262698495882, 32.980626562592697 ], [ 131.328880490224122, 32.980788881282145 ], [ 131.328022536072552, 32.981694532676762 ], [ 131.32756327832854, 32.981727986022065 ], [ 131.326930696588619, 32.981471521143817 ], [ 131.326065654569135, 32.980457434298764 ], [ 131.324763637788664, 32.980331751112388 ], [ 131.323639321481352, 32.980844547915908 ], [ 131.323314300658126, 32.981787388746582 ], [ 131.322586492072475, 32.981660206542529 ], [ 131.322665404605658, 32.982305294192457 ], [ 131.322033717868294, 32.982290794861193 ], [ 131.322111667645544, 32.982677760213264 ], [ 131.322456980280379, 32.982886594431896 ], [ 131.322611325693714, 32.983224975328731 ], [ 131.32194679037076, 32.98471085943833 ], [ 131.322133047401024, 32.985429229246897 ], [ 131.323722844300733, 32.9862146517331 ], [ 131.325254320808227, 32.986259087622727 ], [ 131.325410046561387, 32.986968494411173 ], [ 131.325698530261405, 32.9873387869373 ], [ 131.326254065568662, 32.987450270070156 ], [ 131.327172263058713, 32.987286551074043 ], [ 131.327119545193796, 32.987855361649785 ], [ 131.326937940074487, 32.988241242055871 ], [ 131.326566295831896, 32.988500973004719 ], [ 131.326515975245258, 32.989035167078029 ], [ 131.325880736529513, 32.989603906645002 ], [ 131.325396991743531, 32.989599661418438 ], [ 131.325051483070979, 32.989853820018872 ], [ 131.324239852773729, 32.989564118030614 ], [ 131.32337734171125, 32.990551869870551 ], [ 131.322529229229986, 32.991016536560679 ], [ 131.321325689369473, 32.990810421383742 ], [ 131.320281270903195, 32.991220533164537 ], [ 131.319241421115152, 32.991085551239678 ], [ 131.318707776830763, 32.991747605329927 ], [ 131.317543417345377, 32.992473664209626 ], [ 131.317946357760434, 32.993486378270553 ], [ 131.31820373900905, 32.994935782911618 ], [ 131.318908117767222, 32.995173937632806 ], [ 131.319848690127486, 32.995249100688028 ], [ 131.319852046080655, 32.995362543649087 ], [ 131.319110482890892, 32.9956701323147 ], [ 131.31901268903232, 32.995989924254687 ], [ 131.319033528782768, 32.996693575822768 ], [ 131.319789334996642, 32.99777125778413 ], [ 131.320681335697287, 32.998006098712359 ], [ 131.322460518966039, 32.997894177418729 ], [ 131.32353640340628, 32.998256719115481 ] ] ] } },
{ "type": "Feature", "properties": { "CITY_NAME": "竹田市", "S_NAME": "大字福原", "JINKO": 89, "medical_area": "44_豊肥医療圏", "町丁目名": "竹田市大字福原" }, "geometry": { "type": "Polygon", "coordinates": [ [ [ 131.319856728671994, 33.021550970576293 ], [ 131.321100131425084, 33.020112698200407 ], [ 131.320160689173008, 33.019013718075286 ], [ 131.320568426996317, 33.018597537882165 ], [ 131.320734091988896, 33.018019197103165 ], [ 131.320579546749684, 33.017534353502789 ], [ 131.320648276679549, 33.017039036050484 ], [ 131.320234516436926, 33.016376600987769 ], [ 131.320713157170417, 33.015474214652869 ], [ 131.323335490268505, 33.015804162842322 ], [ 131.323259317567334, 33.015316361322064 ], [ 131.323726214473965, 33.014884156427122 ], [ 131.324410057596936, 33.014778922750146 ], [ 131.325990527470481, 33.015188684996403 ], [ 131.326708910306223, 33.014935526901219 ], [ 131.327232222066272, 33.014523020587191 ], [ 131.32682403157861, 33.012836306112902 ], [ 131.326083584168629, 33.011847903745227 ], [ 131.326783987261905, 33.009104195544495 ], [ 131.326400232104248, 33.008177036699003 ], [ 131.326373930143149, 33.007316758492081 ], [ 131.326617725727857, 33.006828351369435 ], [ 131.32722895474754, 33.006277956453367 ], [ 131.326673804847303, 33.005651335834145 ], [ 131.326592997601352, 33.002018540476392 ], [ 131.327402018829332, 33.000369411873827 ], [ 131.327090369238391, 32.999806935359544 ], [ 131.325689022342345, 32.998671982744447 ], [ 131.325224538259306, 32.997475837100573 ], [ 131.324745222199937, 32.997904888079233 ], [ 131.32353640340628, 32.998256719115481 ], [ 131.322460518966039, 32.997894177418729 ], [ 131.320681335697287, 32.998006098712359 ], [ 131.319789334996642, 32.99777125778413 ], [ 131.319033528782768, 32.996693575822768 ], [ 131.31901268903232, 32.995989924254687 ], [ 131.319110482890892, 32.9956701323147 ], [ 131.319852046080655, 32.995362543649087 ], [ 131.319848690127486, 32.995249100688028 ], [ 131.318908117767222, 32.995173937632806 ], [ 131.31820373900905, 32.994935782911618 ], [ 131.317946357760434, 32.993486378270553 ], [ 131.317543417345377, 32.992473664209626 ], [ 131.315517643273154, 32.993414465602761 ], [ 131.315562133418041, 32.995156631359755 ], [ 131.315198753131199, 32.995254336681676 ], [ 131.314665816006539, 32.996126826796669 ], [ 131.31446061601028, 32.997643768503579 ], [ 131.31427007944589, 32.997902361673709 ], [ 131.312980401317532, 32.998623482335546 ], [ 131.312688476899467, 32.999051418339121 ], [ 131.312409887096663, 32.999842445248689 ], [ 131.312394920271629, 33.000917336432117 ], [ 131.311117815372, 33.000477937915022 ], [ 131.309862140674113, 33.000797198128382 ], [ 131.308961486605369, 33.000720407217244 ], [ 131.308476579066223, 33.001527748944106 ], [ 131.307392724634099, 33.002715926720207 ], [ 131.305584362320843, 33.003249906863985 ], [ 131.305880922108514, 33.003754700551752 ], [ 131.306530097888611, 33.00379744050295 ], [ 131.306993581655263, 33.004912078771802 ], [ 131.307099621116834, 33.005978149685632 ], [ 131.307327195626499, 33.006210052829026 ], [ 131.30830979699013, 33.005966841934942 ], [ 131.309000061463962, 33.006002487559819 ], [ 131.309183514409995, 33.004893643755899 ], [ 131.310562976072447, 33.003956169283647 ], [ 131.31113411818103, 33.003759640836861 ], [ 131.311439720996617, 33.003750573892994 ], [ 131.312203153925168, 33.004225602035902 ], [ 131.313775992277556, 33.004359115792433 ], [ 131.315368393126846, 33.003711653602842 ], [ 131.315776152572312, 33.003316244734762 ], [ 131.316962496965886, 33.002852450671377 ], [ 131.317196477105909, 33.002584283534674 ], [ 131.318055413765734, 33.002615446184677 ], [ 131.317364428525963, 33.004287771207871 ], [ 131.317444974122736, 33.004752517932388 ], [ 131.317983551549332, 33.005793118960028 ], [ 131.317942591637774, 33.006058914165898 ], [ 131.317605989924687, 33.007047778967078 ], [ 131.316980680695991, 33.007261083425995 ], [ 131.316511655263866, 33.007760427739242 ], [ 131.316750488765109, 33.008374208421429 ], [ 131.317168736612899, 33.008846398673263 ], [ 131.317146542039524, 33.009539727241211 ], [ 131.316633179487837, 33.010047479093323 ], [ 131.316589988966825, 33.010375544537141 ], [ 131.316754140841311, 33.010790259218737 ], [ 131.317444529808853, 33.011531596247494 ], [ 131.317467868454656, 33.012548614348766 ], [ 131.316153494295577, 33.013789045111906 ], [ 131.316069872464539, 33.014536502966671 ], [ 131.315554273817213, 33.015816428783694 ], [ 131.315503007481226, 33.017059544011076 ], [ 131.316867265677132, 33.017278907948629 ], [ 131.317628309254673, 33.018140092749128 ], [ 131.317673979552154, 33.01850115049416 ], [ 131.317478324550279, 33.018941691210536 ], [ 131.317759767539513, 33.019746332173106 ], [ 131.317672058534583, 33.020037154821338 ], [ 131.317852227511196, 33.020788086585661 ], [ 131.318233906979827, 33.02135999753407 ], [ 131.318593622586206, 33.021300967946821 ], [ 131.319018358332897, 33.021499142775269 ], [ 131.319464905642604, 33.022282603788909 ], [ 131.319856728671994, 33.021550970576293 ] ] ] } },
{ "type": "Feature", "properties": { "CITY_NAME": "竹田市", "S_NAME": "大字小川", "JINKO": 95, "medical_area": "44_豊肥医療圏", "町丁目名": "竹田市大字小川" }, "geometry": { "type": "Polygon", "coordinates": [ [ [ 131.310313125605035, 33.021145102599434 ], [ 131.310901290914245, 33.021272369133108 ], [ 131.311828472626303, 33.020859098338072 ], [ 131.312991038320604, 33.020854331044163 ], [ 131.313245843127987, 33.020293561965964 ], [ 131.313580249082634, 33.020124378224693 ], [ 131.314802621030026, 33.020096541399717 ], [ 131.3151897244189, 33.019872752410798 ], [ 131.31478818876883, 33.018509639549215 ], [ 131.314904217840393, 33.018078574782223 ], [ 131.315416146281564, 33.017426167654875 ], [ 131.315629466678246, 33.015467527372053 ], [ 131.316069872464539, 33.014536502966671 ], [ 131.316236666151781, 33.013610326695492 ], [ 131.317414294427948, 33.012731416103755 ], [ 131.317467868454656, 33.012548614348766 ], [ 131.317444529808853, 33.011531596247494 ], [ 131.316754140841311, 33.010790259218737 ], [ 131.316589988966825, 33.010375544537141 ], [ 131.316633179487837, 33.010047479093323 ], [ 131.317146542039524, 33.009539727241211 ], [ 131.317168736612899, 33.008846398673263 ], [ 131.316750488765109, 33.008374208421429 ], [ 131.316511655263866, 33.007760427739242 ], [ 131.316980680695991, 33.007261083425995 ], [ 131.317605989924687, 33.007047778967078 ], [ 131.317942591637774, 33.006058914165898 ], [ 131.317983551549332, 33.005793118960028 ], [ 131.317444974122736, 33.004752517932388 ], [ 131.317364428525963, 33.004287771207871 ], [ 131.318055413765734, 33.002615446184677 ], [ 131.317196477105909, 33.002584283534674 ], [ 131.316962496965886, 33.002852450671377 ], [ 131.315776152572312, 33.003316244734762 ], [ 131.315368393126846, 33.003711653602842 ], [ 131.313775992277556, 33.004359115792433 ], [ 131.312203153925168, 33.004225602035902 ], [ 131.311311489991169, 33.003734292204193 ], [ 131.310562976072447, 33.003956169283647 ], [ 131.309183514409995, 33.004893643755899 ], [ 131.309054007461668, 33.005923475734058 ], [ 131.308881999798103, 33.006073353533125 ], [ 131.308467491520844, 33.005949850726559 ], [ 131.307253242853534, 33.006210235973356 ], [ 131.307099621116834, 33.005978149685632 ], [ 131.306903821102821, 33.004595565656402 ], [ 131.306530097888611, 33.00379744050295 ], [ 131.305880922108514, 33.003754700551752 ], [ 131.305584362320843, 33.003249906863985 ], [ 131.304819076113233, 33.004358250337738 ], [ 131.304070986132388, 33.005023959367179 ], [ 131.301612745584691, 33.004777052799348 ], [ 131.30067833407449, 33.005822556087516 ], [ 131.299947903819799, 33.006172075637551 ], [ 131.299461657641984, 33.006615833592925 ], [ 131.299049084665739, 33.006648445143959 ], [ 131.299308473813454, 33.006867708463453 ], [ 131.299395817937722, 33.007212490490076 ], [ 131.298841097962622, 33.008866164140677 ], [ 131.298951907813262, 33.009773778659415 ], [ 131.298133934928217, 33.01004811487428 ], [ 131.297511826243408, 33.010903017963201 ], [ 131.297017033922344, 33.011158406680487 ], [ 131.296181662908481, 33.012685655130639 ], [ 131.298683343075055, 33.013224376195488 ], [ 131.298834857382246, 33.013423746450442 ], [ 131.299805555691506, 33.013693764604589 ], [ 131.300109286040282, 33.01429222830631 ], [ 131.302266591722201, 33.014940656820194 ], [ 131.305585447812319, 33.014932509924975 ], [ 131.306958266168209, 33.016191086770071 ], [ 131.306921689675818, 33.018079585501106 ], [ 131.306772944182939, 33.018697318230608 ], [ 131.307358479955695, 33.019749021021873 ], [ 131.307254422546521, 33.020820576198929 ], [ 131.307721711483936, 33.022129453790079 ], [ 131.309361740826631, 33.022204595682247 ], [ 131.309514200715739, 33.022105192924677 ], [ 131.309493965375111, 33.02135262556952 ], [ 131.310313125605035, 33.021145102599434 ] ] ] } },
{ "type": "Feature", "properties": { "CITY_NAME": "竹田市", "S_NAME": "荻町馬場", "JINKO": 637, "medical_area": "44_豊肥医療圏", "町丁目名": "竹田市荻町馬場" }, "geometry": { "type": "Polygon", "coordinates": [ [ [ 131.300973255809168, 32.937759726603318 ], [ 131.30265904061784, 32.93731508868693 ], [ 131.303550900551386, 32.93681104910322 ], [ 131.304442650586282, 32.936776091108499 ], [ 131.306486680450831, 32.936185099150507 ], [ 131.30675803967776, 32.936349816892864 ], [ 131.306769000793082, 32.936583622557926 ], [ 131.307564338994268, 32.936561712197886 ], [ 131.307927794680637, 32.936931525922901 ], [ 131.308335689817284, 32.937058498644028 ], [ 131.308121247180168, 32.936241364702525 ], [ 131.308779254688915, 32.935870789035604 ], [ 131.309289451873582, 32.933967816049552 ], [ 131.30924713150398, 32.933408560247472 ], [ 131.308830670996969, 32.932663560840645 ], [ 131.311775142133911, 32.931207087943875 ], [ 131.309232072318281, 32.929588595330181 ], [ 131.308405527178451, 32.929561980409481 ], [ 131.306624044584936, 32.92863460595656 ], [ 131.306051351379296, 32.928035954672168 ], [ 131.306029440433377, 32.92751454837763 ], [ 131.305771491599245, 32.927008859642967 ], [ 131.306003196858057, 32.926528811179288 ], [ 131.306794959883149, 32.926832227305816 ], [ 131.306843932838319, 32.926391074548597 ], [ 131.306137511364625, 32.926149737329794 ], [ 131.305105277951611, 32.925390798353241 ], [ 131.304345667440515, 32.925171517580019 ], [ 131.301278349612403, 32.925563205647997 ], [ 131.300227590441011, 32.925444266359435 ], [ 131.302313984389087, 32.924221279072761 ], [ 131.29881249023731, 32.924084618094405 ], [ 131.29923212130916, 32.923254361593791 ], [ 131.298170750293792, 32.922380717919552 ], [ 131.298137009887654, 32.921314904506985 ], [ 131.296018400118811, 32.920081924938629 ], [ 131.294844893111502, 32.919664188489783 ], [ 131.293558453296271, 32.91947554170774 ], [ 131.293533791074594, 32.919110306105317 ], [ 131.292986548708996, 32.919072194881302 ], [ 131.291909569249015, 32.919301745851648 ], [ 131.291100163373102, 32.919801739709136 ], [ 131.288361034888453, 32.920412736038067 ], [ 131.287007296006891, 32.920096132373992 ], [ 131.286081170710048, 32.919455515795775 ], [ 131.28523381996294, 32.919137374793323 ], [ 131.283954529974608, 32.918951119826765 ], [ 131.283275171844053, 32.921935889202281 ], [ 131.282972411496814, 32.921913999008879 ], [ 131.282771863935153, 32.922957859722779 ], [ 131.282851854204523, 32.923268302003137 ], [ 131.282461476504039, 32.923729028133202 ], [ 131.283361211252213, 32.926048415056684 ], [ 131.283052149894388, 32.927760386625216 ], [ 131.28394660017932, 32.928031416548706 ], [ 131.284614360662204, 32.92781534181637 ], [ 131.286669852781245, 32.927719008040846 ], [ 131.288294214518118, 32.928817147962938 ], [ 131.287625571848537, 32.929601325756721 ], [ 131.287124966447237, 32.92989927870083 ], [ 131.287236631561086, 32.930522109057009 ], [ 131.287057853078693, 32.931024585230773 ], [ 131.287204532056137, 32.931521737782312 ], [ 131.287106902948238, 32.932291442044097 ], [ 131.287040182867145, 32.932506770596632 ], [ 131.286481352978115, 32.932817911560541 ], [ 131.286656523155187, 32.93328401398297 ], [ 131.288802609685831, 32.932874534606441 ], [ 131.290448117794398, 32.933103113340273 ], [ 131.292125693845151, 32.932888264727389 ], [ 131.292487508890872, 32.933070018062757 ], [ 131.292964490601349, 32.933845971885667 ], [ 131.292819713111442, 32.934194144921676 ], [ 131.292394832559808, 32.9341818834855 ], [ 131.292695747636316, 32.935367944961648 ], [ 131.293352102056929, 32.935502363888816 ], [ 131.293958161462029, 32.9358750268538 ], [ 131.295406457024569, 32.936169309148823 ], [ 131.295509686185852, 32.936641652391884 ], [ 131.297970760726997, 32.937704181565564 ], [ 131.300973255809168, 32.937759726603318 ] ] ] } },
{ "type": "Feature", "properties": { "CITY_NAME": "竹田市", "S_NAME": "荻町桑木", "JINKO": 108, "medical_area": "44_豊肥医療圏", "町丁目名": "竹田市荻町桑木" }, "geometry": { "type": "Polygon", "coordinates": [ [ [ 131.280801019182832, 32.927525085621085 ], [ 131.283052149894388, 32.927760386625216 ], [ 131.283361211252213, 32.926048415056684 ], [ 131.282461476504039, 32.923729028133202 ], [ 131.282851854204523, 32.923268302003137 ], [ 131.282771863935153, 32.922957859722779 ], [ 131.282972411496814, 32.921913999008879 ], [ 131.283275171844053, 32.921935889202281 ], [ 131.283954529974608, 32.918951119826765 ], [ 131.283360070708056, 32.918735202244314 ], [ 131.281918338396167, 32.917522136384974 ], [ 131.281045443766857, 32.917076944668487 ], [ 131.279857575300952, 32.917010087058657 ], [ 131.279253527110711, 32.917315295115479 ], [ 131.278783441462423, 32.917345590306418 ], [ 131.277785048339098, 32.918003932991567 ], [ 131.276914487975375, 32.918032559367347 ], [ 131.276062868018329, 32.91738564171002 ], [ 131.275212926563, 32.917006600206172 ], [ 131.273722337516034, 32.91567512670396 ], [ 131.272598792939903, 32.915103390173726 ], [ 131.272015226211153, 32.915310452964754 ], [ 131.271238149149298, 32.915185793146691 ], [ 131.26972439578455, 32.914378462336693 ], [ 131.268511786613061, 32.914024624405499 ], [ 131.266653688081703, 32.912845317869497 ], [ 131.266468623997667, 32.912167994356629 ], [ 131.265530063246018, 32.911225326784837 ], [ 131.264693068459678, 32.911225319203204 ], [ 131.263429400545164, 32.91089862056846 ], [ 131.262735226631747, 32.910002840518203 ], [ 131.261445597158399, 32.909979055965742 ], [ 131.260164232510817, 32.90921498024889 ], [ 131.258794984060671, 32.908772722927473 ], [ 131.25774928353573, 32.908138853364648 ], [ 131.256596603076133, 32.907854760485094 ], [ 131.255687129701869, 32.907906515903413 ], [ 131.253771958014823, 32.908830175773097 ], [ 131.252944432093898, 32.910644091467418 ], [ 131.252710513499267, 32.911969722893275 ], [ 131.252964127077234, 32.914436237306965 ], [ 131.252803910142177, 32.915562190965936 ], [ 131.25304505222681, 32.916691667726006 ], [ 131.254390962655407, 32.917384533254264 ], [ 131.255475101212596, 32.91841373047221 ], [ 131.256347576518465, 32.918746255249367 ], [ 131.256889966546595, 32.918373798764833 ], [ 131.257251817240586, 32.917372418930697 ], [ 131.257696751223364, 32.917161087566591 ], [ 131.258147259277848, 32.917184948279342 ], [ 131.25876854182016, 32.917846016060416 ], [ 131.259655875689106, 32.918232139773011 ], [ 131.260491016347885, 32.919171298257965 ], [ 131.26098137638337, 32.919413755506142 ], [ 131.262635285418014, 32.921541753850661 ], [ 131.264158806422529, 32.922430168026438 ], [ 131.264978654644551, 32.922730527363697 ], [ 131.265448282303566, 32.922597526087259 ], [ 131.26683798938609, 32.922952702025896 ], [ 131.268325743768315, 32.922747520622536 ], [ 131.270512344614673, 32.923535435526645 ], [ 131.271872298542803, 32.924212537528057 ], [ 131.273158315482135, 32.924614481734537 ], [ 131.274946288684333, 32.924900246690605 ], [ 131.275988504654862, 32.9260648480832 ], [ 131.276733772874735, 32.926595289947997 ], [ 131.277725771094225, 32.926496542584559 ], [ 131.278315089565211, 32.927051976766116 ], [ 131.279099986551984, 32.926992699232251 ], [ 131.280801019182832, 32.927525085621085 ] ] ] } },
{ "type": "Feature", "properties": { "CITY_NAME": "竹田市", "S_NAME": "荻町木下", "JINKO": 58, "medical_area": "44_豊肥医療圏", "町丁目名": "竹田市荻町木下" }, "geometry": { "type": "Polygon", "coordinates": [ [ [ 131.265869621131003, 32.948820517407952 ], [ 131.266197460518356, 32.948664748641427 ], [ 131.266440510866062, 32.946747245426479 ], [ 131.266863818921252, 32.946265822168527 ], [ 131.267503266186282, 32.94601652168457 ], [ 131.268984007130911, 32.946038893211792 ], [ 131.270667020489128, 32.945731098955385 ], [ 131.270539872925895, 32.944829108113481 ], [ 131.271115084692411, 32.944413784682581 ], [ 131.271246589175774, 32.943764278457543 ], [ 131.270795454597419, 32.943080249775996 ], [ 131.269418825438208, 32.942359888866918 ], [ 131.269897909099541, 32.942261722787379 ], [ 131.271486652715964, 32.94289982745957 ], [ 131.272187753915887, 32.942972421075552 ], [ 131.272375346640217, 32.942803321798586 ], [ 131.272356221320649, 32.942506858083568 ], [ 131.271589938314662, 32.941951325865247 ], [ 131.271952184833594, 32.941352430953636 ], [ 131.272552223360947, 32.941126186804688 ], [ 131.271724066311805, 32.940674311617521 ], [ 131.270645849273279, 32.940787844028854 ], [ 131.269537059957827, 32.939840698381943 ], [ 131.268413797603898, 32.939610525668392 ], [ 131.267545609742001, 32.939159394237883 ], [ 131.267009924397343, 32.939165195013423 ], [ 131.26672364134285, 32.939458922425679 ], [ 131.266198841983879, 32.939404205766031 ], [ 131.265926165440447, 32.939639745127138 ], [ 131.264485634659138, 32.939921975116633 ], [ 131.264393047564994, 32.939435977045321 ], [ 131.263344827414102, 32.938877567413755 ], [ 131.262220357064422, 32.93770771763382 ], [ 131.261849274901806, 32.936289931649526 ], [ 131.261657715697368, 32.936095533370619 ], [ 131.261696275936231, 32.935519518022993 ], [ 131.26323994936854, 32.934008691335329 ], [ 131.263802576620691, 32.933914344431734 ], [ 131.266557723130092, 32.934238797794393 ], [ 131.267287630804958, 32.934622599703445 ], [ 131.267774564742524, 32.933204279344231 ], [ 131.267746582731178, 32.932853693559629 ], [ 131.266665251917658, 32.931655249933776 ], [ 131.266400511974865, 32.931211837448686 ], [ 131.26637543030273, 32.930828454801464 ], [ 131.26655927869956, 32.930227691647438 ], [ 131.267216752804671, 32.929842864403682 ], [ 131.267502552976907, 32.929323020126134 ], [ 131.267542533972232, 32.928656561290225 ], [ 131.267264487560027, 32.927769201608825 ], [ 131.266381570519826, 32.927394082601566 ], [ 131.264251590957258, 32.927238604941735 ], [ 131.263601468908831, 32.926326282308466 ], [ 131.263090759770449, 32.925959236706191 ], [ 131.263279383453067, 32.927328265814353 ], [ 131.261387795213807, 32.927787936751457 ], [ 131.257704152256167, 32.925266850423085 ], [ 131.254244464527119, 32.924611952500214 ], [ 131.252827700427559, 32.924716084658598 ], [ 131.25109915854253, 32.92688776285938 ], [ 131.249551761136559, 32.929769487393941 ], [ 131.248120912356313, 32.931422064169269 ], [ 131.246949608991883, 32.93678637959016 ], [ 131.246270106414727, 32.938736478891521 ], [ 131.245609370740084, 32.939994117989727 ], [ 131.245641495310679, 32.940412121496152 ], [ 131.247370485755681, 32.941397361864361 ], [ 131.248524051709524, 32.941760941623485 ], [ 131.248772816379471, 32.942004328186748 ], [ 131.248909038487568, 32.94267470988715 ], [ 131.250292260077742, 32.943830387030523 ], [ 131.251176689572446, 32.944963070140084 ], [ 131.251286416954486, 32.945385263027738 ], [ 131.251920374223602, 32.945656183722654 ], [ 131.252892542697055, 32.94649305978583 ], [ 131.254407590722479, 32.946293411316475 ], [ 131.255608615924388, 32.945634121881177 ], [ 131.256509492829139, 32.945632310914014 ], [ 131.257360850577101, 32.946837114148948 ], [ 131.258809215084796, 32.947401684753217 ], [ 131.259741389165811, 32.947229968910776 ], [ 131.260760816844936, 32.947880260959131 ], [ 131.261524267814707, 32.947976975886782 ], [ 131.263672969528216, 32.948754438639583 ], [ 131.265869621131003, 32.948820517407952 ] ] ] } },
{ "type": "Feature", "properties": { "CITY_NAME": "竹田市", "S_NAME": "荻町政所", "JINKO": 90, "medical_area": "44_豊肥医療圏", "町丁目名": "竹田市荻町政所" }, "geometry": { "type": "Polygon", "coordinates": [ [ [ 131.27682569369361, 32.951840857915293 ], [ 131.277812319343042, 32.951885218108224 ], [ 131.279872938281045, 32.951619162444928 ], [ 131.281725071093319, 32.950712340656494 ], [ 131.28584109359744, 32.950072904605662 ], [ 131.288979591644534, 32.948729584075977 ], [ 131.290177237925377, 32.948691054653224 ], [ 131.291608828873223, 32.948875390291803 ], [ 131.295946401282521, 32.947410275598529 ], [ 131.294967469113374, 32.94640606985034 ], [ 131.294965603310573, 32.945847183455108 ], [ 131.2948277155852, 32.945721633240936 ], [ 131.293220772087381, 32.945997320531049 ], [ 131.292446118123166, 32.945411128716842 ], [ 131.291188568935326, 32.945070049569686 ], [ 131.290241195371664, 32.945401243738694 ], [ 131.289595722829546, 32.945242941509122 ], [ 131.288991515032876, 32.945419175994225 ], [ 131.288423831952258, 32.945164823419319 ], [ 131.287816645834965, 32.945113589744338 ], [ 131.28644734675197, 32.944275569230214 ], [ 131.287043514364228, 32.940723110561244 ], [ 131.286599787670838, 32.940615188035906 ], [ 131.285310200200598, 32.938877550409288 ], [ 131.284588484220507, 32.938172070226862 ], [ 131.283916749521865, 32.937866931556265 ], [ 131.281657231226205, 32.937701654507613 ], [ 131.27699353407516, 32.938077960735811 ], [ 131.275328753621011, 32.93853262956825 ], [ 131.273566741883883, 32.9384370015025 ], [ 131.271130167507465, 32.938819202645554 ], [ 131.269796480092481, 32.938246216762636 ], [ 131.270163968363988, 32.936784526744809 ], [ 131.267287630804958, 32.934622599703445 ], [ 131.266557723130092, 32.934238797794393 ], [ 131.263802576620691, 32.933914344431734 ], [ 131.26323994936854, 32.934008691335329 ], [ 131.261696275936231, 32.935519518022993 ], [ 131.261657715697368, 32.936095533370619 ], [ 131.261849274901806, 32.936289931649526 ], [ 131.262220357064422, 32.93770771763382 ], [ 131.263344827414102, 32.938877567413755 ], [ 131.264393047564994, 32.939435977045321 ], [ 131.264430311197657, 32.939889522144576 ], [ 131.26479489612899, 32.939925971527373 ], [ 131.264993115899301, 32.939725483589847 ], [ 131.265926165440447, 32.939639745127138 ], [ 131.266198841983879, 32.939404205766031 ], [ 131.266453215358979, 32.939519984089969 ], [ 131.267009924397343, 32.939165195013423 ], [ 131.267545609742001, 32.939159394237883 ], [ 131.268413797603898, 32.939610525668392 ], [ 131.269537059957827, 32.939840698381943 ], [ 131.270645849273279, 32.940787844028854 ], [ 131.271724066311805, 32.940674311617521 ], [ 131.272552223360947, 32.941126186804688 ], [ 131.271952184833594, 32.941352430953636 ], [ 131.271589938314662, 32.941951325865247 ], [ 131.272356221320649, 32.942506858083568 ], [ 131.272375346640217, 32.942803321798586 ], [ 131.272187753915887, 32.942972421075552 ], [ 131.271486652715964, 32.94289982745957 ], [ 131.269897909099541, 32.942261722787379 ], [ 131.269418825438208, 32.942359888866918 ], [ 131.270795454597419, 32.943080249775996 ], [ 131.271246589175774, 32.943764278457543 ], [ 131.271115084692411, 32.944413784682581 ], [ 131.270539872925895, 32.944829108113481 ], [ 131.270667020489128, 32.945731098955385 ], [ 131.268984007130911, 32.946038893211792 ], [ 131.267503266186282, 32.94601652168457 ], [ 131.266863818921252, 32.946265822168527 ], [ 131.266440510866062, 32.946747245426479 ], [ 131.266197460518356, 32.948664748641427 ], [ 131.265869621131003, 32.948820517407952 ], [ 131.266430064858525, 32.949159692130529 ], [ 131.267153293975412, 32.949980348502898 ], [ 131.268478257834857, 32.949977500350364 ], [ 131.269690882324397, 32.949639742765235 ], [ 131.272172227601601, 32.94997395035157 ], [ 131.274273207412847, 32.949975877414055 ], [ 131.275279696828989, 32.949617601847706 ], [ 131.276524946764539, 32.950781591727569 ], [ 131.276423198433662, 32.952025251606017 ], [ 131.27682569369361, 32.951840857915293 ] ] ] } },
{ "type": "Feature", "properties": { "CITY_NAME": "竹田市", "S_NAME": "荻町藤渡", "JINKO": 146, "medical_area": "44_豊肥医療圏", "町丁目名": "竹田市荻町藤渡" }, "geometry": { "type": "Polygon", "coordinates": [ [ [ 131.273315486174369, 32.938454487835834 ], [ 131.275328753621011, 32.93853262956825 ], [ 131.27699353407516, 32.938077960735811 ], [ 131.281657231226205, 32.937701654507613 ], [ 131.283916749521865, 32.937866931556265 ], [ 131.284321387683804, 32.936676352112023 ], [ 131.284302928947852, 32.935596752349305 ], [ 131.284925357756919, 32.935727919835692 ], [ 131.284459579951204, 32.933996681950291 ], [ 131.285256169552724, 32.93360468297962 ], [ 131.286656523155187, 32.93328401398297 ], [ 131.286481352978115, 32.932817911560541 ], [ 131.287040182867145, 32.932506770596632 ], [ 131.287106902948238, 32.932291442044097 ], [ 131.287204532056137, 32.931521737782312 ], [ 131.287057853078693, 32.931024585230773 ], [ 131.287236631561086, 32.930522109057009 ], [ 131.287124966447237, 32.92989927870083 ], [ 131.287625571848537, 32.929601325756721 ], [ 131.288294214518118, 32.928817147962938 ], [ 131.286669852781245, 32.927719008040846 ], [ 131.284614360662204, 32.92781534181637 ], [ 131.28394660017932, 32.928031416548706 ], [ 131.283330353308656, 32.92776907527174 ], [ 131.282364898758289, 32.927798070352459 ], [ 131.281827636473821, 32.927574149999884 ], [ 131.280801019182832, 32.927525085621085 ], [ 131.279099986551984, 32.926992699232251 ], [ 131.278315089565211, 32.927051976766116 ], [ 131.277725771094225, 32.926496542584559 ], [ 131.276733772874735, 32.926595289947997 ], [ 131.275988504654862, 32.9260648480832 ], [ 131.274946288684333, 32.924900246690605 ], [ 131.273158315482135, 32.924614481734537 ], [ 131.271872298542803, 32.924212537528057 ], [ 131.270512344614673, 32.923535435526645 ], [ 131.268325743768315, 32.922747520622536 ], [ 131.26683798938609, 32.922952702025896 ], [ 131.265448282303566, 32.922597526087259 ], [ 131.264978654644551, 32.922730527363697 ], [ 131.26370245546147, 32.922227069626018 ], [ 131.262635285418014, 32.921541753850661 ], [ 131.26098137638337, 32.919413755506142 ], [ 131.260491016347885, 32.919171298257965 ], [ 131.259655875689106, 32.918232139773011 ], [ 131.25876854182016, 32.917846016060416 ], [ 131.258147259277848, 32.917184948279342 ], [ 131.257359263519561, 32.917281419241498 ], [ 131.256889966546595, 32.918373798764833 ], [ 131.256176261022631, 32.918758965525647 ], [ 131.255475101212596, 32.91841373047221 ], [ 131.254390962655407, 32.917384533254264 ], [ 131.25304505222681, 32.916691667726006 ], [ 131.253480933758226, 32.919282627813274 ], [ 131.253155004480675, 32.923497945710594 ], [ 131.252827700427559, 32.924716084658598 ], [ 131.254244464527119, 32.924611952500214 ], [ 131.257704152256167, 32.925266850423085 ], [ 131.261387795213807, 32.927787936751457 ], [ 131.263279383453067, 32.927328265814353 ], [ 131.263090759770449, 32.925959236706191 ], [ 131.263601468908831, 32.926326282308466 ], [ 131.264251590957258, 32.927238604941735 ], [ 131.266381570519826, 32.927394082601566 ], [ 131.267162496209039, 32.927686043786153 ], [ 131.267542533972232, 32.928656561290225 ], [ 131.267502552976907, 32.929323020126134 ], [ 131.267216752804671, 32.929842864403682 ], [ 131.26655927869956, 32.930227691647438 ], [ 131.26637543030273, 32.930828454801464 ], [ 131.266400511974865, 32.931211837448686 ], [ 131.266665251917658, 32.931655249933776 ], [ 131.267746582731178, 32.932853693559629 ], [ 131.267774564742524, 32.933204279344231 ], [ 131.267287630804958, 32.934622599703445 ], [ 131.270163968363988, 32.936784526744809 ], [ 131.269796480092481, 32.938246216762636 ], [ 131.271130167507465, 32.938819202645554 ], [ 131.271592685399838, 32.938847835677088 ], [ 131.272039322201778, 32.938622434015329 ], [ 131.273315486174369, 32.938454487835834 ] ] ] } },
{ "type": "Feature", "properties": { "CITY_NAME": "竹田市", "S_NAME": "荻町新藤", "JINKO": 83, "medical_area": "44_豊肥医療圏", "町丁目名": "竹田市荻町新藤" }, "geometry": { "type": "Polygon", "coordinates": [ [ [ 131.300198099989245, 32.947154767667044 ], [ 131.302516373587991, 32.946641859319044 ], [ 131.302740994734052, 32.946283885109992 ], [ 131.303749630954002, 32.946047962931821 ], [ 131.304589243399931, 32.945423305026438 ], [ 131.30530017276547, 32.945190974591718 ], [ 131.305348199282719, 32.944236743079763 ], [ 131.305163656975793, 32.943311909060938 ], [ 131.305305018392175, 32.942631288465229 ], [ 131.305955749271874, 32.94181970960954 ], [ 131.306134849312173, 32.941170702284523 ], [ 131.306938016295135, 32.94090065540702 ], [ 131.306013415165097, 32.940683855699397 ], [ 131.306068568809508, 32.939781024263915 ], [ 131.307353546012081, 32.9382907553343 ], [ 131.308203115672228, 32.93764400985318 ], [ 131.308335689817284, 32.937058498644028 ], [ 131.307927794680637, 32.936931525922901 ], [ 131.307564338994268, 32.936561712197886 ], [ 131.306769000793082, 32.936583622557926 ], [ 131.30675803967776, 32.936349816892864 ], [ 131.306486680450831, 32.936185099150507 ], [ 131.304442650586282, 32.936776091108499 ], [ 131.303550900551386, 32.93681104910322 ], [ 131.30265904061784, 32.93731508868693 ], [ 131.300973255809168, 32.937759726603318 ], [ 131.297970760726997, 32.937704181565564 ], [ 131.295509686185852, 32.936641652391884 ], [ 131.295406457024569, 32.936169309148823 ], [ 131.293958161462029, 32.9358750268538 ], [ 131.293352102056929, 32.935502363888816 ], [ 131.292695747636316, 32.935367944961648 ], [ 131.292394832559808, 32.9341818834855 ], [ 131.292819713111442, 32.934194144921676 ], [ 131.292964490601349, 32.933845971885667 ], [ 131.292487508890872, 32.933070018062757 ], [ 131.292125693845151, 32.932888264727389 ], [ 131.290448117794398, 32.933103113340273 ], [ 131.288500322762417, 32.932909661403038 ], [ 131.285609209873655, 32.933496825319516 ], [ 131.284459579951204, 32.933996681950291 ], [ 131.284925357756919, 32.935727919835692 ], [ 131.284302928947852, 32.935596752349305 ], [ 131.284321387683804, 32.936676352112023 ], [ 131.283916749521865, 32.937866931556265 ], [ 131.284588484220507, 32.938172070226862 ], [ 131.285310200200598, 32.938877550409288 ], [ 131.286599787670838, 32.940615188035906 ], [ 131.287043514364228, 32.940723110561244 ], [ 131.28644734675197, 32.944275569230214 ], [ 131.287816645834965, 32.945113589744338 ], [ 131.288423831952258, 32.945164823419319 ], [ 131.288991515032876, 32.945419175994225 ], [ 131.289595722829546, 32.945242941509122 ], [ 131.290241195371664, 32.945401243738694 ], [ 131.291188568935326, 32.945070049569686 ], [ 131.292446118123166, 32.945411128716842 ], [ 131.293220772087381, 32.945997320531049 ], [ 131.2948277155852, 32.945721633240936 ], [ 131.294965603310573, 32.945847183455108 ], [ 131.294967469113374, 32.94640606985034 ], [ 131.295946401282521, 32.947410275598529 ], [ 131.296854828100209, 32.94702647035713 ], [ 131.297945885062347, 32.946818311484869 ], [ 131.299487322992519, 32.947484495847647 ], [ 131.300198099989245, 32.947154767667044 ] ] ] } },
{ "type": "Feature", "properties": { "CITY_NAME": "竹田市", "S_NAME": "荻町南河内", "JINKO": 37, "medical_area": "44_豊肥医療圏", "町丁目名": "竹田市荻町南河内" }, "geometry": { "type": "Polygon", "coordinates": [ [ [ 131.306880796755053, 32.948186386390191 ], [ 131.307559044675997, 32.948148968942689 ], [ 131.308906420445794, 32.948494192744676 ], [ 131.309520202377939, 32.94820668796909 ], [ 131.310209983159893, 32.948437334209316 ], [ 131.312914931118513, 32.947523519583299 ], [ 131.313528141428634, 32.947084077966942 ], [ 131.314747262243316, 32.947143579891112 ], [ 131.315278265441378, 32.94742822933479 ], [ 131.3158922651522, 32.947212199529105 ], [ 131.316496931983892, 32.947353671779652 ], [ 131.317370277111081, 32.947043131882339 ], [ 131.318345700841519, 32.946386019380114 ], [ 131.319192412057447, 32.946044260651767 ], [ 131.320018934826209, 32.945984062628938 ], [ 131.320409927129731, 32.945656856506567 ], [ 131.321279281050238, 32.945433403733787 ], [ 131.32226730096815, 32.944815625193598 ], [ 131.323820715358011, 32.944416119485716 ], [ 131.324430330156616, 32.943656485800005 ], [ 131.326512153952933, 32.942867386159683 ], [ 131.330284785671296, 32.94381172431136 ], [ 131.330708445998312, 32.943180195079478 ], [ 131.331745071005514, 32.942703547796029 ], [ 131.331824575710527, 32.941893992488502 ], [ 131.331684987310553, 32.941733220345448 ], [ 131.330580716831548, 32.941435830745476 ], [ 131.329512897729984, 32.941592447538646 ], [ 131.329070999074929, 32.941316762045361 ], [ 131.330181496426405, 32.938881954833178 ], [ 131.330267158765963, 32.938040641507506 ], [ 131.325771990247347, 32.937707127438983 ], [ 131.32690366848027, 32.938489050948661 ], [ 131.32551158130633, 32.939277525850081 ], [ 131.324170875708319, 32.939045361097484 ], [ 131.323306706873751, 32.939238536568446 ], [ 131.323180732191503, 32.939042888566512 ], [ 131.322584519600127, 32.939114767559019 ], [ 131.32221992500709, 32.938909690631384 ], [ 131.321713587568553, 32.939086863032045 ], [ 131.320949684265486, 32.93896822049016 ], [ 131.320469935157377, 32.939077490431345 ], [ 131.319931748658036, 32.938696966414696 ], [ 131.31886097377722, 32.938662014885914 ], [ 131.317136356151792, 32.937588534252782 ], [ 131.316458752432567, 32.937416888315802 ], [ 131.315818477358164, 32.936830584086998 ], [ 131.315397032396419, 32.936736132992998 ], [ 131.315220080162305, 32.936369647064154 ], [ 131.314491004462809, 32.935694381547002 ], [ 131.31387424641207, 32.935476984494784 ], [ 131.313624407366348, 32.934907959706621 ], [ 131.311927465466169, 32.934743935357467 ], [ 131.311276407513105, 32.934348216509463 ], [ 131.309289451873582, 32.933967816049552 ], [ 131.308779254688915, 32.935870789035604 ], [ 131.308121247180168, 32.936241364702525 ], [ 131.308364273406482, 32.936930026933396 ], [ 131.308203115672228, 32.93764400985318 ], [ 131.307353546012081, 32.9382907553343 ], [ 131.306068568809508, 32.939781024263915 ], [ 131.306013415165097, 32.940683855699397 ], [ 131.306938016295135, 32.94090065540702 ], [ 131.306134849312173, 32.941170702284523 ], [ 131.305955749271874, 32.94181970960954 ], [ 131.305305018392175, 32.942631288465229 ], [ 131.305163656975793, 32.943311909060938 ], [ 131.305348199282719, 32.944236743079763 ], [ 131.30530017276547, 32.945190974591718 ], [ 131.304589243399931, 32.945423305026438 ], [ 131.303749630954002, 32.946047962931821 ], [ 131.302740994734052, 32.946283885109992 ], [ 131.302516373587991, 32.946641859319044 ], [ 131.300198099989245, 32.947154767667044 ], [ 131.299487322992519, 32.947484495847647 ], [ 131.301666033576282, 32.948279526098055 ], [ 131.302789166210033, 32.948151690119538 ], [ 131.30503147879034, 32.948284758838611 ], [ 131.305636769509107, 32.948605008534521 ], [ 131.306155941702599, 32.948541182304744 ], [ 131.306880796755053, 32.948186386390191 ] ] ] } },
{ "type": "Feature", "properties": { "CITY_NAME": "竹田市", "S_NAME": "荻町高城", "JINKO": 649, "medical_area": "44_豊肥医療圏", "町丁目名": "竹田市荻町高城" }, "geometry": { "type": "Polygon", "coordinates": [ [ [ 131.32551158130633, 32.939277525850081 ], [ 131.32690366848027, 32.938489050948661 ], [ 131.325771990247347, 32.937707127438983 ], [ 131.330267158765963, 32.938040641507506 ], [ 131.329620798255007, 32.936602517946547 ], [ 131.329839723188343, 32.93588252250867 ], [ 131.329394471600921, 32.93531907948249 ], [ 131.329305766219846, 32.934713728139826 ], [ 131.329584532813897, 32.934102855015773 ], [ 131.330776975826012, 32.933571531826765 ], [ 131.331205036475154, 32.933144671318281 ], [ 131.331730912315692, 32.932137002997784 ], [ 131.333242045710904, 32.931577490262448 ], [ 131.332981664280084, 32.931314093153432 ], [ 131.333394313024712, 32.931105825297642 ], [ 131.333573273537951, 32.929825862518875 ], [ 131.3342052267285, 32.929015978762578 ], [ 131.334507632713127, 32.927072728326252 ], [ 131.331741989665176, 32.926902055056559 ], [ 131.330900169963428, 32.926426258199349 ], [ 131.330037723513925, 32.926293132104441 ], [ 131.328904910485164, 32.925712419561492 ], [ 131.329013161220502, 32.924905924233819 ], [ 131.32838472715386, 32.924339416178668 ], [ 131.328532983980125, 32.923909750181963 ], [ 131.328216426329476, 32.923397974002604 ], [ 131.328838038225143, 32.921222302236188 ], [ 131.327711798281683, 32.92097194181919 ], [ 131.326762456038523, 32.919813183296682 ], [ 131.326063281024432, 32.91958333122448 ], [ 131.322515832849746, 32.91937472635577 ], [ 131.322239692808637, 32.919041820890165 ], [ 131.322537309933551, 32.918468802412498 ], [ 131.322387184718394, 32.918010474732498 ], [ 131.32161885392523, 32.918420200255319 ], [ 131.320558651745472, 32.917947990717359 ], [ 131.319656779064275, 32.917922501427185 ], [ 131.318388160012404, 32.917594451404575 ], [ 131.317356177966985, 32.91809286892277 ], [ 131.316009474278644, 32.917449905237625 ], [ 131.315430364535644, 32.917731699377256 ], [ 131.314492165568311, 32.917541776637854 ], [ 131.313519177185924, 32.917618366559125 ], [ 131.312073796923016, 32.918620503246963 ], [ 131.30935917978826, 32.919123057899618 ], [ 131.308695147143112, 32.919504650665651 ], [ 131.308029621896623, 32.919450693488741 ], [ 131.306561682734809, 32.918724538591988 ], [ 131.305712112611957, 32.918715035638897 ], [ 131.304346278577384, 32.91889213048217 ], [ 131.303709443874936, 32.919190234151912 ], [ 131.303671718319322, 32.919412733789038 ], [ 131.303444738504453, 32.919539104388384 ], [ 131.302139833405846, 32.919270507659803 ], [ 131.300994677222945, 32.919664806779366 ], [ 131.299782057279856, 32.919619074282608 ], [ 131.298423829194491, 32.920430878700671 ], [ 131.297846124296768, 32.920330327486532 ], [ 131.296304142088758, 32.919634330419335 ], [ 131.293533791074594, 32.919110306105317 ], [ 131.293558453296271, 32.91947554170774 ], [ 131.294844893111502, 32.919664188489783 ], [ 131.295748798160133, 32.919973035203292 ], [ 131.298137009887654, 32.921314904506985 ], [ 131.298170750293792, 32.922380717919552 ], [ 131.29923212130916, 32.923254361593791 ], [ 131.29881249023731, 32.924084618094405 ], [ 131.302313984389087, 32.924221279072761 ], [ 131.300227590441011, 32.925444266359435 ], [ 131.301278349612403, 32.925563205647997 ], [ 131.304435967749953, 32.925183300760679 ], [ 131.305105277951611, 32.925390798353241 ], [ 131.306137511364625, 32.926149737329794 ], [ 131.306843932838319, 32.926391074548597 ], [ 131.306794959883149, 32.926832227305816 ], [ 131.306003196858057, 32.926528811179288 ], [ 131.305771491599245, 32.927008859642967 ], [ 131.306158095415924, 32.928207135020905 ], [ 131.307847408829758, 32.929347187883998 ], [ 131.308405527178451, 32.929561980409481 ], [ 131.309232072318281, 32.929588595330181 ], [ 131.311775142133911, 32.931207087943875 ], [ 131.308830670996969, 32.932663560840645 ], [ 131.30924713150398, 32.933408560247472 ], [ 131.309289451873582, 32.933967816049552 ], [ 131.311276407513105, 32.934348216509463 ], [ 131.311927465466169, 32.934743935357467 ], [ 131.313624407366348, 32.934907959706621 ], [ 131.31387424641207, 32.935476984494784 ], [ 131.314491004462809, 32.935694381547002 ], [ 131.315220080162305, 32.936369647064154 ], [ 131.315397032396419, 32.936736132992998 ], [ 131.315740765478864, 32.936785560109364 ], [ 131.316458752432567, 32.937416888315802 ], [ 131.317136356151792, 32.937588534252782 ], [ 131.31886097377722, 32.938662014885914 ], [ 131.319931748658036, 32.938696966414696 ], [ 131.320469935157377, 32.939077490431345 ], [ 131.320949684265486, 32.93896822049016 ], [ 131.321713587568553, 32.939086863032045 ], [ 131.32221992500709, 32.938909690631384 ], [ 131.322584519600127, 32.939114767559019 ], [ 131.323180732191503, 32.939042888566512 ], [ 131.323306706873751, 32.939238536568446 ], [ 131.324170875708319, 32.939045361097484 ], [ 131.32551158130633, 32.939277525850081 ] ] ] } },
{ "type": "Feature", "properties": { "CITY_NAME": "竹田市", "S_NAME": "荻町馬背野", "JINKO": 85, "medical_area": "44_豊肥医療圏", "町丁目名": "竹田市荻町馬背野" }, "geometry": { "type": "Polygon", "coordinates": [ [ [ 131.334348033764172, 32.937283131554764 ], [ 131.3346819625244, 32.937169483637 ], [ 131.334982912716981, 32.936189433223291 ], [ 131.335708855510973, 32.93570880053862 ], [ 131.336135000985365, 32.935752541039051 ], [ 131.33594931215714, 32.936265918340133 ], [ 131.337749808066434, 32.937318900978219 ], [ 131.33878862067246, 32.937429362639811 ], [ 131.339382555058478, 32.93858387024472 ], [ 131.340983335484736, 32.938438482681818 ], [ 131.342137467299949, 32.936816107744519 ], [ 131.342348020025838, 32.936233242706471 ], [ 131.342359821506847, 32.934782977763234 ], [ 131.342870814666526, 32.934400707900735 ], [ 131.343183497860878, 32.9343998529733 ], [ 131.343487757454767, 32.934472272328897 ], [ 131.343854929590037, 32.935086511036374 ], [ 131.344004515307574, 32.936708459254639 ], [ 131.343780643616725, 32.937214454604963 ], [ 131.343817612134586, 32.937792987566652 ], [ 131.344461496087092, 32.938084187481493 ], [ 131.344669547727307, 32.938369444545479 ], [ 131.346538322459537, 32.938595496205643 ], [ 131.347136929949983, 32.938290385317437 ], [ 131.347271079917761, 32.937538592494306 ], [ 131.346994647589838, 32.936961349340244 ], [ 131.346218027133034, 32.935547351518011 ], [ 131.345573802230177, 32.935137286024798 ], [ 131.347866314155709, 32.934177216843622 ], [ 131.349578629513616, 32.933854550880199 ], [ 131.349648198925422, 32.932467501883067 ], [ 131.346341256690494, 32.930898827320874 ], [ 131.34563307297708, 32.930279362887262 ], [ 131.345719100106976, 32.927408687409496 ], [ 131.345451035668503, 32.926001681292028 ], [ 131.345955633776242, 32.924663024748867 ], [ 131.344997407398722, 32.924820708218498 ], [ 131.344232956920564, 32.924665207887436 ], [ 131.343195543711772, 32.92402356708763 ], [ 131.343045579124521, 32.923681935083295 ], [ 131.343583063951314, 32.922482066819221 ], [ 131.344358022030576, 32.921915476036126 ], [ 131.34483299988247, 32.921207234389556 ], [ 131.34469554069625, 32.920773938768356 ], [ 131.344012010343221, 32.920354586044184 ], [ 131.341999756785071, 32.921525601331162 ], [ 131.341510281122396, 32.921531416950906 ], [ 131.34084364231893, 32.92112524489719 ], [ 131.340563960480381, 32.921726770631054 ], [ 131.340287934218736, 32.921897879979262 ], [ 131.338719495181095, 32.921505349575462 ], [ 131.337314112284758, 32.922013505470062 ], [ 131.335688075178581, 32.921157072434497 ], [ 131.334012786710588, 32.92063475380953 ], [ 131.330331783138973, 32.921579280729901 ], [ 131.328838038225143, 32.921222302236188 ], [ 131.328216426329476, 32.923397974002604 ], [ 131.328532983980125, 32.923909750181963 ], [ 131.32838472715386, 32.924339416178668 ], [ 131.329013161220502, 32.924905924233819 ], [ 131.328904910485164, 32.925712419561492 ], [ 131.330037723513925, 32.926293132104441 ], [ 131.330900169963428, 32.926426258199349 ], [ 131.331741989665176, 32.926902055056559 ], [ 131.334507632713127, 32.927072728326252 ], [ 131.3342052267285, 32.929015978762578 ], [ 131.333573273537951, 32.929825862518875 ], [ 131.333394313024712, 32.931105825297642 ], [ 131.332981664280084, 32.931314093153432 ], [ 131.333242045710904, 32.931577490262448 ], [ 131.331730912315692, 32.932137002997784 ], [ 131.331205036475154, 32.933144671318281 ], [ 131.330776975826012, 32.933571531826765 ], [ 131.329503878956018, 32.934212341167886 ], [ 131.329323587716289, 32.935150793813669 ], [ 131.329839723188343, 32.93588252250867 ], [ 131.329620798255007, 32.936602517946547 ], [ 131.330267158765963, 32.938040641507506 ], [ 131.330363047429444, 32.937792511147549 ], [ 131.331191028082003, 32.937383824313955 ], [ 131.332015903722237, 32.937308402439214 ], [ 131.33312055297236, 32.938241639124577 ], [ 131.333370412490837, 32.938946188120958 ], [ 131.33361587236999, 32.938810897860165 ], [ 131.334348033764172, 32.937283131554764 ] ] ] } },
{ "type": "Feature", "properties": { "CITY_NAME": "竹田市", "S_NAME": "荻町高練木", "JINKO": 709, "medical_area": "44_豊肥医療圏", "町丁目名": "竹田市荻町高練木" }, "geometry": { "type": "Polygon", "coordinates": [ [ [ 131.338474868328319, 32.921537395243817 ], [ 131.339092077671353, 32.921540211354632 ], [ 131.340287934218736, 32.921897879979262 ], [ 131.340563960480381, 32.921726770631054 ], [ 131.34084364231893, 32.92112524489719 ], [ 131.341510281122396, 32.921531416950906 ], [ 131.341999756785071, 32.921525601331162 ], [ 131.344012010343221, 32.920354586044184 ], [ 131.341275090934317, 32.918898632358243 ], [ 131.34035628123317, 32.91775571055512 ], [ 131.339063777981494, 32.917019998383381 ], [ 131.338442015517614, 32.916079372247168 ], [ 131.337499783343446, 32.915515860478585 ], [ 131.33748461203794, 32.915159620031375 ], [ 131.338078297393366, 32.9144288116957 ], [ 131.338100876446418, 32.914139063667989 ], [ 131.337512802371236, 32.913737753720596 ], [ 131.336013701495176, 32.913179048899835 ], [ 131.335297789931332, 32.912395159708588 ], [ 131.335391234477356, 32.912035298595121 ], [ 131.336101773939276, 32.911400742003416 ], [ 131.336258292954028, 32.911007414616591 ], [ 131.335908841616344, 32.909989456349727 ], [ 131.335300653251011, 32.909481640562632 ], [ 131.333639813714427, 32.908953309300905 ], [ 131.332873134260922, 32.908302717728063 ], [ 131.331618825784346, 32.907693357582808 ], [ 131.33135427326684, 32.907181286632117 ], [ 131.331608790047625, 32.906058504323283 ], [ 131.331289703184268, 32.905220256758021 ], [ 131.33067302795294, 32.905072044157947 ], [ 131.329134685906553, 32.906131605170714 ], [ 131.327903080251644, 32.906314637709066 ], [ 131.327429998365659, 32.906009546029509 ], [ 131.327021459589645, 32.90500172297979 ], [ 131.326416308505344, 32.904760227437635 ], [ 131.324276998747848, 32.904579316106897 ], [ 131.322733905348827, 32.904899619572966 ], [ 131.322259632247636, 32.904807609951973 ], [ 131.32200154947148, 32.904435355406846 ], [ 131.322134623242363, 32.903552641513564 ], [ 131.321784798913882, 32.902924231699053 ], [ 131.321242981726385, 32.902719185125711 ], [ 131.319261909334386, 32.902601054723085 ], [ 131.319000153400111, 32.902298730977691 ], [ 131.318588986662263, 32.899972313586652 ], [ 131.318127206325528, 32.899500674991693 ], [ 131.317836188432608, 32.898735588251469 ], [ 131.317768068425153, 32.897913327313034 ], [ 131.317390367776682, 32.897205050254129 ], [ 131.316101474452864, 32.897348160890566 ], [ 131.314315963837487, 32.896660098048933 ], [ 131.312928695041734, 32.897466030124171 ], [ 131.312612542953275, 32.897406885907998 ], [ 131.312366568449391, 32.897087857524646 ], [ 131.312551141431982, 32.896231658446894 ], [ 131.312467491005066, 32.896025438425077 ], [ 131.310740266037982, 32.895047488239051 ], [ 131.310128225977849, 32.89450626198883 ], [ 131.308813932091653, 32.894722608719057 ], [ 131.307779835773403, 32.8954543680276 ], [ 131.306357344244361, 32.89522478195962 ], [ 131.305789216310757, 32.89480662576571 ], [ 131.305804750127464, 32.893577915203878 ], [ 131.305705212833402, 32.893341749740834 ], [ 131.305368933100453, 32.89316608896906 ], [ 131.304939254303321, 32.893386901257138 ], [ 131.304324668206363, 32.894397305425819 ], [ 131.30397805120279, 32.894661196543439 ], [ 131.301709723619325, 32.894786549951263 ], [ 131.300720149657394, 32.895275071726701 ], [ 131.300186665550257, 32.895173133120416 ], [ 131.299646006173873, 32.894694953470896 ], [ 131.298678131414391, 32.894597366429402 ], [ 131.298125551427916, 32.894251850280696 ], [ 131.297374759959069, 32.893358482381238 ], [ 131.297008967959471, 32.893135056811118 ], [ 131.295003478823133, 32.892794699345941 ], [ 131.29435102774903, 32.892529853562309 ], [ 131.293457098619626, 32.891483072649116 ], [ 131.293147456959673, 32.889485901047742 ], [ 131.291774871938657, 32.889682281885513 ], [ 131.290966733749144, 32.88949770061226 ], [ 131.289696898654114, 32.888801392469823 ], [ 131.289884820367064, 32.887695492908627 ], [ 131.289342027918167, 32.887137352328949 ], [ 131.286326009894339, 32.886158676623069 ], [ 131.285109898963555, 32.886184751671202 ], [ 131.284615880359041, 32.886042686972402 ], [ 131.284225538540113, 32.885594053024157 ], [ 131.284227497642121, 32.884964716410394 ], [ 131.281468750579819, 32.882200524409939 ], [ 131.279199717841465, 32.88132648480584 ], [ 131.278760026004619, 32.881507265288143 ], [ 131.278543963546753, 32.881864026537492 ], [ 131.27721894541682, 32.882386371581092 ], [ 131.276332504081978, 32.88237166587632 ], [ 131.275715650134572, 32.882079991508661 ], [ 131.275572340570619, 32.881690721056124 ], [ 131.275311197295366, 32.881511487379861 ], [ 131.274055732832835, 32.881944753275953 ], [ 131.273296183201836, 32.881659902284049 ], [ 131.272892973151301, 32.881796005036449 ], [ 131.27246367736717, 32.881431520460374 ], [ 131.271909248599428, 32.881399855620131 ], [ 131.271213723560578, 32.880857907037331 ], [ 131.269970062436926, 32.881137203644634 ], [ 131.268495154058286, 32.88069139940729 ], [ 131.267510476307251, 32.880615170761914 ], [ 131.267082442540868, 32.880339402802512 ], [ 131.266857614924191, 32.879682149858674 ], [ 131.266665238322133, 32.879531177690268 ], [ 131.26423055310724, 32.87904034282041 ], [ 131.263871657715072, 32.879114153281947 ], [ 131.261129459482333, 32.881236237460989 ], [ 131.260228135175566, 32.882315682637433 ], [ 131.259178547280186, 32.88427991890056 ], [ 131.259070440197831, 32.884894349272273 ], [ 131.258721477414554, 32.885194859250127 ], [ 131.258766648469532, 32.885821175065388 ], [ 131.258019774196526, 32.886417341353976 ], [ 131.258482670637562, 32.886880980560179 ], [ 131.257398277265168, 32.888132379503332 ], [ 131.25579571679566, 32.891798067592923 ], [ 131.255258141881171, 32.893601651040733 ], [ 131.254565157751244, 32.894930970783967 ], [ 131.25360460158231, 32.896252296343221 ], [ 131.253294466921261, 32.898144785254644 ], [ 131.25410631684457, 32.899513667319169 ], [ 131.254551303827157, 32.901483395312098 ], [ 131.254267734139233, 32.903822737651993 ], [ 131.254506916386958, 32.907492152350059 ], [ 131.253771958014823, 32.908830175773097 ], [ 131.255687129701869, 32.907906515903413 ], [ 131.256596603076133, 32.907854760485094 ], [ 131.25774928353573, 32.908138853364648 ], [ 131.258794984060671, 32.908772722927473 ], [ 131.260164232510817, 32.90921498024889 ], [ 131.261445597158399, 32.909979055965742 ], [ 131.262735226631747, 32.910002840518203 ], [ 131.263429400545164, 32.91089862056846 ], [ 131.264693068459678, 32.911225319203204 ], [ 131.265530063246018, 32.911225326784837 ], [ 131.266468623997667, 32.912167994356629 ], [ 131.266653688081703, 32.912845317869497 ], [ 131.268511786613061, 32.914024624405499 ], [ 131.26972439578455, 32.914378462336693 ], [ 131.271238149149298, 32.915185793146691 ], [ 131.272015226211153, 32.915310452964754 ], [ 131.272598792939903, 32.915103390173726 ], [ 131.273722337516034, 32.91567512670396 ], [ 131.275212926563, 32.917006600206172 ], [ 131.276062868018329, 32.91738564171002 ], [ 131.276914487975375, 32.918032559367347 ], [ 131.277785048339098, 32.918003932991567 ], [ 131.278783441462423, 32.917345590306418 ], [ 131.279253527110711, 32.917315295115479 ], [ 131.279710470597706, 32.917037431903609 ], [ 131.280759357463495, 32.917026618970418 ], [ 131.281918338396167, 32.917522136384974 ], [ 131.283671496909733, 32.918884458821523 ], [ 131.28523381996294, 32.919137374793323 ], [ 131.286081170710048, 32.919455515795775 ], [ 131.287007296006891, 32.920096132373992 ], [ 131.288361034888453, 32.920412736038067 ], [ 131.291100163373102, 32.919801739709136 ], [ 131.291909569249015, 32.919301745851648 ], [ 131.292986548708996, 32.919072194881302 ], [ 131.296304142088758, 32.919634330419335 ], [ 131.298286411683364, 32.920440480835232 ], [ 131.299038808686561, 32.920165301715649 ], [ 131.299782057279856, 32.919619074282608 ], [ 131.300994677222945, 32.919664806779366 ], [ 131.302139833405846, 32.919270507659803 ], [ 131.303444738504453, 32.919539104388384 ], [ 131.303671718319322, 32.919412733789038 ], [ 131.303709443874936, 32.919190234151912 ], [ 131.304346278577384, 32.91889213048217 ], [ 131.305712112611957, 32.918715035638897 ], [ 131.306561682734809, 32.918724538591988 ], [ 131.308029621896623, 32.919450693488741 ], [ 131.308695147143112, 32.919504650665651 ], [ 131.30935917978826, 32.919123057899618 ], [ 131.312073796923016, 32.918620503246963 ], [ 131.313519177185924, 32.917618366559125 ], [ 131.314492165568311, 32.917541776637854 ], [ 131.315430364535644, 32.917731699377256 ], [ 131.316009474278644, 32.917449905237625 ], [ 131.317356177966985, 32.91809286892277 ], [ 131.318388160012404, 32.917594451404575 ], [ 131.319656779064275, 32.917922501427185 ], [ 131.320558651745472, 32.917947990717359 ], [ 131.32161885392523, 32.918420200255319 ], [ 131.322387184718394, 32.918010474732498 ], [ 131.322537309933551, 32.918468802412498 ], [ 131.322239692808637, 32.919041820890165 ], [ 131.322515832849746, 32.91937472635577 ], [ 131.326470568143861, 32.919684205995054 ], [ 131.326905895379213, 32.919937915216906 ], [ 131.327711798281683, 32.92097194181919 ], [ 131.33004978538392, 32.921575532571822 ], [ 131.331086804838293, 32.921442788814758 ], [ 131.334012786710588, 32.92063475380953 ], [ 131.335688075178581, 32.921157072434497 ], [ 131.337314112284758, 32.922013505470062 ], [ 131.338474868328319, 32.921537395243817 ] ] ] } },
{ "type": "Feature", "properties": { "CITY_NAME": "竹田市", "S_NAME": "久住町大字白丹", "JINKO": 739, "medical_area": "44_豊肥医療圏", "町丁目名": "竹田市久住町大字白丹" }, "geometry": { "type": "Polygon", "coordinates": [ [ [ 131.200439853138477, 33.073140936818177 ], [ 131.202234009297285, 33.072934922571108 ], [ 131.202852951922068, 33.072078237235381 ], [ 131.205453533784635, 33.07056597574401 ], [ 131.208680150038987, 33.068050375747646 ], [ 131.211026389495714, 33.067497811407428 ], [ 131.211385182948817, 33.06711387917872 ], [ 131.211407891415405, 33.066573110062315 ], [ 131.211728186999494, 33.066132740797293 ], [ 131.211537664925345, 33.065673032429792 ], [ 131.211666547536765, 33.065406498194783 ], [ 131.213130282325551, 33.064847237584061 ], [ 131.213484437733428, 33.064539978279569 ], [ 131.214244601656162, 33.063562210511201 ], [ 131.214706701213373, 33.0622701796554 ], [ 131.215295085776575, 33.061663938412799 ], [ 131.21732591760059, 33.060692194525252 ], [ 131.217880990912846, 33.060215144255196 ], [ 131.218611217365321, 33.058825911402231 ], [ 131.219501787361423, 33.056371180614114 ], [ 131.220802643692082, 33.055029408486448 ], [ 131.222300206542656, 33.05374378454372 ], [ 131.224402603567256, 33.052699110121246 ], [ 131.225498425054866, 33.051809507311511 ], [ 131.22681107882903, 33.051339119712935 ], [ 131.227499509765607, 33.051330750559494 ], [ 131.227773909293688, 33.051107130116087 ], [ 131.227871306843753, 33.050797063340603 ], [ 131.227571499473555, 33.049756359667974 ], [ 131.22819454969553, 33.049532107349286 ], [ 131.228480471608833, 33.049015105284177 ], [ 131.227963536286552, 33.04850367368725 ], [ 131.228296687370715, 33.048213842169325 ], [ 131.22903819733375, 33.048229023718577 ], [ 131.228764118661701, 33.047638648167819 ], [ 131.229299094855293, 33.047542643056907 ], [ 131.229437966079672, 33.047133324185829 ], [ 131.230022281699235, 33.047128125804903 ], [ 131.230193528324548, 33.046896415359569 ], [ 131.230228319346253, 33.046115419317211 ], [ 131.231059797013614, 33.04580399117669 ], [ 131.231118237462766, 33.045626213485207 ], [ 131.230457704989931, 33.044648131904353 ], [ 131.230849245473109, 33.044151562043361 ], [ 131.231138921008949, 33.044138629277356 ], [ 131.231128645739858, 33.043022969856864 ], [ 131.233223208412596, 33.041132961993739 ], [ 131.233565007853628, 33.040964151124278 ], [ 131.234203882232208, 33.040977699840447 ], [ 131.234465827588338, 33.040756271839832 ], [ 131.233963037416117, 33.042009199233654 ], [ 131.234076372842537, 33.042951679131747 ], [ 131.233571152608647, 33.043298752202631 ], [ 131.233605838156052, 33.043733204735183 ], [ 131.236510757269741, 33.044591870992711 ], [ 131.238172723107141, 33.045342360769403 ], [ 131.239284766039219, 33.045546430157934 ], [ 131.240252153916941, 33.045662401036125 ], [ 131.242865996906062, 33.04510253766712 ], [ 131.243567311049901, 33.04447271421683 ], [ 131.244261123276459, 33.043234089244351 ], [ 131.245005126374878, 33.041165608742517 ], [ 131.246043283456942, 33.038944337352049 ], [ 131.247551617469497, 33.037253767497489 ], [ 131.24650681425959, 33.036767084787073 ], [ 131.248053397255205, 33.036755426037551 ], [ 131.248575306873988, 33.036591918483701 ], [ 131.249446259330341, 33.035547354531793 ], [ 131.249802218759044, 33.035326309267489 ], [ 131.250379849782433, 33.034478014074296 ], [ 131.251399542900543, 33.033533856587994 ], [ 131.253042845500232, 33.032846747475681 ], [ 131.253521329691409, 33.032857159707191 ], [ 131.254988431646893, 33.032124802430992 ], [ 131.255145425082247, 33.031786390365149 ], [ 131.256140256284624, 33.030857447329367 ], [ 131.256179034179269, 33.030226772879473 ], [ 131.256688991429058, 33.029416586346585 ], [ 131.256601703184714, 33.028892534861669 ], [ 131.257056897650671, 33.028667471161782 ], [ 131.256881551607336, 33.028117004364503 ], [ 131.257260142843279, 33.027930075722942 ], [ 131.257635382798128, 33.0273670772728 ], [ 131.259764044082658, 33.026800437783585 ], [ 131.260351977846057, 33.026438323900791 ], [ 131.260979596014835, 33.026535792503537 ], [ 131.261527397522144, 33.026344712044335 ], [ 131.262103393733554, 33.025762290510158 ], [ 131.262958784463336, 33.025813687032013 ], [ 131.263174253621457, 33.025418159939285 ], [ 131.264493666247262, 33.025183659923087 ], [ 131.265676174817315, 33.024440406084025 ], [ 131.266919531467892, 33.02443777095889 ], [ 131.267198128227164, 33.024030703853477 ], [ 131.26818995176194, 33.023675304539587 ], [ 131.268337860468705, 33.023340704238116 ], [ 131.26903770413432, 33.02269341478636 ], [ 131.270750412585102, 33.022697331260638 ], [ 131.271300810632226, 33.02189080257638 ], [ 131.273246990409859, 33.020765956229738 ], [ 131.273905523098932, 33.020646764494344 ], [ 131.273608569299455, 33.020210548860902 ], [ 131.273752391685235, 33.020016500740866 ], [ 131.274667958518336, 33.019835965115384 ], [ 131.275388707225972, 33.020138299955697 ], [ 131.275798677380038, 33.019909470768347 ], [ 131.275924182411018, 33.019635675781217 ], [ 131.275558624170856, 33.01903565256714 ], [ 131.276115764140997, 33.018645637376025 ], [ 131.276812627469695, 33.0185358299847 ], [ 131.276884110314086, 33.018021375288797 ], [ 131.277224358979055, 33.017454647187975 ], [ 131.278499095701591, 33.017058112586675 ], [ 131.27863640170591, 33.016090722037546 ], [ 131.279933027592449, 33.016154286793274 ], [ 131.280437683379517, 33.01581849027577 ], [ 131.281026782773068, 33.015844246357616 ], [ 131.281365071355054, 33.015594947529536 ], [ 131.281616351897839, 33.015094846964899 ], [ 131.282330888728438, 33.015039109504848 ], [ 131.282459502475035, 33.014581115984541 ], [ 131.282663622511876, 33.014425629527999 ], [ 131.283187555898365, 33.014183292297268 ], [ 131.284229434828916, 33.014116957406756 ], [ 131.285187995909212, 33.013135386063503 ], [ 131.284708045637672, 33.012506512921462 ], [ 131.284605775802873, 33.012061339621333 ], [ 131.285532127592404, 33.011525234214865 ], [ 131.285595819379864, 33.010880359120527 ], [ 131.286126508239533, 33.010025245548171 ], [ 131.286896831741899, 33.009607595469873 ], [ 131.287957414643159, 33.009469787499377 ], [ 131.28828761454028, 33.00898916891235 ], [ 131.28833895667654, 33.008358662254793 ], [ 131.288852876737991, 33.007540923858492 ], [ 131.289335644919987, 33.007244500364202 ], [ 131.289611704708534, 33.006749243627269 ], [ 131.290484797950342, 33.006491286755747 ], [ 131.291347966116973, 33.005883914637558 ], [ 131.291876500795411, 33.005730110878446 ], [ 131.292136501201355, 33.004806711322125 ], [ 131.291762869860889, 33.004059511652059 ], [ 131.291867022799124, 33.00373444376698 ], [ 131.293047758365304, 33.003273969239608 ], [ 131.294110132333856, 33.001942659621477 ], [ 131.294387759053222, 33.00193462612264 ], [ 131.295237184525973, 33.002491203884169 ], [ 131.295438789097346, 33.002468577078695 ], [ 131.298176615038614, 33.001015448553339 ], [ 131.298811894146638, 33.000271005307539 ], [ 131.2999840694211, 33.000212859039657 ], [ 131.30028322398033, 32.999927617983538 ], [ 131.300093288185167, 32.999232582982678 ], [ 131.300204930548944, 32.998963603074486 ], [ 131.302041720649783, 32.998532373929585 ], [ 131.302658020762664, 32.997740544237004 ], [ 131.303689613879953, 32.997722222706464 ], [ 131.303895511875396, 32.997595273135595 ], [ 131.304097943375581, 32.996456697325605 ], [ 131.303214356462689, 32.995874007033137 ], [ 131.303869116911812, 32.995366596920135 ], [ 131.303943174605024, 32.995081898058615 ], [ 131.303452415900267, 32.994182117219438 ], [ 131.30326475379411, 32.994150957265447 ], [ 131.301543343131669, 32.995388059957556 ], [ 131.301168425393911, 32.99545219133509 ], [ 131.300343181866054, 32.995469993057633 ], [ 131.298447154282371, 32.995000353989013 ], [ 131.297742786665992, 32.994709612756296 ], [ 131.295824691880171, 32.993228345219507 ], [ 131.29540979766756, 32.992549641508106 ], [ 131.295367391340335, 32.991079717561199 ], [ 131.294953666869617, 32.990748752420537 ], [ 131.294560159249926, 32.990860328623853 ], [ 131.294242588547235, 32.991240437347656 ], [ 131.293068070998714, 32.993392922999902 ], [ 131.291962548824245, 32.993727449154733 ], [ 131.290725005774647, 32.993840987055293 ], [ 131.289176874681715, 32.993615387994801 ], [ 131.288108386404389, 32.993807539954894 ], [ 131.287714161855064, 32.993697802052921 ], [ 131.286867878840638, 32.993004252100086 ], [ 131.285780902280777, 32.993275466713662 ], [ 131.28495852083546, 32.994178334350295 ], [ 131.283383390684975, 32.994308362407892 ], [ 131.283007942200811, 32.994214372066033 ], [ 131.282913011694347, 32.993851033204649 ], [ 131.283091953870752, 32.992832038763495 ], [ 131.28299339355965, 32.992674250554771 ], [ 131.282477767465394, 32.992634890803657 ], [ 131.28167221885144, 32.992937036304568 ], [ 131.280790471017554, 32.992875794853532 ], [ 131.280341070271533, 32.993113899918399 ], [ 131.279790018499995, 32.993834352113019 ], [ 131.275187243489142, 32.991410299022917 ], [ 131.273154590238931, 32.989106938965101 ], [ 131.272424979828799, 32.986634759549808 ], [ 131.270578392690993, 32.983872742381777 ], [ 131.268854898050989, 32.982855049064625 ], [ 131.267674995512266, 32.983205961528483 ], [ 131.265408424062514, 32.983031320345674 ], [ 131.26226187872561, 32.983713204575785 ], [ 131.260787059505617, 32.983113043139504 ], [ 131.258927786844737, 32.982966129770404 ], [ 131.258126100329633, 32.982170586782104 ], [ 131.256630617038013, 32.982504072674729 ], [ 131.255885730931027, 32.982914999249793 ], [ 131.254758343046745, 32.983017880466335 ], [ 131.253625269611746, 32.983364955097585 ], [ 131.252716617192903, 32.983930628317196 ], [ 131.25252896769581, 32.983905872510356 ], [ 131.252079426681121, 32.983242427621612 ], [ 131.251426365871623, 32.982963647574422 ], [ 131.250432316325885, 32.98348638573195 ], [ 131.249302301431527, 32.983416842247678 ], [ 131.246962766876209, 32.983757103352666 ], [ 131.246203167071656, 32.985128395444725 ], [ 131.246466000674843, 32.986174024427555 ], [ 131.246079531603471, 32.98715163015963 ], [ 131.24608748874391, 32.988064431350026 ], [ 131.246771487134311, 32.989321673307124 ], [ 131.247337262028168, 32.989910854717721 ], [ 131.247549988489368, 32.990918024193086 ], [ 131.248051911439291, 32.991220473735538 ], [ 131.247895483527543, 32.99207982819987 ], [ 131.248125854435187, 32.993334470683848 ], [ 131.248492374648663, 32.993805278539838 ], [ 131.249082497256495, 32.994152647962252 ], [ 131.249168042956967, 32.994586210549279 ], [ 131.247858360204305, 32.995938945161349 ], [ 131.247496253755145, 32.995963901196603 ], [ 131.247087124723976, 32.996304976834885 ], [ 131.245828820017323, 32.997918952955416 ], [ 131.244991774751497, 32.99803117102077 ], [ 131.243785949894857, 32.999485055474864 ], [ 131.243015980023557, 33.000109786092196 ], [ 131.242062404682088, 33.000349366567882 ], [ 131.240711433605384, 33.000372295752904 ], [ 131.240337166757769, 33.000606722550771 ], [ 131.239435924303024, 33.002252922998601 ], [ 131.238757494961845, 33.002549435528941 ], [ 131.23817410271883, 33.003813682989424 ], [ 131.236447058446686, 33.005334309517053 ], [ 131.236824675271436, 33.006233753276824 ], [ 131.235548441900477, 33.008234457970381 ], [ 131.234662361339048, 33.009122244284164 ], [ 131.234243759186285, 33.00927325202472 ], [ 131.23366574310495, 33.009086162860712 ], [ 131.233173229735513, 33.009228194035586 ], [ 131.232806375138637, 33.009527793105853 ], [ 131.230879258972152, 33.010324903682864 ], [ 131.228696033457425, 33.010315214069308 ], [ 131.22812621879774, 33.010595630254656 ], [ 131.227982264471024, 33.011036412233047 ], [ 131.228284776080528, 33.011802576425453 ], [ 131.227884302891312, 33.01232863586133 ], [ 131.225959895784854, 33.013553093843285 ], [ 131.22575083503483, 33.014223138752705 ], [ 131.22583808251153, 33.014861898148503 ], [ 131.223637171235254, 33.017235965983659 ], [ 131.223979348651909, 33.018586849782885 ], [ 131.226290936761615, 33.018735713324162 ], [ 131.226586034561109, 33.019094360536911 ], [ 131.225246563220821, 33.020985310408363 ], [ 131.225687003645135, 33.021457496413419 ], [ 131.225671428213616, 33.022567864177745 ], [ 131.225517134061334, 33.022786331720532 ], [ 131.225015282215878, 33.022982242868594 ], [ 131.22544201534879, 33.023468122174954 ], [ 131.224549340888245, 33.024707460806063 ], [ 131.224503011602309, 33.025454856085254 ], [ 131.224103430891148, 33.025737480923091 ], [ 131.223687556273376, 33.026854336774647 ], [ 131.223211591344608, 33.027339857589233 ], [ 131.223253392701508, 33.028013720770645 ], [ 131.221520783847268, 33.029231682547831 ], [ 131.22135939487768, 33.029710922730175 ], [ 131.220952636514085, 33.030047863527415 ], [ 131.22107035138248, 33.030700624280243 ], [ 131.220761807291495, 33.031311088875015 ], [ 131.220938074402, 33.031688100600071 ], [ 131.22045287105135, 33.032242173318735 ], [ 131.220810919332649, 33.033350034043941 ], [ 131.22065749554119, 33.0337647367652 ], [ 131.220760504811409, 33.034096908998166 ], [ 131.220213168891547, 33.034418441302726 ], [ 131.220238912135699, 33.034967740606398 ], [ 131.220017345357689, 33.035544823701052 ], [ 131.220292535407935, 33.035999872202282 ], [ 131.219638044853895, 33.0362042769626 ], [ 131.219289790998573, 33.037209712673238 ], [ 131.219549892203986, 33.037676515613157 ], [ 131.21951463957123, 33.038456604401389 ], [ 131.219744094015226, 33.039214748070762 ], [ 131.218900236149437, 33.040336343355634 ], [ 131.218870740217881, 33.041102730691392 ], [ 131.218330505158889, 33.041496562307863 ], [ 131.217975111399483, 33.042920355635232 ], [ 131.217603206569436, 33.043280662629854 ], [ 131.218060643714239, 33.04513712242268 ], [ 131.217054659810032, 33.046448496890193 ], [ 131.216856713003494, 33.047247345237835 ], [ 131.215898365403149, 33.048219147936088 ], [ 131.215433456432407, 33.049270163283701 ], [ 131.215458712294094, 33.049870279423303 ], [ 131.21631268353201, 33.052336189470694 ], [ 131.216518573461798, 33.05387291667008 ], [ 131.214482938601208, 33.056099751565874 ], [ 131.213510390633274, 33.056909693998406 ], [ 131.210251071742135, 33.057836273880568 ], [ 131.207887090295287, 33.059520934147635 ], [ 131.196591447743629, 33.070878590874685 ], [ 131.198716985679084, 33.07366362154491 ], [ 131.200439853138477, 33.073140936818177 ] ] ] } },
{ "type": "Feature", "properties": { "CITY_NAME": "竹田市", "S_NAME": "久住町大字久住", "JINKO": 1230, "medical_area": "44_豊肥医療圏", "町丁目名": "竹田市久住町大字久住" }, "geometry": { "type": "Polygon", "coordinates": [ [ [ 131.253775145985202, 33.10817964808642 ], [ 131.25459082389284, 33.108072411184523 ], [ 131.256326692929917, 33.106988319765328 ], [ 131.256856507384214, 33.106353805313681 ], [ 131.257034105198954, 33.105217019903804 ], [ 131.257702087497165, 33.104836388772348 ], [ 131.258510171818983, 33.103558473829416 ], [ 131.258503273872464, 33.101789628723978 ], [ 131.258846417310423, 33.101411516533915 ], [ 131.258923854516922, 33.099789425923042 ], [ 131.258489442869489, 33.098836745222641 ], [ 131.256658272304577, 33.096973696285531 ], [ 131.256488007211573, 33.096147238115663 ], [ 131.257282741364236, 33.09499900639296 ], [ 131.258550168771507, 33.093732013466663 ], [ 131.258590756879585, 33.093174525417453 ], [ 131.259293465226591, 33.091861538224904 ], [ 131.259552449582571, 33.091549509414158 ], [ 131.260037511895689, 33.091349046453111 ], [ 131.259981178457821, 33.090422885684767 ], [ 131.260435515605622, 33.089716990227174 ], [ 131.261671472569304, 33.088841583469332 ], [ 131.261970494627718, 33.087722925922691 ], [ 131.262257889805682, 33.087277858094119 ], [ 131.262983449061352, 33.086708142534789 ], [ 131.265606469825173, 33.085818219613337 ], [ 131.266426395410747, 33.08314055314316 ], [ 131.267483180196137, 33.082244800301531 ], [ 131.268608893248995, 33.081637564699356 ], [ 131.269070256492597, 33.081100476637509 ], [ 131.269424748495879, 33.080348271944331 ], [ 131.269733077968255, 33.078753069820486 ], [ 131.270454203636831, 33.076785864911763 ], [ 131.270381500576093, 33.076167459389211 ], [ 131.269833431218899, 33.075948704236183 ], [ 131.270502320262295, 33.075599038218549 ], [ 131.270954099611856, 33.074617530534155 ], [ 131.271670168496797, 33.073676679921419 ], [ 131.272507485928855, 33.071434288191554 ], [ 131.27311804520221, 33.068972434965431 ], [ 131.273421884539147, 33.068693819610232 ], [ 131.273674245567747, 33.067988087383668 ], [ 131.274045056676471, 33.067845586559393 ], [ 131.274129488004576, 33.067301228816632 ], [ 131.276481918252841, 33.065839531358513 ], [ 131.277002338123992, 33.064996886765741 ], [ 131.278182047240563, 33.064470468501696 ], [ 131.27968024490113, 33.063015974089197 ], [ 131.280328187420849, 33.061361591937327 ], [ 131.280254988210146, 33.060799328884507 ], [ 131.280532362339443, 33.060566863721348 ], [ 131.280688804872796, 33.060016963109589 ], [ 131.28138453169359, 33.059770675434805 ], [ 131.28136237983415, 33.059221184126883 ], [ 131.282477522267186, 33.058488789875319 ], [ 131.282192487425476, 33.057905545031907 ], [ 131.28230871883261, 33.057553225957378 ], [ 131.283560103991135, 33.057146817844959 ], [ 131.284912408826841, 33.055859479128522 ], [ 131.286491183934459, 33.055047335988718 ], [ 131.28722563178178, 33.054741905453803 ], [ 131.289454939828573, 33.054627235566386 ], [ 131.290316827996492, 33.054015922393255 ], [ 131.29107900740766, 33.053761921879683 ], [ 131.292805284589775, 33.052539491869183 ], [ 131.294733006405721, 33.0527421408853 ], [ 131.297220014855952, 33.053429825607964 ], [ 131.297880509654703, 33.052855842765887 ], [ 131.298654020824301, 33.052996092092073 ], [ 131.299051107137984, 33.052602862836743 ], [ 131.301162622216594, 33.052057410579444 ], [ 131.301087564227572, 33.051317069597765 ], [ 131.302268972301391, 33.050057321117052 ], [ 131.302061108551868, 33.049083142164314 ], [ 131.3021645195237, 33.048368382102808 ], [ 131.303060593869134, 33.047497601142091 ], [ 131.302971341062175, 33.04608081446721 ], [ 131.303489867964117, 33.045745314222984 ], [ 131.304443707799152, 33.046121266299814 ], [ 131.304847887048737, 33.046080251477235 ], [ 131.305413907971314, 33.045376369403023 ], [ 131.305210660480867, 33.044710400197253 ], [ 131.306188699524768, 33.044870114528891 ], [ 131.306548352405514, 33.044671095541737 ], [ 131.306739869320921, 33.044344395926437 ], [ 131.306751183974512, 33.044180254112391 ], [ 131.306358370188377, 33.044063131403455 ], [ 131.306173250829858, 33.043487178626172 ], [ 131.305503845569177, 33.042814346030703 ], [ 131.305653435244409, 33.042395690869846 ], [ 131.305619350398331, 33.041124880863265 ], [ 131.306427023127355, 33.040156223377807 ], [ 131.306221643759272, 33.039908555254001 ], [ 131.305475584378655, 33.039766284334682 ], [ 131.305354769918068, 33.039554431412142 ], [ 131.306636727179409, 33.03889882098175 ], [ 131.307294465929857, 33.037908505284896 ], [ 131.308003777781266, 33.037742639338681 ], [ 131.308372216413176, 33.037349450926591 ], [ 131.308156732913147, 33.03658544898429 ], [ 131.307446131441935, 33.036373055052508 ], [ 131.307139064259644, 33.035945508555351 ], [ 131.307182011369463, 33.035288931830401 ], [ 131.307509658869776, 33.034795776912823 ], [ 131.308202177771449, 33.034249684912851 ], [ 131.308106501655061, 33.034093807383698 ], [ 131.307255737999327, 33.03390977599868 ], [ 131.307163145105818, 33.03326355345034 ], [ 131.307580699366838, 33.032638072725831 ], [ 131.308322772977391, 33.032334028449981 ], [ 131.308906437145197, 33.032290549645971 ], [ 131.309086623412355, 33.031793750373943 ], [ 131.308687674915063, 33.031264363132038 ], [ 131.30868562422998, 33.031016192252238 ], [ 131.309610132767801, 33.030183311088777 ], [ 131.310180102441194, 33.028947018844896 ], [ 131.310839622925101, 33.02849905533575 ], [ 131.310823932204727, 33.027068068910964 ], [ 131.310196615667735, 33.0262514611019 ], [ 131.310567837477038, 33.024895521057466 ], [ 131.311117079936309, 33.024489738916536 ], [ 131.311363202341084, 33.023945542267391 ], [ 131.31174580189338, 33.02362158762579 ], [ 131.312851777603214, 33.020847447589617 ], [ 131.311828472626303, 33.020859098338072 ], [ 131.310901290914245, 33.021272369133108 ], [ 131.310483535756987, 33.021139728261211 ], [ 131.30963483038397, 33.02129780609279 ], [ 131.309453099058544, 33.021431948792355 ], [ 131.309514200715739, 33.022105192924677 ], [ 131.309361740826631, 33.022204595682247 ], [ 131.307721711483936, 33.022129453790079 ], [ 131.307254422546521, 33.020820576198929 ], [ 131.307358479955695, 33.019749021021873 ], [ 131.306772944182939, 33.018697318230608 ], [ 131.306921689675818, 33.018079585501106 ], [ 131.306958266168209, 33.016191086770071 ], [ 131.306406630315934, 33.015584159920849 ], [ 131.305283401617373, 33.014842472435966 ], [ 131.302913435259143, 33.015029866067273 ], [ 131.300433039007117, 33.014436702754523 ], [ 131.300109286040282, 33.01429222830631 ], [ 131.299805555691506, 33.013693764604589 ], [ 131.298834857382246, 33.013423746450442 ], [ 131.298683343075055, 33.013224376195488 ], [ 131.296181662908481, 33.012685655130639 ], [ 131.297017033922344, 33.011158406680487 ], [ 131.297511826243408, 33.010903017963201 ], [ 131.298133934928217, 33.01004811487428 ], [ 131.298951907813262, 33.009773778659415 ], [ 131.298841097962622, 33.008866164140677 ], [ 131.299395817937722, 33.007212490490076 ], [ 131.299308473813454, 33.006867708463453 ], [ 131.299049084665739, 33.006648445143959 ], [ 131.298617508195008, 33.006617868810537 ], [ 131.297864872355944, 33.005939989957838 ], [ 131.297502624392422, 33.004202111190068 ], [ 131.297294749195913, 33.003744215089419 ], [ 131.296937402552487, 33.003460547731343 ], [ 131.296784634708018, 33.002654767937273 ], [ 131.296894439924358, 33.001832555633399 ], [ 131.297820863726173, 33.001205980676161 ], [ 131.295354147882904, 33.00250322578065 ], [ 131.294856079039477, 33.002142676636453 ], [ 131.294110132333856, 33.001942659621477 ], [ 131.293047758365304, 33.003273969239608 ], [ 131.291867022799124, 33.00373444376698 ], [ 131.291762869860889, 33.004059511652059 ], [ 131.292136501201355, 33.004806711322125 ], [ 131.291876500795411, 33.005730110878446 ], [ 131.291347966116973, 33.005883914637558 ], [ 131.290484797950342, 33.006491286755747 ], [ 131.289611704708534, 33.006749243627269 ], [ 131.289335644919987, 33.007244500364202 ], [ 131.288852876737991, 33.007540923858492 ], [ 131.28833895667654, 33.008358662254793 ], [ 131.28828761454028, 33.00898916891235 ], [ 131.287957414643159, 33.009469787499377 ], [ 131.286896831741899, 33.009607595469873 ], [ 131.286126508239533, 33.010025245548171 ], [ 131.285595819379864, 33.010880359120527 ], [ 131.285532127592404, 33.011525234214865 ], [ 131.284571006028045, 33.01215739650177 ], [ 131.285184784789948, 33.013046803022021 ], [ 131.284996107040456, 33.013458190582185 ], [ 131.284127286174794, 33.014166399096489 ], [ 131.283187555898365, 33.014183292297268 ], [ 131.282663622511876, 33.014425629527999 ], [ 131.282459502475035, 33.014581115984541 ], [ 131.282330888728438, 33.015039109504848 ], [ 131.281616351897839, 33.015094846964899 ], [ 131.281365071355054, 33.015594947529536 ], [ 131.281026782773068, 33.015844246357616 ], [ 131.280437683379517, 33.01581849027577 ], [ 131.279933027592449, 33.016154286793274 ], [ 131.27863640170591, 33.016090722037546 ], [ 131.278499095701591, 33.017058112586675 ], [ 131.277358543824079, 33.017365760275482 ], [ 131.276978422153547, 33.017802159984903 ], [ 131.276812627469695, 33.0185358299847 ], [ 131.276115764140997, 33.018645637376025 ], [ 131.275605198141079, 33.018974031294647 ], [ 131.275564896426999, 33.019170978610468 ], [ 131.275928935128633, 33.019711649430207 ], [ 131.275600618826786, 33.020073250249759 ], [ 131.275289378111921, 33.020123322253561 ], [ 131.274667958518336, 33.019835965115384 ], [ 131.273752391685235, 33.020016500740866 ], [ 131.273608569299455, 33.020210548860902 ], [ 131.273905523098932, 33.020646764494344 ], [ 131.273246990409859, 33.020765956229738 ], [ 131.271300810632226, 33.02189080257638 ], [ 131.270822508823528, 33.02265918435333 ], [ 131.26903770413432, 33.02269341478636 ], [ 131.268337860468705, 33.023340704238116 ], [ 131.26818995176194, 33.023675304539587 ], [ 131.267198128227164, 33.024030703853477 ], [ 131.266919531467892, 33.02443777095889 ], [ 131.265676174817315, 33.024440406084025 ], [ 131.264493666247262, 33.025183659923087 ], [ 131.263174253621457, 33.025418159939285 ], [ 131.262958784463336, 33.025813687032013 ], [ 131.262103393733554, 33.025762290510158 ], [ 131.261527397522144, 33.026344712044335 ], [ 131.260979596014835, 33.026535792503537 ], [ 131.260351977846057, 33.026438323900791 ], [ 131.259764044082658, 33.026800437783585 ], [ 131.257635382798128, 33.0273670772728 ], [ 131.257260142843279, 33.027930075722942 ], [ 131.256881551607336, 33.028117004364503 ], [ 131.257056897650671, 33.028667471161782 ], [ 131.256601703184714, 33.028892534861669 ], [ 131.256688991429058, 33.029416586346585 ], [ 131.256179034179269, 33.030226772879473 ], [ 131.256140256284624, 33.030857447329367 ], [ 131.255145425082247, 33.031786390365149 ], [ 131.254988431646893, 33.032124802430992 ], [ 131.253521329691409, 33.032857159707191 ], [ 131.253042845500232, 33.032846747475681 ], [ 131.251399542900543, 33.033533856587994 ], [ 131.250379849782433, 33.034478014074296 ], [ 131.249802218759044, 33.035326309267489 ], [ 131.249446259330341, 33.035547354531793 ], [ 131.248575306873988, 33.036591918483701 ], [ 131.248053397255205, 33.036755426037551 ], [ 131.24650681425959, 33.036767084787073 ], [ 131.247551617469497, 33.037253767497489 ], [ 131.246043283456942, 33.038944337352049 ], [ 131.245005126374878, 33.041165608742517 ], [ 131.244261123276459, 33.043234089244351 ], [ 131.243567311049901, 33.04447271421683 ], [ 131.242865996906062, 33.04510253766712 ], [ 131.240252153916941, 33.045662401036125 ], [ 131.239284766039219, 33.045546430157934 ], [ 131.238172723107141, 33.045342360769403 ], [ 131.236510757269741, 33.044591870992711 ], [ 131.233605838156052, 33.043733204735183 ], [ 131.233571152608647, 33.043298752202631 ], [ 131.234076372842537, 33.042951679131747 ], [ 131.233963037416117, 33.042009199233654 ], [ 131.234465827588338, 33.040756271839832 ], [ 131.234203882232208, 33.040977699840447 ], [ 131.233565007853628, 33.040964151124278 ], [ 131.233223208412596, 33.041132961993739 ], [ 131.231128645739858, 33.043022969856864 ], [ 131.231138921008949, 33.044138629277356 ], [ 131.230849245473109, 33.044151562043361 ], [ 131.230457704989931, 33.044648131904353 ], [ 131.231118237462766, 33.045626213485207 ], [ 131.231059797013614, 33.04580399117669 ], [ 131.230228319346253, 33.046115419317211 ], [ 131.230193528324548, 33.046896415359569 ], [ 131.230022281699235, 33.047128125804903 ], [ 131.229437966079672, 33.047133324185829 ], [ 131.229299094855293, 33.047542643056907 ], [ 131.228764118661701, 33.047638648167819 ], [ 131.22903819733375, 33.048229023718577 ], [ 131.228296687370715, 33.048213842169325 ], [ 131.227963536286552, 33.04850367368725 ], [ 131.228480471608833, 33.049015105284177 ], [ 131.22819454969553, 33.049532107349286 ], [ 131.227571499473555, 33.049756359667974 ], [ 131.227871306843753, 33.050797063340603 ], [ 131.227773909293688, 33.051107130116087 ], [ 131.227499509765607, 33.051330750559494 ], [ 131.22681107882903, 33.051339119712935 ], [ 131.225498425054866, 33.051809507311511 ], [ 131.224402603567256, 33.052699110121246 ], [ 131.222300206542656, 33.05374378454372 ], [ 131.220802643692082, 33.055029408486448 ], [ 131.219501787361423, 33.056371180614114 ], [ 131.218611217365321, 33.058825911402231 ], [ 131.217880990912846, 33.060215144255196 ], [ 131.21732591760059, 33.060692194525252 ], [ 131.215295085776575, 33.061663938412799 ], [ 131.214706701213373, 33.0622701796554 ], [ 131.214244601656162, 33.063562210511201 ], [ 131.213484437733428, 33.064539978279569 ], [ 131.213130282325551, 33.064847237584061 ], [ 131.211666547536765, 33.065406498194783 ], [ 131.211537664925345, 33.065673032429792 ], [ 131.211728186999494, 33.066132740797293 ], [ 131.211407891415405, 33.066573110062315 ], [ 131.211385182948817, 33.06711387917872 ], [ 131.211026389495714, 33.067497811407428 ], [ 131.208680150038987, 33.068050375747646 ], [ 131.205453533784635, 33.07056597574401 ], [ 131.202852951922068, 33.072078237235381 ], [ 131.202234009297285, 33.072934922571108 ], [ 131.200439853138477, 33.073140936818177 ], [ 131.198716985679084, 33.07366362154491 ], [ 131.193124536905003, 33.078023688726297 ], [ 131.194406395140902, 33.078332997763262 ], [ 131.194556361525684, 33.078844760186072 ], [ 131.195226210655221, 33.079347509041007 ], [ 131.195399888019892, 33.080307969137706 ], [ 131.196041922588336, 33.081262564022687 ], [ 131.196916891114029, 33.081597525467501 ], [ 131.197445858591067, 33.082481591494457 ], [ 131.197852403537922, 33.082775644104061 ], [ 131.197995732925449, 33.083219125978978 ], [ 131.19871883784063, 33.083817903571294 ], [ 131.199062127242769, 33.085123451633422 ], [ 131.198818746079468, 33.085373805728302 ], [ 131.198823377520597, 33.085807075415659 ], [ 131.199196113502524, 33.086400158904027 ], [ 131.20016084991218, 33.087056852621814 ], [ 131.200103532918206, 33.088013017706743 ], [ 131.200825795095852, 33.088186824044534 ], [ 131.201096604638167, 33.088577975129915 ], [ 131.201744034624824, 33.088510282284687 ], [ 131.202335342583154, 33.088819680766726 ], [ 131.202433723002656, 33.089063230388717 ], [ 131.203175850016891, 33.089253658299931 ], [ 131.203095189522344, 33.089724529212759 ], [ 131.203505246378569, 33.089815509951947 ], [ 131.20388407788181, 33.090335622380501 ], [ 131.2044438407668, 33.090372202938582 ], [ 131.20469727520819, 33.090196813222207 ], [ 131.205113680278515, 33.090354440888611 ], [ 131.205421691266565, 33.090212291122356 ], [ 131.205740101657852, 33.090299258062402 ], [ 131.206762973408445, 33.089793484716481 ], [ 131.208688209333587, 33.089177889925296 ], [ 131.210399143930914, 33.089583276412995 ], [ 131.211442677735278, 33.090344271258076 ], [ 131.212142234206055, 33.090284128868724 ], [ 131.214420797938061, 33.089540266897046 ], [ 131.215140078737278, 33.089142617766093 ], [ 131.217978179659326, 33.088436324880327 ], [ 131.218673628359738, 33.088681076862642 ], [ 131.219406606387082, 33.088462269483585 ], [ 131.221204486182785, 33.08835539836894 ], [ 131.222664994786982, 33.088643492756567 ], [ 131.224827488437825, 33.087385728014816 ], [ 131.226664636910385, 33.085674741571296 ], [ 131.227749626158953, 33.086880289491738 ], [ 131.228927041643772, 33.087600140767364 ], [ 131.229160126546304, 33.088650902396829 ], [ 131.229590423748732, 33.089074822831435 ], [ 131.231883333652718, 33.089728872204574 ], [ 131.235594214703866, 33.089541388670959 ], [ 131.236705765749122, 33.089783499787558 ], [ 131.237136086133148, 33.090207399813814 ], [ 131.238162557714844, 33.092074390027499 ], [ 131.237609487674547, 33.093410211443498 ], [ 131.238551379177096, 33.093915663648446 ], [ 131.238947945272145, 33.094535681121087 ], [ 131.240052919735433, 33.09533308207412 ], [ 131.240492602025853, 33.095955423311331 ], [ 131.241615156519629, 33.096334889215981 ], [ 131.241920565221704, 33.0966917890931 ], [ 131.243116269511745, 33.099631485649439 ], [ 131.243032608229328, 33.100015700605717 ], [ 131.243334803776463, 33.100239744466002 ], [ 131.243440412760634, 33.101551125262986 ], [ 131.244089545017459, 33.102076421263085 ], [ 131.245721255259667, 33.102696359578346 ], [ 131.246637470593754, 33.103706617628909 ], [ 131.246453873853255, 33.10430120406167 ], [ 131.246944718889466, 33.106235059173102 ], [ 131.248186906372752, 33.106591602163057 ], [ 131.249561364302991, 33.107473732570035 ], [ 131.252151644363863, 33.109654647522234 ], [ 131.253693507831741, 33.111317110128489 ], [ 131.254144065507035, 33.109346378464835 ], [ 131.253775145985202, 33.10817964808642 ] ] ] } },
{ "type": "Feature", "properties": { "CITY_NAME": "竹田市", "S_NAME": "久住町大字有氏", "JINKO": 580, "medical_area": "44_豊肥医療圏", "町丁目名": "竹田市久住町大字有氏" }, "geometry": { "type": "Polygon", "coordinates": [ [ [ 131.271373308401564, 33.124551220344152 ], [ 131.271300061612123, 33.124257397058599 ], [ 131.27244267244933, 33.124192042155357 ], [ 131.273435774596379, 33.124517211653746 ], [ 131.273650056627702, 33.124770172497378 ], [ 131.275320470629794, 33.124202955612319 ], [ 131.277180091457666, 33.122570288712879 ], [ 131.278167542806472, 33.121959083391346 ], [ 131.279523608931896, 33.121352492455877 ], [ 131.280412965204164, 33.121294609415919 ], [ 131.280408180500331, 33.120937257163632 ], [ 131.280704764981067, 33.120659272831915 ], [ 131.2813063946856, 33.120739489124794 ], [ 131.281282501099128, 33.120174363798398 ], [ 131.282191695712925, 33.119853394963755 ], [ 131.28435990197903, 33.118018644588275 ], [ 131.284655131142216, 33.118123178166812 ], [ 131.28620982221787, 33.119575416116703 ], [ 131.288544656366668, 33.120542674116749 ], [ 131.291390546520574, 33.120822238474659 ], [ 131.292048152735873, 33.120752763325456 ], [ 131.297870603642281, 33.115644177543942 ], [ 131.300777513474031, 33.113613891878657 ], [ 131.302079564729013, 33.113047915870212 ], [ 131.302932779310908, 33.111906669812456 ], [ 131.304334264989194, 33.110690809878449 ], [ 131.307680323700311, 33.109537485224742 ], [ 131.309348513394411, 33.106776498567321 ], [ 131.310022277594754, 33.105995835533996 ], [ 131.310858141885547, 33.105340597630416 ], [ 131.311498449804759, 33.105270737041884 ], [ 131.311754711105777, 33.10473406789869 ], [ 131.312496959495689, 33.100856391552362 ], [ 131.312324772807784, 33.100254465041971 ], [ 131.311435139404153, 33.099307501286553 ], [ 131.31190747054049, 33.097908443223837 ], [ 131.312580048963952, 33.097105288991692 ], [ 131.312971642108266, 33.096073745046226 ], [ 131.312925029067202, 33.094881819057633 ], [ 131.313096658153057, 33.094715180284908 ], [ 131.314355644859631, 33.094645546822377 ], [ 131.314861789928983, 33.094074374847764 ], [ 131.314986258395408, 33.093356949451653 ], [ 131.314827452487748, 33.092374266061604 ], [ 131.314902360993329, 33.091921563313662 ], [ 131.316261715215489, 33.091103610241134 ], [ 131.316920363733914, 33.090899254413642 ], [ 131.31719410289196, 33.090080275082158 ], [ 131.31773188051713, 33.089468950865296 ], [ 131.32104954988904, 33.088342586852654 ], [ 131.321508144101301, 33.087862972708479 ], [ 131.322299814961099, 33.086194494984433 ], [ 131.325680172420618, 33.083907019472115 ], [ 131.326989279995388, 33.082066856546277 ], [ 131.32824334969348, 33.081629716029902 ], [ 131.328685738216848, 33.080700040204498 ], [ 131.329381632334702, 33.079737224554613 ], [ 131.330762790396307, 33.078655074535867 ], [ 131.330970882772789, 33.078232846828129 ], [ 131.331572398614668, 33.077971741774476 ], [ 131.331914562844787, 33.076673359290083 ], [ 131.33226695207739, 33.076173707418924 ], [ 131.332864574112364, 33.07615994690898 ], [ 131.333000150199553, 33.075689244569233 ], [ 131.333882002275573, 33.074997597084 ], [ 131.333647935982924, 33.074501582356355 ], [ 131.333279720145015, 33.074508102495273 ], [ 131.333352148783149, 33.074095810560188 ], [ 131.333959330282255, 33.073386137591378 ], [ 131.334654480071748, 33.072900266127952 ], [ 131.334699553073051, 33.072651228044798 ], [ 131.33520198040938, 33.072492218140667 ], [ 131.335244978490948, 33.072132559848555 ], [ 131.33383955433581, 33.069981778749039 ], [ 131.333969786472693, 33.06964400349095 ], [ 131.333625871806646, 33.067957520509303 ], [ 131.333084963863769, 33.067569790169252 ], [ 131.332056470680698, 33.067237253902256 ], [ 131.330871938422348, 33.06651277386586 ], [ 131.32967333075274, 33.066427083437162 ], [ 131.327171550427892, 33.067439030571215 ], [ 131.324972205817261, 33.06812243163693 ], [ 131.323342019043196, 33.068912962538235 ], [ 131.322022829128201, 33.068602788868965 ], [ 131.32215514856864, 33.068101675952583 ], [ 131.323056498018502, 33.067612450726685 ], [ 131.324160769099507, 33.066476491082234 ], [ 131.324769788836306, 33.065508092111429 ], [ 131.324673125371078, 33.065023181425261 ], [ 131.325028502562901, 33.064540234053304 ], [ 131.325490339141453, 33.064169678032364 ], [ 131.327555854127382, 33.063180900131314 ], [ 131.327325922628006, 33.063085903013381 ], [ 131.327247143930975, 33.06279078937947 ], [ 131.327566264319415, 33.062204145080038 ], [ 131.326326086436694, 33.061214880062167 ], [ 131.325795027792736, 33.060423714119892 ], [ 131.325645496325279, 33.05946126931557 ], [ 131.325226899686413, 33.058307089227753 ], [ 131.325489228891598, 33.05662464271775 ], [ 131.325096356009624, 33.056292121286432 ], [ 131.324905134772507, 33.055597381038623 ], [ 131.325033636225413, 33.055153000706717 ], [ 131.324423759762368, 33.054573866302057 ], [ 131.324054255768971, 33.052740316135726 ], [ 131.323799209105943, 33.052303718895018 ], [ 131.32234569301724, 33.052690541195339 ], [ 131.321546932579423, 33.053091449680913 ], [ 131.321257186536201, 33.053431815615589 ], [ 131.320904555488397, 33.053258966761518 ], [ 131.32058438039104, 33.052319919471955 ], [ 131.319837589745333, 33.052163875409015 ], [ 131.319256447174382, 33.052394411206116 ], [ 131.318389082606473, 33.051985920989608 ], [ 131.318244124950695, 33.051476865831809 ], [ 131.318580688239507, 33.04824937571297 ], [ 131.318272589015095, 33.047948740377052 ], [ 131.317526253507623, 33.047627692400518 ], [ 131.317441718940159, 33.047245751145446 ], [ 131.315845918803063, 33.047276704066597 ], [ 131.315557620474607, 33.047148253467327 ], [ 131.315149111350678, 33.046492621904022 ], [ 131.314552964212083, 33.046128109752452 ], [ 131.31386887185127, 33.046221332452795 ], [ 131.313257099786767, 33.046868774134161 ], [ 131.311229489679221, 33.047805023370202 ], [ 131.310813742637436, 33.04781143521712 ], [ 131.310230402796918, 33.0474522585165 ], [ 131.309191570675296, 33.045780870784164 ], [ 131.308386675032807, 33.045158489531154 ], [ 131.306739869320921, 33.044344395926437 ], [ 131.306548352405514, 33.044671095541737 ], [ 131.306188699524768, 33.044870114528891 ], [ 131.305306817504089, 33.04466212669368 ], [ 131.305189568145124, 33.044804516619386 ], [ 131.305413907971314, 33.045376369403023 ], [ 131.304847887048737, 33.046080251477235 ], [ 131.304443707799152, 33.046121266299814 ], [ 131.303489867964117, 33.045745314222984 ], [ 131.302971341062175, 33.04608081446721 ], [ 131.303060593869134, 33.047497601142091 ], [ 131.3021645195237, 33.048368382102808 ], [ 131.302061108551868, 33.049083142164314 ], [ 131.302268972301391, 33.050057321117052 ], [ 131.301087564227572, 33.051317069597765 ], [ 131.301162622216594, 33.052057410579444 ], [ 131.299051107137984, 33.052602862836743 ], [ 131.298654020824301, 33.052996092092073 ], [ 131.297880509654703, 33.052855842765887 ], [ 131.297220014855952, 33.053429825607964 ], [ 131.294733006405721, 33.0527421408853 ], [ 131.292805284589775, 33.052539491869183 ], [ 131.29107900740766, 33.053761921879683 ], [ 131.290316827996492, 33.054015922393255 ], [ 131.289454939828573, 33.054627235566386 ], [ 131.287225631781808, 33.054741905453803 ], [ 131.286491183934487, 33.055047335988739 ], [ 131.284912408826898, 33.055859479128515 ], [ 131.283560103991164, 33.057146817844959 ], [ 131.282308718832667, 33.057553225957378 ], [ 131.282192487425476, 33.057905545031907 ], [ 131.282477522267186, 33.058488789875319 ], [ 131.28136237983415, 33.059221184126883 ], [ 131.28138453169359, 33.059770675434805 ], [ 131.280688804872796, 33.060016963109589 ], [ 131.2805323623395, 33.060566863721348 ], [ 131.280254988210146, 33.060799328884507 ], [ 131.280328187420849, 33.061361591937327 ], [ 131.27968024490113, 33.063015974089197 ], [ 131.278182047240563, 33.064470468501696 ], [ 131.277002338124021, 33.064996886765769 ], [ 131.276481918252841, 33.065839531358513 ], [ 131.274129488004576, 33.067301228816632 ], [ 131.274045056676471, 33.067845586559393 ], [ 131.27361324934256, 33.068068719294267 ], [ 131.273421884539147, 33.068693819610232 ], [ 131.27311804520221, 33.068972434965431 ], [ 131.272507485928855, 33.071434288191554 ], [ 131.271670168496797, 33.073676679921419 ], [ 131.270954099611913, 33.074617530534127 ], [ 131.270502320262295, 33.075599038218549 ], [ 131.269833431218899, 33.075948704236183 ], [ 131.270381500576093, 33.076167459389211 ], [ 131.270454203636859, 33.07678586491177 ], [ 131.269733077968255, 33.078753069820486 ], [ 131.269424748495879, 33.080348271944331 ], [ 131.269070256492597, 33.081100476637509 ], [ 131.268608893248995, 33.081637564699356 ], [ 131.267483180196137, 33.082244800301531 ], [ 131.266426395410747, 33.08314055314316 ], [ 131.265606469825173, 33.085818219613337 ], [ 131.262983449061352, 33.086708142534789 ], [ 131.262257889805682, 33.087277858094104 ], [ 131.261970494627803, 33.087722925922705 ], [ 131.261671472569304, 33.088841583469332 ], [ 131.260435515605678, 33.089716990227174 ], [ 131.259981178457849, 33.090422885684767 ], [ 131.260037511895689, 33.091349046453111 ], [ 131.259552449582571, 33.091549509414158 ], [ 131.259293465226619, 33.091861538224904 ], [ 131.25870204592232, 33.092903797822387 ], [ 131.258462831591828, 33.093866086629504 ], [ 131.257282741364236, 33.09499900639296 ], [ 131.256590207659968, 33.095956887111271 ], [ 131.256426800126462, 33.096302931114387 ], [ 131.256658272304577, 33.096973696285531 ], [ 131.258489442869489, 33.098836745222641 ], [ 131.258882342816008, 33.099648343890792 ], [ 131.258846417310423, 33.101411516533915 ], [ 131.258503273872464, 33.101789628723978 ], [ 131.25841173869037, 33.103864062001009 ], [ 131.257702087497165, 33.104836388772348 ], [ 131.257034105198983, 33.105217019903804 ], [ 131.256731572332967, 33.106559001245039 ], [ 131.256326692929946, 33.106988319765328 ], [ 131.25459082389284, 33.108072411184523 ], [ 131.253730952324872, 33.10821699848772 ], [ 131.254137146031326, 33.109507852763443 ], [ 131.253880256932035, 33.110054858397362 ], [ 131.253239077316209, 33.114692616109934 ], [ 131.253373940323854, 33.11850933114625 ], [ 131.253135839923402, 33.121788971647462 ], [ 131.255510399889317, 33.122521413738852 ], [ 131.256937833597135, 33.123363845109516 ], [ 131.257158743059136, 33.123261274029666 ], [ 131.258278971817845, 33.123397727522075 ], [ 131.258722893339893, 33.123889760833656 ], [ 131.259165586863872, 33.123972544221004 ], [ 131.259718221321606, 33.123822575140764 ], [ 131.26027264089052, 33.124277175069139 ], [ 131.260715008549255, 33.124248330104706 ], [ 131.26104733451055, 33.124405740363777 ], [ 131.261821136837398, 33.124236686462105 ], [ 131.262718081056505, 33.124551016279256 ], [ 131.265899087666554, 33.124818587373653 ], [ 131.266472289368096, 33.124156965835915 ], [ 131.26719206367207, 33.124105642354849 ], [ 131.269139518532228, 33.124789092153812 ], [ 131.27061531522321, 33.125049607580259 ], [ 131.271217553580527, 33.124865810038187 ], [ 131.271373308401564, 33.124551220344152 ] ] ] } },
{ "type": "Feature", "properties": { "CITY_NAME": "竹田市", "S_NAME": "久住町大字仏原", "JINKO": 184, "medical_area": "44_豊肥医療圏", "町丁目名": "竹田市久住町大字仏原" }, "geometry": { "type": "Polygon", "coordinates": [ [ [ 131.319067778308664, 33.090282123848681 ], [ 131.319640867958071, 33.090498484117909 ], [ 131.320679479500114, 33.090287741292059 ], [ 131.321231433766712, 33.090410800131721 ], [ 131.321561730569442, 33.090310768521469 ], [ 131.323075664479802, 33.089198302078778 ], [ 131.324022534128886, 33.087939467544643 ], [ 131.326930562441675, 33.08616011159598 ], [ 131.327752015978035, 33.085137958924044 ], [ 131.329843577204173, 33.08451187877143 ], [ 131.330151488337037, 33.083823522367808 ], [ 131.33132823645451, 33.082708745015594 ], [ 131.331460268781115, 33.081127953970302 ], [ 131.331629010437894, 33.080832852094119 ], [ 131.332927426556211, 33.080460413528911 ], [ 131.333659191318418, 33.079953622569555 ], [ 131.335332959018899, 33.079208064443321 ], [ 131.335552816167109, 33.078748950779158 ], [ 131.336125639715704, 33.078439404290002 ], [ 131.336758599116763, 33.077664235124828 ], [ 131.337372115239731, 33.077919626751466 ], [ 131.3385331515438, 33.078087856504979 ], [ 131.340535917609884, 33.077371463970209 ], [ 131.341346799645919, 33.077406297927865 ], [ 131.341725935412114, 33.077208420827695 ], [ 131.342045202373555, 33.076485016487254 ], [ 131.342817289791952, 33.076100801714738 ], [ 131.343826523678786, 33.076179080326916 ], [ 131.344872801048609, 33.076569878390075 ], [ 131.344971993515372, 33.075539083921285 ], [ 131.345428443959122, 33.074706457729782 ], [ 131.34607203602917, 33.074561094036262 ], [ 131.347414972844035, 33.074791267087321 ], [ 131.348450098824287, 33.074454907995865 ], [ 131.348706980299482, 33.073289354868834 ], [ 131.34928281887565, 33.073065433354742 ], [ 131.350372111642798, 33.072177760382168 ], [ 131.351717812104312, 33.071722400865553 ], [ 131.352193533006613, 33.071262545562 ], [ 131.35248041864628, 33.06969165027661 ], [ 131.351831467918089, 33.068834335646869 ], [ 131.351232879336351, 33.067478984935576 ], [ 131.352298623465032, 33.065192648141981 ], [ 131.352119428392683, 33.06477862678576 ], [ 131.351742664254971, 33.064513380421516 ], [ 131.352628265541938, 33.063656368760022 ], [ 131.352156968386964, 33.063642851175096 ], [ 131.351683814519788, 33.064054680530738 ], [ 131.3505840270509, 33.06422108456735 ], [ 131.350052243824109, 33.064072499722307 ], [ 131.348983759931684, 33.06419023905427 ], [ 131.348497979239909, 33.064063582268972 ], [ 131.346234266309153, 33.065096113323996 ], [ 131.345610551210825, 33.064222622301472 ], [ 131.344044991208335, 33.064310641078883 ], [ 131.342585953185477, 33.063768532573135 ], [ 131.341850713509785, 33.062937417147666 ], [ 131.341059528418185, 33.062947544235101 ], [ 131.338382065482904, 33.062189448628402 ], [ 131.335888440375015, 33.059920075868355 ], [ 131.334451298341179, 33.059048864943762 ], [ 131.33413171176727, 33.059620238251341 ], [ 131.333645387798384, 33.059710811140285 ], [ 131.333360548368063, 33.060330606821047 ], [ 131.332916600326598, 33.060032954301946 ], [ 131.333010662433793, 33.059594135015693 ], [ 131.332565417483693, 33.059568167170546 ], [ 131.332371257517963, 33.059762733391374 ], [ 131.332349927386133, 33.060226589476322 ], [ 131.331645808411565, 33.061022928942755 ], [ 131.330970551273992, 33.060724380077417 ], [ 131.330174446890254, 33.061250244345494 ], [ 131.329400360320847, 33.061344128350292 ], [ 131.328682716778474, 33.062341408283366 ], [ 131.32792337208511, 33.062043059821498 ], [ 131.327997097018397, 33.062430093689215 ], [ 131.327546297277479, 33.062595116283767 ], [ 131.327488221556536, 33.063240652763454 ], [ 131.325490339141453, 33.064169678032364 ], [ 131.324824647918263, 33.064750480117532 ], [ 131.324662139425726, 33.065073296158197 ], [ 131.324769788836306, 33.065508092111429 ], [ 131.324160769099507, 33.066476491082234 ], [ 131.323056498018502, 33.067612450726685 ], [ 131.32215514856864, 33.068101675952583 ], [ 131.322022829128201, 33.068602788868965 ], [ 131.323342019043196, 33.068912962538235 ], [ 131.324972205817261, 33.06812243163693 ], [ 131.327171550427892, 33.067439030571215 ], [ 131.32923130927233, 33.066517122533249 ], [ 131.330009948730918, 33.066403973777582 ], [ 131.330871938422348, 33.06651277386586 ], [ 131.333625871806646, 33.067957520509303 ], [ 131.333969786472693, 33.06964400349095 ], [ 131.33383955433581, 33.069981778749039 ], [ 131.334959917437828, 33.07152208247232 ], [ 131.335231315312114, 33.072428530360902 ], [ 131.33474215279827, 33.072615147269779 ], [ 131.334654480071748, 33.072900266127952 ], [ 131.333512385342004, 33.073868582274969 ], [ 131.333279720145015, 33.074508102495273 ], [ 131.333647935982924, 33.074501582356355 ], [ 131.333834097015824, 33.075074764195911 ], [ 131.333000150199553, 33.075689244569233 ], [ 131.332864574112364, 33.07615994690898 ], [ 131.33226695207739, 33.076173707418924 ], [ 131.331914562844787, 33.076673359290083 ], [ 131.331572398614668, 33.077971741774476 ], [ 131.330970882772789, 33.078232846828129 ], [ 131.330762790396307, 33.078655074535867 ], [ 131.329381632334702, 33.079737224554613 ], [ 131.328685738216848, 33.080700040204498 ], [ 131.32824334969348, 33.081629716029902 ], [ 131.326989279995388, 33.082066856546277 ], [ 131.325680172420618, 33.083907019472115 ], [ 131.322645617468311, 33.08584895932821 ], [ 131.322194286089854, 33.086336672220568 ], [ 131.321508144101301, 33.087862972708479 ], [ 131.32104954988904, 33.088342586852654 ], [ 131.31773188051713, 33.089468950865296 ], [ 131.31719410289196, 33.090080275082158 ], [ 131.316920363733914, 33.090899254413642 ], [ 131.319067778308664, 33.090282123848681 ] ] ] } },
{ "type": "Feature", "properties": { "CITY_NAME": "竹田市", "S_NAME": "久住町大字栢木", "JINKO": 863, "medical_area": "44_豊肥医療圏", "町丁目名": "竹田市久住町大字栢木" }, "geometry": { "type": "Polygon", "coordinates": [ [ [ 131.346234266309153, 33.065096113323996 ], [ 131.348566143653017, 33.064052355060923 ], [ 131.348983759931684, 33.06419023905427 ], [ 131.349952531349174, 33.06406614713076 ], [ 131.3505840270509, 33.06422108456735 ], [ 131.351683814519788, 33.064054680530738 ], [ 131.352156968386964, 33.063642851175096 ], [ 131.352628265541938, 33.063656368760022 ], [ 131.353293547615976, 33.063203390918105 ], [ 131.35343176591573, 33.062798354200581 ], [ 131.354560180489784, 33.062590179373764 ], [ 131.355619022093151, 33.06193653538103 ], [ 131.355733364290558, 33.061390743140102 ], [ 131.355510170673398, 33.060947509170546 ], [ 131.355962366506049, 33.060386503720878 ], [ 131.355479150167128, 33.060077704576031 ], [ 131.354857576619537, 33.060147207755776 ], [ 131.354082652080507, 33.060008568898496 ], [ 131.354060379515772, 33.059470299526822 ], [ 131.354511027677574, 33.059044761172508 ], [ 131.353949874311439, 33.058855616837619 ], [ 131.353887277948274, 33.05856879718614 ], [ 131.353529808992562, 33.058445028759586 ], [ 131.35363558341183, 33.058138124085822 ], [ 131.353486251881975, 33.057614466498904 ], [ 131.35375072412981, 33.056993380007356 ], [ 131.353119170728803, 33.056412263529786 ], [ 131.351879981627263, 33.055882826358783 ], [ 131.352023472005214, 33.053097854287472 ], [ 131.351375858300656, 33.051368851225362 ], [ 131.351402839732998, 33.051115423856835 ], [ 131.352928687963555, 33.04888258323767 ], [ 131.353012264310905, 33.048124541073214 ], [ 131.353731623856845, 33.046441012784193 ], [ 131.353886647067725, 33.044886865484116 ], [ 131.353680336516362, 33.044252952005557 ], [ 131.354272491129251, 33.043083182708067 ], [ 131.353810021474374, 33.042344624133406 ], [ 131.354132595709558, 33.041729389382269 ], [ 131.353866837753912, 33.041216724177751 ], [ 131.353482363668519, 33.041004822041131 ], [ 131.354265782726372, 33.039704469963233 ], [ 131.354324400012501, 33.039033937521097 ], [ 131.354029660690884, 33.037927211801602 ], [ 131.354108436607817, 33.037637772696733 ], [ 131.35454066377784, 33.037120875844472 ], [ 131.355299592244364, 33.03703801106969 ], [ 131.356212902676219, 33.037255123792256 ], [ 131.357825060452512, 33.038021770150287 ], [ 131.35929816267199, 33.037988391731091 ], [ 131.360049976801207, 33.038122988528436 ], [ 131.361200702155884, 33.037767680922144 ], [ 131.361774952331416, 33.037153946052307 ], [ 131.363321952766654, 33.036315440201143 ], [ 131.365521598899221, 33.035813551433584 ], [ 131.366530396177637, 33.035303975933715 ], [ 131.366118485982014, 33.034885857864211 ], [ 131.365929605732475, 33.03429900499583 ], [ 131.365244501081037, 33.033206899594383 ], [ 131.364765456218294, 33.032669272379628 ], [ 131.364266356616753, 33.03250140830275 ], [ 131.363063790187113, 33.031385398847441 ], [ 131.362741616002609, 33.030428564953098 ], [ 131.362215917524509, 33.029990375092993 ], [ 131.363223371323841, 33.028190694638816 ], [ 131.363390017910859, 33.027090927903409 ], [ 131.36398997427051, 33.025143335084238 ], [ 131.363890735487331, 33.024731706271609 ], [ 131.363037962008832, 33.024334902766739 ], [ 131.362773261686385, 33.023837829308178 ], [ 131.362757350325666, 33.023259174320458 ], [ 131.363079165199736, 33.022498332070761 ], [ 131.360243033784087, 33.02168458118939 ], [ 131.358592156587122, 33.021842811431362 ], [ 131.357849822708715, 33.021399316252015 ], [ 131.356874381168751, 33.021441716006592 ], [ 131.354871867018744, 33.020377904756231 ], [ 131.353301910445765, 33.020189246786387 ], [ 131.351715471488006, 33.02029273693276 ], [ 131.350891605903627, 33.02002767092641 ], [ 131.350343229810676, 33.01956873696836 ], [ 131.349731404958021, 33.01942190806124 ], [ 131.349108967572988, 33.019552372180954 ], [ 131.34796245243362, 33.020932051008792 ], [ 131.345992938404493, 33.020774124606071 ], [ 131.345662045834246, 33.020319508259711 ], [ 131.34560967594939, 33.018943177628366 ], [ 131.345371858761894, 33.018240745369603 ], [ 131.344455046425878, 33.01824327511504 ], [ 131.343375312768444, 33.018672062107726 ], [ 131.342704222020672, 33.018386723935272 ], [ 131.341063548168336, 33.018138689428078 ], [ 131.33697733492059, 33.017944102536937 ], [ 131.336480078483476, 33.017579491104236 ], [ 131.33669023964012, 33.016382896424552 ], [ 131.336360945771418, 33.016334265856436 ], [ 131.3353979017119, 33.016544810693524 ], [ 131.335141743973026, 33.01718917913086 ], [ 131.334731161154792, 33.017408139938269 ], [ 131.332964408604965, 33.018011981543388 ], [ 131.332482786091248, 33.018092484781796 ], [ 131.329883674436672, 33.0177131631077 ], [ 131.329132061537507, 33.0178933894924 ], [ 131.328228815153381, 33.018390903923311 ], [ 131.327429596934223, 33.018412802729337 ], [ 131.327192657718115, 33.017908380936582 ], [ 131.326451792229335, 33.017811292637433 ], [ 131.323335490268505, 33.015804162842322 ], [ 131.320713157170417, 33.015474214652869 ], [ 131.320234516436926, 33.016376600987769 ], [ 131.320648276679549, 33.017039036050484 ], [ 131.320579546749684, 33.017534353502789 ], [ 131.320734091988896, 33.018019197103165 ], [ 131.320568426996317, 33.018597537882165 ], [ 131.320160689173008, 33.019013718075286 ], [ 131.321100131425084, 33.020112698200407 ], [ 131.320245178969458, 33.020976443459773 ], [ 131.319464905642604, 33.022282603788909 ], [ 131.319018358332897, 33.021499142775269 ], [ 131.318593622586206, 33.021300967946821 ], [ 131.318233906979827, 33.02135999753407 ], [ 131.317852227511196, 33.020788086585661 ], [ 131.317672058534583, 33.020037154821338 ], [ 131.317759767539513, 33.019746332173106 ], [ 131.317478324550279, 33.018941691210536 ], [ 131.317673979552154, 33.01850115049416 ], [ 131.317628309254673, 33.018140092749128 ], [ 131.316867265677132, 33.017278907948629 ], [ 131.315503007481226, 33.017059544011076 ], [ 131.31478818876883, 33.018509639549215 ], [ 131.3151897244189, 33.019872752410798 ], [ 131.314802621030026, 33.020096541399717 ], [ 131.313856201816833, 33.020044464031983 ], [ 131.313245843127987, 33.020293561965964 ], [ 131.313084442261328, 33.020775220281017 ], [ 131.312851777603214, 33.020847447589617 ], [ 131.31174580189338, 33.02362158762579 ], [ 131.311363202341084, 33.023945542267391 ], [ 131.311117079936309, 33.024489738916536 ], [ 131.310567837477038, 33.024895521057466 ], [ 131.310196615667735, 33.0262514611019 ], [ 131.310823932204727, 33.027068068910964 ], [ 131.310886713940704, 33.028368848919627 ], [ 131.310703518472394, 33.028681525081915 ], [ 131.310180102441194, 33.028947018844896 ], [ 131.309411250999887, 33.030429981736859 ], [ 131.30868562422998, 33.031016192252238 ], [ 131.308687674915063, 33.031264363132038 ], [ 131.309086623412355, 33.031793750373943 ], [ 131.308941880644454, 33.032224416304743 ], [ 131.307580699366838, 33.032638072725831 ], [ 131.30720780627783, 33.033117338971252 ], [ 131.3071298310945, 33.033601871024153 ], [ 131.307255737999327, 33.03390977599868 ], [ 131.308106501655061, 33.034093807383698 ], [ 131.308202177771449, 33.034249684912851 ], [ 131.307459928065242, 33.034853946680862 ], [ 131.307113430548668, 33.035405187175563 ], [ 131.307087327665897, 33.035767509928078 ], [ 131.307446131441935, 33.036373055052508 ], [ 131.308156732913119, 33.036585448984283 ], [ 131.308372216413176, 33.037349450926591 ], [ 131.308003777781266, 33.037742639338681 ], [ 131.307294465929857, 33.037908505284896 ], [ 131.306636727179409, 33.03889882098175 ], [ 131.305378359776654, 33.039500330519452 ], [ 131.305475584378655, 33.039766284334682 ], [ 131.306221643759272, 33.039908555254001 ], [ 131.306427023127355, 33.040156223377807 ], [ 131.305619350398331, 33.041124880863265 ], [ 131.305670347880806, 33.042125459352313 ], [ 131.305520757346812, 33.042892364610218 ], [ 131.306173250829858, 33.043487178626172 ], [ 131.306455068435042, 33.04417297250378 ], [ 131.306751183974512, 33.044180254112391 ], [ 131.306739869320921, 33.044344395926437 ], [ 131.308989354982288, 33.045571451036935 ], [ 131.310230402796918, 33.0474522585165 ], [ 131.310621623226041, 33.047747327252793 ], [ 131.311421119068541, 33.047729185028778 ], [ 131.313257099786767, 33.046868774134161 ], [ 131.31386887185127, 33.046221332452795 ], [ 131.314552964212083, 33.046128109752452 ], [ 131.315149111350678, 33.046492621904022 ], [ 131.315557620474607, 33.047148253467327 ], [ 131.315845918803063, 33.047276704066597 ], [ 131.317441718940159, 33.047245751145446 ], [ 131.317526253507623, 33.047627692400518 ], [ 131.318272589015095, 33.047948740377052 ], [ 131.318613320071961, 33.048426914397339 ], [ 131.318275849060484, 33.051820348833083 ], [ 131.319256447174382, 33.052394411206116 ], [ 131.319837589745333, 33.052163875409015 ], [ 131.32058438039104, 33.052319919471955 ], [ 131.320965924092889, 33.053353582276429 ], [ 131.32136497981017, 33.053392050059934 ], [ 131.321546932579423, 33.053091449680913 ], [ 131.32234569301724, 33.052690541195339 ], [ 131.323799209105943, 33.052303718895018 ], [ 131.324054255768971, 33.052740316135726 ], [ 131.324423759762311, 33.054573866302057 ], [ 131.325033636225413, 33.055153000706717 ], [ 131.324905134772507, 33.055597381038623 ], [ 131.325096356009624, 33.056292121286432 ], [ 131.325489228891598, 33.05662464271775 ], [ 131.325226899686413, 33.058307089227753 ], [ 131.325645496325279, 33.05946126931557 ], [ 131.325746106040015, 33.060287918343327 ], [ 131.326326086436694, 33.061214880062167 ], [ 131.327552672224726, 33.062160610823945 ], [ 131.32724870187846, 33.06269234771262 ], [ 131.327362528632676, 33.063126148632122 ], [ 131.327555854127382, 33.063180900131314 ], [ 131.327546297277479, 33.062595116283767 ], [ 131.327976618762648, 33.062479799138821 ], [ 131.327967499988091, 33.062013155860761 ], [ 131.328682716778474, 33.062341408283366 ], [ 131.329400360320847, 33.061344128350292 ], [ 131.330174446890254, 33.061250244345494 ], [ 131.330970551273992, 33.060724380077417 ], [ 131.331645808411565, 33.061022928942755 ], [ 131.332349927386133, 33.060226589476322 ], [ 131.332371257517963, 33.059762733391374 ], [ 131.332565417483693, 33.059568167170546 ], [ 131.333010662433793, 33.059594135015693 ], [ 131.332916600326598, 33.060032954301946 ], [ 131.333360548368063, 33.060330606821047 ], [ 131.333645387798384, 33.059710811140285 ], [ 131.33413171176727, 33.059620238251341 ], [ 131.334451298341179, 33.059048864943762 ], [ 131.335888440375015, 33.059920075868355 ], [ 131.338382065482904, 33.062189448628402 ], [ 131.341059528418185, 33.062947544235101 ], [ 131.341850713509785, 33.062937417147666 ], [ 131.342238955964973, 33.063474501590235 ], [ 131.342953928907093, 33.06397082203118 ], [ 131.344239350685143, 33.064338006630713 ], [ 131.345610551210825, 33.064222622301472 ], [ 131.346234266309153, 33.065096113323996 ] ] ] } },
{ "type": "Feature", "properties": { "CITY_NAME": "竹田市", "S_NAME": "直入町大字長湯", "JINKO": 1338, "medical_area": "44_豊肥医療圏", "町丁目名": "竹田市直入町大字長湯" }, "geometry": { "type": "Polygon", "coordinates": [ [ [ 131.370642598044356, 33.123477213025332 ], [ 131.370568070828682, 33.122907143394826 ], [ 131.370917478825419, 33.122666761256745 ], [ 131.370091624665719, 33.121847165252284 ], [ 131.370183401679071, 33.121612752892055 ], [ 131.371537173172754, 33.121462243545388 ], [ 131.37282019465502, 33.120788568845491 ], [ 131.374820132264546, 33.120892706675718 ], [ 131.375366645428699, 33.120811093873442 ], [ 131.375099012987221, 33.12059047424119 ], [ 131.375598617958246, 33.120522669387199 ], [ 131.375809850081481, 33.12032828693733 ], [ 131.377018614601837, 33.120332271661859 ], [ 131.375113852989926, 33.114914521979976 ], [ 131.375539664987372, 33.114667900410794 ], [ 131.376247707440342, 33.11468328857746 ], [ 131.376238962416664, 33.113850955329795 ], [ 131.37690130288405, 33.113526955232594 ], [ 131.377484132187448, 33.113481372280489 ], [ 131.378303501100788, 33.110940170120799 ], [ 131.375226778453452, 33.105993558717671 ], [ 131.377380623803475, 33.102058605427139 ], [ 131.384142165276074, 33.098498042394205 ], [ 131.388398736979099, 33.094721746029684 ], [ 131.39286415334584, 33.094725420634497 ], [ 131.39555888173021, 33.092739263674211 ], [ 131.403149305514148, 33.088121827367779 ], [ 131.406681805232864, 33.087887014832738 ], [ 131.409493328792848, 33.085101435583688 ], [ 131.409690659676926, 33.084190414747027 ], [ 131.407881803441512, 33.083582719233661 ], [ 131.406026815442431, 33.082583904198657 ], [ 131.404343473930396, 33.082026674257996 ], [ 131.403553475076961, 33.081398826659822 ], [ 131.404221788143474, 33.081084177527522 ], [ 131.405070633425566, 33.078417057016317 ], [ 131.404190720271117, 33.078204038880742 ], [ 131.403919191757097, 33.077414489882095 ], [ 131.402645427748638, 33.076153464571924 ], [ 131.402609953029497, 33.075368532403175 ], [ 131.402249007563313, 33.074818755972181 ], [ 131.401925201987353, 33.074860606584302 ], [ 131.401559356336946, 33.073245493503066 ], [ 131.401090258894612, 33.073315721654218 ], [ 131.400785663339292, 33.073651765495349 ], [ 131.39950961533296, 33.073828743467807 ], [ 131.398206050028222, 33.072650569931952 ], [ 131.397284240167096, 33.072575909573949 ], [ 131.396900567205478, 33.071273774087018 ], [ 131.396688341199166, 33.071212390921929 ], [ 131.396394736679042, 33.071492602626478 ], [ 131.395989017503467, 33.071431821065516 ], [ 131.393056760894922, 33.069947636660942 ], [ 131.392674769106264, 33.069017866390375 ], [ 131.392809054811352, 33.067251686121672 ], [ 131.38790563817156, 33.060820334928238 ], [ 131.383985915390866, 33.053295960173322 ], [ 131.383892966751915, 33.04566622981315 ], [ 131.384852492180215, 33.044546395291967 ], [ 131.387404980564526, 33.042108083029177 ], [ 131.388628873198542, 33.037457837826544 ], [ 131.389074893947452, 33.036973379899294 ], [ 131.39045282023568, 33.036104038574024 ], [ 131.391521985758231, 33.035083998934375 ], [ 131.39177135678176, 33.03397790041155 ], [ 131.391736228767968, 33.032623619837146 ], [ 131.392262548238222, 33.031545393855431 ], [ 131.39220063920726, 33.030988200161978 ], [ 131.390886122208457, 33.031070698758256 ], [ 131.390302893304494, 33.031349383843207 ], [ 131.389315330205704, 33.030996862708911 ], [ 131.388046832664031, 33.031171112551043 ], [ 131.387059066804198, 33.03076992504937 ], [ 131.386320893831936, 33.030835931419844 ], [ 131.384735310396451, 33.030509547405956 ], [ 131.384159585346083, 33.030616735662463 ], [ 131.383032889197978, 33.03050088089325 ], [ 131.382698894349232, 33.029896071775852 ], [ 131.382299325802563, 33.029716587369073 ], [ 131.380641463204654, 33.029514304181497 ], [ 131.379758502380241, 33.029932279413416 ], [ 131.379051042168015, 33.02943675897847 ], [ 131.377616434811074, 33.02913278525034 ], [ 131.376700870420535, 33.028675427066716 ], [ 131.3759806425835, 33.027447853290667 ], [ 131.375531794025818, 33.026980716762651 ], [ 131.374061259585631, 33.025608980153308 ], [ 131.373115973882165, 33.025151698950367 ], [ 131.372796721374669, 33.024801285913576 ], [ 131.37255695022094, 33.024459016455225 ], [ 131.372268682108171, 33.023318069892049 ], [ 131.370871465869584, 33.023698506703944 ], [ 131.369683836624773, 33.023593089714126 ], [ 131.36914139119088, 33.023178774108075 ], [ 131.368855136544113, 33.022179452704101 ], [ 131.36764341284686, 33.021935437046977 ], [ 131.366205487226154, 33.02241002423802 ], [ 131.364004070194653, 33.021604407249171 ], [ 131.363592687339406, 33.021605600062166 ], [ 131.363381242957075, 33.021635924085075 ], [ 131.363218090521514, 33.02198299118588 ], [ 131.362721423517343, 33.023645920841901 ], [ 131.362944475175254, 33.024234083332153 ], [ 131.363890735487331, 33.024731706271609 ], [ 131.36398997427051, 33.025143335084238 ], [ 131.363390017910859, 33.027090927903409 ], [ 131.363223371323841, 33.028190694638816 ], [ 131.362215917524509, 33.029990375092993 ], [ 131.362741616002609, 33.030428564953098 ], [ 131.363063790187113, 33.031385398847441 ], [ 131.364266356616753, 33.03250140830275 ], [ 131.364765456218294, 33.032669272379628 ], [ 131.365244501081037, 33.033206899594383 ], [ 131.365929605732475, 33.03429900499583 ], [ 131.366118485982014, 33.034885857864211 ], [ 131.366530396177637, 33.035303975933715 ], [ 131.365521598899221, 33.035813551433584 ], [ 131.363321952766654, 33.036315440201143 ], [ 131.361774952331416, 33.037153946052307 ], [ 131.361200702155884, 33.037767680922144 ], [ 131.360049976801207, 33.038122988528436 ], [ 131.35929816267199, 33.037988391731091 ], [ 131.357825060452512, 33.038021770150287 ], [ 131.356212902676219, 33.037255123792256 ], [ 131.355299592244364, 33.03703801106969 ], [ 131.35454066377784, 33.037120875844472 ], [ 131.354050245179195, 33.037738827622341 ], [ 131.35431333361413, 33.038921868058175 ], [ 131.354265782726372, 33.039704469963233 ], [ 131.353482363668519, 33.041004822041131 ], [ 131.353866837753912, 33.041216724177751 ], [ 131.354132595709558, 33.041729389382269 ], [ 131.353810021474374, 33.042344624133406 ], [ 131.354272491129251, 33.043083182708067 ], [ 131.353680336516362, 33.044252952005557 ], [ 131.353886647067725, 33.044886865484116 ], [ 131.353731623856845, 33.046441012784193 ], [ 131.353012264310905, 33.048124541073214 ], [ 131.352928687963555, 33.04888258323767 ], [ 131.351402839732998, 33.051115423856835 ], [ 131.351375858300656, 33.051368851225362 ], [ 131.352023472005214, 33.053097854287472 ], [ 131.351879981627263, 33.055882826358783 ], [ 131.353119170728803, 33.056412263529786 ], [ 131.35375072412981, 33.056993380007356 ], [ 131.353486251881975, 33.057614466498904 ], [ 131.35363558341183, 33.058138124085822 ], [ 131.353529808992562, 33.058445028759586 ], [ 131.353887277948274, 33.05856879718614 ], [ 131.353949874311439, 33.058855616837619 ], [ 131.354511027677574, 33.059044761172508 ], [ 131.354060379515772, 33.059470299526822 ], [ 131.354082652080507, 33.060008568898496 ], [ 131.354857576619537, 33.060147207755776 ], [ 131.355479150167128, 33.060077704576031 ], [ 131.355962366506049, 33.060386503720878 ], [ 131.355510170673398, 33.060947509170546 ], [ 131.355733364290558, 33.061390743140102 ], [ 131.355619022093151, 33.06193653538103 ], [ 131.354560180489784, 33.062590179373764 ], [ 131.35343176591573, 33.062798354200581 ], [ 131.353293547615976, 33.063203390918105 ], [ 131.352031385416268, 33.06410267170159 ], [ 131.351742664254971, 33.064513380421516 ], [ 131.352119428392683, 33.06477862678576 ], [ 131.352298623465032, 33.065192648141981 ], [ 131.352034660660394, 33.065957585048395 ], [ 131.351383457554732, 33.066927403580827 ], [ 131.351233147198457, 33.067546135307488 ], [ 131.351831467918089, 33.068834335646869 ], [ 131.352268198977015, 33.069286989804716 ], [ 131.352511218138403, 33.069818928340339 ], [ 131.352144417189919, 33.071366887925521 ], [ 131.351596876362265, 33.071778325916 ], [ 131.350372111642798, 33.072177760382168 ], [ 131.34928281887565, 33.073065433354742 ], [ 131.348706980299482, 33.073289354868834 ], [ 131.348450098824287, 33.074454907995865 ], [ 131.347414972844035, 33.074791267087321 ], [ 131.34607203602917, 33.074561094036262 ], [ 131.345428443959122, 33.074706457729782 ], [ 131.344971993515372, 33.075539083921285 ], [ 131.344872801048609, 33.076569878390075 ], [ 131.343826523678786, 33.076179080326916 ], [ 131.342817289791952, 33.076100801714738 ], [ 131.342045202373555, 33.076485016487254 ], [ 131.341725935412114, 33.077208420827695 ], [ 131.341346799645919, 33.077406297927865 ], [ 131.340535917609884, 33.077371463970209 ], [ 131.3385331515438, 33.078087856504979 ], [ 131.337372115239731, 33.077919626751466 ], [ 131.336758599116763, 33.077664235124828 ], [ 131.336125639715704, 33.078439404290002 ], [ 131.335552816167109, 33.078748950779158 ], [ 131.335332959018899, 33.079208064443321 ], [ 131.333659191318418, 33.079953622569555 ], [ 131.332927426556211, 33.080460413528911 ], [ 131.331629010437894, 33.080832852094119 ], [ 131.331460268781115, 33.081127953970302 ], [ 131.33132823645451, 33.082708745015594 ], [ 131.330151488337037, 33.083823522367808 ], [ 131.329938802460873, 33.084431258766571 ], [ 131.327752015978064, 33.085137958924051 ], [ 131.326930562441675, 33.08616011159598 ], [ 131.324022534128886, 33.087939467544643 ], [ 131.323075664479802, 33.089198302078778 ], [ 131.321647098037317, 33.090259982041857 ], [ 131.319703301716117, 33.090498325164099 ], [ 131.319111645180868, 33.090268390567125 ], [ 131.316261715215489, 33.091103610241134 ], [ 131.314960200113859, 33.091870738671972 ], [ 131.314827452487748, 33.092374266061604 ], [ 131.314986258395408, 33.093356949451653 ], [ 131.314861789928983, 33.094074374847764 ], [ 131.314355644859631, 33.094645546822377 ], [ 131.313096658153057, 33.094715180284908 ], [ 131.312925029067202, 33.094881819057633 ], [ 131.312971642108266, 33.096073745046226 ], [ 131.312580048963952, 33.097105288991692 ], [ 131.31190747054049, 33.097908443223837 ], [ 131.311435139404153, 33.099307501286553 ], [ 131.312324772807784, 33.100254465041971 ], [ 131.312496959495689, 33.100856391552362 ], [ 131.311891746888563, 33.103595915449766 ], [ 131.311861739567746, 33.10431397046429 ], [ 131.311498449804759, 33.105270737041884 ], [ 131.311919043795513, 33.105334264574921 ], [ 131.312432224785567, 33.106016917672804 ], [ 131.313108769722959, 33.105181958923133 ], [ 131.314651799511267, 33.105137539353166 ], [ 131.315016099812595, 33.105258283481255 ], [ 131.315338314808344, 33.105862147486192 ], [ 131.316142207662409, 33.105665177206198 ], [ 131.317128129668959, 33.105843122437733 ], [ 131.318118606985252, 33.106678425551451 ], [ 131.318339588332151, 33.107237644838563 ], [ 131.319544370912013, 33.10679080570997 ], [ 131.320568597821108, 33.106662953359155 ], [ 131.32214576267512, 33.107459898414625 ], [ 131.324955843090692, 33.107708559476151 ], [ 131.326062484754289, 33.10795795332443 ], [ 131.327613179142503, 33.108677546551078 ], [ 131.328467580776106, 33.108807872636497 ], [ 131.329544678036882, 33.109348231306143 ], [ 131.331954500465514, 33.109108001252437 ], [ 131.332519837739341, 33.109220662784296 ], [ 131.333366773417396, 33.109686094252709 ], [ 131.332916846918323, 33.106618114496897 ], [ 131.333262940938994, 33.106333235591158 ], [ 131.334846366811831, 33.105667100087608 ], [ 131.335685640292525, 33.105020925879025 ], [ 131.336266464220017, 33.105195320074372 ], [ 131.33706916648265, 33.104937179469999 ], [ 131.337312387003664, 33.105116483499664 ], [ 131.337652972751016, 33.105887437972818 ], [ 131.338568795775984, 33.106600832189258 ], [ 131.339904641318412, 33.106828902213543 ], [ 131.34080207660233, 33.106634693189321 ], [ 131.342112489168898, 33.106918701384402 ], [ 131.342878945500956, 33.106800362195038 ], [ 131.343979729185946, 33.106480631356355 ], [ 131.344971415415017, 33.105652782418154 ], [ 131.345461236849133, 33.105471283165926 ], [ 131.347782040611378, 33.106176579697149 ], [ 131.348375507356906, 33.105988969195202 ], [ 131.349056788397974, 33.10530139794362 ], [ 131.349473612131874, 33.105875461614119 ], [ 131.350915363647545, 33.106170606954272 ], [ 131.352241827019526, 33.106143587503496 ], [ 131.353169369362263, 33.106570918619475 ], [ 131.353881161801041, 33.107466604504367 ], [ 131.354808563212998, 33.107853236565042 ], [ 131.35532663000717, 33.108673937529602 ], [ 131.356248551847841, 33.109409211219656 ], [ 131.356490408651069, 33.109414324734075 ], [ 131.356817745869421, 33.110064154351285 ], [ 131.357551567904864, 33.110410657349938 ], [ 131.357968678699365, 33.111055574298426 ], [ 131.357772807224734, 33.111594993966214 ], [ 131.357273550911088, 33.112017713961428 ], [ 131.354347830052745, 33.113831289513207 ], [ 131.352574069400049, 33.116030952257482 ], [ 131.351938461477062, 33.116608352186027 ], [ 131.35191008981181, 33.116799475888151 ], [ 131.352728442565734, 33.118220174132752 ], [ 131.353084368864728, 33.119454814011824 ], [ 131.354690193916667, 33.11946984148824 ], [ 131.356218718562531, 33.118803676761416 ], [ 131.358176446035628, 33.119191243642007 ], [ 131.359365416435821, 33.119109552533494 ], [ 131.359687690436971, 33.119222775972673 ], [ 131.360953127035714, 33.12000556195315 ], [ 131.36162595048151, 33.120976124887861 ], [ 131.361748612360088, 33.121457801089662 ], [ 131.361073882797911, 33.122474594151718 ], [ 131.359960895847451, 33.123319286582834 ], [ 131.359388111138998, 33.12467405900432 ], [ 131.362399038945995, 33.123908324389348 ], [ 131.365661730160866, 33.123478422272967 ], [ 131.36667885265615, 33.124304232524928 ], [ 131.36636798069182, 33.125429827950811 ], [ 131.366617099776079, 33.126232087635501 ], [ 131.366875143948846, 33.126503687276013 ], [ 131.368592850982935, 33.125228324394648 ], [ 131.370817409602807, 33.124429769086682 ], [ 131.370934150576886, 33.123870871167469 ], [ 131.370642598044356, 33.123477213025332 ] ] ] } },
{ "type": "Feature", "properties": { "CITY_NAME": "竹田市", "S_NAME": "直入町大字神堤", "JINKO": 57, "medical_area": "44_豊肥医療圏", "町丁目名": "竹田市直入町大字神堤" }, "geometry": { "type": "Polygon", "coordinates": [ [ [ 131.399282130584226, 33.072609470972374 ], [ 131.399344567903654, 33.072032566107076 ], [ 131.400043683956198, 33.071493362256213 ], [ 131.400068979276767, 33.07116788016566 ], [ 131.40101772440326, 33.07019830031269 ], [ 131.401172698448534, 33.069394278201869 ], [ 131.400701935188323, 33.068829579031181 ], [ 131.40073981955959, 33.068660243540158 ], [ 131.401327092919786, 33.068986665025157 ], [ 131.402030006804978, 33.068015482245109 ], [ 131.403389715320941, 33.067008318116955 ], [ 131.404046547593197, 33.066094596747746 ], [ 131.404955982065502, 33.065703750758075 ], [ 131.402923127082317, 33.064470610143836 ], [ 131.402628415870424, 33.063832769928254 ], [ 131.401514954375955, 33.06343358563209 ], [ 131.400773184133755, 33.062932512018293 ], [ 131.399366654795557, 33.06245852986455 ], [ 131.398329351025637, 33.062399004894921 ], [ 131.397090672659942, 33.062435972076962 ], [ 131.39595397016663, 33.062864182522198 ], [ 131.395585625404721, 33.062261436038668 ], [ 131.394891201411326, 33.061818638234321 ], [ 131.395383403504354, 33.061426583412135 ], [ 131.395626572565703, 33.060665127342062 ], [ 131.396983724550296, 33.060602058686101 ], [ 131.397625806816222, 33.06027691895158 ], [ 131.398049441001916, 33.060424820561956 ], [ 131.398763225873722, 33.059921351645706 ], [ 131.39850043692195, 33.059497308734663 ], [ 131.397551160027518, 33.058918560840731 ], [ 131.397789659874832, 33.058812152085615 ], [ 131.397990978516276, 33.058283567994074 ], [ 131.398630203344311, 33.057779051447028 ], [ 131.399092311642875, 33.056741501724233 ], [ 131.400229046277559, 33.057079134561647 ], [ 131.400508798321397, 33.057543959208175 ], [ 131.400946930263274, 33.057772071442976 ], [ 131.402353214122684, 33.05672638136496 ], [ 131.403037723632991, 33.056989955141674 ], [ 131.404094337958213, 33.057875467172934 ], [ 131.406779003233908, 33.057306815896638 ], [ 131.406734642109654, 33.056994739494449 ], [ 131.405418163289227, 33.055573388285431 ], [ 131.40527491997392, 33.054744273595425 ], [ 131.404508748667837, 33.054376478717955 ], [ 131.403981783348627, 33.054385924386096 ], [ 131.402974868359308, 33.053639585698413 ], [ 131.402511831150463, 33.052892768474734 ], [ 131.402146742078429, 33.05145410683874 ], [ 131.402225067492651, 33.051157112284002 ], [ 131.403206790143457, 33.050430148604725 ], [ 131.404022079785989, 33.050152716405201 ], [ 131.404595743070615, 33.049642525273192 ], [ 131.405592155679784, 33.04944189315593 ], [ 131.406127323454996, 33.048958155749375 ], [ 131.405864216716481, 33.048683089878111 ], [ 131.405149559261844, 33.048419074554729 ], [ 131.404624677264223, 33.04788278184818 ], [ 131.403373398812676, 33.047830364647716 ], [ 131.402227750235113, 33.048193075355982 ], [ 131.400393297372119, 33.04728108512812 ], [ 131.400441130389055, 33.047148957916448 ], [ 131.401783851894919, 33.046683919742712 ], [ 131.402132490149853, 33.046284458668701 ], [ 131.402137210365936, 33.046063686963443 ], [ 131.401880738470169, 33.045744162308395 ], [ 131.399132094909021, 33.044993491018928 ], [ 131.398879965880809, 33.044428648418148 ], [ 131.398303593387851, 33.044304101033013 ], [ 131.397784381814688, 33.043694422757177 ], [ 131.397748465947842, 33.043465287132364 ], [ 131.398184954186945, 33.04314206725639 ], [ 131.398657759828524, 33.042360224511498 ], [ 131.398381940798316, 33.041465701977998 ], [ 131.397465304007312, 33.040218260345874 ], [ 131.397180610387295, 33.040085477300686 ], [ 131.3952610546892, 33.040036541705021 ], [ 131.394145370675574, 33.038996417287166 ], [ 131.392575406484355, 33.038668847472948 ], [ 131.392039276989237, 33.038370589014299 ], [ 131.39167972861884, 33.037895389757303 ], [ 131.390267371543104, 33.037916675363917 ], [ 131.389860269943853, 33.038140393883822 ], [ 131.388594471101754, 33.037518607893425 ], [ 131.387404980564526, 33.042108083029177 ], [ 131.384852492180215, 33.044546395291967 ], [ 131.383892966751915, 33.04566622981315 ], [ 131.383985915390866, 33.053295960173322 ], [ 131.38790563817156, 33.060820334928238 ], [ 131.392809054811352, 33.067251686121672 ], [ 131.392674769106264, 33.069017866390375 ], [ 131.393056760894922, 33.069947636660942 ], [ 131.395989017503467, 33.071431821065516 ], [ 131.396394736679042, 33.071492602626478 ], [ 131.396688341199166, 33.071212390921929 ], [ 131.396900567205478, 33.071273774087018 ], [ 131.397284240167096, 33.072575909573949 ], [ 131.398206050028222, 33.072650569931952 ], [ 131.399271331957692, 33.073677730896428 ], [ 131.399455618121948, 33.073178106197204 ], [ 131.399282130584226, 33.072609470972374 ] ] ] } },
{ "type": "Feature", "properties": { "CITY_NAME": "竹田市", "S_NAME": "直入町大字上田北", "JINKO": 357, "medical_area": "44_豊肥医療圏", "町丁目名": "竹田市直入町大字上田北" }, "geometry": { "type": "Polygon", "coordinates": [ [ [ 131.394211156812617, 33.124572198787106 ], [ 131.395136111859159, 33.12457837066313 ], [ 131.395582410043858, 33.123892200650545 ], [ 131.396372602604941, 33.123803932005785 ], [ 131.396620903120208, 33.123400351351911 ], [ 131.396969130120084, 33.123230323076108 ], [ 131.397211817160525, 33.123290619857492 ], [ 131.397139741785622, 33.123737817614 ], [ 131.39749213966661, 33.123814653596732 ], [ 131.397790985612062, 33.123657779775293 ], [ 131.398180170365947, 33.12298349118646 ], [ 131.399754758275918, 33.122903090217342 ], [ 131.39977509401308, 33.121933725756122 ], [ 131.399945136847208, 33.121640838647053 ], [ 131.400735845092555, 33.121332951208501 ], [ 131.400864641002642, 33.121129849899361 ], [ 131.400589912804463, 33.120475878467353 ], [ 131.400624410218825, 33.120173403925001 ], [ 131.401304325592662, 33.119805731628958 ], [ 131.401509280496072, 33.119329928197516 ], [ 131.4029863419116, 33.11977079357488 ], [ 131.403979809560695, 33.119659336039156 ], [ 131.404980222057446, 33.119245611761812 ], [ 131.405008679105208, 33.118896894558503 ], [ 131.405434379379187, 33.118421732809615 ], [ 131.407291427960445, 33.119197944800248 ], [ 131.408038449035473, 33.118320224623922 ], [ 131.408997016403873, 33.118160875008826 ], [ 131.410031401040925, 33.117769904897195 ], [ 131.410064684429528, 33.117318947544078 ], [ 131.411261154192658, 33.117008754731174 ], [ 131.411500073717207, 33.11676339023667 ], [ 131.411217871889193, 33.115854111146618 ], [ 131.411361435070233, 33.115202870453722 ], [ 131.412362686351486, 33.11531439699862 ], [ 131.413538807778536, 33.114535604315087 ], [ 131.414274767725743, 33.114487160952017 ], [ 131.41537134519956, 33.115031766143929 ], [ 131.416609603987268, 33.115384724324215 ], [ 131.417332463805508, 33.116427424166439 ], [ 131.419690845937481, 33.116402362533705 ], [ 131.420928978639637, 33.114064212326902 ], [ 131.421207581572475, 33.111955100283623 ], [ 131.418871974970727, 33.109354022575538 ], [ 131.416342598837986, 33.105237527036493 ], [ 131.415891517573613, 33.103527083022414 ], [ 131.414326357622429, 33.102591620435625 ], [ 131.41431500573421, 33.099095816054664 ], [ 131.41552660495455, 33.095506954540127 ], [ 131.416175318631588, 33.094855192793602 ], [ 131.417947567896363, 33.094546248311424 ], [ 131.41823641587365, 33.093754120881314 ], [ 131.41824133570131, 33.092963149841843 ], [ 131.418851186172617, 33.092542791324526 ], [ 131.418508587766894, 33.092224257647693 ], [ 131.417440544738582, 33.091914714275099 ], [ 131.415570871403958, 33.090645593818834 ], [ 131.415374234221531, 33.090350816428966 ], [ 131.415552639632892, 33.08966052590732 ], [ 131.415462955719022, 33.089506855794419 ], [ 131.412725174464441, 33.088463005300937 ], [ 131.412394042098271, 33.08802967898238 ], [ 131.411526103590489, 33.085738583632697 ], [ 131.41092478078437, 33.08493122936229 ], [ 131.410256469094492, 33.084355678441483 ], [ 131.409690659676926, 33.084190414747027 ], [ 131.409493328792848, 33.085101435583688 ], [ 131.406681805232864, 33.087887014832738 ], [ 131.403149305514148, 33.088121827367779 ], [ 131.39555888173021, 33.092739263674211 ], [ 131.39286415334584, 33.094725420634497 ], [ 131.388398736979099, 33.094721746029684 ], [ 131.384142165276074, 33.098498042394205 ], [ 131.377380623803475, 33.102058605427139 ], [ 131.375226778453452, 33.105993558717671 ], [ 131.378303501100817, 33.110940170120777 ], [ 131.377484132187419, 33.113481372280489 ], [ 131.37690130288405, 33.113526955232572 ], [ 131.376238962416664, 33.113850955329795 ], [ 131.376247707440342, 33.11468328857746 ], [ 131.375539664987343, 33.114667900410794 ], [ 131.375113852989926, 33.114914521979976 ], [ 131.377018614601837, 33.120332271661859 ], [ 131.375809850081481, 33.12032828693733 ], [ 131.375598617958246, 33.120522669387199 ], [ 131.375099012987221, 33.12059047424119 ], [ 131.375366645428699, 33.120811093873442 ], [ 131.374820132264546, 33.120892706675718 ], [ 131.37282019465502, 33.120788568845491 ], [ 131.371537173172754, 33.121462243545388 ], [ 131.370183401679071, 33.121612752892055 ], [ 131.370072898861878, 33.121803868652705 ], [ 131.370917478825419, 33.122666761256745 ], [ 131.370631524253099, 33.1227959603359 ], [ 131.370556276288511, 33.123038989198648 ], [ 131.370642598044356, 33.123477213025332 ], [ 131.370934150576886, 33.123870871167469 ], [ 131.370817409602807, 33.124429769086682 ], [ 131.371314754063604, 33.124365514252446 ], [ 131.371544393036913, 33.1245103983468 ], [ 131.370918373168962, 33.125728521571354 ], [ 131.370755581657988, 33.126486895569876 ], [ 131.371545604388785, 33.127047000408034 ], [ 131.371822848794068, 33.127924534772291 ], [ 131.372754187195966, 33.128387236120425 ], [ 131.373098430704601, 33.129513947737301 ], [ 131.37291435082264, 33.130403963618356 ], [ 131.373125463235027, 33.131231823777931 ], [ 131.373410713405974, 33.131652129783291 ], [ 131.374636756241188, 33.132432602728336 ], [ 131.374505370069414, 33.133305832560232 ], [ 131.375058998501032, 33.134060599848226 ], [ 131.375009481325662, 33.134819981933695 ], [ 131.37525257908743, 33.135403896678426 ], [ 131.37632239143224, 33.136622611268592 ], [ 131.376691505780457, 33.138929628086309 ], [ 131.377035454803291, 33.139967654530146 ], [ 131.383001030049172, 33.139779526011317 ], [ 131.390151429062627, 33.130440401381264 ], [ 131.392569945988953, 33.128974140390881 ], [ 131.393318050517053, 33.127926663844114 ], [ 131.393893723973974, 33.127602854534793 ], [ 131.393938828277697, 33.126858581803532 ], [ 131.394512434527854, 33.126327940109007 ], [ 131.394181511859728, 33.125888519358774 ], [ 131.394244054135385, 33.125019065138474 ], [ 131.394060552698079, 33.124733792438121 ], [ 131.394211156812617, 33.124572198787106 ] ] ] } },
{ "type": "Feature", "properties": { "CITY_NAME": "竹田市", "S_NAME": "直入町大字下田北", "JINKO": 211, "medical_area": "44_豊肥医療圏", "町丁目名": "竹田市直入町大字下田北" }, "geometry": { "type": "Polygon", "coordinates": [ [ [ 131.406579455576207, 33.153252763044833 ], [ 131.413655358838554, 33.152987942999516 ], [ 131.416784965935136, 33.154042821349414 ], [ 131.418267533128642, 33.153194721267319 ], [ 131.418917605585307, 33.153111636800062 ], [ 131.4205473122162, 33.15250148962469 ], [ 131.420971887251085, 33.152102406168595 ], [ 131.422127952905043, 33.152631198131715 ], [ 131.42342291450916, 33.153840244526485 ], [ 131.424002430395888, 33.153866694752764 ], [ 131.424320271904264, 33.153711264354257 ], [ 131.424382280705146, 33.152214393105531 ], [ 131.424571644123404, 33.152085360420287 ], [ 131.425265471847979, 33.152277145488775 ], [ 131.425626351906857, 33.152181995758035 ], [ 131.426323430436526, 33.150588165948477 ], [ 131.427150970580897, 33.150507696155593 ], [ 131.42756685821189, 33.150204915248317 ], [ 131.428222284539089, 33.150302895270201 ], [ 131.428381353135194, 33.149861933287298 ], [ 131.428716253085838, 33.149663163461263 ], [ 131.429644572848815, 33.149582359409663 ], [ 131.430337553450499, 33.149800181490711 ], [ 131.431079351913723, 33.149561820570838 ], [ 131.431749504501596, 33.149743501744254 ], [ 131.434078838854361, 33.148986242528139 ], [ 131.435014215728813, 33.149166982038793 ], [ 131.435001537196371, 33.150854730025678 ], [ 131.435214180972395, 33.151296280178919 ], [ 131.435706850812124, 33.151756296603899 ], [ 131.437113335649485, 33.152277419405706 ], [ 131.437390863615832, 33.151717516001547 ], [ 131.438096387783219, 33.151342430383224 ], [ 131.440640738996365, 33.151310985161032 ], [ 131.444290777772096, 33.150556961695308 ], [ 131.447784424907383, 33.150179068250559 ], [ 131.448469286442048, 33.149780496283924 ], [ 131.448696092703671, 33.148898250007356 ], [ 131.449721744374102, 33.148483830866027 ], [ 131.44997924670767, 33.147490386187798 ], [ 131.450870578801386, 33.147342471352893 ], [ 131.451470637404981, 33.147021651628357 ], [ 131.452336937809036, 33.146135247361734 ], [ 131.453461218438179, 33.145928467683234 ], [ 131.453579384694962, 33.145466326794157 ], [ 131.454816940679649, 33.144356702526466 ], [ 131.455188507175137, 33.143684978408537 ], [ 131.456841320509483, 33.141677576761559 ], [ 131.458013518518982, 33.138822667017791 ], [ 131.456916150602808, 33.139476688057343 ], [ 131.455449899789244, 33.141628176013988 ], [ 131.45440142376188, 33.142241373777075 ], [ 131.45382623792824, 33.142847235658792 ], [ 131.453314895600414, 33.143070426552619 ], [ 131.4522277123923, 33.142960885989602 ], [ 131.450512497570855, 33.141284629686723 ], [ 131.450250436039653, 33.141202920797845 ], [ 131.448997067109275, 33.1415302158752 ], [ 131.447409675144655, 33.142990611053804 ], [ 131.445956394022375, 33.142701899153138 ], [ 131.444143488875483, 33.142684684160436 ], [ 131.443482590918933, 33.142349037744843 ], [ 131.44241638172511, 33.140544580920043 ], [ 131.441118413376927, 33.139805587699279 ], [ 131.440770007182152, 33.139259261843677 ], [ 131.439918261605868, 33.136919998596419 ], [ 131.439326367838419, 33.13590133610478 ], [ 131.436557949783634, 33.134447518621016 ], [ 131.430553394971128, 33.131997614218193 ], [ 131.429573763767934, 33.13138246779296 ], [ 131.427361986685241, 33.127608180119957 ], [ 131.427355602928685, 33.127310504036501 ], [ 131.428709295656205, 33.12386848873826 ], [ 131.429111732907927, 33.123391305204152 ], [ 131.429814955785417, 33.122737486481014 ], [ 131.430766933665439, 33.122235667992399 ], [ 131.431399369523916, 33.121432090231941 ], [ 131.431877024654057, 33.121232434606164 ], [ 131.432881576205517, 33.121178874011513 ], [ 131.434047733379941, 33.120033658688349 ], [ 131.434558890780579, 33.119865021760518 ], [ 131.434536521010642, 33.119402048011153 ], [ 131.434257404904201, 33.119027835921202 ], [ 131.433961751964063, 33.117996374881486 ], [ 131.433478145451744, 33.117558921225388 ], [ 131.43239266428364, 33.117155489027581 ], [ 131.432152068679471, 33.116891240814532 ], [ 131.431747647124979, 33.115163250571662 ], [ 131.430973363399062, 33.113530742039949 ], [ 131.43088952122983, 33.112885903390499 ], [ 131.4310579149261, 33.111780303713694 ], [ 131.43122751830191, 33.11151464708599 ], [ 131.431490849081115, 33.111381196999929 ], [ 131.432362744078603, 33.111424486217224 ], [ 131.432880744349546, 33.111141647844406 ], [ 131.433261392517949, 33.109957076110447 ], [ 131.433558690800879, 33.109590366882536 ], [ 131.433574513915431, 33.108941991385407 ], [ 131.43243466893594, 33.107301194183606 ], [ 131.431963705095711, 33.106327152946164 ], [ 131.430789166346784, 33.10514633296215 ], [ 131.430702478299139, 33.103527431128164 ], [ 131.429561267545637, 33.102950105794143 ], [ 131.42912164003053, 33.102549220433993 ], [ 131.428169230996843, 33.100561267094541 ], [ 131.42753228929476, 33.100192983878735 ], [ 131.426023481449533, 33.099762208656045 ], [ 131.424618675482208, 33.099634451008399 ], [ 131.424092688156236, 33.099430250926254 ], [ 131.423641868309147, 33.098868121521164 ], [ 131.4235268798231, 33.097656534384896 ], [ 131.42325592765755, 33.097180010355864 ], [ 131.421613861805127, 33.097056234832223 ], [ 131.418998562129872, 33.09590578006533 ], [ 131.418786662158055, 33.095467381496306 ], [ 131.419380445676182, 33.093959600552999 ], [ 131.419250991462519, 33.093081797469239 ], [ 131.418851186172617, 33.092542791324526 ], [ 131.41824133570131, 33.092963149841843 ], [ 131.41823641587365, 33.093754120881314 ], [ 131.417947567896363, 33.094546248311424 ], [ 131.416175318631588, 33.094855192793602 ], [ 131.41552660495455, 33.095506954540127 ], [ 131.41431500573421, 33.099095816054664 ], [ 131.414326357622429, 33.102591620435625 ], [ 131.415891517573613, 33.103527083022414 ], [ 131.416342598837986, 33.105237527036493 ], [ 131.418871974970727, 33.109354022575538 ], [ 131.421207581572475, 33.111955100283623 ], [ 131.420928978639637, 33.114064212326902 ], [ 131.419690845937481, 33.116402362533705 ], [ 131.417332463805508, 33.116427424166439 ], [ 131.416606372498649, 33.115382929884497 ], [ 131.41537134519956, 33.115031766143929 ], [ 131.41450215992964, 33.114536906766553 ], [ 131.413755092933684, 33.114492501074459 ], [ 131.412362686351486, 33.11531439699862 ], [ 131.411270694677114, 33.115258464339554 ], [ 131.411217871889193, 33.115854111146618 ], [ 131.411509710681372, 33.116657032865028 ], [ 131.411407146221677, 33.116889178128396 ], [ 131.410064684429528, 33.117318947544078 ], [ 131.409950516877473, 33.117811928849882 ], [ 131.408038449035473, 33.118320224623922 ], [ 131.407438566583551, 33.119144996936463 ], [ 131.407053205157212, 33.119160563347741 ], [ 131.405882563841971, 33.118506125993569 ], [ 131.405434379379187, 33.118421732809615 ], [ 131.405008679105208, 33.118896894558503 ], [ 131.404980222057446, 33.119245611761812 ], [ 131.403979809560695, 33.119659336039156 ], [ 131.4029863419116, 33.11977079357488 ], [ 131.401509280496072, 33.119329928197516 ], [ 131.401304325592662, 33.119805731628958 ], [ 131.400624410218825, 33.120173403925001 ], [ 131.400589912804463, 33.120475878467353 ], [ 131.400864641002642, 33.121129849899361 ], [ 131.400735845092555, 33.121332951208501 ], [ 131.399945136847208, 33.121640838647053 ], [ 131.39977509401308, 33.121933725756122 ], [ 131.399754758275918, 33.122903090217342 ], [ 131.398180170365947, 33.12298349118646 ], [ 131.397790985612062, 33.123657779775293 ], [ 131.39749213966661, 33.123814653596732 ], [ 131.397139741785622, 33.123737817614 ], [ 131.397211817160525, 33.123290619857492 ], [ 131.396969130120084, 33.123230323076108 ], [ 131.396620903120208, 33.123400351351911 ], [ 131.396372602604941, 33.123803932005785 ], [ 131.395582410043858, 33.123892200650545 ], [ 131.395136111859159, 33.12457837066313 ], [ 131.394131021035832, 33.124606232235323 ], [ 131.394181511859728, 33.125888519358774 ], [ 131.394512434527854, 33.126327940109007 ], [ 131.393938828277697, 33.126858581803532 ], [ 131.393893723973974, 33.127602854534793 ], [ 131.393318050517053, 33.127926663844114 ], [ 131.392569945988953, 33.128974140390881 ], [ 131.390151429062627, 33.130440401381264 ], [ 131.383001030049172, 33.139779526011317 ], [ 131.377060501372711, 33.139989136873552 ], [ 131.378330619377124, 33.140695225429774 ], [ 131.379020911617118, 33.141784842214079 ], [ 131.379697123500222, 33.142274466310525 ], [ 131.379999994673227, 33.143467521931825 ], [ 131.381456126341305, 33.144755471825988 ], [ 131.382131444676446, 33.144865909912454 ], [ 131.382593532492166, 33.144603523181907 ], [ 131.383327139254192, 33.144733897388498 ], [ 131.387255612374929, 33.145660195691917 ], [ 131.388105955132545, 33.146060847763877 ], [ 131.389256673266686, 33.147575248071028 ], [ 131.389395088054044, 33.148576875359062 ], [ 131.39064438327236, 33.149068661868718 ], [ 131.390563738135853, 33.1493909280872 ], [ 131.390028273813158, 33.149906462727373 ], [ 131.390015027830827, 33.150604224229596 ], [ 131.390505502918614, 33.151890803556284 ], [ 131.390831373452556, 33.152051256885166 ], [ 131.391803949109857, 33.152274029773032 ], [ 131.394742895147971, 33.151969417760874 ], [ 131.3967266973211, 33.152270074359826 ], [ 131.397432688105539, 33.152236912141078 ], [ 131.398477887195241, 33.151482276610722 ], [ 131.40000773535229, 33.151384632979514 ], [ 131.403405520222009, 33.152339455899174 ], [ 131.404282748455586, 33.153162048409101 ], [ 131.405743584891525, 33.154182965419196 ], [ 131.406579455576207, 33.153252763044833 ] ] ] } },
{ "type": "Feature", "properties": { "CITY_NAME": "豊後大野市", "S_NAME": "三重町菅生", "JINKO": 558, "medical_area": "44_豊肥医療圏", "町丁目名": "豊後大野市三重町菅生" }, "geometry": { "type": "Polygon", "coordinates": [ [ [ 131.617677435223328, 33.018666605484491 ], [ 131.618481464461439, 33.01818224956849 ], [ 131.61902501169024, 33.018111988707773 ], [ 131.620733296930638, 33.01740560362115 ], [ 131.621316453540487, 33.016741661495089 ], [ 131.62285832141751, 33.015544933186341 ], [ 131.623458627361742, 33.014766920937618 ], [ 131.62240917320679, 33.014056703296539 ], [ 131.622188058970664, 33.013498195317425 ], [ 131.621130361736505, 33.012043385521935 ], [ 131.624973976327595, 33.012354549649238 ], [ 131.626967618820458, 33.012158106605803 ], [ 131.627636369675912, 33.011944312413256 ], [ 131.628572518553597, 33.012374254713812 ], [ 131.629746869876158, 33.012664646575551 ], [ 131.630763664812292, 33.012179579664966 ], [ 131.633672072794525, 33.012397896768384 ], [ 131.634139347786999, 33.01207972181161 ], [ 131.634384597830859, 33.011201785451085 ], [ 131.63524056148762, 33.010464480961147 ], [ 131.635393132745207, 33.009899329145384 ], [ 131.635224065409943, 33.009372461046858 ], [ 131.634899801079143, 33.009036947731069 ], [ 131.633531922900545, 33.0081313630088 ], [ 131.63308646620834, 33.00787708491707 ], [ 131.632243102634931, 33.007939997213505 ], [ 131.631997674152672, 33.007677371307956 ], [ 131.632086861788537, 33.006768062752279 ], [ 131.632985097605228, 33.004866271425207 ], [ 131.632989399707213, 33.003979006191365 ], [ 131.632655448429261, 33.003195026639652 ], [ 131.631611143996167, 33.00291237929158 ], [ 131.630888648843325, 33.002888819473142 ], [ 131.628168842768815, 33.003277246817838 ], [ 131.62747402222476, 33.002384183301899 ], [ 131.626798714418442, 33.001867211081972 ], [ 131.625012160681848, 33.001011424237966 ], [ 131.623750826510957, 32.999837724640642 ], [ 131.62235594503764, 32.9993462093503 ], [ 131.619922649559811, 32.997724633301054 ], [ 131.619170109264246, 32.997324467947607 ], [ 131.618198172555253, 32.997345725525072 ], [ 131.616318707049885, 32.996935904357976 ], [ 131.616256676041246, 32.998387155794241 ], [ 131.617816913873668, 32.999346774946737 ], [ 131.616403643946938, 33.00093778642826 ], [ 131.615600317299567, 33.000515764998859 ], [ 131.615181255489006, 33.002500764160963 ], [ 131.61488808989381, 33.003219111784794 ], [ 131.614265291322369, 33.003266791302167 ], [ 131.613577688622684, 33.003615813280234 ], [ 131.612375553032223, 33.00489736075231 ], [ 131.61171197547003, 33.006350858102614 ], [ 131.611595749016971, 33.007702049481175 ], [ 131.610497823393473, 33.009139156789232 ], [ 131.61029420349891, 33.009846832233087 ], [ 131.612001204959142, 33.012710186454854 ], [ 131.612472491035362, 33.012859021083578 ], [ 131.613208952821992, 33.012781892877726 ], [ 131.613779934084164, 33.013151087083735 ], [ 131.61411513120143, 33.013673073777397 ], [ 131.614011970572591, 33.014635827824485 ], [ 131.614791142051104, 33.014849432295591 ], [ 131.615955554522372, 33.015798620180583 ], [ 131.616157068439463, 33.015688916564706 ], [ 131.616516915180085, 33.015778230256409 ], [ 131.617103458963385, 33.01687128082331 ], [ 131.617148876010702, 33.01788766130408 ], [ 131.617677435223328, 33.018666605484491 ] ] ] } },
{ "type": "Feature", "properties": { "CITY_NAME": "豊後大野市", "S_NAME": "三重町井迫", "JINKO": 132, "medical_area": "44_豊肥医療圏", "町丁目名": "豊後大野市三重町井迫" }, "geometry": { "type": "Polygon", "coordinates": [ [ [ 131.598603653997799, 33.018461133637537 ], [ 131.600826635908106, 33.018606850709979 ], [ 131.601387298485292, 33.018191644545873 ], [ 131.601546886703858, 33.017797335156594 ], [ 131.603237141081735, 33.016898564651939 ], [ 131.603922777201745, 33.017210091453116 ], [ 131.60481590775791, 33.017311411198875 ], [ 131.605300231484534, 33.017665336771728 ], [ 131.605504979398063, 33.018124167400188 ], [ 131.605904892885405, 33.017524754700695 ], [ 131.607181466873641, 33.016570012900942 ], [ 131.610035602857323, 33.015328747458355 ], [ 131.611425223012361, 33.015232125987033 ], [ 131.612818492023592, 33.015397872066764 ], [ 131.613502764097944, 33.015225549216183 ], [ 131.614011970572591, 33.014635827824485 ], [ 131.61411513120143, 33.013673073777397 ], [ 131.6134669331515, 33.012869712364171 ], [ 131.612001204959142, 33.012710186454854 ], [ 131.610478222264305, 33.011575893413337 ], [ 131.609883474225484, 33.010798950011505 ], [ 131.606839338378279, 33.008546691593523 ], [ 131.603879248287882, 33.007606722662487 ], [ 131.604737136200754, 33.006863219143746 ], [ 131.604792904070337, 33.00650755600018 ], [ 131.604380279504966, 33.00607042677612 ], [ 131.603919616835867, 33.006056309538963 ], [ 131.603595502583602, 33.006517416707126 ], [ 131.602789855560047, 33.00710544380145 ], [ 131.601546809917835, 33.006463960957291 ], [ 131.601395891355622, 33.006013301021703 ], [ 131.599500752460386, 33.003569395658971 ], [ 131.59716740185641, 33.001544205570561 ], [ 131.594996940424579, 32.99993485627504 ], [ 131.594439247507239, 32.99990074102562 ], [ 131.593205009681753, 33.000325411713632 ], [ 131.591808554475392, 32.999757247187119 ], [ 131.591688241301796, 33.001988611543943 ], [ 131.592378392282342, 33.002638961036126 ], [ 131.593664680117087, 33.004578733695887 ], [ 131.59491403370609, 33.007605182312282 ], [ 131.594709239022535, 33.008592092242012 ], [ 131.596040411235492, 33.00950748640971 ], [ 131.596482458691526, 33.010538956989727 ], [ 131.596420738447222, 33.01086651084011 ], [ 131.595651384253586, 33.011976247072923 ], [ 131.595408238997038, 33.013108312237726 ], [ 131.595657657673058, 33.014008137273038 ], [ 131.596143233110354, 33.014923393445059 ], [ 131.596984382935119, 33.017787362418048 ], [ 131.597201799210922, 33.019181944711825 ], [ 131.597001912106833, 33.020491024854913 ], [ 131.597573753555139, 33.020303575020762 ], [ 131.598018989035694, 33.019868202532628 ], [ 131.598367926577509, 33.018690280801231 ], [ 131.598603653997799, 33.018461133637537 ] ] ] } },
{ "type": "Feature", "properties": { "CITY_NAME": "豊後大野市", "S_NAME": "三重町浅瀬", "JINKO": 417, "medical_area": "44_豊肥医療圏", "町丁目名": "豊後大野市三重町浅瀬" }, "geometry": { "type": "Polygon", "coordinates": [ [ [ 131.620934514351603, 33.027870627866683 ], [ 131.620387195417948, 33.025177496399941 ], [ 131.619397336169698, 33.023066008675379 ], [ 131.619192177614764, 33.02081868874739 ], [ 131.6215416500157, 33.018162693145932 ], [ 131.622123365223047, 33.017811637441916 ], [ 131.622938334188177, 33.016907033992666 ], [ 131.623543046242162, 33.015362950956565 ], [ 131.623458627361742, 33.014766920937618 ], [ 131.62285832141751, 33.015544933186341 ], [ 131.621316453540487, 33.016741661495089 ], [ 131.620733296930638, 33.01740560362115 ], [ 131.61902501169024, 33.018111988707773 ], [ 131.618481464461439, 33.01818224956849 ], [ 131.617677435223328, 33.018666605484491 ], [ 131.617148876010702, 33.01788766130408 ], [ 131.617103458963385, 33.01687128082331 ], [ 131.616516915180085, 33.015778230256409 ], [ 131.616157068439463, 33.015688916564706 ], [ 131.615955554522372, 33.015798620180583 ], [ 131.614791142051104, 33.014849432295591 ], [ 131.614011970572591, 33.014635827824485 ], [ 131.613502764097944, 33.015225549216183 ], [ 131.612818492023592, 33.015397872066764 ], [ 131.611425223012361, 33.015232125987033 ], [ 131.610035602857323, 33.015328747458355 ], [ 131.607181466873641, 33.016570012900942 ], [ 131.605904892885405, 33.017524754700695 ], [ 131.605504979398063, 33.018124167400188 ], [ 131.605300231484534, 33.017665336771728 ], [ 131.60481590775791, 33.017311411198875 ], [ 131.603922777201745, 33.017210091453116 ], [ 131.603237141081735, 33.016898564651939 ], [ 131.601546886703858, 33.017797335156594 ], [ 131.601387298485292, 33.018191644545873 ], [ 131.600826635908106, 33.018606850709979 ], [ 131.598603653997799, 33.018461133637537 ], [ 131.598367926577509, 33.018690280801231 ], [ 131.598018989035694, 33.019868202532628 ], [ 131.597573753555139, 33.020303575020762 ], [ 131.596882524745382, 33.020494705057637 ], [ 131.596510794884551, 33.021309455663044 ], [ 131.595796675804763, 33.021872093000724 ], [ 131.595786548686789, 33.022926424801881 ], [ 131.59624149257678, 33.024401084514139 ], [ 131.595690518716225, 33.025394685809587 ], [ 131.598150883129449, 33.025439355552294 ], [ 131.600441932967101, 33.025812556242087 ], [ 131.601829393993739, 33.026204162317306 ], [ 131.604453129475928, 33.027499094782755 ], [ 131.604938609584366, 33.027524940884938 ], [ 131.605158201968919, 33.027210209705267 ], [ 131.605862963946265, 33.02748171112804 ], [ 131.607417959891421, 33.027625900924264 ], [ 131.615161613928564, 33.027654356293219 ], [ 131.617726484011428, 33.027879624350582 ], [ 131.619490493031435, 33.030138586892726 ], [ 131.619643474952937, 33.030541377572739 ], [ 131.619593388281459, 33.031050576202418 ], [ 131.62008729498146, 33.031022213593751 ], [ 131.620907924023783, 33.030393580716122 ], [ 131.620932867405998, 33.029388883172594 ], [ 131.620793254348001, 33.029116166823862 ], [ 131.620934514351603, 33.027870627866683 ] ] ] } },
{ "type": "Feature", "properties": { "CITY_NAME": "豊後大野市", "S_NAME": "三重町宮野", "JINKO": 210, "medical_area": "44_豊肥医療圏", "町丁目名": "豊後大野市三重町宮野" }, "geometry": { "type": "Polygon", "coordinates": [ [ [ 131.63374803762045, 33.0414905697534 ], [ 131.633325525658648, 33.03983713821205 ], [ 131.63219774455402, 33.039066547394299 ], [ 131.632219098268706, 33.038543628124359 ], [ 131.633714929590241, 33.036429002376352 ], [ 131.634857255478948, 33.033503147882051 ], [ 131.635479421607897, 33.032898965561266 ], [ 131.636653369500038, 33.032193033693801 ], [ 131.636606468184596, 33.031724187259812 ], [ 131.635215340287061, 33.02883975539131 ], [ 131.633349557165701, 33.02830682192846 ], [ 131.633062931354885, 33.027769542691168 ], [ 131.632731294236805, 33.026407930128848 ], [ 131.631699094485782, 33.025628877079612 ], [ 131.631825310156927, 33.02502722146783 ], [ 131.632196893233839, 33.024673523369351 ], [ 131.632869018078168, 33.024365951869818 ], [ 131.633722211777894, 33.024442263678807 ], [ 131.633833846415541, 33.024236480316105 ], [ 131.633682999240818, 33.022610086255305 ], [ 131.631671044269666, 33.018632994304816 ], [ 131.631745660961656, 33.018119545083096 ], [ 131.63302310178662, 33.01607915337258 ], [ 131.633147734613232, 33.015257617461067 ], [ 131.632560784486799, 33.01468888491744 ], [ 131.63225566477476, 33.014595141040921 ], [ 131.631296510877604, 33.014904159274074 ], [ 131.630539356819725, 33.014864003389974 ], [ 131.628814452828436, 33.014528206689256 ], [ 131.628464051893019, 33.01418547780284 ], [ 131.628660249776971, 33.013634784068742 ], [ 131.630669683071602, 33.012385974696059 ], [ 131.631744100887119, 33.012391542054395 ], [ 131.63353004727972, 33.012748978592015 ], [ 131.633860034852546, 33.012666683244632 ], [ 131.634139347786999, 33.01207972181161 ], [ 131.633672072794525, 33.012397896768384 ], [ 131.633371782231251, 33.012411765153139 ], [ 131.630763664812235, 33.012179579664966 ], [ 131.629746869876158, 33.012664646575551 ], [ 131.628572518553597, 33.012374254713812 ], [ 131.627636369675912, 33.011944312413256 ], [ 131.626967618820458, 33.012158106605789 ], [ 131.624973976327595, 33.012354549649224 ], [ 131.621130361736476, 33.012043385521935 ], [ 131.622188058970664, 33.013498195317425 ], [ 131.62240917320679, 33.014056703296539 ], [ 131.623458627361742, 33.014766920937618 ], [ 131.623543046242162, 33.015362950956565 ], [ 131.622938334188177, 33.016907033992666 ], [ 131.622123365223047, 33.017811637441916 ], [ 131.6215416500157, 33.018162693145932 ], [ 131.619192177614764, 33.02081868874739 ], [ 131.619397336169698, 33.023066008675379 ], [ 131.620387195417948, 33.025177496399941 ], [ 131.620934514351603, 33.027870627866683 ], [ 131.620793254348001, 33.029116166823862 ], [ 131.620932867405998, 33.029388883172594 ], [ 131.620907924023783, 33.030393580716122 ], [ 131.62008729498146, 33.031022213593751 ], [ 131.619593388281459, 33.031050576202418 ], [ 131.619782405108054, 33.0330221946246 ], [ 131.620045773866508, 33.033876160244944 ], [ 131.621102417538253, 33.036186784036595 ], [ 131.623158129359325, 33.039215169453094 ], [ 131.62440047214389, 33.040464794124922 ], [ 131.625190319261549, 33.040924632253585 ], [ 131.625813610016593, 33.041090169256258 ], [ 131.626320991321791, 33.041039456694818 ], [ 131.626787119753061, 33.040720918545112 ], [ 131.628179898241683, 33.040491100663111 ], [ 131.629417532344064, 33.040563192528218 ], [ 131.630747692841311, 33.041077513958101 ], [ 131.632113531185837, 33.042076494704972 ], [ 131.63386549368721, 33.046066999670906 ], [ 131.635662201972565, 33.048801460182098 ], [ 131.636370487167426, 33.050330765829528 ], [ 131.639663393975042, 33.048281184705345 ], [ 131.639448068814545, 33.047676957325024 ], [ 131.637461254221762, 33.04587411427552 ], [ 131.635124649040421, 33.043292312980256 ], [ 131.63374803762045, 33.0414905697534 ] ] ] } },
{ "type": "Feature", "properties": { "CITY_NAME": "豊後大野市", "S_NAME": "三重町川辺", "JINKO": 243, "medical_area": "44_豊肥医療圏", "町丁目名": "豊後大野市三重町川辺" }, "geometry": { "type": "Polygon", "coordinates": [ [ [ 131.563403592694499, 32.992283586529027 ], [ 131.564645709350259, 32.992401424657658 ], [ 131.565270767384106, 32.992815870179534 ], [ 131.566704136923789, 32.990540089116323 ], [ 131.568752006543946, 32.989007930784382 ], [ 131.567515813767443, 32.989182175647805 ], [ 131.566472883720365, 32.988223195386908 ], [ 131.565412946145216, 32.988180164406415 ], [ 131.565297271696608, 32.98804501941985 ], [ 131.566037957584314, 32.98711661387064 ], [ 131.56736771502807, 32.986106175449223 ], [ 131.567570044827619, 32.984987227877113 ], [ 131.56698663348925, 32.984791261039206 ], [ 131.566204833633407, 32.985153956693019 ], [ 131.564758398629806, 32.986212827583344 ], [ 131.564232646614357, 32.986047012112152 ], [ 131.563766775233631, 32.985516952349137 ], [ 131.563617561973274, 32.985021864637666 ], [ 131.5636751877162, 32.984539594650947 ], [ 131.564537268669312, 32.983497745294521 ], [ 131.564340746109224, 32.983049357473845 ], [ 131.562729377904617, 32.982355524949668 ], [ 131.560742177872754, 32.981037928023405 ], [ 131.559443973730652, 32.979938563058475 ], [ 131.55788984728872, 32.979163746642726 ], [ 131.5577283049399, 32.978595378003519 ], [ 131.55202056058053, 32.979644609217999 ], [ 131.54847656824208, 32.98000973234187 ], [ 131.548257757349489, 32.980392247156068 ], [ 131.551401389742807, 32.982661249241353 ], [ 131.551635033308514, 32.983619734751819 ], [ 131.55139950097012, 32.984485725320923 ], [ 131.55054210965281, 32.98565205059068 ], [ 131.549406717936193, 32.988290853074119 ], [ 131.549948236466577, 32.989342253879201 ], [ 131.550052775307392, 32.991358454693788 ], [ 131.550670398210599, 32.993030015409687 ], [ 131.551003164196942, 32.993467977047295 ], [ 131.553479270449003, 32.995189742145904 ], [ 131.554945426501973, 32.995560312683061 ], [ 131.555940707201273, 32.995609916851649 ], [ 131.55761719648018, 32.995079396528965 ], [ 131.562242583599669, 32.992550957739716 ], [ 131.563403592694499, 32.992283586529027 ] ] ] } },
{ "type": "Feature", "properties": { "CITY_NAME": "豊後大野市", "S_NAME": "三重町百枝", "JINKO": 1020, "medical_area": "44_豊肥医療圏", "町丁目名": "豊後大野市三重町百枝" }, "geometry": { "type": "Polygon", "coordinates": [ [ [ 131.591688241301824, 33.001988611543943 ], [ 131.591808554475392, 32.999757247187105 ], [ 131.591922879943354, 32.999800983333877 ], [ 131.592151145157231, 32.999109886458569 ], [ 131.592066584198534, 32.998596254326706 ], [ 131.592954238414649, 32.997427248026987 ], [ 131.593249050175388, 32.997476493556533 ], [ 131.593711889301773, 32.997036230023078 ], [ 131.593806537433494, 32.996138127082077 ], [ 131.593582893792217, 32.996173373282112 ], [ 131.593576431769606, 32.99587587230323 ], [ 131.59313110613337, 32.995789350830748 ], [ 131.592953692042386, 32.994641852174489 ], [ 131.592169808882375, 32.993573178652419 ], [ 131.592701122639454, 32.993268073761215 ], [ 131.592795378898785, 32.992986553519884 ], [ 131.593229099730053, 32.992914864663916 ], [ 131.59286189547575, 32.992369650161557 ], [ 131.593836337112094, 32.991607905339833 ], [ 131.593492830116219, 32.991180610847195 ], [ 131.593714144620492, 32.990186664950549 ], [ 131.587385516343261, 32.989382173458417 ], [ 131.582729922013414, 32.988249260961517 ], [ 131.576050611907846, 32.987539536193104 ], [ 131.575836748284246, 32.987688651143309 ], [ 131.575623388625814, 32.988379660514497 ], [ 131.57482965795495, 32.988802199808546 ], [ 131.573523851794533, 32.989202752568218 ], [ 131.57250114824879, 32.989276557366537 ], [ 131.568752006543946, 32.989007930784382 ], [ 131.566704136923789, 32.990540089116323 ], [ 131.565270767384106, 32.992815870179534 ], [ 131.568822201227988, 32.99534371682617 ], [ 131.56959935238396, 32.996524397809864 ], [ 131.569774688999985, 32.997778301721404 ], [ 131.569402793727818, 33.00261799134379 ], [ 131.57027291883773, 33.002572056345038 ], [ 131.570920047468007, 33.001997066853946 ], [ 131.573232840713047, 33.001334072118134 ], [ 131.573340068706756, 32.999581732541017 ], [ 131.573776613545192, 32.99948664205882 ], [ 131.573976623347562, 32.999097367100454 ], [ 131.574319382357032, 32.998863304007379 ], [ 131.575103140416871, 32.998919649621151 ], [ 131.578727658104413, 33.000263769878678 ], [ 131.582104414112365, 33.000297930239043 ], [ 131.581693465126591, 33.000942788273612 ], [ 131.583359929468116, 33.001207466296627 ], [ 131.584337805223868, 33.001886430438688 ], [ 131.58472953011713, 33.002577148096925 ], [ 131.587477352642878, 33.003827040970151 ], [ 131.59004150062583, 33.003496003236265 ], [ 131.591688241301824, 33.001988611543943 ] ] ] } },
{ "type": "Feature", "properties": { "CITY_NAME": "豊後大野市", "S_NAME": "三重町上田原", "JINKO": 176, "medical_area": "44_豊肥医療圏", "町丁目名": "豊後大野市三重町上田原" }, "geometry": { "type": "Polygon", "coordinates": [ [ [ 131.596984382935119, 33.017787362418048 ], [ 131.596143233110354, 33.014923393445059 ], [ 131.595657657673058, 33.014008137273038 ], [ 131.595408238997038, 33.013108312237726 ], [ 131.595651384253586, 33.011976247072923 ], [ 131.596420738447222, 33.01086651084011 ], [ 131.596482458691526, 33.010538956989727 ], [ 131.596040411235492, 33.00950748640971 ], [ 131.594709239022535, 33.008592092242012 ], [ 131.594949840532195, 33.007807994321716 ], [ 131.594849020678538, 33.007435647938671 ], [ 131.593664680117087, 33.004578733695887 ], [ 131.592378392282342, 33.002638961036126 ], [ 131.591688241301796, 33.001988611543943 ], [ 131.590041500625802, 33.003496003236258 ], [ 131.587477352642821, 33.00382704097013 ], [ 131.58472953011713, 33.002577148096925 ], [ 131.584337805223868, 33.001886430438688 ], [ 131.583359929468116, 33.001207466296627 ], [ 131.581693465126563, 33.000942788273612 ], [ 131.580452307729757, 33.002461365468662 ], [ 131.580235782643058, 33.005811820547351 ], [ 131.581135885257424, 33.006343255160132 ], [ 131.581221474014768, 33.006638908381007 ], [ 131.580948126635121, 33.008969824379093 ], [ 131.581339083061835, 33.009905502604816 ], [ 131.581926306172647, 33.013969954127958 ], [ 131.583250800818945, 33.017541048031632 ], [ 131.583994343376418, 33.018644224333237 ], [ 131.584288848143672, 33.018896601945997 ], [ 131.584991196445429, 33.018829871406737 ], [ 131.585374700411109, 33.018623662206181 ], [ 131.586488056176819, 33.017441297943456 ], [ 131.5877020999406, 33.016945718236194 ], [ 131.589300232863621, 33.016959349552664 ], [ 131.590150800354877, 33.017203210984768 ], [ 131.590975769563954, 33.017920650931899 ], [ 131.59111929408931, 33.018370218006815 ], [ 131.590930808668077, 33.01933415060018 ], [ 131.589546461386931, 33.021895852482501 ], [ 131.589523024166141, 33.022149720575769 ], [ 131.590243483970283, 33.023534936370517 ], [ 131.590835411264266, 33.024158921759515 ], [ 131.592005432274902, 33.024810677152871 ], [ 131.595690518716225, 33.025394685809587 ], [ 131.59624149257678, 33.024401084514139 ], [ 131.595786548686789, 33.022926424801881 ], [ 131.595796675804763, 33.021872093000724 ], [ 131.596510794884551, 33.021309455663044 ], [ 131.596769103580783, 33.020601910467811 ], [ 131.597001912106833, 33.020491024854913 ], [ 131.597125547795343, 33.019864910331016 ], [ 131.597201799210922, 33.019181944711825 ], [ 131.596984382935119, 33.017787362418048 ] ] ] } },
{ "type": "Feature", "properties": { "CITY_NAME": "豊後大野市", "S_NAME": "三重町西泉", "JINKO": 195, "medical_area": "44_豊肥医療圏", "町丁目名": "豊後大野市三重町西泉" }, "geometry": { "type": "Polygon", "coordinates": [ [ [ 131.578985033248927, 33.005567289429919 ], [ 131.579470193258999, 33.005557988386123 ], [ 131.580235782643058, 33.005811820547351 ], [ 131.580452307729757, 33.002461365468662 ], [ 131.582104414112365, 33.000297930239043 ], [ 131.578727658104413, 33.000263769878678 ], [ 131.575103140416871, 32.998919649621151 ], [ 131.574319382357032, 32.998863304007379 ], [ 131.573976623347562, 32.999097367100454 ], [ 131.573776613545192, 32.99948664205882 ], [ 131.573340068706756, 32.999581732541017 ], [ 131.573232840713047, 33.001334072118134 ], [ 131.570920047468007, 33.001997066853946 ], [ 131.57027291883773, 33.002572056345038 ], [ 131.569402793727818, 33.00261799134379 ], [ 131.569531122148675, 33.008042607037794 ], [ 131.569993455120567, 33.009037910303213 ], [ 131.571156336077053, 33.009707453349328 ], [ 131.571863109300836, 33.01031578130857 ], [ 131.573414471981351, 33.010879625230722 ], [ 131.574369868737165, 33.011136047460418 ], [ 131.576031260052702, 33.011244704823824 ], [ 131.577176638193492, 33.010743522610682 ], [ 131.577852385915065, 33.009831188863359 ], [ 131.578207337631767, 33.008923763284741 ], [ 131.578261797170597, 33.006268480214409 ], [ 131.578518292544317, 33.005830262453308 ], [ 131.578985033248927, 33.005567289429919 ] ] ] } },
{ "type": "Feature", "properties": { "CITY_NAME": "豊後大野市", "S_NAME": "三重町向野", "JINKO": 233, "medical_area": "44_豊肥医療圏", "町丁目名": "豊後大野市三重町向野" }, "geometry": { "type": "Polygon", "coordinates": [ [ [ 131.562151414148872, 33.020942133971197 ], [ 131.562186737968659, 33.019992525968853 ], [ 131.561605835016337, 33.018768217725025 ], [ 131.561869224975027, 33.018303847601793 ], [ 131.561794921565308, 33.0176562652046 ], [ 131.56330551412313, 33.017267637759602 ], [ 131.563944331086333, 33.016381012415401 ], [ 131.564815235014919, 33.015943781954697 ], [ 131.565402443678011, 33.015353397326052 ], [ 131.566252151571632, 33.013989634774397 ], [ 131.566478372488291, 33.013131972673321 ], [ 131.56553806927846, 33.01176831505407 ], [ 131.565868515519583, 33.01091738714792 ], [ 131.566937212951757, 33.009615769381362 ], [ 131.567864205963502, 33.009195661617497 ], [ 131.569146949045376, 33.008143045989812 ], [ 131.569531122148675, 33.008042607037794 ], [ 131.569394378701446, 33.002231693776793 ], [ 131.569774688999985, 32.997778301721404 ], [ 131.56959935238396, 32.996524397809864 ], [ 131.568822201227988, 32.99534371682617 ], [ 131.564645709350259, 32.992401424657658 ], [ 131.563813752223041, 32.992256305195191 ], [ 131.562932725044192, 32.992314916954832 ], [ 131.562242583599669, 32.992550957739716 ], [ 131.55761719648018, 32.995079396528965 ], [ 131.556662583794605, 32.995454726078428 ], [ 131.555940707201273, 32.995609916851649 ], [ 131.554945426501973, 32.995560312683061 ], [ 131.554999220438447, 32.996180756005231 ], [ 131.554819930230963, 32.996853804208264 ], [ 131.554677690251253, 32.996961869291638 ], [ 131.554015622580238, 32.996730412315991 ], [ 131.554067290321541, 32.997272215752353 ], [ 131.553884246531169, 32.997961564139274 ], [ 131.5544373292513, 32.998063283492037 ], [ 131.554607636367308, 32.99842551813753 ], [ 131.554322255058963, 32.999120191118834 ], [ 131.554012415047424, 32.999340012213004 ], [ 131.551207647570607, 32.999625536427182 ], [ 131.550870305775817, 32.999854362652037 ], [ 131.550690505465639, 33.000538896645189 ], [ 131.550925684756152, 33.002421099531972 ], [ 131.549800748365982, 33.004062566930166 ], [ 131.548875791985552, 33.004979116544568 ], [ 131.548044976305448, 33.007624117039228 ], [ 131.549024752575406, 33.007781944343364 ], [ 131.550446023201062, 33.007627671122108 ], [ 131.551687015201679, 33.010099904254773 ], [ 131.552023560663542, 33.010401515898337 ], [ 131.55421112428192, 33.011713518269119 ], [ 131.555400126927026, 33.011520297619157 ], [ 131.55647880088452, 33.012447117723973 ], [ 131.556639519023406, 33.012728368207533 ], [ 131.556868366323471, 33.016530327753451 ], [ 131.556682110468699, 33.018184170101939 ], [ 131.556962219965158, 33.018886426999885 ], [ 131.557686631882177, 33.019596540881324 ], [ 131.558849491764846, 33.02025301198163 ], [ 131.562151414148872, 33.020942133971197 ] ] ] } },
{ "type": "Feature", "properties": { "CITY_NAME": "豊後大野市", "S_NAME": "三重町市場", "JINKO": 2158, "medical_area": "44_豊肥医療圏", "町丁目名": "豊後大野市三重町市場" }, "geometry": { "type": "Polygon", "coordinates": [ [ [ 131.588317541200013, 32.984488158724751 ], [ 131.590654180086403, 32.983452122259507 ], [ 131.589560966749474, 32.983280480549183 ], [ 131.588892643388789, 32.982763959804451 ], [ 131.588689882933522, 32.982288098068764 ], [ 131.58833576867886, 32.980087016095531 ], [ 131.587946313078305, 32.979336756854124 ], [ 131.585733204822589, 32.977743029818868 ], [ 131.583312467161363, 32.97626127727839 ], [ 131.583108150103556, 32.975605038926687 ], [ 131.583535157867203, 32.974605654069187 ], [ 131.583582471517246, 32.973970452031345 ], [ 131.583119398408513, 32.973122601075175 ], [ 131.58239572483663, 32.972706018434664 ], [ 131.582728186740496, 32.974278295248894 ], [ 131.581201327511451, 32.974667997346508 ], [ 131.581052069465699, 32.974005439233366 ], [ 131.580826663709246, 32.973968126406483 ], [ 131.580582640298417, 32.974931321724057 ], [ 131.579828663360473, 32.975013559495181 ], [ 131.579921284658127, 32.975438139664355 ], [ 131.578505007586529, 32.975897968753166 ], [ 131.578538573943575, 32.976098369768906 ], [ 131.577785193497789, 32.976080985632272 ], [ 131.577730317643187, 32.976485039565418 ], [ 131.57786397221011, 32.976512384457202 ], [ 131.577698211679575, 32.976939756595833 ], [ 131.577017372192358, 32.976987030777671 ], [ 131.575269553452245, 32.978218601058941 ], [ 131.574744426926429, 32.979061937835503 ], [ 131.575308323415271, 32.9793975273017 ], [ 131.575008168411642, 32.979842086850347 ], [ 131.57540094672018, 32.980018963371506 ], [ 131.575208927495282, 32.980324716279277 ], [ 131.575514851061541, 32.980589821004088 ], [ 131.575155028759212, 32.981249677092933 ], [ 131.575462817571605, 32.981427952357954 ], [ 131.57503912707827, 32.981480369897611 ], [ 131.57551632452828, 32.981739646273986 ], [ 131.575791655010562, 32.982274419734708 ], [ 131.576014354899741, 32.981891804398671 ], [ 131.578331949879498, 32.981693342127542 ], [ 131.578398324441622, 32.981399274886307 ], [ 131.578935963023071, 32.981562347127699 ], [ 131.57918495199803, 32.981175555858499 ], [ 131.580399836227599, 32.981778665213469 ], [ 131.581139566367341, 32.981746130915631 ], [ 131.58142119560091, 32.982216345337662 ], [ 131.583948856765204, 32.981970110252064 ], [ 131.584352767821883, 32.982011625104484 ], [ 131.584350421109576, 32.982379096808714 ], [ 131.585563566108135, 32.982273079281484 ], [ 131.585979850311332, 32.982498460247292 ], [ 131.585931091909742, 32.982766534738346 ], [ 131.586349050412053, 32.983624425384107 ], [ 131.586940276545704, 32.98361976085468 ], [ 131.586950894710753, 32.983860261121585 ], [ 131.588317541200013, 32.984488158724751 ] ] ] } },
{ "type": "Feature", "properties": { "CITY_NAME": "豊後大野市", "S_NAME": "三重町秋葉", "JINKO": 1152, "medical_area": "44_豊肥医療圏", "町丁目名": "豊後大野市三重町秋葉" }, "geometry": { "type": "Polygon", "coordinates": [ [ [ 131.577091448370567, 32.976958419330259 ], [ 131.577698211679575, 32.976939756595833 ], [ 131.57786397221011, 32.976512384457202 ], [ 131.577730317643187, 32.976485039565418 ], [ 131.577785193497789, 32.976080985632272 ], [ 131.578538573943575, 32.976098369768906 ], [ 131.578505007586529, 32.975897968753166 ], [ 131.579921284658127, 32.975438139664355 ], [ 131.579828663360473, 32.975013559495181 ], [ 131.580582640298417, 32.974931321724057 ], [ 131.580826663709246, 32.973968126406483 ], [ 131.581052069465699, 32.974005439233366 ], [ 131.581201327511451, 32.974667997346508 ], [ 131.582728186740496, 32.974278295248894 ], [ 131.58239572483663, 32.972706018434664 ], [ 131.583119398408513, 32.973122601075175 ], [ 131.583359802680974, 32.973433420078415 ], [ 131.583612387383397, 32.974147984901265 ], [ 131.583535157867203, 32.974605654069187 ], [ 131.585195828625984, 32.973913674170859 ], [ 131.58551457659803, 32.973092498385476 ], [ 131.585162118612459, 32.972265883802592 ], [ 131.583857957654857, 32.971504790563841 ], [ 131.583366839862578, 32.970272727405131 ], [ 131.582791030441939, 32.969498580206789 ], [ 131.582737392403288, 32.968876291176556 ], [ 131.58340862275594, 32.968310634796381 ], [ 131.583614121286786, 32.967857502923366 ], [ 131.583245572381685, 32.967094179610022 ], [ 131.582984056366911, 32.965593164715393 ], [ 131.582677546727126, 32.965246635027015 ], [ 131.581919047544034, 32.964861483435378 ], [ 131.581432132044853, 32.964970710251201 ], [ 131.580718433022156, 32.96366407818946 ], [ 131.580366648037, 32.963541983509323 ], [ 131.579597699287831, 32.962569138437075 ], [ 131.57876993803265, 32.962360472434845 ], [ 131.578329647564203, 32.961870269473536 ], [ 131.577725109747405, 32.960061316421516 ], [ 131.577132151785804, 32.959234553287416 ], [ 131.577028788388162, 32.958592010530985 ], [ 131.577524270776507, 32.95733584982613 ], [ 131.577609860646163, 32.95582757830887 ], [ 131.576274138483996, 32.954004329130882 ], [ 131.575925556232733, 32.953202158387469 ], [ 131.575568036810864, 32.95161122752134 ], [ 131.57459773181526, 32.951703009975375 ], [ 131.572891689869152, 32.95142356766425 ], [ 131.572179173263294, 32.951452935092519 ], [ 131.570207017572073, 32.952362818862603 ], [ 131.569773472404364, 32.952408309791856 ], [ 131.567321223579029, 32.954712622033149 ], [ 131.566511547231698, 32.955799642889517 ], [ 131.565537908812644, 32.958925221936802 ], [ 131.56578994083057, 32.960251988824822 ], [ 131.565050444653224, 32.961432654730537 ], [ 131.565405978200999, 32.962437239741263 ], [ 131.565294998147749, 32.962857551294206 ], [ 131.565798941707698, 32.963366802240451 ], [ 131.565748343965026, 32.963925578773924 ], [ 131.566550829746063, 32.964136419817201 ], [ 131.567051456841597, 32.96454939698431 ], [ 131.567337899839742, 32.965742508378653 ], [ 131.568406326207025, 32.965397708252524 ], [ 131.571312663271385, 32.966797795743958 ], [ 131.574825839942974, 32.96921673138263 ], [ 131.573558706841993, 32.970146590216316 ], [ 131.573310437488146, 32.97096742532645 ], [ 131.57247220902309, 32.971556992271566 ], [ 131.572710628532434, 32.973349275665541 ], [ 131.57242165028714, 32.974496222427661 ], [ 131.573624751880089, 32.975334842088039 ], [ 131.573318132996889, 32.975644617536005 ], [ 131.573493981897514, 32.97629156250656 ], [ 131.575269553452245, 32.978218601058941 ], [ 131.577091448370567, 32.976958419330259 ] ] ] } },
{ "type": "Feature", "properties": { "CITY_NAME": "豊後大野市", "S_NAME": "三重町内山", "JINKO": 120, "medical_area": "44_豊肥医療圏", "町丁目名": "豊後大野市三重町内山" }, "geometry": { "type": "Polygon", "coordinates": [ [ [ 131.601940666054247, 32.966469884221389 ], [ 131.600829682290566, 32.958293026029459 ], [ 131.599251586809061, 32.957444239695867 ], [ 131.597892620410676, 32.956066503295034 ], [ 131.59752278502819, 32.954859996892793 ], [ 131.596476811562582, 32.953463160562755 ], [ 131.596306088645179, 32.95290090510683 ], [ 131.595891589952487, 32.949023129561489 ], [ 131.594502446841602, 32.948679591121802 ], [ 131.594989345220711, 32.945167801997847 ], [ 131.59442275579184, 32.943717095812033 ], [ 131.592477598430804, 32.942317629255349 ], [ 131.588432370929013, 32.936303564541596 ], [ 131.587003957436849, 32.93486068947167 ], [ 131.586931831192459, 32.934419382043473 ], [ 131.584979726827697, 32.933728540140457 ], [ 131.583809199281944, 32.933125694910679 ], [ 131.581180385024311, 32.930983873345099 ], [ 131.580166518350808, 32.930901070014308 ], [ 131.577682220961321, 32.931799137833593 ], [ 131.576659547946434, 32.931918361333352 ], [ 131.575607648982384, 32.931471543611991 ], [ 131.572316251544038, 32.929220539384502 ], [ 131.571198818526625, 32.929083317330331 ], [ 131.569632292502234, 32.929228600023414 ], [ 131.566619343285595, 32.928927135466608 ], [ 131.565451534526233, 32.929161819922825 ], [ 131.564678020037888, 32.929573129077745 ], [ 131.563989012273566, 32.930604293882688 ], [ 131.563635087645906, 32.931861016350304 ], [ 131.561464424622727, 32.933071092331843 ], [ 131.561147865229458, 32.933669894430274 ], [ 131.560152674559504, 32.934553497323449 ], [ 131.563751383389359, 32.937712280818488 ], [ 131.561366531921436, 32.93957514815424 ], [ 131.557908777625613, 32.942719069455286 ], [ 131.556065510285435, 32.943387469584792 ], [ 131.555525872044313, 32.94383862833768 ], [ 131.555252768748261, 32.94435764854795 ], [ 131.55517515673111, 32.945039766451295 ], [ 131.55787421557261, 32.945122390597547 ], [ 131.562348409563612, 32.946371319468433 ], [ 131.563046088838405, 32.946838786285639 ], [ 131.563967133637334, 32.94862363185235 ], [ 131.567244061694907, 32.950826018070707 ], [ 131.568461392866794, 32.952337351134339 ], [ 131.569402203378758, 32.952497039678953 ], [ 131.570207017572073, 32.952362818862603 ], [ 131.571462771785235, 32.951678167021342 ], [ 131.572550660387634, 32.951399018693472 ], [ 131.57459773181526, 32.951703009975375 ], [ 131.575568036810864, 32.95161122752134 ], [ 131.575925556232733, 32.953202158387469 ], [ 131.576274138483996, 32.954004329130882 ], [ 131.577609860646163, 32.95582757830887 ], [ 131.577524270776507, 32.95733584982613 ], [ 131.577028788388162, 32.958592010530985 ], [ 131.577132151785804, 32.959234553287416 ], [ 131.577725109747405, 32.960061316421516 ], [ 131.578329647564203, 32.961870269473536 ], [ 131.57876993803265, 32.962360472434845 ], [ 131.579597699287831, 32.962569138437075 ], [ 131.580366648037, 32.963541983509323 ], [ 131.580718433022156, 32.96366407818946 ], [ 131.581432132044853, 32.964970710251201 ], [ 131.581919047544034, 32.964861483435378 ], [ 131.58207818724506, 32.964979612585992 ], [ 131.582395076442708, 32.963964023427287 ], [ 131.585410898808874, 32.962944900534744 ], [ 131.586923931599131, 32.962639942957878 ], [ 131.589364957533661, 32.962931710810416 ], [ 131.592037087508857, 32.962888251157572 ], [ 131.59372966450465, 32.962555359494864 ], [ 131.594265596609119, 32.962107083765822 ], [ 131.594963968774437, 32.962007336611272 ], [ 131.59632946006505, 32.962488027229831 ], [ 131.598118116216199, 32.963701609810585 ], [ 131.598527625939681, 32.963835213834088 ], [ 131.599311181162136, 32.964803986068965 ], [ 131.600442039470494, 32.965464373421788 ], [ 131.600601339374037, 32.96579439537124 ], [ 131.601148016983103, 32.965954616807281 ], [ 131.601940666054247, 32.966469884221389 ] ] ] } },
{ "type": "Feature", "properties": { "CITY_NAME": "豊後大野市", "S_NAME": "三重町内田", "JINKO": 2230, "medical_area": "44_豊肥医療圏", "町丁目名": "豊後大野市三重町内田" }, "geometry": { "type": "Polygon", "coordinates": [ [ [ 131.595025256092811, 32.98170496163511 ], [ 131.597214976128754, 32.981633356576047 ], [ 131.598386221219585, 32.98124790089571 ], [ 131.598700649104302, 32.980742608243162 ], [ 131.599164226309853, 32.979190359418432 ], [ 131.599583968724147, 32.978754831876266 ], [ 131.600246667025971, 32.978483395297118 ], [ 131.602023187347584, 32.978371851603093 ], [ 131.604419663102959, 32.977018625147288 ], [ 131.606100074226475, 32.976913819581739 ], [ 131.606818772832753, 32.976635907801551 ], [ 131.607772598174705, 32.977268854998542 ], [ 131.607319571187531, 32.97766379222665 ], [ 131.607194676741699, 32.978020642987474 ], [ 131.606341451143834, 32.97835528106588 ], [ 131.605631613220538, 32.978433834131756 ], [ 131.605085601650757, 32.979015930993391 ], [ 131.60488769038011, 32.979710990444545 ], [ 131.605130689067551, 32.98027101112676 ], [ 131.605111740120265, 32.981359341605753 ], [ 131.610399838547977, 32.978311945747834 ], [ 131.609884374951406, 32.977589113035378 ], [ 131.609358326586715, 32.976169443459753 ], [ 131.608990546175875, 32.975654884698329 ], [ 131.609142513081423, 32.974854782782558 ], [ 131.609839843838273, 32.974536367962678 ], [ 131.610392370308034, 32.973877322032699 ], [ 131.610420493944986, 32.97325204029967 ], [ 131.609969690084228, 32.972769927247164 ], [ 131.608943495091609, 32.97252847989288 ], [ 131.608473901907416, 32.971357033077958 ], [ 131.608453516283333, 32.970036434976699 ], [ 131.608217147792516, 32.969673285846767 ], [ 131.607249541998755, 32.96940675463415 ], [ 131.606242634780443, 32.969528512094918 ], [ 131.605434247284364, 32.969833437108903 ], [ 131.602492780707138, 32.968394086191545 ], [ 131.602603692614736, 32.967754204301592 ], [ 131.601940666054247, 32.966469884221389 ], [ 131.601148016983103, 32.965954616807281 ], [ 131.600601339374037, 32.96579439537124 ], [ 131.600442039470494, 32.965464373421788 ], [ 131.599447323487539, 32.964916355700815 ], [ 131.598527625939681, 32.963835213834088 ], [ 131.598118116216199, 32.963701609810585 ], [ 131.59632946006505, 32.962488027229831 ], [ 131.594963968774437, 32.962007336611272 ], [ 131.594265596609119, 32.962107083765822 ], [ 131.59372966450465, 32.962555359494864 ], [ 131.592037087508857, 32.962888251157572 ], [ 131.589364957533661, 32.962931710810416 ], [ 131.586923931599131, 32.962639942957878 ], [ 131.585031497193029, 32.963039886517791 ], [ 131.582395076442708, 32.963964023427287 ], [ 131.58207818724506, 32.964979612585992 ], [ 131.582677546727126, 32.965246635027015 ], [ 131.582984056366911, 32.965593164715393 ], [ 131.583245572381685, 32.967094179610022 ], [ 131.583605350356578, 32.967679675811624 ], [ 131.583486797071259, 32.968213838170506 ], [ 131.582737392403288, 32.968876291176556 ], [ 131.582791030441939, 32.969498580206789 ], [ 131.583366839862578, 32.970272727405131 ], [ 131.583857957654857, 32.971504790563841 ], [ 131.585162118612459, 32.972265883802592 ], [ 131.58551457659803, 32.973092498385476 ], [ 131.585195828625984, 32.973913674170859 ], [ 131.583535157867203, 32.974605654069187 ], [ 131.583108150103556, 32.975605038926687 ], [ 131.583312467161363, 32.97626127727839 ], [ 131.585733204822589, 32.977743029818868 ], [ 131.587946313078305, 32.979336756854124 ], [ 131.58833576867886, 32.980087016095531 ], [ 131.588750946404076, 32.982483896254543 ], [ 131.589001720930526, 32.982914525606624 ], [ 131.589410560486272, 32.983219039920208 ], [ 131.590654180086403, 32.983452122259507 ], [ 131.593111028891258, 32.98222007990109 ], [ 131.595025256092811, 32.98170496163511 ] ] ] } },
{ "type": "Feature", "properties": { "CITY_NAME": "豊後大野市", "S_NAME": "三重町赤嶺", "JINKO": 2632, "medical_area": "44_豊肥医療圏", "町丁目名": "豊後大野市三重町赤嶺" }, "geometry": { "type": "Polygon", "coordinates": [ [ [ 131.594967122235914, 32.99328997443191 ], [ 131.595607708558674, 32.990503054228604 ], [ 131.602451687806649, 32.991504718544242 ], [ 131.604757856870322, 32.991291026177102 ], [ 131.606774454301274, 32.991354703322656 ], [ 131.60978616192051, 32.991713580629423 ], [ 131.612440264971099, 32.992280498539088 ], [ 131.607630494681644, 32.98911715748347 ], [ 131.606197008774359, 32.988416356840084 ], [ 131.605028152480486, 32.9873040469462 ], [ 131.60460708916267, 32.986364113167184 ], [ 131.604264442129079, 32.98392093950541 ], [ 131.605111740120265, 32.981359341605753 ], [ 131.605130689067551, 32.98027101112676 ], [ 131.60488769038011, 32.979710990444545 ], [ 131.605085601650757, 32.979015930993391 ], [ 131.605631613220538, 32.978433834131756 ], [ 131.606341451143834, 32.97835528106588 ], [ 131.607194676741699, 32.978020642987474 ], [ 131.607319571187531, 32.97766379222665 ], [ 131.607772598174705, 32.977268854998542 ], [ 131.606818772832753, 32.976635907801551 ], [ 131.606100074226475, 32.976913819581739 ], [ 131.604419663102959, 32.977018625147288 ], [ 131.602023187347584, 32.978371851603093 ], [ 131.599995020845313, 32.978542546725038 ], [ 131.599164226309853, 32.979190359418432 ], [ 131.598700649104302, 32.980742608243162 ], [ 131.598386221219585, 32.98124790089571 ], [ 131.597214976128754, 32.981633356576047 ], [ 131.595025256092811, 32.98170496163511 ], [ 131.594005805746889, 32.98188684430081 ], [ 131.592388545144843, 32.982544947273084 ], [ 131.589546078020902, 32.984103454821032 ], [ 131.588317541200013, 32.984488158724751 ], [ 131.586950894710753, 32.983860261121585 ], [ 131.586940276545704, 32.98361976085468 ], [ 131.586349050412053, 32.983624425384107 ], [ 131.585931091909742, 32.982766534738346 ], [ 131.585979850311332, 32.982498460247292 ], [ 131.585563566108135, 32.982273079281484 ], [ 131.584350421109576, 32.982379096808714 ], [ 131.584352767821883, 32.982011625104484 ], [ 131.583948856765204, 32.981970110252064 ], [ 131.58142119560091, 32.982216345337662 ], [ 131.581139566367341, 32.981746130915631 ], [ 131.580399836227599, 32.981778665213469 ], [ 131.57918495199803, 32.981175555858499 ], [ 131.578935963023071, 32.981562347127699 ], [ 131.578398324441622, 32.981399274886307 ], [ 131.578331949879498, 32.981693342127542 ], [ 131.576014354899741, 32.981891804398671 ], [ 131.575326152613314, 32.982892363334969 ], [ 131.575272057402117, 32.98305156156497 ], [ 131.577258828971793, 32.983441964673752 ], [ 131.577192675137468, 32.983892997732411 ], [ 131.577948580031688, 32.984165522883096 ], [ 131.578897177121888, 32.984273809924424 ], [ 131.581148430431398, 32.984186147959605 ], [ 131.581043219881735, 32.985780639458625 ], [ 131.580075631614477, 32.986082118935308 ], [ 131.580261897959332, 32.987141509767469 ], [ 131.579962102532647, 32.987929144633981 ], [ 131.583003615587955, 32.988296103004586 ], [ 131.587385516343289, 32.989382173458424 ], [ 131.593714144620492, 32.990186664950549 ], [ 131.593492830116219, 32.991180610847216 ], [ 131.593836337112094, 32.991607905339833 ], [ 131.59286189547575, 32.992369650161557 ], [ 131.593229099730053, 32.992914864663916 ], [ 131.592795378898785, 32.992986553519884 ], [ 131.592701122639454, 32.993268073761215 ], [ 131.592169808882375, 32.993573178652419 ], [ 131.592953692042386, 32.994641852174489 ], [ 131.59313110613337, 32.995789350830748 ], [ 131.593576431769606, 32.99587587230323 ], [ 131.593582893792217, 32.996173373282112 ], [ 131.594967122235914, 32.99328997443191 ] ] ] } },
{ "type": "Feature", "properties": { "CITY_NAME": "豊後大野市", "S_NAME": "三重町芦刈", "JINKO": 935, "medical_area": "44_豊肥医療圏", "町丁目名": "豊後大野市三重町芦刈" }, "geometry": { "type": "Polygon", "coordinates": [ [ [ 131.61171197547003, 33.006350858102614 ], [ 131.612375553032223, 33.00489736075231 ], [ 131.613156859019256, 33.003938114769518 ], [ 131.614265291322369, 33.003266791302167 ], [ 131.61488808989381, 33.003219111784794 ], [ 131.615181255489006, 33.002500764160963 ], [ 131.615600317299567, 33.000515764998859 ], [ 131.61640364394691, 33.00093778642826 ], [ 131.617816913873668, 32.999346774946737 ], [ 131.616256676041246, 32.998387155794241 ], [ 131.616318707049857, 32.996935904357976 ], [ 131.615875490793343, 32.995423835371952 ], [ 131.615588543694116, 32.995063871686511 ], [ 131.612440264971099, 32.992280498539088 ], [ 131.60978616192051, 32.991713580629423 ], [ 131.606774454301274, 32.991354703322656 ], [ 131.604757856870322, 32.991291026177102 ], [ 131.602451687806649, 32.991504718544242 ], [ 131.595607708558674, 32.990503054228604 ], [ 131.594885744784278, 32.993558649120565 ], [ 131.593582893792217, 32.996173373282112 ], [ 131.593806537433437, 32.996138127082077 ], [ 131.593711889301773, 32.997036230023078 ], [ 131.593249050175331, 32.997476493556533 ], [ 131.592954238414649, 32.997427248026987 ], [ 131.592066584198534, 32.998596254326706 ], [ 131.592135497256777, 32.999245430553103 ], [ 131.591922879943354, 32.999800983333877 ], [ 131.593205009681753, 33.000325411713632 ], [ 131.594439247507239, 32.99990074102562 ], [ 131.594996940424579, 32.99993485627504 ], [ 131.59716740185641, 33.001544205570561 ], [ 131.599500752460386, 33.003569395658971 ], [ 131.601395891355622, 33.006013301021703 ], [ 131.601546809917835, 33.006463960957291 ], [ 131.602789855560047, 33.00710544380145 ], [ 131.603595502583602, 33.006517416707126 ], [ 131.603919616835867, 33.006056309538963 ], [ 131.604380279504966, 33.00607042677612 ], [ 131.604792904070337, 33.00650755600018 ], [ 131.604737136200754, 33.006863219143746 ], [ 131.603879248287882, 33.007606722662487 ], [ 131.606839338378279, 33.008546691593523 ], [ 131.607272919411542, 33.008810503757076 ], [ 131.609883474225484, 33.010798950011505 ], [ 131.610478222264305, 33.011575893413337 ], [ 131.612001204959142, 33.012710186454854 ], [ 131.61029420349891, 33.009846832233087 ], [ 131.610497823393473, 33.009139156789232 ], [ 131.611595749016971, 33.007702049481175 ], [ 131.61171197547003, 33.006350858102614 ] ] ] } },
{ "type": "Feature", "properties": { "CITY_NAME": "豊後大野市", "S_NAME": "三重町小坂", "JINKO": 1922, "medical_area": "44_豊肥医療圏", "町丁目名": "豊後大野市三重町小坂" }, "geometry": { "type": "Polygon", "coordinates": [ [ [ 131.628168842768815, 33.003277246817838 ], [ 131.631157750439939, 33.002913789580191 ], [ 131.631681484554889, 33.001223095158636 ], [ 131.632106247879051, 33.001411511609824 ], [ 131.632370258282009, 33.001320973136238 ], [ 131.631948190209556, 33.000159481415388 ], [ 131.632175306719574, 32.999284596842152 ], [ 131.632897888890994, 32.998725483478026 ], [ 131.634427029085543, 32.998319219550218 ], [ 131.634410239669023, 32.996418008073704 ], [ 131.634672549656727, 32.995587947363944 ], [ 131.636197462027155, 32.993169337684101 ], [ 131.636834099222057, 32.991565140372572 ], [ 131.638015477636401, 32.991125920241508 ], [ 131.640804604347466, 32.988936244928212 ], [ 131.641606410667038, 32.988555450898524 ], [ 131.64276772295986, 32.988436475743327 ], [ 131.646008481062495, 32.988823065026331 ], [ 131.646371291129412, 32.987636286826877 ], [ 131.647873798173265, 32.986284890075268 ], [ 131.64795811963802, 32.985744086622717 ], [ 131.647734314942142, 32.985316474505936 ], [ 131.648036710008483, 32.985082711584283 ], [ 131.648303316027352, 32.984264292506587 ], [ 131.648802160802603, 32.98395305267546 ], [ 131.649178067811107, 32.983228792226491 ], [ 131.650208950413088, 32.982924257340038 ], [ 131.65092219702629, 32.982347445754819 ], [ 131.651781188804762, 32.982234041635586 ], [ 131.652656503394439, 32.981788996865539 ], [ 131.653764389988396, 32.981644283007419 ], [ 131.654405322731918, 32.981846170453593 ], [ 131.654366489099374, 32.980260592574666 ], [ 131.654810482973232, 32.979523541141212 ], [ 131.656003086386676, 32.978983362458187 ], [ 131.656793805817927, 32.979373975598833 ], [ 131.658045683287725, 32.979017720630139 ], [ 131.657833148030107, 32.97801304321279 ], [ 131.65861704406089, 32.976237005375296 ], [ 131.658621143171644, 32.974280411010746 ], [ 131.658964482139453, 32.973441752529439 ], [ 131.659821692508018, 32.972125001421176 ], [ 131.659345801322957, 32.971439952137615 ], [ 131.65897194024754, 32.971308336037879 ], [ 131.658923771332041, 32.971096428622538 ], [ 131.659264298806079, 32.970505308950813 ], [ 131.660234847518325, 32.970024803747847 ], [ 131.661486255249258, 32.967201212199591 ], [ 131.66107275584065, 32.966755503119543 ], [ 131.660924295490958, 32.966218034625037 ], [ 131.660670695682768, 32.965960067967877 ], [ 131.660883642193312, 32.96577035707746 ], [ 131.661016481254507, 32.964834591175624 ], [ 131.661434482192931, 32.964635944611452 ], [ 131.66206408882033, 32.963442174069051 ], [ 131.661792444250068, 32.963262882777222 ], [ 131.661118089767257, 32.961739339231059 ], [ 131.659363955509434, 32.962633253819661 ], [ 131.656328059399556, 32.96328434161645 ], [ 131.65494606079335, 32.964008391844615 ], [ 131.654281082874604, 32.964738076980957 ], [ 131.653426076923324, 32.966264632390121 ], [ 131.650606111786146, 32.968153502704624 ], [ 131.649464984737108, 32.969259732286055 ], [ 131.647992855272889, 32.970353000712322 ], [ 131.646083397897087, 32.970579247076188 ], [ 131.645840564391648, 32.970705199141527 ], [ 131.645698600153196, 32.971534831301213 ], [ 131.645447254227093, 32.971697498393304 ], [ 131.644719930694862, 32.972049549281223 ], [ 131.642542553287257, 32.972389641225895 ], [ 131.643341916534752, 32.973145450400267 ], [ 131.64342574251981, 32.973564664894781 ], [ 131.642306747222449, 32.974199876835876 ], [ 131.640217153081892, 32.97474227740809 ], [ 131.639639346619589, 32.974474692460142 ], [ 131.637618914244626, 32.974196476379177 ], [ 131.632190330079311, 32.974387923769655 ], [ 131.630499958287771, 32.974549453112367 ], [ 131.628979550888459, 32.97490026136591 ], [ 131.625021904725287, 32.976198720057056 ], [ 131.623105290202233, 32.977036661644298 ], [ 131.620742532214479, 32.978628662913628 ], [ 131.620053901842454, 32.978841905656267 ], [ 131.618546441099284, 32.978829689496607 ], [ 131.617673516747175, 32.979003295808404 ], [ 131.617449830960766, 32.979194055949549 ], [ 131.616778780528392, 32.981986265541501 ], [ 131.616474635753576, 32.982375706485854 ], [ 131.615360366813974, 32.982708265298577 ], [ 131.613110175844355, 32.98028584602207 ], [ 131.612455619422491, 32.980063399230701 ], [ 131.611654244608729, 32.980331505079853 ], [ 131.61143088042806, 32.980134454278122 ], [ 131.611207022722311, 32.978919202917368 ], [ 131.610699963162347, 32.978781330507914 ], [ 131.610399838547977, 32.978311945747834 ], [ 131.605111740120265, 32.981359341605753 ], [ 131.604294574933448, 32.983711886082006 ], [ 131.604279686303585, 32.984391848807412 ], [ 131.604813998127469, 32.986961974455255 ], [ 131.605814824479438, 32.988110547354168 ], [ 131.607630494681644, 32.98911715748347 ], [ 131.612488524205617, 32.992308117333593 ], [ 131.615588543694116, 32.995063871686533 ], [ 131.6158754907934, 32.995423835371952 ], [ 131.616318707049885, 32.996935904357976 ], [ 131.618198172555253, 32.997345725525072 ], [ 131.619170109264246, 32.997324467947607 ], [ 131.62282057200764, 32.999601807812617 ], [ 131.623750826510957, 32.999837724640642 ], [ 131.625012160681848, 33.001011424237966 ], [ 131.627090150605767, 33.002072124413573 ], [ 131.628168842768815, 33.003277246817838 ] ] ] } },
{ "type": "Feature", "properties": { "CITY_NAME": "豊後大野市", "S_NAME": "三重町松尾", "JINKO": 145, "medical_area": "44_豊肥医療圏", "町丁目名": "豊後大野市三重町松尾" }, "geometry": { "type": "Polygon", "coordinates": [ [ [ 131.616778780528392, 32.981986265541501 ], [ 131.617449830960766, 32.979194055949549 ], [ 131.617673516747146, 32.979003295808418 ], [ 131.618546441099284, 32.978829689496607 ], [ 131.620053901842454, 32.978841905656267 ], [ 131.620742532214479, 32.978628662913628 ], [ 131.623105290202233, 32.977036661644298 ], [ 131.625021904725287, 32.976198720057056 ], [ 131.628979550888459, 32.97490026136591 ], [ 131.630499958287771, 32.974549453112367 ], [ 131.632190330079311, 32.974387923769655 ], [ 131.637618914244626, 32.974196476379177 ], [ 131.639639346619589, 32.974474692460142 ], [ 131.640217153081892, 32.97474227740809 ], [ 131.642306747222449, 32.974199876835876 ], [ 131.64342574251981, 32.973564664894781 ], [ 131.643341916534752, 32.973145450400267 ], [ 131.642542553287257, 32.972389641225895 ], [ 131.644719930694862, 32.972049549281223 ], [ 131.645447254227093, 32.971697498393304 ], [ 131.645698600153196, 32.971534831301213 ], [ 131.645840564391648, 32.970705199141527 ], [ 131.646083397897087, 32.970579247076188 ], [ 131.647992855272889, 32.970353000712322 ], [ 131.649464984737108, 32.969259732286055 ], [ 131.650606111786146, 32.968153502704624 ], [ 131.653426076923324, 32.966264632390121 ], [ 131.654281082874604, 32.964738076980957 ], [ 131.65494606079335, 32.964008391844615 ], [ 131.656328059399556, 32.96328434161645 ], [ 131.659363955509434, 32.962633253819661 ], [ 131.661114510998402, 32.961730270333788 ], [ 131.659987674198646, 32.960612572438365 ], [ 131.658717367096244, 32.96032058261676 ], [ 131.657312823470562, 32.959438142929841 ], [ 131.656642039471024, 32.959320144833271 ], [ 131.656101507410227, 32.958887862861118 ], [ 131.65511972137503, 32.95886948622308 ], [ 131.654329407395494, 32.957999479808009 ], [ 131.653743232128392, 32.957998617602208 ], [ 131.652828837285114, 32.957019479026684 ], [ 131.651163904021757, 32.956138329305148 ], [ 131.650729831407943, 32.955944583216677 ], [ 131.648629101635237, 32.955900603172957 ], [ 131.647654172785707, 32.955541101177104 ], [ 131.647033637308624, 32.954333045987234 ], [ 131.646012173682038, 32.953487692623156 ], [ 131.645080333363069, 32.952320979936239 ], [ 131.644078021797128, 32.951630620435566 ], [ 131.644295170017472, 32.950860370225534 ], [ 131.627909184423686, 32.951843616020348 ], [ 131.621723249920365, 32.95167719836931 ], [ 131.620037636774299, 32.951822859018911 ], [ 131.61755779108708, 32.95253497189637 ], [ 131.615528851580706, 32.952560087767935 ], [ 131.613443511193026, 32.952222098992252 ], [ 131.611075721506921, 32.952158723318362 ], [ 131.607273526943288, 32.951339212110447 ], [ 131.601452494285326, 32.950604508738358 ], [ 131.595891589952487, 32.949023129561489 ], [ 131.596476811562582, 32.953463160562755 ], [ 131.59752278502819, 32.954859996892793 ], [ 131.597892620410676, 32.956066503295034 ], [ 131.599251586809061, 32.957444239695867 ], [ 131.600829682290566, 32.958293026029459 ], [ 131.601940666054247, 32.966469884221389 ], [ 131.602603692614736, 32.967754204301592 ], [ 131.602492780707138, 32.968394086191545 ], [ 131.605434247284364, 32.969833437108903 ], [ 131.606242634780443, 32.969528512094918 ], [ 131.607249541998755, 32.96940675463415 ], [ 131.608217147792516, 32.969673285846767 ], [ 131.608453516283333, 32.970036434976699 ], [ 131.608473901907416, 32.971357033077958 ], [ 131.608943495091609, 32.97252847989288 ], [ 131.609969690084228, 32.972769927247164 ], [ 131.610420493944986, 32.97325204029967 ], [ 131.610392370308034, 32.973877322032699 ], [ 131.609839843838273, 32.974536367962678 ], [ 131.609142513081423, 32.974854782782558 ], [ 131.608990546175875, 32.975654884698329 ], [ 131.609358326586715, 32.976169443459753 ], [ 131.609884374951406, 32.977589113035378 ], [ 131.610699963162347, 32.978781330507914 ], [ 131.611207022722311, 32.978919202917368 ], [ 131.61143088042806, 32.980134454278122 ], [ 131.611654244608701, 32.980331505079853 ], [ 131.612455619422462, 32.980063399230701 ], [ 131.613110175844355, 32.98028584602207 ], [ 131.615360366813889, 32.982708265298591 ], [ 131.616474635753576, 32.982375706485854 ], [ 131.616778780528392, 32.981986265541501 ] ] ] } },
{ "type": "Feature", "properties": { "CITY_NAME": "豊後大野市", "S_NAME": "三重町鷲谷", "JINKO": 54, "medical_area": "44_豊肥医療圏", "町丁目名": "豊後大野市三重町鷲谷" }, "geometry": { "type": "Polygon", "coordinates": [ [ [ 131.61755779108708, 32.95253497189637 ], [ 131.620037636774299, 32.951822859018911 ], [ 131.621723249920365, 32.95167719836931 ], [ 131.627909184423686, 32.951843616020348 ], [ 131.644295170017472, 32.950860370225534 ], [ 131.644422515764319, 32.949072183975254 ], [ 131.644277628884083, 32.94806184991517 ], [ 131.643235207654669, 32.947629284222607 ], [ 131.643307825053881, 32.946572762327563 ], [ 131.642589694315035, 32.945011526568379 ], [ 131.641974563375413, 32.944486601487483 ], [ 131.640493003631235, 32.943814757777858 ], [ 131.639767108548313, 32.943290388589581 ], [ 131.639587247461293, 32.942985407629948 ], [ 131.639523995656987, 32.941890934307736 ], [ 131.638867877124426, 32.94123739918647 ], [ 131.638849003395563, 32.939939845117891 ], [ 131.638258332052175, 32.939614411504927 ], [ 131.636957886876047, 32.939147691181525 ], [ 131.636287289776021, 32.939701694036145 ], [ 131.63535114055702, 32.940134102440915 ], [ 131.634644107771521, 32.941093945937823 ], [ 131.634044182082846, 32.941386511437017 ], [ 131.633066931233458, 32.941136452881295 ], [ 131.631861118210537, 32.941548950890315 ], [ 131.631148058121596, 32.941440981398593 ], [ 131.630651418014651, 32.941632080208549 ], [ 131.629278938714947, 32.941203355978459 ], [ 131.628857736663718, 32.940695455950632 ], [ 131.628191349098898, 32.940504889500893 ], [ 131.628202577274692, 32.939413103949697 ], [ 131.627621655157526, 32.938372089356925 ], [ 131.626828272040768, 32.938272469537431 ], [ 131.625597231268301, 32.93777923707156 ], [ 131.625557718002511, 32.937309265681918 ], [ 131.624935559049874, 32.93645704073414 ], [ 131.624190219463571, 32.936009189786908 ], [ 131.623288818553334, 32.935099907989787 ], [ 131.621799089179092, 32.935017000639476 ], [ 131.621762159410736, 32.933465200568826 ], [ 131.620733166219935, 32.93169343770856 ], [ 131.620256441715554, 32.931170372723301 ], [ 131.619016492655874, 32.930770741163315 ], [ 131.619593134561512, 32.92949249847431 ], [ 131.619539092164217, 32.929301239885092 ], [ 131.618947319136396, 32.929332136193054 ], [ 131.619515835666022, 32.927991802986263 ], [ 131.619381466887717, 32.926674783508616 ], [ 131.617743651702256, 32.926170568856726 ], [ 131.617395917202316, 32.925799302563235 ], [ 131.616840490977125, 32.923769275692777 ], [ 131.616818621601368, 32.923934743457892 ], [ 131.615724826024064, 32.924076669174063 ], [ 131.614696575304066, 32.923936056628314 ], [ 131.614127960282161, 32.923303893093944 ], [ 131.613721937399191, 32.923155685586693 ], [ 131.613206075317777, 32.92263135362078 ], [ 131.612033195861585, 32.922884415241143 ], [ 131.60885382102532, 32.92210141330736 ], [ 131.608708021946569, 32.921348972174862 ], [ 131.60796069897026, 32.920880316172337 ], [ 131.607861773382297, 32.920502714529036 ], [ 131.607957348566828, 32.920192462406263 ], [ 131.608734958990908, 32.919702282502278 ], [ 131.60925630319116, 32.91892015521362 ], [ 131.608365284332052, 32.919277704718361 ], [ 131.607970315952969, 32.919607837475709 ], [ 131.607157498851279, 32.919368822668389 ], [ 131.60684839676162, 32.919699213531246 ], [ 131.607105881185049, 32.920313538430833 ], [ 131.606302871973185, 32.920485942004682 ], [ 131.605206229408708, 32.920457807356989 ], [ 131.604579532639065, 32.920818752278905 ], [ 131.602643580989081, 32.920475714046134 ], [ 131.602148577137285, 32.920536580740041 ], [ 131.60171326616657, 32.920871520750346 ], [ 131.599964046893632, 32.920800509411379 ], [ 131.599431157133466, 32.920624792499787 ], [ 131.597787134485657, 32.921461290800167 ], [ 131.59714104652474, 32.921152400496574 ], [ 131.596164245288463, 32.921514959187441 ], [ 131.595447412929133, 32.921487733754454 ], [ 131.595289527078563, 32.921829692864712 ], [ 131.594829573778156, 32.922193970740459 ], [ 131.594970037997825, 32.922457920388922 ], [ 131.594868111191403, 32.922774533722119 ], [ 131.595178222854088, 32.923218740593796 ], [ 131.594505177549394, 32.923571487173 ], [ 131.594746052478911, 32.924029937060538 ], [ 131.594715377084697, 32.924383832247223 ], [ 131.594247581676314, 32.924808025988476 ], [ 131.59372046670498, 32.925005503930905 ], [ 131.593877392255564, 32.925263793338821 ], [ 131.594380563725167, 32.925434109145307 ], [ 131.594450506081927, 32.925769413787634 ], [ 131.594163900897769, 32.925882193835925 ], [ 131.594031465457761, 32.926328479018103 ], [ 131.593526208656044, 32.92658572419311 ], [ 131.593159739625918, 32.927099969846651 ], [ 131.592626309548024, 32.926846228854195 ], [ 131.59248715252491, 32.92728141255926 ], [ 131.592113770795351, 32.927504610929311 ], [ 131.593475255753674, 32.928354689968828 ], [ 131.593752620302126, 32.928840814231506 ], [ 131.589459649138036, 32.930294891489439 ], [ 131.588084019617668, 32.931064876206783 ], [ 131.58729681841595, 32.931720890457662 ], [ 131.587013455412233, 32.932760021333372 ], [ 131.587062231762332, 32.93440531277426 ], [ 131.587549188929643, 32.934872595786793 ], [ 131.587705633263141, 32.935475578091548 ], [ 131.590127672187208, 32.938667634481661 ], [ 131.592477598430804, 32.942317629255349 ], [ 131.59442275579184, 32.943717095812033 ], [ 131.594989345220711, 32.945167801997847 ], [ 131.594502446841602, 32.948679591121802 ], [ 131.601452494285326, 32.950604508738358 ], [ 131.607273526943288, 32.951339212110447 ], [ 131.611075721506921, 32.952158723318362 ], [ 131.613443511193026, 32.952222098992252 ], [ 131.615528851580706, 32.952560087767935 ], [ 131.61755779108708, 32.95253497189637 ] ] ] } },
{ "type": "Feature", "properties": { "CITY_NAME": "豊後大野市", "S_NAME": "三重町西畑", "JINKO": 88, "medical_area": "44_豊肥医療圏", "町丁目名": "豊後大野市三重町西畑" }, "geometry": { "type": "Polygon", "coordinates": [ [ [ 131.639665269223656, 33.004567248379381 ], [ 131.641126870902639, 33.003387024899652 ], [ 131.64166785784326, 33.003618789783289 ], [ 131.64216622983497, 33.003338157093395 ], [ 131.642738345755788, 33.001936460493425 ], [ 131.643739190256809, 33.00140876080907 ], [ 131.644208910386965, 32.999708665750049 ], [ 131.644222870452381, 32.999021760406606 ], [ 131.643594529211072, 32.997772102723431 ], [ 131.644825213197521, 32.997686069607056 ], [ 131.644934839843415, 32.997124176368771 ], [ 131.645123212429496, 32.996958913659661 ], [ 131.644932082728843, 32.996368905555158 ], [ 131.646322423576152, 32.995045108478486 ], [ 131.646379469127737, 32.994326046627918 ], [ 131.646808152700544, 32.993698616262051 ], [ 131.647292069246504, 32.992105688930373 ], [ 131.647990490260099, 32.991344510982685 ], [ 131.649249478935559, 32.990591838182922 ], [ 131.649721856637058, 32.990023490838837 ], [ 131.649866882682659, 32.989491082737992 ], [ 131.651057419313503, 32.988268694912676 ], [ 131.651021370015798, 32.987417770475446 ], [ 131.651747071606707, 32.986688386363461 ], [ 131.652171360476075, 32.985844189001952 ], [ 131.652109681518539, 32.985561571732262 ], [ 131.65089458437663, 32.984899318727678 ], [ 131.651862541277808, 32.983981563579825 ], [ 131.652785862611182, 32.982527817287433 ], [ 131.653886398004232, 32.982337252706053 ], [ 131.654405322731918, 32.981846170453593 ], [ 131.653764389988396, 32.981644283007419 ], [ 131.652656503394439, 32.981788996865539 ], [ 131.651781188804762, 32.982234041635586 ], [ 131.65092219702629, 32.982347445754819 ], [ 131.650208950413088, 32.982924257340038 ], [ 131.649178067811107, 32.983228792226491 ], [ 131.648802160802603, 32.98395305267546 ], [ 131.648303316027352, 32.984264292506587 ], [ 131.648036710008483, 32.985082711584283 ], [ 131.647734314942142, 32.985316474505936 ], [ 131.64795811963802, 32.985744086622717 ], [ 131.647873798173265, 32.986284890075268 ], [ 131.646371291129356, 32.987636286826884 ], [ 131.646008481062495, 32.988823065026331 ], [ 131.64276772295986, 32.988436475743327 ], [ 131.641606410667038, 32.988555450898524 ], [ 131.640804604347466, 32.988936244928212 ], [ 131.638015477636401, 32.991125920241508 ], [ 131.636834099222057, 32.991565140372572 ], [ 131.636197462027155, 32.993169337684101 ], [ 131.634672549656699, 32.995587947363944 ], [ 131.634410239669023, 32.996418008073704 ], [ 131.634427029085543, 32.998319219550218 ], [ 131.632897888890994, 32.998725483478026 ], [ 131.632175306719546, 32.999284596842152 ], [ 131.631948190209528, 33.000159481415388 ], [ 131.632370258281981, 33.001320973136238 ], [ 131.632106247879022, 33.001411511609824 ], [ 131.631681484554889, 33.001223095158636 ], [ 131.631157750439939, 33.002913789580191 ], [ 131.632464078640197, 33.003102061464332 ], [ 131.632768848094884, 33.003310326943961 ], [ 131.633010051266979, 33.004395885292602 ], [ 131.632791031315008, 33.005481820812676 ], [ 131.636578078988066, 33.005297657242004 ], [ 131.638859085897025, 33.004959838529274 ], [ 131.639665269223656, 33.004567248379381 ] ] ] } },
{ "type": "Feature", "properties": { "CITY_NAME": "豊後大野市", "S_NAME": "三重町山部", "JINKO": 4, "medical_area": "44_豊肥医療圏", "町丁目名": "豊後大野市三重町山部" }, "geometry": { "type": "Polygon", "coordinates": [ [ [ 131.629755798131441, 32.925732982679129 ], [ 131.630242806163778, 32.924824159955882 ], [ 131.630211840701776, 32.924425946175624 ], [ 131.629767824697495, 32.924195459612051 ], [ 131.627562226993376, 32.924045400862326 ], [ 131.627212340849042, 32.923942695099065 ], [ 131.627127986673031, 32.92373693204388 ], [ 131.627206759867704, 32.92285240850471 ], [ 131.627969241970987, 32.922219570817504 ], [ 131.628109146218577, 32.921323018662889 ], [ 131.62884169999262, 32.920049797815139 ], [ 131.629270630278768, 32.919672686208372 ], [ 131.629161479661633, 32.919048095198242 ], [ 131.628576652076958, 32.918489728034508 ], [ 131.626754732904686, 32.918450054981214 ], [ 131.624893242901436, 32.917786849661503 ], [ 131.624554536058469, 32.917344753134032 ], [ 131.623718096153027, 32.916984779314937 ], [ 131.623102739475343, 32.91701699949278 ], [ 131.622750020552985, 32.917933253209654 ], [ 131.62223119782476, 32.918628064730051 ], [ 131.622042700260579, 32.918697282975195 ], [ 131.621464391349406, 32.918480484649372 ], [ 131.621401518703351, 32.91911898474789 ], [ 131.622155157365341, 32.919868601189023 ], [ 131.621762344101285, 32.922375274208527 ], [ 131.621572933653738, 32.922524631580671 ], [ 131.619918869689485, 32.922695049900476 ], [ 131.618132815785458, 32.923256893225954 ], [ 131.616905856076329, 32.923274317747577 ], [ 131.616840490977125, 32.923769275692777 ], [ 131.617395917202316, 32.925799302563235 ], [ 131.617743651702256, 32.926170568856726 ], [ 131.619381466887717, 32.926674783508631 ], [ 131.6199994617198, 32.926392980231348 ], [ 131.620592165885512, 32.926804731231641 ], [ 131.62160760452565, 32.926772530587243 ], [ 131.622054884950018, 32.926993015384369 ], [ 131.622691001718323, 32.926884614643612 ], [ 131.624197169688728, 32.927396979756864 ], [ 131.625549929507031, 32.928341677809676 ], [ 131.626235002383709, 32.928293095780134 ], [ 131.627957067591012, 32.927381344978812 ], [ 131.628641039469159, 32.926283515927501 ], [ 131.629755798131441, 32.925732982679129 ] ] ] } },
{ "type": "Feature", "properties": { "CITY_NAME": "豊後大野市", "S_NAME": "三重町玉田", "JINKO": 576, "medical_area": "44_豊肥医療圏", "町丁目名": "豊後大野市三重町玉田" }, "geometry": { "type": "Polygon", "coordinates": [ [ [ 131.574005464435174, 32.989046056321008 ], [ 131.575623388625814, 32.988379660514497 ], [ 131.575836748284303, 32.987688651143309 ], [ 131.576050611907846, 32.987539536193104 ], [ 131.579962102532647, 32.987929144633981 ], [ 131.58026189795936, 32.987141509767469 ], [ 131.580075631614477, 32.986082118935308 ], [ 131.581043219881735, 32.985780639458625 ], [ 131.581148430431455, 32.984186147959605 ], [ 131.578897177121888, 32.984273809924424 ], [ 131.577948580031688, 32.984165522883096 ], [ 131.577192675137496, 32.983892997732411 ], [ 131.577258828971793, 32.983441964673752 ], [ 131.575272057402145, 32.983051561564963 ], [ 131.575791655010562, 32.982274419734708 ], [ 131.57551632452828, 32.981739646273986 ], [ 131.57503912707827, 32.981480369897611 ], [ 131.575462817571605, 32.981427952357954 ], [ 131.575155028759212, 32.981249677092933 ], [ 131.575514851061541, 32.980589821004088 ], [ 131.575208927495282, 32.980324716279277 ], [ 131.57540094672018, 32.980018963371506 ], [ 131.575008168411642, 32.979842086850347 ], [ 131.575308323415271, 32.9793975273017 ], [ 131.574744426926429, 32.979061937835503 ], [ 131.575336963840471, 32.978276843406121 ], [ 131.573493981897514, 32.97629156250656 ], [ 131.573318132996889, 32.975644617536005 ], [ 131.573624751880089, 32.975334842088039 ], [ 131.572663609051062, 32.974619147194048 ], [ 131.572147231571364, 32.974407890671223 ], [ 131.569589337040071, 32.976476539455078 ], [ 131.56887874516616, 32.976035742529149 ], [ 131.568336175561626, 32.975349198301473 ], [ 131.568292678943038, 32.975062911332969 ], [ 131.569020272148293, 32.974740884448977 ], [ 131.568766000751822, 32.973973709351299 ], [ 131.567315282424062, 32.974361026260588 ], [ 131.56649580483213, 32.973380779726824 ], [ 131.565903495373561, 32.973152908084174 ], [ 131.566024464102384, 32.971930933559861 ], [ 131.564288108386847, 32.971740678563968 ], [ 131.563271923495307, 32.972898916940117 ], [ 131.562836896750412, 32.972595140883186 ], [ 131.562555216030319, 32.972142379518964 ], [ 131.560053979704406, 32.973486569477451 ], [ 131.560173911330821, 32.973830626156968 ], [ 131.559792405379625, 32.973962008557862 ], [ 131.559329155348905, 32.974060365966309 ], [ 131.558400603359246, 32.973930914868838 ], [ 131.55769946650409, 32.97438596103391 ], [ 131.556180047420241, 32.974651119656926 ], [ 131.554851181551925, 32.974588018053815 ], [ 131.553804480612484, 32.975161856018062 ], [ 131.55345415627329, 32.975189471939082 ], [ 131.552874662850314, 32.974835960780055 ], [ 131.552421123361881, 32.974837969632212 ], [ 131.551751722800105, 32.974473985658591 ], [ 131.551546871742346, 32.974622697328826 ], [ 131.552264011907425, 32.978267020879954 ], [ 131.553345177030053, 32.978596239427887 ], [ 131.554031594248357, 32.979296908728621 ], [ 131.5577283049399, 32.978595378003519 ], [ 131.55788984728872, 32.979163746642726 ], [ 131.559443973730652, 32.979938563058475 ], [ 131.560742177872754, 32.981037928023405 ], [ 131.562729377904617, 32.982355524949668 ], [ 131.564340746109224, 32.983049357473845 ], [ 131.564537268669312, 32.983497745294521 ], [ 131.5636751877162, 32.984539594650947 ], [ 131.563617561973274, 32.985021864637666 ], [ 131.563766775233631, 32.985516952349137 ], [ 131.564232646614357, 32.986047012112152 ], [ 131.564758398629806, 32.986212827583344 ], [ 131.566204833633407, 32.985153956693019 ], [ 131.56698663348925, 32.984791261039206 ], [ 131.567570044827619, 32.984987227877092 ], [ 131.56736771502807, 32.986106175449223 ], [ 131.566037957584314, 32.98711661387064 ], [ 131.565325692055836, 32.98795952243114 ], [ 131.565412946145216, 32.988180164406415 ], [ 131.566472883720394, 32.988223195386908 ], [ 131.567604313340382, 32.989191177684248 ], [ 131.568836273822598, 32.989008729048834 ], [ 131.572959749085385, 32.989290715285733 ], [ 131.574005464435174, 32.989046056321008 ] ] ] } },
{ "type": "Feature", "properties": { "CITY_NAME": "豊後大野市", "S_NAME": "三重町久田", "JINKO": 225, "medical_area": "44_豊肥医療圏", "町丁目名": "豊後大野市三重町久田" }, "geometry": { "type": "Polygon", "coordinates": [ [ [ 131.552264011907425, 32.978267020879954 ], [ 131.551611586002338, 32.975273431304018 ], [ 131.551635412881922, 32.974506331140731 ], [ 131.552421123361881, 32.974837969632212 ], [ 131.552874662850314, 32.974835960780055 ], [ 131.55345415627329, 32.975189471939082 ], [ 131.553804480612484, 32.975161856018062 ], [ 131.554851181551925, 32.974588018053815 ], [ 131.556180047420241, 32.974651119656926 ], [ 131.55769946650409, 32.97438596103391 ], [ 131.558400603359246, 32.973930914868838 ], [ 131.559329155348905, 32.974060365966309 ], [ 131.559792405379625, 32.973962008557862 ], [ 131.560173911330821, 32.973830626156968 ], [ 131.560053979704406, 32.973486569477451 ], [ 131.562555216030319, 32.972142379518964 ], [ 131.561063352758509, 32.970784694009303 ], [ 131.561247685754694, 32.969971624689371 ], [ 131.560701182159818, 32.96872602647499 ], [ 131.560763820750253, 32.967924903632841 ], [ 131.560462672959119, 32.965236224757405 ], [ 131.560215619516129, 32.964689737763926 ], [ 131.558120823246014, 32.96384579588446 ], [ 131.556068147220657, 32.962583118914047 ], [ 131.55438850813843, 32.960713623488409 ], [ 131.552961380683911, 32.958788906483228 ], [ 131.551146636400631, 32.957629391761422 ], [ 131.549009466901538, 32.956795760596634 ], [ 131.547006025750619, 32.955378184528975 ], [ 131.544857480182543, 32.955238547593339 ], [ 131.543060119855426, 32.953617424658574 ], [ 131.541444525748261, 32.953488488828668 ], [ 131.539771295829155, 32.952298262687307 ], [ 131.539313094481116, 32.951860096358459 ], [ 131.538670291114585, 32.950516547846355 ], [ 131.539124268725743, 32.94942287171672 ], [ 131.540891569179735, 32.948420606379663 ], [ 131.540883263110715, 32.94789419596205 ], [ 131.539690184693285, 32.946533611370235 ], [ 131.53822737376808, 32.946265902976307 ], [ 131.538039518238179, 32.945862786567837 ], [ 131.538289149125006, 32.944218113851676 ], [ 131.537946787544968, 32.943914753481899 ], [ 131.535812451858533, 32.943838220044761 ], [ 131.535811897671806, 32.944701813315909 ], [ 131.534763219887509, 32.945431838236473 ], [ 131.532849887066703, 32.945970170550758 ], [ 131.529713827543134, 32.946320832085526 ], [ 131.529355505196435, 32.946784053752076 ], [ 131.529239678260694, 32.9475456101475 ], [ 131.528992770849754, 32.948015970353005 ], [ 131.528978312680124, 32.94962949234128 ], [ 131.529416108514567, 32.950167691399614 ], [ 131.531199709839342, 32.951408880808465 ], [ 131.531610836345095, 32.952094371524794 ], [ 131.531438499577462, 32.952465482301264 ], [ 131.529316054053083, 32.954298471574084 ], [ 131.529892081534229, 32.95653611914809 ], [ 131.529817046342487, 32.95706918129035 ], [ 131.529308051522861, 32.958507207750628 ], [ 131.527849884497044, 32.959238899430993 ], [ 131.527566535248837, 32.960678514474232 ], [ 131.527785940609704, 32.961134233682031 ], [ 131.528798713732016, 32.961749196376971 ], [ 131.529373493092322, 32.961913976470818 ], [ 131.530881866098753, 32.961027313479306 ], [ 131.531680874426797, 32.960775315590972 ], [ 131.532705514815319, 32.9610246521409 ], [ 131.532917152950404, 32.96119119232015 ], [ 131.533223178303302, 32.962531901890266 ], [ 131.53375709962765, 32.963245031030084 ], [ 131.533771603018494, 32.964155695569502 ], [ 131.533941129618341, 32.964322415309155 ], [ 131.535799751711323, 32.965615908864578 ], [ 131.539065092189361, 32.966614144421349 ], [ 131.540382231898093, 32.967435504671919 ], [ 131.540764987029235, 32.968582964009769 ], [ 131.540683790427124, 32.969014690452951 ], [ 131.540588686571397, 32.9692078965303 ], [ 131.540065988229912, 32.969372506786698 ], [ 131.539564255223752, 32.97000888709465 ], [ 131.539492551429021, 32.970595205778991 ], [ 131.539904492611555, 32.971259077763932 ], [ 131.542063770638833, 32.972540119609121 ], [ 131.542358663222871, 32.973406827150718 ], [ 131.542032456015164, 32.97381316308703 ], [ 131.541774966570358, 32.974558258669326 ], [ 131.540903024310779, 32.975195564776612 ], [ 131.54071947482791, 32.975999483857898 ], [ 131.540841393773263, 32.976275976029449 ], [ 131.541643070342445, 32.976684206865166 ], [ 131.542454992741909, 32.976654135667474 ], [ 131.543077034055528, 32.97699043659194 ], [ 131.544085290548992, 32.977799050025688 ], [ 131.548257757349489, 32.980392247156068 ], [ 131.54847656824208, 32.98000973234187 ], [ 131.554031594248357, 32.979296908728621 ], [ 131.553345177030053, 32.978596239427887 ], [ 131.552264011907425, 32.978267020879954 ] ] ] } },
{ "type": "Feature", "properties": { "CITY_NAME": "豊後大野市", "S_NAME": "三重町小田", "JINKO": 41, "medical_area": "44_豊肥医療圏", "町丁目名": "豊後大野市三重町小田" }, "geometry": { "type": "Polygon", "coordinates": [ [ [ 131.551964184792553, 32.944973011523871 ], [ 131.55517515673111, 32.945039766451295 ], [ 131.555252768748261, 32.94435764854795 ], [ 131.555525872044313, 32.94383862833768 ], [ 131.556065510285435, 32.943387469584792 ], [ 131.557908777625613, 32.942719069455286 ], [ 131.561366531921436, 32.93957514815424 ], [ 131.563751383389359, 32.937712280818488 ], [ 131.560152674559504, 32.934553497323449 ], [ 131.559468222061497, 32.934816488575841 ], [ 131.557954872211354, 32.934515785674435 ], [ 131.555307264961357, 32.931989698235235 ], [ 131.554822621539046, 32.93187445956346 ], [ 131.553994656964306, 32.931978737578035 ], [ 131.553246846996046, 32.932183283297306 ], [ 131.552493967555648, 32.932633810281693 ], [ 131.552377756976767, 32.932258095553529 ], [ 131.551995917837672, 32.932028941474968 ], [ 131.549943382095336, 32.932268806186343 ], [ 131.549134832550578, 32.93192182639708 ], [ 131.548853115924487, 32.931198504425495 ], [ 131.548783195068921, 32.930416515775839 ], [ 131.549419615440684, 32.928361835450033 ], [ 131.551158492831547, 32.926218958981949 ], [ 131.553247030899371, 32.924533531652202 ], [ 131.5539884640568, 32.923625320423987 ], [ 131.554499778570488, 32.922648916103334 ], [ 131.554939196795402, 32.921244105237044 ], [ 131.55443733426884, 32.921017733294846 ], [ 131.552768028199495, 32.920860477502679 ], [ 131.551139577499782, 32.921166980042337 ], [ 131.55029816309272, 32.921782043345431 ], [ 131.550223556813677, 32.922365848164198 ], [ 131.549593833370437, 32.923167710000698 ], [ 131.547798969621709, 32.923804702277977 ], [ 131.547844017371517, 32.9242814301805 ], [ 131.548276985118576, 32.924733636766966 ], [ 131.548675656313549, 32.924995726211904 ], [ 131.549079034440808, 32.925039630648932 ], [ 131.549611075040133, 32.925463482750835 ], [ 131.548797513045969, 32.926212880664394 ], [ 131.546996688543231, 32.926385640681701 ], [ 131.54621732895049, 32.926830450333703 ], [ 131.546136190865184, 32.927328024367128 ], [ 131.546430380629516, 32.928699178157373 ], [ 131.546364399272278, 32.929704057712328 ], [ 131.546224186967009, 32.929894923656242 ], [ 131.545536301214639, 32.93054227398197 ], [ 131.544203499140536, 32.931009762428978 ], [ 131.543294215382332, 32.930881783285194 ], [ 131.542130603092744, 32.931465211329886 ], [ 131.542044637892644, 32.932660432444827 ], [ 131.541890193985154, 32.932985815482532 ], [ 131.54010307950935, 32.933942301449164 ], [ 131.539766224873802, 32.93444858283663 ], [ 131.539918927131936, 32.934823375991968 ], [ 131.540565330006586, 32.935251856651078 ], [ 131.540724949149791, 32.935773759228439 ], [ 131.540202526773783, 32.936443200592478 ], [ 131.538535199372603, 32.937323049927244 ], [ 131.538314216129322, 32.937597978062684 ], [ 131.53832290718131, 32.938039352546113 ], [ 131.538612609259076, 32.938679942179164 ], [ 131.538453016412291, 32.939152482648367 ], [ 131.538052324216579, 32.93956009919583 ], [ 131.53742220068662, 32.93983679430125 ], [ 131.535882969243403, 32.939531346191288 ], [ 131.534748798066431, 32.939538715166165 ], [ 131.534334567622523, 32.941191991219938 ], [ 131.534791336068906, 32.942108402039331 ], [ 131.53560060206766, 32.94309686944144 ], [ 131.535812451858533, 32.943838220044761 ], [ 131.537424386677372, 32.943814043204043 ], [ 131.538160290947872, 32.944063321089416 ], [ 131.538295363750649, 32.944815725776728 ], [ 131.538039518238179, 32.945862786567837 ], [ 131.53822737376808, 32.946265902976307 ], [ 131.539690184693285, 32.946533611370235 ], [ 131.540789997199937, 32.947713371242891 ], [ 131.540891569179735, 32.948420606379663 ], [ 131.539302338720546, 32.949245179282045 ], [ 131.538662282156196, 32.950621869646042 ], [ 131.539313094481116, 32.951860096358459 ], [ 131.541444525748261, 32.953488488828668 ], [ 131.542534775769525, 32.953496720807536 ], [ 131.542879112984622, 32.951444420305783 ], [ 131.543129554164437, 32.951057224314255 ], [ 131.54397519346557, 32.950370416875323 ], [ 131.545184821850512, 32.949659382872667 ], [ 131.545335117451316, 32.949478350237605 ], [ 131.545607007822525, 32.948029305513707 ], [ 131.546258312353984, 32.947427867359771 ], [ 131.54825534841703, 32.946148410019596 ], [ 131.549855459000298, 32.945486113694891 ], [ 131.551964184792553, 32.944973011523871 ] ] ] } },
{ "type": "Feature", "properties": { "CITY_NAME": "豊後大野市", "S_NAME": "三重町本城", "JINKO": 571, "medical_area": "44_豊肥医療圏", "町丁目名": "豊後大野市三重町本城" }, "geometry": { "type": "Polygon", "coordinates": [ [ [ 131.569589337040071, 32.976476539455078 ], [ 131.572147231571364, 32.974407890671223 ], [ 131.57242165028714, 32.974496222427661 ], [ 131.572710628532434, 32.973349275665541 ], [ 131.57247220902309, 32.971556992271566 ], [ 131.573310437488146, 32.97096742532645 ], [ 131.573558706841993, 32.970146590216316 ], [ 131.574825839942974, 32.96921673138263 ], [ 131.571312663271385, 32.966797795743958 ], [ 131.568406326207025, 32.965397708252524 ], [ 131.567337899839742, 32.965742508378653 ], [ 131.567051456841597, 32.96454939698431 ], [ 131.566550829746063, 32.964136419817201 ], [ 131.565748343965026, 32.963925578773924 ], [ 131.565798941707698, 32.963366802240451 ], [ 131.565294998147749, 32.962857551294206 ], [ 131.565405978200999, 32.962437239741263 ], [ 131.565054074163982, 32.96158968948312 ], [ 131.56578994083057, 32.960251988824822 ], [ 131.565537908812644, 32.958925221936802 ], [ 131.566060444170802, 32.957560350331583 ], [ 131.566349299506641, 32.956106270061127 ], [ 131.567321223579029, 32.954712622033149 ], [ 131.569773472404364, 32.952408309791856 ], [ 131.569402203378758, 32.952497039678953 ], [ 131.568461392866794, 32.952337351134339 ], [ 131.567244061694907, 32.950826018070707 ], [ 131.563967133637334, 32.94862363185235 ], [ 131.563046088838405, 32.946838786285639 ], [ 131.562348409563612, 32.946371319468433 ], [ 131.55787421557261, 32.945122390597547 ], [ 131.551449239930861, 32.94501307092208 ], [ 131.54825534841703, 32.946148410019596 ], [ 131.545752431469708, 32.947858375489716 ], [ 131.545549552978343, 32.948204822075503 ], [ 131.545335117451316, 32.949478350237605 ], [ 131.54397519346557, 32.950370416875323 ], [ 131.543129554164437, 32.951057224314255 ], [ 131.542879112984622, 32.951444420305783 ], [ 131.542534775769525, 32.953496720807536 ], [ 131.543060119855426, 32.953617424658574 ], [ 131.544857480182543, 32.955238547593339 ], [ 131.547006025750619, 32.955378184528975 ], [ 131.549009466901538, 32.956795760596634 ], [ 131.551146636400631, 32.957629391761422 ], [ 131.552961380683911, 32.958788906483228 ], [ 131.55438850813843, 32.960713623488409 ], [ 131.556068147220657, 32.962583118914047 ], [ 131.558120823246014, 32.96384579588446 ], [ 131.560215619516129, 32.964689737763926 ], [ 131.560462672959119, 32.965236224757405 ], [ 131.560763820750253, 32.967924903632841 ], [ 131.560701182159818, 32.96872602647499 ], [ 131.561247685754694, 32.969971624689371 ], [ 131.561063352758509, 32.970784694009303 ], [ 131.562377917540914, 32.971926426315022 ], [ 131.56298935778409, 32.972735919593596 ], [ 131.563271923495307, 32.972898916940117 ], [ 131.564288108386847, 32.971740678563968 ], [ 131.566024464102384, 32.971930933559861 ], [ 131.565903495373561, 32.973152908084174 ], [ 131.56649580483213, 32.973380779726824 ], [ 131.567315282424062, 32.974361026260588 ], [ 131.568766000751822, 32.973973709351299 ], [ 131.569020272148293, 32.974740884448977 ], [ 131.568292678943038, 32.975062911332969 ], [ 131.568336175561626, 32.975349198301473 ], [ 131.56887874516616, 32.976035742529149 ], [ 131.569589337040071, 32.976476539455078 ] ] ] } },
{ "type": "Feature", "properties": { "CITY_NAME": "豊後大野市", "S_NAME": "三重町大白谷", "JINKO": 55, "medical_area": "44_豊肥医療圏", "町丁目名": "豊後大野市三重町大白谷" }, "geometry": { "type": "Polygon", "coordinates": [ [ [ 131.538321102975601, 32.887578732921597 ], [ 131.539312039996105, 32.886984334782575 ], [ 131.539444176942197, 32.886162251814305 ], [ 131.539969753807071, 32.885823184891116 ], [ 131.540235549251207, 32.884433805015455 ], [ 131.540160922157412, 32.884147111841393 ], [ 131.540333311908569, 32.883956008468409 ], [ 131.542679200951738, 32.883581222422592 ], [ 131.543027533657323, 32.882928069377449 ], [ 131.543815355659603, 32.882059207525202 ], [ 131.545059606182349, 32.881755058395257 ], [ 131.546279189608214, 32.881112746916969 ], [ 131.546292205576492, 32.880689492869642 ], [ 131.546604278365749, 32.88007309859433 ], [ 131.546645285388252, 32.878836997143196 ], [ 131.546457219095515, 32.878754818354807 ], [ 131.546132155850671, 32.879096582758912 ], [ 131.54553019389698, 32.879227778647731 ], [ 131.54613493048771, 32.878820510260141 ], [ 131.546215373375901, 32.878323403504908 ], [ 131.54592728502621, 32.878008898546341 ], [ 131.546264650416333, 32.877747392153701 ], [ 131.546258540404835, 32.876927386093371 ], [ 131.546780860228466, 32.877038409522541 ], [ 131.547007576183205, 32.877392185224615 ], [ 131.5475660870068, 32.876938390079978 ], [ 131.547738067170371, 32.876991506374601 ], [ 131.547842314723283, 32.877115493229169 ], [ 131.547693248514349, 32.877455685757056 ], [ 131.548089940085276, 32.877990213633822 ], [ 131.547950903433048, 32.878345904141852 ], [ 131.548375735691451, 32.878533749821173 ], [ 131.549603008404176, 32.876753502963652 ], [ 131.549183950064105, 32.876586541991784 ], [ 131.549031787892318, 32.875264930376858 ], [ 131.548410165772509, 32.875276417704207 ], [ 131.548055326043112, 32.87508368493787 ], [ 131.547719284786808, 32.874560285723469 ], [ 131.547651355738452, 32.874048534616378 ], [ 131.546691286434793, 32.874188331724952 ], [ 131.546206611176558, 32.873821425096985 ], [ 131.544404955768726, 32.873448116212465 ], [ 131.543316600814194, 32.872750544193238 ], [ 131.542391809292582, 32.872629751758765 ], [ 131.541966594099847, 32.871780880754443 ], [ 131.541253554059892, 32.871223352636989 ], [ 131.541125256877194, 32.869726901612111 ], [ 131.540461436505268, 32.869097633898441 ], [ 131.54073735792403, 32.867894238055001 ], [ 131.540419468494662, 32.867584601726804 ], [ 131.540322686553793, 32.866531916834738 ], [ 131.539242224432286, 32.865925354683498 ], [ 131.538571781005942, 32.864724009817508 ], [ 131.538284555058908, 32.864720516003992 ], [ 131.537743385847961, 32.865055444445709 ], [ 131.537149935383695, 32.865082271561782 ], [ 131.53667161796119, 32.8646950584831 ], [ 131.536329337083714, 32.863781048249734 ], [ 131.535686511555781, 32.863708909228073 ], [ 131.535344108708728, 32.863176057828838 ], [ 131.534514488776381, 32.862898271414075 ], [ 131.53377121530059, 32.862352955220608 ], [ 131.533359728660855, 32.86243093280693 ], [ 131.532276508282337, 32.862024668615618 ], [ 131.531980689373597, 32.861243349213495 ], [ 131.531467177272219, 32.86085490093614 ], [ 131.53032458524649, 32.860946754644203 ], [ 131.529543927683619, 32.860692332848807 ], [ 131.528803333529027, 32.861126550383943 ], [ 131.527877636673139, 32.861104127944984 ], [ 131.527376777956846, 32.860551673852093 ], [ 131.527297462199044, 32.859850379772226 ], [ 131.525362959416753, 32.858460613094593 ], [ 131.524792339769931, 32.858275451588952 ], [ 131.524063544395943, 32.857452036183531 ], [ 131.523481251357964, 32.857054395605786 ], [ 131.523034251951145, 32.855992337811763 ], [ 131.522452756659021, 32.855999473313901 ], [ 131.520583210650813, 32.856667014836582 ], [ 131.519795170017716, 32.856646654940306 ], [ 131.518479289115419, 32.855957178214027 ], [ 131.51681088688872, 32.855719801253244 ], [ 131.516027957787003, 32.854649646825777 ], [ 131.514272222284177, 32.853831715953064 ], [ 131.513290111904894, 32.854414577412776 ], [ 131.512990231081488, 32.854432652839904 ], [ 131.510795659946069, 32.854220283843411 ], [ 131.509947388531828, 32.853874248812474 ], [ 131.509505963682898, 32.853479991840288 ], [ 131.509034578712516, 32.853574992684855 ], [ 131.507912575224424, 32.852921063248864 ], [ 131.50505597009365, 32.853594984379235 ], [ 131.504231087918498, 32.853284568306272 ], [ 131.502865567088321, 32.853125395392908 ], [ 131.50203384893635, 32.85231375702427 ], [ 131.501049839653462, 32.851719950460222 ], [ 131.499808768284765, 32.850504493126401 ], [ 131.499106724142337, 32.850405399681392 ], [ 131.498270222793565, 32.850009997702166 ], [ 131.496171161066968, 32.849852284781718 ], [ 131.494514522441477, 32.850543696762294 ], [ 131.493808776977033, 32.850493851127638 ], [ 131.492771320681896, 32.849810601506725 ], [ 131.491571389909154, 32.849393997982276 ], [ 131.491096391478266, 32.848935712701369 ], [ 131.490658930939105, 32.847852516376058 ], [ 131.49044645823443, 32.845794455808566 ], [ 131.489846493013829, 32.845477833042949 ], [ 131.488046575356833, 32.845194521407308 ], [ 131.485784233040476, 32.843936321686876 ], [ 131.484584330638285, 32.843003095847301 ], [ 131.48388435200718, 32.842319856961382 ], [ 131.482184457810291, 32.83972024851947 ], [ 131.481909498991143, 32.838995360742857 ], [ 131.480534558477473, 32.838937053394538 ], [ 131.479259598360215, 32.839087064233034 ], [ 131.477809651098994, 32.838870458169062 ], [ 131.476409704375726, 32.838437231466223 ], [ 131.476450322278367, 32.838859264574445 ], [ 131.476183954953285, 32.839206219391926 ], [ 131.476393723690364, 32.83991174978609 ], [ 131.476185423820908, 32.840271160666056 ], [ 131.476267021923945, 32.840685587099401 ], [ 131.476021557316727, 32.841327684518916 ], [ 131.476143088157272, 32.842774304953984 ], [ 131.475557967540823, 32.842497627245642 ], [ 131.47458262107935, 32.842669792633103 ], [ 131.473572954259055, 32.842449077909563 ], [ 131.472231874118449, 32.842441476352839 ], [ 131.470539627039443, 32.842944025221897 ], [ 131.470591574184368, 32.84343826212438 ], [ 131.470383706749431, 32.843880965357684 ], [ 131.469391333232124, 32.844886203637806 ], [ 131.468678690099864, 32.845231157849376 ], [ 131.469190958471785, 32.845944665064273 ], [ 131.468884489609678, 32.846423951610042 ], [ 131.46891398770029, 32.847537688031146 ], [ 131.468669359551143, 32.847938864244107 ], [ 131.468609902463527, 32.848873643403572 ], [ 131.469352757777102, 32.849358073031084 ], [ 131.469697107833071, 32.849963517630854 ], [ 131.46892534097978, 32.850904581081686 ], [ 131.468973557904889, 32.851500264107138 ], [ 131.468589365295287, 32.852296785367329 ], [ 131.467579841926408, 32.853331088673592 ], [ 131.467750279847451, 32.853910024135679 ], [ 131.467432775847726, 32.855155463611453 ], [ 131.466961638229918, 32.855742218409169 ], [ 131.46833117116077, 32.856642682677162 ], [ 131.469855998603691, 32.858498843675541 ], [ 131.470221118771661, 32.859770702625248 ], [ 131.470930624605018, 32.86042186161739 ], [ 131.47056618227947, 32.861303438903796 ], [ 131.470804382923291, 32.862108510057176 ], [ 131.470126154620743, 32.86331909871123 ], [ 131.470117087702988, 32.864036356048537 ], [ 131.469628579091875, 32.86459783208953 ], [ 131.469032916190883, 32.864777550656619 ], [ 131.468953802233187, 32.865241509609476 ], [ 131.468609880382218, 32.865552498499909 ], [ 131.468712423081229, 32.866684092124999 ], [ 131.468560345173728, 32.867148312843312 ], [ 131.467564774175145, 32.868421638056233 ], [ 131.46707041931694, 32.869515600629086 ], [ 131.466749937656687, 32.869795709202229 ], [ 131.466941890450443, 32.870381806861651 ], [ 131.466881622200304, 32.870756940174147 ], [ 131.466428353663986, 32.871084613740514 ], [ 131.466263417653693, 32.871559745811517 ], [ 131.466706002753767, 32.872052539383212 ], [ 131.466794199838205, 32.872505002097014 ], [ 131.467183241924147, 32.873014301789304 ], [ 131.467772635819955, 32.873265681776466 ], [ 131.468138358341548, 32.873831204397987 ], [ 131.468748591921127, 32.873955715659491 ], [ 131.468998823165293, 32.874197485497653 ], [ 131.470077238725054, 32.876000991377538 ], [ 131.470149837701655, 32.876736041822312 ], [ 131.470762529819325, 32.87732056853465 ], [ 131.47075565799733, 32.877646598425912 ], [ 131.47673918364643, 32.877723717609129 ], [ 131.479859267694735, 32.878673107793169 ], [ 131.487242336934798, 32.88028859577939 ], [ 131.491641661842181, 32.883150945498265 ], [ 131.492102478607279, 32.883217685886621 ], [ 131.493777210982643, 32.882929472810396 ], [ 131.494743472737156, 32.884447001290631 ], [ 131.495583376669657, 32.884818778601307 ], [ 131.497543065217684, 32.8855117757996 ], [ 131.500643172237034, 32.885792137241339 ], [ 131.501944028182379, 32.887414006277886 ], [ 131.501571484935909, 32.888113095696895 ], [ 131.503988716322738, 32.887890697128235 ], [ 131.505184615340681, 32.888047142180397 ], [ 131.506651470497673, 32.887471285684654 ], [ 131.507909064688533, 32.887625978855617 ], [ 131.509247625573067, 32.888066326601127 ], [ 131.509908882133033, 32.887677279440922 ], [ 131.511308345830543, 32.887423658804536 ], [ 131.512395471072097, 32.888038364342741 ], [ 131.513501636684083, 32.888202721999725 ], [ 131.514007771215688, 32.888428830241459 ], [ 131.514681739208754, 32.889303807692379 ], [ 131.516063642442475, 32.889749945921551 ], [ 131.516800412631824, 32.890571414895426 ], [ 131.517605920089096, 32.891114212133004 ], [ 131.519648287886525, 32.891648870391755 ], [ 131.522371547047356, 32.892688756275305 ], [ 131.523666289396061, 32.893628046371269 ], [ 131.525986143323564, 32.894427651343911 ], [ 131.526909956325312, 32.895144837852918 ], [ 131.529131701636942, 32.896416379343329 ], [ 131.530583365916328, 32.895799033836937 ], [ 131.537211227826901, 32.894480211854159 ], [ 131.538301757730096, 32.894080253018885 ], [ 131.539633810624707, 32.893244022633532 ], [ 131.539923708373067, 32.890831475028314 ], [ 131.53879107116154, 32.888661792620155 ], [ 131.538190914223605, 32.887860440147982 ], [ 131.538321102975601, 32.887578732921597 ] ] ] } },
{ "type": "Feature", "properties": { "CITY_NAME": "豊後大野市", "S_NAME": "三重町中津留", "JINKO": 35, "medical_area": "44_豊肥医療圏", "町丁目名": "豊後大野市三重町中津留" }, "geometry": { "type": "Polygon", "coordinates": [ [ [ 131.552935458317279, 32.912054539079783 ], [ 131.556488201885571, 32.90893942075099 ], [ 131.559831861368963, 32.904455294293733 ], [ 131.561914136002031, 32.89552008412312 ], [ 131.562412801013835, 32.891910550727637 ], [ 131.563819862214416, 32.888766576129832 ], [ 131.565568161200588, 32.883830632112989 ], [ 131.564418845755426, 32.884416660386115 ], [ 131.563218276359066, 32.883860769510228 ], [ 131.561299948594524, 32.883555674387395 ], [ 131.560778623783079, 32.883618718976592 ], [ 131.560580133961537, 32.883231696568821 ], [ 131.559940802589495, 32.88297887250264 ], [ 131.55936757370614, 32.881912824626099 ], [ 131.557919760469929, 32.880839217553657 ], [ 131.556622028973834, 32.880600779298021 ], [ 131.555637757617603, 32.879817189421011 ], [ 131.555193117382146, 32.879856933422928 ], [ 131.553708636294999, 32.879047895746901 ], [ 131.552699066898242, 32.878949138237829 ], [ 131.551638277910797, 32.87859423891269 ], [ 131.551477222630382, 32.877906820321854 ], [ 131.550682585019899, 32.877498797257438 ], [ 131.550010545273409, 32.876865579994174 ], [ 131.549603008404176, 32.876753502963652 ], [ 131.548375735691451, 32.878533749821173 ], [ 131.547950903433048, 32.878345904141852 ], [ 131.548089940085276, 32.877990213633822 ], [ 131.547693248514349, 32.877455685757056 ], [ 131.547842314723283, 32.877115493229169 ], [ 131.547738067170371, 32.876991506374601 ], [ 131.5475660870068, 32.876938390079978 ], [ 131.547007576183205, 32.877392185224615 ], [ 131.546780860228466, 32.877038409522541 ], [ 131.546313478528248, 32.876914149312803 ], [ 131.546264650416333, 32.877747392153701 ], [ 131.54592728502621, 32.878008898546341 ], [ 131.546215373375901, 32.878323403504908 ], [ 131.54613493048771, 32.878820510260141 ], [ 131.54553019389698, 32.879227778647731 ], [ 131.546132155850671, 32.879096582758912 ], [ 131.546457219095515, 32.878754818354807 ], [ 131.546645285388252, 32.878836997143196 ], [ 131.546604278365749, 32.88007309859433 ], [ 131.546292205576492, 32.880689492869642 ], [ 131.546279189608214, 32.881112746916969 ], [ 131.545059606182349, 32.881755058395257 ], [ 131.543815355659603, 32.882059207525202 ], [ 131.543027533657323, 32.882928069377449 ], [ 131.542679200951738, 32.883581222422592 ], [ 131.540333311908569, 32.883956008468409 ], [ 131.540160922157412, 32.884147111841393 ], [ 131.540235549251207, 32.884433805015455 ], [ 131.540000448968925, 32.88573518322189 ], [ 131.539389216884729, 32.88625621424503 ], [ 131.539312039996105, 32.886984334782575 ], [ 131.538231360318491, 32.887658199207607 ], [ 131.538236770796118, 32.887980324187403 ], [ 131.53879107116154, 32.888661792620155 ], [ 131.539923708373067, 32.890831475028314 ], [ 131.539633810624707, 32.893244022633532 ], [ 131.538301757730096, 32.894080253018885 ], [ 131.537211227826901, 32.894480211854159 ], [ 131.530583365916328, 32.895799033836937 ], [ 131.529036468473038, 32.8964730496199 ], [ 131.528650235741821, 32.897016226246528 ], [ 131.528512840117287, 32.897558348604548 ], [ 131.528004295274883, 32.897854075912193 ], [ 131.52750655095474, 32.899357593409817 ], [ 131.527058111178036, 32.899758016121417 ], [ 131.527117007437738, 32.900261289918639 ], [ 131.526579819661833, 32.901202122038441 ], [ 131.526927678550663, 32.902089046178943 ], [ 131.527983396214637, 32.902226091988695 ], [ 131.527942021116814, 32.902542675954692 ], [ 131.52827135973709, 32.903647202924425 ], [ 131.527803973554029, 32.905109532337349 ], [ 131.527984638200479, 32.905775062560089 ], [ 131.527758628433133, 32.906285610937751 ], [ 131.527895729236008, 32.906899604997932 ], [ 131.527735550388428, 32.907562002033337 ], [ 131.527446503531849, 32.908386197037743 ], [ 131.526678184493477, 32.90928843995421 ], [ 131.52679810480862, 32.910351274692317 ], [ 131.527345774097768, 32.912083154435699 ], [ 131.52815992134785, 32.91268560422732 ], [ 131.529003888726862, 32.912950229742428 ], [ 131.529788705471589, 32.912642809636992 ], [ 131.531184761086024, 32.911503376934142 ], [ 131.532754087411462, 32.910943382646359 ], [ 131.533319113131938, 32.910911558299517 ], [ 131.533574161419779, 32.91014997506187 ], [ 131.535453737551705, 32.90985555168713 ], [ 131.536108924238761, 32.91045254707673 ], [ 131.536625084861129, 32.910584090368722 ], [ 131.53694291050553, 32.911514793195352 ], [ 131.536875531575191, 32.91246701260161 ], [ 131.537941233455598, 32.913951471065324 ], [ 131.538305591048868, 32.914176667194454 ], [ 131.538128750409442, 32.914636135080357 ], [ 131.537592286636169, 32.914839062722514 ], [ 131.5412977522586, 32.916553109829081 ], [ 131.542047134237436, 32.917031112613067 ], [ 131.543101824609607, 32.918100243838822 ], [ 131.544518233637291, 32.917627683337301 ], [ 131.55012159083185, 32.914098251701105 ], [ 131.552935458317279, 32.912054539079783 ] ] ] } },
{ "type": "Feature", "properties": { "CITY_NAME": "豊後大野市", "S_NAME": "三重町伏野", "JINKO": 59, "medical_area": "44_豊肥医療圏", "町丁目名": "豊後大野市三重町伏野" }, "geometry": { "type": "Polygon", "coordinates": [ [ [ 131.538052324216579, 32.93956009919583 ], [ 131.538453016412291, 32.939152482648367 ], [ 131.538612609259076, 32.938679942179164 ], [ 131.53832290718131, 32.938039352546113 ], [ 131.538314216129322, 32.937597978062684 ], [ 131.538535199372603, 32.937323049927244 ], [ 131.540202526773783, 32.936443200592478 ], [ 131.540724949149791, 32.935773759228439 ], [ 131.540402898921172, 32.935042943798798 ], [ 131.539918927131936, 32.934823375991968 ], [ 131.539766224873802, 32.93444858283663 ], [ 131.539894059054177, 32.934196879116087 ], [ 131.54010307950935, 32.933942301449164 ], [ 131.541890193985154, 32.932985815482532 ], [ 131.542044637892644, 32.932660432444827 ], [ 131.542053796883181, 32.931698931037488 ], [ 131.542436230239616, 32.931266017398947 ], [ 131.543294215382332, 32.930881783285194 ], [ 131.544203499140536, 32.931009762428978 ], [ 131.545536301214639, 32.93054227398197 ], [ 131.546364399272278, 32.929704057712328 ], [ 131.546430380629516, 32.928699178157373 ], [ 131.546153617936056, 32.927221156393038 ], [ 131.545076928619551, 32.926692903731464 ], [ 131.543587798358999, 32.925258665164939 ], [ 131.542168544569392, 32.923153064051462 ], [ 131.541949169772664, 32.922315799357115 ], [ 131.543101824609607, 32.918100243838822 ], [ 131.542047134237436, 32.917031112613067 ], [ 131.5412977522586, 32.916553109829081 ], [ 131.537592286636169, 32.914839062722514 ], [ 131.536671127858995, 32.914727026527679 ], [ 131.535963241817086, 32.914849170984617 ], [ 131.53588475784332, 32.915187010057515 ], [ 131.536401643201401, 32.916674868571803 ], [ 131.536500972116158, 32.917737130762092 ], [ 131.53668663360034, 32.918114604350741 ], [ 131.536393480276473, 32.918603839201886 ], [ 131.535299675033201, 32.919455949443311 ], [ 131.535035666676293, 32.920056867544581 ], [ 131.534942326834255, 32.921229382612914 ], [ 131.535431274517435, 32.922317672595049 ], [ 131.535397210618186, 32.922666812016253 ], [ 131.53343793030524, 32.925882131999145 ], [ 131.533274649216821, 32.926790890609041 ], [ 131.533327342419, 32.927873237099369 ], [ 131.533084471902157, 32.928243583385267 ], [ 131.532360235654664, 32.928400814868766 ], [ 131.531897037853128, 32.928883909365176 ], [ 131.531387097170921, 32.930275271844792 ], [ 131.530779543422312, 32.93080302520778 ], [ 131.530431035323261, 32.930980688365324 ], [ 131.529160007741297, 32.93108937609599 ], [ 131.528728231077309, 32.931453740904828 ], [ 131.528396278919587, 32.932049786113524 ], [ 131.528454293109718, 32.932344326199463 ], [ 131.529500197229851, 32.93288715232601 ], [ 131.529628996971269, 32.933598158575727 ], [ 131.530145235401704, 32.934261785777458 ], [ 131.530912964649644, 32.934305987347592 ], [ 131.531856416706717, 32.934844129109138 ], [ 131.532381552905747, 32.935983777423047 ], [ 131.533327763720166, 32.936975937230692 ], [ 131.533570737601394, 32.938287892438616 ], [ 131.534283197071858, 32.93883208934492 ], [ 131.534748798066431, 32.939538715166165 ], [ 131.535882969243403, 32.939531346191288 ], [ 131.53742220068662, 32.93983679430125 ], [ 131.538052324216579, 32.93956009919583 ] ] ] } },
{ "type": "Feature", "properties": { "CITY_NAME": "豊後大野市", "S_NAME": "三重町奥畑", "JINKO": 43, "medical_area": "44_豊肥医療圏", "町丁目名": "豊後大野市三重町奥畑" }, "geometry": { "type": "Polygon", "coordinates": [ [ [ 131.588084019617668, 32.931064876206783 ], [ 131.589459649138036, 32.930294891489439 ], [ 131.593752620302126, 32.928840814231506 ], [ 131.593475255753674, 32.928354689968828 ], [ 131.592113770795351, 32.927504610929311 ], [ 131.59248715252491, 32.92728141255926 ], [ 131.592626309548024, 32.926846228854195 ], [ 131.593159739625918, 32.927099969846651 ], [ 131.593526208656044, 32.92658572419311 ], [ 131.594031465457761, 32.926328479018103 ], [ 131.594163900897769, 32.925882193835925 ], [ 131.594450506081927, 32.925769413787634 ], [ 131.594380563725167, 32.925434109145307 ], [ 131.593877392255564, 32.925263793338821 ], [ 131.59372046670498, 32.925005503930905 ], [ 131.594247581676314, 32.924808025988476 ], [ 131.594715377084697, 32.924383832247223 ], [ 131.594746052478911, 32.924029937060538 ], [ 131.594505177549394, 32.923571487173 ], [ 131.595178222854088, 32.923218740593796 ], [ 131.594868111191403, 32.922774533722119 ], [ 131.594970037997825, 32.922457920388922 ], [ 131.594829573778156, 32.922193970740459 ], [ 131.595289527078563, 32.921829692864712 ], [ 131.595447412929133, 32.921487733754454 ], [ 131.596164245288463, 32.921514959187441 ], [ 131.59714104652474, 32.921152400496574 ], [ 131.597787134485657, 32.921461290800167 ], [ 131.599431157133466, 32.920624792499787 ], [ 131.599964046893632, 32.920800509411379 ], [ 131.60171326616657, 32.920871520750346 ], [ 131.602148577137285, 32.920536580740041 ], [ 131.602643580989081, 32.920475714046134 ], [ 131.604579532639065, 32.920818752278905 ], [ 131.605206229408708, 32.920457807356989 ], [ 131.606302871973185, 32.920485942004682 ], [ 131.607105881185049, 32.920313538430833 ], [ 131.60684839676162, 32.919699213531246 ], [ 131.607157498851279, 32.919368822668389 ], [ 131.607970315952969, 32.919607837475709 ], [ 131.608365284332052, 32.919277704718361 ], [ 131.60925630319116, 32.91892015521362 ], [ 131.60970433008697, 32.917793863840934 ], [ 131.610171737245224, 32.917139268665686 ], [ 131.610159692918444, 32.91572101893486 ], [ 131.610738565480631, 32.913343815716921 ], [ 131.611107384254495, 32.91314053366704 ], [ 131.611780790248417, 32.913275516108605 ], [ 131.611929882786484, 32.913148367006656 ], [ 131.612126877436168, 32.911124622193107 ], [ 131.611733958091236, 32.909946584313737 ], [ 131.611692052099272, 32.909262955651286 ], [ 131.611102346058772, 32.908828085715655 ], [ 131.609725290689283, 32.908492965196743 ], [ 131.608788098217985, 32.907616721639002 ], [ 131.608121731527547, 32.906605974406048 ], [ 131.60683358082531, 32.90539667620142 ], [ 131.606799275557051, 32.904223927821278 ], [ 131.607219219613569, 32.903555076382517 ], [ 131.606905035935512, 32.902899558751386 ], [ 131.606773001357766, 32.902226267044121 ], [ 131.606891826231674, 32.901887406170573 ], [ 131.60670216123188, 32.9012614536827 ], [ 131.607123089957412, 32.90027384743253 ], [ 131.606738136723976, 32.899121428954672 ], [ 131.606819715842079, 32.898574971021937 ], [ 131.606492671235316, 32.89818587788595 ], [ 131.606557398737323, 32.89748234422769 ], [ 131.606138990949717, 32.897294353178687 ], [ 131.605728298980608, 32.896687238663134 ], [ 131.605779945911536, 32.896073442798041 ], [ 131.605576360095995, 32.895718367725912 ], [ 131.605033234898713, 32.89546704990331 ], [ 131.604526747003518, 32.895482817235298 ], [ 131.604204152332613, 32.895130981867695 ], [ 131.603441957657338, 32.895034313211156 ], [ 131.602839894209978, 32.894624341978179 ], [ 131.601015432617544, 32.894442196479552 ], [ 131.599979195438721, 32.895090002741135 ], [ 131.599057683424689, 32.894789858881943 ], [ 131.598126814370715, 32.893731477722106 ], [ 131.598018648255504, 32.892995036606841 ], [ 131.597720858653389, 32.89240955090289 ], [ 131.596769943632694, 32.892432724751188 ], [ 131.596160661451165, 32.891886014335512 ], [ 131.595726702627275, 32.891725592133099 ], [ 131.59502599837316, 32.890892516707417 ], [ 131.594714475908262, 32.890927732472193 ], [ 131.593493583082676, 32.891684688322108 ], [ 131.592757406620819, 32.891846218682055 ], [ 131.592167180382347, 32.891629696627831 ], [ 131.59124302156647, 32.892190775289286 ], [ 131.590320862383976, 32.892419760287027 ], [ 131.590003872449245, 32.891789949869448 ], [ 131.590100196660416, 32.891231011843665 ], [ 131.589604086320207, 32.890907488210651 ], [ 131.588998849906204, 32.890169825395901 ], [ 131.589314445436742, 32.889634717206654 ], [ 131.590340165379274, 32.888670955426882 ], [ 131.590661901716999, 32.887478769458603 ], [ 131.590360900920217, 32.886721025699721 ], [ 131.590007736080963, 32.886348871432808 ], [ 131.589526406190032, 32.884753769425757 ], [ 131.590334684986033, 32.883082430282414 ], [ 131.590283694094239, 32.882538383383796 ], [ 131.590629578719302, 32.881500542242165 ], [ 131.590580966718306, 32.880679439740909 ], [ 131.590102066535678, 32.879945491514164 ], [ 131.589207309376263, 32.880910576561789 ], [ 131.587722571651256, 32.880265250131572 ], [ 131.586408394907494, 32.879950293510788 ], [ 131.585635198411069, 32.879479779604921 ], [ 131.584156093489668, 32.879137385026311 ], [ 131.583298139426319, 32.879208820959889 ], [ 131.581838880077697, 32.878975019247001 ], [ 131.581183836637479, 32.87940185281839 ], [ 131.580808355469571, 32.879859601594774 ], [ 131.577903972154616, 32.880513889059678 ], [ 131.576408529165491, 32.880630510457287 ], [ 131.575164917800521, 32.881898661387737 ], [ 131.57310450033404, 32.881771815915464 ], [ 131.571194593192217, 32.88190467048986 ], [ 131.570472168714815, 32.882420000741867 ], [ 131.568535218717784, 32.882582624309691 ], [ 131.566845416368096, 32.883480118901083 ], [ 131.56590601398301, 32.883356864909757 ], [ 131.565568161200588, 32.883830632112989 ], [ 131.563819862214416, 32.888766576129832 ], [ 131.562412801013835, 32.891910550727637 ], [ 131.561914136002031, 32.89552008412312 ], [ 131.559831861368963, 32.904455294293733 ], [ 131.556488201885571, 32.90893942075099 ], [ 131.552935458317279, 32.912054539079783 ], [ 131.55012159083185, 32.914098251701105 ], [ 131.544518233637291, 32.917627683337301 ], [ 131.543101824609607, 32.918100243838822 ], [ 131.541949169772664, 32.922315799357115 ], [ 131.542168544569392, 32.923153064051462 ], [ 131.543587798358999, 32.925258665164939 ], [ 131.545076928619551, 32.926692903731464 ], [ 131.546153617936056, 32.927221156393038 ], [ 131.54621732895049, 32.926830450333703 ], [ 131.546642318782006, 32.926478511899369 ], [ 131.548797513045969, 32.926212880664394 ], [ 131.549354484970308, 32.925799468983321 ], [ 131.549611075040133, 32.925463482750835 ], [ 131.549507759696439, 32.925291431399806 ], [ 131.548446278186589, 32.924869885358483 ], [ 131.547722026272908, 32.924013057780307 ], [ 131.547798969621709, 32.923804702277977 ], [ 131.54830884320728, 32.923564005105867 ], [ 131.549593833370437, 32.923167710000698 ], [ 131.550223556813677, 32.922365848164198 ], [ 131.55029816309272, 32.921782043345431 ], [ 131.550489276300425, 32.921557970865194 ], [ 131.55161369120421, 32.920982241719798 ], [ 131.552768028199495, 32.920860477502679 ], [ 131.55474796302218, 32.921099694274758 ], [ 131.554939196795402, 32.921244105237044 ], [ 131.554499778570488, 32.922648916103334 ], [ 131.5539884640568, 32.923625320423987 ], [ 131.553247030899371, 32.924533531652202 ], [ 131.551158492831547, 32.926218958981949 ], [ 131.549419615440684, 32.928361835450033 ], [ 131.548873395419434, 32.929832611332031 ], [ 131.548853115924487, 32.931198504425495 ], [ 131.549134832550578, 32.93192182639708 ], [ 131.549562516933349, 32.932189259539697 ], [ 131.549943382095336, 32.932268806186343 ], [ 131.551995917837672, 32.932028941474968 ], [ 131.552377756976767, 32.932258095553529 ], [ 131.552493967555648, 32.932633810281693 ], [ 131.553246846996046, 32.932183283297306 ], [ 131.553994656964306, 32.931978737578035 ], [ 131.554822621539046, 32.93187445956346 ], [ 131.555307264961357, 32.931989698235235 ], [ 131.555766574437143, 32.932295110939656 ], [ 131.557422156704519, 32.93413804441451 ], [ 131.557954872211354, 32.934515785674435 ], [ 131.558672091887956, 32.934719420939409 ], [ 131.559468222061497, 32.934816488575841 ], [ 131.560152674559504, 32.934553497323449 ], [ 131.561147865229458, 32.933669894430274 ], [ 131.561464424622727, 32.933071092331843 ], [ 131.563635087645906, 32.931861016350304 ], [ 131.563989012273566, 32.930604293882688 ], [ 131.564678020037888, 32.929573129077745 ], [ 131.565451534526233, 32.929161819922825 ], [ 131.566296928727979, 32.928954086016553 ], [ 131.567801693367244, 32.928961923803342 ], [ 131.570228611773246, 32.929256521097564 ], [ 131.571198818526625, 32.929083317330331 ], [ 131.572316251544038, 32.929220539384502 ], [ 131.575607648982384, 32.931471543611991 ], [ 131.576659547946434, 32.931918361333352 ], [ 131.577682220961321, 32.931799137833593 ], [ 131.580166518350808, 32.930901070014308 ], [ 131.581180385024311, 32.930983873345099 ], [ 131.583809199281944, 32.933125694910679 ], [ 131.584979726827697, 32.933728540140457 ], [ 131.586931831192459, 32.934419382043473 ], [ 131.587124446321809, 32.935028677472147 ], [ 131.587705633263141, 32.935475578091548 ], [ 131.587549188929643, 32.934872595786793 ], [ 131.587062231762332, 32.93440531277426 ], [ 131.587054063914479, 32.932248343195283 ], [ 131.58729681841595, 32.931720890457662 ], [ 131.588084019617668, 32.931064876206783 ] ] ] } },
{ "type": "Feature", "properties": { "CITY_NAME": "豊後大野市", "S_NAME": "清川町天神", "JINKO": 74, "medical_area": "44_豊肥医療圏", "町丁目名": "豊後大野市清川町天神" }, "geometry": { "type": "Polygon", "coordinates": [ [ [ 131.510269509472153, 32.975318325346485 ], [ 131.510649997071937, 32.974746954903324 ], [ 131.510582207421606, 32.974455503459652 ], [ 131.510988671387764, 32.973002835857102 ], [ 131.510562733249628, 32.972418922392883 ], [ 131.510315190042121, 32.97110538721121 ], [ 131.509820218321664, 32.970927045264183 ], [ 131.508937612319187, 32.969835636886756 ], [ 131.508852003021104, 32.969480772405269 ], [ 131.509616205390472, 32.968916536763906 ], [ 131.509813296053295, 32.968344409904397 ], [ 131.510226017203678, 32.968065152700099 ], [ 131.509031510329748, 32.966576113970611 ], [ 131.508325179479954, 32.966195555212089 ], [ 131.506909778140226, 32.965836327021499 ], [ 131.506440279620961, 32.965040156793982 ], [ 131.50622740762276, 32.964048403153939 ], [ 131.506259037985416, 32.963168458057552 ], [ 131.504548409401536, 32.963532718548024 ], [ 131.504298276977522, 32.963156689666647 ], [ 131.503495378691241, 32.962870438037754 ], [ 131.502048837501519, 32.961580732305421 ], [ 131.501734781825945, 32.96152123342091 ], [ 131.501456813954434, 32.961843983765448 ], [ 131.500338516171354, 32.962375576628141 ], [ 131.499594868313068, 32.962064050035373 ], [ 131.499392084804583, 32.962189940372319 ], [ 131.498579253689712, 32.962132275745908 ], [ 131.496160085066521, 32.965011327810537 ], [ 131.4961677984966, 32.965217309732445 ], [ 131.498557984978447, 32.967555894060858 ], [ 131.500608497393756, 32.969987152096728 ], [ 131.501456225071337, 32.97189620348496 ], [ 131.502318645474702, 32.972836229392826 ], [ 131.502855895231335, 32.974215284331713 ], [ 131.50411662163728, 32.975149456218041 ], [ 131.505798464228775, 32.975204316458772 ], [ 131.507355807043666, 32.975535910518126 ], [ 131.508174266409156, 32.975825847907949 ], [ 131.508835475376657, 32.976386276349253 ], [ 131.509117294229043, 32.976324330359965 ], [ 131.510269509472153, 32.975318325346485 ] ] ] } },
{ "type": "Feature", "properties": { "CITY_NAME": "豊後大野市", "S_NAME": "清川町砂田", "JINKO": 665, "medical_area": "44_豊肥医療圏", "町丁目名": "豊後大野市清川町砂田" }, "geometry": { "type": "Polygon", "coordinates": [ [ [ 131.522382764052537, 32.976701289199511 ], [ 131.523184165237467, 32.976820651790106 ], [ 131.52359062105981, 32.976399336611088 ], [ 131.524395513399099, 32.976246285077991 ], [ 131.524570183996786, 32.976051788822801 ], [ 131.524206105267154, 32.975084440002931 ], [ 131.523390692552653, 32.974117558838863 ], [ 131.523048732913793, 32.9734607321029 ], [ 131.522789811187749, 32.971291048649476 ], [ 131.522859078387768, 32.968761840263291 ], [ 131.521666908647234, 32.968222741841537 ], [ 131.521101038229602, 32.968304995443539 ], [ 131.519868743023949, 32.9678962148352 ], [ 131.518397073036198, 32.967876620775286 ], [ 131.518645684989195, 32.966763885430716 ], [ 131.518154935153916, 32.966098133614423 ], [ 131.518040871153289, 32.965419934600796 ], [ 131.518289776091251, 32.963799552684897 ], [ 131.517646433916326, 32.963396567759403 ], [ 131.517220751696954, 32.962784747268586 ], [ 131.517003480412285, 32.962090685554855 ], [ 131.513666358103904, 32.96159706240541 ], [ 131.512455911400139, 32.962352724283939 ], [ 131.511874231325606, 32.96320291886498 ], [ 131.510783194313802, 32.963802912853495 ], [ 131.509724909396937, 32.963100553574577 ], [ 131.508859643505815, 32.962054126506168 ], [ 131.506649745709552, 32.960298609664676 ], [ 131.506107427130985, 32.960914337268157 ], [ 131.505950067536332, 32.96171438963809 ], [ 131.505976112265387, 32.962222536532323 ], [ 131.506290283560531, 32.962968690881581 ], [ 131.50622740762276, 32.964048403153939 ], [ 131.506508764425064, 32.965230170557888 ], [ 131.507036622942223, 32.965928117405113 ], [ 131.508325179479954, 32.966195555212089 ], [ 131.509031510329748, 32.966576113970611 ], [ 131.510226017203678, 32.968065152700099 ], [ 131.509813296053295, 32.968344409904397 ], [ 131.509616205390472, 32.968916536763906 ], [ 131.508852003021104, 32.969480772405269 ], [ 131.508937612319187, 32.969835636886756 ], [ 131.509820218321664, 32.970927045264183 ], [ 131.510315190042121, 32.97110538721121 ], [ 131.510562733249628, 32.972418922392883 ], [ 131.510999486247186, 32.973081462975919 ], [ 131.510479320529811, 32.975088758530802 ], [ 131.509543567206748, 32.975989762924442 ], [ 131.508835475376657, 32.976386276349253 ], [ 131.509726985783885, 32.977540758524093 ], [ 131.51037964229107, 32.977924844757169 ], [ 131.511611781047804, 32.978238561257456 ], [ 131.511971188496801, 32.978047978836095 ], [ 131.512904857162056, 32.976886009428611 ], [ 131.51429672170525, 32.975900751343538 ], [ 131.517352777556368, 32.975520336728408 ], [ 131.520375495756383, 32.975589121787799 ], [ 131.520605454285686, 32.975778293414514 ], [ 131.520711261793537, 32.976261427611341 ], [ 131.519099830960585, 32.977987506502259 ], [ 131.518745223607397, 32.97856073077147 ], [ 131.518874368805598, 32.979126432347037 ], [ 131.519773874002595, 32.980038896524555 ], [ 131.519974710758959, 32.981119568322868 ], [ 131.519130420411102, 32.981818812535295 ], [ 131.518965954894497, 32.982490440507021 ], [ 131.519627695657789, 32.983555436400025 ], [ 131.520353277002414, 32.983793528713406 ], [ 131.521659919370279, 32.983877653618691 ], [ 131.521122776399324, 32.983082322929022 ], [ 131.520840997317691, 32.982206191853045 ], [ 131.521538378185312, 32.981344393412378 ], [ 131.522245766277507, 32.979706476573611 ], [ 131.522237323531158, 32.979201910052019 ], [ 131.521926025094984, 32.97825228359855 ], [ 131.521564805650712, 32.977789058607286 ], [ 131.521995177039656, 32.977012725532141 ], [ 131.522382764052537, 32.976701289199511 ] ] ] } },
{ "type": "Feature", "properties": { "CITY_NAME": "豊後大野市", "S_NAME": "清川町臼尾", "JINKO": 107, "medical_area": "44_豊肥医療圏", "町丁目名": "豊後大野市清川町臼尾" }, "geometry": { "type": "Polygon", "coordinates": [ [ [ 131.551401389742807, 32.982661249241353 ], [ 131.55023278363754, 32.98171643331942 ], [ 131.544085290548992, 32.977799050025688 ], [ 131.543077034055528, 32.97699043659194 ], [ 131.542454992741909, 32.976654135667474 ], [ 131.541643070342445, 32.976684206865166 ], [ 131.540841393773263, 32.976275976029449 ], [ 131.54071947482791, 32.975999483857898 ], [ 131.540839610543372, 32.975350829096747 ], [ 131.541327285093075, 32.974885484670565 ], [ 131.540692742356185, 32.974730432584067 ], [ 131.539675916091795, 32.973925284778836 ], [ 131.53939333332363, 32.973251705382395 ], [ 131.539091278884143, 32.97318454104871 ], [ 131.537511217979045, 32.973800101382828 ], [ 131.537203664731976, 32.973784303484209 ], [ 131.537156579146455, 32.973516855397982 ], [ 131.53646764089919, 32.973493525942509 ], [ 131.534965318065417, 32.97396104446733 ], [ 131.529095737559857, 32.97504432154259 ], [ 131.52417303816469, 32.976413670617063 ], [ 131.523369189897664, 32.976857826230827 ], [ 131.522321075822191, 32.976729157782955 ], [ 131.521995177039656, 32.977012725532141 ], [ 131.521564805650627, 32.977789058607286 ], [ 131.521926025094956, 32.978252283598515 ], [ 131.522237323531158, 32.979201910052019 ], [ 131.522245766277507, 32.979706476573611 ], [ 131.521538378185312, 32.981344393412378 ], [ 131.520840997317663, 32.982206191853031 ], [ 131.521122776399267, 32.983082322929022 ], [ 131.521659919370279, 32.983877653618705 ], [ 131.522878197279027, 32.983945594580725 ], [ 131.524593420194719, 32.984293884486448 ], [ 131.526031767877896, 32.983980633501311 ], [ 131.526765189516709, 32.983605567307869 ], [ 131.527895065067128, 32.983657301967398 ], [ 131.530216106957198, 32.983063368473054 ], [ 131.532743041708983, 32.983005817679008 ], [ 131.540023541973198, 32.982393285239439 ], [ 131.541698898682768, 32.982628537707299 ], [ 131.544878612901869, 32.983460664956411 ], [ 131.548823429610508, 32.984034475843849 ], [ 131.551236532360633, 32.984814624470275 ], [ 131.551635033308514, 32.983619734751819 ], [ 131.551401389742807, 32.982661249241353 ] ] ] } },
{ "type": "Feature", "properties": { "CITY_NAME": "豊後大野市", "S_NAME": "清川町雨堤", "JINKO": 142, "medical_area": "44_豊肥医療圏", "町丁目名": "豊後大野市清川町雨堤" }, "geometry": { "type": "Polygon", "coordinates": [ [ [ 131.523184165237467, 32.976820651790106 ], [ 131.529095737559857, 32.97504432154259 ], [ 131.534965318065417, 32.97396104446733 ], [ 131.536195807089314, 32.973537691219065 ], [ 131.537156579146455, 32.973516855397982 ], [ 131.537203664731976, 32.973784303484209 ], [ 131.537511217979045, 32.973800101382828 ], [ 131.538869383283554, 32.973186719704977 ], [ 131.53939333332363, 32.973251705382395 ], [ 131.539675916091795, 32.973925284778836 ], [ 131.540692742356185, 32.974730432584067 ], [ 131.541327285093075, 32.974885484670565 ], [ 131.541916385491191, 32.974379399924509 ], [ 131.542032456015164, 32.97381316308703 ], [ 131.542311685273717, 32.973618208118928 ], [ 131.542263774174472, 32.972922875543418 ], [ 131.542063770638833, 32.972540119609121 ], [ 131.539904492611555, 32.971259077763932 ], [ 131.539492551429049, 32.970595205779006 ], [ 131.539564255223752, 32.97000888709465 ], [ 131.540065988229941, 32.969372506786698 ], [ 131.540588686571397, 32.9692078965303 ], [ 131.540683790427124, 32.969014690452951 ], [ 131.540764987029235, 32.968582964009769 ], [ 131.540382231898093, 32.967435504671919 ], [ 131.539065092189361, 32.966614144421349 ], [ 131.535799751711323, 32.965615908864578 ], [ 131.53394112961837, 32.964322415309155 ], [ 131.533771603018522, 32.964155695569502 ], [ 131.53375709962765, 32.963245031030098 ], [ 131.533223178303302, 32.962531901890266 ], [ 131.532917152950489, 32.96119119232015 ], [ 131.532066007221573, 32.960768602567128 ], [ 131.530881866098753, 32.961027313479306 ], [ 131.530045891732527, 32.961632086413573 ], [ 131.528994482194662, 32.962128574816141 ], [ 131.527815545633416, 32.962030207396232 ], [ 131.524788839234589, 32.961214888550217 ], [ 131.523825959864467, 32.961167935589458 ], [ 131.522774709161553, 32.961661407896429 ], [ 131.522660650324951, 32.963381282336265 ], [ 131.521881050668725, 32.963934231231981 ], [ 131.519740207906125, 32.963786241412784 ], [ 131.518941218441597, 32.963506916324739 ], [ 131.517800126348732, 32.963533589549236 ], [ 131.51832098611581, 32.963941802153592 ], [ 131.518040871153289, 32.965419934600796 ], [ 131.518154935153916, 32.966098133614423 ], [ 131.518645684989195, 32.966763885430716 ], [ 131.518397073036226, 32.967876620775286 ], [ 131.519868743023949, 32.9678962148352 ], [ 131.521101038229602, 32.968304995443539 ], [ 131.521666908647234, 32.968222741841537 ], [ 131.522859078387768, 32.968761840263291 ], [ 131.522789811187749, 32.971291048649476 ], [ 131.523048732913793, 32.9734607321029 ], [ 131.523390692552653, 32.974117558838863 ], [ 131.524206105267154, 32.975084440002931 ], [ 131.524570183996786, 32.976051788822801 ], [ 131.524395513399099, 32.976246285077991 ], [ 131.52359062105981, 32.976399336611088 ], [ 131.523184165237467, 32.976820651790106 ] ] ] } },
{ "type": "Feature", "properties": { "CITY_NAME": "豊後大野市", "S_NAME": "清川町三玉", "JINKO": 109, "medical_area": "44_豊肥医療圏", "町丁目名": "豊後大野市清川町三玉" }, "geometry": { "type": "Polygon", "coordinates": [ [ [ 131.520234128164077, 32.9637385336164 ], [ 131.519541641314134, 32.962979524437621 ], [ 131.519331235832965, 32.961655020346626 ], [ 131.518975987459186, 32.960991040850196 ], [ 131.518873913440501, 32.95918938097379 ], [ 131.519378708406094, 32.957754447218534 ], [ 131.519023252617586, 32.957051888571115 ], [ 131.518389801042957, 32.956882296955101 ], [ 131.517301839253292, 32.956955662425749 ], [ 131.516867691362677, 32.956771452017726 ], [ 131.516482055165653, 32.956493354133869 ], [ 131.515830488575915, 32.955447581974781 ], [ 131.515009511148634, 32.955063803981993 ], [ 131.514188385347438, 32.954364523668687 ], [ 131.512525838013659, 32.952554082647559 ], [ 131.510685112105904, 32.951627863046085 ], [ 131.509646118337514, 32.951355814811023 ], [ 131.508667704984731, 32.950848958401991 ], [ 131.50776201160437, 32.949919888866383 ], [ 131.506218509563524, 32.947457209276216 ], [ 131.504797395628628, 32.946103095888347 ], [ 131.503718792384774, 32.944634614624484 ], [ 131.503048136731536, 32.945083698172979 ], [ 131.502186572601772, 32.945291042196089 ], [ 131.501162986133949, 32.945171137496807 ], [ 131.50030496919473, 32.94484389800256 ], [ 131.499726959316376, 32.944920595150748 ], [ 131.499035630358236, 32.94460646864367 ], [ 131.498748457050112, 32.944673736222569 ], [ 131.498366926632201, 32.94540821179892 ], [ 131.498338513469463, 32.946750254521106 ], [ 131.498927382086748, 32.947445056514233 ], [ 131.500656491957272, 32.951981900648889 ], [ 131.501302183496222, 32.952749463609955 ], [ 131.501670596791143, 32.953888848665244 ], [ 131.503397077253226, 32.955889199511176 ], [ 131.504256465216201, 32.958351940216438 ], [ 131.505458706659283, 32.959632673951376 ], [ 131.5065122831667, 32.959984596798762 ], [ 131.506649745709552, 32.960298609664676 ], [ 131.509396045990684, 32.962558794867142 ], [ 131.509677078073025, 32.963059094247519 ], [ 131.510783194313802, 32.963802912853495 ], [ 131.511874231325606, 32.96320291886498 ], [ 131.512492893214556, 32.962324222434034 ], [ 131.513912922295873, 32.961559927753861 ], [ 131.516910006870575, 32.962004429969248 ], [ 131.517220751696954, 32.962784747268586 ], [ 131.517800126348703, 32.963533589549236 ], [ 131.518941218441597, 32.963506916324739 ], [ 131.519740207906125, 32.963786241412784 ], [ 131.520234128164077, 32.9637385336164 ] ] ] } },
{ "type": "Feature", "properties": { "CITY_NAME": "豊後大野市", "S_NAME": "清川町宇田枝", "JINKO": 216, "medical_area": "44_豊肥医療圏", "町丁目名": "豊後大野市清川町宇田枝" }, "geometry": { "type": "Polygon", "coordinates": [ [ [ 131.523825959864467, 32.961167935589458 ], [ 131.525683845440597, 32.961386109855304 ], [ 131.528147705545024, 32.962101826009963 ], [ 131.52925547529955, 32.962044810520084 ], [ 131.529347551077649, 32.961908429014947 ], [ 131.528798713732016, 32.961749196376971 ], [ 131.527785940609704, 32.961134233682031 ], [ 131.5275770012029, 32.960414629689197 ], [ 131.527849884497044, 32.959238899430993 ], [ 131.529050668929926, 32.958746767327888 ], [ 131.529442080535347, 32.958280857957064 ], [ 131.529892081534229, 32.95653611914809 ], [ 131.529749027546643, 32.955760431370983 ], [ 131.529308558693657, 32.954408083760299 ], [ 131.528907845044984, 32.954150947704029 ], [ 131.527373705131708, 32.951342433791311 ], [ 131.526967182161883, 32.951024982615088 ], [ 131.525506478226077, 32.950461258511176 ], [ 131.524785443137546, 32.949965662311719 ], [ 131.523493724575502, 32.949401210899261 ], [ 131.522527253717072, 32.948470331773322 ], [ 131.521193492660103, 32.947495228597965 ], [ 131.520789292550432, 32.944496744049729 ], [ 131.520317931599919, 32.942523928821295 ], [ 131.519350253578096, 32.940992568484972 ], [ 131.519196346049341, 32.940474995592993 ], [ 131.518986894915002, 32.938002795482191 ], [ 131.518726823274392, 32.937408735724773 ], [ 131.516958242180038, 32.935652151441424 ], [ 131.517544100751195, 32.933682218274399 ], [ 131.516598133773982, 32.930262306376385 ], [ 131.516731005688371, 32.928850623936277 ], [ 131.517111957420951, 32.928163761730431 ], [ 131.518567488901056, 32.926643749014097 ], [ 131.519173409537586, 32.92567723565989 ], [ 131.52258945102804, 32.922372351007738 ], [ 131.523555527657436, 32.920776616994772 ], [ 131.5238580919453, 32.919943718673927 ], [ 131.523956760258557, 32.918190798220884 ], [ 131.522215780704101, 32.916932371889636 ], [ 131.521882592941523, 32.916205564410625 ], [ 131.522315421142338, 32.915232866904169 ], [ 131.524078385102712, 32.913248424809183 ], [ 131.524140763705759, 32.912530774092566 ], [ 131.523963484773049, 32.91174369052716 ], [ 131.523676047512993, 32.911224957412308 ], [ 131.522514285805585, 32.91011500344603 ], [ 131.518668556932937, 32.907859176359409 ], [ 131.516692384289257, 32.907070609173608 ], [ 131.515694650684623, 32.906396485167747 ], [ 131.514503174624991, 32.905193894676565 ], [ 131.513250926783257, 32.903142950698481 ], [ 131.51280782587969, 32.899864790644891 ], [ 131.512566294962909, 32.899215815979879 ], [ 131.511734820840786, 32.898521095189246 ], [ 131.510133502764091, 32.897933813485196 ], [ 131.509096840584959, 32.897831743117976 ], [ 131.506215197654853, 32.898013744240885 ], [ 131.504308542736823, 32.898350061912836 ], [ 131.502184277024043, 32.897813921263854 ], [ 131.499592752606276, 32.897682247189167 ], [ 131.497709574016909, 32.89785998544756 ], [ 131.497115796111558, 32.898259696626035 ], [ 131.496441316938302, 32.899705911023759 ], [ 131.496085421508127, 32.900071678940314 ], [ 131.497134798387435, 32.900740442063451 ], [ 131.499164398254266, 32.901648069964239 ], [ 131.500432939413002, 32.902736779082964 ], [ 131.501627774047591, 32.905418333850044 ], [ 131.50276129201913, 32.9066180165701 ], [ 131.50351563307845, 32.907823671980047 ], [ 131.503665821027624, 32.909027603349585 ], [ 131.503005312194489, 32.910547892209365 ], [ 131.503287505706396, 32.911470602969359 ], [ 131.505134949971676, 32.91220778121415 ], [ 131.50575188138464, 32.912723203449438 ], [ 131.507333810465894, 32.914761114611409 ], [ 131.507916467694599, 32.915170274411871 ], [ 131.508611636818245, 32.915131580920153 ], [ 131.510864844815558, 32.914433409146753 ], [ 131.512040847260124, 32.914398976877614 ], [ 131.512358909006196, 32.914603785060272 ], [ 131.512908834656969, 32.91584035874952 ], [ 131.514391738558515, 32.917125215115981 ], [ 131.515325257629456, 32.91848960431026 ], [ 131.515910947331491, 32.919917234403641 ], [ 131.515831726604858, 32.922066465102496 ], [ 131.516654328268203, 32.923641816678987 ], [ 131.517374813961112, 32.924256592989266 ], [ 131.514176483280409, 32.927323123364843 ], [ 131.512724894662682, 32.928006011946508 ], [ 131.509476184693597, 32.927243926111359 ], [ 131.505324410340677, 32.926514545874291 ], [ 131.503161253062984, 32.926563832397655 ], [ 131.503262510676336, 32.92715068934482 ], [ 131.503114859675406, 32.928461170436961 ], [ 131.503295201676849, 32.930538885397517 ], [ 131.502596625712499, 32.933051403403418 ], [ 131.501759347565638, 32.93509188523614 ], [ 131.500943278110157, 32.936556472381668 ], [ 131.50061701680437, 32.938042042022438 ], [ 131.50066655268634, 32.939594940155587 ], [ 131.502062377626743, 32.941555391430057 ], [ 131.503027299736061, 32.942361341707482 ], [ 131.503137728692366, 32.942645362583946 ], [ 131.503036370877226, 32.943487696932507 ], [ 131.503718792384774, 32.944634614624484 ], [ 131.504797395628628, 32.946103095888347 ], [ 131.506218509563524, 32.947457209276216 ], [ 131.50776201160437, 32.949919888866383 ], [ 131.508404852155735, 32.950604788235594 ], [ 131.508995804039273, 32.951076337964899 ], [ 131.510466609812823, 32.951534092453358 ], [ 131.512525838013659, 32.952554082647559 ], [ 131.514188385347438, 32.954364523668687 ], [ 131.515009511148634, 32.955063803981993 ], [ 131.515830488575915, 32.955447581974781 ], [ 131.516482055165653, 32.956493354133869 ], [ 131.516867691362677, 32.956771452017726 ], [ 131.517504622983637, 32.956979625990698 ], [ 131.518797023692741, 32.956934339148447 ], [ 131.519102159460743, 32.957134227236125 ], [ 131.519378708406094, 32.957754447218534 ], [ 131.518873913440501, 32.95918938097379 ], [ 131.518975987459186, 32.960991040850196 ], [ 131.519331235832965, 32.961655020346626 ], [ 131.519541641314134, 32.962979524437621 ], [ 131.520047050906783, 32.963609807668746 ], [ 131.520447264391748, 32.963850625435889 ], [ 131.521279948475012, 32.9639890822627 ], [ 131.522270657617355, 32.963763155490852 ], [ 131.522660650324951, 32.963381282336265 ], [ 131.522771408391947, 32.963037767241126 ], [ 131.522669070436763, 32.962036591412883 ], [ 131.522774709161553, 32.961661407896429 ], [ 131.523825959864467, 32.961167935589458 ] ] ] } },
{ "type": "Feature", "properties": { "CITY_NAME": "豊後大野市", "S_NAME": "清川町左右知", "JINKO": 54, "medical_area": "44_豊肥医療圏", "町丁目名": "豊後大野市清川町左右知" }, "geometry": { "type": "Polygon", "coordinates": [ [ [ 131.514176483280409, 32.927323123364843 ], [ 131.517374813961112, 32.924256592989266 ], [ 131.516654328268203, 32.923641816678987 ], [ 131.515831726604858, 32.922066465102496 ], [ 131.515910947331491, 32.919917234403641 ], [ 131.515325257629456, 32.91848960431026 ], [ 131.514391738558515, 32.917125215115981 ], [ 131.512908834656969, 32.91584035874952 ], [ 131.512358909006196, 32.914603785060272 ], [ 131.512040847260124, 32.914398976877614 ], [ 131.510864844815558, 32.914433409146753 ], [ 131.508611636818245, 32.915131580920153 ], [ 131.507916467694599, 32.915170274411871 ], [ 131.507624268593048, 32.915033021676493 ], [ 131.50575188138464, 32.912723203449438 ], [ 131.505134949971676, 32.91220778121415 ], [ 131.503287505706396, 32.911470602969359 ], [ 131.503005312194489, 32.910547892209365 ], [ 131.503665821027624, 32.909027603349585 ], [ 131.50351563307845, 32.907823671980047 ], [ 131.50276129201913, 32.9066180165701 ], [ 131.501627774047591, 32.905418333850044 ], [ 131.500432939413002, 32.902736779082964 ], [ 131.499772500822246, 32.902147301306897 ], [ 131.499164398254266, 32.901648069964239 ], [ 131.497134798387435, 32.900740442063451 ], [ 131.496085421508127, 32.900071678940314 ], [ 131.494168458139796, 32.899999487203566 ], [ 131.491239936273217, 32.898748552483127 ], [ 131.489935314826397, 32.89840006939346 ], [ 131.488342054439016, 32.897644946137831 ], [ 131.486619875155043, 32.896529510902255 ], [ 131.485447131981118, 32.895255880854705 ], [ 131.485361336789254, 32.894677611535151 ], [ 131.485545646940153, 32.892982575739083 ], [ 131.486752307267949, 32.889260121884234 ], [ 131.4871300889304, 32.888379311279628 ], [ 131.489109489611621, 32.885676104568432 ], [ 131.489548700896933, 32.884647017879608 ], [ 131.489346146448952, 32.883612288131523 ], [ 131.488397533073538, 32.882368995203898 ], [ 131.486898181707659, 32.881318033170523 ], [ 131.485941375969986, 32.880969195358958 ], [ 131.481623548761178, 32.879581634526808 ], [ 131.476676359332743, 32.878268304182399 ], [ 131.474207878058678, 32.877941837092621 ], [ 131.472035246109272, 32.877924212316159 ], [ 131.471259636618186, 32.878006836901072 ], [ 131.470339046627288, 32.878365894573982 ], [ 131.469730075523501, 32.879358104242449 ], [ 131.470088651319173, 32.880318981512794 ], [ 131.469495235423921, 32.8827054055592 ], [ 131.470919633937029, 32.884443138959369 ], [ 131.470875099751396, 32.885573967831974 ], [ 131.471454453295962, 32.886078160369379 ], [ 131.471663231506028, 32.88669075712707 ], [ 131.472307887472226, 32.887549445385901 ], [ 131.472318825512559, 32.888061720749114 ], [ 131.472797943427281, 32.88871295181454 ], [ 131.472526941941965, 32.889218345600888 ], [ 131.472559713847801, 32.890518328512414 ], [ 131.472315076878147, 32.890901759997085 ], [ 131.472522859835919, 32.891545082384312 ], [ 131.47212220276154, 32.892632664304855 ], [ 131.47146451676673, 32.893090980316913 ], [ 131.47082876476091, 32.893924785588446 ], [ 131.470774443405304, 32.894984306246783 ], [ 131.470132214459028, 32.896365190676015 ], [ 131.470216846088704, 32.897051626021508 ], [ 131.469966594763662, 32.897483642923092 ], [ 131.469576017968791, 32.897816102041652 ], [ 131.468915251195398, 32.897920667245138 ], [ 131.468573606571567, 32.8981815857084 ], [ 131.46800696597478, 32.898757487298589 ], [ 131.467652933766914, 32.89957043415388 ], [ 131.466669820171944, 32.900707785853044 ], [ 131.463986701495884, 32.901587848152808 ], [ 131.463750304421211, 32.902436003111802 ], [ 131.464164760202607, 32.903295621480652 ], [ 131.464238351837167, 32.904341812308687 ], [ 131.464507887555584, 32.904892783329387 ], [ 131.464223262670288, 32.905278330172237 ], [ 131.464166963831161, 32.906200143668542 ], [ 131.463709834481193, 32.9077536945424 ], [ 131.465262056696758, 32.908041270725114 ], [ 131.466296415687538, 32.908600289268684 ], [ 131.46711039936423, 32.908844788643307 ], [ 131.467404520301841, 32.908836892729518 ], [ 131.468434883593716, 32.908233126588868 ], [ 131.471401667040055, 32.908825311395852 ], [ 131.472632493399203, 32.909559929518622 ], [ 131.474108259066782, 32.910113514254782 ], [ 131.47454622637315, 32.910631900298633 ], [ 131.476447547487737, 32.912021673391791 ], [ 131.477674573859531, 32.913521017045944 ], [ 131.480178035347819, 32.914452976898929 ], [ 131.480653095120203, 32.914366181912165 ], [ 131.480872753101437, 32.913789594742582 ], [ 131.481922216400278, 32.913337902469458 ], [ 131.483891612974276, 32.913604646037633 ], [ 131.485349959103559, 32.913197564063495 ], [ 131.48684144348465, 32.913379935472008 ], [ 131.488419095513393, 32.913899175448115 ], [ 131.489030532004392, 32.914793777193651 ], [ 131.489680802206067, 32.915328066108508 ], [ 131.490043679228904, 32.916033218037938 ], [ 131.491456861861366, 32.917300916228712 ], [ 131.493206558822749, 32.918420461300201 ], [ 131.497437308144157, 32.920096833569026 ], [ 131.499100636921611, 32.921326728618745 ], [ 131.499406911013892, 32.921619145166666 ], [ 131.499735409468229, 32.922478106240746 ], [ 131.499532049256885, 32.923075358359014 ], [ 131.499729436284099, 32.923843070333206 ], [ 131.500661242901572, 32.925082726518504 ], [ 131.501303204121541, 32.925564202404729 ], [ 131.502854789735352, 32.926243893167843 ], [ 131.503161253062984, 32.926563832397655 ], [ 131.505324410340677, 32.926514545874291 ], [ 131.509476184693597, 32.927243926111359 ], [ 131.512724894662682, 32.928006011946508 ], [ 131.514176483280409, 32.927323123364843 ] ] ] } },
{ "type": "Feature", "properties": { "CITY_NAME": "豊後大野市", "S_NAME": "清川町平石", "JINKO": 49, "medical_area": "44_豊肥医療圏", "町丁目名": "豊後大野市清川町平石" }, "geometry": { "type": "Polygon", "coordinates": [ [ [ 131.491705030529147, 32.92188969435972 ], [ 131.492707996544993, 32.92180220192639 ], [ 131.495254247626605, 32.920662272172066 ], [ 131.496477449721198, 32.919669335895371 ], [ 131.493206558822749, 32.918420461300201 ], [ 131.491456861861366, 32.917300916228712 ], [ 131.490043679228904, 32.916033218037938 ], [ 131.489680802206067, 32.915328066108508 ], [ 131.489030532004392, 32.914793777193651 ], [ 131.488419095513393, 32.913899175448115 ], [ 131.48684144348465, 32.913379935472008 ], [ 131.485349959103559, 32.913197564063495 ], [ 131.483891612974276, 32.913604646037633 ], [ 131.481922216400278, 32.913337902469458 ], [ 131.480872753101437, 32.913789594742582 ], [ 131.480653095120203, 32.914366181912165 ], [ 131.480178035347819, 32.914452976898929 ], [ 131.477674573859531, 32.913521017045944 ], [ 131.476447547487737, 32.912021673391791 ], [ 131.47454622637315, 32.910631900298633 ], [ 131.474108259066782, 32.910113514254782 ], [ 131.4707234954912, 32.908600134207234 ], [ 131.468434883593716, 32.908233126588868 ], [ 131.467404520301841, 32.908836892729518 ], [ 131.466296415687538, 32.908600289268684 ], [ 131.466011124033059, 32.908859011669755 ], [ 131.465451513085185, 32.908775863026577 ], [ 131.46434049968542, 32.909070345418961 ], [ 131.463917359456332, 32.910166925575787 ], [ 131.463063096142747, 32.91081223391248 ], [ 131.463227587397114, 32.9114944068196 ], [ 131.463087939723493, 32.911744646882134 ], [ 131.462647343759954, 32.912193189239147 ], [ 131.461919174419222, 32.912530384228234 ], [ 131.461381235207881, 32.913536724501306 ], [ 131.461134753672809, 32.914414350361355 ], [ 131.460636045522307, 32.915209321344641 ], [ 131.460640752748645, 32.915609836190711 ], [ 131.463683471506158, 32.916188398218303 ], [ 131.46481507109047, 32.916779510152161 ], [ 131.466008111253501, 32.917145899584781 ], [ 131.467332487673588, 32.917928822611792 ], [ 131.469107329900737, 32.918032228418888 ], [ 131.470393465441504, 32.918723939910315 ], [ 131.472448695910089, 32.918559959285858 ], [ 131.473426477466006, 32.918669619074024 ], [ 131.474220576039698, 32.919077055910378 ], [ 131.474481251937334, 32.91951841651003 ], [ 131.475210812750475, 32.920047142407221 ], [ 131.476625275234426, 32.919842623398424 ], [ 131.477837377571063, 32.920332077474264 ], [ 131.479223419354639, 32.920419233598366 ], [ 131.480278793739757, 32.919669159575328 ], [ 131.481265779866732, 32.919545451738919 ], [ 131.481872075134476, 32.9192394351346 ], [ 131.482921702598844, 32.919115466339143 ], [ 131.485005114425405, 32.919327516517463 ], [ 131.486375487183295, 32.920130994881426 ], [ 131.487036580343243, 32.921980335309286 ], [ 131.487178583964351, 32.922232166881479 ], [ 131.487661493267211, 32.92246950412823 ], [ 131.489375526919957, 32.9227505540034 ], [ 131.490176107579259, 32.92266441204179 ], [ 131.491705030529147, 32.92188969435972 ] ] ] } },
{ "type": "Feature", "properties": { "CITY_NAME": "豊後大野市", "S_NAME": "清川町六種", "JINKO": 194, "medical_area": "44_豊肥医療圏", "町丁目名": "豊後大野市清川町六種" }, "geometry": { "type": "Polygon", "coordinates": [ [ [ 131.500093919786934, 32.952643047925903 ], [ 131.500706684623083, 32.951836272422881 ], [ 131.500019418851252, 32.950441435026079 ], [ 131.498927382086748, 32.947445056514233 ], [ 131.498338513469463, 32.946750254521106 ], [ 131.498366926632201, 32.94540821179892 ], [ 131.498846217633599, 32.944629263382339 ], [ 131.499726959316376, 32.944920595150748 ], [ 131.50030496919473, 32.94484389800256 ], [ 131.501162986133949, 32.945171137496807 ], [ 131.502186572601772, 32.945291042196089 ], [ 131.503048136731536, 32.945083698172979 ], [ 131.503718792384774, 32.944634614624484 ], [ 131.503036370877226, 32.943487696932507 ], [ 131.503137728692366, 32.942645362583946 ], [ 131.503027299736061, 32.942361341707482 ], [ 131.502062377626743, 32.941555391430057 ], [ 131.500567126960533, 32.939333804632113 ], [ 131.50061701680437, 32.938042042022438 ], [ 131.500943278110157, 32.936556472381668 ], [ 131.501759347565638, 32.93509188523614 ], [ 131.502596625712499, 32.933051403403418 ], [ 131.503295201676849, 32.930538885397517 ], [ 131.503114859675406, 32.928461170436961 ], [ 131.503262510676336, 32.92715068934482 ], [ 131.503073251771355, 32.926394420836601 ], [ 131.500899220099967, 32.925318054829376 ], [ 131.499729436284099, 32.923843070333206 ], [ 131.499532049256885, 32.923075358359014 ], [ 131.499735409468229, 32.922478106240746 ], [ 131.499406911013892, 32.921619145166666 ], [ 131.497999522239979, 32.920443299418075 ], [ 131.496477449721198, 32.919669335895371 ], [ 131.495254247626605, 32.920662272172066 ], [ 131.492707996544993, 32.92180220192639 ], [ 131.491450172358867, 32.921950924561649 ], [ 131.490176107579259, 32.92266441204179 ], [ 131.489375526919957, 32.9227505540034 ], [ 131.487661493267211, 32.92246950412823 ], [ 131.487178583964351, 32.922232166881479 ], [ 131.487370769442549, 32.922732786111879 ], [ 131.486719977544141, 32.923978707479854 ], [ 131.485980541756874, 32.924519643840156 ], [ 131.4858589663516, 32.924713774121507 ], [ 131.485927830350164, 32.925141540993721 ], [ 131.484741841371601, 32.926800764883588 ], [ 131.484161369645989, 32.927262483799154 ], [ 131.484141024959456, 32.927778333918454 ], [ 131.484472808827263, 32.92792522980411 ], [ 131.484886229622873, 32.927806466888249 ], [ 131.485075015104172, 32.927957365572446 ], [ 131.485128806590808, 32.928324744185602 ], [ 131.486107054220838, 32.928623063855035 ], [ 131.486438025640382, 32.929370736057194 ], [ 131.487085136820838, 32.929485911510199 ], [ 131.48669748340788, 32.929864102131106 ], [ 131.486203384532928, 32.929964616388894 ], [ 131.485690622145654, 32.930771808722156 ], [ 131.489334616968421, 32.933507007431182 ], [ 131.489750558914324, 32.935273815870296 ], [ 131.489780923015473, 32.936162334614593 ], [ 131.490215303282014, 32.936917820427048 ], [ 131.490280907377041, 32.93875679018641 ], [ 131.490510259176801, 32.939023871315321 ], [ 131.491922232595073, 32.939808383739404 ], [ 131.491842683550061, 32.941689635972708 ], [ 131.491995320088165, 32.942730632049908 ], [ 131.492884852868059, 32.943362968077764 ], [ 131.494362626022763, 32.943560673498432 ], [ 131.494675325645233, 32.943726299503652 ], [ 131.494773418803788, 32.944110191069733 ], [ 131.493928829422742, 32.945362417698895 ], [ 131.493758132937216, 32.946206226234196 ], [ 131.493974401241729, 32.946278688325805 ], [ 131.495464445035452, 32.945978284908747 ], [ 131.496039068144597, 32.946324898937782 ], [ 131.495942409423293, 32.946732305530801 ], [ 131.494405908385204, 32.94946244434194 ], [ 131.493303353458828, 32.950441380100045 ], [ 131.493345475630065, 32.951007518872856 ], [ 131.493706495818259, 32.951218454014473 ], [ 131.495356229224399, 32.951579796696151 ], [ 131.495468574854272, 32.951834688512712 ], [ 131.495046765896831, 32.952008267005432 ], [ 131.495350042952282, 32.952352167784227 ], [ 131.495758741629061, 32.952517405248926 ], [ 131.496781341674307, 32.952259277100652 ], [ 131.49768380597726, 32.952238006526372 ], [ 131.498624839719554, 32.952412505797589 ], [ 131.498885199942492, 32.952320458555967 ], [ 131.500093919786934, 32.952643047925903 ] ] ] } },
{ "type": "Feature", "properties": { "CITY_NAME": "豊後大野市", "S_NAME": "清川町伏野", "JINKO": 93, "medical_area": "44_豊肥医療圏", "町丁目名": "豊後大野市清川町伏野" }, "geometry": { "type": "Polygon", "coordinates": [ [ [ 131.529713827543134, 32.946320832085526 ], [ 131.532849887066703, 32.945970170550758 ], [ 131.534763219887509, 32.945431838236473 ], [ 131.535811897671806, 32.944701813315909 ], [ 131.535812451858533, 32.943838220044761 ], [ 131.53560060206766, 32.94309686944144 ], [ 131.534791336068906, 32.942108402039331 ], [ 131.534334567622523, 32.941191991219938 ], [ 131.534748798066431, 32.939538715166165 ], [ 131.534283197071858, 32.93883208934492 ], [ 131.533570737601394, 32.938287892438616 ], [ 131.533327763720166, 32.936975937230692 ], [ 131.532381552905747, 32.935983777423047 ], [ 131.531856416706717, 32.934844129109138 ], [ 131.530912964649644, 32.934305987347592 ], [ 131.530145235401704, 32.934261785777458 ], [ 131.529628996971269, 32.933598158575727 ], [ 131.529500197229851, 32.93288715232601 ], [ 131.528454293109718, 32.932344326199463 ], [ 131.528396278919587, 32.932049786113524 ], [ 131.528728231077309, 32.931453740904828 ], [ 131.529160007741297, 32.93108937609599 ], [ 131.530431035323261, 32.930980688365324 ], [ 131.530779543422312, 32.93080302520778 ], [ 131.531387097170921, 32.930275271844792 ], [ 131.531897037853128, 32.928883909365176 ], [ 131.532360235654664, 32.928400814868766 ], [ 131.533144475976655, 32.92819927311681 ], [ 131.533382563440398, 32.927706972603033 ], [ 131.533274649216821, 32.926790890609041 ], [ 131.53343793030524, 32.925882131999145 ], [ 131.535397210618186, 32.922666812016253 ], [ 131.535431274517435, 32.922317672595049 ], [ 131.534942326834255, 32.921229382612914 ], [ 131.535035666676293, 32.920056867544581 ], [ 131.535299675033201, 32.919455949443311 ], [ 131.536484607779869, 32.918513592624386 ], [ 131.536686356297395, 32.918068637056898 ], [ 131.536505453524313, 32.91775298023186 ], [ 131.534224369543693, 32.917847957664243 ], [ 131.533609759874679, 32.91766931512614 ], [ 131.532616868437486, 32.916466499865692 ], [ 131.531209808736548, 32.91683625760259 ], [ 131.530409530665992, 32.916594028212387 ], [ 131.529947874800484, 32.915680536518138 ], [ 131.529609685705225, 32.915371994459939 ], [ 131.526908352730374, 32.914122469659375 ], [ 131.526215040483606, 32.914053133634212 ], [ 131.525933977926485, 32.913394991394199 ], [ 131.524909272272225, 32.913109005951235 ], [ 131.524140763705759, 32.912530774092566 ], [ 131.524078385102712, 32.913248424809183 ], [ 131.523884380840798, 32.913612534312946 ], [ 131.522315421142338, 32.915232866904169 ], [ 131.521882592941523, 32.916205564410625 ], [ 131.522215780704101, 32.916932371889636 ], [ 131.523956760258557, 32.918190798220884 ], [ 131.5238580919453, 32.919943718673927 ], [ 131.523555527657436, 32.920776616994772 ], [ 131.52258945102804, 32.922372351007738 ], [ 131.519173409537586, 32.92567723565989 ], [ 131.518567488901056, 32.926643749014097 ], [ 131.517111957420951, 32.928163761730431 ], [ 131.516731005688371, 32.928850623936277 ], [ 131.516598133773982, 32.930262306376385 ], [ 131.517544100751195, 32.933682218274399 ], [ 131.516958242180038, 32.935652151441424 ], [ 131.518726823274392, 32.937408735724773 ], [ 131.518986894915002, 32.938002795482191 ], [ 131.519196346049341, 32.940474995592993 ], [ 131.519350253578096, 32.940992568484972 ], [ 131.520317931599919, 32.942523928821295 ], [ 131.520789292550432, 32.944496744049729 ], [ 131.521193492660103, 32.947495228597965 ], [ 131.522527253717072, 32.948470331773322 ], [ 131.523493724575502, 32.949401210899261 ], [ 131.524785443137546, 32.949965662311719 ], [ 131.525506478226077, 32.950461258511176 ], [ 131.526967182161883, 32.951024982615088 ], [ 131.527373705131708, 32.951342433791311 ], [ 131.528907845044984, 32.954150947704029 ], [ 131.529308558693657, 32.954408083760299 ], [ 131.529638935593169, 32.953947023523774 ], [ 131.531438499577462, 32.952465482301264 ], [ 131.531610836345095, 32.952094371524794 ], [ 131.531199709839342, 32.951408880808465 ], [ 131.529416108514567, 32.950167691399614 ], [ 131.528978312680124, 32.94962949234128 ], [ 131.528992770849754, 32.948015970353005 ], [ 131.529239678260694, 32.9475456101475 ], [ 131.529355505196435, 32.946784053752076 ], [ 131.529713827543134, 32.946320832085526 ] ] ] } },
{ "type": "Feature", "properties": { "CITY_NAME": "豊後大野市", "S_NAME": "清川町大白谷", "JINKO": 31, "medical_area": "44_豊肥医療圏", "町丁目名": "豊後大野市清川町大白谷" }, "geometry": { "type": "Polygon", "coordinates": [ [ [ 131.536505453524313, 32.917752980231867 ], [ 131.535919017129459, 32.914912049997191 ], [ 131.536671127858995, 32.914727026527665 ], [ 131.537362000776341, 32.91486512882188 ], [ 131.537856957005886, 32.91476687274799 ], [ 131.538128750409413, 32.914636135080357 ], [ 131.538315741807367, 32.914218416946589 ], [ 131.537941233455598, 32.913951471065324 ], [ 131.536875531575191, 32.91246701260161 ], [ 131.536911796784977, 32.911293408941226 ], [ 131.53657036161141, 32.910546705137882 ], [ 131.536108924238761, 32.91045254707673 ], [ 131.53530984275082, 32.909822718934251 ], [ 131.533629878474187, 32.910130903064974 ], [ 131.533319113131938, 32.910911558299517 ], [ 131.532754087411462, 32.910943382646359 ], [ 131.531184761085996, 32.911503376934142 ], [ 131.529788705471617, 32.912642809637013 ], [ 131.529003888726862, 32.912950229742457 ], [ 131.527804515014424, 32.912449323823651 ], [ 131.527345774097768, 32.912083154435699 ], [ 131.52714074300664, 32.91156375959924 ], [ 131.526678184493477, 32.909288439954189 ], [ 131.527446503531849, 32.90838619703775 ], [ 131.527735550388428, 32.907562002033337 ], [ 131.527895729236008, 32.906899604997932 ], [ 131.527758628433133, 32.906285610937736 ], [ 131.527984638200479, 32.905775062560082 ], [ 131.527803973553972, 32.905109532337342 ], [ 131.52827135973709, 32.903647202924425 ], [ 131.527942021116814, 32.902542675954699 ], [ 131.527983396214637, 32.902226091988695 ], [ 131.526927678550663, 32.902089046178943 ], [ 131.526579819661833, 32.901202122038441 ], [ 131.527117007437738, 32.900261289918639 ], [ 131.527058111178036, 32.899758016121417 ], [ 131.52750655095474, 32.899357593409817 ], [ 131.528004295274883, 32.897854075912193 ], [ 131.528512840117344, 32.897558348604548 ], [ 131.528650235741821, 32.897016226246507 ], [ 131.529149519219914, 32.896379785780447 ], [ 131.528970009225191, 32.89620864597488 ], [ 131.526909956325312, 32.895144837852918 ], [ 131.525986143323564, 32.894427651343911 ], [ 131.523666289396061, 32.893628046371262 ], [ 131.522096770050752, 32.892565149669714 ], [ 131.519648287886525, 32.891648870391762 ], [ 131.517605920089096, 32.891114212133026 ], [ 131.516800412631881, 32.890571414895433 ], [ 131.516063642442475, 32.889749945921565 ], [ 131.514681739208811, 32.889303807692407 ], [ 131.514007771215688, 32.888428830241459 ], [ 131.513501636684083, 32.888202721999718 ], [ 131.512395471072097, 32.888038364342741 ], [ 131.511308345830543, 32.887423658804551 ], [ 131.509908882133033, 32.887677279440936 ], [ 131.509247625573067, 32.888066326601127 ], [ 131.507909064688533, 32.887625978855617 ], [ 131.506651470497673, 32.887471285684654 ], [ 131.505184615340681, 32.888047142180397 ], [ 131.503988716322738, 32.887890697128235 ], [ 131.50157148493588, 32.888113095696895 ], [ 131.501944028182379, 32.887414006277886 ], [ 131.500643172237034, 32.885792137241339 ], [ 131.497543065217684, 32.8855117757996 ], [ 131.495583376669657, 32.884818778601307 ], [ 131.494743472737156, 32.884447001290631 ], [ 131.493777210982643, 32.882929472810396 ], [ 131.492102478607279, 32.883217685886621 ], [ 131.491641661842181, 32.883150945498265 ], [ 131.487242336934798, 32.88028859577939 ], [ 131.479859267694735, 32.878673107793169 ], [ 131.47673918364643, 32.877723717609129 ], [ 131.47075565799733, 32.877646598425912 ], [ 131.470339046627288, 32.878365894573982 ], [ 131.471259636618214, 32.878006836901072 ], [ 131.474207878058678, 32.877941837092621 ], [ 131.476676359332799, 32.878268304182399 ], [ 131.481623548761178, 32.879581634526808 ], [ 131.486898181707659, 32.881318033170523 ], [ 131.488397533073538, 32.882368995203898 ], [ 131.48897835723605, 32.883047606244368 ], [ 131.489346146448952, 32.883612288131523 ], [ 131.489548700896933, 32.884647017879622 ], [ 131.489109489611621, 32.885676104568432 ], [ 131.4871300889304, 32.888379311279628 ], [ 131.485752428299122, 32.892191468248413 ], [ 131.485398753196961, 32.893868068588155 ], [ 131.485447131981118, 32.895255880854705 ], [ 131.485722338638254, 32.895690905278428 ], [ 131.487227909229716, 32.897028807280037 ], [ 131.489935314826397, 32.89840006939346 ], [ 131.491904612072261, 32.899001468133449 ], [ 131.493400456799407, 32.899753750671628 ], [ 131.495085547429738, 32.900097466783372 ], [ 131.496085421508099, 32.900071678940314 ], [ 131.496441316938302, 32.899705911023759 ], [ 131.49711579611153, 32.898259696626035 ], [ 131.497709574016881, 32.897859985447596 ], [ 131.498400981455944, 32.897727498012252 ], [ 131.502184277023986, 32.897813921263818 ], [ 131.504308542736823, 32.898350061912836 ], [ 131.508154437249004, 32.897813383973961 ], [ 131.510133502764063, 32.897933813485189 ], [ 131.510981417677698, 32.898179122310587 ], [ 131.511734820840786, 32.898521095189246 ], [ 131.512566294962909, 32.899215815979879 ], [ 131.51280782587969, 32.899864790644891 ], [ 131.513250926783286, 32.903142950698488 ], [ 131.514503174624991, 32.905193894676565 ], [ 131.515694650684708, 32.906396485167754 ], [ 131.516692384289257, 32.907070609173608 ], [ 131.518668556932937, 32.907859176359437 ], [ 131.522514285805585, 32.91011500344603 ], [ 131.523676047512993, 32.911224957412308 ], [ 131.524140763705759, 32.912530774092566 ], [ 131.524485994649723, 32.912891438666797 ], [ 131.525933977926456, 32.91339499139422 ], [ 131.526215040483606, 32.914053133634212 ], [ 131.526908352730374, 32.914122469659375 ], [ 131.529609685705168, 32.915371994459939 ], [ 131.529947874800484, 32.915680536518138 ], [ 131.530409530665992, 32.916594028212387 ], [ 131.531209808736548, 32.91683625760259 ], [ 131.532616868437486, 32.916466499865692 ], [ 131.532951592592013, 32.916717264201615 ], [ 131.533522294029495, 32.917625029261082 ], [ 131.534224369543693, 32.917847957664243 ], [ 131.536505453524313, 32.917752980231867 ] ] ] } },
{ "type": "Feature", "properties": { "CITY_NAME": "豊後大野市", "S_NAME": "緒方町尾平鉱山", "JINKO": 1, "medical_area": "44_豊肥医療圏", "町丁目名": "豊後大野市緒方町尾平鉱山" }, "geometry": { "type": "Polygon", "coordinates": [ [ [ 131.386058457103672, 32.838492920835435 ], [ 131.386649159147197, 32.837550439899445 ], [ 131.386646086245975, 32.836839716472035 ], [ 131.387087533661543, 32.835772232328488 ], [ 131.388643020529486, 32.83446090863724 ], [ 131.391165392894209, 32.831840054429051 ], [ 131.391196643589268, 32.830767777400808 ], [ 131.391759213146969, 32.829939620372421 ], [ 131.393072449436346, 32.829417736307761 ], [ 131.393511973965417, 32.829107790691104 ], [ 131.393658425746111, 32.828805117462309 ], [ 131.393028688400022, 32.82685413301698 ], [ 131.393046103417049, 32.826094744032766 ], [ 131.394615526294587, 32.822879611104561 ], [ 131.395144613003453, 32.819677419615438 ], [ 131.395784414987872, 32.818133319621893 ], [ 131.396434800906746, 32.817045016305528 ], [ 131.398078830081687, 32.815167987595913 ], [ 131.399761548752252, 32.813610863237813 ], [ 131.399495174988999, 32.813529932710388 ], [ 131.398078202187065, 32.811999920043071 ], [ 131.396172276739918, 32.811941608531306 ], [ 131.395516772101274, 32.811465831393534 ], [ 131.394066716529778, 32.811075240996992 ], [ 131.393219540655878, 32.811564880867266 ], [ 131.392017130509373, 32.811770759022025 ], [ 131.389207795366076, 32.811816191439107 ], [ 131.387892522174496, 32.811112708724096 ], [ 131.386887143043197, 32.810297991129382 ], [ 131.385578539479241, 32.809860934353281 ], [ 131.384022812387826, 32.808928401893915 ], [ 131.382467398474347, 32.809328167552778 ], [ 131.380527625344456, 32.808966421453412 ], [ 131.38017967319152, 32.809077717233805 ], [ 131.380050439697897, 32.809418074460808 ], [ 131.37930024932561, 32.809686795260177 ], [ 131.375914765337029, 32.808344909273416 ], [ 131.374910514836984, 32.808587137632593 ], [ 131.374432848305787, 32.8084036292924 ], [ 131.373385255216476, 32.807525726406666 ], [ 131.372315209726366, 32.80745269711732 ], [ 131.371863241769859, 32.807236478781306 ], [ 131.371112364511703, 32.80643379069037 ], [ 131.369686845363731, 32.80608986863173 ], [ 131.36643578033673, 32.803706312004387 ], [ 131.363636170041076, 32.802963783426328 ], [ 131.362196100653165, 32.803783547320329 ], [ 131.361385276447237, 32.804057755123651 ], [ 131.359471101839517, 32.803976120335925 ], [ 131.358312005489665, 32.804196974446349 ], [ 131.356420425503416, 32.804952853933401 ], [ 131.356022029695481, 32.805247665998422 ], [ 131.355445458437032, 32.806108556842936 ], [ 131.354802461536309, 32.806469295624233 ], [ 131.354541901933459, 32.807394544608449 ], [ 131.354156167588684, 32.807634916175608 ], [ 131.353563647457548, 32.807723590281348 ], [ 131.353203859928385, 32.807996523518568 ], [ 131.353115175624822, 32.808388315278421 ], [ 131.352756155188501, 32.80886789138188 ], [ 131.35193204724294, 32.80906596627333 ], [ 131.350897625300519, 32.809862820487382 ], [ 131.350357203904792, 32.810092714188634 ], [ 131.348657487349442, 32.810510706448831 ], [ 131.348194442210286, 32.810762145857261 ], [ 131.348157554030593, 32.81121905760655 ], [ 131.348612165261869, 32.812109677169467 ], [ 131.34852328934457, 32.812457979935473 ], [ 131.348189169134372, 32.812719940851949 ], [ 131.348178218972208, 32.813220307204645 ], [ 131.348347138206151, 32.813567885896845 ], [ 131.348258344383424, 32.813937942252018 ], [ 131.348695040779461, 32.815198458886641 ], [ 131.349433083480193, 32.816055671552625 ], [ 131.350350795446275, 32.816705747315424 ], [ 131.35050186063458, 32.817434067489366 ], [ 131.349952111527386, 32.818588530971631 ], [ 131.349835013746286, 32.819959317516656 ], [ 131.349890188112937, 32.820883668210342 ], [ 131.350098015531927, 32.821285536146135 ], [ 131.349376485536794, 32.823027767539607 ], [ 131.349248954378282, 32.825029393714985 ], [ 131.348812043904843, 32.825389516736216 ], [ 131.348142239703037, 32.825521877916174 ], [ 131.34771787699998, 32.825784081278734 ], [ 131.34753580709517, 32.82703538019927 ], [ 131.346952541119606, 32.827885354328593 ], [ 131.346825352182918, 32.828331636672928 ], [ 131.346850551889162, 32.828639562078742 ], [ 131.347401019366998, 32.829061980233682 ], [ 131.347788632165162, 32.829642621815395 ], [ 131.347888975920711, 32.829923338543246 ], [ 131.347681147689372, 32.830535212893075 ], [ 131.34777570704253, 32.830830740999758 ], [ 131.348350181058606, 32.831420718035218 ], [ 131.349555647355828, 32.832107567035109 ], [ 131.350466922551817, 32.832213490592487 ], [ 131.35637701216146, 32.834113336877813 ], [ 131.357181848488949, 32.834252531709744 ], [ 131.359979955338673, 32.834216291098635 ], [ 131.362131988558559, 32.833934264202206 ], [ 131.362637147820124, 32.834541100851972 ], [ 131.363830121679172, 32.835344009094989 ], [ 131.365458655517017, 32.836117350503017 ], [ 131.366598903062993, 32.836312075357611 ], [ 131.370728605157495, 32.83815317342718 ], [ 131.372746276066977, 32.83851868909921 ], [ 131.373939803786868, 32.838441423076773 ], [ 131.375573826774371, 32.839260046318927 ], [ 131.375502546439833, 32.83961669602418 ], [ 131.376846212122302, 32.840620530084138 ], [ 131.377051341840797, 32.840927190557174 ], [ 131.376980901544783, 32.841492780060342 ], [ 131.378272244083632, 32.842158747993608 ], [ 131.37901760735258, 32.842820201837242 ], [ 131.379556323965943, 32.842818570029173 ], [ 131.380707998430381, 32.843159209202334 ], [ 131.382517749063453, 32.844161519569674 ], [ 131.382859461069813, 32.844587102982373 ], [ 131.382556775322314, 32.843607148959805 ], [ 131.382535975002611, 32.842851174158938 ], [ 131.383023830106055, 32.84185647367223 ], [ 131.383143607169558, 32.841100070424964 ], [ 131.386058457103672, 32.838492920835435 ] ] ] } },
{ "type": "Feature", "properties": { "CITY_NAME": "豊後大野市", "S_NAME": "緒方町上畑", "JINKO": 28, "medical_area": "44_豊肥医療圏", "町丁目名": "豊後大野市緒方町上畑" }, "geometry": { "type": "Polygon", "coordinates": [ [ [ 131.429046385704282, 32.882558060101992 ], [ 131.431856998637869, 32.881541524329293 ], [ 131.432452657109394, 32.88173050032993 ], [ 131.432633518306318, 32.88204428104499 ], [ 131.433541008993103, 32.88224782552124 ], [ 131.43490425852832, 32.881804532461672 ], [ 131.437208059143131, 32.881608968162915 ], [ 131.436637542364025, 32.880366670730439 ], [ 131.436957471417116, 32.879061761510705 ], [ 131.436667327154112, 32.878041575920598 ], [ 131.437444451103744, 32.875257782182182 ], [ 131.437044749958829, 32.873469597649006 ], [ 131.438269713667239, 32.872111945073861 ], [ 131.438425653411315, 32.871541310814074 ], [ 131.43806084744412, 32.870878313895808 ], [ 131.436987969524097, 32.869667534811754 ], [ 131.436905474265615, 32.869023377501804 ], [ 131.437036713466227, 32.868214887646701 ], [ 131.43761833917543, 32.867164932885451 ], [ 131.438541786456796, 32.866898602241683 ], [ 131.438638716854314, 32.866212347073571 ], [ 131.439524373292983, 32.865053520242739 ], [ 131.439353335070365, 32.864255443667062 ], [ 131.438641396169601, 32.863355924427481 ], [ 131.439036199172619, 32.862067275311553 ], [ 131.439914182309678, 32.861622567724368 ], [ 131.44648688125838, 32.86036840897178 ], [ 131.448433852508828, 32.859825885713455 ], [ 131.45135191926019, 32.858537566577354 ], [ 131.452831243931854, 32.858062440389567 ], [ 131.456545912065394, 32.857898633383577 ], [ 131.46100774858408, 32.858684656347997 ], [ 131.462423678148411, 32.858357056177354 ], [ 131.463535929882966, 32.857829064277354 ], [ 131.466983319472575, 32.855785604307506 ], [ 131.467058891435215, 32.855466558243499 ], [ 131.467432775847726, 32.855155463611453 ], [ 131.467750279847451, 32.853910024135679 ], [ 131.467579841926408, 32.853331088673592 ], [ 131.468589365295287, 32.852296785367329 ], [ 131.468973557904889, 32.851500264107138 ], [ 131.46892534097978, 32.850904581081686 ], [ 131.469697107833071, 32.849963517630854 ], [ 131.469352757777102, 32.849358073031084 ], [ 131.468609902463527, 32.848873643403572 ], [ 131.468669359551143, 32.847938864244107 ], [ 131.46891398770029, 32.847537688031146 ], [ 131.468884489609678, 32.846423951610042 ], [ 131.469190958471785, 32.845944665064273 ], [ 131.468678690099864, 32.845231157849376 ], [ 131.469391333232124, 32.844886203637806 ], [ 131.470383706749431, 32.843880965357684 ], [ 131.470591574184368, 32.84343826212438 ], [ 131.470539627039443, 32.842944025221897 ], [ 131.472231874118449, 32.842441476352839 ], [ 131.473572954259055, 32.842449077909563 ], [ 131.47458262107935, 32.842669792633103 ], [ 131.475557967540823, 32.842497627245642 ], [ 131.476143088157272, 32.842774304953984 ], [ 131.476021557316727, 32.841327684518916 ], [ 131.476267021923945, 32.840685587099401 ], [ 131.476185423820908, 32.840271160666056 ], [ 131.476393723690364, 32.83991174978609 ], [ 131.476183954953285, 32.839206219391926 ], [ 131.476450322278367, 32.838859264574445 ], [ 131.476419119218434, 32.83820147869119 ], [ 131.474708349849976, 32.836653890065833 ], [ 131.471220309075562, 32.835123351137241 ], [ 131.469399771013968, 32.833742558415921 ], [ 131.467426160127047, 32.833290368250331 ], [ 131.465744998430552, 32.832524670206787 ], [ 131.464830208678222, 32.831480486845436 ], [ 131.463825637254189, 32.830969575084453 ], [ 131.462584444232817, 32.831038419147092 ], [ 131.458445522231472, 32.829886440909078 ], [ 131.455843574619678, 32.830070392706666 ], [ 131.45525425574553, 32.829824424363238 ], [ 131.454281257282446, 32.829083627100744 ], [ 131.451368339404979, 32.829149147619411 ], [ 131.450593799185555, 32.82888541222755 ], [ 131.447312412984417, 32.829319695576842 ], [ 131.446812272557651, 32.829486860887769 ], [ 131.446368530628121, 32.830048923702314 ], [ 131.445987655626595, 32.830105391427288 ], [ 131.444669008205267, 32.829935435401502 ], [ 131.441690332270497, 32.829927461761123 ], [ 131.441243402091487, 32.829837127677067 ], [ 131.439964107206094, 32.828803243637665 ], [ 131.439125875249971, 32.828870466248254 ], [ 131.436710987847505, 32.828336651835826 ], [ 131.436182665983154, 32.827189960990822 ], [ 131.436030776640166, 32.826189001802682 ], [ 131.435702393464311, 32.825850168940292 ], [ 131.434720350227792, 32.825458477566229 ], [ 131.434280756124082, 32.824642292871559 ], [ 131.434039691790247, 32.823209805880538 ], [ 131.43382010402371, 32.822843043570309 ], [ 131.432016076609216, 32.821360830322824 ], [ 131.431468679485533, 32.818505233155101 ], [ 131.430811667533959, 32.817744872255695 ], [ 131.429523907167209, 32.817170443428452 ], [ 131.428835142510167, 32.816603113086366 ], [ 131.428008803154484, 32.816863207319059 ], [ 131.425731160887608, 32.816503408125847 ], [ 131.425015363525034, 32.815963721720564 ], [ 131.424707997333144, 32.815441038714432 ], [ 131.424694155286744, 32.814825480718582 ], [ 131.424095836637804, 32.813798404917279 ], [ 131.423756821074306, 32.81348713605361 ], [ 131.422152573401064, 32.81273909608953 ], [ 131.421266678194314, 32.811915107740937 ], [ 131.419930241363744, 32.812553579100047 ], [ 131.41858562050362, 32.812604016497417 ], [ 131.414788743758322, 32.813379245955012 ], [ 131.412277530382113, 32.81313024174554 ], [ 131.411168012292734, 32.81340034779312 ], [ 131.410503700911249, 32.81338413364616 ], [ 131.409396383848474, 32.812946697863687 ], [ 131.408816172410042, 32.812268632155721 ], [ 131.407127909820275, 32.81217305494566 ], [ 131.4039717891539, 32.812559981547643 ], [ 131.403009569353287, 32.812893869681986 ], [ 131.402075523771913, 32.813438999409108 ], [ 131.399761548752252, 32.813610863237813 ], [ 131.398078830081687, 32.815167987595913 ], [ 131.396434800906746, 32.817045016305528 ], [ 131.395784414987872, 32.818133319621893 ], [ 131.395144613003453, 32.819677419615438 ], [ 131.394615526294587, 32.822879611104561 ], [ 131.393046103417049, 32.826094744032766 ], [ 131.393028688400022, 32.82685413301698 ], [ 131.393658425746111, 32.828805117462309 ], [ 131.393511973965417, 32.829107790691104 ], [ 131.391759213146969, 32.829939620372421 ], [ 131.391196643589268, 32.830767777400808 ], [ 131.391165392894209, 32.831840054429051 ], [ 131.388643020529486, 32.83446090863724 ], [ 131.387087533661543, 32.835772232328488 ], [ 131.386646086245975, 32.836839716472035 ], [ 131.386649159147197, 32.837550439899445 ], [ 131.386058457103672, 32.838492920835435 ], [ 131.383143607169558, 32.841100070424964 ], [ 131.383023830106055, 32.84185647367223 ], [ 131.382535975002611, 32.842851174158938 ], [ 131.382556775322314, 32.843607148959805 ], [ 131.382957686503801, 32.844897611039002 ], [ 131.384444392057588, 32.845261765534786 ], [ 131.38554623684567, 32.845854486546521 ], [ 131.38607309548658, 32.846479695026254 ], [ 131.387036529346943, 32.847042103833338 ], [ 131.387448114710139, 32.847950363411023 ], [ 131.38733408243138, 32.848516087765582 ], [ 131.387569930176596, 32.849179064639493 ], [ 131.387397163457905, 32.849634363535166 ], [ 131.387537279301341, 32.850045665089318 ], [ 131.388910691471921, 32.851135289896519 ], [ 131.390690573226578, 32.851916353973522 ], [ 131.391223888298384, 32.852338715010866 ], [ 131.391684275722383, 32.854389803198991 ], [ 131.394589202652014, 32.857668402045356 ], [ 131.395205392704327, 32.858698864004467 ], [ 131.396111473425293, 32.859421131770617 ], [ 131.397264584361949, 32.861660472986451 ], [ 131.397250943833825, 32.861869458140781 ], [ 131.39630732080812, 32.862548468181664 ], [ 131.395782726569195, 32.86247638897963 ], [ 131.395190809286504, 32.863645902392371 ], [ 131.393706473363807, 32.863908707218584 ], [ 131.392395319253751, 32.863802221758462 ], [ 131.391814976887019, 32.864307968521906 ], [ 131.390810174092422, 32.864323405829502 ], [ 131.389176313922917, 32.865367090422616 ], [ 131.388584884172275, 32.866671752273746 ], [ 131.388182485420657, 32.867148373777638 ], [ 131.389972923554836, 32.867518547770025 ], [ 131.3927150024833, 32.868608394815332 ], [ 131.395667474162963, 32.870302459573885 ], [ 131.400051805557723, 32.873424670626569 ], [ 131.401751589245947, 32.875679794994099 ], [ 131.404726698058681, 32.878121843685257 ], [ 131.406787739149593, 32.878799719151417 ], [ 131.417018558927595, 32.880342098115364 ], [ 131.419128782449008, 32.881417557978068 ], [ 131.42051719239538, 32.881560154070897 ], [ 131.421593427330123, 32.88207390916638 ], [ 131.423143853455912, 32.882040828416194 ], [ 131.423874618124756, 32.881859267061941 ], [ 131.425865906871081, 32.882242549831588 ], [ 131.427470302734321, 32.882153521426474 ], [ 131.428602931445795, 32.882603343453923 ], [ 131.429046385704282, 32.882558060101992 ] ] ] } },
{ "type": "Feature", "properties": { "CITY_NAME": "豊後大野市", "S_NAME": "緒方町滞迫", "JINKO": 20, "medical_area": "44_豊肥医療圏", "町丁目名": "豊後大野市緒方町滞迫" }, "geometry": { "type": "Polygon", "coordinates": [ [ [ 131.450517613701834, 32.895566567018491 ], [ 131.452426629156093, 32.895354239808938 ], [ 131.458939733651391, 32.89693994193707 ], [ 131.459984858905926, 32.897878837546173 ], [ 131.460593185175838, 32.898161599357124 ], [ 131.462484523379004, 32.898425006666407 ], [ 131.464829609779201, 32.89775615978801 ], [ 131.467501390124909, 32.896697836409899 ], [ 131.469822627519278, 32.89530123841471 ], [ 131.470427824976667, 32.894315808020409 ], [ 131.47146451676673, 32.893090980316913 ], [ 131.472211793039293, 32.892472783527147 ], [ 131.472522859835919, 32.891545082384312 ], [ 131.472312006229458, 32.890991946783771 ], [ 131.472575555577379, 32.8904112560204 ], [ 131.472526941941965, 32.889218345600888 ], [ 131.472797943427281, 32.88871295181454 ], [ 131.472318825512559, 32.888061720749114 ], [ 131.472307887472226, 32.887549445385901 ], [ 131.471663231506028, 32.88669075712707 ], [ 131.471454453295962, 32.886078160369379 ], [ 131.470875099751396, 32.885573967831974 ], [ 131.470919633937029, 32.884443138959369 ], [ 131.469495235423921, 32.8827054055592 ], [ 131.470088651319173, 32.880318981512794 ], [ 131.469730075523501, 32.879358104242449 ], [ 131.470230147911707, 32.878645738957786 ], [ 131.470792970627059, 32.877392901998292 ], [ 131.470149837701655, 32.876736041822312 ], [ 131.470077238725054, 32.876000991377538 ], [ 131.468873487467505, 32.87403494482416 ], [ 131.468138358341548, 32.873831204397987 ], [ 131.467772635819955, 32.873265681776466 ], [ 131.467183241924147, 32.873014301789304 ], [ 131.466794199838205, 32.872505002097014 ], [ 131.466706002753767, 32.872052539383212 ], [ 131.466263417653693, 32.871559745811517 ], [ 131.466428353663986, 32.871084613740514 ], [ 131.466881622200304, 32.870756940174147 ], [ 131.466941890450443, 32.870381806861651 ], [ 131.466749937656687, 32.869795709202229 ], [ 131.46707041931694, 32.869515600629086 ], [ 131.467564774175145, 32.868421638056233 ], [ 131.468560345173728, 32.867148312843312 ], [ 131.468712423081229, 32.866684092124999 ], [ 131.468609880382218, 32.865552498499909 ], [ 131.468953802233187, 32.865241509609476 ], [ 131.469032916190883, 32.864777550656619 ], [ 131.469628579091875, 32.86459783208953 ], [ 131.470185057924937, 32.863905701519649 ], [ 131.470126154620743, 32.86331909871123 ], [ 131.470804382923291, 32.862108510057176 ], [ 131.47056618227947, 32.861303438903796 ], [ 131.470939473383737, 32.860468922837242 ], [ 131.470221118771661, 32.859770702625248 ], [ 131.469855998603691, 32.858498843675541 ], [ 131.468993682233815, 32.857341124391269 ], [ 131.468042196151288, 32.856372089150021 ], [ 131.466983319472575, 32.855785604307506 ], [ 131.462423678148411, 32.858357056177354 ], [ 131.46100774858408, 32.858684656347997 ], [ 131.456545912065394, 32.857898633383577 ], [ 131.452831243931854, 32.858062440389567 ], [ 131.45135191926019, 32.858537566577354 ], [ 131.448433852508828, 32.859825885713455 ], [ 131.44648688125838, 32.86036840897178 ], [ 131.439914182309678, 32.861622567724368 ], [ 131.439036199172619, 32.862067275311553 ], [ 131.438881944782366, 32.862424872855534 ], [ 131.438641396169601, 32.863355924427481 ], [ 131.439353335070365, 32.864255443667062 ], [ 131.439524373292983, 32.865053520242739 ], [ 131.438638716854314, 32.866212347073571 ], [ 131.438541786456796, 32.866898602241683 ], [ 131.43761833917543, 32.867164932885451 ], [ 131.437036713466227, 32.868214887646701 ], [ 131.436905474265615, 32.869023377501804 ], [ 131.436987969524097, 32.869667534811754 ], [ 131.43806084744412, 32.870878313895808 ], [ 131.438425653411315, 32.871541310814074 ], [ 131.438269713667239, 32.872111945073861 ], [ 131.437044749958829, 32.873469597649006 ], [ 131.437444451103744, 32.875257782182182 ], [ 131.436667327154112, 32.878041575920598 ], [ 131.436957471417116, 32.879061761510705 ], [ 131.436637542364025, 32.880366670730439 ], [ 131.437304815217772, 32.881760389197929 ], [ 131.437608832254199, 32.883196438951792 ], [ 131.439447803375145, 32.886042426553644 ], [ 131.439406872542179, 32.88647080074395 ], [ 131.439175892523224, 32.886769198946915 ], [ 131.438192538670336, 32.887237167569445 ], [ 131.437978760566011, 32.887528244706097 ], [ 131.438644081143707, 32.888033972543411 ], [ 131.438407206005223, 32.889747711946619 ], [ 131.4392651021993, 32.892633399295015 ], [ 131.439646260442601, 32.893111091569715 ], [ 131.440997806732952, 32.893962762296965 ], [ 131.442080509860602, 32.89702183216788 ], [ 131.443949411903617, 32.898009545902461 ], [ 131.444874030318374, 32.898688511558923 ], [ 131.44552654133517, 32.89957370311803 ], [ 131.446223643557971, 32.899246280592486 ], [ 131.446747587381225, 32.8987843240416 ], [ 131.447763597374404, 32.8973347061686 ], [ 131.44889832091576, 32.896237917348536 ], [ 131.450517613701834, 32.895566567018491 ] ] ] } },
{ "type": "Feature", "properties": { "CITY_NAME": "豊後大野市", "S_NAME": "緒方町小原", "JINKO": 90, "medical_area": "44_豊肥医療圏", "町丁目名": "豊後大野市緒方町小原" }, "geometry": { "type": "Polygon", "coordinates": [ [ [ 131.439620531940477, 32.910220556056657 ], [ 131.440184173743319, 32.90943149532081 ], [ 131.441251717818858, 32.909347602932215 ], [ 131.442591896107729, 32.910120494893953 ], [ 131.443179013742792, 32.909238079176497 ], [ 131.444313260205604, 32.908446856912754 ], [ 131.447166837170755, 32.907157474875255 ], [ 131.448826789452198, 32.906139264647351 ], [ 131.448884971598005, 32.905297125943548 ], [ 131.450229654651451, 32.904301536879601 ], [ 131.450534872686148, 32.903785116400449 ], [ 131.450055512031838, 32.903496527360737 ], [ 131.449194108006708, 32.903419805731758 ], [ 131.447517068101916, 32.903389571770283 ], [ 131.44695424667043, 32.903612952400664 ], [ 131.446512496014719, 32.903516547908353 ], [ 131.446382658668057, 32.903379116107253 ], [ 131.446441323960528, 32.902203089881851 ], [ 131.446282198434602, 32.901368976060532 ], [ 131.445376323064238, 32.899274630215864 ], [ 131.444874030318374, 32.898688511558923 ], [ 131.443949411903617, 32.898009545902461 ], [ 131.442279617916284, 32.897238862243441 ], [ 131.442080509860602, 32.89702183216788 ], [ 131.440997806732952, 32.893962762296965 ], [ 131.43940422928921, 32.892915970329327 ], [ 131.438407206005223, 32.889747711946619 ], [ 131.438644081143707, 32.888033972543411 ], [ 131.437978760566011, 32.887528244706097 ], [ 131.438192538670336, 32.887237167569445 ], [ 131.439175892523224, 32.886769198946915 ], [ 131.439406872542179, 32.88647080074395 ], [ 131.439447803375145, 32.886042426553644 ], [ 131.437608832254199, 32.883196438951792 ], [ 131.437208059143131, 32.881608968162915 ], [ 131.43490425852832, 32.881804532461672 ], [ 131.433541008993103, 32.88224782552124 ], [ 131.432633518306318, 32.88204428104499 ], [ 131.432452657109394, 32.88173050032993 ], [ 131.431856998637869, 32.881541524329293 ], [ 131.428602931445795, 32.882603343453923 ], [ 131.427470302734321, 32.882153521426474 ], [ 131.425865906871081, 32.882242549831588 ], [ 131.423874618124756, 32.881859267061941 ], [ 131.422094040730798, 32.882123969413406 ], [ 131.421078212842815, 32.881920430973757 ], [ 131.42051719239538, 32.881560154070897 ], [ 131.419128782449008, 32.881417557978068 ], [ 131.417018558927595, 32.880342098115364 ], [ 131.406787739149593, 32.878799719151417 ], [ 131.404726698058681, 32.878121843685257 ], [ 131.401751589245947, 32.875679794994099 ], [ 131.400051805557723, 32.873424670626569 ], [ 131.395667474162963, 32.870302459573885 ], [ 131.3927150024833, 32.868608394815332 ], [ 131.389972923554836, 32.867518547770025 ], [ 131.388182485420657, 32.867148373777638 ], [ 131.388197190706279, 32.867951189072734 ], [ 131.388709801319635, 32.868613298578424 ], [ 131.388902387891505, 32.869362433142449 ], [ 131.388796058339125, 32.870032613396617 ], [ 131.389221481774854, 32.870731858888533 ], [ 131.390344888001465, 32.871183122037877 ], [ 131.392246050193819, 32.872959342684304 ], [ 131.393062680295373, 32.873190300442729 ], [ 131.393545560491759, 32.873692704996323 ], [ 131.394268365123253, 32.874114469589742 ], [ 131.39463584527337, 32.87487534207856 ], [ 131.396711512172118, 32.876552618465468 ], [ 131.396933007647846, 32.877240202608562 ], [ 131.397619754701338, 32.87772966263595 ], [ 131.398608979216561, 32.879275699650208 ], [ 131.399964996124311, 32.88007633410669 ], [ 131.40025812082277, 32.880819211283885 ], [ 131.400772695908302, 32.881128348954803 ], [ 131.400902324555858, 32.883104632059435 ], [ 131.400734846382107, 32.883461784730962 ], [ 131.400784516208432, 32.883767306207119 ], [ 131.399776064752018, 32.886445197908692 ], [ 131.40001288235726, 32.887387508008224 ], [ 131.400353888993891, 32.887357664673821 ], [ 131.400790061408799, 32.887656191384536 ], [ 131.400741532742671, 32.888589451297179 ], [ 131.400901382846968, 32.88896662238718 ], [ 131.401521075894692, 32.889064616362404 ], [ 131.401992784519024, 32.888474356598415 ], [ 131.402400321046514, 32.888273096675036 ], [ 131.404166188889178, 32.888334056681657 ], [ 131.404415410439896, 32.888088864439808 ], [ 131.403820253200905, 32.887590913746067 ], [ 131.401470856993996, 32.886687581394554 ], [ 131.400955414996588, 32.886333769785502 ], [ 131.401204147414575, 32.885977500602579 ], [ 131.403525555831578, 32.886525465265173 ], [ 131.407769051265547, 32.88959984653841 ], [ 131.409122968105805, 32.890328573772386 ], [ 131.410282941908719, 32.89043587109677 ], [ 131.411259818936344, 32.890832561633239 ], [ 131.412037587111655, 32.891705174842755 ], [ 131.412085367999964, 32.893269947684935 ], [ 131.411840384465279, 32.893878484193884 ], [ 131.411904275066888, 32.894060603435221 ], [ 131.413836017918243, 32.894775935638265 ], [ 131.415383100144851, 32.896092657927895 ], [ 131.415611696776608, 32.896806002618426 ], [ 131.41805613556275, 32.89824883716517 ], [ 131.419286087975564, 32.89917152204707 ], [ 131.420052935562097, 32.900300853550789 ], [ 131.421147969788564, 32.901261945820785 ], [ 131.421406378725095, 32.902537308347988 ], [ 131.422202111205905, 32.90308917947489 ], [ 131.423258098197607, 32.903427450296618 ], [ 131.425692255117696, 32.904589071611994 ], [ 131.426484250511493, 32.905323249088688 ], [ 131.426813255535166, 32.907228883271678 ], [ 131.427401912953769, 32.907827001629549 ], [ 131.4342555500358, 32.909656926801368 ], [ 131.437680184215395, 32.910194393579346 ], [ 131.439620531940477, 32.910220556056657 ] ] ] } },
{ "type": "Feature", "properties": { "CITY_NAME": "豊後大野市", "S_NAME": "緒方町栗生", "JINKO": 45, "medical_area": "44_豊肥医療圏", "町丁目名": "豊後大野市緒方町栗生" }, "geometry": { "type": "Polygon", "coordinates": [ [ [ 131.460671881139547, 32.915072734311977 ], [ 131.461134753672809, 32.914414350361355 ], [ 131.461381235207881, 32.913536724501306 ], [ 131.461919174419222, 32.912530384228234 ], [ 131.462647343759954, 32.912193189239147 ], [ 131.463087939723522, 32.911744646882134 ], [ 131.463227587397114, 32.9114944068196 ], [ 131.463063096142747, 32.91081223391248 ], [ 131.46395936409661, 32.910109298573126 ], [ 131.464272594822717, 32.909118160822494 ], [ 131.465451513085185, 32.908775863026577 ], [ 131.466011124033059, 32.908859011669755 ], [ 131.466296415687538, 32.908600289268676 ], [ 131.465262056696758, 32.908041270725114 ], [ 131.46369324812099, 32.907727997640535 ], [ 131.464166963831161, 32.906200143668542 ], [ 131.464223262670288, 32.905278330172251 ], [ 131.464507887555584, 32.904892783329359 ], [ 131.464238351837167, 32.904341812308687 ], [ 131.464164760202607, 32.903295621480652 ], [ 131.463750304421183, 32.902436003111795 ], [ 131.463986701495884, 32.901587848152808 ], [ 131.466669820171944, 32.900707785853044 ], [ 131.467652933766914, 32.89957043415388 ], [ 131.46800696597478, 32.898757487298589 ], [ 131.468573606571567, 32.8981815857084 ], [ 131.468915251195398, 32.897920667245138 ], [ 131.469576017968791, 32.897816102041652 ], [ 131.469966594763662, 32.897483642923092 ], [ 131.470216846088704, 32.897051626021508 ], [ 131.470132214459028, 32.896365190676015 ], [ 131.470774443405304, 32.894984306246783 ], [ 131.470866017520791, 32.8938632127253 ], [ 131.470027298365835, 32.894841052541203 ], [ 131.46982262751925, 32.895301238414696 ], [ 131.467501390124909, 32.896697836409899 ], [ 131.464829609779201, 32.89775615978801 ], [ 131.462484523379004, 32.898425006666429 ], [ 131.460593185175838, 32.898161599357152 ], [ 131.459984858905926, 32.897878837546152 ], [ 131.458939733651391, 32.89693994193707 ], [ 131.454890195961582, 32.895903921976007 ], [ 131.452426629156093, 32.89535423980896 ], [ 131.450517613701834, 32.895566567018491 ], [ 131.44889832091576, 32.896237917348536 ], [ 131.447763597374404, 32.8973347061686 ], [ 131.446747587381225, 32.8987843240416 ], [ 131.446223643557971, 32.899246280592493 ], [ 131.44552654133517, 32.899573703118016 ], [ 131.446282198434602, 32.901368976060517 ], [ 131.446441323960528, 32.902203089881851 ], [ 131.446382658668057, 32.903379116107253 ], [ 131.446512496014662, 32.903516547908353 ], [ 131.44695424667043, 32.903612952400664 ], [ 131.447517068101916, 32.903389571770283 ], [ 131.450055512031895, 32.903496527360737 ], [ 131.450534872686148, 32.903785116400449 ], [ 131.45052264340714, 32.903926685096671 ], [ 131.448884971598005, 32.905297125943548 ], [ 131.448826789452198, 32.906139264647372 ], [ 131.447166837170755, 32.907157474875255 ], [ 131.444313260205604, 32.908446856912754 ], [ 131.443179013742792, 32.909238079176497 ], [ 131.442591896107729, 32.910120494893953 ], [ 131.444582286100086, 32.911211540104482 ], [ 131.445548349257734, 32.911514434191638 ], [ 131.445931411747551, 32.912083341925182 ], [ 131.446177971359987, 32.912186154561333 ], [ 131.447705642839821, 32.91241632931942 ], [ 131.448252563590188, 32.912763133170223 ], [ 131.449726185901426, 32.912809676721871 ], [ 131.452983838863901, 32.913453013079263 ], [ 131.454346519606105, 32.91421158271401 ], [ 131.456010376891612, 32.914450853642279 ], [ 131.456910205233243, 32.915157780864362 ], [ 131.458654488009415, 32.915001881185759 ], [ 131.460577837175464, 32.915646163589678 ], [ 131.460671881139547, 32.915072734311977 ] ] ] } },
{ "type": "Feature", "properties": { "CITY_NAME": "豊後大野市", "S_NAME": "緒方町上冬原", "JINKO": 65, "medical_area": "44_豊肥医療圏", "町丁目名": "豊後大野市緒方町上冬原" }, "geometry": { "type": "Polygon", "coordinates": [ [ [ 131.444582286100086, 32.911211540104482 ], [ 131.441251717818858, 32.909347602932215 ], [ 131.440184173743319, 32.90943149532081 ], [ 131.439620531940477, 32.910220556056657 ], [ 131.438737455295126, 32.910294362489871 ], [ 131.4342555500358, 32.909656926801368 ], [ 131.430183412145709, 32.908604458104868 ], [ 131.429550960260798, 32.909849676016272 ], [ 131.42966564676513, 32.910253198331461 ], [ 131.430358965363268, 32.910809170653465 ], [ 131.432024364169052, 32.911278616909513 ], [ 131.432547511182662, 32.911621330505675 ], [ 131.434761954838081, 32.914845002076923 ], [ 131.435624836952485, 32.91692099414847 ], [ 131.437206554487744, 32.918982603840824 ], [ 131.439424393141877, 32.92138645593063 ], [ 131.439927485450539, 32.921606840216057 ], [ 131.440423043225991, 32.922153097880404 ], [ 131.441999121437334, 32.922358829438885 ], [ 131.442799640453671, 32.922774247395942 ], [ 131.446938721725132, 32.920894277720215 ], [ 131.448854818116274, 32.919376668674722 ], [ 131.450423286618474, 32.916773145267122 ], [ 131.45069882036637, 32.915227166327355 ], [ 131.450095611166432, 32.913854116126089 ], [ 131.449122934516737, 32.912788502041934 ], [ 131.448252563590188, 32.912763133170223 ], [ 131.447705642839821, 32.91241632931942 ], [ 131.446177971359987, 32.912186154561333 ], [ 131.445931411747551, 32.912083341925182 ], [ 131.445548349257734, 32.911514434191666 ], [ 131.444582286100086, 32.911211540104482 ] ] ] } },
{ "type": "Feature", "properties": { "CITY_NAME": "豊後大野市", "S_NAME": "緒方町徳田", "JINKO": 96, "medical_area": "44_豊肥医療圏", "町丁目名": "豊後大野市緒方町徳田" }, "geometry": { "type": "Polygon", "coordinates": [ [ [ 131.435936244568097, 32.926529709656776 ], [ 131.438134708084704, 32.924457888715459 ], [ 131.440136478045815, 32.923484273786599 ], [ 131.441265282115722, 32.923573294946422 ], [ 131.442799640453671, 32.922774247395942 ], [ 131.441999121437334, 32.922358829438885 ], [ 131.440423043225991, 32.922153097880404 ], [ 131.439927485450539, 32.921606840216057 ], [ 131.439424393141877, 32.92138645593063 ], [ 131.437206554487744, 32.918982603840824 ], [ 131.435624836952485, 32.91692099414847 ], [ 131.434761954838081, 32.914845002076923 ], [ 131.432547511182662, 32.911621330505675 ], [ 131.432024364169052, 32.911278616909513 ], [ 131.430358965363268, 32.910809170653465 ], [ 131.42966564676513, 32.910253198331461 ], [ 131.429550960260798, 32.909849676016272 ], [ 131.430183412145709, 32.908604458104868 ], [ 131.427401912953769, 32.907827001629549 ], [ 131.426917275201959, 32.909684736618296 ], [ 131.425202385754602, 32.911885341642027 ], [ 131.42441372003654, 32.913496789333955 ], [ 131.422883004872688, 32.915909785095813 ], [ 131.422448739144102, 32.917637205688926 ], [ 131.422652694665459, 32.92067289854635 ], [ 131.422403235131469, 32.921387563637403 ], [ 131.421807936777327, 32.92248694215224 ], [ 131.420320895123552, 32.923482774989139 ], [ 131.423105211552809, 32.925158597856949 ], [ 131.423451356376944, 32.925508616870779 ], [ 131.424738087747073, 32.925007898598928 ], [ 131.425411057941801, 32.926251157565702 ], [ 131.425729141020412, 32.926493952057704 ], [ 131.427032307538155, 32.926669522416553 ], [ 131.427760776750432, 32.92627217019993 ], [ 131.428290951821111, 32.926183244081486 ], [ 131.429638570688638, 32.926300566299638 ], [ 131.430678254978147, 32.926134398906349 ], [ 131.435490827951469, 32.927226609839259 ], [ 131.435936244568097, 32.926529709656776 ] ] ] } },
{ "type": "Feature", "properties": { "CITY_NAME": "豊後大野市", "S_NAME": "緒方町中野", "JINKO": 71, "medical_area": "44_豊肥医療圏", "町丁目名": "豊後大野市緒方町中野" }, "geometry": { "type": "Polygon", "coordinates": [ [ [ 131.421807936777327, 32.92248694215224 ], [ 131.422652694665459, 32.92067289854635 ], [ 131.422448739144102, 32.917637205688926 ], [ 131.422883004872688, 32.915909785095813 ], [ 131.42441372003654, 32.913496789333955 ], [ 131.425202385754602, 32.911885341642027 ], [ 131.426917275201959, 32.909684736618296 ], [ 131.427401912953769, 32.907827001629549 ], [ 131.426813255535166, 32.907228883271678 ], [ 131.426484250511493, 32.905323249088688 ], [ 131.425692255117696, 32.904589071611994 ], [ 131.423258098197607, 32.903427450296618 ], [ 131.422202111205905, 32.90308917947489 ], [ 131.421279250167032, 32.902340220781014 ], [ 131.415900311568464, 32.903874289280829 ], [ 131.413672957675942, 32.904906799765428 ], [ 131.41135228632487, 32.906602140781061 ], [ 131.410440901212382, 32.908380329723862 ], [ 131.409804159680078, 32.908618018551586 ], [ 131.40955964050292, 32.908424015364908 ], [ 131.409322453248024, 32.908461645174846 ], [ 131.408596155603448, 32.908758851146189 ], [ 131.408061161493208, 32.909239692093479 ], [ 131.406589290378719, 32.911947170772628 ], [ 131.406051250369188, 32.912454001338489 ], [ 131.399590889745127, 32.915775306903107 ], [ 131.399092046129965, 32.917343126789675 ], [ 131.399268450466423, 32.917481765286851 ], [ 131.400344271437689, 32.917415465416816 ], [ 131.400623406935182, 32.917886086642817 ], [ 131.400086917782829, 32.918826361684474 ], [ 131.398398834614227, 32.920771730797973 ], [ 131.398618729754105, 32.92108987926207 ], [ 131.400471398627275, 32.921398294303806 ], [ 131.401079689189999, 32.921607403104098 ], [ 131.401224948875523, 32.921801749287418 ], [ 131.407020400768232, 32.922359685282139 ], [ 131.410172713665162, 32.922017131460038 ], [ 131.411322364572356, 32.921569729219001 ], [ 131.412704497145143, 32.921264120529237 ], [ 131.413792524908246, 32.921375090214511 ], [ 131.417109964915596, 32.922933596874103 ], [ 131.420320895123552, 32.923482774989139 ], [ 131.421807936777327, 32.92248694215224 ] ] ] } },
{ "type": "Feature", "properties": { "CITY_NAME": "豊後大野市", "S_NAME": "緒方町大石", "JINKO": 64, "medical_area": "44_豊肥医療圏", "町丁目名": "豊後大野市緒方町大石" }, "geometry": { "type": "Polygon", "coordinates": [ [ [ 131.402322182042781, 32.914445006578234 ], [ 131.403679032503874, 32.913596068605777 ], [ 131.406051250369188, 32.912454001338489 ], [ 131.406589290378719, 32.911947170772628 ], [ 131.408061161493208, 32.909239692093479 ], [ 131.408596155603448, 32.908758851146189 ], [ 131.409322453248024, 32.908461645174846 ], [ 131.40955964050292, 32.908424015364908 ], [ 131.409804159680078, 32.908618018551586 ], [ 131.410440901212382, 32.908380329723862 ], [ 131.41135228632487, 32.906602140781061 ], [ 131.412416029051627, 32.905711041048853 ], [ 131.413672957675942, 32.904906799765428 ], [ 131.415900311568464, 32.903874289280829 ], [ 131.421279250167032, 32.902340220781014 ], [ 131.421327441355885, 32.90205138814953 ], [ 131.421147969788564, 32.901261945820785 ], [ 131.420052935562097, 32.900300853550789 ], [ 131.419286087975564, 32.89917152204707 ], [ 131.41805613556275, 32.89824883716517 ], [ 131.415611696776608, 32.896806002618426 ], [ 131.415383100144851, 32.896092657927895 ], [ 131.413836017918243, 32.894775935638265 ], [ 131.411904275066888, 32.894060603435221 ], [ 131.411840384465279, 32.893878484193884 ], [ 131.412085367999964, 32.893269947684935 ], [ 131.412037587111655, 32.891705174842755 ], [ 131.411259818936344, 32.890832561633239 ], [ 131.410282941908719, 32.89043587109677 ], [ 131.409122968105805, 32.890328573772386 ], [ 131.407769051265547, 32.88959984653841 ], [ 131.403525555831578, 32.886525465265173 ], [ 131.401204147414575, 32.885977500602579 ], [ 131.400955414996588, 32.886333769785502 ], [ 131.401470856993996, 32.886687581394554 ], [ 131.403820253200905, 32.887590913746067 ], [ 131.404415410439896, 32.888088864439808 ], [ 131.404166188889178, 32.888334056681657 ], [ 131.402400321046514, 32.888273096675036 ], [ 131.401992784519024, 32.888474356598415 ], [ 131.401521075894692, 32.889064616362404 ], [ 131.401205058300917, 32.889110066133753 ], [ 131.400901382846968, 32.88896662238718 ], [ 131.400741532742671, 32.888589451297179 ], [ 131.400790061408799, 32.887656191384536 ], [ 131.400353888993891, 32.887357664673821 ], [ 131.40001288235726, 32.887387508008224 ], [ 131.400339822497926, 32.888277456105563 ], [ 131.400323697899978, 32.888720736370622 ], [ 131.400530129395662, 32.888974811070966 ], [ 131.400284511948485, 32.890748520354428 ], [ 131.399865486686537, 32.891564993125158 ], [ 131.399455136113545, 32.892967321608673 ], [ 131.398289308842891, 32.89423448798135 ], [ 131.398134052433335, 32.894622175622324 ], [ 131.39825575903555, 32.894835758113466 ], [ 131.398222845466904, 32.895579681183186 ], [ 131.397473376166658, 32.896779290068459 ], [ 131.397884844297067, 32.896961385354686 ], [ 131.398612861450601, 32.897713067735495 ], [ 131.398856326896322, 32.898140240641382 ], [ 131.39898068480835, 32.89893459946461 ], [ 131.398521023188465, 32.90013328871018 ], [ 131.397931091253866, 32.900552922967833 ], [ 131.397631846963321, 32.901165225181551 ], [ 131.396886273346922, 32.901891016053334 ], [ 131.396875663990301, 32.902227288047982 ], [ 131.396323506570809, 32.9029932275566 ], [ 131.397011907858996, 32.904330911894064 ], [ 131.395378610287764, 32.906445206691039 ], [ 131.394416717016668, 32.90743658855434 ], [ 131.393726289953833, 32.907449123615827 ], [ 131.392780081837088, 32.907914037186764 ], [ 131.393162088523638, 32.908753203021931 ], [ 131.394511524227198, 32.909745911282492 ], [ 131.395982703563249, 32.909965798425347 ], [ 131.39683693558564, 32.910403192539583 ], [ 131.397566887327486, 32.91103406159332 ], [ 131.397324467012936, 32.91162311924684 ], [ 131.395621725262771, 32.913842426895847 ], [ 131.395573746095977, 32.914435340091707 ], [ 131.395750599335315, 32.914668298004031 ], [ 131.396128992210294, 32.914712005715423 ], [ 131.396681441259602, 32.914351002929166 ], [ 131.397267155512395, 32.914295260636798 ], [ 131.397929946556587, 32.914796110083181 ], [ 131.399389449564922, 32.915352798758953 ], [ 131.399590889745127, 32.915775306903107 ], [ 131.402322182042781, 32.914445006578234 ] ] ] } },
{ "type": "Feature", "properties": { "CITY_NAME": "豊後大野市", "S_NAME": "緒方町木野", "JINKO": 114, "medical_area": "44_豊肥医療圏", "町丁目名": "豊後大野市緒方町木野" }, "geometry": { "type": "Polygon", "coordinates": [ [ [ 131.423992325417629, 32.933353489094706 ], [ 131.423362671193928, 32.931328997903151 ], [ 131.423489007653018, 32.930236103367236 ], [ 131.424145129744659, 32.928766720992741 ], [ 131.423733557417222, 32.926851379252859 ], [ 131.42376121003835, 32.926324569148456 ], [ 131.424074778649612, 32.925758711695217 ], [ 131.424077963854216, 32.925216267008693 ], [ 131.423451356376944, 32.925508616870779 ], [ 131.423105211552809, 32.925158597856949 ], [ 131.420320895123552, 32.923482774989139 ], [ 131.417109964915596, 32.922933596874103 ], [ 131.413792524908246, 32.921375090214511 ], [ 131.412704497145143, 32.921264120529237 ], [ 131.411322364572356, 32.921569729219001 ], [ 131.410172713665162, 32.922017131460038 ], [ 131.407020400768232, 32.922359685282139 ], [ 131.401224948875523, 32.921801749287418 ], [ 131.400986972247409, 32.922312749163019 ], [ 131.399335838211726, 32.924190645722646 ], [ 131.399154606820787, 32.924757055620084 ], [ 131.399175313984898, 32.925816791653261 ], [ 131.39967249261278, 32.926789669176962 ], [ 131.399614900202295, 32.927014396397695 ], [ 131.398186710418258, 32.929322679053193 ], [ 131.397539162479404, 32.929872612008943 ], [ 131.397006968009038, 32.930009025348362 ], [ 131.396487424053021, 32.930585472909684 ], [ 131.396587178121223, 32.930859088749173 ], [ 131.397058808527703, 32.931086061643384 ], [ 131.397963159358227, 32.931114048564083 ], [ 131.398654502585657, 32.930865974908457 ], [ 131.399433093102147, 32.929835123668951 ], [ 131.399853043615565, 32.929622714542177 ], [ 131.400819699231732, 32.929538788332941 ], [ 131.402333931791077, 32.929776402906903 ], [ 131.402513613761442, 32.930633546083961 ], [ 131.404261378511904, 32.931252097649995 ], [ 131.405321405056782, 32.932371333437921 ], [ 131.405464735653965, 32.932815619317005 ], [ 131.405077246958086, 32.933240570584175 ], [ 131.404302329947001, 32.933398862189364 ], [ 131.402277554343669, 32.933382178797387 ], [ 131.402027545336409, 32.9334904914246 ], [ 131.402027547563733, 32.933740457480887 ], [ 131.404512844954098, 32.93558479188647 ], [ 131.405412705910351, 32.935451640894904 ], [ 131.406395931556176, 32.934905070070165 ], [ 131.407536514292133, 32.93497320121449 ], [ 131.408591392670814, 32.935526600791846 ], [ 131.408992804321258, 32.936206307561037 ], [ 131.409805873888843, 32.935167426517253 ], [ 131.410751750198528, 32.934417192850795 ], [ 131.412172483295052, 32.933718214913327 ], [ 131.41324599079681, 32.933458072175654 ], [ 131.414750955790907, 32.933543633247965 ], [ 131.416181569179912, 32.933055881517049 ], [ 131.416862486319047, 32.933113977848684 ], [ 131.418010607633249, 32.933502561416461 ], [ 131.418874611066855, 32.93440524942536 ], [ 131.419986108141842, 32.934612809516878 ], [ 131.420909549815576, 32.935058057705859 ], [ 131.424247795189558, 32.937675045295556 ], [ 131.425136691871785, 32.938875345841105 ], [ 131.425529752241914, 32.938557343412057 ], [ 131.42569501430458, 32.937749294773774 ], [ 131.425112671977018, 32.935819638096753 ], [ 131.423992325417629, 32.933353489094706 ] ] ] } },
{ "type": "Feature", "properties": { "CITY_NAME": "豊後大野市", "S_NAME": "緒方町冬原", "JINKO": 76, "medical_area": "44_豊肥医療圏", "町丁目名": "豊後大野市緒方町冬原" }, "geometry": { "type": "Polygon", "coordinates": [ [ [ 131.454034781294382, 32.940489507319832 ], [ 131.454542327010728, 32.939407983622274 ], [ 131.454898560795954, 32.937498077825026 ], [ 131.455526749508863, 32.936877948279616 ], [ 131.45652270835123, 32.93647958357267 ], [ 131.458373904123135, 32.936043759347072 ], [ 131.458656907771797, 32.935630834482154 ], [ 131.458749552286037, 32.933845601843664 ], [ 131.458593056337605, 32.933183412365999 ], [ 131.458802766395223, 32.93248262158852 ], [ 131.459806435766296, 32.931192416042144 ], [ 131.460544460782359, 32.930631584655238 ], [ 131.461230427471492, 32.92977768767684 ], [ 131.461599851823877, 32.92829544923854 ], [ 131.461259889174727, 32.927876170094343 ], [ 131.459999096031254, 32.927199698098683 ], [ 131.459530489734817, 32.926662207308794 ], [ 131.459440585154908, 32.926099688050442 ], [ 131.458833332356761, 32.925345134011231 ], [ 131.458832609416845, 32.924110626143651 ], [ 131.458651017550693, 32.923179509536922 ], [ 131.458401601112485, 32.922702705969144 ], [ 131.457600780116053, 32.92194412836799 ], [ 131.45742282551214, 32.920140578720584 ], [ 131.458055935665811, 32.919266605632778 ], [ 131.45859287415783, 32.918000861766657 ], [ 131.458407267281359, 32.917156782851173 ], [ 131.458038755159862, 32.916816341437901 ], [ 131.458287949239889, 32.916184346498092 ], [ 131.45776025640842, 32.915092010064193 ], [ 131.456910205233243, 32.915157780864341 ], [ 131.456010376891612, 32.914450853642279 ], [ 131.454346519606105, 32.91421158271401 ], [ 131.452983838863901, 32.91345301307927 ], [ 131.449122934516737, 32.912788502041934 ], [ 131.450095611166432, 32.913854116126089 ], [ 131.45069882036637, 32.915227166327355 ], [ 131.450423286618474, 32.916773145267122 ], [ 131.448854818116274, 32.919376668674722 ], [ 131.446938721725132, 32.920894277720215 ], [ 131.442799640453671, 32.922774247395942 ], [ 131.443043432176722, 32.923574207226672 ], [ 131.442487949052349, 32.924345550928848 ], [ 131.442587684365463, 32.925656370191696 ], [ 131.442168502192857, 32.92668728659001 ], [ 131.442336779361057, 32.926914253092185 ], [ 131.443235316739333, 32.927252410773313 ], [ 131.443345724028632, 32.927474156565331 ], [ 131.443328398786804, 32.927869742618128 ], [ 131.442964123970086, 32.92830990127672 ], [ 131.442880138779742, 32.928873673436755 ], [ 131.44373015166974, 32.929786319819272 ], [ 131.44418215001474, 32.930819582099851 ], [ 131.443894801140829, 32.931860874431578 ], [ 131.443052048971538, 32.933055848868776 ], [ 131.442169641363989, 32.935209475600068 ], [ 131.44247137977564, 32.935743892604002 ], [ 131.443384195876291, 32.935885568550354 ], [ 131.444972659303971, 32.936585511653476 ], [ 131.445087657418696, 32.937152094848969 ], [ 131.444769037001038, 32.938469910888593 ], [ 131.444950921988692, 32.938954349748677 ], [ 131.445609462520935, 32.939078010986009 ], [ 131.446873038843506, 32.939823193595885 ], [ 131.447429572878178, 32.939871796933943 ], [ 131.44759656961142, 32.940167095110333 ], [ 131.449681495705022, 32.94001473857621 ], [ 131.451164823640596, 32.940589000176317 ], [ 131.452869486127327, 32.940582849436836 ], [ 131.454034781294382, 32.940489507319832 ] ] ] } },
{ "type": "Feature", "properties": { "CITY_NAME": "豊後大野市", "S_NAME": "緒方町下徳田", "JINKO": 53, "medical_area": "44_豊肥医療圏", "町丁目名": "豊後大野市緒方町下徳田" }, "geometry": { "type": "Polygon", "coordinates": [ [ [ 131.447429572878178, 32.939871796933943 ], [ 131.446873038843506, 32.939823193595885 ], [ 131.445609462520935, 32.939078010986009 ], [ 131.445138379031135, 32.939067090404954 ], [ 131.44483062502556, 32.938822480692885 ], [ 131.444812256840521, 32.938142155101445 ], [ 131.445087657418696, 32.937152094848969 ], [ 131.444852501946031, 32.936472544776422 ], [ 131.444193817933808, 32.936323684977147 ], [ 131.443384195876291, 32.935885568550354 ], [ 131.44247137977564, 32.935743892604002 ], [ 131.442230960645986, 32.935511648671117 ], [ 131.442235303919347, 32.934881641444797 ], [ 131.443052048971538, 32.933055848868776 ], [ 131.443894801140829, 32.931860874431578 ], [ 131.44418215001474, 32.930819582099851 ], [ 131.44373015166974, 32.929786319819272 ], [ 131.442880138779742, 32.928873673436755 ], [ 131.442964123970086, 32.92830990127672 ], [ 131.443328398786804, 32.927869742618128 ], [ 131.443345724028632, 32.927474156565331 ], [ 131.443235316739333, 32.927252410773313 ], [ 131.442336779361057, 32.926914253092185 ], [ 131.442168502192857, 32.92668728659001 ], [ 131.442587684365463, 32.925656370191696 ], [ 131.442487949052349, 32.924345550928848 ], [ 131.443043432176722, 32.923574207226672 ], [ 131.442799640453671, 32.922774247395942 ], [ 131.441265282115722, 32.923573294946422 ], [ 131.440136478045815, 32.923484273786599 ], [ 131.438134708084704, 32.924457888715459 ], [ 131.435936244568097, 32.926529709656776 ], [ 131.435490827951469, 32.927226609839259 ], [ 131.43768817197514, 32.927896638104414 ], [ 131.438525540614592, 32.928477266721323 ], [ 131.439059066896021, 32.929642807023413 ], [ 131.439630617261059, 32.931619696727367 ], [ 131.439599717633996, 32.932187905984286 ], [ 131.439177981651824, 32.933348450375981 ], [ 131.439613375177089, 32.934384524644919 ], [ 131.439676085091833, 32.935705142223668 ], [ 131.440283885164348, 32.93625160101228 ], [ 131.440769061759568, 32.937035328679329 ], [ 131.440785342012106, 32.937856640441758 ], [ 131.444148566189227, 32.94137371441694 ], [ 131.445436044160061, 32.940644855201178 ], [ 131.44759656961142, 32.940167095110333 ], [ 131.447429572878178, 32.939871796933943 ] ] ] } },
{ "type": "Feature", "properties": { "CITY_NAME": "豊後大野市", "S_NAME": "緒方町柚木", "JINKO": 70, "medical_area": "44_豊肥医療圏", "町丁目名": "豊後大野市緒方町柚木" }, "geometry": { "type": "Polygon", "coordinates": [ [ [ 131.429535612133122, 32.941636445692758 ], [ 131.430243059462271, 32.941611376565675 ], [ 131.431033401393506, 32.942053900289721 ], [ 131.432073529120771, 32.942291805454573 ], [ 131.434631172626297, 32.942403687540057 ], [ 131.435937957784148, 32.942225570957504 ], [ 131.43744833312806, 32.94246933883629 ], [ 131.438998019558653, 32.942509191429068 ], [ 131.441978940395927, 32.942189289921608 ], [ 131.443025608702783, 32.94225987920008 ], [ 131.444148566189227, 32.94137371441694 ], [ 131.440785342012106, 32.937856640441758 ], [ 131.440769061759568, 32.937035328679329 ], [ 131.440283885164348, 32.93625160101228 ], [ 131.439676085091833, 32.935705142223668 ], [ 131.439613375177089, 32.934384524644919 ], [ 131.439177981651824, 32.933348450375981 ], [ 131.439599717633996, 32.932187905984286 ], [ 131.439630617261059, 32.931619696727367 ], [ 131.439059066896021, 32.929642807023413 ], [ 131.438525540614592, 32.928477266721323 ], [ 131.43768817197514, 32.927896638104414 ], [ 131.435250114104349, 32.927147398962617 ], [ 131.430678254978147, 32.926134398906349 ], [ 131.429638570688638, 32.926300566299638 ], [ 131.428290951821111, 32.926183244081486 ], [ 131.427760776750432, 32.92627217019993 ], [ 131.427032307538155, 32.926669522416553 ], [ 131.425729141020412, 32.926493952057704 ], [ 131.425411057941801, 32.926251157565702 ], [ 131.424738087747073, 32.925007898598928 ], [ 131.424498767679239, 32.925078129884319 ], [ 131.424077963854216, 32.925216267008693 ], [ 131.424008169034664, 32.926006435697893 ], [ 131.42376121003835, 32.926324569148456 ], [ 131.423733557417222, 32.926851379252859 ], [ 131.424145129744659, 32.928766720992741 ], [ 131.423489007653018, 32.930236103367236 ], [ 131.423362671193928, 32.931328997903151 ], [ 131.423992325417629, 32.933353489094706 ], [ 131.425112671977018, 32.935819638096753 ], [ 131.42569501430458, 32.937749294773774 ], [ 131.425529752241914, 32.938557343412057 ], [ 131.425136691871785, 32.938875345841105 ], [ 131.425403642351625, 32.939681933143596 ], [ 131.425324743249774, 32.940869692195086 ], [ 131.424862834209421, 32.942158036492458 ], [ 131.425463104506065, 32.943137061429631 ], [ 131.425939781777089, 32.943542958756211 ], [ 131.426483196268805, 32.943865614302013 ], [ 131.427227087439462, 32.943961176209463 ], [ 131.427986931842412, 32.943656710429671 ], [ 131.428274298497712, 32.942885972208401 ], [ 131.429535612133122, 32.941636445692758 ] ] ] } },
{ "type": "Feature", "properties": { "CITY_NAME": "豊後大野市", "S_NAME": "緒方町上年野", "JINKO": 47, "medical_area": "44_豊肥医療圏", "町丁目名": "豊後大野市緒方町上年野" }, "geometry": { "type": "Polygon", "coordinates": [ [ [ 131.446936074383757, 32.950331891744355 ], [ 131.448294576558453, 32.950142594348364 ], [ 131.450093438801844, 32.950350086183519 ], [ 131.452175721087428, 32.948822979880624 ], [ 131.452611222583585, 32.947691021897015 ], [ 131.452201694287368, 32.946803180908347 ], [ 131.453725821084873, 32.946117056950094 ], [ 131.454729627766142, 32.942981793491434 ], [ 131.455187862544904, 32.94204169924614 ], [ 131.455111235268646, 32.941746737638496 ], [ 131.453938716371738, 32.94126595817611 ], [ 131.454034781294382, 32.940489507319832 ], [ 131.451164823640596, 32.940589000176317 ], [ 131.449681495705022, 32.94001473857621 ], [ 131.44690987732784, 32.940252851723002 ], [ 131.444696175112341, 32.940956880425325 ], [ 131.443025608702783, 32.94225987920008 ], [ 131.44072471113418, 32.948878339169163 ], [ 131.440262503908343, 32.951081427266729 ], [ 131.440988817652539, 32.951566760707038 ], [ 131.442206990372824, 32.951556516441123 ], [ 131.446936074383757, 32.950331891744355 ] ] ] } },
{ "type": "Feature", "properties": { "CITY_NAME": "豊後大野市", "S_NAME": "緒方町小宛", "JINKO": 144, "medical_area": "44_豊肥医療圏", "町丁目名": "豊後大野市緒方町小宛" }, "geometry": { "type": "Polygon", "coordinates": [ [ [ 131.43427251041237, 32.961468911324488 ], [ 131.434866450530535, 32.960448091396962 ], [ 131.435559817229233, 32.959926688644799 ], [ 131.438362579667967, 32.959157644457768 ], [ 131.441395694603159, 32.956552038730635 ], [ 131.441877166149482, 32.955805801816119 ], [ 131.441871025095281, 32.954578020812896 ], [ 131.441146252804685, 32.954106813197235 ], [ 131.440556886089524, 32.953466300246724 ], [ 131.440624410214383, 32.952847272857461 ], [ 131.441160520904759, 32.951599008210358 ], [ 131.440507335665984, 32.951318560003727 ], [ 131.44024025743289, 32.950867311147604 ], [ 131.44072471113418, 32.948878339169163 ], [ 131.443025608702783, 32.94225987920008 ], [ 131.441978940395927, 32.942189289921608 ], [ 131.43976779553725, 32.942408387865093 ], [ 131.439296616430681, 32.943300333185917 ], [ 131.438882727353644, 32.943699928521198 ], [ 131.437581213157955, 32.944245977369356 ], [ 131.436846571733724, 32.944758169211802 ], [ 131.436566580905236, 32.945475813625052 ], [ 131.436171518563953, 32.945859413671251 ], [ 131.435530378030421, 32.946164237396921 ], [ 131.432903927840783, 32.946364472460431 ], [ 131.431886563614029, 32.947052806143098 ], [ 131.42829052274962, 32.947486433774635 ], [ 131.427643773187185, 32.947788724911469 ], [ 131.425900531589605, 32.948202787427348 ], [ 131.424361563789972, 32.948886206218688 ], [ 131.423371524124377, 32.948913568100821 ], [ 131.421291983853763, 32.948278426573921 ], [ 131.419923729034565, 32.948163001869609 ], [ 131.417537845455854, 32.949017234630531 ], [ 131.41388954206036, 32.948789316109647 ], [ 131.411453870724586, 32.949096780008958 ], [ 131.413344414114562, 32.950119832276322 ], [ 131.412857522091883, 32.950700473256894 ], [ 131.412736134658928, 32.951502547443184 ], [ 131.41286431081798, 32.952156115152555 ], [ 131.413962176549404, 32.954145431079553 ], [ 131.413817728606944, 32.95605342735027 ], [ 131.414188870251422, 32.957115447025764 ], [ 131.415232010315464, 32.958009013206372 ], [ 131.415638837591302, 32.958675161003015 ], [ 131.416153674291309, 32.959011157260719 ], [ 131.416857049694613, 32.96018286652113 ], [ 131.418734705332213, 32.960828251489957 ], [ 131.419866775086263, 32.960650319300193 ], [ 131.420456010370003, 32.961495244661442 ], [ 131.420395000203911, 32.961827885948942 ], [ 131.420186511481944, 32.962155990620616 ], [ 131.419875183903258, 32.962244633667794 ], [ 131.419841838971934, 32.962517285821676 ], [ 131.420408652627799, 32.962739246321483 ], [ 131.420798480687267, 32.96337546945351 ], [ 131.421591208891186, 32.963924796004626 ], [ 131.423670197290392, 32.963669013238182 ], [ 131.425016557875665, 32.963246684709262 ], [ 131.426077947149338, 32.961960972974197 ], [ 131.426934257817351, 32.961440442154391 ], [ 131.427588770485158, 32.961348640656844 ], [ 131.42824465685689, 32.961445778851605 ], [ 131.429124834498879, 32.961851310437716 ], [ 131.429612808527253, 32.962456951081343 ], [ 131.43381132890579, 32.963922085548056 ], [ 131.435359071945328, 32.964191932239643 ], [ 131.434241698806886, 32.962170620486411 ], [ 131.43427251041237, 32.961468911324488 ] ] ] } },
{ "type": "Feature", "properties": { "CITY_NAME": "豊後大野市", "S_NAME": "緒方町寺原", "JINKO": 60, "medical_area": "44_豊肥医療圏", "町丁目名": "豊後大野市緒方町寺原" }, "geometry": { "type": "Polygon", "coordinates": [ [ [ 131.408256816164254, 32.948868938052534 ], [ 131.409400648948434, 32.947920133412055 ], [ 131.411453870724586, 32.949096780008958 ], [ 131.41388954206036, 32.948789316109647 ], [ 131.417537845455854, 32.949017234630531 ], [ 131.419923729034565, 32.948163001869609 ], [ 131.421291983853763, 32.948278426573921 ], [ 131.423371524124377, 32.948913568100821 ], [ 131.424361563789972, 32.948886206218688 ], [ 131.425900531589605, 32.948202787427348 ], [ 131.427643773187185, 32.947788724911469 ], [ 131.42829052274962, 32.947486433774635 ], [ 131.431886563614029, 32.947052806143098 ], [ 131.432903927840783, 32.946364472460431 ], [ 131.435530378030421, 32.946164237396921 ], [ 131.436171518563953, 32.945859413671251 ], [ 131.436566580905236, 32.945475813625052 ], [ 131.436846571733724, 32.944758169211802 ], [ 131.437581213157955, 32.944245977369356 ], [ 131.438882727353644, 32.943699928521198 ], [ 131.439296616430681, 32.943300333185917 ], [ 131.43976779553725, 32.942408387865093 ], [ 131.438281520048207, 32.942511701977004 ], [ 131.435937957784148, 32.942225570957504 ], [ 131.434631172626297, 32.942403687540057 ], [ 131.432073529120771, 32.942291805454573 ], [ 131.431517937646817, 32.942233352706687 ], [ 131.429857657524593, 32.941552331035531 ], [ 131.429535612133122, 32.941636445692758 ], [ 131.428755296618164, 32.942333419750035 ], [ 131.428274298497712, 32.942885972208401 ], [ 131.427986931842412, 32.943656710429671 ], [ 131.427227087439462, 32.943961176209463 ], [ 131.426483196268805, 32.943865614302013 ], [ 131.425463104506065, 32.943137061429631 ], [ 131.424862834209421, 32.942158036492458 ], [ 131.425324743249774, 32.940869692195086 ], [ 131.425403642351625, 32.939681933143596 ], [ 131.425136691871785, 32.938875345841105 ], [ 131.424247795189558, 32.937675045295556 ], [ 131.420909549815576, 32.935058057705859 ], [ 131.419986108141842, 32.934612809516878 ], [ 131.418874611066855, 32.93440524942536 ], [ 131.418010607633249, 32.933502561416461 ], [ 131.416862486319047, 32.933113977848684 ], [ 131.416181569179912, 32.933055881517049 ], [ 131.414750955790907, 32.933543633247965 ], [ 131.412825320833917, 32.933512294860925 ], [ 131.410751750198528, 32.934417192850795 ], [ 131.409805873888843, 32.935167426517253 ], [ 131.408992804321258, 32.936206307561037 ], [ 131.409106147264794, 32.936482880816328 ], [ 131.408491295762474, 32.937570419831196 ], [ 131.408260383475096, 32.938470764585958 ], [ 131.408320185272487, 32.939675108730306 ], [ 131.408926628920426, 32.941239705738177 ], [ 131.409039077641864, 32.942497896912492 ], [ 131.408651609853706, 32.943739423224322 ], [ 131.40656429524725, 32.944730934943664 ], [ 131.406426817688526, 32.945005916136381 ], [ 131.406589301571643, 32.945255885018035 ], [ 131.40653928187723, 32.945680823353328 ], [ 131.406959351460358, 32.946037670099699 ], [ 131.406642511886105, 32.946673235851108 ], [ 131.406489642361265, 32.946698401890522 ], [ 131.406496189430072, 32.946941675377317 ], [ 131.406354508290121, 32.946947319783192 ], [ 131.406428374778045, 32.94707592359994 ], [ 131.405659410676861, 32.948796739382722 ], [ 131.406549871764582, 32.949317731900052 ], [ 131.408492570285404, 32.949594238428652 ], [ 131.408573409961605, 32.949340423337816 ], [ 131.408256816164254, 32.948868938052534 ] ] ] } },
{ "type": "Feature", "properties": { "CITY_NAME": "豊後大野市", "S_NAME": "緒方町草深野", "JINKO": 147, "medical_area": "44_豊肥医療圏", "町丁目名": "豊後大野市緒方町草深野" }, "geometry": { "type": "Polygon", "coordinates": [ [ [ 131.430620399729492, 32.979942416206192 ], [ 131.432812435502399, 32.978597768316128 ], [ 131.434020628059869, 32.978093371180037 ], [ 131.434386279303823, 32.978130579829042 ], [ 131.435165744030343, 32.978633278306646 ], [ 131.436737822797028, 32.977702288154511 ], [ 131.437984630719853, 32.976219111280081 ], [ 131.440201104601755, 32.975721343562512 ], [ 131.440426987710595, 32.975035255974312 ], [ 131.441864655380641, 32.974101921543685 ], [ 131.443820754177551, 32.974038927789195 ], [ 131.445123173001889, 32.974165134782005 ], [ 131.446579719791799, 32.973953595758047 ], [ 131.449352801988908, 32.972399195381598 ], [ 131.450603131390608, 32.971894977700195 ], [ 131.450141738200358, 32.971025779336749 ], [ 131.449090557822814, 32.970154357099467 ], [ 131.447111122638375, 32.969328550076327 ], [ 131.446125735778367, 32.969104472436328 ], [ 131.444686322552315, 32.967052718119689 ], [ 131.443063446171635, 32.967469944695516 ], [ 131.441902263662513, 32.967305612218745 ], [ 131.440127005941804, 32.966531722259774 ], [ 131.437604060744775, 32.964542372115858 ], [ 131.43381132890579, 32.963922085548056 ], [ 131.429612808527253, 32.962456951081343 ], [ 131.429124834498879, 32.961851310437716 ], [ 131.42824465685689, 32.961445778851605 ], [ 131.426934257817351, 32.961440442154391 ], [ 131.426077947149338, 32.961960972974197 ], [ 131.425016557875665, 32.963246684709262 ], [ 131.423670197290392, 32.963669013238182 ], [ 131.421591208891186, 32.963924796004626 ], [ 131.422016426875558, 32.964549099179173 ], [ 131.422018007714371, 32.964880028158881 ], [ 131.421854921465894, 32.965790652848732 ], [ 131.42137177494314, 32.966171888220607 ], [ 131.421108871729132, 32.966727584295626 ], [ 131.421238777432222, 32.967330618688841 ], [ 131.422131303302166, 32.968057603755561 ], [ 131.422720010404504, 32.968016680651431 ], [ 131.423280895755823, 32.968204585871788 ], [ 131.424225487458955, 32.967734175190309 ], [ 131.424539082192013, 32.968122453281957 ], [ 131.42373607107524, 32.969160296633881 ], [ 131.423642773092212, 32.969703018878015 ], [ 131.423010353861912, 32.970182171497051 ], [ 131.422904399099139, 32.970763418691163 ], [ 131.420616178132803, 32.971162817283947 ], [ 131.419153616481935, 32.972148705407633 ], [ 131.418765986355595, 32.973190578163894 ], [ 131.418647945874056, 32.974041228788494 ], [ 131.41887104715687, 32.974196899624602 ], [ 131.420164701208506, 32.974260053121753 ], [ 131.420512791159069, 32.975091315269971 ], [ 131.420368282325057, 32.976163882252237 ], [ 131.420663570290884, 32.97690073580339 ], [ 131.422748062662549, 32.978141630755175 ], [ 131.423833871741635, 32.978311100173052 ], [ 131.426067219426898, 32.977226145914713 ], [ 131.426764467994417, 32.977339192624086 ], [ 131.426995308536391, 32.977838611174576 ], [ 131.425368469068644, 32.979171625462456 ], [ 131.425371431537286, 32.979787241738613 ], [ 131.425600745363937, 32.97996922693936 ], [ 131.428587067963065, 32.979882070489637 ], [ 131.429433297831338, 32.980100410002869 ], [ 131.430620399729492, 32.979942416206192 ] ] ] } },
{ "type": "Feature", "properties": { "CITY_NAME": "豊後大野市", "S_NAME": "緒方町辻", "JINKO": 90, "medical_area": "44_豊肥医療圏", "町丁目名": "豊後大野市緒方町辻" }, "geometry": { "type": "Polygon", "coordinates": [ [ [ 131.449191530403198, 32.965962501174992 ], [ 131.448854232326909, 32.963883159098543 ], [ 131.447733253334235, 32.962124760178391 ], [ 131.447597030460969, 32.960359657855534 ], [ 131.447252324047582, 32.959683227759641 ], [ 131.447299367525432, 32.959344230823604 ], [ 131.447565658953977, 32.958983910236519 ], [ 131.448124407893999, 32.957400708755344 ], [ 131.448910766583481, 32.95384531363198 ], [ 131.449425207101655, 32.953155542627286 ], [ 131.450659885418645, 32.952689061010105 ], [ 131.451010674040418, 32.952174420440187 ], [ 131.451073957521089, 32.951434927773235 ], [ 131.45076675707719, 32.95094318141512 ], [ 131.450093438801844, 32.950350086183519 ], [ 131.448294576558453, 32.950142594348364 ], [ 131.446936074383757, 32.950331891744355 ], [ 131.442206990372824, 32.951556516441123 ], [ 131.441160520904759, 32.951599008210358 ], [ 131.440624410214383, 32.952847272857461 ], [ 131.440556886089524, 32.953466300246724 ], [ 131.441146252804685, 32.954106813197235 ], [ 131.441871025095281, 32.954578020812896 ], [ 131.441877166149482, 32.955805801816119 ], [ 131.441395694603159, 32.956552038730635 ], [ 131.438362579667967, 32.959157644457768 ], [ 131.435559817229233, 32.959926688644799 ], [ 131.434866450530535, 32.960448091396962 ], [ 131.43427251041237, 32.961468911324488 ], [ 131.434241698806886, 32.962170620486411 ], [ 131.435359071945328, 32.964191932239643 ], [ 131.437604060744775, 32.964542372115858 ], [ 131.440127005941804, 32.966531722259774 ], [ 131.441902263662513, 32.967305612218745 ], [ 131.443063446171635, 32.967469944695516 ], [ 131.444686322552315, 32.967052718119689 ], [ 131.44527262631587, 32.966681148926455 ], [ 131.446623985694913, 32.966277982373441 ], [ 131.449191530403198, 32.965962501174992 ] ] ] } },
{ "type": "Feature", "properties": { "CITY_NAME": "豊後大野市", "S_NAME": "緒方町軸丸", "JINKO": 168, "medical_area": "44_豊肥医療圏", "町丁目名": "豊後大野市緒方町軸丸" }, "geometry": { "type": "Polygon", "coordinates": [ [ [ 131.452891395399746, 32.992388577248548 ], [ 131.453728869890824, 32.992250289520044 ], [ 131.454839111939805, 32.991162805984843 ], [ 131.4555140295613, 32.990210091940753 ], [ 131.455869869717503, 32.989300240011175 ], [ 131.455975380140131, 32.988414478889361 ], [ 131.456502630182058, 32.987661620927284 ], [ 131.457057391013166, 32.987427822059679 ], [ 131.457893807312445, 32.987378422235302 ], [ 131.460970327436968, 32.987826059768629 ], [ 131.462531317323283, 32.987528138604091 ], [ 131.462157142875327, 32.985715913524437 ], [ 131.46213096246592, 32.98465264978951 ], [ 131.462793279104773, 32.983489536458187 ], [ 131.463502138502264, 32.983320109027147 ], [ 131.464704730121355, 32.983670110614263 ], [ 131.465926794687078, 32.983804580532862 ], [ 131.466718261750231, 32.983655684032691 ], [ 131.467718236408331, 32.983144601399438 ], [ 131.467632156137967, 32.982477710400929 ], [ 131.466354471810604, 32.981741744960424 ], [ 131.465416776992527, 32.981738305161052 ], [ 131.465139294709985, 32.982154974375476 ], [ 131.464826945668392, 32.982197693844768 ], [ 131.464212293669533, 32.981063884438534 ], [ 131.462755673932435, 32.979351271250167 ], [ 131.462438828685407, 32.978535008252038 ], [ 131.46269126195736, 32.976483572194482 ], [ 131.462032692193162, 32.973872560408154 ], [ 131.46117407434437, 32.973680257680478 ], [ 131.457977058990366, 32.973776803594099 ], [ 131.453499979235829, 32.973421976142767 ], [ 131.452264333980082, 32.973034129330301 ], [ 131.451285928081205, 32.972486294605787 ], [ 131.450603131390608, 32.971894977700195 ], [ 131.449352801988908, 32.972399195381598 ], [ 131.446579719791799, 32.973953595758047 ], [ 131.445123173001889, 32.974165134782005 ], [ 131.443820754177551, 32.974038927789195 ], [ 131.441864655380641, 32.974101921543685 ], [ 131.440426987710595, 32.975035255974312 ], [ 131.440201104601755, 32.975721343562512 ], [ 131.437984630719853, 32.976219111280081 ], [ 131.436737822797028, 32.977702288154511 ], [ 131.435165744030343, 32.978633278306646 ], [ 131.435646277530623, 32.979271501508798 ], [ 131.435687078968698, 32.980291154519307 ], [ 131.434900832345846, 32.981573277754585 ], [ 131.433386549755795, 32.983126777171336 ], [ 131.432933244820106, 32.983842214021266 ], [ 131.432804586719698, 32.98454724589395 ], [ 131.433215364255858, 32.985250410566906 ], [ 131.433562387778778, 32.9853094725066 ], [ 131.434019105353997, 32.985280068885302 ], [ 131.434777079197232, 32.984952958794139 ], [ 131.435612976426228, 32.984240828381431 ], [ 131.436510327626365, 32.984270147223711 ], [ 131.436869663960039, 32.984588737471135 ], [ 131.436741014202397, 32.985289148105331 ], [ 131.434606134175596, 32.98656669405004 ], [ 131.434525620091222, 32.986979525153551 ], [ 131.434753303725074, 32.987391284795031 ], [ 131.435399044517908, 32.987736701510244 ], [ 131.435927673213683, 32.987776576541748 ], [ 131.438905155683955, 32.987145031067229 ], [ 131.439293454620525, 32.987190018362085 ], [ 131.440021944189084, 32.987572203206405 ], [ 131.44069140361745, 32.988260528686268 ], [ 131.441462243226681, 32.988299539203148 ], [ 131.442250865460466, 32.988041802125956 ], [ 131.443875413472, 32.987095053587701 ], [ 131.444251796688604, 32.986963927385098 ], [ 131.445044796940579, 32.987039915526964 ], [ 131.445773661291497, 32.98749159220236 ], [ 131.446569509192955, 32.988666165526205 ], [ 131.445347802009024, 32.991451800940276 ], [ 131.445488019929456, 32.991970471834072 ], [ 131.446287639130105, 32.992255026293421 ], [ 131.447603073334648, 32.992213256132672 ], [ 131.44802064937403, 32.992058791900007 ], [ 131.449211129656391, 32.990724163579095 ], [ 131.450189764319106, 32.989951168188242 ], [ 131.450559197377231, 32.99007963227811 ], [ 131.45120689264499, 32.990791167853018 ], [ 131.452270953756027, 32.992758569536619 ], [ 131.45254214657507, 32.992791408450231 ], [ 131.452891395399746, 32.992388577248548 ] ] ] } },
{ "type": "Feature", "properties": { "CITY_NAME": "豊後大野市", "S_NAME": "緒方町上自在", "JINKO": 126, "medical_area": "44_豊肥医療圏", "町丁目名": "豊後大野市緒方町上自在" }, "geometry": { "type": "Polygon", "coordinates": [ [ [ 131.461962304694282, 32.973877860302458 ], [ 131.463134256342101, 32.972294625459668 ], [ 131.463192832541779, 32.96942794155089 ], [ 131.4620983807676, 32.9685036760835 ], [ 131.461461167004558, 32.967039667213754 ], [ 131.460581650400343, 32.966504880071817 ], [ 131.457541872155275, 32.965952613057432 ], [ 131.456249886667479, 32.966709965911321 ], [ 131.454206892114485, 32.967449685710562 ], [ 131.453692271150629, 32.967494203014439 ], [ 131.452323401127217, 32.967193438159853 ], [ 131.451472864905384, 32.967573313755679 ], [ 131.4503492914682, 32.966553576313544 ], [ 131.449191530403198, 32.965962501174992 ], [ 131.446623985694913, 32.966277982373441 ], [ 131.44527262631587, 32.966681148926455 ], [ 131.444686322552315, 32.967052718119689 ], [ 131.446125735778367, 32.969104472436328 ], [ 131.447111122638375, 32.969328550076327 ], [ 131.449090557822814, 32.970154357099467 ], [ 131.450141738200358, 32.971025779336749 ], [ 131.450603131390608, 32.971894977700195 ], [ 131.451285928081205, 32.972486294605787 ], [ 131.452264333980082, 32.973034129330301 ], [ 131.454633818292393, 32.973587515220594 ], [ 131.457977058990366, 32.973776803594099 ], [ 131.46117407434437, 32.973680257680478 ], [ 131.461962304694282, 32.973877860302458 ] ] ] } },
{ "type": "Feature", "properties": { "CITY_NAME": "豊後大野市", "S_NAME": "緒方町下自在", "JINKO": 562, "medical_area": "44_豊肥医療圏", "町丁目名": "豊後大野市緒方町下自在" }, "geometry": { "type": "Polygon", "coordinates": [ [ [ 131.467632156137967, 32.982477710400929 ], [ 131.467965051493422, 32.981447860580751 ], [ 131.469490984920213, 32.979921380782798 ], [ 131.471695799251165, 32.978227424804331 ], [ 131.472607559280647, 32.977905477332378 ], [ 131.47331413636752, 32.977844012812099 ], [ 131.475483045910948, 32.978054360909105 ], [ 131.474989556185136, 32.977694452365242 ], [ 131.474102202544657, 32.975251954864333 ], [ 131.473624213923415, 32.974677969691662 ], [ 131.473308652900158, 32.973538896621498 ], [ 131.472554658963986, 32.972769516582815 ], [ 131.47245262750917, 32.972358632942168 ], [ 131.472586737246814, 32.971777627080151 ], [ 131.47167325190054, 32.971622440105591 ], [ 131.471921875285517, 32.969225041928361 ], [ 131.469441950574861, 32.969267253492383 ], [ 131.467888397700193, 32.969013297170576 ], [ 131.467296502584134, 32.968536405833412 ], [ 131.466748907078028, 32.968478877998372 ], [ 131.465039790427539, 32.968787212518286 ], [ 131.463192832541779, 32.96942794155089 ], [ 131.463134256342101, 32.972294625459668 ], [ 131.461962304694282, 32.973877860302458 ], [ 131.46269126195736, 32.976483572194482 ], [ 131.462438828685407, 32.978535008252038 ], [ 131.462755673932435, 32.979351271250167 ], [ 131.464212293669533, 32.981063884438534 ], [ 131.464636909942215, 32.982039075160806 ], [ 131.465024446654695, 32.982210822589174 ], [ 131.465277415581539, 32.981828870183634 ], [ 131.465852350597515, 32.98166741344739 ], [ 131.466923227021738, 32.981968234851976 ], [ 131.467632156137967, 32.982477710400929 ] ] ] } },
{ "type": "Feature", "properties": { "CITY_NAME": "豊後大野市", "S_NAME": "緒方町志賀", "JINKO": 31, "medical_area": "44_豊肥医療圏", "町丁目名": "豊後大野市緒方町志賀" }, "geometry": { "type": "Polygon", "coordinates": [ [ [ 131.462531317323283, 32.987528138604091 ], [ 131.467391159693335, 32.986842201648955 ], [ 131.468626684112763, 32.987195587641736 ], [ 131.469393545482433, 32.987185699255562 ], [ 131.470234262108335, 32.986964932558671 ], [ 131.471704219223994, 32.985948564169277 ], [ 131.476526869054396, 32.985277492910036 ], [ 131.476927876610858, 32.985444443158627 ], [ 131.477167483909398, 32.985057447516958 ], [ 131.478534398291885, 32.984266041869532 ], [ 131.479609817564807, 32.983044240155813 ], [ 131.47890749557132, 32.981778934898699 ], [ 131.477187977747718, 32.980626209424109 ], [ 131.476020330715215, 32.979519829114125 ], [ 131.475662207410892, 32.978178521411344 ], [ 131.47439072262398, 32.977888953813711 ], [ 131.472607559280647, 32.977905477332378 ], [ 131.471695799251165, 32.978227424804345 ], [ 131.470661176765162, 32.978966348007425 ], [ 131.467965051493422, 32.981447860580751 ], [ 131.467632156137938, 32.982477710400943 ], [ 131.467718236408331, 32.983144601399438 ], [ 131.467303021012071, 32.98343804935584 ], [ 131.465926794687078, 32.983804580532862 ], [ 131.464704730121355, 32.983670110614263 ], [ 131.463502138502264, 32.983320109027147 ], [ 131.462793279104773, 32.983489536458187 ], [ 131.46213096246592, 32.984652649789496 ], [ 131.462157142875327, 32.985715913524437 ], [ 131.462531317323283, 32.987528138604091 ] ] ] } },
{ "type": "Feature", "properties": { "CITY_NAME": "豊後大野市", "S_NAME": "緒方町馬場", "JINKO": 871, "medical_area": "44_豊肥医療圏", "町丁目名": "豊後大野市緒方町馬場" }, "geometry": { "type": "Polygon", "coordinates": [ [ [ 131.482478747090965, 32.965781446112224 ], [ 131.4820527969718, 32.965201488038495 ], [ 131.47780735518694, 32.967419866051323 ], [ 131.4743651160762, 32.968607000858498 ], [ 131.471921875285517, 32.969225041928361 ], [ 131.47167325190054, 32.971622440105591 ], [ 131.472586737246814, 32.971777627080151 ], [ 131.47245262750917, 32.972358632942168 ], [ 131.472554658963958, 32.972769516582815 ], [ 131.473469989134202, 32.973840332852504 ], [ 131.473624213923415, 32.974677969691662 ], [ 131.474102202544657, 32.975251954864333 ], [ 131.474989556185136, 32.977694452365242 ], [ 131.475793154488883, 32.978343632672171 ], [ 131.475861184558056, 32.979179036858689 ], [ 131.476384139135149, 32.979946473761593 ], [ 131.478907495571292, 32.981778934898699 ], [ 131.48012894470304, 32.979312373710073 ], [ 131.479912101481176, 32.978585471353718 ], [ 131.479094288774434, 32.977972281549853 ], [ 131.479018636660356, 32.976983686014854 ], [ 131.478361812061564, 32.976314166057946 ], [ 131.478355114575209, 32.973123924366504 ], [ 131.47866359923475, 32.973091798969882 ], [ 131.48061216308551, 32.972038681266277 ], [ 131.481992333679756, 32.970965820489269 ], [ 131.482706897185722, 32.970770622729646 ], [ 131.482796591708023, 32.970084800014909 ], [ 131.482423331930505, 32.968963401832958 ], [ 131.482520882706723, 32.968276733233218 ], [ 131.481947099717075, 32.967286315278983 ], [ 131.482002155849472, 32.967029322723043 ], [ 131.482508556977649, 32.966666363118712 ], [ 131.482478747090965, 32.965781446112224 ] ] ] } },
{ "type": "Feature", "properties": { "CITY_NAME": "豊後大野市", "S_NAME": "緒方町井上", "JINKO": 145, "medical_area": "44_豊肥医療圏", "町丁目名": "豊後大野市緒方町井上" }, "geometry": { "type": "Polygon", "coordinates": [ [ [ 131.495982413213028, 32.973843490159332 ], [ 131.495729191373982, 32.967016413051667 ], [ 131.496162196106695, 32.965246893744009 ], [ 131.495264729338771, 32.964516407631216 ], [ 131.494521541112874, 32.964264471353246 ], [ 131.492347941000588, 32.96407856572003 ], [ 131.490922026007667, 32.963614686882138 ], [ 131.484023893843158, 32.964483652711088 ], [ 131.4820527969718, 32.965201488038495 ], [ 131.48254801872028, 32.966101472618504 ], [ 131.482508556977649, 32.966666363118712 ], [ 131.482002155849472, 32.967029322723043 ], [ 131.481947099717075, 32.967286315278983 ], [ 131.482520882706723, 32.968276733233218 ], [ 131.482423331930505, 32.968963401832958 ], [ 131.482796591708023, 32.970084800014909 ], [ 131.482706897185722, 32.970770622729646 ], [ 131.483404498874364, 32.970515482845947 ], [ 131.485156726634187, 32.970415728000944 ], [ 131.4859009147726, 32.970221053183558 ], [ 131.487240260001641, 32.970332114995536 ], [ 131.488580763180664, 32.970652402711679 ], [ 131.489721566964647, 32.972287059148911 ], [ 131.490331561369061, 32.972784549785743 ], [ 131.493297041772792, 32.973679681410687 ], [ 131.495982413213028, 32.973843490159332 ] ] ] } },
{ "type": "Feature", "properties": { "CITY_NAME": "豊後大野市", "S_NAME": "緒方町野尻", "JINKO": 82, "medical_area": "44_豊肥医療圏", "町丁目名": "豊後大野市緒方町野尻" }, "geometry": { "type": "Polygon", "coordinates": [ [ [ 131.51425927604086, 32.979805151946849 ], [ 131.515335179688861, 32.979418961697966 ], [ 131.516586913503801, 32.979774946729144 ], [ 131.517153189289189, 32.980236924719989 ], [ 131.517155593047221, 32.980649635476325 ], [ 131.516524325116222, 32.981653081539022 ], [ 131.516467677493381, 32.982447802378253 ], [ 131.51677626650806, 32.982838623292061 ], [ 131.518317717670215, 32.983492613724714 ], [ 131.519041151444981, 32.983592798918394 ], [ 131.519483349720815, 32.983465101513254 ], [ 131.518996021941234, 32.982600538359925 ], [ 131.518949608966494, 32.982210840514199 ], [ 131.519348105318528, 32.981586458987024 ], [ 131.519942672650046, 32.981229923988558 ], [ 131.519880594703693, 32.980399414305936 ], [ 131.519618817342177, 32.979802567434525 ], [ 131.518874368805598, 32.979126432347037 ], [ 131.518729453428705, 32.978665498531811 ], [ 131.519099830960585, 32.977987506502259 ], [ 131.520555968874987, 32.97654038087358 ], [ 131.520743377993455, 32.976164862801646 ], [ 131.520605454285686, 32.975778293414514 ], [ 131.520149522818087, 32.975523924228334 ], [ 131.518490234830864, 32.975488082659616 ], [ 131.514676976489767, 32.975798610434545 ], [ 131.514013118170567, 32.976036923749248 ], [ 131.512904857162056, 32.976886009428611 ], [ 131.511752661289705, 32.978186991890226 ], [ 131.511521011214171, 32.97823893143984 ], [ 131.51011172643291, 32.977811184742549 ], [ 131.509577313582355, 32.977377740899556 ], [ 131.508835475376657, 32.976386276349253 ], [ 131.507987133326907, 32.975724605561609 ], [ 131.505798464228775, 32.975204316458772 ], [ 131.504374164182451, 32.97522067361129 ], [ 131.50316527691723, 32.97454128271962 ], [ 131.502741387848033, 32.974030871450637 ], [ 131.502232120196084, 32.972692079106416 ], [ 131.501583245764465, 32.97206994268516 ], [ 131.501183804976762, 32.971423437862605 ], [ 131.500608497393756, 32.969987152096728 ], [ 131.498557984978447, 32.967555894060858 ], [ 131.496171076433143, 32.965220872104915 ], [ 131.495729191373982, 32.967016413051667 ], [ 131.495982413213028, 32.973843490159332 ], [ 131.49829643882498, 32.975461804448109 ], [ 131.500822824715556, 32.978009211902183 ], [ 131.501846168577458, 32.978353877311946 ], [ 131.504070733529005, 32.978658446763752 ], [ 131.505181622729708, 32.978528517982028 ], [ 131.506573473410896, 32.979430189915682 ], [ 131.506724335257957, 32.979757745565486 ], [ 131.508330982332126, 32.980146986229542 ], [ 131.508516557823867, 32.980594866249909 ], [ 131.508341402602895, 32.981360577269726 ], [ 131.5091986849759, 32.98256609477771 ], [ 131.509151866266564, 32.983023122429898 ], [ 131.508887725545691, 32.983299621380532 ], [ 131.508102824443029, 32.98365568632051 ], [ 131.508927844692323, 32.984056876275041 ], [ 131.509827888012268, 32.98417373318226 ], [ 131.510756647540546, 32.983946177648242 ], [ 131.511456617816037, 32.983500150229993 ], [ 131.511937220574055, 32.982920374908019 ], [ 131.513528345692009, 32.980520089647548 ], [ 131.51425927604086, 32.979805151946849 ] ] ] } },
{ "type": "Feature", "properties": { "CITY_NAME": "豊後大野市", "S_NAME": "緒方町越生", "JINKO": 196, "medical_area": "44_豊肥医療圏", "町丁目名": "豊後大野市緒方町越生" }, "geometry": { "type": "Polygon", "coordinates": [ [ [ 131.482938336426429, 32.977513343389496 ], [ 131.484675106576731, 32.977832852714997 ], [ 131.486342565076342, 32.978420287219869 ], [ 131.488430699386612, 32.979455973337863 ], [ 131.489666233485309, 32.979890535454224 ], [ 131.4962990946633, 32.980398417960785 ], [ 131.499179845052396, 32.981238249724775 ], [ 131.502004327111678, 32.982413576283747 ], [ 131.502813870218375, 32.982575433303133 ], [ 131.506239061199523, 32.982726787313716 ], [ 131.507073869864911, 32.983022642442243 ], [ 131.508102824443029, 32.98365568632051 ], [ 131.508887725545691, 32.983299621380532 ], [ 131.509151866266564, 32.983023122429898 ], [ 131.5091986849759, 32.98256609477771 ], [ 131.508341402602895, 32.981360577269726 ], [ 131.508516557823867, 32.980594866249909 ], [ 131.508330982332126, 32.980146986229542 ], [ 131.506724335257957, 32.979757745565486 ], [ 131.506573473410896, 32.979430189915682 ], [ 131.505181622729708, 32.978528517982028 ], [ 131.504070733529005, 32.978658446763752 ], [ 131.501846168577458, 32.978353877311946 ], [ 131.500822824715556, 32.978009211902183 ], [ 131.49829643882498, 32.975461804448109 ], [ 131.495982413213028, 32.973843490159332 ], [ 131.493297041772792, 32.973679681410687 ], [ 131.490331561369061, 32.972784549785743 ], [ 131.489721566964647, 32.972287059148911 ], [ 131.488580763180664, 32.970652402711679 ], [ 131.487240260001641, 32.970332114995536 ], [ 131.486383850738605, 32.970195929002116 ], [ 131.483404498874364, 32.970515482845947 ], [ 131.481992333679756, 32.970965820489269 ], [ 131.48061216308551, 32.972038681266277 ], [ 131.47866359923475, 32.973091798969882 ], [ 131.478355114575209, 32.973123924366504 ], [ 131.478361812061564, 32.976314166057946 ], [ 131.479018636660356, 32.976983686014854 ], [ 131.479094288774434, 32.977972281549853 ], [ 131.479912101481176, 32.978585471353718 ], [ 131.48012894470304, 32.979312373710073 ], [ 131.478907495571292, 32.981778934898699 ], [ 131.479609817564807, 32.983044240155813 ], [ 131.480461154270614, 32.983940487646443 ], [ 131.481173925376538, 32.984072377636522 ], [ 131.48160930552001, 32.983966681479387 ], [ 131.481947994003093, 32.983451374371242 ], [ 131.481829429380952, 32.980367803703146 ], [ 131.481985098743138, 32.978935335579429 ], [ 131.48221335919834, 32.977915561369038 ], [ 131.482441163000061, 32.977655053026481 ], [ 131.482938336426429, 32.977513343389496 ] ] ] } },
{ "type": "Feature", "properties": { "CITY_NAME": "豊後大野市", "S_NAME": "緒方町夏足", "JINKO": 25, "medical_area": "44_豊肥医療圏", "町丁目名": "豊後大野市緒方町夏足" }, "geometry": { "type": "Polygon", "coordinates": [ [ [ 131.495864295567941, 32.980415609169192 ], [ 131.489666233485309, 32.979890535454224 ], [ 131.488430699386612, 32.979455973337863 ], [ 131.486342565076342, 32.978420287219869 ], [ 131.483365112743087, 32.977498381342784 ], [ 131.482441163000033, 32.977655053026481 ], [ 131.482104403567575, 32.978228861409626 ], [ 131.48205016925553, 32.978873902871243 ], [ 131.482391844419624, 32.978909301825922 ], [ 131.482538225232048, 32.979104552238233 ], [ 131.483046021102183, 32.981223640120497 ], [ 131.483585497391658, 32.981759329442092 ], [ 131.483762435849883, 32.982221714360357 ], [ 131.484419130299017, 32.982836607351487 ], [ 131.485178326947477, 32.983271853161739 ], [ 131.487332577159208, 32.983661857224128 ], [ 131.487974719867509, 32.984443780805002 ], [ 131.488262247424899, 32.984584039773331 ], [ 131.490689626134269, 32.984003214417825 ], [ 131.491511094355531, 32.984559594613486 ], [ 131.493538125144994, 32.984940433859201 ], [ 131.493483421117332, 32.983915701749766 ], [ 131.493683999710726, 32.98288407202017 ], [ 131.495274484447293, 32.981499439206502 ], [ 131.495864295567941, 32.980415609169192 ] ] ] } },
{ "type": "Feature", "properties": { "CITY_NAME": "豊後大野市", "S_NAME": "緒方町原尻", "JINKO": 133, "medical_area": "44_豊肥医療圏", "町丁目名": "豊後大野市緒方町原尻" }, "geometry": { "type": "Polygon", "coordinates": [ [ [ 131.451329081261093, 32.967516957433922 ], [ 131.452323401127217, 32.967193438159853 ], [ 131.453692271150629, 32.967494203014439 ], [ 131.454206892114485, 32.967449685710562 ], [ 131.456249886667479, 32.966709965911321 ], [ 131.457541872155275, 32.965952613057432 ], [ 131.457430271609667, 32.96551869818181 ], [ 131.456838436346374, 32.964648435760616 ], [ 131.454446209734954, 32.961937161960662 ], [ 131.453644752919558, 32.960642850256839 ], [ 131.453007013388088, 32.959110401173383 ], [ 131.453682810033911, 32.959030060767212 ], [ 131.454724468911593, 32.959294060522417 ], [ 131.455009110232425, 32.958445862339268 ], [ 131.455975907669, 32.957489556506673 ], [ 131.456403147815422, 32.956935638167465 ], [ 131.45655665466964, 32.956377657300813 ], [ 131.45766851498459, 32.955025641481242 ], [ 131.457787772253141, 32.953084339193431 ], [ 131.45757242003404, 32.952152705513676 ], [ 131.456215909649842, 32.950384011945829 ], [ 131.452611222583585, 32.947691021897015 ], [ 131.452175721087428, 32.948822979880624 ], [ 131.450093438801844, 32.950350086183519 ], [ 131.45076675707719, 32.95094318141512 ], [ 131.451073957521089, 32.951434927773235 ], [ 131.451010674040418, 32.952174420440187 ], [ 131.450659885418645, 32.952689061010105 ], [ 131.449425207101655, 32.953155542627286 ], [ 131.448910766583481, 32.95384531363198 ], [ 131.448124407893999, 32.957400708755344 ], [ 131.447252324047582, 32.959683227759641 ], [ 131.447597030460969, 32.960359657855534 ], [ 131.447733253334235, 32.962124760178391 ], [ 131.448963702912096, 32.964185757848647 ], [ 131.449191530403198, 32.965962501174992 ], [ 131.4503492914682, 32.966553576313544 ], [ 131.451329081261093, 32.967516957433922 ] ] ] } },
{ "type": "Feature", "properties": { "CITY_NAME": "豊後大野市", "S_NAME": "緒方町久土知", "JINKO": 92, "medical_area": "44_豊肥医療圏", "町丁目名": "豊後大野市緒方町久土知" }, "geometry": { "type": "Polygon", "coordinates": [ [ [ 131.460930632603578, 32.963039226481712 ], [ 131.463309230999812, 32.956592936441233 ], [ 131.463372652364711, 32.955675044600881 ], [ 131.46333481866975, 32.954913602838779 ], [ 131.462520597263847, 32.954332778388412 ], [ 131.462413998570952, 32.95412198863648 ], [ 131.462535650046732, 32.953480216870162 ], [ 131.461864081438932, 32.952707352078605 ], [ 131.462383311104901, 32.949292977962585 ], [ 131.462099259214682, 32.947679053178817 ], [ 131.46233517128519, 32.946375111397352 ], [ 131.461931343960771, 32.945454752538879 ], [ 131.461850829346702, 32.944612898838407 ], [ 131.462109355728614, 32.943871952020956 ], [ 131.462704067407003, 32.94330101481755 ], [ 131.463572581808251, 32.941982575250648 ], [ 131.463951651748971, 32.941193221047875 ], [ 131.464080772993071, 32.94033961909809 ], [ 131.463629258300699, 32.940050990189633 ], [ 131.463511417346837, 32.939701881541474 ], [ 131.463621401671531, 32.937882656984407 ], [ 131.462891153119301, 32.936790685804993 ], [ 131.461648412319732, 32.935781460343627 ], [ 131.460798275053349, 32.934625091743555 ], [ 131.459806435766296, 32.931192416042144 ], [ 131.458802766395223, 32.93248262158852 ], [ 131.458593056337605, 32.933183412365999 ], [ 131.458749552286037, 32.933845601843664 ], [ 131.458714570652745, 32.93496128669247 ], [ 131.458656907771797, 32.935630834482154 ], [ 131.458373904123135, 32.936043759347072 ], [ 131.45652270835123, 32.93647958357267 ], [ 131.455526749508863, 32.936877948279616 ], [ 131.454898560795954, 32.937498077825026 ], [ 131.454542327010728, 32.939407983622274 ], [ 131.453935849057444, 32.940707121032325 ], [ 131.453925103124078, 32.941055123691278 ], [ 131.454077063547004, 32.9414025268213 ], [ 131.455111235268646, 32.941746737638496 ], [ 131.455187862544904, 32.94204169924614 ], [ 131.454729627766142, 32.942981793491434 ], [ 131.453725821084873, 32.946117056950094 ], [ 131.452201694287368, 32.946803180908347 ], [ 131.452611222583585, 32.947691021897015 ], [ 131.455031914090199, 32.949395080294245 ], [ 131.456966114814492, 32.951222484915206 ], [ 131.45757242003404, 32.952152705513676 ], [ 131.457787772253141, 32.953084339193431 ], [ 131.45766851498459, 32.955025641481242 ], [ 131.45655665466964, 32.956377657300813 ], [ 131.456403147815422, 32.956935638167465 ], [ 131.455975907669, 32.957489556506673 ], [ 131.455009110232425, 32.958445862339268 ], [ 131.454724468911593, 32.959294060522417 ], [ 131.453682810033911, 32.959030060767212 ], [ 131.453007013388088, 32.959110401173383 ], [ 131.453644752919558, 32.960642850256839 ], [ 131.454446209734954, 32.961937161960662 ], [ 131.456838436346374, 32.964648435760616 ], [ 131.457454622579746, 32.965613383813221 ], [ 131.458540039140303, 32.964944616576837 ], [ 131.460930632603578, 32.963039226481712 ] ] ] } },
{ "type": "Feature", "properties": { "CITY_NAME": "豊後大野市", "S_NAME": "緒方町鮒川", "JINKO": 236, "medical_area": "44_豊肥医療圏", "町丁目名": "豊後大野市緒方町鮒川" }, "geometry": { "type": "Polygon", "coordinates": [ [ [ 131.466748907078028, 32.968478877998372 ], [ 131.467296502584134, 32.968536405833412 ], [ 131.467888397700193, 32.969013297170576 ], [ 131.469441950574861, 32.969267253492383 ], [ 131.471921875285517, 32.969225041928361 ], [ 131.472508677257252, 32.966349096202137 ], [ 131.473590606415797, 32.963638472687784 ], [ 131.47480315001809, 32.962582065633555 ], [ 131.475267798301076, 32.962371969543149 ], [ 131.476103668376339, 32.960896764653725 ], [ 131.476732372966922, 32.960333702230884 ], [ 131.478379520878065, 32.959301111634716 ], [ 131.47909223624967, 32.958368357041756 ], [ 131.478913989997125, 32.957896766667162 ], [ 131.477140093661603, 32.956352759137552 ], [ 131.476504560561324, 32.956425655350415 ], [ 131.474355082246376, 32.955827568370673 ], [ 131.472831258654821, 32.954867611141999 ], [ 131.472550202085529, 32.953938215540866 ], [ 131.471576156865751, 32.953293375492649 ], [ 131.469881852060865, 32.952510245021102 ], [ 131.465506900731157, 32.953586991371552 ], [ 131.464111192540827, 32.954068342071942 ], [ 131.463622092742639, 32.954408496209432 ], [ 131.46333481866975, 32.954913602838779 ], [ 131.463309230999812, 32.956592936441233 ], [ 131.462068849699733, 32.960295455774371 ], [ 131.461129822764832, 32.962406285301356 ], [ 131.461119849611691, 32.962777621779821 ], [ 131.458540039140303, 32.964944616576837 ], [ 131.457454622579746, 32.965613383813221 ], [ 131.457541872155275, 32.965952613057432 ], [ 131.460032397519257, 32.966334314543751 ], [ 131.461158513278178, 32.966776842808194 ], [ 131.461685791485849, 32.967363680223102 ], [ 131.4620983807676, 32.9685036760835 ], [ 131.463192832541779, 32.96942794155089 ], [ 131.465039790427539, 32.968787212518286 ], [ 131.466748907078028, 32.968478877998372 ] ] ] } },
{ "type": "Feature", "properties": { "CITY_NAME": "豊後大野市", "S_NAME": "緒方町知田", "JINKO": 110, "medical_area": "44_豊肥医療圏", "町丁目名": "豊後大野市緒方町知田" }, "geometry": { "type": "Polygon", "coordinates": [ [ [ 131.486467496568565, 32.958717983362753 ], [ 131.486767267955713, 32.956282650038069 ], [ 131.48333167232164, 32.956840950318366 ], [ 131.482496941790117, 32.95757085807157 ], [ 131.482134891658887, 32.958192976664648 ], [ 131.481579556736762, 32.958493971956941 ], [ 131.480874271010691, 32.958319267948745 ], [ 131.47909223624967, 32.958368357041756 ], [ 131.478379520878065, 32.959301111634716 ], [ 131.476732372966922, 32.960333702230884 ], [ 131.476103668376339, 32.960896764653725 ], [ 131.475267798301076, 32.962371969543149 ], [ 131.47480315001809, 32.962582065633555 ], [ 131.473590606415797, 32.963638472687784 ], [ 131.472508677257252, 32.966349096202137 ], [ 131.471921875285517, 32.969225041928361 ], [ 131.474365116076171, 32.968607000858484 ], [ 131.47780735518694, 32.967419866051323 ], [ 131.4820527969718, 32.965201488038495 ], [ 131.484023893843158, 32.964483652711088 ], [ 131.49048047710383, 32.963659768194965 ], [ 131.490033739759355, 32.962932238677517 ], [ 131.487553631957553, 32.961605064541892 ], [ 131.487144418927585, 32.961015959655548 ], [ 131.486467496568565, 32.958717983362753 ] ] ] } },
{ "type": "Feature", "properties": { "CITY_NAME": "豊後大野市", "S_NAME": "緒方町大化", "JINKO": 109, "medical_area": "44_豊肥医療圏", "町丁目名": "豊後大野市緒方町大化" }, "geometry": { "type": "Polygon", "coordinates": [ [ [ 131.481908028147643, 32.958335154172701 ], [ 131.482496941790117, 32.95757085807157 ], [ 131.48333167232164, 32.956840950318366 ], [ 131.486767267955713, 32.956282650038069 ], [ 131.486788233523157, 32.954954949608272 ], [ 131.485263970910353, 32.952908961146477 ], [ 131.484879752953645, 32.951814526436138 ], [ 131.484581490670394, 32.948722245344264 ], [ 131.481396770654982, 32.945819801079217 ], [ 131.480417033692248, 32.943771634709897 ], [ 131.479358862511418, 32.942563174143359 ], [ 131.477544856506682, 32.94091016033164 ], [ 131.475800425226936, 32.939826165402714 ], [ 131.474237496406829, 32.938326340810193 ], [ 131.474200698537544, 32.937209208173833 ], [ 131.473169593311582, 32.935326952273357 ], [ 131.474323189959051, 32.933991804582398 ], [ 131.473888151517599, 32.93333788863081 ], [ 131.473269632263339, 32.932922724455729 ], [ 131.472060055347811, 32.932713440154984 ], [ 131.470111131753242, 32.930938778669606 ], [ 131.467610199337116, 32.931029582585786 ], [ 131.465469975272157, 32.929622142187064 ], [ 131.463095528799329, 32.928470096474527 ], [ 131.462381452806994, 32.928248705764304 ], [ 131.461599851823877, 32.92829544923854 ], [ 131.461230427471492, 32.92977768767684 ], [ 131.460544460782359, 32.930631584655238 ], [ 131.459806435766296, 32.931192416042144 ], [ 131.459988821554759, 32.932103037110529 ], [ 131.460798275053349, 32.934625091743555 ], [ 131.461648412319732, 32.935781460343627 ], [ 131.462891153119301, 32.936790685804993 ], [ 131.463621401671531, 32.937882656984407 ], [ 131.463511417346837, 32.939701881541474 ], [ 131.463629258300699, 32.940050990189633 ], [ 131.464080772993071, 32.94033961909809 ], [ 131.464096529197462, 32.940659480108515 ], [ 131.463572581808251, 32.941982575250648 ], [ 131.462704067407003, 32.94330101481755 ], [ 131.462109355728614, 32.943871952020956 ], [ 131.461850829346702, 32.944612898838407 ], [ 131.461931343960771, 32.945454752538879 ], [ 131.46233517128519, 32.946375111397352 ], [ 131.462099259214682, 32.947679053178817 ], [ 131.462383311104901, 32.949292977962585 ], [ 131.461864081438932, 32.952707352078605 ], [ 131.462535650046732, 32.953480216870162 ], [ 131.462413998570952, 32.95412198863648 ], [ 131.462520597263847, 32.954332778388412 ], [ 131.46333481866975, 32.954913602838779 ], [ 131.463622092742639, 32.954408496209432 ], [ 131.464111192540827, 32.954068342071942 ], [ 131.468009533027498, 32.952869677233437 ], [ 131.469881852060865, 32.952510245021102 ], [ 131.471576156865751, 32.953293375492649 ], [ 131.472550202085529, 32.953938215540866 ], [ 131.472831258654821, 32.954867611141999 ], [ 131.474355082246376, 32.955827568370673 ], [ 131.476504560561324, 32.956425655350415 ], [ 131.477140093661603, 32.956352759137552 ], [ 131.478913989997125, 32.957896766667162 ], [ 131.47909223624967, 32.958368357041756 ], [ 131.480874271010691, 32.958319267948745 ], [ 131.481579556736762, 32.958493971956941 ], [ 131.481908028147643, 32.958335154172701 ] ] ] } },
{ "type": "Feature", "properties": { "CITY_NAME": "豊後大野市", "S_NAME": "緒方町天神", "JINKO": 77, "medical_area": "44_豊肥医療圏", "町丁目名": "豊後大野市緒方町天神" }, "geometry": { "type": "Polygon", "coordinates": [ [ [ 131.496160085066521, 32.965011327810537 ], [ 131.498676851113942, 32.962055851374146 ], [ 131.499392084804583, 32.962189940372319 ], [ 131.499594868313068, 32.962064050035373 ], [ 131.500338516171354, 32.962375576628141 ], [ 131.501456813954434, 32.961843983765448 ], [ 131.501734781825945, 32.96152123342091 ], [ 131.502048837501519, 32.961580732305421 ], [ 131.503495378691241, 32.962870438037754 ], [ 131.504298276977522, 32.963156689666647 ], [ 131.504548409401536, 32.963532718548024 ], [ 131.506297461169481, 32.963142845396327 ], [ 131.505947671035386, 32.962100460242446 ], [ 131.506002696616719, 32.961204630340717 ], [ 131.506107427130985, 32.960914337268157 ], [ 131.506610593318015, 32.960459948998739 ], [ 131.506617990883456, 32.960137548205388 ], [ 131.506436404994389, 32.959926406822419 ], [ 131.50555785793668, 32.959720666953729 ], [ 131.504256465216201, 32.958351940216438 ], [ 131.503397077253226, 32.955889199511176 ], [ 131.501670596791143, 32.953888848665244 ], [ 131.501267852457318, 32.952692245078595 ], [ 131.500656491957272, 32.951981900648889 ], [ 131.500141939921946, 32.952645379719584 ], [ 131.498885199942492, 32.952320458555967 ], [ 131.498624839719554, 32.952412505797589 ], [ 131.49768380597726, 32.952238006526372 ], [ 131.496781341674307, 32.952259277100652 ], [ 131.49588181321198, 32.952537147186938 ], [ 131.495350042952282, 32.952352167784227 ], [ 131.495058556052726, 32.952024732874946 ], [ 131.494149788904167, 32.952016847184829 ], [ 131.493893898033491, 32.952207262199025 ], [ 131.492060662061988, 32.951030683065206 ], [ 131.491055924756125, 32.950831678324221 ], [ 131.490061596966513, 32.951072328182221 ], [ 131.489398407918486, 32.950932862377549 ], [ 131.486996265285057, 32.949224020549856 ], [ 131.485291179891504, 32.948689469082233 ], [ 131.484581490670394, 32.948722245344264 ], [ 131.484879752953645, 32.951814526436138 ], [ 131.485263970910353, 32.952908961146477 ], [ 131.486788233523157, 32.954954949608272 ], [ 131.486864873548569, 32.955467627329519 ], [ 131.486467496568565, 32.958717983362753 ], [ 131.487144418927585, 32.961015959655548 ], [ 131.487553631957553, 32.961605064541892 ], [ 131.490033739759355, 32.962932238677517 ], [ 131.49048047710383, 32.963659768194965 ], [ 131.490922026007667, 32.963614686882138 ], [ 131.492347941000588, 32.96407856572003 ], [ 131.494521541112874, 32.964264471353246 ], [ 131.495264729338771, 32.964516407631216 ], [ 131.496162196106695, 32.965246893744009 ], [ 131.496160085066521, 32.965011327810537 ] ] ] } },
{ "type": "Feature", "properties": { "CITY_NAME": "豊後大野市", "S_NAME": "緒方町馬背畑", "JINKO": 101, "medical_area": "44_豊肥医療圏", "町丁目名": "豊後大野市緒方町馬背畑" }, "geometry": { "type": "Polygon", "coordinates": [ [ [ 131.494149788904167, 32.952016847184829 ], [ 131.495058556052726, 32.952024732874946 ], [ 131.495492119632559, 32.951756231776926 ], [ 131.495031482822725, 32.951424335910602 ], [ 131.493550198736386, 32.951150816336778 ], [ 131.493345475630065, 32.951007518872856 ], [ 131.493255896301065, 32.950532575928598 ], [ 131.494405908385204, 32.94946244434194 ], [ 131.495942409423293, 32.946732305530801 ], [ 131.496039068144597, 32.946324898937782 ], [ 131.495464445035452, 32.945978284908747 ], [ 131.493974401241729, 32.946278688325805 ], [ 131.493758132937216, 32.946206226234196 ], [ 131.493789671701307, 32.945678980615867 ], [ 131.494773418803788, 32.944110191069733 ], [ 131.49474504181714, 32.943860017676727 ], [ 131.494443643838622, 32.9435780506507 ], [ 131.492884852868059, 32.943362968077764 ], [ 131.491995320088165, 32.942730632049908 ], [ 131.491842683550061, 32.941689635972708 ], [ 131.491922232595073, 32.939808383739404 ], [ 131.490510259176801, 32.939023871315321 ], [ 131.490280907377041, 32.93875679018641 ], [ 131.490215303282014, 32.936917820427048 ], [ 131.489780923015473, 32.936162334614593 ], [ 131.489750558914324, 32.935273815870296 ], [ 131.489259260999518, 32.933431465972895 ], [ 131.488727765902951, 32.933007080779326 ], [ 131.487394696386872, 32.934970300240558 ], [ 131.48677564609423, 32.935081482978781 ], [ 131.486052577194954, 32.93506252475553 ], [ 131.484370934107432, 32.934427242448564 ], [ 131.484013967829327, 32.934662483978045 ], [ 131.483837657009275, 32.934287881721097 ], [ 131.483874193017726, 32.93388527219313 ], [ 131.483078715233631, 32.933600075224206 ], [ 131.482714847543633, 32.93315548560193 ], [ 131.482217644434087, 32.933119320155349 ], [ 131.481978764473212, 32.932898167066909 ], [ 131.481937030293352, 32.932071420726992 ], [ 131.481451154402151, 32.931811601719957 ], [ 131.480855990459901, 32.932012755382132 ], [ 131.480315556168534, 32.933145280151763 ], [ 131.479722016906948, 32.93364998094242 ], [ 131.478660127701545, 32.933690669815718 ], [ 131.477833122791168, 32.933521099914863 ], [ 131.477010212559577, 32.932953767910043 ], [ 131.476469366290274, 32.932856383704511 ], [ 131.4756128180546, 32.932964296320975 ], [ 131.474595708792918, 32.933411062188448 ], [ 131.474167245530253, 32.934257261809563 ], [ 131.473169593311582, 32.935326952273357 ], [ 131.474200698537544, 32.937209208173833 ], [ 131.474237496406829, 32.938326340810193 ], [ 131.475800425226936, 32.939826165402714 ], [ 131.477544856506682, 32.94091016033164 ], [ 131.479358862511418, 32.942563174143359 ], [ 131.480417033692248, 32.943771634709897 ], [ 131.481396770654982, 32.945819801079217 ], [ 131.482027469626814, 32.946439184763207 ], [ 131.484581490670394, 32.948722245344264 ], [ 131.485291179891504, 32.948689469082233 ], [ 131.486996265285057, 32.949224020549856 ], [ 131.489398407918486, 32.950932862377549 ], [ 131.490061596966513, 32.951072328182221 ], [ 131.491055924756125, 32.950831678324221 ], [ 131.491602080177813, 32.95086336410094 ], [ 131.493893898033491, 32.952207262199025 ], [ 131.494149788904167, 32.952016847184829 ] ] ] } },
{ "type": "Feature", "properties": { "CITY_NAME": "豊後大野市", "S_NAME": "緒方町平石", "JINKO": 59, "medical_area": "44_豊肥医療圏", "町丁目名": "豊後大野市緒方町平石" }, "geometry": { "type": "Polygon", "coordinates": [ [ [ 131.487394696386872, 32.934970300240558 ], [ 131.488727765902951, 32.933007080779326 ], [ 131.485684387270027, 32.930723803555296 ], [ 131.486203384532928, 32.929964616388894 ], [ 131.48669748340788, 32.929864102131106 ], [ 131.487085136820838, 32.929485911510199 ], [ 131.486438025640382, 32.929370736057194 ], [ 131.486107054220838, 32.928623063855035 ], [ 131.485128806590808, 32.928324744185602 ], [ 131.485075015104172, 32.927957365572446 ], [ 131.484886229622873, 32.927806466888249 ], [ 131.484472808827263, 32.92792522980411 ], [ 131.484141024959456, 32.927778333918454 ], [ 131.484161369645989, 32.927262483799154 ], [ 131.484741841371601, 32.926800764883588 ], [ 131.48562123079779, 32.925621386232791 ], [ 131.485951029549568, 32.925090841220573 ], [ 131.48589515407383, 32.924647604258425 ], [ 131.486719977544141, 32.923978707479854 ], [ 131.487370769442549, 32.922732786111879 ], [ 131.48627057107015, 32.920038968403169 ], [ 131.485133113103615, 32.919355634101819 ], [ 131.482921702598844, 32.919115466339143 ], [ 131.480278793739757, 32.919669159575328 ], [ 131.479340763817191, 32.920407778256781 ], [ 131.477837377571063, 32.920332077474264 ], [ 131.476625275234426, 32.919842623398424 ], [ 131.475210812750475, 32.920047142407221 ], [ 131.474481251937334, 32.91951841651003 ], [ 131.474220576039698, 32.919077055910378 ], [ 131.473306244360344, 32.91863265282133 ], [ 131.470393465441504, 32.918723939910315 ], [ 131.469107329900737, 32.918032228418888 ], [ 131.467222713752108, 32.917894023928262 ], [ 131.466008111253501, 32.917145899584781 ], [ 131.464937954319851, 32.916829664685636 ], [ 131.463571122410116, 32.916155807984893 ], [ 131.460201267454181, 32.91556069860178 ], [ 131.458994818506198, 32.915061429448059 ], [ 131.45776025640842, 32.915092010064193 ], [ 131.458287949239889, 32.916184346498092 ], [ 131.458038755159862, 32.916816341437901 ], [ 131.458407267281359, 32.917156782851173 ], [ 131.45859287415783, 32.918000861766657 ], [ 131.458055935665811, 32.919266605632778 ], [ 131.45742282551214, 32.920140578720584 ], [ 131.457600780116053, 32.92194412836799 ], [ 131.458401601112485, 32.922702705969144 ], [ 131.458651017550693, 32.923179509536922 ], [ 131.458832609416845, 32.924110626143651 ], [ 131.458833332356761, 32.925345134011231 ], [ 131.459440585154908, 32.926099688050442 ], [ 131.459530489734817, 32.926662207308794 ], [ 131.459999096031254, 32.927199698098683 ], [ 131.461259889174727, 32.927876170094343 ], [ 131.461599851823877, 32.92829544923854 ], [ 131.462381452806994, 32.928248705764304 ], [ 131.463095528799329, 32.928470096474527 ], [ 131.465469975272157, 32.929622142187064 ], [ 131.467610199337116, 32.931029582585786 ], [ 131.470111131753242, 32.930938778669606 ], [ 131.472060055347811, 32.932713440154984 ], [ 131.473269632263339, 32.932922724455729 ], [ 131.474165663732094, 32.933607742670461 ], [ 131.474323189959051, 32.933991804582398 ], [ 131.474595708792918, 32.933411062188448 ], [ 131.4756128180546, 32.932964296320975 ], [ 131.476469366290274, 32.932856383704511 ], [ 131.477010212559577, 32.932953767910043 ], [ 131.477833122791168, 32.933521099914863 ], [ 131.478660127701545, 32.933690669815718 ], [ 131.479722016906948, 32.93364998094242 ], [ 131.480315556168534, 32.933145280151763 ], [ 131.480855990459901, 32.932012755382132 ], [ 131.481451154402151, 32.931811601719957 ], [ 131.481937030293352, 32.932071420726992 ], [ 131.481978764473212, 32.932898167066909 ], [ 131.482217644434087, 32.933119320155349 ], [ 131.482714847543633, 32.93315548560193 ], [ 131.483078715233631, 32.933600075224206 ], [ 131.483874193017726, 32.93388527219313 ], [ 131.483837657009275, 32.934287881721097 ], [ 131.484013967829327, 32.934662483978045 ], [ 131.484370934107432, 32.934427242448564 ], [ 131.486052577194954, 32.93506252475553 ], [ 131.48677564609423, 32.935081482978781 ], [ 131.487394696386872, 32.934970300240558 ] ] ] } },
{ "type": "Feature", "properties": { "CITY_NAME": "豊後大野市", "S_NAME": "朝地町梨小", "JINKO": 227, "medical_area": "44_豊肥医療圏", "町丁目名": "豊後大野市朝地町梨小" }, "geometry": { "type": "Polygon", "coordinates": [ [ [ 131.45579926841711, 33.096982859639375 ], [ 131.456404878876356, 33.096567846432784 ], [ 131.456807059363342, 33.095594096610988 ], [ 131.456535822253215, 33.094424715631746 ], [ 131.456176416654387, 33.093942156022734 ], [ 131.45471095873566, 33.093041728980729 ], [ 131.454477229625184, 33.092168587053017 ], [ 131.454542856040348, 33.091822088424699 ], [ 131.45430125542336, 33.091516003965474 ], [ 131.454333760797311, 33.090669115685309 ], [ 131.454038704126987, 33.090106175146147 ], [ 131.454514007329124, 33.089714323191679 ], [ 131.454465143130335, 33.088253817364418 ], [ 131.454620498953432, 33.087878250780484 ], [ 131.455456973389744, 33.086925619005314 ], [ 131.455566937234579, 33.085757874903237 ], [ 131.45582121103331, 33.085392530315325 ], [ 131.455545250296524, 33.085041211362729 ], [ 131.455931614560711, 33.08431852736777 ], [ 131.455395429385817, 33.084054345877668 ], [ 131.455313738787822, 33.083198793302394 ], [ 131.456005283081737, 33.082913516341115 ], [ 131.456154675624248, 33.082423050640493 ], [ 131.45605881400337, 33.08196825100061 ], [ 131.456641128539871, 33.081243337388642 ], [ 131.456536048429143, 33.080389385602224 ], [ 131.456803018771325, 33.079521969034353 ], [ 131.457316776679363, 33.079281186445236 ], [ 131.457423921900244, 33.078795407516708 ], [ 131.458476652723789, 33.077967454733063 ], [ 131.458249873508407, 33.077042859375936 ], [ 131.458515730038727, 33.076488451530764 ], [ 131.459760679076197, 33.075467743596356 ], [ 131.461520753924219, 33.074652294783796 ], [ 131.462403628794505, 33.07453865176327 ], [ 131.462803087482229, 33.074098667166986 ], [ 131.464339106139306, 33.073076840916571 ], [ 131.464699676604681, 33.072269667114035 ], [ 131.46472501930765, 33.07174230249602 ], [ 131.464608327091696, 33.071636283938616 ], [ 131.463505614820434, 33.071744208686717 ], [ 131.46275414189796, 33.071578991024609 ], [ 131.462420250020529, 33.071313570229734 ], [ 131.462420259432093, 33.071018922161699 ], [ 131.462799930313992, 33.07033489239722 ], [ 131.462844836557565, 33.069536100804186 ], [ 131.461699585449736, 33.06824039225075 ], [ 131.461698708097344, 33.066856475000868 ], [ 131.460745439641869, 33.065925360138856 ], [ 131.460721886839934, 33.065658791534844 ], [ 131.461227668026453, 33.065180954207094 ], [ 131.460810795632369, 33.063879891204081 ], [ 131.461248419383139, 33.063384972402446 ], [ 131.461875588146484, 33.063109349238523 ], [ 131.461912836806306, 33.062967881636922 ], [ 131.46136500892419, 33.062056614482458 ], [ 131.460932470372455, 33.061692891413884 ], [ 131.460983673357106, 33.061491383056051 ], [ 131.461284362207834, 33.061460946596775 ], [ 131.461130877071241, 33.060870871787237 ], [ 131.461425894162602, 33.06036047598468 ], [ 131.461386320348197, 33.060053963647192 ], [ 131.460851048402759, 33.060034599613225 ], [ 131.460116134657596, 33.06059993638528 ], [ 131.459690415870426, 33.060640161604226 ], [ 131.459189866370195, 33.05967803805266 ], [ 131.457989906948683, 33.059411782800751 ], [ 131.457147529957695, 33.059406856761981 ], [ 131.446926263620355, 33.065711168362789 ], [ 131.446114613732163, 33.065564991449136 ], [ 131.445109994612949, 33.064706293144177 ], [ 131.443214145011922, 33.064966404590855 ], [ 131.442583452715894, 33.063955131244334 ], [ 131.442134597459471, 33.063624224272253 ], [ 131.440632459033253, 33.063642551586369 ], [ 131.439550106472268, 33.062928293027099 ], [ 131.437364745907274, 33.063558879680073 ], [ 131.436550209810434, 33.063600782215232 ], [ 131.43548809790056, 33.064090212272845 ], [ 131.432719743267825, 33.064207960956253 ], [ 131.431922854442178, 33.063727986661497 ], [ 131.430606290954302, 33.063745535558667 ], [ 131.430191326159871, 33.063534646624255 ], [ 131.428122586410012, 33.061127193880047 ], [ 131.427934860557912, 33.05998315415215 ], [ 131.426862251661817, 33.058579721679052 ], [ 131.426301147594728, 33.058348389359004 ], [ 131.425539162550621, 33.057350797331303 ], [ 131.425057208291719, 33.056988612034715 ], [ 131.423623791466639, 33.056606822350886 ], [ 131.422633522877135, 33.05603211261765 ], [ 131.421461027763399, 33.054489523817658 ], [ 131.420850361685694, 33.053954086954064 ], [ 131.420720007564029, 33.053512580880827 ], [ 131.420454757522407, 33.053912808342737 ], [ 131.419823378171998, 33.054102152252483 ], [ 131.419111807664876, 33.054757509550129 ], [ 131.418708677024057, 33.055659338196023 ], [ 131.418077092368662, 33.058004810383039 ], [ 131.41766226854233, 33.058439174781824 ], [ 131.415418166183315, 33.058481740626036 ], [ 131.41460941470848, 33.058633616709784 ], [ 131.413201837533762, 33.059264339838919 ], [ 131.412819743659554, 33.059271451923401 ], [ 131.412102618122987, 33.059098463631919 ], [ 131.411131424379079, 33.058291439654191 ], [ 131.408490285133354, 33.057890507229388 ], [ 131.407575628946176, 33.057533102560797 ], [ 131.405982425489753, 33.057560723716996 ], [ 131.404094337958213, 33.057875467172934 ], [ 131.403037723632991, 33.056989955141674 ], [ 131.402353214122684, 33.05672638136496 ], [ 131.400946930263274, 33.057772071442976 ], [ 131.400508798321397, 33.057543959208175 ], [ 131.400229046277559, 33.057079134561647 ], [ 131.399092311642875, 33.056741501724233 ], [ 131.398630203344311, 33.057779051447028 ], [ 131.397990978516276, 33.058283567994074 ], [ 131.397789659874832, 33.058812152085615 ], [ 131.397551160027518, 33.058918560840731 ], [ 131.39850043692195, 33.059497308734663 ], [ 131.398763225873722, 33.059921351645706 ], [ 131.398049441001916, 33.060424820561956 ], [ 131.397625806816222, 33.06027691895158 ], [ 131.396983724550296, 33.060602058686101 ], [ 131.395626572565703, 33.060665127342062 ], [ 131.395383403504354, 33.061426583412135 ], [ 131.394916891675848, 33.061773149243812 ], [ 131.394997698768918, 33.061992664270193 ], [ 131.395585625404721, 33.062261436038668 ], [ 131.39595397016663, 33.062864182522198 ], [ 131.397090672659942, 33.062435972076962 ], [ 131.398329351025637, 33.062399004894921 ], [ 131.399366654795557, 33.06245852986455 ], [ 131.400773184133755, 33.062932512018293 ], [ 131.401514954375955, 33.06343358563209 ], [ 131.402628415870424, 33.063832769928254 ], [ 131.402923127082317, 33.064470610143836 ], [ 131.404955982065502, 33.065703750758075 ], [ 131.404046547593197, 33.066094596747746 ], [ 131.403389715320941, 33.067008318116955 ], [ 131.402030006804978, 33.068015482245109 ], [ 131.401327092919786, 33.068986665025157 ], [ 131.400727508304016, 33.068675901115917 ], [ 131.400701935188323, 33.068829579031181 ], [ 131.40116415583617, 33.069356145393797 ], [ 131.40106409049946, 33.070053992453531 ], [ 131.400068979276767, 33.07116788016566 ], [ 131.400043683956198, 33.071493362256213 ], [ 131.399344567903654, 33.072032566107076 ], [ 131.399282130584226, 33.072609470972374 ], [ 131.399455618121948, 33.073178106197204 ], [ 131.399279407982789, 33.073696307924372 ], [ 131.399961117853337, 33.073816564898024 ], [ 131.400785663339292, 33.073651765495349 ], [ 131.401090258894612, 33.073315721654218 ], [ 131.401559356336946, 33.073245493503066 ], [ 131.401925201987353, 33.074860606584302 ], [ 131.402249007563313, 33.074818755972181 ], [ 131.402609953029497, 33.075368532403175 ], [ 131.402645427748638, 33.076153464571924 ], [ 131.403919191757097, 33.077414489882095 ], [ 131.404190720271117, 33.078204038880742 ], [ 131.405070633425566, 33.078417057016317 ], [ 131.404221788143474, 33.081084177527522 ], [ 131.403553475076961, 33.081398826659822 ], [ 131.404343473930396, 33.082026674257996 ], [ 131.406026815442431, 33.082583904198657 ], [ 131.407609135086062, 33.083469049944462 ], [ 131.410389858657027, 33.084417505497044 ], [ 131.411526103590489, 33.085738583632697 ], [ 131.412394042098271, 33.08802967898238 ], [ 131.412725174464441, 33.088463005300937 ], [ 131.413224510346168, 33.088750416920533 ], [ 131.4147850812505, 33.089145127700284 ], [ 131.415532389521189, 33.089554483660656 ], [ 131.415446618598082, 33.090500378069891 ], [ 131.417440544738582, 33.091914714275099 ], [ 131.418647359822387, 33.092306195645264 ], [ 131.419770674123328, 33.091765878177426 ], [ 131.421607547635006, 33.090360880403097 ], [ 131.421807517851619, 33.089893944100702 ], [ 131.422223526023856, 33.089539643020579 ], [ 131.422152076366643, 33.089087987988975 ], [ 131.421344225932103, 33.087886737829301 ], [ 131.421232885382977, 33.087036023081573 ], [ 131.420396078439353, 33.08533825805138 ], [ 131.419832763662527, 33.084656732388979 ], [ 131.419678659368543, 33.083584212841856 ], [ 131.420251177828362, 33.081535558492099 ], [ 131.421198583853879, 33.081000026854881 ], [ 131.421624173725576, 33.080260869500137 ], [ 131.42221698458539, 33.07998366223277 ], [ 131.423489570330929, 33.079758575185004 ], [ 131.425607665955937, 33.080773552344631 ], [ 131.426824190065048, 33.080851042106417 ], [ 131.42733562151767, 33.081396675464774 ], [ 131.428129772154421, 33.081492241953661 ], [ 131.429315807915003, 33.082136851929178 ], [ 131.429987884311402, 33.082808926030289 ], [ 131.430308203916695, 33.082692914018999 ], [ 131.430779244005294, 33.082886343469809 ], [ 131.431634667736574, 33.082639941702944 ], [ 131.432568394585218, 33.082772790133383 ], [ 131.432953964850498, 33.083317319336658 ], [ 131.433701478267182, 33.083428131061922 ], [ 131.434138595963731, 33.08384242521457 ], [ 131.435008712001462, 33.084020844815406 ], [ 131.435692690122806, 33.084729154553209 ], [ 131.43793813978337, 33.086008134479371 ], [ 131.439039459504414, 33.086946323000539 ], [ 131.440625462906524, 33.087908522705298 ], [ 131.441401821623145, 33.088929498822068 ], [ 131.441349697379991, 33.089477062015106 ], [ 131.441749094806738, 33.089710023794254 ], [ 131.441871293733271, 33.091310915945449 ], [ 131.44206819960857, 33.091683720536011 ], [ 131.444230865962993, 33.093599469278928 ], [ 131.445930615985333, 33.093912485101342 ], [ 131.447455985202964, 33.093875302709243 ], [ 131.448491523239937, 33.09438722446459 ], [ 131.450514964297724, 33.093646599251734 ], [ 131.452522446342243, 33.094011343009853 ], [ 131.453182831787046, 33.094297767812556 ], [ 131.453987669575412, 33.095217243572108 ], [ 131.45391286122782, 33.096399979110963 ], [ 131.454070919175251, 33.096716944849682 ], [ 131.45446102956663, 33.096880350229 ], [ 131.455211385159259, 33.096820168152163 ], [ 131.45579926841711, 33.096982859639375 ] ] ] } },
{ "type": "Feature", "properties": { "CITY_NAME": "豊後大野市", "S_NAME": "朝地町鳥田", "JINKO": 66, "medical_area": "44_豊肥医療圏", "町丁目名": "豊後大野市朝地町鳥田" }, "geometry": { "type": "Polygon", "coordinates": [ [ [ 131.446968539804828, 33.065683036888345 ], [ 131.457147529957695, 33.059406856761981 ], [ 131.456909845318876, 33.059065070561871 ], [ 131.456947366180032, 33.058666282859399 ], [ 131.45729793675045, 33.057867702963335 ], [ 131.457858014091727, 33.057480346577847 ], [ 131.458017691314126, 33.05712510907717 ], [ 131.457889452781046, 33.056510939618676 ], [ 131.456999615019129, 33.056203526296549 ], [ 131.457492800037073, 33.055125777446875 ], [ 131.457016205873856, 33.053883560620186 ], [ 131.457194497406761, 33.053464267359054 ], [ 131.45763578650309, 33.052759983806808 ], [ 131.458250706871979, 33.052575075636497 ], [ 131.458940620070223, 33.051889862936122 ], [ 131.460119952513793, 33.052468235994596 ], [ 131.46177647685127, 33.051960793149092 ], [ 131.461842103923061, 33.051192528794026 ], [ 131.462791888334692, 33.050265000707981 ], [ 131.463119768458085, 33.049691773585756 ], [ 131.462642375352289, 33.048916187470347 ], [ 131.462938097405299, 33.048552413740715 ], [ 131.463292166113604, 33.047541747519332 ], [ 131.46312802588676, 33.045819647705301 ], [ 131.462246802002113, 33.04562822584704 ], [ 131.461436585122215, 33.045987215478839 ], [ 131.461137378463775, 33.0462923215605 ], [ 131.460318739692639, 33.046256668355895 ], [ 131.458974383817974, 33.046501604117097 ], [ 131.458633458701314, 33.046394842368244 ], [ 131.457844772124076, 33.045725708848117 ], [ 131.457343650492618, 33.045867541345622 ], [ 131.456703750804195, 33.04580587631802 ], [ 131.456611562170991, 33.046347553279105 ], [ 131.455951053682611, 33.046897972132619 ], [ 131.454701927208419, 33.047195842662155 ], [ 131.454218608016532, 33.047076528823794 ], [ 131.453194738097494, 33.046319617060696 ], [ 131.452845265067594, 33.046257493819617 ], [ 131.452497073150056, 33.046437379162548 ], [ 131.451764752331371, 33.047411793399029 ], [ 131.45107863393946, 33.047606263714535 ], [ 131.450330305274008, 33.047395617644028 ], [ 131.45005677097879, 33.045897906080313 ], [ 131.449165112006597, 33.044982549109903 ], [ 131.449356233747778, 33.043825031093959 ], [ 131.448870743907605, 33.043147425895661 ], [ 131.448565944828346, 33.042372310385105 ], [ 131.447717033754117, 33.041155961377534 ], [ 131.446680728986081, 33.040261378765202 ], [ 131.445796353120272, 33.039818704422679 ], [ 131.445366308913492, 33.039187331205518 ], [ 131.445088730418263, 33.038175919816894 ], [ 131.444687958048007, 33.037732843121233 ], [ 131.444700241155971, 33.036720413303684 ], [ 131.445630197757765, 33.035589291011895 ], [ 131.445424961556654, 33.035017664292852 ], [ 131.434271080734248, 33.035653699895789 ], [ 131.433521715808439, 33.036268704666234 ], [ 131.432728596564004, 33.036581205230881 ], [ 131.431706863685832, 33.037252323824994 ], [ 131.430452863618143, 33.038853488665595 ], [ 131.430024137541636, 33.03978600914953 ], [ 131.430338146806093, 33.041353282428304 ], [ 131.430158073087, 33.041702821611999 ], [ 131.429632691257041, 33.041884422317857 ], [ 131.428842313300322, 33.041901367646375 ], [ 131.426706863565101, 33.042617184449526 ], [ 131.426395368008542, 33.042888832492231 ], [ 131.426146079960375, 33.043469760726985 ], [ 131.426237070076837, 33.044128993611139 ], [ 131.425821139536566, 33.045144375780154 ], [ 131.426233063568418, 33.045586768127457 ], [ 131.426324302696543, 33.046295297417792 ], [ 131.425189862233992, 33.046274492422093 ], [ 131.424425552235192, 33.047140016297469 ], [ 131.423406490549695, 33.047528693879556 ], [ 131.4228913878664, 33.04847965863074 ], [ 131.422665064158736, 33.049364925166074 ], [ 131.421856475575879, 33.050156614370692 ], [ 131.421887663388702, 33.050557158600341 ], [ 131.421322856349349, 33.051828794615055 ], [ 131.421433812927461, 33.052467917580984 ], [ 131.421199165414833, 33.053137474993228 ], [ 131.420720007564029, 33.053512580880827 ], [ 131.420801728140816, 33.053860448867127 ], [ 131.422820909421148, 33.056178528842665 ], [ 131.423623791466639, 33.056606822350886 ], [ 131.425057208291719, 33.056988612034715 ], [ 131.425539162550621, 33.057350797331303 ], [ 131.426301147594728, 33.058348389359004 ], [ 131.426862251661817, 33.058579721679052 ], [ 131.427934860557912, 33.05998315415215 ], [ 131.428122586410012, 33.061127193880047 ], [ 131.430422893138228, 33.063702095605407 ], [ 131.431922854442178, 33.063727986661497 ], [ 131.432822073334535, 33.064217620637855 ], [ 131.43333642641548, 33.06408464702772 ], [ 131.435397756849142, 33.064102546989631 ], [ 131.436550209810434, 33.063600782215232 ], [ 131.437364745907274, 33.063558879680073 ], [ 131.439550106472268, 33.062928293027099 ], [ 131.440632459033253, 33.063642551586369 ], [ 131.442134597459471, 33.063624224272253 ], [ 131.442583452715894, 33.063955131244334 ], [ 131.443214145011922, 33.064966404590855 ], [ 131.445109994612949, 33.064706293144177 ], [ 131.446114613732163, 33.065564991449136 ], [ 131.446968539804828, 33.065683036888345 ] ] ] } },
{ "type": "Feature", "properties": { "CITY_NAME": "豊後大野市", "S_NAME": "朝地町栗林", "JINKO": 150, "medical_area": "44_豊肥医療圏", "町丁目名": "豊後大野市朝地町栗林" }, "geometry": { "type": "Polygon", "coordinates": [ [ [ 131.41460941470848, 33.058633616709784 ], [ 131.415418166183315, 33.058481740626036 ], [ 131.417294410239151, 33.058528163508768 ], [ 131.417939215020709, 33.058233460261391 ], [ 131.419111807664876, 33.054757509550129 ], [ 131.419823378171998, 33.054102152252483 ], [ 131.420454757522407, 33.053912808342737 ], [ 131.421199165414833, 33.053137474993228 ], [ 131.421433812927461, 33.052467917580984 ], [ 131.421322856349349, 33.051828794615055 ], [ 131.421887663388702, 33.050557158600341 ], [ 131.421856475575879, 33.050156614370692 ], [ 131.422665064158736, 33.049364925166074 ], [ 131.4228913878664, 33.04847965863074 ], [ 131.423406490549695, 33.047528693879556 ], [ 131.424425552235192, 33.047140016297469 ], [ 131.425189862233992, 33.046274492422093 ], [ 131.426324302696543, 33.046295297417792 ], [ 131.426233063568418, 33.045586768127457 ], [ 131.425821139536566, 33.045144375780154 ], [ 131.426237070076837, 33.044128993611139 ], [ 131.426146079960375, 33.043469760726985 ], [ 131.426395368008542, 33.042888832492231 ], [ 131.426706863565101, 33.042617184449526 ], [ 131.428842313300322, 33.041901367646375 ], [ 131.429632691257041, 33.041884422317857 ], [ 131.430158073087, 33.041702821611999 ], [ 131.430338146806093, 33.041353282428304 ], [ 131.430024137541636, 33.03978600914953 ], [ 131.430452863618143, 33.038853488665595 ], [ 131.431706863685832, 33.037252323824994 ], [ 131.432728596564004, 33.036581205230881 ], [ 131.433521715808439, 33.036268704666234 ], [ 131.434271080734248, 33.035653699895789 ], [ 131.427075906074123, 33.036376775784241 ], [ 131.427454343847444, 33.03387621766197 ], [ 131.42856132442347, 33.032869853351137 ], [ 131.430998235540443, 33.03221509882502 ], [ 131.432256731626723, 33.029865448110669 ], [ 131.432478104303613, 33.028533535389855 ], [ 131.433598973973091, 33.027424245883601 ], [ 131.433782910263574, 33.027021373077311 ], [ 131.43335934757377, 33.025753223561551 ], [ 131.433694512151845, 33.024241400675905 ], [ 131.433540018640741, 33.022466150017394 ], [ 131.433248841370698, 33.022052398019333 ], [ 131.432082813714061, 33.021794112112211 ], [ 131.431296236649871, 33.021284646341407 ], [ 131.430899096258315, 33.020685219946465 ], [ 131.430952557574756, 33.019867396901716 ], [ 131.43029418793418, 33.020702133769156 ], [ 131.429958037131229, 33.020819560832855 ], [ 131.430150732328457, 33.021476624599202 ], [ 131.430084224683213, 33.021729567575093 ], [ 131.429911935885912, 33.022121466542679 ], [ 131.429448861384856, 33.022408384211943 ], [ 131.429689612700031, 33.024160237794725 ], [ 131.430386097996774, 33.024738285819524 ], [ 131.430702150807065, 33.025787277932849 ], [ 131.430430501949616, 33.026763576542109 ], [ 131.429760616446003, 33.027256723339136 ], [ 131.429239109093999, 33.027547987883246 ], [ 131.427965389593197, 33.027536654859276 ], [ 131.425358765817208, 33.027144765020118 ], [ 131.424327484174512, 33.026647424757407 ], [ 131.422960763117516, 33.026790181574597 ], [ 131.422112206914477, 33.025898580152209 ], [ 131.421320777879714, 33.025983072752609 ], [ 131.421012625240564, 33.026157366167219 ], [ 131.420739837661415, 33.027133456825787 ], [ 131.420583450735705, 33.027240963817555 ], [ 131.41982165768863, 33.027034251040163 ], [ 131.418499832687388, 33.027354402526136 ], [ 131.418394285139954, 33.027513750574123 ], [ 131.41885477938979, 33.028171827446918 ], [ 131.418684287564474, 33.028455579265156 ], [ 131.4179175061129, 33.028318642530508 ], [ 131.417266822057684, 33.028736805143751 ], [ 131.416920033123432, 33.028737967656376 ], [ 131.416832440901999, 33.029072115357927 ], [ 131.417473938086175, 33.029591611448701 ], [ 131.417445813840715, 33.029925568952031 ], [ 131.416595686460084, 33.030354074324684 ], [ 131.416736273257385, 33.03075423614208 ], [ 131.416589018844263, 33.031046847998972 ], [ 131.415905570560653, 33.031090868109217 ], [ 131.415848013707603, 33.031500033942358 ], [ 131.41553224286389, 33.031832632900993 ], [ 131.415505304229413, 33.032377542895269 ], [ 131.41520448891265, 33.032609071964899 ], [ 131.414390144046962, 33.032368290786856 ], [ 131.412789738755691, 33.032274525720524 ], [ 131.410475345906661, 33.031688993433086 ], [ 131.40711745118665, 33.032055279139698 ], [ 131.403611213940536, 33.032011027920433 ], [ 131.403277663007856, 33.032540325289595 ], [ 131.40325983797203, 33.032927083662067 ], [ 131.402395479317505, 33.033146175231259 ], [ 131.401941011609523, 33.03384267640002 ], [ 131.401425553103024, 33.034239009583828 ], [ 131.401319284908055, 33.034695530920089 ], [ 131.402047139681315, 33.035588420219668 ], [ 131.401264440212003, 33.035587087028738 ], [ 131.400677420847927, 33.036042059660524 ], [ 131.400785880937264, 33.036410176751161 ], [ 131.400306395060142, 33.036607101193347 ], [ 131.400205268850129, 33.037069750593616 ], [ 131.399484740433991, 33.037463974770766 ], [ 131.400778473424225, 33.038539632508126 ], [ 131.401249407699709, 33.038559674147557 ], [ 131.401603980663651, 33.038807626972165 ], [ 131.402117166609401, 33.03873768435696 ], [ 131.402037662999646, 33.039086966130476 ], [ 131.402369118831132, 33.039336291219215 ], [ 131.402070558525764, 33.039716632509297 ], [ 131.401515452861219, 33.039811995284218 ], [ 131.401530714307086, 33.040105696401433 ], [ 131.401650701765874, 33.040352725483899 ], [ 131.402334807349547, 33.04038829168357 ], [ 131.402545727937223, 33.04066430053804 ], [ 131.402177094717189, 33.040967672507541 ], [ 131.402131601842399, 33.041319103071864 ], [ 131.401873193540013, 33.041443639395013 ], [ 131.401912343906645, 33.041673930984103 ], [ 131.402270026047745, 33.041922079393458 ], [ 131.402262340200053, 33.042199738832103 ], [ 131.401613182685395, 33.042502877223029 ], [ 131.401574433355137, 33.043022295892662 ], [ 131.401196508007956, 33.043234238999865 ], [ 131.40072269179376, 33.043183075232832 ], [ 131.4001961860763, 33.04373266423827 ], [ 131.399367778826559, 33.043921962519953 ], [ 131.399773707167469, 33.04476509007737 ], [ 131.401289960413038, 33.045315656808931 ], [ 131.402533562172806, 33.045242422295225 ], [ 131.402853378109199, 33.045611673677179 ], [ 131.402799148770328, 33.045990702263623 ], [ 131.40240979461845, 33.046338849362755 ], [ 131.400393297372119, 33.04728108512812 ], [ 131.402227750235113, 33.048193075355982 ], [ 131.403373398812676, 33.047830364647716 ], [ 131.404624677264223, 33.04788278184818 ], [ 131.405149559261844, 33.048419074554729 ], [ 131.405864216716481, 33.048683089878111 ], [ 131.406127323454996, 33.048958155749375 ], [ 131.405592155679784, 33.04944189315593 ], [ 131.40448570833243, 33.049699646923528 ], [ 131.404022079785989, 33.050152716405201 ], [ 131.403206790143457, 33.050430148604725 ], [ 131.402225067492651, 33.051157112284002 ], [ 131.402146742078429, 33.05145410683874 ], [ 131.402404542964717, 33.052546063012635 ], [ 131.402786776442241, 33.053387316251381 ], [ 131.403726859050522, 33.054255150678252 ], [ 131.404702062754097, 33.054435198412108 ], [ 131.40527491997392, 33.054744273595425 ], [ 131.405418163289227, 33.055573388285431 ], [ 131.406818157562071, 33.057162197203176 ], [ 131.406702602866943, 33.05734835826663 ], [ 131.405982425489753, 33.057560723716996 ], [ 131.407575628946176, 33.057533102560797 ], [ 131.408490285133354, 33.057890507229388 ], [ 131.410846635587859, 33.058209562403377 ], [ 131.411355381533099, 33.058442895196158 ], [ 131.412102618122987, 33.059098463631919 ], [ 131.412819743659554, 33.059271451923401 ], [ 131.413474453804412, 33.059176129305975 ], [ 131.41460941470848, 33.058633616709784 ] ] ] } },
{ "type": "Feature", "properties": { "CITY_NAME": "豊後大野市", "S_NAME": "朝地町綿田", "JINKO": 126, "medical_area": "44_豊肥医療圏", "町丁目名": "豊後大野市朝地町綿田" }, "geometry": { "type": "Polygon", "coordinates": [ [ [ 131.402868206460113, 33.045726025950586 ], [ 131.402533562172806, 33.045242422295225 ], [ 131.401289960413038, 33.045315656808931 ], [ 131.399773707167469, 33.04476509007737 ], [ 131.399585122036001, 33.044166618284592 ], [ 131.399360817761988, 33.043964133816097 ], [ 131.4001961860763, 33.04373266423827 ], [ 131.40072269179376, 33.043183075232832 ], [ 131.401196508007956, 33.043234238999865 ], [ 131.401510368098513, 33.043079703872166 ], [ 131.40167351766749, 33.042802219231227 ], [ 131.401613182685395, 33.042502877223029 ], [ 131.402262340200053, 33.042199738832103 ], [ 131.402270026047745, 33.041922079393458 ], [ 131.401851035405684, 33.041500371757877 ], [ 131.402545727937223, 33.04066430053804 ], [ 131.402334807349547, 33.04038829168357 ], [ 131.401650701765874, 33.040352725483899 ], [ 131.401488859669485, 33.039905659314172 ], [ 131.402070558525764, 33.039716632509297 ], [ 131.402369118831132, 33.039336291219215 ], [ 131.402037662999646, 33.039086966130476 ], [ 131.402117166609401, 33.03873768435696 ], [ 131.401603980663651, 33.038807626972165 ], [ 131.401249407699709, 33.038559674147557 ], [ 131.400778473424225, 33.038539632508126 ], [ 131.399484740433991, 33.037463974770766 ], [ 131.400205268850129, 33.037069750593616 ], [ 131.400306395060142, 33.036607101193347 ], [ 131.400785880937264, 33.036410176751161 ], [ 131.400677420847927, 33.036042059660524 ], [ 131.401264440212003, 33.035587087028738 ], [ 131.402047139681315, 33.035588420219668 ], [ 131.401306617197349, 33.034584862478958 ], [ 131.401471473788632, 33.034165049283047 ], [ 131.401941011609523, 33.03384267640002 ], [ 131.402395479317505, 33.033146175231259 ], [ 131.40325983797203, 33.032927083662067 ], [ 131.403277663007856, 33.032540325289595 ], [ 131.403611213940536, 33.032011027920433 ], [ 131.40711745118665, 33.032055279139698 ], [ 131.410475345906661, 33.031688993433086 ], [ 131.412789738755691, 33.032274525720524 ], [ 131.414390144046962, 33.032368290786856 ], [ 131.41520448891265, 33.032609071964899 ], [ 131.415505304229413, 33.032377542895269 ], [ 131.41553224286389, 33.031832632900993 ], [ 131.415848013707603, 33.031500033942358 ], [ 131.415905570560653, 33.031090868109217 ], [ 131.416589018844263, 33.031046847998972 ], [ 131.416736273257385, 33.03075423614208 ], [ 131.416595686460084, 33.030354074324684 ], [ 131.417445813840715, 33.029925568952031 ], [ 131.417473938086175, 33.029591611448701 ], [ 131.416832440901999, 33.029072115357927 ], [ 131.416920033123432, 33.028737967656376 ], [ 131.417266822057684, 33.028736805143751 ], [ 131.4179175061129, 33.028318642530508 ], [ 131.418684287564474, 33.028455579265156 ], [ 131.41885477938979, 33.028171827446918 ], [ 131.418394285139954, 33.027513750574123 ], [ 131.418499832687388, 33.027354402526136 ], [ 131.41982165768863, 33.027034251040163 ], [ 131.420583450735705, 33.027240963817555 ], [ 131.420739837661415, 33.027133456825787 ], [ 131.421012625240564, 33.026157366167219 ], [ 131.421783376523337, 33.025874526499003 ], [ 131.422112206914477, 33.025898580152209 ], [ 131.422960763117516, 33.026790181574597 ], [ 131.424327484174512, 33.026647424757407 ], [ 131.425358765817208, 33.027144765020118 ], [ 131.427965389593197, 33.027536654859276 ], [ 131.429239109093999, 33.027547987883246 ], [ 131.429760616446003, 33.027256723339136 ], [ 131.430430501949616, 33.026763576542109 ], [ 131.430702150807065, 33.025787277932849 ], [ 131.430386097996774, 33.024738285819524 ], [ 131.429689612700031, 33.024160237794725 ], [ 131.429448861384856, 33.022408384211943 ], [ 131.429911935885912, 33.022121466542679 ], [ 131.430150732328457, 33.021476624599202 ], [ 131.429816747904198, 33.020337224003242 ], [ 131.42950462123332, 33.020269260686618 ], [ 131.42955475117941, 33.019356971744045 ], [ 131.430290050549587, 33.017612598202795 ], [ 131.43072983655432, 33.017212492891986 ], [ 131.431276044763905, 33.016987410516435 ], [ 131.430653356485578, 33.016902506254681 ], [ 131.428510143976894, 33.017612767295965 ], [ 131.426765795170354, 33.01792882076186 ], [ 131.425844391824683, 33.018613883319787 ], [ 131.425792822491928, 33.018984223650001 ], [ 131.426029799076133, 33.019328274457102 ], [ 131.425904102267253, 33.019508650613531 ], [ 131.425637034688719, 33.019488732134626 ], [ 131.425367961502076, 33.019060644554123 ], [ 131.425031338059682, 33.018965991537719 ], [ 131.422263088565444, 33.019623570051742 ], [ 131.421933451841511, 33.019907427243126 ], [ 131.422016222893092, 33.020677717715643 ], [ 131.420678533053632, 33.021136249389428 ], [ 131.416729366798592, 33.016720151999316 ], [ 131.415100924034789, 33.015575397488448 ], [ 131.413163040049511, 33.014751141740064 ], [ 131.411704806222701, 33.014308665666178 ], [ 131.407979548414033, 33.014142243425788 ], [ 131.406738168732772, 33.013565767666044 ], [ 131.405874634859828, 33.012815059118672 ], [ 131.405107463942159, 33.012567406779539 ], [ 131.403784894120577, 33.012694192163117 ], [ 131.40214613295305, 33.012066393117337 ], [ 131.40048710162452, 33.01209025725818 ], [ 131.398782483277046, 33.011472931841176 ], [ 131.397522153693956, 33.01131534297398 ], [ 131.3966700947677, 33.011781468434144 ], [ 131.396300164716081, 33.011726519561066 ], [ 131.396100026896647, 33.011401727033792 ], [ 131.395181794686124, 33.012714690239271 ], [ 131.394917147122356, 33.013501930717347 ], [ 131.394983994026319, 33.014024596077242 ], [ 131.394041678027321, 33.014261847543253 ], [ 131.393216658992571, 33.014072059531955 ], [ 131.392174021372796, 33.014067008540216 ], [ 131.391817665058909, 33.014327487323307 ], [ 131.391494824222946, 33.015441181582261 ], [ 131.39074979771604, 33.016526930877376 ], [ 131.390563425911552, 33.017054572259028 ], [ 131.390147657396341, 33.017348692580832 ], [ 131.389561311117262, 33.017241787649915 ], [ 131.38840614085683, 33.016484131746139 ], [ 131.388058738185663, 33.016527049430792 ], [ 131.387691767728285, 33.016628590316486 ], [ 131.387504299448381, 33.016905254434377 ], [ 131.387427626365195, 33.017549673895637 ], [ 131.387170370750027, 33.017767993765219 ], [ 131.385374067875688, 33.016857544101839 ], [ 131.38511397889377, 33.016414961545102 ], [ 131.384199298852366, 33.016141702892369 ], [ 131.382997357872313, 33.016028277988575 ], [ 131.382600594017163, 33.016129881477013 ], [ 131.381820861791624, 33.017228194637397 ], [ 131.381345969349212, 33.017639580094304 ], [ 131.381228409065557, 33.018016399982166 ], [ 131.381416313414633, 33.018352681485759 ], [ 131.381365348553089, 33.018697807201107 ], [ 131.380924989280402, 33.020221732559023 ], [ 131.380500194865988, 33.020733322081135 ], [ 131.380838765275428, 33.022116801581738 ], [ 131.381178330935086, 33.022567513751717 ], [ 131.380130037212012, 33.023574578914427 ], [ 131.379404845203737, 33.024676853640159 ], [ 131.379082676257099, 33.025974499043819 ], [ 131.378419329249937, 33.026444982564691 ], [ 131.378537134653556, 33.027293740090315 ], [ 131.378978119217123, 33.028237721890747 ], [ 131.378684879630441, 33.029342876336592 ], [ 131.379758502380241, 33.029932279413416 ], [ 131.380641463204654, 33.029514304181497 ], [ 131.382299325802563, 33.029716587369073 ], [ 131.382698894349232, 33.029896071775852 ], [ 131.383032889197978, 33.03050088089325 ], [ 131.384159585346083, 33.030616735662463 ], [ 131.384735310396451, 33.030509547405956 ], [ 131.386320893831936, 33.030835931419844 ], [ 131.387059066804198, 33.03076992504937 ], [ 131.388046832664031, 33.031171112551043 ], [ 131.389315330205704, 33.030996862708911 ], [ 131.390302893304494, 33.031349383843207 ], [ 131.390886122208457, 33.031070698758256 ], [ 131.39220063920726, 33.030988200161978 ], [ 131.392262548238222, 33.031545393855431 ], [ 131.391736228767968, 33.032623619837146 ], [ 131.39177135678176, 33.03397790041155 ], [ 131.391521985758231, 33.035083998934375 ], [ 131.39045282023568, 33.036104038574024 ], [ 131.389074893947452, 33.036973379899294 ], [ 131.388629651324862, 33.037635334613682 ], [ 131.389860269943853, 33.038140393883822 ], [ 131.390267371543104, 33.037916675363917 ], [ 131.39167972861884, 33.037895389757303 ], [ 131.392039276989237, 33.038370589014299 ], [ 131.392575406484355, 33.038668847472948 ], [ 131.394145370675574, 33.038996417287166 ], [ 131.3952610546892, 33.040036541705021 ], [ 131.397318180334253, 33.040126605051412 ], [ 131.397904777427584, 33.040661729507356 ], [ 131.398624895037102, 33.042103042166865 ], [ 131.398585600183992, 33.042607336933365 ], [ 131.397720871623733, 33.043541793974633 ], [ 131.398223053639128, 33.044242641664177 ], [ 131.398879965880809, 33.044428648418148 ], [ 131.399031948484179, 33.044897822606103 ], [ 131.39940337306453, 33.045122198213861 ], [ 131.401880738470169, 33.045744162308395 ], [ 131.402160433384182, 33.046157190481097 ], [ 131.40197681832143, 33.046505725325396 ], [ 131.402681217103833, 33.046149822992696 ], [ 131.402868206460113, 33.045726025950586 ] ] ] } },
{ "type": "Feature", "properties": { "CITY_NAME": "豊後大野市", "S_NAME": "朝地町池田", "JINKO": 155, "medical_area": "44_豊肥医療圏", "町丁目名": "豊後大野市朝地町池田" }, "geometry": { "type": "Polygon", "coordinates": [ [ [ 131.444239988163986, 33.032480263918167 ], [ 131.443752644525688, 33.031458807246047 ], [ 131.44397946600543, 33.030532275392424 ], [ 131.444632618357588, 33.029994026721802 ], [ 131.445489392655958, 33.029712623449925 ], [ 131.445809660544001, 33.02934636923834 ], [ 131.446009549163136, 33.028517367473526 ], [ 131.446190834059934, 33.02834623952851 ], [ 131.447331546606932, 33.028478597777081 ], [ 131.448505895078995, 33.028011187294091 ], [ 131.450002553093555, 33.027735274889693 ], [ 131.450937600926892, 33.027380514932261 ], [ 131.450918460002441, 33.026309063747526 ], [ 131.451314000184055, 33.026100259214019 ], [ 131.451844486532138, 33.026204925002347 ], [ 131.452226597336193, 33.026036484608724 ], [ 131.452927445184343, 33.025359944374614 ], [ 131.453122067948385, 33.024639136645483 ], [ 131.453292436609985, 33.024529062431554 ], [ 131.453798480328771, 33.024532996827212 ], [ 131.454197782869556, 33.024895920559167 ], [ 131.455215021525419, 33.024985542663792 ], [ 131.456239988340855, 33.025283690002468 ], [ 131.457662462379744, 33.024778495273637 ], [ 131.457908899203119, 33.024445662264966 ], [ 131.458191744576226, 33.024352820345293 ], [ 131.458988470419797, 33.024613945770454 ], [ 131.460894554740463, 33.02454677302088 ], [ 131.462123683338916, 33.0226194265164 ], [ 131.462485114142936, 33.02249282821321 ], [ 131.462511901932942, 33.022226867214421 ], [ 131.461941077992549, 33.021906156050214 ], [ 131.461634163512969, 33.021399314804732 ], [ 131.461984989524467, 33.020229700277376 ], [ 131.462915786454147, 33.020262311360398 ], [ 131.4629251251894, 33.020049776351421 ], [ 131.462334862101869, 33.019710051442551 ], [ 131.462200978972021, 33.019461208836304 ], [ 131.463007336155897, 33.018942001914056 ], [ 131.463142058961893, 33.018648238429947 ], [ 131.462873719525192, 33.018512292252346 ], [ 131.462404457573228, 33.018923100733033 ], [ 131.461930958936961, 33.018891624857325 ], [ 131.46186827868766, 33.018754184349113 ], [ 131.462131487041944, 33.018444642659794 ], [ 131.461738035443602, 33.018097169532275 ], [ 131.462123008919349, 33.017742837573415 ], [ 131.461693736237919, 33.017516296806775 ], [ 131.4620434962263, 33.017064470290535 ], [ 131.461877843419842, 33.016271338119189 ], [ 131.459969219150111, 33.013854901147234 ], [ 131.462254326379849, 33.013062266662971 ], [ 131.459180709778792, 33.008204131237967 ], [ 131.45802981479585, 33.007948853109433 ], [ 131.45690292574605, 33.007427640124298 ], [ 131.456099599576703, 33.0073313630242 ], [ 131.455166710470223, 33.007655263882206 ], [ 131.454996365757239, 33.008014761790854 ], [ 131.453982211297557, 33.008618420338621 ], [ 131.453535335631528, 33.009389494834807 ], [ 131.452845115791519, 33.00989522287496 ], [ 131.452793917595073, 33.010118267064058 ], [ 131.452372528257371, 33.010334514084995 ], [ 131.451946965173846, 33.01023390724027 ], [ 131.452294757620962, 33.010724586231568 ], [ 131.452181447531046, 33.01092605015414 ], [ 131.451885456463231, 33.010893608346173 ], [ 131.450953864839988, 33.010269703361168 ], [ 131.445530289374091, 33.010554030064988 ], [ 131.444555932930825, 33.010321878186957 ], [ 131.444149286558996, 33.009784025444603 ], [ 131.443283521445238, 33.009627911284852 ], [ 131.442811608925894, 33.009953164359025 ], [ 131.442401534565249, 33.009962989305308 ], [ 131.442025295112359, 33.010284745262446 ], [ 131.440720184351505, 33.010506111651907 ], [ 131.440227159186804, 33.010967926950194 ], [ 131.440223211170093, 33.011727099561632 ], [ 131.439912320626775, 33.012043889269002 ], [ 131.439334435887929, 33.012073995999138 ], [ 131.438118528748817, 33.012829813792294 ], [ 131.437038725058159, 33.013002317618032 ], [ 131.436798988125048, 33.012831782269188 ], [ 131.435492251729983, 33.013310019326568 ], [ 131.43517446758807, 33.014997312095318 ], [ 131.434587705989259, 33.01590509172717 ], [ 131.434483830216607, 33.016614993743254 ], [ 131.433937838027276, 33.017391830189759 ], [ 131.433785054950334, 33.018156404267408 ], [ 131.433968796690039, 33.020005368870386 ], [ 131.433764032347625, 33.020726525655462 ], [ 131.433478056261038, 33.020978201221041 ], [ 131.433352001256907, 33.021389544879376 ], [ 131.433652483391597, 33.022250625540387 ], [ 131.433540018640741, 33.022466150017394 ], [ 131.433694512151845, 33.024241400675905 ], [ 131.43335934757377, 33.025753223561551 ], [ 131.43377424530226, 33.026738920925176 ], [ 131.433754308907453, 33.027132012765726 ], [ 131.432478104303613, 33.028533535389855 ], [ 131.432256731626723, 33.029865448110669 ], [ 131.430998235540443, 33.03221509882502 ], [ 131.42856132442347, 33.032869853351137 ], [ 131.427454343847444, 33.03387621766197 ], [ 131.427075906074123, 33.036376775784241 ], [ 131.434271080734248, 33.035653699895789 ], [ 131.445424961556654, 33.035017664292852 ], [ 131.444283379571601, 33.033788735372511 ], [ 131.444239988163986, 33.032480263918167 ] ] ] } },
{ "type": "Feature", "properties": { "CITY_NAME": "豊後大野市", "S_NAME": "朝地町市万田", "JINKO": 261, "medical_area": "44_豊肥医療圏", "町丁目名": "豊後大野市朝地町市万田" }, "geometry": { "type": "Polygon", "coordinates": [ [ [ 131.471996153873192, 33.02442729856859 ], [ 131.473626212947465, 33.024349407949352 ], [ 131.474046120161887, 33.022619371412596 ], [ 131.475029001594322, 33.021964879429966 ], [ 131.475373340745932, 33.020665319719761 ], [ 131.476977920749391, 33.020038129049794 ], [ 131.477431060619665, 33.018546057972578 ], [ 131.479292769636402, 33.017770354052679 ], [ 131.478856220635549, 33.015937209041219 ], [ 131.479643327630498, 33.015234080419184 ], [ 131.479600956392574, 33.014813782157198 ], [ 131.479434316545451, 33.014491564691717 ], [ 131.478528269160535, 33.013794878088603 ], [ 131.478788662931919, 33.013402330146235 ], [ 131.478135327870405, 33.013225381287931 ], [ 131.477689203225538, 33.012848189048192 ], [ 131.477575097127328, 33.012536043182777 ], [ 131.477736610793869, 33.011475728329508 ], [ 131.478361727652242, 33.010649277371598 ], [ 131.478571962779, 33.009509453620907 ], [ 131.478913675723163, 33.009290294584474 ], [ 131.48052773818668, 33.009327422521963 ], [ 131.481348375589079, 33.008899268858308 ], [ 131.481661980794684, 33.008548506464329 ], [ 131.481636155389765, 33.008119663121782 ], [ 131.480757302970147, 33.00781067055641 ], [ 131.48011349728452, 33.007279715053294 ], [ 131.479895641629241, 33.006815311198821 ], [ 131.479911137227646, 33.006064047422562 ], [ 131.480285694844866, 33.005575382143668 ], [ 131.481098460459549, 33.005251112604078 ], [ 131.482174680416705, 33.005135890916954 ], [ 131.483604740240111, 33.005274467913495 ], [ 131.484283748451759, 33.005085966274216 ], [ 131.484400139891619, 33.004880941816289 ], [ 131.484160312614875, 33.00423185551 ], [ 131.483935990387153, 33.00211772415075 ], [ 131.484395832385673, 33.001715607715084 ], [ 131.486718422253972, 33.001308548799607 ], [ 131.487261053295953, 33.001005851080926 ], [ 131.487707969794769, 33.000222690668011 ], [ 131.487307864132731, 32.999575145343272 ], [ 131.487043180012364, 32.998606717100508 ], [ 131.487040970702623, 32.998206728117943 ], [ 131.487337979908631, 32.99789190517852 ], [ 131.48670056712993, 32.997771238438638 ], [ 131.485816993925596, 32.998158321012781 ], [ 131.48562269224692, 32.998831468854121 ], [ 131.486148334975042, 32.99967234898763 ], [ 131.485558660011975, 33.000282070109641 ], [ 131.484244341798302, 33.00043040957376 ], [ 131.483971183224213, 33.000723504140481 ], [ 131.482011428089493, 33.000522193947866 ], [ 131.480591928663102, 33.001240818776111 ], [ 131.480346598144138, 33.001534376738896 ], [ 131.479357296419806, 33.001589329653633 ], [ 131.479083184068486, 33.001841487519734 ], [ 131.477759446509594, 33.002281625354811 ], [ 131.476923441752291, 33.002826977490521 ], [ 131.47645608428877, 33.003471270334003 ], [ 131.475773695264934, 33.003817261062927 ], [ 131.475285029164525, 33.004289119696999 ], [ 131.474426522834563, 33.004356703000013 ], [ 131.474202187815365, 33.003940606642857 ], [ 131.473942032243542, 33.003829565030451 ], [ 131.473536715768205, 33.004254904320952 ], [ 131.472242456016488, 33.004795404579561 ], [ 131.471822705955503, 33.004592759899687 ], [ 131.471181999082916, 33.004723081112409 ], [ 131.470208104731967, 33.005741689691789 ], [ 131.468424985804404, 33.008596219227492 ], [ 131.467840243177164, 33.008152338188154 ], [ 131.466619902528919, 33.006648030365881 ], [ 131.466628588316553, 33.006281399189731 ], [ 131.467025011091636, 33.005993801741305 ], [ 131.466066203225296, 33.006093920978074 ], [ 131.465930997725508, 33.006568584558224 ], [ 131.465581304461637, 33.006839754841188 ], [ 131.465526953164868, 33.007291880095075 ], [ 131.465312004215917, 33.007517234518467 ], [ 131.46273910865321, 33.007704734229527 ], [ 131.461176176390126, 33.007513781997631 ], [ 131.459180709778792, 33.008204131237967 ], [ 131.462254326379849, 33.013062266662971 ], [ 131.459969219150111, 33.013854901147234 ], [ 131.461877843419842, 33.016271338119189 ], [ 131.4620434962263, 33.017064470290535 ], [ 131.461693736237919, 33.017516296806775 ], [ 131.462123008919349, 33.017742837573415 ], [ 131.461738035443602, 33.018097169532275 ], [ 131.462131487041944, 33.018444642659794 ], [ 131.46186827868766, 33.018754184349113 ], [ 131.461930958936961, 33.018891624857325 ], [ 131.462404457573228, 33.018923100733033 ], [ 131.462873719525192, 33.018512292252346 ], [ 131.463142058961893, 33.018648238429947 ], [ 131.463007336155897, 33.018942001914056 ], [ 131.462200978972021, 33.019461208836304 ], [ 131.462334862101869, 33.019710051442551 ], [ 131.4629251251894, 33.020049776351421 ], [ 131.462915786454147, 33.020262311360398 ], [ 131.461984989524467, 33.020229700277376 ], [ 131.461634163512969, 33.021399314804732 ], [ 131.461941077992549, 33.021906156050214 ], [ 131.462511901932942, 33.022226867214421 ], [ 131.462485114142936, 33.02249282821321 ], [ 131.462270875384831, 33.022590005846844 ], [ 131.463413554936182, 33.023058955621579 ], [ 131.465342812440099, 33.023104980652725 ], [ 131.467217594873745, 33.022559881260101 ], [ 131.469510401976549, 33.023579269029213 ], [ 131.471007537933332, 33.023804679670739 ], [ 131.471541387516055, 33.02431692831955 ], [ 131.471996153873192, 33.02442729856859 ] ] ] } },
{ "type": "Feature", "properties": { "CITY_NAME": "豊後大野市", "S_NAME": "朝地町板井迫", "JINKO": 272, "medical_area": "44_豊肥医療圏", "町丁目名": "豊後大野市朝地町板井迫" }, "geometry": { "type": "Polygon", "coordinates": [ [ [ 131.433986236522031, 33.019870154465409 ], [ 131.433791575509758, 33.018700250408244 ], [ 131.433937838027276, 33.017391830189759 ], [ 131.434483830216607, 33.016614993743254 ], [ 131.434587705989259, 33.01590509172717 ], [ 131.43517446758807, 33.014997312095318 ], [ 131.435492251729983, 33.013310019326568 ], [ 131.436798988125048, 33.012831782269188 ], [ 131.437038725058159, 33.013002317618032 ], [ 131.438118528748817, 33.012829813792294 ], [ 131.439334435887929, 33.012073995999138 ], [ 131.439912320626775, 33.012043889269002 ], [ 131.440223211170093, 33.011727099561632 ], [ 131.440227159186804, 33.010967926950194 ], [ 131.440720184351505, 33.010506111651907 ], [ 131.442025295112359, 33.010284745262446 ], [ 131.442401534565249, 33.009962989305308 ], [ 131.442811608925894, 33.009953164359025 ], [ 131.443283521445238, 33.009627911284852 ], [ 131.444149286558996, 33.009784025444603 ], [ 131.444555932930825, 33.010321878186957 ], [ 131.445530289374091, 33.010554030064988 ], [ 131.450953864839988, 33.010269703361168 ], [ 131.451885456463231, 33.010893608346173 ], [ 131.452181447531046, 33.01092605015414 ], [ 131.452294757620962, 33.010724586231568 ], [ 131.451946965173846, 33.01023390724027 ], [ 131.452372528257371, 33.010334514084995 ], [ 131.452793917595073, 33.010118267064058 ], [ 131.452845115791519, 33.00989522287496 ], [ 131.453535335631528, 33.009389494834807 ], [ 131.454234571628803, 33.00839478181468 ], [ 131.454996365757239, 33.008014761790854 ], [ 131.455166710470223, 33.007655263882206 ], [ 131.456099599576703, 33.0073313630242 ], [ 131.455212663927597, 33.006634492561211 ], [ 131.454103121649666, 33.006196115772731 ], [ 131.452716126544544, 33.006360453107952 ], [ 131.451051664092063, 33.00624555389215 ], [ 131.450218962608858, 33.006493309898296 ], [ 131.448849455097502, 33.006604789239979 ], [ 131.448689992912051, 33.006230996398124 ], [ 131.448783066919304, 33.005378947035545 ], [ 131.449437012875279, 33.004648032241775 ], [ 131.449544647861501, 33.004267971540905 ], [ 131.448827741601747, 33.003484750088511 ], [ 131.44949861667925, 33.002920447540411 ], [ 131.449517746740923, 33.002030792004376 ], [ 131.448928571052136, 33.002161509490172 ], [ 131.446850561328887, 33.001992340797315 ], [ 131.444960025613284, 33.002433611119862 ], [ 131.444796697126804, 33.002690118199254 ], [ 131.444783892766395, 33.003368074485557 ], [ 131.445373736388547, 33.004062125661356 ], [ 131.445351222276798, 33.004289583380313 ], [ 131.444983479230757, 33.00459806277059 ], [ 131.444353953353527, 33.004624228901889 ], [ 131.443438850118071, 33.004348222641582 ], [ 131.442635990359491, 33.003804543195884 ], [ 131.442497132842021, 33.003399180606571 ], [ 131.441918519476644, 33.003172491984813 ], [ 131.439411567333281, 33.004963458921971 ], [ 131.437572778692868, 33.006013959146834 ], [ 131.437288918038519, 33.005709399108667 ], [ 131.437601395862487, 33.004568699538638 ], [ 131.437453870058562, 33.00440028915483 ], [ 131.437204756627864, 33.004458843116552 ], [ 131.436475918679804, 33.005384273307115 ], [ 131.435954160303254, 33.005715345898224 ], [ 131.435592168417315, 33.005646916924746 ], [ 131.435361230551138, 33.005924845812281 ], [ 131.434740864176547, 33.006819720364064 ], [ 131.434795020041946, 33.007400414160145 ], [ 131.43316183766683, 33.007726311170131 ], [ 131.432855942089958, 33.00837380325833 ], [ 131.431768487570054, 33.00970158846868 ], [ 131.431332823439931, 33.011166174516248 ], [ 131.43206987133658, 33.011810111470467 ], [ 131.432684424922513, 33.013152126991429 ], [ 131.432189049765896, 33.013403821167635 ], [ 131.43219851336994, 33.014022125257156 ], [ 131.431762532802196, 33.015229278992216 ], [ 131.43191354700059, 33.016143122589568 ], [ 131.431276044763905, 33.016987410516435 ], [ 131.43072983655432, 33.017212492891986 ], [ 131.430290050549587, 33.017612598202795 ], [ 131.429938155348708, 33.018211670187881 ], [ 131.42955475117941, 33.019356971744045 ], [ 131.42950462123332, 33.020269260686618 ], [ 131.429816747904198, 33.020337224003242 ], [ 131.42983440751226, 33.020735681205352 ], [ 131.430116772372941, 33.020796025102527 ], [ 131.430952557574756, 33.019867396901716 ], [ 131.430899096258315, 33.020685219946465 ], [ 131.431296236649871, 33.021284646341407 ], [ 131.432082813714061, 33.021794112112211 ], [ 131.433248841370698, 33.022052398019333 ], [ 131.433540018640741, 33.022466150017394 ], [ 131.433652483391597, 33.022250625540387 ], [ 131.433352001256907, 33.021389544879376 ], [ 131.433478056261038, 33.020978201221041 ], [ 131.433764032347625, 33.020726525655462 ], [ 131.433986236522031, 33.019870154465409 ] ] ] } },
{ "type": "Feature", "properties": { "CITY_NAME": "豊後大野市", "S_NAME": "朝地町朝地", "JINKO": 382, "medical_area": "44_豊肥医療圏", "町丁目名": "豊後大野市朝地町朝地" }, "geometry": { "type": "Polygon", "coordinates": [ [ [ 131.422026554670282, 33.01974645350672 ], [ 131.425220729965588, 33.018971224957866 ], [ 131.425637034688719, 33.019488732134626 ], [ 131.425904102267253, 33.019508650613531 ], [ 131.426029799076133, 33.019328274457102 ], [ 131.425792822491928, 33.018984223650001 ], [ 131.425844391824683, 33.018613883319787 ], [ 131.426765795170354, 33.01792882076186 ], [ 131.428510143976894, 33.017612767295965 ], [ 131.430653356485578, 33.016902506254681 ], [ 131.431276044763905, 33.016987410516435 ], [ 131.431949605583014, 33.016027256638957 ], [ 131.431762532802196, 33.015229278992216 ], [ 131.43219851336994, 33.014022125257156 ], [ 131.432189049765896, 33.013403821167635 ], [ 131.432684424922513, 33.013152126991429 ], [ 131.43206987133658, 33.011810111470467 ], [ 131.431332823439931, 33.011166174516248 ], [ 131.431768487570054, 33.00970158846868 ], [ 131.432855942089958, 33.00837380325833 ], [ 131.43316183766683, 33.007726311170131 ], [ 131.434795020041946, 33.007400414160145 ], [ 131.434772652875239, 33.006738217472865 ], [ 131.435592168417315, 33.005646916924746 ], [ 131.435715266229892, 33.004830708996629 ], [ 131.435581805021314, 33.004538652757901 ], [ 131.435236227855086, 33.004364750788724 ], [ 131.434453872212913, 33.004367471108317 ], [ 131.432286350340235, 33.005075397602006 ], [ 131.431933935115069, 33.004887473081737 ], [ 131.430873613070844, 33.00476140597776 ], [ 131.428834826022154, 33.005033922512958 ], [ 131.428286582107347, 33.005332318915137 ], [ 131.427982961921458, 33.005325604124181 ], [ 131.427652648025912, 33.005037973382969 ], [ 131.427151485121016, 33.003661771992888 ], [ 131.427017604032045, 33.00356145782024 ], [ 131.426412396406732, 33.003966627956203 ], [ 131.424591265300563, 33.002147223264387 ], [ 131.423778044197405, 33.000915484002292 ], [ 131.423087340397558, 33.000280216662361 ], [ 131.421138544170162, 32.999145335636669 ], [ 131.418209070611482, 32.998275342717008 ], [ 131.417427811826116, 32.997896156296783 ], [ 131.417249360986546, 32.998567959211066 ], [ 131.417394177623095, 32.999128736022641 ], [ 131.41726461871616, 33.000213847237148 ], [ 131.417478341707465, 33.001096015610074 ], [ 131.41799088011436, 33.001863667866047 ], [ 131.41804222275303, 33.003225653850571 ], [ 131.41621590976473, 33.003181315718592 ], [ 131.414993712011892, 33.00387054441363 ], [ 131.414517588181127, 33.003955783994044 ], [ 131.412709902198344, 33.003794463560098 ], [ 131.410136377398061, 33.006542700171188 ], [ 131.409759978392856, 33.006736346575011 ], [ 131.409278299454883, 33.006700280703548 ], [ 131.408545161878465, 33.007045677148767 ], [ 131.40711168291358, 33.008380498752267 ], [ 131.406200192471459, 33.008801751371202 ], [ 131.404003208858057, 33.009281542179004 ], [ 131.402602687997899, 33.009152213852296 ], [ 131.399451142764008, 33.009325473142297 ], [ 131.398301092759255, 33.009697235789439 ], [ 131.397485407603284, 33.009365219408394 ], [ 131.39692015823573, 33.009525986456232 ], [ 131.39617760381978, 33.009996836743774 ], [ 131.396100026896647, 33.011401727033792 ], [ 131.396445845203232, 33.011777084539091 ], [ 131.397522153693956, 33.01131534297398 ], [ 131.398782483277046, 33.011472931841176 ], [ 131.40048710162452, 33.01209025725818 ], [ 131.40214613295305, 33.012066393117337 ], [ 131.403784894120577, 33.012694192163117 ], [ 131.404892244464463, 33.012522808563197 ], [ 131.405874634859828, 33.012815059118672 ], [ 131.406738168732772, 33.013565767666044 ], [ 131.407752201009231, 33.014089628762527 ], [ 131.411704806222701, 33.014308665666178 ], [ 131.412684298730227, 33.014548248126438 ], [ 131.415100924034789, 33.015575397488448 ], [ 131.416729366798592, 33.016720151999316 ], [ 131.420678533053632, 33.021136249389428 ], [ 131.422016222893092, 33.020677717715643 ], [ 131.422026554670282, 33.01974645350672 ] ] ] } },
{ "type": "Feature", "properties": { "CITY_NAME": "豊後大野市", "S_NAME": "朝地町下野", "JINKO": 182, "medical_area": "44_豊肥医療圏", "町丁目名": "豊後大野市朝地町下野" }, "geometry": { "type": "Polygon", "coordinates": [ [ [ 131.468424985804404, 33.008596219227492 ], [ 131.470889194015285, 33.004909846290339 ], [ 131.471181999082916, 33.004723081112409 ], [ 131.471822705955503, 33.004592759899687 ], [ 131.472242456016488, 33.004795404579561 ], [ 131.473536715768205, 33.004254904320952 ], [ 131.473942032243542, 33.003829565030451 ], [ 131.474202187815365, 33.003940606642857 ], [ 131.474426522834563, 33.004356703000013 ], [ 131.474923642651078, 33.004236744837712 ], [ 131.473769697460568, 33.003388888335415 ], [ 131.473528632576176, 33.002791561006767 ], [ 131.473215041696108, 33.002553385025706 ], [ 131.470574929284169, 33.003741715641787 ], [ 131.470083302369403, 33.003620899755305 ], [ 131.469593500956989, 33.003182387958205 ], [ 131.467946781120531, 33.002559214612347 ], [ 131.467014707290843, 33.002592908292677 ], [ 131.466515085404922, 33.002365151764295 ], [ 131.465959825568859, 33.00155874331395 ], [ 131.463294367158142, 32.999310840530875 ], [ 131.46273883191256, 32.998920953772412 ], [ 131.461078549155445, 32.998252936065519 ], [ 131.459038431734285, 32.996375220832356 ], [ 131.458552648570503, 32.997008128629815 ], [ 131.457569479799645, 32.997497614570214 ], [ 131.45657392488701, 32.997776316870777 ], [ 131.455721094816226, 32.997718891067997 ], [ 131.455325058953349, 32.997521655260343 ], [ 131.454505921398464, 32.997569458742085 ], [ 131.453864287708853, 32.997351952004585 ], [ 131.452814941023433, 32.997332052521621 ], [ 131.452185403822085, 32.997573790868039 ], [ 131.451293286304974, 32.997467790114356 ], [ 131.450600542317943, 32.997570283662569 ], [ 131.449614497642642, 32.996798843908024 ], [ 131.448744289416766, 32.997308516504205 ], [ 131.447118453317159, 32.997706095150228 ], [ 131.444467333582594, 32.997678095088865 ], [ 131.443983819392855, 32.997437010417308 ], [ 131.442584863998576, 32.997302715333923 ], [ 131.441832288473591, 32.997562963043904 ], [ 131.442101648013391, 32.997937089694183 ], [ 131.442055639093979, 32.9990668348293 ], [ 131.442427218121452, 32.999434513403244 ], [ 131.442233072276935, 33.000073333577923 ], [ 131.442257899373601, 33.001540877867711 ], [ 131.443181065808801, 33.002305118620562 ], [ 131.444281487443789, 33.002594267021543 ], [ 131.446850561328887, 33.001992340797315 ], [ 131.448928571052136, 33.002161509490172 ], [ 131.449517746740923, 33.002030792004376 ], [ 131.44949861667925, 33.002920447540411 ], [ 131.448827741601747, 33.003484750088511 ], [ 131.449544647861501, 33.004267971540905 ], [ 131.449437012875279, 33.004648032241775 ], [ 131.448783066919304, 33.005378947035545 ], [ 131.448689992912051, 33.006230996398124 ], [ 131.448849455097502, 33.006604789239979 ], [ 131.450218962608858, 33.006493309898296 ], [ 131.451051664092063, 33.00624555389215 ], [ 131.452716126544544, 33.006360453107952 ], [ 131.454103121649666, 33.006196115772731 ], [ 131.455212663927597, 33.006634492561211 ], [ 131.456099599576703, 33.0073313630242 ], [ 131.457152286361037, 33.007474406657487 ], [ 131.45802981479585, 33.007948853109433 ], [ 131.459180709778792, 33.008204131237967 ], [ 131.461176176390126, 33.007513781997631 ], [ 131.46273910865321, 33.007704734229527 ], [ 131.465312004215917, 33.007517234518467 ], [ 131.465526953164868, 33.007291880095075 ], [ 131.465581304461637, 33.006839754841188 ], [ 131.465930997725508, 33.006568584558224 ], [ 131.466066203225296, 33.006093920978074 ], [ 131.467025011091636, 33.005993801741305 ], [ 131.466628588316553, 33.006281399189731 ], [ 131.466619902528919, 33.006648030365881 ], [ 131.467840243177164, 33.008152338188154 ], [ 131.468424985804404, 33.008596219227492 ] ] ] } },
{ "type": "Feature", "properties": { "CITY_NAME": "豊後大野市", "S_NAME": "朝地町宮生", "JINKO": 77, "medical_area": "44_豊肥医療圏", "町丁目名": "豊後大野市朝地町宮生" }, "geometry": { "type": "Polygon", "coordinates": [ [ [ 131.477309829079616, 33.002563305435949 ], [ 131.479083184068486, 33.001841487519734 ], [ 131.479357296419806, 33.001589329653633 ], [ 131.480346598144138, 33.001534376738896 ], [ 131.480591928663102, 33.001240818776111 ], [ 131.482011428089493, 33.000522193947866 ], [ 131.483971183224213, 33.000723504140481 ], [ 131.484244341798302, 33.00043040957376 ], [ 131.485558660011975, 33.000282070109641 ], [ 131.486148334975042, 32.99967234898763 ], [ 131.48562269224692, 32.998831468854121 ], [ 131.485849422636164, 32.998118736010717 ], [ 131.48670056712993, 32.997771238438638 ], [ 131.487337979908631, 32.99789190517852 ], [ 131.489675784168895, 32.997431229486075 ], [ 131.490787880141397, 32.997055643431601 ], [ 131.49136495467198, 32.996564767953323 ], [ 131.49082648241324, 32.995819571921288 ], [ 131.490402419702406, 32.994697880908952 ], [ 131.488512022656266, 32.994879771896386 ], [ 131.487437457604273, 32.994381289283595 ], [ 131.487087566033779, 32.993685847188239 ], [ 131.487141085533636, 32.992553684710096 ], [ 131.486985567590665, 32.991866731092095 ], [ 131.486075641723261, 32.990670033758768 ], [ 131.485894628714078, 32.99004223279573 ], [ 131.485425409457719, 32.989661108495874 ], [ 131.484979394944077, 32.988733912500265 ], [ 131.484978422197429, 32.988556974529267 ], [ 131.485504862499255, 32.988073670452366 ], [ 131.485745127124915, 32.987242006568479 ], [ 131.486940587650139, 32.986465359799325 ], [ 131.48776573174203, 32.985417188517111 ], [ 131.488126172265112, 32.985190651656701 ], [ 131.488262247424899, 32.984584039773345 ], [ 131.487974719867509, 32.984443780805002 ], [ 131.487332577159208, 32.983661857224121 ], [ 131.485178326947477, 32.983271853161753 ], [ 131.484419130299045, 32.982836607351487 ], [ 131.483762435849883, 32.982221714360357 ], [ 131.483585497391658, 32.981759329442092 ], [ 131.483046021102183, 32.981223640120476 ], [ 131.482538225232048, 32.979104552238205 ], [ 131.48220258071575, 32.978842721240838 ], [ 131.481985098743138, 32.978935335579429 ], [ 131.481829429380952, 32.980367803703146 ], [ 131.481947994003093, 32.983451374371242 ], [ 131.48160930552001, 32.983966681479387 ], [ 131.481173925376538, 32.984072377636522 ], [ 131.480461154270614, 32.983940487646443 ], [ 131.479609817564807, 32.983044240155813 ], [ 131.478534398291885, 32.984266041869503 ], [ 131.477167483909398, 32.985057447516958 ], [ 131.476927876610858, 32.985444443158627 ], [ 131.476526869054396, 32.985277492910036 ], [ 131.471704219224023, 32.985948564169291 ], [ 131.470234262108335, 32.986964932558671 ], [ 131.469393545482433, 32.987185699255562 ], [ 131.468626684112763, 32.987195587641736 ], [ 131.467391159693335, 32.986842201648948 ], [ 131.466189399053434, 32.986912329550087 ], [ 131.465501675126887, 32.987502979228722 ], [ 131.466054993952469, 32.988526471935089 ], [ 131.465526219819509, 32.989490886154776 ], [ 131.465603993066139, 32.990027043508121 ], [ 131.46523049667482, 32.990249327001514 ], [ 131.465128926833899, 32.990525814755678 ], [ 131.465551778772493, 32.990784570091805 ], [ 131.466975751865363, 32.990834483901565 ], [ 131.466958531481993, 32.991118548058203 ], [ 131.464906891271113, 32.991047306566045 ], [ 131.464693092530666, 32.991355762936038 ], [ 131.464732206885628, 32.991671177921098 ], [ 131.465184524552228, 32.992182271588369 ], [ 131.46781620241282, 32.992902666971716 ], [ 131.467955981943049, 32.99347825595445 ], [ 131.467642400194478, 32.994115257506905 ], [ 131.467072411089902, 32.994608720258874 ], [ 131.4663620453112, 32.994785277386178 ], [ 131.464998278043964, 32.995448080173873 ], [ 131.464317215315845, 32.995340924710113 ], [ 131.463912964982683, 32.995722026176601 ], [ 131.462690581951222, 32.996155304036094 ], [ 131.462151002348179, 32.996038676072992 ], [ 131.461598023595599, 32.995661121039909 ], [ 131.459038431734285, 32.996375220832356 ], [ 131.461078549155445, 32.998252936065519 ], [ 131.46273883191256, 32.998920953772412 ], [ 131.463294367158142, 32.999310840530875 ], [ 131.465959825568859, 33.00155874331395 ], [ 131.466515085404922, 33.002365151764295 ], [ 131.467014707290843, 33.002592908292677 ], [ 131.467946781120531, 33.002559214612347 ], [ 131.469593500956989, 33.003182387958205 ], [ 131.470172055060772, 33.003668665450917 ], [ 131.470574929284169, 33.003741715641787 ], [ 131.471449761147369, 33.003452194294589 ], [ 131.472179766513534, 33.002941538011733 ], [ 131.473215041696108, 33.002553385025706 ], [ 131.473528632576176, 33.002791561006767 ], [ 131.473769697460568, 33.003388888335415 ], [ 131.474923642651078, 33.004236744837712 ], [ 131.475285029164525, 33.004289119696999 ], [ 131.475773695264934, 33.003817261062927 ], [ 131.47645608428877, 33.003471270334003 ], [ 131.476830554290387, 33.002904141920922 ], [ 131.477309829079616, 33.002563305435949 ] ] ] } },
{ "type": "Feature", "properties": { "CITY_NAME": "豊後大野市", "S_NAME": "朝地町上尾塚", "JINKO": 169, "medical_area": "44_豊肥医療圏", "町丁目名": "豊後大野市朝地町上尾塚" }, "geometry": { "type": "Polygon", "coordinates": [ [ [ 131.444783892766395, 33.003368074485557 ], [ 131.444865370400152, 33.002514049737634 ], [ 131.4435669621447, 33.002506927960383 ], [ 131.442279630378835, 33.001606313773443 ], [ 131.442233072276935, 33.000073333577923 ], [ 131.442427218121452, 32.999434513403244 ], [ 131.442055639093979, 32.9990668348293 ], [ 131.442101648013391, 32.997937089694183 ], [ 131.441832288473591, 32.997562963043904 ], [ 131.442584863998576, 32.997302715333923 ], [ 131.443983819392855, 32.997437010417308 ], [ 131.444467333582594, 32.997678095088865 ], [ 131.447118453317159, 32.997706095150228 ], [ 131.448744289416766, 32.997308516504205 ], [ 131.449614497642642, 32.996798843908024 ], [ 131.450600542317943, 32.997570283662569 ], [ 131.451293286304974, 32.997467790114356 ], [ 131.452185403822085, 32.997573790868039 ], [ 131.452978834567062, 32.997322254388408 ], [ 131.454004927921062, 32.997372490112802 ], [ 131.454505921398464, 32.997569458742085 ], [ 131.454331165506062, 32.996279598326034 ], [ 131.453181294985512, 32.995541775779003 ], [ 131.452681766978685, 32.994959729736131 ], [ 131.452173190312379, 32.993427640116053 ], [ 131.452481324401418, 32.992798454145479 ], [ 131.452270953756027, 32.992758569536619 ], [ 131.45120689264499, 32.990791167853018 ], [ 131.450559197377231, 32.99007963227811 ], [ 131.450030332453565, 32.989988819082114 ], [ 131.44802064937403, 32.992058791900007 ], [ 131.447603073334648, 32.992213256132672 ], [ 131.446287639130105, 32.992255026293421 ], [ 131.445488019929456, 32.991970471834072 ], [ 131.445347802009024, 32.991451800940276 ], [ 131.446569509192955, 32.988666165526205 ], [ 131.445773661291497, 32.98749159220236 ], [ 131.445044796940579, 32.987039915526964 ], [ 131.444251796688604, 32.986963927385098 ], [ 131.443875413472, 32.987095053587701 ], [ 131.442250865460466, 32.988041802125956 ], [ 131.441462243226681, 32.988299539203148 ], [ 131.44069140361745, 32.988260528686268 ], [ 131.440021944189084, 32.987572203206405 ], [ 131.439293454620525, 32.987190018362085 ], [ 131.438905155683955, 32.987145031067229 ], [ 131.435927673213683, 32.987776576541748 ], [ 131.435399044517908, 32.987736701510244 ], [ 131.434753303725074, 32.987391284795031 ], [ 131.434525620091222, 32.986979525153551 ], [ 131.434606134175596, 32.98656669405004 ], [ 131.436741014202397, 32.985289148105331 ], [ 131.436869663960039, 32.984588737471135 ], [ 131.436510327626365, 32.984270147223711 ], [ 131.435612976426228, 32.984240828381431 ], [ 131.434777079197232, 32.984952958794139 ], [ 131.434019105353997, 32.985280068885302 ], [ 131.433562387778778, 32.9853094725066 ], [ 131.433215364255858, 32.985250410566906 ], [ 131.432804586719698, 32.98454724589395 ], [ 131.432933244820106, 32.983842214021266 ], [ 131.433386549755795, 32.983126777171336 ], [ 131.434900832345846, 32.981573277754585 ], [ 131.435687078968698, 32.980291154519307 ], [ 131.435719722148463, 32.979655989544682 ], [ 131.435479789097741, 32.978993951561868 ], [ 131.434386279303823, 32.978130579829042 ], [ 131.434020628059869, 32.978093371180037 ], [ 131.432812435502399, 32.978597768316128 ], [ 131.431144543981731, 32.979690506826081 ], [ 131.43009569442853, 32.980088512099783 ], [ 131.429433297831338, 32.980100410002869 ], [ 131.428587067963065, 32.979882070489637 ], [ 131.425897903722671, 32.980006693547111 ], [ 131.425371431537286, 32.979787241738613 ], [ 131.425368469068644, 32.979171625462456 ], [ 131.426995308536391, 32.977838611174576 ], [ 131.426764467994417, 32.977339192624086 ], [ 131.426067219426898, 32.977226145914713 ], [ 131.423833871741635, 32.978311100173052 ], [ 131.422748062662549, 32.978141630755175 ], [ 131.422328925162333, 32.977815825295096 ], [ 131.422168527583835, 32.978699252558364 ], [ 131.421452004732487, 32.979067443775868 ], [ 131.419629003464053, 32.979615930359081 ], [ 131.419197312795319, 32.980096653662024 ], [ 131.419349482009579, 32.980625869739129 ], [ 131.419047139735966, 32.981566520055971 ], [ 131.41804793743367, 32.982288787813829 ], [ 131.417858202051832, 32.983298429383979 ], [ 131.417530443101612, 32.98361484414572 ], [ 131.416893474882215, 32.984991743269944 ], [ 131.417779180613479, 32.985581563648147 ], [ 131.418209900569792, 32.986469302219405 ], [ 131.418480343796233, 32.986695419978972 ], [ 131.419738488074444, 32.986918213902243 ], [ 131.420296383778265, 32.98779921173238 ], [ 131.421107545022039, 32.98842710546667 ], [ 131.421289020800856, 32.988830088096634 ], [ 131.421294666225862, 32.990015646620151 ], [ 131.421054665059927, 32.991473209194439 ], [ 131.420412054999588, 32.991664566761763 ], [ 131.420235088582274, 32.992220109116097 ], [ 131.421684366313485, 32.994651040506042 ], [ 131.423221592727771, 32.995254764259307 ], [ 131.425484763712717, 32.995520301100868 ], [ 131.427146013807544, 32.997218160271132 ], [ 131.427997701472435, 32.997776909065202 ], [ 131.429290641118257, 32.997824833489652 ], [ 131.430241695344449, 32.997573672190263 ], [ 131.430948170564733, 32.997837718486238 ], [ 131.432103701449705, 32.997653018825119 ], [ 131.433990371143665, 32.998063440862026 ], [ 131.434302590957316, 32.998532064880514 ], [ 131.434848137687624, 32.998810596570479 ], [ 131.436239260907598, 32.999057335254655 ], [ 131.436833365290767, 32.999626998620336 ], [ 131.437944235400579, 33.000188182269227 ], [ 131.439889832843278, 33.001982059762192 ], [ 131.442497132842021, 33.003399180606571 ], [ 131.442635990359491, 33.003804543195884 ], [ 131.443438850118071, 33.004348222641582 ], [ 131.444353953353527, 33.004624228901889 ], [ 131.445196026775903, 33.004501568749248 ], [ 131.445373736388547, 33.004062125661356 ], [ 131.444783892766395, 33.003368074485557 ] ] ] } },
{ "type": "Feature", "properties": { "CITY_NAME": "豊後大野市", "S_NAME": "朝地町坪泉", "JINKO": 142, "medical_area": "44_豊肥医療圏", "町丁目名": "豊後大野市朝地町坪泉" }, "geometry": { "type": "Polygon", "coordinates": [ [ [ 131.439411567333281, 33.004963458921971 ], [ 131.441918519476644, 33.003172491984813 ], [ 131.441338382567039, 33.002707282522813 ], [ 131.439889832843278, 33.001982059762192 ], [ 131.437944235400579, 33.000188182269227 ], [ 131.436833365290767, 32.999626998620336 ], [ 131.436239260907598, 32.999057335254655 ], [ 131.434848137687624, 32.998810596570479 ], [ 131.434302590957316, 32.998532064880514 ], [ 131.433990371143665, 32.998063440862026 ], [ 131.432103701449705, 32.997653018825119 ], [ 131.430948170564733, 32.997837718486238 ], [ 131.430241695344449, 32.997573672190263 ], [ 131.429290641118257, 32.997824833489652 ], [ 131.427997701472435, 32.997776909065202 ], [ 131.427146013807544, 32.997218160271132 ], [ 131.425484763712717, 32.995520301100868 ], [ 131.423221592727771, 32.995254764259307 ], [ 131.421754839168671, 32.994712256881179 ], [ 131.421284766838568, 32.993843945562617 ], [ 131.42073382828741, 32.993240037762291 ], [ 131.420749691188831, 32.993429171309238 ], [ 131.419692845829985, 32.994643542550307 ], [ 131.419448959456957, 32.99686418217204 ], [ 131.419151804185702, 32.997331841364449 ], [ 131.41780539684018, 32.997462490031083 ], [ 131.417427811826116, 32.997896156296783 ], [ 131.418209070611482, 32.998275342717008 ], [ 131.421138544170162, 32.999145335636669 ], [ 131.423087340397558, 33.000280216662361 ], [ 131.423778044197405, 33.000915484002292 ], [ 131.424591265300563, 33.002147223264387 ], [ 131.426412396406732, 33.003966627956203 ], [ 131.427017604032045, 33.00356145782024 ], [ 131.427151485121016, 33.003661771992888 ], [ 131.427652648025912, 33.005037973382969 ], [ 131.427982961921458, 33.005325604124181 ], [ 131.428286582107347, 33.005332318915137 ], [ 131.428834826022154, 33.005033922512958 ], [ 131.430873613070844, 33.00476140597776 ], [ 131.431933935115069, 33.004887473081737 ], [ 131.432286350340235, 33.005075397602006 ], [ 131.434102126010828, 33.004426369362669 ], [ 131.435236227855086, 33.004364750788724 ], [ 131.435685207848593, 33.004686613827133 ], [ 131.435537635486554, 33.005498777219046 ], [ 131.435769071948215, 33.005736792869051 ], [ 131.436475918679804, 33.005384273307115 ], [ 131.437204756627864, 33.004458843116552 ], [ 131.437453870058562, 33.00440028915483 ], [ 131.437626728125821, 33.004754011642987 ], [ 131.437288918038519, 33.005709399108667 ], [ 131.437572778692868, 33.006013959146834 ], [ 131.439411567333281, 33.004963458921971 ] ] ] } },
{ "type": "Feature", "properties": { "CITY_NAME": "豊後大野市", "S_NAME": "朝地町志賀", "JINKO": 63, "medical_area": "44_豊肥医療圏", "町丁目名": "豊後大野市朝地町志賀" }, "geometry": { "type": "Polygon", "coordinates": [ [ [ 131.457285493914071, 32.997604423723637 ], [ 131.458552648570503, 32.997008128629815 ], [ 131.458863347291725, 32.996491383428086 ], [ 131.459418836045842, 32.996186013565151 ], [ 131.461598023595599, 32.995661121039909 ], [ 131.462151002348179, 32.996038676072985 ], [ 131.462690581951222, 32.996155304036094 ], [ 131.463912964982683, 32.995722026176608 ], [ 131.464317215315845, 32.995340924710113 ], [ 131.464998278043964, 32.995448080173873 ], [ 131.466362045311172, 32.99478527738615 ], [ 131.467072411089902, 32.994608720258874 ], [ 131.467642400194478, 32.994115257506891 ], [ 131.467955981943049, 32.99347825595445 ], [ 131.46781620241282, 32.992902666971716 ], [ 131.465184524552228, 32.992182271588398 ], [ 131.464732206885628, 32.991671177921077 ], [ 131.464693092530638, 32.991355762936038 ], [ 131.464906891271113, 32.991047306566038 ], [ 131.466958531481993, 32.991118548058175 ], [ 131.466975751865363, 32.990834483901565 ], [ 131.465551778772493, 32.990784570091805 ], [ 131.465128926833899, 32.990525814755642 ], [ 131.46523049667482, 32.990249327001514 ], [ 131.465603993066139, 32.990027043508121 ], [ 131.465526219819509, 32.989490886154776 ], [ 131.466054993952469, 32.988526471935089 ], [ 131.465501675126859, 32.987502979228722 ], [ 131.466189399053434, 32.986912329550087 ], [ 131.460970327436968, 32.987826059768629 ], [ 131.458642767817167, 32.987454484591339 ], [ 131.457057391013166, 32.987427822059686 ], [ 131.456502630182086, 32.987661620927284 ], [ 131.456130273168583, 32.988033806130254 ], [ 131.4555140295613, 32.990210091940753 ], [ 131.454839111939805, 32.991162805984843 ], [ 131.453728869890824, 32.992250289520044 ], [ 131.452751435594251, 32.992498988509645 ], [ 131.452173190312379, 32.993427640116053 ], [ 131.452902893703936, 32.995294645923785 ], [ 131.454331165506062, 32.996279598326034 ], [ 131.454505921398464, 32.997569458742085 ], [ 131.455325058953349, 32.997521655260343 ], [ 131.455721094816226, 32.997718891067997 ], [ 131.456405302458961, 32.997776930132325 ], [ 131.457285493914071, 32.997604423723637 ] ] ] } },
{ "type": "Feature", "properties": { "CITY_NAME": "豊後大野市", "S_NAME": "大野町田中", "JINKO": 1178, "medical_area": "44_豊肥医療圏", "町丁目名": "豊後大野市大野町田中" }, "geometry": { "type": "Polygon", "coordinates": [ [ [ 131.478984578502178, 33.072130505941928 ], [ 131.480124017181907, 33.072101742217072 ], [ 131.481874000598225, 33.069461951213434 ], [ 131.482312417275011, 33.068664485498552 ], [ 131.483025718293021, 33.066075773972678 ], [ 131.484822246991342, 33.065143207643672 ], [ 131.488270767669746, 33.063824379329908 ], [ 131.488700969639751, 33.063171200674411 ], [ 131.488918649968525, 33.062424956589673 ], [ 131.490269211071222, 33.061264937624877 ], [ 131.490690954091747, 33.059641358895824 ], [ 131.491355775630382, 33.05876108625953 ], [ 131.491637174420703, 33.057474118587294 ], [ 131.492201377732528, 33.056166475112825 ], [ 131.492391808411128, 33.054297428451527 ], [ 131.494137218128259, 33.051868450306898 ], [ 131.495673134716498, 33.050378794875591 ], [ 131.496481954438792, 33.049231894118975 ], [ 131.498742673717771, 33.047033630615111 ], [ 131.499232304331798, 33.04606399286547 ], [ 131.501545382047738, 33.046732663975568 ], [ 131.502622311856385, 33.046715170361743 ], [ 131.504021723780909, 33.046100819663884 ], [ 131.505545171590683, 33.046036839403008 ], [ 131.505988664347115, 33.045350209726671 ], [ 131.506911512832346, 33.045021065378918 ], [ 131.506992768166441, 33.045239094725048 ], [ 131.506356073493265, 33.046270420699997 ], [ 131.50658206646159, 33.046975628996705 ], [ 131.506537972613245, 33.047389694343465 ], [ 131.509194829111863, 33.047742644719037 ], [ 131.509454694311358, 33.047585721934304 ], [ 131.509729357268753, 33.046941387589008 ], [ 131.510083882710632, 33.046867092007751 ], [ 131.509515342683301, 33.046461272269603 ], [ 131.509644370670941, 33.045939611886062 ], [ 131.509554464878931, 33.045557182515559 ], [ 131.509113808291545, 33.045729019216317 ], [ 131.508968252516269, 33.045283241425878 ], [ 131.510064993976329, 33.045085909547417 ], [ 131.511187006429566, 33.045186287961855 ], [ 131.512389499028387, 33.044343591292872 ], [ 131.511879384460741, 33.043995534498336 ], [ 131.512597378578619, 33.042955756549567 ], [ 131.512631489740102, 33.041799348127313 ], [ 131.512289859497486, 33.041793499276821 ], [ 131.512005012622012, 33.042132136910134 ], [ 131.511612177309132, 33.041993503472234 ], [ 131.511376113452712, 33.041483275873858 ], [ 131.511561191981571, 33.040793108922898 ], [ 131.511316379281368, 33.040519491654109 ], [ 131.510696763238826, 33.040837339551814 ], [ 131.510742551479268, 33.041234517580961 ], [ 131.510212948286664, 33.041128825948853 ], [ 131.509655431253435, 33.040191962890866 ], [ 131.508865085362601, 33.039664080010297 ], [ 131.508518273753538, 33.0391262501876 ], [ 131.508398841310736, 33.03816045590483 ], [ 131.507287547490364, 33.038227386181582 ], [ 131.506889003982025, 33.038415540732331 ], [ 131.50642893830468, 33.036990827653241 ], [ 131.506102632680239, 33.03651739532026 ], [ 131.506184317564362, 33.03611157579968 ], [ 131.505920512114699, 33.036123361453704 ], [ 131.506314331016057, 33.03535360480975 ], [ 131.505119455660235, 33.035351177360809 ], [ 131.504390105270375, 33.03516021454891 ], [ 131.503574600551445, 33.035238132221451 ], [ 131.503612157552055, 33.0354437715866 ], [ 131.503448111961291, 33.035496154666653 ], [ 131.503216659369116, 33.035124200440102 ], [ 131.50131796679031, 33.033799408559119 ], [ 131.501442621083726, 33.034255101486075 ], [ 131.500135541463976, 33.034167629943589 ], [ 131.499596758421035, 33.034358052369171 ], [ 131.498656567098891, 33.034400891858411 ], [ 131.497771113193892, 33.034072623873925 ], [ 131.496024516829635, 33.035091245798554 ], [ 131.493712478572178, 33.035590911966494 ], [ 131.493120804889514, 33.036049296592012 ], [ 131.492857745054977, 33.036471915301618 ], [ 131.493038437654519, 33.036814909456822 ], [ 131.492718870925842, 33.037423495967694 ], [ 131.492023086234923, 33.03788046291708 ], [ 131.491695859978648, 33.03834710072092 ], [ 131.493435897142859, 33.038925380159633 ], [ 131.494463592871199, 33.039920806230192 ], [ 131.493794076106752, 33.040156509720212 ], [ 131.493453434943888, 33.040534848052545 ], [ 131.492547317303973, 33.040618032268448 ], [ 131.490147937029775, 33.041298129400666 ], [ 131.487774870907032, 33.042673046145396 ], [ 131.48743967549575, 33.043073709732013 ], [ 131.487685994027004, 33.043472530576658 ], [ 131.487643916851766, 33.044000013765825 ], [ 131.486381931993975, 33.046722726489698 ], [ 131.485577562270407, 33.047934440272229 ], [ 131.483760538230854, 33.049941871805594 ], [ 131.481423092089614, 33.051454347022755 ], [ 131.47941816003285, 33.051815861771267 ], [ 131.477418181703371, 33.052759576813379 ], [ 131.476557444282832, 33.052951225962332 ], [ 131.475902265385145, 33.053881200101053 ], [ 131.474248579516001, 33.05491971815642 ], [ 131.47381065813849, 33.055410315756269 ], [ 131.473375054795099, 33.056902775739644 ], [ 131.472354862509803, 33.057024574111352 ], [ 131.472049318984148, 33.05843752948558 ], [ 131.47092996749177, 33.058982197636034 ], [ 131.469686155751418, 33.059249018047417 ], [ 131.468854677447524, 33.060171212066436 ], [ 131.466984449941663, 33.0633159568686 ], [ 131.466882579842974, 33.064158482275815 ], [ 131.467115754160943, 33.064852039096458 ], [ 131.467574602356223, 33.065534606752976 ], [ 131.470662683836622, 33.069317394069657 ], [ 131.47118148360704, 33.069881451938521 ], [ 131.472058268404339, 33.069806972486589 ], [ 131.474853866238931, 33.070292484188762 ], [ 131.475210477674239, 33.070820956240645 ], [ 131.475335621347114, 33.071374329800364 ], [ 131.475876865678117, 33.072011531670555 ], [ 131.477194514517208, 33.071886420236531 ], [ 131.477452139549342, 33.071993544144789 ], [ 131.477753024926841, 33.071752176454964 ], [ 131.478222164148121, 33.071663643913368 ], [ 131.478984578502178, 33.072130505941928 ] ] ] } },
{ "type": "Feature", "properties": { "CITY_NAME": "豊後大野市", "S_NAME": "大野町藤北", "JINKO": 146, "medical_area": "44_豊肥医療圏", "町丁目名": "豊後大野市大野町藤北" }, "geometry": { "type": "Polygon", "coordinates": [ [ [ 131.507764624016431, 33.076885993301637 ], [ 131.50757883453872, 33.074555497004241 ], [ 131.507249928021196, 33.073361644015911 ], [ 131.507462711052284, 33.072079514443288 ], [ 131.507838464588247, 33.071501679610456 ], [ 131.509254499993119, 33.070200814456641 ], [ 131.509451289792423, 33.069706911927696 ], [ 131.509217372229131, 33.069070598978705 ], [ 131.509231617669116, 33.068434768157829 ], [ 131.510387182517263, 33.067926214268859 ], [ 131.510947906721412, 33.067018803350052 ], [ 131.511775448689207, 33.066325529182222 ], [ 131.511117613724394, 33.063374704463506 ], [ 131.511450872941367, 33.061303177161733 ], [ 131.511520159089685, 33.059309398552877 ], [ 131.512770345352919, 33.057764225430141 ], [ 131.51291229841749, 33.055893248822002 ], [ 131.512767260452733, 33.055340795919278 ], [ 131.51316406649093, 33.05272850291643 ], [ 131.514393849359891, 33.04996904704231 ], [ 131.514384371893897, 33.049612411536188 ], [ 131.51421345096324, 33.049298810597421 ], [ 131.513568209484504, 33.04885717965314 ], [ 131.511584523350081, 33.048091266828266 ], [ 131.510253278919691, 33.048086806303957 ], [ 131.507851143970612, 33.04848936248915 ], [ 131.507166728334028, 33.048422297846976 ], [ 131.506532333627149, 33.0480407898471 ], [ 131.505841231857659, 33.046804056116322 ], [ 131.505063472374133, 33.0460612722365 ], [ 131.504021723780909, 33.046100819663884 ], [ 131.502622311856385, 33.046715170361743 ], [ 131.502161538940129, 33.046750497056614 ], [ 131.501545382047738, 33.046732663975568 ], [ 131.499240466669335, 33.046057920276219 ], [ 131.498742673717771, 33.047033630615111 ], [ 131.496481954438792, 33.049231894118975 ], [ 131.495673134716498, 33.050378794875591 ], [ 131.494137218128259, 33.051868450306898 ], [ 131.492391808411128, 33.054297428451527 ], [ 131.492201377732528, 33.056166475112825 ], [ 131.491637174420703, 33.057474118587294 ], [ 131.491355775630382, 33.05876108625953 ], [ 131.490690954091747, 33.059641358895824 ], [ 131.490269211071222, 33.061264937624877 ], [ 131.488918649968525, 33.062424956589673 ], [ 131.488700969639751, 33.063171200674411 ], [ 131.488270767669746, 33.063824379329908 ], [ 131.484822246991342, 33.065143207643672 ], [ 131.483025718293021, 33.066075773972678 ], [ 131.482312417275011, 33.068664485498552 ], [ 131.48100524790587, 33.070912565860269 ], [ 131.480124017181907, 33.072101742217072 ], [ 131.480500756528386, 33.072478368846681 ], [ 131.482431685913042, 33.07338740850286 ], [ 131.482755093373015, 33.073771475850137 ], [ 131.482599659140874, 33.07546539807435 ], [ 131.481959314637919, 33.078112657862306 ], [ 131.482107475083779, 33.078812735377518 ], [ 131.482607822322933, 33.079063043963892 ], [ 131.48371583429531, 33.078881289378025 ], [ 131.4840434152174, 33.078578413025042 ], [ 131.484316324171147, 33.078729502663705 ], [ 131.48575378550521, 33.078877416859839 ], [ 131.486132367454132, 33.078431153524775 ], [ 131.486327228156057, 33.076834649422999 ], [ 131.485389448643559, 33.074932525427222 ], [ 131.485177140051718, 33.07411125394065 ], [ 131.485410798377444, 33.073759361419619 ], [ 131.48656786815647, 33.073854970314578 ], [ 131.488721672390511, 33.074465842926827 ], [ 131.489465427739617, 33.074982086379372 ], [ 131.490341160430944, 33.075122798249673 ], [ 131.491367248262037, 33.076127641527449 ], [ 131.492561270359545, 33.075938862749439 ], [ 131.49409839259701, 33.076183710441839 ], [ 131.49541670102613, 33.076173174585179 ], [ 131.496132200725299, 33.077012451749965 ], [ 131.498506421741837, 33.081089456864142 ], [ 131.498768135655524, 33.081787722879987 ], [ 131.498584983152938, 33.082362318714679 ], [ 131.498801172213632, 33.083282296803631 ], [ 131.499219496750896, 33.084030658448889 ], [ 131.4995823691157, 33.084368186719928 ], [ 131.500758327892726, 33.084695786971551 ], [ 131.501062289419451, 33.085556706314776 ], [ 131.50171470270314, 33.086163982175009 ], [ 131.501930337494116, 33.087310686956783 ], [ 131.502555637397734, 33.086810710024167 ], [ 131.503255047360824, 33.084902353450723 ], [ 131.504241963895083, 33.08324479967078 ], [ 131.505537232802396, 33.081584814643328 ], [ 131.506496695300967, 33.07858113049361 ], [ 131.507059529888693, 33.07756399799068 ], [ 131.507764624016431, 33.076885993301637 ] ] ] } },
{ "type": "Feature", "properties": { "CITY_NAME": "豊後大野市", "S_NAME": "大野町宮迫", "JINKO": 111, "medical_area": "44_豊肥医療圏", "町丁目名": "豊後大野市大野町宮迫" }, "geometry": { "type": "Polygon", "coordinates": [ [ [ 131.52481971829144, 33.048218732240628 ], [ 131.52500196408954, 33.047636306997994 ], [ 131.524974368569815, 33.046953925540549 ], [ 131.526460333132661, 33.046194870252329 ], [ 131.527288371725433, 33.045537340344396 ], [ 131.528823872592369, 33.043193398575013 ], [ 131.531379083635443, 33.041654206881624 ], [ 131.526334739022587, 33.042356985769395 ], [ 131.524843032418573, 33.042123643119261 ], [ 131.524419583396764, 33.041939622564925 ], [ 131.523969354082993, 33.041378727948064 ], [ 131.523132340233161, 33.03922929809891 ], [ 131.522427110968863, 33.038894524638884 ], [ 131.521805807580449, 33.038967507228961 ], [ 131.520964096121304, 33.038640247823814 ], [ 131.519905400767215, 33.03794505912164 ], [ 131.519271965864164, 33.037283083220643 ], [ 131.518337571981817, 33.036792781853791 ], [ 131.517891703903416, 33.03685777042341 ], [ 131.51485788985741, 33.038519713271157 ], [ 131.51347813940535, 33.03946362649156 ], [ 131.512889972090619, 33.039613379678862 ], [ 131.511130131891605, 33.039662658293693 ], [ 131.51044569905369, 33.039531616588434 ], [ 131.509661738488916, 33.039175662626292 ], [ 131.509199615774861, 33.038584884230538 ], [ 131.508398841310736, 33.03816045590483 ], [ 131.508518273753538, 33.0391262501876 ], [ 131.508865085362601, 33.039664080010297 ], [ 131.509655431253435, 33.040191962890866 ], [ 131.510212948286664, 33.041128825948853 ], [ 131.510742551479268, 33.041234517580961 ], [ 131.510696763238826, 33.040837339551814 ], [ 131.511316379281368, 33.040519491654109 ], [ 131.511561191981571, 33.040793108922898 ], [ 131.511376113452712, 33.041483275873858 ], [ 131.511612177309132, 33.041993503472234 ], [ 131.512005012622012, 33.042132136910134 ], [ 131.512289859497486, 33.041793499276821 ], [ 131.512631489740102, 33.041799348127313 ], [ 131.512597378578619, 33.042955756549567 ], [ 131.511879384460741, 33.043995534498336 ], [ 131.512389499028387, 33.044343591292872 ], [ 131.511187006429566, 33.045186287961855 ], [ 131.510064993976329, 33.045085909547417 ], [ 131.508968252516269, 33.045283241425878 ], [ 131.509113808291545, 33.045729019216317 ], [ 131.509554464878931, 33.045557182515559 ], [ 131.509644370670941, 33.045939611886062 ], [ 131.509515342683301, 33.046461272269603 ], [ 131.510083882710632, 33.046867092007751 ], [ 131.509729357268753, 33.046941387589008 ], [ 131.509454694311358, 33.047585721934304 ], [ 131.509194829111863, 33.047742644719037 ], [ 131.506537972613245, 33.047389694343465 ], [ 131.50658206646159, 33.046975628996705 ], [ 131.506356073493265, 33.046270420699997 ], [ 131.506992768166441, 33.045239094725048 ], [ 131.506911512832346, 33.045021065378918 ], [ 131.505988664347115, 33.045350209726671 ], [ 131.505545171590683, 33.046036839403008 ], [ 131.505063472374133, 33.0460612722365 ], [ 131.505841231857659, 33.046804056116322 ], [ 131.506532333627149, 33.0480407898471 ], [ 131.507166728334028, 33.048422297846976 ], [ 131.507851143970612, 33.04848936248915 ], [ 131.510253278919691, 33.048086806303957 ], [ 131.511584523350081, 33.048091266828266 ], [ 131.513568209484504, 33.04885717965314 ], [ 131.51421345096324, 33.049298810597421 ], [ 131.514384371893897, 33.049612411536188 ], [ 131.514393849359891, 33.04996904704231 ], [ 131.51316406649093, 33.05272850291643 ], [ 131.512767260452733, 33.055340795919278 ], [ 131.51291229841749, 33.055893248822002 ], [ 131.512770345352919, 33.057764225430141 ], [ 131.511520159089685, 33.059309398552877 ], [ 131.511450872941367, 33.061303177161733 ], [ 131.511117613724394, 33.063374704463506 ], [ 131.511775448689207, 33.066325529182222 ], [ 131.513043921558335, 33.064649802356591 ], [ 131.513918310236619, 33.062860570146569 ], [ 131.514993347582532, 33.06122736173517 ], [ 131.515295422023769, 33.060540824761553 ], [ 131.515703026964218, 33.058533665002585 ], [ 131.51713059269062, 33.056462873899058 ], [ 131.517745556090148, 33.055956561354904 ], [ 131.520148824653774, 33.05493454863727 ], [ 131.52200238847243, 33.053698481539165 ], [ 131.522326167839651, 33.05320196467563 ], [ 131.522993330593749, 33.050950154954812 ], [ 131.523750780278448, 33.04963356951076 ], [ 131.52481971829144, 33.048218732240628 ] ] ] } },
{ "type": "Feature", "properties": { "CITY_NAME": "豊後大野市", "S_NAME": "大野町片島", "JINKO": 135, "medical_area": "44_豊肥医療圏", "町丁目名": "豊後大野市大野町片島" }, "geometry": { "type": "Polygon", "coordinates": [ [ [ 131.540366096243133, 33.033935563174843 ], [ 131.542061952860109, 33.033432685287586 ], [ 131.543830473932388, 33.033530141100236 ], [ 131.544141740443678, 33.0327965943697 ], [ 131.544121815984909, 33.030661689403956 ], [ 131.543986917570294, 33.029545251364944 ], [ 131.543505874344078, 33.028027274019394 ], [ 131.542400767473822, 33.026668300274565 ], [ 131.541402250440541, 33.024962384368266 ], [ 131.54124057492055, 33.024315352058942 ], [ 131.541261309322948, 33.023075106756302 ], [ 131.540993140092098, 33.022167651121819 ], [ 131.538422450734174, 33.018264014600717 ], [ 131.539846254195027, 33.014138977360481 ], [ 131.53995089418919, 33.012433381386309 ], [ 131.539549006041142, 33.011715421369594 ], [ 131.537343990820375, 33.010157157685178 ], [ 131.536362519298223, 33.010132437826137 ], [ 131.534979037868851, 33.010436334772194 ], [ 131.533639704815243, 33.010103651452205 ], [ 131.532243618306325, 33.011973115716579 ], [ 131.531473937165799, 33.012075400196224 ], [ 131.530466589953619, 33.012564678340695 ], [ 131.529385605536703, 33.012795371262527 ], [ 131.528713320438385, 33.013272926366362 ], [ 131.527868293698276, 33.014531812494184 ], [ 131.523670257012924, 33.015787536801113 ], [ 131.522141638562914, 33.015569396456272 ], [ 131.521693894174888, 33.015814797206893 ], [ 131.520766115920992, 33.019782326908121 ], [ 131.520713274706765, 33.021208825104218 ], [ 131.520195017511696, 33.022457948737738 ], [ 131.519694436194726, 33.023160718702179 ], [ 131.520133352644166, 33.023857936335297 ], [ 131.51824068331419, 33.025053997886822 ], [ 131.519231625502954, 33.027152478894457 ], [ 131.520258815726322, 33.02843328734231 ], [ 131.52195020966434, 33.029568846977291 ], [ 131.522623948576751, 33.030503653539263 ], [ 131.523772524128958, 33.031356977775779 ], [ 131.527915799378633, 33.030747258635159 ], [ 131.530500660758292, 33.029909715147362 ], [ 131.530809772984441, 33.03004303096818 ], [ 131.532156042045472, 33.031523827057534 ], [ 131.533793914766875, 33.031964926238153 ], [ 131.534541595024876, 33.032371677523905 ], [ 131.535156653074353, 33.033238401331161 ], [ 131.535228711656032, 33.033744668094222 ], [ 131.538047167513128, 33.033571931070263 ], [ 131.540366096243133, 33.033935563174843 ] ] ] } },
{ "type": "Feature", "properties": { "CITY_NAME": "豊後大野市", "S_NAME": "大野町田代", "JINKO": 195, "medical_area": "44_豊肥医療圏", "町丁目名": "豊後大野市大野町田代" }, "geometry": { "type": "Polygon", "coordinates": [ [ [ 131.515322205500524, 33.038245650656421 ], [ 131.51818756833606, 33.036778367860919 ], [ 131.519271965864164, 33.037283083220643 ], [ 131.519905400767215, 33.03794505912164 ], [ 131.520964096121304, 33.038640247823814 ], [ 131.521805807580449, 33.038967507228961 ], [ 131.522427110968863, 33.038894524638884 ], [ 131.521773715045867, 33.03817771890575 ], [ 131.521488720706714, 33.034931645007383 ], [ 131.521554664048068, 33.034194117583894 ], [ 131.521798149677181, 33.033674047586707 ], [ 131.521747403625881, 33.033231116985483 ], [ 131.520954600859397, 33.031601215997554 ], [ 131.522623948576751, 33.030503653539263 ], [ 131.52195020966434, 33.029568846977291 ], [ 131.520258815726322, 33.02843328734231 ], [ 131.519617260967493, 33.027675145575429 ], [ 131.518863258315889, 33.026501095042434 ], [ 131.51824068331419, 33.025053997886822 ], [ 131.520133352644166, 33.023857936335297 ], [ 131.519974893461239, 33.023433923598027 ], [ 131.516345082889643, 33.019799663488641 ], [ 131.514941897127159, 33.018967375271309 ], [ 131.513675419514215, 33.018544449933856 ], [ 131.512395974238359, 33.018622895613738 ], [ 131.512041333664058, 33.019429651340744 ], [ 131.51105866469328, 33.020066824112831 ], [ 131.508960065638291, 33.020643226278693 ], [ 131.50794364500635, 33.020724511748611 ], [ 131.505431403934608, 33.020435877090293 ], [ 131.503017907156533, 33.021800943806362 ], [ 131.501074274881745, 33.023211574584792 ], [ 131.500351131354989, 33.024715997939161 ], [ 131.499703058417708, 33.027010101436467 ], [ 131.498556646983474, 33.027380699790555 ], [ 131.494956569121115, 33.029256300526534 ], [ 131.497424154489863, 33.030556562017523 ], [ 131.499350429232777, 33.031072812350487 ], [ 131.500085488077673, 33.031754867715946 ], [ 131.500989849458762, 33.03358229347436 ], [ 131.503216659369116, 33.035124200440102 ], [ 131.503448111961291, 33.035496154666653 ], [ 131.503612157552055, 33.0354437715866 ], [ 131.503574600551445, 33.035238132221451 ], [ 131.504390105270375, 33.03516021454891 ], [ 131.505119455660235, 33.035351177360809 ], [ 131.506314331016057, 33.03535360480975 ], [ 131.505920512114699, 33.036123361453704 ], [ 131.506184317564362, 33.03611157579968 ], [ 131.506102632680239, 33.03651739532026 ], [ 131.50642893830468, 33.036990827653241 ], [ 131.506889003982025, 33.038415540732331 ], [ 131.507287547490364, 33.038227386181582 ], [ 131.508398841310736, 33.03816045590483 ], [ 131.509013127436987, 33.038444292622252 ], [ 131.509998365561387, 33.039353001993277 ], [ 131.51084613936257, 33.039635245308816 ], [ 131.511849530103461, 33.039664237548436 ], [ 131.51347813940535, 33.03946362649156 ], [ 131.515322205500524, 33.038245650656421 ] ] ] } },
{ "type": "Feature", "properties": { "CITY_NAME": "豊後大野市", "S_NAME": "大野町中原", "JINKO": 194, "medical_area": "44_豊肥医療圏", "町丁目名": "豊後大野市大野町中原" }, "geometry": { "type": "Polygon", "coordinates": [ [ [ 131.501074274881745, 33.023211574584792 ], [ 131.504010104306531, 33.021179622254053 ], [ 131.505431403934608, 33.020435877090293 ], [ 131.508183222092583, 33.020731460402075 ], [ 131.509391623776281, 33.020546500103563 ], [ 131.51105866469328, 33.020066824112831 ], [ 131.512041333664058, 33.019429651340744 ], [ 131.512395974238359, 33.018622895613738 ], [ 131.513675419514215, 33.018544449933856 ], [ 131.514941897127159, 33.018967375271309 ], [ 131.516027156225249, 33.019543105472678 ], [ 131.519694436194726, 33.023160718702179 ], [ 131.520195017511696, 33.022457948737738 ], [ 131.520713274706765, 33.021208825104218 ], [ 131.520831584325549, 33.02049655519388 ], [ 131.52072263073029, 33.020065051186243 ], [ 131.521001356509487, 33.019210842069967 ], [ 131.521172913560122, 33.017683340493491 ], [ 131.521693894174888, 33.015814797206893 ], [ 131.521900843047149, 33.015594732217885 ], [ 131.523493151455881, 33.015823591472447 ], [ 131.527868293698276, 33.014531812494184 ], [ 131.528713320438385, 33.013272926366362 ], [ 131.529385605536703, 33.012795371262527 ], [ 131.530466589953619, 33.012564678340695 ], [ 131.531473937165799, 33.012075400196224 ], [ 131.532243618306325, 33.011973115716579 ], [ 131.533639704815243, 33.010103651452205 ], [ 131.534979037868851, 33.010436334772194 ], [ 131.536362519298223, 33.010132437826137 ], [ 131.537343990820375, 33.010157157685178 ], [ 131.537591370462934, 33.009054998631321 ], [ 131.538482050741379, 33.008052948081264 ], [ 131.53879091188233, 33.007212945576612 ], [ 131.539625237069032, 33.006497846483391 ], [ 131.53792234325141, 33.00476400940682 ], [ 131.536919455858623, 33.004471196199084 ], [ 131.536376901962655, 33.003441648093876 ], [ 131.535920810768715, 33.003303077939755 ], [ 131.535900822264864, 33.002756121181385 ], [ 131.535597318588771, 33.002630948411877 ], [ 131.535317155951986, 33.002023882429462 ], [ 131.535312281650306, 33.001438537052387 ], [ 131.533978075288871, 33.001162394440264 ], [ 131.532988271534492, 33.000694308273459 ], [ 131.529874241523942, 33.000254351433085 ], [ 131.52865938483589, 33.001444638362301 ], [ 131.527037105365082, 33.002254847721623 ], [ 131.525924722697482, 33.003127182638877 ], [ 131.525125797264934, 33.003452949401535 ], [ 131.521457123730045, 33.003562065848854 ], [ 131.519547363582774, 33.003084731402417 ], [ 131.518954458156429, 33.002455726009288 ], [ 131.517955981277908, 33.002011684437136 ], [ 131.515833039725607, 33.001837583716302 ], [ 131.514703806509431, 33.001556053314431 ], [ 131.51408085674791, 33.001087865769009 ], [ 131.511658857474742, 32.998574769442939 ], [ 131.51125867324572, 32.998477707288863 ], [ 131.51010891862785, 32.998630443401545 ], [ 131.509303354942091, 32.998423241776578 ], [ 131.508955630183436, 32.998759947620812 ], [ 131.510207458051639, 33.000183122259955 ], [ 131.510250172334679, 33.000420991688884 ], [ 131.509345019809842, 33.002072105150042 ], [ 131.508541746802081, 33.002268404206021 ], [ 131.508598026584082, 33.002474281228011 ], [ 131.509517261025962, 33.003264519127519 ], [ 131.509446128611359, 33.003470507086874 ], [ 131.509214083169553, 33.003863256685776 ], [ 131.507010704909902, 33.005573594646251 ], [ 131.505880907208905, 33.006150212244933 ], [ 131.504914033426701, 33.006306293446364 ], [ 131.504667610316858, 33.007217094810471 ], [ 131.505304409643657, 33.007946671009343 ], [ 131.505392730714902, 33.008266424904427 ], [ 131.504531738870412, 33.008894053696132 ], [ 131.504270340849928, 33.009306697238024 ], [ 131.504010201017877, 33.010739648947158 ], [ 131.503072091262254, 33.011933765447736 ], [ 131.502789743983783, 33.013832358347621 ], [ 131.50250694012243, 33.014314429533535 ], [ 131.499522550956527, 33.018010873477905 ], [ 131.497793733835039, 33.019172023227455 ], [ 131.496991202120967, 33.020276187174879 ], [ 131.495400929911909, 33.021694919338358 ], [ 131.494087238730714, 33.022359071036334 ], [ 131.492888215472419, 33.022618573540512 ], [ 131.492269597136811, 33.02305269604971 ], [ 131.491321636110968, 33.023911205412858 ], [ 131.489523072779093, 33.026266650591374 ], [ 131.491297833373068, 33.028302082287304 ], [ 131.492555180634611, 33.028648125631719 ], [ 131.49443218858292, 33.029708681264346 ], [ 131.49529300402466, 33.029023186595339 ], [ 131.498556646983474, 33.027380699790555 ], [ 131.499703058417708, 33.027010101436467 ], [ 131.500351131354989, 33.024715997939161 ], [ 131.501074274881745, 33.023211574584792 ] ] ] } },
{ "type": "Feature", "properties": { "CITY_NAME": "豊後大野市", "S_NAME": "大野町酒井寺", "JINKO": 94, "medical_area": "44_豊肥医療圏", "町丁目名": "豊後大野市大野町酒井寺" }, "geometry": { "type": "Polygon", "coordinates": [ [ [ 131.466688591305683, 33.07192326598566 ], [ 131.467278437290361, 33.072019829221674 ], [ 131.468346226690755, 33.071598126699747 ], [ 131.469435612079081, 33.071802243938016 ], [ 131.470175642144881, 33.071504533625884 ], [ 131.47118148360704, 33.069881451938521 ], [ 131.467574602356223, 33.065534606752976 ], [ 131.467115754160943, 33.064852039096458 ], [ 131.466882579842974, 33.064158482275815 ], [ 131.466871699193092, 33.063607770714455 ], [ 131.467557392639492, 33.062213479355613 ], [ 131.469339073257458, 33.059514315549471 ], [ 131.469686155751418, 33.059249018047417 ], [ 131.47092996749177, 33.058982197636034 ], [ 131.472049318984148, 33.05843752948558 ], [ 131.472354862509803, 33.057024574111352 ], [ 131.473375054795099, 33.056902775739644 ], [ 131.47381065813849, 33.055410315756269 ], [ 131.474248579516001, 33.05491971815642 ], [ 131.475902265385145, 33.053881200101053 ], [ 131.476557444282832, 33.052951225962332 ], [ 131.477418181703371, 33.052759576813379 ], [ 131.47941816003285, 33.051815861771267 ], [ 131.481423092089614, 33.051454347022755 ], [ 131.483760538230854, 33.049941871805594 ], [ 131.485577562270407, 33.047934440272229 ], [ 131.486559620460412, 33.046391116019045 ], [ 131.487643916851766, 33.044000013765825 ], [ 131.487725112723581, 33.043671633281399 ], [ 131.487456179210255, 33.042972906718028 ], [ 131.488329435108653, 33.042298612285705 ], [ 131.490147937029775, 33.041298129400666 ], [ 131.492547317303973, 33.040618032268448 ], [ 131.493453434943888, 33.040534848052545 ], [ 131.493794076106752, 33.040156509720212 ], [ 131.494463592871199, 33.039920806230192 ], [ 131.493629445187139, 33.039053361357965 ], [ 131.492132837119499, 33.038475534514582 ], [ 131.489307984465938, 33.037694387457982 ], [ 131.484364259579507, 33.037190008351189 ], [ 131.483396373878264, 33.037630171539547 ], [ 131.481998185303183, 33.036717395811316 ], [ 131.47912786521286, 33.036641886509855 ], [ 131.479042571448304, 33.036506840885444 ], [ 131.479911987152008, 33.035016167920134 ], [ 131.478993211146161, 33.03483623412648 ], [ 131.478523708424291, 33.034242691450217 ], [ 131.47760049473257, 33.034576091441515 ], [ 131.477356807602774, 33.035106697597264 ], [ 131.475721719244746, 33.036326814231522 ], [ 131.474804995120536, 33.037716400283664 ], [ 131.474798601423572, 33.038447162997585 ], [ 131.474283690747399, 33.039680064553202 ], [ 131.474956442841091, 33.039947197631193 ], [ 131.475244932431337, 33.039824319404516 ], [ 131.475469795541983, 33.039388505508676 ], [ 131.476366913359414, 33.037186382136014 ], [ 131.476796466275999, 33.037344885165894 ], [ 131.476931081981093, 33.037661519986244 ], [ 131.476879103514165, 33.038859862053265 ], [ 131.476746233911626, 33.039786849944164 ], [ 131.476505170965652, 33.040125878146632 ], [ 131.475405762301961, 33.040690543000309 ], [ 131.471703204792533, 33.041118073128061 ], [ 131.468801487062194, 33.04197333984262 ], [ 131.467371711723871, 33.043321634371956 ], [ 131.463049732417034, 33.04574796369856 ], [ 131.463292166113604, 33.047541747519332 ], [ 131.462938097405299, 33.048552413740715 ], [ 131.462642375352289, 33.048916187470347 ], [ 131.463119768458085, 33.049691773585756 ], [ 131.462791888334692, 33.050265000707981 ], [ 131.461842103923061, 33.051192528794026 ], [ 131.46177647685127, 33.051960793149092 ], [ 131.460119952513793, 33.052468235994596 ], [ 131.458940620070223, 33.051889862936122 ], [ 131.458250706871979, 33.052575075636497 ], [ 131.45763578650309, 33.052759983806808 ], [ 131.457194497406761, 33.053464267359054 ], [ 131.457016205873856, 33.053883560620186 ], [ 131.457492800037073, 33.055125777446875 ], [ 131.456999615019129, 33.056203526296549 ], [ 131.457889452781046, 33.056510939618676 ], [ 131.458017691314126, 33.05712510907717 ], [ 131.457858014091727, 33.057480346577847 ], [ 131.45729793675045, 33.057867702963335 ], [ 131.456909845318876, 33.059065070561871 ], [ 131.457255394439557, 33.059443795655874 ], [ 131.457989906948683, 33.059411782800751 ], [ 131.459189866370195, 33.05967803805266 ], [ 131.459690415870426, 33.060640161604226 ], [ 131.460116134657596, 33.06059993638528 ], [ 131.460964838045726, 33.059996847789179 ], [ 131.461427813086743, 33.060117809527078 ], [ 131.461130877071241, 33.060870871787237 ], [ 131.461284362207834, 33.061460946596775 ], [ 131.460983673357106, 33.061491383056051 ], [ 131.460932470372455, 33.061692891413884 ], [ 131.46136500892419, 33.062056614482458 ], [ 131.461912836806306, 33.062967881636922 ], [ 131.461875588146484, 33.063109349238523 ], [ 131.461248419383139, 33.063384972402446 ], [ 131.460810795632369, 33.063879891204081 ], [ 131.461227668026453, 33.065180954207094 ], [ 131.460929451838581, 33.065383372315011 ], [ 131.46071633003541, 33.065813468122691 ], [ 131.461698708097344, 33.066856475000868 ], [ 131.461699585449736, 33.06824039225075 ], [ 131.462844836557565, 33.069536100804186 ], [ 131.462799930313992, 33.07033489239722 ], [ 131.462401640847389, 33.071090985045885 ], [ 131.462484073994375, 33.071406665443789 ], [ 131.463505614820434, 33.071744208686717 ], [ 131.464608327091696, 33.071636283938616 ], [ 131.465704866720671, 33.072199170936408 ], [ 131.466688591305683, 33.07192326598566 ] ] ] } },
{ "type": "Feature", "properties": { "CITY_NAME": "豊後大野市", "S_NAME": "大野町屋原", "JINKO": 133, "medical_area": "44_豊肥医療圏", "町丁目名": "豊後大野市大野町屋原" }, "geometry": { "type": "Polygon", "coordinates": [ [ [ 131.491695859978648, 33.03834710072092 ], [ 131.493038437654519, 33.036814909456822 ], [ 131.492857745054977, 33.036471915301618 ], [ 131.493120804889514, 33.036049296592012 ], [ 131.493791485679509, 33.035548324866177 ], [ 131.496024516829635, 33.035091245798554 ], [ 131.497771113193892, 33.034072623873925 ], [ 131.498656567098891, 33.034400891858411 ], [ 131.499596758421035, 33.034358052369171 ], [ 131.500135541463976, 33.034167629943589 ], [ 131.501442621083726, 33.034255101486075 ], [ 131.50131796679031, 33.033799408559119 ], [ 131.500840798898565, 33.033417399453107 ], [ 131.500085488077673, 33.031754867715946 ], [ 131.499350429232777, 33.031072812350487 ], [ 131.497424154489863, 33.030556562017523 ], [ 131.494956569121115, 33.029256300526534 ], [ 131.49443218858292, 33.029708681264346 ], [ 131.492555180634611, 33.028648125631719 ], [ 131.491297833373068, 33.028302082287304 ], [ 131.48945720833035, 33.026175139800145 ], [ 131.489147129851574, 33.029442432893731 ], [ 131.488730960420355, 33.029936329932411 ], [ 131.488238619683813, 33.030169773370666 ], [ 131.48636120722449, 33.030365872832213 ], [ 131.485148594110399, 33.030200476852151 ], [ 131.48486638017593, 33.029996213629786 ], [ 131.484902721862511, 33.026682799275932 ], [ 131.484335208756249, 33.026735692858772 ], [ 131.484014514131047, 33.02722810104801 ], [ 131.483518366579119, 33.027454763809985 ], [ 131.482688903720373, 33.02713829347087 ], [ 131.482444619595668, 33.028009423162722 ], [ 131.480749031928269, 33.02790720019145 ], [ 131.479945958059545, 33.028795787395332 ], [ 131.48041010559885, 33.029959697638823 ], [ 131.480304924366919, 33.030417360496493 ], [ 131.480197688770346, 33.030628813681304 ], [ 131.479692138308934, 33.030615934269996 ], [ 131.479713965353113, 33.030991653855352 ], [ 131.479215310847991, 33.031700737175349 ], [ 131.479596234989032, 33.032371297188384 ], [ 131.478666305577576, 33.032849381627578 ], [ 131.478641714233646, 33.033041389799152 ], [ 131.479029988252137, 33.033317604363361 ], [ 131.478535136475358, 33.033513864906205 ], [ 131.478386863209835, 33.033731650373362 ], [ 131.47872579991639, 33.034639503577338 ], [ 131.479353565779178, 33.034982674905933 ], [ 131.479911987152008, 33.035016167920134 ], [ 131.479042571448304, 33.036506840885444 ], [ 131.47912786521286, 33.036641886509855 ], [ 131.481998185303183, 33.036717395811316 ], [ 131.483396373878264, 33.037630171539547 ], [ 131.483936619744554, 33.03730603840463 ], [ 131.484588875478067, 33.03719793497131 ], [ 131.489307984465938, 33.037694387457982 ], [ 131.491695859978648, 33.03834710072092 ] ] ] } },
{ "type": "Feature", "properties": { "CITY_NAME": "豊後大野市", "S_NAME": "大野町桑原", "JINKO": 66, "medical_area": "44_豊肥医療圏", "町丁目名": "豊後大野市大野町桑原" }, "geometry": { "type": "Polygon", "coordinates": [ [ [ 131.458974383817974, 33.046501604117097 ], [ 131.461137378463775, 33.0462923215605 ], [ 131.461436585122215, 33.045987215478839 ], [ 131.462246802002113, 33.04562822584704 ], [ 131.463049732417034, 33.04574796369856 ], [ 131.463658503976944, 33.045489578401885 ], [ 131.464612740412747, 33.044779225370561 ], [ 131.467371711723871, 33.043321634371956 ], [ 131.468801487062194, 33.04197333984262 ], [ 131.471703204792533, 33.041118073128061 ], [ 131.475405762301961, 33.040690543000309 ], [ 131.476049436993264, 33.040442177889744 ], [ 131.476746233911626, 33.039786849944164 ], [ 131.476931081981093, 33.037661519986244 ], [ 131.476581536443746, 33.037163889420867 ], [ 131.476366913359414, 33.037186382136014 ], [ 131.476179518328081, 33.037480229974214 ], [ 131.475244932431337, 33.039824319404516 ], [ 131.474615325075092, 33.039896292946736 ], [ 131.474283690747399, 33.039680064553202 ], [ 131.474798601423572, 33.038447162997585 ], [ 131.474804995120536, 33.037716400283664 ], [ 131.475721719244746, 33.036326814231522 ], [ 131.477356807602774, 33.035106697597264 ], [ 131.47760049473257, 33.034576091441515 ], [ 131.478523708424291, 33.034242691450217 ], [ 131.478415720543239, 33.0336476160793 ], [ 131.479042887541027, 33.033259543504975 ], [ 131.478712417993194, 33.033109000401609 ], [ 131.478622623048096, 33.032898913029292 ], [ 131.479596234989032, 33.032371297188384 ], [ 131.479218009667591, 33.03165876546818 ], [ 131.479713965353113, 33.030991653855352 ], [ 131.479692138308934, 33.030615934269996 ], [ 131.480244430324888, 33.030603952700382 ], [ 131.480401888510073, 33.030063400965588 ], [ 131.479945958059545, 33.028795787395332 ], [ 131.480749031928269, 33.02790720019145 ], [ 131.481639818891324, 33.027913669460787 ], [ 131.481783111925097, 33.02733059104326 ], [ 131.481690477661658, 33.026019269527694 ], [ 131.481152177042844, 33.024843214245443 ], [ 131.480911563230677, 33.023590685778295 ], [ 131.480371988667628, 33.023350488938135 ], [ 131.479592953859736, 33.022649140392069 ], [ 131.479430612785734, 33.021699374179384 ], [ 131.479428050687744, 33.019913104687909 ], [ 131.478640882384695, 33.018022700279879 ], [ 131.477431060619665, 33.018546057972578 ], [ 131.476977920749391, 33.020038129049794 ], [ 131.475485501383048, 33.020537254600605 ], [ 131.475029001594322, 33.021964879429966 ], [ 131.474046120161887, 33.022619371412596 ], [ 131.473690409128523, 33.024258355294293 ], [ 131.473310872649364, 33.024391840890814 ], [ 131.473802626084137, 33.026105452104822 ], [ 131.471287975623369, 33.027046711311556 ], [ 131.470022416879431, 33.028206161982439 ], [ 131.469908229112235, 33.028733463802723 ], [ 131.469104490551473, 33.02859090693137 ], [ 131.468941387700653, 33.029380404555504 ], [ 131.469469773566374, 33.031185963671895 ], [ 131.469410358011658, 33.032027100805173 ], [ 131.469142731090415, 33.0325695935638 ], [ 131.469627227773486, 33.033723066457803 ], [ 131.469336402622389, 33.035751905987084 ], [ 131.468665682513631, 33.037091559311939 ], [ 131.467003267895024, 33.038062806697759 ], [ 131.465876742678432, 33.038423900506125 ], [ 131.46469613364448, 33.038490987588304 ], [ 131.463703076132845, 33.03830948368951 ], [ 131.462683609354599, 33.038489708236021 ], [ 131.461638055556392, 33.039280418239301 ], [ 131.460727278484711, 33.04056864382634 ], [ 131.4579652719828, 33.042217394894706 ], [ 131.457777721700268, 33.042488593869876 ], [ 131.458477835433968, 33.04450145087489 ], [ 131.458297811627233, 33.044829416992627 ], [ 131.456703750804195, 33.04580587631802 ], [ 131.457343650492618, 33.045867541345622 ], [ 131.457844772124076, 33.045725708848117 ], [ 131.458633458701314, 33.046394842368244 ], [ 131.458974383817974, 33.046501604117097 ] ] ] } },
{ "type": "Feature", "properties": { "CITY_NAME": "豊後大野市", "S_NAME": "大野町北園", "JINKO": 77, "medical_area": "44_豊肥医療圏", "町丁目名": "豊後大野市大野町北園" }, "geometry": { "type": "Polygon", "coordinates": [ [ [ 131.452749535021383, 33.046275127415683 ], [ 131.453194738097494, 33.046319617060696 ], [ 131.454537305524894, 33.047196439270209 ], [ 131.455752212305214, 33.047018699199995 ], [ 131.456611562170991, 33.046347553279105 ], [ 131.456765732696624, 33.045708486590591 ], [ 131.458297811627233, 33.044829416992627 ], [ 131.458477835433968, 33.04450145087489 ], [ 131.458423624459982, 33.044049196203737 ], [ 131.457831801410009, 33.042827797827059 ], [ 131.457777721700268, 33.042488593869876 ], [ 131.4579652719828, 33.042217394894706 ], [ 131.460727278484711, 33.04056864382634 ], [ 131.461959673691979, 33.038964064326997 ], [ 131.462683609354599, 33.038489708236021 ], [ 131.463246969812872, 33.038354400086391 ], [ 131.465876742678432, 33.038423900506125 ], [ 131.467003267895024, 33.038062806697759 ], [ 131.468665682513631, 33.037091559311939 ], [ 131.469336402622389, 33.035751905987084 ], [ 131.469627227773486, 33.033723066457803 ], [ 131.469142731090415, 33.0325695935638 ], [ 131.469410358011658, 33.032027100805173 ], [ 131.469469773566374, 33.031185963671895 ], [ 131.468941387700653, 33.029380404555504 ], [ 131.469104490551473, 33.02859090693137 ], [ 131.469908229112235, 33.028733463802723 ], [ 131.470022416879431, 33.028206161982439 ], [ 131.471287975623369, 33.027046711311556 ], [ 131.473802626084137, 33.026105452104822 ], [ 131.473310872649364, 33.024391840890814 ], [ 131.471746362982145, 33.024412054014249 ], [ 131.471007537933332, 33.023804679670739 ], [ 131.469510401976549, 33.023579269029213 ], [ 131.467217594873745, 33.022559881260101 ], [ 131.465342812440099, 33.023104980652725 ], [ 131.463413554936182, 33.023058955621579 ], [ 131.462123683338916, 33.0226194265164 ], [ 131.461060819145501, 33.024413288973435 ], [ 131.460750055401945, 33.024587949823008 ], [ 131.459707787989714, 33.02450189858147 ], [ 131.458988470419797, 33.024613945770454 ], [ 131.458191744576226, 33.024352820345293 ], [ 131.457908899203119, 33.024445662264966 ], [ 131.457662462379744, 33.024778495273637 ], [ 131.456239988340855, 33.025283690002468 ], [ 131.455215021525419, 33.024985542663792 ], [ 131.454197782869556, 33.024895920559167 ], [ 131.453798480328771, 33.024532996827212 ], [ 131.453292436609985, 33.024529062431554 ], [ 131.453122067948385, 33.024639136645483 ], [ 131.452927445184343, 33.025359944374614 ], [ 131.452226597336193, 33.026036484608724 ], [ 131.451844486532138, 33.026204925002347 ], [ 131.451314000184055, 33.026100259214019 ], [ 131.450918460002441, 33.026309063747526 ], [ 131.450937600926892, 33.027380514932261 ], [ 131.450002553093555, 33.027735274889693 ], [ 131.448505895078995, 33.028011187294091 ], [ 131.447331546606932, 33.028478597777081 ], [ 131.446190834059934, 33.02834623952851 ], [ 131.446009549163136, 33.028517367473526 ], [ 131.445809660544001, 33.02934636923834 ], [ 131.445489392655958, 33.029712623449925 ], [ 131.444632618357588, 33.029994026721802 ], [ 131.44397946600543, 33.030532275392424 ], [ 131.443752644525688, 33.031458807246047 ], [ 131.444239988163986, 33.032480263918167 ], [ 131.444283379571601, 33.033788735372511 ], [ 131.445424961556654, 33.035017664292852 ], [ 131.445639115265124, 33.035483114330347 ], [ 131.444641527263656, 33.036954146880717 ], [ 131.444652825482166, 33.037632128668704 ], [ 131.4452733595366, 33.038557400280609 ], [ 131.445366308913492, 33.039187331205518 ], [ 131.445885019673653, 33.039911271082303 ], [ 131.446680728986081, 33.040261378765202 ], [ 131.447783528816416, 33.041222070479229 ], [ 131.448565944828346, 33.042372310385105 ], [ 131.448870743907605, 33.043147425895661 ], [ 131.449356233747778, 33.043825031093959 ], [ 131.449165112006597, 33.044982549109903 ], [ 131.45005677097879, 33.045897906080313 ], [ 131.450292166396025, 33.047363755229696 ], [ 131.45107863393946, 33.047606263714535 ], [ 131.451764752331371, 33.047411793399029 ], [ 131.452749535021383, 33.046275127415683 ] ] ] } },
{ "type": "Feature", "properties": { "CITY_NAME": "豊後大野市", "S_NAME": "大野町大原", "JINKO": 255, "medical_area": "44_豊肥医療圏", "町丁目名": "豊後大野市大野町大原" }, "geometry": { "type": "Polygon", "coordinates": [ [ [ 131.489313942490753, 33.02853269099414 ], [ 131.48945720833035, 33.026175139800145 ], [ 131.489523072779093, 33.026266650591374 ], [ 131.489832768898907, 33.025908874307639 ], [ 131.49156212563102, 33.023652622630998 ], [ 131.492888215472419, 33.022618573540512 ], [ 131.494087238730714, 33.022359071036334 ], [ 131.495889559343311, 33.021340300941446 ], [ 131.496991202120967, 33.020276187174879 ], [ 131.497793733835039, 33.019172023227455 ], [ 131.498871136396332, 33.018540817691672 ], [ 131.499960812356193, 33.017539696788312 ], [ 131.50250694012243, 33.014314429533535 ], [ 131.502830911883279, 33.013543631477397 ], [ 131.497324996515687, 33.013243448370289 ], [ 131.494880533184954, 33.012795175812478 ], [ 131.491689214225886, 33.012581317742928 ], [ 131.490794681811252, 33.012223500438893 ], [ 131.490097207992676, 33.012524915990127 ], [ 131.489840201849063, 33.012869342884557 ], [ 131.489294264849121, 33.012784290924181 ], [ 131.488583852976177, 33.010873028508549 ], [ 131.486906640504998, 33.009737402158351 ], [ 131.485973715338389, 33.008186322287955 ], [ 131.485914960247015, 33.007824931351955 ], [ 131.486305522727406, 33.007028711731898 ], [ 131.486391513935388, 33.006175874374016 ], [ 131.485915100716483, 33.005365491337365 ], [ 131.484197615013557, 33.004409954810022 ], [ 131.484382334287915, 33.00497340550875 ], [ 131.483989656780921, 33.005247679576826 ], [ 131.481804067135783, 33.005148316714312 ], [ 131.480434158652741, 33.005508822532796 ], [ 131.479911137227646, 33.006064047422562 ], [ 131.479895641629241, 33.006815311198821 ], [ 131.48011349728452, 33.007279715053294 ], [ 131.480663027491119, 33.007756041898418 ], [ 131.481636155389765, 33.008119663121782 ], [ 131.481661980794684, 33.008548506464329 ], [ 131.481348375589079, 33.008899268858308 ], [ 131.48052773818668, 33.009327422521963 ], [ 131.478913675723163, 33.009290294584474 ], [ 131.478571962779, 33.009509453620907 ], [ 131.478361727652242, 33.010649277371598 ], [ 131.477736610793869, 33.011475728329508 ], [ 131.477575097127328, 33.012536043182777 ], [ 131.477689203225538, 33.012848189048192 ], [ 131.478135327870405, 33.013225381287931 ], [ 131.478788662931919, 33.013402330146235 ], [ 131.478528269160535, 33.013794878088603 ], [ 131.479434316545451, 33.014491564691717 ], [ 131.479600956392574, 33.014813782157198 ], [ 131.479643327630498, 33.015234080419184 ], [ 131.478856220635549, 33.015937209041219 ], [ 131.479292769636402, 33.017770354052679 ], [ 131.478640882384695, 33.018022700279879 ], [ 131.479428050687744, 33.019913104687909 ], [ 131.479430612785734, 33.021699374179384 ], [ 131.479592953859736, 33.022649140392069 ], [ 131.480371988667628, 33.023350488938135 ], [ 131.480911563230677, 33.023590685778295 ], [ 131.481152177042844, 33.024843214245443 ], [ 131.481609589546508, 33.0257479010357 ], [ 131.481825765814079, 33.026810724690151 ], [ 131.481639818891324, 33.027913669460787 ], [ 131.482444619595668, 33.028009423162722 ], [ 131.482688903720373, 33.02713829347087 ], [ 131.483518366579119, 33.027454763809985 ], [ 131.484014514131047, 33.02722810104801 ], [ 131.484335208756249, 33.026735692858772 ], [ 131.484902721862511, 33.026682799275932 ], [ 131.48486638017593, 33.029996213629786 ], [ 131.485651058110562, 33.030292188692535 ], [ 131.48749223170563, 33.030303044613269 ], [ 131.488238619683813, 33.030169773370666 ], [ 131.489089047714117, 33.029555051133848 ], [ 131.489313942490753, 33.02853269099414 ] ] ] } },
{ "type": "Feature", "properties": { "CITY_NAME": "豊後大野市", "S_NAME": "大野町郡山", "JINKO": 74, "medical_area": "44_豊肥医療圏", "町丁目名": "豊後大野市大野町郡山" }, "geometry": { "type": "Polygon", "coordinates": [ [ [ 131.502830911883279, 33.013543631477411 ], [ 131.503072091262254, 33.011933765447729 ], [ 131.504010201017877, 33.010739648947158 ], [ 131.504270340849871, 33.009306697238046 ], [ 131.504531738870412, 33.008894053696132 ], [ 131.505392730714874, 33.008266424904427 ], [ 131.505304409643657, 33.007946671009343 ], [ 131.504667610316858, 33.007217094810443 ], [ 131.504914033426701, 33.006306293446364 ], [ 131.505880907208905, 33.006150212244933 ], [ 131.507010704909931, 33.005573594646251 ], [ 131.509214083169553, 33.003863256685776 ], [ 131.509517261025962, 33.003264519127519 ], [ 131.50859802658411, 33.002474281228011 ], [ 131.508541746802081, 33.002268404206021 ], [ 131.509345019809814, 33.002072105150042 ], [ 131.509979213758299, 33.000928668684061 ], [ 131.508653868789338, 33.000801951495106 ], [ 131.507454362643216, 33.00041497282777 ], [ 131.506618618586401, 33.000005298234193 ], [ 131.506007746989411, 32.99930675675229 ], [ 131.505089272446071, 32.999390778661365 ], [ 131.503123590849697, 32.999173250916485 ], [ 131.501441083623007, 32.999531269319284 ], [ 131.499191611654993, 32.999578735268855 ], [ 131.498659713618082, 33.000100814146755 ], [ 131.497733471553204, 33.002131812010255 ], [ 131.497274521831173, 33.002777081888766 ], [ 131.496295372730117, 33.003095163354622 ], [ 131.494073240572305, 33.00318748262243 ], [ 131.491465470271692, 33.004415350189142 ], [ 131.486391513935388, 33.006175874374016 ], [ 131.486305522727406, 33.007028711731898 ], [ 131.485914960247015, 33.007824931351955 ], [ 131.485973715338389, 33.00818632228799 ], [ 131.486906640504998, 33.009737402158351 ], [ 131.488583852976177, 33.010873028508549 ], [ 131.489294264849121, 33.012784290924181 ], [ 131.489840201849063, 33.012869342884557 ], [ 131.490097207992676, 33.012524915990127 ], [ 131.490794681811252, 33.012223500438893 ], [ 131.491689214225886, 33.012581317742928 ], [ 131.494880533184954, 33.012795175812492 ], [ 131.497324996515687, 33.013243448370289 ], [ 131.502830911883279, 33.013543631477411 ] ] ] } },
{ "type": "Feature", "properties": { "CITY_NAME": "豊後大野市", "S_NAME": "大野町両家", "JINKO": 45, "medical_area": "44_豊肥医療圏", "町丁目名": "豊後大野市大野町両家" }, "geometry": { "type": "Polygon", "coordinates": [ [ [ 131.486391513935388, 33.006175874374016 ], [ 131.491465470271692, 33.004415350189142 ], [ 131.494073240572305, 33.00318748262243 ], [ 131.496295372730117, 33.003095163354622 ], [ 131.497274521831173, 33.002777081888766 ], [ 131.497733471553204, 33.002131812010255 ], [ 131.498659713618082, 33.000100814146755 ], [ 131.499191611654993, 32.999578735268855 ], [ 131.499366736987156, 32.998716984334649 ], [ 131.498970057529192, 32.998082580568955 ], [ 131.499582424096644, 32.996949731289526 ], [ 131.500391431602282, 32.996921905550757 ], [ 131.501230421295844, 32.996645685092439 ], [ 131.50158600995286, 32.99617398554021 ], [ 131.501914861878419, 32.995226953060453 ], [ 131.500828603762102, 32.994198142174561 ], [ 131.498221582556482, 32.992287375052719 ], [ 131.495179779299036, 32.992085875144546 ], [ 131.494808502984654, 32.9922150593571 ], [ 131.493492378599342, 32.993764827559247 ], [ 131.492201136021521, 32.995990942122418 ], [ 131.49153774283036, 32.996525407299842 ], [ 131.490787880141397, 32.997055643431644 ], [ 131.487183378615129, 32.998001389259308 ], [ 131.487024511108501, 32.998314577924553 ], [ 131.487132126078109, 32.999021934525686 ], [ 131.487707969794769, 33.000222690668011 ], [ 131.48716212453138, 33.001099655178272 ], [ 131.486718422253972, 33.001308548799642 ], [ 131.484580879440273, 33.001659904132886 ], [ 131.483990140445428, 33.001998728025214 ], [ 131.483915949302599, 33.002510441651275 ], [ 131.484197615013557, 33.004409954810022 ], [ 131.485915100716483, 33.005365491337358 ], [ 131.486391513935388, 33.006175874374016 ] ] ] } },
{ "type": "Feature", "properties": { "CITY_NAME": "豊後大野市", "S_NAME": "大野町夏足", "JINKO": 120, "medical_area": "44_豊肥医療圏", "町丁目名": "豊後大野市大野町夏足" }, "geometry": { "type": "Polygon", "coordinates": [ [ [ 131.492862431294952, 32.994730644821118 ], [ 131.494426838182193, 32.992542110996638 ], [ 131.494808502984654, 32.9922150593571 ], [ 131.495579488542774, 32.992107519385641 ], [ 131.498221582556482, 32.992287375052719 ], [ 131.500828603762102, 32.994198142174561 ], [ 131.501914861878419, 32.995226953060453 ], [ 131.503631904618743, 32.993556210066572 ], [ 131.50401796893189, 32.992465866632266 ], [ 131.504308313733475, 32.992168496516157 ], [ 131.507361751775051, 32.992157280223353 ], [ 131.508749789618406, 32.991825086926923 ], [ 131.510347477236621, 32.99117379038325 ], [ 131.512407052750376, 32.990969825898397 ], [ 131.513152698340576, 32.990667360042735 ], [ 131.514131117693324, 32.989796637185329 ], [ 131.515149936202505, 32.988020371810336 ], [ 131.516032061016944, 32.987897389646086 ], [ 131.517777112231386, 32.988172008472354 ], [ 131.518310403748785, 32.988007653901398 ], [ 131.519658086205652, 32.98674808357768 ], [ 131.520778612133, 32.986441384042969 ], [ 131.52103120924906, 32.985397713391322 ], [ 131.520854412191852, 32.983851847468294 ], [ 131.519483349720815, 32.983465101513254 ], [ 131.519041151444981, 32.983592798918394 ], [ 131.518317717670215, 32.983492613724714 ], [ 131.51677626650806, 32.982838623292061 ], [ 131.516467677493381, 32.982447802378253 ], [ 131.516524325116222, 32.981653081539022 ], [ 131.517155593047221, 32.980649635476325 ], [ 131.517153189289189, 32.980236924719989 ], [ 131.516586913503801, 32.979774946729144 ], [ 131.515335179688861, 32.979418961697966 ], [ 131.51425927604086, 32.979805151946849 ], [ 131.513528345692009, 32.980520089647548 ], [ 131.511456617816037, 32.983500150229993 ], [ 131.510756647540546, 32.983946177648242 ], [ 131.509827888012268, 32.98417373318226 ], [ 131.508927844692323, 32.984056876275041 ], [ 131.507073869864911, 32.983022642442243 ], [ 131.506239061199523, 32.982726787313716 ], [ 131.502813870218375, 32.982575433303133 ], [ 131.502004327111678, 32.982413576283747 ], [ 131.497660817232884, 32.980723209433101 ], [ 131.495864295567941, 32.980415609169192 ], [ 131.495274484447293, 32.981499439206488 ], [ 131.493683999710726, 32.982884072020163 ], [ 131.493483421117332, 32.983915701749766 ], [ 131.493538125144994, 32.984940433859201 ], [ 131.491511094355531, 32.984559594613486 ], [ 131.490689626134269, 32.984003214417811 ], [ 131.488262247424899, 32.984584039773345 ], [ 131.488126172265112, 32.985190651656701 ], [ 131.48776573174203, 32.985417188517111 ], [ 131.486757200315196, 32.986649368256181 ], [ 131.485745127124915, 32.987242006568479 ], [ 131.485504862499255, 32.988073670452366 ], [ 131.484978422197429, 32.988556974529267 ], [ 131.485175374701583, 32.989249811408015 ], [ 131.485894628714078, 32.99004223279573 ], [ 131.486075641723261, 32.990670033758768 ], [ 131.486985567590665, 32.991866731092095 ], [ 131.487141085533636, 32.992553684710096 ], [ 131.487087566033779, 32.993685847188239 ], [ 131.487437457604273, 32.994381289283595 ], [ 131.488512022656266, 32.994879771896386 ], [ 131.490402419702406, 32.994697880908952 ], [ 131.49082648241324, 32.995819571921288 ], [ 131.491335863272354, 32.996445120071414 ], [ 131.491308747028768, 32.996679960730759 ], [ 131.492201136021521, 32.995990942122432 ], [ 131.492862431294952, 32.994730644821118 ] ] ] } },
{ "type": "Feature", "properties": { "CITY_NAME": "豊後大野市", "S_NAME": "大野町矢田", "JINKO": 130, "medical_area": "44_豊肥医療圏", "町丁目名": "豊後大野市大野町矢田" }, "geometry": { "type": "Polygon", "coordinates": [ [ [ 131.525125797264934, 33.003452949401535 ], [ 131.525924722697482, 33.003127182638877 ], [ 131.527037105365082, 33.002254847721623 ], [ 131.528924578292447, 33.001260637706224 ], [ 131.529874241523942, 33.000254351433085 ], [ 131.530316604641769, 32.999366915935191 ], [ 131.530365433922924, 32.998612932160022 ], [ 131.53018006488216, 32.997974497479234 ], [ 131.529175920531088, 32.997776314987014 ], [ 131.528704303867102, 32.997383024568968 ], [ 131.528458021773815, 32.996705076759277 ], [ 131.528146008880213, 32.996423478913606 ], [ 131.528551264123649, 32.996043173679155 ], [ 131.528555977550042, 32.995199906221664 ], [ 131.528096794347078, 32.993908174917649 ], [ 131.528009758455937, 32.99241125179352 ], [ 131.527464688025105, 32.989472692454875 ], [ 131.527509625234188, 32.986935819168529 ], [ 131.528726520733898, 32.984979847276925 ], [ 131.530167076502579, 32.983069718531041 ], [ 131.527895065067128, 32.983657301967398 ], [ 131.526765189516709, 32.983605567307869 ], [ 131.526031767877896, 32.983980633501311 ], [ 131.52486150173587, 32.984287251962954 ], [ 131.522645906566936, 32.983919014291985 ], [ 131.520854412191852, 32.983851847468294 ], [ 131.52103120924906, 32.985397713391322 ], [ 131.520778612133, 32.986441384042969 ], [ 131.519658086205652, 32.98674808357768 ], [ 131.517964559603598, 32.988169899527314 ], [ 131.516032061016944, 32.987897389646086 ], [ 131.515149936202505, 32.988020371810336 ], [ 131.514131117693324, 32.989796637185329 ], [ 131.513152698340576, 32.990667360042735 ], [ 131.512407052750376, 32.990969825898397 ], [ 131.510347477236621, 32.99117379038325 ], [ 131.508749789618406, 32.991825086926923 ], [ 131.507361751775051, 32.992157280223353 ], [ 131.504308313733475, 32.992168496516157 ], [ 131.50401796893189, 32.992465866632266 ], [ 131.503631904618743, 32.993556210066572 ], [ 131.501914861878419, 32.995226953060453 ], [ 131.501449737265176, 32.996408677786292 ], [ 131.501017453495649, 32.996756844818456 ], [ 131.499582424096644, 32.99694973128954 ], [ 131.498970057529192, 32.998082580568955 ], [ 131.499366736987156, 32.998716984334649 ], [ 131.499191611654993, 32.999578735268841 ], [ 131.501441083623007, 32.999531269319284 ], [ 131.503123590849697, 32.999173250916485 ], [ 131.505089272446014, 32.999390778661351 ], [ 131.506007746989383, 32.999306756752283 ], [ 131.506618618586401, 33.000005298234193 ], [ 131.507454362643244, 33.00041497282777 ], [ 131.508653868789338, 33.000801951495099 ], [ 131.509979213758299, 33.000928668684061 ], [ 131.510250172334679, 33.000420991688884 ], [ 131.510207458051639, 33.000183122259955 ], [ 131.509060211976418, 32.998977242101098 ], [ 131.508955630183436, 32.998759947620812 ], [ 131.509073121293369, 32.998525784517689 ], [ 131.509547957730064, 32.998428058172777 ], [ 131.51010891862785, 32.998630443401545 ], [ 131.511479339147115, 32.998505832997054 ], [ 131.514703806509431, 33.001556053314431 ], [ 131.515833039725607, 33.001837583716302 ], [ 131.517955981277908, 33.002011684437136 ], [ 131.518954458156429, 33.002455726009288 ], [ 131.519547363582774, 33.003084731402417 ], [ 131.520218178460766, 33.003339781241301 ], [ 131.521457123730045, 33.003562065848854 ], [ 131.525125797264934, 33.003452949401535 ] ] ] } },
{ "type": "Feature", "properties": { "CITY_NAME": "豊後大野市", "S_NAME": "大野町小倉木", "JINKO": 145, "medical_area": "44_豊肥医療圏", "町丁目名": "豊後大野市大野町小倉木" }, "geometry": { "type": "Polygon", "coordinates": [ [ [ 131.546408488522616, 33.007804957421541 ], [ 131.548044976305448, 33.007624117039228 ], [ 131.548875791985552, 33.004979116544568 ], [ 131.549800748365982, 33.004062566930166 ], [ 131.550925684756152, 33.002421099531972 ], [ 131.550690505465639, 33.000538896645189 ], [ 131.550870305775817, 32.999854362652037 ], [ 131.551207647570607, 32.999625536427182 ], [ 131.554012415047424, 32.999340012213004 ], [ 131.554322255058963, 32.999120191118834 ], [ 131.554607636367308, 32.99842551813753 ], [ 131.5544373292513, 32.998063283492037 ], [ 131.553884246531169, 32.997961564139274 ], [ 131.554067290321541, 32.997272215752353 ], [ 131.554015622580238, 32.996730412315991 ], [ 131.554677690251253, 32.996961869291638 ], [ 131.554999220438447, 32.996180756005231 ], [ 131.554945426501973, 32.995560312683061 ], [ 131.553479270449003, 32.995189742145904 ], [ 131.551003164196942, 32.993467977047295 ], [ 131.550670398210599, 32.993030015409687 ], [ 131.550052775307392, 32.991358454693788 ], [ 131.549948236466577, 32.989342253879201 ], [ 131.549406717936193, 32.988290853074119 ], [ 131.55054210965281, 32.98565205059068 ], [ 131.551236532360633, 32.984814624470275 ], [ 131.548823429610508, 32.984034475843849 ], [ 131.544878612901869, 32.983460664956411 ], [ 131.541698898682768, 32.982628537707299 ], [ 131.540023541973198, 32.982393285239439 ], [ 131.532743041708983, 32.983005817679008 ], [ 131.530167076502579, 32.983069718531041 ], [ 131.528726520733898, 32.984979847276925 ], [ 131.527488771221215, 32.986992410042298 ], [ 131.527464688025105, 32.989472692454875 ], [ 131.528009758455937, 32.99241125179352 ], [ 131.528096794347078, 32.993908174917649 ], [ 131.528555977550042, 32.995199906221664 ], [ 131.528551264123649, 32.996043173679155 ], [ 131.528146008880213, 32.996423478913606 ], [ 131.528458021773815, 32.996705076759277 ], [ 131.528704303867102, 32.997383024568968 ], [ 131.529175920531088, 32.997776314987014 ], [ 131.529906744023776, 32.99783857869884 ], [ 131.530214552320444, 32.99804448006099 ], [ 131.530365433922924, 32.998612932160022 ], [ 131.530316604641769, 32.999366915935191 ], [ 131.529874241523942, 33.000254351433085 ], [ 131.532988271534492, 33.000694308273459 ], [ 131.533978075288871, 33.001162394440264 ], [ 131.535312281650306, 33.001438537052387 ], [ 131.535317155951986, 33.002023882429462 ], [ 131.535597318588771, 33.002630948411877 ], [ 131.535900822264864, 33.002756121181385 ], [ 131.535920810768715, 33.003303077939755 ], [ 131.536376901962655, 33.003441648093876 ], [ 131.536919455858623, 33.004471196199084 ], [ 131.53792234325141, 33.00476400940682 ], [ 131.539625237069032, 33.006497846483391 ], [ 131.54007622843389, 33.006427017996785 ], [ 131.541705956632399, 33.006862998813148 ], [ 131.543021206499191, 33.007029035768959 ], [ 131.544986077174713, 33.007640181347227 ], [ 131.546408488522616, 33.007804957421541 ] ] ] } },
{ "type": "Feature", "properties": { "CITY_NAME": "豊後大野市", "S_NAME": "大野町十時", "JINKO": 120, "medical_area": "44_豊肥医療圏", "町丁目名": "豊後大野市大野町十時" }, "geometry": { "type": "Polygon", "coordinates": [ [ [ 131.509005695827057, 33.07650056069221 ], [ 131.512700653860151, 33.076587025023564 ], [ 131.51344853219021, 33.076196760760716 ], [ 131.514851650344013, 33.074899766860007 ], [ 131.515870616276004, 33.074633169202045 ], [ 131.51635199306034, 33.074748767750613 ], [ 131.518594190906612, 33.076140951728156 ], [ 131.519931102518683, 33.076532446849065 ], [ 131.521057047054143, 33.076577673096828 ], [ 131.524439989527139, 33.074539701887431 ], [ 131.525105770236451, 33.073939909376747 ], [ 131.525213671690068, 33.073349265865787 ], [ 131.525054048744352, 33.072395396896759 ], [ 131.525295798045249, 33.071850091516367 ], [ 131.526260171332126, 33.071917503002808 ], [ 131.527195276167447, 33.072352091940076 ], [ 131.528872277458561, 33.073942679311273 ], [ 131.53004028839257, 33.069620472868507 ], [ 131.529560322443444, 33.067644737805665 ], [ 131.530392405428245, 33.066190394796259 ], [ 131.53064716420397, 33.064880018134886 ], [ 131.531197811308886, 33.064645201727835 ], [ 131.534788190491213, 33.064006299792041 ], [ 131.536405668373277, 33.063906244057009 ], [ 131.53798704995404, 33.063503682429143 ], [ 131.538994669330663, 33.063434823714303 ], [ 131.539837722621229, 33.063791641330653 ], [ 131.540758926151312, 33.061306229061671 ], [ 131.540709360199799, 33.060490942986213 ], [ 131.540103821558091, 33.058405120250264 ], [ 131.540111796984206, 33.056775022479144 ], [ 131.540440022259816, 33.055544639265747 ], [ 131.541194792375336, 33.054312348858474 ], [ 131.543407482957406, 33.052035943248583 ], [ 131.543356241912534, 33.051408410386294 ], [ 131.543715357630276, 33.048892568696814 ], [ 131.543497103906418, 33.047705230826558 ], [ 131.54522088912455, 33.046678853873026 ], [ 131.545625052968973, 33.046137385651654 ], [ 131.543926672449743, 33.045754194990437 ], [ 131.543315992215554, 33.045460531366729 ], [ 131.541182031428804, 33.043981673526694 ], [ 131.540414559537453, 33.043062492837898 ], [ 131.539823650482134, 33.043214645751576 ], [ 131.537750616578165, 33.043279626008513 ], [ 131.537038925326186, 33.042330889375727 ], [ 131.536512800017306, 33.042221179067603 ], [ 131.536007016753359, 33.042335346748203 ], [ 131.534558870013086, 33.045228987442826 ], [ 131.534960248664703, 33.045229089971841 ], [ 131.53537104044031, 33.044903668820119 ], [ 131.535725924962264, 33.0452025416567 ], [ 131.535938212751915, 33.045649958623478 ], [ 131.535969913614281, 33.046907609879362 ], [ 131.536386455575126, 33.047474856679621 ], [ 131.535645485135234, 33.048229675669027 ], [ 131.535327174838983, 33.048372036883251 ], [ 131.534895287100682, 33.048254199392687 ], [ 131.534502913160594, 33.048500327430318 ], [ 131.534309484497783, 33.049174671778886 ], [ 131.534861203002805, 33.05078918077028 ], [ 131.534787641165735, 33.051171899265874 ], [ 131.534498050874475, 33.051485547623315 ], [ 131.532246554531582, 33.052611650000742 ], [ 131.531268588522806, 33.052531302831873 ], [ 131.528782376460441, 33.054106464120053 ], [ 131.526979028067558, 33.054266340927406 ], [ 131.5257725026282, 33.05462266145998 ], [ 131.524890443492154, 33.054346637510676 ], [ 131.524544261044298, 33.053982687427954 ], [ 131.524068002843791, 33.0528709394953 ], [ 131.523615916139562, 33.052280058433823 ], [ 131.522776800833299, 33.051764580250882 ], [ 131.522326167839651, 33.05320196467563 ], [ 131.521733279443794, 33.053968822768887 ], [ 131.519706479968391, 33.05517340461747 ], [ 131.517745556090148, 33.055956561354904 ], [ 131.517293831924974, 33.05627397620853 ], [ 131.515703026964218, 33.058533665002585 ], [ 131.515170953277647, 33.060895734355917 ], [ 131.513918310236619, 33.062860570146569 ], [ 131.513043921558335, 33.064649802356591 ], [ 131.512118827149465, 33.065996107962171 ], [ 131.510772384479793, 33.067237641650721 ], [ 131.510531468330299, 33.067803116811731 ], [ 131.509231617669116, 33.068434768157829 ], [ 131.509217372229131, 33.069070598978705 ], [ 131.509451289792423, 33.069706911927696 ], [ 131.509254499993119, 33.070200814456641 ], [ 131.507838464588247, 33.071501679610456 ], [ 131.507462711052284, 33.072079514443288 ], [ 131.507249928021196, 33.073361644015911 ], [ 131.50757883453872, 33.074555497004241 ], [ 131.507567736329293, 33.075887389436851 ], [ 131.507764624016431, 33.076885993301637 ], [ 131.509005695827057, 33.07650056069221 ] ] ] } },
{ "type": "Feature", "properties": { "CITY_NAME": "豊後大野市", "S_NAME": "大野町杉園", "JINKO": 141, "medical_area": "44_豊肥医療圏", "町丁目名": "豊後大野市大野町杉園" }, "geometry": { "type": "Polygon", "coordinates": [ [ [ 131.526979028067558, 33.054266340927406 ], [ 131.528782376460441, 33.054106464120053 ], [ 131.531268588522806, 33.052531302831873 ], [ 131.532246554531582, 33.052611650000742 ], [ 131.534498050874475, 33.051485547623315 ], [ 131.534787641165735, 33.051171899265874 ], [ 131.534861203002805, 33.05078918077028 ], [ 131.534309484497783, 33.049174671778886 ], [ 131.534502913160594, 33.048500327430318 ], [ 131.534895287100682, 33.048254199392687 ], [ 131.535327174838983, 33.048372036883251 ], [ 131.535645485135234, 33.048229675669027 ], [ 131.536386455575126, 33.047474856679621 ], [ 131.535969913614281, 33.046907609879362 ], [ 131.535938212751915, 33.045649958623478 ], [ 131.535725924962264, 33.0452025416567 ], [ 131.53537104044031, 33.044903668820119 ], [ 131.534960248664703, 33.045229089971841 ], [ 131.534558870013086, 33.045228987442826 ], [ 131.535477374903593, 33.043220116330382 ], [ 131.536007016753359, 33.042335346748203 ], [ 131.536512800017306, 33.042221179067603 ], [ 131.537038925326186, 33.042330889375727 ], [ 131.537604669930261, 33.04322692526717 ], [ 131.538825912194596, 33.043165980548345 ], [ 131.53688413288188, 33.040840405822863 ], [ 131.535884122502296, 33.04004591240647 ], [ 131.535554857753795, 33.039457827488221 ], [ 131.535528084298704, 33.038481926911665 ], [ 131.535909275886866, 33.037348158402565 ], [ 131.537538575546961, 33.036806542479191 ], [ 131.537435169600911, 33.036195404846389 ], [ 131.537109777041024, 33.035769112380933 ], [ 131.535388225319565, 33.034495417273476 ], [ 131.535156653074353, 33.033238401331161 ], [ 131.534541595024876, 33.032371677523905 ], [ 131.533793914766875, 33.031964926238153 ], [ 131.532156042045472, 33.031523827057534 ], [ 131.530809772984441, 33.03004303096818 ], [ 131.530500660758292, 33.029909715147362 ], [ 131.527915799378633, 33.030747258635159 ], [ 131.523986201050377, 33.031369929284693 ], [ 131.523551756318028, 33.031255478268967 ], [ 131.522623948576751, 33.030503653539263 ], [ 131.520954600859397, 33.031601215997554 ], [ 131.521747403625881, 33.033231116985483 ], [ 131.521798149677181, 33.033674047586707 ], [ 131.521554664048068, 33.034194117583894 ], [ 131.521488720706714, 33.034931645007383 ], [ 131.521773715045867, 33.03817771890575 ], [ 131.522186533740182, 33.038733635580726 ], [ 131.523132340233161, 33.03922929809891 ], [ 131.523969354082993, 33.041378727948064 ], [ 131.524419583396764, 33.041939622564925 ], [ 131.525500031464162, 33.042310109994432 ], [ 131.526334739022587, 33.042356985769395 ], [ 131.531379083635443, 33.041654206881624 ], [ 131.528823872592369, 33.043193398575013 ], [ 131.527288371725433, 33.045537340344396 ], [ 131.526460333132661, 33.046194870252329 ], [ 131.524974368569815, 33.046953925540549 ], [ 131.52500196408954, 33.047636306997994 ], [ 131.52481971829144, 33.048218732240628 ], [ 131.523750780278448, 33.04963356951076 ], [ 131.522993330593749, 33.050950154954812 ], [ 131.522776800833299, 33.051764580250882 ], [ 131.523615916139562, 33.052280058433823 ], [ 131.524068002843791, 33.0528709394953 ], [ 131.524544261044298, 33.053982687427954 ], [ 131.524890443492154, 33.054346637510676 ], [ 131.5257725026282, 33.05462266145998 ], [ 131.526979028067558, 33.054266340927406 ] ] ] } },
{ "type": "Feature", "properties": { "CITY_NAME": "豊後大野市", "S_NAME": "大野町後田", "JINKO": 339, "medical_area": "44_豊肥医療圏", "町丁目名": "豊後大野市大野町後田" }, "geometry": { "type": "Polygon", "coordinates": [ [ [ 131.563673878177667, 33.058346942369035 ], [ 131.563490982312715, 33.057229097913201 ], [ 131.564194016762343, 33.057206399862835 ], [ 131.564671096424092, 33.05750016633452 ], [ 131.564556928788392, 33.056391434122808 ], [ 131.56420448256614, 33.05577829140622 ], [ 131.56448167083505, 33.055758016517913 ], [ 131.565423811558929, 33.05314562430204 ], [ 131.566882540402304, 33.052582885973095 ], [ 131.567097648750888, 33.052393289005622 ], [ 131.567126557331534, 33.052080964731566 ], [ 131.566954748396142, 33.051795564374061 ], [ 131.566436087153647, 33.051641829824327 ], [ 131.56358665134627, 33.05190844037142 ], [ 131.563391722817755, 33.051636149113875 ], [ 131.56345175673718, 33.051356207337754 ], [ 131.563767167083739, 33.051140135319869 ], [ 131.565804235043771, 33.050708119122866 ], [ 131.565988394178532, 33.050505662965705 ], [ 131.566115394008364, 33.049828661595249 ], [ 131.56697889377935, 33.04953204327996 ], [ 131.567906249287518, 33.049560324816674 ], [ 131.568813867998017, 33.048925279286998 ], [ 131.570318510240895, 33.049127086592975 ], [ 131.572191823976283, 33.048924284969715 ], [ 131.572208167380836, 33.047801999191172 ], [ 131.572069740782894, 33.047298418259608 ], [ 131.570069987915701, 33.046391309010346 ], [ 131.569507437666658, 33.045854443574541 ], [ 131.56923804708282, 33.045332790947633 ], [ 131.569466105664617, 33.044818581330794 ], [ 131.569432985637604, 33.044467974046846 ], [ 131.569944377856473, 33.043640679201623 ], [ 131.570423833408654, 33.043251987410251 ], [ 131.570522522801724, 33.041809503212995 ], [ 131.570621427532018, 33.041601184432167 ], [ 131.571152456317492, 33.04142985299594 ], [ 131.572746276311221, 33.039925028975716 ], [ 131.577159742185501, 33.038484610205458 ], [ 131.577163473328341, 33.038242205175926 ], [ 131.576741136124383, 33.038036700161243 ], [ 131.577122964498159, 33.037801499373494 ], [ 131.577042673740323, 33.037628376097231 ], [ 131.576769957282011, 33.037465991285146 ], [ 131.576067898817797, 33.0376341138575 ], [ 131.574262909045586, 33.036463725041962 ], [ 131.573073537221404, 33.036476643493067 ], [ 131.573006239246325, 33.036255245008817 ], [ 131.573329397315007, 33.034986272324538 ], [ 131.5728791095774, 33.033565694925713 ], [ 131.571697848959332, 33.031771565080803 ], [ 131.568238846059643, 33.030324140003366 ], [ 131.567980718794303, 33.029763642666936 ], [ 131.568204817473315, 33.02911963355519 ], [ 131.567832635139155, 33.028574446989133 ], [ 131.566532051212789, 33.028096980112039 ], [ 131.565324383473694, 33.026687690631803 ], [ 131.564793599865254, 33.026308787353983 ], [ 131.563315778698978, 33.025595223314987 ], [ 131.562436875316564, 33.02553336820133 ], [ 131.56187059938415, 33.02490857440057 ], [ 131.561492370031687, 33.024845329932525 ], [ 131.561488701906512, 33.023659919849507 ], [ 131.562151414148872, 33.020942133971197 ], [ 131.558849491764846, 33.02025301198163 ], [ 131.557686631882177, 33.019596540881324 ], [ 131.55698738616104, 33.01890553990053 ], [ 131.556003335046171, 33.019582323118335 ], [ 131.554765858356689, 33.020935031538237 ], [ 131.55409502571078, 33.021316820565147 ], [ 131.553478829515484, 33.021449787772198 ], [ 131.551205182339714, 33.021212742831651 ], [ 131.549413590597112, 33.020616104810713 ], [ 131.545908966045261, 33.020644414960323 ], [ 131.542247234820394, 33.01967603788016 ], [ 131.540801778101098, 33.019737056419132 ], [ 131.539693941756241, 33.020153279132323 ], [ 131.540993140092098, 33.022167651121819 ], [ 131.541261309322948, 33.023075106756302 ], [ 131.541295000806741, 33.024614071640343 ], [ 131.541588707178249, 33.025360190303054 ], [ 131.542400767473822, 33.026668300274565 ], [ 131.543315752177165, 33.027722827063911 ], [ 131.543729728202919, 33.028513393428959 ], [ 131.544121815984909, 33.030661689403956 ], [ 131.544141740443678, 33.0327965943697 ], [ 131.543830473932388, 33.033530141100236 ], [ 131.542061952860109, 33.033432685287586 ], [ 131.540753628232693, 33.033900663001042 ], [ 131.538047167513128, 33.033571931070263 ], [ 131.535228711656032, 33.033744668094222 ], [ 131.535507799216703, 33.03464280114823 ], [ 131.537109777041024, 33.035769112380933 ], [ 131.537589352702327, 33.036566491193362 ], [ 131.537325716858817, 33.036931375843302 ], [ 131.535909275886866, 33.037348158402565 ], [ 131.535528084298704, 33.038481926911665 ], [ 131.535619047711776, 33.039712544235591 ], [ 131.537610553713989, 33.041620684294422 ], [ 131.538825912194596, 33.043165980548345 ], [ 131.539823650482134, 33.043214645751576 ], [ 131.540414559537453, 33.043062492837898 ], [ 131.541182031428804, 33.043981673526694 ], [ 131.543315992215554, 33.045460531366729 ], [ 131.543926672449743, 33.045754194990437 ], [ 131.545625052968973, 33.046137385651654 ], [ 131.54522088912455, 33.046678853873026 ], [ 131.5434690069537, 33.047761230228069 ], [ 131.543715357630276, 33.048892568696814 ], [ 131.543356241912534, 33.051408410386294 ], [ 131.543407482957406, 33.052035943248583 ], [ 131.544631865520245, 33.050684475751048 ], [ 131.548813805220817, 33.05106545703719 ], [ 131.549658328927848, 33.051535872817183 ], [ 131.551345378109346, 33.051983002872355 ], [ 131.552493654030229, 33.053252803934328 ], [ 131.553715913077042, 33.053553375053681 ], [ 131.553933057347422, 33.053877408328496 ], [ 131.553905505440412, 33.054885719892525 ], [ 131.55542101606423, 33.057081502063831 ], [ 131.556488442897347, 33.057216983134232 ], [ 131.556858474185645, 33.057551380198781 ], [ 131.558666797079155, 33.05809858170349 ], [ 131.559400775026347, 33.05782979978256 ], [ 131.561400449398405, 33.058410344898135 ], [ 131.561609690234008, 33.058187163450057 ], [ 131.562265504225309, 33.058031368596687 ], [ 131.562640445186105, 33.058055687334786 ], [ 131.56341597378173, 33.05849444694406 ], [ 131.563673878177667, 33.058346942369035 ] ] ] } },
{ "type": "Feature", "properties": { "CITY_NAME": "豊後大野市", "S_NAME": "大野町代三五", "JINKO": 27, "medical_area": "44_豊肥医療圏", "町丁目名": "豊後大野市大野町代三五" }, "geometry": { "type": "Polygon", "coordinates": [ [ [ 131.555088619831764, 33.020596923545355 ], [ 131.556003335046171, 33.019582323118335 ], [ 131.55698738616104, 33.01890553990053 ], [ 131.556682110468699, 33.018184170101939 ], [ 131.556868366323471, 33.016530327753451 ], [ 131.556639519023406, 33.012728368207533 ], [ 131.555400126927026, 33.011520297619157 ], [ 131.55421112428192, 33.011713518269119 ], [ 131.552023560663542, 33.010401515898337 ], [ 131.551687015201679, 33.010099904254773 ], [ 131.550446023201062, 33.007627671122108 ], [ 131.549802734225437, 33.007771482461791 ], [ 131.547843877829337, 33.007608712520152 ], [ 131.546408488522616, 33.007804957421541 ], [ 131.545415696455507, 33.00770315700418 ], [ 131.54007622843389, 33.006427017996785 ], [ 131.539405712289977, 33.006580239242467 ], [ 131.53879091188233, 33.007212945576612 ], [ 131.538482050741379, 33.008052948081264 ], [ 131.537591370462934, 33.009054998631321 ], [ 131.537343990820375, 33.010157157685178 ], [ 131.539549006041142, 33.011715421369594 ], [ 131.539906835757989, 33.012214895686242 ], [ 131.539846254195027, 33.014138977360481 ], [ 131.538422450734174, 33.018264014600717 ], [ 131.539693941756241, 33.020153279132323 ], [ 131.540801778101098, 33.019737056419132 ], [ 131.542247234820394, 33.01967603788016 ], [ 131.545908966045261, 33.020644414960323 ], [ 131.549413590597112, 33.020616104810713 ], [ 131.550483374922806, 33.021050874414307 ], [ 131.552756288893107, 33.02144641569641 ], [ 131.55409502571078, 33.021316820565147 ], [ 131.555088619831764, 33.020596923545355 ] ] ] } },
{ "type": "Feature", "properties": { "CITY_NAME": "豊後大野市", "S_NAME": "大野町長畑", "JINKO": 9, "medical_area": "44_豊肥医療圏", "町丁目名": "豊後大野市大野町長畑" }, "geometry": { "type": "Polygon", "coordinates": [ [ [ 131.539905122471168, 33.063820172345622 ], [ 131.54360648812451, 33.0659619961327 ], [ 131.544454432881508, 33.067061273899391 ], [ 131.54537994758104, 33.066996817701401 ], [ 131.546973959355142, 33.067493398991083 ], [ 131.547845363472192, 33.067553853093514 ], [ 131.548655454514233, 33.067393222866087 ], [ 131.549306616750926, 33.067064135299873 ], [ 131.549862043682026, 33.066354894082473 ], [ 131.550325363766916, 33.064650944601148 ], [ 131.55107625518221, 33.063787082677479 ], [ 131.552503474777211, 33.062694438260387 ], [ 131.551960058248625, 33.062422729444975 ], [ 131.551377225467633, 33.061650989309243 ], [ 131.550801404446133, 33.061239116388755 ], [ 131.551508165549421, 33.060326115885061 ], [ 131.553079461325581, 33.057624941517048 ], [ 131.553440635432395, 33.056043041118585 ], [ 131.553513026101598, 33.05496003850137 ], [ 131.55390550544044, 33.054885719892525 ], [ 131.553843700843061, 33.05370137834705 ], [ 131.55358309449025, 33.053484325491489 ], [ 131.552493654030229, 33.053252803934342 ], [ 131.551345378109346, 33.051983002872355 ], [ 131.549658328927819, 33.051535872817183 ], [ 131.548813805220789, 33.05106545703719 ], [ 131.544631865520245, 33.050684475751048 ], [ 131.541194792375336, 33.054312348858502 ], [ 131.540440022259787, 33.05554463926574 ], [ 131.540111796984206, 33.056775022479151 ], [ 131.540103821558091, 33.058405120250264 ], [ 131.540709360199827, 33.060490942986213 ], [ 131.540758926151312, 33.061306229061692 ], [ 131.539905122471168, 33.063820172345622 ] ] ] } },
{ "type": "Feature", "properties": { "CITY_NAME": "豊後大野市", "S_NAME": "大野町中土師", "JINKO": 50, "medical_area": "44_豊肥医療圏", "町丁目名": "豊後大野市大野町中土師" }, "geometry": { "type": "Polygon", "coordinates": [ [ [ 131.542646818801416, 33.081648043499797 ], [ 131.542758323223012, 33.080857228939777 ], [ 131.542612224600845, 33.080265333490793 ], [ 131.542649475370723, 33.078945105093538 ], [ 131.543293888495299, 33.077536286812084 ], [ 131.543643744695089, 33.075923291673391 ], [ 131.543965750305233, 33.075423288516049 ], [ 131.544233828027956, 33.075264056819293 ], [ 131.544903645336035, 33.075263426170494 ], [ 131.547823039779956, 33.076305539767368 ], [ 131.54953773031653, 33.076372042686835 ], [ 131.552013918998028, 33.076941406498889 ], [ 131.552377736368555, 33.074974637570001 ], [ 131.552016222201104, 33.074559424199705 ], [ 131.55204325952198, 33.074285956386362 ], [ 131.552855577864335, 33.07332186615745 ], [ 131.553859222170104, 33.073873430962323 ], [ 131.554602085610526, 33.073666932527495 ], [ 131.554872982449666, 33.072925755888448 ], [ 131.554554740546763, 33.070915663692475 ], [ 131.554753844207823, 33.070489279202825 ], [ 131.555651475972184, 33.070103384787508 ], [ 131.556342726951272, 33.069563531635524 ], [ 131.55663689361316, 33.068920204049448 ], [ 131.556678694731204, 33.068461446832572 ], [ 131.55546130694421, 33.067112193435804 ], [ 131.554619165357224, 33.065797344525755 ], [ 131.555179942765022, 33.064667194890298 ], [ 131.5559699195245, 33.063845789027859 ], [ 131.556107609245743, 33.063388057398321 ], [ 131.554536753745253, 33.062898892611472 ], [ 131.55345141448754, 33.062945825845127 ], [ 131.552503474777211, 33.062694438260387 ], [ 131.55107625518221, 33.063787082677479 ], [ 131.550325363766916, 33.064650944601148 ], [ 131.549862043682026, 33.066354894082473 ], [ 131.549549281685699, 33.066845596077272 ], [ 131.548655454514233, 33.067393222866087 ], [ 131.547845363472192, 33.067553853093521 ], [ 131.546973959355142, 33.067493398991068 ], [ 131.54537994758104, 33.066996817701401 ], [ 131.544454432881508, 33.067061273899384 ], [ 131.54360648812451, 33.0659619961327 ], [ 131.538994669330663, 33.063434823714303 ], [ 131.53798704995404, 33.063503682429143 ], [ 131.536405668373277, 33.063906244057009 ], [ 131.533662850931364, 33.064188920649592 ], [ 131.531197811308886, 33.064645201727835 ], [ 131.53064716420397, 33.064880018134886 ], [ 131.530392405428245, 33.066190394796259 ], [ 131.529560322443444, 33.067644737805665 ], [ 131.53004028839257, 33.069620472868507 ], [ 131.528668160865749, 33.074754863255805 ], [ 131.528972733034919, 33.076055113854558 ], [ 131.530091764467727, 33.077841832438082 ], [ 131.529853443581345, 33.080428946532471 ], [ 131.529711035572973, 33.080912702122582 ], [ 131.529007776891717, 33.081587284457697 ], [ 131.528539606979933, 33.080835493697748 ], [ 131.528013227450401, 33.082145465720238 ], [ 131.529515805435523, 33.084352737865146 ], [ 131.529527611570586, 33.085422032913478 ], [ 131.531066311293785, 33.086439449007614 ], [ 131.53221662281814, 33.088289370173236 ], [ 131.531332202481053, 33.088403654007863 ], [ 131.531355458972399, 33.088728998732947 ], [ 131.531601686860569, 33.089656413980855 ], [ 131.531811063701952, 33.090015660644788 ], [ 131.532196842143236, 33.090247537522991 ], [ 131.532666570457167, 33.091035316643485 ], [ 131.532934478535253, 33.093275618028088 ], [ 131.533710375516051, 33.094249865021474 ], [ 131.533620465883132, 33.095297225963918 ], [ 131.534499970470904, 33.095788830026777 ], [ 131.536508415104436, 33.09626415110916 ], [ 131.535815534726765, 33.097204032444758 ], [ 131.535982235850611, 33.098233067439224 ], [ 131.536657527917441, 33.099338698309673 ], [ 131.536676503345006, 33.099712815981817 ], [ 131.536054504980484, 33.101322013788192 ], [ 131.536010752530103, 33.102371657597232 ], [ 131.534633208367637, 33.103984084295668 ], [ 131.533938437810946, 33.105180010787969 ], [ 131.532862506371487, 33.106376921398436 ], [ 131.533112414830754, 33.106918414591178 ], [ 131.533803813075906, 33.107526283013158 ], [ 131.534553849566237, 33.107911785462015 ], [ 131.53495578081214, 33.108025012960326 ], [ 131.53697478000916, 33.106972812349973 ], [ 131.537999709463975, 33.106145816493907 ], [ 131.538909531444546, 33.105127492062458 ], [ 131.541564076967603, 33.103965842364595 ], [ 131.543151017560604, 33.10292172757228 ], [ 131.543714954622686, 33.101864294417659 ], [ 131.544603765061709, 33.101012020525012 ], [ 131.545817764260278, 33.100247593812206 ], [ 131.547678562647832, 33.099680548727392 ], [ 131.548211875417053, 33.099275280875162 ], [ 131.548606299014949, 33.098723184470366 ], [ 131.547850522657399, 33.096701194126858 ], [ 131.547858395232424, 33.09602099755196 ], [ 131.548255080568822, 33.095201943361531 ], [ 131.548387913668222, 33.094192470827537 ], [ 131.548192913268309, 33.092749515287132 ], [ 131.547812756621511, 33.091948037296369 ], [ 131.546711503984056, 33.090843156081299 ], [ 131.541195429327928, 33.086146661380063 ], [ 131.542646818801416, 33.081648043499797 ] ] ] } },
{ "type": "Feature", "properties": { "CITY_NAME": "豊後大野市", "S_NAME": "大野町安藤", "JINKO": 35, "medical_area": "44_豊肥医療圏", "町丁目名": "豊後大野市大野町安藤" }, "geometry": { "type": "Polygon", "coordinates": [ [ [ 131.558026661364948, 33.117549696475926 ], [ 131.558059189677834, 33.116552464655825 ], [ 131.556920884279748, 33.115098875063147 ], [ 131.556814524128129, 33.113739714700905 ], [ 131.55686032000429, 33.113561728906078 ], [ 131.558518427343188, 33.112237506229988 ], [ 131.558726526777036, 33.111742758345883 ], [ 131.559336147906663, 33.111025652631483 ], [ 131.559247763318353, 33.110657319663368 ], [ 131.559771754419899, 33.110628647464658 ], [ 131.560932829166035, 33.111130431075374 ], [ 131.561479426764862, 33.110963367523688 ], [ 131.562116479017988, 33.111487243607101 ], [ 131.563295378035491, 33.111000100893669 ], [ 131.563954510542828, 33.111048703434676 ], [ 131.563880350402798, 33.111429425354878 ], [ 131.564510462290855, 33.111729600495899 ], [ 131.565450390561068, 33.11136430790917 ], [ 131.566491658318029, 33.111269328829692 ], [ 131.567222872605981, 33.110608391205304 ], [ 131.568033574508092, 33.110398401960801 ], [ 131.568317870381833, 33.110532490706426 ], [ 131.56828860137216, 33.108417600653624 ], [ 131.569514814141343, 33.108152897572424 ], [ 131.570213714650407, 33.106228709464659 ], [ 131.573783746832106, 33.102998167540775 ], [ 131.572802071081497, 33.102774737766062 ], [ 131.571384899760858, 33.102801316867591 ], [ 131.570399620295376, 33.102276130874245 ], [ 131.569351209318768, 33.100953618322634 ], [ 131.568952883078452, 33.099314854521566 ], [ 131.567709701604031, 33.098014161019492 ], [ 131.567041589653712, 33.096819054533832 ], [ 131.565547936521085, 33.096701916852844 ], [ 131.565028249530542, 33.096494833816003 ], [ 131.564743818453564, 33.096115654122599 ], [ 131.564677646605986, 33.095498106794636 ], [ 131.564192234865203, 33.09513903200299 ], [ 131.564190431905558, 33.094207040945257 ], [ 131.563090148517176, 33.094314984548461 ], [ 131.562469825281568, 33.093933808050608 ], [ 131.561482339380916, 33.093847500439807 ], [ 131.560275970771556, 33.09096093027614 ], [ 131.560528368791097, 33.090219791582633 ], [ 131.559697583241928, 33.089404823716826 ], [ 131.559773127421977, 33.088693027299534 ], [ 131.559549763472262, 33.087839026081248 ], [ 131.559741097513466, 33.08738008233437 ], [ 131.559249620194322, 33.086799397020009 ], [ 131.559086788183976, 33.085670527863172 ], [ 131.558013617977309, 33.082666005653309 ], [ 131.557184303707629, 33.082163667216427 ], [ 131.556759682639296, 33.08131609386075 ], [ 131.557099225799192, 33.08061310188517 ], [ 131.557050350988732, 33.080386154698637 ], [ 131.554632580075264, 33.07973789470531 ], [ 131.553369138545776, 33.079221773513183 ], [ 131.552116245931529, 33.07787226370283 ], [ 131.552013918998028, 33.076941406498889 ], [ 131.54953773031653, 33.076372042686835 ], [ 131.547823039779956, 33.076305539767368 ], [ 131.544903645336035, 33.075263426170494 ], [ 131.544233828027956, 33.075264056819293 ], [ 131.54377804087261, 33.075582450136835 ], [ 131.543293888495299, 33.077536286812084 ], [ 131.542649475370723, 33.078945105093538 ], [ 131.542612224600845, 33.080265333490793 ], [ 131.542758323223012, 33.080857228939777 ], [ 131.542646818801416, 33.081648043499797 ], [ 131.541195429327928, 33.086146661380063 ], [ 131.546711503984056, 33.090843156081299 ], [ 131.547812756621511, 33.091948037296369 ], [ 131.548192913268309, 33.092749515287132 ], [ 131.548387913668222, 33.094192470827537 ], [ 131.548255080568822, 33.095201943361531 ], [ 131.547858395232424, 33.09602099755196 ], [ 131.547850522657399, 33.096701194126858 ], [ 131.548606299014949, 33.098723184470366 ], [ 131.548211875417053, 33.099275280875162 ], [ 131.547678562647832, 33.099680548727392 ], [ 131.545817764260278, 33.100247593812206 ], [ 131.544603765061709, 33.101012020525012 ], [ 131.543714954622686, 33.101864294417659 ], [ 131.543151017560604, 33.10292172757228 ], [ 131.541564076967603, 33.103965842364595 ], [ 131.538909531444546, 33.105127492062458 ], [ 131.537999709463975, 33.106145816493907 ], [ 131.53697478000916, 33.106972812349973 ], [ 131.53495578081214, 33.108025012960326 ], [ 131.532514972667798, 33.108769900964205 ], [ 131.531759649417495, 33.109430400549499 ], [ 131.532399797944407, 33.109852672973808 ], [ 131.534071554880825, 33.110292488724291 ], [ 131.534972163649286, 33.110780801044349 ], [ 131.53753552448805, 33.110228930896611 ], [ 131.539246457446666, 33.111153739466552 ], [ 131.53951023428354, 33.113540450730099 ], [ 131.539863790191134, 33.114027628054423 ], [ 131.541394743461808, 33.114336260163405 ], [ 131.541672336195802, 33.114938606254938 ], [ 131.541679091016505, 33.115711919959587 ], [ 131.542092548559452, 33.116135471709057 ], [ 131.542178508686817, 33.116617592236018 ], [ 131.542549852709982, 33.116854717726554 ], [ 131.545922870500192, 33.117320838758445 ], [ 131.546435299641786, 33.117249675505754 ], [ 131.546925066134492, 33.117560230599707 ], [ 131.548179812681411, 33.117566498126138 ], [ 131.55065796483521, 33.118016262620642 ], [ 131.551569826584767, 33.117548237000669 ], [ 131.552362695631075, 33.117563230101524 ], [ 131.553046137216171, 33.117977130875644 ], [ 131.553182924954484, 33.118904537093798 ], [ 131.553099021919081, 33.11955551669665 ], [ 131.553344408067744, 33.119944459417304 ], [ 131.553641548945535, 33.120136485237261 ], [ 131.554886640088824, 33.120357927599834 ], [ 131.555555218842073, 33.120873000936946 ], [ 131.55620192068784, 33.120810639642919 ], [ 131.557442098341284, 33.120331083625672 ], [ 131.557789663596367, 33.120002611933138 ], [ 131.558211187555059, 33.119085369699519 ], [ 131.558246509780986, 33.118529461257317 ], [ 131.558026661364948, 33.117549696475926 ] ] ] } },
{ "type": "Feature", "properties": { "CITY_NAME": "豊後大野市", "S_NAME": "大野町沢田", "JINKO": 30, "medical_area": "44_豊肥医療圏", "町丁目名": "豊後大野市大野町沢田" }, "geometry": { "type": "Polygon", "coordinates": [ [ [ 131.534205591033214, 33.107753080741666 ], [ 131.532921254963981, 33.106679863316138 ], [ 131.532993661578928, 33.10610507927943 ], [ 131.533938437810946, 33.105180010787969 ], [ 131.534633208367637, 33.103984084295668 ], [ 131.535719164298115, 33.102794926965515 ], [ 131.536063208108629, 33.102202608799743 ], [ 131.536054504980484, 33.101322013788192 ], [ 131.536676503345006, 33.099712815981817 ], [ 131.536657527917441, 33.099338698309673 ], [ 131.535982235850611, 33.098233067439224 ], [ 131.535815534726765, 33.097204032444758 ], [ 131.536508415104436, 33.09626415110916 ], [ 131.534499970470904, 33.095788830026777 ], [ 131.533620465883132, 33.095297225963918 ], [ 131.533710375516051, 33.094249865021474 ], [ 131.532934478535253, 33.093275618028088 ], [ 131.532666570457167, 33.091035316643485 ], [ 131.532196842143236, 33.090247537522991 ], [ 131.531811063701952, 33.090015660644788 ], [ 131.531601686860569, 33.089656413980855 ], [ 131.531355458972399, 33.088728998732947 ], [ 131.531332202481053, 33.088403654007863 ], [ 131.53221662281814, 33.088289370173236 ], [ 131.531066311293785, 33.086439449007614 ], [ 131.529527611570586, 33.085422032913478 ], [ 131.529515805435523, 33.084352737865146 ], [ 131.528013227450401, 33.082145465720238 ], [ 131.528539606979933, 33.080835493697748 ], [ 131.529007776891717, 33.081587284457697 ], [ 131.529711035572973, 33.080912702122582 ], [ 131.530112461735456, 33.078634951972326 ], [ 131.530091764467727, 33.077841832438082 ], [ 131.528972733034919, 33.076055113854558 ], [ 131.528747785533454, 33.075413507420905 ], [ 131.528668160865749, 33.074754863255805 ], [ 131.528872277458561, 33.073942679311273 ], [ 131.527195276167447, 33.072352091940076 ], [ 131.526260171332126, 33.071917503002808 ], [ 131.525295798045249, 33.071850091516367 ], [ 131.525161722118071, 33.071963767646068 ], [ 131.525053864358512, 33.072554411606973 ], [ 131.525186453318327, 33.073689989204674 ], [ 131.524762660168108, 33.074269595104099 ], [ 131.521057047054143, 33.076577673096828 ], [ 131.519931102518683, 33.076532446849065 ], [ 131.518594190906612, 33.076140951728156 ], [ 131.51635199306034, 33.074748767750613 ], [ 131.515870616276004, 33.074633169202045 ], [ 131.514851650344013, 33.074899766860007 ], [ 131.51344853219021, 33.076196760760716 ], [ 131.512700653860151, 33.076587025023564 ], [ 131.509327257023074, 33.076456887589643 ], [ 131.507764624016431, 33.076885993301637 ], [ 131.507284411370449, 33.077287147105295 ], [ 131.506749669364126, 33.078087946079982 ], [ 131.506328468819788, 33.078991364362608 ], [ 131.505537232802396, 33.081584814643328 ], [ 131.504241963895083, 33.08324479967078 ], [ 131.503255047360824, 33.084902353450723 ], [ 131.502394538802548, 33.08703794022194 ], [ 131.501435416767237, 33.087701166262477 ], [ 131.500703279457156, 33.087439854901035 ], [ 131.500357858708981, 33.087526652505289 ], [ 131.500384154712378, 33.088248525242065 ], [ 131.500100229844719, 33.088682051601054 ], [ 131.497904826996688, 33.089922585302013 ], [ 131.497072189456844, 33.09126042337045 ], [ 131.496607304263591, 33.09169599291728 ], [ 131.496660929879909, 33.092065445819799 ], [ 131.497918904188907, 33.093132084311641 ], [ 131.498213751161103, 33.093638035733264 ], [ 131.499366483597214, 33.094188611929091 ], [ 131.499619103406445, 33.094810824163844 ], [ 131.500044304668847, 33.095218836163632 ], [ 131.501341634567439, 33.095515257362813 ], [ 131.501715314639512, 33.095794008321214 ], [ 131.501895322623909, 33.096284997217296 ], [ 131.50228483581256, 33.096706116196486 ], [ 131.502991757501519, 33.097080907721953 ], [ 131.503589998799811, 33.097190070970257 ], [ 131.504603658963703, 33.097774956840929 ], [ 131.504708453559232, 33.09881836115526 ], [ 131.504946041972858, 33.098982616594213 ], [ 131.505571793980693, 33.098988674506586 ], [ 131.506397514709136, 33.100175051848247 ], [ 131.507297448024104, 33.100162816738127 ], [ 131.508219719797523, 33.099931643723437 ], [ 131.509540831634951, 33.100248777831219 ], [ 131.511309555601855, 33.10035922307452 ], [ 131.512366587177667, 33.101109897733366 ], [ 131.514184662473866, 33.101008530582988 ], [ 131.515429190076674, 33.102478515600666 ], [ 131.516039313812456, 33.102175288514076 ], [ 131.517970708889663, 33.10268914750678 ], [ 131.519187344440724, 33.102417888994829 ], [ 131.520267003452517, 33.102616878828101 ], [ 131.521668702170729, 33.102305348451331 ], [ 131.522962409545272, 33.104294317537693 ], [ 131.523323191954489, 33.104623237514637 ], [ 131.523921270292277, 33.104690293059768 ], [ 131.525223828009928, 33.106015259613486 ], [ 131.525370390712766, 33.106492905948841 ], [ 131.526469872515179, 33.106180444395001 ], [ 131.527673640104183, 33.106547536364644 ], [ 131.528387168687487, 33.107062774979653 ], [ 131.529993085179626, 33.107228132998017 ], [ 131.531189373627825, 33.108057835331664 ], [ 131.531364697243106, 33.109010134857918 ], [ 131.531759649417495, 33.109430400549499 ], [ 131.532514972667798, 33.108769900964205 ], [ 131.53495578081214, 33.108025012960326 ], [ 131.534205591033214, 33.107753080741666 ] ] ] } },
{ "type": "Feature", "properties": { "CITY_NAME": "豊後大野市", "S_NAME": "千歳町前田", "JINKO": 381, "medical_area": "44_豊肥医療圏", "町丁目名": "豊後大野市千歳町前田" }, "geometry": { "type": "Polygon", "coordinates": [ [ [ 131.584831822769473, 33.038849651931862 ], [ 131.584637477102405, 33.038341091230009 ], [ 131.583614776308963, 33.037172511254255 ], [ 131.583338390079035, 33.035413836943192 ], [ 131.584270614029919, 33.034806904841517 ], [ 131.58415653121736, 33.034008341010718 ], [ 131.58446876400626, 33.033511194325413 ], [ 131.584081148846053, 33.032952373859558 ], [ 131.583493057782562, 33.0327657939254 ], [ 131.583329400595545, 33.032374845852907 ], [ 131.582611580827063, 33.031925248905623 ], [ 131.582402320038057, 33.031644053400406 ], [ 131.582440286352039, 33.03137654635551 ], [ 131.581980494538158, 33.03090901887299 ], [ 131.582212456050627, 33.029949987794268 ], [ 131.581793159194575, 33.02926133888873 ], [ 131.582070008085282, 33.028413491370252 ], [ 131.581996208849347, 33.027931155712956 ], [ 131.582301567576678, 33.027395062662833 ], [ 131.581958977070002, 33.026962256303413 ], [ 131.582247904157214, 33.024603189399215 ], [ 131.582607991106812, 33.024341606608537 ], [ 131.583664956989651, 33.024039611453063 ], [ 131.583855951345754, 33.023563469391718 ], [ 131.584809489159966, 33.023633247859792 ], [ 131.586230385670035, 33.022991690189528 ], [ 131.587951145569917, 33.022987327282507 ], [ 131.589374184277204, 33.023658250912888 ], [ 131.59017218073015, 33.023413718735711 ], [ 131.589523024166141, 33.022149720575769 ], [ 131.589546461386931, 33.021895852482501 ], [ 131.590930808668077, 33.01933415060018 ], [ 131.591051865665321, 33.018040122984601 ], [ 131.590150800354877, 33.017203210984768 ], [ 131.589300232863621, 33.016959349552664 ], [ 131.58814514251921, 33.016887242460818 ], [ 131.586488056176819, 33.017441297943456 ], [ 131.585374700411109, 33.018623662206181 ], [ 131.584991196445429, 33.018829871406737 ], [ 131.584288848143672, 33.018896601945997 ], [ 131.583994343376418, 33.018644224333237 ], [ 131.583250800818945, 33.017541048031632 ], [ 131.581926306172647, 33.013969954127958 ], [ 131.581339083061835, 33.009905502604816 ], [ 131.580948126635121, 33.008969824379093 ], [ 131.581221474014768, 33.006638908381007 ], [ 131.581135885257424, 33.006343255160132 ], [ 131.580235782643058, 33.005811820547351 ], [ 131.579470193258999, 33.005557988386123 ], [ 131.578985033248927, 33.005567289429919 ], [ 131.578518292544317, 33.005830262453308 ], [ 131.578196663772758, 33.006543686945314 ], [ 131.578207337631767, 33.008923763284741 ], [ 131.577852385915065, 33.009831188863359 ], [ 131.577176638193492, 33.010743522610682 ], [ 131.576031260052702, 33.011244704823824 ], [ 131.574369868737165, 33.011136047460418 ], [ 131.571863109300836, 33.01031578130857 ], [ 131.571156336077053, 33.009707453349328 ], [ 131.569993455120567, 33.009037910303213 ], [ 131.569531122148675, 33.008042607037794 ], [ 131.569146949045376, 33.008143045989812 ], [ 131.567864205963502, 33.009195661617497 ], [ 131.566937212951757, 33.009615769381362 ], [ 131.565868515519583, 33.01091738714792 ], [ 131.56553806927846, 33.01176831505407 ], [ 131.566478372488291, 33.013131972673321 ], [ 131.566252151571632, 33.013989634774397 ], [ 131.565402443678011, 33.015353397326052 ], [ 131.564815235014919, 33.015943781954697 ], [ 131.563944331086333, 33.016381012415401 ], [ 131.56330551412313, 33.017267637759602 ], [ 131.562068988754447, 33.017492008061211 ], [ 131.561752122746668, 33.017737959857214 ], [ 131.561869224975027, 33.018303847601793 ], [ 131.561605835016337, 33.018768217725025 ], [ 131.56223967733095, 33.020309742315433 ], [ 131.561488701906512, 33.023659919849507 ], [ 131.561492370031687, 33.024845329932525 ], [ 131.56187059938415, 33.02490857440057 ], [ 131.562436875316564, 33.02553336820133 ], [ 131.563315778698978, 33.025595223314987 ], [ 131.564793599865254, 33.026308787353983 ], [ 131.565324383473694, 33.026687690631803 ], [ 131.566532051212789, 33.028096980112039 ], [ 131.567832635139155, 33.028574446989133 ], [ 131.568204817473315, 33.02911963355519 ], [ 131.567980718794303, 33.029763642666936 ], [ 131.568238846059643, 33.030324140003366 ], [ 131.571697848959332, 33.031771565080803 ], [ 131.5728791095774, 33.033565694925713 ], [ 131.573329397315007, 33.034986272324538 ], [ 131.573006239246325, 33.036255245008817 ], [ 131.573073537221404, 33.036476643493067 ], [ 131.574390513608364, 33.036511165804718 ], [ 131.576177804915346, 33.03766685913854 ], [ 131.576841912058825, 33.037482942450971 ], [ 131.577122839049252, 33.037788461629027 ], [ 131.576741136124383, 33.038036700161243 ], [ 131.577201409647557, 33.038288128209338 ], [ 131.577052105987747, 33.038524468161626 ], [ 131.578046869061041, 33.038728583215018 ], [ 131.579249504515758, 33.04008757702281 ], [ 131.581027560643548, 33.040695640246255 ], [ 131.582045082763813, 33.040737275549183 ], [ 131.582556515060929, 33.040324546607827 ], [ 131.583198131382204, 33.039244656451096 ], [ 131.584831822769473, 33.038849651931862 ] ] ] } },
{ "type": "Feature", "properties": { "CITY_NAME": "豊後大野市", "S_NAME": "千歳町下山", "JINKO": 168, "medical_area": "44_豊肥医療圏", "町丁目名": "豊後大野市千歳町下山" }, "geometry": { "type": "Polygon", "coordinates": [ [ [ 131.590487049521784, 33.042661909599772 ], [ 131.591474425988281, 33.042919967499444 ], [ 131.591930187130004, 33.042655023359373 ], [ 131.592216220874406, 33.041987530671157 ], [ 131.593158364472259, 33.041148882968109 ], [ 131.592732354287278, 33.040976726478725 ], [ 131.593098455881972, 33.039245510612993 ], [ 131.596312321127101, 33.038218864182348 ], [ 131.595876129864308, 33.037072038114438 ], [ 131.596240589651529, 33.037271976951146 ], [ 131.597030964813683, 33.037090998005233 ], [ 131.597547521582811, 33.037235216794045 ], [ 131.597674496244423, 33.036678491667807 ], [ 131.597973750852958, 33.036368467134821 ], [ 131.597254730596461, 33.035812743090602 ], [ 131.597158410337983, 33.035532100116903 ], [ 131.597951090716833, 33.034623903504801 ], [ 131.599090074576708, 33.035528983935933 ], [ 131.598947486641237, 33.034845245981018 ], [ 131.597782079595191, 33.033790566030824 ], [ 131.597675538777537, 33.032529173942685 ], [ 131.597455618652987, 33.032224672302235 ], [ 131.595833314070774, 33.031786289918415 ], [ 131.595078175506956, 33.031255162581459 ], [ 131.594344945939895, 33.031283086768305 ], [ 131.593895691317186, 33.030974301945925 ], [ 131.594164574796366, 33.030109119730668 ], [ 131.592669583406348, 33.028342516027912 ], [ 131.592740111286815, 33.027760132505811 ], [ 131.592253834827801, 33.026708316614801 ], [ 131.592196172615587, 33.025958483373174 ], [ 131.592577969008801, 33.026045288888405 ], [ 131.592787152610583, 33.024982220470868 ], [ 131.591224282959672, 33.024436071110294 ], [ 131.59017218073015, 33.023413718735711 ], [ 131.589374184277204, 33.023658250912888 ], [ 131.587951145569917, 33.022987327282507 ], [ 131.586230385670035, 33.022991690189528 ], [ 131.584809489159966, 33.023633247859792 ], [ 131.583855951345754, 33.023563469391718 ], [ 131.583664956989651, 33.024039611453063 ], [ 131.582607991106812, 33.024341606608537 ], [ 131.582247904157214, 33.024603189399215 ], [ 131.581958977070002, 33.026962256303413 ], [ 131.582301567576678, 33.027395062662833 ], [ 131.581996208849347, 33.027931155712956 ], [ 131.582070008085282, 33.028413491370252 ], [ 131.581793159194575, 33.02926133888873 ], [ 131.582212456050627, 33.029949987794268 ], [ 131.581952513124492, 33.030678944112324 ], [ 131.58207851505307, 33.03104964429621 ], [ 131.582440286352039, 33.03137654635551 ], [ 131.582402320038057, 33.031644053400406 ], [ 131.583329400595545, 33.032374845852907 ], [ 131.583493057782562, 33.0327657939254 ], [ 131.584081148846053, 33.032952373859558 ], [ 131.58446876400626, 33.033511194325413 ], [ 131.58415653121736, 33.034008341010718 ], [ 131.584270614029919, 33.034806904841517 ], [ 131.583338390079035, 33.035413836943192 ], [ 131.583614776308963, 33.037172511254255 ], [ 131.584637477102405, 33.038341091230009 ], [ 131.584831822769473, 33.038849651931862 ], [ 131.583198131382204, 33.039244656451096 ], [ 131.583451777335029, 33.04056726441253 ], [ 131.583440199665858, 33.041495654017986 ], [ 131.583616860936701, 33.041509678298311 ], [ 131.584060702533662, 33.040556971675286 ], [ 131.584715063052869, 33.040739541594426 ], [ 131.58478296055705, 33.040330752886788 ], [ 131.584976589323645, 33.040248147078209 ], [ 131.585880114369701, 33.040734076828734 ], [ 131.586294250698444, 33.041964969004901 ], [ 131.586785597807022, 33.04285385961505 ], [ 131.587868406162926, 33.042425457129482 ], [ 131.589660439528785, 33.043126253101221 ], [ 131.590487049521784, 33.042661909599772 ] ] ] } },
{ "type": "Feature", "properties": { "CITY_NAME": "豊後大野市", "S_NAME": "千歳町高畑", "JINKO": 111, "medical_area": "44_豊肥医療圏", "町丁目名": "豊後大野市千歳町高畑" }, "geometry": { "type": "Polygon", "coordinates": [ [ [ 131.607603648621989, 33.034384874525159 ], [ 131.6088809165295, 33.034211029160339 ], [ 131.609435400025831, 33.033442798786183 ], [ 131.609515983994669, 33.032502116437072 ], [ 131.610064717505225, 33.032460778616532 ], [ 131.610458448590634, 33.030991436235396 ], [ 131.611241321402673, 33.029481527762123 ], [ 131.61111127096973, 33.028863442679963 ], [ 131.611160400685748, 33.027687756949796 ], [ 131.607417959891421, 33.027625900924264 ], [ 131.605862963946265, 33.02748171112804 ], [ 131.605158201968919, 33.027210209705267 ], [ 131.604938609584366, 33.027524940884938 ], [ 131.604453129475928, 33.027499094782755 ], [ 131.601829393993739, 33.026204162317306 ], [ 131.600441932967101, 33.025812556242087 ], [ 131.598150883129449, 33.025439355552294 ], [ 131.596427450090573, 33.025482812577977 ], [ 131.592787152610583, 33.024982220470868 ], [ 131.592577969008801, 33.026045288888405 ], [ 131.592210374210907, 33.025912589912927 ], [ 131.592253834827801, 33.026708316614801 ], [ 131.592740111286815, 33.027760132505811 ], [ 131.592669583406348, 33.028342516027912 ], [ 131.594164574796366, 33.030109119730668 ], [ 131.593895691317186, 33.030974301945925 ], [ 131.594344945939895, 33.031283086768305 ], [ 131.595078175506956, 33.031255162581459 ], [ 131.595833314070774, 33.031786289918415 ], [ 131.597455618652987, 33.032224672302235 ], [ 131.597675538777537, 33.032529173942685 ], [ 131.597712153231129, 33.033653408160006 ], [ 131.598947486641237, 33.034845245981018 ], [ 131.599090074576708, 33.035528983935933 ], [ 131.602602162180546, 33.037069135435637 ], [ 131.606676776881017, 33.038575297755216 ], [ 131.607251422111545, 33.035506860960993 ], [ 131.607603648621989, 33.034384874525159 ] ] ] } },
{ "type": "Feature", "properties": { "CITY_NAME": "豊後大野市", "S_NAME": "千歳町柴山", "JINKO": 216, "medical_area": "44_豊肥医療圏", "町丁目名": "豊後大野市千歳町柴山" }, "geometry": { "type": "Polygon", "coordinates": [ [ [ 131.625692595005091, 33.04940649163332 ], [ 131.626343616702883, 33.049036574709305 ], [ 131.626629804120142, 33.048417934891745 ], [ 131.627643392987267, 33.047966765638662 ], [ 131.628104527757131, 33.047445025551589 ], [ 131.629477943875372, 33.047548145098119 ], [ 131.629719551222649, 33.047311656624743 ], [ 131.63004476917331, 33.046063384852111 ], [ 131.630548194913217, 33.045364205630349 ], [ 131.633024383625951, 33.044092716349112 ], [ 131.632113531185837, 33.042076494704972 ], [ 131.630747692841311, 33.041077513958101 ], [ 131.629417532344064, 33.040563192528218 ], [ 131.628179898241683, 33.040491100663111 ], [ 131.626787119753061, 33.040720918545112 ], [ 131.626320991321791, 33.041039456694818 ], [ 131.625813610016593, 33.041090169256258 ], [ 131.625190319261549, 33.040924632253585 ], [ 131.62394702477755, 33.040051462896983 ], [ 131.623158129359325, 33.039215169453094 ], [ 131.620725465594148, 33.035459868130935 ], [ 131.619782405108054, 33.0330221946246 ], [ 131.619643474952937, 33.030541377572739 ], [ 131.619490493031435, 33.030138586892726 ], [ 131.618448900620791, 33.02894213754832 ], [ 131.617852727415425, 33.027964277971883 ], [ 131.617117799716311, 33.027744104660428 ], [ 131.615161613928564, 33.027654356293219 ], [ 131.611160400685748, 33.027687756949796 ], [ 131.61111127096973, 33.028863442679963 ], [ 131.611241321402673, 33.029481527762123 ], [ 131.610458448590634, 33.030991436235396 ], [ 131.610064717505225, 33.032460778616532 ], [ 131.609515983994669, 33.032502116437072 ], [ 131.609435400025831, 33.033442798786183 ], [ 131.6088809165295, 33.034211029160339 ], [ 131.607603648621989, 33.034384874525159 ], [ 131.607194978545721, 33.03572810506774 ], [ 131.606676776881017, 33.038575297755216 ], [ 131.607610779245931, 33.039110754320973 ], [ 131.608936337701095, 33.041237289295239 ], [ 131.609895148023185, 33.041731264521928 ], [ 131.610821715064333, 33.042453331937544 ], [ 131.611482458577314, 33.043209253181367 ], [ 131.611741564758205, 33.043598755026117 ], [ 131.61217179127172, 33.045304237368356 ], [ 131.612734369095591, 33.045505012093827 ], [ 131.61258867954848, 33.046120386718094 ], [ 131.613598607060283, 33.046652732634108 ], [ 131.613525743574229, 33.046960431659976 ], [ 131.614435534937712, 33.047344693433217 ], [ 131.615051365354333, 33.047991177578446 ], [ 131.615780978475641, 33.048470352546943 ], [ 131.616642899349642, 33.049691349838909 ], [ 131.617166891384699, 33.049841531879849 ], [ 131.617592532625451, 33.049423870258558 ], [ 131.618188022942178, 33.049414810932198 ], [ 131.618938217668727, 33.049716635019365 ], [ 131.620562844161441, 33.049901054511032 ], [ 131.621763475817971, 33.050735339670318 ], [ 131.62239600130485, 33.050817746279826 ], [ 131.623929985827004, 33.050513732148573 ], [ 131.625232378176975, 33.050062664366493 ], [ 131.625692595005091, 33.04940649163332 ] ] ] } },
{ "type": "Feature", "properties": { "CITY_NAME": "豊後大野市", "S_NAME": "千歳町船田", "JINKO": 103, "medical_area": "44_豊肥医療圏", "町丁目名": "豊後大野市千歳町船田" }, "geometry": { "type": "Polygon", "coordinates": [ [ [ 131.563508886842527, 33.060125231953215 ], [ 131.564850013123788, 33.05998954742482 ], [ 131.566415159227006, 33.059129529061565 ], [ 131.5670064625306, 33.058324101701643 ], [ 131.567323815211466, 33.058205589880757 ], [ 131.567911727134572, 33.058428676033699 ], [ 131.568587719235353, 33.058433957598055 ], [ 131.569126693367053, 33.058774326503816 ], [ 131.569422404283415, 33.058770882612016 ], [ 131.569570031841323, 33.058544442672421 ], [ 131.569486478383453, 33.058300243827375 ], [ 131.568993398894349, 33.058143615065589 ], [ 131.569339310413369, 33.057828465259355 ], [ 131.569791698467895, 33.057843123300962 ], [ 131.570537535849496, 33.057503132684907 ], [ 131.570311637010718, 33.056770417534722 ], [ 131.571624664643593, 33.056906545668404 ], [ 131.572313674724683, 33.056623256520595 ], [ 131.572686678347509, 33.056659173609994 ], [ 131.572814612642986, 33.056462075138022 ], [ 131.573742848060931, 33.056660595916547 ], [ 131.574541914249068, 33.056489684976327 ], [ 131.575448704062467, 33.056766702140564 ], [ 131.575511262662133, 33.056332535211368 ], [ 131.575756186568924, 33.056013634852157 ], [ 131.575750921041333, 33.054641746413211 ], [ 131.575975521903729, 33.053996000989308 ], [ 131.575776961805929, 33.053621087858424 ], [ 131.575624304846542, 33.053603459819939 ], [ 131.575651032101149, 33.05324278114287 ], [ 131.576767536607633, 33.052694426073337 ], [ 131.578136767860713, 33.052387954081546 ], [ 131.578544302596356, 33.051949114707014 ], [ 131.579063736970568, 33.051968099174736 ], [ 131.5796179813278, 33.05119549636791 ], [ 131.580531993137299, 33.050467048171456 ], [ 131.582384086705957, 33.049911442459077 ], [ 131.582628884149528, 33.049586400087982 ], [ 131.582809400545869, 33.048873577249083 ], [ 131.584000518555627, 33.048321025574971 ], [ 131.584864667887217, 33.048298634711848 ], [ 131.586072772591308, 33.047571793188332 ], [ 131.586791707322476, 33.047556184862572 ], [ 131.588064342959058, 33.046706800931602 ], [ 131.58829451979895, 33.046369589467481 ], [ 131.589291665696237, 33.046141808167739 ], [ 131.589918593777412, 33.045399364076765 ], [ 131.591458398462152, 33.044328701976525 ], [ 131.591588943650493, 33.043215821033634 ], [ 131.591474425988281, 33.042919967499444 ], [ 131.590654559520317, 33.042638836103862 ], [ 131.58952803555664, 33.043126877827532 ], [ 131.588686325596797, 33.042648119531691 ], [ 131.587868406162926, 33.042425457129482 ], [ 131.586785597807022, 33.04285385961505 ], [ 131.586294250698444, 33.041964969004901 ], [ 131.585880114369701, 33.040734076828734 ], [ 131.584976589323645, 33.040248147078209 ], [ 131.58478296055705, 33.040330752886788 ], [ 131.584715063052869, 33.040739541594426 ], [ 131.584060702533662, 33.040556971675286 ], [ 131.583616860936701, 33.041509678298311 ], [ 131.583440199665858, 33.041495654017986 ], [ 131.583451777335029, 33.04056726441253 ], [ 131.583198131382204, 33.039244656451096 ], [ 131.582556515060929, 33.040324546607827 ], [ 131.582045082763813, 33.040737275549183 ], [ 131.581646131417045, 33.040804136702498 ], [ 131.579249504515758, 33.04008757702281 ], [ 131.578046869061041, 33.038728583215018 ], [ 131.577052105987747, 33.038524468161626 ], [ 131.574428505751257, 33.039273889418624 ], [ 131.572527637669879, 33.040035029389863 ], [ 131.571152456317492, 33.04142985299594 ], [ 131.570621427532018, 33.041601184432167 ], [ 131.570423833408654, 33.043251987410251 ], [ 131.569944377856473, 33.043640679201623 ], [ 131.569432985637604, 33.044467974046846 ], [ 131.569466105664617, 33.044818581330794 ], [ 131.56923804708282, 33.045332790947633 ], [ 131.569507437666658, 33.045854443574541 ], [ 131.570069987915701, 33.046391309010346 ], [ 131.572069740782894, 33.047298418259608 ], [ 131.572208167380836, 33.047801999191172 ], [ 131.572191823976283, 33.048924284969715 ], [ 131.570318510240895, 33.049127086592975 ], [ 131.568813867998017, 33.048925279286998 ], [ 131.567906249287518, 33.049560324816674 ], [ 131.56697889377935, 33.04953204327996 ], [ 131.566323261636342, 33.049710632887582 ], [ 131.566038809242144, 33.049933072253694 ], [ 131.565912017870687, 33.050649097647657 ], [ 131.563767167083739, 33.051140135319869 ], [ 131.563390769706331, 33.051486562997411 ], [ 131.563462355241228, 33.051804936717559 ], [ 131.563725883423416, 33.051933821794904 ], [ 131.566436087153647, 33.051641829824327 ], [ 131.566954748396142, 33.051795564374061 ], [ 131.567126557331534, 33.052080964731566 ], [ 131.567097648750888, 33.052393289005622 ], [ 131.566882540402304, 33.052582885973095 ], [ 131.565423811558929, 33.05314562430204 ], [ 131.56448167083505, 33.055758016517913 ], [ 131.56420448256614, 33.05577829140622 ], [ 131.564556928788392, 33.056391434122808 ], [ 131.564671096424092, 33.05750016633452 ], [ 131.564194016762343, 33.057206399862835 ], [ 131.563490982312715, 33.057229097913201 ], [ 131.563605163385915, 33.058480580129846 ], [ 131.562265504225309, 33.058031368596687 ], [ 131.561609690234008, 33.058187163450057 ], [ 131.561311761893279, 33.058521319860382 ], [ 131.561288261571292, 33.05873465487408 ], [ 131.56156100152333, 33.059028182176192 ], [ 131.562310617447054, 33.059277740329364 ], [ 131.562881566601789, 33.059960830954559 ], [ 131.563508886842527, 33.060125231953215 ] ] ] } },
{ "type": "Feature", "properties": { "CITY_NAME": "豊後大野市", "S_NAME": "千歳町新殿", "JINKO": 497, "medical_area": "44_豊肥医療圏", "町丁目名": "豊後大野市千歳町新殿" }, "geometry": { "type": "Polygon", "coordinates": [ [ [ 131.594581385221829, 33.048185996913283 ], [ 131.596732345797676, 33.047182440630515 ], [ 131.597801951688126, 33.047163935340784 ], [ 131.597576131110969, 33.046759108397858 ], [ 131.597634290135034, 33.046414862039192 ], [ 131.598928264382607, 33.044957443864874 ], [ 131.59939211540032, 33.043440919998872 ], [ 131.599407569413785, 33.042862818041925 ], [ 131.599028690073197, 33.042372335333326 ], [ 131.60020622931188, 33.041859627365518 ], [ 131.60093811329989, 33.040638973729322 ], [ 131.601502362533211, 33.040379811629705 ], [ 131.601998337644659, 33.040751917899215 ], [ 131.603614337091813, 33.04043678725909 ], [ 131.604496070910557, 33.04062384703257 ], [ 131.605158232498098, 33.040539226103412 ], [ 131.605747223463908, 33.040365405386105 ], [ 131.606746826041729, 33.0393998896608 ], [ 131.607610779245931, 33.039110754320973 ], [ 131.606231664377049, 33.038339957331623 ], [ 131.602602162180546, 33.037069135435637 ], [ 131.598835123212638, 33.035414094760618 ], [ 131.597951090716833, 33.034623903504801 ], [ 131.597137243445985, 33.035623861660518 ], [ 131.597973750852958, 33.036368467134821 ], [ 131.597674496244423, 33.036678491667807 ], [ 131.597547521582811, 33.037235216794045 ], [ 131.597030964813683, 33.037090998005233 ], [ 131.596240589651529, 33.037271976951146 ], [ 131.595876129864308, 33.037072038114438 ], [ 131.596312321127101, 33.038218864182348 ], [ 131.593098455882, 33.039245510612993 ], [ 131.592732354287278, 33.040976726478725 ], [ 131.593158364472288, 33.041148882968109 ], [ 131.592216220874406, 33.041987530671157 ], [ 131.591930187130004, 33.042655023359373 ], [ 131.591488406894882, 33.042840452058257 ], [ 131.591588943650493, 33.043215821033634 ], [ 131.591458398462152, 33.044328701976525 ], [ 131.591677521664593, 33.044393650389217 ], [ 131.590980587027616, 33.045076771219371 ], [ 131.590454439966237, 33.045250246901027 ], [ 131.591301802647251, 33.046088880163197 ], [ 131.590976523859581, 33.047372735622439 ], [ 131.59120432774904, 33.048161389386678 ], [ 131.592416253153488, 33.048521996867869 ], [ 131.594581385221829, 33.048185996913283 ] ] ] } },
{ "type": "Feature", "properties": { "CITY_NAME": "豊後大野市", "S_NAME": "千歳町石田", "JINKO": 86, "medical_area": "44_豊肥医療圏", "町丁目名": "豊後大野市千歳町石田" }, "geometry": { "type": "Polygon", "coordinates": [ [ [ 131.606575216134416, 33.061704591689143 ], [ 131.607923968521561, 33.061961133196974 ], [ 131.608011462705946, 33.061109766796264 ], [ 131.6074574679362, 33.059814686862779 ], [ 131.606086312208163, 33.058128000049948 ], [ 131.606633146846548, 33.055593095949909 ], [ 131.606378981584271, 33.0556394153922 ], [ 131.606177229679105, 33.054791676175832 ], [ 131.605837671161225, 33.054306886385426 ], [ 131.604758002446914, 33.053493941135798 ], [ 131.604005614053307, 33.053487419518 ], [ 131.604364179629016, 33.052858800108574 ], [ 131.604379492397385, 33.051908233949 ], [ 131.603416518693052, 33.050819931407474 ], [ 131.602790705269626, 33.050922702961138 ], [ 131.602048143618532, 33.050580285000343 ], [ 131.601623881290607, 33.050089787237376 ], [ 131.601745415669427, 33.049102062389537 ], [ 131.601521545127781, 33.048907756556872 ], [ 131.601857344353647, 33.048486853466578 ], [ 131.602000132425502, 33.047783979669269 ], [ 131.600065356364098, 33.048202415051456 ], [ 131.599486283410272, 33.048064762784698 ], [ 131.597801951688126, 33.047163935340784 ], [ 131.596732345797648, 33.047182440630515 ], [ 131.594132395149444, 33.048322474368298 ], [ 131.592416253153488, 33.048521996867869 ], [ 131.591476450393202, 33.048339212031237 ], [ 131.59120432774904, 33.048161389386678 ], [ 131.590998220947654, 33.047722721726544 ], [ 131.591301802647251, 33.046088880163197 ], [ 131.590454439966237, 33.045250246901027 ], [ 131.591110559480967, 33.044974386351029 ], [ 131.591677521664593, 33.044393650389217 ], [ 131.591458398462152, 33.044328701976525 ], [ 131.589918593777412, 33.045399364076765 ], [ 131.589291665696237, 33.046141808167739 ], [ 131.58829451979895, 33.046369589467481 ], [ 131.588064342959058, 33.046706800931602 ], [ 131.586943748068848, 33.04748212783165 ], [ 131.586072772591308, 33.047571793188332 ], [ 131.584864667887217, 33.048298634711848 ], [ 131.584000518555627, 33.048321025574971 ], [ 131.582809400545869, 33.048873577249083 ], [ 131.582628884149528, 33.049586400087982 ], [ 131.582384086705957, 33.049911442459077 ], [ 131.580531993137299, 33.050467048171456 ], [ 131.5796179813278, 33.05119549636791 ], [ 131.579063736970568, 33.051968099174736 ], [ 131.578544302596356, 33.051949114707014 ], [ 131.578136767860713, 33.052387954081546 ], [ 131.576767536607633, 33.052694426073337 ], [ 131.575600569535396, 33.053304128626465 ], [ 131.575624304846542, 33.053603459819939 ], [ 131.575776961805929, 33.053621087858424 ], [ 131.575975521903729, 33.053996000989308 ], [ 131.575750921041333, 33.054641746413211 ], [ 131.575756186568924, 33.056013634852157 ], [ 131.575511262662133, 33.056332535211368 ], [ 131.575448704062467, 33.056766702140564 ], [ 131.575958501932973, 33.056972117471169 ], [ 131.577126551811403, 33.056752848996283 ], [ 131.577929905756406, 33.056862189438355 ], [ 131.57953358258132, 33.056622540047087 ], [ 131.58156144536008, 33.057373924446246 ], [ 131.583798040193841, 33.056869867373436 ], [ 131.585174316943124, 33.057085494965314 ], [ 131.586446210621489, 33.056487294394842 ], [ 131.587346672579713, 33.05627020769581 ], [ 131.589622711218965, 33.05620182993281 ], [ 131.590823140733107, 33.056711107525118 ], [ 131.592184921058532, 33.056933491105305 ], [ 131.59275577972258, 33.056862101396291 ], [ 131.594165700238932, 33.056145796173283 ], [ 131.595431130602208, 33.056196944704759 ], [ 131.596024198745113, 33.056394375982073 ], [ 131.597279961481718, 33.05720206254454 ], [ 131.598275470707762, 33.058198873105461 ], [ 131.599398998312893, 33.05873670636214 ], [ 131.599864403655573, 33.059301047609573 ], [ 131.600172019196236, 33.059282582840275 ], [ 131.600724618179129, 33.058940391743647 ], [ 131.60121406745705, 33.058959244265303 ], [ 131.601259745078465, 33.059372815591296 ], [ 131.601076927932581, 33.059938172341475 ], [ 131.601330766404431, 33.060174605630408 ], [ 131.60146053340398, 33.060712982259695 ], [ 131.60191493161409, 33.060761704783452 ], [ 131.602305573129229, 33.06108661683637 ], [ 131.602799953072406, 33.061084220985464 ], [ 131.603500156362429, 33.061674986436536 ], [ 131.604437568926443, 33.061905980630414 ], [ 131.605460197422161, 33.06243150856281 ], [ 131.606575216134416, 33.061704591689143 ] ] ] } },
{ "type": "Feature", "properties": { "CITY_NAME": "豊後大野市", "S_NAME": "千歳町長峰", "JINKO": 351, "medical_area": "44_豊肥医療圏", "町丁目名": "豊後大野市千歳町長峰" }, "geometry": { "type": "Polygon", "coordinates": [ [ [ 131.621027852383065, 33.065431665911056 ], [ 131.624710872944206, 33.065189463205975 ], [ 131.625728906248725, 33.065276990138251 ], [ 131.626124607401437, 33.064809623700981 ], [ 131.626034447085516, 33.063954671053644 ], [ 131.625021863546237, 33.063468704957273 ], [ 131.622413361498047, 33.063810007664948 ], [ 131.622666329694852, 33.062476118608252 ], [ 131.623121558839159, 33.061567746897161 ], [ 131.623479854680966, 33.061224308386727 ], [ 131.62347776819999, 33.060927234682659 ], [ 131.623106794744217, 33.060542874657514 ], [ 131.62245120425726, 33.060217231876038 ], [ 131.622047190696463, 33.060155588561159 ], [ 131.621367510101379, 33.060349960325027 ], [ 131.621185026552467, 33.060227790074983 ], [ 131.621135783996493, 33.05967630706035 ], [ 131.621390460114782, 33.058584308885777 ], [ 131.620848945898075, 33.057252255029574 ], [ 131.620399214107778, 33.056781282382374 ], [ 131.619125167510276, 33.056021556164623 ], [ 131.618474932397049, 33.055371193146257 ], [ 131.618638939369845, 33.054866770378545 ], [ 131.619112653479078, 33.054226374397501 ], [ 131.618938620865805, 33.053862249011289 ], [ 131.617926592360504, 33.053054533537534 ], [ 131.616572494754564, 33.052375815395735 ], [ 131.616262873821341, 33.051734366936124 ], [ 131.615736360050136, 33.051456861986644 ], [ 131.614869448828586, 33.051562999495545 ], [ 131.614591199873672, 33.05144553500643 ], [ 131.614356286142964, 33.050663662696053 ], [ 131.614231923625766, 33.049096095756255 ], [ 131.613481578894948, 33.048915171845159 ], [ 131.613760183768846, 33.047990711233432 ], [ 131.614524384518063, 33.047407122903373 ], [ 131.613525743574229, 33.046960431659976 ], [ 131.613598607060283, 33.046652732634108 ], [ 131.61258867954848, 33.046120386718094 ], [ 131.612734369095591, 33.045505012093827 ], [ 131.61217179127172, 33.045304237368356 ], [ 131.611741564758205, 33.043598755026117 ], [ 131.611482458577314, 33.043209253181367 ], [ 131.610821715064333, 33.042453331937544 ], [ 131.609895148023185, 33.041731264521928 ], [ 131.608936337701095, 33.041237289295239 ], [ 131.607610779245931, 33.039110754320973 ], [ 131.606746826041729, 33.0393998896608 ], [ 131.605747223463908, 33.040365405386105 ], [ 131.605158232498127, 33.040539226103398 ], [ 131.604496070910557, 33.04062384703257 ], [ 131.603614337091841, 33.04043678725909 ], [ 131.601998337644687, 33.040751917899215 ], [ 131.601502362533211, 33.040379811629705 ], [ 131.600938113299947, 33.040638973729322 ], [ 131.60020622931188, 33.041859627365518 ], [ 131.599028690073197, 33.042372335333326 ], [ 131.599432485205909, 33.042972606142918 ], [ 131.599085532132165, 33.044606606736785 ], [ 131.598669656022139, 33.04534540343797 ], [ 131.597634290135034, 33.046414862039192 ], [ 131.59762101301888, 33.046958359971384 ], [ 131.597903566496797, 33.047241958886943 ], [ 131.599711871240459, 33.048155268520503 ], [ 131.600321624767759, 33.048184897465987 ], [ 131.602000132425502, 33.047783979669269 ], [ 131.601857344353647, 33.048486853466578 ], [ 131.601521545127781, 33.048907756556872 ], [ 131.601745415669427, 33.049102062389537 ], [ 131.601623881290607, 33.050089787237376 ], [ 131.602048143618532, 33.050580285000343 ], [ 131.602790705269626, 33.050922702961138 ], [ 131.603416518693052, 33.050819931407474 ], [ 131.604379492397385, 33.051908233949 ], [ 131.604364179629016, 33.052858800108574 ], [ 131.604005614053307, 33.053487419518 ], [ 131.604758002446914, 33.053493941135798 ], [ 131.606088897720412, 33.054608921299511 ], [ 131.606378981584271, 33.0556394153922 ], [ 131.606633146846548, 33.055593095949909 ], [ 131.606086312208163, 33.058128000049948 ], [ 131.607861077861457, 33.060516336540488 ], [ 131.60894938201767, 33.06031577838116 ], [ 131.609983526269986, 33.060677828071483 ], [ 131.611058096028273, 33.060681046639324 ], [ 131.611420057609479, 33.060492533102462 ], [ 131.611568151981203, 33.060020717689113 ], [ 131.612213631850693, 33.059249368525208 ], [ 131.613086320506397, 33.058877969430689 ], [ 131.614384494926497, 33.059117729575767 ], [ 131.614588156087677, 33.059388348441104 ], [ 131.615163963957855, 33.059487360198553 ], [ 131.616885810039747, 33.060805119229634 ], [ 131.619728613836315, 33.062253095099905 ], [ 131.619943151972791, 33.062633984812059 ], [ 131.620002473099561, 33.064322561718271 ], [ 131.620286288984772, 33.065558854657766 ], [ 131.620603034580455, 33.065634459206962 ], [ 131.621027852383065, 33.065431665911056 ] ] ] } },
{ "type": "Feature", "properties": { "CITY_NAME": "豊後大野市", "S_NAME": "犬飼町長畑", "JINKO": 25, "medical_area": "44_豊肥医療圏", "町丁目名": "豊後大野市犬飼町長畑" }, "geometry": { "type": "Polygon", "coordinates": [ [ [ 131.560515885727284, 33.063026192054544 ], [ 131.561316870293069, 33.062793839700504 ], [ 131.562423041809978, 33.063411990524209 ], [ 131.562807624534969, 33.063000089261017 ], [ 131.563146229797496, 33.061961502322525 ], [ 131.563610035044746, 33.061879824401139 ], [ 131.563896936786392, 33.062087847604531 ], [ 131.565192578275827, 33.064093204403903 ], [ 131.566286513268579, 33.064858109879481 ], [ 131.567728574504287, 33.065383668804955 ], [ 131.568588173823656, 33.065243885652862 ], [ 131.570112333859782, 33.063900975899202 ], [ 131.571723188512124, 33.063497334336482 ], [ 131.57174789788337, 33.063157578341666 ], [ 131.57155652547047, 33.062671624144109 ], [ 131.570175058816005, 33.061104244167623 ], [ 131.569422404283415, 33.058770882612016 ], [ 131.569126693367053, 33.058774326503816 ], [ 131.568587719235353, 33.058433957598055 ], [ 131.567911727134572, 33.058428676033699 ], [ 131.567323815211466, 33.058205589880757 ], [ 131.5670064625306, 33.058324101701643 ], [ 131.566415159227006, 33.059129529061565 ], [ 131.564850013123788, 33.05998954742482 ], [ 131.563270269441858, 33.060122129484938 ], [ 131.56271665609043, 33.059819421323667 ], [ 131.562310617447054, 33.059277740329364 ], [ 131.561346165859106, 33.058849367689341 ], [ 131.561400449398405, 33.058410344898135 ], [ 131.559400775026347, 33.05782979978256 ], [ 131.558898138205393, 33.058115235374615 ], [ 131.558340613903283, 33.058033669903715 ], [ 131.557529086753931, 33.057656785109515 ], [ 131.556858474185645, 33.057551380198781 ], [ 131.556488442897347, 33.057216983134232 ], [ 131.55542101606423, 33.057081502063831 ], [ 131.554802840872952, 33.056322218359121 ], [ 131.554052282559496, 33.05496597341353 ], [ 131.55356703079056, 33.054893171132015 ], [ 131.553079461325581, 33.057624941517048 ], [ 131.550860106371687, 33.061308152220754 ], [ 131.551377225467633, 33.061650989309257 ], [ 131.551960058248596, 33.062422729444982 ], [ 131.552861562223455, 33.062849210978911 ], [ 131.554536753745253, 33.062898892611472 ], [ 131.556752198989159, 33.063693832226512 ], [ 131.556940920963143, 33.06387588960321 ], [ 131.557057345609024, 33.064716570449633 ], [ 131.55760832225144, 33.064934968596681 ], [ 131.557973675892157, 33.065438150427454 ], [ 131.558198988493189, 33.065510767125993 ], [ 131.558412179872448, 33.065465508803562 ], [ 131.559302114773772, 33.064106389286167 ], [ 131.560515885727284, 33.063026192054544 ] ] ] } },
{ "type": "Feature", "properties": { "CITY_NAME": "豊後大野市", "S_NAME": "犬飼町山内", "JINKO": 41, "medical_area": "44_豊肥医療圏", "町丁目名": "豊後大野市犬飼町山内" }, "geometry": { "type": "Polygon", "coordinates": [ [ [ 131.561904100862591, 33.07828114608634 ], [ 131.562046482198241, 33.07586056405755 ], [ 131.56250151165483, 33.075755218447512 ], [ 131.562888669157502, 33.076004325446029 ], [ 131.564407548875437, 33.075157216539459 ], [ 131.565169349420728, 33.074951386783219 ], [ 131.564802578593003, 33.074106949195617 ], [ 131.563821037629197, 33.073448192580415 ], [ 131.563556683444034, 33.073166914928557 ], [ 131.563510973448217, 33.072860087710872 ], [ 131.563524046735125, 33.072626678169371 ], [ 131.564737614501979, 33.070778970044302 ], [ 131.565158642255795, 33.070470021189202 ], [ 131.566367744563905, 33.070218913484815 ], [ 131.567036317931411, 33.069847426740004 ], [ 131.567299179409645, 33.069895354546134 ], [ 131.567828051010622, 33.070482455552877 ], [ 131.568164344444313, 33.070603740913505 ], [ 131.56880493639278, 33.070416594794153 ], [ 131.570365314352841, 33.067972420674437 ], [ 131.571521871260472, 33.066987964604117 ], [ 131.573009693242255, 33.064944111049115 ], [ 131.573178748445656, 33.06432410165003 ], [ 131.57363686366287, 33.064255347710422 ], [ 131.573764035445407, 33.063757684759473 ], [ 131.574499899828055, 33.063570841903264 ], [ 131.576454680298184, 33.06387898164521 ], [ 131.576720361559666, 33.062696330362115 ], [ 131.576136824575599, 33.060932644393432 ], [ 131.576435090977753, 33.060369239847198 ], [ 131.578224256270346, 33.059370709861845 ], [ 131.579060262337805, 33.058416735831678 ], [ 131.58156144536008, 33.057373924446246 ], [ 131.57926472521919, 33.05660545268266 ], [ 131.577929905756406, 33.056862189438355 ], [ 131.576959614275012, 33.056771951403768 ], [ 131.576300053224145, 33.056994988533063 ], [ 131.574397670051667, 33.056473629651364 ], [ 131.573742848060931, 33.056660595916547 ], [ 131.572814612642986, 33.056462075138022 ], [ 131.572686678347509, 33.056659173609994 ], [ 131.572313674724683, 33.056623256520595 ], [ 131.571624664643593, 33.056906545668404 ], [ 131.570311637010718, 33.056770417534722 ], [ 131.570537535849496, 33.057503132684907 ], [ 131.569791698467895, 33.057843123300962 ], [ 131.569339310413369, 33.057828465259355 ], [ 131.568993747342489, 33.058197970050287 ], [ 131.569539242628764, 33.05839407088672 ], [ 131.569422404283415, 33.058770882612016 ], [ 131.570175058816005, 33.061104244167623 ], [ 131.57155652547047, 33.062671624144109 ], [ 131.571723188512124, 33.063497334336482 ], [ 131.570112333859782, 33.063900975899202 ], [ 131.568588173823656, 33.065243885652862 ], [ 131.568266139432012, 33.065347249778419 ], [ 131.567068715269187, 33.065228164727479 ], [ 131.56573316973396, 33.064532302314845 ], [ 131.564786249986099, 33.063630865850612 ], [ 131.564013067881234, 33.062260321108276 ], [ 131.563610035044746, 33.061879824401139 ], [ 131.563146229797496, 33.061961502322525 ], [ 131.562807624534969, 33.063000089261017 ], [ 131.562423041809978, 33.063411990524209 ], [ 131.561316870293069, 33.062793839700504 ], [ 131.560515885727284, 33.063026192054544 ], [ 131.559302114773772, 33.064106389286167 ], [ 131.558412179872448, 33.065465508803562 ], [ 131.558198988493189, 33.065510767125993 ], [ 131.557973675892157, 33.065438150427454 ], [ 131.55760832225144, 33.064934968596681 ], [ 131.557057345609024, 33.064716570449633 ], [ 131.556940920963143, 33.06387588960321 ], [ 131.556090245097749, 33.063474160729406 ], [ 131.5559699195245, 33.063845789027859 ], [ 131.555179942765022, 33.064667194890298 ], [ 131.554619165357224, 33.065797344525755 ], [ 131.55546130694421, 33.067112193435804 ], [ 131.556678694731204, 33.068461446832572 ], [ 131.556557056018335, 33.069284421702967 ], [ 131.555651475972184, 33.070103384787508 ], [ 131.554753844207823, 33.070489279202825 ], [ 131.554554740546763, 33.070915663692475 ], [ 131.554872982449666, 33.072925755888448 ], [ 131.554602085610526, 33.073666932527495 ], [ 131.553859222170104, 33.073873430962323 ], [ 131.552855577864335, 33.07332186615745 ], [ 131.55204325952198, 33.074285956386362 ], [ 131.552016222201104, 33.074559424199705 ], [ 131.552377736368555, 33.074974637570001 ], [ 131.55201304100305, 33.076981661546007 ], [ 131.554252433357163, 33.076692256334418 ], [ 131.556250594122332, 33.076712869813235 ], [ 131.557393347551198, 33.077268485747659 ], [ 131.558621820651467, 33.077528594376808 ], [ 131.558926490198388, 33.078589630616278 ], [ 131.559927270382559, 33.078865495805431 ], [ 131.560615169884159, 33.079555921594498 ], [ 131.561265158622433, 33.079789091891435 ], [ 131.561526574167686, 33.079551820989614 ], [ 131.561904100862591, 33.07828114608634 ] ] ] } },
{ "type": "Feature", "properties": { "CITY_NAME": "豊後大野市", "S_NAME": "犬飼町栗ケ畑", "JINKO": 92, "medical_area": "44_豊肥医療圏", "町丁目名": "豊後大野市犬飼町栗ケ畑" }, "geometry": { "type": "Polygon", "coordinates": [ [ [ 131.573783746832106, 33.102998167540775 ], [ 131.575016292431087, 33.101962630617024 ], [ 131.576573898128004, 33.101523582564035 ], [ 131.57825308136637, 33.100729555697384 ], [ 131.579513282871261, 33.101020578794873 ], [ 131.579912983982268, 33.100605149908951 ], [ 131.580738409852103, 33.100354300647467 ], [ 131.581237479912517, 33.10050916071075 ], [ 131.581742383248212, 33.101219790848276 ], [ 131.58325861141671, 33.101201479745939 ], [ 131.583479961751578, 33.101050732856422 ], [ 131.583428523646063, 33.100288463422139 ], [ 131.583679696254222, 33.099462920918526 ], [ 131.585335435480317, 33.098372886044437 ], [ 131.586982568762949, 33.097972787569063 ], [ 131.587521781255361, 33.097531576757476 ], [ 131.587378111180612, 33.09617017571275 ], [ 131.586526589621968, 33.093985598865501 ], [ 131.581932044682418, 33.0884060187377 ], [ 131.581976625141522, 33.083877800522956 ], [ 131.580963040668536, 33.081318280286659 ], [ 131.580942178234295, 33.080797557742748 ], [ 131.581183784478753, 33.080156850969679 ], [ 131.582107195407787, 33.079145861731924 ], [ 131.582371446698659, 33.07740923395982 ], [ 131.582336852437692, 33.076183592518113 ], [ 131.58198940963959, 33.074628070232549 ], [ 131.579004310884187, 33.072384557764217 ], [ 131.578261665131464, 33.071369951008442 ], [ 131.577834032748683, 33.070287481424693 ], [ 131.577614076800359, 33.068805654627141 ], [ 131.576153328190287, 33.066488551428726 ], [ 131.576195130993312, 33.064828443287922 ], [ 131.576454680298184, 33.06387898164521 ], [ 131.574499899828055, 33.063570841903264 ], [ 131.573764035445407, 33.063757684759473 ], [ 131.57363686366287, 33.064255347710422 ], [ 131.573178748445656, 33.06432410165003 ], [ 131.572814577515203, 33.065240461037803 ], [ 131.571358552694619, 33.067182694621174 ], [ 131.570365314352841, 33.067972420674437 ], [ 131.56880493639278, 33.070416594794153 ], [ 131.568164344444313, 33.070603740913505 ], [ 131.567828051010622, 33.070482455552877 ], [ 131.567299179409645, 33.069895354546134 ], [ 131.567036317931411, 33.069847426740004 ], [ 131.566367744563905, 33.070218913484815 ], [ 131.565158642255795, 33.070470021189202 ], [ 131.564737614501979, 33.070778970044302 ], [ 131.563524046735125, 33.072626678169371 ], [ 131.563510973448217, 33.072860087710872 ], [ 131.563556683444034, 33.073166914928557 ], [ 131.563821037629197, 33.073448192580415 ], [ 131.564802578593003, 33.074106949195617 ], [ 131.565169349420728, 33.074951386783219 ], [ 131.564407548875437, 33.075157216539459 ], [ 131.562888669157502, 33.076004325446029 ], [ 131.56250151165483, 33.075755218447512 ], [ 131.562046482198241, 33.07586056405755 ], [ 131.561904100862591, 33.07828114608634 ], [ 131.561526574167686, 33.079551820989614 ], [ 131.561265158622433, 33.079789091891435 ], [ 131.560615169884159, 33.079555921594498 ], [ 131.559927270382559, 33.078865495805431 ], [ 131.558926490198388, 33.078589630616278 ], [ 131.558621820651467, 33.077528594376808 ], [ 131.557393347551198, 33.077268485747659 ], [ 131.556250594122332, 33.076712869813235 ], [ 131.554252433357163, 33.076692256334418 ], [ 131.55201304100305, 33.076981661546007 ], [ 131.552007659920889, 33.077225916643549 ], [ 131.552116245931529, 33.07787226370283 ], [ 131.553369138545776, 33.079221773513183 ], [ 131.554632580075264, 33.07973789470531 ], [ 131.556889480298622, 33.080267041395025 ], [ 131.557128151546721, 33.080495651310365 ], [ 131.556759682639296, 33.08131609386075 ], [ 131.557184303707629, 33.082163667216427 ], [ 131.558013617977309, 33.082666005653309 ], [ 131.559086788183976, 33.085670527863172 ], [ 131.559249620194322, 33.086799397020009 ], [ 131.559741097513466, 33.08738008233437 ], [ 131.559549763472262, 33.087839026081248 ], [ 131.559773127421977, 33.088693027299534 ], [ 131.559697583241928, 33.089404823716826 ], [ 131.560528368791097, 33.090219791582633 ], [ 131.560275970771556, 33.09096093027614 ], [ 131.561482339380916, 33.093847500439807 ], [ 131.562469825281568, 33.093933808050608 ], [ 131.563090148517176, 33.094314984548461 ], [ 131.564190431905558, 33.094207040945257 ], [ 131.564192234865203, 33.09513903200299 ], [ 131.564677646605986, 33.095498106794636 ], [ 131.564743818453564, 33.096115654122599 ], [ 131.565028249530542, 33.096494833816003 ], [ 131.565547936521085, 33.096701916852844 ], [ 131.567041589653712, 33.096819054533832 ], [ 131.567709701604031, 33.098014161019492 ], [ 131.568952883078452, 33.099314854521566 ], [ 131.569351209318768, 33.100953618322634 ], [ 131.570399620295376, 33.102276130874245 ], [ 131.571384899760858, 33.102801316867591 ], [ 131.572802071081497, 33.102774737766062 ], [ 131.573783746832106, 33.102998167540775 ] ] ] } },
{ "type": "Feature", "properties": { "CITY_NAME": "豊後大野市", "S_NAME": "犬飼町黒松", "JINKO": 155, "medical_area": "44_豊肥医療圏", "町丁目名": "豊後大野市犬飼町黒松" }, "geometry": { "type": "Polygon", "coordinates": [ [ [ 131.598097842928638, 33.102965742694934 ], [ 131.597826452742765, 33.101232830926101 ], [ 131.596780564319488, 33.099740138195578 ], [ 131.596079611446697, 33.098201078364056 ], [ 131.595536266954156, 33.096393021859036 ], [ 131.595121654795008, 33.093980789042973 ], [ 131.598367399228067, 33.090925144716451 ], [ 131.598708209410404, 33.090275253210223 ], [ 131.59811302265291, 33.087343731527795 ], [ 131.598108888284997, 33.086733652604778 ], [ 131.598346995441517, 33.086224096758656 ], [ 131.600043813994859, 33.083511163486897 ], [ 131.600621469322931, 33.083203332858318 ], [ 131.602093069546044, 33.082911517355228 ], [ 131.602231953879539, 33.082551484049553 ], [ 131.600555598803226, 33.082148632901969 ], [ 131.600135657433214, 33.081915835901441 ], [ 131.600041188387848, 33.081701038725413 ], [ 131.600132468032967, 33.081446202272836 ], [ 131.601220743132302, 33.080834339133396 ], [ 131.601404981598932, 33.08057906223776 ], [ 131.601355835919151, 33.080187925846552 ], [ 131.599308078886821, 33.0798455553754 ], [ 131.598607061559562, 33.079301008433852 ], [ 131.598508800301232, 33.078518745510237 ], [ 131.599480165932363, 33.074365529980142 ], [ 131.599200588317132, 33.074269026593456 ], [ 131.59843719313443, 33.074801051946885 ], [ 131.598065715604889, 33.074861543548238 ], [ 131.597273155390752, 33.074513117821013 ], [ 131.596599019535972, 33.074496780909321 ], [ 131.595781497054389, 33.073894055011252 ], [ 131.595568901882331, 33.073386294730057 ], [ 131.595588566309402, 33.07285784884975 ], [ 131.596047592585364, 33.071994638384972 ], [ 131.596393240901421, 33.069447547589448 ], [ 131.596112737290781, 33.068687507304467 ], [ 131.595639929994178, 33.068263606979308 ], [ 131.594343231337291, 33.067622959824327 ], [ 131.592724472778599, 33.066123898900642 ], [ 131.592053482401582, 33.065792251192327 ], [ 131.590284896546422, 33.065346646039785 ], [ 131.588341334001797, 33.064130043931925 ], [ 131.58671116960457, 33.062772641672311 ], [ 131.584275962657472, 33.05978756359842 ], [ 131.581588210178552, 33.057366922769027 ], [ 131.581057652035383, 33.05768484952592 ], [ 131.579661812057026, 33.058066021590413 ], [ 131.579060262337805, 33.058416735831678 ], [ 131.578224256270346, 33.059370709861845 ], [ 131.576435090977753, 33.060369239847198 ], [ 131.576198490185504, 33.060637963632075 ], [ 131.576170528368664, 33.061226893832377 ], [ 131.576720361559666, 33.062696330362115 ], [ 131.576195130993312, 33.064828443287922 ], [ 131.576153328190287, 33.066488551428726 ], [ 131.577614076800359, 33.068805654627141 ], [ 131.577834032748683, 33.070287481424693 ], [ 131.578261665131464, 33.071369951008442 ], [ 131.579004310884187, 33.072384557764217 ], [ 131.58198940963959, 33.074628070232549 ], [ 131.582203607832241, 33.075224621585747 ], [ 131.582371446698659, 33.07740923395982 ], [ 131.582107195407787, 33.079145861731924 ], [ 131.581183784478753, 33.080156850969679 ], [ 131.580942178234295, 33.080797557742748 ], [ 131.580963040668536, 33.081318280286659 ], [ 131.581976625141522, 33.083877800522956 ], [ 131.581932044682418, 33.0884060187377 ], [ 131.586526589621968, 33.093985598865501 ], [ 131.587378111180612, 33.09617017571275 ], [ 131.587521781255361, 33.097531576757476 ], [ 131.588084247588313, 33.097460633196455 ], [ 131.588612165229449, 33.097693984512951 ], [ 131.589003469180085, 33.09825641570901 ], [ 131.590822323668647, 33.098862780880609 ], [ 131.591666765565179, 33.099434058242458 ], [ 131.59324607993787, 33.101024579938567 ], [ 131.593280528965124, 33.101859806469868 ], [ 131.594022380127598, 33.102358816436656 ], [ 131.595279258683917, 33.102330780358507 ], [ 131.595989157883821, 33.101970304971971 ], [ 131.596377707933073, 33.102113926761412 ], [ 131.597469292005201, 33.102126340551251 ], [ 131.598097842928638, 33.102965742694934 ] ] ] } },
{ "type": "Feature", "properties": { "CITY_NAME": "豊後大野市", "S_NAME": "犬飼町高津原", "JINKO": 103, "medical_area": "44_豊肥医療圏", "町丁目名": "豊後大野市犬飼町高津原" }, "geometry": { "type": "Polygon", "coordinates": [ [ [ 131.600112396893763, 33.10314230908903 ], [ 131.600857197377564, 33.103127463655184 ], [ 131.601413785419851, 33.102657382975245 ], [ 131.603174128524302, 33.102098897266551 ], [ 131.604598534599859, 33.102317250076354 ], [ 131.604887503117567, 33.102505441770624 ], [ 131.606156926405447, 33.10224023999448 ], [ 131.606937490696055, 33.101907948843824 ], [ 131.607452928321322, 33.10097438921445 ], [ 131.608460426854521, 33.100569656151883 ], [ 131.609712417486122, 33.09940536008385 ], [ 131.610682936793864, 33.098813072159274 ], [ 131.612355515243479, 33.098162903108552 ], [ 131.614374445066574, 33.097614241558631 ], [ 131.615136594946591, 33.096572435366475 ], [ 131.615755157345205, 33.096370406208834 ], [ 131.616014824887486, 33.096089492129096 ], [ 131.614510264718319, 33.095481189940635 ], [ 131.61395952535878, 33.093290298393597 ], [ 131.612970385975757, 33.092228401531308 ], [ 131.611032947152921, 33.090825585708927 ], [ 131.610762629769596, 33.09045129362201 ], [ 131.610282518504931, 33.088139843732201 ], [ 131.611239455483059, 33.084125721131663 ], [ 131.611618363506551, 33.08204693481246 ], [ 131.611647390214387, 33.081073540159295 ], [ 131.61121082175805, 33.079992065708062 ], [ 131.609109316821844, 33.078552514312655 ], [ 131.608700195014706, 33.077982602575545 ], [ 131.608709707790382, 33.077631388516828 ], [ 131.608909937638145, 33.077289269498145 ], [ 131.609646078458411, 33.076894352220243 ], [ 131.611827619431239, 33.076983997276031 ], [ 131.612607010151578, 33.076804582790579 ], [ 131.61426918342508, 33.071594001056035 ], [ 131.614551686257215, 33.071090933638914 ], [ 131.615557543488109, 33.070072582086688 ], [ 131.617397076207567, 33.068989870962156 ], [ 131.618486334664254, 33.067610870118209 ], [ 131.616898074457623, 33.067660404932049 ], [ 131.616286773863919, 33.067555191630667 ], [ 131.615657724123565, 33.067206554528667 ], [ 131.614877918273493, 33.065965753493813 ], [ 131.61395845101913, 33.064954046692897 ], [ 131.613090435972708, 33.064828992233465 ], [ 131.6121005115034, 33.06395010798213 ], [ 131.611730138259418, 33.063830162824061 ], [ 131.611360975423452, 33.063886089134193 ], [ 131.609921094152327, 33.064772518801142 ], [ 131.608285432382928, 33.065226982381589 ], [ 131.607789337502965, 33.065513512356141 ], [ 131.607051856196193, 33.066325020329032 ], [ 131.604716969100394, 33.068070941282954 ], [ 131.604708809943673, 33.068745917428664 ], [ 131.604920753515813, 33.069152688227419 ], [ 131.604350668867625, 33.069243348924864 ], [ 131.603610125394027, 33.069078481067081 ], [ 131.602898465647598, 33.068558943084696 ], [ 131.602656215966846, 33.067981455407427 ], [ 131.602327955285148, 33.067810179700913 ], [ 131.600918794888145, 33.068842516618979 ], [ 131.600070814934242, 33.068978130392608 ], [ 131.598113928277741, 33.068821723992436 ], [ 131.596393240901421, 33.069447547589448 ], [ 131.596047592585364, 33.071994638384972 ], [ 131.595588566309402, 33.07285784884975 ], [ 131.595568901882331, 33.073386294730057 ], [ 131.595781497054389, 33.073894055011252 ], [ 131.596599019535972, 33.074496780909321 ], [ 131.597273155390752, 33.074513117821013 ], [ 131.598065715604889, 33.074861543548238 ], [ 131.59843719313443, 33.074801051946885 ], [ 131.599200588317132, 33.074269026593456 ], [ 131.599480165932363, 33.074365529980142 ], [ 131.598508800301232, 33.078518745510237 ], [ 131.598607061559562, 33.079301008433852 ], [ 131.599308078886821, 33.0798455553754 ], [ 131.601355835919151, 33.080187925846552 ], [ 131.601404981598932, 33.08057906223776 ], [ 131.601220743132302, 33.080834339133396 ], [ 131.600132468032967, 33.081446202272836 ], [ 131.600041188387848, 33.081701038725413 ], [ 131.600135657433214, 33.081915835901441 ], [ 131.600555598803226, 33.082148632901969 ], [ 131.602231953879539, 33.082551484049553 ], [ 131.602093069546044, 33.082911517355228 ], [ 131.600621469322931, 33.083203332858318 ], [ 131.600043813994859, 33.083511163486897 ], [ 131.598346995441517, 33.086224096758656 ], [ 131.598108888284997, 33.086733652604778 ], [ 131.59811302265291, 33.087343731527795 ], [ 131.598708209410404, 33.090275253210223 ], [ 131.598367399228067, 33.090925144716451 ], [ 131.595121654795008, 33.093980789042973 ], [ 131.595536266954156, 33.096393021859036 ], [ 131.596079611446697, 33.098201078364056 ], [ 131.596780564319488, 33.099740138195578 ], [ 131.597826452742765, 33.101232830926101 ], [ 131.598043466054179, 33.101902401947299 ], [ 131.598097842928638, 33.102965742694934 ], [ 131.599445120762823, 33.103412071094901 ], [ 131.600112396893763, 33.10314230908903 ] ] ] } },
{ "type": "Feature", "properties": { "CITY_NAME": "豊後大野市", "S_NAME": "犬飼町柴北", "JINKO": 182, "medical_area": "44_豊肥医療圏", "町丁目名": "豊後大野市犬飼町柴北" }, "geometry": { "type": "Polygon", "coordinates": [ [ [ 131.598113928277741, 33.068821723992436 ], [ 131.600070814934242, 33.068978130392608 ], [ 131.600918794888145, 33.068842516618979 ], [ 131.602327955285148, 33.067810179700913 ], [ 131.602656215966846, 33.067981455407427 ], [ 131.602898465647598, 33.068558943084696 ], [ 131.603610125394027, 33.069078481067081 ], [ 131.604350668867625, 33.069243348924864 ], [ 131.604920753515813, 33.069152688227419 ], [ 131.604708809943673, 33.068745917428664 ], [ 131.604716969100394, 33.068070941282954 ], [ 131.607051856196193, 33.066325020329032 ], [ 131.607789337502965, 33.065513512356141 ], [ 131.608285432382928, 33.065226982381589 ], [ 131.609921094152327, 33.064772518801142 ], [ 131.611360975423452, 33.063886089134193 ], [ 131.611730138259418, 33.063830162824061 ], [ 131.6121005115034, 33.06395010798213 ], [ 131.613090435972708, 33.064828992233465 ], [ 131.61395845101913, 33.064954046692897 ], [ 131.614877918273493, 33.065965753493813 ], [ 131.615657724123565, 33.067206554528667 ], [ 131.616286773863919, 33.067555191630667 ], [ 131.616898074457623, 33.067660404932049 ], [ 131.618486334664254, 33.067610870118209 ], [ 131.618978837375806, 33.066829806239092 ], [ 131.618954739154276, 33.06594194045568 ], [ 131.620002473099561, 33.064322561718271 ], [ 131.619943151972791, 33.062633984812059 ], [ 131.619728613836315, 33.062253095099905 ], [ 131.616885810039747, 33.060805119229634 ], [ 131.615163963957855, 33.059487360198553 ], [ 131.614588156087677, 33.059388348441104 ], [ 131.614384494926497, 33.059117729575767 ], [ 131.613086320506397, 33.058877969430689 ], [ 131.61206787163357, 33.059330719013438 ], [ 131.61130469455918, 33.060590717167209 ], [ 131.610705439168612, 33.060750682132046 ], [ 131.609983526269986, 33.060677828071483 ], [ 131.60894938201767, 33.06031577838116 ], [ 131.607946391262459, 33.060452252999632 ], [ 131.607964117166688, 33.061935474897254 ], [ 131.606575216134416, 33.061704591689143 ], [ 131.605666900908432, 33.062409283422049 ], [ 131.605293424152677, 33.062389883496046 ], [ 131.604437568926443, 33.061905980630414 ], [ 131.603500156362429, 33.061674986436536 ], [ 131.602992233511827, 33.061168168385102 ], [ 131.602305573129229, 33.06108661683637 ], [ 131.60191493161409, 33.060761704783452 ], [ 131.60146053340398, 33.060712982259695 ], [ 131.601330766404431, 33.060174605630408 ], [ 131.601076927932581, 33.059938172341475 ], [ 131.601259745078465, 33.059372815591296 ], [ 131.60121406745705, 33.058959244265303 ], [ 131.600724618179129, 33.058940391743647 ], [ 131.600172019196236, 33.059282582840275 ], [ 131.599864403655573, 33.059301047609573 ], [ 131.599398998312893, 33.05873670636214 ], [ 131.598275470707762, 33.058198873105461 ], [ 131.597279961481718, 33.05720206254454 ], [ 131.596024198745113, 33.056394375982073 ], [ 131.595431130602208, 33.056196944704759 ], [ 131.594165700238932, 33.056145796173283 ], [ 131.59275577972258, 33.056862101396291 ], [ 131.592184921058532, 33.056933491105305 ], [ 131.590823140733107, 33.056711107525118 ], [ 131.589622711218965, 33.05620182993281 ], [ 131.587346672579713, 33.05627020769581 ], [ 131.586446210621489, 33.056487294394842 ], [ 131.585174316943124, 33.057085494965314 ], [ 131.583798040193841, 33.056869867373436 ], [ 131.581588210178552, 33.057366922769027 ], [ 131.584275962657472, 33.05978756359842 ], [ 131.58671116960457, 33.062772641672311 ], [ 131.588341334001797, 33.064130043931925 ], [ 131.590284896546422, 33.065346646039785 ], [ 131.592053482401582, 33.065792251192327 ], [ 131.592724472778599, 33.066123898900642 ], [ 131.594343231337291, 33.067622959824327 ], [ 131.595639929994178, 33.068263606979308 ], [ 131.596112737290781, 33.068687507304467 ], [ 131.596393240901421, 33.069447547589448 ], [ 131.598113928277741, 33.068821723992436 ] ] ] } },
{ "type": "Feature", "properties": { "CITY_NAME": "豊後大野市", "S_NAME": "犬飼町下津尾", "JINKO": 859, "medical_area": "44_豊肥医療圏", "町丁目名": "豊後大野市犬飼町下津尾" }, "geometry": { "type": "Polygon", "coordinates": [ [ [ 131.618625843203773, 33.094858278449372 ], [ 131.619761821254201, 33.094947721506919 ], [ 131.619766315045723, 33.094563494849972 ], [ 131.621309883979876, 33.09360789098092 ], [ 131.622157253988604, 33.093480562675587 ], [ 131.622968132403088, 33.093607709622376 ], [ 131.623583545872464, 33.093314057204161 ], [ 131.623431112646074, 33.093073366664449 ], [ 131.623542141781371, 33.092962304746948 ], [ 131.623877670241399, 33.092968818006291 ], [ 131.624294132642063, 33.092733457860007 ], [ 131.625218377666528, 33.092802502345521 ], [ 131.626060364326293, 33.091899986098333 ], [ 131.626288877540361, 33.091215389412824 ], [ 131.626472688103377, 33.091083495804838 ], [ 131.627002466853043, 33.091056285776936 ], [ 131.6275736407637, 33.091389003135106 ], [ 131.628533850751353, 33.09138621402051 ], [ 131.62868729769221, 33.091086690250059 ], [ 131.628599103279527, 33.090988912421949 ], [ 131.627937361301036, 33.090918581551726 ], [ 131.627868448539942, 33.090796153479594 ], [ 131.628310818307398, 33.090106384416252 ], [ 131.629139750912827, 33.090450072757179 ], [ 131.6298420315496, 33.090074118686516 ], [ 131.630546135874198, 33.090293602513405 ], [ 131.631411992492247, 33.089679438940564 ], [ 131.631384194843491, 33.08919257197617 ], [ 131.63152947363082, 33.089109987287536 ], [ 131.63306751312129, 33.089693563025563 ], [ 131.633575533455399, 33.089347218881365 ], [ 131.634197674695116, 33.089323594026524 ], [ 131.634736378698733, 33.088514634182836 ], [ 131.635372688208321, 33.088100100650031 ], [ 131.635577293351247, 33.088156361001303 ], [ 131.636191554354525, 33.089065872220402 ], [ 131.637272411849864, 33.088610190426955 ], [ 131.637970693127414, 33.088694620082428 ], [ 131.639587451353577, 33.087386976667283 ], [ 131.639021473873186, 33.087421861676724 ], [ 131.639436005086509, 33.084301274289196 ], [ 131.638552655635522, 33.082314597362512 ], [ 131.637970268741867, 33.078313162651526 ], [ 131.636621332348255, 33.075117257145386 ], [ 131.636470571251692, 33.074178854119324 ], [ 131.635953244581202, 33.07418301887563 ], [ 131.635946914671763, 33.073878876274136 ], [ 131.635624576557859, 33.073520132775734 ], [ 131.635099314168855, 33.073840351025765 ], [ 131.634942960871513, 33.073035114209169 ], [ 131.634374993096827, 33.072248889346966 ], [ 131.633718420072142, 33.070632206602433 ], [ 131.633976088718754, 33.070533530976363 ], [ 131.634061971216028, 33.070719395054368 ], [ 131.634237974134209, 33.070649599013457 ], [ 131.634345683662417, 33.070233014531986 ], [ 131.636556556624328, 33.071332517311532 ], [ 131.636811141214167, 33.069765256241936 ], [ 131.634604937668939, 33.069620340233627 ], [ 131.633604735106729, 33.068799851449178 ], [ 131.633281108295193, 33.068923580233054 ], [ 131.632167004318347, 33.070036768428835 ], [ 131.631719417130313, 33.070207629951909 ], [ 131.631091406336822, 33.070257318041406 ], [ 131.628658138166543, 33.069874245803724 ], [ 131.628538404301111, 33.069543454324773 ], [ 131.628941941084435, 33.069000732504321 ], [ 131.629165910559834, 33.067967636263155 ], [ 131.630446423640365, 33.065981558918104 ], [ 131.630305690565734, 33.065610177215106 ], [ 131.629620826773674, 33.064936306574943 ], [ 131.628759543776653, 33.063728449662761 ], [ 131.628281074781796, 33.063440158622257 ], [ 131.627383933937807, 33.06349699474567 ], [ 131.626034447085516, 33.063954671053644 ], [ 131.626124607401437, 33.064809623700981 ], [ 131.625609906799298, 33.065296885147461 ], [ 131.624710872944206, 33.065189463205975 ], [ 131.62217300715642, 33.065344920914306 ], [ 131.621027852383065, 33.065431665911056 ], [ 131.620401459416115, 33.065643182045591 ], [ 131.620002473099561, 33.064322561718271 ], [ 131.618954739154276, 33.06594194045568 ], [ 131.618978837375806, 33.066829806239092 ], [ 131.617881805198635, 33.068435620561281 ], [ 131.616851934277037, 33.069424022169329 ], [ 131.615071610096294, 33.070456253261113 ], [ 131.614551686257215, 33.071090933638914 ], [ 131.61426918342508, 33.071594001056035 ], [ 131.612607010151578, 33.076804582790579 ], [ 131.611827619431239, 33.076983997276031 ], [ 131.609646078458411, 33.076894352220243 ], [ 131.608909937638145, 33.077289269498145 ], [ 131.608709707790382, 33.077631388516828 ], [ 131.608700195014706, 33.077982602575545 ], [ 131.609109316821844, 33.078552514312655 ], [ 131.61121082175805, 33.079992065708062 ], [ 131.611647390214387, 33.081073540159295 ], [ 131.611618363506551, 33.08204693481246 ], [ 131.611239455483059, 33.084125721131663 ], [ 131.610282518504931, 33.088139843732201 ], [ 131.610762629769596, 33.09045129362201 ], [ 131.611032947152921, 33.090825585708927 ], [ 131.612970385975757, 33.092228401531308 ], [ 131.61395952535878, 33.093290298393597 ], [ 131.614510264718319, 33.095481189940635 ], [ 131.616014824887486, 33.096089492129096 ], [ 131.616350548027583, 33.095727373007428 ], [ 131.618625843203773, 33.094858278449372 ] ] ] } },
{ "type": "Feature", "properties": { "CITY_NAME": "豊後大野市", "S_NAME": "犬飼町犬飼", "JINKO": 105, "medical_area": "44_豊肥医療圏", "町丁目名": "豊後大野市犬飼町犬飼" }, "geometry": { "type": "Polygon", "coordinates": [ [ [ 131.636470571251692, 33.074178854119324 ], [ 131.636556556624328, 33.071332517311532 ], [ 131.634345683662417, 33.070233014531986 ], [ 131.634237974134209, 33.070649599013457 ], [ 131.634061971216028, 33.070719395054368 ], [ 131.633976088718754, 33.070533530976363 ], [ 131.633718420072142, 33.070632206602433 ], [ 131.634374993096827, 33.072248889346966 ], [ 131.634942960871513, 33.073035114209169 ], [ 131.635099314168855, 33.073840351025765 ], [ 131.635624576557859, 33.073520132775734 ], [ 131.635946914671763, 33.073878876274136 ], [ 131.635953244581202, 33.07418301887563 ], [ 131.636470571251692, 33.074178854119324 ] ] ] } },
{ "type": "Feature", "properties": { "CITY_NAME": "豊後大野市", "S_NAME": "犬飼町田原", "JINKO": 759, "medical_area": "44_豊肥医療圏", "町丁目名": "豊後大野市犬飼町田原" }, "geometry": { "type": "Polygon", "coordinates": [ [ [ 131.633466767610599, 33.068817987257205 ], [ 131.63374993567362, 33.068828174709047 ], [ 131.634236269654536, 33.069419337165129 ], [ 131.634604937668939, 33.069620340233627 ], [ 131.636811141214167, 33.069765256241936 ], [ 131.63750392438871, 33.069137458117972 ], [ 131.638840852611253, 33.068675998072386 ], [ 131.63942908018646, 33.068681109254449 ], [ 131.642843070936692, 33.069488334197708 ], [ 131.644337756070342, 33.069455615384072 ], [ 131.645911088260135, 33.069021276688716 ], [ 131.646600736423068, 33.068392587310178 ], [ 131.646799703344442, 33.067912562418087 ], [ 131.647265532698555, 33.065032109786138 ], [ 131.648267471915716, 33.063606172557748 ], [ 131.649499239092307, 33.062629621547963 ], [ 131.649804437949058, 33.062173390398392 ], [ 131.649895863695178, 33.061499070726583 ], [ 131.649534613716895, 33.060883925989849 ], [ 131.648990977691824, 33.060375270239355 ], [ 131.646942249168433, 33.059058453962137 ], [ 131.646296280764517, 33.059053673833851 ], [ 131.644599796029922, 33.060426351420602 ], [ 131.64383046825219, 33.062021570834474 ], [ 131.642657501464697, 33.063135786954092 ], [ 131.642110177559573, 33.063447101983513 ], [ 131.641003070628926, 33.063680091490994 ], [ 131.640365849185201, 33.063553452642836 ], [ 131.639734749149881, 33.062947775677642 ], [ 131.639423204455625, 33.062527195688936 ], [ 131.63924484753133, 33.061862381118218 ], [ 131.639376957432461, 33.0614638954371 ], [ 131.641051698629212, 33.059072499590734 ], [ 131.641085463409922, 33.058414706236448 ], [ 131.640520175936985, 33.057829865297961 ], [ 131.637185900587667, 33.055759484269359 ], [ 131.6367957516525, 33.055128212851066 ], [ 131.635780136850457, 33.05466248280846 ], [ 131.635618893936567, 33.053689061526555 ], [ 131.63568694459255, 33.053100104067511 ], [ 131.636308957157183, 33.051115981018299 ], [ 131.636370487167426, 33.050330765829528 ], [ 131.635662201972565, 33.048801460182098 ], [ 131.63386549368721, 33.046066999670906 ], [ 131.633024383625951, 33.044092716349112 ], [ 131.630548194913217, 33.045364205630349 ], [ 131.63004476917331, 33.046063384852111 ], [ 131.629719551222649, 33.047311656624743 ], [ 131.629477943875372, 33.047548145098119 ], [ 131.628104527757131, 33.047445025551589 ], [ 131.627643392987267, 33.047966765638662 ], [ 131.626629804120142, 33.048417934891745 ], [ 131.626343616702883, 33.049036574709305 ], [ 131.625692595005091, 33.04940649163332 ], [ 131.625232378176975, 33.050062664366493 ], [ 131.623929985827004, 33.050513732148573 ], [ 131.62239600130485, 33.050817746279826 ], [ 131.621763475817971, 33.050735339670318 ], [ 131.620562844161441, 33.049901054511032 ], [ 131.618938217668727, 33.049716635019365 ], [ 131.618188022942178, 33.049414810932198 ], [ 131.617592532625451, 33.049423870258558 ], [ 131.617166891384699, 33.049841531879849 ], [ 131.616902087913502, 33.049834917852515 ], [ 131.616474540049808, 33.049502736275954 ], [ 131.615985810005384, 33.048677115827111 ], [ 131.614524384518063, 33.047407122903373 ], [ 131.613880382314932, 33.047862796896304 ], [ 131.613481578894948, 33.048915171845159 ], [ 131.614231923625766, 33.049096095756255 ], [ 131.614356286142964, 33.050663662696053 ], [ 131.614591199873672, 33.05144553500643 ], [ 131.614869448828586, 33.051562999495545 ], [ 131.615736360050136, 33.051456861986644 ], [ 131.616262873821341, 33.051734366936124 ], [ 131.616572494754564, 33.052375815395735 ], [ 131.617926592360504, 33.053054533537534 ], [ 131.618938620865805, 33.053862249011289 ], [ 131.619112653479078, 33.054226374397501 ], [ 131.618638939369845, 33.054866770378545 ], [ 131.618474932397049, 33.055371193146257 ], [ 131.619125167510276, 33.056021556164623 ], [ 131.620399214107778, 33.056781282382374 ], [ 131.620848945898075, 33.057252255029574 ], [ 131.621390460114782, 33.058584308885777 ], [ 131.621135783996493, 33.05967630706035 ], [ 131.621185026552467, 33.060227790074983 ], [ 131.621367510101379, 33.060349960325027 ], [ 131.622047190696463, 33.060155588561159 ], [ 131.62245120425726, 33.060217231876038 ], [ 131.623106794744217, 33.060542874657514 ], [ 131.62347776819999, 33.060927234682659 ], [ 131.623479854680966, 33.061224308386727 ], [ 131.623121558839159, 33.061567746897161 ], [ 131.622666329694852, 33.062476118608252 ], [ 131.622413361498047, 33.063810007664948 ], [ 131.625021863546237, 33.063468704957273 ], [ 131.626034447085516, 33.063954671053644 ], [ 131.628059963971083, 33.063412195437706 ], [ 131.628759543776653, 33.063728449662761 ], [ 131.629620826773674, 33.064936306574943 ], [ 131.630305690565734, 33.065610177215106 ], [ 131.630446423640365, 33.065981558918104 ], [ 131.629165910559834, 33.067967636263155 ], [ 131.628941941084435, 33.069000732504321 ], [ 131.628538404301111, 33.069543454324773 ], [ 131.628658138166543, 33.069874245803724 ], [ 131.631091406336822, 33.070257318041406 ], [ 131.631719417130313, 33.070207629951909 ], [ 131.632167004318347, 33.070036768428835 ], [ 131.633466767610599, 33.068817987257205 ] ] ] } },
{ "type": "Feature", "properties": { "CITY_NAME": "豊後大野市", "S_NAME": "犬飼町大寒", "JINKO": 329, "medical_area": "44_豊肥医療圏", "町丁目名": "豊後大野市犬飼町大寒" }, "geometry": { "type": "Polygon", "coordinates": [ [ [ 131.646296280764517, 33.059053673833851 ], [ 131.646942249168433, 33.059058453962137 ], [ 131.647765436601588, 33.059587567387069 ], [ 131.648355791548425, 33.058726223976848 ], [ 131.648524123686087, 33.058127859632435 ], [ 131.648383427488511, 33.057365024933063 ], [ 131.64813576089503, 33.057137162586308 ], [ 131.648420908863642, 33.05647451004711 ], [ 131.64830083884263, 33.055734938300063 ], [ 131.647015052501047, 33.05334938389457 ], [ 131.646720865091908, 33.052190812080894 ], [ 131.646361248167551, 33.05178502286504 ], [ 131.646614118651968, 33.049213681630455 ], [ 131.645720357679693, 33.045394812721575 ], [ 131.645844195314794, 33.044856110023609 ], [ 131.647701698329541, 33.043770390322585 ], [ 131.648206013722813, 33.042842297814282 ], [ 131.648499390466924, 33.041032865164532 ], [ 131.649879654392606, 33.037603577696245 ], [ 131.650141773602769, 33.034192267703787 ], [ 131.649400230294503, 33.033904983110581 ], [ 131.648699058428434, 33.033219641251598 ], [ 131.648591525746241, 33.03279507858862 ], [ 131.647884243984493, 33.032461590603624 ], [ 131.647761980786498, 33.031806219734392 ], [ 131.647480302078918, 33.031360573249216 ], [ 131.646442806957424, 33.031080081040983 ], [ 131.644962660324524, 33.031545812677493 ], [ 131.643506187783828, 33.032278943380113 ], [ 131.641330650781811, 33.034045531072522 ], [ 131.640237519566995, 33.034498226399286 ], [ 131.638672084755399, 33.034608825652612 ], [ 131.637209701954589, 33.035140339790566 ], [ 131.634712885640909, 33.034002279172128 ], [ 131.633714929590241, 33.036429002376352 ], [ 131.632219098268706, 33.038543628124359 ], [ 131.632140124018179, 33.038897840697153 ], [ 131.633325525658648, 33.03983713821205 ], [ 131.63374803762045, 33.0414905697534 ], [ 131.634536406910684, 33.042577093981336 ], [ 131.637461254221762, 33.04587411427552 ], [ 131.639448068814545, 33.047676957325024 ], [ 131.639663393975042, 33.048281184705345 ], [ 131.636370487167426, 33.050330765829528 ], [ 131.636402446014671, 33.05070957383488 ], [ 131.635618893936567, 33.053689061526555 ], [ 131.635780136850457, 33.05466248280846 ], [ 131.6367957516525, 33.055128212851066 ], [ 131.637185900587667, 33.055759484269359 ], [ 131.640520175936985, 33.057829865297961 ], [ 131.641085463409922, 33.058414706236448 ], [ 131.641051698629212, 33.059072499590734 ], [ 131.639376957432461, 33.0614638954371 ], [ 131.63924484753133, 33.061862381118218 ], [ 131.639423204455625, 33.062527195688936 ], [ 131.640365849185201, 33.063553452642836 ], [ 131.640655827440668, 33.063657512053389 ], [ 131.642110177559573, 33.063447101983513 ], [ 131.642657501464697, 33.063135786954092 ], [ 131.64383046825219, 33.062021570834474 ], [ 131.644599796029922, 33.060426351420602 ], [ 131.646296280764517, 33.059053673833851 ] ] ] } },
{ "type": "Feature", "properties": { "CITY_NAME": "豊後大野市", "S_NAME": "犬飼町柚野木", "JINKO": 170, "medical_area": "44_豊肥医療圏", "町丁目名": "豊後大野市犬飼町柚野木" }, "geometry": { "type": "Polygon", "coordinates": [ [ [ 131.658611111248348, 33.037773428312036 ], [ 131.658516244580625, 33.037219752788808 ], [ 131.657660243350819, 33.037276813485271 ], [ 131.657055025770433, 33.036735380963421 ], [ 131.65612906091539, 33.036589136334356 ], [ 131.65603335760261, 33.035416900079355 ], [ 131.655803600125807, 33.034941683027135 ], [ 131.655436221508211, 33.034687072098976 ], [ 131.654988624296095, 33.034759049144213 ], [ 131.654107106844066, 33.035577252432276 ], [ 131.653695697840675, 33.035249568742366 ], [ 131.653194085544584, 33.035669973005596 ], [ 131.653011236545353, 33.035656274620017 ], [ 131.652176803788308, 33.034597835795772 ], [ 131.65101006521985, 33.034501304737098 ], [ 131.650141773602769, 33.034192267703787 ], [ 131.649879654392606, 33.037603577696245 ], [ 131.648499390466924, 33.041032865164532 ], [ 131.648206013722813, 33.042842297814282 ], [ 131.647701698329541, 33.043770390322585 ], [ 131.645844195314794, 33.044856110023609 ], [ 131.645720357679693, 33.045394812721575 ], [ 131.646614118651968, 33.049213681630455 ], [ 131.646361248167551, 33.05178502286504 ], [ 131.646720865091908, 33.052190812080894 ], [ 131.647015052501047, 33.05334938389457 ], [ 131.64830083884263, 33.055734938300063 ], [ 131.648420908863642, 33.05647451004711 ], [ 131.648233394908772, 33.05700624634396 ], [ 131.649239199116181, 33.05682222338249 ], [ 131.649855935704863, 33.056442409936899 ], [ 131.653802735295983, 33.053358919887565 ], [ 131.65556911244957, 33.052266496972855 ], [ 131.656863246984898, 33.051677528300239 ], [ 131.65786546440512, 33.050729013457428 ], [ 131.659539611881542, 33.04994106350226 ], [ 131.659548045600303, 33.049422750574301 ], [ 131.660604124047069, 33.048278696166555 ], [ 131.660717438014217, 33.047517957958981 ], [ 131.660159838077703, 33.046188930260016 ], [ 131.660703710004668, 33.044827032355691 ], [ 131.660741867881967, 33.044369235469411 ], [ 131.660160701184878, 33.043259179503252 ], [ 131.659510340224841, 33.04275622256884 ], [ 131.659359608760298, 33.042317499869561 ], [ 131.659452155144805, 33.041036683154438 ], [ 131.65856673084167, 33.040195763739099 ], [ 131.658233164612597, 33.039576463299014 ], [ 131.658611111248348, 33.037773428312036 ] ] ] } },
{ "type": "Feature", "properties": { "CITY_NAME": "豊後大野市", "S_NAME": "犬飼町柚野木", "JINKO": 0, "medical_area": "44_豊肥医療圏", "町丁目名": "豊後大野市犬飼町柚野木" }, "geometry": { "type": "Polygon", "coordinates": [ [ [ 131.651154274738275, 33.068568326018671 ], [ 131.653636498990778, 33.068780770411827 ], [ 131.654277565663762, 33.068305031800527 ], [ 131.654427756210566, 33.067785826203639 ], [ 131.654349766062751, 33.067366078595668 ], [ 131.65339755948898, 33.066581278176606 ], [ 131.653597372736897, 33.066249560274834 ], [ 131.654160407356954, 33.066012257661356 ], [ 131.654181281825913, 33.06548081601025 ], [ 131.654012054104015, 33.065043472292281 ], [ 131.653256146995346, 33.064999264990604 ], [ 131.653564206751923, 33.063839533435512 ], [ 131.653575048070849, 33.062804677514549 ], [ 131.653084939894399, 33.05977709135049 ], [ 131.652459059759991, 33.059201624375085 ], [ 131.652248308264461, 33.058439138705438 ], [ 131.648383427488511, 33.057365024933063 ], [ 131.64844622202105, 33.058440000663673 ], [ 131.64776543660156, 33.059587567387069 ], [ 131.649534613716895, 33.060883925989849 ], [ 131.649917293511493, 33.061791233612553 ], [ 131.64949923909225, 33.062629621547977 ], [ 131.648267471915716, 33.063606172557748 ], [ 131.647265532698555, 33.065032109786138 ], [ 131.646799703344414, 33.067912562418087 ], [ 131.646275682813098, 33.068775835876608 ], [ 131.647244549748876, 33.069196465171657 ], [ 131.648685487291118, 33.069228408078629 ], [ 131.651154274738275, 33.068568326018671 ] ] ] } },
{ "type": "Feature", "properties": { "CITY_NAME": "豊後大野市", "S_NAME": "犬飼町久原", "JINKO": 393, "medical_area": "44_豊肥医療圏", "町丁目名": "豊後大野市犬飼町久原" }, "geometry": { "type": "Polygon", "coordinates": [ [ [ 131.642582479532365, 33.083879720665358 ], [ 131.642923066541243, 33.082615327277232 ], [ 131.643497203169488, 33.082499417158282 ], [ 131.643868308731243, 33.08213445047047 ], [ 131.644827408243003, 33.082234386719577 ], [ 131.645660139986688, 33.082092933759817 ], [ 131.646430194154732, 33.082556901962249 ], [ 131.646861832058391, 33.082603075432559 ], [ 131.647575418919104, 33.083204481291027 ], [ 131.648598254324753, 33.083501740483015 ], [ 131.649432606207881, 33.083578105595763 ], [ 131.650016070520337, 33.083421796108851 ], [ 131.650564780600519, 33.083749734897751 ], [ 131.650936474585876, 33.083473497305768 ], [ 131.651644083702337, 33.083419056149751 ], [ 131.650898236241261, 33.08204052979346 ], [ 131.650813760399188, 33.081547633134491 ], [ 131.651251140169308, 33.080575706341811 ], [ 131.651184737086595, 33.079793513852444 ], [ 131.650023596277123, 33.07852367537496 ], [ 131.650079585465676, 33.077893965549045 ], [ 131.651528216268275, 33.077052890286396 ], [ 131.652425145785088, 33.075381116606287 ], [ 131.653942951926439, 33.074331629588777 ], [ 131.654862384801646, 33.073245179401283 ], [ 131.655015762816419, 33.07261967982641 ], [ 131.655379807230304, 33.072611991122763 ], [ 131.655736059764621, 33.073402572795544 ], [ 131.657261082699819, 33.073186851739507 ], [ 131.657043914831632, 33.072412432349957 ], [ 131.657706958694575, 33.072174004163493 ], [ 131.657581317879504, 33.071836062208781 ], [ 131.65915173344618, 33.070841380437365 ], [ 131.659209165528409, 33.070017042652673 ], [ 131.657053841791026, 33.069434584903235 ], [ 131.656791681072889, 33.068502279848673 ], [ 131.656151373898354, 33.06819357869395 ], [ 131.654691239079597, 33.068940094335048 ], [ 131.653849484572078, 33.069194442480729 ], [ 131.653661516582048, 33.069075079546735 ], [ 131.653636498990778, 33.068780770411827 ], [ 131.651154274738275, 33.068568326018671 ], [ 131.648685487291118, 33.069228408078629 ], [ 131.647244549748876, 33.069196465171657 ], [ 131.646275682813098, 33.068775835876608 ], [ 131.645271855827787, 33.06929655032561 ], [ 131.643470381449958, 33.069516917801359 ], [ 131.639429080186488, 33.068681109254463 ], [ 131.638840852611281, 33.068675998072386 ], [ 131.638224595674387, 33.068792798571032 ], [ 131.637006970055296, 33.069497666673321 ], [ 131.63668669029218, 33.070092314572477 ], [ 131.636585823971046, 33.070859223587902 ], [ 131.636492092659211, 33.074582083059411 ], [ 131.637970268741896, 33.07831316265154 ], [ 131.638552655635522, 33.082314597362512 ], [ 131.639436005086509, 33.084301274289196 ], [ 131.639021473873242, 33.087421861676724 ], [ 131.639999409077035, 33.087208897050566 ], [ 131.641851685186879, 33.086182835991934 ], [ 131.642191661407765, 33.085487250882061 ], [ 131.642364255075819, 33.084187425465828 ], [ 131.642582479532365, 33.083879720665358 ] ] ] } },
{ "type": "Feature", "properties": { "CITY_NAME": "豊後大野市", "S_NAME": "犬飼町西寒田", "JINKO": 81, "medical_area": "44_豊肥医療圏", "町丁目名": "豊後大野市犬飼町西寒田" }, "geometry": { "type": "Polygon", "coordinates": [ [ [ 131.662797515252691, 33.090314925239689 ], [ 131.66422166789431, 33.089929171734191 ], [ 131.664681999266151, 33.08941828132324 ], [ 131.665385885894153, 33.089050103886734 ], [ 131.665743513198976, 33.088538496315884 ], [ 131.666382584233219, 33.08845494583332 ], [ 131.666827598435788, 33.088677986763251 ], [ 131.667445171731288, 33.088501871563352 ], [ 131.668316870827738, 33.087509108682028 ], [ 131.669483140602921, 33.087893599774965 ], [ 131.669928929763614, 33.087236231776018 ], [ 131.671538803892986, 33.087068534018151 ], [ 131.672062052234736, 33.086816509265958 ], [ 131.674398124147785, 33.087264786455364 ], [ 131.675730602309898, 33.088170559967089 ], [ 131.677906350766591, 33.087300910020602 ], [ 131.678870679663589, 33.08734076323659 ], [ 131.679031796318526, 33.087011778830963 ], [ 131.678247456095306, 33.085919345719219 ], [ 131.677664452188566, 33.085514832842996 ], [ 131.67690397116661, 33.085623736768696 ], [ 131.676210457858588, 33.085441208197977 ], [ 131.674084432942465, 33.084381546798895 ], [ 131.672409583929635, 33.084390568886427 ], [ 131.671633176632298, 33.084225925890465 ], [ 131.67120667186461, 33.083657720720353 ], [ 131.670119838208905, 33.083171631904236 ], [ 131.669682287544049, 33.082062085552352 ], [ 131.669266068234776, 33.081479260608916 ], [ 131.668887902155632, 33.081350295046406 ], [ 131.667725963681136, 33.081449656313318 ], [ 131.666788897283624, 33.081087905045763 ], [ 131.66557679642068, 33.08004649465127 ], [ 131.664561837611274, 33.079711381156478 ], [ 131.663726508941181, 33.078271566971395 ], [ 131.661245946079276, 33.078763070262177 ], [ 131.660886264879906, 33.078691722228996 ], [ 131.65965526632084, 33.07636362342577 ], [ 131.658692166731583, 33.075245593697304 ], [ 131.658498517067812, 33.074312003721836 ], [ 131.658178879896667, 33.074379327087826 ], [ 131.658090733753397, 33.073286250621287 ], [ 131.657261082699819, 33.073186851739507 ], [ 131.655736059764621, 33.073402572795544 ], [ 131.655379807230304, 33.072611991122763 ], [ 131.65515254617705, 33.072537979660595 ], [ 131.654862384801646, 33.073245179401283 ], [ 131.653942951926439, 33.074331629588777 ], [ 131.652425145785088, 33.075381116606287 ], [ 131.651528216268275, 33.077052890286396 ], [ 131.650079585465676, 33.077893965549045 ], [ 131.650023596277123, 33.07852367537496 ], [ 131.651184737086595, 33.079793513852444 ], [ 131.651268333488019, 33.080167340034684 ], [ 131.651251140169308, 33.080575706341811 ], [ 131.650891579162362, 33.081138951864155 ], [ 131.650898236241261, 33.08204052979346 ], [ 131.651644083702337, 33.083419056149751 ], [ 131.651956148088175, 33.083335080114658 ], [ 131.652321879304765, 33.083542938865875 ], [ 131.652969999662218, 33.084354438831596 ], [ 131.65388095572186, 33.084422309495032 ], [ 131.654286758952537, 33.084863932766112 ], [ 131.654757242603665, 33.084982490304043 ], [ 131.654876640980405, 33.085570837986253 ], [ 131.655702396507024, 33.085776293583734 ], [ 131.655954038928826, 33.086827303649784 ], [ 131.656945352810055, 33.086725015053361 ], [ 131.657273044282363, 33.087351254455527 ], [ 131.658058674941714, 33.087515459070275 ], [ 131.65836361780822, 33.088187127426295 ], [ 131.659123537555189, 33.087988921066959 ], [ 131.659564056356345, 33.088277921019298 ], [ 131.66056083625179, 33.088392431997761 ], [ 131.661017279338836, 33.088752553694142 ], [ 131.661406704397933, 33.089410826444798 ], [ 131.661302195853835, 33.089832166494354 ], [ 131.661697098387151, 33.090192611913537 ], [ 131.66218236410964, 33.090097563689511 ], [ 131.662314650118788, 33.090267334719343 ], [ 131.662797515252691, 33.090314925239689 ] ] ] } }
]
}
