{
"type": "FeatureCollection",
"name": "geo_44_訪問介護",
"crs": { "type": "name", "properties": { "name": "urn:ogc:def:crs:OGC:1.3:CRS84" } },
"features": [
{ "type": "Feature", "properties": { "内容": "ヘルパーステーション　T＆M【訪問介護】大分県大分市大字本神崎1295番地の17", "url": "https://www.kaigokensaku.mhlw.go.jp/44/index.php?action_kouhyou_detail_004_kani=true&JigyosyoCd=4470108368-00&ServiceCd=110&Type=search", "url2": "za2f3c@outlook.jp" }, "geometry": { "type": "Point", "coordinates": [ 131.8036912, 33.2390192 ] } },
{ "type": "Feature", "properties": { "内容": "ヘルパーステーション花咲の里【訪問介護】大分県大分市花高松2丁目10-39", "url": "https://www.kaigokensaku.mhlw.go.jp/44/index.php?action_kouhyou_detail_004_kani=true&JigyosyoCd=4470109481-00&ServiceCd=110&Type=search", "url2": null }, "geometry": { "type": "Point", "coordinates": [ 131.665303308319722, 33.250181367717715 ] } },
{ "type": "Feature", "properties": { "内容": "訪問介護ステーション畑中【訪問介護】大分市大字畑中3丁目1番33号　松田アパート202号大分市大字畑中3丁目1番33号　松田アパート202号", "url": "https://www.kaigokensaku.mhlw.go.jp/44/index.php?action_kouhyou_detail_004_kani=true&JigyosyoCd=4470109945-00&ServiceCd=110&Type=search", "url2": null }, "geometry": { "type": "Point", "coordinates": [ 131.596100413846756, 33.206797710147967 ] } },
{ "type": "Feature", "properties": { "内容": "ヘルパーステーション　はなみずき【訪問介護】大分県大分市中島中央2丁目4－23中島八条ビル101号", "url": "https://www.kaigokensaku.mhlw.go.jp/44/index.php?action_kouhyou_detail_004_kani=true&JigyosyoCd=4470105653-00&ServiceCd=110&Type=search", "url2": null }, "geometry": { "type": "Point", "coordinates": [ 131.615168499999982, 33.2450882 ] } },
{ "type": "Feature", "properties": { "内容": "HomecareITO【訪問介護】大分市大字細字赤迫1718-4", "url": "https://www.kaigokensaku.mhlw.go.jp/44/index.php?action_kouhyou_detail_004_kani=true&JigyosyoCd=4470111305-00&ServiceCd=110&Type=search", "url2": "https://lig-care.com/" }, "geometry": { "type": "Point", "coordinates": [ 131.6095148, 33.2396084 ] } },
{ "type": "Feature", "properties": { "内容": "KYOYOUサービス【訪問介護】大分県大分市豊町1丁目5-28齋藤ビル202", "url": "https://www.kaigokensaku.mhlw.go.jp/44/index.php?action_kouhyou_detail_004_kani=true&JigyosyoCd=4470111453-00&ServiceCd=110&Type=search", "url2": null }, "geometry": { "type": "Point", "coordinates": [ 131.615042909786979, 33.247763217824286 ] } },
{ "type": "Feature", "properties": { "内容": "ヘルパーステーション　Ａｒｉの実【訪問介護】大分県大分市上宗方５６７－８７日生第５マンション６０７号", "url": "https://www.kaigokensaku.mhlw.go.jp/44/index.php?action_kouhyou_detail_004_kani=true&JigyosyoCd=4470111529-00&ServiceCd=110&Type=search", "url2": "https://le-ende.com/" }, "geometry": { "type": "Point", "coordinates": [ 131.5789421, 33.1946947 ] } },
{ "type": "Feature", "properties": { "内容": "居宅介護支援事業所Plus【訪問介護】大分県大分市西大道1丁目2番24号", "url": "https://www.kaigokensaku.mhlw.go.jp/44/index.php?action_kouhyou_detail_004_kani=true&JigyosyoCd=4470111586-00&ServiceCd=110&Type=search", "url2": null }, "geometry": { "type": "Point", "coordinates": [ 131.5960931, 33.2320846 ] } },
{ "type": "Feature", "properties": { "内容": "ヘルパーステーションほとり　上野【訪問介護】大分市六坊北町4485番地の5", "url": "https://www.kaigokensaku.mhlw.go.jp/44/index.php?action_kouhyou_detail_004_kani=true&JigyosyoCd=4470111479-00&ServiceCd=110&Type=search", "url2": null }, "geometry": { "type": "Point", "coordinates": [ 131.617260179831703, 33.22669479798224 ] } },
{ "type": "Feature", "properties": { "内容": "ヘルパーステーション心葉【訪問介護】大分県大分市下郡中央3丁目12番13号", "url": "https://www.kaigokensaku.mhlw.go.jp/44/index.php?action_kouhyou_detail_004_kani=true&JigyosyoCd=4470108962-00&ServiceCd=110&Type=search", "url2": "ｗｗｗ．ｓｈｉｎｙｏ－ｇｅｋａ．ｏｒ．ｊｐ" }, "geometry": { "type": "Point", "coordinates": [ 131.638287612164277, 33.225288852878982 ] } },
{ "type": "Feature", "properties": { "内容": "大分市大字下郡加納１２組2エクセルコートⅢ１０４号【訪問介護】大分県大分市下郡加納１２組2エクセルコートⅢ１０４号", "url": "https://www.kaigokensaku.mhlw.go.jp/44/index.php?action_kouhyou_detail_004_kani=true&JigyosyoCd=4470106925-00&ServiceCd=110&Type=search", "url2": null }, "geometry": { "type": "Point", "coordinates": [ 131.631475899999941, 33.2210049 ] } },
{ "type": "Feature", "properties": { "内容": "訪問介護ステーション　いごこち【訪問介護】大分県大分市横塚一丁目３１１番", "url": "https://www.kaigokensaku.mhlw.go.jp/44/index.php?action_kouhyou_detail_004_kani=true&JigyosyoCd=4470109150-00&ServiceCd=110&Type=search", "url2": null }, "geometry": { "type": "Point", "coordinates": [ 131.740649599999983, 33.2394117 ] } },
{ "type": "Feature", "properties": { "内容": "ケアステーションとれじゃー【訪問介護】大分県大分市牧１丁目３番３号パークサイドオカムラ101号室", "url": "https://www.kaigokensaku.mhlw.go.jp/44/index.php?action_kouhyou_detail_004_kani=true&JigyosyoCd=4470111487-00&ServiceCd=110&Type=search", "url2": null }, "geometry": { "type": "Point", "coordinates": [ 131.6358806, 33.2397935 ] } },
{ "type": "Feature", "properties": { "内容": "へるぱーすてーしょんあしすと【訪問介護】大分県大分市大字永興846番地", "url": "https://www.kaigokensaku.mhlw.go.jp/44/index.php?action_kouhyou_detail_004_kani=true&JigyosyoCd=4470111669-00&ServiceCd=110&Type=search", "url2": null }, "geometry": { "type": "Point", "coordinates": [ 131.5800022, 33.2214452 ] } },
{ "type": "Feature", "properties": { "内容": "ヘルパーステ―ション秋桜【訪問介護】大分県大分市東鶴崎2丁目2番20号有料老人ホームオアシスホーム2", "url": "https://www.kaigokensaku.mhlw.go.jp/44/index.php?action_kouhyou_detail_004_kani=true&JigyosyoCd=4470111818-00&ServiceCd=110&Type=search", "url2": null }, "geometry": { "type": "Point", "coordinates": [ 131.695249, 33.2389281 ] } },
{ "type": "Feature", "properties": { "内容": "ヘルパーステーションつなぐ【訪問介護】大道町２丁目８番１１号大道町２丁目ビル202", "url": "https://www.kaigokensaku.mhlw.go.jp/44/index.php?action_kouhyou_detail_004_kani=true&JigyosyoCd=4470111883-00&ServiceCd=110&Type=search", "url2": "https://r.goope.jp/tunagu822/" }, "geometry": { "type": "Point", "coordinates": [ 134.9773025, 34.6557008 ] } },
{ "type": "Feature", "properties": { "内容": "ヘルパーステーションメモリー【訪問介護】大分県大分市大字津守392番地3", "url": "https://www.kaigokensaku.mhlw.go.jp/44/index.php?action_kouhyou_detail_004_kani=true&JigyosyoCd=4470107519-00&ServiceCd=110&Type=search", "url2": "https://www.sephaid-memory.co.jp/" }, "geometry": { "type": "Point", "coordinates": [ 131.616632900000013, 33.2111111 ] } },
{ "type": "Feature", "properties": { "内容": "ケアステーションＡＩＤ【訪問介護】大分県大分市賀来北２丁目１５-３０コーポ宮成１０２.１０３号", "url": "https://www.kaigokensaku.mhlw.go.jp/44/index.php?action_kouhyou_detail_004_kani=true&JigyosyoCd=4470111909-00&ServiceCd=110&Type=search", "url2": null }, "geometry": { "type": "Point", "coordinates": [ 131.5660607, 33.2132122 ] } },
{ "type": "Feature", "properties": { "内容": "あおぞらヘルパーステーション企業組合【訪問介護】上田町1丁目12番39号", "url": "https://www.kaigokensaku.mhlw.go.jp/44/index.php?action_kouhyou_detail_004_kani=true&JigyosyoCd=4470104508-00&ServiceCd=110&Type=search", "url2": null }, "geometry": { "type": "Point", "coordinates": [ 131.60042610000005, 33.2177846 ] } },
{ "type": "Feature", "properties": { "内容": "ホームヘルパーステーションスマイルガーデン【訪問介護】大分県大分市東大道2丁目3番45号", "url": "https://www.kaigokensaku.mhlw.go.jp/44/index.php?action_kouhyou_detail_004_kani=true&JigyosyoCd=4470109267-00&ServiceCd=110&Type=search", "url2": null }, "geometry": { "type": "Point", "coordinates": [ 131.601978499999973, 33.2302834 ] } },
{ "type": "Feature", "properties": { "内容": "ヘルパー竹とんぼの家【訪問介護】大分県大分市横尾東町4丁目18番1号", "url": "https://www.kaigokensaku.mhlw.go.jp/44/index.php?action_kouhyou_detail_004_kani=true&JigyosyoCd=4470105398-00&ServiceCd=110&Type=search", "url2": "http://taketonbonoie.com/" }, "geometry": { "type": "Point", "coordinates": [ 131.672388499405656, 33.209288315522834 ] } },
{ "type": "Feature", "properties": { "内容": "ほうゆう訪問介護事業所【訪問介護】大分県大分市大字下宗方字櫛引258番地", "url": "https://www.kaigokensaku.mhlw.go.jp/44/index.php?action_kouhyou_detail_004_kani=true&JigyosyoCd=4470107782-00&ServiceCd=110&Type=search", "url2": "http://oita-hoyu.com" }, "geometry": { "type": "Point", "coordinates": [ 131.589313, 33.196183 ] } },
{ "type": "Feature", "properties": { "内容": "ヘルパーステーションつかがわ【訪問介護】大分県大分市東春日町６－２８", "url": "https://www.kaigokensaku.mhlw.go.jp/44/index.php?action_kouhyou_detail_004_kani=true&JigyosyoCd=4470110604-00&ServiceCd=110&Type=search", "url2": "hakkokai.com/kaigo/009.html" }, "geometry": { "type": "Point", "coordinates": [ 131.599368300000037, 33.2404811 ] } },
{ "type": "Feature", "properties": { "内容": "訪問介護ステーションそら【訪問介護】大分県大分市大字松岡字平ノ迫537-2ナースケアホーム松岡", "url": "https://www.kaigokensaku.mhlw.go.jp/44/index.php?action_kouhyou_detail_004_kani=true&JigyosyoCd=4470108244-00&ServiceCd=110&Type=search", "url2": "http://www.nc-matsuoka.com/" }, "geometry": { "type": "Point", "coordinates": [ 131.702475600000071, 33.2252292 ] } },
{ "type": "Feature", "properties": { "内容": "ヘルパーステーションビートルズ【訪問介護】大分市中島西１丁目４番１６号　アソシエビル402", "url": "https://www.kaigokensaku.mhlw.go.jp/44/index.php?action_kouhyou_detail_004_kani=true&JigyosyoCd=4470111065-00&ServiceCd=110&Type=search", "url2": "http://smile-lib.com/" }, "geometry": { "type": "Point", "coordinates": [ 131.611361630827332, 33.242857238442895 ] } },
{ "type": "Feature", "properties": { "内容": "西部ヘルパーステーション【訪問介護】大分県大分市大字神崎1879番地", "url": "https://www.kaigokensaku.mhlw.go.jp/44/index.php?action_kouhyou_detail_004_kani=true&JigyosyoCd=4470107477-00&ServiceCd=110&Type=search", "url2": null }, "geometry": { "type": "Point", "coordinates": [ 131.542911462565627, 33.256096118139183 ] } },
{ "type": "Feature", "properties": { "内容": "ヘルパー派遣センターほんわか【訪問介護】大分県大分市常行１９１－３", "url": "https://www.kaigokensaku.mhlw.go.jp/44/index.php?action_kouhyou_detail_004_kani=true&JigyosyoCd=4470103740-00&ServiceCd=110&Type=search", "url2": null }, "geometry": { "type": "Point", "coordinates": [ 131.691524100000038, 33.2158855 ] } },
{ "type": "Feature", "properties": { "内容": "訪問介護ステーションはなみずき【訪問介護】大分県大分市大字竹中2730-1後藤総合工業ビル　2F", "url": "https://www.kaigokensaku.mhlw.go.jp/44/index.php?action_kouhyou_detail_004_kani=true&JigyosyoCd=4470105661-00&ServiceCd=110&Type=search", "url2": "http://care-net.biz/44/atene1212/" }, "geometry": { "type": "Point", "coordinates": [ 131.653684619363247, 33.140271930489291 ] } },
{ "type": "Feature", "properties": { "内容": "シーン　ライブケアステーション【訪問介護】大分県大分市東野台2-1", "url": "https://www.kaigokensaku.mhlw.go.jp/44/index.php?action_kouhyou_detail_004_kani=true&JigyosyoCd=4470110828-00&ServiceCd=110&Type=search", "url2": null }, "geometry": { "type": "Point", "coordinates": [ 131.53669, 33.207948 ] } },
{ "type": "Feature", "properties": { "内容": "ヘルパーステーションひなた【訪問介護】大分県大分市小野鶴字上河原789-1", "url": "https://www.kaigokensaku.mhlw.go.jp/44/index.php?action_kouhyou_detail_004_kani=true&JigyosyoCd=4470106974-00&ServiceCd=110&Type=search", "url2": null }, "geometry": { "type": "Point", "coordinates": [ 131.563526501902743, 33.1961480813058 ] } },
{ "type": "Feature", "properties": { "内容": "あさがお賀来ヘルパーセンター【訪問介護】大分県大分市賀来西1丁目16番34号サービス付き高齢者向け住宅あさがお", "url": "https://www.kaigokensaku.mhlw.go.jp/44/index.php?action_kouhyou_detail_004_kani=true&JigyosyoCd=4470111461-00&ServiceCd=110&Type=search", "url2": "https://www.asagao-h.com/index.html" }, "geometry": { "type": "Point", "coordinates": [ 131.5569878, 33.2131728 ] } },
{ "type": "Feature", "properties": { "内容": "株式会社青いねこ【訪問介護】大分県大分市今津留１丁目６番１１号1F", "url": "https://www.kaigokensaku.mhlw.go.jp/44/index.php?action_kouhyou_detail_004_kani=true&JigyosyoCd=4470112055-00&ServiceCd=110&Type=search", "url2": "https://aoineko.hp.peraichi.com/" }, "geometry": { "type": "Point", "coordinates": [ 131.623944571163946, 33.240531400000023 ] } },
{ "type": "Feature", "properties": { "内容": "やさしい手鶴崎訪問介護事業所【訪問介護】大分県大分市北鶴崎1-4-8", "url": "https://www.kaigokensaku.mhlw.go.jp/44/index.php?action_kouhyou_detail_004_kani=true&JigyosyoCd=4470112097-00&ServiceCd=110&Type=search", "url2": "https://search.yasashiite.com/detail/homonkaigo_tsurusaki/" }, "geometry": { "type": "Point", "coordinates": [ 131.688633102516178, 33.242163672076366 ] } },
{ "type": "Feature", "properties": { "内容": "ヘルパーステーションきょうりつ【訪問介護】明磧町1丁目2番9号", "url": "https://www.kaigokensaku.mhlw.go.jp/44/index.php?action_kouhyou_detail_004_kani=true&JigyosyoCd=4470105232-00&ServiceCd=110&Type=search", "url2": null }, "geometry": { "type": "Point", "coordinates": [ 131.587900449633366, 33.207537965248527 ] } },
{ "type": "Feature", "properties": { "内容": "訪問介護ステーション千住【訪問介護】大分県賀来北2丁目１番24号アメニックス賀来Ⅱ202", "url": "https://www.kaigokensaku.mhlw.go.jp/44/index.php?action_kouhyou_detail_004_kani=true&JigyosyoCd=4470111636-00&ServiceCd=110&Type=search", "url2": null }, "geometry": { "type": "Point", "coordinates": [ 131.5701205, 33.2135294 ] } },
{ "type": "Feature", "properties": { "内容": "あとむステーション【訪問介護】大分県大分市今都留一丁目18番31号", "url": "https://www.kaigokensaku.mhlw.go.jp/44/index.php?action_kouhyou_detail_004_kani=true&JigyosyoCd=4470112212-00&ServiceCd=110&Type=search", "url2": "https://qoly.co.jp/" }, "geometry": { "type": "Point", "coordinates": [ 131.6551987, 33.2353197 ] } },
{ "type": "Feature", "properties": { "内容": "訪問介護ステーションケアPlus【訪問介護】大分県大分市久原７５７−１", "url": "https://www.kaigokensaku.mhlw.go.jp/44/index.php?action_kouhyou_detail_004_kani=true&JigyosyoCd=4470112261-00&ServiceCd=110&Type=search", "url2": null }, "geometry": { "type": "Point", "coordinates": [ 131.7667502, 33.2366995 ] } },
{ "type": "Feature", "properties": { "内容": "ヘルパーステーション介護のみかた【訪問介護】大分県大分市下徳丸130番地の1", "url": "https://www.kaigokensaku.mhlw.go.jp/44/index.php?action_kouhyou_detail_004_kani=true&JigyosyoCd=4470106719-00&ServiceCd=110&Type=search", "url2": "https://clover-m.co.jp/" }, "geometry": { "type": "Point", "coordinates": [ 131.690455, 33.2099415 ] } },
{ "type": "Feature", "properties": { "内容": "ヘルパーステーションブラウン【訪問介護】角子原1005", "url": "https://www.kaigokensaku.mhlw.go.jp/44/index.php?action_kouhyou_detail_004_kani=true&JigyosyoCd=4470111651-00&ServiceCd=110&Type=search", "url2": "https://next-value.com/" }, "geometry": { "type": "Point", "coordinates": [ 131.715309499999989, 33.2436674 ] } },
{ "type": "Feature", "properties": { "内容": "訪問介護ステーションYY【訪問介護】大分県大分市森町西５丁目５番１号", "url": "https://www.kaigokensaku.mhlw.go.jp/44/index.php?action_kouhyou_detail_004_kani=true&JigyosyoCd=4470111727-00&ServiceCd=110&Type=search", "url2": null }, "geometry": { "type": "Point", "coordinates": [ 131.6795708, 33.2273353 ] } },
{ "type": "Feature", "properties": { "内容": "たかはし訪問介護ステーション【訪問介護】大分県大分市大字寒田1048番地の1レインボーテラスたかはし", "url": "https://www.kaigokensaku.mhlw.go.jp/44/index.php?action_kouhyou_detail_004_kani=true&JigyosyoCd=4470112295-00&ServiceCd=110&Type=search", "url2": "http://www.takahasi-hp.net/kaigo.html" }, "geometry": { "type": "Point", "coordinates": [ 131.61140961957301, 33.187354448660081 ] } },
{ "type": "Feature", "properties": { "内容": "はんだヘルパーステーション【訪問介護】大分県大分市中判田1950番地の1", "url": "https://www.kaigokensaku.mhlw.go.jp/44/index.php?action_kouhyou_detail_004_kani=true&JigyosyoCd=4470102536-00&ServiceCd=110&Type=search", "url2": "http://shinwakai-hosp.com" }, "geometry": { "type": "Point", "coordinates": [ 131.631736877640606, 33.167498164604091 ] } },
{ "type": "Feature", "properties": { "内容": "福祉サービス　わだち【訪問介護】大分県大分市大字三芳2014番地の7", "url": "https://www.kaigokensaku.mhlw.go.jp/44/index.php?action_kouhyou_detail_004_kani=true&JigyosyoCd=4470103765-00&ServiceCd=110&Type=search", "url2": null }, "geometry": { "type": "Point", "coordinates": [ 131.592125731335841, 33.227958069493603 ] } },
{ "type": "Feature", "properties": { "内容": "ﾍﾙﾊﾟｰｽﾃｰｼｮﾝカランコエ富士見が丘【訪問介護】大分県大分市富士見が丘西4丁目25番5号", "url": "https://www.kaigokensaku.mhlw.go.jp/44/index.php?action_kouhyou_detail_004_kani=true&JigyosyoCd=4470104987-00&ServiceCd=110&Type=search", "url2": null }, "geometry": { "type": "Point", "coordinates": [ 131.537276064418052, 33.176319760554968 ] } },
{ "type": "Feature", "properties": { "内容": "訪問介護事業所　ひだまりのもり【訪問介護】大分県大分市大字津守888-6", "url": "https://www.kaigokensaku.mhlw.go.jp/44/index.php?action_kouhyou_detail_004_kani=true&JigyosyoCd=4470105745-00&ServiceCd=110&Type=search", "url2": null }, "geometry": { "type": "Point", "coordinates": [ 131.618518799999947, 33.2099447 ] } },
{ "type": "Feature", "properties": { "内容": "れんげ草ケアサービス【訪問介護】大分県大分市大字三佐１２７７番地２", "url": "https://www.kaigokensaku.mhlw.go.jp/44/index.php?action_kouhyou_detail_004_kani=true&JigyosyoCd=4470106156-00&ServiceCd=110&Type=search", "url2": "http://lenge-sou.com/" }, "geometry": { "type": "Point", "coordinates": [ 131.682377242246048, 33.258445415144834 ] } },
{ "type": "Feature", "properties": { "内容": "ヘルパーステーション　みるく【訪問介護】大分県大分市豊饒二丁目4番-19-105号だいきゅうビルB-105", "url": "https://www.kaigokensaku.mhlw.go.jp/44/index.php?action_kouhyou_detail_004_kani=true&JigyosyoCd=4470110547-00&ServiceCd=110&Type=search", "url2": null }, "geometry": { "type": "Point", "coordinates": [ 131.5988763, 33.208799299999974 ] } },
{ "type": "Feature", "properties": { "内容": "アネスト大分訪問介護サービス【訪問介護】大分県大分市新町1-6ダンハイツ新町402", "url": "https://www.kaigokensaku.mhlw.go.jp/44/index.php?action_kouhyou_detail_004_kani=true&JigyosyoCd=4470111867-00&ServiceCd=110&Type=search", "url2": null }, "geometry": { "type": "Point", "coordinates": [ 131.6006925, 33.2357977 ] } },
{ "type": "Feature", "properties": { "内容": "ヘルパーステーションまなと【訪問介護】大分県大分市高江中央3丁目4629番4ライフサポートまなと", "url": "https://www.kaigokensaku.mhlw.go.jp/44/index.php?action_kouhyou_detail_004_kani=true&JigyosyoCd=4470112188-00&ServiceCd=110&Type=search", "url2": "http://www.manato.co.jp" }, "geometry": { "type": "Point", "coordinates": [ 131.6127452, 33.1678839 ] } },
{ "type": "Feature", "properties": { "内容": "ヘルパーステーションFIVEROSE【訪問介護】大分県大分市敷戸駅北町1-1", "url": "https://www.kaigokensaku.mhlw.go.jp/44/index.php?action_kouhyou_detail_004_kani=true&JigyosyoCd=4470111974-00&ServiceCd=110&Type=search", "url2": "https://fiverose23.com" }, "geometry": { "type": "Point", "coordinates": [ 131.6149747, 33.1915463 ] } },
{ "type": "Feature", "properties": { "内容": "SJR大分ヘルパーステーション【訪問介護】大分県大分市要町６番３２号", "url": "https://www.kaigokensaku.mhlw.go.jp/44/index.php?action_kouhyou_detail_004_kani=true&JigyosyoCd=4470109705-00&ServiceCd=110&Type=search", "url2": "www.sjr-jr.co.jp" }, "geometry": { "type": "Point", "coordinates": [ 131.6088833, 33.2305419 ] } },
{ "type": "Feature", "properties": { "内容": "おりおん合同会社【訪問介護】大分県大分市森町西5丁目9番7-1号", "url": "https://www.kaigokensaku.mhlw.go.jp/44/index.php?action_kouhyou_detail_004_kani=true&JigyosyoCd=4470110505-00&ServiceCd=110&Type=search", "url2": null }, "geometry": { "type": "Point", "coordinates": [ 131.678683299999989, 33.2282726 ] } },
{ "type": "Feature", "properties": { "内容": "ヘルパーステーション笑咲【訪問介護】大分県大分市大字市字垣ノ内３５７－６", "url": "https://www.kaigokensaku.mhlw.go.jp/44/index.php?action_kouhyou_detail_004_kani=true&JigyosyoCd=4470109457-00&ServiceCd=110&Type=search", "url2": "http://warasaku.jp" }, "geometry": { "type": "Point", "coordinates": [ 131.572635961879001, 33.186103869057312 ] } },
{ "type": "Feature", "properties": { "内容": "セントケア大分【訪問介護】古国府5丁目　1-34古国府事務所　101号", "url": "https://www.kaigokensaku.mhlw.go.jp/44/index.php?action_kouhyou_detail_004_kani=true&JigyosyoCd=4470111800-00&ServiceCd=110&Type=search", "url2": "http://www.saint-care.com/" }, "geometry": { "type": "Point", "coordinates": [ 131.605174799999986, 33.2176637 ] } },
{ "type": "Feature", "properties": { "内容": "訪問介護ステーション福寿【訪問介護】大分県大分市明野北2丁目14-6第一岩本ビル201", "url": "https://www.kaigokensaku.mhlw.go.jp/44/index.php?action_kouhyou_detail_004_kani=true&JigyosyoCd=4470110984-00&ServiceCd=110&Type=search", "url2": null }, "geometry": { "type": "Point", "coordinates": [ 131.6520227, 33.2342237 ] } },
{ "type": "Feature", "properties": { "内容": "ヘルパーステーションカリス中島【訪問介護】大分県大分市中島中央１丁目２番６号", "url": "https://www.kaigokensaku.mhlw.go.jp/44/index.php?action_kouhyou_detail_004_kani=true&JigyosyoCd=4470110265-00&ServiceCd=110&Type=search", "url2": "http://makarios-shimai.com" }, "geometry": { "type": "Point", "coordinates": [ 131.613642038666455, 33.243153992184709 ] } },
{ "type": "Feature", "properties": { "内容": "ハートフルホームあけの高尾ヘルパーステーション【訪問介護】大分県大分市明野高尾2丁目19番3号", "url": "https://www.kaigokensaku.mhlw.go.jp/44/index.php?action_kouhyou_detail_004_kani=true&JigyosyoCd=4470111644-00&ServiceCd=110&Type=search", "url2": null }, "geometry": { "type": "Point", "coordinates": [ 131.64911413372954, 33.213922124825864 ] } },
{ "type": "Feature", "properties": { "内容": "ななせヘルパーステーション【訪問介護】大分県大分市椿が丘二丁目14番6号", "url": "https://www.kaigokensaku.mhlw.go.jp/44/index.php?action_kouhyou_detail_004_kani=true&JigyosyoCd=4470109374-00&ServiceCd=110&Type=search", "url2": null }, "geometry": { "type": "Point", "coordinates": [ 131.5732948005639, 33.194545914395505 ] } },
{ "type": "Feature", "properties": { "内容": "いのべ訪問介護ステーション【訪問介護】大分市府内町1丁目3番15号府内ＭＣビル", "url": "https://www.kaigokensaku.mhlw.go.jp/44/index.php?action_kouhyou_detail_004_kani=true&JigyosyoCd=4470100746-00&ServiceCd=110&Type=search", "url2": "http://www.inobe.or.jp" }, "geometry": { "type": "Point", "coordinates": [ 131.609910899999932, 33.2353748 ] } },
{ "type": "Feature", "properties": { "内容": "大分ヘルパーステーション【訪問介護】大分県大分市浜町東３組", "url": "https://www.kaigokensaku.mhlw.go.jp/44/index.php?action_kouhyou_detail_004_kani=true&JigyosyoCd=4470101843-00&ServiceCd=110&Type=search", "url2": "http://www.otsuka-mc.jp" }, "geometry": { "type": "Point", "coordinates": [ 131.602742300000045, 33.2464266 ] } },
{ "type": "Feature", "properties": { "内容": "小野鶴養生院　訪問介護事業所【訪問介護】大分県大分市大字小野鶴１１５７番地の１", "url": "https://www.kaigokensaku.mhlw.go.jp/44/index.php?action_kouhyou_detail_004_kani=true&JigyosyoCd=4470100571-00&ServiceCd=110&Type=search", "url2": "https://soujyu-oita.com/" }, "geometry": { "type": "Point", "coordinates": [ 131.568115199999966, 33.1988818 ] } },
{ "type": "Feature", "properties": { "内容": "大分記念病院　訪問介護ステーション【訪問介護】大分市羽屋四丁目3番地２6号", "url": "https://www.kaigokensaku.mhlw.go.jp/44/index.php?action_kouhyou_detail_004_kani=true&JigyosyoCd=4470110273-00&ServiceCd=110&Type=search", "url2": "http://oitamh.jp" }, "geometry": { "type": "Point", "coordinates": [ 131.599706800000064, 33.2109158 ] } },
{ "type": "Feature", "properties": { "内容": "ホームヘルパーステーションこが【訪問介護】大分県大分市中鶴崎2-4-29", "url": "https://www.kaigokensaku.mhlw.go.jp/44/index.php?action_kouhyou_detail_004_kani=true&JigyosyoCd=4470101231-00&ServiceCd=110&Type=search", "url2": null }, "geometry": { "type": "Point", "coordinates": [ 131.691251299999976, 33.2404275 ] } },
{ "type": "Feature", "properties": { "内容": "ヘルパーステーション山桜花【訪問介護】大分県大分市大字寒田486番26", "url": "https://www.kaigokensaku.mhlw.go.jp/44/index.php?action_kouhyou_detail_004_kani=true&JigyosyoCd=4470108566-00&ServiceCd=110&Type=search", "url2": "http://tenjukai.com" }, "geometry": { "type": "Point", "coordinates": [ 131.606142699999964, 33.1811689 ] } },
{ "type": "Feature", "properties": { "内容": "まがりヘルパーステーション【訪問介護】大分市大字曲字前田１３７番地まがりクローバーガーデン", "url": "https://www.kaigokensaku.mhlw.go.jp/44/index.php?action_kouhyou_detail_004_kani=true&JigyosyoCd=4470112089-00&ServiceCd=110&Type=search", "url2": null }, "geometry": { "type": "Point", "coordinates": [ 131.615458844458004, 33.200872893821675 ] } },
{ "type": "Feature", "properties": { "内容": "ハートヘルパーステーション【訪問介護】光吉新町2-1みつよし優心舘", "url": "https://www.kaigokensaku.mhlw.go.jp/44/index.php?action_kouhyou_detail_004_kani=true&JigyosyoCd=4470111271-00&ServiceCd=110&Type=search", "url2": null }, "geometry": { "type": "Point", "coordinates": [ 131.602429, 33.1973535 ] } },
{ "type": "Feature", "properties": { "内容": "訪問介護事業所リゾートリビング【訪問介護】大分市牧２－１７－５牧ロイヤルププラザ107", "url": "https://www.kaigokensaku.mhlw.go.jp/44/index.php?action_kouhyou_detail_004_kani=true&JigyosyoCd=4470106743-00&ServiceCd=110&Type=search", "url2": "http://www.unonaika.net/" }, "geometry": { "type": "Point", "coordinates": [ 131.641205300000024, 33.2417557 ] } },
{ "type": "Feature", "properties": { "内容": "ヘルパーステーション　スマイル【訪問介護】大分県大分市大字荏隈638番地の1", "url": "https://www.kaigokensaku.mhlw.go.jp/44/index.php?action_kouhyou_detail_004_kani=true&JigyosyoCd=4470111032-00&ServiceCd=110&Type=search", "url2": "http://smile-enokuma.com" }, "geometry": { "type": "Point", "coordinates": [ 131.579218094560019, 33.215759878410701 ] } },
{ "type": "Feature", "properties": { "内容": "ホームヘルパーステーションつぼみ【訪問介護】大分市大字光吉902番地第５大分ユースコーポ105号", "url": "https://www.kaigokensaku.mhlw.go.jp/44/index.php?action_kouhyou_detail_004_kani=true&JigyosyoCd=4470109853-00&ServiceCd=110&Type=search", "url2": null }, "geometry": { "type": "Point", "coordinates": [ 131.603345499999932, 33.1977783 ] } },
{ "type": "Feature", "properties": { "内容": "訪問介護ステーションおりおん【訪問介護】中尾４４９番地１", "url": "https://www.kaigokensaku.mhlw.go.jp/44/index.php?action_kouhyou_detail_004_kani=true&JigyosyoCd=4470107196-00&ServiceCd=110&Type=search", "url2": null }, "geometry": { "type": "Point", "coordinates": [ 131.555946899999981, 33.2056721 ] } },
{ "type": "Feature", "properties": { "内容": "ヘルパーステーションみち草【訪問介護】大分県大分市高江北1丁目17-1", "url": "https://www.kaigokensaku.mhlw.go.jp/44/index.php?action_kouhyou_detail_004_kani=true&JigyosyoCd=4470108061-00&ServiceCd=110&Type=search", "url2": null }, "geometry": { "type": "Point", "coordinates": [ 131.619910617984033, 33.171448314709139 ] } },
{ "type": "Feature", "properties": { "内容": "ファンライフケア【訪問介護】大分県大分市敷戸台１丁目３７０番地４", "url": "https://www.kaigokensaku.mhlw.go.jp/44/index.php?action_kouhyou_detail_004_kani=true&JigyosyoCd=4470111396-00&ServiceCd=110&Type=search", "url2": null }, "geometry": { "type": "Point", "coordinates": [ 131.616462899999988, 33.1890287 ] } },
{ "type": "Feature", "properties": { "内容": "ホームヘルプサービスあんじゅ【訪問介護】大分県大分市大字森731-1", "url": "https://www.kaigokensaku.mhlw.go.jp/44/index.php?action_kouhyou_detail_004_kani=true&JigyosyoCd=4470107733-00&ServiceCd=110&Type=search", "url2": "http://www.oct-net.ne.jp/~anjyunomori/" }, "geometry": { "type": "Point", "coordinates": [ 131.67895569999996, 33.2213317 ] } },
{ "type": "Feature", "properties": { "内容": "ヘルパーステーション　もくれん【訪問介護】大分市坂ノ市西１丁目１番６号", "url": "https://www.kaigokensaku.mhlw.go.jp/44/index.php?action_kouhyou_detail_004_kani=true&JigyosyoCd=4470106289-00&ServiceCd=110&Type=search", "url2": null }, "geometry": { "type": "Point", "coordinates": [ 131.747307175611667, 33.232117264849414 ] } },
{ "type": "Feature", "properties": { "内容": "ヘルパーステーションひだまり【訪問介護】大分市佐野北4074", "url": "https://www.kaigokensaku.mhlw.go.jp/44/index.php?action_kouhyou_detail_004_kani=true&JigyosyoCd=4470105208-00&ServiceCd=110&Type=search", "url2": null }, "geometry": { "type": "Point", "coordinates": [ 131.724756190305698, 33.219896354829999 ] } },
{ "type": "Feature", "properties": { "内容": "訪問介護ステーションみなみ【訪問介護】大字口戸字田島92番9", "url": "https://www.kaigokensaku.mhlw.go.jp/44/index.php?action_kouhyou_detail_004_kani=true&JigyosyoCd=4470111354-00&ServiceCd=110&Type=search", "url2": null }, "geometry": { "type": "Point", "coordinates": [ 131.5687331, 33.1657143 ] } },
{ "type": "Feature", "properties": { "内容": "ホームヘルパーステーション　ひまわり【訪問介護】大分県大分市大字太田３５０番地", "url": "https://www.kaigokensaku.mhlw.go.jp/44/index.php?action_kouhyou_detail_004_kani=true&JigyosyoCd=4470106115-00&ServiceCd=110&Type=search", "url2": null }, "geometry": { "type": "Point", "coordinates": [ 131.501864299999966, 33.1428084 ] } },
{ "type": "Feature", "properties": { "内容": "ヘルパーステーション　碧の丘【訪問介護】大分市賀来北１丁目１１番41号B101", "url": "https://www.kaigokensaku.mhlw.go.jp/44/index.php?action_kouhyou_detail_004_kani=true&JigyosyoCd=4470104581-00&ServiceCd=110&Type=search", "url2": null }, "geometry": { "type": "Point", "coordinates": [ 131.572164899999962, 33.215514 ] } },
{ "type": "Feature", "properties": { "内容": "ケアステーションそうだ【訪問介護】ふじが丘山手1-5-3", "url": "https://www.kaigokensaku.mhlw.go.jp/44/index.php?action_kouhyou_detail_004_kani=true&JigyosyoCd=4470106578-00&ServiceCd=110&Type=search", "url2": null }, "geometry": { "type": "Point", "coordinates": [ 131.597888574116922, 33.176099464052207 ] } },
{ "type": "Feature", "properties": { "内容": "あさがおヘルパーセンター【訪問介護】大分県大分市曲832-8", "url": "https://www.kaigokensaku.mhlw.go.jp/44/index.php?action_kouhyou_detail_004_kani=true&JigyosyoCd=4470101975-00&ServiceCd=110&Type=search", "url2": "https://www.asagao-h.com/" }, "geometry": { "type": "Point", "coordinates": [ 131.617474799999968, 33.1978264 ] } },
{ "type": "Feature", "properties": { "内容": "田室ヘルパーステーションいきいき【訪問介護】大分県大分市田室町9番80号アーバン田室128", "url": "https://www.kaigokensaku.mhlw.go.jp/44/index.php?action_kouhyou_detail_004_kani=true&JigyosyoCd=4470110901-00&ServiceCd=110&Type=search", "url2": null }, "geometry": { "type": "Point", "coordinates": [ 131.5991412, 33.2344058 ] } },
{ "type": "Feature", "properties": { "内容": "ヘルパーステーション　ななみ【訪問介護】大分県大分市大字政所3158-26", "url": "https://www.kaigokensaku.mhlw.go.jp/44/index.php?action_kouhyou_detail_004_kani=true&JigyosyoCd=4470106826-00&ServiceCd=110&Type=search", "url2": null }, "geometry": { "type": "Point", "coordinates": [ 131.715346400000044, 33.2340116 ] } },
{ "type": "Feature", "properties": { "内容": "ヘルパーステーションほなみ【訪問介護】徳島1丁目2-22", "url": "https://www.kaigokensaku.mhlw.go.jp/44/index.php?action_kouhyou_detail_004_kani=true&JigyosyoCd=4470106131-00&ServiceCd=110&Type=search", "url2": null }, "geometry": { "type": "Point", "coordinates": [ 131.693959299999989, 33.2427967 ] } },
{ "type": "Feature", "properties": { "内容": "医心館訪問介護ステーション大分【訪問介護】大分県大分市畑中一丁目3番18号", "url": "https://www.kaigokensaku.mhlw.go.jp/44/index.php?action_kouhyou_detail_004_kani=true&JigyosyoCd=4470112253-00&ServiceCd=110&Type=search", "url2": null }, "geometry": { "type": "Point", "coordinates": [ 131.601337300000012, 33.2066582 ] } },
{ "type": "Feature", "properties": { "内容": "ヘルパーステーションあん【訪問介護】大分県大分市上宗方544-1グリーンシティ雄城台100", "url": "https://www.kaigokensaku.mhlw.go.jp/44/index.php?action_kouhyou_detail_004_kani=true&JigyosyoCd=4470110851-00&ServiceCd=110&Type=search", "url2": "https://www.endear.info/" }, "geometry": { "type": "Point", "coordinates": [ 131.580780200000021, 33.195761500000017 ] } },
{ "type": "Feature", "properties": { "内容": "ホームヘルプサービスつながり【訪問介護】大分県大分市大字政所3365番地1サービス付き高齢者向け住宅つながりの郷", "url": "https://www.kaigokensaku.mhlw.go.jp/44/index.php?action_kouhyou_detail_004_kani=true&JigyosyoCd=4470107105-00&ServiceCd=110&Type=search", "url2": "http://www.kcc-fukushi.co.jp/tunagari/" }, "geometry": { "type": "Point", "coordinates": [ 131.717332199999987, 33.237371599999989 ] } },
{ "type": "Feature", "properties": { "内容": "虹の郷　ホームヘルプサービス【訪問介護】大分県大分市大字佐野4455番地シルバーマンション　虹の郷", "url": "https://www.kaigokensaku.mhlw.go.jp/44/index.php?action_kouhyou_detail_004_kani=true&JigyosyoCd=4470103096-00&ServiceCd=110&Type=search", "url2": "https://kcc-fukushi.co.jp/" }, "geometry": { "type": "Point", "coordinates": [ 131.7271399, 33.2195413 ] } },
{ "type": "Feature", "properties": { "内容": "ゆいの杜ホームヘルプサービス【訪問介護】大分県大分市大字田尻53－1ゆいの杜", "url": "https://www.kaigokensaku.mhlw.go.jp/44/index.php?action_kouhyou_detail_004_kani=true&JigyosyoCd=4470108798-00&ServiceCd=110&Type=search", "url2": "https://kcc-fukushi.co.jp/" }, "geometry": { "type": "Point", "coordinates": [ 131.594594439903602, 33.192048422007929 ] } },
{ "type": "Feature", "properties": { "内容": "ホームヘルプサービ　スまごころ【訪問介護】大分県大分市下郡山の手1番27号", "url": "https://www.kaigokensaku.mhlw.go.jp/44/index.php?action_kouhyou_detail_004_kani=true&JigyosyoCd=4470111610-00&ServiceCd=110&Type=search", "url2": "http：//www.magokoroen.com" }, "geometry": { "type": "Point", "coordinates": [ 131.6382472, 33.2207092 ] } },
{ "type": "Feature", "properties": { "内容": "ケア・スプリングハート　ホームヘルプサービス【訪問介護】大分県大分市下郡山の手１番37号夢まごころ苑内", "url": "https://www.kaigokensaku.mhlw.go.jp/44/index.php?action_kouhyou_detail_004_kani=true&JigyosyoCd=4470104615-00&ServiceCd=110&Type=search", "url2": null }, "geometry": { "type": "Point", "coordinates": [ 131.638325639510072, 33.219939273297818 ] } },
{ "type": "Feature", "properties": { "内容": "訪問介護ステーションあかり【訪問介護】政所1-1-16-203", "url": "https://www.kaigokensaku.mhlw.go.jp/44/index.php?action_kouhyou_detail_004_kani=true&JigyosyoCd=4470106768-00&ServiceCd=110&Type=search", "url2": null }, "geometry": { "type": "Point", "coordinates": [ 131.72243990000004, 33.2470604 ] } },
{ "type": "Feature", "properties": { "内容": "ホームケアソレイユ【訪問介護】大分県大分市中島西二丁目2番9号", "url": "https://www.kaigokensaku.mhlw.go.jp/44/index.php?action_kouhyou_detail_004_kani=true&JigyosyoCd=4470108483-00&ServiceCd=110&Type=search", "url2": null }, "geometry": { "type": "Point", "coordinates": [ 131.609724799999981, 33.2442269 ] } },
{ "type": "Feature", "properties": { "内容": "ヘルパーステーションアリエ【訪問介護】大分県大分市萩原1丁目2番33号グリーンパークヨシハラ103号室", "url": "https://www.kaigokensaku.mhlw.go.jp/44/index.php?action_kouhyou_detail_004_kani=true&JigyosyoCd=4470111578-00&ServiceCd=110&Type=search", "url2": null }, "geometry": { "type": "Point", "coordinates": [ 131.6376989, 33.2447378 ] } },
{ "type": "Feature", "properties": { "内容": "ニチイケアセンター大分【訪問介護】大分県大分市下郡東1-9-23", "url": "https://www.kaigokensaku.mhlw.go.jp/44/index.php?action_kouhyou_detail_004_kani=true&JigyosyoCd=4470100043-00&ServiceCd=110&Type=search", "url2": null }, "geometry": { "type": "Point", "coordinates": [ 131.636019900000065, 33.2280264 ] } },
{ "type": "Feature", "properties": { "内容": "Greenガーデン高江ヘルパーステーション【訪問介護】大分県大分市高江中央1丁目1304-1", "url": "https://www.kaigokensaku.mhlw.go.jp/44/index.php?action_kouhyou_detail_004_kani=true&JigyosyoCd=4470110000-00&ServiceCd=110&Type=search", "url2": "http://loveloving.co.jp" }, "geometry": { "type": "Point", "coordinates": [ 131.622977478311668, 33.165097361065015 ] } },
{ "type": "Feature", "properties": { "内容": "ほうもんかいごすてーしょんいつき【訪問介護】大分県大分市大字津守５０４番地の４メールハイツ滝尾101", "url": "https://www.kaigokensaku.mhlw.go.jp/44/index.php?action_kouhyou_detail_004_kani=true&JigyosyoCd=4470106990-00&ServiceCd=110&Type=search", "url2": "http://kaigoituki.wix.com" }, "geometry": { "type": "Point", "coordinates": [ 131.6156413, 33.2100806 ] } },
{ "type": "Feature", "properties": { "内容": "訪問介護センターはる【訪問介護】大分県大分市小池原234-3ジェルムKoMeTaKe106", "url": "https://www.kaigokensaku.mhlw.go.jp/44/index.php?action_kouhyou_detail_004_kani=true&JigyosyoCd=4470108590-00&ServiceCd=110&Type=search", "url2": null }, "geometry": { "type": "Point", "coordinates": [ 131.667236799999955, 33.2388709 ] } },
{ "type": "Feature", "properties": { "内容": "スカイホーム訪問介護【訪問介護】大分市明野高尾2丁目27-6スカイホームあけの２号館", "url": "https://www.kaigokensaku.mhlw.go.jp/44/index.php?action_kouhyou_detail_004_kani=true&JigyosyoCd=4470104896-00&ServiceCd=110&Type=search", "url2": "http://www.hisakai.co.jp" }, "geometry": { "type": "Point", "coordinates": [ 131.649546392065417, 33.216380039171966 ] } },
{ "type": "Feature", "properties": { "内容": "ヘルパーステーション陽だまり【訪問介護】大分県大分市千歳1770番地5", "url": "https://www.kaigokensaku.mhlw.go.jp/44/index.php?action_kouhyou_detail_004_kani=true&JigyosyoCd=4470106735-00&ServiceCd=110&Type=search", "url2": "meguminokai.co.jp/" }, "geometry": { "type": "Point", "coordinates": [ 131.669067199999972, 33.2376933 ] } },
{ "type": "Feature", "properties": { "内容": "ヘルパーステーション　ほむら【訪問介護】大分県大分市三佐5丁目4番5エクレール三佐A102号", "url": "https://www.kaigokensaku.mhlw.go.jp/44/index.php?action_kouhyou_detail_004_kani=true&JigyosyoCd=4470111677-00&ServiceCd=110&Type=search", "url2": "sachinokai.com" }, "geometry": { "type": "Point", "coordinates": [ 131.682492757672094, 33.25273037209719 ] } },
{ "type": "Feature", "properties": { "内容": "ヘルパーステーションなないろ【訪問介護】大分県大分市大字常行211番1", "url": "https://www.kaigokensaku.mhlw.go.jp/44/index.php?action_kouhyou_detail_004_kani=true&JigyosyoCd=4470109101-00&ServiceCd=110&Type=search", "url2": null }, "geometry": { "type": "Point", "coordinates": [ 131.689979256024486, 33.215606959415211 ] } },
{ "type": "Feature", "properties": { "内容": "ヘルパーステーションそう【訪問介護】大分県大分市下郡加納20組の2", "url": "https://www.kaigokensaku.mhlw.go.jp/44/index.php?action_kouhyou_detail_004_kani=true&JigyosyoCd=4470110877-00&ServiceCd=110&Type=search", "url2": null }, "geometry": { "type": "Point", "coordinates": [ 131.639413539967677, 33.226427179373069 ] } },
{ "type": "Feature", "properties": { "内容": "ホームケア土屋大分【訪問介護】大分市中央町1-4-22サクラヤビル402", "url": "https://www.kaigokensaku.mhlw.go.jp/44/index.php?action_kouhyou_detail_004_kani=true&JigyosyoCd=4470111214-00&ServiceCd=110&Type=search", "url2": "https://homecare-tsuchiya.com" }, "geometry": { "type": "Point", "coordinates": [ 131.6068539, 33.2376517 ] } },
{ "type": "Feature", "properties": { "内容": "訪問介護ステーションしらかば【訪問介護】大分県大分市高松東1丁目4-11", "url": "https://www.kaigokensaku.mhlw.go.jp/44/index.php?action_kouhyou_detail_004_kani=true&JigyosyoCd=4470108228-00&ServiceCd=110&Type=search", "url2": "https://care-net.biz/44/shirakaba/" }, "geometry": { "type": "Point", "coordinates": [ 131.658137399999987, 33.246528 ] } },
{ "type": "Feature", "properties": { "内容": "ヘルパーステーション　ふう【訪問介護】大分県大分市大字葛木767番6", "url": "https://www.kaigokensaku.mhlw.go.jp/44/index.php?action_kouhyou_detail_004_kani=true&JigyosyoCd=4470105695-00&ServiceCd=110&Type=search", "url2": "care-net.biz／44／hobasira/company.php" }, "geometry": { "type": "Point", "coordinates": [ 131.673480069757886, 33.226185257330229 ] } },
{ "type": "Feature", "properties": { "内容": "いまじんヘルパーステーション【訪問介護】大分県　大分市　三ケ田町３丁目４番１号", "url": "https://www.kaigokensaku.mhlw.go.jp/44/index.php?action_kouhyou_detail_004_kani=true&JigyosyoCd=4470103955-00&ServiceCd=110&Type=search", "url2": "http://f-imagine.net/" }, "geometry": { "type": "Point", "coordinates": [ 131.590920283157743, 33.216614563408839 ] } },
{ "type": "Feature", "properties": { "内容": "ヘルパーステーションばんぷく【訪問介護】大分県大分市角子原１丁目１３番３７号", "url": "https://www.kaigokensaku.mhlw.go.jp/44/index.php?action_kouhyou_detail_004_kani=true&JigyosyoCd=4470105182-00&ServiceCd=110&Type=search", "url2": "banpuku.stars.ne.jp" }, "geometry": { "type": "Point", "coordinates": [ 131.71241959836982, 33.247647384246982 ] } },
{ "type": "Feature", "properties": { "内容": "ヘルパーステーションらふ【訪問介護】大分県大分市大字羽田17組コーポ秋月402", "url": "https://www.kaigokensaku.mhlw.go.jp/44/index.php?action_kouhyou_detail_004_kani=true&JigyosyoCd=4470112030-00&ServiceCd=110&Type=search", "url2": null }, "geometry": { "type": "Point", "coordinates": [ 131.6323636, 33.2176982 ] } },
{ "type": "Feature", "properties": { "内容": "ヘルパーステーションあかり【訪問介護】萩原3丁目11番29-104号", "url": "https://www.kaigokensaku.mhlw.go.jp/44/index.php?action_kouhyou_detail_004_kani=true&JigyosyoCd=4470111925-00&ServiceCd=110&Type=search", "url2": null }, "geometry": { "type": "Point", "coordinates": [ 131.6447078, 33.2424436 ] } },
{ "type": "Feature", "properties": { "内容": "社会医療法人　関愛会　ヘルパーステーション　ひまわり【訪問介護】大分県大分市大字佐賀関880番地の1", "url": "https://www.kaigokensaku.mhlw.go.jp/44/index.php?action_kouhyou_detail_004_kani=true&JigyosyoCd=4472400201-00&ServiceCd=110&Type=search", "url2": "http://sekiaikai.jp/" }, "geometry": { "type": "Point", "coordinates": [ 131.868033, 33.2489396 ] } },
{ "type": "Feature", "properties": { "内容": "大分豊寿苑ヘルパーステーション【訪問介護】大分県大分市大字小池原1021番地", "url": "https://www.kaigokensaku.mhlw.go.jp/44/index.php?action_kouhyou_detail_004_kani=true&JigyosyoCd=4470101900-00&ServiceCd=110&Type=search", "url2": "www.hojuen.jp" }, "geometry": { "type": "Point", "coordinates": [ 131.661768859308552, 33.235498806833064 ] } },
{ "type": "Feature", "properties": { "内容": "さんあいヘルパーステーション【訪問介護】大分県大分市大字市566-3有料老人ホームさんさん", "url": "https://www.kaigokensaku.mhlw.go.jp/44/index.php?action_kouhyou_detail_004_kani=true&JigyosyoCd=4470105588-00&ServiceCd=110&Type=search", "url2": "http://san-ai-group.org/" }, "geometry": { "type": "Point", "coordinates": [ 131.575417243666038, 33.190108056840472 ] } },
{ "type": "Feature", "properties": { "内容": "すくすく・いきいき村ヘルパーステーション【訪問介護】大分県大分市緑が丘5丁目23番1号", "url": "https://www.kaigokensaku.mhlw.go.jp/44/index.php?action_kouhyou_detail_004_kani=true&JigyosyoCd=4470107659-00&ServiceCd=110&Type=search", "url2": "http://sukuiki.com/" }, "geometry": { "type": "Point", "coordinates": [ 131.526454899999976, 33.177791100000015 ] } },
{ "type": "Feature", "properties": { "内容": "清流苑ヘルパーステーーション【訪問介護】大分県大分市大字種具字南谷144番地", "url": "https://www.kaigokensaku.mhlw.go.jp/44/index.php?action_kouhyou_detail_004_kani=true&JigyosyoCd=4470101298-00&ServiceCd=110&Type=search", "url2": "https://seiryu-kyousei.org/" }, "geometry": { "type": "Point", "coordinates": [ 131.609272, 33.2395578 ] } },
{ "type": "Feature", "properties": { "内容": "ふくしサービスセンター　であい・ふれあい【訪問介護】大分県大分市高城西町32番36号グリーンコープ生協おおいた　２Ｆ", "url": "https://www.kaigokensaku.mhlw.go.jp/44/index.php?action_kouhyou_detail_004_kani=true&JigyosyoCd=4470104268-00&ServiceCd=110&Type=search", "url2": "http://fukushi-greencoop.or.jp/prog/dbs/37" }, "geometry": { "type": "Point", "coordinates": [ 131.650463100000024, 33.2399422 ] } },
{ "type": "Feature", "properties": { "内容": "清静園指定訪問介護事業所【訪問介護】大分県大分市大字竹中5268番地", "url": "https://www.kaigokensaku.mhlw.go.jp/44/index.php?action_kouhyou_detail_004_kani=true&JigyosyoCd=4470100860-00&ServiceCd=110&Type=search", "url2": "http://www.seijyoen.or.jp" }, "geometry": { "type": "Point", "coordinates": [ 131.6444629, 33.1283644 ] } },
{ "type": "Feature", "properties": { "内容": "天神ヴィラ　ホームヘルプサービス【訪問介護】大分県大分市大字駄原字天神平1670番地1", "url": "https://www.kaigokensaku.mhlw.go.jp/44/index.php?action_kouhyou_detail_004_kani=true&JigyosyoCd=4470109382-00&ServiceCd=110&Type=search", "url2": "https://isshinkai-oita-kitsuki.jp/" }, "geometry": { "type": "Point", "coordinates": [ 131.587807955585049, 33.231124264346015 ] } },
{ "type": "Feature", "properties": { "内容": "庄の原苑ホームヘルパーステーション【訪問介護】大分県大分市大字荏隈字庄の原1798番地", "url": "https://www.kaigokensaku.mhlw.go.jp/44/index.php?action_kouhyou_detail_004_kani=true&JigyosyoCd=4470101066-00&ServiceCd=110&Type=search", "url2": "http://shonoharuen.com/" }, "geometry": { "type": "Point", "coordinates": [ 131.572868200000016, 33.2217954 ] } },
{ "type": "Feature", "properties": { "内容": "誠寿園ホームヘルプサービス【訪問介護】大分県大分市大字辻902番地", "url": "https://www.kaigokensaku.mhlw.go.jp/44/index.php?action_kouhyou_detail_004_kani=true&JigyosyoCd=4470101199-00&ServiceCd=110&Type=search", "url2": "https://seijuen.org" }, "geometry": { "type": "Point", "coordinates": [ 131.692703444427508, 33.109971964990656 ] } },
{ "type": "Feature", "properties": { "内容": "ヘルパーステーション天領ガーデン【訪問介護】大分県大分市大字田尻字高尾783番地の1", "url": "https://www.kaigokensaku.mhlw.go.jp/44/index.php?action_kouhyou_detail_004_kani=true&JigyosyoCd=4470100837-00&ServiceCd=110&Type=search", "url2": "http://san-ai-kai.or.jp/" }, "geometry": { "type": "Point", "coordinates": [ 131.597391447390663, 33.184809332627296 ] } },
{ "type": "Feature", "properties": { "内容": "創生の里ヘルパーステーション【訪問介護】大分県大分市大字野田２６９番地の１", "url": "https://www.kaigokensaku.mhlw.go.jp/44/index.php?action_kouhyou_detail_004_kani=true&JigyosyoCd=4470101249-00&ServiceCd=110&Type=search", "url2": "http://www.wakakusakai.jp" }, "geometry": { "type": "Point", "coordinates": [ 131.536103869311546, 33.204101844796803 ] } },
{ "type": "Feature", "properties": { "内容": "ホームヘルプ事業玉光苑【訪問介護】大分県大分市大字市洲高田459番地", "url": "https://www.kaigokensaku.mhlw.go.jp/44/index.php?action_kouhyou_detail_004_kani=true&JigyosyoCd=4470100753-00&ServiceCd=110&Type=search", "url2": "http://www.gyokkouen.com" }, "geometry": { "type": "Point", "coordinates": [ 131.570353498092231, 33.188439041784989 ] } },
{ "type": "Feature", "properties": { "内容": "別大はと福祉サービス【訪問介護】大分県大分市大字鴛野1046番地の8", "url": "https://www.kaigokensaku.mhlw.go.jp/44/index.php?action_kouhyou_detail_004_kani=true&JigyosyoCd=4470105000-00&ServiceCd=110&Type=search", "url2": null }, "geometry": { "type": "Point", "coordinates": [ 131.616516899999965, 33.1859108 ] } },
{ "type": "Feature", "properties": { "内容": "医療生協訪問介護サービスセンター【訪問介護】大分県大分市大字津留字六本松1970-7", "url": "https://www.kaigokensaku.mhlw.go.jp/44/index.php?action_kouhyou_detail_004_kani=true&JigyosyoCd=4470100977-00&ServiceCd=110&Type=search", "url2": "http://www.oita-iryou.coop" }, "geometry": { "type": "Point", "coordinates": [ 131.629616400000032, 33.2334264 ] } },
{ "type": "Feature", "properties": { "内容": "ヘルパーセンターきょうわ【訪問介護】大分県大分市大字宮崎９５３番地の１", "url": "https://www.kaigokensaku.mhlw.go.jp/44/index.php?action_kouhyou_detail_004_kani=true&JigyosyoCd=4470101629-00&ServiceCd=110&Type=search", "url2": "http://www.oitakyouwa-hp.org/" }, "geometry": { "type": "Point", "coordinates": [ 131.604678700000022, 33.1974562 ] } },
{ "type": "Feature", "properties": { "内容": "特定非営利活動法人いのちきサポート【訪問介護】大分県大分市新貝7-33", "url": "https://www.kaigokensaku.mhlw.go.jp/44/index.php?action_kouhyou_detail_004_kani=true&JigyosyoCd=4470111289-00&ServiceCd=110&Type=search", "url2": "http://inotiki.gozaru.jp" }, "geometry": { "type": "Point", "coordinates": [ 131.647324700000013, 33.2487615 ] } },
{ "type": "Feature", "properties": { "内容": "里の風福祉サービス【訪問介護】大分県大分市六坊北町2番61号利光アパート", "url": "https://www.kaigokensaku.mhlw.go.jp/44/index.php?action_kouhyou_detail_004_kani=true&JigyosyoCd=4470105190-00&ServiceCd=110&Type=search", "url2": "www.satonokaze.jp/" }, "geometry": { "type": "Point", "coordinates": [ 131.6153243, 33.2276675 ] } },
{ "type": "Feature", "properties": { "内容": "特定非営利活動法人　絆【訪問介護】大分県大分市大字上宗方１７８０番地２７", "url": "https://www.kaigokensaku.mhlw.go.jp/44/index.php?action_kouhyou_detail_004_kani=true&JigyosyoCd=4470103997-00&ServiceCd=110&Type=search", "url2": "npokizunaoita.com" }, "geometry": { "type": "Point", "coordinates": [ 131.580022938644788, 33.2040646229106 ] } },
{ "type": "Feature", "properties": { "内容": "ケアライフおおいたヘルパーステーション【訪問介護】大分市大字光吉362番地nctビル2F", "url": "https://www.kaigokensaku.mhlw.go.jp/44/index.php?action_kouhyou_detail_004_kani=true&JigyosyoCd=4470106776-00&ServiceCd=110&Type=search", "url2": "http://nihon-caretec.com/" }, "geometry": { "type": "Point", "coordinates": [ 131.606113199999982, 33.2012472 ] } },
{ "type": "Feature", "properties": { "内容": "ホームヘルパーステーション　なでしこ【訪問介護】大分県大分市牧2丁目7番26号", "url": "https://www.kaigokensaku.mhlw.go.jp/44/index.php?action_kouhyou_detail_004_kani=true&JigyosyoCd=4470102015-00&ServiceCd=110&Type=search", "url2": null }, "geometry": { "type": "Point", "coordinates": [ 131.640113095952302, 33.238556067513059 ] } },
{ "type": "Feature", "properties": { "内容": "ケアセンターゆぅゆぅ【訪問介護】大分県大分市田中町二丁目３番３２号植木コーポ201", "url": "https://www.kaigokensaku.mhlw.go.jp/44/index.php?action_kouhyou_detail_004_kani=true&JigyosyoCd=4470102320-00&ServiceCd=110&Type=search", "url2": null }, "geometry": { "type": "Point", "coordinates": [ 131.590721128836122, 33.210756963642659 ] } },
{ "type": "Feature", "properties": { "内容": "訪問介護ステーション四ツ葉【訪問介護】大字野津原903-1朝風館203号", "url": "https://www.kaigokensaku.mhlw.go.jp/44/index.php?action_kouhyou_detail_004_kani=true&JigyosyoCd=4470104813-00&ServiceCd=110&Type=search", "url2": null }, "geometry": { "type": "Point", "coordinates": [ 131.529821699999957, 33.161782 ] } },
{ "type": "Feature", "properties": { "内容": "訪問介護ステーションとまと【訪問介護】大分県大分市大字城原字尾崎2551-9", "url": "https://www.kaigokensaku.mhlw.go.jp/44/index.php?action_kouhyou_detail_004_kani=true&JigyosyoCd=4470106560-00&ServiceCd=110&Type=search", "url2": "http://oita-tomato.com" }, "geometry": { "type": "Point", "coordinates": [ 131.72389894666594, 33.239712485690369 ] } },
{ "type": "Feature", "properties": { "内容": "有限会社プロサービス【訪問介護】大字入蔵774番地", "url": "https://www.kaigokensaku.mhlw.go.jp/44/index.php?action_kouhyou_detail_004_kani=true&JigyosyoCd=4470105364-00&ServiceCd=110&Type=search", "url2": null }, "geometry": { "type": "Point", "coordinates": [ 131.537876800000049, 33.1529777 ] } },
{ "type": "Feature", "properties": { "内容": "ヘルパーステーションめぐみ【訪問介護】大分市千歳1770番地5", "url": "https://www.kaigokensaku.mhlw.go.jp/44/index.php?action_kouhyou_detail_004_kani=true&JigyosyoCd=4470104383-00&ServiceCd=110&Type=search", "url2": "https://meguminokai.co.jp" }, "geometry": { "type": "Point", "coordinates": [ 131.668915521581624, 33.237892042609715 ] } },
{ "type": "Feature", "properties": { "内容": "ヘルパーステーション笑楽【訪問介護】大分県大分市猪野西原1097番地の1住宅型有料老人ホームかがやき", "url": "https://www.kaigokensaku.mhlw.go.jp/44/index.php?action_kouhyou_detail_004_kani=true&JigyosyoCd=4470107279-00&ServiceCd=110&Type=search", "url2": null }, "geometry": { "type": "Point", "coordinates": [ 131.665537287859053, 33.227140539332979 ] } },
{ "type": "Feature", "properties": { "内容": "ヘルパーステーション実の里【訪問介護】大分県大分市大字三芳642番地", "url": "https://www.kaigokensaku.mhlw.go.jp/44/index.php?action_kouhyou_detail_004_kani=true&JigyosyoCd=4470104086-00&ServiceCd=110&Type=search", "url2": "https://www.shikisai-oita.com/" }, "geometry": { "type": "Point", "coordinates": [ 131.592471180135107, 33.225801684169383 ] } },
{ "type": "Feature", "properties": { "内容": "ヘルパーステーション　　愉里【訪問介護】大分県大分市大字片島750番地", "url": "https://www.kaigokensaku.mhlw.go.jp/44/index.php?action_kouhyou_detail_004_kani=true&JigyosyoCd=4470103948-00&ServiceCd=110&Type=search", "url2": null }, "geometry": { "type": "Point", "coordinates": [ 131.624643200000037, 33.2136334 ] } },
{ "type": "Feature", "properties": { "内容": "ヘルパーステーションゆりかご【訪問介護】大分県大分市大字本神崎73-1", "url": "https://www.kaigokensaku.mhlw.go.jp/44/index.php?action_kouhyou_detail_004_kani=true&JigyosyoCd=4472400151-00&ServiceCd=110&Type=search", "url2": null }, "geometry": { "type": "Point", "coordinates": [ 131.791339599999986, 33.240207599999984 ] } },
{ "type": "Feature", "properties": { "内容": "アイリスおおいたホームヘルプサービス【訪問介護】大分県大分市大字横尾4451番地の8", "url": "https://www.kaigokensaku.mhlw.go.jp/44/index.php?action_kouhyou_detail_004_kani=true&JigyosyoCd=4470101512-00&ServiceCd=110&Type=search", "url2": "http://www.niji-iris.com/" }, "geometry": { "type": "Point", "coordinates": [ 131.648646, 33.2167973 ] } },
{ "type": "Feature", "properties": { "内容": "指定訪問介護事業所　白水長久苑【訪問介護】大分県大分市大字横尾字大原1897番地2", "url": "https://www.kaigokensaku.mhlw.go.jp/44/index.php?action_kouhyou_detail_004_kani=true&JigyosyoCd=4470100761-00&ServiceCd=110&Type=search", "url2": "https://chokyuen.jp/" }, "geometry": { "type": "Point", "coordinates": [ 131.664719783236848, 33.205061588816378 ] } },
{ "type": "Feature", "properties": { "内容": "百華苑ヘルパーステーション【訪問介護】大分県大分市大字東上野字五両1800番地", "url": "https://www.kaigokensaku.mhlw.go.jp/44/index.php?action_kouhyou_detail_004_kani=true&JigyosyoCd=4470101223-00&ServiceCd=110&Type=search", "url2": "https://hyakkaen.or.jp" }, "geometry": { "type": "Point", "coordinates": [ 131.7755732, 33.2184081 ] } },
{ "type": "Feature", "properties": { "内容": "ヘルパーステーション明治清流苑【訪問介護】大分県大分市大字猪野729番地1", "url": "https://www.kaigokensaku.mhlw.go.jp/44/index.php?action_kouhyou_detail_004_kani=true&JigyosyoCd=4470110679-00&ServiceCd=110&Type=search", "url2": "http://www.seiryu-kyousei.org" }, "geometry": { "type": "Point", "coordinates": [ 131.669039700000013, 33.232160100000037 ] } },
{ "type": "Feature", "properties": { "内容": "大分市ホームヘルパーステーションさざんか【訪問介護】大分県大分市金池南一丁目８番１６号", "url": "https://www.kaigokensaku.mhlw.go.jp/44/index.php?action_kouhyou_detail_004_kani=true&JigyosyoCd=4470100555-00&ServiceCd=110&Type=search", "url2": "http://www.oita-syakyo.jp" }, "geometry": { "type": "Point", "coordinates": [ 131.607339, 33.230578 ] } },
{ "type": "Feature", "properties": { "内容": "大分市ホームヘルパーステーションさざんか佐賀関事業所【訪問介護】大分県大分市大字佐賀関869番地4", "url": "https://www.kaigokensaku.mhlw.go.jp/44/index.php?action_kouhyou_detail_004_kani=true&JigyosyoCd=4472400052-00&ServiceCd=110&Type=search", "url2": "http://www.oita-syakyo.jp" }, "geometry": { "type": "Point", "coordinates": [ 131.868546899999956, 33.248731300000031 ] } },
{ "type": "Feature", "properties": { "内容": "緑風苑ホームヘルプサービス【訪問介護】大分県大分市下郡山の手2番16号", "url": "https://www.kaigokensaku.mhlw.go.jp/44/index.php?action_kouhyou_detail_004_kani=true&JigyosyoCd=4470100944-00&ServiceCd=110&Type=search", "url2": "http//syouzankai.jp/ryokufu-en/" }, "geometry": { "type": "Point", "coordinates": [ 131.6385386, 33.2210721 ] } },
{ "type": "Feature", "properties": { "内容": "指定訪問介護事業所柞原の里【訪問介護】大分県大分市大字八幡320番地の1", "url": "https://www.kaigokensaku.mhlw.go.jp/44/index.php?action_kouhyou_detail_004_kani=true&JigyosyoCd=4470100993-00&ServiceCd=110&Type=search", "url2": "http：//yusuhara.org/" }, "geometry": { "type": "Point", "coordinates": [ 131.5583523, 33.2337146 ] } },
{ "type": "Feature", "properties": { "内容": "ヘルパーステーションめいわ【訪問介護】大分県大分市花津留1丁目11-15有料老人ホームめいわの里　福寿内", "url": "https://www.kaigokensaku.mhlw.go.jp/44/index.php?action_kouhyou_detail_004_kani=true&JigyosyoCd=4470111107-00&ServiceCd=110&Type=search", "url2": "http://www.meiwa-hp.jp" }, "geometry": { "type": "Point", "coordinates": [ 131.632869, 33.2453837 ] } },
{ "type": "Feature", "properties": { "内容": "株式会社　椋の樹【訪問介護】大分県大分市大字角子原字花田870番地有料老人ホーム椋の樹", "url": "https://www.kaigokensaku.mhlw.go.jp/44/index.php?action_kouhyou_detail_004_kani=true&JigyosyoCd=4470107840-00&ServiceCd=110&Type=search", "url2": "http://mukunoki-oita.com/" }, "geometry": { "type": "Point", "coordinates": [ 131.711808618385334, 33.24541589139816 ] } },
{ "type": "Feature", "properties": { "内容": "天心堂ホームヘルパーステーションたんぽぽ戸次事業所【訪問介護】大分県大分市大字中戸次字寺ノ内5111－1ケアモール天心堂", "url": "https://www.kaigokensaku.mhlw.go.jp/44/index.php?action_kouhyou_detail_004_kani=true&JigyosyoCd=4470103831-00&ServiceCd=110&Type=search", "url2": "https://www.tenshindo.org" }, "geometry": { "type": "Point", "coordinates": [ 131.655105610698001, 33.151513659713935 ] } },
{ "type": "Feature", "properties": { "内容": "ヘルパーステーション　トレイン【訪問介護】大分県大分市関園119-1シャルム小野A101", "url": "https://www.kaigokensaku.mhlw.go.jp/44/index.php?action_kouhyou_detail_004_kani=true&JigyosyoCd=4470109523-00&ServiceCd=110&Type=search", "url2": "https://www.local-train.jp/" }, "geometry": { "type": "Point", "coordinates": [ 131.69131516560671, 33.223332227333486 ] } },
{ "type": "Feature", "properties": { "内容": "ケアライフ大在ヘルパーステーション【訪問介護】大分県大分市大字城原648-1", "url": "https://www.kaigokensaku.mhlw.go.jp/44/index.php?action_kouhyou_detail_004_kani=true&JigyosyoCd=4470112485-00&ServiceCd=110&Type=search", "url2": "https://bestlife1165.com" }, "geometry": { "type": "Point", "coordinates": [ 131.73348009751308, 33.234433210498409 ] } },
{ "type": "Feature", "properties": { "内容": "泰生の里ヘルパー・ステーション「ソポルテ別府」【訪問介護】大分県別府市大字鶴見字中山田1068番地の1", "url": "https://www.kaigokensaku.mhlw.go.jp/44/index.php?action_kouhyou_detail_004_kani=true&JigyosyoCd=4470200447-00&ServiceCd=110&Type=search", "url2": "http://www.wellb.or.jp/" }, "geometry": { "type": "Point", "coordinates": [ 131.4808481, 33.3017985 ] } },
{ "type": "Feature", "properties": { "内容": "偕楽園指定訪問介護事業所【訪問介護】大分県別府市南荘園町25組", "url": "https://www.kaigokensaku.mhlw.go.jp/44/index.php?action_kouhyou_detail_004_kani=true&JigyosyoCd=4470201452-00&ServiceCd=110&Type=search", "url2": "www.kairakuen-sunny.com/" }, "geometry": { "type": "Point", "coordinates": [ 131.479820300000029, 33.2873807 ] } },
{ "type": "Feature", "properties": { "内容": "有限会社　昭和看護婦家政婦紹介所【訪問介護】大分県別府市光町１１の３２", "url": "https://www.kaigokensaku.mhlw.go.jp/44/index.php?action_kouhyou_detail_004_kani=true&JigyosyoCd=4470200769-00&ServiceCd=110&Type=search", "url2": "showa.231496@yahoo.co.jp" }, "geometry": { "type": "Point", "coordinates": [ 131.498763199999985, 33.2749462 ] } },
{ "type": "Feature", "properties": { "内容": "一燈園ホームヘルプサービス浜脇ステーション【訪問介護】大分県別府市浜脇1丁目9番3号", "url": "https://www.kaigokensaku.mhlw.go.jp/44/index.php?action_kouhyou_detail_004_kani=true&JigyosyoCd=4470201098-00&ServiceCd=110&Type=search", "url2": "http//www.ittouen.jp/" }, "geometry": { "type": "Point", "coordinates": [ 131.507931699999972, 33.2693302 ] } },
{ "type": "Feature", "properties": { "内容": "茶寿苑訪問介護サービス事業【訪問介護】大分県別府市大字鉄輪1050番地", "url": "https://www.kaigokensaku.mhlw.go.jp/44/index.php?action_kouhyou_detail_004_kani=true&JigyosyoCd=4470200629-00&ServiceCd=110&Type=search", "url2": "http://ｓａｊｕｅｎ.ｊｐ/" }, "geometry": { "type": "Point", "coordinates": [ 131.478642700000023, 33.3173914 ] } },
{ "type": "Feature", "properties": { "内容": "アイリス別府ホームヘルプサービス【訪問介護】大分県別府市観海寺3組", "url": "https://www.kaigokensaku.mhlw.go.jp/44/index.php?action_kouhyou_detail_004_kani=true&JigyosyoCd=4470202583-00&ServiceCd=110&Type=search", "url2": "http://www.niji-iris.com/" }, "geometry": { "type": "Point", "coordinates": [ 131.476784273155232, 33.281747214412313 ] } },
{ "type": "Feature", "properties": { "内容": "ホームヘルパーステーション　さかもと【訪問介護】大分県別府市荘園町6-3", "url": "https://www.kaigokensaku.mhlw.go.jp/44/index.php?action_kouhyou_detail_004_kani=true&JigyosyoCd=4470200801-00&ServiceCd=110&Type=search", "url2": null }, "geometry": { "type": "Point", "coordinates": [ 131.490152800000033, 33.2917081 ] } },
{ "type": "Feature", "properties": { "内容": "ヘルパーステーションこころ【訪問介護】大分県別府市大字鶴見１９５１番地の９８", "url": "https://www.kaigokensaku.mhlw.go.jp/44/index.php?action_kouhyou_detail_004_kani=true&JigyosyoCd=4470203292-00&ServiceCd=110&Type=search", "url2": null }, "geometry": { "type": "Point", "coordinates": [ 131.46327843596805, 33.298288432460971 ] } },
{ "type": "Feature", "properties": { "内容": "別府市社会福祉協議会指定訪問介護事業所【訪問介護】大分県別府市上田の湯町15番40号", "url": "https://www.kaigokensaku.mhlw.go.jp/44/index.php?action_kouhyou_detail_004_kani=true&JigyosyoCd=4470200314-00&ServiceCd=110&Type=search", "url2": "http://beppu-shakyo.or.jp/" }, "geometry": { "type": "Point", "coordinates": [ 131.4943525, 33.2795234 ] } },
{ "type": "Feature", "properties": { "内容": "有限会社ライフサービス【訪問介護】大分県別府市大字鶴見3043番地の6", "url": "https://www.kaigokensaku.mhlw.go.jp/44/index.php?action_kouhyou_detail_004_kani=true&JigyosyoCd=4470201577-00&ServiceCd=110&Type=search", "url2": null }, "geometry": { "type": "Point", "coordinates": [ 131.480233228787142, 33.308233184951597 ] } },
{ "type": "Feature", "properties": { "内容": "合同会社UENO【訪問介護】大分県別府市大字南立石2170番地の24", "url": "https://www.kaigokensaku.mhlw.go.jp/44/index.php?action_kouhyou_detail_004_kani=true&JigyosyoCd=4470202567-00&ServiceCd=110&Type=search", "url2": null }, "geometry": { "type": "Point", "coordinates": [ 131.479354577909817, 33.286880591942847 ] } },
{ "type": "Feature", "properties": { "内容": "訪問介護ステーション　エミアス鉄輪【訪問介護】大分県別府市鉄輪御幸9組", "url": "https://www.kaigokensaku.mhlw.go.jp/44/index.php?action_kouhyou_detail_004_kani=true&JigyosyoCd=4470202963-00&ServiceCd=110&Type=search", "url2": "http://www.bls-oita.co.jp/" }, "geometry": { "type": "Point", "coordinates": [ 131.474665498672493, 33.31666821017896 ] } },
{ "type": "Feature", "properties": { "内容": "ホームヘルプセンターたいよう【訪問介護】大分県別府市大字内竈1393番2", "url": "https://www.kaigokensaku.mhlw.go.jp/44/index.php?action_kouhyou_detail_004_kani=true&JigyosyoCd=4472200569-00&ServiceCd=110&Type=search", "url2": "http://www.taiyonoie.or.jp" }, "geometry": { "type": "Point", "coordinates": [ 131.4892251, 33.3312458 ] } },
{ "type": "Feature", "properties": { "内容": "ライフケア【訪問介護】大分県別府市元町5番18号", "url": "https://www.kaigokensaku.mhlw.go.jp/44/index.php?action_kouhyou_detail_004_kani=true&JigyosyoCd=4470203466-00&ServiceCd=110&Type=search", "url2": null }, "geometry": { "type": "Point", "coordinates": [ 131.504667599999948, 33.2774037 ] } },
{ "type": "Feature", "properties": { "内容": "静雲荘指定訪問介護事業所【訪問介護】大分県別府市石垣西７－１－３７石垣西ビル　１０２号室", "url": "https://www.kaigokensaku.mhlw.go.jp/44/index.php?action_kouhyou_detail_004_kani=true&JigyosyoCd=4470200405-00&ServiceCd=110&Type=search", "url2": "http://seiunso.com/" }, "geometry": { "type": "Point", "coordinates": [ 131.494834, 33.30081830000001 ] } },
{ "type": "Feature", "properties": { "内容": "ホームヘルパーステーション紫苑【訪問介護】大分県別府市大字鶴見字下原4235番10-1", "url": "https://www.kaigokensaku.mhlw.go.jp/44/index.php?action_kouhyou_detail_004_kani=true&JigyosyoCd=4470200868-00&ServiceCd=110&Type=search", "url2": null }, "geometry": { "type": "Point", "coordinates": [ 131.483306919346944, 33.295286988330552 ] } },
{ "type": "Feature", "properties": { "内容": "訪問介護事業所　和～のどか【訪問介護】大分県別府市鶴見7組-3日小田アパート1F", "url": "https://www.kaigokensaku.mhlw.go.jp/44/index.php?action_kouhyou_detail_004_kani=true&JigyosyoCd=4470203383-00&ServiceCd=110&Type=search", "url2": null }, "geometry": { "type": "Point", "coordinates": [ 131.482447900000011, 33.2962325 ] } },
{ "type": "Feature", "properties": { "内容": "合同福祉サービス【訪問介護】大分県別府市実相寺3組5", "url": "https://www.kaigokensaku.mhlw.go.jp/44/index.php?action_kouhyou_detail_004_kani=true&JigyosyoCd=4470203193-00&ServiceCd=110&Type=search", "url2": "www.gotaku.com" }, "geometry": { "type": "Point", "coordinates": [ 131.490324832540864, 33.300003330429526 ] } },
{ "type": "Feature", "properties": { "内容": "ヘルパーステーション　あやめ【訪問介護】大分県別府市浜脇２丁目３－３", "url": "https://www.kaigokensaku.mhlw.go.jp/44/index.php?action_kouhyou_detail_004_kani=true&JigyosyoCd=4470201411-00&ServiceCd=110&Type=search", "url2": "http://hamawakimhp.com" }, "geometry": { "type": "Point", "coordinates": [ 131.507559600000036, 33.2693579 ] } },
{ "type": "Feature", "properties": { "内容": "ケアライフおおいた別府ヘルパーステーション【訪問介護】大分県別府市亀川四の湯2区1－5", "url": "https://www.kaigokensaku.mhlw.go.jp/44/index.php?action_kouhyou_detail_004_kani=true&JigyosyoCd=4470201353-00&ServiceCd=110&Type=search", "url2": "http://nihon-caretec.com/" }, "geometry": { "type": "Point", "coordinates": [ 131.491218429608125, 33.316964847186874 ] } },
{ "type": "Feature", "properties": { "内容": "ヘルパーステーションあい【訪問介護】大分県別府市石垣東7丁目1番36号BMマンション1階", "url": "https://www.kaigokensaku.mhlw.go.jp/44/index.php?action_kouhyou_detail_004_kani=true&JigyosyoCd=4470203573-00&ServiceCd=110&Type=search", "url2": "ai.helper.st@gmail.com" }, "geometry": { "type": "Point", "coordinates": [ 131.499452973262692, 33.299679340235379 ] } },
{ "type": "Feature", "properties": { "内容": "訪問介護ステーションはるかぜ【訪問介護】大分県別府市大字鶴見字五反4136番地の2", "url": "https://www.kaigokensaku.mhlw.go.jp/44/index.php?action_kouhyou_detail_004_kani=true&JigyosyoCd=4470200173-00&ServiceCd=110&Type=search", "url2": "http://www.harukaze.or.jp" }, "geometry": { "type": "Point", "coordinates": [ 131.479155550648557, 33.29935631104037 ] } },
{ "type": "Feature", "properties": { "内容": "訪問介護ステーション　Amie【訪問介護】大分県別府市竹の内10組", "url": "https://www.kaigokensaku.mhlw.go.jp/44/index.php?action_kouhyou_detail_004_kani=true&JigyosyoCd=4470203409-00&ServiceCd=110&Type=search", "url2": "http://hp.kaipoke.biz/ghd/" }, "geometry": { "type": "Point", "coordinates": [ 131.469408499999986, 33.3077525 ] } },
{ "type": "Feature", "properties": { "内容": "いまじんヘルパーステーション別府朝見【訪問介護】大分県別府市朝見3丁目3955番2", "url": "https://www.kaigokensaku.mhlw.go.jp/44/index.php?action_kouhyou_detail_004_kani=true&JigyosyoCd=4470202443-00&ServiceCd=110&Type=search", "url2": "http://f-imagine.net/" }, "geometry": { "type": "Point", "coordinates": [ 131.490869400000065, 33.2719021 ] } },
{ "type": "Feature", "properties": { "内容": "ケアステーションかんなわ【訪問介護】大分県別府市北中２組", "url": "https://www.kaigokensaku.mhlw.go.jp/44/index.php?action_kouhyou_detail_004_kani=true&JigyosyoCd=4470202021-00&ServiceCd=110&Type=search", "url2": null }, "geometry": { "type": "Point", "coordinates": [ 131.4762402, 33.3142167 ] } },
{ "type": "Feature", "properties": { "内容": "訪問介護事業所tetote【訪問介護】別府市弓ヶ浜町1番28号別府コージェマンション301号室別府コージェマンション301号室", "url": "https://www.kaigokensaku.mhlw.go.jp/44/index.php?action_kouhyou_detail_004_kani=true&JigyosyoCd=4470203649-00&ServiceCd=110&Type=search", "url2": "https://tetote.care" }, "geometry": { "type": "Point", "coordinates": [ 131.501947399999978, 33.2851852 ] } },
{ "type": "Feature", "properties": { "内容": "ローズガーデンヘルパーステーション【訪問介護】大分県別府市野口元町1770番地6の2リル・アリュール103号室", "url": "https://www.kaigokensaku.mhlw.go.jp/44/index.php?action_kouhyou_detail_004_kani=true&JigyosyoCd=4470202922-00&ServiceCd=110&Type=search", "url2": "http://www.nihoukai.com/contact.html" }, "geometry": { "type": "Point", "coordinates": [ 131.499690335485667, 33.281797229106523 ] } },
{ "type": "Feature", "properties": { "内容": "ヘルパーステーション　ライブケア【訪問介護】大分県別府市田の湯町9番27号サンケイビル1F", "url": "https://www.kaigokensaku.mhlw.go.jp/44/index.php?action_kouhyou_detail_004_kani=true&JigyosyoCd=4470202195-00&ServiceCd=110&Type=search", "url2": null }, "geometry": { "type": "Point", "coordinates": [ 131.498399400000039, 33.2792068 ] } },
{ "type": "Feature", "properties": { "内容": "カンキ福祉サービス【訪問介護】大分県別府市石垣西5丁目6番29号", "url": "https://www.kaigokensaku.mhlw.go.jp/44/index.php?action_kouhyou_detail_004_kani=true&JigyosyoCd=4470201064-00&ServiceCd=110&Type=search", "url2": null }, "geometry": { "type": "Point", "coordinates": [ 131.491572100000013, 33.296458 ] } },
{ "type": "Feature", "properties": { "内容": "ヘルパーステーション　ゲンジョウ【訪問介護】大分県別府市小倉4－3", "url": "https://www.kaigokensaku.mhlw.go.jp/44/index.php?action_kouhyou_detail_004_kani=true&JigyosyoCd=4470200777-00&ServiceCd=110&Type=search", "url2": "rouran-beppu.com/genjo/genjo.html" }, "geometry": { "type": "Point", "coordinates": [ 131.464928219334013, 33.307816993733248 ] } },
{ "type": "Feature", "properties": { "内容": "和幸苑指定訪問介護事業所【訪問介護】大分県別府市亀川東町8番20号", "url": "https://www.kaigokensaku.mhlw.go.jp/44/index.php?action_kouhyou_detail_004_kani=true&JigyosyoCd=4470200280-00&ServiceCd=110&Type=search", "url2": null }, "geometry": { "type": "Point", "coordinates": [ 131.497477200000048, 33.3245716 ] } },
{ "type": "Feature", "properties": { "内容": "白梅の花訪問介護ステーション【訪問介護】大分県別府市青山町2-9", "url": "https://www.kaigokensaku.mhlw.go.jp/44/index.php?action_kouhyou_detail_004_kani=true&JigyosyoCd=4470202369-00&ServiceCd=110&Type=search", "url2": null }, "geometry": { "type": "Point", "coordinates": [ 131.492416361021924, 33.276185553090009 ] } },
{ "type": "Feature", "properties": { "内容": "訪問介護サービスセンター　なの花【訪問介護】大分県別府市大字鶴見3256番地の1", "url": "https://www.kaigokensaku.mhlw.go.jp/44/index.php?action_kouhyou_detail_004_kani=true&JigyosyoCd=4470200215-00&ServiceCd=110&Type=search", "url2": null }, "geometry": { "type": "Point", "coordinates": [ 131.4808481, 33.3017985 ] } },
{ "type": "Feature", "properties": { "内容": "ヘルパーステーションたけい【訪問介護】大分県別府市幸町11番24号", "url": "https://www.kaigokensaku.mhlw.go.jp/44/index.php?action_kouhyou_detail_004_kani=true&JigyosyoCd=4470203144-00&ServiceCd=110&Type=search", "url2": "http://www.takei3411.com/" }, "geometry": { "type": "Point", "coordinates": [ 131.49686259206544, 33.288189548598233 ] } },
{ "type": "Feature", "properties": { "内容": "ヘルパーステーション浜脇【訪問介護】大分県別府市浜脇1丁目4079番2シーサイドヒルズ駅前305", "url": "https://www.kaigokensaku.mhlw.go.jp/44/index.php?action_kouhyou_detail_004_kani=true&JigyosyoCd=4470203664-00&ServiceCd=110&Type=search", "url2": "https://www.sephaid-memory.co.jp/facility/" }, "geometry": { "type": "Point", "coordinates": [ 131.5106528, 33.2700976 ] } },
{ "type": "Feature", "properties": { "内容": "訪問介護ステーション　里庵【訪問介護】大分県別府市石垣西9丁目1番38号", "url": "https://www.kaigokensaku.mhlw.go.jp/44/index.php?action_kouhyou_detail_004_kani=true&JigyosyoCd=4470203201-00&ServiceCd=110&Type=search", "url2": null }, "geometry": { "type": "Point", "coordinates": [ 131.494602828033379, 33.303607395114277 ] } },
{ "type": "Feature", "properties": { "内容": "介護サービスLINK【訪問介護】大分県別府市北浜２丁目７番３１号もず屋ビル３０５号", "url": "https://www.kaigokensaku.mhlw.go.jp/44/index.php?action_kouhyou_detail_004_kani=true&JigyosyoCd=4470203623-00&ServiceCd=110&Type=search", "url2": "http://awesomevoice.info" }, "geometry": { "type": "Point", "coordinates": [ 131.50466357301633, 33.279922148640154 ] } },
{ "type": "Feature", "properties": { "内容": "ヘルパーステーションむーみん【訪問介護】大分県別府市立田町3543番地6", "url": "https://www.kaigokensaku.mhlw.go.jp/44/index.php?action_kouhyou_detail_004_kani=true&JigyosyoCd=4470203672-00&ServiceCd=110&Type=search", "url2": null }, "geometry": { "type": "Point", "coordinates": [ 131.5022167, 33.2720688 ] } },
{ "type": "Feature", "properties": { "内容": "合同会社原田カンパニー　訪問介護ステーション心ichi【訪問介護】大分県別府市亀川中央町12-12伊田ビル3号", "url": "https://www.kaigokensaku.mhlw.go.jp/44/index.php?action_kouhyou_detail_004_kani=true&JigyosyoCd=4470203482-00&ServiceCd=110&Type=search", "url2": null }, "geometry": { "type": "Point", "coordinates": [ 131.4942519, 33.3266919 ] } },
{ "type": "Feature", "properties": { "内容": "特定非営利活動法人ゆぴあ【訪問介護】大分県別府市北浜2丁目10-19グランメールビル3F", "url": "https://www.kaigokensaku.mhlw.go.jp/44/index.php?action_kouhyou_detail_004_kani=true&JigyosyoCd=4470203805-00&ServiceCd=110&Type=search", "url2": "https://yupia615459087.wordpress.com/" }, "geometry": { "type": "Point", "coordinates": [ 131.5066497, 33.2803494 ] } },
{ "type": "Feature", "properties": { "内容": "別府市医師会ヘルパーステーション【訪問介護】大分県別府市上田の湯町１０番５号別府市医師会館", "url": "https://www.kaigokensaku.mhlw.go.jp/44/index.php?action_kouhyou_detail_004_kani=true&JigyosyoCd=4470200884-00&ServiceCd=110&Type=search", "url2": "http://ｗｗｗ.ｂｅｐｐｕ-ｍｅｄ.ｏｒ/ｊｐ/" }, "geometry": { "type": "Point", "coordinates": [ 131.494608, 33.277843 ] } },
{ "type": "Feature", "properties": { "内容": "笑叶【訪問介護】大分県別府市大字内竈字中無田１１９１番地藤内アパートA-東", "url": "https://www.kaigokensaku.mhlw.go.jp/44/index.php?action_kouhyou_detail_004_kani=true&JigyosyoCd=4470203862-00&ServiceCd=110&Type=search", "url2": null }, "geometry": { "type": "Point", "coordinates": [ 131.4868928, 33.3364251 ] } },
{ "type": "Feature", "properties": { "内容": "指定居宅訪問介護事業所福祉の森【訪問介護】大分県別府市上平田町１１組", "url": "https://www.kaigokensaku.mhlw.go.jp/44/index.php?action_kouhyou_detail_004_kani=true&JigyosyoCd=4470202005-00&ServiceCd=110&Type=search", "url2": "http://betsufukukai.com" }, "geometry": { "type": "Point", "coordinates": [ 131.487630800000034, 33.3128197 ] } },
{ "type": "Feature", "properties": { "内容": "はるうららヘルパーサービス【訪問介護】大分県別府市大字北石垣字竹ノ畑47番地1パークヒルズ別府レジデンス８０７", "url": "https://www.kaigokensaku.mhlw.go.jp/44/index.php?action_kouhyou_detail_004_kani=true&JigyosyoCd=4470203912-00&ServiceCd=110&Type=search", "url2": null }, "geometry": { "type": "Point", "coordinates": [ 131.4903415, 33.312339 ] } },
{ "type": "Feature", "properties": { "内容": "To-Be【訪問介護】大分県別府市若草町10番15号共立ビル3階302-4号", "url": "https://www.kaigokensaku.mhlw.go.jp/44/index.php?action_kouhyou_detail_004_kani=true&JigyosyoCd=4470203920-00&ServiceCd=110&Type=search", "url2": "https：//nextbeppu.jp/company/" }, "geometry": { "type": "Point", "coordinates": [ 131.5024071, 33.2916319 ] } },
{ "type": "Feature", "properties": { "内容": "ヘルパーステーションシアン【訪問介護】大分県別府市楠町7番29号協栄コート1階", "url": "https://www.kaigokensaku.mhlw.go.jp/44/index.php?action_kouhyou_detail_004_kani=true&JigyosyoCd=4470203938-00&ServiceCd=110&Type=search", "url2": "https://next-value.com" }, "geometry": { "type": "Point", "coordinates": [ 131.5045992, 33.2752186 ] } },
{ "type": "Feature", "properties": { "内容": "ヘルパーステーション　マイウェイ【訪問介護】大分県別府市石垣西2丁目2番13号", "url": "https://www.kaigokensaku.mhlw.go.jp/44/index.php?action_kouhyou_detail_004_kani=true&JigyosyoCd=4470201932-00&ServiceCd=110&Type=search", "url2": "https://www.beppu-myway.jp/" }, "geometry": { "type": "Point", "coordinates": [ 131.494159482803298, 33.291190938209297 ] } },
{ "type": "Feature", "properties": { "内容": "アンジュ別府ヘルパーステーション【訪問介護】大分県別府市大字鉄輪６７１番地住宅型有料老人ホーム　アンジュ別府", "url": "https://www.kaigokensaku.mhlw.go.jp/44/index.php?action_kouhyou_detail_004_kani=true&JigyosyoCd=4470202450-00&ServiceCd=110&Type=search", "url2": "http://www.anju-beppu.jp" }, "geometry": { "type": "Point", "coordinates": [ 131.4760235, 33.3175441 ] } },
{ "type": "Feature", "properties": { "内容": "ケアセンターつなぐ【訪問介護】大分県別府市石垣東7丁目2－24岡山ビル1階", "url": "https://www.kaigokensaku.mhlw.go.jp/44/index.php?action_kouhyou_detail_004_kani=true&JigyosyoCd=4470203433-00&ServiceCd=110&Type=search", "url2": null }, "geometry": { "type": "Point", "coordinates": [ 131.496080200000051, 33.2997849 ] } },
{ "type": "Feature", "properties": { "内容": "ヘルパーステーション大観苑【訪問介護】大分県別府市鉄輪東8組", "url": "https://www.kaigokensaku.mhlw.go.jp/44/index.php?action_kouhyou_detail_004_kani=true&JigyosyoCd=4470201221-00&ServiceCd=110&Type=search", "url2": "http://www.daikanen.jp" }, "geometry": { "type": "Point", "coordinates": [ 131.483234, 33.3177747 ] } },
{ "type": "Feature", "properties": { "内容": "ほうもんかいごすて-しょん　ゆうか【訪問介護】大分県別府市野口中町１６番１２号さつきビル２階", "url": "https://www.kaigokensaku.mhlw.go.jp/44/index.php?action_kouhyou_detail_004_kani=true&JigyosyoCd=4470202153-00&ServiceCd=110&Type=search", "url2": "ＵＲＬ：http://www.refly.co.jp" }, "geometry": { "type": "Point", "coordinates": [ 131.497002723298863, 33.283549944480043 ] } },
{ "type": "Feature", "properties": { "内容": "こねん訪問介護事業所【訪問介護】大分県別府市千代町４番１５号イトービル１Ｆ", "url": "https://www.kaigokensaku.mhlw.go.jp/44/index.php?action_kouhyou_detail_004_kani=true&JigyosyoCd=4470203524-00&ServiceCd=110&Type=search", "url2": "http://konen.jp/" }, "geometry": { "type": "Point", "coordinates": [ 131.505790499999989, 33.2745959 ] } },
{ "type": "Feature", "properties": { "内容": "ヘルパーステーションべっぷ【訪問介護】大分県別府市内竈11組１", "url": "https://www.kaigokensaku.mhlw.go.jp/44/index.php?action_kouhyou_detail_004_kani=true&JigyosyoCd=4470203722-00&ServiceCd=110&Type=search", "url2": null }, "geometry": { "type": "Point", "coordinates": [ 131.48223440000001, 33.3294117 ] } },
{ "type": "Feature", "properties": { "内容": "ヘルパーステーション　さんきゅう【訪問介護】大分県別府市南須賀町3番53号", "url": "https://www.kaigokensaku.mhlw.go.jp/44/index.php?action_kouhyou_detail_004_kani=true&JigyosyoCd=4470202872-00&ServiceCd=110&Type=search", "url2": null }, "geometry": { "type": "Point", "coordinates": [ 131.490520296344044, 33.303290207317083 ] } },
{ "type": "Feature", "properties": { "内容": "ひとさぽ【訪問介護】大分県別府市上人本町14番29号Ｔフラット2号室", "url": "https://www.kaigokensaku.mhlw.go.jp/44/index.php?action_kouhyou_detail_004_kani=true&JigyosyoCd=4472200767-00&ServiceCd=110&Type=search", "url2": "https://qoly.co.jp/" }, "geometry": { "type": "Point", "coordinates": [ 131.4990453, 33.3167931 ] } },
{ "type": "Feature", "properties": { "内容": "セントケア別府【訪問介護】大分県別府市石垣西4-5-12九十歩ビル1F", "url": "https://www.kaigokensaku.mhlw.go.jp/44/index.php?action_kouhyou_detail_004_kani=true&JigyosyoCd=4470202336-00&ServiceCd=110&Type=search", "url2": "http://www.saint-care.com" }, "geometry": { "type": "Point", "coordinates": [ 131.491588800000045, 33.294566 ] } },
{ "type": "Feature", "properties": { "内容": "ヘルパーステーションくろき【訪問介護】大分県別府市平田町2番2号", "url": "https://www.kaigokensaku.mhlw.go.jp/44/index.php?action_kouhyou_detail_004_kani=true&JigyosyoCd=4470202856-00&ServiceCd=110&Type=search", "url2": "http://www.kuroki-hp.or.jp" }, "geometry": { "type": "Point", "coordinates": [ 131.497468900000058, 33.3201942 ] } },
{ "type": "Feature", "properties": { "内容": "訪問介護事業所　ひまわり【訪問介護】大分県別府市中島町１７番６号", "url": "https://www.kaigokensaku.mhlw.go.jp/44/index.php?action_kouhyou_detail_004_kani=true&JigyosyoCd=4470200181-00&ServiceCd=110&Type=search", "url2": "http://www.hata.or.jp" }, "geometry": { "type": "Point", "coordinates": [ 131.491258300000027, 33.2759294 ] } },
{ "type": "Feature", "properties": { "内容": "ヘルパーステーション　陽だまり【訪問介護】大分県別府市北的ヶ浜町5番19号", "url": "https://www.kaigokensaku.mhlw.go.jp/44/index.php?action_kouhyou_detail_004_kani=true&JigyosyoCd=4470200959-00&ServiceCd=110&Type=search", "url2": null }, "geometry": { "type": "Point", "coordinates": [ 131.50398789999997, 33.2848978 ] } },
{ "type": "Feature", "properties": { "内容": "ヘルパーステーションうちだ【訪問介護】大分県別府市末広町３番１号", "url": "https://www.kaigokensaku.mhlw.go.jp/44/index.php?action_kouhyou_detail_004_kani=true&JigyosyoCd=4470201239-00&ServiceCd=110&Type=search", "url2": null }, "geometry": { "type": "Point", "coordinates": [ 131.502846099999942, 33.2735408 ] } },
{ "type": "Feature", "properties": { "内容": "ヘルパーステーションおぐら【訪問介護】大分県別府小倉45番91号", "url": "https://www.kaigokensaku.mhlw.go.jp/44/index.php?action_kouhyou_detail_004_kani=true&JigyosyoCd=4470202849-00&ServiceCd=110&Type=search", "url2": "http://ogura.link" }, "geometry": { "type": "Point", "coordinates": [ 131.459659989886887, 33.309139967478323 ] } },
{ "type": "Feature", "properties": { "内容": "青葉ケアセンター【訪問介護】大分県別府市石垣西３丁目２－５丸栄ビル１Ｆ", "url": "https://www.kaigokensaku.mhlw.go.jp/44/index.php?action_kouhyou_detail_004_kani=true&JigyosyoCd=4470202039-00&ServiceCd=110&Type=search", "url2": null }, "geometry": { "type": "Point", "coordinates": [ 131.494041399999986, 33.2922385 ] } },
{ "type": "Feature", "properties": { "内容": "ＪＡべっぷヘルパーステーション【訪問介護】大分県別府市大字鶴見４５番地の３", "url": "https://www.kaigokensaku.mhlw.go.jp/44/index.php?action_kouhyou_detail_004_kani=true&JigyosyoCd=4470201742-00&ServiceCd=110&Type=search", "url2": "https://bh-ja.com/" }, "geometry": { "type": "Point", "coordinates": [ 131.484468691468891, 33.310619424345177 ] } },
{ "type": "Feature", "properties": { "内容": "さわやかヘルパーステーション別府【訪問介護】大分県別府市堀田4-2さわやか別府の里", "url": "https://www.kaigokensaku.mhlw.go.jp/44/index.php?action_kouhyou_detail_004_kani=true&JigyosyoCd=4470201908-00&ServiceCd=110&Type=search", "url2": "https://www.sawayakaclub.jp/" }, "geometry": { "type": "Point", "coordinates": [ 131.458414688681813, 33.292404621427082 ] } },
{ "type": "Feature", "properties": { "内容": "ニチイケアセンター別府【訪問介護】大分県別府市山の手町1-31山の手店舗1F", "url": "https://www.kaigokensaku.mhlw.go.jp/44/index.php?action_kouhyou_detail_004_kani=true&JigyosyoCd=4470200199-00&ServiceCd=110&Type=search", "url2": null }, "geometry": { "type": "Point", "coordinates": [ 131.486984523137664, 33.280853291734324 ] } },
{ "type": "Feature", "properties": { "内容": "ヘルパーステーション福笑居【訪問介護】大分県別府市南荘園町20番1号", "url": "https://www.kaigokensaku.mhlw.go.jp/44/index.php?action_kouhyou_detail_004_kani=true&JigyosyoCd=4470201957-00&ServiceCd=110&Type=search", "url2": null }, "geometry": { "type": "Point", "coordinates": [ 131.479834804229768, 33.289923366782325 ] } },
{ "type": "Feature", "properties": { "内容": "ヘルパーステーションゆめ【訪問介護】大分県別府市北浜３丁目１番１７号つじよしビル２０４", "url": "https://www.kaigokensaku.mhlw.go.jp/44/index.php?action_kouhyou_detail_004_kani=true&JigyosyoCd=4470203342-00&ServiceCd=110&Type=search", "url2": null }, "geometry": { "type": "Point", "coordinates": [ 131.503993799999989, 33.2817545 ] } },
{ "type": "Feature", "properties": { "内容": "ヘルパーステーション巴【訪問介護】大分県別府市大字鉄輪828番地の6", "url": "https://www.kaigokensaku.mhlw.go.jp/44/index.php?action_kouhyou_detail_004_kani=true&JigyosyoCd=4470203631-00&ServiceCd=110&Type=search", "url2": null }, "geometry": { "type": "Point", "coordinates": [ 131.46752140000001, 33.3195649 ] } },
{ "type": "Feature", "properties": { "内容": "ヘルパーステーション　まどか【訪問介護】大分県別府市浜脇３丁目２番１０号", "url": "https://www.kaigokensaku.mhlw.go.jp/44/index.php?action_kouhyou_detail_004_kani=true&JigyosyoCd=4470203680-00&ServiceCd=110&Type=search", "url2": "ymg-oita.com" }, "geometry": { "type": "Point", "coordinates": [ 131.5045504, 33.2701136 ] } },
{ "type": "Feature", "properties": { "内容": "ヘルパーステーション偕楽園【訪問介護】大分県別府市南荘園町4番18号", "url": "https://www.kaigokensaku.mhlw.go.jp/44/index.php?action_kouhyou_detail_004_kani=true&JigyosyoCd=4470203136-00&ServiceCd=110&Type=search", "url2": "https://kikakukai.com" }, "geometry": { "type": "Point", "coordinates": [ 131.480627644913511, 33.287560070561433 ] } },
{ "type": "Feature", "properties": { "内容": "社会福祉ほうじんグリーンコープふくしサービスセンターたんぽぽ【訪問介護】大分県別府市石垣西7丁目4－7", "url": "https://www.kaigokensaku.mhlw.go.jp/44/index.php?action_kouhyou_detail_004_kani=true&JigyosyoCd=4470201619-00&ServiceCd=110&Type=search", "url2": null }, "geometry": { "type": "Point", "coordinates": [ 131.49135830000003, 33.299407099999982 ] } },
{ "type": "Feature", "properties": { "内容": "一燈園ホームヘルプサービス亀川ステーション【訪問介護】大分県別府市亀川中央町１９－１３", "url": "https://www.kaigokensaku.mhlw.go.jp/44/index.php?action_kouhyou_detail_004_kani=true&JigyosyoCd=4470200835-00&ServiceCd=110&Type=search", "url2": "http://www.ittouen.or.jp" }, "geometry": { "type": "Point", "coordinates": [ 131.493742848409937, 33.32700618431501 ] } },
{ "type": "Feature", "properties": { "内容": "一燈園ホームヘルプサービスステーション【訪問介護】大分県別府市石垣東3丁目726番地", "url": "https://www.kaigokensaku.mhlw.go.jp/44/index.php?action_kouhyou_detail_004_kani=true&JigyosyoCd=4470200223-00&ServiceCd=110&Type=search", "url2": "http://www.ittouen.or.jp/" }, "geometry": { "type": "Point", "coordinates": [ 131.497964920901495, 33.292804138905673 ] } },
{ "type": "Feature", "properties": { "内容": "第一あんしんサービス別府【訪問介護】大分県別府市石垣東9丁目2番20号", "url": "https://www.kaigokensaku.mhlw.go.jp/44/index.php?action_kouhyou_detail_004_kani=true&JigyosyoCd=4470201304-00&ServiceCd=110&Type=search", "url2": "anshin.0152.jp" }, "geometry": { "type": "Point", "coordinates": [ 131.498644, 33.3036539 ] } },
{ "type": "Feature", "properties": { "内容": "訪問介護さんさんの荘【訪問介護】大分県別府市東荘園3丁目6番20号", "url": "https://www.kaigokensaku.mhlw.go.jp/44/index.php?action_kouhyou_detail_004_kani=true&JigyosyoCd=4470202484-00&ServiceCd=110&Type=search", "url2": "https://beppu9.wixsite.com" }, "geometry": { "type": "Point", "coordinates": [ 131.487036002614303, 33.292697929890728 ] } },
{ "type": "Feature", "properties": { "内容": "ＮＰＯ法人たすけあい組織鼓楼【訪問介護】大分県別府市6-1-3", "url": "https://www.kaigokensaku.mhlw.go.jp/44/index.php?action_kouhyou_detail_004_kani=true&JigyosyoCd=4470200892-00&ServiceCd=110&Type=search", "url2": "http://koroh.x0.com/" }, "geometry": { "type": "Point", "coordinates": [ 131.469175827680942, 33.297144468338807 ] } },
{ "type": "Feature", "properties": { "内容": "特定非営利活動法人　自立支援センターおおいた【訪問介護】石垣東2丁目9-24", "url": "https://www.kaigokensaku.mhlw.go.jp/44/index.php?action_kouhyou_detail_004_kani=true&JigyosyoCd=4470200827-00&ServiceCd=110&Type=search", "url2": "jil-oita.sakura.ne.jp/777/" }, "geometry": { "type": "Point", "coordinates": [ 131.49888935682435, 33.292549591479805 ] } },
{ "type": "Feature", "properties": { "内容": "ヘルパーステーション　げんき【訪問介護】南立石一区2組-1", "url": "https://www.kaigokensaku.mhlw.go.jp/44/index.php?action_kouhyou_detail_004_kani=true&JigyosyoCd=4470201494-00&ServiceCd=110&Type=search", "url2": null }, "geometry": { "type": "Point", "coordinates": [ 131.481481199999962, 33.2855642 ] } },
{ "type": "Feature", "properties": { "内容": "訪問ヘルパー事業所わらく【訪問介護】大分県別府市小倉町３０番５１－２０１号ガーデンヒルズ松本Ⅱ", "url": "https://www.kaigokensaku.mhlw.go.jp/44/index.php?action_kouhyou_detail_004_kani=true&JigyosyoCd=4470203946-00&ServiceCd=110&Type=search", "url2": null }, "geometry": { "type": "Point", "coordinates": [ 131.4641398, 33.3078425 ] } },
{ "type": "Feature", "properties": { "内容": "Greenガーデン別府ヘルパーステーション【訪問介護】大分県別府市野口元町1776番地の1Greenガーデン別府青山", "url": "https://www.kaigokensaku.mhlw.go.jp/44/index.php?action_kouhyou_detail_004_kani=true&JigyosyoCd=4470203987-00&ServiceCd=110&Type=search", "url2": null }, "geometry": { "type": "Point", "coordinates": [ 131.5006543, 33.2834551 ] } },
{ "type": "Feature", "properties": { "内容": "ヘルパーステーションぽれぽれ【訪問介護】大分県別府市火売8組-4", "url": "https://www.kaigokensaku.mhlw.go.jp/44/index.php?action_kouhyou_detail_004_kani=true&JigyosyoCd=4470203771-00&ServiceCd=110&Type=search", "url2": null }, "geometry": { "type": "Point", "coordinates": [ 131.4727651, 33.3126468 ] } },
{ "type": "Feature", "properties": { "内容": "ヘルパーステーションえがお【訪問介護】大分県別府市石垣東5丁目7番31号末広ビル101号", "url": "https://www.kaigokensaku.mhlw.go.jp/44/index.php?action_kouhyou_detail_004_kani=true&JigyosyoCd=4470203813-00&ServiceCd=110&Type=search", "url2": null }, "geometry": { "type": "Point", "coordinates": [ 131.495947, 33.2967356 ] } },
{ "type": "Feature", "properties": { "内容": "ケアセンター　みどり【訪問介護】大分県別府市石垣東6丁目6番18号", "url": "https://www.kaigokensaku.mhlw.go.jp/44/index.php?action_kouhyou_detail_004_kani=true&JigyosyoCd=4470203276-00&ServiceCd=110&Type=search", "url2": null }, "geometry": { "type": "Point", "coordinates": [ 131.4958497, 33.29866830000001 ] } },
{ "type": "Feature", "properties": { "内容": "有限会社　共立ケア・サポート【訪問介護】大分県中津市牛神４０７－１", "url": "https://www.kaigokensaku.mhlw.go.jp/44/index.php?action_kouhyou_detail_004_kani=true&JigyosyoCd=4470300106-00&ServiceCd=110&Type=search", "url2": null }, "geometry": { "type": "Point", "coordinates": [ 131.19771, 33.5978187 ] } },
{ "type": "Feature", "properties": { "内容": "ヘルパーステーション　シェルパ【訪問介護】大分県中津市島田555番地2", "url": "https://www.kaigokensaku.mhlw.go.jp/44/index.php?action_kouhyou_detail_004_kani=true&JigyosyoCd=4470301344-00&ServiceCd=110&Type=search", "url2": null }, "geometry": { "type": "Point", "coordinates": [ 131.185802700000067, 33.5973128 ] } },
{ "type": "Feature", "properties": { "内容": "中津市訪問介護センター創生園【訪問介護】大分県中津市大字上宮永２９８番地１", "url": "https://www.kaigokensaku.mhlw.go.jp/44/index.php?action_kouhyou_detail_004_kani=true&JigyosyoCd=4470300080-00&ServiceCd=110&Type=search", "url2": null }, "geometry": { "type": "Point", "coordinates": [ 131.1848281, 33.5859471 ] } },
{ "type": "Feature", "properties": { "内容": "はぴねすさぽーと中津支店【訪問介護】大分県中津市豊田町13-6ｻﾝﾋﾞｭｰ20-B号室", "url": "https://www.kaigokensaku.mhlw.go.jp/44/index.php?action_kouhyou_detail_004_kani=true&JigyosyoCd=4470301146-00&ServiceCd=110&Type=search", "url2": "www.regaroa.net" }, "geometry": { "type": "Point", "coordinates": [ 131.18825235993171, 33.599094112429455 ] } },
{ "type": "Feature", "properties": { "内容": "歩みの会企業組合【訪問介護】大分県中津市古魚町1685番地の1", "url": "https://www.kaigokensaku.mhlw.go.jp/44/index.php?action_kouhyou_detail_004_kani=true&JigyosyoCd=4470301203-00&ServiceCd=110&Type=search", "url2": null }, "geometry": { "type": "Point", "coordinates": [ 131.188154685959205, 33.602702979367841 ] } },
{ "type": "Feature", "properties": { "内容": "ヘルパーステーション　うちお【訪問介護】大分県中津市大字上宮永３３１番地２", "url": "https://www.kaigokensaku.mhlw.go.jp/44/index.php?action_kouhyou_detail_004_kani=true&JigyosyoCd=4470300957-00&ServiceCd=110&Type=search", "url2": "www.uchio-seikei.com/" }, "geometry": { "type": "Point", "coordinates": [ 131.184314299999983, 33.5842611 ] } },
{ "type": "Feature", "properties": { "内容": "ヘルパーステーション本耶馬溪【訪問介護】大分県中津市本耶馬溪町折元1247番地中津市本耶馬溪総合福祉センター内", "url": "https://www.kaigokensaku.mhlw.go.jp/44/index.php?action_kouhyou_detail_004_kani=true&JigyosyoCd=4473000091-00&ServiceCd=110&Type=search", "url2": "http://www.nakatsu-s.or.jp/" }, "geometry": { "type": "Point", "coordinates": [ 131.18619190000004, 33.4567035 ] } },
{ "type": "Feature", "properties": { "内容": "太陽交通ヘルパーサービス【訪問介護】大分県中津市大字下宮永554-1", "url": "https://www.kaigokensaku.mhlw.go.jp/44/index.php?action_kouhyou_detail_004_kani=true&JigyosyoCd=4471101016-00&ServiceCd=110&Type=search", "url2": "http://www.taiyo-koutu.co.jp/" }, "geometry": { "type": "Point", "coordinates": [ 131.17886045767213, 33.590508759154126 ] } },
{ "type": "Feature", "properties": { "内容": "なかつホームヘルプサービス三光園【訪問介護】大分県中津市大字上如水字野田1825番地10", "url": "https://www.kaigokensaku.mhlw.go.jp/44/index.php?action_kouhyou_detail_004_kani=true&JigyosyoCd=4470300247-00&ServiceCd=110&Type=search", "url2": "http://www.matsunaga-hp.com" }, "geometry": { "type": "Point", "coordinates": [ 131.239987513864065, 33.576082781076074 ] } },
{ "type": "Feature", "properties": { "内容": "ヘルパーステーション社協【訪問介護】大分県中津市耶馬溪町大字柿坂138番地1耶馬渓支所内", "url": "https://www.kaigokensaku.mhlw.go.jp/44/index.php?action_kouhyou_detail_004_kani=true&JigyosyoCd=4473000190-00&ServiceCd=110&Type=search", "url2": null }, "geometry": { "type": "Point", "coordinates": [ 131.113402399999984, 33.454450299999984 ] } },
{ "type": "Feature", "properties": { "内容": "ヘルパーステーションかわしま【訪問介護】大分県中津市下池永93番地13", "url": "https://www.kaigokensaku.mhlw.go.jp/44/index.php?action_kouhyou_detail_004_kani=true&JigyosyoCd=4470300221-00&ServiceCd=110&Type=search", "url2": "http://kawashimahp.jp/zaitaku/index.html" }, "geometry": { "type": "Point", "coordinates": [ 131.213544800000022, 33.5929809 ] } },
{ "type": "Feature", "properties": { "内容": "ヘルパーステーション箭海荘【訪問介護】大分県中津市三光森山８１０番地１", "url": "https://www.kaigokensaku.mhlw.go.jp/44/index.php?action_kouhyou_detail_004_kani=true&JigyosyoCd=4470301245-00&ServiceCd=110&Type=search", "url2": "http://www.chokusin.jp/" }, "geometry": { "type": "Point", "coordinates": [ 131.218642199999977, 33.5480197 ] } },
{ "type": "Feature", "properties": { "内容": "ヘルパーステーショングリーンヴィレッジ【訪問介護】大分県中津市大字犬丸727番地1", "url": "https://www.kaigokensaku.mhlw.go.jp/44/index.php?action_kouhyou_detail_004_kani=true&JigyosyoCd=4470301302-00&ServiceCd=110&Type=search", "url2": "https://www.gvnakatsu.com" }, "geometry": { "type": "Point", "coordinates": [ 131.256240638436907, 33.565635172458009 ] } },
{ "type": "Feature", "properties": { "内容": "まつざきクリニック訪問介護事業所【訪問介護】大分県中津市本耶馬渓町樋田182-5", "url": "https://www.kaigokensaku.mhlw.go.jp/44/index.php?action_kouhyou_detail_004_kani=true&JigyosyoCd=4470300841-00&ServiceCd=110&Type=search", "url2": null }, "geometry": { "type": "Point", "coordinates": [ 131.171773, 33.5036015 ] } },
{ "type": "Feature", "properties": { "内容": "ヘルパーステーション里見【訪問介護】大分県中津市中央町１丁目８番３６号", "url": "https://www.kaigokensaku.mhlw.go.jp/44/index.php?action_kouhyou_detail_004_kani=true&JigyosyoCd=4470300288-00&ServiceCd=110&Type=search", "url2": "http://www.eizenkai.jp/" }, "geometry": { "type": "Point", "coordinates": [ 131.189322100000027, 33.5900107 ] } },
{ "type": "Feature", "properties": { "内容": "ヘルパーステーション　悠々【訪問介護】大分県中津市豊田町６番地２住宅型有料老人ホーム　悠々", "url": "https://www.kaigokensaku.mhlw.go.jp/44/index.php?action_kouhyou_detail_004_kani=true&JigyosyoCd=4470300866-00&ServiceCd=110&Type=search", "url2": "http://www8.plala.or.jp/yuyu/" }, "geometry": { "type": "Point", "coordinates": [ 131.189557899999954, 33.5972684 ] } },
{ "type": "Feature", "properties": { "内容": "ヘルパーステーション　花音【訪問介護】大分県中津市三光原口638番地1", "url": "https://www.kaigokensaku.mhlw.go.jp/44/index.php?action_kouhyou_detail_004_kani=true&JigyosyoCd=4470301351-00&ServiceCd=110&Type=search", "url2": null }, "geometry": { "type": "Point", "coordinates": [ 131.175476900000035, 33.5306778 ] } },
{ "type": "Feature", "properties": { "内容": "やさしい手中津訪問介護事業所【訪問介護】下池永826", "url": "https://www.kaigokensaku.mhlw.go.jp/44/index.php?action_kouhyou_detail_004_kani=true&JigyosyoCd=4470301476-00&ServiceCd=110&Type=search", "url2": "https://search.yasashiite.com/detail/yasacie_nakatsu/" }, "geometry": { "type": "Point", "coordinates": [ 131.220447900000011, 33.587446 ] } },
{ "type": "Feature", "properties": { "内容": "訪問介護ステーション　LaVie【訪問介護】大分県中津市上宮永友ノ町11番地3", "url": "https://www.kaigokensaku.mhlw.go.jp/44/index.php?action_kouhyou_detail_004_kani=true&JigyosyoCd=4470301484-00&ServiceCd=110&Type=search", "url2": null }, "geometry": { "type": "Point", "coordinates": [ 131.185759045616152, 33.591077881509086 ] } },
{ "type": "Feature", "properties": { "内容": "ヘルパーステーションよつ葉【訪問介護】大字永添2636-114住宅型有料老人ホームよつ葉", "url": "https://www.kaigokensaku.mhlw.go.jp/44/index.php?action_kouhyou_detail_004_kani=true&JigyosyoCd=4470301096-00&ServiceCd=110&Type=search", "url2": null }, "geometry": { "type": "Point", "coordinates": [ 131.202402, 33.5623198 ] } },
{ "type": "Feature", "properties": { "内容": "ヘルパーステーション玄々堂【訪問介護】大分県中津市下池永13番地", "url": "https://www.kaigokensaku.mhlw.go.jp/44/index.php?action_kouhyou_detail_004_kani=true&JigyosyoCd=4470300577-00&ServiceCd=110&Type=search", "url2": "http://act-group.jp/care/" }, "geometry": { "type": "Point", "coordinates": [ 131.2102119, 33.5884257 ] } },
{ "type": "Feature", "properties": { "内容": "ホームヘルプサービス　おぐす【訪問介護】大分県中津市牛神19番地の1", "url": "https://www.kaigokensaku.mhlw.go.jp/44/index.php?action_kouhyou_detail_004_kani=true&JigyosyoCd=4470300726-00&ServiceCd=110&Type=search", "url2": "http://www.stsunited.com/" }, "geometry": { "type": "Point", "coordinates": [ 131.203303799999958, 33.6014435 ] } },
{ "type": "Feature", "properties": { "内容": "ホームヘルプサービス花しょうぶ【訪問介護】大分県中津市下池永227-1", "url": "https://www.kaigokensaku.mhlw.go.jp/44/index.php?action_kouhyou_detail_004_kani=true&JigyosyoCd=4470301054-00&ServiceCd=110&Type=search", "url2": "hanasyoubu@kcc-fukushi.co.jp" }, "geometry": { "type": "Point", "coordinates": [ 131.2151503, 33.5884453 ] } },
{ "type": "Feature", "properties": { "内容": "ふくしサービスセンターみどりの風【訪問介護】中津市牛神514番地の1", "url": "https://www.kaigokensaku.mhlw.go.jp/44/index.php?action_kouhyou_detail_004_kani=true&JigyosyoCd=4470300676-00&ServiceCd=110&Type=search", "url2": "http//www.fukushi-greencoop.or.jp" }, "geometry": { "type": "Point", "coordinates": [ 131.2004736, 33.5973744 ] } },
{ "type": "Feature", "properties": { "内容": "いずみの園ホームヘルパーステーション【訪問介護】大分県中津市永添2765-147", "url": "https://www.kaigokensaku.mhlw.go.jp/44/index.php?action_kouhyou_detail_004_kani=true&JigyosyoCd=4470300122-00&ServiceCd=110&Type=search", "url2": "http.//www.izuminosono.jp" }, "geometry": { "type": "Point", "coordinates": [ 131.200072406745932, 33.55997866811736 ] } },
{ "type": "Feature", "properties": { "内容": "有限会社　ダイカイ産業　ヴィラおうま【訪問介護】大分県中津市大字合馬2-1訪問介護事業所　ヴィラおうま", "url": "https://www.kaigokensaku.mhlw.go.jp/44/index.php?action_kouhyou_detail_004_kani=true&JigyosyoCd=4470301237-00&ServiceCd=110&Type=search", "url2": null }, "geometry": { "type": "Point", "coordinates": [ 131.222446807327287, 33.585395072127632 ] } },
{ "type": "Feature", "properties": { "内容": "株式会社　ケアリング　中津支店【訪問介護】大分県中津市万田６７１－５", "url": "https://www.kaigokensaku.mhlw.go.jp/44/index.php?action_kouhyou_detail_004_kani=true&JigyosyoCd=4470300346-00&ServiceCd=110&Type=search", "url2": "http://www.caring.jp" }, "geometry": { "type": "Point", "coordinates": [ 131.188255700000013, 33.583758500000016 ] } },
{ "type": "Feature", "properties": { "内容": "有田ひまわり訪問介護センター【訪問介護】大分県日田市大字東有田字町ノ坪7-5", "url": "https://www.kaigokensaku.mhlw.go.jp/44/index.php?action_kouhyou_detail_004_kani=true&JigyosyoCd=4470400153-00&ServiceCd=110&Type=search", "url2": null }, "geometry": { "type": "Point", "coordinates": [ 130.980190099999959, 33.3306241 ] } },
{ "type": "Feature", "properties": { "内容": "聖陵ストリーム訪問介護サービスセンター【訪問介護】大分県日田市中釣町485-3", "url": "https://www.kaigokensaku.mhlw.go.jp/44/index.php?action_kouhyou_detail_004_kani=true&JigyosyoCd=4470400336-00&ServiceCd=110&Type=search", "url2": "ｈｔｔｐ：//www.seiryou.or.jp" }, "geometry": { "type": "Point", "coordinates": [ 130.919581500000049, 33.3172685 ] } },
{ "type": "Feature", "properties": { "内容": "ヘルパーサービス　なかのしま【訪問介護】大分県日田市大字庄手字大釣685番地の16", "url": "https://www.kaigokensaku.mhlw.go.jp/44/index.php?action_kouhyou_detail_004_kani=true&JigyosyoCd=4470400120-00&ServiceCd=110&Type=search", "url2": "http://www.suimei.or.jp" }, "geometry": { "type": "Point", "coordinates": [ 130.916965, 33.312452 ] } },
{ "type": "Feature", "properties": { "内容": "日田市社協ヘルパーステーション「つえ」【訪問介護】大分県日田市上津江町川原3933", "url": "https://www.kaigokensaku.mhlw.go.jp/44/index.php?action_kouhyou_detail_004_kani=true&JigyosyoCd=4472900135-00&ServiceCd=110&Type=search", "url2": "ｈｔｔｐ://www.ｈｉｔａｓｙａｋｙｏ.ｊｐ" }, "geometry": { "type": "Point", "coordinates": [ 130.968421436245791, 33.119597428722649 ] } },
{ "type": "Feature", "properties": { "内容": "ヘルパーステーションあい【訪問介護】大分県日田市本町4-6", "url": "https://www.kaigokensaku.mhlw.go.jp/44/index.php?action_kouhyou_detail_004_kani=true&JigyosyoCd=4470401417-00&ServiceCd=110&Type=search", "url2": "http://hp.kaipoke.biz/zn8/info.html" }, "geometry": { "type": "Point", "coordinates": [ 130.91406114769768, 33.339866907943644 ] } },
{ "type": "Feature", "properties": { "内容": "介護サービスセンター　ほうゆう【訪問介護】大分県日田市城町1丁目3-19", "url": "https://www.kaigokensaku.mhlw.go.jp/44/index.php?action_kouhyou_detail_004_kani=true&JigyosyoCd=4470400203-00&ServiceCd=110&Type=search", "url2": "http://www.houyou-hita.jp/" }, "geometry": { "type": "Point", "coordinates": [ 130.939902, 33.3282487 ] } },
{ "type": "Feature", "properties": { "内容": "悠愛ヘルパーステーション【訪問介護】大分県日田市亀山町4-16-101", "url": "https://www.kaigokensaku.mhlw.go.jp/44/index.php?action_kouhyou_detail_004_kani=true&JigyosyoCd=4470401482-00&ServiceCd=110&Type=search", "url2": null }, "geometry": { "type": "Point", "coordinates": [ 130.92968936427917, 33.317288181489168 ] } },
{ "type": "Feature", "properties": { "内容": "あいのてる丘ヘルパーステーション【訪問介護】大分県日田市大字十二町４８４－３", "url": "https://www.kaigokensaku.mhlw.go.jp/44/index.php?action_kouhyou_detail_004_kani=true&JigyosyoCd=4470401441-00&ServiceCd=110&Type=search", "url2": "http://horita-clinic.com/" }, "geometry": { "type": "Point", "coordinates": [ 130.92026402443696, 33.324595632012162 ] } },
{ "type": "Feature", "properties": { "内容": "訪問介護よりそい【訪問介護】大分県日田市大字日高８７３番地１", "url": "https://www.kaigokensaku.mhlw.go.jp/44/index.php?action_kouhyou_detail_004_kani=true&JigyosyoCd=4470401151-00&ServiceCd=110&Type=search", "url2": null }, "geometry": { "type": "Point", "coordinates": [ 130.949427544180253, 33.30788011410894 ] } },
{ "type": "Feature", "properties": { "内容": "訪問介護　すばる【訪問介護】大分県日田市竹田新町2-33", "url": "https://www.kaigokensaku.mhlw.go.jp/44/index.php?action_kouhyou_detail_004_kani=true&JigyosyoCd=4470401219-00&ServiceCd=110&Type=search", "url2": null }, "geometry": { "type": "Point", "coordinates": [ 130.937921562565606, 33.31155087563117 ] } },
{ "type": "Feature", "properties": { "内容": "ニチイケアセンターひた天神【訪問介護】天神町62-10", "url": "https://www.kaigokensaku.mhlw.go.jp/44/index.php?action_kouhyou_detail_004_kani=true&JigyosyoCd=4470401607-00&ServiceCd=110&Type=search", "url2": null }, "geometry": { "type": "Point", "coordinates": [ 130.942574700000023, 33.3409257 ] } },
{ "type": "Feature", "properties": { "内容": "ヘルパーステーション　ネオ【訪問介護】上城内町1-25", "url": "https://www.kaigokensaku.mhlw.go.jp/44/index.php?action_kouhyou_detail_004_kani=true&JigyosyoCd=4470401375-00&ServiceCd=110&Type=search", "url2": null }, "geometry": { "type": "Point", "coordinates": [ 130.941699989171923, 33.325274278978114 ] } },
{ "type": "Feature", "properties": { "内容": "Linkcare【訪問介護】大分県日田市大字小迫７７５番地５", "url": "https://www.kaigokensaku.mhlw.go.jp/44/index.php?action_kouhyou_detail_004_kani=true&JigyosyoCd=4470401763-00&ServiceCd=110&Type=search", "url2": "https://www.rengeso.llc/homecare" }, "geometry": { "type": "Point", "coordinates": [ 130.914092900000014, 33.3398846 ] } },
{ "type": "Feature", "properties": { "内容": "日田市社協介護保険サービスセンター「ひた」【訪問介護】大分県日田市上城内町1番8号日田市総合保健福祉センター（ウェルピア）　3階", "url": "https://www.kaigokensaku.mhlw.go.jp/44/index.php?action_kouhyou_detail_004_kani=true&JigyosyoCd=4470400054-00&ServiceCd=110&Type=search", "url2": "http://www.hitashakyo.jp" }, "geometry": { "type": "Point", "coordinates": [ 130.941438521193959, 33.324283376769657 ] } },
{ "type": "Feature", "properties": { "内容": "オアシス訪問介護事業所【訪問介護】大分県日田市田島町735-3", "url": "https://www.kaigokensaku.mhlw.go.jp/44/index.php?action_kouhyou_detail_004_kani=true&JigyosyoCd=4470400781-00&ServiceCd=110&Type=search", "url2": null }, "geometry": { "type": "Point", "coordinates": [ 130.946472327925107, 33.31599050008267 ] } },
{ "type": "Feature", "properties": { "内容": "ホームヘルパーステーション喜楽苑【訪問介護】大分県日田市天瀬町桜竹1115-87", "url": "https://www.kaigokensaku.mhlw.go.jp/44/index.php?action_kouhyou_detail_004_kani=true&JigyosyoCd=4472900119-00&ServiceCd=110&Type=search", "url2": "https://www.kiraku-en.or.jp/" }, "geometry": { "type": "Point", "coordinates": [ 131.011878799999977, 33.2425558 ] } },
{ "type": "Feature", "properties": { "内容": "訪問介護ステーション五反田【訪問介護】大分県日田市若宮町7番6号", "url": "https://www.kaigokensaku.mhlw.go.jp/44/index.php?action_kouhyou_detail_004_kani=true&JigyosyoCd=4470401615-00&ServiceCd=110&Type=search", "url2": "gotanda-hospital.jp" }, "geometry": { "type": "Point", "coordinates": [ 130.943067799999966, 33.3078904 ] } },
{ "type": "Feature", "properties": { "内容": "ホームヘルパーステーション　森の棲家【訪問介護】大分県日田市石井町3丁目631-9", "url": "https://www.kaigokensaku.mhlw.go.jp/44/index.php?action_kouhyou_detail_004_kani=true&JigyosyoCd=4470401276-00&ServiceCd=110&Type=search", "url2": "http：//morinosumika.com" }, "geometry": { "type": "Point", "coordinates": [ 130.90420789999996, 33.3152735 ] } },
{ "type": "Feature", "properties": { "内容": "ニチイケアセンター日田【訪問介護】大分県日田市三芳小渕町36番", "url": "https://www.kaigokensaku.mhlw.go.jp/44/index.php?action_kouhyou_detail_004_kani=true&JigyosyoCd=4470400096-00&ServiceCd=110&Type=search", "url2": null }, "geometry": { "type": "Point", "coordinates": [ 130.9508045, 33.3049484 ] } },
{ "type": "Feature", "properties": { "内容": "株式会社　沙羅の花【訪問介護】大分県日田市南元町１１番３０号", "url": "https://www.kaigokensaku.mhlw.go.jp/44/index.php?action_kouhyou_detail_004_kani=true&JigyosyoCd=4470400872-00&ServiceCd=110&Type=search", "url2": null }, "geometry": { "type": "Point", "coordinates": [ 130.939931399999978, 33.315547100000011 ] } },
{ "type": "Feature", "properties": { "内容": "ふくしサービスセンターにこにこ【訪問介護】大分県日田市城町１丁目４９４番地の２", "url": "https://www.kaigokensaku.mhlw.go.jp/44/index.php?action_kouhyou_detail_004_kani=true&JigyosyoCd=4470400948-00&ServiceCd=110&Type=search", "url2": "http://wwwgreencoop-oita.or.jp" }, "geometry": { "type": "Point", "coordinates": [ 130.939921499999969, 33.3247324 ] } },
{ "type": "Feature", "properties": { "内容": "鳩友園訪問介護センター【訪問介護】大分県日田市大鶴町2267-1グループホームおおつる家", "url": "https://www.kaigokensaku.mhlw.go.jp/44/index.php?action_kouhyou_detail_004_kani=true&JigyosyoCd=4470400179-00&ServiceCd=110&Type=search", "url2": null }, "geometry": { "type": "Point", "coordinates": [ 130.880363489826976, 33.360303952070915 ] } },
{ "type": "Feature", "properties": { "内容": "ヘルパーステーション聖陵【訪問介護】大分県日田市中釣町485番地3", "url": "https://www.kaigokensaku.mhlw.go.jp/44/index.php?action_kouhyou_detail_004_kani=true&JigyosyoCd=4470401730-00&ServiceCd=110&Type=search", "url2": "www.seiryou.or.jp" }, "geometry": { "type": "Point", "coordinates": [ 130.919801369732767, 33.315207839798255 ] } },
{ "type": "Feature", "properties": { "内容": "ざいたくかいごしあわせ【訪問介護】大分県日田市竹田新町1番14号", "url": "https://www.kaigokensaku.mhlw.go.jp/44/index.php?action_kouhyou_detail_004_kani=true&JigyosyoCd=4470400708-00&ServiceCd=110&Type=search", "url2": null }, "geometry": { "type": "Point", "coordinates": [ 130.9387246, 33.3126362 ] } },
{ "type": "Feature", "properties": { "内容": "有限会社　ケアサービス光岡【訪問介護】大分県日田市清岸寺町1034番地1有限会社　ケアサービス光岡", "url": "https://www.kaigokensaku.mhlw.go.jp/44/index.php?action_kouhyou_detail_004_kani=true&JigyosyoCd=4470400104-00&ServiceCd=110&Type=search", "url2": null }, "geometry": { "type": "Point", "coordinates": [ 130.930103003704886, 33.336435896392963 ] } },
{ "type": "Feature", "properties": { "内容": "訪問介護センター光洋【訪問介護】大分県日田市日ノ出町163", "url": "https://www.kaigokensaku.mhlw.go.jp/44/index.php?action_kouhyou_detail_004_kani=true&JigyosyoCd=4470400468-00&ServiceCd=110&Type=search", "url2": "https://kyotaku.home-kaigo.om" }, "geometry": { "type": "Point", "coordinates": [ 130.939713, 33.3347398 ] } },
{ "type": "Feature", "properties": { "内容": "逢愛ケアセンタ－【訪問介護】大分県日田市大字三和999-1", "url": "https://www.kaigokensaku.mhlw.go.jp/44/index.php?action_kouhyou_detail_004_kani=true&JigyosyoCd=4470400450-00&ServiceCd=110&Type=search", "url2": "http://aiai2017.info/" }, "geometry": { "type": "Point", "coordinates": [ 130.945809300000064, 33.350302 ] } },
{ "type": "Feature", "properties": { "内容": "ヘルパーステーション虹の家【訪問介護】大分県日田市玉川3丁目1479-3", "url": "https://www.kaigokensaku.mhlw.go.jp/44/index.php?action_kouhyou_detail_004_kani=true&JigyosyoCd=4470400385-00&ServiceCd=110&Type=search", "url2": null }, "geometry": { "type": "Point", "coordinates": [ 130.924483799999962, 33.3229598 ] } },
{ "type": "Feature", "properties": { "内容": "悠愛ヘルパーステーション【訪問介護】大分県日田市亀山町4-16101", "url": "https://www.kaigokensaku.mhlw.go.jp/44/index.php?action_kouhyou_detail_004_kani=true&JigyosyoCd=4470401706-00&ServiceCd=110&Type=search", "url2": null }, "geometry": { "type": "Point", "coordinates": [ 130.9293375, 33.3187602 ] } },
{ "type": "Feature", "properties": { "内容": "有限会社　日田ケアセンター若葉会【訪問介護】大分県日田市田島1丁目8番13号", "url": "https://www.kaigokensaku.mhlw.go.jp/44/index.php?action_kouhyou_detail_004_kani=true&JigyosyoCd=4470400112-00&ServiceCd=110&Type=search", "url2": null }, "geometry": { "type": "Point", "coordinates": [ 130.940406390213013, 33.318852887515497 ] } },
{ "type": "Feature", "properties": { "内容": "佐伯市社協ヘルパーステーション「かみうら」【訪問介護】大分県佐伯市上浦大字浅海井浦489番地10", "url": "https://www.kaigokensaku.mhlw.go.jp/44/index.php?action_kouhyou_detail_004_kani=true&JigyosyoCd=4472500240-00&ServiceCd=110&Type=search", "url2": "http://www.sashakyo.or.jp/index.html" }, "geometry": { "type": "Point", "coordinates": [ 131.920596700000033, 33.0421729 ] } },
{ "type": "Feature", "properties": { "内容": "蒲江の海福祉サービス【訪問介護】大分県佐伯市蒲江大字蒲江浦3363番地17", "url": "https://www.kaigokensaku.mhlw.go.jp/44/index.php?action_kouhyou_detail_004_kani=true&JigyosyoCd=4472500448-00&ServiceCd=110&Type=search", "url2": "http://www.kamaenoumi.org/" }, "geometry": { "type": "Point", "coordinates": [ 131.925072199999931, 32.7982544 ] } },
{ "type": "Feature", "properties": { "内容": "有限会社佐伯ケア・サービス【訪問介護】大分県佐伯市大手町3丁目4番3号やつか整形外科3階", "url": "https://www.kaigokensaku.mhlw.go.jp/44/index.php?action_kouhyou_detail_004_kani=true&JigyosyoCd=4470500093-00&ServiceCd=110&Type=search", "url2": null }, "geometry": { "type": "Point", "coordinates": [ 131.893477699999949, 32.9554563 ] } },
{ "type": "Feature", "properties": { "内容": "佐伯市社協ヘルパーステーション「うめ」【訪問介護】大分県佐伯市宇目大字小野市３３７４番地１佐伯市宇目高齢者生活福祉センター", "url": "https://www.kaigokensaku.mhlw.go.jp/44/index.php?action_kouhyou_detail_004_kani=true&JigyosyoCd=4472500133-00&ServiceCd=110&Type=search", "url2": "http://www.sashakyo.or.jp/" }, "geometry": { "type": "Point", "coordinates": [ 131.630508299999974, 32.8521071 ] } },
{ "type": "Feature", "properties": { "内容": "佐伯市社協ヘルパーステーション「かまえ」【訪問介護】大分県佐伯市蒲江大字蒲江浦3522番地5旧蒲江町国民健康保険蒲江診療所", "url": "https://www.kaigokensaku.mhlw.go.jp/44/index.php?action_kouhyou_detail_004_kani=true&JigyosyoCd=4472500109-00&ServiceCd=110&Type=search", "url2": "http；//www.sashakyo.or.jp/public/index/121" }, "geometry": { "type": "Point", "coordinates": [ 131.924101736538233, 32.802631688666644 ] } },
{ "type": "Feature", "properties": { "内容": "佐伯市社協ヘルパーステーション「やよい」【訪問介護】大分県佐伯市弥生大字上小倉1208番地", "url": "https://www.kaigokensaku.mhlw.go.jp/44/index.php?action_kouhyou_detail_004_kani=true&JigyosyoCd=4472500356-00&ServiceCd=110&Type=search", "url2": "http://sashakyo.or.jp/publics/index/1/" }, "geometry": { "type": "Point", "coordinates": [ 131.840731099999971, 32.9692841 ] } },
{ "type": "Feature", "properties": { "内容": "直川苑指定訪問介護事業所【訪問介護】大分県佐伯市直川大字仁田原1962-1", "url": "https://www.kaigokensaku.mhlw.go.jp/44/index.php?action_kouhyou_detail_004_kani=true&JigyosyoCd=4472500166-00&ServiceCd=110&Type=search", "url2": "http://www.naokawaen.com/" }, "geometry": { "type": "Point", "coordinates": [ 131.757325600000058, 32.8786413 ] } },
{ "type": "Feature", "properties": { "内容": "ヘルパーステーション佐伯の太陽【訪問介護】大分県佐伯市駅前１丁目１番１１号地域包括ケアセンター佐伯の太陽", "url": "https://www.kaigokensaku.mhlw.go.jp/44/index.php?action_kouhyou_detail_004_kani=true&JigyosyoCd=4470501307-00&ServiceCd=110&Type=search", "url2": "http:/www.saikichuo.net/" }, "geometry": { "type": "Point", "coordinates": [ 131.904434600000059, 32.9700688 ] } },
{ "type": "Feature", "properties": { "内容": "ケアセンターよらんせ【訪問介護】大分県佐伯市上岡木戸ノ瀬1258-1", "url": "https://www.kaigokensaku.mhlw.go.jp/44/index.php?action_kouhyou_detail_004_kani=true&JigyosyoCd=4470500044-00&ServiceCd=110&Type=search", "url2": null }, "geometry": { "type": "Point", "coordinates": [ 131.863923664556864, 32.956510869745351 ] } },
{ "type": "Feature", "properties": { "内容": "訪問介護事業所　ほほえみ【訪問介護】大分県佐伯市弥生大字床木４番地１", "url": "https://www.kaigokensaku.mhlw.go.jp/44/index.php?action_kouhyou_detail_004_kani=true&JigyosyoCd=4470501091-00&ServiceCd=110&Type=search", "url2": null }, "geometry": { "type": "Point", "coordinates": [ 131.856862500000034, 32.9833967 ] } },
{ "type": "Feature", "properties": { "内容": "すみれヘルパー事業所【訪問介護】大分県佐伯市弥生大字門田173番地1", "url": "https://www.kaigokensaku.mhlw.go.jp/44/index.php?action_kouhyou_detail_004_kani=true&JigyosyoCd=4470501810-00&ServiceCd=110&Type=search", "url2": null }, "geometry": { "type": "Point", "coordinates": [ 131.842689800000016, 32.9518121 ] } },
{ "type": "Feature", "properties": { "内容": "ヘルパーステーション　きぼう【訪問介護】大分県佐伯市字女島7439", "url": "https://www.kaigokensaku.mhlw.go.jp/44/index.php?action_kouhyou_detail_004_kani=true&JigyosyoCd=4470501695-00&ServiceCd=110&Type=search", "url2": "saiki-kibou.jp" }, "geometry": { "type": "Point", "coordinates": [ 131.914559100000019, 32.9573373 ] } },
{ "type": "Feature", "properties": { "内容": "訪問介護ステーション樹の里【訪問介護】大分県佐伯市弥生大字井崎字中道957", "url": "https://www.kaigokensaku.mhlw.go.jp/44/index.php?action_kouhyou_detail_004_kani=true&JigyosyoCd=4470501638-00&ServiceCd=110&Type=search", "url2": null }, "geometry": { "type": "Point", "coordinates": [ 131.8443972, 32.9751779 ] } },
{ "type": "Feature", "properties": { "内容": "株式会社サン・ルーム佐伯営業所【訪問介護】大分県佐伯市鶴岡西町１丁目１７８番地", "url": "https://www.kaigokensaku.mhlw.go.jp/44/index.php?action_kouhyou_detail_004_kani=true&JigyosyoCd=4470500077-00&ServiceCd=110&Type=search", "url2": "http://care-net.biz/45/sr-8180/" }, "geometry": { "type": "Point", "coordinates": [ 131.868643199999951, 32.9612688 ] } },
{ "type": "Feature", "properties": { "内容": "社会福祉法人長陽会老人居宅介護等事業【訪問介護】大分県佐伯市池船町21番5号", "url": "https://www.kaigokensaku.mhlw.go.jp/44/index.php?action_kouhyou_detail_004_kani=true&JigyosyoCd=4470500267-00&ServiceCd=110&Type=search", "url2": "http://r.goope.jp/choyokai" }, "geometry": { "type": "Point", "coordinates": [ 131.894105500000023, 32.9516096 ] } },
{ "type": "Feature", "properties": { "内容": "ベストプレイス訪問介護ステーション【訪問介護】大分県長島町3－11－13", "url": "https://www.kaigokensaku.mhlw.go.jp/44/index.php?action_kouhyou_detail_004_kani=true&JigyosyoCd=4470501398-00&ServiceCd=110&Type=search", "url2": null }, "geometry": { "type": "Point", "coordinates": [ 131.905982, 32.957038 ] } },
{ "type": "Feature", "properties": { "内容": "万葉訪問介護ステーション【訪問介護】大分県佐伯市野岡町1－1－24野岡ハイツ212号", "url": "https://www.kaigokensaku.mhlw.go.jp/44/index.php?action_kouhyou_detail_004_kani=true&JigyosyoCd=4470501786-00&ServiceCd=110&Type=search", "url2": null }, "geometry": { "type": "Point", "coordinates": [ 131.905597118529244, 32.968817643776497 ] } },
{ "type": "Feature", "properties": { "内容": "訪問介護センターひだまり【訪問介護】大分県佐伯市鶴見大字地松浦1250番地", "url": "https://www.kaigokensaku.mhlw.go.jp/44/index.php?action_kouhyou_detail_004_kani=true&JigyosyoCd=4472500471-00&ServiceCd=110&Type=search", "url2": "http://hidamari-saiki.com/" }, "geometry": { "type": "Point", "coordinates": [ 131.957944604368521, 32.942137994217745 ] } },
{ "type": "Feature", "properties": { "内容": "訪問介護曽根【訪問介護】大分県佐伯市長島町2丁目２１番7号有料老人ホーム楓林　事務所内", "url": "https://www.kaigokensaku.mhlw.go.jp/44/index.php?action_kouhyou_detail_004_kani=true&JigyosyoCd=4470501059-00&ServiceCd=110&Type=search", "url2": null }, "geometry": { "type": "Point", "coordinates": [ 131.910206600000038, 32.9595563 ] } },
{ "type": "Feature", "properties": { "内容": "介護センターロイヤル【訪問介護】大分県佐伯市直川大字上直見２９２１番地１号有料老人ホームロイヤル直川", "url": "https://www.kaigokensaku.mhlw.go.jp/44/index.php?action_kouhyou_detail_004_kani=true&JigyosyoCd=4470501315-00&ServiceCd=110&Type=search", "url2": "tky-royal.co.jp" }, "geometry": { "type": "Point", "coordinates": [ 131.796263045226112, 32.906853253177609 ] } },
{ "type": "Feature", "properties": { "内容": "ケアステーションほんじょう【訪問介護】大分県佐伯市本匠大字笠掛1589番地1みどりの郷優しい風", "url": "https://www.kaigokensaku.mhlw.go.jp/44/index.php?action_kouhyou_detail_004_kani=true&JigyosyoCd=4470501323-00&ServiceCd=110&Type=search", "url2": null }, "geometry": { "type": "Point", "coordinates": [ 131.799712773788428, 32.953769700170341 ] } },
{ "type": "Feature", "properties": { "内容": "訪問介護事業所　ほほえみ【訪問介護】大分県佐伯市弥生大字床木４番地1", "url": "https://www.kaigokensaku.mhlw.go.jp/44/index.php?action_kouhyou_detail_004_kani=true&JigyosyoCd=4470501851-00&ServiceCd=110&Type=search", "url2": null }, "geometry": { "type": "Point", "coordinates": [ 131.8551096, 33.0187421 ] } },
{ "type": "Feature", "properties": { "内容": "ヘルパーステーション悠鶴【訪問介護】大分県佐伯市中の島1-2-3", "url": "https://www.kaigokensaku.mhlw.go.jp/44/index.php?action_kouhyou_detail_004_kani=true&JigyosyoCd=4470501836-00&ServiceCd=110&Type=search", "url2": null }, "geometry": { "type": "Point", "coordinates": [ 131.9008058, 32.9580153 ] } },
{ "type": "Feature", "properties": { "内容": "ヘルパーステーションなごみ【訪問介護】大分県佐伯市弥生大字床木3268番地", "url": "https://www.kaigokensaku.mhlw.go.jp/44/index.php?action_kouhyou_detail_004_kani=true&JigyosyoCd=4470501422-00&ServiceCd=110&Type=search", "url2": "http://www.kokorono-nagomi.co.jp" }, "geometry": { "type": "Point", "coordinates": [ 131.858888331562355, 32.986672498289138 ] } },
{ "type": "Feature", "properties": { "内容": "ヘルパーステーション　第２遊友館【訪問介護】大分県佐伯市池田1976番地", "url": "https://www.kaigokensaku.mhlw.go.jp/44/index.php?action_kouhyou_detail_004_kani=true&JigyosyoCd=4470501364-00&ServiceCd=110&Type=search", "url2": null }, "geometry": { "type": "Point", "coordinates": [ 131.8995691, 32.9453272 ] } },
{ "type": "Feature", "properties": { "内容": "あおぞら訪問介護【訪問介護】大分県佐伯市駅前二丁目１０－３２有料老人ホームあおぞら", "url": "https://www.kaigokensaku.mhlw.go.jp/44/index.php?action_kouhyou_detail_004_kani=true&JigyosyoCd=4470501026-00&ServiceCd=110&Type=search", "url2": "https://www.ooita.work/aozora/" }, "geometry": { "type": "Point", "coordinates": [ 131.9044123, 32.9730352 ] } },
{ "type": "Feature", "properties": { "内容": "訪問介護事業所あかり【訪問介護】大分県佐伯市戸穴海崎1858-1プチ海崎２０１号", "url": "https://www.kaigokensaku.mhlw.go.jp/44/index.php?action_kouhyou_detail_004_kani=true&JigyosyoCd=4470501679-00&ServiceCd=110&Type=search", "url2": null }, "geometry": { "type": "Point", "coordinates": [ 131.888342057070986, 32.991619289211243 ] } },
{ "type": "Feature", "properties": { "内容": "ホームヘルプサービスしーとぴあ【訪問介護】大分県佐伯市蟹田５番２２号", "url": "https://www.kaigokensaku.mhlw.go.jp/44/index.php?action_kouhyou_detail_004_kani=true&JigyosyoCd=4470500499-00&ServiceCd=110&Type=search", "url2": "https://marutas.net/seatopia/" }, "geometry": { "type": "Point", "coordinates": [ 131.903357, 32.9687328 ] } },
{ "type": "Feature", "properties": { "内容": "ヘルパーステーション遊友館【訪問介護】大分県佐伯市上灘10077番地1", "url": "https://www.kaigokensaku.mhlw.go.jp/44/index.php?action_kouhyou_detail_004_kani=true&JigyosyoCd=4470501216-00&ServiceCd=110&Type=search", "url2": null }, "geometry": { "type": "Point", "coordinates": [ 131.911078515530306, 32.944334966206739 ] } },
{ "type": "Feature", "properties": { "内容": "へるぱーすてーしょんさいきのたいよう【訪問介護】大分県佐伯市駅前１丁目1番11号地域包括ケアセンター佐伯の太陽", "url": "https://www.kaigokensaku.mhlw.go.jp/44/index.php?action_kouhyou_detail_004_kani=true&JigyosyoCd=4470501869-00&ServiceCd=110&Type=search", "url2": null }, "geometry": { "type": "Point", "coordinates": [ 131.9044166, 32.9700809 ] } },
{ "type": "Feature", "properties": { "内容": "ﾎｰﾑﾍﾙﾊﾟｰステーション鶴望野【訪問介護】大分県佐伯市鶴岡町1丁目6番3号ケアタウンながと", "url": "https://www.kaigokensaku.mhlw.go.jp/44/index.php?action_kouhyou_detail_004_kani=true&JigyosyoCd=4470500317-00&ServiceCd=110&Type=search", "url2": "ｈｔｔｐ：//www.nagato.or.jp/" }, "geometry": { "type": "Point", "coordinates": [ 131.883120100000042, 32.9582057 ] } },
{ "type": "Feature", "properties": { "内容": "はまゆうヘルパーステーション【訪問介護】大分県佐伯市蒲江大字蒲江浦１３４４番地１", "url": "https://www.kaigokensaku.mhlw.go.jp/44/index.php?action_kouhyou_detail_004_kani=true&JigyosyoCd=4472500265-00&ServiceCd=110&Type=search", "url2": "http://www.saiki.tv/~kamae-1886/" }, "geometry": { "type": "Point", "coordinates": [ 131.941476700000067, 32.8040462 ] } },
{ "type": "Feature", "properties": { "内容": "佐伯市社協ヘルパーステーション【訪問介護】大分県佐伯市弥生大字上小倉1210番地佐伯市社協ヘルパーステーション", "url": "https://www.kaigokensaku.mhlw.go.jp/44/index.php?action_kouhyou_detail_004_kani=true&JigyosyoCd=4470500192-00&ServiceCd=110&Type=search", "url2": "http;//www.sashakyo.or.jp/" }, "geometry": { "type": "Point", "coordinates": [ 131.840792783543918, 32.969237432441261 ] } },
{ "type": "Feature", "properties": { "内容": "ＪＡおおいた　佐伯福祉サービスセンター　訪問介護事業所【訪問介護】大分県佐伯市長島町１－２－４", "url": "https://www.kaigokensaku.mhlw.go.jp/44/index.php?action_kouhyou_detail_004_kani=true&JigyosyoCd=4470500986-00&ServiceCd=110&Type=search", "url2": null }, "geometry": { "type": "Point", "coordinates": [ 131.9000575, 32.959806 ] } },
{ "type": "Feature", "properties": { "内容": "訪問介護ステーション　潮の風【訪問介護】大分県佐伯市蒲江大字丸市尾浦21番地", "url": "https://www.kaigokensaku.mhlw.go.jp/44/index.php?action_kouhyou_detail_004_kani=true&JigyosyoCd=4470500911-00&ServiceCd=110&Type=search", "url2": "http://ushionokaze.net/" }, "geometry": { "type": "Point", "coordinates": [ 131.87728089999996, 32.7936556 ] } },
{ "type": "Feature", "properties": { "内容": "ヘルパーステーションコスモなおかわ【訪問介護】大分県佐伯市直川大字横川５０８番地", "url": "https://www.kaigokensaku.mhlw.go.jp/44/index.php?action_kouhyou_detail_004_kani=true&JigyosyoCd=4470500689-00&ServiceCd=110&Type=search", "url2": "http://caretsukasa.jp" }, "geometry": { "type": "Point", "coordinates": [ 131.754058799999939, 32.8905429 ] } },
{ "type": "Feature", "properties": { "内容": "ヘルパーステーションあいあい【訪問介護】大分県佐伯市大字木立5552番地2", "url": "https://www.kaigokensaku.mhlw.go.jp/44/index.php?action_kouhyou_detail_004_kani=true&JigyosyoCd=4470500721-00&ServiceCd=110&Type=search", "url2": null }, "geometry": { "type": "Point", "coordinates": [ 131.9397328, 32.9252558 ] } },
{ "type": "Feature", "properties": { "内容": "有限会社　生活サポートセンターみんなの家【訪問介護】大分県佐伯市字女島6827-1", "url": "https://www.kaigokensaku.mhlw.go.jp/44/index.php?action_kouhyou_detail_004_kani=true&JigyosyoCd=4470500432-00&ServiceCd=110&Type=search", "url2": "htpp://" }, "geometry": { "type": "Point", "coordinates": [ 131.915545400000013, 32.9563971 ] } },
{ "type": "Feature", "properties": { "内容": "訪問ヘルパー白ゆり【訪問介護】大分県佐伯市大字木立字大野4887番地", "url": "https://www.kaigokensaku.mhlw.go.jp/44/index.php?action_kouhyou_detail_004_kani=true&JigyosyoCd=4470500804-00&ServiceCd=110&Type=search", "url2": null }, "geometry": { "type": "Point", "coordinates": [ 131.945746904026294, 32.925675435415656 ] } },
{ "type": "Feature", "properties": { "内容": "訪問介護ステーション　豊かな木【訪問介護】大分県佐伯市鶴岡西町1丁目２３４番1", "url": "https://www.kaigokensaku.mhlw.go.jp/44/index.php?action_kouhyou_detail_004_kani=true&JigyosyoCd=4470501554-00&ServiceCd=110&Type=search", "url2": "https://yutakanaki.jimdofree.com/" }, "geometry": { "type": "Point", "coordinates": [ 131.864651699999968, 32.962699 ] } },
{ "type": "Feature", "properties": { "内容": "訪問介護ステーション実の花【訪問介護】大分県佐伯市直川大字下直見2477番地", "url": "https://www.kaigokensaku.mhlw.go.jp/44/index.php?action_kouhyou_detail_004_kani=true&JigyosyoCd=4470502016-00&ServiceCd=110&Type=search", "url2": null }, "geometry": { "type": "Point", "coordinates": [ 131.8089185, 32.9296221 ] } },
{ "type": "Feature", "properties": { "内容": "ヘルパーステイション「まごの手クラブ」【訪問介護】大分県臼杵市大野友田3-4", "url": "https://www.kaigokensaku.mhlw.go.jp/44/index.php?action_kouhyou_detail_004_kani=true&JigyosyoCd=4470600174-00&ServiceCd=110&Type=search", "url2": null }, "geometry": { "type": "Point", "coordinates": [ 131.7890344, 33.1395175 ] } },
{ "type": "Feature", "properties": { "内容": "JAおおいた臼杵福祉サービスセンター　訪問介護事業所【訪問介護】大分県臼杵市大字江無田266番地の1", "url": "https://www.kaigokensaku.mhlw.go.jp/44/index.php?action_kouhyou_detail_004_kani=true&JigyosyoCd=4470600620-00&ServiceCd=110&Type=search", "url2": null }, "geometry": { "type": "Point", "coordinates": [ 131.791037633076485, 33.12504741906605 ] } },
{ "type": "Feature", "properties": { "内容": "ヘルパーステーションほっとはーと【訪問介護】大分県臼杵市大字市浜６６４番地４", "url": "https://www.kaigokensaku.mhlw.go.jp/44/index.php?action_kouhyou_detail_004_kani=true&JigyosyoCd=4470600976-00&ServiceCd=110&Type=search", "url2": "www.mitsuki-co.com" }, "geometry": { "type": "Point", "coordinates": [ 131.792984, 33.1219003 ] } },
{ "type": "Feature", "properties": { "内容": "野津町ヘルパーステーション【訪問介護】大分県臼杵市野津町大字野津市1050番地", "url": "https://www.kaigokensaku.mhlw.go.jp/44/index.php?action_kouhyou_detail_004_kani=true&JigyosyoCd=4472600636-00&ServiceCd=110&Type=search", "url2": null }, "geometry": { "type": "Point", "coordinates": [ 131.6921413, 33.0408689 ] } },
{ "type": "Feature", "properties": { "内容": "ヘルパーステーション　はれやか【訪問介護】大分県臼杵市大字市浜中通り666番地の1", "url": "https://www.kaigokensaku.mhlw.go.jp/44/index.php?action_kouhyou_detail_004_kani=true&JigyosyoCd=4470600695-00&ServiceCd=110&Type=search", "url2": "http://www4.ocn.ne.jp/^hareyaka/" }, "geometry": { "type": "Point", "coordinates": [ 131.805124299999989, 33.1260115 ] } },
{ "type": "Feature", "properties": { "内容": "ヘルパーステーション喫茶去【訪問介護】大分県臼杵市大字海添551番地", "url": "https://www.kaigokensaku.mhlw.go.jp/44/index.php?action_kouhyou_detail_004_kani=true&JigyosyoCd=4470600372-00&ServiceCd=110&Type=search", "url2": "http/www.kissako.co.jp/" }, "geometry": { "type": "Point", "coordinates": [ 131.806215896295186, 33.111741025175327 ] } },
{ "type": "Feature", "properties": { "内容": "ヘルパーステーション　はる風【訪問介護】大分県　臼杵市大字大浜１０４番地の１", "url": "https://www.kaigokensaku.mhlw.go.jp/44/index.php?action_kouhyou_detail_004_kani=true&JigyosyoCd=4470600570-00&ServiceCd=110&Type=search", "url2": "http://www.us.oct-net.jp/harukaze/" }, "geometry": { "type": "Point", "coordinates": [ 131.80791084418027, 33.136530423987018 ] } },
{ "type": "Feature", "properties": { "内容": "ヘルパーステーション　しおん【訪問介護】大分県臼杵市大字佐志生3033番地の4", "url": "https://www.kaigokensaku.mhlw.go.jp/44/index.php?action_kouhyou_detail_004_kani=true&JigyosyoCd=4470600604-00&ServiceCd=110&Type=search", "url2": null }, "geometry": { "type": "Point", "coordinates": [ 131.8286928, 33.1756125 ] } },
{ "type": "Feature", "properties": { "内容": "Greenガーデン臼杵ヘルパーステーション【訪問介護】大分県臼杵市大字大浜155番地", "url": "https://www.kaigokensaku.mhlw.go.jp/44/index.php?action_kouhyou_detail_004_kani=true&JigyosyoCd=4470601115-00&ServiceCd=110&Type=search", "url2": null }, "geometry": { "type": "Point", "coordinates": [ 131.8093447203766, 33.135289575034541 ] } },
{ "type": "Feature", "properties": { "内容": "栄寿荘ホームヘルパーステーション【訪問介護】大分県臼杵市野津町大字落谷５３０番地", "url": "https://www.kaigokensaku.mhlw.go.jp/44/index.php?action_kouhyou_detail_004_kani=true&JigyosyoCd=4472600677-00&ServiceCd=110&Type=search", "url2": "http//www.eijuso.or.jp" }, "geometry": { "type": "Point", "coordinates": [ 131.70487479999997, 33.0202797 ] } },
{ "type": "Feature", "properties": { "内容": "うすき介護ヘルパーステーション【訪問介護】大分県臼杵市大字臼杵字洲崎72番地32うすきメディカルクリニック", "url": "https://www.kaigokensaku.mhlw.go.jp/44/index.php?action_kouhyou_detail_004_kani=true&JigyosyoCd=4470600729-00&ServiceCd=110&Type=search", "url2": "http://hiiragikai.or.jp/" }, "geometry": { "type": "Point", "coordinates": [ 131.805454899999972, 33.1255477 ] } },
{ "type": "Feature", "properties": { "内容": "臼杵市医師会　コスモスケアステーション【訪問介護】大分県臼杵市大字戸室字長谷１１３１－１", "url": "https://www.kaigokensaku.mhlw.go.jp/44/index.php?action_kouhyou_detail_004_kani=true&JigyosyoCd=4470600315-00&ServiceCd=110&Type=search", "url2": "http://www.usukicosmos-med.or.jp" }, "geometry": { "type": "Point", "coordinates": [ 131.778271829360961, 33.123247897958542 ] } },
{ "type": "Feature", "properties": { "内容": "訪問介護ステーション　ハピネス【訪問介護】大分県臼杵市大字臼杵72番地の346三明館101", "url": "https://www.kaigokensaku.mhlw.go.jp/44/index.php?action_kouhyou_detail_004_kani=true&JigyosyoCd=4470601073-00&ServiceCd=110&Type=search", "url2": null }, "geometry": { "type": "Point", "coordinates": [ 131.806829255641247, 33.123563617353206 ] } },
{ "type": "Feature", "properties": { "内容": "訪問介護事業所　さわらび【訪問介護】大分県臼杵市大字井村１４３２番地の１", "url": "https://www.kaigokensaku.mhlw.go.jp/44/index.php?action_kouhyou_detail_004_kani=true&JigyosyoCd=4470600919-00&ServiceCd=110&Type=search", "url2": null }, "geometry": { "type": "Point", "coordinates": [ 131.798952900000018, 33.1201869 ] } },
{ "type": "Feature", "properties": { "内容": "臼杵病院ホームヘルパーステーション【訪問介護】大分県臼杵市江無田1154番地1", "url": "https://www.kaigokensaku.mhlw.go.jp/44/index.php?action_kouhyou_detail_004_kani=true&JigyosyoCd=4470601099-00&ServiceCd=110&Type=search", "url2": "http://www.kigankai.or.jp/" }, "geometry": { "type": "Point", "coordinates": [ 131.7800892, 33.1251681 ] } },
{ "type": "Feature", "properties": { "内容": "ホームヘルプサービスセンター四季の郷【訪問介護】大分県臼杵市大字江無田1119番地の5", "url": "https://www.kaigokensaku.mhlw.go.jp/44/index.php?action_kouhyou_detail_004_kani=true&JigyosyoCd=4470600273-00&ServiceCd=110&Type=search", "url2": "http://mizuhokouseicenter.planet.bindcloud.jp/" }, "geometry": { "type": "Point", "coordinates": [ 131.77827149999996, 33.1240606 ] } },
{ "type": "Feature", "properties": { "内容": "ふくしサービスセンター　おひさま【訪問介護】大分県臼杵市大字野田字森の木６番４", "url": "https://www.kaigokensaku.mhlw.go.jp/44/index.php?action_kouhyou_detail_004_kani=true&JigyosyoCd=4470600513-00&ServiceCd=110&Type=search", "url2": "http;//www.fukushi-greencoop.or.jp/" }, "geometry": { "type": "Point", "coordinates": [ 131.77492417368012, 33.109581577518355 ] } },
{ "type": "Feature", "properties": { "内容": "臼杵市社会福祉協議会指定訪問介護事業所【訪問介護】大分県臼杵市大字臼杵字祇園洲４番１福祉センター", "url": "https://www.kaigokensaku.mhlw.go.jp/44/index.php?action_kouhyou_detail_004_kani=true&JigyosyoCd=4470600224-00&ServiceCd=110&Type=search", "url2": "http://usuki-shakyo.jp/" }, "geometry": { "type": "Point", "coordinates": [ 131.799691700000039, 33.120984 ] } },
{ "type": "Feature", "properties": { "内容": "生活協同組合コープおおいた介護センター【訪問介護】大分県臼杵市大字江無田280-2", "url": "https://www.kaigokensaku.mhlw.go.jp/44/index.php?action_kouhyou_detail_004_kani=true&JigyosyoCd=4470600323-00&ServiceCd=110&Type=search", "url2": null }, "geometry": { "type": "Point", "coordinates": [ 131.791825942417262, 33.125008859813377 ] } },
{ "type": "Feature", "properties": { "内容": "ヘルパーステーション明日風【訪問介護】大字深田674番地の1", "url": "https://www.kaigokensaku.mhlw.go.jp/44/index.php?action_kouhyou_detail_004_kani=true&JigyosyoCd=4470600448-00&ServiceCd=110&Type=search", "url2": null }, "geometry": { "type": "Point", "coordinates": [ 131.764395299999933, 33.0949912 ] } },
{ "type": "Feature", "properties": { "内容": "緑の園ホームヘルパーステーション【訪問介護】大分県臼杵市大字諏訪289番地の1", "url": "https://www.kaigokensaku.mhlw.go.jp/44/index.php?action_kouhyou_detail_004_kani=true&JigyosyoCd=4470600133-00&ServiceCd=110&Type=search", "url2": "http://fuku-doushinkai.or.jp/" }, "geometry": { "type": "Point", "coordinates": [ 131.80395210000006, 33.134355 ] } },
{ "type": "Feature", "properties": { "内容": "ヘルパーステーションオレンジ【訪問介護】中央町21-14中村ビル1Ｆ", "url": "https://www.kaigokensaku.mhlw.go.jp/44/index.php?action_kouhyou_detail_004_kani=true&JigyosyoCd=4470700412-00&ServiceCd=110&Type=search", "url2": "なし" }, "geometry": { "type": "Point", "coordinates": [ 131.864257299999963, 33.0743775 ] } },
{ "type": "Feature", "properties": { "内容": "ヘルパ－ステｰション喫茶去津久見【訪問介護】大分県津久見市大字千怒字新地６２０１番地", "url": "https://www.kaigokensaku.mhlw.go.jp/44/index.php?action_kouhyou_detail_004_kani=true&JigyosyoCd=4470700289-00&ServiceCd=110&Type=search", "url2": "http://www.kissako.co.jp" }, "geometry": { "type": "Point", "coordinates": [ 131.88981239776146, 33.073358309653841 ] } },
{ "type": "Feature", "properties": { "内容": "やわらぎホームヘルプサービス【訪問介護】大分県津久見市大字上青江４８６６番地", "url": "https://www.kaigokensaku.mhlw.go.jp/44/index.php?action_kouhyou_detail_004_kani=true&JigyosyoCd=4470700354-00&ServiceCd=110&Type=search", "url2": null }, "geometry": { "type": "Point", "coordinates": [ 131.837495100000069, 33.0805787 ] } },
{ "type": "Feature", "properties": { "内容": "訪問介護ステーションしらうめ【訪問介護】大分県津久見市徳浦宮町411番の1", "url": "https://www.kaigokensaku.mhlw.go.jp/44/index.php?action_kouhyou_detail_004_kani=true&JigyosyoCd=4470700107-00&ServiceCd=110&Type=search", "url2": "http://www.shiraume-fukushikai.com/" }, "geometry": { "type": "Point", "coordinates": [ 131.850849599999947, 33.0911334 ] } },
{ "type": "Feature", "properties": { "内容": "ヘルパーステーションすいれん津久見【訪問介護】津久見市中央町21番14号中村ビル１階", "url": "https://www.kaigokensaku.mhlw.go.jp/44/index.php?action_kouhyou_detail_004_kani=true&JigyosyoCd=4470700495-00&ServiceCd=110&Type=search", "url2": null }, "geometry": { "type": "Point", "coordinates": [ 131.8642821, 33.0743847 ] } },
{ "type": "Feature", "properties": { "内容": "つくみかん　訪問介護事業所【訪問介護】大分県津久見市大字千怒6120番地", "url": "https://www.kaigokensaku.mhlw.go.jp/44/index.php?action_kouhyou_detail_004_kani=true&JigyosyoCd=4470700040-00&ServiceCd=110&Type=search", "url2": "https://tsukumikan.jp" }, "geometry": { "type": "Point", "coordinates": [ 131.8874164, 33.0726701 ] } },
{ "type": "Feature", "properties": { "内容": "ヘルパーステーションえん【訪問介護】大分県津久見市津久見１４８７−１", "url": "https://www.kaigokensaku.mhlw.go.jp/44/index.php?action_kouhyou_detail_004_kani=true&JigyosyoCd=4470700446-00&ServiceCd=110&Type=search", "url2": "http://home-en.net/" }, "geometry": { "type": "Point", "coordinates": [ 131.872623433898951, 33.054466657109955 ] } },
{ "type": "Feature", "properties": { "内容": "ニチイケアセンター津久見【訪問介護】大分県津久見市大字津久見967番地エクセレンス青坂106", "url": "https://www.kaigokensaku.mhlw.go.jp/44/index.php?action_kouhyou_detail_004_kani=true&JigyosyoCd=4470700057-00&ServiceCd=110&Type=search", "url2": null }, "geometry": { "type": "Point", "coordinates": [ 131.870446, 33.0618817 ] } },
{ "type": "Feature", "properties": { "内容": "ホームヘルプセンターおあしす【訪問介護】大分県津久見市大字津久見1270番地", "url": "https://www.kaigokensaku.mhlw.go.jp/44/index.php?action_kouhyou_detail_004_kani=true&JigyosyoCd=4470700248-00&ServiceCd=110&Type=search", "url2": null }, "geometry": { "type": "Point", "coordinates": [ 131.871333499539475, 33.059517842802819 ] } },
{ "type": "Feature", "properties": { "内容": "ヘルパーステーション寿楽【訪問介護】津久見市立花町3827番地1", "url": "https://www.kaigokensaku.mhlw.go.jp/44/index.php?action_kouhyou_detail_004_kani=true&JigyosyoCd=4470700438-00&ServiceCd=110&Type=search", "url2": "https://jyuraku-tsukumi.com" }, "geometry": { "type": "Point", "coordinates": [ 131.858352622401384, 33.064119690524997 ] } },
{ "type": "Feature", "properties": { "内容": "ホームヘルプステーション久住【訪問介護】大分県竹田市久住町大字久住６４８２番地", "url": "https://www.kaigokensaku.mhlw.go.jp/44/index.php?action_kouhyou_detail_004_kani=true&JigyosyoCd=4472700113-00&ServiceCd=110&Type=search", "url2": null }, "geometry": { "type": "Point", "coordinates": [ 131.297917900000016, 33.0207131 ] } },
{ "type": "Feature", "properties": { "内容": "ホームヘルパーステーション美晴が丘【訪問介護】大分県竹田市直入町大字長湯9067番地4", "url": "https://www.kaigokensaku.mhlw.go.jp/44/index.php?action_kouhyou_detail_004_kani=true&JigyosyoCd=4472700154-00&ServiceCd=110&Type=search", "url2": "http://www.miharugaoka.com/" }, "geometry": { "type": "Point", "coordinates": [ 131.383855899999958, 33.082601 ] } },
{ "type": "Feature", "properties": { "内容": "ホームヘルパーステーションあんしん介護【訪問介護】大分県竹田市拝田原山下258番地1", "url": "https://www.kaigokensaku.mhlw.go.jp/44/index.php?action_kouhyou_detail_004_kani=true&JigyosyoCd=4470800311-00&ServiceCd=110&Type=search", "url2": null }, "geometry": { "type": "Point", "coordinates": [ 131.380742899999973, 32.9608236 ] } },
{ "type": "Feature", "properties": { "内容": "岡の苑　訪問介護ステーション【訪問介護】大分県竹田市竹田1824", "url": "https://www.kaigokensaku.mhlw.go.jp/44/index.php?action_kouhyou_detail_004_kani=true&JigyosyoCd=4470800089-00&ServiceCd=110&Type=search", "url2": "http://www.yuujinkai.com/" }, "geometry": { "type": "Point", "coordinates": [ 131.391708293115244, 32.970680220595135 ] } },
{ "type": "Feature", "properties": { "内容": "訪問介護事業所　ひばり【訪問介護】大分県竹田市竹田1073番地", "url": "https://www.kaigokensaku.mhlw.go.jp/44/index.php?action_kouhyou_detail_004_kani=true&JigyosyoCd=4470800618-00&ServiceCd=110&Type=search", "url2": null }, "geometry": { "type": "Point", "coordinates": [ 131.386715500015583, 32.955844772206859 ] } },
{ "type": "Feature", "properties": { "内容": "ヘルパーステーション竹田【訪問介護】大分県竹田市大字玉来1299番地2", "url": "https://www.kaigokensaku.mhlw.go.jp/44/index.php?action_kouhyou_detail_004_kani=true&JigyosyoCd=4470800386-00&ServiceCd=110&Type=search", "url2": "https://www.taketa-shakyo.jp/" }, "geometry": { "type": "Point", "coordinates": [ 131.376685299999963, 32.9508997 ] } },
{ "type": "Feature", "properties": { "内容": "野の花ヘルパーステーション【訪問介護】大分県竹田市大字飛田川1577番地1ライフホーム野の花", "url": "https://www.kaigokensaku.mhlw.go.jp/44/index.php?action_kouhyou_detail_004_kani=true&JigyosyoCd=4470800501-00&ServiceCd=110&Type=search", "url2": null }, "geometry": { "type": "Point", "coordinates": [ 131.383320300000037, 32.9658953 ] } },
{ "type": "Feature", "properties": { "内容": "ヘルパーセンターAスマイル【訪問介護】大分県竹田市久住町大字仏原1558番地3", "url": "https://www.kaigokensaku.mhlw.go.jp/44/index.php?action_kouhyou_detail_004_kani=true&JigyosyoCd=4470800659-00&ServiceCd=110&Type=search", "url2": "http://hp.kaipoke.biz/rh4/" }, "geometry": { "type": "Point", "coordinates": [ 131.3457574, 33.0718485 ] } },
{ "type": "Feature", "properties": { "内容": "久住高原ホームヘルプセンター【訪問介護】大分県竹田市久住町大字栢木574-34", "url": "https://www.kaigokensaku.mhlw.go.jp/44/index.php?action_kouhyou_detail_004_kani=true&JigyosyoCd=4472700063-00&ServiceCd=110&Type=search", "url2": "http://www.okubo-hp.com" }, "geometry": { "type": "Point", "coordinates": [ 131.312365766934192, 33.041602584287368 ] } },
{ "type": "Feature", "properties": { "内容": "悠々居ヘルパーステーション【訪問介護】大分県竹田市大字三宅1763番地1", "url": "https://www.kaigokensaku.mhlw.go.jp/44/index.php?action_kouhyou_detail_004_kani=true&JigyosyoCd=4470800139-00&ServiceCd=110&Type=search", "url2": "https://yuyukyo.com" }, "geometry": { "type": "Point", "coordinates": [ 131.414133798811349, 32.991119384194597 ] } },
{ "type": "Feature", "properties": { "内容": "医療生協竹田ヘルパーステーション【訪問介護】大分県竹田市大字会々3313-1竹田診療所（内）", "url": "https://www.kaigokensaku.mhlw.go.jp/44/index.php?action_kouhyou_detail_004_kani=true&JigyosyoCd=4470800303-00&ServiceCd=110&Type=search", "url2": "http://www.oita-min.jp/" }, "geometry": { "type": "Point", "coordinates": [ 131.382292499999949, 32.9749832 ] } },
{ "type": "Feature", "properties": { "内容": "大分部品株式会社ひまわり竹田【訪問介護】大分県竹田市大字菅生１１６９－２", "url": "https://www.kaigokensaku.mhlw.go.jp/44/index.php?action_kouhyou_detail_004_kani=true&JigyosyoCd=4470800188-00&ServiceCd=110&Type=search", "url2": "himawari@oit-p.co.jp" }, "geometry": { "type": "Point", "coordinates": [ 131.2819048, 32.9574413 ] } },
{ "type": "Feature", "properties": { "内容": "豊後高田市ヘルパーステーション【訪問介護】大分県豊後高田市臼野4335番地3", "url": "https://www.kaigokensaku.mhlw.go.jp/44/index.php?action_kouhyou_detail_004_kani=true&JigyosyoCd=4470900244-00&ServiceCd=110&Type=search", "url2": null }, "geometry": { "type": "Point", "coordinates": [ 131.476316399999973, 33.6304172 ] } },
{ "type": "Feature", "properties": { "内容": "ヘルパーステーション高田中央【訪問介護】豊後高田市新地1170番地", "url": "https://www.kaigokensaku.mhlw.go.jp/44/index.php?action_kouhyou_detail_004_kani=true&JigyosyoCd=4470900418-00&ServiceCd=110&Type=search", "url2": "https://takachuo.com/" }, "geometry": { "type": "Point", "coordinates": [ 131.439693530194091, 33.555338815043207 ] } },
{ "type": "Feature", "properties": { "内容": "ヘルパーサービス玄々堂【訪問介護】大分県豊後高田市呉崎3158-2あっとほーむ玄々堂", "url": "https://www.kaigokensaku.mhlw.go.jp/44/index.php?action_kouhyou_detail_004_kani=true&JigyosyoCd=4470900384-00&ServiceCd=110&Type=search", "url2": "https://ag-holdings.jp/actcare/takada/" }, "geometry": { "type": "Point", "coordinates": [ 131.435299100000066, 33.5689395 ] } },
{ "type": "Feature", "properties": { "内容": "訪問介護事業オリーブ高田【訪問介護】大分県豊後高田市新地1157番地ケアプレイスオリーブ", "url": "https://www.kaigokensaku.mhlw.go.jp/44/index.php?action_kouhyou_detail_004_kani=true&JigyosyoCd=4470900079-00&ServiceCd=110&Type=search", "url2": "http://olive-care.com/" }, "geometry": { "type": "Point", "coordinates": [ 131.439779899999962, 33.5537768 ] } },
{ "type": "Feature", "properties": { "内容": "訪問介護事業所またたき【訪問介護】大分県豊後高田市森４６－１奥田コーポ2号", "url": "https://www.kaigokensaku.mhlw.go.jp/44/index.php?action_kouhyou_detail_004_kani=true&JigyosyoCd=4470900426-00&ServiceCd=110&Type=search", "url2": null }, "geometry": { "type": "Point", "coordinates": [ 131.460976868899792, 33.549232708175964 ] } },
{ "type": "Feature", "properties": { "内容": "JAおおいた豊後高田福祉サービスセンター【訪問介護】大分県豊後高田市玉津2073番地2", "url": "https://www.kaigokensaku.mhlw.go.jp/44/index.php?action_kouhyou_detail_004_kani=true&JigyosyoCd=4470900335-00&ServiceCd=110&Type=search", "url2": null }, "geometry": { "type": "Point", "coordinates": [ 131.442909699999973, 33.5703146 ] } },
{ "type": "Feature", "properties": { "内容": "やすらぎの里ヘルパーステーション【訪問介護】大分県豊後高田市呉崎775-10グループホーム棟2階", "url": "https://www.kaigokensaku.mhlw.go.jp/44/index.php?action_kouhyou_detail_004_kani=true&JigyosyoCd=4470900103-00&ServiceCd=110&Type=search", "url2": "https://s-yasuragi.org" }, "geometry": { "type": "Point", "coordinates": [ 131.431951700000013, 33.5770802 ] } },
{ "type": "Feature", "properties": { "内容": "一心会ホームヘルプサービス【訪問介護】大分県杵築市山香町大字野原1405-1", "url": "https://www.kaigokensaku.mhlw.go.jp/44/index.php?action_kouhyou_detail_004_kani=true&JigyosyoCd=4471000499-00&ServiceCd=110&Type=search", "url2": "http://isshinkai-oita-kitsuki.jp" }, "geometry": { "type": "Point", "coordinates": [ 131.506360500000028, 33.4427584 ] } },
{ "type": "Feature", "properties": { "内容": "杵築市社会福祉協議会ホームヘルパーステーション杵築【訪問介護】大分県杵築市大字猪尾941番地", "url": "https://www.kaigokensaku.mhlw.go.jp/44/index.php?action_kouhyou_detail_004_kani=true&JigyosyoCd=4471000085-00&ServiceCd=110&Type=search", "url2": "ｈｔｔｐ：//ｗｗｗ18．ｏｃｎ．ｎｅ．ｊｐ/～ｋｓｈａｋｙｏ/" }, "geometry": { "type": "Point", "coordinates": [ 131.608598, 33.4037381 ] } },
{ "type": "Feature", "properties": { "内容": "ヘルパーステーション初音の里【訪問介護】大分県杵築市溝井1609番地", "url": "https://www.kaigokensaku.mhlw.go.jp/44/index.php?action_kouhyou_detail_004_kani=true&JigyosyoCd=4471000515-00&ServiceCd=110&Type=search", "url2": "http://www.kimura-corp.co.jp" }, "geometry": { "type": "Point", "coordinates": [ 131.593283549073789, 33.430110362906746 ] } },
{ "type": "Feature", "properties": { "内容": "ハートフルケア笑顔【訪問介護】大分県杵築市山香町大字野原1682番地1", "url": "https://www.kaigokensaku.mhlw.go.jp/44/index.php?action_kouhyou_detail_004_kani=true&JigyosyoCd=4471000481-00&ServiceCd=110&Type=search", "url2": "http://npoegao.web.fc2.com/" }, "geometry": { "type": "Point", "coordinates": [ 131.506449100000026, 33.4467663 ] } },
{ "type": "Feature", "properties": { "内容": "ヘルパーステーション　とわの桜【訪問介護】大分県杵築市大字馬場尾508番地2", "url": "https://www.kaigokensaku.mhlw.go.jp/44/index.php?action_kouhyou_detail_004_kani=true&JigyosyoCd=4471000739-00&ServiceCd=110&Type=search", "url2": null }, "geometry": { "type": "Point", "coordinates": [ 131.594184, 33.430787396611215 ] } },
{ "type": "Feature", "properties": { "内容": "ひまわりホームヘルパーステーション【訪問介護】大分県杵築市大字大内字塩浜7701番1", "url": "https://www.kaigokensaku.mhlw.go.jp/44/index.php?action_kouhyou_detail_004_kani=true&JigyosyoCd=4471000069-00&ServiceCd=110&Type=search", "url2": "http://etoh-g.jp" }, "geometry": { "type": "Point", "coordinates": [ 131.631365459385734, 33.424475210533402 ] } },
{ "type": "Feature", "properties": { "内容": "ヘルパーステーションあのね【訪問介護】大分県杵築市大字南杵築1943番1", "url": "https://www.kaigokensaku.mhlw.go.jp/44/index.php?action_kouhyou_detail_004_kani=true&JigyosyoCd=4471000473-00&ServiceCd=110&Type=search", "url2": null }, "geometry": { "type": "Point", "coordinates": [ 131.60822, 33.4186256 ] } },
{ "type": "Feature", "properties": { "内容": "株式会社ＪＡいこいの村　生活福祉センター【訪問介護】大分県杵築市大字大内7707番地2", "url": "https://www.kaigokensaku.mhlw.go.jp/44/index.php?action_kouhyou_detail_004_kani=true&JigyosyoCd=4471000531-00&ServiceCd=110&Type=search", "url2": null }, "geometry": { "type": "Point", "coordinates": [ 131.6319294, 33.4241979 ] } },
{ "type": "Feature", "properties": { "内容": "杵築市山香ヘルパーステーション【訪問介護】杵築市山香町大字野原1612番地の1", "url": "https://www.kaigokensaku.mhlw.go.jp/44/index.php?action_kouhyou_detail_004_kani=true&JigyosyoCd=4472200247-00&ServiceCd=110&Type=search", "url2": "http://www.yamaga-hp.jp" }, "geometry": { "type": "Point", "coordinates": [ 131.508643399999983, 33.445336 ] } },
{ "type": "Feature", "properties": { "内容": "ホームヘルパーステーションぼだいじゅ【訪問介護】大分県杵築市大字日野1921番地の7", "url": "https://www.kaigokensaku.mhlw.go.jp/44/index.php?action_kouhyou_detail_004_kani=true&JigyosyoCd=4471000192-00&ServiceCd=110&Type=search", "url2": "http//www.minorimura.or.jp/" }, "geometry": { "type": "Point", "coordinates": [ 131.598349, 33.3938583 ] } },
{ "type": "Feature", "properties": { "内容": "とどろきの里ホームヘルパーステーション【訪問介護】大分県杵築市大字船部字中津屋2167-32", "url": "https://www.kaigokensaku.mhlw.go.jp/44/index.php?action_kouhyou_detail_004_kani=true&JigyosyoCd=4471000127-00&ServiceCd=110&Type=search", "url2": "todoroki@kdt.ne.jp" }, "geometry": { "type": "Point", "coordinates": [ 131.600117299999965, 33.4491504 ] } },
{ "type": "Feature", "properties": { "内容": "杵築市社会福祉協議会ホームヘルパーステーション杵築【訪問介護】大分県杵築市大字猪尾941番地", "url": "https://www.kaigokensaku.mhlw.go.jp/44/index.php?action_kouhyou_detail_004_kani=true&JigyosyoCd=4471000705-00&ServiceCd=110&Type=search", "url2": "https://kitsukishakyo.jp/" }, "geometry": { "type": "Point", "coordinates": [ 131.608168846557646, 33.40343357640991 ] } },
{ "type": "Feature", "properties": { "内容": "宇水園ヘルパーステーション【訪問介護】大分県宇佐市高森723", "url": "https://www.kaigokensaku.mhlw.go.jp/44/index.php?action_kouhyou_detail_004_kani=true&JigyosyoCd=4471100257-00&ServiceCd=110&Type=search", "url2": "http://usuien.com" }, "geometry": { "type": "Point", "coordinates": [ 131.366995699999961, 33.5417879 ] } },
{ "type": "Feature", "properties": { "内容": "ヘルパーステーション心【訪問介護】大分県宇佐市大字別府１６番地の５", "url": "https://www.kaigokensaku.mhlw.go.jp/44/index.php?action_kouhyou_detail_004_kani=true&JigyosyoCd=4471100927-00&ServiceCd=110&Type=search", "url2": "http://www.human-totalcare.co.jp" }, "geometry": { "type": "Point", "coordinates": [ 131.345262, 33.5242422 ] } },
{ "type": "Feature", "properties": { "内容": "サン・ケアネット宇佐有限会社【訪問介護】大分県宇佐市大字樋田４３番地の４", "url": "https://www.kaigokensaku.mhlw.go.jp/44/index.php?action_kouhyou_detail_004_kani=true&JigyosyoCd=4471100349-00&ServiceCd=110&Type=search", "url2": null }, "geometry": { "type": "Point", "coordinates": [ 131.3404706, 33.526139 ] } },
{ "type": "Feature", "properties": { "内容": "訪問介護事業所　オリーブ宇佐【訪問介護】大分県宇佐市大字東高家９８４番１デイサービス　オリーブ宇佐", "url": "https://www.kaigokensaku.mhlw.go.jp/44/index.php?action_kouhyou_detail_004_kani=true&JigyosyoCd=4471101099-00&ServiceCd=110&Type=search", "url2": "http://www.olive-care.com/" }, "geometry": { "type": "Point", "coordinates": [ 131.316934587009854, 33.565598236350553 ] } },
{ "type": "Feature", "properties": { "内容": "宇佐両院ホームヘルプサービスセンター【訪問介護】大分県宇佐市院内町御沓556番地の4", "url": "https://www.kaigokensaku.mhlw.go.jp/44/index.php?action_kouhyou_detail_004_kani=true&JigyosyoCd=4473100115-00&ServiceCd=110&Type=search", "url2": null }, "geometry": { "type": "Point", "coordinates": [ 131.324383399999988, 33.4541679 ] } },
{ "type": "Feature", "properties": { "内容": "院内福祉サービス【訪問介護】院内町副1107-2", "url": "https://www.kaigokensaku.mhlw.go.jp/44/index.php?action_kouhyou_detail_004_kani=true&JigyosyoCd=4471101040-00&ServiceCd=110&Type=search", "url2": null }, "geometry": { "type": "Point", "coordinates": [ 131.322895199999948, 33.4279508 ] } },
{ "type": "Feature", "properties": { "内容": "ホームヘルプサービス　かがやき【訪問介護】大分県宇佐市大字四日市８５１番地１", "url": "https://www.kaigokensaku.mhlw.go.jp/44/index.php?action_kouhyou_detail_004_kani=true&JigyosyoCd=4471101370-00&ServiceCd=110&Type=search", "url2": null }, "geometry": { "type": "Point", "coordinates": [ 131.316372300000012, 33.5378564 ] } },
{ "type": "Feature", "properties": { "内容": "地域総合支援センターサポートネットすまいる【訪問介護】大分県宇佐市大字四日市２４８２－１", "url": "https://www.kaigokensaku.mhlw.go.jp/44/index.php?action_kouhyou_detail_004_kani=true&JigyosyoCd=4471100604-00&ServiceCd=110&Type=search", "url2": "www.oitaswo.jp" }, "geometry": { "type": "Point", "coordinates": [ 131.32371934799346, 33.526888106592438 ] } },
{ "type": "Feature", "properties": { "内容": "妻垣荘訪問介護ステーション【訪問介護】大分県宇佐市安心院町妻垣４０１番地", "url": "https://www.kaigokensaku.mhlw.go.jp/44/index.php?action_kouhyou_detail_004_kani=true&JigyosyoCd=4473100099-00&ServiceCd=110&Type=search", "url2": "http://care-net.biz/44/tumagaki" }, "geometry": { "type": "Point", "coordinates": [ 131.363286199999948, 33.4287233 ] } },
{ "type": "Feature", "properties": { "内容": "株式会社　あいの里【訪問介護】大分県宇佐市大字青森481番地1", "url": "https://www.kaigokensaku.mhlw.go.jp/44/index.php?action_kouhyou_detail_004_kani=true&JigyosyoCd=4471101156-00&ServiceCd=110&Type=search", "url2": "http://aikaigojapan.web.fc2.com" }, "geometry": { "type": "Point", "coordinates": [ 131.417102278434754, 33.547358252589056 ] } },
{ "type": "Feature", "properties": { "内容": "ホームヘルプサービスやまぶき【訪問介護】大分県宇佐市大字上高31番地の10有料老人ホームやまぶきの里", "url": "https://www.kaigokensaku.mhlw.go.jp/44/index.php?action_kouhyou_detail_004_kani=true&JigyosyoCd=4471101131-00&ServiceCd=110&Type=search", "url2": "http://www.yamabuki-no-sato.com/" }, "geometry": { "type": "Point", "coordinates": [ 131.313022300000057, 33.5434974 ] } },
{ "type": "Feature", "properties": { "内容": "丸三グロリアホームヘルプサービス【訪問介護】大分県宇佐市大字芝原147丸三グロリアホームヘルプサービス", "url": "https://www.kaigokensaku.mhlw.go.jp/44/index.php?action_kouhyou_detail_004_kani=true&JigyosyoCd=4471101396-00&ServiceCd=110&Type=search", "url2": "www.care-maru3.jp" }, "geometry": { "type": "Point", "coordinates": [ 131.340975500000013, 33.5396124 ] } },
{ "type": "Feature", "properties": { "内容": "訪問介護キヨセ福祉サービス【訪問介護】大分県宇佐市大字四日市1447-3", "url": "https://www.kaigokensaku.mhlw.go.jp/44/index.php?action_kouhyou_detail_004_kani=true&JigyosyoCd=4471100380-00&ServiceCd=110&Type=search", "url2": "http://ｗｗｗ.kiyose-taxi.jp" }, "geometry": { "type": "Point", "coordinates": [ 131.328032600000029, 33.5307742 ] } },
{ "type": "Feature", "properties": { "内容": "ひかり介護サービス【訪問介護】大分県宇佐市大字四日市４４４２－４", "url": "https://www.kaigokensaku.mhlw.go.jp/44/index.php?action_kouhyou_detail_004_kani=true&JigyosyoCd=4471100463-00&ServiceCd=110&Type=search", "url2": "http://meihokai.or.jp" }, "geometry": { "type": "Point", "coordinates": [ 131.318897500000048, 33.5232332 ] } },
{ "type": "Feature", "properties": { "内容": "訪問介護事業所　さくら【訪問介護】大分県宇佐市大字南敷田776番地の1", "url": "https://www.kaigokensaku.mhlw.go.jp/44/index.php?action_kouhyou_detail_004_kani=true&JigyosyoCd=4471100745-00&ServiceCd=110&Type=search", "url2": "vira@ono-naika.jp" }, "geometry": { "type": "Point", "coordinates": [ 131.278997669975297, 33.549718830794525 ] } },
{ "type": "Feature", "properties": { "内容": "セントケア宇佐【訪問介護】大分県宇佐市大字四日市１４６９－１", "url": "https://www.kaigokensaku.mhlw.go.jp/44/index.php?action_kouhyou_detail_004_kani=true&JigyosyoCd=4471101180-00&ServiceCd=110&Type=search", "url2": "https://saint-care-kyusyu.hp-recruit.jp/" }, "geometry": { "type": "Point", "coordinates": [ 131.34159, 33.525933 ] } },
{ "type": "Feature", "properties": { "内容": "ヘルパーステーション　まごの手【訪問介護】大分県宇佐市江須賀4046-2", "url": "https://www.kaigokensaku.mhlw.go.jp/44/index.php?action_kouhyou_detail_004_kani=true&JigyosyoCd=4471101412-00&ServiceCd=110&Type=search", "url2": "usa-chyuou.webmedipr.jp" }, "geometry": { "type": "Point", "coordinates": [ 131.357004299999971, 33.5553943 ] } },
{ "type": "Feature", "properties": { "内容": "和光園訪問介護事業所【訪問介護】大分県宇佐市大字出光189-2", "url": "https://www.kaigokensaku.mhlw.go.jp/44/index.php?action_kouhyou_detail_004_kani=true&JigyosyoCd=4471100372-00&ServiceCd=110&Type=search", "url2": "http://www1.ocn.ne.jp/~wakou0/" }, "geometry": { "type": "Point", "coordinates": [ 131.411777, 33.5287429 ] } },
{ "type": "Feature", "properties": { "内容": "指定訪問介護事業所清流荘【訪問介護】大分県宇佐市大字山本1658番地", "url": "https://www.kaigokensaku.mhlw.go.jp/44/index.php?action_kouhyou_detail_004_kani=true&JigyosyoCd=4471100141-00&ServiceCd=110&Type=search", "url2": null }, "geometry": { "type": "Point", "coordinates": [ 131.327639, 33.5081019 ] } },
{ "type": "Feature", "properties": { "内容": "ホームヘルプサービスかがやき【訪問介護】大分県宇佐市大字四日市851番地の1", "url": "https://www.kaigokensaku.mhlw.go.jp/44/index.php?action_kouhyou_detail_004_kani=true&JigyosyoCd=4471101578-00&ServiceCd=110&Type=search", "url2": null }, "geometry": { "type": "Point", "coordinates": [ 131.316655200000014, 33.5379692 ] } },
{ "type": "Feature", "properties": { "内容": "ヘルパーステーション　オラレア【訪問介護】大分県宇佐市大字葛原780-2", "url": "https://www.kaigokensaku.mhlw.go.jp/44/index.php?action_kouhyou_detail_004_kani=true&JigyosyoCd=4471101248-00&ServiceCd=110&Type=search", "url2": "http.//www.lifestageolalea./com" }, "geometry": { "type": "Point", "coordinates": [ 131.329729499999985, 33.5358542 ] } },
{ "type": "Feature", "properties": { "内容": "ホームヘルプサービス「たんぽぽ」【訪問介護】大分県宇佐市安心院町下毛字五反田2071番3", "url": "https://www.kaigokensaku.mhlw.go.jp/44/index.php?action_kouhyou_detail_004_kani=true&JigyosyoCd=4471100471-00&ServiceCd=110&Type=search", "url2": null }, "geometry": { "type": "Point", "coordinates": [ 131.353216559143107, 33.438411071553659 ] } },
{ "type": "Feature", "properties": { "内容": "駅水ヘルパーステーション【訪問介護】大分県宇佐市住吉町３丁目１番", "url": "https://www.kaigokensaku.mhlw.go.jp/44/index.php?action_kouhyou_detail_004_kani=true&JigyosyoCd=4471101024-00&ServiceCd=110&Type=search", "url2": null }, "geometry": { "type": "Point", "coordinates": [ 131.362634100000037, 33.5680624 ] } },
{ "type": "Feature", "properties": { "内容": "めずらの里　訪問介護サービス【訪問介護】大分県宇佐市大字下時枝648番地", "url": "https://www.kaigokensaku.mhlw.go.jp/44/index.php?action_kouhyou_detail_004_kani=true&JigyosyoCd=4471100646-00&ServiceCd=110&Type=search", "url2": "httpｓ://mezura.jp/" }, "geometry": { "type": "Point", "coordinates": [ 131.304894756205726, 33.556854783639359 ] } },
{ "type": "Feature", "properties": { "内容": "JAおおいた　宇佐福祉サービスセンター【訪問介護】大分県宇佐市大字長洲921番地3", "url": "https://www.kaigokensaku.mhlw.go.jp/44/index.php?action_kouhyou_detail_004_kani=true&JigyosyoCd=4471100992-00&ServiceCd=110&Type=search", "url2": null }, "geometry": { "type": "Point", "coordinates": [ 131.38421070000004, 33.565455 ] } },
{ "type": "Feature", "properties": { "内容": "特定非営利活動法人ヘルパーステーション吉田【訪問介護】大分県宇佐市大字北宇佐254番地", "url": "https://www.kaigokensaku.mhlw.go.jp/44/index.php?action_kouhyou_detail_004_kani=true&JigyosyoCd=4471101107-00&ServiceCd=110&Type=search", "url2": null }, "geometry": { "type": "Point", "coordinates": [ 131.381561599999941, 33.5392914 ] } },
{ "type": "Feature", "properties": { "内容": "ヘルパーステーション宇佐【訪問介護】大分県宇佐市東高家138-1", "url": "https://www.kaigokensaku.mhlw.go.jp/44/index.php?action_kouhyou_detail_004_kani=true&JigyosyoCd=4471101495-00&ServiceCd=110&Type=search", "url2": null }, "geometry": { "type": "Point", "coordinates": [ 131.308377447698774, 33.568644165686123 ] } },
{ "type": "Feature", "properties": { "内容": "ヘルパーステーションすこやか【訪問介護】大字川部1500番地", "url": "https://www.kaigokensaku.mhlw.go.jp/44/index.php?action_kouhyou_detail_004_kani=true&JigyosyoCd=4471100935-00&ServiceCd=110&Type=search", "url2": "sukoyaka-usa2@aroma.ocn.ne.jp" }, "geometry": { "type": "Point", "coordinates": [ 134.009174900000062, 34.2641289 ] } },
{ "type": "Feature", "properties": { "内容": "ヘルパーステーションらふ法鏡寺【訪問介護】大分県宇佐市法鏡寺288-1", "url": "https://www.kaigokensaku.mhlw.go.jp/44/index.php?action_kouhyou_detail_004_kani=true&JigyosyoCd=4471101339-00&ServiceCd=110&Type=search", "url2": null }, "geometry": { "type": "Point", "coordinates": [ 131.346502662704467, 33.52668118654104 ] } },
{ "type": "Feature", "properties": { "内容": "泰生の里ヘルパー・ステーション「ソポルテ宇佐」【訪問介護】大分県宇佐市大字山下字下坂本２１００番地", "url": "https://www.kaigokensaku.mhlw.go.jp/44/index.php?action_kouhyou_detail_004_kani=true&JigyosyoCd=4471100158-00&ServiceCd=110&Type=search", "url2": "http://www.wellb.or.jp/usa/index.html" }, "geometry": { "type": "Point", "coordinates": [ 131.305439989640803, 33.535178852164485 ] } },
{ "type": "Feature", "properties": { "内容": "ヘルパーステーションほりかわ【訪問介護】大分県宇佐市院内町櫛野165-1有料老人ホームほりかわ１号館", "url": "https://www.kaigokensaku.mhlw.go.jp/44/index.php?action_kouhyou_detail_004_kani=true&JigyosyoCd=4471100885-00&ServiceCd=110&Type=search", "url2": "https://care-horikawa.info/" }, "geometry": { "type": "Point", "coordinates": [ 131.32814970000004, 33.4541734 ] } },
{ "type": "Feature", "properties": { "内容": "常楽荘ヘルパーセンター【訪問介護】大分県豊後大野市緒方町576番地1養護老人ホーム常楽荘", "url": "https://www.kaigokensaku.mhlw.go.jp/44/index.php?action_kouhyou_detail_004_kani=true&JigyosyoCd=4471200214-00&ServiceCd=110&Type=search", "url2": "http://www.kaiseien-bungo-ohno.com/" }, "geometry": { "type": "Point", "coordinates": [ 131.478628299999968, 32.9716722 ] } },
{ "type": "Feature", "properties": { "内容": "ヘルパーステーションおがた【訪問介護】大分県豊後大野市緒方町馬場36番地豊後大野市役所　緒方支所内", "url": "https://www.kaigokensaku.mhlw.go.jp/44/index.php?action_kouhyou_detail_004_kani=true&JigyosyoCd=4472600503-00&ServiceCd=110&Type=search", "url2": "http://bungo-fukushi.jimdo.com/" }, "geometry": { "type": "Point", "coordinates": [ 131.473856703704769, 32.970396313272929 ] } },
{ "type": "Feature", "properties": { "内容": "ヘルパーステーションいぬかい【訪問介護】大分県豊後大野市犬飼町田原1421番地40", "url": "https://www.kaigokensaku.mhlw.go.jp/44/index.php?action_kouhyou_detail_004_kani=true&JigyosyoCd=4472600917-00&ServiceCd=110&Type=search", "url2": "http://bungo-fukushi.jimdo.com/" }, "geometry": { "type": "Point", "coordinates": [ 131.631835668717258, 33.067326720416617 ] } },
{ "type": "Feature", "properties": { "内容": "ヘルパーステーションつむぎ【訪問介護】大分県豊後大野市千歳町新殿314番地11", "url": "https://www.kaigokensaku.mhlw.go.jp/44/index.php?action_kouhyou_detail_004_kani=true&JigyosyoCd=4471200818-00&ServiceCd=110&Type=search", "url2": null }, "geometry": { "type": "Point", "coordinates": [ 131.596352654631005, 33.045025661709339 ] } },
{ "type": "Feature", "properties": { "内容": "高齢者訪問介護事業所　奏【訪問介護】大分県豊後大野市千歳町船田598-１", "url": "https://www.kaigokensaku.mhlw.go.jp/44/index.php?action_kouhyou_detail_004_kani=true&JigyosyoCd=4471200800-00&ServiceCd=110&Type=search", "url2": null }, "geometry": { "type": "Point", "coordinates": [ 131.5730393, 33.0524354 ] } },
{ "type": "Feature", "properties": { "内容": "ＪＡおおいたぶんご大野福祉サービスセンター【訪問介護】大分県豊後大野市三重町芦刈965－20ＪＡおおいた豊肥事業部", "url": "https://www.kaigokensaku.mhlw.go.jp/44/index.php?action_kouhyou_detail_004_kani=true&JigyosyoCd=4471200362-00&ServiceCd=110&Type=search", "url2": "http：//www.jaoita.net/ja-oita.html" }, "geometry": { "type": "Point", "coordinates": [ 131.6085253, 32.9922326 ] } },
{ "type": "Feature", "properties": { "内容": "ヘルパーステーション　まごの手【訪問介護】大分県豊後大野市朝地町下野442番地2", "url": "https://www.kaigokensaku.mhlw.go.jp/44/index.php?action_kouhyou_detail_004_kani=true&JigyosyoCd=4471200461-00&ServiceCd=110&Type=search", "url2": null }, "geometry": { "type": "Point", "coordinates": [ 131.459216100000049, 33.004293 ] } },
{ "type": "Feature", "properties": { "内容": "やちよ　ホームヘルプサービス【訪問介護】大分県豊後大野市三重町市場187番地2", "url": "https://www.kaigokensaku.mhlw.go.jp/44/index.php?action_kouhyou_detail_004_kani=true&JigyosyoCd=4471200487-00&ServiceCd=110&Type=search", "url2": "http://www,kcc-fukushi,co,jp" }, "geometry": { "type": "Point", "coordinates": [ 131.588338499999963, 32.9815496 ] } },
{ "type": "Feature", "properties": { "内容": "花みずきケアセンター【訪問介護】大野町田中２２１番地２花みずき新館", "url": "https://www.kaigokensaku.mhlw.go.jp/44/index.php?action_kouhyou_detail_004_kani=true&JigyosyoCd=4470101603-00&ServiceCd=110&Type=search", "url2": null }, "geometry": { "type": "Point", "coordinates": [ 131.498883400000068, 33.0408857 ] } },
{ "type": "Feature", "properties": { "内容": "任運荘ホームヘルパーステーション【訪問介護】大分県豊後大野市緒方町馬場東仙寺３２０番地", "url": "https://www.kaigokensaku.mhlw.go.jp/44/index.php?action_kouhyou_detail_004_kani=true&JigyosyoCd=4471200511-00&ServiceCd=110&Type=search", "url2": "http://ninun.or.jp/" }, "geometry": { "type": "Point", "coordinates": [ 131.477248003670184, 32.968452785383803 ] } },
{ "type": "Feature", "properties": { "内容": "ヘルパーステーション秋桜【訪問介護】大分県豊後大野市三重町内田2542番地", "url": "https://www.kaigokensaku.mhlw.go.jp/44/index.php?action_kouhyou_detail_004_kani=true&JigyosyoCd=4471200438-00&ServiceCd=110&Type=search", "url2": null }, "geometry": { "type": "Point", "coordinates": [ 131.5921078, 32.9761615 ] } },
{ "type": "Feature", "properties": { "内容": "ニコニコヘルパーステーション【訪問介護】大分県豊後大野市三重町小坂4110-7", "url": "https://www.kaigokensaku.mhlw.go.jp/44/index.php?action_kouhyou_detail_004_kani=true&JigyosyoCd=4471200693-00&ServiceCd=110&Type=search", "url2": "http://www.nikoniko.or.jp" }, "geometry": { "type": "Point", "coordinates": [ 131.616979899999933, 32.9968826 ] } },
{ "type": "Feature", "properties": { "内容": "ヘルパーステーションI.C【訪問介護】三重町芦刈１４６４", "url": "https://www.kaigokensaku.mhlw.go.jp/44/index.php?action_kouhyou_detail_004_kani=true&JigyosyoCd=4471200859-00&ServiceCd=110&Type=search", "url2": "https://www.individuality-care.jp/" }, "geometry": { "type": "Point", "coordinates": [ 131.599889137552282, 32.997692585254775 ] } },
{ "type": "Feature", "properties": { "内容": "ニチイケアセンターみえ【訪問介護】大分県豊後大野市三重町赤嶺864", "url": "https://www.kaigokensaku.mhlw.go.jp/44/index.php?action_kouhyou_detail_004_kani=true&JigyosyoCd=4471200552-00&ServiceCd=110&Type=search", "url2": null }, "geometry": { "type": "Point", "coordinates": [ 131.597982, 32.9836164 ] } },
{ "type": "Feature", "properties": { "内容": "ヘルパーセンターゆりかご【訪問介護】大分県豊後大野市三重町菅生９２１番地１", "url": "https://www.kaigokensaku.mhlw.go.jp/44/index.php?action_kouhyou_detail_004_kani=true&JigyosyoCd=4471200610-00&ServiceCd=110&Type=search", "url2": null }, "geometry": { "type": "Point", "coordinates": [ 131.62394560000007, 33.0103593 ] } },
{ "type": "Feature", "properties": { "内容": "みえホームヘルパーステーション【訪問介護】大分県豊後大野市三重町赤嶺1259番地", "url": "https://www.kaigokensaku.mhlw.go.jp/44/index.php?action_kouhyou_detail_004_kani=true&JigyosyoCd=4471200495-00&ServiceCd=110&Type=search", "url2": "www.kigankai.or.jp/" }, "geometry": { "type": "Point", "coordinates": [ 131.599570699999958, 32.9873799 ] } },
{ "type": "Feature", "properties": { "内容": "ホームヘルプセンター　紫雲【訪問介護】大分県豊後大野市三重町内田2672番地1-1", "url": "https://www.kaigokensaku.mhlw.go.jp/44/index.php?action_kouhyou_detail_004_kani=true&JigyosyoCd=4472600263-00&ServiceCd=110&Type=search", "url2": "siunkai.com" }, "geometry": { "type": "Point", "coordinates": [ 131.593232057060391, 32.981006168267754 ] } },
{ "type": "Feature", "properties": { "内容": "常楽荘ヘルパーセンター【訪問介護】大分県豊後大野市緒方町下自在123番地1", "url": "https://www.kaigokensaku.mhlw.go.jp/44/index.php?action_kouhyou_detail_004_kani=true&JigyosyoCd=4472600370-00&ServiceCd=110&Type=search", "url2": "http://www,kaiseien-jouraku@aurora.ocn.ne.jp" }, "geometry": { "type": "Point", "coordinates": [ 131.470888076250901, 32.970842931293589 ] } },
{ "type": "Feature", "properties": { "内容": "ヘルパーステーションフェリス【訪問介護】大分県豊後大野市千歳町川辺803番地", "url": "https://www.kaigokensaku.mhlw.go.jp/44/index.php?action_kouhyou_detail_004_kani=true&JigyosyoCd=4471200388-00&ServiceCd=110&Type=search", "url2": "http://www.citydo.com/prf/oita/guide/sg/520002912.html" }, "geometry": { "type": "Point", "coordinates": [ 131.58366, 33.0198094 ] } },
{ "type": "Feature", "properties": { "内容": "ホームヘルプセンターももたろう【訪問介護】清川町三玉686番地", "url": "https://www.kaigokensaku.mhlw.go.jp/44/index.php?action_kouhyou_detail_004_kani=true&JigyosyoCd=4471200016-00&ServiceCd=110&Type=search", "url2": "http://www2.hp-ez.com/hp/mo2tarou" }, "geometry": { "type": "Point", "coordinates": [ 131.506206600000041, 32.9612633 ] } },
{ "type": "Feature", "properties": { "内容": "ヘルパーステーションぶんごおおの【訪問介護】大分県豊後大野市清川町砂田1844番地", "url": "https://www.kaigokensaku.mhlw.go.jp/44/index.php?action_kouhyou_detail_004_kani=true&JigyosyoCd=4472600602-00&ServiceCd=110&Type=search", "url2": "https://www.bghohnosw.com/" }, "geometry": { "type": "Point", "coordinates": [ 131.512420877319045, 32.967819796129795 ] } },
{ "type": "Feature", "properties": { "内容": "由布市居宅介護挾間事業所こすもす【訪問介護】大分県由布市挾間町向原16番地", "url": "https://www.kaigokensaku.mhlw.go.jp/44/index.php?action_kouhyou_detail_004_kani=true&JigyosyoCd=4472300138-00&ServiceCd=110&Type=search", "url2": null }, "geometry": { "type": "Point", "coordinates": [ 131.5167275, 33.1956803 ] } },
{ "type": "Feature", "properties": { "内容": "ホームヘルプサービス情和園【訪問介護】大分県由布市庄内町西長宝870番地1", "url": "https://www.kaigokensaku.mhlw.go.jp/44/index.php?action_kouhyou_detail_004_kani=true&JigyosyoCd=4472300211-00&ServiceCd=110&Type=search", "url2": "http://www.jyowaen.com/" }, "geometry": { "type": "Point", "coordinates": [ 131.442431899999974, 33.1961205 ] } },
{ "type": "Feature", "properties": { "内容": "訪問介護ゆとり【訪問介護】大分県由布市湯布院町川南280", "url": "https://www.kaigokensaku.mhlw.go.jp/44/index.php?action_kouhyou_detail_004_kani=true&JigyosyoCd=4471300253-00&ServiceCd=110&Type=search", "url2": "http://www16.ocn.ne.jp/~hinohp" }, "geometry": { "type": "Point", "coordinates": [ 131.358704699999947, 33.2570872 ] } },
{ "type": "Feature", "properties": { "内容": "訪問介護ステーション　プリマ【訪問介護】庄内町大龍１７４６番地1コーポ若木405", "url": "https://www.kaigokensaku.mhlw.go.jp/44/index.php?action_kouhyou_detail_004_kani=true&JigyosyoCd=4471300550-00&ServiceCd=110&Type=search", "url2": null }, "geometry": { "type": "Point", "coordinates": [ 131.4399419, 33.1794241 ] } },
{ "type": "Feature", "properties": { "内容": "ヘルパーステーションくすのき【訪問介護】大分県由布市挾間町筒口667", "url": "https://www.kaigokensaku.mhlw.go.jp/44/index.php?action_kouhyou_detail_004_kani=true&JigyosyoCd=4471300360-00&ServiceCd=110&Type=search", "url2": null }, "geometry": { "type": "Point", "coordinates": [ 131.484585, 33.1658912 ] } },
{ "type": "Feature", "properties": { "内容": "ヘルパーステーション花の里【訪問介護】大分県由布市庄内町西４１４番地", "url": "https://www.kaigokensaku.mhlw.go.jp/44/index.php?action_kouhyou_detail_004_kani=true&JigyosyoCd=4471300493-00&ServiceCd=110&Type=search", "url2": "hananosato-oita.jp" }, "geometry": { "type": "Point", "coordinates": [ 131.439710200000036, 33.1859157 ] } },
{ "type": "Feature", "properties": { "内容": "訪問介護事業所　あいな【訪問介護】大分県由布市挾間町挾間４８６番地５コーポ長田１０３", "url": "https://www.kaigokensaku.mhlw.go.jp/44/index.php?action_kouhyou_detail_004_kani=true&JigyosyoCd=4471300527-00&ServiceCd=110&Type=search", "url2": null }, "geometry": { "type": "Point", "coordinates": [ 131.516373700000031, 33.2002117 ] } },
{ "type": "Feature", "properties": { "内容": "ヘルパーステーション豊友【訪問介護】大分県由布市挾間町鬼崎4-16", "url": "https://www.kaigokensaku.mhlw.go.jp/44/index.php?action_kouhyou_detail_004_kani=true&JigyosyoCd=4472300393-00&ServiceCd=110&Type=search", "url2": "https://www.hojukai-oita.jp" }, "geometry": { "type": "Point", "coordinates": [ 131.526903, 33.1945606 ] } },
{ "type": "Feature", "properties": { "内容": "訪問介護事業所ほがらか【訪問介護】大分県由布市庄内町大龍2176-1", "url": "https://www.kaigokensaku.mhlw.go.jp/44/index.php?action_kouhyou_detail_004_kani=true&JigyosyoCd=4471300303-00&ServiceCd=110&Type=search", "url2": null }, "geometry": { "type": "Point", "coordinates": [ 131.442317748271194, 33.180540034387136 ] } },
{ "type": "Feature", "properties": { "内容": "訪問介護TONERIKOの道【訪問介護】大分県由布市湯布院町中川806番地", "url": "https://www.kaigokensaku.mhlw.go.jp/44/index.php?action_kouhyou_detail_004_kani=true&JigyosyoCd=4471300444-00&ServiceCd=110&Type=search", "url2": "http://www.toneriko.co.jp" }, "geometry": { "type": "Point", "coordinates": [ 131.33743759999993, 33.2423886 ] } },
{ "type": "Feature", "properties": { "内容": "ケアステーションAID【訪問介護】大分県由布市挾間町赤野字芥神814番地1", "url": "https://www.kaigokensaku.mhlw.go.jp/44/index.php?action_kouhyou_detail_004_kani=true&JigyosyoCd=4471300568-00&ServiceCd=110&Type=search", "url2": null }, "geometry": { "type": "Point", "coordinates": [ 131.488778700000012, 33.2121086 ] } },
{ "type": "Feature", "properties": { "内容": "訪問介護事業所みゅーず【訪問介護】大分県由布市挾間町挾間３９９番地", "url": "https://www.kaigokensaku.mhlw.go.jp/44/index.php?action_kouhyou_detail_004_kani=true&JigyosyoCd=4471300501-00&ServiceCd=110&Type=search", "url2": null }, "geometry": { "type": "Point", "coordinates": [ 131.514946900000041, 33.2014518 ] } },
{ "type": "Feature", "properties": { "内容": "ヘルパーステーションわかば【訪問介護】大分県由布市挾間町向原1212番地2", "url": "https://www.kaigokensaku.mhlw.go.jp/44/index.php?action_kouhyou_detail_004_kani=true&JigyosyoCd=4472300617-00&ServiceCd=110&Type=search", "url2": "http://care-net.biz/44/wakabaen/" }, "geometry": { "type": "Point", "coordinates": [ 131.503196549737595, 33.196802569458519 ] } },
{ "type": "Feature", "properties": { "内容": "ヘルパーステーション虹【訪問介護】由布市湯布院町川北1005-1", "url": "https://www.kaigokensaku.mhlw.go.jp/44/index.php?action_kouhyou_detail_004_kani=true&JigyosyoCd=4472300807-00&ServiceCd=110&Type=search", "url2": null }, "geometry": { "type": "Point", "coordinates": [ 131.343872599999941, 33.2612232 ] } },
{ "type": "Feature", "properties": { "内容": "ホームヘルパーステーション　鈴鳴荘【訪問介護】大分県国東市安岐町下山口５８番地", "url": "https://www.kaigokensaku.mhlw.go.jp/44/index.php?action_kouhyou_detail_004_kani=true&JigyosyoCd=4472100298-00&ServiceCd=110&Type=search", "url2": "http://www.akinosato.com/" }, "geometry": { "type": "Point", "coordinates": [ 131.691195900000025, 33.4607761 ] } },
{ "type": "Feature", "properties": { "内容": "くにさきケアセンターなのみ訪問介護事業所【訪問介護】大分県国東市国東町浜崎2757番地5", "url": "https://www.kaigokensaku.mhlw.go.jp/44/index.php?action_kouhyou_detail_004_kani=true&JigyosyoCd=4472100173-00&ServiceCd=110&Type=search", "url2": null }, "geometry": { "type": "Point", "coordinates": [ 131.717551100000037, 33.5896718 ] } },
{ "type": "Feature", "properties": { "内容": "ＪＡおおいた国東福祉サービスセンター【訪問介護】大分県国東市国東町鶴川５６番地１", "url": "https://www.kaigokensaku.mhlw.go.jp/44/index.php?action_kouhyou_detail_004_kani=true&JigyosyoCd=4471400079-00&ServiceCd=110&Type=search", "url2": null }, "geometry": { "type": "Point", "coordinates": [ 131.734398599999963, 33.5637691 ] } },
{ "type": "Feature", "properties": { "内容": "国東中央福祉センター　訪問介護事業所【訪問介護】大分県国東市国東町北江3245-4", "url": "https://www.kaigokensaku.mhlw.go.jp/44/index.php?action_kouhyou_detail_004_kani=true&JigyosyoCd=4472100538-00&ServiceCd=110&Type=search", "url2": null }, "geometry": { "type": "Point", "coordinates": [ 131.7230535, 33.5880305 ] } },
{ "type": "Feature", "properties": { "内容": "ヘルパーステーション　花ゆり【訪問介護】大分県国東市国見町伊美３２７７－３", "url": "https://www.kaigokensaku.mhlw.go.jp/44/index.php?action_kouhyou_detail_004_kani=true&JigyosyoCd=4471400335-00&ServiceCd=110&Type=search", "url2": null }, "geometry": { "type": "Point", "coordinates": [ 131.597681669513889, 33.677433950611658 ] } },
{ "type": "Feature", "properties": { "内容": "姫島村老人福祉施設姫寿苑【訪問介護】大分県東国東郡姫島村１５６２番地", "url": "https://www.kaigokensaku.mhlw.go.jp/44/index.php?action_kouhyou_detail_004_kani=true&JigyosyoCd=4472100157-00&ServiceCd=110&Type=search", "url2": null }, "geometry": { "type": "Point", "coordinates": [ 131.64664103704834, 33.724064461188874 ] } },
{ "type": "Feature", "properties": { "内容": "ケアー・ホープ豊岡【訪問介護】大分県速見郡日出町字岡ノ辻361番114", "url": "https://www.kaigokensaku.mhlw.go.jp/44/index.php?action_kouhyou_detail_004_kani=true&JigyosyoCd=4472200726-00&ServiceCd=110&Type=search", "url2": null }, "geometry": { "type": "Point", "coordinates": [ 131.519335270933539, 33.371149881237152 ] } },
{ "type": "Feature", "properties": { "内容": "ホームヘルプセンターゆうわ【訪問介護】大分県速見郡日出町大字大神1402番地の6", "url": "https://www.kaigokensaku.mhlw.go.jp/44/index.php?action_kouhyou_detail_004_kani=true&JigyosyoCd=4472200379-00&ServiceCd=110&Type=search", "url2": "http://www.taiyonoie.or.jp" }, "geometry": { "type": "Point", "coordinates": [ 131.571423800000048, 33.3859868 ] } },
{ "type": "Feature", "properties": { "内容": "マイウェイケアセンター日出【訪問介護】大分県速見郡日出町3889番地3グリーンコープふじの１階", "url": "https://www.kaigokensaku.mhlw.go.jp/44/index.php?action_kouhyou_detail_004_kani=true&JigyosyoCd=4472200783-00&ServiceCd=110&Type=search", "url2": "https://www.beppu-myway.jp/" }, "geometry": { "type": "Point", "coordinates": [ 131.532067, 33.3743885 ] } },
{ "type": "Feature", "properties": { "内容": "合同会社ヘルパーステーション速見【訪問介護】大分県速見郡日出町豊岡555-1", "url": "https://www.kaigokensaku.mhlw.go.jp/44/index.php?action_kouhyou_detail_004_kani=true&JigyosyoCd=4472200809-00&ServiceCd=110&Type=search", "url2": null }, "geometry": { "type": "Point", "coordinates": [ 131.5143627, 33.3661489 ] } },
{ "type": "Feature", "properties": { "内容": "ライフホームまないヘルパーステーション【訪問介護】速見郡日出町真那井1871番地", "url": "https://www.kaigokensaku.mhlw.go.jp/44/index.php?action_kouhyou_detail_004_kani=true&JigyosyoCd=4472200445-00&ServiceCd=110&Type=search", "url2": null }, "geometry": { "type": "Point", "coordinates": [ 131.598549600000069, 33.3725024 ] } },
{ "type": "Feature", "properties": { "内容": "ヘルパーステーション　デイリーライフ【訪問介護】大分県速見郡日出町3884番地20", "url": "https://www.kaigokensaku.mhlw.go.jp/44/index.php?action_kouhyou_detail_004_kani=true&JigyosyoCd=4472200692-00&ServiceCd=110&Type=search", "url2": "http://dailylife3.wix.com/dailylife-kaigo" }, "geometry": { "type": "Point", "coordinates": [ 131.532773581611622, 33.373693513241257 ] } },
{ "type": "Feature", "properties": { "内容": "ヘルパーステーションすずらん【訪問介護】大分県速見郡日出町2100番1", "url": "https://www.kaigokensaku.mhlw.go.jp/44/index.php?action_kouhyou_detail_004_kani=true&JigyosyoCd=4472200734-00&ServiceCd=110&Type=search", "url2": "http://suzuki-hp.or.jp/suzuki-annai.html" }, "geometry": { "type": "Point", "coordinates": [ 131.5323869, 33.369443 ] } },
{ "type": "Feature", "properties": { "内容": "ヘルパーステーションサンライズビュー【訪問介護】大分県速見郡日出町1827－1", "url": "https://www.kaigokensaku.mhlw.go.jp/44/index.php?action_kouhyou_detail_004_kani=true&JigyosyoCd=4472200098-00&ServiceCd=110&Type=search", "url2": "http://www.heiseikai.com/index.html" }, "geometry": { "type": "Point", "coordinates": [ 131.532557200000042, 33.3694171 ] } },
{ "type": "Feature", "properties": { "内容": "ジュエル藤原ヘルパーステーション【訪問介護】大分県速見郡日出町大字藤原930番地1", "url": "https://www.kaigokensaku.mhlw.go.jp/44/index.php?action_kouhyou_detail_004_kani=true&JigyosyoCd=4472200650-00&ServiceCd=110&Type=search", "url2": null }, "geometry": { "type": "Point", "coordinates": [ 131.5500538, 33.3898111 ] } },
{ "type": "Feature", "properties": { "内容": "ニチイケアセンター日出町【訪問介護】大分県速見郡日出町仲ノ町2578番地1", "url": "https://www.kaigokensaku.mhlw.go.jp/44/index.php?action_kouhyou_detail_004_kani=true&JigyosyoCd=4472200759-00&ServiceCd=110&Type=search", "url2": null }, "geometry": { "type": "Point", "coordinates": [ 131.530447817443843, 33.369130878839606 ] } },
{ "type": "Feature", "properties": { "内容": "暘谷苑ホームヘルプサービス【訪問介護】大分県速見郡日出町大字藤原5708番地の3", "url": "https://www.kaigokensaku.mhlw.go.jp/44/index.php?action_kouhyou_detail_004_kani=true&JigyosyoCd=4472200213-00&ServiceCd=110&Type=search", "url2": "http://www.youkoku.or.jp/" }, "geometry": { "type": "Point", "coordinates": [ 131.552683600000023, 33.3964216 ] } },
{ "type": "Feature", "properties": { "内容": "有限会社　うの福祉サービス【訪問介護】大分県速見郡日出町2512番地1", "url": "https://www.kaigokensaku.mhlw.go.jp/44/index.php?action_kouhyou_detail_004_kani=true&JigyosyoCd=4472200361-00&ServiceCd=110&Type=search", "url2": null }, "geometry": { "type": "Point", "coordinates": [ 131.526832777263536, 33.36925687212679 ] } },
{ "type": "Feature", "properties": { "内容": "社会福祉法人　日出町社会福祉協議会【訪問介護】大分県　速見郡　日出町　大字藤原2277番地1", "url": "https://www.kaigokensaku.mhlw.go.jp/44/index.php?action_kouhyou_detail_004_kani=true&JigyosyoCd=4472200130-00&ServiceCd=110&Type=search", "url2": "http://www.hiji-syakyo.jp" }, "geometry": { "type": "Point", "coordinates": [ 131.541507899999942, 33.3802979 ] } },
{ "type": "Feature", "properties": { "内容": "へるぱーすてーしょん・みさと【訪問介護】大分県玖珠郡九重町大字野上4047番地1", "url": "https://www.kaigokensaku.mhlw.go.jp/44/index.php?action_kouhyou_detail_004_kani=true&JigyosyoCd=4472800475-00&ServiceCd=110&Type=search", "url2": null }, "geometry": { "type": "Point", "coordinates": [ 131.254370900000026, 33.2423464 ] } },
{ "type": "Feature", "properties": { "内容": "訪問介護ステーションメルヘン【訪問介護】大分県玖珠郡九重町大字右田３１５６番地の７", "url": "https://www.kaigokensaku.mhlw.go.jp/44/index.php?action_kouhyou_detail_004_kani=true&JigyosyoCd=4472800061-00&ServiceCd=110&Type=search", "url2": "http://www.daijyukai-meruhen.com" }, "geometry": { "type": "Point", "coordinates": [ 131.177349199999981, 33.253396700000025 ] } },
{ "type": "Feature", "properties": { "内容": "ヘルパーステーション　みなみの風【訪問介護】大分県玖珠郡九重町大字町田５２－３", "url": "https://www.kaigokensaku.mhlw.go.jp/44/index.php?action_kouhyou_detail_004_kani=true&JigyosyoCd=4472800350-00&ServiceCd=110&Type=search", "url2": null }, "geometry": { "type": "Point", "coordinates": [ 131.169547299999977, 33.2039027 ] } },
{ "type": "Feature", "properties": { "内容": "訪問介護事業所　渓和【訪問介護】大分県玖珠郡九重町大字町田5481番地の3", "url": "https://www.kaigokensaku.mhlw.go.jp/44/index.php?action_kouhyou_detail_004_kani=true&JigyosyoCd=4472800749-00&ServiceCd=110&Type=search", "url2": "http://careport-keiwa.jp" }, "geometry": { "type": "Point", "coordinates": [ 131.1838818, 33.230594 ] } },
{ "type": "Feature", "properties": { "内容": "ここのえ介護事業センター　訪問介護【訪問介護】大分県玖珠郡九重町大字後野上１７番地の１九重町保健福祉センター", "url": "https://www.kaigokensaku.mhlw.go.jp/44/index.php?action_kouhyou_detail_004_kani=true&JigyosyoCd=4472800228-00&ServiceCd=110&Type=search", "url2": "http:/www.oct-net.ne.jp/~smil9/syakyoTop.html" }, "geometry": { "type": "Point", "coordinates": [ 131.190491699999939, 33.2278241 ] } },
{ "type": "Feature", "properties": { "内容": "養護老人ホーム亀鶴苑【訪問介護】大分県玖珠郡九重町大字町田46番地1", "url": "https://www.kaigokensaku.mhlw.go.jp/44/index.php?action_kouhyou_detail_004_kani=true&JigyosyoCd=4472800657-00&ServiceCd=110&Type=search", "url2": "htip://www.kusuen.or.jp" }, "geometry": { "type": "Point", "coordinates": [ 131.16691830000002, 33.2703836 ] } },
{ "type": "Feature", "properties": { "内容": "ともだち村訪問介護事業所【訪問介護】大分県玖珠郡九重町大字右田926番2", "url": "https://www.kaigokensaku.mhlw.go.jp/44/index.php?action_kouhyou_detail_004_kani=true&JigyosyoCd=4472800277-00&ServiceCd=110&Type=search", "url2": null }, "geometry": { "type": "Point", "coordinates": [ 131.205260386616516, 33.232176789483134 ] } },
{ "type": "Feature", "properties": { "内容": "明友サービスセンター【訪問介護】大分県玖珠郡九重町大字菅原739-219", "url": "https://www.kaigokensaku.mhlw.go.jp/44/index.php?action_kouhyou_detail_004_kani=true&JigyosyoCd=4472800319-00&ServiceCd=110&Type=search", "url2": null }, "geometry": { "type": "Point", "coordinates": [ 131.127066, 33.1821458 ] } },
{ "type": "Feature", "properties": { "内容": "ヘルパーステーション　　きりかぶ【訪問介護】大分県玖珠郡玖珠町大字塚脇６７８番地10", "url": "https://www.kaigokensaku.mhlw.go.jp/44/index.php?action_kouhyou_detail_004_kani=true&JigyosyoCd=4472800681-00&ServiceCd=110&Type=search", "url2": null }, "geometry": { "type": "Point", "coordinates": [ 131.16125026768799, 33.273111313762001 ] } },
{ "type": "Feature", "properties": { "内容": "ヘルパーステーション　きりかぶ【訪問介護】大分県玖珠郡玖珠町大字塚脇678番地10", "url": "https://www.kaigokensaku.mhlw.go.jp/44/index.php?action_kouhyou_detail_004_kani=true&JigyosyoCd=4472800723-00&ServiceCd=110&Type=search", "url2": null }, "geometry": { "type": "Point", "coordinates": [ 131.161006400000019, 33.2719187 ] } },
{ "type": "Feature", "properties": { "内容": "ヘルパーステーション　きりかぶ【訪問介護】大分県玖珠郡玖珠町大字塚脇678番地10", "url": "https://www.kaigokensaku.mhlw.go.jp/44/index.php?action_kouhyou_detail_004_kani=true&JigyosyoCd=4472800756-00&ServiceCd=110&Type=search", "url2": null }, "geometry": { "type": "Point", "coordinates": [ 131.161261, 33.272914 ] } },
{ "type": "Feature", "properties": { "内容": "ヘルパーステーションきりかぶ【訪問介護】大分県玖珠郡玖珠町大字塚脇678番地10", "url": "https://www.kaigokensaku.mhlw.go.jp/44/index.php?action_kouhyou_detail_004_kani=true&JigyosyoCd=4472800806-00&ServiceCd=110&Type=search", "url2": null }, "geometry": { "type": "Point", "coordinates": [ 131.161261, 33.272914 ] } },
{ "type": "Feature", "properties": { "内容": "訪問介護支援センター　れざんの木【訪問介護】大分県玖珠郡玖珠町大字綾垣1086-1", "url": "https://www.kaigokensaku.mhlw.go.jp/44/index.php?action_kouhyou_detail_004_kani=true&JigyosyoCd=4472800491-00&ServiceCd=110&Type=search", "url2": null }, "geometry": { "type": "Point", "coordinates": [ 131.13327, 33.2918863 ] } },
{ "type": "Feature", "properties": { "内容": "玖珠園訪問介護サービス【訪問介護】大分県玖珠郡玖珠町大字大隈325番地", "url": "https://www.kaigokensaku.mhlw.go.jp/44/index.php?action_kouhyou_detail_004_kani=true&JigyosyoCd=4472800129-00&ServiceCd=110&Type=search", "url2": "http//www.kusuen.or.jp" }, "geometry": { "type": "Point", "coordinates": [ 131.166860400000019, 33.2704004 ] } },
{ "type": "Feature", "properties": { "内容": "玖珠町介護保険サービスセンター　訪問介護【訪問介護】大分県玖珠郡玖珠町大字岩室２４番地の１", "url": "https://www.kaigokensaku.mhlw.go.jp/44/index.php?action_kouhyou_detail_004_kani=true&JigyosyoCd=4472800236-00&ServiceCd=110&Type=search", "url2": "http//www.kusushakyo.or.jp" }, "geometry": { "type": "Point", "coordinates": [ 131.159763200000043, 33.2825213 ] } }
]
}
