{
"type": "FeatureCollection",
"name": "geo_44_3",
"crs": { "type": "name", "properties": { "name": "urn:ogc:def:crs:OGC:1.3:CRS84" } },
"features": [
{ "type": "Feature", "properties": { "ID": 4431116700000, "正式名称": "秋好歯科医院", "機関区分": 3, "都道府県コード": 44, "市区町村コード": 201, "所在地": "大分県大分市日岡１－３－２１", "緯度": 33.248545, "経度": 131.660804, "url": "https://www.iryou.teikyouseido.mhlw.go.jp/znk-web/juminkanja/S2430/initialize?prefCd=44&kikanCd=1116700000&kikanKbn=3", "url2": null, "内容": "秋好歯科医院【3:歯科】大分県大分市日岡１－３－２１" }, "geometry": { "type": "Point", "coordinates": [ 131.660804, 33.248545 ] } },
{ "type": "Feature", "properties": { "ID": 4431116900000, "正式名称": "明野古沢歯科", "機関区分": 3, "都道府県コード": 44, "市区町村コード": 201, "所在地": "大分県大分市明野東１－１－１　明野アクロス内", "緯度": 33.223494, "経度": 131.652464, "url": "https://www.iryou.teikyouseido.mhlw.go.jp/znk-web/juminkanja/S2430/initialize?prefCd=44&kikanCd=1116900000&kikanKbn=3", "url2": null, "内容": "明野古沢歯科【3:歯科】大分県大分市明野東１－１－１　明野アクロス内" }, "geometry": { "type": "Point", "coordinates": [ 131.652464, 33.223494 ] } },
{ "type": "Feature", "properties": { "ID": 4431117000000, "正式名称": "麻生歯科", "機関区分": 3, "都道府県コード": 44, "市区町村コード": 201, "所在地": "大分県大分市東野台１丁目２番３", "緯度": 33.206577, "経度": 131.533623, "url": "https://www.iryou.teikyouseido.mhlw.go.jp/znk-web/juminkanja/S2430/initialize?prefCd=44&kikanCd=1117000000&kikanKbn=3", "url2": null, "内容": "麻生歯科【3:歯科】大分県大分市東野台１丁目２番３" }, "geometry": { "type": "Point", "coordinates": [ 131.533623, 33.206577 ] } },
{ "type": "Feature", "properties": { "ID": 4431117100000, "正式名称": "麻生歯科大分駅南クリニック", "機関区分": 3, "都道府県コード": 44, "市区町村コード": 201, "所在地": "大分県大分市金池南１−９−１１", "緯度": 33.231083, "経度": 131.60646, "url": "https://www.iryou.teikyouseido.mhlw.go.jp/znk-web/juminkanja/S2430/initialize?prefCd=44&kikanCd=1117100000&kikanKbn=3", "url2": "https://www.aso-dental.net/", "内容": "麻生歯科大分駅南クリニック【3:歯科】大分県大分市金池南１−９−１１" }, "geometry": { "type": "Point", "coordinates": [ 131.60646, 33.231083 ] } },
{ "type": "Feature", "properties": { "ID": 4431117200000, "正式名称": "阿部歯科医院", "機関区分": 3, "都道府県コード": 44, "市区町村コード": 201, "所在地": "大分県大分市都町１－３－２２　大分都町ビル１階", "緯度": 33.241083, "経度": 131.606922, "url": "https://www.iryou.teikyouseido.mhlw.go.jp/znk-web/juminkanja/S2430/initialize?prefCd=44&kikanCd=1117200000&kikanKbn=3", "url2": null, "内容": "阿部歯科医院【3:歯科】大分県大分市都町１－３－２２　大分都町ビル１階" }, "geometry": { "type": "Point", "coordinates": [ 131.606922, 33.241083 ] } },
{ "type": "Feature", "properties": { "ID": 4431117300000, "正式名称": "あべ歯科インプラントクリニック", "機関区分": 3, "都道府県コード": 44, "市区町村コード": 201, "所在地": "大分県大分市中央町１－３－２４", "緯度": 33.236586, "経度": 131.607022, "url": "https://www.iryou.teikyouseido.mhlw.go.jp/znk-web/juminkanja/S2430/initialize?prefCd=44&kikanCd=1117300000&kikanKbn=3", "url2": "http://www.abedental.com/", "内容": "あべ歯科インプラントクリニック【3:歯科】大分県大分市中央町１－３－２４" }, "geometry": { "type": "Point", "coordinates": [ 131.607022, 33.236586 ] } },
{ "type": "Feature", "properties": { "ID": 4431117400000, "正式名称": "医療法人ＡＵＮあべ歯科クリニック", "機関区分": 3, "都道府県コード": 44, "市区町村コード": 201, "所在地": "大分県大分市大字光吉８９０番地の１", "緯度": 33.19807, "経度": 131.604704, "url": "https://www.iryou.teikyouseido.mhlw.go.jp/znk-web/juminkanja/S2430/initialize?prefCd=44&kikanCd=1117400000&kikanKbn=3", "url2": "http://www.abesika.net", "内容": "医療法人ＡＵＮあべ歯科クリニック【3:歯科】大分県大分市大字光吉８９０番地の１" }, "geometry": { "type": "Point", "coordinates": [ 131.604704, 33.19807 ] } },
{ "type": "Feature", "properties": { "ID": 4431117500000, "正式名称": "あやべ歯科医院", "機関区分": 3, "都道府県コード": 44, "市区町村コード": 201, "所在地": "大分県大分市下郡北２－１０－２１", "緯度": 33.227051, "経度": 131.631598, "url": "https://www.iryou.teikyouseido.mhlw.go.jp/znk-web/juminkanja/S2430/initialize?prefCd=44&kikanCd=1117500000&kikanKbn=3", "url2": null, "内容": "あやべ歯科医院【3:歯科】大分県大分市下郡北２－１０－２１" }, "geometry": { "type": "Point", "coordinates": [ 131.631598, 33.227051 ] } },
{ "type": "Feature", "properties": { "ID": 4431117700000, "正式名称": "アルプス歯科医院", "機関区分": 3, "都道府県コード": 44, "市区町村コード": 201, "所在地": "大分県大分市中戸次", "緯度": 33.150915, "経度": 131.661878, "url": "https://www.iryou.teikyouseido.mhlw.go.jp/znk-web/juminkanja/S2430/initialize?prefCd=44&kikanCd=1117700000&kikanKbn=3", "url2": "http://alpsdc.jp/", "内容": "アルプス歯科医院【3:歯科】大分県大分市中戸次" }, "geometry": { "type": "Point", "coordinates": [ 131.661878, 33.150915 ] } },
{ "type": "Feature", "properties": { "ID": 4431117800000, "正式名称": "医療法人秀和会安東歯科医院", "機関区分": 3, "都道府県コード": 44, "市区町村コード": 201, "所在地": "大分県大分市明野南１丁目２７番２５号", "緯度": 33.221783, "経度": 131.649161, "url": "https://www.iryou.teikyouseido.mhlw.go.jp/znk-web/juminkanja/S2430/initialize?prefCd=44&kikanCd=1117800000&kikanKbn=3", "url2": null, "内容": "医療法人秀和会安東歯科医院【3:歯科】大分県大分市明野南１丁目２７番２５号" }, "geometry": { "type": "Point", "coordinates": [ 131.649161, 33.221783 ] } },
{ "type": "Feature", "properties": { "ID": 4431118000000, "正式名称": "いちぎ歯科", "機関区分": 3, "都道府県コード": 44, "市区町村コード": 201, "所在地": "大分県大分市政所字村田２２１９の３", "緯度": 33.23653, "経度": 131.717089, "url": "https://www.iryou.teikyouseido.mhlw.go.jp/znk-web/juminkanja/S2430/initialize?prefCd=44&kikanCd=1118000000&kikanKbn=3", "url2": null, "内容": "いちぎ歯科【3:歯科】大分県大分市政所字村田２２１９の３" }, "geometry": { "type": "Point", "coordinates": [ 131.717089, 33.23653 ] } },
{ "type": "Feature", "properties": { "ID": 4431118100000, "正式名称": "いちご歯科クリニック", "機関区分": 3, "都道府県コード": 44, "市区町村コード": 201, "所在地": "大分県大分市久原中央", "緯度": 33.235545, "経度": 131.762374, "url": "https://www.iryou.teikyouseido.mhlw.go.jp/znk-web/juminkanja/S2430/initialize?prefCd=44&kikanCd=1118100000&kikanKbn=3", "url2": null, "内容": "いちご歯科クリニック【3:歯科】大分県大分市久原中央" }, "geometry": { "type": "Point", "coordinates": [ 131.762374, 33.235545 ] } },
{ "type": "Feature", "properties": { "ID": 4431118200000, "正式名称": "伊藤歯科医院", "機関区分": 3, "都道府県コード": 44, "市区町村コード": 201, "所在地": "大分県大分市荏隈７５４－３", "緯度": 33.21352, "経度": 131.579384, "url": "https://www.iryou.teikyouseido.mhlw.go.jp/znk-web/juminkanja/S2430/initialize?prefCd=44&kikanCd=1118200000&kikanKbn=3", "url2": null, "内容": "伊藤歯科医院【3:歯科】大分県大分市荏隈７５４－３" }, "geometry": { "type": "Point", "coordinates": [ 131.579384, 33.21352 ] } },
{ "type": "Feature", "properties": { "ID": 4431118600000, "正式名称": "医療法人イワオ歯科医院", "機関区分": 3, "都道府県コード": 44, "市区町村コード": 201, "所在地": "大分県大分市志手", "緯度": 33.228367, "経度": 131.590365, "url": "https://www.iryou.teikyouseido.mhlw.go.jp/znk-web/juminkanja/S2430/initialize?prefCd=44&kikanCd=1118600000&kikanKbn=3", "url2": null, "内容": "医療法人イワオ歯科医院【3:歯科】大分県大分市志手" }, "geometry": { "type": "Point", "coordinates": [ 131.590365, 33.228367 ] } },
{ "type": "Feature", "properties": { "ID": 4431118700000, "正式名称": "内尾歯科医院", "機関区分": 3, "都道府県コード": 44, "市区町村コード": 201, "所在地": "大分県大分市都町２－６－２５", "緯度": 33.241635, "経度": 131.60602, "url": "https://www.iryou.teikyouseido.mhlw.go.jp/znk-web/juminkanja/S2430/initialize?prefCd=44&kikanCd=1118700000&kikanKbn=3", "url2": null, "内容": "内尾歯科医院【3:歯科】大分県大分市都町２－６－２５" }, "geometry": { "type": "Point", "coordinates": [ 131.60602, 33.241635 ] } },
{ "type": "Feature", "properties": { "ID": 4431118800000, "正式名称": "医療法人輝衛会　うちだ歯科", "機関区分": 3, "都道府県コード": 44, "市区町村コード": 201, "所在地": "大分県大分市顕徳町２－５－２１ガーデンコート１階", "緯度": 33.229878, "経度": 131.615013, "url": "https://www.iryou.teikyouseido.mhlw.go.jp/znk-web/juminkanja/S2430/initialize?prefCd=44&kikanCd=1118800000&kikanKbn=3", "url2": "http://utidasika.com/", "内容": "医療法人輝衛会　うちだ歯科【3:歯科】大分県大分市顕徳町２－５－２１ガーデンコート１階" }, "geometry": { "type": "Point", "coordinates": [ 131.615013, 33.229878 ] } },
{ "type": "Feature", "properties": { "ID": 4431119400000, "正式名称": "大内歯科医院", "機関区分": 3, "都道府県コード": 44, "市区町村コード": 201, "所在地": "大分県大分市山津町２丁目ー３ー２３ハイネス佐藤１Ｆ", "緯度": 33.242623, "経度": 131.669848, "url": "https://www.iryou.teikyouseido.mhlw.go.jp/znk-web/juminkanja/S2430/initialize?prefCd=44&kikanCd=1119400000&kikanKbn=3", "url2": null, "内容": "大内歯科医院【3:歯科】大分県大分市山津町２丁目ー３ー２３ハイネス佐藤１Ｆ" }, "geometry": { "type": "Point", "coordinates": [ 131.669848, 33.242623 ] } },
{ "type": "Feature", "properties": { "ID": 4431119500000, "正式名称": "大在中央歯科", "機関区分": 3, "都道府県コード": 44, "市区町村コード": 201, "所在地": "大分県大分市大在中央", "緯度": 33.245747, "経度": 131.720968, "url": "https://www.iryou.teikyouseido.mhlw.go.jp/znk-web/juminkanja/S2430/initialize?prefCd=44&kikanCd=1119500000&kikanKbn=3", "url2": null, "内容": "大在中央歯科【3:歯科】大分県大分市大在中央" }, "geometry": { "type": "Point", "coordinates": [ 131.720968, 33.245747 ] } },
{ "type": "Feature", "properties": { "ID": 4431119800000, "正式名称": "大谷歯科医院", "機関区分": 3, "都道府県コード": 44, "市区町村コード": 201, "所在地": "大分県大分市田中町１８組－１Ｂ", "緯度": 33.211893, "経度": 131.594568, "url": "https://www.iryou.teikyouseido.mhlw.go.jp/znk-web/juminkanja/S2430/initialize?prefCd=44&kikanCd=1119800000&kikanKbn=3", "url2": null, "内容": "大谷歯科医院【3:歯科】大分県大分市田中町１８組－１Ｂ" }, "geometry": { "type": "Point", "coordinates": [ 131.594568, 33.211893 ] } },
{ "type": "Feature", "properties": { "ID": 4431120000000, "正式名称": "四季デンタルクリニック", "機関区分": 3, "都道府県コード": 44, "市区町村コード": 201, "所在地": "大分県大分市上宗方南１丁目２番２２号", "緯度": 33.196463, "経度": 131.578153, "url": "https://www.iryou.teikyouseido.mhlw.go.jp/znk-web/juminkanja/S2430/initialize?prefCd=44&kikanCd=1120000000&kikanKbn=3", "url2": "http://www.shiki-dental.com", "内容": "四季デンタルクリニック【3:歯科】大分県大分市上宗方南１丁目２番２２号" }, "geometry": { "type": "Point", "coordinates": [ 131.578153, 33.196463 ] } },
{ "type": "Feature", "properties": { "ID": 4431120300000, "正式名称": "オーラルケア・プラザ　ハート歯科クリニック", "機関区分": 3, "都道府県コード": 44, "市区町村コード": 201, "所在地": "大分県大分市大在北１丁目２０２番", "緯度": 33.249366, "経度": 131.709241, "url": "https://www.iryou.teikyouseido.mhlw.go.jp/znk-web/juminkanja/S2430/initialize?prefCd=44&kikanCd=1120300000&kikanKbn=3", "url2": "https://www.akishinkai.com", "内容": "オーラルケア・プラザ　ハート歯科クリニック【3:歯科】大分県大分市大在北１丁目２０２番" }, "geometry": { "type": "Point", "coordinates": [ 131.709241, 33.249366 ] } },
{ "type": "Feature", "properties": { "ID": 4431120800000, "正式名称": "小野歯科医院", "機関区分": 3, "都道府県コード": 44, "市区町村コード": 201, "所在地": "大分県大分市毛井４５０－１", "緯度": 33.190715, "経度": 131.671501, "url": "https://www.iryou.teikyouseido.mhlw.go.jp/znk-web/juminkanja/S2430/initialize?prefCd=44&kikanCd=1120800000&kikanKbn=3", "url2": null, "内容": "小野歯科医院【3:歯科】大分県大分市毛井４５０－１" }, "geometry": { "type": "Point", "coordinates": [ 131.671501, 33.190715 ] } },
{ "type": "Feature", "properties": { "ID": 4431121000000, "正式名称": "医療法人　小幡歯科", "機関区分": 3, "都道府県コード": 44, "市区町村コード": 201, "所在地": "大分県大分市末広町１－５－１５", "緯度": 33.235344, "経度": 131.6053, "url": "https://www.iryou.teikyouseido.mhlw.go.jp/znk-web/juminkanja/S2430/initialize?prefCd=44&kikanCd=1121000000&kikanKbn=3", "url2": "https://obata-d-c.com/", "内容": "医療法人　小幡歯科【3:歯科】大分県大分市末広町１－５－１５" }, "geometry": { "type": "Point", "coordinates": [ 131.6053, 33.235344 ] } },
{ "type": "Feature", "properties": { "ID": 4431121200000, "正式名称": "甲斐歯科医院", "機関区分": 3, "都道府県コード": 44, "市区町村コード": 201, "所在地": "大分県大分市城崎町１ー５ー６甲斐歯科ビル２階", "緯度": 33.240202, "経度": 131.615405, "url": "https://www.iryou.teikyouseido.mhlw.go.jp/znk-web/juminkanja/S2430/initialize?prefCd=44&kikanCd=1121200000&kikanKbn=3", "url2": "http://kaishika.jp", "内容": "甲斐歯科医院【3:歯科】大分県大分市城崎町１ー５ー６甲斐歯科ビル２階" }, "geometry": { "type": "Point", "coordinates": [ 131.615405, 33.240202 ] } },
{ "type": "Feature", "properties": { "ID": 4431121500000, "正式名称": "賀来歯科医院", "機関区分": 3, "都道府県コード": 44, "市区町村コード": 201, "所在地": "大分県大分市大字光吉３６７－３　ＨＩＨ２番館１Ｆ", "緯度": 33.201053, "経度": 131.606281, "url": "https://www.iryou.teikyouseido.mhlw.go.jp/znk-web/juminkanja/S2430/initialize?prefCd=44&kikanCd=1121500000&kikanKbn=3", "url2": null, "内容": "賀来歯科医院【3:歯科】大分県大分市大字光吉３６７－３　ＨＩＨ２番館１Ｆ" }, "geometry": { "type": "Point", "coordinates": [ 131.606281, 33.201053 ] } },
{ "type": "Feature", "properties": { "ID": 4431121700000, "正式名称": "春日浦オータニデンタルオフィス", "機関区分": 3, "都道府県コード": 44, "市区町村コード": 201, "所在地": "大分県大分市王子北町５−９　フレスポ春日浦２階", "緯度": 33.245074, "経度": 131.595302, "url": "https://www.iryou.teikyouseido.mhlw.go.jp/znk-web/juminkanja/S2430/initialize?prefCd=44&kikanCd=1121700000&kikanKbn=3", "url2": null, "内容": "春日浦オータニデンタルオフィス【3:歯科】大分県大分市王子北町５−９　フレスポ春日浦２階" }, "geometry": { "type": "Point", "coordinates": [ 131.595302, 33.245074 ] } },
{ "type": "Feature", "properties": { "ID": 4431121800000, "正式名称": "かずの歯科小児歯科", "機関区分": 3, "都道府県コード": 44, "市区町村コード": 201, "所在地": "大分県大分市高砂町４－１", "緯度": 33.238544, "経度": 131.599635, "url": "https://www.iryou.teikyouseido.mhlw.go.jp/znk-web/juminkanja/S2430/initialize?prefCd=44&kikanCd=1121800000&kikanKbn=3", "url2": "https://kazuno-dental.net/", "内容": "かずの歯科小児歯科【3:歯科】大分県大分市高砂町４－１" }, "geometry": { "type": "Point", "coordinates": [ 131.599635, 33.238544 ] } },
{ "type": "Feature", "properties": { "ID": 4431121900000, "正式名称": "加藤歯科医院", "機関区分": 3, "都道府県コード": 44, "市区町村コード": 201, "所在地": "大分県大分市大字横尾字二目川３９３２", "緯度": 33.214168, "経度": 131.663418, "url": "https://www.iryou.teikyouseido.mhlw.go.jp/znk-web/juminkanja/S2430/initialize?prefCd=44&kikanCd=1121900000&kikanKbn=3", "url2": null, "内容": "加藤歯科医院【3:歯科】大分県大分市大字横尾字二目川３９３２" }, "geometry": { "type": "Point", "coordinates": [ 131.663418, 33.214168 ] } },
{ "type": "Feature", "properties": { "ID": 4431122000000, "正式名称": "加藤歯科医院", "機関区分": 3, "都道府県コード": 44, "市区町村コード": 201, "所在地": "大分県大分市坂ノ市南１丁目８－１０", "緯度": 33.231825, "経度": 131.751442, "url": "https://www.iryou.teikyouseido.mhlw.go.jp/znk-web/juminkanja/S2430/initialize?prefCd=44&kikanCd=1122000000&kikanKbn=3", "url2": null, "内容": "加藤歯科医院【3:歯科】大分県大分市坂ノ市南１丁目８－１０" }, "geometry": { "type": "Point", "coordinates": [ 131.751442, 33.231825 ] } },
{ "type": "Feature", "properties": { "ID": 4431122200000, "正式名称": "辛島コーイチ歯科", "機関区分": 3, "都道府県コード": 44, "市区町村コード": 201, "所在地": "大分県大分市府内町２丁目５－８", "緯度": 33.236472, "経度": 131.6109, "url": "https://www.iryou.teikyouseido.mhlw.go.jp/znk-web/juminkanja/S2430/initialize?prefCd=44&kikanCd=1122200000&kikanKbn=3", "url2": "http://koichi-sika.dentalmall.jp", "内容": "辛島コーイチ歯科【3:歯科】大分県大分市府内町２丁目５－８" }, "geometry": { "type": "Point", "coordinates": [ 131.6109, 33.236472 ] } },
{ "type": "Feature", "properties": { "ID": 4431122300000, "正式名称": "医療法人　川上歯科医院", "機関区分": 3, "都道府県コード": 44, "市区町村コード": 201, "所在地": "大分県大分市上田町二丁目１番７号", "緯度": 33.216001, "経度": 131.596487, "url": "https://www.iryou.teikyouseido.mhlw.go.jp/znk-web/juminkanja/S2430/initialize?prefCd=44&kikanCd=1122300000&kikanKbn=3", "url2": "https://kawakami-do.or.jp", "内容": "医療法人　川上歯科医院【3:歯科】大分県大分市上田町二丁目１番７号" }, "geometry": { "type": "Point", "coordinates": [ 131.596487, 33.216001 ] } },
{ "type": "Feature", "properties": { "ID": 4431122500000, "正式名称": "医療法人恵成会川原歯科医院", "機関区分": 3, "都道府県コード": 44, "市区町村コード": 201, "所在地": "大分県大分市高松１－３－６", "緯度": 33.245222, "経度": 131.654438, "url": "https://www.iryou.teikyouseido.mhlw.go.jp/znk-web/juminkanja/S2430/initialize?prefCd=44&kikanCd=1122500000&kikanKbn=3", "url2": "http://kawaharadental.com/", "内容": "医療法人恵成会川原歯科医院【3:歯科】大分県大分市高松１－３－６" }, "geometry": { "type": "Point", "coordinates": [ 131.654438, 33.245222 ] } },
{ "type": "Feature", "properties": { "ID": 4431122600000, "正式名称": "カワムラ歯科医院", "機関区分": 3, "都道府県コード": 44, "市区町村コード": 201, "所在地": "大分県大分市賀来北３－３－１", "緯度": 33.213271, "経度": 131.564176, "url": "https://www.iryou.teikyouseido.mhlw.go.jp/znk-web/juminkanja/S2430/initialize?prefCd=44&kikanCd=1122600000&kikanKbn=3", "url2": null, "内容": "カワムラ歯科医院【3:歯科】大分県大分市賀来北３－３－１" }, "geometry": { "type": "Point", "coordinates": [ 131.564176, 33.213271 ] } },
{ "type": "Feature", "properties": { "ID": 4431122700000, "正式名称": "神崎歯科医院", "機関区分": 3, "都道府県コード": 44, "市区町村コード": 201, "所在地": "大分県大分市西春日町１－１６　サンフレンドビル２Ｆ", "緯度": 33.240032, "経度": 131.596343, "url": "https://www.iryou.teikyouseido.mhlw.go.jp/znk-web/juminkanja/S2430/initialize?prefCd=44&kikanCd=1122700000&kikanKbn=3", "url2": null, "内容": "神崎歯科医院【3:歯科】大分県大分市西春日町１－１６　サンフレンドビル２Ｆ" }, "geometry": { "type": "Point", "coordinates": [ 131.596343, 33.240032 ] } },
{ "type": "Feature", "properties": { "ID": 4431122800000, "正式名称": "岸本歯科", "機関区分": 3, "都道府県コード": 44, "市区町村コード": 201, "所在地": "大分県大分市南津留３－２０", "緯度": 33.239019, "経度": 131.624506, "url": "https://www.iryou.teikyouseido.mhlw.go.jp/znk-web/juminkanja/S2430/initialize?prefCd=44&kikanCd=1122800000&kikanKbn=3", "url2": null, "内容": "岸本歯科【3:歯科】大分県大分市南津留３－２０" }, "geometry": { "type": "Point", "coordinates": [ 131.624506, 33.239019 ] } },
{ "type": "Feature", "properties": { "ID": 4431122900000, "正式名称": "木津歯科医院", "機関区分": 3, "都道府県コード": 44, "市区町村コード": 201, "所在地": "大分県大分市大石町１丁目４－１", "緯度": 33.212571, "経度": 131.586564, "url": "https://www.iryou.teikyouseido.mhlw.go.jp/znk-web/juminkanja/S2430/initialize?prefCd=44&kikanCd=1122900000&kikanKbn=3", "url2": null, "内容": "木津歯科医院【3:歯科】大分県大分市大石町１丁目４－１" }, "geometry": { "type": "Point", "coordinates": [ 131.586564, 33.212571 ] } },
{ "type": "Feature", "properties": { "ID": 4431123100000, "正式名称": "きふね小児歯科", "機関区分": 3, "都道府県コード": 44, "市区町村コード": 201, "所在地": "大分県大分市明野東５－２－１２", "緯度": 33.217491, "経度": 131.659089, "url": "https://www.iryou.teikyouseido.mhlw.go.jp/znk-web/juminkanja/S2430/initialize?prefCd=44&kikanCd=1123100000&kikanKbn=3", "url2": "https://kifunedent.com", "内容": "きふね小児歯科【3:歯科】大分県大分市明野東５－２－１２" }, "geometry": { "type": "Point", "coordinates": [ 131.659089, 33.217491 ] } },
{ "type": "Feature", "properties": { "ID": 4431123200000, "正式名称": "杉村歯科医院", "機関区分": 3, "都道府県コード": 44, "市区町村コード": 201, "所在地": "大分県大分市二又町３丁目１番６号", "緯度": 33.213222, "経度": 131.596103, "url": "https://www.iryou.teikyouseido.mhlw.go.jp/znk-web/juminkanja/S2430/initialize?prefCd=44&kikanCd=1123200000&kikanKbn=3", "url2": "http://www.kimura-dc-oita.com", "内容": "杉村歯科医院【3:歯科】大分県大分市二又町３丁目１番６号" }, "geometry": { "type": "Point", "coordinates": [ 131.596103, 33.213222 ] } },
{ "type": "Feature", "properties": { "ID": 4431123300000, "正式名称": "木本歯科診療所", "機関区分": 3, "都道府県コード": 44, "市区町村コード": 201, "所在地": "大分県大分市大字佐賀関２０１１番地", "緯度": 33.248231, "経度": 131.87553, "url": "https://www.iryou.teikyouseido.mhlw.go.jp/znk-web/juminkanja/S2430/initialize?prefCd=44&kikanCd=1123300000&kikanKbn=3", "url2": null, "内容": "木本歯科診療所【3:歯科】大分県大分市大字佐賀関２０１１番地" }, "geometry": { "type": "Point", "coordinates": [ 131.87553, 33.248231 ] } },
{ "type": "Feature", "properties": { "ID": 4431123400000, "正式名称": "矯正歯科スマイルクリニック", "機関区分": 3, "都道府県コード": 44, "市区町村コード": 201, "所在地": "大分県大分市金池町２－１－１９　大分駅前ビル６Ｆ", "緯度": 33.234711, "経度": 131.607969, "url": "https://www.iryou.teikyouseido.mhlw.go.jp/znk-web/juminkanja/S2430/initialize?prefCd=44&kikanCd=1123400000&kikanKbn=3", "url2": "http://www.smileclinic.jp/", "内容": "矯正歯科スマイルクリニック【3:歯科】大分県大分市金池町２－１－１９　大分駅前ビル６Ｆ" }, "geometry": { "type": "Point", "coordinates": [ 131.607969, 33.234711 ] } },
{ "type": "Feature", "properties": { "ID": 4431123700000, "正式名称": "くさつ歯科", "機関区分": 3, "都道府県コード": 44, "市区町村コード": 201, "所在地": "大分県大分市萩原１の１９の３５松栄ビル２階", "緯度": 33.242268, "経度": 131.64004, "url": "https://www.iryou.teikyouseido.mhlw.go.jp/znk-web/juminkanja/S2430/initialize?prefCd=44&kikanCd=1123700000&kikanKbn=3", "url2": "http://www.kusatsu-shika.com/", "内容": "くさつ歯科【3:歯科】大分県大分市萩原１の１９の３５松栄ビル２階" }, "geometry": { "type": "Point", "coordinates": [ 131.64004, 33.242268 ] } },
{ "type": "Feature", "properties": { "ID": 4431123800000, "正式名称": "医療法人信明会　くどう歯科医院", "機関区分": 3, "都道府県コード": 44, "市区町村コード": 201, "所在地": "大分県大分市松岡５１６７－１", "緯度": 33.180042, "経度": 131.66581, "url": "https://www.iryou.teikyouseido.mhlw.go.jp/znk-web/juminkanja/S2430/initialize?prefCd=44&kikanCd=1123800000&kikanKbn=3", "url2": "http://www.kudoshika.com", "内容": "医療法人信明会　くどう歯科医院【3:歯科】大分県大分市松岡５１６７－１" }, "geometry": { "type": "Point", "coordinates": [ 131.66581, 33.180042 ] } },
{ "type": "Feature", "properties": { "ID": 4431124100000, "正式名称": "くまい歯科医院", "機関区分": 3, "都道府県コード": 44, "市区町村コード": 201, "所在地": "大分県大分市久原南１丁目１番１１号", "緯度": 33.234926, "経度": 131.756507, "url": "https://www.iryou.teikyouseido.mhlw.go.jp/znk-web/juminkanja/S2430/initialize?prefCd=44&kikanCd=1124100000&kikanKbn=3", "url2": "http://www.citydo.com/sp/097-593-1118", "内容": "くまい歯科医院【3:歯科】大分県大分市久原南１丁目１番１１号" }, "geometry": { "type": "Point", "coordinates": [ 131.756507, 33.234926 ] } },
{ "type": "Feature", "properties": { "ID": 4431124200000, "正式名称": "けんせい歯科クリニック", "機関区分": 3, "都道府県コード": 44, "市区町村コード": 201, "所在地": "大分県大分市古ケ鶴１－４－２３", "緯度": 33.238533, "経度": 131.630623, "url": "https://www.iryou.teikyouseido.mhlw.go.jp/znk-web/juminkanja/S2430/initialize?prefCd=44&kikanCd=1124200000&kikanKbn=3", "url2": "http://www.oita-min.or.jp/shika/", "内容": "けんせい歯科クリニック【3:歯科】大分県大分市古ケ鶴１－４－２３" }, "geometry": { "type": "Point", "coordinates": [ 131.630623, 33.238533 ] } },
{ "type": "Feature", "properties": { "ID": 4431124300000, "正式名称": "県庁歯科診療所", "機関区分": 3, "都道府県コード": 44, "市区町村コード": 201, "所在地": "大分県大分市大手町３－１－１", "緯度": 33.2382, "経度": 131.612674, "url": "https://www.iryou.teikyouseido.mhlw.go.jp/znk-web/juminkanja/S2430/initialize?prefCd=44&kikanCd=1124300000&kikanKbn=3", "url2": null, "内容": "県庁歯科診療所【3:歯科】大分県大分市大手町３－１－１" }, "geometry": { "type": "Point", "coordinates": [ 131.612674, 33.2382 ] } },
{ "type": "Feature", "properties": { "ID": 4431125100000, "正式名称": "西郷歯科医院", "機関区分": 3, "都道府県コード": 44, "市区町村コード": 201, "所在地": "大分県大分市中戸次４５６０－２", "緯度": 33.153287, "経度": 131.656648, "url": "https://www.iryou.teikyouseido.mhlw.go.jp/znk-web/juminkanja/S2430/initialize?prefCd=44&kikanCd=1125100000&kikanKbn=3", "url2": "https://dental-saigo.com/", "内容": "西郷歯科医院【3:歯科】大分県大分市中戸次４５６０－２" }, "geometry": { "type": "Point", "coordinates": [ 131.656648, 33.153287 ] } },
{ "type": "Feature", "properties": { "ID": 4431125400000, "正式名称": "佐藤歯科", "機関区分": 3, "都道府県コード": 44, "市区町村コード": 201, "所在地": "大分県大分市片島１５－１組", "緯度": 33.212303, "経度": 131.632151, "url": "https://www.iryou.teikyouseido.mhlw.go.jp/znk-web/juminkanja/S2430/initialize?prefCd=44&kikanCd=1125400000&kikanKbn=3", "url2": null, "内容": "佐藤歯科【3:歯科】大分県大分市片島１５－１組" }, "geometry": { "type": "Point", "coordinates": [ 131.632151, 33.212303 ] } },
{ "type": "Feature", "properties": { "ID": 4431125600000, "正式名称": "さとう歯科医院", "機関区分": 3, "都道府県コード": 44, "市区町村コード": 201, "所在地": "大分県大分市牧１－８－２９", "緯度": 33.240203, "経度": 131.636883, "url": "https://www.iryou.teikyouseido.mhlw.go.jp/znk-web/juminkanja/S2430/initialize?prefCd=44&kikanCd=1125600000&kikanKbn=3", "url2": "http://www.turitaro.com/index.html", "内容": "さとう歯科医院【3:歯科】大分県大分市牧１－８－２９" }, "geometry": { "type": "Point", "coordinates": [ 131.636883, 33.240203 ] } },
{ "type": "Feature", "properties": { "ID": 4431125700000, "正式名称": "さとう歯科クリニック", "機関区分": 3, "都道府県コード": 44, "市区町村コード": 201, "所在地": "大分県大分市坂ノ市中央４－９－６", "緯度": 33.232899, "経度": 131.75324, "url": "https://www.iryou.teikyouseido.mhlw.go.jp/znk-web/juminkanja/S2430/initialize?prefCd=44&kikanCd=1125700000&kikanKbn=3", "url2": "http://e-satodc.ftw.jp/index.html", "内容": "さとう歯科クリニック【3:歯科】大分県大分市坂ノ市中央４－９－６" }, "geometry": { "type": "Point", "coordinates": [ 131.75324, 33.232899 ] } },
{ "type": "Feature", "properties": { "ID": 4431125800000, "正式名称": "サンライト歯科", "機関区分": 3, "都道府県コード": 44, "市区町村コード": 201, "所在地": "大分県大分市中津留１－１１－１４", "緯度": 33.243658, "経度": 131.630884, "url": "https://www.iryou.teikyouseido.mhlw.go.jp/znk-web/juminkanja/S2430/initialize?prefCd=44&kikanCd=1125800000&kikanKbn=3", "url2": null, "内容": "サンライト歯科【3:歯科】大分県大分市中津留１－１１－１４" }, "geometry": { "type": "Point", "coordinates": [ 131.630884, 33.243658 ] } },
{ "type": "Feature", "properties": { "ID": 4431125900000, "正式名称": "歯科首藤医院", "機関区分": 3, "都道府県コード": 44, "市区町村コード": 201, "所在地": "大分県大分市大道町１－６－２５", "緯度": 33.233187, "経度": 131.601952, "url": "https://www.iryou.teikyouseido.mhlw.go.jp/znk-web/juminkanja/S2430/initialize?prefCd=44&kikanCd=1125900000&kikanKbn=3", "url2": null, "内容": "歯科首藤医院【3:歯科】大分県大分市大道町１－６－２５" }, "geometry": { "type": "Point", "coordinates": [ 131.601952, 33.233187 ] } },
{ "type": "Feature", "properties": { "ID": 4431126000000, "正式名称": "歯科菅原健二医院", "機関区分": 3, "都道府県コード": 44, "市区町村コード": 201, "所在地": "大分県大分市大字津留字六本松１９０９－１", "緯度": 33.232075, "経度": 131.62582, "url": "https://www.iryou.teikyouseido.mhlw.go.jp/znk-web/juminkanja/S2430/initialize?prefCd=44&kikanCd=1126000000&kikanKbn=3", "url2": "https://sugahara-shika.com", "内容": "歯科菅原健二医院【3:歯科】大分県大分市大字津留字六本松１９０９－１" }, "geometry": { "type": "Point", "coordinates": [ 131.62582, 33.232075 ] } },
{ "type": "Feature", "properties": { "ID": 4431126100000, "正式名称": "敷戸グリーン歯科", "機関区分": 3, "都道府県コード": 44, "市区町村コード": 201, "所在地": "大分県大分市敷戸台２丁目１番１０号", "緯度": 33.18823, "経度": 131.617372, "url": "https://www.iryou.teikyouseido.mhlw.go.jp/znk-web/juminkanja/S2430/initialize?prefCd=44&kikanCd=1126100000&kikanKbn=3", "url2": null, "内容": "敷戸グリーン歯科【3:歯科】大分県大分市敷戸台２丁目１番１０号" }, "geometry": { "type": "Point", "coordinates": [ 131.617372, 33.18823 ] } },
{ "type": "Feature", "properties": { "ID": 4431126200000, "正式名称": "敷戸沢宮歯科医院", "機関区分": 3, "都道府県コード": 44, "市区町村コード": 201, "所在地": "大分県大分市敷戸西町１－１０", "緯度": 33.187924, "経度": 131.623147, "url": "https://www.iryou.teikyouseido.mhlw.go.jp/znk-web/juminkanja/S2430/initialize?prefCd=44&kikanCd=1126200000&kikanKbn=3", "url2": null, "内容": "敷戸沢宮歯科医院【3:歯科】大分県大分市敷戸西町１－１０" }, "geometry": { "type": "Point", "coordinates": [ 131.623147, 33.187924 ] } },
{ "type": "Feature", "properties": { "ID": 4431126400000, "正式名称": "重光歯科医院", "機関区分": 3, "都道府県コード": 44, "市区町村コード": 201, "所在地": "大分県大分市鴛野１０８９－１", "緯度": 33.184291, "経度": 131.616011, "url": "https://www.iryou.teikyouseido.mhlw.go.jp/znk-web/juminkanja/S2430/initialize?prefCd=44&kikanCd=1126400000&kikanKbn=3", "url2": null, "内容": "重光歯科医院【3:歯科】大分県大分市鴛野１０８９－１" }, "geometry": { "type": "Point", "coordinates": [ 131.616011, 33.184291 ] } },
{ "type": "Feature", "properties": { "ID": 4431126600000, "正式名称": "柴田歯科医院", "機関区分": 3, "都道府県コード": 44, "市区町村コード": 201, "所在地": "大分県大分市大字野津原１７５４－１", "緯度": 33.163798, "経度": 131.529711, "url": "https://www.iryou.teikyouseido.mhlw.go.jp/znk-web/juminkanja/S2430/initialize?prefCd=44&kikanCd=1126600000&kikanKbn=3", "url2": null, "内容": "柴田歯科医院【3:歯科】大分県大分市大字野津原１７５４－１" }, "geometry": { "type": "Point", "coordinates": [ 131.529711, 33.163798 ] } },
{ "type": "Feature", "properties": { "ID": 4431126900000, "正式名称": "生野歯科医院", "機関区分": 3, "都道府県コード": 44, "市区町村コード": 201, "所在地": "大分県大分市南鶴崎", "緯度": 33.239705, "経度": 131.689888, "url": "https://www.iryou.teikyouseido.mhlw.go.jp/znk-web/juminkanja/S2430/initialize?prefCd=44&kikanCd=1126900000&kikanKbn=3", "url2": null, "内容": "生野歯科医院【3:歯科】大分県大分市南鶴崎" }, "geometry": { "type": "Point", "coordinates": [ 131.689888, 33.239705 ] } },
{ "type": "Feature", "properties": { "ID": 4431127700000, "正式名称": "スマイルラインデンタルクリニック", "機関区分": 3, "都道府県コード": 44, "市区町村コード": 201, "所在地": "大分県大分市横塚２丁目１４番３５号", "緯度": 33.240406, "経度": 131.742644, "url": "https://www.iryou.teikyouseido.mhlw.go.jp/znk-web/juminkanja/S2430/initialize?prefCd=44&kikanCd=1127700000&kikanKbn=3", "url2": "http://smile-line.jp", "内容": "スマイルラインデンタルクリニック【3:歯科】大分県大分市横塚２丁目１４番３５号" }, "geometry": { "type": "Point", "coordinates": [ 131.742644, 33.240406 ] } },
{ "type": "Feature", "properties": { "ID": 4431127800000, "正式名称": "せぐち歯科医院", "機関区分": 3, "都道府県コード": 44, "市区町村コード": 201, "所在地": "大分県大分市南春日町９－８", "緯度": 33.234256, "経度": 131.596036, "url": "https://www.iryou.teikyouseido.mhlw.go.jp/znk-web/juminkanja/S2430/initialize?prefCd=44&kikanCd=1127800000&kikanKbn=3", "url2": null, "内容": "せぐち歯科医院【3:歯科】大分県大分市南春日町９－８" }, "geometry": { "type": "Point", "coordinates": [ 131.596036, 33.234256 ] } },
{ "type": "Feature", "properties": { "ID": 4431128300000, "正式名称": "そのだ歯科医院", "機関区分": 3, "都道府県コード": 44, "市区町村コード": 201, "所在地": "大分県大分市中央町４－２－２９園田ビル３Ｆ", "緯度": 33.23813, "経度": 131.603301, "url": "https://www.iryou.teikyouseido.mhlw.go.jp/znk-web/juminkanja/S2430/initialize?prefCd=44&kikanCd=1128300000&kikanKbn=3", "url2": null, "内容": "そのだ歯科医院【3:歯科】大分県大分市中央町４－２－２９園田ビル３Ｆ" }, "geometry": { "type": "Point", "coordinates": [ 131.603301, 33.23813 ] } },
{ "type": "Feature", "properties": { "ID": 4431128400000, "正式名称": "高江にこにこ歯科クリニック", "機関区分": 3, "都道府県コード": 44, "市区町村コード": 201, "所在地": "大分県大分市高江南", "緯度": 33.163843, "経度": 131.614473, "url": "https://www.iryou.teikyouseido.mhlw.go.jp/znk-web/juminkanja/S2430/initialize?prefCd=44&kikanCd=1128400000&kikanKbn=3", "url2": "nikonikoshika.com", "内容": "高江にこにこ歯科クリニック【3:歯科】大分県大分市高江南" }, "geometry": { "type": "Point", "coordinates": [ 131.614473, 33.163843 ] } },
{ "type": "Feature", "properties": { "ID": 4431128700000, "正式名称": "多賀歯科医院", "機関区分": 3, "都道府県コード": 44, "市区町村コード": 201, "所在地": "大分県大分市大手町１－３－１２", "緯度": 33.236189, "経度": 131.612697, "url": "https://www.iryou.teikyouseido.mhlw.go.jp/znk-web/juminkanja/S2430/initialize?prefCd=44&kikanCd=1128700000&kikanKbn=3", "url2": null, "内容": "多賀歯科医院【3:歯科】大分県大分市大手町１－３－１２" }, "geometry": { "type": "Point", "coordinates": [ 131.612697, 33.236189 ] } },
{ "type": "Feature", "properties": { "ID": 4431128800000, "正式名称": "高城やまだ歯科", "機関区分": 3, "都道府県コード": 44, "市区町村コード": 201, "所在地": "大分県大分市高城南町１１－５", "緯度": 33.241801, "経度": 131.658163, "url": "https://www.iryou.teikyouseido.mhlw.go.jp/znk-web/juminkanja/S2430/initialize?prefCd=44&kikanCd=1128800000&kikanKbn=3", "url2": null, "内容": "高城やまだ歯科【3:歯科】大分県大分市高城南町１１－５" }, "geometry": { "type": "Point", "coordinates": [ 131.658163, 33.241801 ] } },
{ "type": "Feature", "properties": { "ID": 4431129700000, "正式名称": "田中歯科クリニック", "機関区分": 3, "都道府県コード": 44, "市区町村コード": 201, "所在地": "大分県大分市王子西町１１－２２", "緯度": 33.242438, "経度": 131.58793, "url": "https://www.iryou.teikyouseido.mhlw.go.jp/znk-web/juminkanja/S2430/initialize?prefCd=44&kikanCd=1129700000&kikanKbn=3", "url2": "https://oita-tanakadc.com", "内容": "田中歯科クリニック【3:歯科】大分県大分市王子西町１１－２２" }, "geometry": { "type": "Point", "coordinates": [ 131.58793, 33.242438 ] } },
{ "type": "Feature", "properties": { "ID": 4431129800000, "正式名称": "たにがわ歯科", "機関区分": 3, "都道府県コード": 44, "市区町村コード": 201, "所在地": "大分県大分市賀来北２－９－３", "緯度": 33.21275, "経度": 131.569543, "url": "https://www.iryou.teikyouseido.mhlw.go.jp/znk-web/juminkanja/S2430/initialize?prefCd=44&kikanCd=1129800000&kikanKbn=3", "url2": null, "内容": "たにがわ歯科【3:歯科】大分県大分市賀来北２－９－３" }, "geometry": { "type": "Point", "coordinates": [ 131.569543, 33.21275 ] } },
{ "type": "Feature", "properties": { "ID": 4431129900000, "正式名称": "たんぽぽ歯科クリニック", "機関区分": 3, "都道府県コード": 44, "市区町村コード": 201, "所在地": "大分県大分市新春日町２－２－１１　トポアコート２Ｆ", "緯度": 33.233785, "経度": 131.591696, "url": "https://www.iryou.teikyouseido.mhlw.go.jp/znk-web/juminkanja/S2430/initialize?prefCd=44&kikanCd=1129900000&kikanKbn=3", "url2": null, "内容": "たんぽぽ歯科クリニック【3:歯科】大分県大分市新春日町２－２－１１　トポアコート２Ｆ" }, "geometry": { "type": "Point", "coordinates": [ 131.591696, 33.233785 ] } },
{ "type": "Feature", "properties": { "ID": 4431130200000, "正式名称": "つるさき歯科医院", "機関区分": 3, "都道府県コード": 44, "市区町村コード": 201, "所在地": "大分県大分市中鶴崎１－２－５", "緯度": 33.241497, "経度": 131.689799, "url": "https://www.iryou.teikyouseido.mhlw.go.jp/znk-web/juminkanja/S2430/initialize?prefCd=44&kikanCd=1130200000&kikanKbn=3", "url2": null, "内容": "つるさき歯科医院【3:歯科】大分県大分市中鶴崎１－２－５" }, "geometry": { "type": "Point", "coordinates": [ 131.689799, 33.241497 ] } },
{ "type": "Feature", "properties": { "ID": 4431130500000, "正式名称": "徳丸歯科医院", "機関区分": 3, "都道府県コード": 44, "市区町村コード": 201, "所在地": "大分県大分市寒田池添１０３６－１", "緯度": 33.186464, "経度": 131.61252, "url": "https://www.iryou.teikyouseido.mhlw.go.jp/znk-web/juminkanja/S2430/initialize?prefCd=44&kikanCd=1130500000&kikanKbn=3", "url2": "https://www.tokumaru-shika.com/", "内容": "徳丸歯科医院【3:歯科】大分県大分市寒田池添１０３６－１" }, "geometry": { "type": "Point", "coordinates": [ 131.61252, 33.186464 ] } },
{ "type": "Feature", "properties": { "ID": 4431130800000, "正式名称": "中川歯科医院", "機関区分": 3, "都道府県コード": 44, "市区町村コード": 201, "所在地": "大分県大分市市池田１０５７", "緯度": 33.187434, "経度": 131.571171, "url": "https://www.iryou.teikyouseido.mhlw.go.jp/znk-web/juminkanja/S2430/initialize?prefCd=44&kikanCd=1130800000&kikanKbn=3", "url2": null, "内容": "中川歯科医院【3:歯科】大分県大分市市池田１０５７" }, "geometry": { "type": "Point", "coordinates": [ 131.571171, 33.187434 ] } },
{ "type": "Feature", "properties": { "ID": 4431131000000, "正式名称": "なかじま歯科医院", "機関区分": 3, "都道府県コード": 44, "市区町村コード": 201, "所在地": "大分県大分市森町花の木通５０１－３", "緯度": 33.227057, "経度": 131.682129, "url": "https://www.iryou.teikyouseido.mhlw.go.jp/znk-web/juminkanja/S2430/initialize?prefCd=44&kikanCd=1131000000&kikanKbn=3", "url2": null, "内容": "なかじま歯科医院【3:歯科】大分県大分市森町花の木通５０１－３" }, "geometry": { "type": "Point", "coordinates": [ 131.682129, 33.227057 ] } },
{ "type": "Feature", "properties": { "ID": 4431131200000, "正式名称": "中村歯科医院", "機関区分": 3, "都道府県コード": 44, "市区町村コード": 201, "所在地": "大分県大分市坂ノ市中央一丁目７番３２号", "緯度": 33.23541, "経度": 131.75036, "url": "https://www.iryou.teikyouseido.mhlw.go.jp/znk-web/juminkanja/S2430/initialize?prefCd=44&kikanCd=1131200000&kikanKbn=3", "url2": null, "内容": "中村歯科医院【3:歯科】大分県大分市坂ノ市中央一丁目７番３２号" }, "geometry": { "type": "Point", "coordinates": [ 131.75036, 33.23541 ] } },
{ "type": "Feature", "properties": { "ID": 4431131300000, "正式名称": "中山歯科医院", "機関区分": 3, "都道府県コード": 44, "市区町村コード": 201, "所在地": "大分県大分市中島中央１－２－４４", "緯度": 33.242997, "経度": 131.614435, "url": "https://www.iryou.teikyouseido.mhlw.go.jp/znk-web/juminkanja/S2430/initialize?prefCd=44&kikanCd=1131300000&kikanKbn=3", "url2": "www.nakayama-dc.jp", "内容": "中山歯科医院【3:歯科】大分県大分市中島中央１－２－４４" }, "geometry": { "type": "Point", "coordinates": [ 131.614435, 33.242997 ] } },
{ "type": "Feature", "properties": { "ID": 4431131400000, "正式名称": "なりやす歯科医院", "機関区分": 3, "都道府県コード": 44, "市区町村コード": 201, "所在地": "大分県大分市市５６１－５", "緯度": 33.190126, "経度": 131.481105, "url": "https://www.iryou.teikyouseido.mhlw.go.jp/znk-web/juminkanja/S2430/initialize?prefCd=44&kikanCd=1131400000&kikanKbn=3", "url2": null, "内容": "なりやす歯科医院【3:歯科】大分県大分市市５６１－５" }, "geometry": { "type": "Point", "coordinates": [ 131.481105, 33.190126 ] } },
{ "type": "Feature", "properties": { "ID": 4431131700000, "正式名称": "ノアデンタルオフィス", "機関区分": 3, "都道府県コード": 44, "市区町村コード": 201, "所在地": "大分県大分市城崎町", "緯度": 33.242038, "経度": 131.614346, "url": "https://www.iryou.teikyouseido.mhlw.go.jp/znk-web/juminkanja/S2430/initialize?prefCd=44&kikanCd=1131700000&kikanKbn=3", "url2": "http://www.noahdent.jp", "内容": "ノアデンタルオフィス【3:歯科】大分県大分市城崎町" }, "geometry": { "type": "Point", "coordinates": [ 131.614346, 33.242038 ] } },
{ "type": "Feature", "properties": { "ID": 4431132200000, "正式名称": "はしもと歯科医院", "機関区分": 3, "都道府県コード": 44, "市区町村コード": 201, "所在地": "大分県大分市大字田尻１９６番地の１", "緯度": 33.189806, "経度": 131.592413, "url": "https://www.iryou.teikyouseido.mhlw.go.jp/znk-web/juminkanja/S2430/initialize?prefCd=44&kikanCd=1132200000&kikanKbn=3", "url2": null, "内容": "はしもと歯科医院【3:歯科】大分県大分市大字田尻１９６番地の１" }, "geometry": { "type": "Point", "coordinates": [ 131.592413, 33.189806 ] } },
{ "type": "Feature", "properties": { "ID": 4431132300000, "正式名称": "はしもと歯科医院", "機関区分": 3, "都道府県コード": 44, "市区町村コード": 201, "所在地": "大分県大分市坂ノ市西１丁目１番３号", "緯度": 33.232433, "経度": 131.747317, "url": "https://www.iryou.teikyouseido.mhlw.go.jp/znk-web/juminkanja/S2430/initialize?prefCd=44&kikanCd=1132300000&kikanKbn=3", "url2": null, "内容": "はしもと歯科医院【3:歯科】大分県大分市坂ノ市西１丁目１番３号" }, "geometry": { "type": "Point", "coordinates": [ 131.747317, 33.232433 ] } },
{ "type": "Feature", "properties": { "ID": 4431132500000, "正式名称": "花みずき歯科クリニック", "機関区分": 3, "都道府県コード": 44, "市区町村コード": 201, "所在地": "大分県大分市古国府", "緯度": 33.215149, "経度": 131.605123, "url": "https://www.iryou.teikyouseido.mhlw.go.jp/znk-web/juminkanja/S2430/initialize?prefCd=44&kikanCd=1132500000&kikanKbn=3", "url2": null, "内容": "花みずき歯科クリニック【3:歯科】大分県大分市古国府" }, "geometry": { "type": "Point", "coordinates": [ 131.605123, 33.215149 ] } },
{ "type": "Feature", "properties": { "ID": 4431132600000, "正式名称": "馬場歯科医院", "機関区分": 3, "都道府県コード": 44, "市区町村コード": 201, "所在地": "大分県大分市西鶴崎１－１０－６", "緯度": 33.241308, "経度": 131.686305, "url": "https://www.iryou.teikyouseido.mhlw.go.jp/znk-web/juminkanja/S2430/initialize?prefCd=44&kikanCd=1132600000&kikanKbn=3", "url2": null, "内容": "馬場歯科医院【3:歯科】大分県大分市西鶴崎１－１０－６" }, "geometry": { "type": "Point", "coordinates": [ 131.686305, 33.241308 ] } },
{ "type": "Feature", "properties": { "ID": 4431132700000, "正式名称": "かず歯科", "機関区分": 3, "都道府県コード": 44, "市区町村コード": 201, "所在地": "大分県大分市中央町３－２－１", "緯度": 33.236688, "経度": 131.604703, "url": "https://www.iryou.teikyouseido.mhlw.go.jp/znk-web/juminkanja/S2430/initialize?prefCd=44&kikanCd=1132700000&kikanKbn=3", "url2": "http://www.babadental.com", "内容": "かず歯科【3:歯科】大分県大分市中央町３－２－１" }, "geometry": { "type": "Point", "coordinates": [ 131.604703, 33.236688 ] } },
{ "type": "Feature", "properties": { "ID": 4431132800000, "正式名称": "馬場歯科医院神崎診療所", "機関区分": 3, "都道府県コード": 44, "市区町村コード": 201, "所在地": "大分県大分市大字本神崎６１５番地", "緯度": 33.238544, "経度": 131.798008, "url": "https://www.iryou.teikyouseido.mhlw.go.jp/znk-web/juminkanja/S2430/initialize?prefCd=44&kikanCd=1132800000&kikanKbn=3", "url2": null, "内容": "馬場歯科医院神崎診療所【3:歯科】大分県大分市大字本神崎６１５番地" }, "geometry": { "type": "Point", "coordinates": [ 131.798008, 33.238544 ] } },
{ "type": "Feature", "properties": { "ID": 4431132900000, "正式名称": "ハルヤマ歯科", "機関区分": 3, "都道府県コード": 44, "市区町村コード": 201, "所在地": "大分県大分市木上", "緯度": 33.185367, "経度": 131.566696, "url": "https://www.iryou.teikyouseido.mhlw.go.jp/znk-web/juminkanja/S2430/initialize?prefCd=44&kikanCd=1132900000&kikanKbn=3", "url2": "https://www.haruyamashika.com/", "内容": "ハルヤマ歯科【3:歯科】大分県大分市木上" }, "geometry": { "type": "Point", "coordinates": [ 131.566696, 33.185367 ] } },
{ "type": "Feature", "properties": { "ID": 4431133000000, "正式名称": "ハロー歯科医院", "機関区分": 3, "都道府県コード": 44, "市区町村コード": 201, "所在地": "大分県大分市上田町３－３－４－１１２", "緯度": 33.213874, "経度": 131.597371, "url": "https://www.iryou.teikyouseido.mhlw.go.jp/znk-web/juminkanja/S2430/initialize?prefCd=44&kikanCd=1133000000&kikanKbn=3", "url2": null, "内容": "ハロー歯科医院【3:歯科】大分県大分市上田町３－３－４－１１２" }, "geometry": { "type": "Point", "coordinates": [ 131.597371, 33.213874 ] } },
{ "type": "Feature", "properties": { "ID": 4431133100000, "正式名称": "判田歯科クリニック", "機関区分": 3, "都道府県コード": 44, "市区町村コード": 201, "所在地": "大分県大分市中判田字尾坪１８６０番地", "緯度": 33.165788, "経度": 131.63471, "url": "https://www.iryou.teikyouseido.mhlw.go.jp/znk-web/juminkanja/S2430/initialize?prefCd=44&kikanCd=1133100000&kikanKbn=3", "url2": "https://plus.dentamap.jp/hpplus/plus_edit/hp_build/index.php", "内容": "判田歯科クリニック【3:歯科】大分県大分市中判田字尾坪１８６０番地" }, "geometry": { "type": "Point", "coordinates": [ 131.63471, 33.165788 ] } },
{ "type": "Feature", "properties": { "ID": 4431133200000, "正式名称": "医療法人ひまわり歯科", "機関区分": 3, "都道府県コード": 44, "市区町村コード": 201, "所在地": "大分県大分市田尻１８８－１", "緯度": 33.190745, "経度": 131.592899, "url": "https://www.iryou.teikyouseido.mhlw.go.jp/znk-web/juminkanja/S2430/initialize?prefCd=44&kikanCd=1133200000&kikanKbn=3", "url2": null, "内容": "医療法人ひまわり歯科【3:歯科】大分県大分市田尻１８８－１" }, "geometry": { "type": "Point", "coordinates": [ 131.592899, 33.190745 ] } },
{ "type": "Feature", "properties": { "ID": 4431133500000, "正式名称": "平岡歯科", "機関区分": 3, "都道府県コード": 44, "市区町村コード": 201, "所在地": "大分県大分市二又町", "緯度": 33.21574, "経度": 131.594298, "url": "https://www.iryou.teikyouseido.mhlw.go.jp/znk-web/juminkanja/S2430/initialize?prefCd=44&kikanCd=1133500000&kikanKbn=3", "url2": "https://hiraoka-shika.jp/", "内容": "平岡歯科【3:歯科】大分県大分市二又町" }, "geometry": { "type": "Point", "coordinates": [ 131.594298, 33.21574 ] } },
{ "type": "Feature", "properties": { "ID": 4431133600000, "正式名称": "平林歯科医院", "機関区分": 3, "都道府県コード": 44, "市区町村コード": 201, "所在地": "大分県大分市畑中１丁目４番９号", "緯度": 33.205757, "経度": 131.602368, "url": "https://www.iryou.teikyouseido.mhlw.go.jp/znk-web/juminkanja/S2430/initialize?prefCd=44&kikanCd=1133600000&kikanKbn=3", "url2": "http://www.hirabayashi-d.jp/index.html", "内容": "平林歯科医院【3:歯科】大分県大分市畑中１丁目４番９号" }, "geometry": { "type": "Point", "coordinates": [ 131.602368, 33.205757 ] } },
{ "type": "Feature", "properties": { "ID": 4431133900000, "正式名称": "福﨑歯科", "機関区分": 3, "都道府県コード": 44, "市区町村コード": 201, "所在地": "大分県大分市三川下３－６－１５", "緯度": 33.25021, "経度": 131.670453, "url": "https://www.iryou.teikyouseido.mhlw.go.jp/znk-web/juminkanja/S2430/initialize?prefCd=44&kikanCd=1133900000&kikanKbn=3", "url2": "www.fukuzakisika.jp", "内容": "福﨑歯科【3:歯科】大分県大分市三川下３－６－１５" }, "geometry": { "type": "Point", "coordinates": [ 131.670453, 33.25021 ] } },
{ "type": "Feature", "properties": { "ID": 4431134100000, "正式名称": "福原総合デンタルクリニック", "機関区分": 3, "都道府県コード": 44, "市区町村コード": 201, "所在地": "大分県大分市岩田町", "緯度": 33.239441, "経度": 131.629107, "url": "https://www.iryou.teikyouseido.mhlw.go.jp/znk-web/juminkanja/S2430/initialize?prefCd=44&kikanCd=1134100000&kikanKbn=3", "url2": "http://www.fukuhara-dental.jp/", "内容": "福原総合デンタルクリニック【3:歯科】大分県大分市岩田町" }, "geometry": { "type": "Point", "coordinates": [ 131.629107, 33.239441 ] } },
{ "type": "Feature", "properties": { "ID": 4431134300000, "正式名称": "医療法人　　富士見歯科クリニック", "機関区分": 3, "都道府県コード": 44, "市区町村コード": 201, "所在地": "大分県大分市横瀬", "緯度": 33.18736, "経度": 131.552692, "url": "https://www.iryou.teikyouseido.mhlw.go.jp/znk-web/juminkanja/S2430/initialize?prefCd=44&kikanCd=1134300000&kikanKbn=3", "url2": null, "内容": "医療法人　　富士見歯科クリニック【3:歯科】大分県大分市横瀬" }, "geometry": { "type": "Point", "coordinates": [ 131.552692, 33.18736 ] } },
{ "type": "Feature", "properties": { "ID": 4431134500000, "正式名称": "船橋歯科医院", "機関区分": 3, "都道府県コード": 44, "市区町村コード": 201, "所在地": "大分県大分市横尾４２６６―３", "緯度": 33.212715, "経度": 131.658797, "url": "https://www.iryou.teikyouseido.mhlw.go.jp/znk-web/juminkanja/S2430/initialize?prefCd=44&kikanCd=1134500000&kikanKbn=3", "url2": null, "内容": "船橋歯科医院【3:歯科】大分県大分市横尾４２６６―３" }, "geometry": { "type": "Point", "coordinates": [ 131.658797, 33.212715 ] } },
{ "type": "Feature", "properties": { "ID": 4431134600000, "正式名称": "フラワー歯科医院", "機関区分": 3, "都道府県コード": 44, "市区町村コード": 201, "所在地": "大分県大分市大字三芳６４８番地１４", "緯度": 33.224947, "経度": 131.593336, "url": "https://www.iryou.teikyouseido.mhlw.go.jp/znk-web/juminkanja/S2430/initialize?prefCd=44&kikanCd=1134600000&kikanKbn=3", "url2": null, "内容": "フラワー歯科医院【3:歯科】大分県大分市大字三芳６４８番地１４" }, "geometry": { "type": "Point", "coordinates": [ 131.593336, 33.224947 ] } },
{ "type": "Feature", "properties": { "ID": 4431134700000, "正式名称": "堀内歯科", "機関区分": 3, "都道府県コード": 44, "市区町村コード": 201, "所在地": "大分県大分市高城西町１６－１１", "緯度": 33.240095, "経度": 131.649763, "url": "https://www.iryou.teikyouseido.mhlw.go.jp/znk-web/juminkanja/S2430/initialize?prefCd=44&kikanCd=1134700000&kikanKbn=3", "url2": null, "内容": "堀内歯科【3:歯科】大分県大分市高城西町１６－１１" }, "geometry": { "type": "Point", "coordinates": [ 131.649763, 33.240095 ] } },
{ "type": "Feature", "properties": { "ID": 4431134900000, "正式名称": "ホワイト矯正歯科医院", "機関区分": 3, "都道府県コード": 44, "市区町村コード": 201, "所在地": "大分県大分市宮崎字五反田８３５−２", "緯度": 33.198549, "経度": 131.607896, "url": "https://www.iryou.teikyouseido.mhlw.go.jp/znk-web/juminkanja/S2430/initialize?prefCd=44&kikanCd=1134900000&kikanKbn=3", "url2": null, "内容": "ホワイト矯正歯科医院【3:歯科】大分県大分市宮崎字五反田８３５−２" }, "geometry": { "type": "Point", "coordinates": [ 131.607896, 33.198549 ] } },
{ "type": "Feature", "properties": { "ID": 4431135000000, "正式名称": "ホワイトロードデンタルクリニック", "機関区分": 3, "都道府県コード": 44, "市区町村コード": 201, "所在地": "大分県大分市玉沢", "緯度": 33.186339, "経度": 131.579992, "url": "https://www.iryou.teikyouseido.mhlw.go.jp/znk-web/juminkanja/S2430/initialize?prefCd=44&kikanCd=1135000000&kikanKbn=3", "url2": "https://white-road.ci-hp.jp/", "内容": "ホワイトロードデンタルクリニック【3:歯科】大分県大分市玉沢" }, "geometry": { "type": "Point", "coordinates": [ 131.579992, 33.186339 ] } },
{ "type": "Feature", "properties": { "ID": 4431135100000, "正式名称": "まいづる歯科医院", "機関区分": 3, "都道府県コード": 44, "市区町村コード": 201, "所在地": "大分県大分市中津留２丁目４－１２", "緯度": 33.244811, "経度": 131.628162, "url": "https://www.iryou.teikyouseido.mhlw.go.jp/znk-web/juminkanja/S2430/initialize?prefCd=44&kikanCd=1135100000&kikanKbn=3", "url2": "https://www.maiduru-shika.com", "内容": "まいづる歯科医院【3:歯科】大分県大分市中津留２丁目４－１２" }, "geometry": { "type": "Point", "coordinates": [ 131.628162, 33.244811 ] } },
{ "type": "Feature", "properties": { "ID": 4431135200000, "正式名称": "まさき歯科医院", "機関区分": 3, "都道府県コード": 44, "市区町村コード": 201, "所在地": "大分県大分市下郡中央３－１１－１８", "緯度": 33.224605, "経度": 131.637842, "url": "https://www.iryou.teikyouseido.mhlw.go.jp/znk-web/juminkanja/S2430/initialize?prefCd=44&kikanCd=1135200000&kikanKbn=3", "url2": null, "内容": "まさき歯科医院【3:歯科】大分県大分市下郡中央３－１１－１８" }, "geometry": { "type": "Point", "coordinates": [ 131.637842, 33.224605 ] } },
{ "type": "Feature", "properties": { "ID": 4431135300000, "正式名称": "まつもと歯科医院", "機関区分": 3, "都道府県コード": 44, "市区町村コード": 201, "所在地": "大分県大分市新栄町１２－２０", "緯度": 33.244377, "経度": 131.649342, "url": "https://www.iryou.teikyouseido.mhlw.go.jp/znk-web/juminkanja/S2430/initialize?prefCd=44&kikanCd=1135300000&kikanKbn=3", "url2": "http://web.me.com/gonta13/matsumotodent/home.html", "内容": "まつもと歯科医院【3:歯科】大分県大分市新栄町１２－２０" }, "geometry": { "type": "Point", "coordinates": [ 131.649342, 33.244377 ] } },
{ "type": "Feature", "properties": { "ID": 4431135400000, "正式名称": "マツモト歯科クリニック", "機関区分": 3, "都道府県コード": 44, "市区町村コード": 201, "所在地": "大分県大分市南春日町８－３", "緯度": 33.235414, "経度": 131.594911, "url": "https://www.iryou.teikyouseido.mhlw.go.jp/znk-web/juminkanja/S2430/initialize?prefCd=44&kikanCd=1135400000&kikanKbn=3", "url2": null, "内容": "マツモト歯科クリニック【3:歯科】大分県大分市南春日町８－３" }, "geometry": { "type": "Point", "coordinates": [ 131.594911, 33.235414 ] } },
{ "type": "Feature", "properties": { "ID": 4431135700000, "正式名称": "三浦歯科医院", "機関区分": 3, "都道府県コード": 44, "市区町村コード": 201, "所在地": "大分県大分市にじが丘", "緯度": 33.228163, "経度": 131.579187, "url": "https://www.iryou.teikyouseido.mhlw.go.jp/znk-web/juminkanja/S2430/initialize?prefCd=44&kikanCd=1135700000&kikanKbn=3", "url2": null, "内容": "三浦歯科医院【3:歯科】大分県大分市にじが丘" }, "geometry": { "type": "Point", "coordinates": [ 131.579187, 33.228163 ] } },
{ "type": "Feature", "properties": { "ID": 4431135900000, "正式名称": "右田歯科医院", "機関区分": 3, "都道府県コード": 44, "市区町村コード": 201, "所在地": "大分県大分市大字永興１丁目－１６－１７", "緯度": 33.214962, "経度": 131.587027, "url": "https://www.iryou.teikyouseido.mhlw.go.jp/znk-web/juminkanja/S2430/initialize?prefCd=44&kikanCd=1135900000&kikanKbn=3", "url2": null, "内容": "右田歯科医院【3:歯科】大分県大分市大字永興１丁目－１６－１７" }, "geometry": { "type": "Point", "coordinates": [ 131.587027, 33.214962 ] } },
{ "type": "Feature", "properties": { "ID": 4431136000000, "正式名称": "みつよしデンタルクリニック", "機関区分": 3, "都道府県コード": 44, "市区町村コード": 201, "所在地": "大分県大分市光吉新町３－１", "緯度": 33.189319, "経度": 131.596341, "url": "https://www.iryou.teikyouseido.mhlw.go.jp/znk-web/juminkanja/S2430/initialize?prefCd=44&kikanCd=1136000000&kikanKbn=3", "url2": null, "内容": "みつよしデンタルクリニック【3:歯科】大分県大分市光吉新町３－１" }, "geometry": { "type": "Point", "coordinates": [ 131.596341, 33.189319 ] } },
{ "type": "Feature", "properties": { "ID": 4431136100000, "正式名称": "緑が丘歯科医院", "機関区分": 3, "都道府県コード": 44, "市区町村コード": 201, "所在地": "大分県大分市緑が丘４－３－７", "緯度": 33.184354, "経度": 131.530085, "url": "https://www.iryou.teikyouseido.mhlw.go.jp/znk-web/juminkanja/S2430/initialize?prefCd=44&kikanCd=1136100000&kikanKbn=3", "url2": null, "内容": "緑が丘歯科医院【3:歯科】大分県大分市緑が丘４－３－７" }, "geometry": { "type": "Point", "coordinates": [ 131.530085, 33.184354 ] } },
{ "type": "Feature", "properties": { "ID": 4431136200000, "正式名称": "南大分フレッシュ歯科", "機関区分": 3, "都道府県コード": 44, "市区町村コード": 201, "所在地": "大分県大分市田中町２丁目４－３", "緯度": 33.211547, "経度": 131.591277, "url": "https://www.iryou.teikyouseido.mhlw.go.jp/znk-web/juminkanja/S2430/initialize?prefCd=44&kikanCd=1136200000&kikanKbn=3", "url2": "http://www.fresh-dc.com", "内容": "南大分フレッシュ歯科【3:歯科】大分県大分市田中町２丁目４－３" }, "geometry": { "type": "Point", "coordinates": [ 131.591277, 33.211547 ] } },
{ "type": "Feature", "properties": { "ID": 4431136300000, "正式名称": "医療法人むくもと歯科医院", "機関区分": 3, "都道府県コード": 44, "市区町村コード": 201, "所在地": "大分県大分市中判田１７３４－８", "緯度": 33.164945, "経度": 131.639007, "url": "https://www.iryou.teikyouseido.mhlw.go.jp/znk-web/juminkanja/S2430/initialize?prefCd=44&kikanCd=1136300000&kikanKbn=3", "url2": "http://www.mukumoto-dc.jp", "内容": "医療法人むくもと歯科医院【3:歯科】大分県大分市中判田１７３４－８" }, "geometry": { "type": "Point", "coordinates": [ 131.639007, 33.164945 ] } },
{ "type": "Feature", "properties": { "ID": 4431136500000, "正式名称": "村上歯科医院", "機関区分": 3, "都道府県コード": 44, "市区町村コード": 201, "所在地": "大分県大分市森町２４３番地の７", "緯度": 33.228673, "経度": 131.680847, "url": "https://www.iryou.teikyouseido.mhlw.go.jp/znk-web/juminkanja/S2430/initialize?prefCd=44&kikanCd=1136500000&kikanKbn=3", "url2": null, "内容": "村上歯科医院【3:歯科】大分県大分市森町２４３番地の７" }, "geometry": { "type": "Point", "coordinates": [ 131.680847, 33.228673 ] } },
{ "type": "Feature", "properties": { "ID": 4431136600000, "正式名称": "毛利歯科医院", "機関区分": 3, "都道府県コード": 44, "市区町村コード": 201, "所在地": "大分県大分市府内町１丁目５番４４号", "緯度": 33.235178, "経度": 131.610514, "url": "https://www.iryou.teikyouseido.mhlw.go.jp/znk-web/juminkanja/S2430/initialize?prefCd=44&kikanCd=1136600000&kikanKbn=3", "url2": "https://www.dc-mouri.com/", "内容": "毛利歯科医院【3:歯科】大分県大分市府内町１丁目５番４４号" }, "geometry": { "type": "Point", "coordinates": [ 131.610514, 33.235178 ] } },
{ "type": "Feature", "properties": { "ID": 4431136900000, "正式名称": "森いとう歯科医院", "機関区分": 3, "都道府県コード": 44, "市区町村コード": 201, "所在地": "大分県大分市森３７７－１", "緯度": 33.215266, "経度": 131.679823, "url": "https://www.iryou.teikyouseido.mhlw.go.jp/znk-web/juminkanja/S2430/initialize?prefCd=44&kikanCd=1136900000&kikanKbn=3", "url2": null, "内容": "森いとう歯科医院【3:歯科】大分県大分市森３７７－１" }, "geometry": { "type": "Point", "coordinates": [ 131.679823, 33.215266 ] } },
{ "type": "Feature", "properties": { "ID": 4431137000000, "正式名称": "森澤歯科医院", "機関区分": 3, "都道府県コード": 44, "市区町村コード": 201, "所在地": "大分県大分市中央町３丁目１番２号", "緯度": 33.236322, "経度": 131.604287, "url": "https://www.iryou.teikyouseido.mhlw.go.jp/znk-web/juminkanja/S2430/initialize?prefCd=44&kikanCd=1137000000&kikanKbn=3", "url2": "http://www.morisawa-dental.net/", "内容": "森澤歯科医院【3:歯科】大分県大分市中央町３丁目１番２号" }, "geometry": { "type": "Point", "coordinates": [ 131.604287, 33.236322 ] } },
{ "type": "Feature", "properties": { "ID": 4431137200000, "正式名称": "守谷歯科医院", "機関区分": 3, "都道府県コード": 44, "市区町村コード": 201, "所在地": "大分県大分市上田町１丁目１番１６号", "緯度": 33.216053, "経度": 131.595987, "url": "https://www.iryou.teikyouseido.mhlw.go.jp/znk-web/juminkanja/S2430/initialize?prefCd=44&kikanCd=1137200000&kikanKbn=3", "url2": null, "内容": "守谷歯科医院【3:歯科】大分県大分市上田町１丁目１番１６号" }, "geometry": { "type": "Point", "coordinates": [ 131.595987, 33.216053 ] } },
{ "type": "Feature", "properties": { "ID": 4431137400000, "正式名称": "やなる歯科医院", "機関区分": 3, "都道府県コード": 44, "市区町村コード": 201, "所在地": "大分県大分市大字中戸次５９３９", "緯度": 33.155807, "経度": 131.655587, "url": "https://www.iryou.teikyouseido.mhlw.go.jp/znk-web/juminkanja/S2430/initialize?prefCd=44&kikanCd=1137400000&kikanKbn=3", "url2": null, "内容": "やなる歯科医院【3:歯科】大分県大分市大字中戸次５９３９" }, "geometry": { "type": "Point", "coordinates": [ 131.655587, 33.155807 ] } },
{ "type": "Feature", "properties": { "ID": 4431137500000, "正式名称": "山本歯科医院", "機関区分": 3, "都道府県コード": 44, "市区町村コード": 201, "所在地": "大分県大分市中島東２－３－３８", "緯度": 33.244816, "経度": 131.615889, "url": "https://www.iryou.teikyouseido.mhlw.go.jp/znk-web/juminkanja/S2430/initialize?prefCd=44&kikanCd=1137500000&kikanKbn=3", "url2": null, "内容": "山本歯科医院【3:歯科】大分県大分市中島東２－３－３８" }, "geometry": { "type": "Point", "coordinates": [ 131.615889, 33.244816 ] } },
{ "type": "Feature", "properties": { "ID": 4431137700000, "正式名称": "吉岡歯科", "機関区分": 3, "都道府県コード": 44, "市区町村コード": 201, "所在地": "大分県大分市大在中央２－３－１２", "緯度": 33.244927, "経度": 131.72224, "url": "https://www.iryou.teikyouseido.mhlw.go.jp/znk-web/juminkanja/S2430/initialize?prefCd=44&kikanCd=1137700000&kikanKbn=3", "url2": null, "内容": "吉岡歯科【3:歯科】大分県大分市大在中央２－３－１２" }, "geometry": { "type": "Point", "coordinates": [ 131.72224, 33.244927 ] } },
{ "type": "Feature", "properties": { "ID": 4431137800000, "正式名称": "よしだ歯科医院", "機関区分": 3, "都道府県コード": 44, "市区町村コード": 201, "所在地": "大分県大分市皆春２９２－１", "緯度": 33.23528, "経度": 131.676694, "url": "https://www.iryou.teikyouseido.mhlw.go.jp/znk-web/juminkanja/S2430/initialize?prefCd=44&kikanCd=1137800000&kikanKbn=3", "url2": null, "内容": "よしだ歯科医院【3:歯科】大分県大分市皆春２９２－１" }, "geometry": { "type": "Point", "coordinates": [ 131.676694, 33.23528 ] } },
{ "type": "Feature", "properties": { "ID": 4431138200000, "正式名称": "わかばデンタルクリニック", "機関区分": 3, "都道府県コード": 44, "市区町村コード": 201, "所在地": "大分県大分市大在浜１ー７ー３８", "緯度": 33.243, "経度": 131.728023, "url": "https://www.iryou.teikyouseido.mhlw.go.jp/znk-web/juminkanja/S2430/initialize?prefCd=44&kikanCd=1138200000&kikanKbn=3", "url2": null, "内容": "わかばデンタルクリニック【3:歯科】大分県大分市大在浜１ー７ー３８" }, "geometry": { "type": "Point", "coordinates": [ 131.728023, 33.243 ] } },
{ "type": "Feature", "properties": { "ID": 4431138400000, "正式名称": "大分きずなハロー歯科診療所", "機関区分": 3, "都道府県コード": 44, "市区町村コード": 201, "所在地": "大分県大分市中島中央３丁目２番１９号", "緯度": 33.245457, "経度": 131.614038, "url": "https://www.iryou.teikyouseido.mhlw.go.jp/znk-web/juminkanja/S2430/initialize?prefCd=44&kikanCd=1138400000&kikanKbn=3", "url2": "http://www.kizuna-hello.com", "内容": "大分きずなハロー歯科診療所【3:歯科】大分県大分市中島中央３丁目２番１９号" }, "geometry": { "type": "Point", "coordinates": [ 131.614038, 33.245457 ] } },
{ "type": "Feature", "properties": { "ID": 4431138600000, "正式名称": "南大分さとう歯科", "機関区分": 3, "都道府県コード": 44, "市区町村コード": 201, "所在地": "大分県大分市三ケ田町３－１－１", "緯度": 33.215443, "経度": 131.591277, "url": "https://www.iryou.teikyouseido.mhlw.go.jp/znk-web/juminkanja/S2430/initialize?prefCd=44&kikanCd=1138600000&kikanKbn=3", "url2": "http://www.minamioita-sato-dc.jp/", "内容": "南大分さとう歯科【3:歯科】大分県大分市三ケ田町３－１－１" }, "geometry": { "type": "Point", "coordinates": [ 131.591277, 33.215443 ] } },
{ "type": "Feature", "properties": { "ID": 4431139300000, "正式名称": "石垣鶴田歯科医院", "機関区分": 3, "都道府県コード": 44, "市区町村コード": 202, "所在地": "大分県別府市石垣西８丁目５番８号", "緯度": 33.30109, "経度": 131.491156, "url": "https://www.iryou.teikyouseido.mhlw.go.jp/znk-web/juminkanja/S2430/initialize?prefCd=44&kikanCd=1139300000&kikanKbn=3", "url2": null, "内容": "石垣鶴田歯科医院【3:歯科】大分県別府市石垣西８丁目５番８号" }, "geometry": { "type": "Point", "coordinates": [ 131.491156, 33.30109 ] } },
{ "type": "Feature", "properties": { "ID": 4431139400000, "正式名称": "伊東歯科医院", "機関区分": 3, "都道府県コード": 44, "市区町村コード": 202, "所在地": "大分県別府市亀川東町１９９６－１", "緯度": 33.323626, "経度": 131.496971, "url": "https://www.iryou.teikyouseido.mhlw.go.jp/znk-web/juminkanja/S2430/initialize?prefCd=44&kikanCd=1139400000&kikanKbn=3", "url2": null, "内容": "伊東歯科医院【3:歯科】大分県別府市亀川東町１９９６－１" }, "geometry": { "type": "Point", "coordinates": [ 131.496971, 33.323626 ] } },
{ "type": "Feature", "properties": { "ID": 4431139500000, "正式名称": "イトセ歯科医院（南立石イトセ歯科）", "機関区分": 3, "都道府県コード": 44, "市区町村コード": 202, "所在地": "大分県別府市南荘園町４３－２０", "緯度": 33.288647, "経度": 131.476554, "url": "https://www.iryou.teikyouseido.mhlw.go.jp/znk-web/juminkanja/S2430/initialize?prefCd=44&kikanCd=1139500000&kikanKbn=3", "url2": null, "内容": "イトセ歯科医院（南立石イトセ歯科）【3:歯科】大分県別府市南荘園町４３－２０" }, "geometry": { "type": "Point", "coordinates": [ 131.476554, 33.288647 ] } },
{ "type": "Feature", "properties": { "ID": 4431139700000, "正式名称": "医療法人尚歯会　矢田歯科医院", "機関区分": 3, "都道府県コード": 44, "市区町村コード": 202, "所在地": "大分県別府市北浜一丁目１１番９号", "緯度": 33.279376, "経度": 131.505429, "url": "https://www.iryou.teikyouseido.mhlw.go.jp/znk-web/juminkanja/S2430/initialize?prefCd=44&kikanCd=1139700000&kikanKbn=3", "url2": null, "内容": "医療法人尚歯会　矢田歯科医院【3:歯科】大分県別府市北浜一丁目１１番９号" }, "geometry": { "type": "Point", "coordinates": [ 131.505429, 33.279376 ] } },
{ "type": "Feature", "properties": { "ID": 4431139800000, "正式名称": "医療法人社団　興裕会　イルカデンタル", "機関区分": 3, "都道府県コード": 44, "市区町村コード": 202, "所在地": "大分県別府市扇山１－４", "緯度": 33.29394, "経度": 131.46748, "url": "https://www.iryou.teikyouseido.mhlw.go.jp/znk-web/juminkanja/S2430/initialize?prefCd=44&kikanCd=1139800000&kikanKbn=3", "url2": null, "内容": "医療法人社団　興裕会　イルカデンタル【3:歯科】大分県別府市扇山１－４" }, "geometry": { "type": "Point", "coordinates": [ 131.46748, 33.29394 ] } },
{ "type": "Feature", "properties": { "ID": 4431140000000, "正式名称": "姫山歯科診療所", "機関区分": 3, "都道府県コード": 44, "市区町村コード": 202, "所在地": "大分県別府市亀川中央町２９ー１０", "緯度": 33.328798, "経度": 131.489911, "url": "https://www.iryou.teikyouseido.mhlw.go.jp/znk-web/juminkanja/S2430/initialize?prefCd=44&kikanCd=1140000000&kikanKbn=3", "url2": "http://himeyama-dental.com/index.cgi", "内容": "姫山歯科診療所【3:歯科】大分県別府市亀川中央町２９ー１０" }, "geometry": { "type": "Point", "coordinates": [ 131.489911, 33.328798 ] } },
{ "type": "Feature", "properties": { "ID": 4431140300000, "正式名称": "医療法人　ウエダ歯科", "機関区分": 3, "都道府県コード": 44, "市区町村コード": 202, "所在地": "大分県別府市大畑町２４番１３号", "緯度": 33.303524, "経度": 131.473775, "url": "https://www.iryou.teikyouseido.mhlw.go.jp/znk-web/juminkanja/S2430/initialize?prefCd=44&kikanCd=1140300000&kikanKbn=3", "url2": null, "内容": "医療法人　ウエダ歯科【3:歯科】大分県別府市大畑町２４番１３号" }, "geometry": { "type": "Point", "coordinates": [ 131.473775, 33.303524 ] } },
{ "type": "Feature", "properties": { "ID": 4431140500000, "正式名称": "えびたに歯科医院", "機関区分": 3, "都道府県コード": 44, "市区町村コード": 202, "所在地": "大分県別府市餅ケ浜町３ー２５", "緯度": 33.295597, "経度": 131.501058, "url": "https://www.iryou.teikyouseido.mhlw.go.jp/znk-web/juminkanja/S2430/initialize?prefCd=44&kikanCd=1140500000&kikanKbn=3", "url2": "http://www.ebitani-dental.com/", "内容": "えびたに歯科医院【3:歯科】大分県別府市餅ケ浜町３ー２５" }, "geometry": { "type": "Point", "coordinates": [ 131.501058, 33.295597 ] } },
{ "type": "Feature", "properties": { "ID": 4431140600000, "正式名称": "扇山矢田歯科医院", "機関区分": 3, "都道府県コード": 44, "市区町村コード": 202, "所在地": "大分県別府市扇山町１３組の６", "緯度": 33.297096, "経度": 131.472446, "url": "https://www.iryou.teikyouseido.mhlw.go.jp/znk-web/juminkanja/S2430/initialize?prefCd=44&kikanCd=1140600000&kikanKbn=3", "url2": null, "内容": "扇山矢田歯科医院【3:歯科】大分県別府市扇山町１３組の６" }, "geometry": { "type": "Point", "coordinates": [ 131.472446, 33.297096 ] } },
{ "type": "Feature", "properties": { "ID": 4431141000000, "正式名称": "ガーデン歯科クリニック", "機関区分": 3, "都道府県コード": 44, "市区町村コード": 202, "所在地": "大分県別府市南立石一区", "緯度": 33.285266, "経度": 131.480856, "url": "https://www.iryou.teikyouseido.mhlw.go.jp/znk-web/juminkanja/S2430/initialize?prefCd=44&kikanCd=1141000000&kikanKbn=3", "url2": null, "内容": "ガーデン歯科クリニック【3:歯科】大分県別府市南立石一区" }, "geometry": { "type": "Point", "coordinates": [ 131.480856, 33.285266 ] } },
{ "type": "Feature", "properties": { "ID": 4431141100000, "正式名称": "兼子矯正歯科クリニック", "機関区分": 3, "都道府県コード": 44, "市区町村コード": 202, "所在地": "大分県別府市田の湯町１０―２９丸子ビル２Ｆ", "緯度": 33.279301, "経度": 131.499529, "url": "https://www.iryou.teikyouseido.mhlw.go.jp/znk-web/juminkanja/S2430/initialize?prefCd=44&kikanCd=1141100000&kikanKbn=3", "url2": "http://kaneko-kyousei.com", "内容": "兼子矯正歯科クリニック【3:歯科】大分県別府市田の湯町１０―２９丸子ビル２Ｆ" }, "geometry": { "type": "Point", "coordinates": [ 131.499529, 33.279301 ] } },
{ "type": "Feature", "properties": { "ID": 4431141300000, "正式名称": "医療法人皓歯会鉄輪歯科クリニック", "機関区分": 3, "都道府県コード": 44, "市区町村コード": 202, "所在地": "大分県別府市大字鉄輪１２９番地の１", "緯度": 33.320308, "経度": 131.46653, "url": "https://www.iryou.teikyouseido.mhlw.go.jp/znk-web/juminkanja/S2430/initialize?prefCd=44&kikanCd=1141300000&kikanKbn=3", "url2": "http://www.kannawa-d.com/", "内容": "医療法人皓歯会鉄輪歯科クリニック【3:歯科】大分県別府市大字鉄輪１２９番地の１" }, "geometry": { "type": "Point", "coordinates": [ 131.46653, 33.320308 ] } },
{ "type": "Feature", "properties": { "ID": 4431141400000, "正式名称": "北浜さとう歯科クリニック", "機関区分": 3, "都道府県コード": 44, "市区町村コード": 202, "所在地": "大分県別府市北浜２－７－１８", "緯度": 33.280773, "経度": 131.504488, "url": "https://www.iryou.teikyouseido.mhlw.go.jp/znk-web/juminkanja/S2430/initialize?prefCd=44&kikanCd=1141400000&kikanKbn=3", "url2": "https://www.kitahama-sato-dental.com", "内容": "北浜さとう歯科クリニック【3:歯科】大分県別府市北浜２－７－１８" }, "geometry": { "type": "Point", "coordinates": [ 131.504488, 33.280773 ] } },
{ "type": "Feature", "properties": { "ID": 4431141500000, "正式名称": "歯科清岡デンタル・クリニック", "機関区分": 3, "都道府県コード": 44, "市区町村コード": 202, "所在地": "大分県別府市平田町６－２３", "緯度": 33.318614, "経度": 131.493207, "url": "https://www.iryou.teikyouseido.mhlw.go.jp/znk-web/juminkanja/S2430/initialize?prefCd=44&kikanCd=1141500000&kikanKbn=3", "url2": "https://epark.jp/shopinfo/shk46349/", "内容": "歯科清岡デンタル・クリニック【3:歯科】大分県別府市平田町６－２３" }, "geometry": { "type": "Point", "coordinates": [ 131.493207, 33.318614 ] } },
{ "type": "Feature", "properties": { "ID": 4431141600000, "正式名称": "歯科アサノ医院", "機関区分": 3, "都道府県コード": 44, "市区町村コード": 202, "所在地": "大分県別府市鶴見二丁目３番１７号", "緯度": 33.297164, "経度": 131.476608, "url": "https://www.iryou.teikyouseido.mhlw.go.jp/znk-web/juminkanja/S2430/initialize?prefCd=44&kikanCd=1141600000&kikanKbn=3", "url2": null, "内容": "歯科アサノ医院【3:歯科】大分県別府市鶴見二丁目３番１７号" }, "geometry": { "type": "Point", "coordinates": [ 131.476608, 33.297164 ] } },
{ "type": "Feature", "properties": { "ID": 4431141700000, "正式名称": "新港イトセ歯科", "機関区分": 3, "都道府県コード": 44, "市区町村コード": 202, "所在地": "大分県別府市新港町５番１号　シャインリゾート別府２階", "緯度": 33.296271, "経度": 131.502813, "url": "https://www.iryou.teikyouseido.mhlw.go.jp/znk-web/juminkanja/S2430/initialize?prefCd=44&kikanCd=1141700000&kikanKbn=3", "url2": "https://www.itoseshika.com/", "内容": "新港イトセ歯科【3:歯科】大分県別府市新港町５番１号　シャインリゾート別府２階" }, "geometry": { "type": "Point", "coordinates": [ 131.502813, 33.296271 ] } },
{ "type": "Feature", "properties": { "ID": 4431141900000, "正式名称": "上人豊田歯科", "機関区分": 3, "都道府県コード": 44, "市区町村コード": 202, "所在地": "大分県別府市上人仲町７００－１", "緯度": 33.313423, "経度": 131.493945, "url": "https://www.iryou.teikyouseido.mhlw.go.jp/znk-web/juminkanja/S2430/initialize?prefCd=44&kikanCd=1141900000&kikanKbn=3", "url2": "https://syonin-toyoda-dc.net/", "内容": "上人豊田歯科【3:歯科】大分県別府市上人仲町７００－１" }, "geometry": { "type": "Point", "coordinates": [ 131.493945, 33.313423 ] } },
{ "type": "Feature", "properties": { "ID": 4431142000000, "正式名称": "医療法人北極会　　しろくま歯科矯正歯科", "機関区分": 3, "都道府県コード": 44, "市区町村コード": 202, "所在地": "大分県別府市餅ケ浜町９−３９", "緯度": 33.292781, "経度": 131.502571, "url": "https://www.iryou.teikyouseido.mhlw.go.jp/znk-web/juminkanja/S2430/initialize?prefCd=44&kikanCd=1142000000&kikanKbn=3", "url2": "http://www.shirokuma-dental.jp/", "内容": "医療法人北極会　　しろくま歯科矯正歯科【3:歯科】大分県別府市餅ケ浜町９−３９" }, "geometry": { "type": "Point", "coordinates": [ 131.502571, 33.292781 ] } },
{ "type": "Feature", "properties": { "ID": 4431142100000, "正式名称": "しんぐう歯科医院", "機関区分": 3, "都道府県コード": 44, "市区町村コード": 202, "所在地": "大分県別府市荘園町３ー２", "緯度": 33.292539, "経度": 131.48772, "url": "https://www.iryou.teikyouseido.mhlw.go.jp/znk-web/juminkanja/S2430/initialize?prefCd=44&kikanCd=1142100000&kikanKbn=3", "url2": null, "内容": "しんぐう歯科医院【3:歯科】大分県別府市荘園町３ー２" }, "geometry": { "type": "Point", "coordinates": [ 131.48772, 33.292539 ] } },
{ "type": "Feature", "properties": { "ID": 4431142300000, "正式名称": "関の江歯科医院", "機関区分": 3, "都道府県コード": 44, "市区町村コード": 202, "所在地": "大分県別府市古市町２４－２", "緯度": 33.34296, "経度": 131.494142, "url": "https://www.iryou.teikyouseido.mhlw.go.jp/znk-web/juminkanja/S2430/initialize?prefCd=44&kikanCd=1142300000&kikanKbn=3", "url2": null, "内容": "関の江歯科医院【3:歯科】大分県別府市古市町２４－２" }, "geometry": { "type": "Point", "coordinates": [ 131.494142, 33.34296 ] } },
{ "type": "Feature", "properties": { "ID": 4431142500000, "正式名称": "荘園豊田歯科", "機関区分": 3, "都道府県コード": 44, "市区町村コード": 202, "所在地": "大分県別府市大字鶴見字五反４２０９ー２０", "緯度": 33.300846, "経度": 131.47661, "url": "https://www.iryou.teikyouseido.mhlw.go.jp/znk-web/juminkanja/S2430/initialize?prefCd=44&kikanCd=1142500000&kikanKbn=3", "url2": null, "内容": "荘園豊田歯科【3:歯科】大分県別府市大字鶴見字五反４２０９ー２０" }, "geometry": { "type": "Point", "coordinates": [ 131.47661, 33.300846 ] } },
{ "type": "Feature", "properties": { "ID": 4431142600000, "正式名称": "ぞう歯科クリニック", "機関区分": 3, "都道府県コード": 44, "市区町村コード": 202, "所在地": "大分県別府市北中７の１", "緯度": 33.311311, "経度": 131.479736, "url": "https://www.iryou.teikyouseido.mhlw.go.jp/znk-web/juminkanja/S2430/initialize?prefCd=44&kikanCd=1142600000&kikanKbn=3", "url2": "https://zousika.com/", "内容": "ぞう歯科クリニック【3:歯科】大分県別府市北中７の１" }, "geometry": { "type": "Point", "coordinates": [ 131.479736, 33.311311 ] } },
{ "type": "Feature", "properties": { "ID": 4431142700000, "正式名称": "医療法人　高橋歯科医院", "機関区分": 3, "都道府県コード": 44, "市区町村コード": 202, "所在地": "大分県別府市石垣西１丁目２８０番地", "緯度": 33.290154, "経度": 131.495715, "url": "https://www.iryou.teikyouseido.mhlw.go.jp/znk-web/juminkanja/S2430/initialize?prefCd=44&kikanCd=1142700000&kikanKbn=3", "url2": "http://www.takahashi6868.jp", "内容": "医療法人　高橋歯科医院【3:歯科】大分県別府市石垣西１丁目２８０番地" }, "geometry": { "type": "Point", "coordinates": [ 131.495715, 33.290154 ] } },
{ "type": "Feature", "properties": { "ID": 4431142800000, "正式名称": "医療法人谷口歯科医院", "機関区分": 3, "都道府県コード": 44, "市区町村コード": 202, "所在地": "大分県別府市北浜１－２－２５", "緯度": 33.278603, "経度": 131.502853, "url": "https://www.iryou.teikyouseido.mhlw.go.jp/znk-web/juminkanja/S2430/initialize?prefCd=44&kikanCd=1142800000&kikanKbn=3", "url2": "http://taniguchi-dc.com", "内容": "医療法人谷口歯科医院【3:歯科】大分県別府市北浜１－２－２５" }, "geometry": { "type": "Point", "coordinates": [ 131.502853, 33.278603 ] } },
{ "type": "Feature", "properties": { "ID": 4431143200000, "正式名称": "ツルミ山村歯科医院", "機関区分": 3, "都道府県コード": 44, "市区町村コード": 202, "所在地": "大分県別府市馬場１－８", "緯度": 33.306661, "経度": 131.475278, "url": "https://www.iryou.teikyouseido.mhlw.go.jp/znk-web/juminkanja/S2430/initialize?prefCd=44&kikanCd=1143200000&kikanKbn=3", "url2": null, "内容": "ツルミ山村歯科医院【3:歯科】大分県別府市馬場１－８" }, "geometry": { "type": "Point", "coordinates": [ 131.475278, 33.306661 ] } },
{ "type": "Feature", "properties": { "ID": 4431143300000, "正式名称": "友岡歯科医院", "機関区分": 3, "都道府県コード": 44, "市区町村コード": 202, "所在地": "大分県別府市田の湯町９－１２", "緯度": 33.276324, "経度": 131.504177, "url": "https://www.iryou.teikyouseido.mhlw.go.jp/znk-web/juminkanja/S2430/initialize?prefCd=44&kikanCd=1143300000&kikanKbn=3", "url2": "http://www.tomookasika.com", "内容": "友岡歯科医院【3:歯科】大分県別府市田の湯町９－１２" }, "geometry": { "type": "Point", "coordinates": [ 131.504177, 33.276324 ] } },
{ "type": "Feature", "properties": { "ID": 4431143400000, "正式名称": "西林歯科医院", "機関区分": 3, "都道府県コード": 44, "市区町村コード": 202, "所在地": "大分県別府市石垣西８丁目１－５１　リベラ９０　２Ｆ", "緯度": 33.301768, "経度": 131.494639, "url": "https://www.iryou.teikyouseido.mhlw.go.jp/znk-web/juminkanja/S2430/initialize?prefCd=44&kikanCd=1143400000&kikanKbn=3", "url2": null, "内容": "西林歯科医院【3:歯科】大分県別府市石垣西８丁目１－５１　リベラ９０　２Ｆ" }, "geometry": { "type": "Point", "coordinates": [ 131.494639, 33.301768 ] } },
{ "type": "Feature", "properties": { "ID": 4431143600000, "正式名称": "歯科馬場医院", "機関区分": 3, "都道府県コード": 44, "市区町村コード": 202, "所在地": "大分県別府市楠町１－２７", "緯度": 33.275146, "経度": 131.503618, "url": "https://www.iryou.teikyouseido.mhlw.go.jp/znk-web/juminkanja/S2430/initialize?prefCd=44&kikanCd=1143600000&kikanKbn=3", "url2": null, "内容": "歯科馬場医院【3:歯科】大分県別府市楠町１－２７" }, "geometry": { "type": "Point", "coordinates": [ 131.503618, 33.275146 ] } },
{ "type": "Feature", "properties": { "ID": 4431143700000, "正式名称": "ふじた歯科医院", "機関区分": 3, "都道府県コード": 44, "市区町村コード": 202, "所在地": "大分県別府市扇山一丁目１７番５５号", "緯度": 33.295095, "経度": 131.469226, "url": "https://www.iryou.teikyouseido.mhlw.go.jp/znk-web/juminkanja/S2430/initialize?prefCd=44&kikanCd=1143700000&kikanKbn=3", "url2": null, "内容": "ふじた歯科医院【3:歯科】大分県別府市扇山一丁目１７番５５号" }, "geometry": { "type": "Point", "coordinates": [ 131.469226, 33.295095 ] } },
{ "type": "Feature", "properties": { "ID": 4431143800000, "正式名称": "別府口腔保健センター", "機関区分": 3, "都道府県コード": 44, "市区町村コード": 202, "所在地": "大分県別府市西野口町１５番３３号", "緯度": 33.283705, "経度": 131.493688, "url": "https://www.iryou.teikyouseido.mhlw.go.jp/znk-web/juminkanja/S2430/initialize?prefCd=44&kikanCd=1143800000&kikanKbn=3", "url2": null, "内容": "別府口腔保健センター【3:歯科】大分県別府市西野口町１５番３３号" }, "geometry": { "type": "Point", "coordinates": [ 131.493688, 33.283705 ] } },
{ "type": "Feature", "properties": { "ID": 4431143900000, "正式名称": "マスダ歯科医院", "機関区分": 3, "都道府県コード": 44, "市区町村コード": 202, "所在地": "大分県別府市上田の湯町１７－２４", "緯度": 33.280433, "経度": 131.496823, "url": "https://www.iryou.teikyouseido.mhlw.go.jp/znk-web/juminkanja/S2430/initialize?prefCd=44&kikanCd=1143900000&kikanKbn=3", "url2": null, "内容": "マスダ歯科医院【3:歯科】大分県別府市上田の湯町１７－２４" }, "geometry": { "type": "Point", "coordinates": [ 131.496823, 33.280433 ] } },
{ "type": "Feature", "properties": { "ID": 4431144000000, "正式名称": "まつもと歯科医院", "機関区分": 3, "都道府県コード": 44, "市区町村コード": 202, "所在地": "大分県別府市幸町１４００番地の１１", "緯度": 33.28456, "経度": 131.49673, "url": "https://www.iryou.teikyouseido.mhlw.go.jp/znk-web/juminkanja/S2430/initialize?prefCd=44&kikanCd=1144000000&kikanKbn=3", "url2": null, "内容": "まつもと歯科医院【3:歯科】大分県別府市幸町１４００番地の１１" }, "geometry": { "type": "Point", "coordinates": [ 131.49673, 33.28456 ] } },
{ "type": "Feature", "properties": { "ID": 4431144500000, "正式名称": "ルミエール歯科", "機関区分": 3, "都道府県コード": 44, "市区町村コード": 202, "所在地": "大分県別府市鶴見４丁目２４番３３号ルミエールの丘", "緯度": 33.30174, "経度": 131.476961, "url": "https://www.iryou.teikyouseido.mhlw.go.jp/znk-web/juminkanja/S2430/initialize?prefCd=44&kikanCd=1144500000&kikanKbn=3", "url2": "http://www.lumiere-dc.jp/", "内容": "ルミエール歯科【3:歯科】大分県別府市鶴見４丁目２４番３３号ルミエールの丘" }, "geometry": { "type": "Point", "coordinates": [ 131.476961, 33.30174 ] } },
{ "type": "Feature", "properties": { "ID": 4431144800000, "正式名称": "荒尾歯科医院", "機関区分": 3, "都道府県コード": 44, "市区町村コード": 203, "所在地": "大分県中津市丸山町９５－１", "緯度": 33.598168, "経度": 131.182828, "url": "https://www.iryou.teikyouseido.mhlw.go.jp/znk-web/juminkanja/S2430/initialize?prefCd=44&kikanCd=1144800000&kikanKbn=3", "url2": "http://www.arao-dc.com/", "内容": "荒尾歯科医院【3:歯科】大分県中津市丸山町９５－１" }, "geometry": { "type": "Point", "coordinates": [ 131.182828, 33.598168 ] } },
{ "type": "Feature", "properties": { "ID": 4431145300000, "正式名称": "いわみず歯科クリニック", "機関区分": 3, "都道府県コード": 44, "市区町村コード": 203, "所在地": "大分県中津市相原３３８８－３", "緯度": 33.568196, "経度": 131.188695, "url": "https://www.iryou.teikyouseido.mhlw.go.jp/znk-web/juminkanja/S2430/initialize?prefCd=44&kikanCd=1145300000&kikanKbn=3", "url2": "http://iwamizushika.com", "内容": "いわみず歯科クリニック【3:歯科】大分県中津市相原３３８８－３" }, "geometry": { "type": "Point", "coordinates": [ 131.188695, 33.568196 ] } },
{ "type": "Feature", "properties": { "ID": 4431145400000, "正式名称": "大堀たけし歯科医院", "機関区分": 3, "都道府県コード": 44, "市区町村コード": 203, "所在地": "大分県中津市蛭子町", "緯度": 33.601549, "経度": 131.194485, "url": "https://www.iryou.teikyouseido.mhlw.go.jp/znk-web/juminkanja/S2430/initialize?prefCd=44&kikanCd=1145400000&kikanKbn=3", "url2": null, "内容": "大堀たけし歯科医院【3:歯科】大分県中津市蛭子町" }, "geometry": { "type": "Point", "coordinates": [ 131.194485, 33.601549 ] } },
{ "type": "Feature", "properties": { "ID": 4431145700000, "正式名称": "おざ歯科医院", "機関区分": 3, "都道府県コード": 44, "市区町村コード": 203, "所在地": "大分県中津市中殿町３－２４－９", "緯度": 33.596341, "経度": 131.192069, "url": "https://www.iryou.teikyouseido.mhlw.go.jp/znk-web/juminkanja/S2430/initialize?prefCd=44&kikanCd=1145700000&kikanKbn=3", "url2": null, "内容": "おざ歯科医院【3:歯科】大分県中津市中殿町３－２４－９" }, "geometry": { "type": "Point", "coordinates": [ 131.192069, 33.596341 ] } },
{ "type": "Feature", "properties": { "ID": 4431146100000, "正式名称": "川永歯科", "機関区分": 3, "都道府県コード": 44, "市区町村コード": 203, "所在地": "大分県中津市沖代町", "緯度": 33.592235, "経度": 131.19725, "url": "https://www.iryou.teikyouseido.mhlw.go.jp/znk-web/juminkanja/S2430/initialize?prefCd=44&kikanCd=1146100000&kikanKbn=3", "url2": null, "内容": "川永歯科【3:歯科】大分県中津市沖代町" }, "geometry": { "type": "Point", "coordinates": [ 131.19725, 33.592235 ] } },
{ "type": "Feature", "properties": { "ID": 4431146300000, "正式名称": "くにお歯科医院", "機関区分": 3, "都道府県コード": 44, "市区町村コード": 203, "所在地": "大分県中津市中殿町", "緯度": 33.59658, "経度": 131.1946, "url": "https://www.iryou.teikyouseido.mhlw.go.jp/znk-web/juminkanja/S2430/initialize?prefCd=44&kikanCd=1146300000&kikanKbn=3", "url2": null, "内容": "くにお歯科医院【3:歯科】大分県中津市中殿町" }, "geometry": { "type": "Point", "coordinates": [ 131.1946, 33.59658 ] } },
{ "type": "Feature", "properties": { "ID": 4431146500000, "正式名称": "篠島歯科医院", "機関区分": 3, "都道府県コード": 44, "市区町村コード": 203, "所在地": "大分県中津市山国町守実１６０－８", "緯度": 33.403301, "経度": 131.041028, "url": "https://www.iryou.teikyouseido.mhlw.go.jp/znk-web/juminkanja/S2430/initialize?prefCd=44&kikanCd=1146500000&kikanKbn=3", "url2": null, "内容": "篠島歯科医院【3:歯科】大分県中津市山国町守実１６０－８" }, "geometry": { "type": "Point", "coordinates": [ 131.041028, 33.403301 ] } },
{ "type": "Feature", "properties": { "ID": 4431146600000, "正式名称": "角野歯科医院", "機関区分": 3, "都道府県コード": 44, "市区町村コード": 203, "所在地": "大分県中津市豊田町１４－３５", "緯度": 33.599143, "経度": 131.188066, "url": "https://www.iryou.teikyouseido.mhlw.go.jp/znk-web/juminkanja/S2430/initialize?prefCd=44&kikanCd=1146600000&kikanKbn=3", "url2": null, "内容": "角野歯科医院【3:歯科】大分県中津市豊田町１４－３５" }, "geometry": { "type": "Point", "coordinates": [ 131.188066, 33.599143 ] } },
{ "type": "Feature", "properties": { "ID": 4431147000000, "正式名称": "鳥谷デンタルクリニック", "機関区分": 3, "都道府県コード": 44, "市区町村コード": 203, "所在地": "大分県中津市沖代町１丁目３－１７", "緯度": 33.589631, "経度": 131.204029, "url": "https://www.iryou.teikyouseido.mhlw.go.jp/znk-web/juminkanja/S2430/initialize?prefCd=44&kikanCd=1147000000&kikanKbn=3", "url2": null, "内容": "鳥谷デンタルクリニック【3:歯科】大分県中津市沖代町１丁目３－１７" }, "geometry": { "type": "Point", "coordinates": [ 131.204029, 33.589631 ] } },
{ "type": "Feature", "properties": { "ID": 4431147200000, "正式名称": "なかにし歯科医院", "機関区分": 3, "都道府県コード": 44, "市区町村コード": 203, "所在地": "大分県中津市上宮永", "緯度": 33.591283, "経度": 131.185395, "url": "https://www.iryou.teikyouseido.mhlw.go.jp/znk-web/juminkanja/S2430/initialize?prefCd=44&kikanCd=1147200000&kikanKbn=3", "url2": null, "内容": "なかにし歯科医院【3:歯科】大分県中津市上宮永" }, "geometry": { "type": "Point", "coordinates": [ 131.185395, 33.591283 ] } },
{ "type": "Feature", "properties": { "ID": 4431147300000, "正式名称": "ながの歯科医院", "機関区分": 3, "都道府県コード": 44, "市区町村コード": 203, "所在地": "大分県中津市上池永１２８０－８", "緯度": 33.58362, "経度": 131.204271, "url": "https://www.iryou.teikyouseido.mhlw.go.jp/znk-web/juminkanja/S2430/initialize?prefCd=44&kikanCd=1147300000&kikanKbn=3", "url2": "http://www.nagano-dental.com/", "内容": "ながの歯科医院【3:歯科】大分県中津市上池永１２８０－８" }, "geometry": { "type": "Point", "coordinates": [ 131.204271, 33.58362 ] } },
{ "type": "Feature", "properties": { "ID": 4431147400000, "正式名称": "のぞみ歯科三光", "機関区分": 3, "都道府県コード": 44, "市区町村コード": 203, "所在地": "大分県中津市三光佐知１０３２番地　イオンモール三光１Ｆ", "緯度": 33.55822, "経度": 131.193833, "url": "https://www.iryou.teikyouseido.mhlw.go.jp/znk-web/juminkanja/S2430/initialize?prefCd=44&kikanCd=1147400000&kikanKbn=3", "url2": "http://sankou.nozomi-dc.jp/", "内容": "のぞみ歯科三光【3:歯科】大分県中津市三光佐知１０３２番地　イオンモール三光１Ｆ" }, "geometry": { "type": "Point", "coordinates": [ 131.193833, 33.55822 ] } },
{ "type": "Feature", "properties": { "ID": 4431147600000, "正式名称": "広沢歯科医院", "機関区分": 3, "都道府県コード": 44, "市区町村コード": 203, "所在地": "大分県中津市大貞３７１ー３６２", "緯度": 33.569453, "経度": 131.213759, "url": "https://www.iryou.teikyouseido.mhlw.go.jp/znk-web/juminkanja/S2430/initialize?prefCd=44&kikanCd=1147600000&kikanKbn=3", "url2": null, "内容": "広沢歯科医院【3:歯科】大分県中津市大貞３７１ー３６２" }, "geometry": { "type": "Point", "coordinates": [ 131.213759, 33.569453 ] } },
{ "type": "Feature", "properties": { "ID": 4431147700000, "正式名称": "福成歯科医院", "機関区分": 3, "都道府県コード": 44, "市区町村コード": 203, "所在地": "大分県中津市万田宮ノ下４９９－６", "緯度": 33.57972, "経度": 131.185998, "url": "https://www.iryou.teikyouseido.mhlw.go.jp/znk-web/juminkanja/S2430/initialize?prefCd=44&kikanCd=1147700000&kikanKbn=3", "url2": null, "内容": "福成歯科医院【3:歯科】大分県中津市万田宮ノ下４９９－６" }, "geometry": { "type": "Point", "coordinates": [ 131.185998, 33.57972 ] } },
{ "type": "Feature", "properties": { "ID": 4431147800000, "正式名称": "福原歯科医院", "機関区分": 3, "都道府県コード": 44, "市区町村コード": 203, "所在地": "大分県中津市耶馬溪町柿坂４７９－２", "緯度": 33.451254, "経度": 131.115324, "url": "https://www.iryou.teikyouseido.mhlw.go.jp/znk-web/juminkanja/S2430/initialize?prefCd=44&kikanCd=1147800000&kikanKbn=3", "url2": null, "内容": "福原歯科医院【3:歯科】大分県中津市耶馬溪町柿坂４７９－２" }, "geometry": { "type": "Point", "coordinates": [ 131.115324, 33.451254 ] } },
{ "type": "Feature", "properties": { "ID": 4431147900000, "正式名称": "渕野歯科医院", "機関区分": 3, "都道府県コード": 44, "市区町村コード": 203, "所在地": "大分県中津市沖代町２丁目１番５５号", "緯度": 33.585956, "経度": 131.195444, "url": "https://www.iryou.teikyouseido.mhlw.go.jp/znk-web/juminkanja/S2430/initialize?prefCd=44&kikanCd=1147900000&kikanKbn=3", "url2": null, "内容": "渕野歯科医院【3:歯科】大分県中津市沖代町２丁目１番５５号" }, "geometry": { "type": "Point", "coordinates": [ 131.195444, 33.585956 ] } },
{ "type": "Feature", "properties": { "ID": 4431148200000, "正式名称": "前田歯科", "機関区分": 3, "都道府県コード": 44, "市区町村コード": 203, "所在地": "大分県中津市江三竹町１９５４－２", "緯度": 33.600474, "経度": 131.185019, "url": "https://www.iryou.teikyouseido.mhlw.go.jp/znk-web/juminkanja/S2430/initialize?prefCd=44&kikanCd=1148200000&kikanKbn=3", "url2": null, "内容": "前田歯科【3:歯科】大分県中津市江三竹町１９５４－２" }, "geometry": { "type": "Point", "coordinates": [ 131.185019, 33.600474 ] } },
{ "type": "Feature", "properties": { "ID": 4431148500000, "正式名称": "真邉歯科医院", "機関区分": 3, "都道府県コード": 44, "市区町村コード": 203, "所在地": "大分県中津市大字大悟法５２９番地", "緯度": 33.571331, "経度": 131.220578, "url": "https://www.iryou.teikyouseido.mhlw.go.jp/znk-web/juminkanja/S2430/initialize?prefCd=44&kikanCd=1148500000&kikanKbn=3", "url2": null, "内容": "真邉歯科医院【3:歯科】大分県中津市大字大悟法５２９番地" }, "geometry": { "type": "Point", "coordinates": [ 131.220578, 33.571331 ] } },
{ "type": "Feature", "properties": { "ID": 4431148600000, "正式名称": "森田歯科クリニック", "機関区分": 3, "都道府県コード": 44, "市区町村コード": 203, "所在地": "大分県中津市永添上ノ原２７６５－１０７", "緯度": 33.556068, "経度": 131.201509, "url": "https://www.iryou.teikyouseido.mhlw.go.jp/znk-web/juminkanja/S2430/initialize?prefCd=44&kikanCd=1148600000&kikanKbn=3", "url2": "http://moritasika.net", "内容": "森田歯科クリニック【3:歯科】大分県中津市永添上ノ原２７６５－１０７" }, "geometry": { "type": "Point", "coordinates": [ 131.201509, 33.556068 ] } },
{ "type": "Feature", "properties": { "ID": 4431148900000, "正式名称": "和田歯科医院", "機関区分": 3, "都道府県コード": 44, "市区町村コード": 203, "所在地": "大分県中津市島田７８６番地１", "緯度": 33.601033, "経度": 131.187544, "url": "https://www.iryou.teikyouseido.mhlw.go.jp/znk-web/juminkanja/S2430/initialize?prefCd=44&kikanCd=1148900000&kikanKbn=3", "url2": null, "内容": "和田歯科医院【3:歯科】大分県中津市島田７８６番地１" }, "geometry": { "type": "Point", "coordinates": [ 131.187544, 33.601033 ] } },
{ "type": "Feature", "properties": { "ID": 4431149200000, "正式名称": "アペックス歯科", "機関区分": 3, "都道府県コード": 44, "市区町村コード": 204, "所在地": "大分県日田市元町１９－２４", "緯度": 33.315866, "経度": 130.937755, "url": "https://www.iryou.teikyouseido.mhlw.go.jp/znk-web/juminkanja/S2430/initialize?prefCd=44&kikanCd=1149200000&kikanKbn=3", "url2": null, "内容": "アペックス歯科【3:歯科】大分県日田市元町１９－２４" }, "geometry": { "type": "Point", "coordinates": [ 130.937755, 33.315866 ] } },
{ "type": "Feature", "properties": { "ID": 4431149300000, "正式名称": "荒木歯科医院", "機関区分": 3, "都道府県コード": 44, "市区町村コード": 204, "所在地": "大分県日田市大山町西大山８９４－３", "緯度": 33.260172, "経度": 130.960597, "url": "https://www.iryou.teikyouseido.mhlw.go.jp/znk-web/juminkanja/S2430/initialize?prefCd=44&kikanCd=1149300000&kikanKbn=3", "url2": null, "内容": "荒木歯科医院【3:歯科】大分県日田市大山町西大山８９４－３" }, "geometry": { "type": "Point", "coordinates": [ 130.960597, 33.260172 ] } },
{ "type": "Feature", "properties": { "ID": 4431149600000, "正式名称": "石松朗歯科医院", "機関区分": 3, "都道府県コード": 44, "市区町村コード": 204, "所在地": "大分県日田市丸山", "緯度": 33.32999, "経度": 130.937634, "url": "https://www.iryou.teikyouseido.mhlw.go.jp/znk-web/juminkanja/S2430/initialize?prefCd=44&kikanCd=1149600000&kikanKbn=3", "url2": null, "内容": "石松朗歯科医院【3:歯科】大分県日田市丸山" }, "geometry": { "type": "Point", "coordinates": [ 130.937634, 33.32999 ] } },
{ "type": "Feature", "properties": { "ID": 4431149800000, "正式名称": "医療法人あすか会　伊藤歯科医院", "機関区分": 3, "都道府県コード": 44, "市区町村コード": 204, "所在地": "大分県日田市玉川町４３－１", "緯度": 33.310719, "経度": 130.935818, "url": "https://www.iryou.teikyouseido.mhlw.go.jp/znk-web/juminkanja/S2430/initialize?prefCd=44&kikanCd=1149800000&kikanKbn=3", "url2": null, "内容": "医療法人あすか会　伊藤歯科医院【3:歯科】大分県日田市玉川町４３－１" }, "geometry": { "type": "Point", "coordinates": [ 130.935818, 33.310719 ] } },
{ "type": "Feature", "properties": { "ID": 4431149900000, "正式名称": "井上歯科医院", "機関区分": 3, "都道府県コード": 44, "市区町村コード": 204, "所在地": "大分県日田市三本松１丁目１４番１１号", "緯度": 33.321191, "経度": 130.933105, "url": "https://www.iryou.teikyouseido.mhlw.go.jp/znk-web/juminkanja/S2430/initialize?prefCd=44&kikanCd=1149900000&kikanKbn=3", "url2": null, "内容": "井上歯科医院【3:歯科】大分県日田市三本松１丁目１４番１１号" }, "geometry": { "type": "Point", "coordinates": [ 130.933105, 33.321191 ] } },
{ "type": "Feature", "properties": { "ID": 4431150100000, "正式名称": "おおくら歯科医院", "機関区分": 3, "都道府県コード": 44, "市区町村コード": 204, "所在地": "大分県日田市本町１０ー１８", "緯度": 33.315594, "経度": 130.936508, "url": "https://www.iryou.teikyouseido.mhlw.go.jp/znk-web/juminkanja/S2430/initialize?prefCd=44&kikanCd=1150100000&kikanKbn=3", "url2": null, "内容": "おおくら歯科医院【3:歯科】大分県日田市本町１０ー１８" }, "geometry": { "type": "Point", "coordinates": [ 130.936508, 33.315594 ] } },
{ "type": "Feature", "properties": { "ID": 4431150600000, "正式名称": "北山歯科医院", "機関区分": 3, "都道府県コード": 44, "市区町村コード": 204, "所在地": "大分県日田市大山町西大山", "緯度": 33.256059, "経度": 130.967104, "url": "https://www.iryou.teikyouseido.mhlw.go.jp/znk-web/juminkanja/S2430/initialize?prefCd=44&kikanCd=1150600000&kikanKbn=3", "url2": null, "内容": "北山歯科医院【3:歯科】大分県日田市大山町西大山" }, "geometry": { "type": "Point", "coordinates": [ 130.967104, 33.256059 ] } },
{ "type": "Feature", "properties": { "ID": 4431150700000, "正式名称": "医療法人亀山会　桑野歯科医院", "機関区分": 3, "都道府県コード": 44, "市区町村コード": 204, "所在地": "大分県日田市隈２丁目１－３", "緯度": 33.313797, "経度": 130.932314, "url": "https://www.iryou.teikyouseido.mhlw.go.jp/znk-web/juminkanja/S2430/initialize?prefCd=44&kikanCd=1150700000&kikanKbn=3", "url2": null, "内容": "医療法人亀山会　桑野歯科医院【3:歯科】大分県日田市隈２丁目１－３" }, "geometry": { "type": "Point", "coordinates": [ 130.932314, 33.313797 ] } },
{ "type": "Feature", "properties": { "ID": 4431151300000, "正式名称": "せさき歯科", "機関区分": 3, "都道府県コード": 44, "市区町村コード": 204, "所在地": "大分県日田市中央", "緯度": 33.31899, "経度": 130.93594, "url": "https://www.iryou.teikyouseido.mhlw.go.jp/znk-web/juminkanja/S2430/initialize?prefCd=44&kikanCd=1151300000&kikanKbn=3", "url2": null, "内容": "せさき歯科【3:歯科】大分県日田市中央" }, "geometry": { "type": "Point", "coordinates": [ 130.93594, 33.31899 ] } },
{ "type": "Feature", "properties": { "ID": 4431151600000, "正式名称": "武内歯科医院", "機関区分": 3, "都道府県コード": 44, "市区町村コード": 204, "所在地": "大分県日田市元町", "緯度": 33.31566, "経度": 130.937932, "url": "https://www.iryou.teikyouseido.mhlw.go.jp/znk-web/juminkanja/S2430/initialize?prefCd=44&kikanCd=1151600000&kikanKbn=3", "url2": null, "内容": "武内歯科医院【3:歯科】大分県日田市元町" }, "geometry": { "type": "Point", "coordinates": [ 130.937932, 33.31566 ] } },
{ "type": "Feature", "properties": { "ID": 4431152100000, "正式名称": "内藤デンタルクリニック", "機関区分": 3, "都道府県コード": 44, "市区町村コード": 204, "所在地": "大分県日田市三芳小渕町１０７９－１", "緯度": 33.304273, "経度": 130.950324, "url": "https://www.iryou.teikyouseido.mhlw.go.jp/znk-web/juminkanja/S2430/initialize?prefCd=44&kikanCd=1152100000&kikanKbn=3", "url2": null, "内容": "内藤デンタルクリニック【3:歯科】大分県日田市三芳小渕町１０７９－１" }, "geometry": { "type": "Point", "coordinates": [ 130.950324, 33.304273 ] } },
{ "type": "Feature", "properties": { "ID": 4431152300000, "正式名称": "中村歯科医院", "機関区分": 3, "都道府県コード": 44, "市区町村コード": 204, "所在地": "大分県日田市下井手町４０", "緯度": 33.305203, "経度": 130.949075, "url": "https://www.iryou.teikyouseido.mhlw.go.jp/znk-web/juminkanja/S2430/initialize?prefCd=44&kikanCd=1152300000&kikanKbn=3", "url2": null, "内容": "中村歯科医院【3:歯科】大分県日田市下井手町４０" }, "geometry": { "type": "Point", "coordinates": [ 130.949075, 33.305203 ] } },
{ "type": "Feature", "properties": { "ID": 4431152400000, "正式名称": "はたの歯科医院", "機関区分": 3, "都道府県コード": 44, "市区町村コード": 204, "所在地": "大分県日田市豆田町７－３２", "緯度": 33.328004, "経度": 130.936913, "url": "https://www.iryou.teikyouseido.mhlw.go.jp/znk-web/juminkanja/S2430/initialize?prefCd=44&kikanCd=1152400000&kikanKbn=3", "url2": null, "内容": "はたの歯科医院【3:歯科】大分県日田市豆田町７－３２" }, "geometry": { "type": "Point", "coordinates": [ 130.936913, 33.328004 ] } },
{ "type": "Feature", "properties": { "ID": 4431152600000, "正式名称": "樋口歯科クリニック", "機関区分": 3, "都道府県コード": 44, "市区町村コード": 204, "所在地": "大分県日田市南元町１９－２１", "緯度": 33.313046, "経度": 130.939307, "url": "https://www.iryou.teikyouseido.mhlw.go.jp/znk-web/juminkanja/S2430/initialize?prefCd=44&kikanCd=1152600000&kikanKbn=3", "url2": null, "内容": "樋口歯科クリニック【3:歯科】大分県日田市南元町１９－２１" }, "geometry": { "type": "Point", "coordinates": [ 130.939307, 33.313046 ] } },
{ "type": "Feature", "properties": { "ID": 4431152800000, "正式名称": "またけ歯科クリニック", "機関区分": 3, "都道府県コード": 44, "市区町村コード": 204, "所在地": "大分県日田市新治町", "緯度": 33.323097, "経度": 130.919991, "url": "https://www.iryou.teikyouseido.mhlw.go.jp/znk-web/juminkanja/S2430/initialize?prefCd=44&kikanCd=1152800000&kikanKbn=3", "url2": null, "内容": "またけ歯科クリニック【3:歯科】大分県日田市新治町" }, "geometry": { "type": "Point", "coordinates": [ 130.919991, 33.323097 ] } },
{ "type": "Feature", "properties": { "ID": 4431152900000, "正式名称": "村山歯科医院", "機関区分": 3, "都道府県コード": 44, "市区町村コード": 204, "所在地": "大分県日田市本町７－２４", "緯度": 33.314299, "経度": 130.935246, "url": "https://www.iryou.teikyouseido.mhlw.go.jp/znk-web/juminkanja/S2430/initialize?prefCd=44&kikanCd=1152900000&kikanKbn=3", "url2": null, "内容": "村山歯科医院【3:歯科】大分県日田市本町７－２４" }, "geometry": { "type": "Point", "coordinates": [ 130.935246, 33.314299 ] } },
{ "type": "Feature", "properties": { "ID": 4431153000000, "正式名称": "もちまつ歯科医院", "機関区分": 3, "都道府県コード": 44, "市区町村コード": 204, "所在地": "大分県日田市清水町", "緯度": 33.344941, "経度": 130.942054, "url": "https://www.iryou.teikyouseido.mhlw.go.jp/znk-web/juminkanja/S2430/initialize?prefCd=44&kikanCd=1153000000&kikanKbn=3", "url2": null, "内容": "もちまつ歯科医院【3:歯科】大分県日田市清水町" }, "geometry": { "type": "Point", "coordinates": [ 130.942054, 33.344941 ] } },
{ "type": "Feature", "properties": { "ID": 4431153200000, "正式名称": "麻生歯科医院", "機関区分": 3, "都道府県コード": 44, "市区町村コード": 205, "所在地": "大分県佐伯市駅前１－４－８", "緯度": 32.971705, "経度": 131.903186, "url": "https://www.iryou.teikyouseido.mhlw.go.jp/znk-web/juminkanja/S2430/initialize?prefCd=44&kikanCd=1153200000&kikanKbn=3", "url2": null, "内容": "麻生歯科医院【3:歯科】大分県佐伯市駅前１－４－８" }, "geometry": { "type": "Point", "coordinates": [ 131.903186, 32.971705 ] } },
{ "type": "Feature", "properties": { "ID": 4431153400000, "正式名称": "上田歯科医院", "機関区分": 3, "都道府県コード": 44, "市区町村コード": 205, "所在地": "大分県佐伯市弥生大字井崎字川又１３６６－１", "緯度": 32.972124, "経度": 131.840401, "url": "https://www.iryou.teikyouseido.mhlw.go.jp/znk-web/juminkanja/S2430/initialize?prefCd=44&kikanCd=1153400000&kikanKbn=3", "url2": null, "内容": "上田歯科医院【3:歯科】大分県佐伯市弥生大字井崎字川又１３６６－１" }, "geometry": { "type": "Point", "coordinates": [ 131.840401, 32.972124 ] } },
{ "type": "Feature", "properties": { "ID": 4431153600000, "正式名称": "上浦歯科クリニック", "機関区分": 3, "都道府県コード": 44, "市区町村コード": 205, "所在地": "大分県佐伯市上浦津井浦１４００−６", "緯度": 33.053219, "経度": 131.931415, "url": "https://www.iryou.teikyouseido.mhlw.go.jp/znk-web/juminkanja/S2430/initialize?prefCd=44&kikanCd=1153600000&kikanKbn=3", "url2": null, "内容": "上浦歯科クリニック【3:歯科】大分県佐伯市上浦津井浦１４００−６" }, "geometry": { "type": "Point", "coordinates": [ 131.931415, 33.053219 ] } },
{ "type": "Feature", "properties": { "ID": 4431153700000, "正式名称": "川野歯科医院", "機関区分": 3, "都道府県コード": 44, "市区町村コード": 205, "所在地": "大分県佐伯市春日町８－１２", "緯度": 32.976068, "経度": 131.903523, "url": "https://www.iryou.teikyouseido.mhlw.go.jp/znk-web/juminkanja/S2430/initialize?prefCd=44&kikanCd=1153700000&kikanKbn=3", "url2": null, "内容": "川野歯科医院【3:歯科】大分県佐伯市春日町８－１２" }, "geometry": { "type": "Point", "coordinates": [ 131.903523, 32.976068 ] } },
{ "type": "Feature", "properties": { "ID": 4431153800000, "正式名称": "きよなが歯科クリニック", "機関区分": 3, "都道府県コード": 44, "市区町村コード": 205, "所在地": "大分県佐伯市鶴岡町１－１１－５９", "緯度": 32.959211, "経度": 131.881943, "url": "https://www.iryou.teikyouseido.mhlw.go.jp/znk-web/juminkanja/S2430/initialize?prefCd=44&kikanCd=1153800000&kikanKbn=3", "url2": null, "内容": "きよなが歯科クリニック【3:歯科】大分県佐伯市鶴岡町１－１１－５９" }, "geometry": { "type": "Point", "coordinates": [ 131.881943, 32.959211 ] } },
{ "type": "Feature", "properties": { "ID": 4431153900000, "正式名称": "隈歯科医院", "機関区分": 3, "都道府県コード": 44, "市区町村コード": 205, "所在地": "大分県佐伯市長島町", "緯度": 32.957365, "経度": 131.908904, "url": "https://www.iryou.teikyouseido.mhlw.go.jp/znk-web/juminkanja/S2430/initialize?prefCd=44&kikanCd=1153900000&kikanKbn=3", "url2": null, "内容": "隈歯科医院【3:歯科】大分県佐伯市長島町" }, "geometry": { "type": "Point", "coordinates": [ 131.908904, 32.957365 ] } },
{ "type": "Feature", "properties": { "ID": 4431154100000, "正式名称": "タケオ歯科医院", "機関区分": 3, "都道府県コード": 44, "市区町村コード": 205, "所在地": "大分県佐伯市蒲江大字蒲江浦３３７８－１", "緯度": 32.799288, "経度": 131.926446, "url": "https://www.iryou.teikyouseido.mhlw.go.jp/znk-web/juminkanja/S2430/initialize?prefCd=44&kikanCd=1154100000&kikanKbn=3", "url2": null, "内容": "タケオ歯科医院【3:歯科】大分県佐伯市蒲江大字蒲江浦３３７８－１" }, "geometry": { "type": "Point", "coordinates": [ 131.926446, 32.799288 ] } },
{ "type": "Feature", "properties": { "ID": 4431154200000, "正式名称": "土屋デンタルクリニック", "機関区分": 3, "都道府県コード": 44, "市区町村コード": 205, "所在地": "大分県佐伯市春日町２－１", "緯度": 32.974495, "経度": 131.90251, "url": "https://www.iryou.teikyouseido.mhlw.go.jp/znk-web/juminkanja/S2430/initialize?prefCd=44&kikanCd=1154200000&kikanKbn=3", "url2": "http://www.tsuchiya-dc.com/", "内容": "土屋デンタルクリニック【3:歯科】大分県佐伯市春日町２－１" }, "geometry": { "type": "Point", "coordinates": [ 131.90251, 32.974495 ] } },
{ "type": "Feature", "properties": { "ID": 4431154300000, "正式名称": "つるおか歯科医院", "機関区分": 3, "都道府県コード": 44, "市区町村コード": 205, "所在地": "大分県佐伯市鶴岡町３－１０－１７", "緯度": 32.959106, "経度": 131.878829, "url": "https://www.iryou.teikyouseido.mhlw.go.jp/znk-web/juminkanja/S2430/initialize?prefCd=44&kikanCd=1154300000&kikanKbn=3", "url2": null, "内容": "つるおか歯科医院【3:歯科】大分県佐伯市鶴岡町３－１０－１７" }, "geometry": { "type": "Point", "coordinates": [ 131.878829, 32.959106 ] } },
{ "type": "Feature", "properties": { "ID": 4431154500000, "正式名称": "利光歯科医院", "機関区分": 3, "都道府県コード": 44, "市区町村コード": 205, "所在地": "大分県佐伯市中の島", "緯度": 32.955079, "経度": 131.902646, "url": "https://www.iryou.teikyouseido.mhlw.go.jp/znk-web/juminkanja/S2430/initialize?prefCd=44&kikanCd=1154500000&kikanKbn=3", "url2": null, "内容": "利光歯科医院【3:歯科】大分県佐伯市中の島" }, "geometry": { "type": "Point", "coordinates": [ 131.902646, 32.955079 ] } },
{ "type": "Feature", "properties": { "ID": 4431154600000, "正式名称": "戸高歯科医院", "機関区分": 3, "都道府県コード": 44, "市区町村コード": 205, "所在地": "大分県佐伯市蒲江畑野浦３８９－５", "緯度": 32.855373, "経度": 131.949792, "url": "https://www.iryou.teikyouseido.mhlw.go.jp/znk-web/juminkanja/S2430/initialize?prefCd=44&kikanCd=1154600000&kikanKbn=3", "url2": "http://todakashika.com/", "内容": "戸高歯科医院【3:歯科】大分県佐伯市蒲江畑野浦３８９－５" }, "geometry": { "type": "Point", "coordinates": [ 131.949792, 32.855373 ] } },
{ "type": "Feature", "properties": { "ID": 4431154700000, "正式名称": "中川歯科クリニック", "機関区分": 3, "都道府県コード": 44, "市区町村コード": 205, "所在地": "大分県佐伯市長谷７７２６－１", "緯度": 32.93709, "経度": 131.880548, "url": "https://www.iryou.teikyouseido.mhlw.go.jp/znk-web/juminkanja/S2430/initialize?prefCd=44&kikanCd=1154700000&kikanKbn=3", "url2": "http://nakagawa.dentdb.com/", "内容": "中川歯科クリニック【3:歯科】大分県佐伯市長谷７７２６－１" }, "geometry": { "type": "Point", "coordinates": [ 131.880548, 32.93709 ] } },
{ "type": "Feature", "properties": { "ID": 4431154800000, "正式名称": "長田歯科クリニック", "機関区分": 3, "都道府県コード": 44, "市区町村コード": 205, "所在地": "大分県佐伯市中村東町６−１４", "緯度": 32.962245, "経度": 131.900016, "url": "https://www.iryou.teikyouseido.mhlw.go.jp/znk-web/juminkanja/S2430/initialize?prefCd=44&kikanCd=1154800000&kikanKbn=3", "url2": "http://www.saiki.tv/~yoshi-ngt5/", "内容": "長田歯科クリニック【3:歯科】大分県佐伯市中村東町６−１４" }, "geometry": { "type": "Point", "coordinates": [ 131.900016, 32.962245 ] } },
{ "type": "Feature", "properties": { "ID": 4431154900000, "正式名称": "永谷歯科医院", "機関区分": 3, "都道府県コード": 44, "市区町村コード": 205, "所在地": "大分県佐伯市内町５－１１", "緯度": 32.956747, "経度": 131.895953, "url": "https://www.iryou.teikyouseido.mhlw.go.jp/znk-web/juminkanja/S2430/initialize?prefCd=44&kikanCd=1154900000&kikanKbn=3", "url2": null, "内容": "永谷歯科医院【3:歯科】大分県佐伯市内町５－１１" }, "geometry": { "type": "Point", "coordinates": [ 131.895953, 32.956747 ] } },
{ "type": "Feature", "properties": { "ID": 4431155100000, "正式名称": "はやし歯科医院", "機関区分": 3, "都道府県コード": 44, "市区町村コード": 205, "所在地": "大分県佐伯市池船町２１－１４", "緯度": 32.951496, "経度": 131.893862, "url": "https://www.iryou.teikyouseido.mhlw.go.jp/znk-web/juminkanja/S2430/initialize?prefCd=44&kikanCd=1155100000&kikanKbn=3", "url2": null, "内容": "はやし歯科医院【3:歯科】大分県佐伯市池船町２１－１４" }, "geometry": { "type": "Point", "coordinates": [ 131.893862, 32.951496 ] } },
{ "type": "Feature", "properties": { "ID": 4431155200000, "正式名称": "東歯科医院", "機関区分": 3, "都道府県コード": 44, "市区町村コード": 205, "所在地": "大分県佐伯市蒲江蒲江浦２２１５－８", "緯度": 32.797187, "経度": 131.927261, "url": "https://www.iryou.teikyouseido.mhlw.go.jp/znk-web/juminkanja/S2430/initialize?prefCd=44&kikanCd=1155200000&kikanKbn=3", "url2": null, "内容": "東歯科医院【3:歯科】大分県佐伯市蒲江蒲江浦２２１５－８" }, "geometry": { "type": "Point", "coordinates": [ 131.927261, 32.797187 ] } },
{ "type": "Feature", "properties": { "ID": 4431155300000, "正式名称": "古田歯科医院", "機関区分": 3, "都道府県コード": 44, "市区町村コード": 205, "所在地": "大分県佐伯市城下東町１－１", "緯度": 32.959439, "経度": 131.896875, "url": "https://www.iryou.teikyouseido.mhlw.go.jp/znk-web/juminkanja/S2430/initialize?prefCd=44&kikanCd=1155300000&kikanKbn=3", "url2": null, "内容": "古田歯科医院【3:歯科】大分県佐伯市城下東町１－１" }, "geometry": { "type": "Point", "coordinates": [ 131.896875, 32.959439 ] } },
{ "type": "Feature", "properties": { "ID": 4431155500000, "正式名称": "牧歯科医院", "機関区分": 3, "都道府県コード": 44, "市区町村コード": 205, "所在地": "大分県佐伯市中村南町５－６", "緯度": 32.960262, "経度": 131.898697, "url": "https://www.iryou.teikyouseido.mhlw.go.jp/znk-web/juminkanja/S2430/initialize?prefCd=44&kikanCd=1155500000&kikanKbn=3", "url2": null, "内容": "牧歯科医院【3:歯科】大分県佐伯市中村南町５－６" }, "geometry": { "type": "Point", "coordinates": [ 131.898697, 32.960262 ] } },
{ "type": "Feature", "properties": { "ID": 4431155600000, "正式名称": "丸山歯科医院", "機関区分": 3, "都道府県コード": 44, "市区町村コード": 205, "所在地": "大分県佐伯市向島１－１１－３１", "緯度": 32.957122, "経度": 131.897264, "url": "https://www.iryou.teikyouseido.mhlw.go.jp/znk-web/juminkanja/S2430/initialize?prefCd=44&kikanCd=1155600000&kikanKbn=3", "url2": null, "内容": "丸山歯科医院【3:歯科】大分県佐伯市向島１－１１－３１" }, "geometry": { "type": "Point", "coordinates": [ 131.897264, 32.957122 ] } },
{ "type": "Feature", "properties": { "ID": 4431155700000, "正式名称": "矢野歯科医院", "機関区分": 3, "都道府県コード": 44, "市区町村コード": 205, "所在地": "大分県佐伯市宇目大字小野市２８０８－８", "緯度": 32.858287, "経度": 131.629672, "url": "https://www.iryou.teikyouseido.mhlw.go.jp/znk-web/juminkanja/S2430/initialize?prefCd=44&kikanCd=1155700000&kikanKbn=3", "url2": null, "内容": "矢野歯科医院【3:歯科】大分県佐伯市宇目大字小野市２８０８－８" }, "geometry": { "type": "Point", "coordinates": [ 131.629672, 32.858287 ] } },
{ "type": "Feature", "properties": { "ID": 4431155800000, "正式名称": "やよい歯科医院", "機関区分": 3, "都道府県コード": 44, "市区町村コード": 205, "所在地": "大分県佐伯市弥生井崎", "緯度": 32.977906, "経度": 131.846232, "url": "https://www.iryou.teikyouseido.mhlw.go.jp/znk-web/juminkanja/S2430/initialize?prefCd=44&kikanCd=1155800000&kikanKbn=3", "url2": "http://yayoi-dent.com", "内容": "やよい歯科医院【3:歯科】大分県佐伯市弥生井崎" }, "geometry": { "type": "Point", "coordinates": [ 131.846232, 32.977906 ] } },
{ "type": "Feature", "properties": { "ID": 4431155900000, "正式名称": "吉田歯科医院", "機関区分": 3, "都道府県コード": 44, "市区町村コード": 205, "所在地": "大分県佐伯市城下西町２－６０", "緯度": 32.957725, "経度": 131.894495, "url": "https://www.iryou.teikyouseido.mhlw.go.jp/znk-web/juminkanja/S2430/initialize?prefCd=44&kikanCd=1155900000&kikanKbn=3", "url2": "http://yoshidashika.dentalmall.jp/", "内容": "吉田歯科医院【3:歯科】大分県佐伯市城下西町２－６０" }, "geometry": { "type": "Point", "coordinates": [ 131.894495, 32.957725 ] } },
{ "type": "Feature", "properties": { "ID": 4431156000000, "正式名称": "わきた歯科医院", "機関区分": 3, "都道府県コード": 44, "市区町村コード": 205, "所在地": "大分県佐伯市船頭町３－１", "緯度": 32.954434, "経度": 131.894786, "url": "https://www.iryou.teikyouseido.mhlw.go.jp/znk-web/juminkanja/S2430/initialize?prefCd=44&kikanCd=1156000000&kikanKbn=3", "url2": "https://www.wakita-dc.com/", "内容": "わきた歯科医院【3:歯科】大分県佐伯市船頭町３－１" }, "geometry": { "type": "Point", "coordinates": [ 131.894786, 32.954434 ] } },
{ "type": "Feature", "properties": { "ID": 4431156100000, "正式名称": "ひかわ歯科医院", "機関区分": 3, "都道府県コード": 44, "市区町村コード": 205, "所在地": "大分県佐伯市池田２０５３番地１", "緯度": 32.962586, "経度": 131.904602, "url": "https://www.iryou.teikyouseido.mhlw.go.jp/znk-web/juminkanja/S2430/initialize?prefCd=44&kikanCd=1156100000&kikanKbn=3", "url2": null, "内容": "ひかわ歯科医院【3:歯科】大分県佐伯市池田２０５３番地１" }, "geometry": { "type": "Point", "coordinates": [ 131.904602, 32.962586 ] } },
{ "type": "Feature", "properties": { "ID": 4431156200000, "正式名称": "コスモタウン歯科", "機関区分": 3, "都道府県コード": 44, "市区町村コード": 205, "所在地": "大分県佐伯市鶴岡西町一丁目２２８番地", "緯度": 32.962127, "経度": 131.864251, "url": "https://www.iryou.teikyouseido.mhlw.go.jp/znk-web/juminkanja/S2430/initialize?prefCd=44&kikanCd=1156200000&kikanKbn=3", "url2": null, "内容": "コスモタウン歯科【3:歯科】大分県佐伯市鶴岡西町一丁目２２８番地" }, "geometry": { "type": "Point", "coordinates": [ 131.864251, 32.962127 ] } },
{ "type": "Feature", "properties": { "ID": 4431156300000, "正式名称": "芦刈歯科クリニック", "機関区分": 3, "都道府県コード": 44, "市区町村コード": 206, "所在地": "大分県臼杵市野津町野津市", "緯度": 33.042972, "経度": 131.691555, "url": "https://www.iryou.teikyouseido.mhlw.go.jp/znk-web/juminkanja/S2430/initialize?prefCd=44&kikanCd=1156300000&kikanKbn=3", "url2": null, "内容": "芦刈歯科クリニック【3:歯科】大分県臼杵市野津町野津市" }, "geometry": { "type": "Point", "coordinates": [ 131.691555, 33.042972 ] } },
{ "type": "Feature", "properties": { "ID": 4431156400000, "正式名称": "安藤歯科医院", "機関区分": 3, "都道府県コード": 44, "市区町村コード": 206, "所在地": "大分県臼杵市福良１３", "緯度": 33.116715, "経度": 131.794337, "url": "https://www.iryou.teikyouseido.mhlw.go.jp/znk-web/juminkanja/S2430/initialize?prefCd=44&kikanCd=1156400000&kikanKbn=3", "url2": null, "内容": "安藤歯科医院【3:歯科】大分県臼杵市福良１３" }, "geometry": { "type": "Point", "coordinates": [ 131.794337, 33.116715 ] } },
{ "type": "Feature", "properties": { "ID": 4431156600000, "正式名称": "岩田歯科クリニック", "機関区分": 3, "都道府県コード": 44, "市区町村コード": 206, "所在地": "大分県臼杵市野津町大字野津市２７１番地", "緯度": 33.043041, "経度": 131.693358, "url": "https://www.iryou.teikyouseido.mhlw.go.jp/znk-web/juminkanja/S2430/initialize?prefCd=44&kikanCd=1156600000&kikanKbn=3", "url2": null, "内容": "岩田歯科クリニック【3:歯科】大分県臼杵市野津町大字野津市２７１番地" }, "geometry": { "type": "Point", "coordinates": [ 131.693358, 33.043041 ] } },
{ "type": "Feature", "properties": { "ID": 4431156700000, "正式名称": "臼杵矢田歯科医院", "機関区分": 3, "都道府県コード": 44, "市区町村コード": 206, "所在地": "大分県臼杵市大字臼杵字浜２－１０７－７２０", "緯度": 33.123041, "経度": 131.806219, "url": "https://www.iryou.teikyouseido.mhlw.go.jp/znk-web/juminkanja/S2430/initialize?prefCd=44&kikanCd=1156700000&kikanKbn=3", "url2": null, "内容": "臼杵矢田歯科医院【3:歯科】大分県臼杵市大字臼杵字浜２－１０７－７２０" }, "geometry": { "type": "Point", "coordinates": [ 131.806219, 33.123041 ] } },
{ "type": "Feature", "properties": { "ID": 4431157100000, "正式名称": "こながわ歯科医院", "機関区分": 3, "都道府県コード": 44, "市区町村コード": 206, "所在地": "大分県臼杵市臼杵字浜２－１０７－７５７", "緯度": 33.120956, "経度": 131.806433, "url": "https://www.iryou.teikyouseido.mhlw.go.jp/znk-web/juminkanja/S2430/initialize?prefCd=44&kikanCd=1157100000&kikanKbn=3", "url2": "http://www.us.oct-net.jp/~konachan/", "内容": "こながわ歯科医院【3:歯科】大分県臼杵市臼杵字浜２－１０７－７５７" }, "geometry": { "type": "Point", "coordinates": [ 131.806433, 33.120956 ] } },
{ "type": "Feature", "properties": { "ID": 4431157200000, "正式名称": "佐藤歯科医院", "機関区分": 3, "都道府県コード": 44, "市区町村コード": 206, "所在地": "大分県臼杵市臼杵５７６－２", "緯度": 33.12009, "経度": 131.7984, "url": "https://www.iryou.teikyouseido.mhlw.go.jp/znk-web/juminkanja/S2430/initialize?prefCd=44&kikanCd=1157200000&kikanKbn=3", "url2": null, "内容": "佐藤歯科医院【3:歯科】大分県臼杵市臼杵５７６－２" }, "geometry": { "type": "Point", "coordinates": [ 131.7984, 33.12009 ] } },
{ "type": "Feature", "properties": { "ID": 4431157300000, "正式名称": "杉山歯科医院", "機関区分": 3, "都道府県コード": 44, "市区町村コード": 206, "所在地": "大分県臼杵市野津町野津市２５９－２", "緯度": 33.043897, "経度": 131.693498, "url": "https://www.iryou.teikyouseido.mhlw.go.jp/znk-web/juminkanja/S2430/initialize?prefCd=44&kikanCd=1157300000&kikanKbn=3", "url2": null, "内容": "杉山歯科医院【3:歯科】大分県臼杵市野津町野津市２５９－２" }, "geometry": { "type": "Point", "coordinates": [ 131.693498, 33.043897 ] } },
{ "type": "Feature", "properties": { "ID": 4431157600000, "正式名称": "鳥越歯科医院", "機関区分": 3, "都道府県コード": 44, "市区町村コード": 206, "所在地": "大分県臼杵市大字市浜６９２－１", "緯度": 33.119905, "経度": 131.788816, "url": "https://www.iryou.teikyouseido.mhlw.go.jp/znk-web/juminkanja/S2430/initialize?prefCd=44&kikanCd=1157600000&kikanKbn=3", "url2": null, "内容": "鳥越歯科医院【3:歯科】大分県臼杵市大字市浜６９２－１" }, "geometry": { "type": "Point", "coordinates": [ 131.788816, 33.119905 ] } },
{ "type": "Feature", "properties": { "ID": 4431157700000, "正式名称": "医療法人　深江歯科医院", "機関区分": 3, "都道府県コード": 44, "市区町村コード": 206, "所在地": "大分県臼杵市大字江無田３８４番地６", "緯度": 33.129447, "経度": 131.784461, "url": "https://www.iryou.teikyouseido.mhlw.go.jp/znk-web/juminkanja/S2430/initialize?prefCd=44&kikanCd=1157700000&kikanKbn=3", "url2": null, "内容": "医療法人　深江歯科医院【3:歯科】大分県臼杵市大字江無田３８４番地６" }, "geometry": { "type": "Point", "coordinates": [ 131.784461, 33.129447 ] } },
{ "type": "Feature", "properties": { "ID": 4431157800000, "正式名称": "藤澤歯科医院", "機関区分": 3, "都道府県コード": 44, "市区町村コード": 206, "所在地": "大分県臼杵市福良９平清水４", "緯度": 33.114585, "経度": 131.792932, "url": "https://www.iryou.teikyouseido.mhlw.go.jp/znk-web/juminkanja/S2430/initialize?prefCd=44&kikanCd=1157800000&kikanKbn=3", "url2": null, "内容": "藤澤歯科医院【3:歯科】大分県臼杵市福良９平清水４" }, "geometry": { "type": "Point", "coordinates": [ 131.792932, 33.114585 ] } },
{ "type": "Feature", "properties": { "ID": 4431158000000, "正式名称": "秋岡デンタルクリニック", "機関区分": 3, "都道府県コード": 44, "市区町村コード": 207, "所在地": "大分県津久見市千怒６０４５番地３", "緯度": 33.071009, "経度": 131.890054, "url": "https://www.iryou.teikyouseido.mhlw.go.jp/znk-web/juminkanja/S2430/initialize?prefCd=44&kikanCd=1158000000&kikanKbn=3", "url2": null, "内容": "秋岡デンタルクリニック【3:歯科】大分県津久見市千怒６０４５番地３" }, "geometry": { "type": "Point", "coordinates": [ 131.890054, 33.071009 ] } },
{ "type": "Feature", "properties": { "ID": 4431158100000, "正式名称": "医療法人　辰人会　立川和人歯科医院", "機関区分": 3, "都道府県コード": 44, "市区町村コード": 207, "所在地": "大分県津久見市宮本町６－１１", "緯度": 33.071078, "経度": 131.862752, "url": "https://www.iryou.teikyouseido.mhlw.go.jp/znk-web/juminkanja/S2430/initialize?prefCd=44&kikanCd=1158100000&kikanKbn=3", "url2": null, "内容": "医療法人　辰人会　立川和人歯科医院【3:歯科】大分県津久見市宮本町６－１１" }, "geometry": { "type": "Point", "coordinates": [ 131.862752, 33.071078 ] } },
{ "type": "Feature", "properties": { "ID": 4431158300000, "正式名称": "上杉歯科医院", "機関区分": 3, "都道府県コード": 44, "市区町村コード": 207, "所在地": "大分県津久見市中央町１９番１０号", "緯度": 33.074097, "経度": 131.864443, "url": "https://www.iryou.teikyouseido.mhlw.go.jp/znk-web/juminkanja/S2430/initialize?prefCd=44&kikanCd=1158300000&kikanKbn=3", "url2": null, "内容": "上杉歯科医院【3:歯科】大分県津久見市中央町１９番１０号" }, "geometry": { "type": "Point", "coordinates": [ 131.864443, 33.074097 ] } },
{ "type": "Feature", "properties": { "ID": 4431158400000, "正式名称": "川野歯科医院", "機関区分": 3, "都道府県コード": 44, "市区町村コード": 207, "所在地": "大分県津久見市中央町　２３－３", "緯度": 33.074938, "経度": 131.86306, "url": "https://www.iryou.teikyouseido.mhlw.go.jp/znk-web/juminkanja/S2430/initialize?prefCd=44&kikanCd=1158400000&kikanKbn=3", "url2": null, "内容": "川野歯科医院【3:歯科】大分県津久見市中央町　２３－３" }, "geometry": { "type": "Point", "coordinates": [ 131.86306, 33.074938 ] } },
{ "type": "Feature", "properties": { "ID": 4431158500000, "正式名称": "近藤歯科医院", "機関区分": 3, "都道府県コード": 44, "市区町村コード": 207, "所在地": "大分県津久見市宮本町１９－１４", "緯度": 33.072703, "経度": 131.862024, "url": "https://www.iryou.teikyouseido.mhlw.go.jp/znk-web/juminkanja/S2430/initialize?prefCd=44&kikanCd=1158500000&kikanKbn=3", "url2": null, "内容": "近藤歯科医院【3:歯科】大分県津久見市宮本町１９－１４" }, "geometry": { "type": "Point", "coordinates": [ 131.862024, 33.072703 ] } },
{ "type": "Feature", "properties": { "ID": 4431158600000, "正式名称": "近藤中央歯科医院", "機関区分": 3, "都道府県コード": 44, "市区町村コード": 207, "所在地": "大分県津久見市中央町８－３１", "緯度": 33.063924, "経度": 131.868896, "url": "https://www.iryou.teikyouseido.mhlw.go.jp/znk-web/juminkanja/S2430/initialize?prefCd=44&kikanCd=1158600000&kikanKbn=3", "url2": "http://ww6.tiki.ne.jp/~kontyan/", "内容": "近藤中央歯科医院【3:歯科】大分県津久見市中央町８－３１" }, "geometry": { "type": "Point", "coordinates": [ 131.868896, 33.063924 ] } },
{ "type": "Feature", "properties": { "ID": 4431158900000, "正式名称": "増村歯科医院", "機関区分": 3, "都道府県コード": 44, "市区町村コード": 207, "所在地": "大分県津久見市井無田２－１４", "緯度": 33.076131, "経度": 131.854383, "url": "https://www.iryou.teikyouseido.mhlw.go.jp/znk-web/juminkanja/S2430/initialize?prefCd=44&kikanCd=1158900000&kikanKbn=3", "url2": null, "内容": "増村歯科医院【3:歯科】大分県津久見市井無田２－１４" }, "geometry": { "type": "Point", "coordinates": [ 131.854383, 33.076131 ] } },
{ "type": "Feature", "properties": { "ID": 4431159100000, "正式名称": "歯科筑紫医院", "機関区分": 3, "都道府県コード": 44, "市区町村コード": 208, "所在地": "大分県竹田市久住町久住６０６５ー１", "緯度": 33.016671, "経度": 131.297371, "url": "https://www.iryou.teikyouseido.mhlw.go.jp/znk-web/juminkanja/S2430/initialize?prefCd=44&kikanCd=1159100000&kikanKbn=3", "url2": null, "内容": "歯科筑紫医院【3:歯科】大分県竹田市久住町久住６０６５ー１" }, "geometry": { "type": "Point", "coordinates": [ 131.297371, 33.016671 ] } },
{ "type": "Feature", "properties": { "ID": 4431159400000, "正式名称": "竹下歯科医院", "機関区分": 3, "都道府県コード": 44, "市区町村コード": 208, "所在地": "大分県竹田市大字竹田１８７７ー１", "緯度": 32.969901, "経度": 131.392281, "url": "https://www.iryou.teikyouseido.mhlw.go.jp/znk-web/juminkanja/S2430/initialize?prefCd=44&kikanCd=1159400000&kikanKbn=3", "url2": null, "内容": "竹下歯科医院【3:歯科】大分県竹田市大字竹田１８７７ー１" }, "geometry": { "type": "Point", "coordinates": [ 131.392281, 32.969901 ] } },
{ "type": "Feature", "properties": { "ID": 4431159600000, "正式名称": "長湯ごとう歯科", "機関区分": 3, "都道府県コード": 44, "市区町村コード": 208, "所在地": "大分県竹田市直入町大字長湯８２１６番地の１", "緯度": 33.137551, "経度": 131.396484, "url": "https://www.iryou.teikyouseido.mhlw.go.jp/znk-web/juminkanja/S2430/initialize?prefCd=44&kikanCd=1159600000&kikanKbn=3", "url2": null, "内容": "長湯ごとう歯科【3:歯科】大分県竹田市直入町大字長湯８２１６番地の１" }, "geometry": { "type": "Point", "coordinates": [ 131.396484, 33.137551 ] } },
{ "type": "Feature", "properties": { "ID": 4431159800000, "正式名称": "ふじさわ歯科医院", "機関区分": 3, "都道府県コード": 44, "市区町村コード": 208, "所在地": "大分県竹田市大字竹田１８１８－１", "緯度": 32.970457, "経度": 131.39125, "url": "https://www.iryou.teikyouseido.mhlw.go.jp/znk-web/juminkanja/S2430/initialize?prefCd=44&kikanCd=1159800000&kikanKbn=3", "url2": null, "内容": "ふじさわ歯科医院【3:歯科】大分県竹田市大字竹田１８１８－１" }, "geometry": { "type": "Point", "coordinates": [ 131.39125, 32.970457 ] } },
{ "type": "Feature", "properties": { "ID": 4431159900000, "正式名称": "まつもと歯科クリニック", "機関区分": 3, "都道府県コード": 44, "市区町村コード": 208, "所在地": "大分県竹田市玉来７３３－１１", "緯度": 32.953372, "経度": 131.374317, "url": "https://www.iryou.teikyouseido.mhlw.go.jp/znk-web/juminkanja/S2430/initialize?prefCd=44&kikanCd=1159900000&kikanKbn=3", "url2": "https://matsumoto-dental-clinic.net/", "内容": "まつもと歯科クリニック【3:歯科】大分県竹田市玉来７３３－１１" }, "geometry": { "type": "Point", "coordinates": [ 131.374317, 32.953372 ] } },
{ "type": "Feature", "properties": { "ID": 4431160000000, "正式名称": "安部歯科医院", "機関区分": 3, "都道府県コード": 44, "市区町村コード": 209, "所在地": "大分県豊後高田市新地１９７７番地３", "緯度": 33.556935, "経度": 131.435711, "url": "https://www.iryou.teikyouseido.mhlw.go.jp/znk-web/juminkanja/S2430/initialize?prefCd=44&kikanCd=1160000000&kikanKbn=3", "url2": null, "内容": "安部歯科医院【3:歯科】大分県豊後高田市新地１９７７番地３" }, "geometry": { "type": "Point", "coordinates": [ 131.435711, 33.556935 ] } },
{ "type": "Feature", "properties": { "ID": 4431160200000, "正式名称": "うえき歯科クリニック", "機関区分": 3, "都道府県コード": 44, "市区町村コード": 209, "所在地": "大分県豊後高田市高田８３２番地", "緯度": 33.560386, "経度": 131.439528, "url": "https://www.iryou.teikyouseido.mhlw.go.jp/znk-web/juminkanja/S2430/initialize?prefCd=44&kikanCd=1160200000&kikanKbn=3", "url2": null, "内容": "うえき歯科クリニック【3:歯科】大分県豊後高田市高田８３２番地" }, "geometry": { "type": "Point", "coordinates": [ 131.439528, 33.560386 ] } },
{ "type": "Feature", "properties": { "ID": 4431160500000, "正式名称": "京極歯科医院", "機関区分": 3, "都道府県コード": 44, "市区町村コード": 209, "所在地": "大分県豊後高田市高田２８３３番地２１", "緯度": 33.560412, "経度": 131.437338, "url": "https://www.iryou.teikyouseido.mhlw.go.jp/znk-web/juminkanja/S2430/initialize?prefCd=44&kikanCd=1160500000&kikanKbn=3", "url2": null, "内容": "京極歯科医院【3:歯科】大分県豊後高田市高田２８３３番地２１" }, "geometry": { "type": "Point", "coordinates": [ 131.437338, 33.560412 ] } },
{ "type": "Feature", "properties": { "ID": 4431160700000, "正式名称": "医療法人富松歯科医院　すみれ歯科", "機関区分": 3, "都道府県コード": 44, "市区町村コード": 209, "所在地": "大分県豊後高田市中真玉２１８４番地１３", "緯度": 33.607802, "経度": 131.474086, "url": "https://www.iryou.teikyouseido.mhlw.go.jp/znk-web/juminkanja/S2430/initialize?prefCd=44&kikanCd=1160700000&kikanKbn=3", "url2": null, "内容": "医療法人富松歯科医院　すみれ歯科【3:歯科】大分県豊後高田市中真玉２１８４番地１３" }, "geometry": { "type": "Point", "coordinates": [ 131.474086, 33.607802 ] } },
{ "type": "Feature", "properties": { "ID": 4431160900000, "正式名称": "松江歯科医院", "機関区分": 3, "都道府県コード": 44, "市区町村コード": 209, "所在地": "大分県豊後高田市玉津", "緯度": 33.56069, "経度": 131.444507, "url": "https://www.iryou.teikyouseido.mhlw.go.jp/znk-web/juminkanja/S2430/initialize?prefCd=44&kikanCd=1160900000&kikanKbn=3", "url2": null, "内容": "松江歯科医院【3:歯科】大分県豊後高田市玉津" }, "geometry": { "type": "Point", "coordinates": [ 131.444507, 33.56069 ] } },
{ "type": "Feature", "properties": { "ID": 4431161000000, "正式名称": "医療法人　まつなり歯科医院", "機関区分": 3, "都道府県コード": 44, "市区町村コード": 209, "所在地": "大分県豊後高田市香々地３９４９", "緯度": 33.667771, "経度": 131.524261, "url": "https://www.iryou.teikyouseido.mhlw.go.jp/znk-web/juminkanja/S2430/initialize?prefCd=44&kikanCd=1161000000&kikanKbn=3", "url2": "http://www.matsunarishikaiin.com", "内容": "医療法人　まつなり歯科医院【3:歯科】大分県豊後高田市香々地３９４９" }, "geometry": { "type": "Point", "coordinates": [ 131.524261, 33.667771 ] } },
{ "type": "Feature", "properties": { "ID": 4431161100000, "正式名称": "水之江歯科医院", "機関区分": 3, "都道府県コード": 44, "市区町村コード": 209, "所在地": "大分県豊後高田市本町４８２", "緯度": 33.556246, "経度": 131.44281, "url": "https://www.iryou.teikyouseido.mhlw.go.jp/znk-web/juminkanja/S2430/initialize?prefCd=44&kikanCd=1161100000&kikanKbn=3", "url2": null, "内容": "水之江歯科医院【3:歯科】大分県豊後高田市本町４８２" }, "geometry": { "type": "Point", "coordinates": [ 131.44281, 33.556246 ] } },
{ "type": "Feature", "properties": { "ID": 4431161200000, "正式名称": "吉久歯科医院", "機関区分": 3, "都道府県コード": 44, "市区町村コード": 209, "所在地": "大分県豊後高田市御玉２３８－１", "緯度": 33.560422, "経度": 131.445837, "url": "https://www.iryou.teikyouseido.mhlw.go.jp/znk-web/juminkanja/S2430/initialize?prefCd=44&kikanCd=1161200000&kikanKbn=3", "url2": null, "内容": "吉久歯科医院【3:歯科】大分県豊後高田市御玉２３８－１" }, "geometry": { "type": "Point", "coordinates": [ 131.445837, 33.560422 ] } },
{ "type": "Feature", "properties": { "ID": 4431161300000, "正式名称": "龍口歯科クリニック", "機関区分": 3, "都道府県コード": 44, "市区町村コード": 209, "所在地": "大分県豊後高田市玉津１３２４番地１", "緯度": 33.56669, "経度": 131.439391, "url": "https://www.iryou.teikyouseido.mhlw.go.jp/znk-web/juminkanja/S2430/initialize?prefCd=44&kikanCd=1161300000&kikanKbn=3", "url2": "http://www.d-next.com/ryuguchi/", "内容": "龍口歯科クリニック【3:歯科】大分県豊後高田市玉津１３２４番地１" }, "geometry": { "type": "Point", "coordinates": [ 131.439391, 33.56669 ] } },
{ "type": "Feature", "properties": { "ID": 4431161400000, "正式名称": "有永歯科医院", "機関区分": 3, "都道府県コード": 44, "市区町村コード": 210, "所在地": "大分県杵築市大字杵築１２４番地", "緯度": 33.415804, "経度": 131.622303, "url": "https://www.iryou.teikyouseido.mhlw.go.jp/znk-web/juminkanja/S2430/initialize?prefCd=44&kikanCd=1161400000&kikanKbn=3", "url2": null, "内容": "有永歯科医院【3:歯科】大分県杵築市大字杵築１２４番地" }, "geometry": { "type": "Point", "coordinates": [ 131.622303, 33.415804 ] } },
{ "type": "Feature", "properties": { "ID": 4431161700000, "正式名称": "歯科原田医院", "機関区分": 3, "都道府県コード": 44, "市区町村コード": 210, "所在地": "大分県杵築市南杵築２８９番地１", "緯度": 33.417158, "経度": 131.614607, "url": "https://www.iryou.teikyouseido.mhlw.go.jp/znk-web/juminkanja/S2430/initialize?prefCd=44&kikanCd=1161700000&kikanKbn=3", "url2": "http://hxh99p2.html.xdomain.jp/", "内容": "歯科原田医院【3:歯科】大分県杵築市南杵築２８９番地１" }, "geometry": { "type": "Point", "coordinates": [ 131.614607, 33.417158 ] } },
{ "type": "Feature", "properties": { "ID": 4431161800000, "正式名称": "田川歯科医院", "機関区分": 3, "都道府県コード": 44, "市区町村コード": 210, "所在地": "大分県杵築市大字杵築１２１７－１", "緯度": 33.418101, "経度": 131.610967, "url": "https://www.iryou.teikyouseido.mhlw.go.jp/znk-web/juminkanja/S2430/initialize?prefCd=44&kikanCd=1161800000&kikanKbn=3", "url2": null, "内容": "田川歯科医院【3:歯科】大分県杵築市大字杵築１２１７－１" }, "geometry": { "type": "Point", "coordinates": [ 131.610967, 33.418101 ] } },
{ "type": "Feature", "properties": { "ID": 4431161900000, "正式名称": "長野歯科口腔外科", "機関区分": 3, "都道府県コード": 44, "市区町村コード": 210, "所在地": "大分県杵築市山香町内河野２７３０－１", "緯度": 33.448766, "経度": 131.503913, "url": "https://www.iryou.teikyouseido.mhlw.go.jp/znk-web/juminkanja/S2430/initialize?prefCd=44&kikanCd=1161900000&kikanKbn=3", "url2": null, "内容": "長野歯科口腔外科【3:歯科】大分県杵築市山香町内河野２７３０－１" }, "geometry": { "type": "Point", "coordinates": [ 131.503913, 33.448766 ] } },
{ "type": "Feature", "properties": { "ID": 4431162000000, "正式名称": "医療法人なんば歯科医院", "機関区分": 3, "都道府県コード": 44, "市区町村コード": 210, "所在地": "大分県杵築市大字杵築６６５－２６２", "緯度": 33.417975, "経度": 131.624976, "url": "https://www.iryou.teikyouseido.mhlw.go.jp/znk-web/juminkanja/S2430/initialize?prefCd=44&kikanCd=1162000000&kikanKbn=3", "url2": "https://www.namba-shikaiin.net/", "内容": "医療法人なんば歯科医院【3:歯科】大分県杵築市大字杵築６６５－２６２" }, "geometry": { "type": "Point", "coordinates": [ 131.624976, 33.417975 ] } },
{ "type": "Feature", "properties": { "ID": 4431162200000, "正式名称": "宮本歯科医院", "機関区分": 3, "都道府県コード": 44, "市区町村コード": 210, "所在地": "大分県杵築市大字杵築６６５番地５６９", "緯度": 33.418215, "経度": 131.627347, "url": "https://www.iryou.teikyouseido.mhlw.go.jp/znk-web/juminkanja/S2430/initialize?prefCd=44&kikanCd=1162200000&kikanKbn=3", "url2": "http://miyamoto.cihp2.jp", "内容": "宮本歯科医院【3:歯科】大分県杵築市大字杵築６６５番地５６９" }, "geometry": { "type": "Point", "coordinates": [ 131.627347, 33.418215 ] } },
{ "type": "Feature", "properties": { "ID": 4431162600000, "正式名称": "石川歯科医院", "機関区分": 3, "都道府県コード": 44, "市区町村コード": 211, "所在地": "大分県宇佐市大字南宇佐２４２９番地の７", "緯度": 33.527154, "経度": 131.368299, "url": "https://www.iryou.teikyouseido.mhlw.go.jp/znk-web/juminkanja/S2430/initialize?prefCd=44&kikanCd=1162600000&kikanKbn=3", "url2": null, "内容": "石川歯科医院【3:歯科】大分県宇佐市大字南宇佐２４２９番地の７" }, "geometry": { "type": "Point", "coordinates": [ 131.368299, 33.527154 ] } },
{ "type": "Feature", "properties": { "ID": 4431162800000, "正式名称": "石部ファミリー歯科医院", "機関区分": 3, "都道府県コード": 44, "市区町村コード": 211, "所在地": "大分県宇佐市大字江須賀４０５５－４", "緯度": 33.555255, "経度": 131.356465, "url": "https://www.iryou.teikyouseido.mhlw.go.jp/znk-web/juminkanja/S2430/initialize?prefCd=44&kikanCd=1162800000&kikanKbn=3", "url2": null, "内容": "石部ファミリー歯科医院【3:歯科】大分県宇佐市大字江須賀４０５５－４" }, "geometry": { "type": "Point", "coordinates": [ 131.356465, 33.555255 ] } },
{ "type": "Feature", "properties": { "ID": 4431163000000, "正式名称": "いわお歯科", "機関区分": 3, "都道府県コード": 44, "市区町村コード": 211, "所在地": "大分県宇佐市別府６１－２", "緯度": 33.569219, "経度": 131.322412, "url": "https://www.iryou.teikyouseido.mhlw.go.jp/znk-web/juminkanja/S2430/initialize?prefCd=44&kikanCd=1163000000&kikanKbn=3", "url2": "http://www.iwao-shika.jp", "内容": "いわお歯科【3:歯科】大分県宇佐市別府６１－２" }, "geometry": { "type": "Point", "coordinates": [ 131.322412, 33.569219 ] } },
{ "type": "Feature", "properties": { "ID": 4431163100000, "正式名称": "宇佐矯正歯科クリニック", "機関区分": 3, "都道府県コード": 44, "市区町村コード": 211, "所在地": "大分県宇佐市大字辛島字屋敷１６７番地", "緯度": 33.530502, "経度": 131.339296, "url": "https://www.iryou.teikyouseido.mhlw.go.jp/znk-web/juminkanja/S2430/initialize?prefCd=44&kikanCd=1163100000&kikanKbn=3", "url2": "https://www.usa-ortho.com", "内容": "宇佐矯正歯科クリニック【3:歯科】大分県宇佐市大字辛島字屋敷１６７番地" }, "geometry": { "type": "Point", "coordinates": [ 131.339296, 33.530502 ] } },
{ "type": "Feature", "properties": { "ID": 4431163200000, "正式名称": "うしろだ歯科医院", "機関区分": 3, "都道府県コード": 44, "市区町村コード": 211, "所在地": "大分県宇佐市大字南敷田７２６－１", "緯度": 33.548468, "経度": 131.278014, "url": "https://www.iryou.teikyouseido.mhlw.go.jp/znk-web/juminkanja/S2430/initialize?prefCd=44&kikanCd=1163200000&kikanKbn=3", "url2": null, "内容": "うしろだ歯科医院【3:歯科】大分県宇佐市大字南敷田７２６－１" }, "geometry": { "type": "Point", "coordinates": [ 131.278014, 33.548468 ] } },
{ "type": "Feature", "properties": { "ID": 4431163400000, "正式名称": "金子歯科医院", "機関区分": 3, "都道府県コード": 44, "市区町村コード": 211, "所在地": "大分県宇佐市四日市", "緯度": 33.53226, "経度": 131.3228, "url": "https://www.iryou.teikyouseido.mhlw.go.jp/znk-web/juminkanja/S2430/initialize?prefCd=44&kikanCd=1163400000&kikanKbn=3", "url2": null, "内容": "金子歯科医院【3:歯科】大分県宇佐市四日市" }, "geometry": { "type": "Point", "coordinates": [ 131.3228, 33.53226 ] } },
{ "type": "Feature", "properties": { "ID": 4431163600000, "正式名称": "相良歯科医院", "機関区分": 3, "都道府県コード": 44, "市区町村コード": 211, "所在地": "大分県宇佐市住吉町２丁目２８－３", "緯度": 33.566757, "経度": 131.361045, "url": "https://www.iryou.teikyouseido.mhlw.go.jp/znk-web/juminkanja/S2430/initialize?prefCd=44&kikanCd=1163600000&kikanKbn=3", "url2": null, "内容": "相良歯科医院【3:歯科】大分県宇佐市住吉町２丁目２８－３" }, "geometry": { "type": "Point", "coordinates": [ 131.361045, 33.566757 ] } },
{ "type": "Feature", "properties": { "ID": 4431163700000, "正式名称": "佐藤歯科医院", "機関区分": 3, "都道府県コード": 44, "市区町村コード": 211, "所在地": "大分県宇佐市法鏡寺２６７ー１", "緯度": 33.528561, "経度": 131.346981, "url": "https://www.iryou.teikyouseido.mhlw.go.jp/znk-web/juminkanja/S2430/initialize?prefCd=44&kikanCd=1163700000&kikanKbn=3", "url2": null, "内容": "佐藤歯科医院【3:歯科】大分県宇佐市法鏡寺２６７ー１" }, "geometry": { "type": "Point", "coordinates": [ 131.346981, 33.528561 ] } },
{ "type": "Feature", "properties": { "ID": 4431163800000, "正式名称": "歯科久恒医院", "機関区分": 3, "都道府県コード": 44, "市区町村コード": 211, "所在地": "大分県宇佐市安心院町下毛２１４５", "緯度": 33.437475, "経度": 131.353215, "url": "https://www.iryou.teikyouseido.mhlw.go.jp/znk-web/juminkanja/S2430/initialize?prefCd=44&kikanCd=1163800000&kikanKbn=3", "url2": null, "内容": "歯科久恒医院【3:歯科】大分県宇佐市安心院町下毛２１４５" }, "geometry": { "type": "Point", "coordinates": [ 131.353215, 33.437475 ] } },
{ "type": "Feature", "properties": { "ID": 4431163900000, "正式名称": "そのき歯科医院", "機関区分": 3, "都道府県コード": 44, "市区町村コード": 211, "所在地": "大分県宇佐市葛原", "緯度": 33.535946, "経度": 131.32948, "url": "https://www.iryou.teikyouseido.mhlw.go.jp/znk-web/juminkanja/S2430/initialize?prefCd=44&kikanCd=1163900000&kikanKbn=3", "url2": null, "内容": "そのき歯科医院【3:歯科】大分県宇佐市葛原" }, "geometry": { "type": "Point", "coordinates": [ 131.32948, 33.535946 ] } },
{ "type": "Feature", "properties": { "ID": 4431164000000, "正式名称": "たえん歯科", "機関区分": 3, "都道府県コード": 44, "市区町村コード": 211, "所在地": "大分県宇佐市下時枝５６８－１", "緯度": 33.55512, "経度": 131.305611, "url": "https://www.iryou.teikyouseido.mhlw.go.jp/znk-web/juminkanja/S2430/initialize?prefCd=44&kikanCd=1164000000&kikanKbn=3", "url2": null, "内容": "たえん歯科【3:歯科】大分県宇佐市下時枝５６８－１" }, "geometry": { "type": "Point", "coordinates": [ 131.305611, 33.55512 ] } },
{ "type": "Feature", "properties": { "ID": 4431164200000, "正式名称": "田中歯科医院", "機関区分": 3, "都道府県コード": 44, "市区町村コード": 211, "所在地": "大分県宇佐市大字長洲６８８", "緯度": 33.56904, "経度": 131.377602, "url": "https://www.iryou.teikyouseido.mhlw.go.jp/znk-web/juminkanja/S2430/initialize?prefCd=44&kikanCd=1164200000&kikanKbn=3", "url2": null, "内容": "田中歯科医院【3:歯科】大分県宇佐市大字長洲６８８" }, "geometry": { "type": "Point", "coordinates": [ 131.377602, 33.56904 ] } },
{ "type": "Feature", "properties": { "ID": 4431164500000, "正式名称": "長浦歯科医院", "機関区分": 3, "都道府県コード": 44, "市区町村コード": 211, "所在地": "大分県宇佐市岩崎", "緯度": 33.534889, "経度": 131.403586, "url": "https://www.iryou.teikyouseido.mhlw.go.jp/znk-web/juminkanja/S2430/initialize?prefCd=44&kikanCd=1164500000&kikanKbn=3", "url2": null, "内容": "長浦歯科医院【3:歯科】大分県宇佐市岩崎" }, "geometry": { "type": "Point", "coordinates": [ 131.403586, 33.534889 ] } },
{ "type": "Feature", "properties": { "ID": 4431164700000, "正式名称": "中島デンタルクリニック", "機関区分": 3, "都道府県コード": 44, "市区町村コード": 211, "所在地": "大分県宇佐市上高家１３７８－１", "緯度": 33.564629, "経度": 131.323237, "url": "https://www.iryou.teikyouseido.mhlw.go.jp/znk-web/juminkanja/S2430/initialize?prefCd=44&kikanCd=1164700000&kikanKbn=3", "url2": null, "内容": "中島デンタルクリニック【3:歯科】大分県宇佐市上高家１３７８－１" }, "geometry": { "type": "Point", "coordinates": [ 131.323237, 33.564629 ] } },
{ "type": "Feature", "properties": { "ID": 4431164800000, "正式名称": "なの花歯科", "機関区分": 3, "都道府県コード": 44, "市区町村コード": 211, "所在地": "大分県宇佐市辛島１９２－１", "緯度": 33.530727, "経度": 131.338807, "url": "https://www.iryou.teikyouseido.mhlw.go.jp/znk-web/juminkanja/S2430/initialize?prefCd=44&kikanCd=1164800000&kikanKbn=3", "url2": null, "内容": "なの花歯科【3:歯科】大分県宇佐市辛島１９２－１" }, "geometry": { "type": "Point", "coordinates": [ 131.338807, 33.530727 ] } },
{ "type": "Feature", "properties": { "ID": 4431164900000, "正式名称": "蜷木歯科医院", "機関区分": 3, "都道府県コード": 44, "市区町村コード": 211, "所在地": "大分県宇佐市宇佐市岩崎１２４３－４", "緯度": 33.539678, "経度": 131.416311, "url": "https://www.iryou.teikyouseido.mhlw.go.jp/znk-web/juminkanja/S2430/initialize?prefCd=44&kikanCd=1164900000&kikanKbn=3", "url2": null, "内容": "蜷木歯科医院【3:歯科】大分県宇佐市宇佐市岩崎１２４３－４" }, "geometry": { "type": "Point", "coordinates": [ 131.416311, 33.539678 ] } },
{ "type": "Feature", "properties": { "ID": 4431165300000, "正式名称": "朝地町アルファ歯科医院", "機関区分": 3, "都道府県コード": 44, "市区町村コード": 212, "所在地": "大分県豊後大野市朝地町坪泉", "緯度": 33.004342, "経度": 131.432402, "url": "https://www.iryou.teikyouseido.mhlw.go.jp/znk-web/juminkanja/S2430/initialize?prefCd=44&kikanCd=1165300000&kikanKbn=3", "url2": null, "内容": "朝地町アルファ歯科医院【3:歯科】大分県豊後大野市朝地町坪泉" }, "geometry": { "type": "Point", "coordinates": [ 131.432402, 33.004342 ] } },
{ "type": "Feature", "properties": { "ID": 4431165700000, "正式名称": "医療法人　久保歯科医院", "機関区分": 3, "都道府県コード": 44, "市区町村コード": 212, "所在地": "大分県豊後大野市大野町田中１６６番地の２", "緯度": 33.040338, "経度": 131.501673, "url": "https://www.iryou.teikyouseido.mhlw.go.jp/znk-web/juminkanja/S2430/initialize?prefCd=44&kikanCd=1165700000&kikanKbn=3", "url2": null, "内容": "医療法人　久保歯科医院【3:歯科】大分県豊後大野市大野町田中１６６番地の２" }, "geometry": { "type": "Point", "coordinates": [ 131.501673, 33.040338 ] } },
{ "type": "Feature", "properties": { "ID": 4431165800000, "正式名称": "熊瀬歯科医院", "機関区分": 3, "都道府県コード": 44, "市区町村コード": 212, "所在地": "大分県豊後大野市三重町市場５６０番地１", "緯度": 32.979875, "経度": 131.585144, "url": "https://www.iryou.teikyouseido.mhlw.go.jp/znk-web/juminkanja/S2430/initialize?prefCd=44&kikanCd=1165800000&kikanKbn=3", "url2": null, "内容": "熊瀬歯科医院【3:歯科】大分県豊後大野市三重町市場５６０番地１" }, "geometry": { "type": "Point", "coordinates": [ 131.585144, 32.979875 ] } },
{ "type": "Feature", "properties": { "ID": 4431165900000, "正式名称": "ごとう歯科・口腔外科クリニック", "機関区分": 3, "都道府県コード": 44, "市区町村コード": 212, "所在地": "大分県豊後大野市三重町赤嶺１６８０", "緯度": 32.982753, "経度": 131.597039, "url": "https://www.iryou.teikyouseido.mhlw.go.jp/znk-web/juminkanja/S2430/initialize?prefCd=44&kikanCd=1165900000&kikanKbn=3", "url2": null, "内容": "ごとう歯科・口腔外科クリニック【3:歯科】大分県豊後大野市三重町赤嶺１６８０" }, "geometry": { "type": "Point", "coordinates": [ 131.597039, 32.982753 ] } },
{ "type": "Feature", "properties": { "ID": 4431166000000, "正式名称": "杉山歯科医院", "機関区分": 3, "都道府県コード": 44, "市区町村コード": 212, "所在地": "大分県豊後大野市犬飼町田原２１０－１", "緯度": 33.06735, "経度": 131.635844, "url": "https://www.iryou.teikyouseido.mhlw.go.jp/znk-web/juminkanja/S2430/initialize?prefCd=44&kikanCd=1166000000&kikanKbn=3", "url2": null, "内容": "杉山歯科医院【3:歯科】大分県豊後大野市犬飼町田原２１０－１" }, "geometry": { "type": "Point", "coordinates": [ 131.635844, 33.06735 ] } },
{ "type": "Feature", "properties": { "ID": 4431166100000, "正式名称": "第一歯科大塚", "機関区分": 3, "都道府県コード": 44, "市区町村コード": 212, "所在地": "大分県豊後大野市三重町市場８１２番地２", "緯度": 32.974856, "経度": 131.582287, "url": "https://www.iryou.teikyouseido.mhlw.go.jp/znk-web/juminkanja/S2430/initialize?prefCd=44&kikanCd=1166100000&kikanKbn=3", "url2": null, "内容": "第一歯科大塚【3:歯科】大分県豊後大野市三重町市場８１２番地２" }, "geometry": { "type": "Point", "coordinates": [ 131.582287, 32.974856 ] } },
{ "type": "Feature", "properties": { "ID": 4431166400000, "正式名称": "羽田歯科医院", "機関区分": 3, "都道府県コード": 44, "市区町村コード": 212, "所在地": "大分県豊後大野市三重町赤嶺", "緯度": 32.981163, "経度": 131.584375, "url": "https://www.iryou.teikyouseido.mhlw.go.jp/znk-web/juminkanja/S2430/initialize?prefCd=44&kikanCd=1166400000&kikanKbn=3", "url2": "https://hada-dc.net/", "内容": "羽田歯科医院【3:歯科】大分県豊後大野市三重町赤嶺" }, "geometry": { "type": "Point", "coordinates": [ 131.584375, 32.981163 ] } },
{ "type": "Feature", "properties": { "ID": 4431166700000, "正式名称": "みどり歯科クリニック", "機関区分": 3, "都道府県コード": 44, "市区町村コード": 212, "所在地": "大分県豊後大野市緒方町下自在１６８－１－２Ｆ", "緯度": 32.973174, "経度": 131.471518, "url": "https://www.iryou.teikyouseido.mhlw.go.jp/znk-web/juminkanja/S2430/initialize?prefCd=44&kikanCd=1166700000&kikanKbn=3", "url2": null, "内容": "みどり歯科クリニック【3:歯科】大分県豊後大野市緒方町下自在１６８－１－２Ｆ" }, "geometry": { "type": "Point", "coordinates": [ 131.471518, 32.973174 ] } },
{ "type": "Feature", "properties": { "ID": 4431166800000, "正式名称": "むとう歯科医院", "機関区分": 3, "都道府県コード": 44, "市区町村コード": 212, "所在地": "大分県豊後大野市犬飼町犬飼１８", "緯度": 33.0724, "経度": 131.634985, "url": "https://www.iryou.teikyouseido.mhlw.go.jp/znk-web/juminkanja/S2430/initialize?prefCd=44&kikanCd=1166800000&kikanKbn=3", "url2": null, "内容": "むとう歯科医院【3:歯科】大分県豊後大野市犬飼町犬飼１８" }, "geometry": { "type": "Point", "coordinates": [ 131.634985, 33.0724 ] } },
{ "type": "Feature", "properties": { "ID": 4431166900000, "正式名称": "矢野歯科クリニック", "機関区分": 3, "都道府県コード": 44, "市区町村コード": 212, "所在地": "大分県豊後大野市三重町赤嶺１０９２−２５", "緯度": 32.987067, "経度": 131.601812, "url": "https://www.iryou.teikyouseido.mhlw.go.jp/znk-web/juminkanja/S2430/initialize?prefCd=44&kikanCd=1166900000&kikanKbn=3", "url2": "https://itp.ne.jp/info/447820711500000899/", "内容": "矢野歯科クリニック【3:歯科】大分県豊後大野市三重町赤嶺１０９２−２５" }, "geometry": { "type": "Point", "coordinates": [ 131.601812, 32.987067 ] } },
{ "type": "Feature", "properties": { "ID": 4431167000000, "正式名称": "小野歯科医院", "機関区分": 3, "都道府県コード": 44, "市区町村コード": 213, "所在地": "大分県由布市庄内町大龍２３４６番地１", "緯度": 33.180592, "経度": 131.448179, "url": "https://www.iryou.teikyouseido.mhlw.go.jp/znk-web/juminkanja/S2430/initialize?prefCd=44&kikanCd=1167000000&kikanKbn=3", "url2": "http://www.dental-ono.com/", "内容": "小野歯科医院【3:歯科】大分県由布市庄内町大龍２３４６番地１" }, "geometry": { "type": "Point", "coordinates": [ 131.448179, 33.180592 ] } },
{ "type": "Feature", "properties": { "ID": 4431167100000, "正式名称": "医療法人　小原歯科医院", "機関区分": 3, "都道府県コード": 44, "市区町村コード": 213, "所在地": "大分県由布市挾間町挾間３５６－１", "緯度": 33.201749, "経度": 131.517786, "url": "https://www.iryou.teikyouseido.mhlw.go.jp/znk-web/juminkanja/S2430/initialize?prefCd=44&kikanCd=1167100000&kikanKbn=3", "url2": "ohara dental clinic.com", "内容": "医療法人　小原歯科医院【3:歯科】大分県由布市挾間町挾間３５６－１" }, "geometry": { "type": "Point", "coordinates": [ 131.517786, 33.201749 ] } },
{ "type": "Feature", "properties": { "ID": 4431167200000, "正式名称": "かわかみ歯科", "機関区分": 3, "都道府県コード": 44, "市区町村コード": 213, "所在地": "大分県由布市挟間町北方１３－１", "緯度": 33.205588, "経度": 131.523535, "url": "https://www.iryou.teikyouseido.mhlw.go.jp/znk-web/juminkanja/S2430/initialize?prefCd=44&kikanCd=1167200000&kikanKbn=3", "url2": null, "内容": "かわかみ歯科【3:歯科】大分県由布市挟間町北方１３－１" }, "geometry": { "type": "Point", "coordinates": [ 131.523535, 33.205588 ] } },
{ "type": "Feature", "properties": { "ID": 4431167300000, "正式名称": "杉本歯科クリニック", "機関区分": 3, "都道府県コード": 44, "市区町村コード": 213, "所在地": "大分県由布市挾間町挾間４５６－１", "緯度": 33.199821, "経度": 131.515383, "url": "https://www.iryou.teikyouseido.mhlw.go.jp/znk-web/juminkanja/S2430/initialize?prefCd=44&kikanCd=1167300000&kikanKbn=3", "url2": "http://www.kimoto-dc.jp", "内容": "杉本歯科クリニック【3:歯科】大分県由布市挾間町挾間４５６－１" }, "geometry": { "type": "Point", "coordinates": [ 131.515383, 33.199821 ] } },
{ "type": "Feature", "properties": { "ID": 4431167400000, "正式名称": "歯科吉村医院", "機関区分": 3, "都道府県コード": 44, "市区町村コード": 213, "所在地": "大分県由布市湯布院町川南", "緯度": 33.256026, "経度": 131.357913, "url": "https://www.iryou.teikyouseido.mhlw.go.jp/znk-web/juminkanja/S2430/initialize?prefCd=44&kikanCd=1167400000&kikanKbn=3", "url2": null, "内容": "歯科吉村医院【3:歯科】大分県由布市湯布院町川南" }, "geometry": { "type": "Point", "coordinates": [ 131.357913, 33.256026 ] } },
{ "type": "Feature", "properties": { "ID": 4431167600000, "正式名称": "田代歯科医院", "機関区分": 3, "都道府県コード": 44, "市区町村コード": 213, "所在地": "大分県由布市湯布院町川上２９３５番地４", "緯度": 33.263151, "経度": 131.357363, "url": "https://www.iryou.teikyouseido.mhlw.go.jp/znk-web/juminkanja/S2430/initialize?prefCd=44&kikanCd=1167600000&kikanKbn=3", "url2": "http://www.tashiro-dental.net", "内容": "田代歯科医院【3:歯科】大分県由布市湯布院町川上２９３５番地４" }, "geometry": { "type": "Point", "coordinates": [ 131.357363, 33.263151 ] } },
{ "type": "Feature", "properties": { "ID": 4431167800000, "正式名称": "ヒロ歯科クリニック", "機関区分": 3, "都道府県コード": 44, "市区町村コード": 213, "所在地": "大分県由布市庄内町柿原３０５番２　花菱ハイツ１Ｆ", "緯度": 33.179278, "経度": 131.422013, "url": "https://www.iryou.teikyouseido.mhlw.go.jp/znk-web/juminkanja/S2430/initialize?prefCd=44&kikanCd=1167800000&kikanKbn=3", "url2": null, "内容": "ヒロ歯科クリニック【3:歯科】大分県由布市庄内町柿原３０５番２　花菱ハイツ１Ｆ" }, "geometry": { "type": "Point", "coordinates": [ 131.422013, 33.179278 ] } },
{ "type": "Feature", "properties": { "ID": 4431167900000, "正式名称": "フォレスト・デンタル・クリニック", "機関区分": 3, "都道府県コード": 44, "市区町村コード": 213, "所在地": "大分県由布市湯布院町川上１１８１－１４", "緯度": 33.272646, "経度": 131.365923, "url": "https://www.iryou.teikyouseido.mhlw.go.jp/znk-web/juminkanja/S2430/initialize?prefCd=44&kikanCd=1167900000&kikanKbn=3", "url2": null, "内容": "フォレスト・デンタル・クリニック【3:歯科】大分県由布市湯布院町川上１１８１－１４" }, "geometry": { "type": "Point", "coordinates": [ 131.365923, 33.272646 ] } },
{ "type": "Feature", "properties": { "ID": 4431168000000, "正式名称": "吉村歯科クリニック", "機関区分": 3, "都道府県コード": 44, "市区町村コード": 213, "所在地": "大分県由布市挾間町古野２０４－５", "緯度": 33.209554, "経度": 131.529315, "url": "https://www.iryou.teikyouseido.mhlw.go.jp/znk-web/juminkanja/S2430/initialize?prefCd=44&kikanCd=1168000000&kikanKbn=3", "url2": "https://www.yoshimuradental.net/", "内容": "吉村歯科クリニック【3:歯科】大分県由布市挾間町古野２０４－５" }, "geometry": { "type": "Point", "coordinates": [ 131.529315, 33.209554 ] } },
{ "type": "Feature", "properties": { "ID": 4431168200000, "正式名称": "川野歯科医院", "機関区分": 3, "都道府県コード": 44, "市区町村コード": 214, "所在地": "大分県国東市武蔵町古市１０９番地", "緯度": 33.511629, "経度": 131.715088, "url": "https://www.iryou.teikyouseido.mhlw.go.jp/znk-web/juminkanja/S2430/initialize?prefCd=44&kikanCd=1168200000&kikanKbn=3", "url2": null, "内容": "川野歯科医院【3:歯科】大分県国東市武蔵町古市１０９番地" }, "geometry": { "type": "Point", "coordinates": [ 131.715088, 33.511629 ] } },
{ "type": "Feature", "properties": { "ID": 4431168400000, "正式名称": "岐部歯科医院", "機関区分": 3, "都道府県コード": 44, "市区町村コード": 214, "所在地": "大分県国東市国見町伊美２５８４番地３", "緯度": 33.6843, "経度": 131.596148, "url": "https://www.iryou.teikyouseido.mhlw.go.jp/znk-web/juminkanja/S2430/initialize?prefCd=44&kikanCd=1168400000&kikanKbn=3", "url2": null, "内容": "岐部歯科医院【3:歯科】大分県国東市国見町伊美２５８４番地３" }, "geometry": { "type": "Point", "coordinates": [ 131.596148, 33.6843 ] } },
{ "type": "Feature", "properties": { "ID": 4431168500000, "正式名称": "清末歯科医院", "機関区分": 3, "都道府県コード": 44, "市区町村コード": 214, "所在地": "大分県国東市国東町富来浦１４４４", "緯度": 33.603242, "経度": 131.711898, "url": "https://www.iryou.teikyouseido.mhlw.go.jp/znk-web/juminkanja/S2430/initialize?prefCd=44&kikanCd=1168500000&kikanKbn=3", "url2": null, "内容": "清末歯科医院【3:歯科】大分県国東市国東町富来浦１４４４" }, "geometry": { "type": "Point", "coordinates": [ 131.711898, 33.603242 ] } },
{ "type": "Feature", "properties": { "ID": 4431168600000, "正式名称": "医療法人社団　栗林歯科医院", "機関区分": 3, "都道府県コード": 44, "市区町村コード": 214, "所在地": "大分県国東市国東町鶴川３９８番地１", "緯度": 33.56393, "経度": 131.737443, "url": "https://www.iryou.teikyouseido.mhlw.go.jp/znk-web/juminkanja/S2430/initialize?prefCd=44&kikanCd=1168600000&kikanKbn=3", "url2": "https://www.kuribayashi-dc.com/kunisaki/", "内容": "医療法人社団　栗林歯科医院【3:歯科】大分県国東市国東町鶴川３９８番地１" }, "geometry": { "type": "Point", "coordinates": [ 131.737443, 33.56393 ] } },
{ "type": "Feature", "properties": { "ID": 4431168900000, "正式名称": "医療法人さいとう歯科医院", "機関区分": 3, "都道府県コード": 44, "市区町村コード": 214, "所在地": "大分県国東市安岐町塩屋", "緯度": 33.457708, "経度": 131.719079, "url": "https://www.iryou.teikyouseido.mhlw.go.jp/znk-web/juminkanja/S2430/initialize?prefCd=44&kikanCd=1168900000&kikanKbn=3", "url2": null, "内容": "医療法人さいとう歯科医院【3:歯科】大分県国東市安岐町塩屋" }, "geometry": { "type": "Point", "coordinates": [ 131.719079, 33.457708 ] } },
{ "type": "Feature", "properties": { "ID": 4431169000000, "正式名称": "なかよし歯科医院", "機関区分": 3, "都道府県コード": 44, "市区町村コード": 214, "所在地": "大分県国東市武蔵町古市", "緯度": 33.501796, "経度": 131.721979, "url": "https://www.iryou.teikyouseido.mhlw.go.jp/znk-web/juminkanja/S2430/initialize?prefCd=44&kikanCd=1169000000&kikanKbn=3", "url2": null, "内容": "なかよし歯科医院【3:歯科】大分県国東市武蔵町古市" }, "geometry": { "type": "Point", "coordinates": [ 131.721979, 33.501796 ] } },
{ "type": "Feature", "properties": { "ID": 4431169100000, "正式名称": "福永歯科医院", "機関区分": 3, "都道府県コード": 44, "市区町村コード": 214, "所在地": "大分県国東市国東町鶴川１０６番地", "緯度": 33.562389, "経度": 131.733145, "url": "https://www.iryou.teikyouseido.mhlw.go.jp/znk-web/juminkanja/S2430/initialize?prefCd=44&kikanCd=1169100000&kikanKbn=3", "url2": null, "内容": "福永歯科医院【3:歯科】大分県国東市国東町鶴川１０６番地" }, "geometry": { "type": "Point", "coordinates": [ 131.733145, 33.562389 ] } },
{ "type": "Feature", "properties": { "ID": 4431169200000, "正式名称": "医療法人　ふじがき歯科医院", "機関区分": 3, "都道府県コード": 44, "市区町村コード": 214, "所在地": "大分県国東市国見町伊美", "緯度": 33.682463, "経度": 131.598564, "url": "https://www.iryou.teikyouseido.mhlw.go.jp/znk-web/juminkanja/S2430/initialize?prefCd=44&kikanCd=1169200000&kikanKbn=3", "url2": null, "内容": "医療法人　ふじがき歯科医院【3:歯科】大分県国東市国見町伊美" }, "geometry": { "type": "Point", "coordinates": [ 131.598564, 33.682463 ] } },
{ "type": "Feature", "properties": { "ID": 4431169300000, "正式名称": "矢野歯科医院", "機関区分": 3, "都道府県コード": 44, "市区町村コード": 214, "所在地": "大分県国東市安岐町瀬戸田６６９番地", "緯度": 33.468495, "経度": 131.69664, "url": "https://www.iryou.teikyouseido.mhlw.go.jp/znk-web/juminkanja/S2430/initialize?prefCd=44&kikanCd=1169300000&kikanKbn=3", "url2": null, "内容": "矢野歯科医院【3:歯科】大分県国東市安岐町瀬戸田６６９番地" }, "geometry": { "type": "Point", "coordinates": [ 131.69664, 33.468495 ] } },
{ "type": "Feature", "properties": { "ID": 4431169500000, "正式名称": "ＡＬＰＳ　ＳＵＮＲＩＳＥ　ＣＬＩＮＩＣ", "機関区分": 3, "都道府県コード": 44, "市区町村コード": 341, "所在地": "大分県速見郡日出町日出町の次に番地がくる場合", "緯度": 33.369379, "経度": 131.53303, "url": "https://www.iryou.teikyouseido.mhlw.go.jp/znk-web/juminkanja/S2430/initialize?prefCd=44&kikanCd=1169500000&kikanKbn=3", "url2": "http://alpsdc.jp", "内容": "ＡＬＰＳ　ＳＵＮＲＩＳＥ　ＣＬＩＮＩＣ【3:歯科】大分県速見郡日出町日出町の次に番地がくる場合" }, "geometry": { "type": "Point", "coordinates": [ 131.53303, 33.369379 ] } },
{ "type": "Feature", "properties": { "ID": 4431169700000, "正式名称": "大原歯科医院", "機関区分": 3, "都道府県コード": 44, "市区町村コード": 341, "所在地": "大分県速見郡日出町３１１５番地１８", "緯度": 33.392466, "経度": 131.568146, "url": "https://www.iryou.teikyouseido.mhlw.go.jp/znk-web/juminkanja/S2430/initialize?prefCd=44&kikanCd=1169700000&kikanKbn=3", "url2": null, "内容": "大原歯科医院【3:歯科】大分県速見郡日出町３１１５番地１８" }, "geometry": { "type": "Point", "coordinates": [ 131.568146, 33.392466 ] } },
{ "type": "Feature", "properties": { "ID": 4431169800000, "正式名称": "河野歯科医院", "機関区分": 3, "都道府県コード": 44, "市区町村コード": 341, "所在地": "大分県速見郡日出町川崎", "緯度": 33.374119, "経度": 131.583252, "url": "https://www.iryou.teikyouseido.mhlw.go.jp/znk-web/juminkanja/S2430/initialize?prefCd=44&kikanCd=1169800000&kikanKbn=3", "url2": null, "内容": "河野歯科医院【3:歯科】大分県速見郡日出町川崎" }, "geometry": { "type": "Point", "coordinates": [ 131.583252, 33.374119 ] } },
{ "type": "Feature", "properties": { "ID": 4431169900000, "正式名称": "医療法人第二谷口歯科医院", "機関区分": 3, "都道府県コード": 44, "市区町村コード": 341, "所在地": "大分県速見郡日出町豊岡３８５ー１", "緯度": 33.368462, "経度": 131.515269, "url": "https://www.iryou.teikyouseido.mhlw.go.jp/znk-web/juminkanja/S2430/initialize?prefCd=44&kikanCd=1169900000&kikanKbn=3", "url2": null, "内容": "医療法人第二谷口歯科医院【3:歯科】大分県速見郡日出町豊岡３８５ー１" }, "geometry": { "type": "Point", "coordinates": [ 131.515269, 33.368462 ] } },
{ "type": "Feature", "properties": { "ID": 4431170300000, "正式名称": "溝部歯科医院", "機関区分": 3, "都道府県コード": 44, "市区町村コード": 341, "所在地": "大分県速見郡日出町３４８０－７", "緯度": 33.368958, "経度": 131.532, "url": "https://www.iryou.teikyouseido.mhlw.go.jp/znk-web/juminkanja/S2430/initialize?prefCd=44&kikanCd=1170300000&kikanKbn=3", "url2": null, "内容": "溝部歯科医院【3:歯科】大分県速見郡日出町３４８０－７" }, "geometry": { "type": "Point", "coordinates": [ 131.532, 33.368958 ] } },
{ "type": "Feature", "properties": { "ID": 4431170400000, "正式名称": "脇歯科医院", "機関区分": 3, "都道府県コード": 44, "市区町村コード": 341, "所在地": "大分県速見郡日出町１６６１－１８", "緯度": 33.372954, "経度": 131.533771, "url": "https://www.iryou.teikyouseido.mhlw.go.jp/znk-web/juminkanja/S2430/initialize?prefCd=44&kikanCd=1170400000&kikanKbn=3", "url2": null, "内容": "脇歯科医院【3:歯科】大分県速見郡日出町１６６１－１８" }, "geometry": { "type": "Point", "coordinates": [ 131.533771, 33.372954 ] } },
{ "type": "Feature", "properties": { "ID": 4431170500000, "正式名称": "麻生歯科医院", "機関区分": 3, "都道府県コード": 44, "市区町村コード": 461, "所在地": "大分県玖珠郡九重町右田", "緯度": 33.226378, "経度": 131.207732, "url": "https://www.iryou.teikyouseido.mhlw.go.jp/znk-web/juminkanja/S2430/initialize?prefCd=44&kikanCd=1170500000&kikanKbn=3", "url2": null, "内容": "麻生歯科医院【3:歯科】大分県玖珠郡九重町右田" }, "geometry": { "type": "Point", "coordinates": [ 131.207732, 33.226378 ] } },
{ "type": "Feature", "properties": { "ID": 4431170600000, "正式名称": "井上歯科医院", "機関区分": 3, "都道府県コード": 44, "市区町村コード": 461, "所在地": "大分県玖珠郡九重町右田７３７−３", "緯度": 33.226907, "経度": 131.20596, "url": "https://www.iryou.teikyouseido.mhlw.go.jp/znk-web/juminkanja/S2430/initialize?prefCd=44&kikanCd=1170600000&kikanKbn=3", "url2": null, "内容": "井上歯科医院【3:歯科】大分県玖珠郡九重町右田７３７−３" }, "geometry": { "type": "Point", "coordinates": [ 131.20596, 33.226907 ] } },
{ "type": "Feature", "properties": { "ID": 4431170700000, "正式名称": "玉井歯科医院", "機関区分": 3, "都道府県コード": 44, "市区町村コード": 461, "所在地": "大分県玖珠郡九重町恵良５４０", "緯度": 33.258327, "経度": 131.177468, "url": "https://www.iryou.teikyouseido.mhlw.go.jp/znk-web/juminkanja/S2430/initialize?prefCd=44&kikanCd=1170700000&kikanKbn=3", "url2": null, "内容": "玉井歯科医院【3:歯科】大分県玖珠郡九重町恵良５４０" }, "geometry": { "type": "Point", "coordinates": [ 131.177468, 33.258327 ] } },
{ "type": "Feature", "properties": { "ID": 4431170900000, "正式名称": "秋吉歯科医院", "機関区分": 3, "都道府県コード": 44, "市区町村コード": 462, "所在地": "大分県玖珠郡玖珠町帆足", "緯度": 33.284382, "経度": 131.153086, "url": "https://www.iryou.teikyouseido.mhlw.go.jp/znk-web/juminkanja/S2430/initialize?prefCd=44&kikanCd=1170900000&kikanKbn=3", "url2": null, "内容": "秋吉歯科医院【3:歯科】大分県玖珠郡玖珠町帆足" }, "geometry": { "type": "Point", "coordinates": [ 131.153086, 33.284382 ] } },
{ "type": "Feature", "properties": { "ID": 4431171000000, "正式名称": "井上第二歯科医院", "機関区分": 3, "都道府県コード": 44, "市区町村コード": 462, "所在地": "大分県玖珠郡玖珠町塚脇７３４ー２", "緯度": 33.276584, "経度": 131.143799, "url": "https://www.iryou.teikyouseido.mhlw.go.jp/znk-web/juminkanja/S2430/initialize?prefCd=44&kikanCd=1171000000&kikanKbn=3", "url2": null, "内容": "井上第二歯科医院【3:歯科】大分県玖珠郡玖珠町塚脇７３４ー２" }, "geometry": { "type": "Point", "coordinates": [ 131.143799, 33.276584 ] } },
{ "type": "Feature", "properties": { "ID": 4431171300000, "正式名称": "相良歯科医院", "機関区分": 3, "都道府県コード": 44, "市区町村コード": 462, "所在地": "大分県玖珠郡玖珠町塚脇３４８－１", "緯度": 33.277803, "経度": 131.152275, "url": "https://www.iryou.teikyouseido.mhlw.go.jp/znk-web/juminkanja/S2430/initialize?prefCd=44&kikanCd=1171300000&kikanKbn=3", "url2": null, "内容": "相良歯科医院【3:歯科】大分県玖珠郡玖珠町塚脇３４８－１" }, "geometry": { "type": "Point", "coordinates": [ 131.152275, 33.277803 ] } },
{ "type": "Feature", "properties": { "ID": 4431171400000, "正式名称": "たしろ歯科医院", "機関区分": 3, "都道府県コード": 44, "市区町村コード": 462, "所在地": "大分県玖珠郡玖珠町大字塚脇１８１－４", "緯度": 33.276761, "経度": 131.150831, "url": "https://www.iryou.teikyouseido.mhlw.go.jp/znk-web/juminkanja/S2430/initialize?prefCd=44&kikanCd=1171400000&kikanKbn=3", "url2": null, "内容": "たしろ歯科医院【3:歯科】大分県玖珠郡玖珠町大字塚脇１８１－４" }, "geometry": { "type": "Point", "coordinates": [ 131.150831, 33.276761 ] } },
{ "type": "Feature", "properties": { "ID": 4431171500000, "正式名称": "長尾歯科", "機関区分": 3, "都道府県コード": 44, "市区町村コード": 462, "所在地": "大分県玖珠郡玖珠町大字帆足２７９番地", "緯度": 33.283221, "経度": 131.150472, "url": "https://www.iryou.teikyouseido.mhlw.go.jp/znk-web/juminkanja/S2430/initialize?prefCd=44&kikanCd=1171500000&kikanKbn=3", "url2": null, "内容": "長尾歯科【3:歯科】大分県玖珠郡玖珠町大字帆足２７９番地" }, "geometry": { "type": "Point", "coordinates": [ 131.150472, 33.283221 ] } },
{ "type": "Feature", "properties": { "ID": 4431171600000, "正式名称": "吉武歯科医院", "機関区分": 3, "都道府県コード": 44, "市区町村コード": 462, "所在地": "大分県玖珠郡玖珠町大字帆足２４１－２", "緯度": 33.283483, "経度": 131.154781, "url": "https://www.iryou.teikyouseido.mhlw.go.jp/znk-web/juminkanja/S2430/initialize?prefCd=44&kikanCd=1171600000&kikanKbn=3", "url2": null, "内容": "吉武歯科医院【3:歯科】大分県玖珠郡玖珠町大字帆足２４１－２" }, "geometry": { "type": "Point", "coordinates": [ 131.154781, 33.283483 ] } },
{ "type": "Feature", "properties": { "ID": 4432000400000, "正式名称": "いとう歯科こども歯科", "機関区分": 3, "都道府県コード": 44, "市区町村コード": 206, "所在地": "大分県臼杵市大字市浜字馬渡１１６８", "緯度": 33.111099, "経度": 131.783624, "url": "https://www.iryou.teikyouseido.mhlw.go.jp/znk-web/juminkanja/S2430/initialize?prefCd=44&kikanCd=2000400000&kikanKbn=3", "url2": null, "内容": "いとう歯科こども歯科【3:歯科】大分県臼杵市大字市浜字馬渡１１６８" }, "geometry": { "type": "Point", "coordinates": [ 131.783624, 33.111099 ] } },
{ "type": "Feature", "properties": { "ID": 4432004500000, "正式名称": "タカサゴデンタルオフィス", "機関区分": 3, "都道府県コード": 44, "市区町村コード": 201, "所在地": "大分県大分市高砂町１－５　大川産婦人科・小児科高砂ビル　７Ｆ", "緯度": 33.237458, "経度": 131.601995, "url": "https://www.iryou.teikyouseido.mhlw.go.jp/znk-web/juminkanja/S2430/initialize?prefCd=44&kikanCd=2004500000&kikanKbn=3", "url2": "http://takasago-do.jp", "内容": "タカサゴデンタルオフィス【3:歯科】大分県大分市高砂町１－５　大川産婦人科・小児科高砂ビル　７Ｆ" }, "geometry": { "type": "Point", "coordinates": [ 131.601995, 33.237458 ] } },
{ "type": "Feature", "properties": { "ID": 4432004600000, "正式名称": "らいおん歯科", "機関区分": 3, "都道府県コード": 44, "市区町村コード": 201, "所在地": "大分県大分市金池南２－３－５　らいおんＢＬＤ　２０１", "緯度": 33.229682, "経度": 131.608875, "url": "https://www.iryou.teikyouseido.mhlw.go.jp/znk-web/juminkanja/S2430/initialize?prefCd=44&kikanCd=2004600000&kikanKbn=3", "url2": "http://www.lionshika.com/", "内容": "らいおん歯科【3:歯科】大分県大分市金池南２－３－５　らいおんＢＬＤ　２０１" }, "geometry": { "type": "Point", "coordinates": [ 131.608875, 33.229682 ] } },
{ "type": "Feature", "properties": { "ID": 4432004800000, "正式名称": "安心院わたなべ歯科", "機関区分": 3, "都道府県コード": 44, "市区町村コード": 211, "所在地": "大分県宇佐市安心院町木裳３８０－２", "緯度": 33.440598, "経度": 131.356124, "url": "https://www.iryou.teikyouseido.mhlw.go.jp/znk-web/juminkanja/S2430/initialize?prefCd=44&kikanCd=2004800000&kikanKbn=3", "url2": null, "内容": "安心院わたなべ歯科【3:歯科】大分県宇佐市安心院町木裳３８０－２" }, "geometry": { "type": "Point", "coordinates": [ 131.356124, 33.440598 ] } },
{ "type": "Feature", "properties": { "ID": 4432005400000, "正式名称": "とも歯科クリニック", "機関区分": 3, "都道府県コード": 44, "市区町村コード": 201, "所在地": "大分県大分市明野北１丁目２２２６－１０", "緯度": 33.225962, "経度": 131.652603, "url": "https://www.iryou.teikyouseido.mhlw.go.jp/znk-web/juminkanja/S2430/initialize?prefCd=44&kikanCd=2005400000&kikanKbn=3", "url2": "http://tomoden.jp/", "内容": "とも歯科クリニック【3:歯科】大分県大分市明野北１丁目２２２６－１０" }, "geometry": { "type": "Point", "coordinates": [ 131.652603, 33.225962 ] } },
{ "type": "Feature", "properties": { "ID": 4432006000000, "正式名称": "医療法人山下歯科医院", "機関区分": 3, "都道府県コード": 44, "市区町村コード": 341, "所在地": "大分県速見郡日出町３１８４番地", "緯度": 33.370501, "経度": 131.530313, "url": "https://www.iryou.teikyouseido.mhlw.go.jp/znk-web/juminkanja/S2430/initialize?prefCd=44&kikanCd=2006000000&kikanKbn=3", "url2": "https://www.dental-yamashita.net/", "内容": "医療法人山下歯科医院【3:歯科】大分県速見郡日出町３１８４番地" }, "geometry": { "type": "Point", "coordinates": [ 131.530313, 33.370501 ] } },
{ "type": "Feature", "properties": { "ID": 4432007100000, "正式名称": "医療法人　鶴岡クリニック", "機関区分": 3, "都道府県コード": 44, "市区町村コード": 205, "所在地": "大分県佐伯市大字鶴岡字高畑区２７３８番１", "緯度": 32.966178, "経度": 131.878874, "url": "https://www.iryou.teikyouseido.mhlw.go.jp/znk-web/juminkanja/S2430/initialize?prefCd=44&kikanCd=2007100000&kikanKbn=3", "url2": null, "内容": "医療法人　鶴岡クリニック【3:歯科】大分県佐伯市大字鶴岡字高畑区２７３８番１" }, "geometry": { "type": "Point", "coordinates": [ 131.878874, 32.966178 ] } },
{ "type": "Feature", "properties": { "ID": 4432007800000, "正式名称": "安部徹歯科医院ＣＴインプラントオフィス", "機関区分": 3, "都道府県コード": 44, "市区町村コード": 202, "所在地": "大分県別府市荘園町４７番２７号セスナビル２階", "緯度": 33.293221, "経度": 131.484482, "url": "https://www.iryou.teikyouseido.mhlw.go.jp/znk-web/juminkanja/S2430/initialize?prefCd=44&kikanCd=2007800000&kikanKbn=3", "url2": "http://www.abetoru-do.jp/", "内容": "安部徹歯科医院ＣＴインプラントオフィス【3:歯科】大分県別府市荘園町４７番２７号セスナビル２階" }, "geometry": { "type": "Point", "coordinates": [ 131.484482, 33.293221 ] } },
{ "type": "Feature", "properties": { "ID": 4432008400000, "正式名称": "ふくだ歯科クリニック", "機関区分": 3, "都道府県コード": 44, "市区町村コード": 201, "所在地": "大分県大分市森５８２－１", "緯度": 33.220487, "経度": 131.681056, "url": "https://www.iryou.teikyouseido.mhlw.go.jp/znk-web/juminkanja/S2430/initialize?prefCd=44&kikanCd=2008400000&kikanKbn=3", "url2": null, "内容": "ふくだ歯科クリニック【3:歯科】大分県大分市森５８２－１" }, "geometry": { "type": "Point", "coordinates": [ 131.681056, 33.220487 ] } },
{ "type": "Feature", "properties": { "ID": 4432008700000, "正式名称": "ダイヤモンド歯科クリニック", "機関区分": 3, "都道府県コード": 44, "市区町村コード": 201, "所在地": "大分県大分市中戸次字長新地４７８１", "緯度": 33.154144, "経度": 131.65564, "url": "https://www.iryou.teikyouseido.mhlw.go.jp/znk-web/juminkanja/S2430/initialize?prefCd=44&kikanCd=2008700000&kikanKbn=3", "url2": null, "内容": "ダイヤモンド歯科クリニック【3:歯科】大分県大分市中戸次字長新地４７８１" }, "geometry": { "type": "Point", "coordinates": [ 131.65564, 33.154144 ] } },
{ "type": "Feature", "properties": { "ID": 4432009200000, "正式名称": "ファミリー歯科・こども歯科", "機関区分": 3, "都道府県コード": 44, "市区町村コード": 205, "所在地": "大分県佐伯市中の島２丁目１９番３０号", "緯度": 32.953243, "経度": 131.896736, "url": "https://www.iryou.teikyouseido.mhlw.go.jp/znk-web/juminkanja/S2430/initialize?prefCd=44&kikanCd=2009200000&kikanKbn=3", "url2": "https://family-m-clinic.ci-hp.jp/", "内容": "ファミリー歯科・こども歯科【3:歯科】大分県佐伯市中の島２丁目１９番３０号" }, "geometry": { "type": "Point", "coordinates": [ 131.896736, 32.953243 ] } },
{ "type": "Feature", "properties": { "ID": 4432010000000, "正式名称": "小泉歯科口腔外科", "機関区分": 3, "都道府県コード": 44, "市区町村コード": 203, "所在地": "大分県中津市大新田４３８－６", "緯度": 33.600224, "経度": 131.221272, "url": "https://www.iryou.teikyouseido.mhlw.go.jp/znk-web/juminkanja/S2430/initialize?prefCd=44&kikanCd=2010000000&kikanKbn=3", "url2": null, "内容": "小泉歯科口腔外科【3:歯科】大分県中津市大新田４３８－６" }, "geometry": { "type": "Point", "coordinates": [ 131.221272, 33.600224 ] } },
{ "type": "Feature", "properties": { "ID": 4432010200000, "正式名称": "おぐし矯正歯科クリニック", "機関区分": 3, "都道府県コード": 44, "市区町村コード": 201, "所在地": "大分県大分市中央町２丁目５ー３　セントポルタビル２Ｆ", "緯度": 33.236408, "経度": 131.606222, "url": "https://www.iryou.teikyouseido.mhlw.go.jp/znk-web/juminkanja/S2430/initialize?prefCd=44&kikanCd=2010200000&kikanKbn=3", "url2": null, "内容": "おぐし矯正歯科クリニック【3:歯科】大分県大分市中央町２丁目５ー３　セントポルタビル２Ｆ" }, "geometry": { "type": "Point", "coordinates": [ 131.606222, 33.236408 ] } },
{ "type": "Feature", "properties": { "ID": 4432010600000, "正式名称": "きむら歯科クリニック", "機関区分": 3, "都道府県コード": 44, "市区町村コード": 201, "所在地": "大分県大分市大字迫字迫谷５３番１", "緯度": 33.223054, "経度": 131.699188, "url": "https://www.iryou.teikyouseido.mhlw.go.jp/znk-web/juminkanja/S2430/initialize?prefCd=44&kikanCd=2010600000&kikanKbn=3", "url2": "http://www.kimuradentalclinic.jp", "内容": "きむら歯科クリニック【3:歯科】大分県大分市大字迫字迫谷５３番１" }, "geometry": { "type": "Point", "coordinates": [ 131.699188, 33.223054 ] } },
{ "type": "Feature", "properties": { "ID": 4432010900000, "正式名称": "医療法人　雄浩会　さわみや歯科医院", "機関区分": 3, "都道府県コード": 44, "市区町村コード": 201, "所在地": "大分県大分市中戸次", "緯度": 33.154144, "経度": 131.65564, "url": "https://www.iryou.teikyouseido.mhlw.go.jp/znk-web/juminkanja/S2430/initialize?prefCd=44&kikanCd=2010900000&kikanKbn=3", "url2": "http://sawamiya-dental.com", "内容": "医療法人　雄浩会　さわみや歯科医院【3:歯科】大分県大分市中戸次" }, "geometry": { "type": "Point", "coordinates": [ 131.65564, 33.154144 ] } },
{ "type": "Feature", "properties": { "ID": 4432011800000, "正式名称": "高木歯科医院", "機関区分": 3, "都道府県コード": 44, "市区町村コード": 204, "所在地": "大分県日田市三本松２－１－１１第一光ビル１Ｆ", "緯度": 33.321098, "経度": 130.931711, "url": "https://www.iryou.teikyouseido.mhlw.go.jp/znk-web/juminkanja/S2430/initialize?prefCd=44&kikanCd=2011800000&kikanKbn=3", "url2": null, "内容": "高木歯科医院【3:歯科】大分県日田市三本松２－１－１１第一光ビル１Ｆ" }, "geometry": { "type": "Point", "coordinates": [ 130.931711, 33.321098 ] } },
{ "type": "Feature", "properties": { "ID": 4432012000000, "正式名称": "ライフ歯科クリニック", "機関区分": 3, "都道府県コード": 44, "市区町村コード": 201, "所在地": "大分県大分市大字松岡４７１３－１", "緯度": 33.185069, "経度": 131.668478, "url": "https://www.iryou.teikyouseido.mhlw.go.jp/znk-web/juminkanja/S2430/initialize?prefCd=44&kikanCd=2012000000&kikanKbn=3", "url2": null, "内容": "ライフ歯科クリニック【3:歯科】大分県大分市大字松岡４７１３－１" }, "geometry": { "type": "Point", "coordinates": [ 131.668478, 33.185069 ] } },
{ "type": "Feature", "properties": { "ID": 4432012400000, "正式名称": "医療法人　貞祥会　酒本歯科医院", "機関区分": 3, "都道府県コード": 44, "市区町村コード": 202, "所在地": "大分県別府市青山町３１０９－２", "緯度": 33.277754, "経度": 131.493067, "url": "https://www.iryou.teikyouseido.mhlw.go.jp/znk-web/juminkanja/S2430/initialize?prefCd=44&kikanCd=2012400000&kikanKbn=3", "url2": "https://www.sakamoto-shika-beppu.com/", "内容": "医療法人　貞祥会　酒本歯科医院【3:歯科】大分県別府市青山町３１０９－２" }, "geometry": { "type": "Point", "coordinates": [ 131.493067, 33.277754 ] } },
{ "type": "Feature", "properties": { "ID": 4432013000000, "正式名称": "たいよう歯科", "機関区分": 3, "都道府県コード": 44, "市区町村コード": 201, "所在地": "大分県大分市牧３丁目１１－１６", "緯度": 33.24207, "経度": 131.644761, "url": "https://www.iryou.teikyouseido.mhlw.go.jp/znk-web/juminkanja/S2430/initialize?prefCd=44&kikanCd=2013000000&kikanKbn=3", "url2": null, "内容": "たいよう歯科【3:歯科】大分県大分市牧３丁目１１－１６" }, "geometry": { "type": "Point", "coordinates": [ 131.644761, 33.24207 ] } },
{ "type": "Feature", "properties": { "ID": 4432013100000, "正式名称": "はっぴぃー歯科・小児歯科", "機関区分": 3, "都道府県コード": 44, "市区町村コード": 201, "所在地": "大分県大分市皆春１５７１－１　ぱせおビル２Ｆ（ふらいるコープ内）", "緯度": 33.234972, "経度": 131.681516, "url": "https://www.iryou.teikyouseido.mhlw.go.jp/znk-web/juminkanja/S2430/initialize?prefCd=44&kikanCd=2013100000&kikanKbn=3", "url2": "http://www.dentdb.com/happy/", "内容": "はっぴぃー歯科・小児歯科【3:歯科】大分県大分市皆春１５７１－１　ぱせおビル２Ｆ（ふらいるコープ内）" }, "geometry": { "type": "Point", "coordinates": [ 131.681516, 33.234972 ] } },
{ "type": "Feature", "properties": { "ID": 4432013400000, "正式名称": "からしま歯科", "機関区分": 3, "都道府県コード": 44, "市区町村コード": 203, "所在地": "大分県中津市島田４２７番地４", "緯度": 33.596744, "経度": 131.189855, "url": "https://www.iryou.teikyouseido.mhlw.go.jp/znk-web/juminkanja/S2430/initialize?prefCd=44&kikanCd=2013400000&kikanKbn=3", "url2": null, "内容": "からしま歯科【3:歯科】大分県中津市島田４２７番地４" }, "geometry": { "type": "Point", "coordinates": [ 131.189855, 33.596744 ] } },
{ "type": "Feature", "properties": { "ID": 4432013500000, "正式名称": "木下歯科医院", "機関区分": 3, "都道府県コード": 44, "市区町村コード": 203, "所在地": "大分県中津市下宮永７６番地１３", "緯度": 33.595677, "経度": 131.185314, "url": "https://www.iryou.teikyouseido.mhlw.go.jp/znk-web/juminkanja/S2430/initialize?prefCd=44&kikanCd=2013500000&kikanKbn=3", "url2": null, "内容": "木下歯科医院【3:歯科】大分県中津市下宮永７６番地１３" }, "geometry": { "type": "Point", "coordinates": [ 131.185314, 33.595677 ] } },
{ "type": "Feature", "properties": { "ID": 4432013600000, "正式名称": "はらおか歯科医院", "機関区分": 3, "都道府県コード": 44, "市区町村コード": 203, "所在地": "大分県中津市永添", "緯度": 33.573517, "経度": 131.19763, "url": "https://www.iryou.teikyouseido.mhlw.go.jp/znk-web/juminkanja/S2430/initialize?prefCd=44&kikanCd=2013600000&kikanKbn=3", "url2": null, "内容": "はらおか歯科医院【3:歯科】大分県中津市永添" }, "geometry": { "type": "Point", "coordinates": [ 131.19763, 33.573517 ] } },
{ "type": "Feature", "properties": { "ID": 4432013900000, "正式名称": "ふたば歯科クリニック", "機関区分": 3, "都道府県コード": 44, "市区町村コード": 201, "所在地": "大分県大分市城原", "緯度": 33.237983, "経度": 131.726198, "url": "https://www.iryou.teikyouseido.mhlw.go.jp/znk-web/juminkanja/S2430/initialize?prefCd=44&kikanCd=2013900000&kikanKbn=3", "url2": null, "内容": "ふたば歯科クリニック【3:歯科】大分県大分市城原" }, "geometry": { "type": "Point", "coordinates": [ 131.726198, 33.237983 ] } },
{ "type": "Feature", "properties": { "ID": 4432014000000, "正式名称": "Ｂ＆Ａ矯正歯科クリニック", "機関区分": 3, "都道府県コード": 44, "市区町村コード": 202, "所在地": "大分県別府市南立石一区", "緯度": 33.284835, "経度": 131.480513, "url": "https://www.iryou.teikyouseido.mhlw.go.jp/znk-web/juminkanja/S2430/initialize?prefCd=44&kikanCd=2014000000&kikanKbn=3", "url2": "http://www.b-and-a-kyousei.com", "内容": "Ｂ＆Ａ矯正歯科クリニック【3:歯科】大分県別府市南立石一区" }, "geometry": { "type": "Point", "coordinates": [ 131.480513, 33.284835 ] } },
{ "type": "Feature", "properties": { "ID": 4432014900000, "正式名称": "大谷歯科・こども歯科", "機関区分": 3, "都道府県コード": 44, "市区町村コード": 201, "所在地": "大分県大分市田室町６－３", "緯度": 33.236417, "経度": 131.597816, "url": "https://www.iryou.teikyouseido.mhlw.go.jp/znk-web/juminkanja/S2430/initialize?prefCd=44&kikanCd=2014900000&kikanKbn=3", "url2": "http://www.otanisika-kodomosika.com/", "内容": "大谷歯科・こども歯科【3:歯科】大分県大分市田室町６－３" }, "geometry": { "type": "Point", "coordinates": [ 131.597816, 33.236417 ] } },
{ "type": "Feature", "properties": { "ID": 4432015200000, "正式名称": "小林歯科クリニック", "機関区分": 3, "都道府県コード": 44, "市区町村コード": 203, "所在地": "大分県中津市是則８５０－５", "緯度": 33.587809, "経度": 131.236146, "url": "https://www.iryou.teikyouseido.mhlw.go.jp/znk-web/juminkanja/S2430/initialize?prefCd=44&kikanCd=2015200000&kikanKbn=3", "url2": null, "内容": "小林歯科クリニック【3:歯科】大分県中津市是則８５０－５" }, "geometry": { "type": "Point", "coordinates": [ 131.236146, 33.587809 ] } },
{ "type": "Feature", "properties": { "ID": 4432015500000, "正式名称": "大分駅南口歯科", "機関区分": 3, "都道府県コード": 44, "市区町村コード": 201, "所在地": "大分県大分市金池南１丁目１番５号　ＪＲおおいたシティ第２駐車場２階", "緯度": 33.231826, "経度": 131.606406, "url": "https://www.iryou.teikyouseido.mhlw.go.jp/znk-web/juminkanja/S2430/initialize?prefCd=44&kikanCd=2015500000&kikanKbn=3", "url2": "http://www.oitaeki-dc.com/", "内容": "大分駅南口歯科【3:歯科】大分県大分市金池南１丁目１番５号　ＪＲおおいたシティ第２駐車場２階" }, "geometry": { "type": "Point", "coordinates": [ 131.606406, 33.231826 ] } },
{ "type": "Feature", "properties": { "ID": 4432016300000, "正式名称": "さとう歯科医院", "機関区分": 3, "都道府県コード": 44, "市区町村コード": 201, "所在地": "大分県大分市南２－１", "緯度": 33.175699, "経度": 131.648398, "url": "https://www.iryou.teikyouseido.mhlw.go.jp/znk-web/juminkanja/S2430/initialize?prefCd=44&kikanCd=2016300000&kikanKbn=3", "url2": "http://www.dc-sato.com/", "内容": "さとう歯科医院【3:歯科】大分県大分市南２－１" }, "geometry": { "type": "Point", "coordinates": [ 131.648398, 33.175699 ] } },
{ "type": "Feature", "properties": { "ID": 4432016400000, "正式名称": "医療法人麻生歯科", "機関区分": 3, "都道府県コード": 44, "市区町村コード": 201, "所在地": "大分県大分市浜町東", "緯度": 33.246427, "経度": 131.602742, "url": "https://www.iryou.teikyouseido.mhlw.go.jp/znk-web/juminkanja/S2430/initialize?prefCd=44&kikanCd=2016400000&kikanKbn=3", "url2": "http://www.aso-implant.com/", "内容": "医療法人麻生歯科【3:歯科】大分県大分市浜町東" }, "geometry": { "type": "Point", "coordinates": [ 131.602742, 33.246427 ] } },
{ "type": "Feature", "properties": { "ID": 4432016500000, "正式名称": "すぎもと歯科こども歯科", "機関区分": 3, "都道府県コード": 44, "市区町村コード": 201, "所在地": "大分県大分市庄境１０４", "緯度": 33.240258, "経度": 131.703919, "url": "https://www.iryou.teikyouseido.mhlw.go.jp/znk-web/juminkanja/S2430/initialize?prefCd=44&kikanCd=2016500000&kikanKbn=3", "url2": null, "内容": "すぎもと歯科こども歯科【3:歯科】大分県大分市庄境１０４" }, "geometry": { "type": "Point", "coordinates": [ 131.703919, 33.240258 ] } },
{ "type": "Feature", "properties": { "ID": 4432017200000, "正式名称": "ねぎ歯科クリニック", "機関区分": 3, "都道府県コード": 44, "市区町村コード": 201, "所在地": "大分県大分市畑中１ー２ー５１", "緯度": 33.206323, "経度": 131.603079, "url": "https://www.iryou.teikyouseido.mhlw.go.jp/znk-web/juminkanja/S2430/initialize?prefCd=44&kikanCd=2017200000&kikanKbn=3", "url2": "http://www.negi-shika.com", "内容": "ねぎ歯科クリニック【3:歯科】大分県大分市畑中１ー２ー５１" }, "geometry": { "type": "Point", "coordinates": [ 131.603079, 33.206323 ] } },
{ "type": "Feature", "properties": { "ID": 4432017500000, "正式名称": "こころデンタルクリニック", "機関区分": 3, "都道府県コード": 44, "市区町村コード": 201, "所在地": "大分県大分市仲西町２丁目４－２８　ＹＵＫＯビル２Ｆ", "緯度": 33.244623, "経度": 131.662098, "url": "https://www.iryou.teikyouseido.mhlw.go.jp/znk-web/juminkanja/S2430/initialize?prefCd=44&kikanCd=2017500000&kikanKbn=3", "url2": null, "内容": "こころデンタルクリニック【3:歯科】大分県大分市仲西町２丁目４－２８　ＹＵＫＯビル２Ｆ" }, "geometry": { "type": "Point", "coordinates": [ 131.662098, 33.244623 ] } },
{ "type": "Feature", "properties": { "ID": 4432018500000, "正式名称": "フレンド歯科", "機関区分": 3, "都道府県コード": 44, "市区町村コード": 212, "所在地": "大分県豊後大野市三重町赤嶺２０５６番地", "緯度": 32.984367, "経度": 131.595858, "url": "https://www.iryou.teikyouseido.mhlw.go.jp/znk-web/juminkanja/S2430/initialize?prefCd=44&kikanCd=2018500000&kikanKbn=3", "url2": null, "内容": "フレンド歯科【3:歯科】大分県豊後大野市三重町赤嶺２０５６番地" }, "geometry": { "type": "Point", "coordinates": [ 131.595858, 32.984367 ] } },
{ "type": "Feature", "properties": { "ID": 4432019100000, "正式名称": "だん歯科クリニック", "機関区分": 3, "都道府県コード": 44, "市区町村コード": 201, "所在地": "大分県大分市生石１４５－４４", "緯度": 33.244, "経度": 131.576589, "url": "https://www.iryou.teikyouseido.mhlw.go.jp/znk-web/juminkanja/S2430/initialize?prefCd=44&kikanCd=2019100000&kikanKbn=3", "url2": "http://www.dan-dc.net/", "内容": "だん歯科クリニック【3:歯科】大分県大分市生石１４５－４４" }, "geometry": { "type": "Point", "coordinates": [ 131.576589, 33.244 ] } },
{ "type": "Feature", "properties": { "ID": 4432019200000, "正式名称": "つちや歯科医院", "機関区分": 3, "都道府県コード": 44, "市区町村コード": 205, "所在地": "大分県佐伯市長島町２ー２ー１０", "緯度": 32.961452, "経度": 131.907649, "url": "https://www.iryou.teikyouseido.mhlw.go.jp/znk-web/juminkanja/S2430/initialize?prefCd=44&kikanCd=2019200000&kikanKbn=3", "url2": null, "内容": "つちや歯科医院【3:歯科】大分県佐伯市長島町２ー２ー１０" }, "geometry": { "type": "Point", "coordinates": [ 131.907649, 32.961452 ] } },
{ "type": "Feature", "properties": { "ID": 4432019700000, "正式名称": "かみやま歯科", "機関区分": 3, "都道府県コード": 44, "市区町村コード": 201, "所在地": "大分県大分市森１２２９−１４", "緯度": 33.219616, "経度": 131.68057, "url": "https://www.iryou.teikyouseido.mhlw.go.jp/znk-web/juminkanja/S2430/initialize?prefCd=44&kikanCd=2019700000&kikanKbn=3", "url2": null, "内容": "かみやま歯科【3:歯科】大分県大分市森１２２９−１４" }, "geometry": { "type": "Point", "coordinates": [ 131.68057, 33.219616 ] } },
{ "type": "Feature", "properties": { "ID": 4432019800000, "正式名称": "野上デンタルクリニック", "機関区分": 3, "都道府県コード": 44, "市区町村コード": 201, "所在地": "大分県大分市生石", "緯度": 33.245851, "経度": 131.583508, "url": "https://www.iryou.teikyouseido.mhlw.go.jp/znk-web/juminkanja/S2430/initialize?prefCd=44&kikanCd=2019800000&kikanKbn=3", "url2": null, "内容": "野上デンタルクリニック【3:歯科】大分県大分市生石" }, "geometry": { "type": "Point", "coordinates": [ 131.583508, 33.245851 ] } },
{ "type": "Feature", "properties": { "ID": 4432019900000, "正式名称": "市場のはいしゃさん", "機関区分": 3, "都道府県コード": 44, "市区町村コード": 212, "所在地": "大分県豊後大野市三重町市場１３９６番地１", "緯度": 32.978489, "経度": 131.581731, "url": "https://www.iryou.teikyouseido.mhlw.go.jp/znk-web/juminkanja/S2430/initialize?prefCd=44&kikanCd=2019900000&kikanKbn=3", "url2": null, "内容": "市場のはいしゃさん【3:歯科】大分県豊後大野市三重町市場１３９６番地１" }, "geometry": { "type": "Point", "coordinates": [ 131.581731, 32.978489 ] } },
{ "type": "Feature", "properties": { "ID": 4432020200000, "正式名称": "医療法人庸誠舎　ナチュラル・デンタルクリニック", "機関区分": 3, "都道府県コード": 44, "市区町村コード": 201, "所在地": "大分県大分市高城本町５番１３", "緯度": 33.244531, "経度": 131.657632, "url": "https://www.iryou.teikyouseido.mhlw.go.jp/znk-web/juminkanja/S2430/initialize?prefCd=44&kikanCd=2020200000&kikanKbn=3", "url2": null, "内容": "医療法人庸誠舎　ナチュラル・デンタルクリニック【3:歯科】大分県大分市高城本町５番１３" }, "geometry": { "type": "Point", "coordinates": [ 131.657632, 33.244531 ] } },
{ "type": "Feature", "properties": { "ID": 4432021300000, "正式名称": "二宮歯科", "機関区分": 3, "都道府県コード": 44, "市区町村コード": 201, "所在地": "大分県大分市寒田１０５８番地１８", "緯度": 33.187645, "経度": 131.609924, "url": "https://www.iryou.teikyouseido.mhlw.go.jp/znk-web/juminkanja/S2430/initialize?prefCd=44&kikanCd=2021300000&kikanKbn=3", "url2": "Http://ninomiya-shiksa.jp", "内容": "二宮歯科【3:歯科】大分県大分市寒田１０５８番地１８" }, "geometry": { "type": "Point", "coordinates": [ 131.609924, 33.187645 ] } },
{ "type": "Feature", "properties": { "ID": 4432021500000, "正式名称": "加納歯科医院", "機関区分": 3, "都道府県コード": 44, "市区町村コード": 207, "所在地": "大分県津久見市中央町", "緯度": 33.074064, "経度": 131.86158, "url": "https://www.iryou.teikyouseido.mhlw.go.jp/znk-web/juminkanja/S2430/initialize?prefCd=44&kikanCd=2021500000&kikanKbn=3", "url2": "https://kanoshikaiin.jimdofree.com/", "内容": "加納歯科医院【3:歯科】大分県津久見市中央町" }, "geometry": { "type": "Point", "coordinates": [ 131.86158, 33.074064 ] } },
{ "type": "Feature", "properties": { "ID": 4432022100000, "正式名称": "萩原かわの歯科", "機関区分": 3, "都道府県コード": 44, "市区町村コード": 201, "所在地": "大分県大分市新栄町", "緯度": 33.2454, "経度": 131.64787, "url": "https://www.iryou.teikyouseido.mhlw.go.jp/znk-web/juminkanja/S2430/initialize?prefCd=44&kikanCd=2022100000&kikanKbn=3", "url2": null, "内容": "萩原かわの歯科【3:歯科】大分県大分市新栄町" }, "geometry": { "type": "Point", "coordinates": [ 131.64787, 33.2454 ] } },
{ "type": "Feature", "properties": { "ID": 4432022700000, "正式名称": "カムカム歯科クリニック", "機関区分": 3, "都道府県コード": 44, "市区町村コード": 203, "所在地": "大分県中津市中央町", "緯度": 33.593685, "経度": 131.195393, "url": "https://www.iryou.teikyouseido.mhlw.go.jp/znk-web/juminkanja/S2430/initialize?prefCd=44&kikanCd=2022700000&kikanKbn=3", "url2": null, "内容": "カムカム歯科クリニック【3:歯科】大分県中津市中央町" }, "geometry": { "type": "Point", "coordinates": [ 131.195393, 33.593685 ] } },
{ "type": "Feature", "properties": { "ID": 4432022800000, "正式名称": "飯田高原歯科診療所", "機関区分": 3, "都道府県コード": 44, "市区町村コード": 461, "所在地": "大分県玖珠郡九重町大字田野１５８２－５メゾン九重１号棟", "緯度": 33.228519, "経度": 131.188795, "url": "https://www.iryou.teikyouseido.mhlw.go.jp/znk-web/juminkanja/S2430/initialize?prefCd=44&kikanCd=2022800000&kikanKbn=3", "url2": null, "内容": "飯田高原歯科診療所【3:歯科】大分県玖珠郡九重町大字田野１５８２－５メゾン九重１号棟" }, "geometry": { "type": "Point", "coordinates": [ 131.188795, 33.228519 ] } },
{ "type": "Feature", "properties": { "ID": 4432023500000, "正式名称": "いまむら歯科クリニック", "機関区分": 3, "都道府県コード": 44, "市区町村コード": 201, "所在地": "大分県大分市花園２－１－４４", "緯度": 33.211805, "経度": 131.608634, "url": "https://www.iryou.teikyouseido.mhlw.go.jp/znk-web/juminkanja/S2430/initialize?prefCd=44&kikanCd=2023500000&kikanKbn=3", "url2": null, "内容": "いまむら歯科クリニック【3:歯科】大分県大分市花園２－１－４４" }, "geometry": { "type": "Point", "coordinates": [ 131.608634, 33.211805 ] } },
{ "type": "Feature", "properties": { "ID": 4432024000000, "正式名称": "たきがみ歯科クリニック", "機関区分": 3, "都道府県コード": 44, "市区町村コード": 211, "所在地": "大分県宇佐市大字辛島２０３番地", "緯度": 33.531733, "経度": 131.339869, "url": "https://www.iryou.teikyouseido.mhlw.go.jp/znk-web/juminkanja/S2430/initialize?prefCd=44&kikanCd=2024000000&kikanKbn=3", "url2": "takigami-dc.com", "内容": "たきがみ歯科クリニック【3:歯科】大分県宇佐市大字辛島２０３番地" }, "geometry": { "type": "Point", "coordinates": [ 131.339869, 33.531733 ] } },
{ "type": "Feature", "properties": { "ID": 4432024200000, "正式名称": "Ｏｒａｌ　Ｍｅｄｉｃｉｎｅ　Ｃｌｉｎｉｃ", "機関区分": 3, "都道府県コード": 44, "市区町村コード": 203, "所在地": "大分県中津市大字下池永１０９番地４", "緯度": 33.590187, "経度": 131.2141, "url": "https://www.iryou.teikyouseido.mhlw.go.jp/znk-web/juminkanja/S2430/initialize?prefCd=44&kikanCd=2024200000&kikanKbn=3", "url2": "https://maedad3560.wixsite.com/meadadentalclinic", "内容": "Ｏｒａｌ　Ｍｅｄｉｃｉｎｅ　Ｃｌｉｎｉｃ【3:歯科】大分県中津市大字下池永１０９番地４" }, "geometry": { "type": "Point", "coordinates": [ 131.2141, 33.590187 ] } },
{ "type": "Feature", "properties": { "ID": 4432025000000, "正式名称": "フォレスト歯科口腔外科クリニック", "機関区分": 3, "都道府県コード": 44, "市区町村コード": 341, "所在地": "大分県速見郡日出町３６４１の６", "緯度": 33.377057, "経度": 131.5388, "url": "https://www.iryou.teikyouseido.mhlw.go.jp/znk-web/juminkanja/S2430/initialize?prefCd=44&kikanCd=2025000000&kikanKbn=3", "url2": "http://www.ooita-2015.com", "内容": "フォレスト歯科口腔外科クリニック【3:歯科】大分県速見郡日出町３６４１の６" }, "geometry": { "type": "Point", "coordinates": [ 131.5388, 33.377057 ] } },
{ "type": "Feature", "properties": { "ID": 4432025200000, "正式名称": "おおしま歯科クリニック", "機関区分": 3, "都道府県コード": 44, "市区町村コード": 201, "所在地": "大分県大分市碩田町２丁目２－２７　碩田ハイツ１階", "緯度": 33.245017, "経度": 131.657014, "url": "https://www.iryou.teikyouseido.mhlw.go.jp/znk-web/juminkanja/S2430/initialize?prefCd=44&kikanCd=2025200000&kikanKbn=3", "url2": null, "内容": "おおしま歯科クリニック【3:歯科】大分県大分市碩田町２丁目２－２７　碩田ハイツ１階" }, "geometry": { "type": "Point", "coordinates": [ 131.657014, 33.245017 ] } },
{ "type": "Feature", "properties": { "ID": 4432025800000, "正式名称": "ちよ歯科医院", "機関区分": 3, "都道府県コード": 44, "市区町村コード": 214, "所在地": "大分県国東市武蔵町糸原", "緯度": 33.483785, "経度": 131.722652, "url": "https://www.iryou.teikyouseido.mhlw.go.jp/znk-web/juminkanja/S2430/initialize?prefCd=44&kikanCd=2025800000&kikanKbn=3", "url2": null, "内容": "ちよ歯科医院【3:歯科】大分県国東市武蔵町糸原" }, "geometry": { "type": "Point", "coordinates": [ 131.722652, 33.483785 ] } },
{ "type": "Feature", "properties": { "ID": 4432026100000, "正式名称": "医療法人　角野歯科医院　いまづ歯科", "機関区分": 3, "都道府県コード": 44, "市区町村コード": 203, "所在地": "大分県中津市今津１０４５－４", "緯度": 33.573329, "経度": 131.265885, "url": "https://www.iryou.teikyouseido.mhlw.go.jp/znk-web/juminkanja/S2430/initialize?prefCd=44&kikanCd=2026100000&kikanKbn=3", "url2": null, "内容": "医療法人　角野歯科医院　いまづ歯科【3:歯科】大分県中津市今津１０４５－４" }, "geometry": { "type": "Point", "coordinates": [ 131.265885, 33.573329 ] } },
{ "type": "Feature", "properties": { "ID": 4432026300000, "正式名称": "土屋デンタルクリニック　大分オフィス", "機関区分": 3, "都道府県コード": 44, "市区町村コード": 201, "所在地": "大分県大分市金池南１丁目１１番３０号", "緯度": 33.228836, "経度": 131.604623, "url": "https://www.iryou.teikyouseido.mhlw.go.jp/znk-web/juminkanja/S2430/initialize?prefCd=44&kikanCd=2026300000&kikanKbn=3", "url2": "http://www.tsuchiya-dc.com/", "内容": "土屋デンタルクリニック　大分オフィス【3:歯科】大分県大分市金池南１丁目１１番３０号" }, "geometry": { "type": "Point", "coordinates": [ 131.604623, 33.228836 ] } },
{ "type": "Feature", "properties": { "ID": 4432026500000, "正式名称": "なないろ歯科", "機関区分": 3, "都道府県コード": 44, "市区町村コード": 201, "所在地": "大分県大分市中戸次５１１１－９", "緯度": 33.15151, "経度": 131.656006, "url": "https://www.iryou.teikyouseido.mhlw.go.jp/znk-web/juminkanja/S2430/initialize?prefCd=44&kikanCd=2026500000&kikanKbn=3", "url2": null, "内容": "なないろ歯科【3:歯科】大分県大分市中戸次５１１１－９" }, "geometry": { "type": "Point", "coordinates": [ 131.656006, 33.15151 ] } },
{ "type": "Feature", "properties": { "ID": 4432026600000, "正式名称": "大手町デンタルクリニック", "機関区分": 3, "都道府県コード": 44, "市区町村コード": 201, "所在地": "大分県大分市大手町１－３－１５", "緯度": 33.235336, "経度": 131.612311, "url": "https://www.iryou.teikyouseido.mhlw.go.jp/znk-web/juminkanja/S2430/initialize?prefCd=44&kikanCd=2026600000&kikanKbn=3", "url2": null, "内容": "大手町デンタルクリニック【3:歯科】大分県大分市大手町１－３－１５" }, "geometry": { "type": "Point", "coordinates": [ 131.612311, 33.235336 ] } },
{ "type": "Feature", "properties": { "ID": 4432027700000, "正式名称": "さくら歯科クリニック", "機関区分": 3, "都道府県コード": 44, "市区町村コード": 201, "所在地": "大分県大分市大字荏隈字中洲１２８４番２", "緯度": 33.213275, "経度": 131.577051, "url": "https://www.iryou.teikyouseido.mhlw.go.jp/znk-web/juminkanja/S2430/initialize?prefCd=44&kikanCd=2027700000&kikanKbn=3", "url2": "http://oita-sakuradental.com", "内容": "さくら歯科クリニック【3:歯科】大分県大分市大字荏隈字中洲１２８４番２" }, "geometry": { "type": "Point", "coordinates": [ 131.577051, 33.213275 ] } },
{ "type": "Feature", "properties": { "ID": 4432027900000, "正式名称": "よしまさ歯科", "機関区分": 3, "都道府県コード": 44, "市区町村コード": 204, "所在地": "大分県日田市田島１丁目７－１４", "緯度": 33.31785, "経度": 130.939875, "url": "https://www.iryou.teikyouseido.mhlw.go.jp/znk-web/juminkanja/S2430/initialize?prefCd=44&kikanCd=2027900000&kikanKbn=3", "url2": null, "内容": "よしまさ歯科【3:歯科】大分県日田市田島１丁目７－１４" }, "geometry": { "type": "Point", "coordinates": [ 130.939875, 33.31785 ] } },
{ "type": "Feature", "properties": { "ID": 4432028300000, "正式名称": "クローバー歯科", "機関区分": 3, "都道府県コード": 44, "市区町村コード": 201, "所在地": "大分県大分市明野北", "緯度": 33.234782, "経度": 131.651819, "url": "https://www.iryou.teikyouseido.mhlw.go.jp/znk-web/juminkanja/S2430/initialize?prefCd=44&kikanCd=2028300000&kikanKbn=3", "url2": "http://clove-oita.com/", "内容": "クローバー歯科【3:歯科】大分県大分市明野北" }, "geometry": { "type": "Point", "coordinates": [ 131.651819, 33.234782 ] } },
{ "type": "Feature", "properties": { "ID": 4432028400000, "正式名称": "たけお歯科クリニック", "機関区分": 3, "都道府県コード": 44, "市区町村コード": 201, "所在地": "大分県大分市木上２０５９番", "緯度": 33.184806, "経度": 131.567068, "url": "https://www.iryou.teikyouseido.mhlw.go.jp/znk-web/juminkanja/S2430/initialize?prefCd=44&kikanCd=2028400000&kikanKbn=3", "url2": "http://www.takeo-dc.com/", "内容": "たけお歯科クリニック【3:歯科】大分県大分市木上２０５９番" }, "geometry": { "type": "Point", "coordinates": [ 131.567068, 33.184806 ] } },
{ "type": "Feature", "properties": { "ID": 4432029100000, "正式名称": "まつばらデンタルクリニック", "機関区分": 3, "都道府県コード": 44, "市区町村コード": 201, "所在地": "大分県大分市椎迫２−１", "緯度": 33.225352, "経度": 131.587973, "url": "https://www.iryou.teikyouseido.mhlw.go.jp/znk-web/juminkanja/S2430/initialize?prefCd=44&kikanCd=2029100000&kikanKbn=3", "url2": "https://matubara-dc.com/", "内容": "まつばらデンタルクリニック【3:歯科】大分県大分市椎迫２−１" }, "geometry": { "type": "Point", "coordinates": [ 131.587973, 33.225352 ] } },
{ "type": "Feature", "properties": { "ID": 4432029400000, "正式名称": "どひ歯科医院", "機関区分": 3, "都道府県コード": 44, "市区町村コード": 206, "所在地": "大分県臼杵市江無田２６６−５", "緯度": 33.125616, "経度": 131.790028, "url": "https://www.iryou.teikyouseido.mhlw.go.jp/znk-web/juminkanja/S2430/initialize?prefCd=44&kikanCd=2029400000&kikanKbn=3", "url2": null, "内容": "どひ歯科医院【3:歯科】大分県臼杵市江無田２６６−５" }, "geometry": { "type": "Point", "coordinates": [ 131.790028, 33.125616 ] } },
{ "type": "Feature", "properties": { "ID": 4432029500000, "正式名称": "陽だまり歯科医院", "機関区分": 3, "都道府県コード": 44, "市区町村コード": 206, "所在地": "大分県臼杵市野津町野津市９７番地２", "緯度": 33.044052, "経度": 131.69271, "url": "https://www.iryou.teikyouseido.mhlw.go.jp/znk-web/juminkanja/S2430/initialize?prefCd=44&kikanCd=2029500000&kikanKbn=3", "url2": null, "内容": "陽だまり歯科医院【3:歯科】大分県臼杵市野津町野津市９７番地２" }, "geometry": { "type": "Point", "coordinates": [ 131.69271, 33.044052 ] } },
{ "type": "Feature", "properties": { "ID": 4432031500000, "正式名称": "みどり歯科おとなこどもクリニック", "機関区分": 3, "都道府県コード": 44, "市区町村コード": 201, "所在地": "大分県大分市常行１２９－１", "緯度": 33.218768, "経度": 131.689741, "url": "https://www.iryou.teikyouseido.mhlw.go.jp/znk-web/juminkanja/S2430/initialize?prefCd=44&kikanCd=2031500000&kikanKbn=3", "url2": "http://www.midorishika.jp/", "内容": "みどり歯科おとなこどもクリニック【3:歯科】大分県大分市常行１２９－１" }, "geometry": { "type": "Point", "coordinates": [ 131.689741, 33.218768 ] } },
{ "type": "Feature", "properties": { "ID": 4432032100000, "正式名称": "にじいろ歯科クリニック", "機関区分": 3, "都道府県コード": 44, "市区町村コード": 201, "所在地": "大分県大分市田尻６０６－１", "緯度": 33.18678, "経度": 131.593487, "url": "https://www.iryou.teikyouseido.mhlw.go.jp/znk-web/juminkanja/S2430/initialize?prefCd=44&kikanCd=2032100000&kikanKbn=3", "url2": "http://nijiiro-dc.jp/", "内容": "にじいろ歯科クリニック【3:歯科】大分県大分市田尻６０６－１" }, "geometry": { "type": "Point", "coordinates": [ 131.593487, 33.18678 ] } },
{ "type": "Feature", "properties": { "ID": 4432032800000, "正式名称": "はまわきマハロ歯科", "機関区分": 3, "都道府県コード": 44, "市区町村コード": 202, "所在地": "大分県別府市浜脇", "緯度": 33.269653, "経度": 131.507682, "url": "https://www.iryou.teikyouseido.mhlw.go.jp/znk-web/juminkanja/S2430/initialize?prefCd=44&kikanCd=2032800000&kikanKbn=3", "url2": "https://www.mahalo-dent.com/", "内容": "はまわきマハロ歯科【3:歯科】大分県別府市浜脇" }, "geometry": { "type": "Point", "coordinates": [ 131.507682, 33.269653 ] } },
{ "type": "Feature", "properties": { "ID": 4432033300000, "正式名称": "大分県口腔保健センター", "機関区分": 3, "都道府県コード": 44, "市区町村コード": 201, "所在地": "大分県大分市王子新町６番１号", "緯度": 33.236803, "経度": 131.590183, "url": "https://www.iryou.teikyouseido.mhlw.go.jp/znk-web/juminkanja/S2430/initialize?prefCd=44&kikanCd=2033300000&kikanKbn=3", "url2": "http://www.oita-dental-a.or.jp/sika_center.php", "内容": "大分県口腔保健センター【3:歯科】大分県大分市王子新町６番１号" }, "geometry": { "type": "Point", "coordinates": [ 131.590183, 33.236803 ] } },
{ "type": "Feature", "properties": { "ID": 4432033400000, "正式名称": "イイダ歯科", "機関区分": 3, "都道府県コード": 44, "市区町村コード": 202, "所在地": "大分県別府市上人仲町１－４", "緯度": 33.312792, "経度": 131.497053, "url": "https://www.iryou.teikyouseido.mhlw.go.jp/znk-web/juminkanja/S2430/initialize?prefCd=44&kikanCd=2033400000&kikanKbn=3", "url2": null, "内容": "イイダ歯科【3:歯科】大分県別府市上人仲町１－４" }, "geometry": { "type": "Point", "coordinates": [ 131.497053, 33.312792 ] } },
{ "type": "Feature", "properties": { "ID": 4432033600000, "正式名称": "ふじわら歯科富士見が丘", "機関区分": 3, "都道府県コード": 44, "市区町村コード": 201, "所在地": "大分県大分市富士見が丘東５丁目１０番１号", "緯度": 33.182008, "経度": 131.545437, "url": "https://www.iryou.teikyouseido.mhlw.go.jp/znk-web/juminkanja/S2430/initialize?prefCd=44&kikanCd=2033600000&kikanKbn=3", "url2": "fujiwaradental.com", "内容": "ふじわら歯科富士見が丘【3:歯科】大分県大分市富士見が丘東５丁目１０番１号" }, "geometry": { "type": "Point", "coordinates": [ 131.545437, 33.182008 ] } },
{ "type": "Feature", "properties": { "ID": 4432034200000, "正式名称": "立花歯科医院", "機関区分": 3, "都道府県コード": 44, "市区町村コード": 201, "所在地": "大分県大分市金池町２－１－３", "緯度": 33.234766, "経度": 131.608164, "url": "https://www.iryou.teikyouseido.mhlw.go.jp/znk-web/juminkanja/S2430/initialize?prefCd=44&kikanCd=2034200000&kikanKbn=3", "url2": "http://www.tachibana-dc.site/", "内容": "立花歯科医院【3:歯科】大分県大分市金池町２－１－３" }, "geometry": { "type": "Point", "coordinates": [ 131.608164, 33.234766 ] } },
{ "type": "Feature", "properties": { "ID": 4432034400000, "正式名称": "大分矯正歯科", "機関区分": 3, "都道府県コード": 44, "市区町村コード": 201, "所在地": "大分県大分市末広町１－１－３２　末広ビル６Ｆ", "緯度": 33.234038, "経度": 131.606055, "url": "https://www.iryou.teikyouseido.mhlw.go.jp/znk-web/juminkanja/S2430/initialize?prefCd=44&kikanCd=2034400000&kikanKbn=3", "url2": "https://oita-ortho.com/", "内容": "大分矯正歯科【3:歯科】大分県大分市末広町１－１－３２　末広ビル６Ｆ" }, "geometry": { "type": "Point", "coordinates": [ 131.606055, 33.234038 ] } },
{ "type": "Feature", "properties": { "ID": 4432035000000, "正式名称": "かさき歯科", "機関区分": 3, "都道府県コード": 44, "市区町村コード": 201, "所在地": "大分県大分市東鶴崎２－１－２", "緯度": 33.239444, "経度": 131.69442, "url": "https://www.iryou.teikyouseido.mhlw.go.jp/znk-web/juminkanja/S2430/initialize?prefCd=44&kikanCd=2035000000&kikanKbn=3", "url2": "http://www.kasaki-dc.com/", "内容": "かさき歯科【3:歯科】大分県大分市東鶴崎２－１－２" }, "geometry": { "type": "Point", "coordinates": [ 131.69442, 33.239444 ] } },
{ "type": "Feature", "properties": { "ID": 4432035200000, "正式名称": "ありさ歯科クリニック", "機関区分": 3, "都道府県コード": 44, "市区町村コード": 201, "所在地": "大分県大分市賀来南２丁目１－２５", "緯度": 33.211812, "経度": 131.564053, "url": "https://www.iryou.teikyouseido.mhlw.go.jp/znk-web/juminkanja/S2430/initialize?prefCd=44&kikanCd=2035200000&kikanKbn=3", "url2": "http://arisa-dental.clinic", "内容": "ありさ歯科クリニック【3:歯科】大分県大分市賀来南２丁目１－２５" }, "geometry": { "type": "Point", "coordinates": [ 131.564053, 33.211812 ] } },
{ "type": "Feature", "properties": { "ID": 4432035800000, "正式名称": "医療法人Ｐｌａｎｔｒｅｅうえきデンタルクリニック", "機関区分": 3, "都道府県コード": 44, "市区町村コード": 209, "所在地": "大分県豊後高田市新町２０１８－２", "緯度": 33.558532, "経度": 131.436083, "url": "https://www.iryou.teikyouseido.mhlw.go.jp/znk-web/juminkanja/S2430/initialize?prefCd=44&kikanCd=2035800000&kikanKbn=3", "url2": null, "内容": "医療法人Ｐｌａｎｔｒｅｅうえきデンタルクリニック【3:歯科】大分県豊後高田市新町２０１８－２" }, "geometry": { "type": "Point", "coordinates": [ 131.436083, 33.558532 ] } },
{ "type": "Feature", "properties": { "ID": 4432036600000, "正式名称": "歯科医院　丸尾崎", "機関区分": 3, "都道府県コード": 44, "市区町村コード": 202, "所在地": "大分県別府市西野口町１５−３６", "緯度": 33.284064, "経度": 131.49403, "url": "https://www.iryou.teikyouseido.mhlw.go.jp/znk-web/juminkanja/S2430/initialize?prefCd=44&kikanCd=2036600000&kikanKbn=3", "url2": "https://www.maruozaki.com/", "内容": "歯科医院　丸尾崎【3:歯科】大分県別府市西野口町１５−３６" }, "geometry": { "type": "Point", "coordinates": [ 131.49403, 33.284064 ] } },
{ "type": "Feature", "properties": { "ID": 4432036800000, "正式名称": "加賀谷歯科医院", "機関区分": 3, "都道府県コード": 44, "市区町村コード": 202, "所在地": "大分県別府市千代町１１５－１", "緯度": 33.273442, "経度": 131.504391, "url": "https://www.iryou.teikyouseido.mhlw.go.jp/znk-web/juminkanja/S2430/initialize?prefCd=44&kikanCd=2036800000&kikanKbn=3", "url2": "https://www.kagaya-dc.com", "内容": "加賀谷歯科医院【3:歯科】大分県別府市千代町１１５－１" }, "geometry": { "type": "Point", "coordinates": [ 131.504391, 33.273442 ] } },
{ "type": "Feature", "properties": { "ID": 4432037000000, "正式名称": "永井歯科医院", "機関区分": 3, "都道府県コード": 44, "市区町村コード": 201, "所在地": "大分県大分市上宗方１２４１番地の２", "緯度": 33.200406, "経度": 131.580977, "url": "https://www.iryou.teikyouseido.mhlw.go.jp/znk-web/juminkanja/S2430/initialize?prefCd=44&kikanCd=2037000000&kikanKbn=3", "url2": null, "内容": "永井歯科医院【3:歯科】大分県大分市上宗方１２４１番地の２" }, "geometry": { "type": "Point", "coordinates": [ 131.580977, 33.200406 ] } },
{ "type": "Feature", "properties": { "ID": 4432037200000, "正式名称": "医療法人　みのり歯科クリニック", "機関区分": 3, "都道府県コード": 44, "市区町村コード": 201, "所在地": "大分県大分市上宗方１０８４", "緯度": 33.197126, "経度": 131.579733, "url": "https://www.iryou.teikyouseido.mhlw.go.jp/znk-web/juminkanja/S2430/initialize?prefCd=44&kikanCd=2037200000&kikanKbn=3", "url2": "https://www.minorisika.jp", "内容": "医療法人　みのり歯科クリニック【3:歯科】大分県大分市上宗方１０８４" }, "geometry": { "type": "Point", "coordinates": [ 131.579733, 33.197126 ] } },
{ "type": "Feature", "properties": { "ID": 4432037800000, "正式名称": "ワハハ総合デンタル大分駅北クリニック", "機関区分": 3, "都道府県コード": 44, "市区町村コード": 201, "所在地": "大分県大分市府内町１－６－３８大分クリニックビル２Ｆ", "緯度": 33.235848, "経度": 131.6108, "url": "https://www.iryou.teikyouseido.mhlw.go.jp/znk-web/juminkanja/S2430/initialize?prefCd=44&kikanCd=2037800000&kikanKbn=3", "url2": "https://wahaha-ooita.jp/", "内容": "ワハハ総合デンタル大分駅北クリニック【3:歯科】大分県大分市府内町１－６－３８大分クリニックビル２Ｆ" }, "geometry": { "type": "Point", "coordinates": [ 131.6108, 33.235848 ] } },
{ "type": "Feature", "properties": { "ID": 4432038000000, "正式名称": "三ケ田町三浦歯科", "機関区分": 3, "都道府県コード": 44, "市区町村コード": 201, "所在地": "大分県大分市三ケ田町", "緯度": 33.217236, "経度": 131.593357, "url": "https://www.iryou.teikyouseido.mhlw.go.jp/znk-web/juminkanja/S2430/initialize?prefCd=44&kikanCd=2038000000&kikanKbn=3", "url2": "https://www.miketamachi-dc.com", "内容": "三ケ田町三浦歯科【3:歯科】大分県大分市三ケ田町" }, "geometry": { "type": "Point", "coordinates": [ 131.593357, 33.217236 ] } },
{ "type": "Feature", "properties": { "ID": 4432038200000, "正式名称": "医療法人Ｈ．Ｅ．Ｆしゅんたろう歯科クリニック", "機関区分": 3, "都道府県コード": 44, "市区町村コード": 202, "所在地": "大分県別府市新港町２－８２", "緯度": 33.298175, "経度": 131.500593, "url": "https://www.iryou.teikyouseido.mhlw.go.jp/znk-web/juminkanja/S2430/initialize?prefCd=44&kikanCd=2038200000&kikanKbn=3", "url2": null, "内容": "医療法人Ｈ．Ｅ．Ｆしゅんたろう歯科クリニック【3:歯科】大分県別府市新港町２－８２" }, "geometry": { "type": "Point", "coordinates": [ 131.500593, 33.298175 ] } },
{ "type": "Feature", "properties": { "ID": 4432042900000, "正式名称": "さくらの森デンタルケアクリニック", "機関区分": 3, "都道府県コード": 44, "市区町村コード": 201, "所在地": "大分県大分市玉沢９６５－１", "緯度": 33.191086, "経度": 131.585049, "url": "https://www.iryou.teikyouseido.mhlw.go.jp/znk-web/juminkanja/S2430/initialize?prefCd=44&kikanCd=2042900000&kikanKbn=3", "url2": "https://www.sakuranomori-dc.net/access.html", "内容": "さくらの森デンタルケアクリニック【3:歯科】大分県大分市玉沢９６５－１" }, "geometry": { "type": "Point", "coordinates": [ 131.585049, 33.191086 ] } },
{ "type": "Feature", "properties": { "ID": 4432043000000, "正式名称": "羽屋ながお歯科", "機関区分": 3, "都道府県コード": 44, "市区町村コード": 201, "所在地": "大分県大分市羽屋２丁目５番５号", "緯度": 33.214529, "経度": 131.599738, "url": "https://www.iryou.teikyouseido.mhlw.go.jp/znk-web/juminkanja/S2430/initialize?prefCd=44&kikanCd=2043000000&kikanKbn=3", "url2": "https://www.haya-nagao-dental.com/", "内容": "羽屋ながお歯科【3:歯科】大分県大分市羽屋２丁目５番５号" }, "geometry": { "type": "Point", "coordinates": [ 131.599738, 33.214529 ] } },
{ "type": "Feature", "properties": { "ID": 4432045600000, "正式名称": "そのぎ歯科クリニック", "機関区分": 3, "都道府県コード": 44, "市区町村コード": 201, "所在地": "大分県大分市花江川１−１", "緯度": 33.24337, "経度": 131.703548, "url": "https://www.iryou.teikyouseido.mhlw.go.jp/znk-web/juminkanja/S2430/initialize?prefCd=44&kikanCd=2045600000&kikanKbn=3", "url2": "https://sonogi-dental-clinic.com", "内容": "そのぎ歯科クリニック【3:歯科】大分県大分市花江川１−１" }, "geometry": { "type": "Point", "coordinates": [ 131.703548, 33.24337 ] } },
{ "type": "Feature", "properties": { "ID": 4432046200000, "正式名称": "大分ペリオデンタルオフィス", "機関区分": 3, "都道府県コード": 44, "市区町村コード": 201, "所在地": "大分県大分市末広町一丁目１番３２号末広ビル８階", "緯度": 33.234007, "経度": 131.606133, "url": "https://www.iryou.teikyouseido.mhlw.go.jp/znk-web/juminkanja/S2430/initialize?prefCd=44&kikanCd=2046200000&kikanKbn=3", "url2": "https://www.oita-perio.com/", "内容": "大分ペリオデンタルオフィス【3:歯科】大分県大分市末広町一丁目１番３２号末広ビル８階" }, "geometry": { "type": "Point", "coordinates": [ 131.606133, 33.234007 ] } },
{ "type": "Feature", "properties": { "ID": 4432047100000, "正式名称": "つばさデンタルクリニック", "機関区分": 3, "都道府県コード": 44, "市区町村コード": 201, "所在地": "大分県大分市上田町３丁目２版１５号　グランモールきたじま２階", "緯度": 33.215246, "経度": 131.60192, "url": "https://www.iryou.teikyouseido.mhlw.go.jp/znk-web/juminkanja/S2430/initialize?prefCd=44&kikanCd=2047100000&kikanKbn=3", "url2": null, "内容": "つばさデンタルクリニック【3:歯科】大分県大分市上田町３丁目２版１５号　グランモールきたじま２階" }, "geometry": { "type": "Point", "coordinates": [ 131.60192, 33.215246 ] } },
{ "type": "Feature", "properties": { "ID": 4432047200000, "正式名称": "弓崎歯科", "機関区分": 3, "都道府県コード": 44, "市区町村コード": 201, "所在地": "大分県大分市王子町８－１", "緯度": 33.243254, "経度": 131.589454, "url": "https://www.iryou.teikyouseido.mhlw.go.jp/znk-web/juminkanja/S2430/initialize?prefCd=44&kikanCd=2047200000&kikanKbn=3", "url2": "https://seisuikai-oita.com/", "内容": "弓崎歯科【3:歯科】大分県大分市王子町８－１" }, "geometry": { "type": "Point", "coordinates": [ 131.589454, 33.243254 ] } },
{ "type": "Feature", "properties": { "ID": 4432048100000, "正式名称": "猪野歯科クリニック", "機関区分": 3, "都道府県コード": 44, "市区町村コード": 201, "所在地": "大分県大分市猪野", "緯度": 33.225072, "経度": 131.664771, "url": "https://www.iryou.teikyouseido.mhlw.go.jp/znk-web/juminkanja/S2430/initialize?prefCd=44&kikanCd=2048100000&kikanKbn=3", "url2": "https://www.inodc.com", "内容": "猪野歯科クリニック【3:歯科】大分県大分市猪野" }, "geometry": { "type": "Point", "coordinates": [ 131.664771, 33.225072 ] } },
{ "type": "Feature", "properties": { "ID": 4432048800000, "正式名称": "髙田歯科醫院", "機関区分": 3, "都道府県コード": 44, "市区町村コード": 204, "所在地": "大分県日田市三本松１丁目８－２８", "緯度": 33.31964, "経度": 130.9335, "url": "https://www.iryou.teikyouseido.mhlw.go.jp/znk-web/juminkanja/S2430/initialize?prefCd=44&kikanCd=2048800000&kikanKbn=3", "url2": null, "内容": "髙田歯科醫院【3:歯科】大分県日田市三本松１丁目８－２８" }, "geometry": { "type": "Point", "coordinates": [ 130.9335, 33.31964 ] } },
{ "type": "Feature", "properties": { "ID": 4432048900000, "正式名称": "ごとう歯科医院", "機関区分": 3, "都道府県コード": 44, "市区町村コード": 204, "所在地": "大分県日田市東町３－１２", "緯度": 33.311469, "経度": 130.935592, "url": "https://www.iryou.teikyouseido.mhlw.go.jp/znk-web/juminkanja/S2430/initialize?prefCd=44&kikanCd=2048900000&kikanKbn=3", "url2": "https://www.go-to-dentalclinic.com/", "内容": "ごとう歯科医院【3:歯科】大分県日田市東町３－１２" }, "geometry": { "type": "Point", "coordinates": [ 130.935592, 33.311469 ] } },
{ "type": "Feature", "properties": { "ID": 4432050100000, "正式名称": "うえのまち歯科", "機関区分": 3, "都道府県コード": 44, "市区町村コード": 201, "所在地": "大分県大分市上野町１－６　プリメーラコート神志那１０１", "緯度": 33.229797, "経度": 131.611919, "url": "https://www.iryou.teikyouseido.mhlw.go.jp/znk-web/juminkanja/S2430/initialize?prefCd=44&kikanCd=2050100000&kikanKbn=3", "url2": "https://www.uenomachi-shika.com", "内容": "うえのまち歯科【3:歯科】大分県大分市上野町１－６　プリメーラコート神志那１０１" }, "geometry": { "type": "Point", "coordinates": [ 131.611919, 33.229797 ] } },
{ "type": "Feature", "properties": { "ID": 4432050600000, "正式名称": "医療法人　高翔　ひろ歯科クリニック", "機関区分": 3, "都道府県コード": 44, "市区町村コード": 201, "所在地": "大分県大分市下郡北３丁目２６番７号", "緯度": 33.228917, "経度": 131.635099, "url": "https://www.iryou.teikyouseido.mhlw.go.jp/znk-web/juminkanja/S2430/initialize?prefCd=44&kikanCd=2050600000&kikanKbn=3", "url2": "https://www.hirodc.net/", "内容": "医療法人　高翔　ひろ歯科クリニック【3:歯科】大分県大分市下郡北３丁目２６番７号" }, "geometry": { "type": "Point", "coordinates": [ 131.635099, 33.228917 ] } },
{ "type": "Feature", "properties": { "ID": 4432051200000, "正式名称": "ひかりの森クリニック", "機関区分": 3, "都道府県コード": 44, "市区町村コード": 201, "所在地": "大分県大分市萩原４丁目９番１号", "緯度": 33.248507, "経度": 131.642832, "url": "https://www.iryou.teikyouseido.mhlw.go.jp/znk-web/juminkanja/S2430/initialize?prefCd=44&kikanCd=2051200000&kikanKbn=3", "url2": null, "内容": "ひかりの森クリニック【3:歯科】大分県大分市萩原４丁目９番１号" }, "geometry": { "type": "Point", "coordinates": [ 131.642832, 33.248507 ] } },
{ "type": "Feature", "properties": { "ID": 4432051800000, "正式名称": "ウェルデンタルクリニック", "機関区分": 3, "都道府県コード": 44, "市区町村コード": 211, "所在地": "大分県宇佐市上田", "緯度": 33.532309, "経度": 131.341231, "url": "https://www.iryou.teikyouseido.mhlw.go.jp/znk-web/juminkanja/S2430/initialize?prefCd=44&kikanCd=2051800000&kikanKbn=3", "url2": "http://www.ueldental.com", "内容": "ウェルデンタルクリニック【3:歯科】大分県宇佐市上田" }, "geometry": { "type": "Point", "coordinates": [ 131.341231, 33.532309 ] } },
{ "type": "Feature", "properties": { "ID": 4432054000000, "正式名称": "くわばら歯科", "機関区分": 3, "都道府県コード": 44, "市区町村コード": 201, "所在地": "大分県大分市下郡南１－７－７", "緯度": 33.222336, "経度": 131.630203, "url": "https://www.iryou.teikyouseido.mhlw.go.jp/znk-web/juminkanja/S2430/initialize?prefCd=44&kikanCd=2054000000&kikanKbn=3", "url2": "https://www.kuwabara-shika.com/", "内容": "くわばら歯科【3:歯科】大分県大分市下郡南１－７－７" }, "geometry": { "type": "Point", "coordinates": [ 131.630203, 33.222336 ] } },
{ "type": "Feature", "properties": { "ID": 4432057000000, "正式名称": "かなだ歯科医院", "機関区分": 3, "都道府県コード": 44, "市区町村コード": 201, "所在地": "大分県大分市角子原９０７", "緯度": 33.245333, "経度": 131.713842, "url": "https://www.iryou.teikyouseido.mhlw.go.jp/znk-web/juminkanja/S2430/initialize?prefCd=44&kikanCd=2057000000&kikanKbn=3", "url2": null, "内容": "かなだ歯科医院【3:歯科】大分県大分市角子原９０７" }, "geometry": { "type": "Point", "coordinates": [ 131.713842, 33.245333 ] } },
{ "type": "Feature", "properties": { "ID": 4432057800000, "正式名称": "センチュリーデンタルオフィス", "機関区分": 3, "都道府県コード": 44, "市区町村コード": 201, "所在地": "大分県大分市玉沢８３６番地サテライト玉沢", "緯度": 33.18747, "経度": 131.58197, "url": "https://www.iryou.teikyouseido.mhlw.go.jp/znk-web/juminkanja/S2430/initialize?prefCd=44&kikanCd=2057800000&kikanKbn=3", "url2": null, "内容": "センチュリーデンタルオフィス【3:歯科】大分県大分市玉沢８３６番地サテライト玉沢" }, "geometry": { "type": "Point", "coordinates": [ 131.58197, 33.18747 ] } },
{ "type": "Feature", "properties": { "ID": 4432060300000, "正式名称": "ゆいのこころデンタルクリニック", "機関区分": 3, "都道府県コード": 44, "市区町村コード": 201, "所在地": "大分県大分市金池町１丁目９番４４号", "緯度": 33.231675, "経度": 131.611706, "url": "https://www.iryou.teikyouseido.mhlw.go.jp/znk-web/juminkanja/S2430/initialize?prefCd=44&kikanCd=2060300000&kikanKbn=3", "url2": null, "内容": "ゆいのこころデンタルクリニック【3:歯科】大分県大分市金池町１丁目９番４４号" }, "geometry": { "type": "Point", "coordinates": [ 131.611706, 33.231675 ] } },
{ "type": "Feature", "properties": { "ID": 4432062500000, "正式名称": "ＳＨＵＮ　ＤＥＮＴＡＬ　ＣＬＩＮＩＣ", "機関区分": 3, "都道府県コード": 44, "市区町村コード": 201, "所在地": "大分県大分市下郡北１－４－１４", "緯度": 33.229617, "経度": 131.628343, "url": "https://www.iryou.teikyouseido.mhlw.go.jp/znk-web/juminkanja/S2430/initialize?prefCd=44&kikanCd=2062500000&kikanKbn=3", "url2": null, "内容": "ＳＨＵＮ　ＤＥＮＴＡＬ　ＣＬＩＮＩＣ【3:歯科】大分県大分市下郡北１－４－１４" }, "geometry": { "type": "Point", "coordinates": [ 131.628343, 33.229617 ] } }
]
}
