{
  "type": "FeatureCollection",
  "features": [
    {
      "type": "Feature",
      "geometry": {
        "type": "Point",
        "coordinates": [
          130.8767071,
          33.344659
        ]
      },
      "properties": {
        "内容": "バス停: 今山 (九州旅客鉄道)",
        "name": "今山",
        "operator": "九州旅客鉄道",
        "ref": "",
        "url": "",
        "url2": "Q337862"
      }
    },
    {
      "type": "Feature",
      "geometry": {
        "type": "Point",
        "coordinates": [
          131.6000552,
          33.2336261
        ]
      },
      "properties": {
        "内容": "バス停: 大道小学校前 (Omichishogakkomae)",
        "name": "大道小学校前 (Omichishogakkomae)",
        "operator": "事業者不明",
        "ref": "",
        "url": "",
        "url2": ""
      }
    },
    {
      "type": "Feature",
      "geometry": {
        "type": "Point",
        "coordinates": [
          131.6058154,
          33.2458291
        ]
      },
      "properties": {
        "内容": "バス停: 新川 (大分交通株式会社)",
        "name": "新川",
        "operator": "大分交通株式会社",
        "ref": "2",
        "url": "",
        "url2": ""
      }
    },
    {
      "type": "Feature",
      "geometry": {
        "type": "Point",
        "coordinates": [
          131.5789281,
          33.2462971
        ]
      },
      "properties": {
        "内容": "バス停: 一の坂 (Ichinosaka) (大分交通 (Oitakotsu))",
        "name": "一の坂 (Ichinosaka)",
        "operator": "大分交通 (Oitakotsu)",
        "ref": "",
        "url": "",
        "url2": ""
      }
    },
    {
      "type": "Feature",
      "geometry": {
        "type": "Point",
        "coordinates": [
          131.6075265,
          33.2359226
        ]
      },
      "properties": {
        "内容": "バス停: 中央通り2",
        "name": "中央通り2",
        "operator": "事業者不明",
        "ref": "",
        "url": "",
        "url2": ""
      }
    },
    {
      "type": "Feature",
      "geometry": {
        "type": "Point",
        "coordinates": [
          131.4939468,
          33.2756842
        ]
      },
      "properties": {
        "内容": "バス停: 流川12丁目",
        "name": "流川12丁目",
        "operator": "事業者不明",
        "ref": "",
        "url": "",
        "url2": ""
      }
    },
    {
      "type": "Feature",
      "geometry": {
        "type": "Point",
        "coordinates": [
          131.5754182,
          33.4108653
        ]
      },
      "properties": {
        "内容": "バス停: 杵築駅",
        "name": "杵築駅",
        "operator": "事業者不明",
        "ref": "",
        "url": "",
        "url2": ""
      }
    },
    {
      "type": "Feature",
      "geometry": {
        "type": "Point",
        "coordinates": [
          131.5874274,
          33.4136923
        ]
      },
      "properties": {
        "内容": "バス停: 八坂",
        "name": "八坂",
        "operator": "事業者不明",
        "ref": "",
        "url": "",
        "url2": ""
      }
    },
    {
      "type": "Feature",
      "geometry": {
        "type": "Point",
        "coordinates": [
          131.5918801,
          33.4164982
        ]
      },
      "properties": {
        "内容": "バス停: 本庄",
        "name": "本庄",
        "operator": "事業者不明",
        "ref": "",
        "url": "",
        "url2": ""
      }
    },
    {
      "type": "Feature",
      "geometry": {
        "type": "Point",
        "coordinates": [
          131.5979299,
          33.4183387
        ]
      },
      "properties": {
        "内容": "バス停: 穴井",
        "name": "穴井",
        "operator": "事業者不明",
        "ref": "",
        "url": "",
        "url2": ""
      }
    },
    {
      "type": "Feature",
      "geometry": {
        "type": "Point",
        "coordinates": [
          131.5825392,
          33.410652
        ]
      },
      "properties": {
        "内容": "バス停: 熊丸",
        "name": "熊丸",
        "operator": "事業者不明",
        "ref": "",
        "url": "",
        "url2": ""
      }
    },
    {
      "type": "Feature",
      "geometry": {
        "type": "Point",
        "coordinates": [
          131.6013926,
          33.4209495
        ]
      },
      "properties": {
        "内容": "バス停: 中平",
        "name": "中平",
        "operator": "事業者不明",
        "ref": "",
        "url": "",
        "url2": ""
      }
    },
    {
      "type": "Feature",
      "geometry": {
        "type": "Point",
        "coordinates": [
          131.6188376,
          33.4209164
        ]
      },
      "properties": {
        "内容": "バス停: がおん",
        "name": "がおん",
        "operator": "事業者不明",
        "ref": "",
        "url": "",
        "url2": ""
      }
    },
    {
      "type": "Feature",
      "geometry": {
        "type": "Point",
        "coordinates": [
          131.6057255,
          33.4200201
        ]
      },
      "properties": {
        "内容": "バス停: 祇園",
        "name": "祇園",
        "operator": "事業者不明",
        "ref": "",
        "url": "",
        "url2": ""
      }
    },
    {
      "type": "Feature",
      "geometry": {
        "type": "Point",
        "coordinates": [
          131.6105066,
          33.4211875
        ]
      },
      "properties": {
        "内容": "バス停: 末守",
        "name": "末守",
        "operator": "事業者不明",
        "ref": "",
        "url": "",
        "url2": ""
      }
    },
    {
      "type": "Feature",
      "geometry": {
        "type": "Point",
        "coordinates": [
          131.6130777,
          33.4223898
        ]
      },
      "properties": {
        "内容": "バス停: 若宮入口",
        "name": "若宮入口",
        "operator": "事業者不明",
        "ref": "",
        "url": "",
        "url2": ""
      }
    },
    {
      "type": "Feature",
      "geometry": {
        "type": "Point",
        "coordinates": [
          131.5891181,
          33.2433467
        ]
      },
      "properties": {
        "内容": "バス停: 東生石",
        "name": "東生石",
        "operator": "事業者不明",
        "ref": "",
        "url": "",
        "url2": ""
      }
    },
    {
      "type": "Feature",
      "geometry": {
        "type": "Point",
        "coordinates": [
          131.6032051,
          32.8435678
        ]
      },
      "properties": {
        "内容": "バス停: ととろ",
        "name": "ととろ",
        "operator": "事業者不明",
        "ref": "",
        "url": "",
        "url2": ""
      }
    },
    {
      "type": "Feature",
      "geometry": {
        "type": "Point",
        "coordinates": [
          131.4687004,
          33.337757
        ]
      },
      "properties": {
        "内容": "バス停: 立命館アジア太平洋大学 (大分交通)",
        "name": "立命館アジア太平洋大学",
        "operator": "大分交通",
        "ref": "",
        "url": "",
        "url2": ""
      }
    },
    {
      "type": "Feature",
      "geometry": {
        "type": "Point",
        "coordinates": [
          131.4684263,
          33.3377464
        ]
      },
      "properties": {
        "内容": "バス停: 立命館アジア太平洋大学 (亀の井バス)",
        "name": "立命館アジア太平洋大学",
        "operator": "亀の井バス",
        "ref": "",
        "url": "",
        "url2": ""
      }
    },
    {
      "type": "Feature",
      "geometry": {
        "type": "Point",
        "coordinates": [
          131.4688774,
          33.3378937
        ]
      },
      "properties": {
        "内容": "バス停: 立命館アジア太平洋大学 (大分交通)",
        "name": "立命館アジア太平洋大学",
        "operator": "大分交通",
        "ref": "",
        "url": "",
        "url2": ""
      }
    },
    {
      "type": "Feature",
      "geometry": {
        "type": "Point",
        "coordinates": [
          131.6518396,
          33.2326829
        ]
      },
      "properties": {
        "内容": "バス停: 大分高専",
        "name": "大分高専",
        "operator": "事業者不明",
        "ref": "",
        "url": "",
        "url2": ""
      }
    },
    {
      "type": "Feature",
      "geometry": {
        "type": "Point",
        "coordinates": [
          131.6520151,
          33.2326818
        ]
      },
      "properties": {
        "内容": "バス停: 大分高専",
        "name": "大分高専",
        "operator": "事業者不明",
        "ref": "",
        "url": "",
        "url2": ""
      }
    },
    {
      "type": "Feature",
      "geometry": {
        "type": "Point",
        "coordinates": [
          131.6520666,
          33.2298658
        ]
      },
      "properties": {
        "内容": "バス停: 明野北町",
        "name": "明野北町",
        "operator": "事業者不明",
        "ref": "",
        "url": "",
        "url2": ""
      }
    },
    {
      "type": "Feature",
      "geometry": {
        "type": "Point",
        "coordinates": [
          131.6525637,
          33.2291672
        ]
      },
      "properties": {
        "内容": "バス停: 明野北町",
        "name": "明野北町",
        "operator": "事業者不明",
        "ref": "",
        "url": "",
        "url2": ""
      }
    },
    {
      "type": "Feature",
      "geometry": {
        "type": "Point",
        "coordinates": [
          131.6525583,
          33.2292614
        ]
      },
      "properties": {
        "内容": "バス停: 明野北町",
        "name": "明野北町",
        "operator": "事業者不明",
        "ref": "",
        "url": "",
        "url2": ""
      }
    },
    {
      "type": "Feature",
      "geometry": {
        "type": "Point",
        "coordinates": [
          131.6518734,
          33.2299204
        ]
      },
      "properties": {
        "内容": "バス停: 明野北町",
        "name": "明野北町",
        "operator": "事業者不明",
        "ref": "",
        "url": "",
        "url2": ""
      }
    },
    {
      "type": "Feature",
      "geometry": {
        "type": "Point",
        "coordinates": [
          131.650409,
          33.229175
        ]
      },
      "properties": {
        "内容": "バス停: 奥山公園前",
        "name": "奥山公園前",
        "operator": "事業者不明",
        "ref": "",
        "url": "",
        "url2": ""
      }
    },
    {
      "type": "Feature",
      "geometry": {
        "type": "Point",
        "coordinates": [
          131.6482658,
          33.2291551
        ]
      },
      "properties": {
        "内容": "バス停: 緑町",
        "name": "緑町",
        "operator": "事業者不明",
        "ref": "",
        "url": "",
        "url2": ""
      }
    },
    {
      "type": "Feature",
      "geometry": {
        "type": "Point",
        "coordinates": [
          131.6504355,
          33.2292693
        ]
      },
      "properties": {
        "内容": "バス停: 奥山公園前",
        "name": "奥山公園前",
        "operator": "事業者不明",
        "ref": "",
        "url": "",
        "url2": ""
      }
    },
    {
      "type": "Feature",
      "geometry": {
        "type": "Point",
        "coordinates": [
          131.6482014,
          33.2292427
        ]
      },
      "properties": {
        "内容": "バス停: 緑町",
        "name": "緑町",
        "operator": "事業者不明",
        "ref": "",
        "url": "",
        "url2": ""
      }
    },
    {
      "type": "Feature",
      "geometry": {
        "type": "Point",
        "coordinates": [
          131.6210435,
          33.2544158
        ]
      },
      "properties": {
        "内容": "バス停: 空港特急バス乗り場",
        "name": "空港特急バス乗り場",
        "operator": "事業者不明",
        "ref": "",
        "url": "",
        "url2": ""
      }
    },
    {
      "type": "Feature",
      "geometry": {
        "type": "Point",
        "coordinates": [
          131.6150317,
          33.2473509
        ]
      },
      "properties": {
        "内容": "バス停: 十条",
        "name": "十条",
        "operator": "事業者不明",
        "ref": "",
        "url": "",
        "url2": ""
      }
    },
    {
      "type": "Feature",
      "geometry": {
        "type": "Point",
        "coordinates": [
          131.6544669,
          33.2430157
        ]
      },
      "properties": {
        "内容": "バス停: 高城駅前",
        "name": "高城駅前",
        "operator": "事業者不明",
        "ref": "",
        "url": "",
        "url2": ""
      }
    },
    {
      "type": "Feature",
      "geometry": {
        "type": "Point",
        "coordinates": [
          131.6465855,
          33.2280391
        ]
      },
      "properties": {
        "内容": "バス停: 西町",
        "name": "西町",
        "operator": "事業者不明",
        "ref": "",
        "url": "",
        "url2": ""
      }
    },
    {
      "type": "Feature",
      "geometry": {
        "type": "Point",
        "coordinates": [
          131.6466995,
          33.2281649
        ]
      },
      "properties": {
        "内容": "バス停: 西町",
        "name": "西町",
        "operator": "事業者不明",
        "ref": "",
        "url": "",
        "url2": ""
      }
    },
    {
      "type": "Feature",
      "geometry": {
        "type": "Point",
        "coordinates": [
          131.6577893,
          33.143649
        ]
      },
      "properties": {
        "内容": "バス停: 中津留",
        "name": "中津留",
        "operator": "事業者不明",
        "ref": "",
        "url": "",
        "url2": ""
      }
    },
    {
      "type": "Feature",
      "geometry": {
        "type": "Point",
        "coordinates": [
          131.6069766,
          33.2341326
        ]
      },
      "properties": {
        "内容": "バス停: 大分駅前1",
        "name": "大分駅前1",
        "operator": "事業者不明",
        "ref": "",
        "url": "",
        "url2": ""
      }
    },
    {
      "type": "Feature",
      "geometry": {
        "type": "Point",
        "coordinates": [
          131.606895,
          33.2339796
        ]
      },
      "properties": {
        "内容": "バス停: 大分駅前2",
        "name": "大分駅前2",
        "operator": "事業者不明",
        "ref": "",
        "url": "",
        "url2": ""
      }
    },
    {
      "type": "Feature",
      "geometry": {
        "type": "Point",
        "coordinates": [
          131.6068036,
          33.2338309
        ]
      },
      "properties": {
        "内容": "バス停: 大分駅前3",
        "name": "大分駅前3",
        "operator": "事業者不明",
        "ref": "",
        "url": "",
        "url2": ""
      }
    },
    {
      "type": "Feature",
      "geometry": {
        "type": "Point",
        "coordinates": [
          131.6075009,
          33.2366734
        ]
      },
      "properties": {
        "内容": "バス停: 中央通り1",
        "name": "中央通り1",
        "operator": "事業者不明",
        "ref": "",
        "url": "",
        "url2": ""
      }
    },
    {
      "type": "Feature",
      "geometry": {
        "type": "Point",
        "coordinates": [
          131.6075029,
          33.2365597
        ]
      },
      "properties": {
        "内容": "バス停: 中央通り2",
        "name": "中央通り2",
        "operator": "事業者不明",
        "ref": "",
        "url": "",
        "url2": ""
      }
    },
    {
      "type": "Feature",
      "geometry": {
        "type": "Point",
        "coordinates": [
          131.648021,
          33.2255728
        ]
      },
      "properties": {
        "内容": "バス停: 明野南町",
        "name": "明野南町",
        "operator": "事業者不明",
        "ref": "",
        "url": "",
        "url2": ""
      }
    },
    {
      "type": "Feature",
      "geometry": {
        "type": "Point",
        "coordinates": [
          131.6481642,
          33.2256459
        ]
      },
      "properties": {
        "内容": "バス停: 明野南町",
        "name": "明野南町",
        "operator": "事業者不明",
        "ref": "",
        "url": "",
        "url2": ""
      }
    },
    {
      "type": "Feature",
      "geometry": {
        "type": "Point",
        "coordinates": [
          131.6495675,
          33.2347305
        ]
      },
      "properties": {
        "内容": "バス停: 東原",
        "name": "東原",
        "operator": "事業者不明",
        "ref": "",
        "url": "",
        "url2": ""
      }
    },
    {
      "type": "Feature",
      "geometry": {
        "type": "Point",
        "coordinates": [
          131.6503745,
          33.2349082
        ]
      },
      "properties": {
        "内容": "バス停: 東原",
        "name": "東原",
        "operator": "事業者不明",
        "ref": "",
        "url": "",
        "url2": ""
      }
    },
    {
      "type": "Feature",
      "geometry": {
        "type": "Point",
        "coordinates": [
          131.6057902,
          33.2323606
        ]
      },
      "properties": {
        "内容": "バス停: 大分駅 上野の森口",
        "name": "大分駅 上野の森口",
        "operator": "事業者不明",
        "ref": "",
        "url": "",
        "url2": ""
      }
    },
    {
      "type": "Feature",
      "geometry": {
        "type": "Point",
        "coordinates": [
          131.6529453,
          33.2251475
        ]
      },
      "properties": {
        "内容": "バス停: アクロス入口",
        "name": "アクロス入口",
        "operator": "事業者不明",
        "ref": "",
        "url": "",
        "url2": ""
      }
    },
    {
      "type": "Feature",
      "geometry": {
        "type": "Point",
        "coordinates": [
          131.6524066,
          33.2252015
        ]
      },
      "properties": {
        "内容": "バス停: アクロス入口",
        "name": "アクロス入口",
        "operator": "事業者不明",
        "ref": "",
        "url": "",
        "url2": ""
      }
    },
    {
      "type": "Feature",
      "geometry": {
        "type": "Point",
        "coordinates": [
          131.6521415,
          33.2230396
        ]
      },
      "properties": {
        "内容": "バス停: アクロス前",
        "name": "アクロス前",
        "operator": "事業者不明",
        "ref": "",
        "url": "",
        "url2": ""
      }
    },
    {
      "type": "Feature",
      "geometry": {
        "type": "Point",
        "coordinates": [
          131.6571772,
          33.2253626
        ]
      },
      "properties": {
        "内容": "バス停: 天然塚",
        "name": "天然塚",
        "operator": "事業者不明",
        "ref": "",
        "url": "",
        "url2": ""
      }
    },
    {
      "type": "Feature",
      "geometry": {
        "type": "Point",
        "coordinates": [
          131.6573422,
          33.2254999
        ]
      },
      "properties": {
        "内容": "バス停: 天然塚",
        "name": "天然塚",
        "operator": "事業者不明",
        "ref": "",
        "url": "",
        "url2": ""
      }
    },
    {
      "type": "Feature",
      "geometry": {
        "type": "Point",
        "coordinates": [
          131.6572881,
          33.2200687
        ]
      },
      "properties": {
        "内容": "バス停: 明野中央病院前",
        "name": "明野中央病院前",
        "operator": "事業者不明",
        "ref": "",
        "url": "",
        "url2": ""
      }
    },
    {
      "type": "Feature",
      "geometry": {
        "type": "Point",
        "coordinates": [
          131.6568296,
          33.2201873
        ]
      },
      "properties": {
        "内容": "バス停: 明野中央病院前",
        "name": "明野中央病院前",
        "operator": "事業者不明",
        "ref": "",
        "url": "",
        "url2": ""
      }
    },
    {
      "type": "Feature",
      "geometry": {
        "type": "Point",
        "coordinates": [
          131.6529652,
          33.2214115
        ]
      },
      "properties": {
        "内容": "バス停: 明野中町 (大分バス)",
        "name": "明野中町",
        "operator": "大分バス",
        "ref": "",
        "url": "",
        "url2": ""
      }
    },
    {
      "type": "Feature",
      "geometry": {
        "type": "Point",
        "coordinates": [
          131.6555926,
          33.2256112
        ]
      },
      "properties": {
        "内容": "バス停: 明野北1丁目",
        "name": "明野北1丁目",
        "operator": "事業者不明",
        "ref": "",
        "url": "",
        "url2": ""
      }
    },
    {
      "type": "Feature",
      "geometry": {
        "type": "Point",
        "coordinates": [
          131.6555128,
          33.2257463
        ]
      },
      "properties": {
        "内容": "バス停: 明野北1丁目",
        "name": "明野北1丁目",
        "operator": "事業者不明",
        "ref": "",
        "url": "",
        "url2": ""
      }
    },
    {
      "type": "Feature",
      "geometry": {
        "type": "Point",
        "coordinates": [
          131.6599437,
          33.1943996
        ]
      },
      "properties": {
        "内容": "バス停: パークプレイス入口",
        "name": "パークプレイス入口",
        "operator": "事業者不明",
        "ref": "",
        "url": "",
        "url2": ""
      }
    },
    {
      "type": "Feature",
      "geometry": {
        "type": "Point",
        "coordinates": [
          131.6601432,
          33.1953193
        ]
      },
      "properties": {
        "内容": "バス停: パークプレイス入口",
        "name": "パークプレイス入口",
        "operator": "事業者不明",
        "ref": "",
        "url": "",
        "url2": ""
      }
    },
    {
      "type": "Feature",
      "geometry": {
        "type": "Point",
        "coordinates": [
          131.6608427,
          33.2026151
        ]
      },
      "properties": {
        "内容": "バス停: 大分スポーツ公園東",
        "name": "大分スポーツ公園東",
        "operator": "事業者不明",
        "ref": "",
        "url": "",
        "url2": ""
      }
    },
    {
      "type": "Feature",
      "geometry": {
        "type": "Point",
        "coordinates": [
          131.660995,
          33.2030381
        ]
      },
      "properties": {
        "内容": "バス停: 大分スポーツ公園東",
        "name": "大分スポーツ公園東",
        "operator": "事業者不明",
        "ref": "",
        "url": "",
        "url2": ""
      }
    },
    {
      "type": "Feature",
      "geometry": {
        "type": "Point",
        "coordinates": [
          131.6587795,
          33.211917
        ]
      },
      "properties": {
        "内容": "バス停: 江ゴ",
        "name": "江ゴ",
        "operator": "事業者不明",
        "ref": "",
        "url": "",
        "url2": ""
      }
    },
    {
      "type": "Feature",
      "geometry": {
        "type": "Point",
        "coordinates": [
          131.6585903,
          33.2119615
        ]
      },
      "properties": {
        "内容": "バス停: 江ゴ",
        "name": "江ゴ",
        "operator": "事業者不明",
        "ref": "",
        "url": "",
        "url2": ""
      }
    },
    {
      "type": "Feature",
      "geometry": {
        "type": "Point",
        "coordinates": [
          131.6587444,
          33.1746616
        ]
      },
      "properties": {
        "内容": "バス停: 池の上",
        "name": "池の上",
        "operator": "事業者不明",
        "ref": "",
        "url": "",
        "url2": ""
      }
    },
    {
      "type": "Feature",
      "geometry": {
        "type": "Point",
        "coordinates": [
          131.6040291,
          33.236112
        ]
      },
      "properties": {
        "内容": "バス停: 末広町",
        "name": "末広町",
        "operator": "事業者不明",
        "ref": "",
        "url": "",
        "url2": ""
      }
    },
    {
      "type": "Feature",
      "geometry": {
        "type": "Point",
        "coordinates": [
          131.654901,
          33.2304475
        ]
      },
      "properties": {
        "内容": "バス停: 明野北小学校",
        "name": "明野北小学校",
        "operator": "事業者不明",
        "ref": "",
        "url": "",
        "url2": ""
      }
    },
    {
      "type": "Feature",
      "geometry": {
        "type": "Point",
        "coordinates": [
          131.6577154,
          33.2317919
        ]
      },
      "properties": {
        "内容": "バス停: 紅陽台",
        "name": "紅陽台",
        "operator": "事業者不明",
        "ref": "",
        "url": "",
        "url2": ""
      }
    },
    {
      "type": "Feature",
      "geometry": {
        "type": "Point",
        "coordinates": [
          131.6577972,
          33.2316963
        ]
      },
      "properties": {
        "内容": "バス停: 紅陽台",
        "name": "紅陽台",
        "operator": "事業者不明",
        "ref": "",
        "url": "",
        "url2": ""
      }
    },
    {
      "type": "Feature",
      "geometry": {
        "type": "Point",
        "coordinates": [
          131.6520166,
          33.2265035
        ]
      },
      "properties": {
        "内容": "バス停: 明野元町",
        "name": "明野元町",
        "operator": "事業者不明",
        "ref": "",
        "url": "",
        "url2": ""
      }
    },
    {
      "type": "Feature",
      "geometry": {
        "type": "Point",
        "coordinates": [
          131.607213,
          33.2373789
        ]
      },
      "properties": {
        "内容": "バス停: 竹町赤レンガ通り",
        "name": "竹町赤レンガ通り",
        "operator": "事業者不明",
        "ref": "10",
        "url": "",
        "url2": ""
      }
    },
    {
      "type": "Feature",
      "geometry": {
        "type": "Point",
        "coordinates": [
          131.4999612,
          33.2797476
        ]
      },
      "properties": {
        "内容": "バス停: 別府",
        "name": "別府",
        "operator": "事業者不明",
        "ref": "",
        "url": "",
        "url2": ""
      }
    },
    {
      "type": "Feature",
      "geometry": {
        "type": "Point",
        "coordinates": [
          131.4713068,
          33.3149739
        ]
      },
      "properties": {
        "内容": "バス停: 海地獄前 (亀の井バス)",
        "name": "海地獄前",
        "operator": "亀の井バス",
        "ref": "",
        "url": "",
        "url2": ""
      }
    },
    {
      "type": "Feature",
      "geometry": {
        "type": "Point",
        "coordinates": [
          131.4948199,
          33.2803338
        ]
      },
      "properties": {
        "内容": "バス停: ホテル白菊前",
        "name": "ホテル白菊前",
        "operator": "事業者不明",
        "ref": "",
        "url": "",
        "url2": ""
      }
    },
    {
      "type": "Feature",
      "geometry": {
        "type": "Point",
        "coordinates": [
          131.4840296,
          33.2945099
        ]
      },
      "properties": {
        "内容": "バス停: 名称不明バス停",
        "name": "名称不明バス停",
        "operator": "事業者不明",
        "ref": "",
        "url": "",
        "url2": ""
      }
    },
    {
      "type": "Feature",
      "geometry": {
        "type": "Point",
        "coordinates": [
          131.4772663,
          33.2997797
        ]
      },
      "properties": {
        "内容": "バス停: Haru",
        "name": "Haru",
        "operator": "事業者不明",
        "ref": "",
        "url": "",
        "url2": ""
      }
    },
    {
      "type": "Feature",
      "geometry": {
        "type": "Point",
        "coordinates": [
          131.4752563,
          33.3061337
        ]
      },
      "properties": {
        "内容": "バス停: 名称不明バス停",
        "name": "名称不明バス停",
        "operator": "事業者不明",
        "ref": "",
        "url": "",
        "url2": ""
      }
    },
    {
      "type": "Feature",
      "geometry": {
        "type": "Point",
        "coordinates": [
          131.4757165,
          33.3158171
        ]
      },
      "properties": {
        "内容": "バス停: Kanawani",
        "name": "Kanawani",
        "operator": "事業者不明",
        "ref": "",
        "url": "",
        "url2": ""
      }
    },
    {
      "type": "Feature",
      "geometry": {
        "type": "Point",
        "coordinates": [
          131.4755972,
          33.315954
        ]
      },
      "properties": {
        "内容": "バス停: Kanawani",
        "name": "Kanawani",
        "operator": "事業者不明",
        "ref": "",
        "url": "",
        "url2": ""
      }
    },
    {
      "type": "Feature",
      "geometry": {
        "type": "Point",
        "coordinates": [
          131.4789643,
          33.3177995
        ]
      },
      "properties": {
        "内容": "バス停: 名称不明バス停",
        "name": "名称不明バス停",
        "operator": "事業者不明",
        "ref": "",
        "url": "",
        "url2": ""
      }
    },
    {
      "type": "Feature",
      "geometry": {
        "type": "Point",
        "coordinates": [
          131.474674,
          33.3264775
        ]
      },
      "properties": {
        "内容": "バス停: 名称不明バス停",
        "name": "名称不明バス停",
        "operator": "事業者不明",
        "ref": "",
        "url": "",
        "url2": ""
      }
    },
    {
      "type": "Feature",
      "geometry": {
        "type": "Point",
        "coordinates": [
          131.4789239,
          33.3277136
        ]
      },
      "properties": {
        "内容": "バス停: 血の池地獄前",
        "name": "血の池地獄前",
        "operator": "事業者不明",
        "ref": "",
        "url": "",
        "url2": ""
      }
    },
    {
      "type": "Feature",
      "geometry": {
        "type": "Point",
        "coordinates": [
          131.1909758,
          33.5986408
        ]
      },
      "properties": {
        "内容": "バス停: 中津駅",
        "name": "中津駅",
        "operator": "事業者不明",
        "ref": "",
        "url": "",
        "url2": ""
      }
    },
    {
      "type": "Feature",
      "geometry": {
        "type": "Point",
        "coordinates": [
          131.4942577,
          33.3441092
        ]
      },
      "properties": {
        "内容": "バス停: 北新田",
        "name": "北新田",
        "operator": "事業者不明",
        "ref": "",
        "url": "",
        "url2": ""
      }
    },
    {
      "type": "Feature",
      "geometry": {
        "type": "Point",
        "coordinates": [
          131.5731815,
          33.3838821
        ]
      },
      "properties": {
        "内容": "バス停: 大神駅前",
        "name": "大神駅前",
        "operator": "事業者不明",
        "ref": "",
        "url": "",
        "url2": ""
      }
    },
    {
      "type": "Feature",
      "geometry": {
        "type": "Point",
        "coordinates": [
          131.5738639,
          33.3849001
        ]
      },
      "properties": {
        "内容": "バス停: 大神駅前",
        "name": "大神駅前",
        "operator": "事業者不明",
        "ref": "",
        "url": "",
        "url2": ""
      }
    },
    {
      "type": "Feature",
      "geometry": {
        "type": "Point",
        "coordinates": [
          131.616135,
          33.4172705
        ]
      },
      "properties": {
        "内容": "バス停: 杵築市役所前",
        "name": "杵築市役所前",
        "operator": "事業者不明",
        "ref": "",
        "url": "",
        "url2": ""
      }
    },
    {
      "type": "Feature",
      "geometry": {
        "type": "Point",
        "coordinates": [
          131.6160687,
          33.4174298
        ]
      },
      "properties": {
        "内容": "バス停: 杵築市役所前",
        "name": "杵築市役所前",
        "operator": "事業者不明",
        "ref": "",
        "url": "",
        "url2": ""
      }
    },
    {
      "type": "Feature",
      "geometry": {
        "type": "Point",
        "coordinates": [
          131.6194632,
          33.4163865
        ]
      },
      "properties": {
        "内容": "バス停: 酢屋の坂",
        "name": "酢屋の坂",
        "operator": "事業者不明",
        "ref": "",
        "url": "",
        "url2": ""
      }
    },
    {
      "type": "Feature",
      "geometry": {
        "type": "Point",
        "coordinates": [
          131.6192226,
          33.4163924
        ]
      },
      "properties": {
        "内容": "バス停: 酢屋の坂",
        "name": "酢屋の坂",
        "operator": "事業者不明",
        "ref": "",
        "url": "",
        "url2": ""
      }
    },
    {
      "type": "Feature",
      "geometry": {
        "type": "Point",
        "coordinates": [
          131.5059694,
          33.2799725
        ]
      },
      "properties": {
        "内容": "バス停: 別府北浜2",
        "name": "別府北浜2",
        "operator": "事業者不明",
        "ref": "",
        "url": "",
        "url2": ""
      }
    },
    {
      "type": "Feature",
      "geometry": {
        "type": "Point",
        "coordinates": [
          131.4747866,
          33.3141541
        ]
      },
      "properties": {
        "内容": "バス停: 名称不明バス停",
        "name": "名称不明バス停",
        "operator": "事業者不明",
        "ref": "",
        "url": "",
        "url2": ""
      }
    },
    {
      "type": "Feature",
      "geometry": {
        "type": "Point",
        "coordinates": [
          131.4738321,
          33.3142482
        ]
      },
      "properties": {
        "内容": "バス停: 鉄輪口　長崎行き (大分別府〜長崎線)",
        "name": "鉄輪口　長崎行き",
        "operator": "大分別府〜長崎線",
        "ref": "",
        "url": "",
        "url2": ""
      }
    },
    {
      "type": "Feature",
      "geometry": {
        "type": "Point",
        "coordinates": [
          131.4618092,
          33.3097496
        ]
      },
      "properties": {
        "内容": "バス停: 照湯",
        "name": "照湯",
        "operator": "事業者不明",
        "ref": "",
        "url": "",
        "url2": ""
      }
    },
    {
      "type": "Feature",
      "geometry": {
        "type": "Point",
        "coordinates": [
          131.4578917,
          33.3145347
        ]
      },
      "properties": {
        "内容": "バス停: 紺屋地獄前",
        "name": "紺屋地獄前",
        "operator": "事業者不明",
        "ref": "",
        "url": "",
        "url2": ""
      }
    },
    {
      "type": "Feature",
      "geometry": {
        "type": "Point",
        "coordinates": [
          130.9363252,
          33.3290689
        ]
      },
      "properties": {
        "内容": "バス停: 日田バス　御幸橋 (日田バス)",
        "name": "日田バス　御幸橋",
        "operator": "日田バス",
        "ref": "",
        "url": "",
        "url2": ""
      }
    },
    {
      "type": "Feature",
      "geometry": {
        "type": "Point",
        "coordinates": [
          131.610186,
          33.229668
        ]
      },
      "properties": {
        "内容": "バス停: 金池南二丁目",
        "name": "金池南二丁目",
        "operator": "事業者不明",
        "ref": "",
        "url": "",
        "url2": ""
      }
    },
    {
      "type": "Feature",
      "geometry": {
        "type": "Point",
        "coordinates": [
          131.4376412,
          33.5565395
        ]
      },
      "properties": {
        "内容": "バス停: Bugotakada Bus Station",
        "name": "Bugotakada Bus Station",
        "operator": "事業者不明",
        "ref": "",
        "url": "",
        "url2": ""
      }
    },
    {
      "type": "Feature",
      "geometry": {
        "type": "Point",
        "coordinates": [
          131.3555458,
          33.262957
        ]
      },
      "properties": {
        "内容": "バス停: 由布院駅前バスセンター (亀の井バス)",
        "name": "由布院駅前バスセンター",
        "operator": "亀の井バス",
        "ref": "",
        "url": "",
        "url2": ""
      }
    },
    {
      "type": "Feature",
      "geometry": {
        "type": "Point",
        "coordinates": [
          131.0519665,
          33.2952281
        ]
      },
      "properties": {
        "内容": "バス停: 名称不明バス停",
        "name": "名称不明バス停",
        "operator": "事業者不明",
        "ref": "",
        "url": "",
        "url2": ""
      }
    },
    {
      "type": "Feature",
      "geometry": {
        "type": "Point",
        "coordinates": [
          131.0518859,
          33.2956956
        ]
      },
      "properties": {
        "内容": "バス停: 名称不明バス停",
        "name": "名称不明バス停",
        "operator": "事業者不明",
        "ref": "",
        "url": "",
        "url2": ""
      }
    },
    {
      "type": "Feature",
      "geometry": {
        "type": "Point",
        "coordinates": [
          131.2073269,
          33.0957729
        ]
      },
      "properties": {
        "内容": "バス停: 牧ノ戸峠",
        "name": "牧ノ戸峠",
        "operator": "事業者不明",
        "ref": "",
        "url": "",
        "url2": ""
      }
    },
    {
      "type": "Feature",
      "geometry": {
        "type": "Point",
        "coordinates": [
          131.5427846,
          33.1816987
        ]
      },
      "properties": {
        "内容": "バス停: グリーンプラザ前",
        "name": "グリーンプラザ前",
        "operator": "事業者不明",
        "ref": "",
        "url": "",
        "url2": ""
      }
    },
    {
      "type": "Feature",
      "geometry": {
        "type": "Point",
        "coordinates": [
          131.5441854,
          33.1758114
        ]
      },
      "properties": {
        "内容": "バス停: 名称不明バス停",
        "name": "名称不明バス停",
        "operator": "事業者不明",
        "ref": "",
        "url": "",
        "url2": ""
      }
    },
    {
      "type": "Feature",
      "geometry": {
        "type": "Point",
        "coordinates": [
          131.5435728,
          33.1785853
        ]
      },
      "properties": {
        "内容": "バス停: 名称不明バス停",
        "name": "名称不明バス停",
        "operator": "事業者不明",
        "ref": "",
        "url": "",
        "url2": ""
      }
    },
    {
      "type": "Feature",
      "geometry": {
        "type": "Point",
        "coordinates": [
          131.5505744,
          33.1830323
        ]
      },
      "properties": {
        "内容": "バス停: 富士見が丘東",
        "name": "富士見が丘東",
        "operator": "事業者不明",
        "ref": "",
        "url": "",
        "url2": ""
      }
    },
    {
      "type": "Feature",
      "geometry": {
        "type": "Point",
        "coordinates": [
          131.582126,
          33.1892656
        ]
      },
      "properties": {
        "内容": "バス停: 名称不明バス停",
        "name": "名称不明バス停",
        "operator": "事業者不明",
        "ref": "",
        "url": "",
        "url2": ""
      }
    },
    {
      "type": "Feature",
      "geometry": {
        "type": "Point",
        "coordinates": [
          131.5467555,
          33.1821859
        ]
      },
      "properties": {
        "内容": "バス停: 富士見が丘中央",
        "name": "富士見が丘中央",
        "operator": "事業者不明",
        "ref": "",
        "url": "",
        "url2": ""
      }
    },
    {
      "type": "Feature",
      "geometry": {
        "type": "Point",
        "coordinates": [
          131.3986664,
          33.3034295
        ]
      },
      "properties": {
        "内容": "バス停: 休止中（運航会社無）",
        "name": "休止中（運航会社無）",
        "operator": "事業者不明",
        "ref": "",
        "url": "",
        "url2": ""
      }
    },
    {
      "type": "Feature",
      "geometry": {
        "type": "Point",
        "coordinates": [
          131.5527693,
          33.1861656
        ]
      },
      "properties": {
        "内容": "バス停: 富士見が丘入口",
        "name": "富士見が丘入口",
        "operator": "事業者不明",
        "ref": "",
        "url": "",
        "url2": ""
      }
    },
    {
      "type": "Feature",
      "geometry": {
        "type": "Point",
        "coordinates": [
          131.5546238,
          33.1881581
        ]
      },
      "properties": {
        "内容": "バス停: 田原入口",
        "name": "田原入口",
        "operator": "事業者不明",
        "ref": "",
        "url": "",
        "url2": ""
      }
    },
    {
      "type": "Feature",
      "geometry": {
        "type": "Point",
        "coordinates": [
          131.5523415,
          33.1874072
        ]
      },
      "properties": {
        "内容": "バス停: 国分入口",
        "name": "国分入口",
        "operator": "事業者不明",
        "ref": "",
        "url": "",
        "url2": ""
      }
    },
    {
      "type": "Feature",
      "geometry": {
        "type": "Point",
        "coordinates": [
          131.5556256,
          33.1863165
        ]
      },
      "properties": {
        "内容": "バス停: 田原",
        "name": "田原",
        "operator": "事業者不明",
        "ref": "",
        "url": "",
        "url2": ""
      }
    },
    {
      "type": "Feature",
      "geometry": {
        "type": "Point",
        "coordinates": [
          131.6074562,
          33.2384666
        ]
      },
      "properties": {
        "内容": "バス停: 竹町(大分銀行前)",
        "name": "竹町(大分銀行前)",
        "operator": "事業者不明",
        "ref": "12",
        "url": "",
        "url2": ""
      }
    },
    {
      "type": "Feature",
      "geometry": {
        "type": "Point",
        "coordinates": [
          131.6104715,
          33.239052
        ]
      },
      "properties": {
        "内容": "バス停: 大分市役所・合同新聞社前",
        "name": "大分市役所・合同新聞社前",
        "operator": "事業者不明",
        "ref": "",
        "url": "",
        "url2": ""
      }
    },
    {
      "type": "Feature",
      "geometry": {
        "type": "Point",
        "coordinates": [
          131.6116691,
          33.237677
        ]
      },
      "properties": {
        "内容": "バス停: 県庁正門前",
        "name": "県庁正門前",
        "operator": "事業者不明",
        "ref": "",
        "url": "",
        "url2": ""
      }
    },
    {
      "type": "Feature",
      "geometry": {
        "type": "Point",
        "coordinates": [
          131.4260248,
          33.3414475
        ]
      },
      "properties": {
        "内容": "バス停: 名称不明バス停",
        "name": "名称不明バス停",
        "operator": "事業者不明",
        "ref": "",
        "url": "",
        "url2": ""
      }
    },
    {
      "type": "Feature",
      "geometry": {
        "type": "Point",
        "coordinates": [
          131.4264915,
          33.34095
        ]
      },
      "properties": {
        "内容": "バス停: 名称不明バス停",
        "name": "名称不明バス停",
        "operator": "事業者不明",
        "ref": "",
        "url": "",
        "url2": ""
      }
    },
    {
      "type": "Feature",
      "geometry": {
        "type": "Point",
        "coordinates": [
          131.3984103,
          33.3025793
        ]
      },
      "properties": {
        "内容": "バス停: 休止中（運航会社無）",
        "name": "休止中（運航会社無）",
        "operator": "事業者不明",
        "ref": "",
        "url": "",
        "url2": ""
      }
    },
    {
      "type": "Feature",
      "geometry": {
        "type": "Point",
        "coordinates": [
          131.5676195,
          33.1853413
        ]
      },
      "properties": {
        "内容": "バス停: 木の上",
        "name": "木の上",
        "operator": "事業者不明",
        "ref": "",
        "url": "",
        "url2": ""
      }
    },
    {
      "type": "Feature",
      "geometry": {
        "type": "Point",
        "coordinates": [
          131.598037,
          33.4254224
        ]
      },
      "properties": {
        "内容": "バス停: 名称不明バス停",
        "name": "名称不明バス停",
        "operator": "事業者不明",
        "ref": "",
        "url": "",
        "url2": ""
      }
    },
    {
      "type": "Feature",
      "geometry": {
        "type": "Point",
        "coordinates": [
          131.5968192,
          33.4250597
        ]
      },
      "properties": {
        "内容": "バス停: 名称不明バス停",
        "name": "名称不明バス停",
        "operator": "事業者不明",
        "ref": "",
        "url": "",
        "url2": ""
      }
    },
    {
      "type": "Feature",
      "geometry": {
        "type": "Point",
        "coordinates": [
          131.6074597,
          33.2403671
        ]
      },
      "properties": {
        "内容": "バス停: 荷揚町",
        "name": "荷揚町",
        "operator": "事業者不明",
        "ref": "",
        "url": "",
        "url2": ""
      }
    },
    {
      "type": "Feature",
      "geometry": {
        "type": "Point",
        "coordinates": [
          131.5030833,
          33.3007573
        ]
      },
      "properties": {
        "内容": "バス停: 第三埠頭入口 (大分交通)",
        "name": "第三埠頭入口",
        "operator": "大分交通",
        "ref": "",
        "url": "",
        "url2": ""
      }
    },
    {
      "type": "Feature",
      "geometry": {
        "type": "Point",
        "coordinates": [
          131.5026947,
          33.2936024
        ]
      },
      "properties": {
        "内容": "バス停: 餅ケ浜",
        "name": "餅ケ浜",
        "operator": "事業者不明",
        "ref": "",
        "url": "",
        "url2": ""
      }
    },
    {
      "type": "Feature",
      "geometry": {
        "type": "Point",
        "coordinates": [
          131.5509188,
          33.183025
        ]
      },
      "properties": {
        "内容": "バス停: 富士見が丘東",
        "name": "富士見が丘東",
        "operator": "事業者不明",
        "ref": "",
        "url": "",
        "url2": ""
      }
    },
    {
      "type": "Feature",
      "geometry": {
        "type": "Point",
        "coordinates": [
          131.6081346,
          33.2329028
        ]
      },
      "properties": {
        "内容": "バス停: 要町",
        "name": "要町",
        "operator": "事業者不明",
        "ref": "",
        "url": "",
        "url2": ""
      }
    },
    {
      "type": "Feature",
      "geometry": {
        "type": "Point",
        "coordinates": [
          131.608572,
          33.2323789
        ]
      },
      "properties": {
        "内容": "バス停: 貸切バス乗降場",
        "name": "貸切バス乗降場",
        "operator": "事業者不明",
        "ref": "",
        "url": "",
        "url2": ""
      }
    },
    {
      "type": "Feature",
      "geometry": {
        "type": "Point",
        "coordinates": [
          131.5815335,
          33.1893018
        ]
      },
      "properties": {
        "内容": "バス停: 名称不明バス停",
        "name": "名称不明バス停",
        "operator": "事業者不明",
        "ref": "",
        "url": "",
        "url2": ""
      }
    },
    {
      "type": "Feature",
      "geometry": {
        "type": "Point",
        "coordinates": [
          131.6025374,
          33.2057256
        ]
      },
      "properties": {
        "内容": "バス停: 名称不明バス停",
        "name": "名称不明バス停",
        "operator": "事業者不明",
        "ref": "",
        "url": "",
        "url2": ""
      }
    },
    {
      "type": "Feature",
      "geometry": {
        "type": "Point",
        "coordinates": [
          131.6032651,
          33.2058076
        ]
      },
      "properties": {
        "内容": "バス停: 府内大橋 (大分バス)",
        "name": "府内大橋",
        "operator": "大分バス",
        "ref": "",
        "url": "",
        "url2": ""
      }
    },
    {
      "type": "Feature",
      "geometry": {
        "type": "Point",
        "coordinates": [
          131.6038233,
          33.2045837
        ]
      },
      "properties": {
        "内容": "バス停: 名称不明バス停",
        "name": "名称不明バス停",
        "operator": "事業者不明",
        "ref": "",
        "url": "",
        "url2": ""
      }
    },
    {
      "type": "Feature",
      "geometry": {
        "type": "Point",
        "coordinates": [
          131.3879995,
          32.8216462
        ]
      },
      "properties": {
        "内容": "バス停: 尾平鉱山",
        "name": "尾平鉱山",
        "operator": "事業者不明",
        "ref": "",
        "url": "",
        "url2": ""
      }
    },
    {
      "type": "Feature",
      "geometry": {
        "type": "Point",
        "coordinates": [
          131.4621996,
          32.9644528
        ]
      },
      "properties": {
        "内容": "バス停: 野仲",
        "name": "野仲",
        "operator": "事業者不明",
        "ref": "",
        "url": "",
        "url2": ""
      }
    },
    {
      "type": "Feature",
      "geometry": {
        "type": "Point",
        "coordinates": [
          131.2287545,
          33.1179269
        ]
      },
      "properties": {
        "内容": "バス停: 九重登山口",
        "name": "九重登山口",
        "operator": "事業者不明",
        "ref": "",
        "url": "",
        "url2": ""
      }
    },
    {
      "type": "Feature",
      "geometry": {
        "type": "Point",
        "coordinates": [
          130.9380027,
          33.3163097
        ]
      },
      "properties": {
        "内容": "バス停: 日田バスセンター",
        "name": "日田バスセンター",
        "operator": "事業者不明",
        "ref": "",
        "url": "",
        "url2": ""
      }
    },
    {
      "type": "Feature",
      "geometry": {
        "type": "Point",
        "coordinates": [
          131.5348669,
          33.2585099
        ]
      },
      "properties": {
        "内容": "バス停: 高崎山",
        "name": "高崎山",
        "operator": "事業者不明",
        "ref": "",
        "url": "",
        "url2": ""
      }
    },
    {
      "type": "Feature",
      "geometry": {
        "type": "Point",
        "coordinates": [
          131.4954819,
          33.3259471
        ]
      },
      "properties": {
        "内容": "バス停: 名称不明バス停",
        "name": "名称不明バス停",
        "operator": "事業者不明",
        "ref": "",
        "url": "",
        "url2": ""
      }
    },
    {
      "type": "Feature",
      "geometry": {
        "type": "Point",
        "coordinates": [
          131.4984738,
          33.3207707
        ]
      },
      "properties": {
        "内容": "バス停: 名称不明バス停",
        "name": "名称不明バス停",
        "operator": "事業者不明",
        "ref": "",
        "url": "",
        "url2": ""
      }
    },
    {
      "type": "Feature",
      "geometry": {
        "type": "Point",
        "coordinates": [
          131.5005689,
          33.3146431
        ]
      },
      "properties": {
        "内容": "バス停: 名称不明バス停",
        "name": "名称不明バス停",
        "operator": "事業者不明",
        "ref": "",
        "url": "",
        "url2": ""
      }
    },
    {
      "type": "Feature",
      "geometry": {
        "type": "Point",
        "coordinates": [
          131.4752489,
          33.3130288
        ]
      },
      "properties": {
        "内容": "バス停: Asahi bus station",
        "name": "Asahi bus station",
        "operator": "事業者不明",
        "ref": "",
        "url": "",
        "url2": ""
      }
    },
    {
      "type": "Feature",
      "geometry": {
        "type": "Point",
        "coordinates": [
          131.4652655,
          33.3108871
        ]
      },
      "properties": {
        "内容": "バス停: 名称不明バス停",
        "name": "名称不明バス停",
        "operator": "事業者不明",
        "ref": "",
        "url": "",
        "url2": ""
      }
    },
    {
      "type": "Feature",
      "geometry": {
        "type": "Point",
        "coordinates": [
          131.4652677,
          33.3111067
        ]
      },
      "properties": {
        "内容": "バス停: 名称不明バス停",
        "name": "名称不明バス停",
        "operator": "事業者不明",
        "ref": "",
        "url": "",
        "url2": ""
      }
    },
    {
      "type": "Feature",
      "geometry": {
        "type": "Point",
        "coordinates": [
          131.4608139,
          33.2961182
        ]
      },
      "properties": {
        "内容": "バス停: 名称不明バス停",
        "name": "名称不明バス停",
        "operator": "事業者不明",
        "ref": "",
        "url": "",
        "url2": ""
      }
    },
    {
      "type": "Feature",
      "geometry": {
        "type": "Point",
        "coordinates": [
          131.4706178,
          33.3149374
        ]
      },
      "properties": {
        "内容": "バス停: 海地獄前",
        "name": "海地獄前",
        "operator": "事業者不明",
        "ref": "",
        "url": "",
        "url2": ""
      }
    },
    {
      "type": "Feature",
      "geometry": {
        "type": "Point",
        "coordinates": [
          131.478412,
          33.3237143
        ]
      },
      "properties": {
        "内容": "バス停: 名称不明バス停",
        "name": "名称不明バス停",
        "operator": "事業者不明",
        "ref": "",
        "url": "",
        "url2": ""
      }
    },
    {
      "type": "Feature",
      "geometry": {
        "type": "Point",
        "coordinates": [
          131.4791017,
          33.3273902
        ]
      },
      "properties": {
        "内容": "バス停: 血の池地獄前",
        "name": "血の池地獄前",
        "operator": "事業者不明",
        "ref": "",
        "url": "",
        "url2": ""
      }
    },
    {
      "type": "Feature",
      "geometry": {
        "type": "Point",
        "coordinates": [
          131.4830836,
          33.3298997
        ]
      },
      "properties": {
        "内容": "バス停: 湯の森",
        "name": "湯の森",
        "operator": "事業者不明",
        "ref": "",
        "url": "",
        "url2": ""
      }
    },
    {
      "type": "Feature",
      "geometry": {
        "type": "Point",
        "coordinates": [
          131.4887044,
          33.3295934
        ]
      },
      "properties": {
        "内容": "バス停: 名称不明バス停",
        "name": "名称不明バス停",
        "operator": "事業者不明",
        "ref": "",
        "url": "",
        "url2": ""
      }
    },
    {
      "type": "Feature",
      "geometry": {
        "type": "Point",
        "coordinates": [
          131.4937908,
          33.3290233
        ]
      },
      "properties": {
        "内容": "バス停: 名称不明バス停",
        "name": "名称不明バス停",
        "operator": "事業者不明",
        "ref": "",
        "url": "",
        "url2": ""
      }
    },
    {
      "type": "Feature",
      "geometry": {
        "type": "Point",
        "coordinates": [
          131.4610651,
          33.2960059
        ]
      },
      "properties": {
        "内容": "バス停: 名称不明バス停",
        "name": "名称不明バス停",
        "operator": "事業者不明",
        "ref": "",
        "url": "",
        "url2": ""
      }
    },
    {
      "type": "Feature",
      "geometry": {
        "type": "Point",
        "coordinates": [
          131.474768,
          33.3264085
        ]
      },
      "properties": {
        "内容": "バス停: 名称不明バス停",
        "name": "名称不明バス停",
        "operator": "事業者不明",
        "ref": "",
        "url": "",
        "url2": ""
      }
    },
    {
      "type": "Feature",
      "geometry": {
        "type": "Point",
        "coordinates": [
          131.487128,
          33.3322577
        ]
      },
      "properties": {
        "内容": "バス停: 名称不明バス停",
        "name": "名称不明バス停",
        "operator": "事業者不明",
        "ref": "",
        "url": "",
        "url2": ""
      }
    },
    {
      "type": "Feature",
      "geometry": {
        "type": "Point",
        "coordinates": [
          131.4863227,
          33.3306913
        ]
      },
      "properties": {
        "内容": "バス停: 名称不明バス停",
        "name": "名称不明バス停",
        "operator": "事業者不明",
        "ref": "",
        "url": "",
        "url2": ""
      }
    },
    {
      "type": "Feature",
      "geometry": {
        "type": "Point",
        "coordinates": [
          131.4931769,
          33.3316262
        ]
      },
      "properties": {
        "内容": "バス停: 名称不明バス停",
        "name": "名称不明バス停",
        "operator": "事業者不明",
        "ref": "",
        "url": "",
        "url2": ""
      }
    },
    {
      "type": "Feature",
      "geometry": {
        "type": "Point",
        "coordinates": [
          131.5012601,
          33.3121953
        ]
      },
      "properties": {
        "内容": "バス停: 六勝園",
        "name": "六勝園",
        "operator": "事業者不明",
        "ref": "",
        "url": "",
        "url2": ""
      }
    },
    {
      "type": "Feature",
      "geometry": {
        "type": "Point",
        "coordinates": [
          131.4830912,
          33.3298381
        ]
      },
      "properties": {
        "内容": "バス停: 湯の森",
        "name": "湯の森",
        "operator": "事業者不明",
        "ref": "",
        "url": "",
        "url2": ""
      }
    },
    {
      "type": "Feature",
      "geometry": {
        "type": "Point",
        "coordinates": [
          131.493941,
          33.3290687
        ]
      },
      "properties": {
        "内容": "バス停: 名称不明バス停",
        "name": "名称不明バス停",
        "operator": "事業者不明",
        "ref": "",
        "url": "",
        "url2": ""
      }
    },
    {
      "type": "Feature",
      "geometry": {
        "type": "Point",
        "coordinates": [
          131.5025337,
          33.2983964
        ]
      },
      "properties": {
        "内容": "バス停: 別府交通センター",
        "name": "別府交通センター",
        "operator": "事業者不明",
        "ref": "",
        "url": "",
        "url2": ""
      }
    },
    {
      "type": "Feature",
      "geometry": {
        "type": "Point",
        "coordinates": [
          131.5048666,
          33.2847184
        ]
      },
      "properties": {
        "内容": "バス停: 的ヶ浜公園前",
        "name": "的ヶ浜公園前",
        "operator": "事業者不明",
        "ref": "",
        "url": "",
        "url2": ""
      }
    },
    {
      "type": "Feature",
      "geometry": {
        "type": "Point",
        "coordinates": [
          131.5022585,
          33.3064597
        ]
      },
      "properties": {
        "内容": "バス停: 名称不明バス停",
        "name": "名称不明バス停",
        "operator": "事業者不明",
        "ref": "",
        "url": "",
        "url2": ""
      }
    },
    {
      "type": "Feature",
      "geometry": {
        "type": "Point",
        "coordinates": [
          131.6062161,
          33.2455103
        ]
      },
      "properties": {
        "内容": "バス停: 新川 (大分交通株式会社)",
        "name": "新川",
        "operator": "大分交通株式会社",
        "ref": "5",
        "url": "",
        "url2": ""
      }
    },
    {
      "type": "Feature",
      "geometry": {
        "type": "Point",
        "coordinates": [
          131.3732511,
          33.5282149
        ]
      },
      "properties": {
        "内容": "バス停: 宇佐八幡",
        "name": "宇佐八幡",
        "operator": "事業者不明",
        "ref": "",
        "url": "",
        "url2": ""
      }
    },
    {
      "type": "Feature",
      "geometry": {
        "type": "Point",
        "coordinates": [
          131.3728568,
          33.5283423
        ]
      },
      "properties": {
        "内容": "バス停: 宇佐八幡",
        "name": "宇佐八幡",
        "operator": "事業者不明",
        "ref": "",
        "url": "",
        "url2": ""
      }
    },
    {
      "type": "Feature",
      "geometry": {
        "type": "Point",
        "coordinates": [
          131.2205502,
          33.1578727
        ]
      },
      "properties": {
        "内容": "バス停: 飯田交流センター",
        "name": "飯田交流センター",
        "operator": "事業者不明",
        "ref": "",
        "url": "",
        "url2": ""
      }
    },
    {
      "type": "Feature",
      "geometry": {
        "type": "Point",
        "coordinates": [
          131.2158363,
          33.175619
        ]
      },
      "properties": {
        "内容": "バス停: 展望台桂茶屋",
        "name": "展望台桂茶屋",
        "operator": "事業者不明",
        "ref": "",
        "url": "",
        "url2": ""
      }
    },
    {
      "type": "Feature",
      "geometry": {
        "type": "Point",
        "coordinates": [
          131.2238742,
          33.1699479
        ]
      },
      "properties": {
        "内容": "バス停: 九重夢大吊橋中村口",
        "name": "九重夢大吊橋中村口",
        "operator": "事業者不明",
        "ref": "",
        "url": "",
        "url2": ""
      }
    },
    {
      "type": "Feature",
      "geometry": {
        "type": "Point",
        "coordinates": [
          131.2211511,
          33.1577043
        ]
      },
      "properties": {
        "内容": "バス停: 飯田高原局前",
        "name": "飯田高原局前",
        "operator": "事業者不明",
        "ref": "",
        "url": "",
        "url2": ""
      }
    },
    {
      "type": "Feature",
      "geometry": {
        "type": "Point",
        "coordinates": [
          131.2075301,
          33.2260513
        ]
      },
      "properties": {
        "内容": "バス停: 豊後中村駅",
        "name": "豊後中村駅",
        "operator": "事業者不明",
        "ref": "",
        "url": "",
        "url2": ""
      }
    },
    {
      "type": "Feature",
      "geometry": {
        "type": "Point",
        "coordinates": [
          131.6982138,
          33.1893596
        ]
      },
      "properties": {
        "内容": "バス停: 宮河内団地3丁目",
        "name": "宮河内団地3丁目",
        "operator": "事業者不明",
        "ref": "",
        "url": "",
        "url2": ""
      }
    },
    {
      "type": "Feature",
      "geometry": {
        "type": "Point",
        "coordinates": [
          131.6987169,
          33.1910541
        ]
      },
      "properties": {
        "内容": "バス停: 宮河内団地2丁目",
        "name": "宮河内団地2丁目",
        "operator": "事業者不明",
        "ref": "",
        "url": "",
        "url2": ""
      }
    },
    {
      "type": "Feature",
      "geometry": {
        "type": "Point",
        "coordinates": [
          131.627846,
          33.243532
        ]
      },
      "properties": {
        "内容": "バス停: 中津留1丁目 (大分バス株式会社)",
        "name": "中津留1丁目",
        "operator": "大分バス株式会社",
        "ref": "",
        "url": "",
        "url2": ""
      }
    },
    {
      "type": "Feature",
      "geometry": {
        "type": "Point",
        "coordinates": [
          131.6277823,
          33.2432537
        ]
      },
      "properties": {
        "内容": "バス停: 中津留1丁目 (大分バス株式会社)",
        "name": "中津留1丁目",
        "operator": "大分バス株式会社",
        "ref": "",
        "url": "",
        "url2": ""
      }
    },
    {
      "type": "Feature",
      "geometry": {
        "type": "Point",
        "coordinates": [
          131.6278276,
          33.248146
        ]
      },
      "properties": {
        "内容": "バス停: 大空団地 (大分バス株式会社)",
        "name": "大空団地",
        "operator": "大分バス株式会社",
        "ref": "",
        "url": "",
        "url2": ""
      }
    },
    {
      "type": "Feature",
      "geometry": {
        "type": "Point",
        "coordinates": [
          131.5063187,
          33.2803089
        ]
      },
      "properties": {
        "内容": "バス停: 亀の井 北浜バスセンター",
        "name": "亀の井 北浜バスセンター",
        "operator": "事業者不明",
        "ref": "",
        "url": "",
        "url2": ""
      }
    },
    {
      "type": "Feature",
      "geometry": {
        "type": "Point",
        "coordinates": [
          131.5003195,
          33.2791561
        ]
      },
      "properties": {
        "内容": "バス停: 別府駅前5",
        "name": "別府駅前5",
        "operator": "事業者不明",
        "ref": "",
        "url": "",
        "url2": ""
      }
    },
    {
      "type": "Feature",
      "geometry": {
        "type": "Point",
        "coordinates": [
          131.5003911,
          33.2792913
        ]
      },
      "properties": {
        "内容": "バス停: 別府駅前4",
        "name": "別府駅前4",
        "operator": "事業者不明",
        "ref": "",
        "url": "",
        "url2": ""
      }
    },
    {
      "type": "Feature",
      "geometry": {
        "type": "Point",
        "coordinates": [
          131.2142135,
          33.1822796
        ]
      },
      "properties": {
        "内容": "バス停: 鳴子川渓谷",
        "name": "鳴子川渓谷",
        "operator": "事業者不明",
        "ref": "",
        "url": "",
        "url2": ""
      }
    },
    {
      "type": "Feature",
      "geometry": {
        "type": "Point",
        "coordinates": [
          131.6271753,
          33.2410382
        ]
      },
      "properties": {
        "内容": "バス停: 大分放送前 (大分バス株式会社)",
        "name": "大分放送前",
        "operator": "大分バス株式会社",
        "ref": "",
        "url": "",
        "url2": ""
      }
    },
    {
      "type": "Feature",
      "geometry": {
        "type": "Point",
        "coordinates": [
          131.6302166,
          33.2393839
        ]
      },
      "properties": {
        "内容": "バス停: 津留小学校前 (大分バス株式会社)",
        "name": "津留小学校前",
        "operator": "大分バス株式会社",
        "ref": "",
        "url": "",
        "url2": ""
      }
    },
    {
      "type": "Feature",
      "geometry": {
        "type": "Point",
        "coordinates": [
          131.618093,
          33.238966
        ]
      },
      "properties": {
        "内容": "バス停: 舞鶴町 (大分バス株式会社)",
        "name": "舞鶴町",
        "operator": "大分バス株式会社",
        "ref": "",
        "url": "",
        "url2": ""
      }
    },
    {
      "type": "Feature",
      "geometry": {
        "type": "Point",
        "coordinates": [
          131.6181325,
          33.2392047
        ]
      },
      "properties": {
        "内容": "バス停: 舞鶴町 (大分バス株式会社)",
        "name": "舞鶴町",
        "operator": "大分バス株式会社",
        "ref": "",
        "url": "",
        "url2": ""
      }
    },
    {
      "type": "Feature",
      "geometry": {
        "type": "Point",
        "coordinates": [
          131.6580699,
          33.1437128
        ]
      },
      "properties": {
        "内容": "バス停: 中津留",
        "name": "中津留",
        "operator": "事業者不明",
        "ref": "",
        "url": "",
        "url2": ""
      }
    },
    {
      "type": "Feature",
      "geometry": {
        "type": "Point",
        "coordinates": [
          131.8029508,
          33.1160018
        ]
      },
      "properties": {
        "内容": "バス停: 西海添",
        "name": "西海添",
        "operator": "事業者不明",
        "ref": "",
        "url": "",
        "url2": ""
      }
    },
    {
      "type": "Feature",
      "geometry": {
        "type": "Point",
        "coordinates": [
          131.4528625,
          33.3165961
        ]
      },
      "properties": {
        "内容": "バス停: 明礬",
        "name": "明礬",
        "operator": "事業者不明",
        "ref": "",
        "url": "",
        "url2": ""
      }
    },
    {
      "type": "Feature",
      "geometry": {
        "type": "Point",
        "coordinates": [
          131.4539922,
          33.3168117
        ]
      },
      "properties": {
        "内容": "バス停: 明",
        "name": "明",
        "operator": "事業者不明",
        "ref": "",
        "url": "",
        "url2": ""
      }
    },
    {
      "type": "Feature",
      "geometry": {
        "type": "Point",
        "coordinates": [
          131.8045851,
          33.1229285
        ]
      },
      "properties": {
        "内容": "バス停: 城北",
        "name": "城北",
        "operator": "事業者不明",
        "ref": "",
        "url": "",
        "url2": ""
      }
    },
    {
      "type": "Feature",
      "geometry": {
        "type": "Point",
        "coordinates": [
          131.8034468,
          33.1225634
        ]
      },
      "properties": {
        "内容": "バス停: 城北",
        "name": "城北",
        "operator": "事業者不明",
        "ref": "",
        "url": "",
        "url2": ""
      }
    },
    {
      "type": "Feature",
      "geometry": {
        "type": "Point",
        "coordinates": [
          131.8061643,
          33.1213616
        ]
      },
      "properties": {
        "内容": "バス停: 城南",
        "name": "城南",
        "operator": "事業者不明",
        "ref": "",
        "url": "",
        "url2": ""
      }
    },
    {
      "type": "Feature",
      "geometry": {
        "type": "Point",
        "coordinates": [
          131.8060152,
          33.1215315
        ]
      },
      "properties": {
        "内容": "バス停: 城南",
        "name": "城南",
        "operator": "事業者不明",
        "ref": "",
        "url": "",
        "url2": ""
      }
    },
    {
      "type": "Feature",
      "geometry": {
        "type": "Point",
        "coordinates": [
          131.827688,
          33.1774279
        ]
      },
      "properties": {
        "内容": "バス停: 桑原",
        "name": "桑原",
        "operator": "事業者不明",
        "ref": "",
        "url": "",
        "url2": ""
      }
    },
    {
      "type": "Feature",
      "geometry": {
        "type": "Point",
        "coordinates": [
          131.8276931,
          33.1773448
        ]
      },
      "properties": {
        "内容": "バス停: 桑原",
        "name": "桑原",
        "operator": "事業者不明",
        "ref": "",
        "url": "",
        "url2": ""
      }
    },
    {
      "type": "Feature",
      "geometry": {
        "type": "Point",
        "coordinates": [
          131.3965564,
          33.2650298
        ]
      },
      "properties": {
        "内容": "バス停: 名称不明バス停",
        "name": "名称不明バス停",
        "operator": "事業者不明",
        "ref": "",
        "url": "",
        "url2": ""
      }
    },
    {
      "type": "Feature",
      "geometry": {
        "type": "Point",
        "coordinates": [
          131.5874935,
          33.2158891
        ]
      },
      "properties": {
        "内容": "バス停: 福徳学院高校前 (大分バス株式会社)",
        "name": "福徳学院高校前",
        "operator": "大分バス株式会社",
        "ref": "",
        "url": "",
        "url2": ""
      }
    },
    {
      "type": "Feature",
      "geometry": {
        "type": "Point",
        "coordinates": [
          131.5876392,
          33.2158021
        ]
      },
      "properties": {
        "内容": "バス停: 福徳学院高校前 (大分バス株式会社)",
        "name": "福徳学院高校前",
        "operator": "大分バス株式会社",
        "ref": "",
        "url": "",
        "url2": ""
      }
    },
    {
      "type": "Feature",
      "geometry": {
        "type": "Point",
        "coordinates": [
          131.7247487,
          33.2401827
        ]
      },
      "properties": {
        "内容": "バス停: 尾崎 (大分バス)",
        "name": "尾崎",
        "operator": "大分バス",
        "ref": "",
        "url": "",
        "url2": ""
      }
    },
    {
      "type": "Feature",
      "geometry": {
        "type": "Point",
        "coordinates": [
          131.7247731,
          33.2399502
        ]
      },
      "properties": {
        "内容": "バス停: 尾崎 (大分バス)",
        "name": "尾崎",
        "operator": "大分バス",
        "ref": "",
        "url": "",
        "url2": ""
      }
    },
    {
      "type": "Feature",
      "geometry": {
        "type": "Point",
        "coordinates": [
          131.6075711,
          33.2354665
        ]
      },
      "properties": {
        "内容": "バス停: 中央通り4降車場",
        "name": "中央通り4降車場",
        "operator": "事業者不明",
        "ref": "",
        "url": "",
        "url2": ""
      }
    },
    {
      "type": "Feature",
      "geometry": {
        "type": "Point",
        "coordinates": [
          131.6111563,
          33.2327233
        ]
      },
      "properties": {
        "内容": "バス停: 金池",
        "name": "金池",
        "operator": "事業者不明",
        "ref": "",
        "url": "",
        "url2": ""
      }
    },
    {
      "type": "Feature",
      "geometry": {
        "type": "Point",
        "coordinates": [
          131.5949619,
          32.9297696
        ]
      },
      "properties": {
        "内容": "バス停: 坂本",
        "name": "坂本",
        "operator": "事業者不明",
        "ref": "",
        "url": "",
        "url2": ""
      }
    },
    {
      "type": "Feature",
      "geometry": {
        "type": "Point",
        "coordinates": [
          131.5947285,
          32.9298362
        ]
      },
      "properties": {
        "内容": "バス停: 坂本",
        "name": "坂本",
        "operator": "事業者不明",
        "ref": "",
        "url": "",
        "url2": ""
      }
    },
    {
      "type": "Feature",
      "geometry": {
        "type": "Point",
        "coordinates": [
          131.676038,
          33.0569234
        ]
      },
      "properties": {
        "内容": "バス停: 波津久 (大分バス)",
        "name": "波津久",
        "operator": "大分バス",
        "ref": "",
        "url": "",
        "url2": ""
      }
    },
    {
      "type": "Feature",
      "geometry": {
        "type": "Point",
        "coordinates": [
          131.6766685,
          33.0568091
        ]
      },
      "properties": {
        "内容": "バス停: 波津久 (大分バス)",
        "name": "波津久",
        "operator": "大分バス",
        "ref": "",
        "url": "",
        "url2": ""
      }
    },
    {
      "type": "Feature",
      "geometry": {
        "type": "Point",
        "coordinates": [
          131.8650636,
          33.2490794
        ]
      },
      "properties": {
        "内容": "バス停: 古宮",
        "name": "古宮",
        "operator": "事業者不明",
        "ref": "",
        "url": "",
        "url2": ""
      }
    },
    {
      "type": "Feature",
      "geometry": {
        "type": "Point",
        "coordinates": [
          131.7954178,
          33.2339337
        ]
      },
      "properties": {
        "内容": "バス停: 幸崎駅",
        "name": "幸崎駅",
        "operator": "事業者不明",
        "ref": "",
        "url": "",
        "url2": ""
      }
    },
    {
      "type": "Feature",
      "geometry": {
        "type": "Point",
        "coordinates": [
          131.1551312,
          33.2829821
        ]
      },
      "properties": {
        "内容": "バス停: 名称不明バス停",
        "name": "名称不明バス停",
        "operator": "事業者不明",
        "ref": "",
        "url": "",
        "url2": ""
      }
    },
    {
      "type": "Feature",
      "geometry": {
        "type": "Point",
        "coordinates": [
          130.9384378,
          33.3168052
        ]
      },
      "properties": {
        "内容": "バス停: 日田",
        "name": "日田",
        "operator": "事業者不明",
        "ref": "",
        "url": "",
        "url2": "Q5871577"
      }
    },
    {
      "type": "Feature",
      "geometry": {
        "type": "Point",
        "coordinates": [
          130.9924619,
          33.1948537
        ]
      },
      "properties": {
        "内容": "バス停: 松原",
        "name": "松原",
        "operator": "事業者不明",
        "ref": "",
        "url": "",
        "url2": ""
      }
    },
    {
      "type": "Feature",
      "geometry": {
        "type": "Point",
        "coordinates": [
          131.5761648,
          33.229775
        ]
      },
      "properties": {
        "内容": "バス停: 青葉台北",
        "name": "青葉台北",
        "operator": "事業者不明",
        "ref": "",
        "url": "",
        "url2": ""
      }
    },
    {
      "type": "Feature",
      "geometry": {
        "type": "Point",
        "coordinates": [
          131.5798973,
          33.2297872
        ]
      },
      "properties": {
        "内容": "バス停: にじが丘公民館前",
        "name": "にじが丘公民館前",
        "operator": "事業者不明",
        "ref": "",
        "url": "",
        "url2": ""
      }
    },
    {
      "type": "Feature",
      "geometry": {
        "type": "Point",
        "coordinates": [
          132.0672746,
          32.9448067
        ]
      },
      "properties": {
        "内容": "バス停: 梶寄 (佐伯市)",
        "name": "梶寄",
        "operator": "佐伯市",
        "ref": "",
        "url": "",
        "url2": ""
      }
    },
    {
      "type": "Feature",
      "geometry": {
        "type": "Point",
        "coordinates": [
          132.074961,
          32.9426941
        ]
      },
      "properties": {
        "内容": "バス停: 下梶寄 (佐伯市)",
        "name": "下梶寄",
        "operator": "佐伯市",
        "ref": "",
        "url": "",
        "url2": ""
      }
    },
    {
      "type": "Feature",
      "geometry": {
        "type": "Point",
        "coordinates": [
          131.9625948,
          32.9427656
        ]
      },
      "properties": {
        "内容": "バス停: 鶴見地区公民館 (大分バス)",
        "name": "鶴見地区公民館",
        "operator": "大分バス",
        "ref": "",
        "url": "",
        "url2": ""
      }
    },
    {
      "type": "Feature",
      "geometry": {
        "type": "Point",
        "coordinates": [
          131.8995915,
          32.9555856
        ]
      },
      "properties": {
        "内容": "バス停: 塩屋橋",
        "name": "塩屋橋",
        "operator": "事業者不明",
        "ref": "",
        "url": "",
        "url2": ""
      }
    },
    {
      "type": "Feature",
      "geometry": {
        "type": "Point",
        "coordinates": [
          131.8997249,
          32.955616
        ]
      },
      "properties": {
        "内容": "バス停: 塩屋橋",
        "name": "塩屋橋",
        "operator": "事業者不明",
        "ref": "",
        "url": "",
        "url2": ""
      }
    },
    {
      "type": "Feature",
      "geometry": {
        "type": "Point",
        "coordinates": [
          131.8932385,
          32.9559998
        ]
      },
      "properties": {
        "内容": "バス停: 大手前",
        "name": "大手前",
        "operator": "事業者不明",
        "ref": "",
        "url": "",
        "url2": ""
      }
    },
    {
      "type": "Feature",
      "geometry": {
        "type": "Point",
        "coordinates": [
          131.8932514,
          32.9559561
        ]
      },
      "properties": {
        "内容": "バス停: 大手前",
        "name": "大手前",
        "operator": "事業者不明",
        "ref": "",
        "url": "",
        "url2": ""
      }
    },
    {
      "type": "Feature",
      "geometry": {
        "type": "Point",
        "coordinates": [
          131.8932626,
          32.9559082
        ]
      },
      "properties": {
        "内容": "バス停: 大手前",
        "name": "大手前",
        "operator": "事業者不明",
        "ref": "3",
        "url": "",
        "url2": ""
      }
    },
    {
      "type": "Feature",
      "geometry": {
        "type": "Point",
        "coordinates": [
          131.8932795,
          32.9557831
        ]
      },
      "properties": {
        "内容": "バス停: 大手前",
        "name": "大手前",
        "operator": "事業者不明",
        "ref": "",
        "url": "",
        "url2": ""
      }
    },
    {
      "type": "Feature",
      "geometry": {
        "type": "Point",
        "coordinates": [
          131.8932725,
          32.955856
        ]
      },
      "properties": {
        "内容": "バス停: 大手前",
        "name": "大手前",
        "operator": "事業者不明",
        "ref": "",
        "url": "",
        "url2": ""
      }
    },
    {
      "type": "Feature",
      "geometry": {
        "type": "Point",
        "coordinates": [
          131.8976524,
          32.9597647
        ]
      },
      "properties": {
        "内容": "バス停: 中央通り1丁目 (大分バス株式会社)",
        "name": "中央通り1丁目",
        "operator": "大分バス株式会社",
        "ref": "",
        "url": "",
        "url2": ""
      }
    },
    {
      "type": "Feature",
      "geometry": {
        "type": "Point",
        "coordinates": [
          131.8960535,
          32.9586138
        ]
      },
      "properties": {
        "内容": "バス停: 内町入口 (大分バス株式会社)",
        "name": "内町入口",
        "operator": "大分バス株式会社",
        "ref": "",
        "url": "",
        "url2": ""
      }
    },
    {
      "type": "Feature",
      "geometry": {
        "type": "Point",
        "coordinates": [
          131.8973955,
          32.9596949
        ]
      },
      "properties": {
        "内容": "バス停: 中央通り1丁目 (大分バス;佐伯市コミュニティバス)",
        "name": "中央通り1丁目",
        "operator": "大分バス;佐伯市コミュニティバス",
        "ref": "",
        "url": "",
        "url2": ""
      }
    },
    {
      "type": "Feature",
      "geometry": {
        "type": "Point",
        "coordinates": [
          131.8959726,
          32.9586904
        ]
      },
      "properties": {
        "内容": "バス停: 内町入口 (大分バス株式会社)",
        "name": "内町入口",
        "operator": "大分バス株式会社",
        "ref": "",
        "url": "",
        "url2": ""
      }
    },
    {
      "type": "Feature",
      "geometry": {
        "type": "Point",
        "coordinates": [
          131.5841592,
          33.1795662
        ]
      },
      "properties": {
        "内容": "バス停: 田尻グリーンハイツ西 (大分バス)",
        "name": "田尻グリーンハイツ西",
        "operator": "大分バス",
        "ref": "",
        "url": "",
        "url2": ""
      }
    },
    {
      "type": "Feature",
      "geometry": {
        "type": "Point",
        "coordinates": [
          131.585146,
          33.1795329
        ]
      },
      "properties": {
        "内容": "バス停: 公民館前 (大分バス)",
        "name": "公民館前",
        "operator": "大分バス",
        "ref": "",
        "url": "",
        "url2": ""
      }
    },
    {
      "type": "Feature",
      "geometry": {
        "type": "Point",
        "coordinates": [
          131.5976564,
          33.1794638
        ]
      },
      "properties": {
        "内容": "バス停: ふじが丘中央 (大分バス)",
        "name": "ふじが丘中央",
        "operator": "大分バス",
        "ref": "",
        "url": "",
        "url2": ""
      }
    },
    {
      "type": "Feature",
      "geometry": {
        "type": "Point",
        "coordinates": [
          131.597678,
          33.1793689
        ]
      },
      "properties": {
        "内容": "バス停: ふじが丘中央 (大分バス)",
        "name": "ふじが丘中央",
        "operator": "大分バス",
        "ref": "",
        "url": "",
        "url2": ""
      }
    },
    {
      "type": "Feature",
      "geometry": {
        "type": "Point",
        "coordinates": [
          131.7116121,
          33.2488787
        ]
      },
      "properties": {
        "内容": "バス停: 久保 (大分バス)",
        "name": "久保",
        "operator": "大分バス",
        "ref": "",
        "url": "",
        "url2": ""
      }
    },
    {
      "type": "Feature",
      "geometry": {
        "type": "Point",
        "coordinates": [
          131.7128131,
          33.2486233
        ]
      },
      "properties": {
        "内容": "バス停: 北公園前 (大分バス)",
        "name": "北公園前",
        "operator": "大分バス",
        "ref": "",
        "url": "",
        "url2": ""
      }
    },
    {
      "type": "Feature",
      "geometry": {
        "type": "Point",
        "coordinates": [
          131.6055446,
          33.2459468
        ]
      },
      "properties": {
        "内容": "バス停: 新川 (大分交通株式会社)",
        "name": "新川",
        "operator": "大分交通株式会社",
        "ref": "1",
        "url": "",
        "url2": ""
      }
    },
    {
      "type": "Feature",
      "geometry": {
        "type": "Point",
        "coordinates": [
          131.659112,
          33.2229894
        ]
      },
      "properties": {
        "内容": "バス停: 明野旭町 (大分バス)",
        "name": "明野旭町",
        "operator": "大分バス",
        "ref": "",
        "url": "",
        "url2": ""
      }
    },
    {
      "type": "Feature",
      "geometry": {
        "type": "Point",
        "coordinates": [
          131.6592073,
          33.2230005
        ]
      },
      "properties": {
        "内容": "バス停: 明野旭町 (大分バス)",
        "name": "明野旭町",
        "operator": "大分バス",
        "ref": "",
        "url": "",
        "url2": ""
      }
    },
    {
      "type": "Feature",
      "geometry": {
        "type": "Point",
        "coordinates": [
          131.6942963,
          33.24034
        ]
      },
      "properties": {
        "内容": "バス停: 鶴崎支所前 (大分バス)",
        "name": "鶴崎支所前",
        "operator": "大分バス",
        "ref": "",
        "url": "",
        "url2": ""
      }
    },
    {
      "type": "Feature",
      "geometry": {
        "type": "Point",
        "coordinates": [
          131.6759237,
          33.1850816
        ]
      },
      "properties": {
        "内容": "バス停: ジャパンセミコンダクター前 (大分バス)",
        "name": "ジャパンセミコンダクター前",
        "operator": "大分バス",
        "ref": "",
        "url": "",
        "url2": ""
      }
    },
    {
      "type": "Feature",
      "geometry": {
        "type": "Point",
        "coordinates": [
          131.6935495,
          33.2396559
        ]
      },
      "properties": {
        "内容": "バス停: 鶴崎",
        "name": "鶴崎",
        "operator": "事業者不明",
        "ref": "",
        "url": "",
        "url2": ""
      }
    },
    {
      "type": "Feature",
      "geometry": {
        "type": "Point",
        "coordinates": [
          131.6929566,
          33.239914
        ]
      },
      "properties": {
        "内容": "バス停: 鶴崎",
        "name": "鶴崎",
        "operator": "事業者不明",
        "ref": "",
        "url": "",
        "url2": ""
      }
    },
    {
      "type": "Feature",
      "geometry": {
        "type": "Point",
        "coordinates": [
          131.6958218,
          33.239246
        ]
      },
      "properties": {
        "内容": "バス停: 鶴崎橋 (大分バス)",
        "name": "鶴崎橋",
        "operator": "大分バス",
        "ref": "",
        "url": "",
        "url2": ""
      }
    },
    {
      "type": "Feature",
      "geometry": {
        "type": "Point",
        "coordinates": [
          131.6957254,
          33.2393848
        ]
      },
      "properties": {
        "内容": "バス停: 鶴崎橋 (大分バス)",
        "name": "鶴崎橋",
        "operator": "大分バス",
        "ref": "",
        "url": "",
        "url2": ""
      }
    },
    {
      "type": "Feature",
      "geometry": {
        "type": "Point",
        "coordinates": [
          131.5800671,
          33.2343317
        ]
      },
      "properties": {
        "内容": "バス停: 高崎三丁目",
        "name": "高崎三丁目",
        "operator": "事業者不明",
        "ref": "",
        "url": "",
        "url2": ""
      }
    },
    {
      "type": "Feature",
      "geometry": {
        "type": "Point",
        "coordinates": [
          131.5801576,
          33.2342896
        ]
      },
      "properties": {
        "内容": "バス停: 高崎三丁目",
        "name": "高崎三丁目",
        "operator": "事業者不明",
        "ref": "",
        "url": "",
        "url2": ""
      }
    },
    {
      "type": "Feature",
      "geometry": {
        "type": "Point",
        "coordinates": [
          131.5816518,
          33.2334968
        ]
      },
      "properties": {
        "内容": "バス停: しらさぎ公園前 (大分バス)",
        "name": "しらさぎ公園前",
        "operator": "大分バス",
        "ref": "",
        "url": "",
        "url2": ""
      }
    },
    {
      "type": "Feature",
      "geometry": {
        "type": "Point",
        "coordinates": [
          131.5816509,
          33.2332848
        ]
      },
      "properties": {
        "内容": "バス停: しらさぎ公園前 (大分バス)",
        "name": "しらさぎ公園前",
        "operator": "大分バス",
        "ref": "",
        "url": "",
        "url2": ""
      }
    },
    {
      "type": "Feature",
      "geometry": {
        "type": "Point",
        "coordinates": [
          131.6754724,
          33.2505686
        ]
      },
      "properties": {
        "内容": "バス停: 海原橋東",
        "name": "海原橋東",
        "operator": "事業者不明",
        "ref": "",
        "url": "",
        "url2": ""
      }
    },
    {
      "type": "Feature",
      "geometry": {
        "type": "Point",
        "coordinates": [
          131.675795,
          33.2508206
        ]
      },
      "properties": {
        "内容": "バス停: 海原橋東",
        "name": "海原橋東",
        "operator": "事業者不明",
        "ref": "",
        "url": "",
        "url2": ""
      }
    },
    {
      "type": "Feature",
      "geometry": {
        "type": "Point",
        "coordinates": [
          131.6396857,
          33.2252974
        ]
      },
      "properties": {
        "内容": "バス停: 下郡東 (大分バス)",
        "name": "下郡東",
        "operator": "大分バス",
        "ref": "",
        "url": "",
        "url2": ""
      }
    },
    {
      "type": "Feature",
      "geometry": {
        "type": "Point",
        "coordinates": [
          131.6507116,
          33.2132992
        ]
      },
      "properties": {
        "内容": "バス停: 大分高校前",
        "name": "大分高校前",
        "operator": "事業者不明",
        "ref": "",
        "url": "",
        "url2": ""
      }
    },
    {
      "type": "Feature",
      "geometry": {
        "type": "Point",
        "coordinates": [
          131.6528462,
          33.2211802
        ]
      },
      "properties": {
        "内容": "バス停: 明野中町 (大分バス)",
        "name": "明野中町",
        "operator": "大分バス",
        "ref": "",
        "url": "",
        "url2": ""
      }
    },
    {
      "type": "Feature",
      "geometry": {
        "type": "Point",
        "coordinates": [
          131.5796782,
          33.2323656
        ]
      },
      "properties": {
        "内容": "バス停: スカイタウン高崎グランド前 (大分交通)",
        "name": "スカイタウン高崎グランド前",
        "operator": "大分交通",
        "ref": "",
        "url": "",
        "url2": ""
      }
    },
    {
      "type": "Feature",
      "geometry": {
        "type": "Point",
        "coordinates": [
          131.5775303,
          33.2333718
        ]
      },
      "properties": {
        "内容": "バス停: 高崎四丁目 (大分交通)",
        "name": "高崎四丁目",
        "operator": "大分交通",
        "ref": "",
        "url": "",
        "url2": ""
      }
    },
    {
      "type": "Feature",
      "geometry": {
        "type": "Point",
        "coordinates": [
          131.5799662,
          33.235157
        ]
      },
      "properties": {
        "内容": "バス停: かなりや公園前 (大分交通)",
        "name": "かなりや公園前",
        "operator": "大分交通",
        "ref": "",
        "url": "",
        "url2": ""
      }
    },
    {
      "type": "Feature",
      "geometry": {
        "type": "Point",
        "coordinates": [
          131.5827306,
          33.2352717
        ]
      },
      "properties": {
        "内容": "バス停: 高崎一丁目 (大分交通)",
        "name": "高崎一丁目",
        "operator": "大分交通",
        "ref": "",
        "url": "",
        "url2": ""
      }
    },
    {
      "type": "Feature",
      "geometry": {
        "type": "Point",
        "coordinates": [
          131.5824879,
          33.2346789
        ]
      },
      "properties": {
        "内容": "バス停: 高崎一丁目 (大分交通)",
        "name": "高崎一丁目",
        "operator": "大分交通",
        "ref": "",
        "url": "",
        "url2": ""
      }
    },
    {
      "type": "Feature",
      "geometry": {
        "type": "Point",
        "coordinates": [
          131.5831481,
          33.23642
        ]
      },
      "properties": {
        "内容": "バス停: スカイタウン高崎入口 (大分交通)",
        "name": "スカイタウン高崎入口",
        "operator": "大分交通",
        "ref": "",
        "url": "",
        "url2": ""
      }
    },
    {
      "type": "Feature",
      "geometry": {
        "type": "Point",
        "coordinates": [
          131.5832648,
          33.2364821
        ]
      },
      "properties": {
        "内容": "バス停: スカイタウン高崎入口 (大分交通)",
        "name": "スカイタウン高崎入口",
        "operator": "大分交通",
        "ref": "",
        "url": "",
        "url2": ""
      }
    },
    {
      "type": "Feature",
      "geometry": {
        "type": "Point",
        "coordinates": [
          131.9025163,
          32.9727126
        ]
      },
      "properties": {
        "内容": "バス停: 佐伯駅前 (大分バス)",
        "name": "佐伯駅前",
        "operator": "大分バス",
        "ref": "1",
        "url": "",
        "url2": ""
      }
    },
    {
      "type": "Feature",
      "geometry": {
        "type": "Point",
        "coordinates": [
          131.902866,
          32.969515
        ]
      },
      "properties": {
        "内容": "バス停: 平野入口",
        "name": "平野入口",
        "operator": "事業者不明",
        "ref": "",
        "url": "",
        "url2": ""
      }
    },
    {
      "type": "Feature",
      "geometry": {
        "type": "Point",
        "coordinates": [
          131.9027884,
          32.9696106
        ]
      },
      "properties": {
        "内容": "バス停: 平野入口",
        "name": "平野入口",
        "operator": "事業者不明",
        "ref": "",
        "url": "",
        "url2": ""
      }
    },
    {
      "type": "Feature",
      "geometry": {
        "type": "Point",
        "coordinates": [
          131.9019441,
          32.9669673
        ]
      },
      "properties": {
        "内容": "バス停: 蟹田 (大分バス)",
        "name": "蟹田",
        "operator": "大分バス",
        "ref": "",
        "url": "",
        "url2": ""
      }
    },
    {
      "type": "Feature",
      "geometry": {
        "type": "Point",
        "coordinates": [
          131.9018615,
          32.9669688
        ]
      },
      "properties": {
        "内容": "バス停: 蟹田 (大分バス)",
        "name": "蟹田",
        "operator": "大分バス",
        "ref": "",
        "url": "",
        "url2": ""
      }
    },
    {
      "type": "Feature",
      "geometry": {
        "type": "Point",
        "coordinates": [
          131.9015028,
          32.966029
        ]
      },
      "properties": {
        "内容": "バス停: 中央通り四丁目 (大分バス)",
        "name": "中央通り四丁目",
        "operator": "大分バス",
        "ref": "",
        "url": "",
        "url2": ""
      }
    },
    {
      "type": "Feature",
      "geometry": {
        "type": "Point",
        "coordinates": [
          131.9012056,
          32.9656083
        ]
      },
      "properties": {
        "内容": "バス停: 中央通り四丁目 (大分バス)",
        "name": "中央通り四丁目",
        "operator": "大分バス",
        "ref": "",
        "url": "",
        "url2": ""
      }
    },
    {
      "type": "Feature",
      "geometry": {
        "type": "Point",
        "coordinates": [
          131.9005331,
          32.963994
        ]
      },
      "properties": {
        "内容": "バス停: 中央通り三丁目 (大分バス)",
        "name": "中央通り三丁目",
        "operator": "大分バス",
        "ref": "",
        "url": "",
        "url2": ""
      }
    },
    {
      "type": "Feature",
      "geometry": {
        "type": "Point",
        "coordinates": [
          131.9000644,
          32.9631584
        ]
      },
      "properties": {
        "内容": "バス停: 中央通り三丁目 (大分バス)",
        "name": "中央通り三丁目",
        "operator": "大分バス",
        "ref": "",
        "url": "",
        "url2": ""
      }
    },
    {
      "type": "Feature",
      "geometry": {
        "type": "Point",
        "coordinates": [
          131.8997417,
          32.9622833
        ]
      },
      "properties": {
        "内容": "バス停: 中央通り二丁目 (大分バス)",
        "name": "中央通り二丁目",
        "operator": "大分バス",
        "ref": "",
        "url": "",
        "url2": ""
      }
    },
    {
      "type": "Feature",
      "geometry": {
        "type": "Point",
        "coordinates": [
          131.8990858,
          32.9612218
        ]
      },
      "properties": {
        "内容": "バス停: 中央通り二丁目 (大分バス)",
        "name": "中央通り二丁目",
        "operator": "大分バス",
        "ref": "",
        "url": "",
        "url2": ""
      }
    },
    {
      "type": "Feature",
      "geometry": {
        "type": "Point",
        "coordinates": [
          131.7157406,
          32.8407341
        ]
      },
      "properties": {
        "内容": "バス停: 重岡駅前",
        "name": "重岡駅前",
        "operator": "事業者不明",
        "ref": "",
        "url": "",
        "url2": ""
      }
    },
    {
      "type": "Feature",
      "geometry": {
        "type": "Point",
        "coordinates": [
          131.8984821,
          32.9576473
        ]
      },
      "properties": {
        "内容": "バス停: 保健所前 (大分バス)",
        "name": "保健所前",
        "operator": "大分バス",
        "ref": "",
        "url": "",
        "url2": ""
      }
    },
    {
      "type": "Feature",
      "geometry": {
        "type": "Point",
        "coordinates": [
          131.89834,
          32.9576137
        ]
      },
      "properties": {
        "内容": "バス停: 保健所前",
        "name": "保健所前",
        "operator": "事業者不明",
        "ref": "",
        "url": "",
        "url2": ""
      }
    },
    {
      "type": "Feature",
      "geometry": {
        "type": "Point",
        "coordinates": [
          131.9025377,
          32.9545551
        ]
      },
      "properties": {
        "内容": "バス停: 中の島東町 (大分バス)",
        "name": "中の島東町",
        "operator": "大分バス",
        "ref": "",
        "url": "",
        "url2": ""
      }
    },
    {
      "type": "Feature",
      "geometry": {
        "type": "Point",
        "coordinates": [
          131.9026455,
          32.9545402
        ]
      },
      "properties": {
        "内容": "バス停: 中の島東町 (大分バス)",
        "name": "中の島東町",
        "operator": "大分バス",
        "ref": "",
        "url": "",
        "url2": ""
      }
    },
    {
      "type": "Feature",
      "geometry": {
        "type": "Point",
        "coordinates": [
          131.9017363,
          32.9461534
        ]
      },
      "properties": {
        "内容": "バス停: 蛇崎 (大分バス)",
        "name": "蛇崎",
        "operator": "大分バス",
        "ref": "",
        "url": "",
        "url2": ""
      }
    },
    {
      "type": "Feature",
      "geometry": {
        "type": "Point",
        "coordinates": [
          131.9017005,
          32.9460097
        ]
      },
      "properties": {
        "内容": "バス停: 蛇崎 (大分バス)",
        "name": "蛇崎",
        "operator": "大分バス",
        "ref": "",
        "url": "",
        "url2": ""
      }
    },
    {
      "type": "Feature",
      "geometry": {
        "type": "Point",
        "coordinates": [
          131.9083388,
          32.9439285
        ]
      },
      "properties": {
        "内容": "バス停: 茶屋ヶ鼻（鶴見線） (大分バス)",
        "name": "茶屋ヶ鼻（鶴見線）",
        "operator": "大分バス",
        "ref": "",
        "url": "",
        "url2": ""
      }
    },
    {
      "type": "Feature",
      "geometry": {
        "type": "Point",
        "coordinates": [
          131.9083911,
          32.9438612
        ]
      },
      "properties": {
        "内容": "バス停: 茶屋ヶ鼻（鶴見線） (大分バス)",
        "name": "茶屋ヶ鼻（鶴見線）",
        "operator": "大分バス",
        "ref": "",
        "url": "",
        "url2": ""
      }
    },
    {
      "type": "Feature",
      "geometry": {
        "type": "Point",
        "coordinates": [
          131.912647,
          32.9455745
        ]
      },
      "properties": {
        "内容": "バス停: 鳥越 (大分バス)",
        "name": "鳥越",
        "operator": "大分バス",
        "ref": "",
        "url": "",
        "url2": ""
      }
    },
    {
      "type": "Feature",
      "geometry": {
        "type": "Point",
        "coordinates": [
          131.9194541,
          32.9470421
        ]
      },
      "properties": {
        "内容": "バス停: 入江橋 (大分バス)",
        "name": "入江橋",
        "operator": "大分バス",
        "ref": "",
        "url": "",
        "url2": ""
      }
    },
    {
      "type": "Feature",
      "geometry": {
        "type": "Point",
        "coordinates": [
          131.9193374,
          32.946986
        ]
      },
      "properties": {
        "内容": "バス停: 入江橋 (大分バス)",
        "name": "入江橋",
        "operator": "大分バス",
        "ref": "",
        "url": "",
        "url2": ""
      }
    },
    {
      "type": "Feature",
      "geometry": {
        "type": "Point",
        "coordinates": [
          131.9212175,
          32.9473451
        ]
      },
      "properties": {
        "内容": "バス停: 東入口 (大分バス)",
        "name": "東入口",
        "operator": "大分バス",
        "ref": "",
        "url": "",
        "url2": ""
      }
    },
    {
      "type": "Feature",
      "geometry": {
        "type": "Point",
        "coordinates": [
          131.9213248,
          32.9472483
        ]
      },
      "properties": {
        "内容": "バス停: 東入口 (大分バス)",
        "name": "東入口",
        "operator": "大分バス",
        "ref": "",
        "url": "",
        "url2": ""
      }
    },
    {
      "type": "Feature",
      "geometry": {
        "type": "Point",
        "coordinates": [
          131.9239474,
          32.9505671
        ]
      },
      "properties": {
        "内容": "バス停: 三九郎谷 (大分バス)",
        "name": "三九郎谷",
        "operator": "大分バス",
        "ref": "",
        "url": "",
        "url2": ""
      }
    },
    {
      "type": "Feature",
      "geometry": {
        "type": "Point",
        "coordinates": [
          131.9240896,
          32.9505426
        ]
      },
      "properties": {
        "内容": "バス停: 三九郎谷 (大分バス)",
        "name": "三九郎谷",
        "operator": "大分バス",
        "ref": "",
        "url": "",
        "url2": ""
      }
    },
    {
      "type": "Feature",
      "geometry": {
        "type": "Point",
        "coordinates": [
          131.9277777,
          32.9546964
        ]
      },
      "properties": {
        "内容": "バス停: 下の浜 (大分バス)",
        "name": "下の浜",
        "operator": "大分バス",
        "ref": "",
        "url": "",
        "url2": ""
      }
    },
    {
      "type": "Feature",
      "geometry": {
        "type": "Point",
        "coordinates": [
          131.927727,
          32.9545954
        ]
      },
      "properties": {
        "内容": "バス停: 下の浜 (大分バス)",
        "name": "下の浜",
        "operator": "大分バス",
        "ref": "",
        "url": "",
        "url2": ""
      }
    },
    {
      "type": "Feature",
      "geometry": {
        "type": "Point",
        "coordinates": [
          131.9389793,
          32.9520211
        ]
      },
      "properties": {
        "内容": "バス停: 吹浦 (大分バス)",
        "name": "吹浦",
        "operator": "大分バス",
        "ref": "",
        "url": "",
        "url2": ""
      }
    },
    {
      "type": "Feature",
      "geometry": {
        "type": "Point",
        "coordinates": [
          131.9390276,
          32.9519198
        ]
      },
      "properties": {
        "内容": "バス停: 吹浦 (大分バス)",
        "name": "吹浦",
        "operator": "大分バス",
        "ref": "",
        "url": "",
        "url2": ""
      }
    },
    {
      "type": "Feature",
      "geometry": {
        "type": "Point",
        "coordinates": [
          131.9404204,
          32.9532352
        ]
      },
      "properties": {
        "内容": "バス停: 央区前 (大分バス)",
        "name": "央区前",
        "operator": "大分バス",
        "ref": "",
        "url": "",
        "url2": ""
      }
    },
    {
      "type": "Feature",
      "geometry": {
        "type": "Point",
        "coordinates": [
          131.94049,
          32.9531795
        ]
      },
      "properties": {
        "内容": "バス停: 央区前 (大分バス)",
        "name": "央区前",
        "operator": "大分バス",
        "ref": "",
        "url": "",
        "url2": ""
      }
    },
    {
      "type": "Feature",
      "geometry": {
        "type": "Point",
        "coordinates": [
          131.9448417,
          32.955163
        ]
      },
      "properties": {
        "内容": "バス停: 大河原 (大分バス)",
        "name": "大河原",
        "operator": "大分バス",
        "ref": "",
        "url": "",
        "url2": ""
      }
    },
    {
      "type": "Feature",
      "geometry": {
        "type": "Point",
        "coordinates": [
          131.9449382,
          32.9550311
        ]
      },
      "properties": {
        "内容": "バス停: 大河原 (大分バス)",
        "name": "大河原",
        "operator": "大分バス",
        "ref": "",
        "url": "",
        "url2": ""
      }
    },
    {
      "type": "Feature",
      "geometry": {
        "type": "Point",
        "coordinates": [
          131.9454585,
          32.9576629
        ]
      },
      "properties": {
        "内容": "バス停: 鯛網代 (大分バス)",
        "name": "鯛網代",
        "operator": "大分バス",
        "ref": "",
        "url": "",
        "url2": ""
      }
    },
    {
      "type": "Feature",
      "geometry": {
        "type": "Point",
        "coordinates": [
          131.9455334,
          32.957748
        ]
      },
      "properties": {
        "内容": "バス停: 鯛網代 (大分バス)",
        "name": "鯛網代",
        "operator": "大分バス",
        "ref": "",
        "url": "",
        "url2": ""
      }
    },
    {
      "type": "Feature",
      "geometry": {
        "type": "Point",
        "coordinates": [
          131.9540401,
          32.950748
        ]
      },
      "properties": {
        "内容": "バス停: 外小浦 (大分バス)",
        "name": "外小浦",
        "operator": "大分バス",
        "ref": "",
        "url": "",
        "url2": ""
      }
    },
    {
      "type": "Feature",
      "geometry": {
        "type": "Point",
        "coordinates": [
          131.9538746,
          32.9505989
        ]
      },
      "properties": {
        "内容": "バス停: 外小浦 (大分バス)",
        "name": "外小浦",
        "operator": "大分バス",
        "ref": "",
        "url": "",
        "url2": ""
      }
    },
    {
      "type": "Feature",
      "geometry": {
        "type": "Point",
        "coordinates": [
          131.9556881,
          32.9493534
        ]
      },
      "properties": {
        "内容": "バス停: 中小浦 (大分バス)",
        "name": "中小浦",
        "operator": "大分バス",
        "ref": "",
        "url": "",
        "url2": ""
      }
    },
    {
      "type": "Feature",
      "geometry": {
        "type": "Point",
        "coordinates": [
          131.9555131,
          32.949298
        ]
      },
      "properties": {
        "内容": "バス停: 中小浦 (大分バス)",
        "name": "中小浦",
        "operator": "大分バス",
        "ref": "",
        "url": "",
        "url2": ""
      }
    },
    {
      "type": "Feature",
      "geometry": {
        "type": "Point",
        "coordinates": [
          131.9581732,
          32.9470526
        ]
      },
      "properties": {
        "内容": "バス停: 地松浦入口 (大分バス)",
        "name": "地松浦入口",
        "operator": "大分バス",
        "ref": "",
        "url": "",
        "url2": ""
      }
    },
    {
      "type": "Feature",
      "geometry": {
        "type": "Point",
        "coordinates": [
          131.9580293,
          32.9469515
        ]
      },
      "properties": {
        "内容": "バス停: 地松浦入口 (大分バス)",
        "name": "地松浦入口",
        "operator": "大分バス",
        "ref": "",
        "url": "",
        "url2": ""
      }
    },
    {
      "type": "Feature",
      "geometry": {
        "type": "Point",
        "coordinates": [
          131.9594201,
          32.9456082
        ]
      },
      "properties": {
        "内容": "バス停: 地松浦 (大分バス)",
        "name": "地松浦",
        "operator": "大分バス",
        "ref": "",
        "url": "",
        "url2": ""
      }
    },
    {
      "type": "Feature",
      "geometry": {
        "type": "Point",
        "coordinates": [
          131.9593573,
          32.9454349
        ]
      },
      "properties": {
        "内容": "バス停: 地松浦 (大分バス)",
        "name": "地松浦",
        "operator": "大分バス",
        "ref": "",
        "url": "",
        "url2": ""
      }
    },
    {
      "type": "Feature",
      "geometry": {
        "type": "Point",
        "coordinates": [
          131.9604809,
          32.944431
        ]
      },
      "properties": {
        "内容": "バス停: 鶴見振興局入口 (大分バス)",
        "name": "鶴見振興局入口",
        "operator": "大分バス",
        "ref": "",
        "url": "",
        "url2": ""
      }
    },
    {
      "type": "Feature",
      "geometry": {
        "type": "Point",
        "coordinates": [
          131.9603892,
          32.9443807
        ]
      },
      "properties": {
        "内容": "バス停: 鶴見振興局入口 (大分バス)",
        "name": "鶴見振興局入口",
        "operator": "大分バス",
        "ref": "",
        "url": "",
        "url2": ""
      }
    },
    {
      "type": "Feature",
      "geometry": {
        "type": "Point",
        "coordinates": [
          131.9625919,
          32.9428213
        ]
      },
      "properties": {
        "内容": "バス停: 鶴見地区公民館 (大分バス)",
        "name": "鶴見地区公民館",
        "operator": "大分バス",
        "ref": "",
        "url": "",
        "url2": ""
      }
    },
    {
      "type": "Feature",
      "geometry": {
        "type": "Point",
        "coordinates": [
          131.9023372,
          32.9727514
        ]
      },
      "properties": {
        "内容": "バス停: 佐伯駅前 (大分バス)",
        "name": "佐伯駅前",
        "operator": "大分バス",
        "ref": "2",
        "url": "",
        "url2": ""
      }
    },
    {
      "type": "Feature",
      "geometry": {
        "type": "Point",
        "coordinates": [
          131.8632943,
          32.9558695
        ]
      },
      "properties": {
        "内容": "バス停: 上岡 (大分バス)",
        "name": "上岡",
        "operator": "大分バス",
        "ref": "",
        "url": "",
        "url2": ""
      }
    },
    {
      "type": "Feature",
      "geometry": {
        "type": "Point",
        "coordinates": [
          131.8627855,
          32.9554854
        ]
      },
      "properties": {
        "内容": "バス停: 上岡 (大分バス)",
        "name": "上岡",
        "operator": "大分バス",
        "ref": "",
        "url": "",
        "url2": ""
      }
    },
    {
      "type": "Feature",
      "geometry": {
        "type": "Point",
        "coordinates": [
          131.7062669,
          32.7856064
        ]
      },
      "properties": {
        "内容": "バス停: 宗太郎",
        "name": "宗太郎",
        "operator": "事業者不明",
        "ref": "",
        "url": "",
        "url2": ""
      }
    },
    {
      "type": "Feature",
      "geometry": {
        "type": "Point",
        "coordinates": [
          131.8954028,
          32.9556197
        ]
      },
      "properties": {
        "内容": "バス停: 広小路 (大分バス株式会社)",
        "name": "広小路",
        "operator": "大分バス株式会社",
        "ref": "",
        "url": "",
        "url2": ""
      }
    },
    {
      "type": "Feature",
      "geometry": {
        "type": "Point",
        "coordinates": [
          131.8953411,
          32.9556299
        ]
      },
      "properties": {
        "内容": "バス停: 広小路 (大分バス株式会社)",
        "name": "広小路",
        "operator": "大分バス株式会社",
        "ref": "",
        "url": "",
        "url2": ""
      }
    },
    {
      "type": "Feature",
      "geometry": {
        "type": "Point",
        "coordinates": [
          131.8951522,
          32.9542557
        ]
      },
      "properties": {
        "内容": "バス停: 船頭町 (大分バス株式会社)",
        "name": "船頭町",
        "operator": "大分バス株式会社",
        "ref": "",
        "url": "",
        "url2": ""
      }
    },
    {
      "type": "Feature",
      "geometry": {
        "type": "Point",
        "coordinates": [
          131.8949581,
          32.9542419
        ]
      },
      "properties": {
        "内容": "バス停: 船頭町 (大分バス株式会社)",
        "name": "船頭町",
        "operator": "大分バス株式会社",
        "ref": "",
        "url": "",
        "url2": ""
      }
    },
    {
      "type": "Feature",
      "geometry": {
        "type": "Point",
        "coordinates": [
          131.889415,
          32.9555467
        ]
      },
      "properties": {
        "内容": "バス停: 角石 (大分バス株式会社)",
        "name": "角石",
        "operator": "大分バス株式会社",
        "ref": "",
        "url": "",
        "url2": ""
      }
    },
    {
      "type": "Feature",
      "geometry": {
        "type": "Point",
        "coordinates": [
          131.889401,
          32.9554477
        ]
      },
      "properties": {
        "内容": "バス停: 角石 (大分バス株式会社)",
        "name": "角石",
        "operator": "大分バス株式会社",
        "ref": "",
        "url": "",
        "url2": ""
      }
    },
    {
      "type": "Feature",
      "geometry": {
        "type": "Point",
        "coordinates": [
          131.8797167,
          32.9582099
        ]
      },
      "properties": {
        "内容": "バス停: 藤原 (大分バス株式会社)",
        "name": "藤原",
        "operator": "大分バス株式会社",
        "ref": "",
        "url": "",
        "url2": ""
      }
    },
    {
      "type": "Feature",
      "geometry": {
        "type": "Point",
        "coordinates": [
          131.8796833,
          32.9580998
        ]
      },
      "properties": {
        "内容": "バス停: 藤原 (大分バス株式会社)",
        "name": "藤原",
        "operator": "大分バス株式会社",
        "ref": "",
        "url": "",
        "url2": ""
      }
    },
    {
      "type": "Feature",
      "geometry": {
        "type": "Point",
        "coordinates": [
          131.8754945,
          32.9593671
        ]
      },
      "properties": {
        "内容": "バス停: 勝尾 (大分バス株式会社)",
        "name": "勝尾",
        "operator": "大分バス株式会社",
        "ref": "",
        "url": "",
        "url2": ""
      }
    },
    {
      "type": "Feature",
      "geometry": {
        "type": "Point",
        "coordinates": [
          131.8754662,
          32.9592591
        ]
      },
      "properties": {
        "内容": "バス停: 勝尾 (大分バス株式会社)",
        "name": "勝尾",
        "operator": "大分バス株式会社",
        "ref": "",
        "url": "",
        "url2": ""
      }
    },
    {
      "type": "Feature",
      "geometry": {
        "type": "Point",
        "coordinates": [
          131.8688897,
          32.9592915
        ]
      },
      "properties": {
        "内容": "バス停: 下川成 (大分バス株式会社)",
        "name": "下川成",
        "operator": "大分バス株式会社",
        "ref": "",
        "url": "",
        "url2": ""
      }
    },
    {
      "type": "Feature",
      "geometry": {
        "type": "Point",
        "coordinates": [
          131.8689386,
          32.9591879
        ]
      },
      "properties": {
        "内容": "バス停: 下川成 (大分バス株式会社)",
        "name": "下川成",
        "operator": "大分バス株式会社",
        "ref": "",
        "url": "",
        "url2": ""
      }
    },
    {
      "type": "Feature",
      "geometry": {
        "type": "Point",
        "coordinates": [
          131.8654523,
          32.9575255
        ]
      },
      "properties": {
        "内容": "バス停: 一本松 (大分バス株式会社)",
        "name": "一本松",
        "operator": "大分バス株式会社",
        "ref": "",
        "url": "",
        "url2": ""
      }
    },
    {
      "type": "Feature",
      "geometry": {
        "type": "Point",
        "coordinates": [
          131.8655578,
          32.9574651
        ]
      },
      "properties": {
        "内容": "バス停: 一本松 (大分バス株式会社)",
        "name": "一本松",
        "operator": "大分バス株式会社",
        "ref": "",
        "url": "",
        "url2": ""
      }
    },
    {
      "type": "Feature",
      "geometry": {
        "type": "Point",
        "coordinates": [
          131.4798735,
          33.3211459
        ]
      },
      "properties": {
        "内容": "バス停: 名称不明バス停",
        "name": "名称不明バス停",
        "operator": "事業者不明",
        "ref": "",
        "url": "",
        "url2": ""
      }
    },
    {
      "type": "Feature",
      "geometry": {
        "type": "Point",
        "coordinates": [
          131.4797906,
          33.3211805
        ]
      },
      "properties": {
        "内容": "バス停: 名称不明バス停",
        "name": "名称不明バス停",
        "operator": "事業者不明",
        "ref": "",
        "url": "",
        "url2": ""
      }
    },
    {
      "type": "Feature",
      "geometry": {
        "type": "Point",
        "coordinates": [
          131.6240612,
          33.1874061
        ]
      },
      "properties": {
        "内容": "バス停: 敷戸中央 (大分バス)",
        "name": "敷戸中央",
        "operator": "大分バス",
        "ref": "",
        "url": "",
        "url2": ""
      }
    },
    {
      "type": "Feature",
      "geometry": {
        "type": "Point",
        "coordinates": [
          131.6240699,
          33.1873125
        ]
      },
      "properties": {
        "内容": "バス停: 敷戸中央 (大分バス)",
        "name": "敷戸中央",
        "operator": "大分バス",
        "ref": "",
        "url": "",
        "url2": ""
      }
    },
    {
      "type": "Feature",
      "geometry": {
        "type": "Point",
        "coordinates": [
          131.6260729,
          33.1887485
        ]
      },
      "properties": {
        "内容": "バス停: 敷戸東 (大分バス)",
        "name": "敷戸東",
        "operator": "大分バス",
        "ref": "",
        "url": "",
        "url2": ""
      }
    },
    {
      "type": "Feature",
      "geometry": {
        "type": "Point",
        "coordinates": [
          131.6261976,
          33.1887714
        ]
      },
      "properties": {
        "内容": "バス停: 敷戸東 (大分バス)",
        "name": "敷戸東",
        "operator": "大分バス",
        "ref": "",
        "url": "",
        "url2": ""
      }
    },
    {
      "type": "Feature",
      "geometry": {
        "type": "Point",
        "coordinates": [
          131.6264634,
          33.1900874
        ]
      },
      "properties": {
        "内容": "バス停: 敷戸北 (大分バス)",
        "name": "敷戸北",
        "operator": "大分バス",
        "ref": "",
        "url": "",
        "url2": ""
      }
    },
    {
      "type": "Feature",
      "geometry": {
        "type": "Point",
        "coordinates": [
          131.6223056,
          33.1863349
        ]
      },
      "properties": {
        "内容": "バス停: 敷戸南 (大分バス)",
        "name": "敷戸南",
        "operator": "大分バス",
        "ref": "",
        "url": "",
        "url2": ""
      }
    },
    {
      "type": "Feature",
      "geometry": {
        "type": "Point",
        "coordinates": [
          131.6187412,
          33.187348
        ]
      },
      "properties": {
        "内容": "バス停: 敷戸西 (大分バス)",
        "name": "敷戸西",
        "operator": "大分バス",
        "ref": "",
        "url": "",
        "url2": ""
      }
    },
    {
      "type": "Feature",
      "geometry": {
        "type": "Point",
        "coordinates": [
          131.6194309,
          33.1871882
        ]
      },
      "properties": {
        "内容": "バス停: 敷戸西 (大分バス)",
        "name": "敷戸西",
        "operator": "大分バス",
        "ref": "",
        "url": "",
        "url2": ""
      }
    },
    {
      "type": "Feature",
      "geometry": {
        "type": "Point",
        "coordinates": [
          131.9060926,
          32.9520831
        ]
      },
      "properties": {
        "内容": "バス停: 女島橋 (佐伯市)",
        "name": "女島橋",
        "operator": "佐伯市",
        "ref": "",
        "url": "",
        "url2": ""
      }
    },
    {
      "type": "Feature",
      "geometry": {
        "type": "Point",
        "coordinates": [
          131.9059412,
          32.952077
        ]
      },
      "properties": {
        "内容": "バス停: 女島橋 (佐伯市)",
        "name": "女島橋",
        "operator": "佐伯市",
        "ref": "",
        "url": "",
        "url2": ""
      }
    },
    {
      "type": "Feature",
      "geometry": {
        "type": "Point",
        "coordinates": [
          131.9019481,
          32.9749086
        ]
      },
      "properties": {
        "内容": "バス停: 港公園入口 (佐伯市)",
        "name": "港公園入口",
        "operator": "佐伯市",
        "ref": "",
        "url": "",
        "url2": ""
      }
    },
    {
      "type": "Feature",
      "geometry": {
        "type": "Point",
        "coordinates": [
          131.9020154,
          32.9749142
        ]
      },
      "properties": {
        "内容": "バス停: 港公園入口 (佐伯市)",
        "name": "港公園入口",
        "operator": "佐伯市",
        "ref": "",
        "url": "",
        "url2": ""
      }
    },
    {
      "type": "Feature",
      "geometry": {
        "type": "Point",
        "coordinates": [
          131.902943,
          32.9773978
        ]
      },
      "properties": {
        "内容": "バス停: 春日通り (佐伯市)",
        "name": "春日通り",
        "operator": "佐伯市",
        "ref": "",
        "url": "",
        "url2": ""
      }
    },
    {
      "type": "Feature",
      "geometry": {
        "type": "Point",
        "coordinates": [
          131.9029977,
          32.9774809
        ]
      },
      "properties": {
        "内容": "バス停: 春日通り (佐伯市)",
        "name": "春日通り",
        "operator": "佐伯市",
        "ref": "",
        "url": "",
        "url2": ""
      }
    },
    {
      "type": "Feature",
      "geometry": {
        "type": "Point",
        "coordinates": [
          131.9028587,
          32.9786623
        ]
      },
      "properties": {
        "内容": "バス停: 葛港 (佐伯市)",
        "name": "葛港",
        "operator": "佐伯市",
        "ref": "",
        "url": "",
        "url2": ""
      }
    },
    {
      "type": "Feature",
      "geometry": {
        "type": "Point",
        "coordinates": [
          131.9029287,
          32.9787462
        ]
      },
      "properties": {
        "内容": "バス停: 葛港 (佐伯市)",
        "name": "葛港",
        "operator": "佐伯市",
        "ref": "",
        "url": "",
        "url2": ""
      }
    },
    {
      "type": "Feature",
      "geometry": {
        "type": "Point",
        "coordinates": [
          131.8945955,
          32.9522894
        ]
      },
      "properties": {
        "内容": "バス停: 池船 (佐伯市)",
        "name": "池船",
        "operator": "佐伯市",
        "ref": "",
        "url": "",
        "url2": ""
      }
    },
    {
      "type": "Feature",
      "geometry": {
        "type": "Point",
        "coordinates": [
          131.8945294,
          32.952306
        ]
      },
      "properties": {
        "内容": "バス停: 池船 (佐伯市)",
        "name": "池船",
        "operator": "佐伯市",
        "ref": "",
        "url": "",
        "url2": ""
      }
    },
    {
      "type": "Feature",
      "geometry": {
        "type": "Point",
        "coordinates": [
          131.9077405,
          32.9432983
        ]
      },
      "properties": {
        "内容": "バス停: 茶屋ヶ鼻 (佐伯市)",
        "name": "茶屋ヶ鼻",
        "operator": "佐伯市",
        "ref": "",
        "url": "",
        "url2": ""
      }
    },
    {
      "type": "Feature",
      "geometry": {
        "type": "Point",
        "coordinates": [
          131.9076441,
          32.9431173
        ]
      },
      "properties": {
        "内容": "バス停: 茶屋ヶ鼻 (佐伯市)",
        "name": "茶屋ヶ鼻",
        "operator": "佐伯市",
        "ref": "",
        "url": "",
        "url2": ""
      }
    },
    {
      "type": "Feature",
      "geometry": {
        "type": "Point",
        "coordinates": [
          131.9100902,
          32.9418779
        ]
      },
      "properties": {
        "内容": "バス停: 津市河内橋 (佐伯市)",
        "name": "津市河内橋",
        "operator": "佐伯市",
        "ref": "",
        "url": "",
        "url2": ""
      }
    },
    {
      "type": "Feature",
      "geometry": {
        "type": "Point",
        "coordinates": [
          131.9100192,
          32.9417693
        ]
      },
      "properties": {
        "内容": "バス停: 津市河内橋 (佐伯市)",
        "name": "津市河内橋",
        "operator": "佐伯市",
        "ref": "",
        "url": "",
        "url2": ""
      }
    },
    {
      "type": "Feature",
      "geometry": {
        "type": "Point",
        "coordinates": [
          131.9177549,
          32.9366511
        ]
      },
      "properties": {
        "内容": "バス停: 須留木 (佐伯市)",
        "name": "須留木",
        "operator": "佐伯市",
        "ref": "",
        "url": "",
        "url2": ""
      }
    },
    {
      "type": "Feature",
      "geometry": {
        "type": "Point",
        "coordinates": [
          131.9176838,
          32.9365574
        ]
      },
      "properties": {
        "内容": "バス停: 須留木 (佐伯市)",
        "name": "須留木",
        "operator": "佐伯市",
        "ref": "",
        "url": "",
        "url2": ""
      }
    },
    {
      "type": "Feature",
      "geometry": {
        "type": "Point",
        "coordinates": [
          131.9222731,
          32.9329933
        ]
      },
      "properties": {
        "内容": "バス停: 土井 (佐伯市)",
        "name": "土井",
        "operator": "佐伯市",
        "ref": "",
        "url": "",
        "url2": ""
      }
    },
    {
      "type": "Feature",
      "geometry": {
        "type": "Point",
        "coordinates": [
          131.9221477,
          32.932957
        ]
      },
      "properties": {
        "内容": "バス停: 土井 (佐伯市)",
        "name": "土井",
        "operator": "佐伯市",
        "ref": "",
        "url": "",
        "url2": ""
      }
    },
    {
      "type": "Feature",
      "geometry": {
        "type": "Point",
        "coordinates": [
          131.9248703,
          32.931226
        ]
      },
      "properties": {
        "内容": "バス停: 築良田 (佐伯市)",
        "name": "築良田",
        "operator": "佐伯市",
        "ref": "",
        "url": "",
        "url2": ""
      }
    },
    {
      "type": "Feature",
      "geometry": {
        "type": "Point",
        "coordinates": [
          131.9248119,
          32.9310833
        ]
      },
      "properties": {
        "内容": "バス停: 築良田 (佐伯市)",
        "name": "築良田",
        "operator": "佐伯市",
        "ref": "",
        "url": "",
        "url2": ""
      }
    },
    {
      "type": "Feature",
      "geometry": {
        "type": "Point",
        "coordinates": [
          131.9314015,
          32.9276914
        ]
      },
      "properties": {
        "内容": "バス停: 岡の下 (佐伯市)",
        "name": "岡の下",
        "operator": "佐伯市",
        "ref": "",
        "url": "",
        "url2": ""
      }
    },
    {
      "type": "Feature",
      "geometry": {
        "type": "Point",
        "coordinates": [
          131.9313808,
          32.9275707
        ]
      },
      "properties": {
        "内容": "バス停: 岡の下 (佐伯市)",
        "name": "岡の下",
        "operator": "佐伯市",
        "ref": "",
        "url": "",
        "url2": ""
      }
    },
    {
      "type": "Feature",
      "geometry": {
        "type": "Point",
        "coordinates": [
          131.9332194,
          32.9270503
        ]
      },
      "properties": {
        "内容": "バス停: 岡 (佐伯市)",
        "name": "岡",
        "operator": "佐伯市",
        "ref": "",
        "url": "",
        "url2": ""
      }
    },
    {
      "type": "Feature",
      "geometry": {
        "type": "Point",
        "coordinates": [
          131.9331101,
          32.9269161
        ]
      },
      "properties": {
        "内容": "バス停: 岡 (佐伯市)",
        "name": "岡",
        "operator": "佐伯市",
        "ref": "",
        "url": "",
        "url2": ""
      }
    },
    {
      "type": "Feature",
      "geometry": {
        "type": "Point",
        "coordinates": [
          131.9366721,
          32.9257068
        ]
      },
      "properties": {
        "内容": "バス停: 原 (佐伯市)",
        "name": "原",
        "operator": "佐伯市",
        "ref": "",
        "url": "",
        "url2": ""
      }
    },
    {
      "type": "Feature",
      "geometry": {
        "type": "Point",
        "coordinates": [
          131.9366182,
          32.9255486
        ]
      },
      "properties": {
        "内容": "バス停: 原 (佐伯市)",
        "name": "原",
        "operator": "佐伯市",
        "ref": "",
        "url": "",
        "url2": ""
      }
    },
    {
      "type": "Feature",
      "geometry": {
        "type": "Point",
        "coordinates": [
          131.9454367,
          32.9255282
        ]
      },
      "properties": {
        "内容": "バス停: 大野 (佐伯市)",
        "name": "大野",
        "operator": "佐伯市",
        "ref": "",
        "url": "",
        "url2": ""
      }
    },
    {
      "type": "Feature",
      "geometry": {
        "type": "Point",
        "coordinates": [
          131.9454532,
          32.925456
        ]
      },
      "properties": {
        "内容": "バス停: 大野 (佐伯市)",
        "name": "大野",
        "operator": "佐伯市",
        "ref": "",
        "url": "",
        "url2": ""
      }
    },
    {
      "type": "Feature",
      "geometry": {
        "type": "Point",
        "coordinates": [
          131.9494983,
          32.9266961
        ]
      },
      "properties": {
        "内容": "バス停: 松浦越 (佐伯市)",
        "name": "松浦越",
        "operator": "佐伯市",
        "ref": "",
        "url": "",
        "url2": ""
      }
    },
    {
      "type": "Feature",
      "geometry": {
        "type": "Point",
        "coordinates": [
          131.9494719,
          32.926593
        ]
      },
      "properties": {
        "内容": "バス停: 松浦越 (佐伯市)",
        "name": "松浦越",
        "operator": "佐伯市",
        "ref": "",
        "url": "",
        "url2": ""
      }
    },
    {
      "type": "Feature",
      "geometry": {
        "type": "Point",
        "coordinates": [
          131.5516069,
          33.2364663
        ]
      },
      "properties": {
        "内容": "バス停: 柞原",
        "name": "柞原",
        "operator": "事業者不明",
        "ref": "",
        "url": "",
        "url2": ""
      }
    },
    {
      "type": "Feature",
      "geometry": {
        "type": "Point",
        "coordinates": [
          131.8905709,
          32.9478972
        ]
      },
      "properties": {
        "内容": "バス停: 農協前 (佐伯市)",
        "name": "農協前",
        "operator": "佐伯市",
        "ref": "",
        "url": "",
        "url2": ""
      }
    },
    {
      "type": "Feature",
      "geometry": {
        "type": "Point",
        "coordinates": [
          131.8904497,
          32.947982
        ]
      },
      "properties": {
        "内容": "バス停: 農協前 (佐伯市)",
        "name": "農協前",
        "operator": "佐伯市",
        "ref": "",
        "url": "",
        "url2": ""
      }
    },
    {
      "type": "Feature",
      "geometry": {
        "type": "Point",
        "coordinates": [
          131.8894127,
          32.946185
        ]
      },
      "properties": {
        "内容": "バス停: 匠南団地入口 (佐伯市)",
        "name": "匠南団地入口",
        "operator": "佐伯市",
        "ref": "",
        "url": "",
        "url2": ""
      }
    },
    {
      "type": "Feature",
      "geometry": {
        "type": "Point",
        "coordinates": [
          131.889278,
          32.9462754
        ]
      },
      "properties": {
        "内容": "バス停: 匠南団地入口 (佐伯市)",
        "name": "匠南団地入口",
        "operator": "佐伯市",
        "ref": "",
        "url": "",
        "url2": ""
      }
    },
    {
      "type": "Feature",
      "geometry": {
        "type": "Point",
        "coordinates": [
          131.8879211,
          32.9438371
        ]
      },
      "properties": {
        "内容": "バス停: 中山 (佐伯市)",
        "name": "中山",
        "operator": "佐伯市",
        "ref": "",
        "url": "",
        "url2": ""
      }
    },
    {
      "type": "Feature",
      "geometry": {
        "type": "Point",
        "coordinates": [
          131.8877618,
          32.9439372
        ]
      },
      "properties": {
        "内容": "バス停: 中山 (佐伯市)",
        "name": "中山",
        "operator": "佐伯市",
        "ref": "",
        "url": "",
        "url2": ""
      }
    },
    {
      "type": "Feature",
      "geometry": {
        "type": "Point",
        "coordinates": [
          131.8831589,
          32.9395382
        ]
      },
      "properties": {
        "内容": "バス停: 東中山 (佐伯市)",
        "name": "東中山",
        "operator": "佐伯市",
        "ref": "",
        "url": "",
        "url2": ""
      }
    },
    {
      "type": "Feature",
      "geometry": {
        "type": "Point",
        "coordinates": [
          131.8831082,
          32.9397
        ]
      },
      "properties": {
        "内容": "バス停: 東中山 (佐伯市)",
        "name": "東中山",
        "operator": "佐伯市",
        "ref": "",
        "url": "",
        "url2": ""
      }
    },
    {
      "type": "Feature",
      "geometry": {
        "type": "Point",
        "coordinates": [
          131.8804742,
          32.9373659
        ]
      },
      "properties": {
        "内容": "バス停: 田淵 (佐伯市)",
        "name": "田淵",
        "operator": "佐伯市",
        "ref": "",
        "url": "",
        "url2": ""
      }
    },
    {
      "type": "Feature",
      "geometry": {
        "type": "Point",
        "coordinates": [
          131.8802662,
          32.9374596
        ]
      },
      "properties": {
        "内容": "バス停: 田淵 (佐伯市)",
        "name": "田淵",
        "operator": "佐伯市",
        "ref": "",
        "url": "",
        "url2": ""
      }
    },
    {
      "type": "Feature",
      "geometry": {
        "type": "Point",
        "coordinates": [
          131.8807026,
          32.9368506
        ]
      },
      "properties": {
        "内容": "バス停: 田淵 (佐伯市)",
        "name": "田淵",
        "operator": "佐伯市",
        "ref": "",
        "url": "",
        "url2": ""
      }
    },
    {
      "type": "Feature",
      "geometry": {
        "type": "Point",
        "coordinates": [
          131.8806163,
          32.9367398
        ]
      },
      "properties": {
        "内容": "バス停: 田淵 (佐伯市)",
        "name": "田淵",
        "operator": "佐伯市",
        "ref": "",
        "url": "",
        "url2": ""
      }
    },
    {
      "type": "Feature",
      "geometry": {
        "type": "Point",
        "coordinates": [
          131.8988944,
          32.9475051
        ]
      },
      "properties": {
        "内容": "バス停: 蛇崎西 (佐伯市)",
        "name": "蛇崎西",
        "operator": "佐伯市",
        "ref": "",
        "url": "",
        "url2": ""
      }
    },
    {
      "type": "Feature",
      "geometry": {
        "type": "Point",
        "coordinates": [
          131.8988385,
          32.9473943
        ]
      },
      "properties": {
        "内容": "バス停: 蛇崎西 (佐伯市)",
        "name": "蛇崎西",
        "operator": "佐伯市",
        "ref": "",
        "url": "",
        "url2": ""
      }
    },
    {
      "type": "Feature",
      "geometry": {
        "type": "Point",
        "coordinates": [
          131.8998346,
          32.9438323
        ]
      },
      "properties": {
        "内容": "バス停: トキハインダストリー (佐伯市)",
        "name": "トキハインダストリー",
        "operator": "佐伯市",
        "ref": "",
        "url": "",
        "url2": ""
      }
    },
    {
      "type": "Feature",
      "geometry": {
        "type": "Point",
        "coordinates": [
          131.8996892,
          32.9438729
        ]
      },
      "properties": {
        "内容": "バス停: トキハインダストリー (佐伯市)",
        "name": "トキハインダストリー",
        "operator": "佐伯市",
        "ref": "",
        "url": "",
        "url2": ""
      }
    },
    {
      "type": "Feature",
      "geometry": {
        "type": "Point",
        "coordinates": [
          131.6544116,
          33.2412814
        ]
      },
      "properties": {
        "内容": "バス停: 岡 (大分バス株式会社)",
        "name": "岡",
        "operator": "大分バス株式会社",
        "ref": "",
        "url": "",
        "url2": ""
      }
    },
    {
      "type": "Feature",
      "geometry": {
        "type": "Point",
        "coordinates": [
          131.6544736,
          33.2412002
        ]
      },
      "properties": {
        "内容": "バス停: 岡 (大分バス株式会社)",
        "name": "岡",
        "operator": "大分バス株式会社",
        "ref": "",
        "url": "",
        "url2": ""
      }
    },
    {
      "type": "Feature",
      "geometry": {
        "type": "Point",
        "coordinates": [
          131.6464462,
          33.2421954
        ]
      },
      "properties": {
        "内容": "バス停: 萩原 (大分バス株式会社)",
        "name": "萩原",
        "operator": "大分バス株式会社",
        "ref": "",
        "url": "",
        "url2": ""
      }
    },
    {
      "type": "Feature",
      "geometry": {
        "type": "Point",
        "coordinates": [
          131.6458634,
          33.2423225
        ]
      },
      "properties": {
        "内容": "バス停: 萩原 (大分バス株式会社)",
        "name": "萩原",
        "operator": "大分バス株式会社",
        "ref": "",
        "url": "",
        "url2": ""
      }
    },
    {
      "type": "Feature",
      "geometry": {
        "type": "Point",
        "coordinates": [
          131.6458174,
          33.2424881
        ]
      },
      "properties": {
        "内容": "バス停: 萩原 (大分バス株式会社)",
        "name": "萩原",
        "operator": "大分バス株式会社",
        "ref": "",
        "url": "",
        "url2": ""
      }
    },
    {
      "type": "Feature",
      "geometry": {
        "type": "Point",
        "coordinates": [
          131.8754162,
          32.9601491
        ]
      },
      "properties": {
        "内容": "バス停: 鶴岡小学校前 (佐伯市)",
        "name": "鶴岡小学校前",
        "operator": "佐伯市",
        "ref": "",
        "url": "",
        "url2": ""
      }
    },
    {
      "type": "Feature",
      "geometry": {
        "type": "Point",
        "coordinates": [
          131.8755673,
          32.9601451
        ]
      },
      "properties": {
        "内容": "バス停: 鶴岡小学校前 (佐伯市)",
        "name": "鶴岡小学校前",
        "operator": "佐伯市",
        "ref": "",
        "url": "",
        "url2": ""
      }
    },
    {
      "type": "Feature",
      "geometry": {
        "type": "Point",
        "coordinates": [
          131.8770694,
          32.962915
        ]
      },
      "properties": {
        "内容": "バス停: 坂山 (佐伯市)",
        "name": "坂山",
        "operator": "佐伯市",
        "ref": "",
        "url": "",
        "url2": ""
      }
    },
    {
      "type": "Feature",
      "geometry": {
        "type": "Point",
        "coordinates": [
          131.8771773,
          32.9628633
        ]
      },
      "properties": {
        "内容": "バス停: 坂山 (佐伯市)",
        "name": "坂山",
        "operator": "佐伯市",
        "ref": "",
        "url": "",
        "url2": ""
      }
    },
    {
      "type": "Feature",
      "geometry": {
        "type": "Point",
        "coordinates": [
          131.8783565,
          32.9650414
        ]
      },
      "properties": {
        "内容": "バス停: 高畑 (佐伯市)",
        "name": "高畑",
        "operator": "佐伯市",
        "ref": "",
        "url": "",
        "url2": ""
      }
    },
    {
      "type": "Feature",
      "geometry": {
        "type": "Point",
        "coordinates": [
          131.8784368,
          32.9649919
        ]
      },
      "properties": {
        "内容": "バス停: 高畑 (佐伯市)",
        "name": "高畑",
        "operator": "佐伯市",
        "ref": "",
        "url": "",
        "url2": ""
      }
    },
    {
      "type": "Feature",
      "geometry": {
        "type": "Point",
        "coordinates": [
          131.8791002,
          32.9661646
        ]
      },
      "properties": {
        "内容": "バス停: 豊南高校前 (佐伯市)",
        "name": "豊南高校前",
        "operator": "佐伯市",
        "ref": "",
        "url": "",
        "url2": ""
      }
    },
    {
      "type": "Feature",
      "geometry": {
        "type": "Point",
        "coordinates": [
          131.8792065,
          32.966127
        ]
      },
      "properties": {
        "内容": "バス停: 豊南高校前 (佐伯市)",
        "name": "豊南高校前",
        "operator": "佐伯市",
        "ref": "",
        "url": "",
        "url2": ""
      }
    },
    {
      "type": "Feature",
      "geometry": {
        "type": "Point",
        "coordinates": [
          131.8673288,
          32.9611144
        ]
      },
      "properties": {
        "内容": "バス停: コスモタウン (佐伯市)",
        "name": "コスモタウン",
        "operator": "佐伯市",
        "ref": "",
        "url": "",
        "url2": ""
      }
    },
    {
      "type": "Feature",
      "geometry": {
        "type": "Point",
        "coordinates": [
          131.8672908,
          32.9611752
        ]
      },
      "properties": {
        "内容": "バス停: コスモタウン (佐伯市)",
        "name": "コスモタウン",
        "operator": "佐伯市",
        "ref": "",
        "url": "",
        "url2": ""
      }
    },
    {
      "type": "Feature",
      "geometry": {
        "type": "Point",
        "coordinates": [
          131.8557456,
          32.9535678
        ]
      },
      "properties": {
        "内容": "バス停: 樫野入口 (大分バス)",
        "name": "樫野入口",
        "operator": "大分バス",
        "ref": "",
        "url": "",
        "url2": ""
      }
    },
    {
      "type": "Feature",
      "geometry": {
        "type": "Point",
        "coordinates": [
          131.8557358,
          32.9536499
        ]
      },
      "properties": {
        "内容": "バス停: 樫野入口 (大分バス)",
        "name": "樫野入口",
        "operator": "大分バス",
        "ref": "",
        "url": "",
        "url2": ""
      }
    },
    {
      "type": "Feature",
      "geometry": {
        "type": "Point",
        "coordinates": [
          131.8506522,
          32.9543547
        ]
      },
      "properties": {
        "内容": "バス停: 下小倉 (大分バス)",
        "name": "下小倉",
        "operator": "大分バス",
        "ref": "",
        "url": "",
        "url2": ""
      }
    },
    {
      "type": "Feature",
      "geometry": {
        "type": "Point",
        "coordinates": [
          131.8507428,
          32.9544472
        ]
      },
      "properties": {
        "内容": "バス停: 下小倉 (大分バス)",
        "name": "下小倉",
        "operator": "大分バス",
        "ref": "",
        "url": "",
        "url2": ""
      }
    },
    {
      "type": "Feature",
      "geometry": {
        "type": "Point",
        "coordinates": [
          131.8462689,
          32.9569827
        ]
      },
      "properties": {
        "内容": "バス停: 番匠 (大分バス)",
        "name": "番匠",
        "operator": "大分バス",
        "ref": "",
        "url": "",
        "url2": ""
      }
    },
    {
      "type": "Feature",
      "geometry": {
        "type": "Point",
        "coordinates": [
          131.8463326,
          32.9570896
        ]
      },
      "properties": {
        "内容": "バス停: 番匠 (大分バス)",
        "name": "番匠",
        "operator": "大分バス",
        "ref": "",
        "url": "",
        "url2": ""
      }
    },
    {
      "type": "Feature",
      "geometry": {
        "type": "Point",
        "coordinates": [
          131.8598263,
          32.9611421
        ]
      },
      "properties": {
        "内容": "バス停: 稲垣 (佐伯市)",
        "name": "稲垣",
        "operator": "佐伯市",
        "ref": "",
        "url": "",
        "url2": ""
      }
    },
    {
      "type": "Feature",
      "geometry": {
        "type": "Point",
        "coordinates": [
          131.859818,
          32.9613696
        ]
      },
      "properties": {
        "内容": "バス停: 稲垣 (佐伯市)",
        "name": "稲垣",
        "operator": "佐伯市",
        "ref": "",
        "url": "",
        "url2": ""
      }
    },
    {
      "type": "Feature",
      "geometry": {
        "type": "Point",
        "coordinates": [
          131.8974063,
          32.9397486
        ]
      },
      "properties": {
        "内容": "バス停: 川原 (佐伯市)",
        "name": "川原",
        "operator": "佐伯市",
        "ref": "",
        "url": "",
        "url2": ""
      }
    },
    {
      "type": "Feature",
      "geometry": {
        "type": "Point",
        "coordinates": [
          131.8973124,
          32.9398093
        ]
      },
      "properties": {
        "内容": "バス停: 川原 (佐伯市)",
        "name": "川原",
        "operator": "佐伯市",
        "ref": "",
        "url": "",
        "url2": ""
      }
    },
    {
      "type": "Feature",
      "geometry": {
        "type": "Point",
        "coordinates": [
          131.8872589,
          32.9360732
        ]
      },
      "properties": {
        "内容": "バス停: 佐伯南中学校 (佐伯市)",
        "name": "佐伯南中学校",
        "operator": "佐伯市",
        "ref": "",
        "url": "",
        "url2": ""
      }
    },
    {
      "type": "Feature",
      "geometry": {
        "type": "Point",
        "coordinates": [
          131.8873086,
          32.9360445
        ]
      },
      "properties": {
        "内容": "バス停: 佐伯南中学校 (佐伯市)",
        "name": "佐伯南中学校",
        "operator": "佐伯市",
        "ref": "",
        "url": "",
        "url2": ""
      }
    },
    {
      "type": "Feature",
      "geometry": {
        "type": "Point",
        "coordinates": [
          130.9301875,
          33.3166285
        ]
      },
      "properties": {
        "内容": "バス停: 名称不明バス停",
        "name": "名称不明バス停",
        "operator": "事業者不明",
        "ref": "",
        "url": "",
        "url2": ""
      }
    },
    {
      "type": "Feature",
      "geometry": {
        "type": "Point",
        "coordinates": [
          130.9320758,
          33.3179554
        ]
      },
      "properties": {
        "内容": "バス停: 名称不明バス停",
        "name": "名称不明バス停",
        "operator": "事業者不明",
        "ref": "",
        "url": "",
        "url2": ""
      }
    },
    {
      "type": "Feature",
      "geometry": {
        "type": "Point",
        "coordinates": [
          130.9488826,
          33.3051691
        ]
      },
      "properties": {
        "内容": "バス停: 名称不明バス停",
        "name": "名称不明バス停",
        "operator": "事業者不明",
        "ref": "",
        "url": "",
        "url2": ""
      }
    },
    {
      "type": "Feature",
      "geometry": {
        "type": "Point",
        "coordinates": [
          130.9488055,
          33.3050578
        ]
      },
      "properties": {
        "内容": "バス停: 名称不明バス停",
        "name": "名称不明バス停",
        "operator": "事業者不明",
        "ref": "",
        "url": "",
        "url2": ""
      }
    },
    {
      "type": "Feature",
      "geometry": {
        "type": "Point",
        "coordinates": [
          131.8645994,
          32.959588
        ]
      },
      "properties": {
        "内容": "バス停: 西田病院 (大分バス)",
        "name": "西田病院",
        "operator": "大分バス",
        "ref": "",
        "url": "",
        "url2": ""
      }
    },
    {
      "type": "Feature",
      "geometry": {
        "type": "Point",
        "coordinates": [
          131.8831898,
          32.9572429
        ]
      },
      "properties": {
        "内容": "バス停: 豊南 (大分バス株式会社)",
        "name": "豊南",
        "operator": "大分バス株式会社",
        "ref": "",
        "url": "",
        "url2": ""
      }
    },
    {
      "type": "Feature",
      "geometry": {
        "type": "Point",
        "coordinates": [
          131.8831413,
          32.9571291
        ]
      },
      "properties": {
        "内容": "バス停: 豊南 (大分バス株式会社)",
        "name": "豊南",
        "operator": "大分バス株式会社",
        "ref": "",
        "url": "",
        "url2": ""
      }
    },
    {
      "type": "Feature",
      "geometry": {
        "type": "Point",
        "coordinates": [
          131.9757441,
          32.9428224
        ]
      },
      "properties": {
        "内容": "バス停: 桑野浦 (佐伯市)",
        "name": "桑野浦",
        "operator": "佐伯市",
        "ref": "",
        "url": "",
        "url2": ""
      }
    },
    {
      "type": "Feature",
      "geometry": {
        "type": "Point",
        "coordinates": [
          131.9756841,
          32.9426679
        ]
      },
      "properties": {
        "内容": "バス停: 桑野浦 (佐伯市)",
        "name": "桑野浦",
        "operator": "佐伯市",
        "ref": "",
        "url": "",
        "url2": ""
      }
    },
    {
      "type": "Feature",
      "geometry": {
        "type": "Point",
        "coordinates": [
          131.9851542,
          32.9400765
        ]
      },
      "properties": {
        "内容": "バス停: 日野浦 (佐伯市)",
        "name": "日野浦",
        "operator": "佐伯市",
        "ref": "",
        "url": "",
        "url2": ""
      }
    },
    {
      "type": "Feature",
      "geometry": {
        "type": "Point",
        "coordinates": [
          131.9853272,
          32.9399988
        ]
      },
      "properties": {
        "内容": "バス停: 日野浦 (佐伯市)",
        "name": "日野浦",
        "operator": "佐伯市",
        "ref": "",
        "url": "",
        "url2": ""
      }
    },
    {
      "type": "Feature",
      "geometry": {
        "type": "Point",
        "coordinates": [
          131.989809,
          32.9427717
        ]
      },
      "properties": {
        "内容": "バス停: 帆波浦 (佐伯市)",
        "name": "帆波浦",
        "operator": "佐伯市",
        "ref": "",
        "url": "",
        "url2": ""
      }
    },
    {
      "type": "Feature",
      "geometry": {
        "type": "Point",
        "coordinates": [
          131.9899464,
          32.9427688
        ]
      },
      "properties": {
        "内容": "バス停: 帆波浦 (佐伯市)",
        "name": "帆波浦",
        "operator": "佐伯市",
        "ref": "",
        "url": "",
        "url2": ""
      }
    },
    {
      "type": "Feature",
      "geometry": {
        "type": "Point",
        "coordinates": [
          131.99241,
          32.9455004
        ]
      },
      "properties": {
        "内容": "バス停: 鮪浦入口 (佐伯市)",
        "name": "鮪浦入口",
        "operator": "佐伯市",
        "ref": "",
        "url": "",
        "url2": ""
      }
    },
    {
      "type": "Feature",
      "geometry": {
        "type": "Point",
        "coordinates": [
          131.9923849,
          32.945346
        ]
      },
      "properties": {
        "内容": "バス停: 鮪浦入口 (佐伯市)",
        "name": "鮪浦入口",
        "operator": "佐伯市",
        "ref": "",
        "url": "",
        "url2": ""
      }
    },
    {
      "type": "Feature",
      "geometry": {
        "type": "Point",
        "coordinates": [
          131.9933406,
          32.949647
        ]
      },
      "properties": {
        "内容": "バス停: 鮪浦 (佐伯市)",
        "name": "鮪浦",
        "operator": "佐伯市",
        "ref": "",
        "url": "",
        "url2": ""
      }
    },
    {
      "type": "Feature",
      "geometry": {
        "type": "Point",
        "coordinates": [
          131.9979223,
          32.9458817
        ]
      },
      "properties": {
        "内容": "バス停: 敷場入口 (佐伯市)",
        "name": "敷場入口",
        "operator": "佐伯市",
        "ref": "",
        "url": "",
        "url2": ""
      }
    },
    {
      "type": "Feature",
      "geometry": {
        "type": "Point",
        "coordinates": [
          131.9981597,
          32.9459337
        ]
      },
      "properties": {
        "内容": "バス停: 敷場入口 (佐伯市)",
        "name": "敷場入口",
        "operator": "佐伯市",
        "ref": "",
        "url": "",
        "url2": ""
      }
    },
    {
      "type": "Feature",
      "geometry": {
        "type": "Point",
        "coordinates": [
          131.9997221,
          32.9504562
        ]
      },
      "properties": {
        "内容": "バス停: 敷場 (佐伯市)",
        "name": "敷場",
        "operator": "佐伯市",
        "ref": "",
        "url": "",
        "url2": ""
      }
    },
    {
      "type": "Feature",
      "geometry": {
        "type": "Point",
        "coordinates": [
          131.9998377,
          32.9435481
        ]
      },
      "properties": {
        "内容": "バス停: 羽出 (佐伯市)",
        "name": "羽出",
        "operator": "佐伯市",
        "ref": "",
        "url": "",
        "url2": ""
      }
    },
    {
      "type": "Feature",
      "geometry": {
        "type": "Point",
        "coordinates": [
          131.9997791,
          32.9436555
        ]
      },
      "properties": {
        "内容": "バス停: 羽出 (佐伯市)",
        "name": "羽出",
        "operator": "佐伯市",
        "ref": "",
        "url": "",
        "url2": ""
      }
    },
    {
      "type": "Feature",
      "geometry": {
        "type": "Point",
        "coordinates": [
          131.9990695,
          32.9432006
        ]
      },
      "properties": {
        "内容": "バス停: 作網代 (佐伯市)",
        "name": "作網代",
        "operator": "佐伯市",
        "ref": "",
        "url": "",
        "url2": ""
      }
    },
    {
      "type": "Feature",
      "geometry": {
        "type": "Point",
        "coordinates": [
          131.9989973,
          32.9432549
        ]
      },
      "properties": {
        "内容": "バス停: 作網代 (佐伯市)",
        "name": "作網代",
        "operator": "佐伯市",
        "ref": "",
        "url": "",
        "url2": ""
      }
    },
    {
      "type": "Feature",
      "geometry": {
        "type": "Point",
        "coordinates": [
          131.9971813,
          32.9375601
        ]
      },
      "properties": {
        "内容": "バス停: 中浦校前 (佐伯市)",
        "name": "中浦校前",
        "operator": "佐伯市",
        "ref": "",
        "url": "",
        "url2": ""
      }
    },
    {
      "type": "Feature",
      "geometry": {
        "type": "Point",
        "coordinates": [
          131.9972477,
          32.9376293
        ]
      },
      "properties": {
        "内容": "バス停: 中浦校前 (佐伯市)",
        "name": "中浦校前",
        "operator": "佐伯市",
        "ref": "",
        "url": "",
        "url2": ""
      }
    },
    {
      "type": "Feature",
      "geometry": {
        "type": "Point",
        "coordinates": [
          132.0062196,
          32.9335665
        ]
      },
      "properties": {
        "内容": "バス停: 中越 (佐伯市)",
        "name": "中越",
        "operator": "佐伯市",
        "ref": "",
        "url": "",
        "url2": ""
      }
    },
    {
      "type": "Feature",
      "geometry": {
        "type": "Point",
        "coordinates": [
          132.0063246,
          32.9335577
        ]
      },
      "properties": {
        "内容": "バス停: 中越 (佐伯市)",
        "name": "中越",
        "operator": "佐伯市",
        "ref": "",
        "url": "",
        "url2": ""
      }
    },
    {
      "type": "Feature",
      "geometry": {
        "type": "Point",
        "coordinates": [
          132.0194362,
          32.9382313
        ]
      },
      "properties": {
        "内容": "バス停: 島江 (佐伯市)",
        "name": "島江",
        "operator": "佐伯市",
        "ref": "",
        "url": "",
        "url2": ""
      }
    },
    {
      "type": "Feature",
      "geometry": {
        "type": "Point",
        "coordinates": [
          132.0195329,
          32.938188
        ]
      },
      "properties": {
        "内容": "バス停: 島江 (佐伯市)",
        "name": "島江",
        "operator": "佐伯市",
        "ref": "",
        "url": "",
        "url2": ""
      }
    },
    {
      "type": "Feature",
      "geometry": {
        "type": "Point",
        "coordinates": [
          132.0319069,
          32.9387262
        ]
      },
      "properties": {
        "内容": "バス停: 猿戸 (佐伯市)",
        "name": "猿戸",
        "operator": "佐伯市",
        "ref": "",
        "url": "",
        "url2": ""
      }
    },
    {
      "type": "Feature",
      "geometry": {
        "type": "Point",
        "coordinates": [
          132.031965,
          32.9385799
        ]
      },
      "properties": {
        "内容": "バス停: 猿戸 (佐伯市)",
        "name": "猿戸",
        "operator": "佐伯市",
        "ref": "",
        "url": "",
        "url2": ""
      }
    },
    {
      "type": "Feature",
      "geometry": {
        "type": "Point",
        "coordinates": [
          132.0348028,
          32.9426128
        ]
      },
      "properties": {
        "内容": "バス停: すだし (佐伯市)",
        "name": "すだし",
        "operator": "佐伯市",
        "ref": "",
        "url": "",
        "url2": ""
      }
    },
    {
      "type": "Feature",
      "geometry": {
        "type": "Point",
        "coordinates": [
          132.0348785,
          32.9425729
        ]
      },
      "properties": {
        "内容": "バス停: すだし (佐伯市)",
        "name": "すだし",
        "operator": "佐伯市",
        "ref": "",
        "url": "",
        "url2": ""
      }
    },
    {
      "type": "Feature",
      "geometry": {
        "type": "Point",
        "coordinates": [
          132.0346313,
          32.9471733
        ]
      },
      "properties": {
        "内容": "バス停: 広浦 (佐伯市)",
        "name": "広浦",
        "operator": "佐伯市",
        "ref": "",
        "url": "",
        "url2": ""
      }
    },
    {
      "type": "Feature",
      "geometry": {
        "type": "Point",
        "coordinates": [
          132.0346589,
          32.9470479
        ]
      },
      "properties": {
        "内容": "バス停: 広浦 (佐伯市)",
        "name": "広浦",
        "operator": "佐伯市",
        "ref": "",
        "url": "",
        "url2": ""
      }
    },
    {
      "type": "Feature",
      "geometry": {
        "type": "Point",
        "coordinates": [
          132.049722,
          32.9479991
        ]
      },
      "properties": {
        "内容": "バス停: 大川 (佐伯市)",
        "name": "大川",
        "operator": "佐伯市",
        "ref": "",
        "url": "",
        "url2": ""
      }
    },
    {
      "type": "Feature",
      "geometry": {
        "type": "Point",
        "coordinates": [
          132.0497984,
          32.9479163
        ]
      },
      "properties": {
        "内容": "バス停: 大川 (佐伯市)",
        "name": "大川",
        "operator": "佐伯市",
        "ref": "",
        "url": "",
        "url2": ""
      }
    },
    {
      "type": "Feature",
      "geometry": {
        "type": "Point",
        "coordinates": [
          132.050715,
          32.9488905
        ]
      },
      "properties": {
        "内容": "バス停: 丹賀 (佐伯市)",
        "name": "丹賀",
        "operator": "佐伯市",
        "ref": "",
        "url": "",
        "url2": ""
      }
    },
    {
      "type": "Feature",
      "geometry": {
        "type": "Point",
        "coordinates": [
          132.0508416,
          32.9488262
        ]
      },
      "properties": {
        "内容": "バス停: 丹賀 (佐伯市)",
        "name": "丹賀",
        "operator": "佐伯市",
        "ref": "",
        "url": "",
        "url2": ""
      }
    },
    {
      "type": "Feature",
      "geometry": {
        "type": "Point",
        "coordinates": [
          132.0743859,
          32.9426027
        ]
      },
      "properties": {
        "内容": "バス停: 鶴御崎燈台登り口 (佐伯市)",
        "name": "鶴御崎燈台登り口",
        "operator": "佐伯市",
        "ref": "",
        "url": "",
        "url2": ""
      }
    },
    {
      "type": "Feature",
      "geometry": {
        "type": "Point",
        "coordinates": [
          131.8762347,
          32.9372288
        ]
      },
      "properties": {
        "内容": "バス停: 谷 (佐伯市)",
        "name": "谷",
        "operator": "佐伯市",
        "ref": "",
        "url": "",
        "url2": ""
      }
    },
    {
      "type": "Feature",
      "geometry": {
        "type": "Point",
        "coordinates": [
          131.8762217,
          32.9373272
        ]
      },
      "properties": {
        "内容": "バス停: 谷 (佐伯市)",
        "name": "谷",
        "operator": "佐伯市",
        "ref": "",
        "url": "",
        "url2": ""
      }
    },
    {
      "type": "Feature",
      "geometry": {
        "type": "Point",
        "coordinates": [
          131.8718259,
          32.9371958
        ]
      },
      "properties": {
        "内容": "バス停: 野添 (佐伯市)",
        "name": "野添",
        "operator": "佐伯市",
        "ref": "",
        "url": "",
        "url2": ""
      }
    },
    {
      "type": "Feature",
      "geometry": {
        "type": "Point",
        "coordinates": [
          131.8718045,
          32.9372694
        ]
      },
      "properties": {
        "内容": "バス停: 野添 (佐伯市)",
        "name": "野添",
        "operator": "佐伯市",
        "ref": "",
        "url": "",
        "url2": ""
      }
    },
    {
      "type": "Feature",
      "geometry": {
        "type": "Point",
        "coordinates": [
          131.8680106,
          32.937457
        ]
      },
      "properties": {
        "内容": "バス停: 元越 (佐伯市)",
        "name": "元越",
        "operator": "佐伯市",
        "ref": "",
        "url": "",
        "url2": ""
      }
    },
    {
      "type": "Feature",
      "geometry": {
        "type": "Point",
        "coordinates": [
          131.8678128,
          32.9373291
        ]
      },
      "properties": {
        "内容": "バス停: 元越 (佐伯市)",
        "name": "元越",
        "operator": "佐伯市",
        "ref": "",
        "url": "",
        "url2": ""
      }
    },
    {
      "type": "Feature",
      "geometry": {
        "type": "Point",
        "coordinates": [
          131.8651258,
          32.9370966
        ]
      },
      "properties": {
        "内容": "バス停: 観喜 (佐伯市)",
        "name": "観喜",
        "operator": "佐伯市",
        "ref": "",
        "url": "",
        "url2": ""
      }
    },
    {
      "type": "Feature",
      "geometry": {
        "type": "Point",
        "coordinates": [
          131.8651623,
          32.9369825
        ]
      },
      "properties": {
        "内容": "バス停: 観喜 (佐伯市)",
        "name": "観喜",
        "operator": "佐伯市",
        "ref": "",
        "url": "",
        "url2": ""
      }
    },
    {
      "type": "Feature",
      "geometry": {
        "type": "Point",
        "coordinates": [
          131.866564,
          32.9265621
        ]
      },
      "properties": {
        "内容": "バス停: 総合体育館前 (佐伯市)",
        "name": "総合体育館前",
        "operator": "佐伯市",
        "ref": "",
        "url": "",
        "url2": ""
      }
    },
    {
      "type": "Feature",
      "geometry": {
        "type": "Point",
        "coordinates": [
          131.8625905,
          32.9325619
        ]
      },
      "properties": {
        "内容": "バス停: 小谷 (佐伯市)",
        "name": "小谷",
        "operator": "佐伯市",
        "ref": "",
        "url": "",
        "url2": ""
      }
    },
    {
      "type": "Feature",
      "geometry": {
        "type": "Point",
        "coordinates": [
          131.8625229,
          32.9325777
        ]
      },
      "properties": {
        "内容": "バス停: 小谷 (佐伯市)",
        "name": "小谷",
        "operator": "佐伯市",
        "ref": "",
        "url": "",
        "url2": ""
      }
    },
    {
      "type": "Feature",
      "geometry": {
        "type": "Point",
        "coordinates": [
          131.8610335,
          32.9298607
        ]
      },
      "properties": {
        "内容": "バス停: 泥谷口 (佐伯市)",
        "name": "泥谷口",
        "operator": "佐伯市",
        "ref": "",
        "url": "",
        "url2": ""
      }
    },
    {
      "type": "Feature",
      "geometry": {
        "type": "Point",
        "coordinates": [
          131.8609388,
          32.9299376
        ]
      },
      "properties": {
        "内容": "バス停: 泥谷口 (佐伯市)",
        "name": "泥谷口",
        "operator": "佐伯市",
        "ref": "",
        "url": "",
        "url2": ""
      }
    },
    {
      "type": "Feature",
      "geometry": {
        "type": "Point",
        "coordinates": [
          131.8636893,
          32.9214275
        ]
      },
      "properties": {
        "内容": "バス停: 鍛冶屋 (佐伯市)",
        "name": "鍛冶屋",
        "operator": "佐伯市",
        "ref": "",
        "url": "",
        "url2": ""
      }
    },
    {
      "type": "Feature",
      "geometry": {
        "type": "Point",
        "coordinates": [
          131.8636373,
          32.9213335
        ]
      },
      "properties": {
        "内容": "バス停: 鍛冶屋 (佐伯市)",
        "name": "鍛冶屋",
        "operator": "佐伯市",
        "ref": "",
        "url": "",
        "url2": ""
      }
    },
    {
      "type": "Feature",
      "geometry": {
        "type": "Point",
        "coordinates": [
          131.8638746,
          32.9172361
        ]
      },
      "properties": {
        "内容": "バス停: 岸河内 (佐伯市)",
        "name": "岸河内",
        "operator": "佐伯市",
        "ref": "",
        "url": "",
        "url2": ""
      }
    },
    {
      "type": "Feature",
      "geometry": {
        "type": "Point",
        "coordinates": [
          131.8637391,
          32.9173039
        ]
      },
      "properties": {
        "内容": "バス停: 岸河内 (佐伯市)",
        "name": "岸河内",
        "operator": "佐伯市",
        "ref": "",
        "url": "",
        "url2": ""
      }
    },
    {
      "type": "Feature",
      "geometry": {
        "type": "Point",
        "coordinates": [
          131.8620524,
          32.9129905
        ]
      },
      "properties": {
        "内容": "バス停: 大越入口 (佐伯市)",
        "name": "大越入口",
        "operator": "佐伯市",
        "ref": "",
        "url": "",
        "url2": ""
      }
    },
    {
      "type": "Feature",
      "geometry": {
        "type": "Point",
        "coordinates": [
          131.86194,
          32.9129954
        ]
      },
      "properties": {
        "内容": "バス停: 大越入口 (佐伯市)",
        "name": "大越入口",
        "operator": "佐伯市",
        "ref": "",
        "url": "",
        "url2": ""
      }
    },
    {
      "type": "Feature",
      "geometry": {
        "type": "Point",
        "coordinates": [
          131.8669846,
          32.9012364
        ]
      },
      "properties": {
        "内容": "バス停: 竹角 (佐伯市)",
        "name": "竹角",
        "operator": "佐伯市",
        "ref": "",
        "url": "",
        "url2": ""
      }
    },
    {
      "type": "Feature",
      "geometry": {
        "type": "Point",
        "coordinates": [
          131.8668904,
          32.9011953
        ]
      },
      "properties": {
        "内容": "バス停: 竹角 (佐伯市)",
        "name": "竹角",
        "operator": "佐伯市",
        "ref": "",
        "url": "",
        "url2": ""
      }
    },
    {
      "type": "Feature",
      "geometry": {
        "type": "Point",
        "coordinates": [
          131.8668053,
          32.8951034
        ]
      },
      "properties": {
        "内容": "バス停: 棚野 (佐伯市)",
        "name": "棚野",
        "operator": "佐伯市",
        "ref": "",
        "url": "",
        "url2": ""
      }
    },
    {
      "type": "Feature",
      "geometry": {
        "type": "Point",
        "coordinates": [
          131.8663743,
          32.894832
        ]
      },
      "properties": {
        "内容": "バス停: 棚野 (佐伯市)",
        "name": "棚野",
        "operator": "佐伯市",
        "ref": "",
        "url": "",
        "url2": ""
      }
    },
    {
      "type": "Feature",
      "geometry": {
        "type": "Point",
        "coordinates": [
          131.8680895,
          32.890136
        ]
      },
      "properties": {
        "内容": "バス停: 市福所 (佐伯市)",
        "name": "市福所",
        "operator": "佐伯市",
        "ref": "",
        "url": "",
        "url2": ""
      }
    },
    {
      "type": "Feature",
      "geometry": {
        "type": "Point",
        "coordinates": [
          131.8679397,
          32.8901763
        ]
      },
      "properties": {
        "内容": "バス停: 市福所 (佐伯市)",
        "name": "市福所",
        "operator": "佐伯市",
        "ref": "",
        "url": "",
        "url2": ""
      }
    },
    {
      "type": "Feature",
      "geometry": {
        "type": "Point",
        "coordinates": [
          131.8676781,
          32.8855692
        ]
      },
      "properties": {
        "内容": "バス停: 川井 (佐伯市)",
        "name": "川井",
        "operator": "佐伯市",
        "ref": "",
        "url": "",
        "url2": ""
      }
    },
    {
      "type": "Feature",
      "geometry": {
        "type": "Point",
        "coordinates": [
          131.8675804,
          32.8856198
        ]
      },
      "properties": {
        "内容": "バス停: 川井 (佐伯市)",
        "name": "川井",
        "operator": "佐伯市",
        "ref": "",
        "url": "",
        "url2": ""
      }
    },
    {
      "type": "Feature",
      "geometry": {
        "type": "Point",
        "coordinates": [
          131.8821775,
          32.8769924
        ]
      },
      "properties": {
        "内容": "バス停: 谷川 (佐伯市)",
        "name": "谷川",
        "operator": "佐伯市",
        "ref": "",
        "url": "",
        "url2": ""
      }
    },
    {
      "type": "Feature",
      "geometry": {
        "type": "Point",
        "coordinates": [
          131.8820786,
          32.8769335
        ]
      },
      "properties": {
        "内容": "バス停: 谷川 (佐伯市)",
        "name": "谷川",
        "operator": "佐伯市",
        "ref": "",
        "url": "",
        "url2": ""
      }
    },
    {
      "type": "Feature",
      "geometry": {
        "type": "Point",
        "coordinates": [
          131.8867652,
          32.8748189
        ]
      },
      "properties": {
        "内容": "バス停: 山口 (佐伯市)",
        "name": "山口",
        "operator": "佐伯市",
        "ref": "",
        "url": "",
        "url2": ""
      }
    },
    {
      "type": "Feature",
      "geometry": {
        "type": "Point",
        "coordinates": [
          131.8866934,
          32.8747736
        ]
      },
      "properties": {
        "内容": "バス停: 山口 (佐伯市)",
        "name": "山口",
        "operator": "佐伯市",
        "ref": "",
        "url": "",
        "url2": ""
      }
    },
    {
      "type": "Feature",
      "geometry": {
        "type": "Point",
        "coordinates": [
          131.8880422,
          32.8683461
        ]
      },
      "properties": {
        "内容": "バス停: 大野 (佐伯市)",
        "name": "大野",
        "operator": "佐伯市",
        "ref": "",
        "url": "",
        "url2": ""
      }
    },
    {
      "type": "Feature",
      "geometry": {
        "type": "Point",
        "coordinates": [
          131.8879606,
          32.8683567
        ]
      },
      "properties": {
        "内容": "バス停: 大野 (佐伯市)",
        "name": "大野",
        "operator": "佐伯市",
        "ref": "",
        "url": "",
        "url2": ""
      }
    },
    {
      "type": "Feature",
      "geometry": {
        "type": "Point",
        "coordinates": [
          131.8877739,
          32.8640231
        ]
      },
      "properties": {
        "内容": "バス停: 山口橋 (佐伯市)",
        "name": "山口橋",
        "operator": "佐伯市",
        "ref": "",
        "url": "",
        "url2": ""
      }
    },
    {
      "type": "Feature",
      "geometry": {
        "type": "Point",
        "coordinates": [
          131.8876398,
          32.8640056
        ]
      },
      "properties": {
        "内容": "バス停: 山口橋 (佐伯市)",
        "name": "山口橋",
        "operator": "佐伯市",
        "ref": "",
        "url": "",
        "url2": ""
      }
    },
    {
      "type": "Feature",
      "geometry": {
        "type": "Point",
        "coordinates": [
          131.8888149,
          32.8574957
        ]
      },
      "properties": {
        "内容": "バス停: 三軒屋 (佐伯市)",
        "name": "三軒屋",
        "operator": "佐伯市",
        "ref": "",
        "url": "",
        "url2": ""
      }
    },
    {
      "type": "Feature",
      "geometry": {
        "type": "Point",
        "coordinates": [
          131.8886599,
          32.8574882
        ]
      },
      "properties": {
        "内容": "バス停: 三軒屋 (佐伯市)",
        "name": "三軒屋",
        "operator": "佐伯市",
        "ref": "",
        "url": "",
        "url2": ""
      }
    },
    {
      "type": "Feature",
      "geometry": {
        "type": "Point",
        "coordinates": [
          131.9166183,
          32.8277533
        ]
      },
      "properties": {
        "内容": "バス停: 轟峠 (佐伯市)",
        "name": "轟峠",
        "operator": "佐伯市",
        "ref": "",
        "url": "",
        "url2": ""
      }
    },
    {
      "type": "Feature",
      "geometry": {
        "type": "Point",
        "coordinates": [
          131.9165161,
          32.8277236
        ]
      },
      "properties": {
        "内容": "バス停: 轟峠 (佐伯市)",
        "name": "轟峠",
        "operator": "佐伯市",
        "ref": "",
        "url": "",
        "url2": ""
      }
    },
    {
      "type": "Feature",
      "geometry": {
        "type": "Point",
        "coordinates": [
          131.9219367,
          32.8158109
        ]
      },
      "properties": {
        "内容": "バス停: 上河内 (佐伯市)",
        "name": "上河内",
        "operator": "佐伯市",
        "ref": "",
        "url": "",
        "url2": ""
      }
    },
    {
      "type": "Feature",
      "geometry": {
        "type": "Point",
        "coordinates": [
          131.9218084,
          32.815789
        ]
      },
      "properties": {
        "内容": "バス停: 上河内 (佐伯市)",
        "name": "上河内",
        "operator": "佐伯市",
        "ref": "",
        "url": "",
        "url2": ""
      }
    },
    {
      "type": "Feature",
      "geometry": {
        "type": "Point",
        "coordinates": [
          131.9230273,
          32.8047652
        ]
      },
      "properties": {
        "内容": "バス停: 下河内 (佐伯市)",
        "name": "下河内",
        "operator": "佐伯市",
        "ref": "",
        "url": "",
        "url2": ""
      }
    },
    {
      "type": "Feature",
      "geometry": {
        "type": "Point",
        "coordinates": [
          131.9229205,
          32.804731
        ]
      },
      "properties": {
        "内容": "バス停: 下河内 (佐伯市)",
        "name": "下河内",
        "operator": "佐伯市",
        "ref": "",
        "url": "",
        "url2": ""
      }
    },
    {
      "type": "Feature",
      "geometry": {
        "type": "Point",
        "coordinates": [
          131.9247124,
          32.8020874
        ]
      },
      "properties": {
        "内容": "バス停: 道の駅かまえ (佐伯市)",
        "name": "道の駅かまえ",
        "operator": "佐伯市",
        "ref": "",
        "url": "",
        "url2": ""
      }
    },
    {
      "type": "Feature",
      "geometry": {
        "type": "Point",
        "coordinates": [
          131.9261799,
          32.8012
        ]
      },
      "properties": {
        "内容": "バス停: 蒲江トンネル入口 (佐伯市)",
        "name": "蒲江トンネル入口",
        "operator": "佐伯市",
        "ref": "",
        "url": "",
        "url2": ""
      }
    },
    {
      "type": "Feature",
      "geometry": {
        "type": "Point",
        "coordinates": [
          131.9262325,
          32.8010671
        ]
      },
      "properties": {
        "内容": "バス停: 蒲江トンネル入口 (佐伯市)",
        "name": "蒲江トンネル入口",
        "operator": "佐伯市",
        "ref": "",
        "url": "",
        "url2": ""
      }
    },
    {
      "type": "Feature",
      "geometry": {
        "type": "Point",
        "coordinates": [
          131.9316695,
          32.8004402
        ]
      },
      "properties": {
        "内容": "バス停: 長津留 (佐伯市)",
        "name": "長津留",
        "operator": "佐伯市",
        "ref": "",
        "url": "",
        "url2": ""
      }
    },
    {
      "type": "Feature",
      "geometry": {
        "type": "Point",
        "coordinates": [
          131.9315627,
          32.8004621
        ]
      },
      "properties": {
        "内容": "バス停: 長津留 (佐伯市)",
        "name": "長津留",
        "operator": "佐伯市",
        "ref": "",
        "url": "",
        "url2": ""
      }
    },
    {
      "type": "Feature",
      "geometry": {
        "type": "Point",
        "coordinates": [
          131.9296936,
          32.7984171
        ]
      },
      "properties": {
        "内容": "バス停: 中村入口 (佐伯市)",
        "name": "中村入口",
        "operator": "佐伯市",
        "ref": "",
        "url": "",
        "url2": ""
      }
    },
    {
      "type": "Feature",
      "geometry": {
        "type": "Point",
        "coordinates": [
          131.9295317,
          32.7984137
        ]
      },
      "properties": {
        "内容": "バス停: 中村入口 (佐伯市)",
        "name": "中村入口",
        "operator": "佐伯市",
        "ref": "",
        "url": "",
        "url2": ""
      }
    },
    {
      "type": "Feature",
      "geometry": {
        "type": "Point",
        "coordinates": [
          131.9272684,
          32.7968536
        ]
      },
      "properties": {
        "内容": "バス停: 共栄橋 (佐伯市)",
        "name": "共栄橋",
        "operator": "佐伯市",
        "ref": "",
        "url": "",
        "url2": ""
      }
    },
    {
      "type": "Feature",
      "geometry": {
        "type": "Point",
        "coordinates": [
          131.9273511,
          32.7968662
        ]
      },
      "properties": {
        "内容": "バス停: 共栄橋 (佐伯市)",
        "name": "共栄橋",
        "operator": "佐伯市",
        "ref": "",
        "url": "",
        "url2": ""
      }
    },
    {
      "type": "Feature",
      "geometry": {
        "type": "Point",
        "coordinates": [
          131.9258714,
          32.7995715
        ]
      },
      "properties": {
        "内容": "バス停: 蒲江 (佐伯市)",
        "name": "蒲江",
        "operator": "佐伯市",
        "ref": "",
        "url": "",
        "url2": ""
      }
    },
    {
      "type": "Feature",
      "geometry": {
        "type": "Point",
        "coordinates": [
          131.9258708,
          32.7994875
        ]
      },
      "properties": {
        "内容": "バス停: 蒲江 (佐伯市)",
        "name": "蒲江",
        "operator": "佐伯市",
        "ref": "",
        "url": "",
        "url2": ""
      }
    },
    {
      "type": "Feature",
      "geometry": {
        "type": "Point",
        "coordinates": [
          131.9256701,
          32.8006657
        ]
      },
      "properties": {
        "内容": "バス停: 蒲江郵便局前 (佐伯市)",
        "name": "蒲江郵便局前",
        "operator": "佐伯市",
        "ref": "",
        "url": "",
        "url2": ""
      }
    },
    {
      "type": "Feature",
      "geometry": {
        "type": "Point",
        "coordinates": [
          131.9257849,
          32.8006848
        ]
      },
      "properties": {
        "内容": "バス停: 蒲江郵便局前 (佐伯市)",
        "name": "蒲江郵便局前",
        "operator": "佐伯市",
        "ref": "",
        "url": "",
        "url2": ""
      }
    },
    {
      "type": "Feature",
      "geometry": {
        "type": "Point",
        "coordinates": [
          131.9198597,
          32.7997429
        ]
      },
      "properties": {
        "内容": "バス停: 鷲谷住宅前 (佐伯市)",
        "name": "鷲谷住宅前",
        "operator": "佐伯市",
        "ref": "",
        "url": "",
        "url2": ""
      }
    },
    {
      "type": "Feature",
      "geometry": {
        "type": "Point",
        "coordinates": [
          131.9196964,
          32.7998206
        ]
      },
      "properties": {
        "内容": "バス停: 鷲谷住宅前 (佐伯市)",
        "name": "鷲谷住宅前",
        "operator": "佐伯市",
        "ref": "",
        "url": "",
        "url2": ""
      }
    },
    {
      "type": "Feature",
      "geometry": {
        "type": "Point",
        "coordinates": [
          131.9179377,
          32.7972972
        ]
      },
      "properties": {
        "内容": "バス停: 小向 (佐伯市)",
        "name": "小向",
        "operator": "佐伯市",
        "ref": "",
        "url": "",
        "url2": ""
      }
    },
    {
      "type": "Feature",
      "geometry": {
        "type": "Point",
        "coordinates": [
          131.9177953,
          32.7973795
        ]
      },
      "properties": {
        "内容": "バス停: 鷲谷住宅前 (佐伯市)",
        "name": "鷲谷住宅前",
        "operator": "佐伯市",
        "ref": "",
        "url": "",
        "url2": ""
      }
    },
    {
      "type": "Feature",
      "geometry": {
        "type": "Point",
        "coordinates": [
          131.9080317,
          32.7939873
        ]
      },
      "properties": {
        "内容": "バス停: 小蒲江 (佐伯市)",
        "name": "小蒲江",
        "operator": "佐伯市",
        "ref": "",
        "url": "",
        "url2": ""
      }
    },
    {
      "type": "Feature",
      "geometry": {
        "type": "Point",
        "coordinates": [
          131.9080023,
          32.7938504
        ]
      },
      "properties": {
        "内容": "バス停: 小蒲江 (佐伯市)",
        "name": "小蒲江",
        "operator": "佐伯市",
        "ref": "",
        "url": "",
        "url2": ""
      }
    },
    {
      "type": "Feature",
      "geometry": {
        "type": "Point",
        "coordinates": [
          131.9005921,
          32.7980603
        ]
      },
      "properties": {
        "内容": "バス停: 福戸鼻 (佐伯市)",
        "name": "福戸鼻",
        "operator": "佐伯市",
        "ref": "",
        "url": "",
        "url2": ""
      }
    },
    {
      "type": "Feature",
      "geometry": {
        "type": "Point",
        "coordinates": [
          131.9007244,
          32.7980756
        ]
      },
      "properties": {
        "内容": "バス停: 福戸鼻 (佐伯市)",
        "name": "福戸鼻",
        "operator": "佐伯市",
        "ref": "",
        "url": "",
        "url2": ""
      }
    },
    {
      "type": "Feature",
      "geometry": {
        "type": "Point",
        "coordinates": [
          131.8992482,
          32.8027056
        ]
      },
      "properties": {
        "内容": "バス停: 猪串 (佐伯市)",
        "name": "猪串",
        "operator": "佐伯市",
        "ref": "",
        "url": "",
        "url2": ""
      }
    },
    {
      "type": "Feature",
      "geometry": {
        "type": "Point",
        "coordinates": [
          131.899331,
          32.8027806
        ]
      },
      "properties": {
        "内容": "バス停: 猪串 (佐伯市)",
        "name": "猪串",
        "operator": "佐伯市",
        "ref": "",
        "url": "",
        "url2": ""
      }
    },
    {
      "type": "Feature",
      "geometry": {
        "type": "Point",
        "coordinates": [
          131.8945496,
          32.8061828
        ]
      },
      "properties": {
        "内容": "バス停: インターパーク前 (佐伯市)",
        "name": "インターパーク前",
        "operator": "佐伯市",
        "ref": "",
        "url": "",
        "url2": ""
      }
    },
    {
      "type": "Feature",
      "geometry": {
        "type": "Point",
        "coordinates": [
          131.8946133,
          32.8063433
        ]
      },
      "properties": {
        "内容": "バス停: インターパーク前 (佐伯市)",
        "name": "インターパーク前",
        "operator": "佐伯市",
        "ref": "",
        "url": "",
        "url2": ""
      }
    },
    {
      "type": "Feature",
      "geometry": {
        "type": "Point",
        "coordinates": [
          131.8897497,
          32.8049378
        ]
      },
      "properties": {
        "内容": "バス停: 森崎 (佐伯市)",
        "name": "森崎",
        "operator": "佐伯市",
        "ref": "",
        "url": "",
        "url2": ""
      }
    },
    {
      "type": "Feature",
      "geometry": {
        "type": "Point",
        "coordinates": [
          131.8896068,
          32.805025
        ]
      },
      "properties": {
        "内容": "バス停: 森崎 (佐伯市)",
        "name": "森崎",
        "operator": "佐伯市",
        "ref": "",
        "url": "",
        "url2": ""
      }
    },
    {
      "type": "Feature",
      "geometry": {
        "type": "Point",
        "coordinates": [
          131.8847407,
          32.7923157
        ]
      },
      "properties": {
        "内容": "バス停: 越田尾 (佐伯市)",
        "name": "越田尾",
        "operator": "佐伯市",
        "ref": "",
        "url": "",
        "url2": ""
      }
    },
    {
      "type": "Feature",
      "geometry": {
        "type": "Point",
        "coordinates": [
          131.8846503,
          32.7924015
        ]
      },
      "properties": {
        "内容": "バス停: 越田尾 (佐伯市)",
        "name": "越田尾",
        "operator": "佐伯市",
        "ref": "",
        "url": "",
        "url2": ""
      }
    },
    {
      "type": "Feature",
      "geometry": {
        "type": "Point",
        "coordinates": [
          131.8799818,
          32.7915189
        ]
      },
      "properties": {
        "内容": "バス停: 田尾の下 (佐伯市)",
        "name": "田尾の下",
        "operator": "佐伯市",
        "ref": "",
        "url": "",
        "url2": ""
      }
    },
    {
      "type": "Feature",
      "geometry": {
        "type": "Point",
        "coordinates": [
          131.8800056,
          32.7916587
        ]
      },
      "properties": {
        "内容": "バス停: 田尾の下 (佐伯市)",
        "name": "田尾の下",
        "operator": "佐伯市",
        "ref": "",
        "url": "",
        "url2": ""
      }
    },
    {
      "type": "Feature",
      "geometry": {
        "type": "Point",
        "coordinates": [
          131.8762455,
          32.7915371
        ]
      },
      "properties": {
        "内容": "バス停: 名護屋漁協前 (佐伯市)",
        "name": "名護屋漁協前",
        "operator": "佐伯市",
        "ref": "",
        "url": "",
        "url2": ""
      }
    },
    {
      "type": "Feature",
      "geometry": {
        "type": "Point",
        "coordinates": [
          131.8762455,
          32.7916358
        ]
      },
      "properties": {
        "内容": "バス停: 名護屋漁協前 (佐伯市)",
        "name": "名護屋漁協前",
        "operator": "佐伯市",
        "ref": "",
        "url": "",
        "url2": ""
      }
    },
    {
      "type": "Feature",
      "geometry": {
        "type": "Point",
        "coordinates": [
          131.8737036,
          32.7898423
        ]
      },
      "properties": {
        "内容": "バス停: 丸市尾 (佐伯市)",
        "name": "丸市尾",
        "operator": "佐伯市",
        "ref": "",
        "url": "",
        "url2": ""
      }
    },
    {
      "type": "Feature",
      "geometry": {
        "type": "Point",
        "coordinates": [
          131.873657,
          32.7898775
        ]
      },
      "properties": {
        "内容": "バス停: 丸市尾 (佐伯市)",
        "name": "丸市尾",
        "operator": "佐伯市",
        "ref": "",
        "url": "",
        "url2": ""
      }
    },
    {
      "type": "Feature",
      "geometry": {
        "type": "Point",
        "coordinates": [
          131.8719939,
          32.8842561
        ]
      },
      "properties": {
        "内容": "バス停: 青山地区公民館前 (佐伯市)",
        "name": "青山地区公民館前",
        "operator": "佐伯市",
        "ref": "",
        "url": "",
        "url2": ""
      }
    },
    {
      "type": "Feature",
      "geometry": {
        "type": "Point",
        "coordinates": [
          131.8720586,
          32.8843758
        ]
      },
      "properties": {
        "内容": "バス停: 青山地区公民館前 (佐伯市)",
        "name": "青山地区公民館前",
        "operator": "佐伯市",
        "ref": "",
        "url": "",
        "url2": ""
      }
    },
    {
      "type": "Feature",
      "geometry": {
        "type": "Point",
        "coordinates": [
          131.8685342,
          32.8786899
        ]
      },
      "properties": {
        "内容": "バス停: 伏木入口 (佐伯市)",
        "name": "伏木入口",
        "operator": "佐伯市",
        "ref": "",
        "url": "",
        "url2": ""
      }
    },
    {
      "type": "Feature",
      "geometry": {
        "type": "Point",
        "coordinates": [
          131.8683912,
          32.8787973
        ]
      },
      "properties": {
        "内容": "バス停: 伏木入口 (佐伯市)",
        "name": "伏木入口",
        "operator": "佐伯市",
        "ref": "",
        "url": "",
        "url2": ""
      }
    },
    {
      "type": "Feature",
      "geometry": {
        "type": "Point",
        "coordinates": [
          131.867323,
          32.8725772
        ]
      },
      "properties": {
        "内容": "バス停: 市野野 (佐伯市)",
        "name": "市野野",
        "operator": "佐伯市",
        "ref": "",
        "url": "",
        "url2": ""
      }
    },
    {
      "type": "Feature",
      "geometry": {
        "type": "Point",
        "coordinates": [
          131.8672063,
          32.8726568
        ]
      },
      "properties": {
        "内容": "バス停: 市野野 (佐伯市)",
        "name": "市野野",
        "operator": "佐伯市",
        "ref": "",
        "url": "",
        "url2": ""
      }
    },
    {
      "type": "Feature",
      "geometry": {
        "type": "Point",
        "coordinates": [
          131.8622887,
          32.867687
        ]
      },
      "properties": {
        "内容": "バス停: 黒沢 (佐伯市)",
        "name": "黒沢",
        "operator": "佐伯市",
        "ref": "",
        "url": "",
        "url2": ""
      }
    },
    {
      "type": "Feature",
      "geometry": {
        "type": "Point",
        "coordinates": [
          131.8624207,
          32.867693
        ]
      },
      "properties": {
        "内容": "バス停: 黒沢 (佐伯市)",
        "name": "黒沢",
        "operator": "佐伯市",
        "ref": "",
        "url": "",
        "url2": ""
      }
    },
    {
      "type": "Feature",
      "geometry": {
        "type": "Point",
        "coordinates": [
          131.8443819,
          32.8566584
        ]
      },
      "properties": {
        "内容": "バス停: 船形 (佐伯市)",
        "name": "船形",
        "operator": "佐伯市",
        "ref": "",
        "url": "",
        "url2": ""
      }
    },
    {
      "type": "Feature",
      "geometry": {
        "type": "Point",
        "coordinates": [
          131.8664427,
          32.9038027
        ]
      },
      "properties": {
        "内容": "バス停: 府坂 (佐伯市)",
        "name": "府坂",
        "operator": "佐伯市",
        "ref": "",
        "url": "",
        "url2": ""
      }
    },
    {
      "type": "Feature",
      "geometry": {
        "type": "Point",
        "coordinates": [
          131.8665386,
          32.9036932
        ]
      },
      "properties": {
        "内容": "バス停: 府坂 (佐伯市)",
        "name": "府坂",
        "operator": "佐伯市",
        "ref": "",
        "url": "",
        "url2": ""
      }
    },
    {
      "type": "Feature",
      "geometry": {
        "type": "Point",
        "coordinates": [
          131.8727598,
          32.9052936
        ]
      },
      "properties": {
        "内容": "バス停: 下府坂 (佐伯市)",
        "name": "下府坂",
        "operator": "佐伯市",
        "ref": "",
        "url": "",
        "url2": ""
      }
    },
    {
      "type": "Feature",
      "geometry": {
        "type": "Point",
        "coordinates": [
          131.8765378,
          32.9079148
        ]
      },
      "properties": {
        "内容": "バス停: 石打 (佐伯市)",
        "name": "石打",
        "operator": "佐伯市",
        "ref": "",
        "url": "",
        "url2": ""
      }
    },
    {
      "type": "Feature",
      "geometry": {
        "type": "Point",
        "coordinates": [
          131.8766841,
          32.9079254
        ]
      },
      "properties": {
        "内容": "バス停: 石打 (佐伯市)",
        "name": "石打",
        "operator": "佐伯市",
        "ref": "",
        "url": "",
        "url2": ""
      }
    },
    {
      "type": "Feature",
      "geometry": {
        "type": "Point",
        "coordinates": [
          131.8727495,
          32.9051872
        ]
      },
      "properties": {
        "内容": "バス停: 下府坂 (佐伯市)",
        "name": "下府坂",
        "operator": "佐伯市",
        "ref": "",
        "url": "",
        "url2": ""
      }
    },
    {
      "type": "Feature",
      "geometry": {
        "type": "Point",
        "coordinates": [
          131.8768605,
          32.9120771
        ]
      },
      "properties": {
        "内容": "バス停: 波越入口 (佐伯市)",
        "name": "波越入口",
        "operator": "佐伯市",
        "ref": "",
        "url": "",
        "url2": ""
      }
    },
    {
      "type": "Feature",
      "geometry": {
        "type": "Point",
        "coordinates": [
          131.8769916,
          32.9120837
        ]
      },
      "properties": {
        "内容": "バス停: 波越入口 (佐伯市)",
        "name": "波越入口",
        "operator": "佐伯市",
        "ref": "",
        "url": "",
        "url2": ""
      }
    },
    {
      "type": "Feature",
      "geometry": {
        "type": "Point",
        "coordinates": [
          131.8769694,
          32.9171806
        ]
      },
      "properties": {
        "内容": "バス停: 西野入口 (佐伯市)",
        "name": "西野入口",
        "operator": "佐伯市",
        "ref": "",
        "url": "",
        "url2": ""
      }
    },
    {
      "type": "Feature",
      "geometry": {
        "type": "Point",
        "coordinates": [
          131.8770854,
          32.9171879
        ]
      },
      "properties": {
        "内容": "バス停: 西野入口 (佐伯市)",
        "name": "西野入口",
        "operator": "佐伯市",
        "ref": "",
        "url": "",
        "url2": ""
      }
    },
    {
      "type": "Feature",
      "geometry": {
        "type": "Point",
        "coordinates": [
          131.8761686,
          32.9210074
        ]
      },
      "properties": {
        "内容": "バス停: 波越 (佐伯市)",
        "name": "波越",
        "operator": "佐伯市",
        "ref": "",
        "url": "",
        "url2": ""
      }
    },
    {
      "type": "Feature",
      "geometry": {
        "type": "Point",
        "coordinates": [
          131.8763224,
          32.9211464
        ]
      },
      "properties": {
        "内容": "バス停: 波越 (佐伯市)",
        "name": "波越",
        "operator": "佐伯市",
        "ref": "",
        "url": "",
        "url2": ""
      }
    },
    {
      "type": "Feature",
      "geometry": {
        "type": "Point",
        "coordinates": [
          131.875159,
          32.926073
        ]
      },
      "properties": {
        "内容": "バス停: 泥谷 (佐伯市)",
        "name": "泥谷",
        "operator": "佐伯市",
        "ref": "",
        "url": "",
        "url2": ""
      }
    },
    {
      "type": "Feature",
      "geometry": {
        "type": "Point",
        "coordinates": [
          131.8752778,
          32.9260568
        ]
      },
      "properties": {
        "内容": "バス停: 泥谷 (佐伯市)",
        "name": "泥谷",
        "operator": "佐伯市",
        "ref": "",
        "url": "",
        "url2": ""
      }
    },
    {
      "type": "Feature",
      "geometry": {
        "type": "Point",
        "coordinates": [
          131.8764414,
          32.9302386
        ]
      },
      "properties": {
        "内容": "バス停: 宇山 (佐伯市)",
        "name": "宇山",
        "operator": "佐伯市",
        "ref": "",
        "url": "",
        "url2": ""
      }
    },
    {
      "type": "Feature",
      "geometry": {
        "type": "Point",
        "coordinates": [
          131.8765666,
          32.9301035
        ]
      },
      "properties": {
        "内容": "バス停: 宇山 (佐伯市)",
        "name": "宇山",
        "operator": "佐伯市",
        "ref": "",
        "url": "",
        "url2": ""
      }
    },
    {
      "type": "Feature",
      "geometry": {
        "type": "Point",
        "coordinates": [
          131.8776364,
          32.932787
        ]
      },
      "properties": {
        "内容": "バス停: 塩月 (佐伯市)",
        "name": "塩月",
        "operator": "佐伯市",
        "ref": "",
        "url": "",
        "url2": ""
      }
    },
    {
      "type": "Feature",
      "geometry": {
        "type": "Point",
        "coordinates": [
          131.8777323,
          32.9327362
        ]
      },
      "properties": {
        "内容": "バス停: 塩月 (佐伯市)",
        "name": "塩月",
        "operator": "佐伯市",
        "ref": "",
        "url": "",
        "url2": ""
      }
    },
    {
      "type": "Feature",
      "geometry": {
        "type": "Point",
        "coordinates": [
          131.4757741,
          33.3157316
        ]
      },
      "properties": {
        "内容": "バス停: 鉄輪",
        "name": "鉄輪",
        "operator": "事業者不明",
        "ref": "",
        "url": "",
        "url2": ""
      }
    },
    {
      "type": "Feature",
      "geometry": {
        "type": "Point",
        "coordinates": [
          131.8103648,
          33.1260457
        ]
      },
      "properties": {
        "内容": "バス停: 臼杵港フェリーターミナル (大分バス)",
        "name": "臼杵港フェリーターミナル",
        "operator": "大分バス",
        "ref": "",
        "url": "",
        "url2": ""
      }
    },
    {
      "type": "Feature",
      "geometry": {
        "type": "Point",
        "coordinates": [
          130.9348026,
          33.3186434
        ]
      },
      "properties": {
        "内容": "バス停: 名称不明バス停",
        "name": "名称不明バス停",
        "operator": "事業者不明",
        "ref": "",
        "url": "",
        "url2": ""
      }
    },
    {
      "type": "Feature",
      "geometry": {
        "type": "Point",
        "coordinates": [
          130.9370298,
          33.3321857
        ]
      },
      "properties": {
        "内容": "バス停: 名称不明バス停",
        "name": "名称不明バス停",
        "operator": "事業者不明",
        "ref": "",
        "url": "",
        "url2": ""
      }
    },
    {
      "type": "Feature",
      "geometry": {
        "type": "Point",
        "coordinates": [
          131.3627873,
          33.2708962
        ]
      },
      "properties": {
        "内容": "バス停: 佐土原 (ユーバス)",
        "name": "佐土原",
        "operator": "ユーバス",
        "ref": "",
        "url": "",
        "url2": ""
      }
    },
    {
      "type": "Feature",
      "geometry": {
        "type": "Point",
        "coordinates": [
          131.3626907,
          33.2709716
        ]
      },
      "properties": {
        "内容": "バス停: 佐土原 (ユーバス)",
        "name": "佐土原",
        "operator": "ユーバス",
        "ref": "",
        "url": "",
        "url2": ""
      }
    },
    {
      "type": "Feature",
      "geometry": {
        "type": "Point",
        "coordinates": [
          131.5851048,
          32.9793084
        ]
      },
      "properties": {
        "内容": "バス停: 名称不明バス停",
        "name": "名称不明バス停",
        "operator": "事業者不明",
        "ref": "",
        "url": "",
        "url2": ""
      }
    },
    {
      "type": "Feature",
      "geometry": {
        "type": "Point",
        "coordinates": [
          131.5028706,
          33.3029863
        ]
      },
      "properties": {
        "内容": "バス停: 府国際観光港　フェリーさんふらわあ前",
        "name": "府国際観光港　フェリーさんふらわあ前",
        "operator": "事業者不明",
        "ref": "",
        "url": "",
        "url2": ""
      }
    },
    {
      "type": "Feature",
      "geometry": {
        "type": "Point",
        "coordinates": [
          131.535505,
          33.3730255
        ]
      },
      "properties": {
        "内容": "バス停: 日出",
        "name": "日出",
        "operator": "事業者不明",
        "ref": "",
        "url": "",
        "url2": ""
      }
    },
    {
      "type": "Feature",
      "geometry": {
        "type": "Point",
        "coordinates": [
          131.5349754,
          33.3730591
        ]
      },
      "properties": {
        "内容": "バス停: 日出",
        "name": "日出",
        "operator": "事業者不明",
        "ref": "",
        "url": "",
        "url2": ""
      }
    },
    {
      "type": "Feature",
      "geometry": {
        "type": "Point",
        "coordinates": [
          131.534706,
          33.3732078
        ]
      },
      "properties": {
        "内容": "バス停: 日出",
        "name": "日出",
        "operator": "事業者不明",
        "ref": "",
        "url": "",
        "url2": ""
      }
    },
    {
      "type": "Feature",
      "geometry": {
        "type": "Point",
        "coordinates": [
          131.6058134,
          33.2389489
        ]
      },
      "properties": {
        "内容": "バス停: 昭和通り",
        "name": "昭和通り",
        "operator": "事業者不明",
        "ref": "",
        "url": "",
        "url2": ""
      }
    },
    {
      "type": "Feature",
      "geometry": {
        "type": "Point",
        "coordinates": [
          131.412263,
          33.2748566
        ]
      },
      "properties": {
        "内容": "バス停: Inoseto bus stop",
        "name": "Inoseto bus stop",
        "operator": "事業者不明",
        "ref": "",
        "url": "",
        "url2": ""
      }
    },
    {
      "type": "Feature",
      "geometry": {
        "type": "Point",
        "coordinates": [
          131.5054988,
          33.2794018
        ]
      },
      "properties": {
        "内容": "バス停: Beppu Kitahama 5",
        "name": "Beppu Kitahama 5",
        "operator": "事業者不明",
        "ref": "",
        "url": "",
        "url2": ""
      }
    },
    {
      "type": "Feature",
      "geometry": {
        "type": "Point",
        "coordinates": [
          131.5053608,
          33.2795382
        ]
      },
      "properties": {
        "内容": "バス停: 別府北浜 1",
        "name": "別府北浜 1",
        "operator": "事業者不明",
        "ref": "",
        "url": "",
        "url2": ""
      }
    },
    {
      "type": "Feature",
      "geometry": {
        "type": "Point",
        "coordinates": [
          131.5010889,
          33.3034276
        ]
      },
      "properties": {
        "内容": "バス停: 名称不明バス停",
        "name": "名称不明バス停",
        "operator": "事業者不明",
        "ref": "",
        "url": "",
        "url2": ""
      }
    },
    {
      "type": "Feature",
      "geometry": {
        "type": "Point",
        "coordinates": [
          131.5011343,
          33.3019043
        ]
      },
      "properties": {
        "内容": "バス停: 名称不明バス停",
        "name": "名称不明バス停",
        "operator": "事業者不明",
        "ref": "",
        "url": "",
        "url2": ""
      }
    },
    {
      "type": "Feature",
      "geometry": {
        "type": "Point",
        "coordinates": [
          131.5020202,
          33.2929593
        ]
      },
      "properties": {
        "内容": "バス停: 名称不明バス停",
        "name": "名称不明バス停",
        "operator": "事業者不明",
        "ref": "",
        "url": "",
        "url2": ""
      }
    },
    {
      "type": "Feature",
      "geometry": {
        "type": "Point",
        "coordinates": [
          131.5042455,
          33.288168
        ]
      },
      "properties": {
        "内容": "バス停: 京町",
        "name": "京町",
        "operator": "事業者不明",
        "ref": "",
        "url": "",
        "url2": ""
      }
    },
    {
      "type": "Feature",
      "geometry": {
        "type": "Point",
        "coordinates": [
          131.5058166,
          33.2816778
        ]
      },
      "properties": {
        "内容": "バス停: 別府タワー前",
        "name": "別府タワー前",
        "operator": "事業者不明",
        "ref": "",
        "url": "",
        "url2": ""
      }
    },
    {
      "type": "Feature",
      "geometry": {
        "type": "Point",
        "coordinates": [
          131.5017962,
          33.279356
        ]
      },
      "properties": {
        "内容": "バス停: 駅前本町",
        "name": "駅前本町",
        "operator": "事業者不明",
        "ref": "",
        "url": "",
        "url2": ""
      }
    },
    {
      "type": "Feature",
      "geometry": {
        "type": "Point",
        "coordinates": [
          131.501823,
          33.2792163
        ]
      },
      "properties": {
        "内容": "バス停: 駅前本町",
        "name": "駅前本町",
        "operator": "事業者不明",
        "ref": "",
        "url": "",
        "url2": ""
      }
    },
    {
      "type": "Feature",
      "geometry": {
        "type": "Point",
        "coordinates": [
          130.8740616,
          33.340167
        ]
      },
      "properties": {
        "内容": "バス停: 小鶴",
        "name": "小鶴",
        "operator": "事業者不明",
        "ref": "",
        "url": "",
        "url2": ""
      }
    },
    {
      "type": "Feature",
      "geometry": {
        "type": "Point",
        "coordinates": [
          130.8739823,
          33.340167
        ]
      },
      "properties": {
        "内容": "バス停: 小鶴",
        "name": "小鶴",
        "operator": "事業者不明",
        "ref": "",
        "url": "",
        "url2": ""
      }
    },
    {
      "type": "Feature",
      "geometry": {
        "type": "Point",
        "coordinates": [
          130.9194614,
          33.3278309
        ]
      },
      "properties": {
        "内容": "バス停: 光岡",
        "name": "光岡",
        "operator": "事業者不明",
        "ref": "",
        "url": "",
        "url2": "Q7705341"
      }
    },
    {
      "type": "Feature",
      "geometry": {
        "type": "Point",
        "coordinates": [
          130.9309062,
          33.332767
        ]
      },
      "properties": {
        "内容": "バス停: 林工西口",
        "name": "林工西口",
        "operator": "事業者不明",
        "ref": "",
        "url": "",
        "url2": ""
      }
    },
    {
      "type": "Feature",
      "geometry": {
        "type": "Point",
        "coordinates": [
          130.9310802,
          33.3326633
        ]
      },
      "properties": {
        "内容": "バス停: 林工西口",
        "name": "林工西口",
        "operator": "事業者不明",
        "ref": "",
        "url": "",
        "url2": ""
      }
    },
    {
      "type": "Feature",
      "geometry": {
        "type": "Point",
        "coordinates": [
          130.9407452,
          33.3329776
        ]
      },
      "properties": {
        "内容": "バス停: 昭和学園前",
        "name": "昭和学園前",
        "operator": "事業者不明",
        "ref": "",
        "url": "",
        "url2": ""
      }
    },
    {
      "type": "Feature",
      "geometry": {
        "type": "Point",
        "coordinates": [
          130.9406642,
          33.3328019
        ]
      },
      "properties": {
        "内容": "バス停: 昭和学園前",
        "name": "昭和学園前",
        "operator": "事業者不明",
        "ref": "",
        "url": "",
        "url2": ""
      }
    },
    {
      "type": "Feature",
      "geometry": {
        "type": "Point",
        "coordinates": [
          130.9405912,
          33.3212004
        ]
      },
      "properties": {
        "内容": "バス停: 日田市役所前",
        "name": "日田市役所前",
        "operator": "事業者不明",
        "ref": "",
        "url": "",
        "url2": ""
      }
    },
    {
      "type": "Feature",
      "geometry": {
        "type": "Point",
        "coordinates": [
          130.9404184,
          33.3211568
        ]
      },
      "properties": {
        "内容": "バス停: 日田市役所前",
        "name": "日田市役所前",
        "operator": "事業者不明",
        "ref": "",
        "url": "",
        "url2": ""
      }
    },
    {
      "type": "Feature",
      "geometry": {
        "type": "Point",
        "coordinates": [
          130.9128499,
          33.3247581
        ]
      },
      "properties": {
        "内容": "バス停: 南友田",
        "name": "南友田",
        "operator": "事業者不明",
        "ref": "",
        "url": "",
        "url2": ""
      }
    },
    {
      "type": "Feature",
      "geometry": {
        "type": "Point",
        "coordinates": [
          130.9128247,
          33.3246454
        ]
      },
      "properties": {
        "内容": "バス停: 南友田",
        "name": "南友田",
        "operator": "事業者不明",
        "ref": "",
        "url": "",
        "url2": ""
      }
    },
    {
      "type": "Feature",
      "geometry": {
        "type": "Point",
        "coordinates": [
          130.9039465,
          33.3253811
        ]
      },
      "properties": {
        "内容": "バス停: 北友田",
        "name": "北友田",
        "operator": "事業者不明",
        "ref": "",
        "url": "",
        "url2": ""
      }
    },
    {
      "type": "Feature",
      "geometry": {
        "type": "Point",
        "coordinates": [
          130.9038541,
          33.3254426
        ]
      },
      "properties": {
        "内容": "バス停: 北友田",
        "name": "北友田",
        "operator": "事業者不明",
        "ref": "",
        "url": "",
        "url2": ""
      }
    },
    {
      "type": "Feature",
      "geometry": {
        "type": "Point",
        "coordinates": [
          130.8657298,
          33.3200284
        ]
      },
      "properties": {
        "内容": "バス停: 夜明",
        "name": "夜明",
        "operator": "事業者不明",
        "ref": "",
        "url": "",
        "url2": ""
      }
    },
    {
      "type": "Feature",
      "geometry": {
        "type": "Point",
        "coordinates": [
          130.86881,
          33.3252641
        ]
      },
      "properties": {
        "内容": "バス停: 祝原",
        "name": "祝原",
        "operator": "事業者不明",
        "ref": "",
        "url": "",
        "url2": ""
      }
    },
    {
      "type": "Feature",
      "geometry": {
        "type": "Point",
        "coordinates": [
          130.8688804,
          33.3252059
        ]
      },
      "properties": {
        "内容": "バス停: 祝原",
        "name": "祝原",
        "operator": "事業者不明",
        "ref": "",
        "url": "",
        "url2": ""
      }
    },
    {
      "type": "Feature",
      "geometry": {
        "type": "Point",
        "coordinates": [
          130.8724174,
          33.3317675
        ]
      },
      "properties": {
        "内容": "バス停: 上村",
        "name": "上村",
        "operator": "事業者不明",
        "ref": "",
        "url": "",
        "url2": ""
      }
    },
    {
      "type": "Feature",
      "geometry": {
        "type": "Point",
        "coordinates": [
          130.8723409,
          33.331777
        ]
      },
      "properties": {
        "内容": "バス停: 上村",
        "name": "上村",
        "operator": "事業者不明",
        "ref": "",
        "url": "",
        "url2": ""
      }
    },
    {
      "type": "Feature",
      "geometry": {
        "type": "Point",
        "coordinates": [
          130.8741803,
          33.3443307
        ]
      },
      "properties": {
        "内容": "バス停: 釘原",
        "name": "釘原",
        "operator": "事業者不明",
        "ref": "",
        "url": "",
        "url2": ""
      }
    },
    {
      "type": "Feature",
      "geometry": {
        "type": "Point",
        "coordinates": [
          130.8740944,
          33.3443323
        ]
      },
      "properties": {
        "内容": "バス停: 釘原",
        "name": "釘原",
        "operator": "事業者不明",
        "ref": "",
        "url": "",
        "url2": ""
      }
    },
    {
      "type": "Feature",
      "geometry": {
        "type": "Point",
        "coordinates": [
          130.8769141,
          33.352125
        ]
      },
      "properties": {
        "内容": "バス停: 伏尾",
        "name": "伏尾",
        "operator": "事業者不明",
        "ref": "",
        "url": "",
        "url2": ""
      }
    },
    {
      "type": "Feature",
      "geometry": {
        "type": "Point",
        "coordinates": [
          130.8768292,
          33.3521471
        ]
      },
      "properties": {
        "内容": "バス停: 伏尾",
        "name": "伏尾",
        "operator": "事業者不明",
        "ref": "",
        "url": "",
        "url2": ""
      }
    },
    {
      "type": "Feature",
      "geometry": {
        "type": "Point",
        "coordinates": [
          130.8792151,
          33.3593511
        ]
      },
      "properties": {
        "内容": "バス停: 方司口",
        "name": "方司口",
        "operator": "事業者不明",
        "ref": "",
        "url": "",
        "url2": ""
      }
    },
    {
      "type": "Feature",
      "geometry": {
        "type": "Point",
        "coordinates": [
          130.8791228,
          33.3593493
        ]
      },
      "properties": {
        "内容": "バス停: 方司口",
        "name": "方司口",
        "operator": "事業者不明",
        "ref": "",
        "url": "",
        "url2": ""
      }
    },
    {
      "type": "Feature",
      "geometry": {
        "type": "Point",
        "coordinates": [
          130.8819751,
          33.3651797
        ]
      },
      "properties": {
        "内容": "バス停: 大明小中学校前",
        "name": "大明小中学校前",
        "operator": "事業者不明",
        "ref": "",
        "url": "",
        "url2": ""
      }
    },
    {
      "type": "Feature",
      "geometry": {
        "type": "Point",
        "coordinates": [
          130.8818839,
          33.3652065
        ]
      },
      "properties": {
        "内容": "バス停: 大明小中学校前",
        "name": "大明小中学校前",
        "operator": "事業者不明",
        "ref": "",
        "url": "",
        "url2": ""
      }
    },
    {
      "type": "Feature",
      "geometry": {
        "type": "Point",
        "coordinates": [
          130.8842322,
          33.36806
        ]
      },
      "properties": {
        "内容": "バス停: 大鶴",
        "name": "大鶴",
        "operator": "事業者不明",
        "ref": "",
        "url": "",
        "url2": "Q8081780"
      }
    },
    {
      "type": "Feature",
      "geometry": {
        "type": "Point",
        "coordinates": [
          130.8844794,
          33.3680383
        ]
      },
      "properties": {
        "内容": "バス停: 大鶴",
        "name": "大鶴",
        "operator": "事業者不明",
        "ref": "",
        "url": "",
        "url2": "Q8081780"
      }
    },
    {
      "type": "Feature",
      "geometry": {
        "type": "Point",
        "coordinates": [
          130.8874277,
          33.370374
        ]
      },
      "properties": {
        "内容": "バス停: 名本",
        "name": "名本",
        "operator": "事業者不明",
        "ref": "",
        "url": "",
        "url2": ""
      }
    },
    {
      "type": "Feature",
      "geometry": {
        "type": "Point",
        "coordinates": [
          130.8873255,
          33.3707152
        ]
      },
      "properties": {
        "内容": "バス停: 名本",
        "name": "名本",
        "operator": "事業者不明",
        "ref": "",
        "url": "",
        "url2": ""
      }
    },
    {
      "type": "Feature",
      "geometry": {
        "type": "Point",
        "coordinates": [
          130.8855127,
          33.3734205
        ]
      },
      "properties": {
        "内容": "バス停: 竹本",
        "name": "竹本",
        "operator": "事業者不明",
        "ref": "",
        "url": "",
        "url2": ""
      }
    },
    {
      "type": "Feature",
      "geometry": {
        "type": "Point",
        "coordinates": [
          130.8854735,
          33.3733518
        ]
      },
      "properties": {
        "内容": "バス停: 竹本",
        "name": "竹本",
        "operator": "事業者不明",
        "ref": "",
        "url": "",
        "url2": ""
      }
    },
    {
      "type": "Feature",
      "geometry": {
        "type": "Point",
        "coordinates": [
          130.8810563,
          33.3765012
        ]
      },
      "properties": {
        "内容": "バス停: 吉竹",
        "name": "吉竹",
        "operator": "事業者不明",
        "ref": "",
        "url": "",
        "url2": ""
      }
    },
    {
      "type": "Feature",
      "geometry": {
        "type": "Point",
        "coordinates": [
          130.8811639,
          33.376513
        ]
      },
      "properties": {
        "内容": "バス停: 吉竹",
        "name": "吉竹",
        "operator": "事業者不明",
        "ref": "",
        "url": "",
        "url2": ""
      }
    },
    {
      "type": "Feature",
      "geometry": {
        "type": "Point",
        "coordinates": [
          131.5020257,
          33.3029686
        ]
      },
      "properties": {
        "内容": "バス停: 南須賀入口 (大分交通)",
        "name": "南須賀入口",
        "operator": "大分交通",
        "ref": "",
        "url": "",
        "url2": ""
      }
    },
    {
      "type": "Feature",
      "geometry": {
        "type": "Point",
        "coordinates": [
          131.5022946,
          33.3029049
        ]
      },
      "properties": {
        "内容": "バス停: 南須賀入口 (大分交通)",
        "name": "南須賀入口",
        "operator": "大分交通",
        "ref": "",
        "url": "",
        "url2": ""
      }
    },
    {
      "type": "Feature",
      "geometry": {
        "type": "Point",
        "coordinates": [
          131.5007324,
          33.3130199
        ]
      },
      "properties": {
        "内容": "バス停: 六勝園",
        "name": "六勝園",
        "operator": "事業者不明",
        "ref": "",
        "url": "",
        "url2": ""
      }
    },
    {
      "type": "Feature",
      "geometry": {
        "type": "Point",
        "coordinates": [
          131.4793429,
          33.2848663
        ]
      },
      "properties": {
        "内容": "バス停: 中津留",
        "name": "中津留",
        "operator": "事業者不明",
        "ref": "",
        "url": "",
        "url2": ""
      }
    },
    {
      "type": "Feature",
      "geometry": {
        "type": "Point",
        "coordinates": [
          131.4779212,
          33.2842237
        ]
      },
      "properties": {
        "内容": "バス停: 観海寺入口",
        "name": "観海寺入口",
        "operator": "事業者不明",
        "ref": "",
        "url": "",
        "url2": ""
      }
    },
    {
      "type": "Feature",
      "geometry": {
        "type": "Point",
        "coordinates": [
          131.5063413,
          33.2766683
        ]
      },
      "properties": {
        "内容": "バス停: 流川ゆめタウン前",
        "name": "流川ゆめタウン前",
        "operator": "事業者不明",
        "ref": "",
        "url": "",
        "url2": ""
      }
    },
    {
      "type": "Feature",
      "geometry": {
        "type": "Point",
        "coordinates": [
          131.4911099,
          33.2854837
        ]
      },
      "properties": {
        "内容": "バス停: 名称不明バス停",
        "name": "名称不明バス停",
        "operator": "事業者不明",
        "ref": "",
        "url": "",
        "url2": ""
      }
    },
    {
      "type": "Feature",
      "geometry": {
        "type": "Point",
        "coordinates": [
          131.5031635,
          33.2983046
        ]
      },
      "properties": {
        "内容": "バス停: 別府交通センター",
        "name": "別府交通センター",
        "operator": "事業者不明",
        "ref": "",
        "url": "",
        "url2": ""
      }
    },
    {
      "type": "Feature",
      "geometry": {
        "type": "Point",
        "coordinates": [
          131.4914644,
          33.2852595
        ]
      },
      "properties": {
        "内容": "バス停: 名称不明バス停",
        "name": "名称不明バス停",
        "operator": "事業者不明",
        "ref": "",
        "url": "",
        "url2": ""
      }
    },
    {
      "type": "Feature",
      "geometry": {
        "type": "Point",
        "coordinates": [
          131.4930731,
          33.2855077
        ]
      },
      "properties": {
        "内容": "バス停: 名称不明バス停",
        "name": "名称不明バス停",
        "operator": "事業者不明",
        "ref": "",
        "url": "",
        "url2": ""
      }
    },
    {
      "type": "Feature",
      "geometry": {
        "type": "Point",
        "coordinates": [
          131.492894,
          33.2856876
        ]
      },
      "properties": {
        "内容": "バス停: 名称不明バス停",
        "name": "名称不明バス停",
        "operator": "事業者不明",
        "ref": "",
        "url": "",
        "url2": ""
      }
    },
    {
      "type": "Feature",
      "geometry": {
        "type": "Point",
        "coordinates": [
          131.4927559,
          33.2880774
        ]
      },
      "properties": {
        "内容": "バス停: 名称不明バス停",
        "name": "名称不明バス停",
        "operator": "事業者不明",
        "ref": "",
        "url": "",
        "url2": ""
      }
    },
    {
      "type": "Feature",
      "geometry": {
        "type": "Point",
        "coordinates": [
          131.4926273,
          33.2880751
        ]
      },
      "properties": {
        "内容": "バス停: 名称不明バス停",
        "name": "名称不明バス停",
        "operator": "事業者不明",
        "ref": "",
        "url": "",
        "url2": ""
      }
    },
    {
      "type": "Feature",
      "geometry": {
        "type": "Point",
        "coordinates": [
          131.5016649,
          33.3090691
        ]
      },
      "properties": {
        "内容": "バス停: 名称不明バス停",
        "name": "名称不明バス停",
        "operator": "事業者不明",
        "ref": "",
        "url": "",
        "url2": ""
      }
    },
    {
      "type": "Feature",
      "geometry": {
        "type": "Point",
        "coordinates": [
          131.5019585,
          33.306568
        ]
      },
      "properties": {
        "内容": "バス停: 名称不明バス停",
        "name": "名称不明バス停",
        "operator": "事業者不明",
        "ref": "",
        "url": "",
        "url2": ""
      }
    },
    {
      "type": "Feature",
      "geometry": {
        "type": "Point",
        "coordinates": [
          131.5019529,
          33.3088847
        ]
      },
      "properties": {
        "内容": "バス停: 名称不明バス停",
        "name": "名称不明バス停",
        "operator": "事業者不明",
        "ref": "",
        "url": "",
        "url2": ""
      }
    },
    {
      "type": "Feature",
      "geometry": {
        "type": "Point",
        "coordinates": [
          131.5926254,
          33.2258283
        ]
      },
      "properties": {
        "内容": "バス停: 名称不明バス停",
        "name": "名称不明バス停",
        "operator": "事業者不明",
        "ref": "",
        "url": "",
        "url2": ""
      }
    },
    {
      "type": "Feature",
      "geometry": {
        "type": "Point",
        "coordinates": [
          131.5028152,
          33.29865
        ]
      },
      "properties": {
        "内容": "バス停: 別府交通センター",
        "name": "別府交通センター",
        "operator": "事業者不明",
        "ref": "",
        "url": "",
        "url2": ""
      }
    },
    {
      "type": "Feature",
      "geometry": {
        "type": "Point",
        "coordinates": [
          131.5027401,
          33.2984376
        ]
      },
      "properties": {
        "内容": "バス停: 別府交通センター",
        "name": "別府交通センター",
        "operator": "事業者不明",
        "ref": "",
        "url": "",
        "url2": ""
      }
    },
    {
      "type": "Feature",
      "geometry": {
        "type": "Point",
        "coordinates": [
          131.5038009,
          33.305192
        ]
      },
      "properties": {
        "内容": "バス停: 名称不明バス停",
        "name": "名称不明バス停",
        "operator": "事業者不明",
        "ref": "",
        "url": "",
        "url2": ""
      }
    },
    {
      "type": "Feature",
      "geometry": {
        "type": "Point",
        "coordinates": [
          131.6071866,
          33.2337587
        ]
      },
      "properties": {
        "内容": "バス停: 大分駅",
        "name": "大分駅",
        "operator": "事業者不明",
        "ref": "",
        "url": "",
        "url2": ""
      }
    },
    {
      "type": "Feature",
      "geometry": {
        "type": "Point",
        "coordinates": [
          131.7323425,
          33.4759119
        ]
      },
      "properties": {
        "内容": "バス停: 大分空港4",
        "name": "大分空港4",
        "operator": "事業者不明",
        "ref": "",
        "url": "",
        "url2": ""
      }
    },
    {
      "type": "Feature",
      "geometry": {
        "type": "Point",
        "coordinates": [
          131.7323438,
          33.4760864
        ]
      },
      "properties": {
        "内容": "バス停: 大分空港3",
        "name": "大分空港3",
        "operator": "事業者不明",
        "ref": "",
        "url": "",
        "url2": ""
      }
    },
    {
      "type": "Feature",
      "geometry": {
        "type": "Point",
        "coordinates": [
          131.7323466,
          33.4764847
        ]
      },
      "properties": {
        "内容": "バス停: 大分空港1",
        "name": "大分空港1",
        "operator": "事業者不明",
        "ref": "",
        "url": "",
        "url2": ""
      }
    },
    {
      "type": "Feature",
      "geometry": {
        "type": "Point",
        "coordinates": [
          131.7323451,
          33.4762789
        ]
      },
      "properties": {
        "内容": "バス停: 大分空港2",
        "name": "大分空港2",
        "operator": "事業者不明",
        "ref": "",
        "url": "",
        "url2": ""
      }
    },
    {
      "type": "Feature",
      "geometry": {
        "type": "Point",
        "coordinates": [
          131.8736929,
          33.2490289
        ]
      },
      "properties": {
        "内容": "バス停: 佐賀関",
        "name": "佐賀関",
        "operator": "事業者不明",
        "ref": "",
        "url": "",
        "url2": ""
      }
    },
    {
      "type": "Feature",
      "geometry": {
        "type": "Point",
        "coordinates": [
          131.5021694,
          33.2952222
        ]
      },
      "properties": {
        "内容": "バス停: 別府郵便局前",
        "name": "別府郵便局前",
        "operator": "事業者不明",
        "ref": "",
        "url": "",
        "url2": ""
      }
    },
    {
      "type": "Feature",
      "geometry": {
        "type": "Point",
        "coordinates": [
          131.5024251,
          33.2950669
        ]
      },
      "properties": {
        "内容": "バス停: 別府郵便局前",
        "name": "別府郵便局前",
        "operator": "事業者不明",
        "ref": "",
        "url": "",
        "url2": ""
      }
    },
    {
      "type": "Feature",
      "geometry": {
        "type": "Point",
        "coordinates": [
          131.5064677,
          33.2797531
        ]
      },
      "properties": {
        "内容": "バス停: 大分交通別府北浜バスのりば",
        "name": "大分交通別府北浜バスのりば",
        "operator": "事業者不明",
        "ref": "",
        "url": "",
        "url2": ""
      }
    },
    {
      "type": "Feature",
      "geometry": {
        "type": "Point",
        "coordinates": [
          131.5061967,
          33.2803752
        ]
      },
      "properties": {
        "内容": "バス停: 別府北浜3",
        "name": "別府北浜3",
        "operator": "事業者不明",
        "ref": "",
        "url": "",
        "url2": ""
      }
    },
    {
      "type": "Feature",
      "geometry": {
        "type": "Point",
        "coordinates": [
          131.5053304,
          33.2822676
        ]
      },
      "properties": {
        "内容": "バス停: 別府タワー前",
        "name": "別府タワー前",
        "operator": "事業者不明",
        "ref": "",
        "url": "",
        "url2": ""
      }
    },
    {
      "type": "Feature",
      "geometry": {
        "type": "Point",
        "coordinates": [
          131.5039565,
          33.2879675
        ]
      },
      "properties": {
        "内容": "バス停: 京町",
        "name": "京町",
        "operator": "事業者不明",
        "ref": "",
        "url": "",
        "url2": ""
      }
    },
    {
      "type": "Feature",
      "geometry": {
        "type": "Point",
        "coordinates": [
          131.5045948,
          33.2845558
        ]
      },
      "properties": {
        "内容": "バス停: 的ヶ浜公園前",
        "name": "的ヶ浜公園前",
        "operator": "事業者不明",
        "ref": "",
        "url": "",
        "url2": ""
      }
    },
    {
      "type": "Feature",
      "geometry": {
        "type": "Point",
        "coordinates": [
          131.5078601,
          33.2731352
        ]
      },
      "properties": {
        "内容": "バス停: なかよし公園前",
        "name": "なかよし公園前",
        "operator": "事業者不明",
        "ref": "",
        "url": "",
        "url2": ""
      }
    },
    {
      "type": "Feature",
      "geometry": {
        "type": "Point",
        "coordinates": [
          131.5074333,
          33.2733707
        ]
      },
      "properties": {
        "内容": "バス停: なかよし公園前",
        "name": "なかよし公園前",
        "operator": "事業者不明",
        "ref": "",
        "url": "",
        "url2": ""
      }
    },
    {
      "type": "Feature",
      "geometry": {
        "type": "Point",
        "coordinates": [
          131.5074165,
          33.274329
        ]
      },
      "properties": {
        "内容": "バス停: 別府浜町",
        "name": "別府浜町",
        "operator": "事業者不明",
        "ref": "",
        "url": "",
        "url2": ""
      }
    },
    {
      "type": "Feature",
      "geometry": {
        "type": "Point",
        "coordinates": [
          131.5069927,
          33.2748392
        ]
      },
      "properties": {
        "内容": "バス停: 別府浜町",
        "name": "別府浜町",
        "operator": "事業者不明",
        "ref": "",
        "url": "",
        "url2": ""
      }
    },
    {
      "type": "Feature",
      "geometry": {
        "type": "Point",
        "coordinates": [
          131.5070916,
          33.2764128
        ]
      },
      "properties": {
        "内容": "バス停: 流川ゆめタウン前",
        "name": "流川ゆめタウン前",
        "operator": "事業者不明",
        "ref": "",
        "url": "",
        "url2": ""
      }
    },
    {
      "type": "Feature",
      "geometry": {
        "type": "Point",
        "coordinates": [
          131.5066632,
          33.2772439
        ]
      },
      "properties": {
        "内容": "バス停: 流川ゆめタウン前",
        "name": "流川ゆめタウン前",
        "operator": "事業者不明",
        "ref": "",
        "url": "",
        "url2": ""
      }
    },
    {
      "type": "Feature",
      "geometry": {
        "type": "Point",
        "coordinates": [
          131.5108001,
          33.2682251
        ]
      },
      "properties": {
        "内容": "バス停: 東別府駅前",
        "name": "東別府駅前",
        "operator": "事業者不明",
        "ref": "",
        "url": "",
        "url2": ""
      }
    },
    {
      "type": "Feature",
      "geometry": {
        "type": "Point",
        "coordinates": [
          131.510955,
          33.2684387
        ]
      },
      "properties": {
        "内容": "バス停: 東別府駅前",
        "name": "東別府駅前",
        "operator": "事業者不明",
        "ref": "",
        "url": "",
        "url2": ""
      }
    },
    {
      "type": "Feature",
      "geometry": {
        "type": "Point",
        "coordinates": [
          131.5092478,
          33.2706045
        ]
      },
      "properties": {
        "内容": "バス停: 浜脇",
        "name": "浜脇",
        "operator": "事業者不明",
        "ref": "",
        "url": "",
        "url2": ""
      }
    },
    {
      "type": "Feature",
      "geometry": {
        "type": "Point",
        "coordinates": [
          131.5096515,
          33.2705336
        ]
      },
      "properties": {
        "内容": "バス停: 浜脇",
        "name": "浜脇",
        "operator": "事業者不明",
        "ref": "",
        "url": "",
        "url2": ""
      }
    },
    {
      "type": "Feature",
      "geometry": {
        "type": "Point",
        "coordinates": [
          131.5053294,
          33.2767189
        ]
      },
      "properties": {
        "内容": "バス停: 流川２丁目",
        "name": "流川２丁目",
        "operator": "事業者不明",
        "ref": "",
        "url": "",
        "url2": ""
      }
    },
    {
      "type": "Feature",
      "geometry": {
        "type": "Point",
        "coordinates": [
          131.5042609,
          33.2765207
        ]
      },
      "properties": {
        "内容": "バス停: 流川２丁目",
        "name": "流川２丁目",
        "operator": "事業者不明",
        "ref": "",
        "url": "",
        "url2": ""
      }
    },
    {
      "type": "Feature",
      "geometry": {
        "type": "Point",
        "coordinates": [
          131.4999215,
          33.2761246
        ]
      },
      "properties": {
        "内容": "バス停: 流川６丁目・不老泉",
        "name": "流川６丁目・不老泉",
        "operator": "事業者不明",
        "ref": "",
        "url": "",
        "url2": ""
      }
    },
    {
      "type": "Feature",
      "geometry": {
        "type": "Point",
        "coordinates": [
          131.5005067,
          33.2762874
        ]
      },
      "properties": {
        "内容": "バス停: 流川６丁目・不老泉",
        "name": "流川６丁目・不老泉",
        "operator": "事業者不明",
        "ref": "",
        "url": "",
        "url2": ""
      }
    },
    {
      "type": "Feature",
      "geometry": {
        "type": "Point",
        "coordinates": [
          131.5010731,
          33.2762276
        ]
      },
      "properties": {
        "内容": "バス停: 流川５丁目",
        "name": "流川５丁目",
        "operator": "事業者不明",
        "ref": "",
        "url": "",
        "url2": ""
      }
    },
    {
      "type": "Feature",
      "geometry": {
        "type": "Point",
        "coordinates": [
          131.5022144,
          33.2764333
        ]
      },
      "properties": {
        "内容": "バス停: 流川５丁目",
        "name": "流川５丁目",
        "operator": "事業者不明",
        "ref": "",
        "url": "",
        "url2": ""
      }
    },
    {
      "type": "Feature",
      "geometry": {
        "type": "Point",
        "coordinates": [
          131.5331184,
          33.2591901
        ]
      },
      "properties": {
        "内容": "バス停: 高崎山",
        "name": "高崎山",
        "operator": "事業者不明",
        "ref": "",
        "url": "",
        "url2": ""
      }
    },
    {
      "type": "Feature",
      "geometry": {
        "type": "Point",
        "coordinates": [
          131.5189701,
          33.2651388
        ]
      },
      "properties": {
        "内容": "バス停: 両郡橋",
        "name": "両郡橋",
        "operator": "事業者不明",
        "ref": "",
        "url": "",
        "url2": ""
      }
    },
    {
      "type": "Feature",
      "geometry": {
        "type": "Point",
        "coordinates": [
          131.5167598,
          33.2652275
        ]
      },
      "properties": {
        "内容": "バス停: 両郡橋",
        "name": "両郡橋",
        "operator": "事業者不明",
        "ref": "",
        "url": "",
        "url2": ""
      }
    },
    {
      "type": "Feature",
      "geometry": {
        "type": "Point",
        "coordinates": [
          131.4986936,
          33.2726095
        ]
      },
      "properties": {
        "内容": "バス停: 御幸橋",
        "name": "御幸橋",
        "operator": "事業者不明",
        "ref": "",
        "url": "",
        "url2": ""
      }
    },
    {
      "type": "Feature",
      "geometry": {
        "type": "Point",
        "coordinates": [
          131.504354,
          33.2721331
        ]
      },
      "properties": {
        "内容": "バス停: 南町",
        "name": "南町",
        "operator": "事業者不明",
        "ref": "",
        "url": "",
        "url2": ""
      }
    },
    {
      "type": "Feature",
      "geometry": {
        "type": "Point",
        "coordinates": [
          131.5012829,
          33.2729251
        ]
      },
      "properties": {
        "内容": "バス停: 永石６丁目",
        "name": "永石６丁目",
        "operator": "事業者不明",
        "ref": "",
        "url": "",
        "url2": ""
      }
    },
    {
      "type": "Feature",
      "geometry": {
        "type": "Point",
        "coordinates": [
          131.4817984,
          33.3022677
        ]
      },
      "properties": {
        "内容": "バス停: 平和記念塔入口",
        "name": "平和記念塔入口",
        "operator": "事業者不明",
        "ref": "",
        "url": "",
        "url2": ""
      }
    },
    {
      "type": "Feature",
      "geometry": {
        "type": "Point",
        "coordinates": [
          131.481909,
          33.3021691
        ]
      },
      "properties": {
        "内容": "バス停: 平和記念塔入口",
        "name": "平和記念塔入口",
        "operator": "事業者不明",
        "ref": "",
        "url": "",
        "url2": ""
      }
    },
    {
      "type": "Feature",
      "geometry": {
        "type": "Point",
        "coordinates": [
          131.4828062,
          33.2977199
        ]
      },
      "properties": {
        "内容": "バス停: 南原",
        "name": "南原",
        "operator": "事業者不明",
        "ref": "",
        "url": "",
        "url2": ""
      }
    },
    {
      "type": "Feature",
      "geometry": {
        "type": "Point",
        "coordinates": [
          131.4829313,
          33.2977286
        ]
      },
      "properties": {
        "内容": "バス停: 南原",
        "name": "南原",
        "operator": "事業者不明",
        "ref": "",
        "url": "",
        "url2": ""
      }
    },
    {
      "type": "Feature",
      "geometry": {
        "type": "Point",
        "coordinates": [
          131.4870874,
          33.2975359
        ]
      },
      "properties": {
        "内容": "バス停: 市営サッカー場前",
        "name": "市営サッカー場前",
        "operator": "事業者不明",
        "ref": "",
        "url": "",
        "url2": ""
      }
    },
    {
      "type": "Feature",
      "geometry": {
        "type": "Point",
        "coordinates": [
          131.4847468,
          33.2983715
        ]
      },
      "properties": {
        "内容": "バス停: 竹細工伝産会館前",
        "name": "竹細工伝産会館前",
        "operator": "事業者不明",
        "ref": "",
        "url": "",
        "url2": ""
      }
    },
    {
      "type": "Feature",
      "geometry": {
        "type": "Point",
        "coordinates": [
          131.5965758,
          33.2126441
        ]
      },
      "properties": {
        "内容": "バス停: 羽屋新町",
        "name": "羽屋新町",
        "operator": "事業者不明",
        "ref": "",
        "url": "",
        "url2": ""
      }
    },
    {
      "type": "Feature",
      "geometry": {
        "type": "Point",
        "coordinates": [
          131.5968181,
          33.212683
        ]
      },
      "properties": {
        "内容": "バス停: 羽屋新町",
        "name": "羽屋新町",
        "operator": "事業者不明",
        "ref": "",
        "url": "",
        "url2": ""
      }
    },
    {
      "type": "Feature",
      "geometry": {
        "type": "Point",
        "coordinates": [
          131.5030674,
          33.2731329
        ]
      },
      "properties": {
        "内容": "バス停: 永石温泉前",
        "name": "永石温泉前",
        "operator": "事業者不明",
        "ref": "",
        "url": "",
        "url2": ""
      }
    },
    {
      "type": "Feature",
      "geometry": {
        "type": "Point",
        "coordinates": [
          131.5955652,
          33.2134978
        ]
      },
      "properties": {
        "内容": "バス停: 羽屋入口",
        "name": "羽屋入口",
        "operator": "事業者不明",
        "ref": "",
        "url": "",
        "url2": ""
      }
    },
    {
      "type": "Feature",
      "geometry": {
        "type": "Point",
        "coordinates": [
          131.4746365,
          33.3139666
        ]
      },
      "properties": {
        "内容": "バス停: 鉄輪 (九州横断バス)",
        "name": "鉄輪",
        "operator": "九州横断バス",
        "ref": "",
        "url": "",
        "url2": ""
      }
    },
    {
      "type": "Feature",
      "geometry": {
        "type": "Point",
        "coordinates": [
          131.5951693,
          33.2174103
        ]
      },
      "properties": {
        "内容": "バス停: 南太平寺",
        "name": "南太平寺",
        "operator": "事業者不明",
        "ref": "",
        "url": "",
        "url2": ""
      }
    },
    {
      "type": "Feature",
      "geometry": {
        "type": "Point",
        "coordinates": [
          131.5958899,
          33.2273426
        ]
      },
      "properties": {
        "内容": "バス停: 名称不明バス停",
        "name": "名称不明バス停",
        "operator": "事業者不明",
        "ref": "",
        "url": "",
        "url2": ""
      }
    },
    {
      "type": "Feature",
      "geometry": {
        "type": "Point",
        "coordinates": [
          131.5083439,
          33.2695303
        ]
      },
      "properties": {
        "内容": "バス停: Yutopia Hamawaki",
        "name": "Yutopia Hamawaki",
        "operator": "事業者不明",
        "ref": "",
        "url": "",
        "url2": ""
      }
    },
    {
      "type": "Feature",
      "geometry": {
        "type": "Point",
        "coordinates": [
          131.5954707,
          33.2137151
        ]
      },
      "properties": {
        "内容": "バス停: 羽屋入口",
        "name": "羽屋入口",
        "operator": "事業者不明",
        "ref": "",
        "url": "",
        "url2": ""
      }
    },
    {
      "type": "Feature",
      "geometry": {
        "type": "Point",
        "coordinates": [
          131.5969661,
          33.2294711
        ]
      },
      "properties": {
        "内容": "バス停: 名称不明バス停",
        "name": "名称不明バス停",
        "operator": "事業者不明",
        "ref": "",
        "url": "",
        "url2": ""
      }
    },
    {
      "type": "Feature",
      "geometry": {
        "type": "Point",
        "coordinates": [
          131.5933109,
          33.2484065
        ]
      },
      "properties": {
        "内容": "バス停: 名称不明バス停",
        "name": "名称不明バス停",
        "operator": "事業者不明",
        "ref": "",
        "url": "",
        "url2": ""
      }
    },
    {
      "type": "Feature",
      "geometry": {
        "type": "Point",
        "coordinates": [
          131.5909889,
          33.2118833
        ]
      },
      "properties": {
        "内容": "バス停: 名称不明バス停",
        "name": "名称不明バス停",
        "operator": "事業者不明",
        "ref": "",
        "url": "",
        "url2": ""
      }
    },
    {
      "type": "Feature",
      "geometry": {
        "type": "Point",
        "coordinates": [
          131.5702532,
          33.1872488
        ]
      },
      "properties": {
        "内容": "バス停: 名称不明バス停",
        "name": "名称不明バス停",
        "operator": "事業者不明",
        "ref": "",
        "url": "",
        "url2": ""
      }
    },
    {
      "type": "Feature",
      "geometry": {
        "type": "Point",
        "coordinates": [
          131.5704096,
          33.1875094
        ]
      },
      "properties": {
        "内容": "バス停: 稙田農協前",
        "name": "稙田農協前",
        "operator": "事業者不明",
        "ref": "",
        "url": "",
        "url2": ""
      }
    },
    {
      "type": "Feature",
      "geometry": {
        "type": "Point",
        "coordinates": [
          131.577882,
          33.1885808
        ]
      },
      "properties": {
        "内容": "バス停: 稙田市民行政センター",
        "name": "稙田市民行政センター",
        "operator": "事業者不明",
        "ref": "",
        "url": "",
        "url2": ""
      }
    },
    {
      "type": "Feature",
      "geometry": {
        "type": "Point",
        "coordinates": [
          131.5021272,
          33.2503647
        ]
      },
      "properties": {
        "内容": "バス停: 鳥越峠",
        "name": "鳥越峠",
        "operator": "事業者不明",
        "ref": "",
        "url": "",
        "url2": ""
      }
    },
    {
      "type": "Feature",
      "geometry": {
        "type": "Point",
        "coordinates": [
          131.5998322,
          33.2088473
        ]
      },
      "properties": {
        "内容": "バス停: 県立病院入口",
        "name": "県立病院入口",
        "operator": "事業者不明",
        "ref": "",
        "url": "",
        "url2": ""
      }
    },
    {
      "type": "Feature",
      "geometry": {
        "type": "Point",
        "coordinates": [
          131.5059125,
          33.2668408
        ]
      },
      "properties": {
        "内容": "バス停: 河内",
        "name": "河内",
        "operator": "事業者不明",
        "ref": "",
        "url": "",
        "url2": ""
      }
    },
    {
      "type": "Feature",
      "geometry": {
        "type": "Point",
        "coordinates": [
          131.6070215,
          33.2343775
        ]
      },
      "properties": {
        "内容": "バス停: 大分駅前4",
        "name": "大分駅前4",
        "operator": "事業者不明",
        "ref": "",
        "url": "",
        "url2": ""
      }
    },
    {
      "type": "Feature",
      "geometry": {
        "type": "Point",
        "coordinates": [
          131.6068543,
          33.2342449
        ]
      },
      "properties": {
        "内容": "バス停: 大分駅前5",
        "name": "大分駅前5",
        "operator": "事業者不明",
        "ref": "",
        "url": "",
        "url2": ""
      }
    },
    {
      "type": "Feature",
      "geometry": {
        "type": "Point",
        "coordinates": [
          131.6067384,
          33.2340897
        ]
      },
      "properties": {
        "内容": "バス停: 大分駅前6",
        "name": "大分駅前6",
        "operator": "事業者不明",
        "ref": "",
        "url": "",
        "url2": ""
      }
    },
    {
      "type": "Feature",
      "geometry": {
        "type": "Point",
        "coordinates": [
          131.6066632,
          33.2339053
        ]
      },
      "properties": {
        "内容": "バス停: 大分駅前7",
        "name": "大分駅前7",
        "operator": "事業者不明",
        "ref": "",
        "url": "",
        "url2": ""
      }
    },
    {
      "type": "Feature",
      "geometry": {
        "type": "Point",
        "coordinates": [
          131.5913533,
          33.215263
        ]
      },
      "properties": {
        "内容": "バス停: 三ヶ田町",
        "name": "三ヶ田町",
        "operator": "事業者不明",
        "ref": "",
        "url": "",
        "url2": ""
      }
    },
    {
      "type": "Feature",
      "geometry": {
        "type": "Point",
        "coordinates": [
          131.5928841,
          33.2166469
        ]
      },
      "properties": {
        "内容": "バス停: 名称不明バス停",
        "name": "名称不明バス停",
        "operator": "事業者不明",
        "ref": "",
        "url": "",
        "url2": ""
      }
    },
    {
      "type": "Feature",
      "geometry": {
        "type": "Point",
        "coordinates": [
          131.5973383,
          33.2161736
        ]
      },
      "properties": {
        "内容": "バス停: 名称不明バス停",
        "name": "名称不明バス停",
        "operator": "事業者不明",
        "ref": "",
        "url": "",
        "url2": ""
      }
    },
    {
      "type": "Feature",
      "geometry": {
        "type": "Point",
        "coordinates": [
          131.4685681,
          33.291243
        ]
      },
      "properties": {
        "内容": "バス停: 名称不明バス停",
        "name": "名称不明バス停",
        "operator": "事業者不明",
        "ref": "",
        "url": "",
        "url2": ""
      }
    },
    {
      "type": "Feature",
      "geometry": {
        "type": "Point",
        "coordinates": [
          131.4686464,
          33.2916706
        ]
      },
      "properties": {
        "内容": "バス停: 名称不明バス停",
        "name": "名称不明バス停",
        "operator": "事業者不明",
        "ref": "",
        "url": "",
        "url2": ""
      }
    },
    {
      "type": "Feature",
      "geometry": {
        "type": "Point",
        "coordinates": [
          131.6025819,
          33.2231848
        ]
      },
      "properties": {
        "内容": "バス停: 名称不明バス停",
        "name": "名称不明バス停",
        "operator": "事業者不明",
        "ref": "",
        "url": "",
        "url2": ""
      }
    },
    {
      "type": "Feature",
      "geometry": {
        "type": "Point",
        "coordinates": [
          131.5650763,
          33.6790598
        ]
      },
      "properties": {
        "内容": "バス停: 竹田津港",
        "name": "竹田津港",
        "operator": "事業者不明",
        "ref": "",
        "url": "",
        "url2": ""
      }
    },
    {
      "type": "Feature",
      "geometry": {
        "type": "Point",
        "coordinates": [
          131.5922138,
          33.2437077
        ]
      },
      "properties": {
        "内容": "バス停: 名称不明バス停",
        "name": "名称不明バス停",
        "operator": "事業者不明",
        "ref": "",
        "url": "",
        "url2": ""
      }
    },
    {
      "type": "Feature",
      "geometry": {
        "type": "Point",
        "coordinates": [
          131.5925608,
          33.241473
        ]
      },
      "properties": {
        "内容": "バス停: 駄の原豊和銀行前",
        "name": "駄の原豊和銀行前",
        "operator": "事業者不明",
        "ref": "",
        "url": "",
        "url2": ""
      }
    },
    {
      "type": "Feature",
      "geometry": {
        "type": "Point",
        "coordinates": [
          131.4913763,
          33.2969715
        ]
      },
      "properties": {
        "内容": "バス停: 鶴見病院東口",
        "name": "鶴見病院東口",
        "operator": "事業者不明",
        "ref": "",
        "url": "",
        "url2": ""
      }
    },
    {
      "type": "Feature",
      "geometry": {
        "type": "Point",
        "coordinates": [
          131.4913341,
          33.2969664
        ]
      },
      "properties": {
        "内容": "バス停: 名称不明バス停",
        "name": "名称不明バス停",
        "operator": "事業者不明",
        "ref": "",
        "url": "",
        "url2": ""
      }
    }
  ]
}